Date,Close,High,Low,Open,Volume,dist_ema_10,dist_ema_21,dist_ema_50,dist_ema_200,spread_ema_10_21,spread_ema_21_50,spread_ema_50_200,rsi_7,rsi_14,rsi_28,adx_14,natr_5,natr_14,natr_21,gk_vol_21,vol_zscore_5,vol_zscore_20,dist_ema_10_roc_1d,dist_ema_10_roc_5d,dist_ema_21_roc_1d,dist_ema_21_roc_5d,dist_ema_50_roc_1d,dist_ema_50_roc_5d,dist_ema_200_roc_1d,dist_ema_200_roc_5d,rsi_14_roc_1d,rsi_14_roc_5d,adx_14_roc_1d,adx_14_roc_5d,natr_14_roc_1d,natr_14_roc_5d,gk_vol_21_roc_1d,gk_vol_21_roc_5d
2021-02-08,15115.7998046875,15159.900390625,15041.0498046875,15064.2998046875,671200,0.03265393568043956,0.044811764959531514,0.057631900402349875,0.07145152777047731,0.011773382019873749,0.012270282430553338,0.013066575774492144,74.54225517973214,67.97524984277052,65.57552231417137,0.0,1.8554245078035727,1.5873453545700058,1.3583122323898336,0.010272976394635465,-1.7353290454678685,-0.6911985146145412,0.00563345151152932,0.02376932864134701,0.008596556616967815,0.03955048952529213,0.010940322523336356,0.04915930736370322,0.012817391818757351,0.056321555673636156,3.2140892393420586,15.860831386903286,0.0,0.0,-0.022584201718134578,-0.03687335497726707,1.9536109861774745e-05,0.0004934874957648015
2021-02-09,15109.2998046875,15257.099609375,15064.2998046875,15164.150390625,713300,0.026200101763091944,0.040167535002271694,0.05481196333993158,0.0702348008173361,0.013610828156402056,0.01407891310280887,0.014621409325478275,74.10651714224534,67.74943196620708,65.41803146506683,0.0,1.7401849697713059,1.5657429272871206,1.3549507401068432,0.010362484372576211,-0.8790361504331858,-0.3670327721852916,-0.006453833917347617,-0.002082517230937442,-0.00464422995725982,0.01200170624312609,-0.0028199370624182943,0.021840305094841098,-0.0012167269531412062,0.029469395842353308,-0.22581787656343977,7.851845435749695,0.0,0.0,-0.021602427282885195,-0.12438961980599172,8.950797794074657e-05,0.0003345625917843386
2021-02-10,15106.5,15168.25,14977.2001953125,15119.0498046875,624800,0.02118069754818491,0.03620913016860622,0.05236252814056592,0.06929131448036524,0.014716722179046269,0.015588936153584464,0.016086458693764995,73.8894637242048,67.64518978518774,65.34792565383239,0.0,1.6453432120516716,1.544508331038208,1.3508915888490136,0.010473354559783918,-1.0336617923958886,-1.0010831377920937,-0.005019404214907035,-0.009905162505656446,-0.003958404833665476,0.0016560343310769235,-0.0024494351993656627,0.01112539635004614,-0.0009434863369708613,0.018960877877035397,-0.10424218101934457,5.199917728043523,0.0,0.0,-0.021234596248912663,-0.15214771407637406,0.0001108701872077067,0.0002008497299055955
2021-02-11,15173.2998046875,15188.5,15065.400390625,15073.25,500100,0.020926460939075592,0.036945874835773426,0.054657863844407774,0.07322919195462485,0.01569105563388253,0.017080919494896,0.017608865156062473,75.85772465196695,68.8756573186508,66.24300603351779,0.0,1.4727379186749743,1.4858217175521038,1.319532280194554,0.010409074255545858,-1.1857090904587215,-1.7883680305100558,-0.0002542366091093165,-0.010318086908734023,0.0007367446671672079,-0.0010427129152487183,0.0022953357038418554,0.00797733846965204,0.00393787747425961,0.01600072384942984,1.230467533463056,4.611744531361481,0.0,0.0,-0.058686613486104156,-0.17386689590453352,-6.428030423805998e-05,6.740943355704014e-05
2021-02-12,15163.2998046875,15243.5,15081.0,15186.2001953125,571800,0.01651034214939722,0.0328575668010476,0.051737115765587406,0.07174849245087087,0.016081710115299363,0.0182789472347221,0.019026975833896138,74.87199486349039,68.45594476263621,65.97842796720363,0.0,1.3933006305460236,1.4571490887393115,1.308557922132887,0.01030507281881625,-0.5313690326170106,-1.1721038247427304,-0.004416118789678371,-0.01051014201951302,-0.004088308034725825,-0.0033576415415160973,-0.0029207480788203677,0.0050455378865738865,-0.001480699503753985,0.013114356499150909,-0.4197125560145878,3.6947841592077424,0.0,0.0,-0.02867262881279231,-0.1527804675488289,-0.00010400143672960847,5.163253404255955e-05
2021-02-15,15314.7001953125,15340.150390625,15243.400390625,15270.2998046875,456000,0.021707385264309553,0.03909230511194071,0.059652039469794,0.08156223006968287,0.017015556604921454,0.019786244452689318,0.02067677858748031,79.56285145521021,71.30681017851609,67.986016845007,0.0,1.334576557249839,1.4221747038086137,1.2889146811301544,0.010235392811087454,-1.1524031966873594,-1.7827111656201806,0.0051970431149123315,-0.010946550416130008,0.0062347383108931065,-0.005719459847590806,0.007914923704206593,0.002020139067444124,0.009813737618812005,0.010110702299205562,2.8508654158798805,3.3315603357455643,0.0,0.0,-0.03497438493069782,-0.16517065076139215,-6.968000772879582e-05,-3.7583583548011015e-05
2021-02-16,15313.4501953125,15431.75,15242.2001953125,15371.4501953125,648500,0.017623070071575122,0.03533605123446197,0.05709627436995974,0.08059792625296032,0.017406229952747626,0.02101754605140274,0.02223227198204611,79.42004295165393,71.24955575416723,67.9516849387223,0.0,1.3153082895384598,1.4091128405800533,1.2865808241981513,0.010136356453797558,1.0828377661385564,-0.36296647397835163,-0.004084315192734431,-0.008577031691516822,-0.0037562538774787366,-0.004831483767809723,-0.0025557650998342604,0.0022843110300281577,-0.0009643038167225504,0.010363125435624218,-0.05725442434885508,3.500123787960149,0.0,0.0,-0.0130618632285604,-0.15663008670706735,-9.903635728989585e-05,-0.00022612791877865343
2021-02-17,15208.900390625,15314.2998046875,15170.75,15279.900390625,504800,0.008717524628658215,0.025631842998069296,0.047829539747455185,0.07243900303887275,0.01676814168132728,0.021642948101629558,0.023486132388812843,67.58304698913197,66.44412290986853,65.10021860891852,0.0,1.248250826346095,1.3848747577526965,1.2786836199343128,0.010031328832753527,-0.41827290774189074,-1.3530735359895585,-0.008905545442916907,-0.012463172919526694,-0.009704208236392675,-0.010577287170536923,-0.009266734622504554,-0.004532988393110733,-0.008158923214087566,0.0031476885585075137,-4.805432844298707,-1.2010668753192135,0.0,0.0,-0.024238082827356733,-0.15963357328551142,-0.00010502762104403103,-0.00044202572703039116
2021-02-18,15118.9501953125,15250.75,15078.0498046875,15238.7001953125,770600,0.00225022714795651,0.01775563166851602,0.039934508197415994,0.06539557999049767,0.01547059217405449,0.021791946749083333,0.024483341587745712,58.78821882654598,62.53620491467503,62.75079983098574,0.0,1.232997109571811,1.3751970915635081,1.2794333015935049,0.010009737893600362,1.4527614779823679,0.46658322130812324,-0.0064672974807017045,-0.018676233791119084,-0.007876211329553275,-0.019190243167257405,-0.007895031550039192,-0.01472335564699178,-0.007043423048375089,-0.007833611964127185,-3.9079179951934933,-6.339452403975763,0.0,0.0,-0.009677666189188416,-0.11062462598859568,-2.159093915316511e-05,-0.0003993363619454963
2021-02-19,14981.75,15144.0498046875,14898.2001953125,15074.7998046875,712200,-0.005607359504656059,0.007739266891875667,0.029266418483286278,0.055142338366745626,0.013421887746356687,0.021361826713179315,0.025140157512949634,47.73423208735166,57.02679443160373,59.362092397667695,0.0,1.3236297295018529,1.405876832558826,1.3078093529280583,0.010216007186619587,0.6982775053365272,0.05223025479520903,-0.00785758665261257,-0.02211770165405328,-0.010016364776640354,-0.025118299909171936,-0.010668089714129716,-0.022470697282301128,-0.01025324162375204,-0.01660615408412524,-5.509410483071299,-11.429150331032474,0.0,0.0,0.030679740995317895,-0.051272256180485476,0.00020626929301922545,-8.906563219666236e-05
2021-02-22,14675.7001953125,15010.099609375,14635.0498046875,14999.0498046875,609900,-0.021308504425853674,-0.011692753166297159,0.007914674410951396,0.03324239061764784,0.009825109652061976,0.01983940484102085,0.025128829701282548,32.05054369545604,47.06582996318446,52.7698615313443,0.0,1.5921031053213044,1.5152229993215638,1.3932017527485332,0.010313078879723275,-0.38768964433185976,-0.6080969235150986,-0.015701144921197615,-0.04301588969016323,-0.019432020058172825,-0.050785058278237864,-0.02135174407233488,-0.051737365058842605,-0.021899947749097787,-0.04831983945203503,-9.96096446841927,-24.240980215331625,0.0,0.0,0.10934616676273778,0.09304829551295013,9.707169310368795e-05,7.76860686358214e-05
2021-02-23,14707.7998046875,14854.5,14651.849609375,14782.25,744100,-0.01573763233513381,-0.00867211926831349,0.009718558508901428,0.03513669336145969,0.007178485431260613,0.01855155911043377,0.025173484867005325,34.676817664476715,48.08998547259035,53.333538111501426,0.0,1.546471287175674,1.5023393964066218,1.3895745291625439,0.010320569600509021,0.6897579299605465,0.2924953327869594,0.005570872090719863,-0.033360702406708936,0.0030206338979836683,-0.04400817050277546,0.0018038840979500322,-0.04737771586105831,0.0018943027438118529,-0.04546123289150063,1.0241555094058867,-23.159570281576883,0.0,0.0,-0.01288360291494195,0.09322655582656858,7.490720785745947e-06,0.0001842131467114632
2021-02-24,14982.0,15008.7998046875,14504.5,14729.150390625,403800,0.0021361995450112146,0.008909679489146748,0.02739293365765183,0.053864119430722696,0.006759041283221604,0.018320028585575597,0.025765395990052238,52.84153081201943,55.93319867759771,57.79555532978697,0.0,1.8877418348773038,1.6099289267231032,1.4594709214265427,0.011203095415263244,-1.633591745329589,-1.8295110032754207,0.017873831880145026,-0.006581325083647,0.017581798757460236,-0.016722163508922548,0.0176743751487504,-0.020436606089803355,0.018727426069263003,-0.01857488360815006,7.843213205007359,-10.510924232270817,0.0,0.0,0.10758953031648133,0.22505416897040664,0.0008825258147542227,0.001171766582509717
2021-02-25,15097.349609375,15176.5,15065.349609375,15079.849609375,803900,0.008046199679032322,0.015138402697612583,0.0338717241970413,0.06132352878765473,0.007035593230586513,0.018453958051086516,0.026552428070255943,58.504651124308126,58.75634304944173,59.485526147748175,0.0,1.756316123171709,1.5755339558567432,1.4407002639046984,0.011049892318366963,0.9501893350702542,0.6697331071888919,0.005910000134021107,0.005795972531075812,0.006228723208465835,-0.0026172289709034385,0.006478790539389469,-0.006062784000374695,0.007459409356932033,-0.004072051202842937,2.8231443718440232,-3.7798618652333005,0.0,0.0,-0.03439497086636001,0.20033686429323505,-0.00015320309689628026,0.0010401544247666018
2021-02-26,14529.150390625,14919.4501953125,14467.75,14888.599609375,1103600,-0.024591002268776044,-0.02101409829444306,-0.004842113434955022,0.02116264483895422,0.0036670811758480527,0.016519119255255604,0.026131288939154212,34.61558871143134,43.85283714275454,49.38401818744348,0.0,2.3266719737581414,1.8297353021845055,1.6321049780511854,0.011373093251882441,1.4368368204462953,2.132480148219548,-0.032637201947808364,-0.018983642764119985,-0.03615250099205564,-0.028753365186318727,-0.03871383763199632,-0.0341085319182413,-0.04016088394870051,-0.033979693527791406,-14.903505906687194,-13.173957288849195,0.0,0.0,0.25420134632776237,0.4238584696256795,0.00032320093351547764,0.001157086065262854
2021-03-01,14761.5498046875,14806.7998046875,14638.5498046875,14702.5,507300,-0.007366639909320929,-0.00487040534364416,0.01063685807109366,0.037109593224071,0.0025147598962911464,0.015583159719104608,0.02619411210026847,45.27792660927104,49.49548526951102,52.78484843735869,0.0,2.2082127097526354,1.806640699715767,1.6194806024742165,0.011153709577620234,-0.749787436805502,-1.0352620026556738,0.017224362359455115,0.013941864516532745,0.0161436929507989,0.006822347822652998,0.015478971506048681,0.0027221836601422633,0.01594694838511678,0.003867202606423162,5.642648126756484,2.429655306326559,0.0,0.0,-0.023094602468738623,0.2914177003942031,-0.0002193836742622069,0.0008406306978969592
2021-03-02,14919.099609375,14959.099609375,14760.7998046875,14865.2998046875,621700,0.0026393140539456273,0.005225084997133687,0.020565960144104115,0.0476764036018089,0.002578964246607366,0.015261134422460389,0.02656412668699707,51.52944924805978,52.94774245251141,54.91451280298577,0.0,2.013748174880278,1.7548195972650906,1.5893683901189841,0.00993273178563861,-0.24072332518259584,-0.3454589856997485,0.010005953963266557,0.018376946389079437,0.010095490340777847,0.013897204265447178,0.009929102073010456,0.010847401635202687,0.0105668103777379,0.012539710240349208,3.452257183000391,4.857756979921064,0.0,0.0,-0.05182110245067628,0.2524802008584688,-0.0012209777919816242,-0.000387837814870411
2021-03-03,15245.599609375,15273.150390625,14995.7998046875,15064.400390625,544200,0.020022869540366337,0.02468811079835091,0.041149128238562815,0.0698528799451148,0.004573663392553916,0.016064417325372164,0.027569299083132867,62.0198493646862,59.17565075879294,58.89874334373895,0.0,2.0409602842550565,1.7604580831638585,1.5918535051072202,0.0099366813070671,-0.7020540211035897,-0.7037356244540861,0.01738355548642071,0.017886669995355122,0.019463025801217223,0.01577843130920416,0.0205831680944587,0.013756194580910985,0.022176476343305898,0.015988760514392103,6.2279083062815275,3.242452081195232,0.0,0.0,0.00563848589876792,0.15052915644075537,3.9495214284902824e-06,-0.0012664141081961434
2021-03-04,15080.75,15202.349609375,14980.2001953125,15026.75,534900,0.007346251094106266,0.012355832134098686,0.028685423741146156,0.05767124222360706,0.004973047782280797,0.016130288470432224,0.028177533980256696,55.00715647286961,55.20271449129895,56.293977821329165,0.0,2.002587333598198,1.7782842803446295,1.6164257490640372,0.009706806147154938,-0.509152015951927,-0.6784432350564424,-0.012676618446260071,-0.0006999485849260561,-0.012332278664252223,-0.002782570563513897,-0.012463704497416659,-0.005186300455895142,-0.012181637721507738,-0.0036522865640476673,-3.972936267493992,-3.5536285581427833,0.0,0.0,0.017826197180770942,0.20275032448788632,-0.00022987515991216255,-0.0013430861712120257
2021-03-05,14938.099609375,15092.349609375,14862.099609375,14977.9501953125,640700,-0.0017862616359593988,0.00252650015242888,0.018198120954345948,0.04716995220660027,0.004320479294801539,0.015632126232607596,0.028454021526870765,49.37129319898366,51.95226960264735,54.1451506714592,0.0,1.9256408711370447,1.7771298047522448,1.6275521291034438,0.0098169979224324,1.2211071686736392,0.04103433926950697,-0.009132512730065665,0.022804740632816643,-0.009829331981669806,0.023540598446871938,-0.010487302786800209,0.02304023438930097,-0.010501290017006788,0.026007307367646053,-3.2504448886516,8.09943245989281,0.0,0.0,-0.001154475592384685,-0.05260549743226073,0.00011019177527746282,-0.0015560953294500406
2021-03-08,14956.2001953125,15111.150390625,14919.900390625,15002.4501953125,0,-0.00047191129560971356,0.0033999959693457155,0.018655627142257093,0.047933733122079374,0.003873735324411221,0.01520393784551843,0.02874190766702901,50.12772004586093,52.335781815770815,54.3743233279972,0.0,1.7943950846789471,1.7395329686101555,1.609065805104136,0.009885843930984944,-1.7613648664253991,-2.8734129428157362,0.0013143503403496852,0.006894728613711215,0.0008734958169168356,0.008270401312989875,0.00045750618791114486,0.008018769071163433,0.0007637809154791009,0.010824139898008373,0.38351221312346695,2.8402965462597933,0.0,0.0,-0.03759683614208931,-0.06710773110561141,6.884600855254323e-05,-0.0012678656466352904
2021-03-09,15098.400390625,15126.849609375,14925.4501953125,15049.900390625,675300,0.007377194986362645,0.011749903163684768,0.02719914405996452,0.05728815659135233,0.004340686089664078,0.015269821966842647,0.02929228738690548,56.13457067957861,55.35094508577649,56.1593959295978,0.0,1.6887785006573774,1.6953469779118406,1.5815303501226927,0.010027773620466201,0.7149311815971543,0.3669288078587378,0.007849106281972358,0.0047378809324170185,0.008349907194339052,0.006524818166551081,0.008543516917707428,0.006633183915860406,0.009354423469272954,0.009611752989543428,3.0151632700056723,2.4032026332650744,0.0,0.0,-0.04418599069831486,-0.05947261935324999,0.00014192968948125752,9.50418348275913e-05
2021-03-10,15174.7998046875,15218.4501953125,15100.849609375,15202.150390625,404600,0.010183413582526708,0.015312388691118499,0.03108691381303046,0.061976247561648316,0.0050772711565341706,0.015536622321970835,0.02995803102028225,59.213769976063936,56.92744346336062,57.09467636569062,0.0,1.5024434962173838,1.6228330712869918,1.5363081772524156,0.009915659145168329,-0.17010907146007923,-0.8624918401359475,0.0028062185961640626,-0.00983945595783963,0.003562485527433731,-0.00937572210723241,0.0038877697530659387,-0.010062214425532356,0.004688090970295988,-0.007876632383466482,1.5764983775841301,-2.248207295432323,0.0,0.0,-0.0725139066248488,-0.1376250118768667,-0.0001121144752978722,-2.102216189877118e-05
2021-03-12,15030.9501953125,15336.2998046875,14953.599609375,15321.150390625,493200,0.0004968871759577724,0.005167990144320887,0.020459825905340987,0.05136619613394093,0.004668783109908472,0.015213214020896664,0.03028670942648834,51.302923167039886,53.124013051849005,54.81144713803008,0.0,1.7226740151589277,1.7032008979840239,1.5983952905347432,0.010148183575557293,0.18627520284101576,-0.4436491419538543,-0.009686526406568936,-0.006849363918148494,-0.010144398546797613,-0.007187841989777799,-0.010627087907689473,-0.00822559783580517,-0.010610051427707386,-0.00630504608966613,-3.803430411511613,-2.0787014394499437,0.0,0.0,0.08036782669703202,-0.07508338236060563,0.00023252443038896363,0.000441377428402355
2021-03-15,14929.5,15048.400390625,14745.849609375,15048.400390625,467500,-0.005124281111651647,-0.001469589350844142,0.013033129525587427,0.043810287432257004,0.0036735158888902978,0.014524063285166436,0.03038119584606557,46.22202784655637,50.55848521334103,53.25389098661685,0.0,1.7928100394983277,1.7370428654567993,1.62912698640434,0.01052985329146923,0.23812844874805594,-0.5357390389166563,-0.005621168287609419,-0.003338019475692248,-0.006637579495165029,-0.003996089503273022,-0.00742669637975356,-0.005164991428758521,-0.007555908701683926,-0.0033596647743432684,-2.5655278385079754,-1.3937843893063189,0.0,0.0,0.03384196747277546,-0.04008693929544549,0.0003816697159119368,0.000712855369036829
2021-03-16,14910.4501953125,15051.599609375,14890.650390625,14996.099609375,100,-0.0052373193100499985,-0.0024948934601273635,0.01127491187929553,0.04203796321580959,0.002756864429233047,0.0138042454611459,0.03042006775323414,45.24048377128486,50.06951593583293,52.96082924419964,0.0,1.6519682531447526,1.692131914318776,1.6049336512399217,0.010503960779409655,-1.6366096009506468,-2.2394894068593594,-0.00011303819839835177,-0.0047654080144402845,-0.0010253041092832215,-0.005894889429473079,-0.0017582176462918962,-0.007380715262961562,-0.0017723242164474143,-0.0058957699062697835,-0.4889692775080974,-2.266265879937883,0.0,0.0,-0.044910951138023236,-0.04740105429137942,-2.589251205957488e-05,0.0006181168484247108
2021-03-17,14721.2998046875,14956.5498046875,14696.0498046875,14946.5498046875,100,-0.014657566176316684,-0.013790814011756018,-0.0014930333644140234,0.028523985017760337,0.0008796456285731845,0.012469748631492254,0.030061901804566315,36.30875257382159,45.37681451428125,50.12071368371723,0.0,1.6924641587876876,1.7178502137223057,1.632411708487561,0.01061339360043497,-1.0863964347216006,-1.8949112655837954,-0.009420246866266685,-0.02203476116267933,-0.011295920551628655,-0.025540717175440784,-0.012767945243709554,-0.028692177424378545,-0.013513978198049253,-0.02876417157359199,-4.692701421551682,-9.974130571495238,0.0,0.0,0.025718299403529654,0.022503235810465094,0.00010943282102531503,0.0005856199799687684
2021-03-18,14557.849609375,14875.2001953125,14478.599609375,14855.5,542200,-0.021041582406027284,-0.02254221727122167,-0.01209208353018199,0.016931237196490853,-0.001532889281326739,0.01069113564359367,0.029378568835023145,30.281599676478493,41.73658068937851,47.82252235280668,0.0,1.9140347165674352,1.8076497397040956,1.7018620975097802,0.010914316162316553,0.8764160293012073,0.04748390928646595,-0.0063840162297106005,-0.031224995988553994,-0.008751403259465652,-0.037854605962340165,-0.010599050165767968,-0.04317899734321245,-0.011592747821269483,-0.04504501036515746,-3.6402338249027366,-15.190862773982104,0.0,0.0,0.08979952598178986,0.18481666841710376,0.00030092256188158327,0.0009986570171482238
2021-03-19,14744.0,14788.25,14350.099609375,14471.150390625,919200,-0.006984758705059759,-0.009138817344123432,0.0005190416946510111,0.029627996363244286,-0.0021692100478283446,0.009746934492768995,0.029093853745441312,42.879975578919606,46.95569961598457,50.503049171547616,0.0,2.1062392466921556,1.8696053058096038,1.7418678412892974,0.011512110506377316,1.362299492254074,1.334921207815724,0.014056823700967527,-0.007481645881017531,0.013403399927098238,-0.014306807488444317,0.012611125224833002,-0.019940784210689975,0.012696759166753432,-0.021738199770696645,5.219118926606058,-6.168313435864434,0.0,0.0,0.06195556610550823,0.16640440782557997,0.000597794344060763,0.0013639269308200232
2021-03-22,14736.400390625,14763.900390625,14597.849609375,14736.2998046875,459000,-0.006141950067290204,-0.008780015085261383,3.2058845712798513e-06,0.02879942415160504,-0.002654368013771979,0.008861020866713221,0.028796125949977866,42.51406589985034,46.77149754806299,50.39344358322081,0.0,1.9112217394351623,1.8174435719956508,1.7134347379177333,0.011559911077407024,0.19145798383773024,-0.22792663524448137,0.0008428086377695546,-0.0010176689556385572,0.0003588022588620482,-0.007310425734417241,-0.0005158358100797312,-0.013029923641016147,-0.000828572211639244,-0.015010863280651963,-0.1842020679215821,-3.7869876652780405,0.0,0.0,-0.05216173381395306,0.08040070653885145,4.7800571029708513e-05,0.001030057785937795
2021-03-23,14814.75,14878.599609375,14707.0,14768.5498046875,474200,-0.0007019992213117202,-0.0031918877125463223,0.0051102707943857266,0.03391673011247306,-0.002491637618902863,0.008328742919116535,0.028659998962422537,47.865128493698904,48.99309518826272,51.51839032288709,0.0,1.752551694599413,1.7614368453898162,1.6783696678124893,0.011444780563858706,-0.014498421338949423,-0.15084463500706666,0.005439950845978484,0.004535320088738279,0.005588127372715061,-0.0006969942524189588,0.005107064909814447,-0.006164641084909804,0.005117305960868016,-0.008121233103336532,2.2215976401997324,-1.0764207475702108,0.0,0.0,-0.05600672660583461,0.06930493107104008,-0.0001151305135483182,0.0009408197844490516
2021-03-24,14549.400390625,14752.349609375,14535.0,14712.4501953125,456400,-0.015270317952736685,-0.019169307056264486,-0.012393117177060466,0.015242514614029685,-0.003959451181995207,0.006908623402543471,0.027982421216119383,34.99435086332362,42.52040460783594,47.717815240773476,0.0,1.8121634889532876,1.8027900743530705,1.7191595091861787,0.011288752041114776,-0.5741968881709728,-0.16573312079837094,-0.014568318731424964,-0.0006127517764200011,-0.015977419343718165,-0.005378493044508468,-0.017503387971446193,-0.010900083812646443,-0.01867421549844337,-0.013281470403730651,-6.472690580426779,-2.8564099064453075,0.0,0.0,0.04135322896325433,0.08493986063076475,-0.0001560285227439305,0.000675358440679806
2021-03-25,14324.900390625,14575.599609375,14264.400390625,14570.900390625,606800,-0.025064648365170493,-0.03128274690700181,-0.02657726668873983,-0.0004186635220548555,-0.006377959863086755,0.004857434099824217,0.02687280897755707,27.654382263709678,37.95197510260911,44.816988050357935,0.0,1.9069380846878492,1.8554285678594697,1.7664037813443403,0.011365265382089039,0.11958764451112461,0.3375497718577086,-0.009794330412433808,-0.004023065959143209,-0.012113439850737321,-0.008740529635780137,-0.014184149511679366,-0.014485183158557841,-0.01566117813608454,-0.017349900718545707,-4.568429505226831,-3.784605586769402,0.0,0.0,0.052638493506399264,0.04777882815537415,7.651334097426299e-05,0.00045094921977248577
2021-03-26,14507.2998046875,14572.900390625,14414.25,14506.2998046875,481000,-0.010374489007691558,-0.01725521312549961,-0.013634044840899258,0.012185067163505972,-0.00695285645062714,0.0036847494211768176,0.02617599671740557,39.65241490440394,43.28371654504078,47.50576206554268,0.0,1.8482666555722782,1.8233420780291436,1.7425420026461729,0.010466088841267826,-0.22957615804730222,-0.05775501217070994,0.014690159357478935,-0.0033897303026317995,0.014027533781502198,-0.008116395781376178,0.012943221847840573,-0.01415308653555027,0.012603730685560827,-0.017442929199738312,5.331741442431671,-3.6719830709437886,0.0,0.0,-0.03208648983032614,-0.046263227780460214,-0.0008991765408212123,-0.0010460216651094895
2021-03-30,14845.099609375,14876.2998046875,14617.599609375,14628.5,594500,0.010341527319274966,0.005113582227739693,0.008964011914434028,0.03538526419554835,-0.005174433545661047,0.0038308403694637372,0.026186516039340156,55.57215039940567,51.5816792838954,51.99777021334003,0.0,1.9421012692234216,1.8321246080310796,1.7401656643085635,0.01056555129753765,0.9993997080593352,0.5338702200779164,0.020716016326966524,0.01648347738656517,0.022368795353239303,0.013893597313001077,0.022598056755333287,0.008960806029862748,0.023200197032042374,0.006585840043943306,8.297962738854615,4.810181735832408,0.0,0.0,0.008782530001935962,0.014681036035428807,9.946245626982382e-05,-0.0009943597798693742
2021-03-31,14690.7001953125,14813.75,14670.25,14811.849609375,463900,-0.00013642031735362073,-0.004857177796472896,-0.001470010536255394,0.02436562485137577,-0.004721401574220385,0.0034036996345080985,0.025873669955076724,48.71876346641455,48.116477872804154,49.970897076383615,0.0,1.8080514385874873,1.8041535312592234,1.7313953606073764,0.010056264674296217,-0.7670230099926278,-0.02197879772112087,-0.010477947636628586,0.0005655789039580994,-0.009970760024212589,-0.0016652900839265738,-0.010434022450689421,-0.006580281330641121,-0.011019639344172577,-0.009551105261097287,-3.4652014110912432,-0.8766173154585672,0.0,0.0,-0.027971076771856174,0.042716685869407245,-0.0005092866232414336,-0.0013885158895624895
2021-04-01,14867.349609375,14883.2001953125,14692.4501953125,14798.400390625,445000,0.009704356286995234,0.006458545001855579,0.01011949462091994,0.03630492691684432,-0.0032146155108962165,0.003637456939726823,0.025923103588601965,55.96710476806649,52.08269618945813,52.182414230559786,0.0,1.6882116824485525,1.7478647208297862,1.691012015034997,0.010093497529423194,-0.9583438296948215,-0.06636950648310225,0.009840776604348855,0.024974674239731917,0.011315722798328475,0.025627852058120064,0.011589505157175333,0.022512611797980406,0.011939302065468546,0.02106241230281463,3.966218316653979,9.56229158162219,0.0,0.0,-0.05628881042943723,-0.054925353523284315,3.72328551269778e-05,-0.0011952545116915812
2021-04-05,14637.7998046875,14849.849609375,14459.5,14837.7001953125,509700,-0.004820434845242071,-0.008262306918023555,-0.0052629708353509625,0.020098427714691964,-0.003458543757624532,0.0030243239755783588,0.025495581049536968,46.09058602861966,47.049419088803575,49.24867734214548,0.0,1.9290043040848823,1.8474891443353414,1.7684231256921177,0.010554112291862976,0.18586354303987832,0.22535179935234412,-0.014524791132237305,0.020244213519928424,-0.014720851919879135,0.02302043998897825,-0.015382465456270903,0.02131429585338887,-0.016206499202152353,0.020517091236746818,-5.0332771006545585,9.097443986194463,0.0,0.0,0.09962442350555523,-0.007939423524128353,0.00046061476243978126,-0.000811153090226063
2021-04-06,14683.5,14779.099609375,14573.900390625,14737.0,475300,-0.001402323766125742,-0.004698602240929363,-0.0020729089397558045,0.023046230323196856,-0.003300907415722469,0.002638088630323768,0.025171317111217933,48.21323299140189,48.12426802699626,49.8310054945013,0.0,1.817896784517317,1.8100064355252192,1.7455173868700005,0.010508744183479614,-0.3791623857913993,0.08754475597984152,0.0034181110791163287,0.008972165241565817,0.0035637046770941923,0.012556610884570246,0.003190061895595158,0.011561135901143453,0.0029478026085048917,0.010861163159690884,1.0748489381926873,4.84055148195548,0.0,0.0,-0.03748270881012217,-0.013335642503924383,-4.5368108383361805e-05,4.26553422117875e-05
2021-04-07,14819.0498046875,14879.7998046875,14649.849609375,14716.4501953125,0,0.00638597108942859,0.004079662115028509,0.006857496001740565,0.032156733501627024,-0.0022916744078849446,0.0027665473084682642,0.025126929680069365,54.42314115710126,51.28306821040335,51.54128625699699,0.0,1.7513588385679444,1.7761838783595247,1.7210830062286062,0.010507064128778871,-1.7778937962804464,-1.7354871594452876,0.0077882948555543325,-0.003955556229846375,0.008778264355957872,-0.001033920112711184,0.00893040494149637,-0.0021065159126934623,0.009110503178430169,-0.0032285306939213235,3.158800183407088,-0.2986110734920473,0.0,0.0,-0.03382255716569449,-0.055940729671554834,-1.6800547007426309e-06,-5.848716875877895e-05
2021-04-08,14873.7998046875,14984.150390625,14821.099609375,14875.650390625,514800,0.008251858591774729,0.007076174295015092,0.010158386643872648,0.035599454658211384,-0.001166062117060429,0.0030605553259317273,0.02518522674336602,56.86078702417783,52.540123645163625,52.22350832546203,0.0,1.6179316058066322,1.7225289191531248,1.6859506913557882,0.010380344248708743,0.5739319535309738,0.29415101465024884,0.0018658875023461387,0.00838827890912835,0.0029965121799865836,0.011933352091487989,0.0033008906421320827,0.011628397180128041,0.0034427211565843593,0.011233829806835613,1.2570554347602751,4.423645772359471,0.0,0.0,-0.053654959206399955,-0.08162461210609862,-0.00012671988007012872,0.0003240795744125259
2021-04-09,14834.849609375,14918.4501953125,14785.650390625,14882.650390625,504100,0.0045865783911589585,0.004033764959916585,0.007216316482774735,0.032549627635092386,-0.0005502894853798489,0.0031697654341188465,0.025151807747497798,54.44394579224052,51.521593268414904,51.68665935033109,0.0,1.476781316465838,1.667632748489944,1.6525111487012163,0.010284819357025526,0.460090383257263,0.2923236932378623,-0.0036652802006157705,-0.005117777895836275,-0.0030424093350985074,-0.0024247800419389936,-0.0029420701610979134,-0.0029031781381452055,-0.0030498270231189978,-0.003755299281751931,-1.0185303767487213,-0.5611029210432292,0.0,0.0,-0.054896170663180754,-0.08023197233984214,-9.552489168321646e-05,0.00019132182760233166
2021-04-12,14310.7998046875,14652.5,14248.7001953125,14644.650390625,650200,-0.025425514534558324,-0.028658550610867563,-0.027282218735020722,-0.0038868856275970894,-0.0033173822263212536,0.0014169393025618353,0.02405151171082631,32.65625067598317,40.22339429668652,45.203126059585856,0.0,2.043858601126811,1.8977824937071504,1.826492799556265,0.010511991176716046,0.8886352307046882,0.8887548459078319,-0.030012092925717285,-0.020605079689316255,-0.03269231557078415,-0.020396243692844006,-0.03449853521779546,-0.02201924789966976,-0.03643651326268948,-0.023985313342289052,-11.298198971728382,-6.826024792117053,0.0,0.0,0.23014974521720633,0.05029334937180896,0.0002271718196905203,-4.2121115146929317e-05
2021-04-13,14504.7998046875,14528.900390625,14274.900390625,14364.900390625,605100,-0.010015508104256336,-0.014102456301679448,-0.01355057772439935,0.009520019801478322,-0.004128295171166693,0.0005597727479976045,0.02338751182261026,42.58048816564121,45.02919626260065,47.720723476105036,0.0,1.9634466796741235,1.8637387747496796,1.7996389483034516,0.010714811800054187,0.5744864668624754,0.6531864460402559,0.015410006430301989,-0.008613184338130594,0.014556094309188115,-0.009403854060750085,0.013731641010621371,-0.011477668784643546,0.01340690542907541,-0.013526210521718533,4.805801965914128,-3.0950717643956125,0.0,0.0,-0.034043718957470714,0.05373233922446041,0.0002028206233381409,0.0002060676165745734
2021-04-15,14581.4501953125,14597.5498046875,14353.2001953125,14522.400390625,568000,-0.003917548708163704,-0.008090627764514215,-0.008013352431576833,0.014704830170272782,-0.0041894915937313966,7.79056384589097e-05,0.02290170201134951,46.23286976315171,46.847456321406774,48.6867017114385,0.0,1.897651648467481,1.8412141429724547,1.7847300996243483,0.010621254913248538,-0.007174241820984176,0.4628035523194338,0.006097959396092632,-0.010303519797592295,0.006011828537165233,-0.012170289879542724,0.005537225292822518,-0.014870848433317398,0.00518481036879446,-0.01745190333135424,1.8182600588061248,-4.435611888996576,0.0,0.0,-0.022524631777224968,0.06503026461292993,-9.35568868056496e-05,0.00011419078446966643
2021-04-16,14617.849609375,14697.7001953125,14559.0,14599.599609375,577200,-0.001171160419969322,-0.005106735715964419,-0.0053210891262344805,0.01706337242635827,-0.003940189890441946,-0.00021545367524858946,0.022504208451478425,48.06315600653476,47.73160996045837,49.14941082032769,0.0,1.7041093575363486,1.7732159627201216,1.740693398841392,0.010308201590917693,-0.06947972708123992,0.4269629984139853,0.0027463882881943818,-0.009423019011744051,0.0029838920485497963,-0.01218291001097951,0.0026922633053423524,-0.015479475770107129,0.002358542256085486,-0.018536082231853115,0.8841536390515969,-4.808513684705254,0.0,0.0,-0.06799818025233306,0.050687043566996826,-0.00031305332233084494,-7.21426577910498e-05
2021-04-19,14359.4501953125,14382.2998046875,14191.400390625,14306.599609375,512300,-0.015457178697459939,-0.020673051713014944,-0.0220255938615504,-0.0009061364330429899,-0.005297761461156617,-0.0013810935672721892,0.021595102382993833,37.49271758705675,42.346407083851076,46.089746139264605,0.0,1.9817831068076415,1.8883173111756086,1.829055333492581,0.010397674256556001,-1.3872532187591393,-0.03495141708641045,-0.014286018277490617,-0.0200437570886189,-0.015566315997050524,-0.02470681667293153,-0.01670450473531592,-0.029241910344325134,-0.017969508859401257,-0.03345576406813538,-5.385202876607295,-9.175186184563827,0.0,0.0,0.11510134845548703,0.2206845626856646,8.947266563830852e-05,0.00011285489953047519
2021-04-20,14296.400390625,14526.9501953125,14207.2998046875,14526.7001953125,467400,-0.01624215745475613,-0.022754480030712138,-0.025313688468016148,-0.005240590311284102,-0.006619843110075643,-0.0026187978200037554,0.020594418859932205,35.2837254957866,41.12713304579908,45.37498894126509,0.0,2.0395945603002277,1.9208762222545115,1.856110306663094,0.010587342438899375,-1.419509297440701,-0.2893045981434849,-0.0007849787572961897,0.009183357079802196,-0.0020814283176971947,0.0059040705801554245,-0.0032880946064657475,0.0019685302670045743,-0.004334453878241112,-0.0013537046836870122,-1.2192740380519993,0.9037387491125557,0.0,0.0,0.03255891107890285,0.023093728547361136,0.00018966818234337351,7.535126218332841e-05
2021-04-22,14406.150390625,14424.75,14151.400390625,14219.150390625,524600,-0.0071213229721535974,-0.013885073778591097,-0.01714398111120661,0.0023720398085416727,-0.006812263132374432,-0.003304794650156021,0.01985643934074178,42.19957942512113,44.14204910408065,46.86253394178686,0.0,1.998735247211662,1.90561448201206,1.844611893003847,0.010383374066952859,-0.11901100923940407,0.2301196528254658,0.009120834482602532,0.002894185132102738,0.008869406252121041,0.00021738252308835075,0.008169707356809539,-0.0035934033868072583,0.007612630119825775,-0.00714797999293665,3.014916058281571,-0.8871471585200013,0.0,0.0,-0.015261740242451527,0.041875707262380324,-0.0002039683719465158,-0.0003314377331013283
2021-04-23,14341.349609375,14461.150390625,14273.2998046875,14326.349609375,498100,-0.00950063509741554,-0.01668301314021635,-0.020736848917827077,-0.0021155466518991525,-0.00725126971031142,-0.004122613390984554,0.01901562643846011,39.306134986245446,42.749993792017214,46.09394795490705,0.0,1.8681837413080822,1.8710554914561628,1.8270850852705314,0.009835934824689075,-0.4415361031803556,0.012782811896744108,-0.002379312125261942,-0.005583086389251836,-0.0027979393616252516,-0.008592385375702134,-0.003592867806620468,-0.012723496486250244,-0.004487586460440825,-0.016820376822171936,-1.3920553120634338,-4.09746252938956,0.0,0.0,-0.03455899055589717,0.02984134848370812,-0.0005474392422637839,-0.0007853200885594627
2021-04-26,14485.0,14557.5,14421.2998046875,14449.4501953125,452700,0.0003441990471155754,-0.0062162258906571155,-0.010503992496688775,0.007800763815228201,-0.006558167622726124,-0.004314587053782879,0.018499070408685526,48.44784084142966,46.75835388486716,48.05257416711719,0.0,1.7781725058625828,1.8267667602060222,1.7938831912858573,0.009782245248797,-1.2673555726486299,-0.3257975059327597,0.009844834144531115,0.0015153594670848974,0.010466787249559233,-0.0011094901746926964,0.010232856421138302,-0.005182903370454295,0.009916310467127354,-0.009262608611130067,4.008360092849948,-0.973256075591209,0.0,0.0,-0.044288731250140545,0.053550797485900636,-5.368957589207447e-05,-0.0005259563421206922
2021-04-27,14653.0498046875,14667.5498046875,14484.849609375,14493.7998046875,451800,0.00975594161092955,0.00482793986096999,0.0009374852869151111,0.01929520712069981,-0.0048803889602249805,-0.0038717619402513525,0.01834052785876285,57.238364489200535,51.074008780328406,50.24573179648069,0.0,1.6555916500348635,1.765889496143168,1.7482399234525627,0.00970628171756095,-0.8565153456884871,-0.33072282878854053,0.009411742563813975,0.02521312030838949,0.011044165751627106,0.025500991573984933,0.011441477783603887,0.02296307914846551,0.011494443305471608,0.020201343553742798,4.315654895461243,8.727601696477329,0.0,0.0,-0.06087726406285432,-0.12242781503244071,-7.596353123605001e-05,-0.0006913925389950507
2021-04-28,14864.5498046875,14890.25,14694.9501953125,14710.5,457000,0.019819189855995113,0.01754324292697022,0.014772631010736153,0.033657793609932714,-0.002231716123469172,-0.0027228443955505843,0.018610240384968325,65.8008894006663,55.91709784120397,52.844144156946975,0.0,1.6247769187050891,1.7304050424769524,1.7172879353023935,0.009664622993331762,-0.6025712375663876,-0.2383320883433168,0.010063248245065562,0.03606134731075124,0.01271530306600023,0.04029772295768236,0.013835145723821041,0.0400863194787523,0.014362586489232904,0.03889838392121681,4.843089060875563,14.789964795404892,0.0,0.0,-0.035484453666215554,-0.19047117977755912,-4.1658724229188746e-05,-0.000922719445567613
2021-04-29,14894.900390625,15044.349609375,14814.4501953125,14979.0,517500,0.0178483084821149,0.017805397379830733,0.01617334750925757,0.03539982371972536,-4.215864183942838e-05,-0.001603498934840196,0.018920468892038744,66.91018027313578,56.58130112554767,53.207809638853,0.0,1.605868424604156,1.7137789598375233,1.7056786400208663,0.00962866405711158,1.3838609215785247,0.21787273546562377,-0.0019708813738802122,0.024969631454268497,0.00026215445286051353,0.03169047115842183,0.0014007164985214184,0.03331732862046418,0.0017420301097926458,0.03302778391118369,0.6642032843436994,12.43925202146702,0.0,0.0,-0.016626082639429107,-0.1918355221745367,-3.5958936220182106e-05,-0.0007547100098412793
2021-04-30,14631.099609375,14855.4501953125,14601.7001953125,14747.349609375,613900,-0.00014614150948735223,-0.00020069740216440712,-0.0017525072129161833,0.016889413044298213,-5.456386672290123e-05,-0.001552121317468036,0.018674647712028397,50.34940230926431,49.58773348177534,49.74954050659733,0.0,1.7086483417947929,1.763198152526442,1.7491712946442886,0.009786402772236,1.6441223445633788,0.9526838968716618,-0.01799444999160225,0.009354493587928187,-0.01800609478199514,0.016482315738051943,-0.017925854722173756,0.018984341704910895,-0.018510410675427146,0.019004959696197365,-6.99356764377233,6.8377396897581235,0.0,0.0,0.0494191926889187,-0.10785733892972083,0.00015773871512442077,-4.953205245307457e-05
2021-05-03,14634.150390625,14673.849609375,14416.25,14481.0498046875,448900,5.10060883263807e-05,7.067461302378474e-06,-0.0014838859350545192,0.016928403914820835,-4.3936386000817126e-05,-0.0014909428591759364,0.018439652190408,50.51465438489885,49.665217782531634,49.78867991932353,0.0,1.7186864139763873,1.7626472165979068,1.7493522099347383,0.009892114282623014,-0.6911571698809111,-0.3141584160677239,0.00019714759781373293,-0.0002931929587891947,0.00020776486346678558,0.006223293351959494,0.00026862127786166415,0.009020106561634256,3.89908705226219e-05,0.009127640099592634,0.07748430075629642,2.906863897664472,0.0,0.0,-0.0005509359285351678,-0.06411954360811545,0.00010571151038701355,0.00010986903382601346
2021-05-04,14496.5,14723.400390625,14461.5,14687.25,503400,-0.007667609073805894,-0.008551949552590078,-0.010453983302429899,0.007289267722906431,-0.0008911736499488675,-0.00191844015325008,0.017930698245394595,42.98385654121034,46.21377999157109,48.03794911927752,0.0,1.749333989422519,1.7813315379354342,1.7679003161342497,0.010068018814050487,-0.07182656702052159,0.08345866235699133,-0.007718615162132275,-0.017423550684735445,-0.008559017013892455,-0.013379889413560067,-0.00897009736737538,-0.01139146858934501,-0.009639136191914404,-0.012005939397793378,-3.451437790960547,-4.860228788757318,0.0,0.0,0.0186843213375274,0.01544204179226627,0.0001759045314274725,0.000361737096489536
2021-05-05,14617.849609375,14637.900390625,14506.599609375,14604.150390625,455900,0.0005228922828311484,-0.0002296220170945984,-0.0020855925582215383,0.015562380312509203,-0.0007521210216477721,-0.0018563968107071424,0.017684856275371873,50.563958024936895,49.54280046760329,49.656359226683485,0.0,1.5813122020222483,1.7094559671269844,1.7157998181096052,0.009985870931941131,-0.7857188531597087,-0.26244256988182085,0.008190501356637042,-0.019296297573163965,0.008322327535495479,-0.01777286494406482,0.008368390744208361,-0.016858223568957692,0.008273112589602772,-0.01809541329742351,3.3290204760322055,-6.374297373600676,0.0,0.0,-0.07187557080844975,-0.020949075349967927,-8.214788210935547e-05,0.00032124793860936925
2021-05-06,14724.7998046875,14743.900390625,14611.5,14668.349609375,467800,0.006407967594673529,0.006436862147154457,0.005010002920070223,0.022758662663868216,2.8710576040038326e-05,-0.0014177334721625168,0.017660182179509678,56.5091401654161,52.342458333858715,51.04981784828773,0.0,1.4356945599677937,1.6400487451881502,1.6650436190261593,0.009374061505340505,-0.443090745424773,-0.16764934688360136,0.00588507531184238,-0.01144034088744137,0.006666484164249056,-0.011368535232676277,0.007095595478291761,-0.011163344589187349,0.007196282351359013,-0.012641161055857143,2.799657866255423,-4.238842791688953,0.0,0.0,-0.0694072219388342,-0.07373021464937302,-0.000611809426600626,-0.0002546025517710746
2021-05-07,14823.150390625,14863.0498046875,14765.5,14816.849609375,488000,0.01071715535241333,0.011948527365211545,0.011257824073157383,0.029286871234300942,0.0012183151401727868,-0.0006825478503857628,0.017828338858755063,61.47917275556366,54.82480215985099,52.308680735564955,0.0,1.327467607250936,1.5794168201152647,1.6196469577540944,0.00919189491792769,0.6715514492584194,-0.4341510803671795,0.004309187757739801,0.010863296861900682,0.005511665218057089,0.012149224767375953,0.00624782115308716,0.013010331286073566,0.006528208570432726,0.012397458190002729,2.482343825992274,5.2370686780756515,0.0,0.0,-0.060631925072885506,-0.18378133241117722,-0.00018216658741281554,-0.0005945078543083109
2021-05-10,14942.349609375,14966.900390625,14892.5,14928.25,522000,0.015365791292762939,0.018226748151011156,0.018615237664361312,0.03717613762562008,0.0028176612633420005,0.00038153536435338325,0.018221698709139745,66.83773919805733,57.70052121620492,53.801951201981595,0.0,1.2459085800730163,1.5236183352061874,1.5760267887310029,0.008954237468936256,1.300071660625509,0.12892280623308688,0.004648635940349609,0.015314785204436559,0.00627822078579961,0.018219680689708778,0.00735741359120393,0.020099123599415833,0.00788926639131914,0.020247733710799246,2.8757190563539297,8.035303433673285,0.0,0.0,-0.05579848490907735,-0.2390288813917194,-0.00023765744899143307,-0.0009378768136867575
2021-05-11,14850.75,14900.0,14771.400390625,14789.7001953125,647400,0.007466912399827217,0.010883427038567123,0.011880023746131872,0.03050203871127467,0.003391192898436364,0.0009858670949669521,0.01840338234586478,59.42635829286014,54.8129388816467,52.49214236159084,0.0,1.2330976982857293,1.5057373905683549,1.5650509467429006,0.008877235800579726,1.6927872134117288,1.8890350879042772,-0.007898878892935722,0.015134521473633112,-0.007343321112444033,0.0194353765911572,-0.006735213918229441,0.02233400704856177,-0.006674098914345412,0.02321277098836824,-2.8875823345582177,8.599158890075614,0.0,0.0,-0.01788094463783252,-0.2755941473670793,-7.700166835653e-05,-0.00119078301347076
2021-05-12,14696.5,14824.0498046875,14649.7001953125,14823.5498046875,643800,-0.0024536938749539932,0.00034880924047846575,0.0013161547284876757,0.019597681784649504,0.0028093965144522877,0.0009670081866180991,0.01825749736467496,48.79615991061784,50.25228909412556,50.35148105581575,0.0,1.2704342263806647,1.5105747464533776,1.5713122088206701,0.008891670188498575,1.0462669239948112,1.8576176957732746,-0.00992060627478121,-0.0029765861577851415,-0.010534617798088657,0.0005784312575730641,-0.010563869017644195,0.0034017472867092138,-0.010904356926625166,0.004035301472140301,-4.560649787521143,0.7094886265222655,0.0,0.0,0.004837355885022765,-0.1988812206736068,1.4434387918848754e-05,-0.0010942007434425558
2021-05-14,14677.7998046875,14749.650390625,14591.900390625,14749.400390625,620700,-0.0030481516285028073,-0.000840124831049891,4.0405652087668026e-05,0.01811492877978949,0.002214777775937412,0.0008812708606704891,0.018073792844316247,47.59205461577209,49.71226536525882,50.09464252337688,0.0,1.2325927269170802,1.4812316508435464,1.549573096442799,0.008518663268063756,0.4897191026846839,1.470874441817766,-0.0005944577535488141,-0.009456119223176336,-0.0011889340715283568,-0.007276986978204348,-0.0012757490764000077,-0.004969597267982555,-0.001482753004860015,-0.0046437338840787275,-0.5400237288667356,-2.630192968599893,0.0,0.0,-0.029343095609831282,-0.1588170943446039,-0.000373006920434819,-0.0008553982372767489
2021-05-17,14923.150390625,14938.0,14725.349609375,14756.25,546400,0.01111338688915919,0.014398866754573596,0.016089137832379495,0.03477175131427274,0.003249368377489961,0.0016662785549176366,0.018386785948473795,61.96029792801942,56.34134168856607,53.33347591677568,0.0,1.318582391807424,1.4773589677436527,1.53454924791505,0.008334082871614155,-0.855665536316561,0.38408248619488927,0.014161538517661998,0.0003962315367458599,0.015238991585623488,0.0024503393893620506,0.016048732180291826,0.0048313137592221125,0.016656822534483254,0.005484880079971801,6.629076323307245,1.5165395287150787,0.0,0.0,-0.003872683099893637,-0.10205785237161202,-0.00018458039644960074,-0.0008578120463135341
2021-05-18,15108.099609375,15137.25,15043.7001953125,15067.2001953125,583900,0.019262741090161347,0.024458903729857432,0.02752623635927963,0.047100236621270386,0.005097961919159811,0.0029941002203745103,0.019049635492856272,69.35030547072247,60.5617868554136,55.58674821857521,0.0,1.3253761474654537,1.4562624383936746,1.5110663043952182,0.007984667824572588,-0.5717153926135665,0.9381126852063446,0.008149354201002157,0.003896949797398408,0.010060036975283836,0.006232155578846276,0.011437098526900134,0.008910998694918317,0.012328485306997643,0.009924098995650305,4.220445166847533,2.861265639208682,0.0,0.0,-0.021096529349978077,-0.06735589681251275,-0.0003494150470415673,-0.0009695696443636683
2021-05-19,15030.150390625,15133.400390625,15008.849609375,15058.599609375,569100,0.011428656615269732,0.017399923550265428,0.021334629617377813,0.04126576899702635,0.005903794494985389,0.003867413370134765,0.01951479838406667,63.30330230106298,58.016238261305325,54.43789879445142,0.0,1.2315344177250447,1.4184476063313842,1.486034881945488,0.007950060311208108,-0.6027734681274277,0.6662714917938208,-0.007834084474891615,0.003961744215442514,-0.007058980179592004,0.006516496511698305,-0.0061916067419018166,0.009454605871245941,-0.005834467624244034,0.010763730285751682,-2.5455485941082756,3.203299379658624,0.0,0.0,-0.037814832062290415,-0.08728978423697065,-3.460751336448013e-05,-0.0009271754893716184
2021-05-20,14906.0498046875,15069.7998046875,14884.900390625,15042.599609375,480300,0.002516560068422955,0.008174657681903666,0.012389480899628847,0.03233270331725471,0.005643894414167621,0.004180647852641253,0.01969916005044218,54.47988438224303,54.1163014740683,52.64160529234207,0.0,1.241516466900638,1.4166979958617443,1.4861223741807006,0.007829535445336037,-1.5300261454473139,-0.6605207588228055,-0.008912096546846777,0.004970253943376949,-0.009225265868361763,0.0078258484414252,-0.008945148717748966,0.01107332617114117,-0.008933065679771639,0.012735021532605209,-3.8999367872370243,3.864012379942743,0.0,0.0,-0.0017496104696399506,-0.09387675059163336,-0.00012052486587207055,-0.0010621347431625378
2021-05-21,15175.2998046875,15190.0,14985.849609375,14987.7998046875,572900,0.016812079180292677,0.023929376874602133,0.029437999191561537,0.05044701674720496,0.006999619536431053,0.0053798850207557114,0.020408239808655047,66.35139969013017,60.34469270696288,55.91461104750655,0.0,1.3498177433760608,1.4258171640225445,1.479344122503678,0.007465143295196427,0.5385299854093866,0.6737012499111946,0.014295519111869721,0.019860230808795485,0.01575471919269847,0.024769501705652022,0.017048518291932692,0.029397593539473868,0.01811431342995025,0.032332087967415477,6.22839123289458,10.632427341704059,0.0,0.0,0.009119168160800273,-0.05541448682100181,-0.00036439215013961065,-0.0010535199728673294
2021-05-24,15197.7001953125,15256.25,15145.4501953125,15211.349609375,579800,0.014933643491554184,0.02307464008207376,0.029707473934149468,0.05145358015184302,0.008021210689708824,0.00648323552575167,0.0211187223247097,67.18212963396763,60.82118223140175,56.17592147247168,0.0,1.224073840423738,1.3740970899294986,1.4415395124703987,0.007169641032326921,0.5210444742313831,0.7086398857497886,-0.0018784356887384928,0.0038202566023949943,-0.0008547367925283711,0.008675773327500165,0.00026947474258793083,0.013618336101769973,0.0010065634046380612,0.01668182883757028,0.4764895244388683,4.479840542835682,0.0,0.0,-0.05172007409304591,-0.10326187781415408,-0.0002955022628695061,-0.0011644418392872348
2021-05-25,15208.4501953125,15293.849609375,15163.400390625,15291.75,441500,0.012769475547002761,0.021588117808985213,0.029207408338163397,0.05165111671254379,0.008707452658187046,0.007458280295506359,0.021806788595332516,67.62957592515387,61.062980008261604,56.304818453975074,0.0,1.1501152283971037,1.3363126662997897,1.4127691942085459,0.006967905642451573,-1.3729302262058896,-1.2847075102158632,-0.002164167944551423,-0.006493265543158586,-0.0014865222730885488,-0.0028707859208722195,-0.0005000655959860704,0.0016811719788837678,0.0001975365607007687,0.004550880091273406,0.2417977768598547,0.5011931528480034,0.0,0.0,-0.03778442362970891,-0.11994977209388491,-0.0002017353898753479,-0.0010167621821210154
2021-05-26,15301.4501953125,15319.900390625,15194.9501953125,15257.0498046875,384000,0.015461532984559821,0.025240811761389287,0.034061416155140904,0.05747084156340733,0.009630378364099154,0.008603446422111893,0.022638331768830157,71.54525023781822,63.1800874420825,57.42818345110805,0.0,1.0778181042774968,1.2916478793074848,1.3762020139657485,0.006928237200628632,-1.2735902720775452,-1.9133406118833736,0.0026920574375570595,0.004032876369290089,0.0036526939524040743,0.007840888211123859,0.004854007816977507,0.012726786537763091,0.005819724850863538,0.016205072566380978,2.117107433820898,5.163849180777177,0.0,0.0,-0.04466478699230492,-0.1267997270238994,-3.966844182294073e-05,-0.001021823110579476
2021-05-27,15337.849609375,15384.5498046875,15272.5,15323.9501953125,0,0.01457935775955787,0.025100181677718075,0.03503887406382061,0.059354069037980885,0.010369641209133985,0.009695337649669023,0.023492059654428975,73.03468636195399,64.0050196409548,57.86783321625178,0.0,1.0063170862023825,1.2487227038901463,1.3423459673071299,0.006907494806400857,-1.6714900050888908,-3.619026879461878,-0.00088217522500195,0.012062797691134917,-0.00014063008367121155,0.016925523995814408,0.0009774579086797089,0.022649393164191768,0.0018832274745735553,0.027021365720726172,0.8249321988722969,9.888718166886498,0.0,0.0,-0.042925175417338535,-0.167975291971598,-2.0742394227775234e-05,-0.0009220406389351806
2021-05-28,15435.650390625,15469.650390625,15394.75,15421.2001953125,468100,0.017156052260881797,0.028678124552483537,0.0399406207276314,0.06540814381257246,0.011327733110363033,0.01094851334575381,0.02448940119977407,76.8355615579982,66.19646305578209,59.04630701769749,0.0,0.9707273323652013,1.2131723128855842,1.3109851877432777,0.006790014284816233,0.4223104760881839,-0.24212515842447838,0.002576694501323926,0.0003439730805891196,0.003577942874765462,0.004748747677881405,0.0049017466638107896,0.010502621536069866,0.006054074774591571,0.014961127065367494,2.1914434148272903,5.851770348819208,0.0,0.0,-0.03555039100456203,-0.2126448511369603,-0.00011748052158462412,-0.0006751290103801941
2021-05-31,15582.7998046875,15606.349609375,15374.0,15437.75,436000,0.021863638096945765,0.03486402804009607,0.04780592484119285,0.07475667647870132,0.01272223558846013,0.01250589106436246,0.025721129265033664,81.4301747322983,69.23170075365957,60.7589137183689,0.0,1.0674614689015578,1.222383984671275,1.3077701874205117,0.006692503234789439,0.46015421511585064,-0.41391303047297623,0.004707585836063968,0.006929994605391581,0.006185903487612533,0.01178938795802231,0.007865304113561448,0.018098450907043383,0.009348532666128867,0.0233030963268583,3.035237697877477,8.410518522257817,0.0,0.0,0.009211671785690712,-0.15171310525822368,-9.751105002679412e-05,-0.0004771377975374821
2021-06-01,15574.849609375,15660.75,15528.2998046875,15629.650390625,409600,0.01739437868995114,0.03111745932099637,0.045333527774025925,0.07341574484553384,0.013488457296880063,0.013787050470846468,0.026864360823963325,80.42467366685645,68.87188804649782,60.616886453938825,0.0,1.024487234337976,1.1963938657638147,1.2866269307733493,0.006353337571619524,0.3642187986605948,-0.5873587578958569,-0.004469259406994625,0.0046249031429483785,-0.003746568719099702,0.009529341512011156,-0.002472397067166926,0.016126119435862528,-0.0013409316331674803,0.02176462813299005,-0.3598127071617512,7.808908038236211,0.0,0.0,-0.02599011890746028,-0.13991880053597505,-0.0003391656631699146,-0.0006145680708320488
2021-06-02,15576.2001953125,15597.4501953125,15459.849609375,15520.349609375,428600,0.014258624564216794,0.028289627671970182,0.04356523005296019,0.07272420311859451,0.013833752819979133,0.014855350058887301,0.027941687041599234,80.4724635359454,68.90145731921518,60.633098269350434,0.0,0.9961992787336211,1.1739410323387491,1.2673195320549873,0.00604674913107518,0.40901349266209513,-0.4213399482173187,-0.003135754125734346,-0.0012029084203430268,-0.0028278316490261864,0.0030488159105808953,-0.001768297721065737,0.009503813897819284,-0.000691541726939332,0.015253361555187181,0.029569272717367312,5.72136987713268,0.0,0.0,-0.022452833425065544,-0.11770684696873568,-0.00030658844054434406,-0.0008814880695534521
2021-06-03,15690.349609375,15705.099609375,15611.0,15655.5498046875,410200,0.017677926855234952,0.032462816460726816,0.049105973457021,0.07971983951232257,0.014528063560520775,0.01611986091019411,0.029180909107230178,84.26121618378266,71.37631145413943,62.00399660972795,0.0,0.9554655042407182,1.1408375877475552,1.2373101222526504,0.005727654847327675,-0.8472096962478264,-0.5335304089149753,0.0034193022910181583,0.0030985690956770815,0.004173188788756634,0.007362634783008741,0.005540743404060813,0.014067099393200388,0.0069956363937280636,0.02036577047434169,2.474854134924243,7.371291813184627,0.0,0.0,-0.033103444591193965,-0.10788511614259111,-0.00031909428374750533,-0.0011798399590731822
2021-06-04,15670.25,15733.599609375,15622.349609375,15712.5,414200,0.013357358232963391,0.02822936987698554,0.04580323850516703,0.07749682364228698,0.014675979330682654,0.01709138947303555,0.030305495307531852,81.03150690589578,70.3152086718469,61.61221052838127,0.0,0.907341634051002,1.111418259762367,1.2137089248348276,0.005652847820501587,-0.4634696992085093,-0.4829388873935613,-0.004320568622271561,-0.0037986940279184055,-0.004233446583741276,-0.00044875467549799694,-0.0033027349518539723,0.005862617777535627,-0.002223015870035594,0.012088679829714524,-1.0611027822925223,4.118745616064814,0.0,0.0,-0.029419327985188204,-0.10175405312321728,-7.480702682608788e-05,-0.001137166464314646
2021-06-07,15751.650390625,15773.4501953125,15678.099609375,15725.099609375,394000,0.01518422089586348,0.03042586337215475,0.04912779383066016,0.08219920027742937,0.015013671570703756,0.018149709865881845,0.03152276266174992,83.93999361119377,72.12270544786911,62.60459664565638,0.0,0.8531563211330867,1.073495880776687,1.1811384096271793,0.005577783496782627,-1.4012834913910521,-0.5871562162281216,0.0018268626629000893,-0.0066794172010822845,0.0021964934951692085,-0.004438164667941322,0.0033245553254931323,0.0013218689894673105,0.004702376635142391,0.0074425237987280485,1.8074967760222052,2.891004694209542,0.0,0.0,-0.03792237898567996,-0.14888810389458795,-7.506432371895931e-05,-0.0011147197380068112
2021-06-08,15740.099609375,15778.7998046875,15680.0,15773.900390625,378200,0.011783429164793923,0.02690039243610316,0.04637410741491912,0.08053038076482161,0.014940908138600347,0.018963587045301156,0.03264250625838402,81.8619810784817,71.45779570037,62.36733698015917,0.0,0.8085649067558532,1.0423844634146708,1.1556094542150053,0.005562133871089796,-1.382388998118556,-0.641903672962445,-0.0034007917310695576,-0.005610949525157217,-0.0035254709360515897,-0.004217066884893209,-0.002753686415741044,0.0010405796408931925,-0.0016688195126077637,0.007114635919287765,-0.6649097474991095,2.5859076538721837,0.0,0.0,-0.03111141736201617,-0.15400940234914384,-1.5649625692831272e-05,-0.0007912037005297278
2021-06-09,15635.349609375,15800.4501953125,15566.900390625,15766.2998046875,457900,0.004128055481937032,0.018208959259412995,0.037806571142296665,0.07255678193997159,0.014023015989447432,0.01924714146803212,0.03348428480215339,64.87097429198039,65.55542249058342,60.22097763698178,0.0,0.9499314184334008,1.0811080801398916,1.179083808465509,0.005861979055939201,1.572073416304522,-0.022250997099288208,-0.007655373682856891,-0.010130569082279762,-0.008691433176690164,-0.010080668412557187,-0.008567536272622453,-0.005758658910663524,-0.00797359882485002,-0.00016742117862292294,-5.902373209786575,-3.3460348286317583,0.0,0.0,0.03872361672522073,-0.09283295219885757,0.00029984518484940485,-0.00018477007513597894
2021-06-10,15737.75,15751.25,15648.5,15692.099609375,298300,0.008741115232088748,0.022564878267260703,0.04277948072149608,0.07872707036890458,0.013703975010467792,0.019768528025810042,0.034472858655155425,71.59495821908166,68.31103046915351,61.562035339017086,0.0,0.9022900782010497,1.0499575653766824,1.1506993431617838,0.005809518586286392,-1.5388406904296528,-1.076743063046124,0.004613059750151716,-0.008936811623146204,0.004355919007847708,-0.009897938193466113,0.004972909579199415,-0.006326492735524922,0.006170288428932996,-0.0009927691434179903,2.755607978570083,-3.065280984985918,0.0,0.0,-0.03115051476320918,-0.09088002237087278,-5.2460469652808664e-05,8.186373895871773e-05
2021-06-11,15799.349609375,15835.5498046875,15749.7998046875,15796.4501953125,363000,0.010358386630088597,0.02409392695377511,0.044940780213503596,0.08205625588532871,0.013594720947979179,0.02035638793576154,0.0355192144613608,74.95882234595892,69.87245618027646,62.353780363857446,0.0,0.8428200505428033,1.0153744651799355,1.1211080908609625,0.00569930868528366,-0.2658220758433277,-0.5238702154392526,0.0016172713979998483,-0.002998971602874795,0.001529048686514406,-0.004135442923210431,0.0021612994920075165,-0.000862458291663433,0.003329185516424124,0.004559432243041728,1.5614257111229506,-0.4427524915704453,0.0,0.0,-0.03458310019674693,-0.09604379458243151,-0.0001102099010027325,4.646086478207311e-05
2021-06-14,15811.849609375,15823.0498046875,15606.5,15791.400390625,392900,0.009110588718780547,0.022589004705778536,0.04389392267060584,0.08201968368427771,0.013356728328567921,0.020834292043808152,0.03652263911656301,75.64173966284794,70.1934097753533,62.51625823464532,0.0,0.9476312621844976,1.039926728702925,1.1320941581447606,0.0058868766700814115,0.2584964578068383,-0.23850171461823724,-0.00124779791130805,-0.006073632177082934,-0.0015049222479965735,-0.007836858666376213,-0.0010468575428977597,-0.005233871160054325,-3.65722010509939e-05,-0.00017951659315165736,0.32095359507684407,-1.9292956725158064,0.0,0.0,0.02455226352298956,-0.03356915207376199,0.00018756798479775162,0.00030909317329878404
2021-06-15,15869.25,15901.599609375,15842.400390625,15866.9501953125,323300,0.010427135541139896,0.023853167652677462,0.04572803142149777,0.08501973681838094,0.013287481738450325,0.02136523523091832,0.03757354131883838,78.74692031259356,71.68511443686023,63.27114078947364,0.0,0.8684747169678964,1.0025505098911398,1.1012164179293706,0.005693717796488188,-0.7015141093150599,-0.7076068457505258,0.001316546822359349,-0.0013562936236540275,0.0012641629468989266,-0.003047224783425697,0.001834108750891933,-0.0006460759934213481,0.003000053134103231,0.004489356053559337,1.4917046615069296,0.2273187364902327,0.0,0.0,-0.03737621881178521,-0.03983395352353103,-0.0001931588735932235,0.00013158392539839182
2021-06-16,15767.5498046875,15880.849609375,15742.599609375,15847.5,340200,0.003230870656884199,0.01569502671650648,0.03743860190939472,0.07722947505105492,0.012424015671947118,0.02140758261185929,0.03835491861246103,62.32402198795629,65.43651961381478,61.01345611769379,0.0,0.8746212374540554,0.9995729183462093,1.0972945408982235,0.00574353984670441,-0.09190809192289202,-0.49694704141052315,-0.007196264884255696,-0.000897184825052833,-0.008158140936170982,-0.002513932542906515,-0.008289429512103048,-0.0003679692329019435,-0.007790261767326029,0.004672693111083329,-6.248594823045451,-0.11890287676864375,0.0,0.0,-0.0029775915449304913,-0.08153516179368225,4.982205021622239e-05,-0.00011843920923479065
2021-06-17,15691.400390625,15769.349609375,15616.75,15648.2998046875,357600,-0.0013211253813717374,0.009799229459956477,0.03111702096580361,0.07125923606504811,0.011135065659193815,0.021110920749313655,0.03893080444123111,52.71943785061205,61.13915432618258,59.368505804488464,0.0,0.8975935209294846,1.0021438518267274,1.0964236959155917,0.005791382382915694,0.08420686363495718,-0.30014247966850327,-0.004551996038255937,-0.010062240613460486,-0.005895797256550003,-0.012765648807304226,-0.006321580943591112,-0.01166245975569247,-0.005970238986006807,-0.007467834303856474,-4.2973652876322035,-7.17187614297093,0.0,0.0,0.0025709334805180672,-0.047813713549955006,4.7842536211283905e-05,-1.813620337069808e-05
2021-06-18,15683.349609375,15761.5,15450.900390625,15756.5,640800,-0.001500650702157421,0.008430279883829184,0.029353247185633608,0.06995680722176231,0.009945855841538766,0.020748055387839748,0.039445700634979645,51.73602828410534,60.68539827524533,59.19353436791529,0.0,1.1145317857990982,1.0724999640972601,1.1390558245616735,0.006361939564403534,1.7539017924770377,1.9960601714967603,-0.00017952532078568365,-0.011859037332246018,-0.001368949576127293,-0.015663647069945927,-0.0017637737801700012,-0.015587533027869988,-0.0013024288432857967,-0.012099448663566395,-0.453756050937244,-9.187057905031125,0.0,0.0,0.07035611227053273,0.05712549891732466,0.0005705571814878397,0.0006626308791198741
2021-06-21,15746.5,15765.150390625,15505.650390625,15525.849609375,351500,0.0020607881005796484,0.011342405247608153,0.032142157158179634,0.0734718341838014,0.009262529037406942,0.020566478576045724,0.04004262081438055,58.77361441825059,63.004775395672986,60.14893012056268,0.0,1.2176466718292094,1.109612088893827,1.158939974337193,0.006469467668222132,-0.38265041421539503,-0.28676238971583995,0.0035614388027370696,-0.007049800618200899,0.0029121253637789685,-0.011246599458170383,0.0027889099725460255,-0.011751765512426203,0.0035150269620390917,-0.00854784950047631,2.319377120427653,-7.188634379680316,0.0,0.0,0.03711212479656689,0.06968536019090199,0.00010752810381859778,0.0005825909981407203
2021-06-22,15772.75,15895.75,15752.099609375,15840.5,322200,0.003050779923794808,0.01182994373827733,0.03249167704102492,0.0744567240628982,0.008752461979192624,0.02042016391253589,0.04064444097228868,61.4963333452638,63.956651808842444,60.54711124338411,0.0,1.1617465980483377,1.096228748275015,1.146975053020202,0.0064983129381555324,-0.5993338824583947,-0.4896472704739758,0.0009899918232151596,-0.007376355617345088,0.00048753849066917807,-0.012023223914400132,0.00034951988284528945,-0.013236354380472846,0.000984889879096798,-0.010563012755482742,0.9518764131694581,-7.7284626280177875,0.0,0.0,-0.013383340618811967,0.09367823838387523,2.8845269933400718e-05,0.0008045951416673445
2021-06-23,15686.9501953125,15862.9501953125,15673.9501953125,15862.7998046875,287500,-0.001969050584042376,0.005747460751324941,0.02579406745133029,0.067882898905074,0.007731735513696221,0.019932048036223633,0.0410304882717024,49.12460439281551,58.64524712013542,58.5636660890486,0.0,1.1754452391264323,1.1095530398911087,1.1557043718331665,0.0064934223975137125,-0.7359851664683614,-0.7379897021074184,-0.005019830507837184,-0.005199921240926575,-0.00608248298695239,-0.009947565965181539,-0.006697609589694634,-0.011644534458064432,-0.0065738251578242035,-0.009346576145980917,-5.311404688707022,-6.791272493679358,0.0,0.0,0.013324291616093609,0.10998012154489933,-4.890540641819957e-06,0.0007498825508093021
2021-06-24,15790.4501953125,15821.400390625,15702.7001953125,15737.2998046875,316700,0.003773395828793246,0.011244816068078742,0.031245250100154297,0.07412779525152083,0.007443333595344506,0.019778033681142837,0.04158326561717671,60.35047442364488,62.67235277320423,60.194891212048766,0.0,1.1044855864984842,1.0843650034038281,1.1340023432159025,0.006470254974649869,-0.4608051763210411,-0.924956303969601,0.005742446412835622,0.005094521210164984,0.005497355316753801,0.0014455866081222648,0.005451182648824007,0.00012822913435068736,0.006244896346446829,0.002868559186472719,4.0271056530688085,1.533198447021654,0.0,0.0,-0.02518803648728052,0.08222115157710075,-2.3167422863843053e-05,0.0006788725917341752
2021-06-25,15860.349609375,15870.7998046875,15772.2998046875,15839.349609375,314600,0.0067127983719563605,0.014271677803724537,0.034357679310468264,0.07803647236994775,0.007508476542656757,0.01980337413170936,0.0422279390709382,66.22286571586051,65.14121952927394,61.262929457170976,0.0,1.0039034515748801,1.0468331236705408,1.1048160664841866,0.006441863927135194,-0.17093840171247862,-0.860516824339912,0.0029394025431631146,0.008213449074113782,0.0030268617356457948,0.0058413979198953525,0.0031124292103139675,0.005004432124834656,0.00390867711842692,0.008079665148185436,2.4688667560697084,4.455821254028606,0.0,0.0,-0.03753187973328731,-0.025666840426719295,-2.839104751467536e-05,7.992436273166013e-05
2021-06-28,15814.7001953125,15915.650390625,15792.150390625,15915.349609375,255100,0.0031194187739552615,0.01030971554896612,0.03011291257938613,0.0741327746457423,0.007167936977831681,0.0196011151092016,0.04273304559995384,59.507673836738675,62.24572390843006,60.169525811453084,0.0,0.9616247911760167,1.0306451249018098,1.0924296078037268,0.006454250048787535,-1.571184620765514,-1.4365015102823864,-0.003593379598001099,0.0010586306733756132,-0.003961962254758417,-0.001032689698642033,-0.004244766731082133,-0.002029244578793502,-0.0039036977242054433,0.000660940461940901,-2.8954956208438816,-0.7590514872429281,0.0,0.0,-0.016187998768731005,-0.07896696399201719,1.2386121652340626e-05,-1.5217619434597027e-05
2021-06-29,15748.4501953125,15835.900390625,15724.0498046875,15807.5,360300,-0.0008860929974229891,0.0055218458474756045,0.02476090346051415,0.06889248183536009,0.006413621910361484,0.019133405895148354,0.04306524402503848,50.78784934650915,58.2023586878347,58.595570184159676,0.0,0.9145825626257535,1.0117844857395248,1.0786064926654253,0.0062327779598292605,1.3727481002648658,-0.12333654509895844,-0.004005511771378251,-0.0039368729212177975,-0.004787869701490515,-0.006308097890801726,-0.005352009118871983,-0.007730773580510775,-0.005240292810382213,-0.00556424222753811,-4.043365220595355,-5.754293121007741,0.0,0.0,-0.018860639162284976,-0.0844442625354902,-0.00022147208895827424,-0.000265534978326272
2021-06-30,15721.5,15839.099609375,15708.75,15776.900390625,262400,-0.0021248953393277724,0.00345435583373864,0.022085067645310513,0.0663517220503106,0.005591131742848358,0.0185665762505881,0.043310146881396124,47.48553131886224,56.591904134826244,57.95600525586725,0.0,0.8987436654969542,1.000347338286805,1.0684869629220006,0.0062253644754308385,-0.9078667791460289,-1.1902672659288758,-0.0012388023419047834,-0.00015584475528539633,-0.0020674900137369646,-0.002293104917586301,-0.002675835815203635,-0.0037089998060197762,-0.0025407597850494873,-0.0015311768547633942,-1.6104545530084593,-2.053342985309179,0.0,0.0,-0.011437147452719731,-0.10920570160430354,-7.413484398421932e-06,-0.00026805792208287396
2021-07-01,15680.0,15755.5498046875,15667.0498046875,15755.0498046875,224900,-0.003897085793995391,0.0007322556037965041,0.018612644397622426,0.06286492494731276,0.00464745292054682,0.01786730535935179,0.04344367880477258,42.518775687871205,54.1090639128994,56.96313121330757,0.0,0.8337805376076719,0.9716676786870816,1.0471767363689404,0.006120380699050091,-1.089727820265961,-1.449258971270879,-0.0017721904546676185,-0.0076704816227886365,-0.0027221002299421355,-0.010512560464282238,-0.0034724232476880876,-0.012632605702531871,-0.003486797102997846,-0.01126287030420807,-2.4828402219268426,-8.56328886030483,0.0,0.0,-0.028679659599723517,-0.11269732471674654,-0.00010498377638074735,-0.00034987427559977826
2021-07-02,15722.2001953125,15738.349609375,15635.9501953125,15705.849609375,254800,-0.0009953216150716496,0.0031131808165347098,0.020499494982637242,0.06502894220469131,0.0041125957870873,0.017332355409735583,0.04363495272754808,48.864057433011,56.21280661501349,57.7268283773607,0.0,0.7954949809588049,0.946362824732425,1.0256487845357491,0.006138765479468152,-0.32307633837551003,-1.004721412917261,0.0029017641789237415,-0.00770811998702801,0.0023809252127382054,-0.011158496987189827,0.0018868505850148168,-0.013858184327831022,0.002164017257378553,-0.013007530165256437,2.10374270211409,-8.928412914260448,0.0,0.0,-0.025304853954656648,-0.10047029893811588,1.8384780418060666e-05,-0.00030309844766704223
2021-07-05,15834.349609375,15845.9501953125,15762.0498046875,15793.400390625,207000,0.005010496836308878,0.009326362861884228,0.026660497872515402,0.07185142426253607,0.004294349202482307,0.01717396438698111,0.044017400575620674,61.90305913755434,61.291368560145735,59.69782470278227,0.0,0.7881943612392633,0.9283649620647334,1.0071056149399518,0.006096443315357397,-0.9238144822384947,-1.3689201792306056,0.006005818451380527,0.0018910780623536162,0.006213182045349519,-0.0009833526870818912,0.0061610028898781595,-0.0034524147068707295,0.0068224820578447615,-0.002281350383206232,5.078561945132243,-0.9543553482843237,0.0,0.0,-0.017997862667691544,-0.10228016283707642,-4.232216411075452e-05,-0.0003578067334301374
2021-07-06,15818.25,15914.2001953125,15801.0,15813.75,391400,0.003261076134798931,0.007539881718791142,0.02458736468947445,0.0700082288138759,0.004264897428769884,0.016919908859192274,0.04433088450018835,59.36773396395611,60.21173152305686,59.28630751286624,0.0,0.7743233269830991,0.9140470180185316,0.9942020482421248,0.006128251086389265,1.7012270122077628,0.5868207652094164,-0.0017494207015099467,0.00414716913222192,-0.0017864811430930863,0.0020180358713155376,-0.0020731331830409518,-0.00017353877103969823,-0.0018431954486601704,0.0011157469785158108,-1.0796370370888724,2.009372835222159,0.0,0.0,-0.014317944046201792,-0.09773746772099323,3.180777103186771e-05,-0.00010452687343999543
2021-07-07,15879.650390625,15893.5498046875,15779.7001953125,15819.599609375,329300,0.005846772042456016,0.010398962003787149,0.027413539312506268,0.07336952353578508,0.004525729055219346,0.016839464358688983,0.04472978257034675,65.6308801973166,62.896079049165415,60.36684099062198,0.0,0.7604540316750036,0.8966870500014348,0.977338573080549,0.006137360924147005,0.6195575662368885,-0.004346095847497269,0.002585695907657085,0.007971667381783789,0.002859080284996007,0.006944606170048509,0.002826174623031818,0.005328471667195755,0.003361294721909172,0.00701780148547447,2.684347526108553,6.304174914339171,0.0,0.0,-0.017359968017096827,-0.10366028828537033,9.109837757740116e-06,-8.800355128383338e-05
2021-07-08,15727.900390625,15885.75,15682.900390625,15855.400390625,307900,-0.0030828571383619808,0.0006757099165535431,0.016893643704928046,0.06244493422997298,0.00377019001210733,0.01620698256953486,0.04479454740132346,45.43649338814264,53.321338909352626,56.52209362632397,0.0,0.8721817391842693,0.9327962005007409,1.001195781595261,0.00603325048018654,0.13905503196761893,-0.2485920691050111,-0.008929629180817997,0.0008142286556334101,-0.009723252087233606,-5.6545687242961075e-05,-0.010519895607578222,-0.0017190006926943793,-0.010924589305812096,-0.0004199907173397799,-9.57474013981279,-0.7877250035467753,0.0,0.0,0.036109150499306075,-0.038871478186340735,-0.00010411044396046489,-8.713021886355091e-05
2021-07-09,15689.7998046875,15730.849609375,15632.75,15688.25,243200,-0.004502760661222068,-0.0015897171427388906,0.01385650234103601,0.05924015401043326,0.002926219584916236,0.01547081370152834,0.044763387683172666,41.67986298534979,51.213322376046996,55.600070273962515,0.0,0.82448867172703,0.9129315946610258,0.9856088349449973,0.006038797676576133,-0.7243592041376151,-0.8873230513913659,-0.0014199035228600874,-0.0035074390461504188,-0.002265427059292434,-0.004702897959273601,-0.0030371413638920364,-0.0066429926416012326,-0.003204780219539717,-0.00578878819425805,-2.10801653330563,-4.999484238966495,0.0,0.0,-0.019864605839715055,-0.03343123007139914,5.5471963895928e-06,-9.996780289201878e-05
2021-07-12,15692.599609375,15789.2001953125,15644.75,15766.7998046875,216300,-0.0035415168589923362,-0.001283395033430914,0.013479514988964068,0.0588030653440142,0.0022661474248715672,0.014781881015074497,0.04472073651685369,42.09033878508574,51.36548162332544,55.65519631018424,0.0,0.8435730214416068,0.9133208643785079,0.9823408840863449,0.00611290554965767,-1.165332792065154,-1.0674078184480518,0.0009612438022297319,-0.008552013695301213,0.00030632210930797666,-0.010609757895315142,-0.00037698735207194155,-0.013180982883551334,-0.00043708866641906097,-0.013048358918521873,0.15215924727844055,-9.925886936820298,0.0,0.0,0.00038926971748209915,-0.0150440976862255,7.41078730815371e-05,1.6462234300272834e-05
2021-07-13,15812.349609375,15820.7998046875,15744.599609375,15794.0,246700,0.003321364058579684,0.005758315808371948,0.020364524721891722,0.06617323761050942,0.002428884539978739,0.014522583292567783,0.04489445857704943,57.142283773320734,57.47459315480153,57.96980682862818,0.0,0.831899569931974,0.8995723811059495,0.9670851639687297,0.005779907259509337,-0.46110458527187886,-0.6894118461225928,0.00686288091757202,6.028792378075286e-05,0.007041710841802862,-0.0017815659104191937,0.0068850097329276536,-0.004222839967582728,0.007370172266495216,-0.0038349912033664862,6.1091115314760955,-2.73713836825533,0.0,0.0,-0.013748483272558398,-0.014474636912582106,-0.00033299829014833346,-0.00034834382687992833
2021-07-14,15853.9501953125,15877.349609375,15764.2001953125,15808.7001953125,0,0.004871896930397564,0.007634491939149889,0.02212511310641541,0.06824503387278644,0.0027492011839432267,0.014380830830213975,0.04512160025713935,61.226828359051964,59.38333126303018,58.745560902939275,0.0,0.806513051665382,0.8841038166044523,0.952602353697217,0.005843294303412278,-1.7154370745387766,-2.5254093643106272,0.0015505328718178803,-0.000974875112058452,0.0018761761307779408,-0.0027644700646372597,0.0017605883845236876,-0.0052884262060908585,0.0020717962622770203,-0.005124489662998638,1.908738108228647,-3.512747786135236,0.0,0.0,-0.01546856450149725,-0.01258323339698253,6.3387043902941e-05,-0.00029406662073472745
2021-07-15,15924.2001953125,15952.349609375,15855.0,15872.150390625,284900,0.007616270561538836,0.010987362918769727,0.025582219583134547,0.07219992232205129,0.0033456112765549145,0.014436240451343285,0.045454866366409226,67.35611730481313,62.44851522790106,60.03725345637445,0.0,0.7659488284515763,0.8614692975731222,0.9326629640359818,0.005786999574117698,0.7638784411346312,-0.05165202760198258,0.0027443736311412717,0.010699127699900817,0.0033528709796198384,0.010311653002216184,0.003457106476719138,0.008688575878206501,0.003954888449264851,0.00975498809207831,3.065183964870883,9.127176318548436,0.0,0.0,-0.02263451903133007,-0.07132690292761867,-5.6294729294579723e-05,-0.0002462509060688423
2021-07-16,15923.400390625,15962.25,15882.599609375,15958.349609375,276300,0.006181584097470107,0.009932475088591094,0.024504970206682256,0.07137695947081288,0.0037278469914408937,0.014429177670331738,0.04575086566410188,67.2149840771409,62.39078609936988,60.01506737248263,0.0,0.7128317771928397,0.8357052187748055,0.9121145659295081,0.00564663966474354,0.6074328754416753,0.04493408657731121,-0.0014346864640687289,0.010684344758692175,-0.0010548878301786333,0.011522192231329985,-0.0010772493764522918,0.010648467865646246,-0.0008229628512384096,0.012136805460379617,-0.05772912853117873,11.177463723322887,0.0,0.0,-0.02576407879831666,-0.07722637588622028,-0.00014035990937415806,-0.00039215801183259315
2021-07-19,15752.400390625,15836.900390625,15707.5,15754.5,242100,-0.0037862198025273896,-0.0008301608841467769,0.012966509565605883,0.05924050786097223,0.002967293744716775,0.013808133422002686,0.04568166652934083,44.14341568431771,51.44155086376144,55.47015372105436,0.0,0.8505733805494193,0.8823350669891086,0.9433765498233916,0.0049450545566922105,0.2701320723430114,-0.3162614074521977,-0.009967803899997497,-0.00024470294353505333,-0.01076263597273787,0.0004532341492841371,-0.011538460641076373,-0.0005130054233581857,-0.01213645160984065,0.00043744251695802816,-10.949235235608441,0.07606924043600571,0.0,0.0,0.04662984821430305,-0.030985797389399328,-0.0007015851080513294,-0.0011678509929654596
2021-07-20,15632.099609375,15728.4501953125,15578.5498046875,15703.9501953125,274300,-0.009341950784328517,-0.0076975587588283415,0.005024355282837106,0.050616380030148005,0.0016598987176272193,0.012820601374065833,0.04536409939486516,34.44054643903233,45.40456856076876,52.565890537974134,0.0,0.9081230311412466,0.9050548086674503,0.9583271086385318,0.004832651684013391,0.48350258449268557,0.12156799146418154,-0.005555730981801127,-0.0126633148429082,-0.006867397874681565,-0.01345587456720029,-0.007942154282768777,-0.015340169439054616,-0.008624127830824224,-0.015556857580361412,-6.0369823029926835,-12.070024594032773,0.0,0.0,0.022719741678341676,0.005482427561500747,-0.00011240287267881913,-0.0009472555754959453
2021-07-22,15824.0498046875,15834.7998046875,15726.400390625,15736.599609375,265300,0.0023081911876824705,0.004077567798703619,0.016672937991653723,0.06284541308977948,0.0017653019566013226,0.012544220284259165,0.04541526913201343,53.47646539975331,54.5664964930655,56.347687698343094,0.0,0.9738783586221375,0.921710994273129,0.9626194964281505,0.004721102929416643,-0.20048809867386658,0.020810103570080604,0.011650141972010988,-0.0025637057427150937,0.01177512655753196,-0.0035569241404462704,0.011648582708816618,-0.005452175114761686,0.012229033059631474,-0.005399620783006959,9.161927932296742,-4.816834769964679,0.0,0.0,0.01665618560567872,0.03760717766867672,-0.00011154875459674831,-0.0011221913739956346
2021-07-23,15856.0498046875,15899.7998046875,15768.400390625,15856.7998046875,294100,0.0035441042701082988,0.005549692871037484,0.017981219979835115,0.064306438127693,0.001998505688385144,0.012362916718022393,0.045506947710465165,55.96337911864035,55.89530231384642,56.94119375124564,0.0,0.9432707506546576,0.9133402109669857,0.9543922694059385,0.004774276279041318,1.2486492429335765,0.40747569926445415,0.0012359130824258283,-0.004072166291430537,0.001472125072333865,-0.005437670047732244,0.0013082819881813923,-0.007600999603299432,0.0014610250379135242,-0.007893484194358286,1.3288058207809215,-6.55321291405464,0.0,0.0,-0.00837078330614327,0.051870913393863516,5.317334962467481e-05,-0.00101272329507638
2021-07-26,15824.4501953125,15893.349609375,15797.0,15849.2998046875,267100,0.001263029134473066,0.0032223497889251607,0.015317309823975275,0.06152854457981373,0.001956849097030777,0.01205611102822306,0.0455140814686298,52.7168733064271,54.20923468941082,56.1592683122697,0.0,0.8778965725433743,0.893285575049254,0.9397536699800365,0.004742108362537265,-0.07916227094277212,0.09060935469707881,-0.0022810751356352327,-0.004918554962997041,-0.002327343082112323,-0.0067101252996659335,-0.002663910155859841,-0.009187660382706981,-0.0027778935478792732,-0.00984841489099915,-1.6860676244356014,-8.181551409959063,0.0,0.0,-0.02005463591773171,0.05758035627444846,-3.216791650405282e-05,-0.0009045313022062748
2021-07-27,15746.4501953125,15881.5498046875,15701.0,15860.5,311000,-0.00300659826356773,-0.0015662585849954926,0.00990430213249943,0.05570481947855858,0.0014446832607554296,0.011488554765024835,0.045351343933625624,45.17067053499529,50.18510396806207,54.252212578505194,0.0,0.9351174634402298,0.9154887435794578,0.9540371971518637,0.0048735580568869865,1.4563460766017102,0.6213768266175692,-0.004269627398040796,0.0007796215389596598,-0.004788608373920653,-0.0007360977008487158,-0.0054130076914758445,-0.0030622074331064526,-0.005823725101255152,-0.0035356883824136515,-4.024130721348747,-1.2564468956993693,0.0,0.0,0.022203168530203765,0.03315367659034918,0.00013144969434972145,-7.1496499805224e-05
2021-07-28,15709.400390625,15767.5,15513.4501953125,15761.5498046875,318600,-0.004383521001725653,-0.003560787647094639,0.007230745208975408,0.05266340361936641,0.000826355702206532,0.010830096530010953,0.04510650476715229,41.85080316538494,48.34914241327041,53.3596463016074,0.0,1.0732949779340382,0.96761469449578,0.9877584865918637,0.005396961924040528,1.1171258397555401,0.768874194404579,-0.0013769227381579233,0.004958429782602864,-0.0019945290620991462,0.004136771111733703,-0.0026735569235240217,0.0022063899261383028,-0.0030414158591921675,0.002047023589218405,-1.8359615547916661,2.944573852501648,0.0,0.0,0.05212595091632222,0.06255988582832972,0.0005234038671535412,0.0005643102400271363
2021-07-29,15778.4501953125,15817.349609375,15737.7998046875,15762.7001953125,401600,-6.008385399070444e-06,0.0007444955334715808,0.011195678724956252,0.05668795951210565,0.0007505084282145332,0.010443408120784526,0.04498860284342971,49.86290855931253,51.88223801498206,54.79699174400638,0.0,0.9917096177252507,0.9434356256757868,0.9691844286172027,0.005364283305259453,1.646086797458247,1.6431479148186139,0.004377512616326583,-0.002314199573081541,0.00430528318056622,-0.003333072265232038,0.0039649335159808435,-0.005477259266697471,0.004024555892739243,-0.006157453577673826,3.5330956017116506,-2.684258478083443,0.0,0.0,-0.02417906881999321,0.02172463140265779,-3.267861878107452e-05,0.0006431803758428101
2021-07-30,15763.0498046875,15862.7998046875,15744.849609375,15800.599609375,400000,-0.000803632416562167,-0.00021115957025396787,0.00980444503435423,0.0550722945397318,0.0005929493596349816,0.010017719942046085,0.044828332582589815,48.137075796590366,51.043602717077086,54.40916750290446,0.0,0.943796837526845,0.9303511262726729,0.9595664973803282,0.005347837776903372,1.0196644549942844,1.4376387632072127,-0.0007976240311630965,-0.004347736686670466,-0.0009556551037255487,-0.005760852441291452,-0.0013912336906020221,-0.008176774945480886,-0.0016156649723738509,-0.0092341435879612,-0.8386352979049718,-4.851699596769336,0.0,0.0,-0.013084499403113847,0.017010915305687213,-1.6445528356081457e-05,0.0005735614978620539
2021-08-02,15885.150390625,15892.900390625,15834.650390625,15874.900390625,244800,0.005667878056771492,0.006843681307939033,0.01692346138606464,0.06257620299140904,0.0011691765013311527,0.010011266163016964,0.04489299670903433,60.714378876151244,56.98087184480178,56.916268466126134,0.0,0.9127206609048237,0.9156452877462695,0.9457738250527247,0.005345714189036452,-1.3612327675630993,-0.36388995037184474,0.006471510473333659,0.004404848922298426,0.007054840878193001,0.003621331519013872,0.00711901635171041,0.0016061515620893647,0.007503908451677234,0.0010476584115953064,5.937269127724697,2.7716371553909624,0.0,0.0,-0.014705838526403392,0.022359712697015532,-2.123587866919782e-06,0.0006036058264991869
2021-08-03,16130.75,16146.900390625,15914.349609375,15951.5498046875,341300,0.017292220291033233,0.020331711609540424,0.031325727724489584,0.07815709036859851,0.0029878251871793874,0.010774943079644612,0.04540889593381651,74.96293079849399,65.93103303721591,61.349803991378124,0.0,1.0435946233425613,0.953202159602515,0.9642930986723341,0.005504278975268379,0.0006152151451335309,0.6835790443090305,0.011624342234261741,0.020298818554600962,0.013488030301601391,0.021897970194535918,0.014402266338424945,0.021421425591990152,0.015580887377189476,0.022452270890039934,8.950161192414129,15.745929069153838,0.0,0.0,0.037556871856245455,0.03771341602305722,0.0001585647862319267,0.0006307209183813922
2021-08-04,16258.7998046875,16290.2001953125,16176.150390625,16195.25,427300,0.020660126566773514,0.025780050875851297,0.03790439262667099,0.08577890559620803,0.005016287181022571,0.01181963106074002,0.04612613002665773,79.48815302473133,69.49457784499526,63.38693288784446,0.0,1.0244406280120597,0.9481954242453289,0.9578415600520864,0.005535569373363925,0.87836161600849,1.616111430736642,0.0033679062757402817,0.025043647568499167,0.005448339266310873,0.029340838522945934,0.006578664902181404,0.030673647417695578,0.007621815227609519,0.03311550197684162,3.5635448077793512,21.145435431724856,0.0,0.0,-0.005006735357186098,-0.019419270250451093,3.12903980955459e-05,0.00013860744932339686
2021-08-05,16294.599609375,16349.4501953125,16210.2998046875,16288.9501953125,418200,0.018664753206839184,0.025424908804883108,0.03855289614734257,0.0872158270553828,0.006636290866806185,0.012802485320704693,0.04685647797869728,80.63006620245805,70.42594424530338,63.938010159143815,0.0,0.9885451784492773,0.9395303558996256,0.9508909181502305,0.005582829293868438,0.6851039443119464,1.3918943810343878,-0.0019953733599343305,0.018670761592238256,-0.0003551420709681889,0.024680413271411527,0.0006485035206715839,0.02735721742238632,0.0014369214591747753,0.030527867543277153,0.9313664003081215,18.543706230321327,0.0,0.0,-0.008665068345703242,-0.0039052697761611244,4.7259920504513775e-05,0.00021854598860898515
2021-08-06,16238.2001953125,16336.75,16223.2998046875,16304.400390625,320100,0.012352386021921033,0.019847505456151562,0.033541329234525796,0.08255379326368484,0.007403666487795718,0.013427324874662841,0.04742187142671814,73.14565602488803,66.95760130931913,62.4034869986566,0.0,0.9333153937535653,0.9253556411692121,0.9420254512623476,0.00557254676960714,-0.4017501376594104,0.32746110665977635,-0.006312367184918151,0.0131560184384832,-0.005577403348731545,0.02005866502640553,-0.005011566912816776,0.023736884200171567,-0.004662033791697967,0.027481498723953036,-3.4683429359842535,15.913998592242045,0.0,0.0,-0.01417471473041354,-0.004995485103460817,-1.0282524261298782e-05,0.00022470899270376783
2021-08-09,16258.25,16320.75,16179.0498046875,16281.349609375,240500,0.011101754294716085,0.019151200508542885,0.03340647041363161,0.08298645343328995,0.007961064432571982,0.01398739450826878,0.04797723300475701,74.14117975215149,67.56906277211274,62.73322271429405,0.0,0.9200432810148601,0.9204533589427192,0.93756349886776,0.005485746227388349,-1.4192460051081535,-0.5269773705900633,-0.0012506317272049476,0.005433876237944593,-0.0006963049476086773,0.012307519200603852,-0.00013485882089418755,0.01648300902756697,0.0004326601696051091,0.02041025044188091,0.6114614627936135,10.588190927310961,0.0,0.0,-0.0049022822264929156,0.004808071196449659,-8.680054221879042e-05,0.00014003203835189718
2021-08-10,16280.099609375,16359.25,16202.25,16274.7998046875,288000,0.010171977303030993,0.01862057820950108,0.03338519935656585,0.08353148629342544,0.008363527296635429,0.014494721059943197,0.04852622910419369,75.30510367753058,68.25841991495645,63.098973000817445,0.0,0.9279203015532305,0.9224429814137948,0.9376414933713276,0.005601254532915213,-0.6216795395440231,-0.055890993057017654,-0.0009297769916850919,-0.00712024298800224,-0.0005306222990418066,-0.0017111334000393455,-2.127105706575816e-05,0.0020594716320762665,0.0005450328601354915,0.005374395924826927,0.6893571428437042,2.327386877740537,0.0,0.0,0.0019896224710755916,-0.030759178188720204,0.00011550830552686363,9.69755576468341e-05
2021-08-11,16282.25,16338.75,16162.5498046875,16327.2998046875,277900,0.008415928406230365,0.017021092312775293,0.03216483672430579,0.08277310814315625,0.008533347861873937,0.014890295320318865,0.04903119116076619,75.43207476540587,68.32976997817661,63.135899184888636,0.0,0.9586704452596113,0.9337383022671955,0.9444054480320503,0.005694815950295366,-0.4608226627863299,-0.18457206246221,-0.0017560488968006282,-0.01224419816054315,-0.001599485896725785,-0.008758958563076003,-0.0012203626322600594,-0.005739555902365197,-0.00075837815026919,-0.003005797453051781,0.0713500632201658,-1.1648078668186486,0.0,0.0,0.011295320853400681,-0.014457121978133425,9.356141738015283e-05,0.00015924657693144103
2021-08-12,16364.400390625,16375.5,16286.900390625,16303.650390625,280200,0.011021491498536503,0.020098040023353685,0.03585437986650319,0.08728152460045682,0.008977601961125393,0.015445907378460196,0.049647079486772425,80.01240884183069,71.0106719117094,64.54162726445728,0.0,0.8770531851619212,0.9033925611900679,0.9220535184991484,0.005687446122526578,-0.040131566564119835,-0.4821088601058355,0.0026055630923061384,-0.0076432617083026805,0.0030769477105783913,-0.005326868781529423,0.003689543142197396,-0.0026985162808393845,0.004508416457300574,6.569754507401715e-05,2.6809019335327804,0.5847276664060104,0.0,0.0,-0.030345741077127508,-0.03613779470955769,-7.369827768787668e-06,0.00010461682865813959
2021-08-13,16529.099609375,16543.599609375,16376.2998046875,16385.69921875,321900,0.017276335049073395,0.027528372168243526,0.044384274463289,0.09715214019615855,0.01007792746763894,0.016404318120653856,0.05052533538001331,86.08175440434563,75.49023316637256,67.14632762562339,0.0,0.9114800152299275,0.9079447562881177,0.9210220836969825,0.005687052658136491,1.3850011035923115,0.1931410572461388,0.006254843550536892,0.004923949027152362,0.007430332144889841,0.007680866712091963,0.008529894596785811,0.010842945228763202,0.009870615595701723,0.014598346932473708,4.479561254663167,8.532631857053431,0.0,0.0,0.004552195098049716,-0.017410884881094435,-3.9346439008672296e-07,0.00011450588852935165
2021-08-16,16563.05078125,16589.400390625,16480.75,16518.400390625,254000,0.015789187827309956,0.026872085795548076,0.04462335664565482,0.09831935689460528,0.010910628013223424,0.01728674008735402,0.051402258916908944,87.02900465891986,76.30313144371817,67.65426882414664,0.0,0.8588854294618352,0.8882191317508867,0.9066030352581278,0.005704524138701285,-1.2402327641032003,-0.9273569378179602,-0.0014871472217634386,0.004687433532593871,-0.0006562863726954499,0.007720885287005191,0.00023908218236581846,0.011216886232023209,0.0011672166984467297,0.015332903461315328,0.8128982773456102,8.734068671605428,0.0,0.0,-0.019725624537230924,-0.03223422719183244,1.7471480564793494e-05,0.00021877791131293556
2021-08-17,16614.599609375,16628.55078125,16495.400390625,16545.25,297400,0.01545180170611139,0.027260029399688177,0.04591088898685869,0.10062345533875466,0.011628545711118135,0.018155928444008214,0.05231092526906794,88.42450694139053,77.52212387192975,68.42297267234869,0.0,0.8452576968112661,0.8794592254700384,0.8989147487170638,0.005766393575872054,0.44114238798178934,-0.25605517577990905,-0.0003373861211985671,0.005279824403080396,0.00038794360414010076,0.008639451190187098,0.0012875323412038717,0.012525689630292838,0.0023040984441493884,0.017091969045329225,1.2189924282115783,9.263703956973302,0.0,0.0,-0.008759906280848329,-0.04298375594375636,6.186943717076919e-05,0.00016513904295684112
2021-08-18,16568.849609375,16701.849609375,16535.849609375,16691.94921875,251800,0.010330852192096033,0.022161110169890624,0.04127373258114624,0.09652796799687943,0.01170929102296213,0.018698248466994565,0.05306408265842549,79.56153283080168,73.88926617149184,66.9583907850258,0.0,0.8784493131722242,0.8904584835016117,0.9061817523946362,0.005746013176580612,-0.985789971566997,-1.0092849842111569,-0.005120949514015356,0.0019149237858656683,-0.005098919229797553,0.00514001785711533,-0.004637156405712446,0.009108895856840452,-0.004095487341875231,0.013754859853723184,-3.63285770043791,5.559496193315226,0.0,0.0,0.010999258031573311,-0.04327981876558373,-2.0380399291442322e-05,5.119722628524597e-05
2021-08-20,16450.5,16509.55078125,16376.0498046875,16382.5,350800,0.002546508508818287,0.013490790915695916,0.032466038077800595,0.08773560658920458,0.010916483488787059,0.018722663621798093,0.053531609247217865,61.083580583716966,65.35681141629024,63.32227085473656,0.0,0.9422152360887192,0.9165171945431286,0.9250486349451889,0.005698596504435131,1.2940056578455625,0.6082547235375956,-0.007784343683277746,-0.008474982989718216,-0.008670319254194708,-0.006607249107657769,-0.008807694503345648,-0.0033883417887025924,-0.00879236140767485,0.0004540819887477593,-8.532454755201599,-5.653860495419153,0.0,0.0,0.026058711041516913,0.013124633353060688,-4.7416672145480544e-05,1.1150381908553095e-05
2021-08-23,16496.44921875,16592.5,16395.69921875,16592.25,275600,0.004370407545656537,0.014815883489541196,0.03391661398191607,0.0897895263846681,0.010400023602258343,0.01882186789065144,0.05404005666140624,64.78784049637264,66.95242674848257,64.10705081679676,0.0,0.9902703788797417,0.9338946420692471,0.9353537531782495,0.005889680352740617,-0.25347070717593584,-0.6597979892196312,0.0018238990368382503,-0.012905927503416858,0.0013250925738452803,-0.01271248867870233,0.0014505759041154725,-0.010467660481372931,0.0020539197954635158,-0.007362613811490448,1.5956153321923239,-8.537806417889996,0.0,0.0,0.017377447526118472,0.025949885781129445,0.00019108384830548563,0.00020262769460412545
2021-08-24,16624.599609375,16647.099609375,16495.30078125,16561.400390625,275400,0.009937504718379946,0.020593268508033204,0.04023722351075874,0.09718272806606484,0.010550914031680216,0.019247584330477012,0.05474280603333662,73.11456559184073,70.96853800866901,66.19881835630991,0.0,0.96872904944043,0.9257244422478482,0.9274271238828085,0.0058974409114175685,-0.39445774704384595,-0.6739557096076261,0.0055670971727234085,-0.005851683108930011,0.005777385018492008,-0.006278817287514872,0.006320609528842676,-0.004386133134896074,0.007393201681396747,-0.0011366288285404313,4.016111260186449,-5.3345934350491575,0.0,0.0,-0.008170199821398882,0.037505310496961486,7.760558676951808e-06,0.00019291677271628376
2021-08-25,16634.650390625,16712.44921875,16617.5,16654.0,265900,0.00861373206256111,0.01924497483374065,0.03920070684765471,0.09677823977091515,0.010540450157702313,0.019578935885525697,0.05540559445722281,73.68397999770539,71.26349902303173,66.35828014047723,0.0,0.8886733468630866,0.8998527323847788,0.909910814215268,0.005890058262831334,-0.4658790128101931,-0.7842056507540145,-0.0013237726558188358,-0.0068380696435502795,-0.0013482936742925528,-0.008015054565947526,-0.0010365166631040312,-0.006710182139203977,-0.00040448829514969087,-0.0038452155678395106,0.2949610143627126,-6.258624848898023,0.0,0.0,-0.025871709863069414,0.0203935069147404,-7.382648586234421e-06,0.00012366468695928015
2021-08-26,16636.900390625,16683.69921875,16603.400390625,16627.94921875,253500,0.007147847572044813,0.017589767069686218,0.037740248636785205,0.09586968521854469,0.010367811958109216,0.019802166078306333,0.05601540140523654,73.82874561214004,71.33371476826359,66.39508494389662,0.0,0.8073735248962833,0.8699398880823389,0.889448100417759,0.005752142742350997,-0.8028318327962752,-0.9160860066372479,-0.0014658844905162966,-0.00318300462005122,-0.0016552077640544331,-0.004571343100204406,-0.0014604582108695072,-0.0035334839443610377,-0.0009085545523704608,-0.00065828277833474,0.07021574523186302,-2.5555514032282503,0.0,0.0,-0.0299128443024399,-0.02051859541927281,-0.0001379155204803374,6.129565770385086e-06
2021-08-27,16705.19921875,16722.05078125,16565.599609375,16642.55078125,217400,0.009212200369731624,0.01974931858091253,0.04028701181070596,0.09927068442270767,0.010440934232979511,0.020139943077749505,0.0566994223155163,78.09598051761729,73.45409423053921,67.51387656128009,0.0,0.8305664353471874,0.8713944894340964,0.888227334817893,0.005371329468415731,-1.6594998817590416,-1.3747967754284383,0.002064352797686811,0.006665691860913337,0.002159551511226314,0.006258527665216616,0.0025467631739207533,0.007820973732905363,0.00340099920416298,0.01153507783350309,2.120379462275622,8.09728281424897,0.0,0.0,0.0014546013517574563,-0.04512270510903227,-0.0003808132739352658,-0.00032726703601940015
2021-08-30,16931.05078125,16951.5,16764.849609375,16775.849609375,283500,0.01862344747403464,0.03039475483366434,0.05210902305323386,0.11286881689747762,0.011556093067384213,0.021073737145599927,0.05775047310963845,86.55403675862662,78.98872959682006,70.84274857589756,0.0,0.9465353359079748,0.9022675132796038,0.9039192852031634,0.005442703998681622,0.9415425355184157,-0.1944025002162843,0.009411247104303015,0.014253039928378102,0.010645436252751807,0.015578871344123143,0.0118220112425279,0.01819240907131779,0.013598132474769944,0.02307929051280952,5.5346353662808525,12.036302848337499,0.0,0.0,0.030873023845507386,-0.031627128789643355,7.137453026589101e-05,-0.00044697635405899477
2021-08-31,17132.19921875,17153.5,16915.849609375,16947.5,464400,0.024999103120069727,0.03861062076405087,0.0619179994490999,0.12467914013051183,0.013279541028424366,0.022440920802353263,0.059101682723120864,90.40413135043823,82.49020294627765,73.36368122415537,0.0,1.025768954640172,0.927065622942258,0.9168230708497329,0.00555642362417094,1.7318159219862854,2.415833599525129,0.0063756556460350874,0.015061598401689781,0.008215865930386531,0.018017352256017666,0.009808976395866038,0.021680775938341154,0.011810323233034214,0.027496412064446987,3.5014733494575836,11.521664937608634,0.0,0.0,0.024798109662654277,0.0013411806944098048,0.0001137196254893183,-0.0003410172872466283
2021-09-01,17076.25,17225.75,17055.05078125,17185.599609375,301900,0.017645585121120536,0.03191490318445671,0.05602946935848358,0.11965812077848628,0.01402189354718994,0.02336875463239274,0.0602527233057765,82.71806710113931,78.56820474923899,71.57855384416034,0.0,1.0232297396467895,0.9350692591394372,0.9236270978918099,0.005672074966279457,-0.02354553381014226,-0.021200707463964033,-0.007353517998949191,0.009031853058559426,-0.006695717579594161,0.012669928350716057,-0.005888530090616316,0.01682876251082887,-0.005021019352025549,0.02287988100757113,-3.9219981970386613,7.30470572620726,0.0,0.0,0.008003636197179143,0.03521652675465836,0.00011565134210851646,-0.0002179832965518774
2021-09-02,17234.150390625,17245.5,17059.69921875,17095.400390625,242400,0.022027985998482096,0.037546492171304464,0.06305149146812537,0.12855141198814518,0.015184032517134434,0.02458203028901947,0.06161500270279594,86.49776685952041,81.2741576961664,73.4680284682628,0.0,1.0267031850865207,0.9373302702230857,0.9229234236665604,0.0055721833425868665,-0.6153330282196305,-0.8650722495694304,0.00438240087736156,0.014880138426437282,0.005631588986847756,0.019956725101618247,0.0070220221096417915,0.025311242831340168,0.008893291209658899,0.03268172676960049,2.705952946927411,9.940442927902808,0.0,0.0,0.002261011083648512,0.06739038214074677,-9.989162369259015e-05,-0.00017995939976413015
2021-09-03,17323.599609375,17340.099609375,17212.19921875,17262.44921875,261400,0.022252408587666722,0.03887699347361053,0.06570331984856964,0.13289372052260237,0.016262700626856103,0.025822428009751236,0.06304794160121421,88.20297578171517,82.61338632306467,74.46529965546947,0.0,0.9647817929310144,0.9186197896899925,0.9095933765389369,0.0055884754922694985,-0.5554530603384582,-0.4734821536260077,0.0002244225891846266,0.013040208217935098,0.0013305013023060669,0.019127674892698,0.0026518283804442683,0.025416308037863683,0.00434230853445719,0.0336230360998947,1.3392286268982758,9.159292092525462,0.0,0.0,-0.01871048053309321,0.04722530025589611,1.6292149682631957e-05,0.00021714602385376758
2021-09-06,17377.80078125,17429.55078125,17345.55078125,17399.349609375,228000,0.0207274496712889,0.03815150469110018,0.06615118337075616,0.13489752833206523,0.017070232632053203,0.02697070567555284,0.06448085978196809,89.16988147539111,83.38862554776486,75.05449915448959,0.0,0.8913566466439417,0.8938930540214477,0.8926104728942886,0.0054791622614325415,-0.7444483330492616,-1.0058847487664688,-0.0015249589163778207,0.002104002197254262,-0.0007254887825103515,0.007756749857435841,0.0004478635221865229,0.014042160317522305,0.002003807809462854,0.02202871143458761,0.7752392247001865,4.399895950944796,0.0,0.0,-0.024726735668544775,-0.008374459258156053,-0.00010931323083695696,3.645826275091961e-05
2021-09-07,17362.099609375,17436.5,17287.0,17401.55078125,243400,0.01614611579336238,0.033716404152935496,0.06247180535979571,0.1323637493894188,0.017291104189140167,0.027817495293037776,0.06578239881476655,86.76643970406013,82.2445987568117,74.53781408266067,0.0,0.8859443805996509,0.8922992579182067,0.8918773726912768,0.005553388655232472,-0.420912625102553,-0.7211164858782775,-0.004581333877926523,-0.008852987326707348,-0.004435100538164684,-0.004894216611115373,-0.003679378010960452,0.0005538059106958149,-0.0025337789426464197,0.007684609258906974,-1.1440267909531627,-0.24560418946595064,0.0,0.0,-0.001593796103240952,-0.03476636502405128,7.422639379993032e-05,-3.0349689384683715e-06
2021-09-08,17353.5,17383.400390625,17254.19921875,17375.75,252700,0.012762364010374566,0.030094969347034393,0.059372086922286633,0.13032049605366344,0.017114187841682352,0.028421765416261256,0.0669721337830392,85.29736301679736,81.58441034272789,74.24749744402044,0.0,0.8580117616025436,0.8821545631100146,0.8852815278591318,0.0055101385182503805,0.5696510430202844,-0.5094943326645485,-0.0033837517829878126,-0.00488322111074597,-0.0036214348059011026,-0.0018199338374223148,-0.003099718437509079,0.003342617563803052,-0.002043253335755363,0.01066237527517716,-0.6601884140838052,3.0162055934889054,0.0,0.0,-0.010144694808192134,-0.05291469602942256,-4.3250136982091354e-05,-0.0001619364480290762
2021-09-09,17369.25,17379.650390625,17302.69921875,17312.849609375,241500,0.011166214802094645,0.028129632230500606,0.05783071963285192,0.1298697129673177,0.01677609198179751,0.028888465492348053,0.06810068189309988,85.81069969183088,81.87142930753816,74.43660544268161,0.0,0.7743932018639719,0.8500458196014933,0.8634574567988416,0.005331385957748105,-0.3104491443521316,-0.6760164546431718,-0.001596149208279921,-0.01086177119638745,-0.001965337116533787,-0.009416859940803858,-0.0015413672894347141,-0.005220771835273454,-0.00045078308634574626,0.0013183009791725153,0.28701896481027234,0.5972716113717667,0.0,0.0,-0.03210874350852133,-0.0872844506215924,-0.00017875256050227557,-0.0002407973848387616
2021-09-13,17355.30078125,17378.349609375,17269.150390625,17363.55078125,241100,0.008455657840039156,0.024760306779344366,0.05462455974951178,0.12751548038675328,0.016167938384348324,0.02914267148385746,0.06911551600368014,82.82275304939448,80.6721982539418,73.93792616851862,0.0,0.74585210797184,0.8349053986830467,0.8529631994155155,0.005167863268402948,-0.02720378642605344,-0.6399768273660292,-0.0027105569620554885,-0.013796750747627566,-0.0033693254511562402,-0.014116686694266165,-0.0032061598833401372,-0.01107876009905786,-0.0023542325805644138,-0.005378240135849088,-1.199231053596364,-1.9411880691228731,0.0,0.0,-0.015140420918446584,-0.08371439100694578,-0.00016352268934515662,-0.0004206122238665502
2021-09-14,17380.0,17438.55078125,17367.05078125,17420.349609375,230400,0.008077980840436694,0.023778501459667853,0.053806025058355106,0.12767129916124156,0.015574708422994818,0.02933009782474925,0.07009380507081095,83.97540596164816,81.19737677054633,74.25463589131238,0.0,0.691633494691859,0.8083817447576789,0.8340009250475968,0.00515397666167017,-1.4390474678358343,-0.7543607926821454,-0.00037767699960246197,-0.012649468830852207,-0.0009818053196765132,-0.014373003231432327,-0.0008185346911566763,-0.012345158312401058,0.00015581877448828108,-0.0072262291708236615,0.5251785166045266,-2.191248777218533,0.0,0.0,-0.02652365392536782,-0.08551130926376882,-1.3886606732778015e-05,-0.00032518559976237125
2021-09-15,17519.44921875,17532.69921875,17386.900390625,17387.650390625,388200,0.013188241021508895,0.02900005031472909,0.05967396539459015,0.13517494007626038,0.015605993687094644,0.029809439825079855,0.0712492494364113,88.88726275985078,83.86334809079592,75.96476145242703,0.0,0.7232223072192926,0.8069223557297877,0.8294690079285229,0.005109959840159032,1.776080931183756,1.821492678523019,0.005110260181072201,-0.002957874771853483,0.0052215488550612366,-0.004716353838206407,0.005867940336235042,-0.0027978399652055647,0.007503640915018817,0.002811190686841575,2.6659713202495965,1.6187493339842263,0.0,0.0,-0.0014593890278912225,-0.08537690218841909,-4.401682151113865e-05,-0.0004434288150734402
2021-09-16,17629.5,17644.599609375,17510.44921875,17539.19921875,503300,0.015941008667507826,0.03213625931403938,0.06356391400782868,0.1406905028588907,0.015941132908664633,0.030449133445497024,0.07251711705827422,91.3331822551419,85.59874599150338,77.20401084150488,0.0,0.7271546555861758,0.798960739966565,0.82127452044291,0.0051107177645982075,1.5061821880496917,2.7327192995029983,0.002752767645998931,0.0031786446571332606,0.0031362089993102887,0.0020412899670049847,0.0038899486132385336,0.004191827085542048,0.005515562782630323,0.010370006805227261,1.7353979007074543,4.014335648775486,0.0,0.0,-0.00796161576322263,-0.08319382314344959,7.57924439175918e-07,-0.00039942075365217294
2021-09-17,17585.150390625,17792.94921875,17537.650390625,17709.650390625,508300,0.010924987670798574,0.026782412349545745,0.058361229385299716,0.13626271080870953,0.01568605472428093,0.030755120711011604,0.0736057588472466,82.76817114318641,81.7817358503476,75.57553087815394,0.0,0.8735481142779823,0.8474621928407468,0.8532715143336518,0.00538143406350106,0.9905839312307377,2.2480281828311597,-0.005016020996709253,-0.00024122713129607135,-0.005353846964493633,-0.0013472198809548613,-0.005202684622528965,0.000530509752447797,-0.0044277920501811785,0.006392997841391829,-3.8170101411557766,-0.08969345719056321,0.0,0.0,0.04850145287418173,-0.002583626760746527,0.00027071629890285283,5.004810575295546e-05
2021-09-20,17396.900390625,17622.75,17361.80078125,17443.849609375,339100,8.425494847459914e-05,0.014334559158859714,0.04510385698808625,0.12271261321294546,0.014249103652891032,0.030334466622868567,0.07425937212452936,56.52023026926077,67.93415370255839,69.15453116104172,0.0,1.0063956194665062,0.9025855525497528,0.8928604210072084,0.005723409737479752,-0.46774600599532057,0.41682007850847796,-0.010840732722323974,-0.008371402891564557,-0.012447853190686031,-0.010425747620484652,-0.013257372397213467,-0.009520702761425533,-0.01355009759576406,-0.004802867173807818,-13.847582147789211,-12.73804455138341,0.0,0.0,0.05512335970900606,0.06768015386670612,0.00034197567397869187,0.000555546469076804
2021-09-21,17562.0,17578.349609375,17326.099609375,17450.5,363600,0.00782066239890355,0.021735173935075583,0.052750524586288344,0.13186532245450538,0.013806535284810979,0.030355567119962516,0.075150566084313,67.17222936459567,72.35521544153383,71.36707785390746,0.0,1.0848155948261087,0.9328317730344273,0.9107463520801896,0.005977584197139059,-0.7130412593252974,0.6302593879700641,0.007736407450428951,-0.00025731844153314455,0.007400614776215869,-0.00204332752459227,0.007646667598202095,-0.0010555004720667616,0.00915270924155992,0.004194023293263821,4.421061738975439,-8.842161329012498,0.0,0.0,0.030246220484674513,0.12445002827674845,0.0002541744596593065,0.0008236075354688885
2021-09-22,17546.650390625,17610.44921875,17524.0,17580.900390625,295200,0.005670865204958727,0.018911579159623198,0.049696818853334074,0.12940527788104533,0.013166051053856445,0.030213848113397525,0.07593474381944211,65.43346053414706,71.36999032117893,70.87690263826381,0.0,0.9671480982567424,0.902150258701249,0.8915973060269724,0.005784918231895823,-1.0890230177904703,-0.1198026750654574,-0.002149797193944823,-0.007517375816550168,-0.002823594775452385,-0.010088471155105892,-0.0030537057329542705,-0.009977146541256074,-0.002460044573460052,-0.005769662195215047,-0.9852251203548974,-12.493357769616992,0.0,0.0,-0.03068151433317834,0.09522790297146133,-0.00019266596524323588,0.0006749583917367913
2021-09-23,17822.94921875,17843.900390625,17646.55078125,17670.849609375,320500,0.017527843483170196,0.03167742541400053,0.06346398354951033,0.14551180556410262,0.013905842499988913,0.030810558952333585,0.07715148165219692,77.60656420710261,77.34889279732141,74.18650775456165,0.0,1.0952826833125109,0.9438525199393487,0.91539530394071,0.005773030490079527,-0.535373198687796,0.12528797334879854,0.011856978278211468,0.0015868348156623698,0.012765846254377333,-0.0004588339000388478,0.013767164696176254,-9.993045831835357e-05,0.016106527683057287,0.004821302705211916,5.97890247614248,-8.249853194181966,0.0,0.0,0.041702261238099725,0.14489177997278369,-1.1887741816296246e-05,0.0006623127254813191
2021-09-24,17853.19921875,17947.650390625,17819.400390625,17897.44921875,360100,0.01569900178500017,0.030297418498604668,0.06254928213110193,0.14577491683020882,0.014372778439231588,0.03130344991012024,0.07832637610199633,78.57050525510749,77.89321565111689,74.51532779040366,0.0,1.018413220684215,0.92626080661916,0.9045354419172672,0.005804448553223838,0.8551381445841804,0.49993789887281476,-0.0018288416981700265,0.004774014114201596,-0.0013800069153958629,0.0035150061490589225,-0.0009147014184083951,0.004188052745802216,0.00026311126610620295,0.009512206021499298,0.5443228537954781,-3.8885201992307117,0.0,0.0,-0.017591713320188718,0.07879861377841324,3.141806314431103e-05,0.0004230144897227773
2021-09-27,17855.099609375,17943.5,17802.900390625,17932.19921875,295700,0.01289603327640498,0.027566606251827542,0.0600574550470712,0.14423578047851585,0.014483789543501125,0.03161921436290921,0.07940921035049629,78.6379018474648,77.9290987040366,74.53645986130553,0.0,0.972133444223046,0.9162540561298593,0.8988681564115166,0.005854452652824731,-0.9370834213088974,-0.25365038066812584,-0.0028029685085951897,0.01281177832793038,-0.0027308122467771256,0.013232047092967828,-0.0024918270840307358,0.014953598058984947,-0.0015391363516929768,0.02152316726557038,0.03588305291971494,9.994945001478214,0.0,0.0,-0.010006750489300664,0.013668503580106517,5.00040996008937e-05,0.00013104291534497912
2021-09-28,17748.599609375,17912.849609375,17576.099609375,17906.44921875,398000,0.005601189496205429,0.019450727468633716,0.051518749468382696,0.13585775151727508,0.013772396171654041,0.031456176483758154,0.08020684566160302,65.22574628328557,70.97616989873822,71.10963091011462,0.0,1.1618399219098714,0.991436355293698,0.9515508860367492,0.00628998868587552,1.4394738850789006,0.8211524575717356,-0.007294843780199551,-0.0022194729026981212,-0.008115878783193826,-0.0022844464664418668,-0.0085387055786885,-0.001231775117905648,-0.008378028961240763,0.003992429062769698,-6.952928805298384,-1.379045542795609,0.0,0.0,0.07518229916383867,0.05860458225927068,0.0004355360330507889,0.0003124044887364615
2021-09-29,17711.30078125,17781.75,17608.150390625,17657.94921875,562200,0.0028519362091579442,0.015710137936391054,0.047283856805529705,0.13196740850503075,0.012821635241427466,0.03108536352042984,0.08086017095480347,60.97641197971059,68.6655047779235,69.94174617315859,0.0,1.12746193526184,0.9925698762492375,0.9548218448558391,0.006350548137634832,1.6620036050254663,2.3272324449736583,-0.0027492532870474844,-0.0028189289958007826,-0.003740589532242662,-0.003201441223232144,-0.004234892662852992,-0.0024129620478043692,-0.003890343012244335,0.0025621306239854147,-2.3106651208147184,-2.70448554325543,0.0,0.0,0.0011335209555395354,0.09041961754798855,6.055945175931134e-05,0.0005656299057390088
2021-09-30,17618.150390625,17742.150390625,17585.349609375,17718.900390625,378600,-0.0019828690643630786,0.00941670275186976,0.040071882220677084,0.1246038588701523,0.011422220584075332,0.03036920172336681,0.0812751292429802,51.248506560307135,63.137294035637865,67.08809566568671,0.0,1.0847375669488863,0.9901161984773834,0.9565428076899474,0.006255768099874348,-0.20517019945946346,0.45618318954437853,-0.004834805273521023,-0.019510712547533275,-0.006293435184521294,-0.02226072266213077,-0.007211974584852621,-0.023392101328833244,-0.007363549634878452,-0.020907946693950324,-5.528210742285637,-14.211598761683547,0.0,0.0,-0.0024536777718541236,0.0462636785380347,-9.478003776048401e-05,0.000482737609794821
2021-10-01,17532.05078125,17557.150390625,17452.900390625,17531.900390625,305800,-0.00561986971172676,0.004074430163007932,0.03357088453341871,0.11778319363026124,0.009749088481810563,0.029376760810074735,0.08147705237929395,43.72603045354655,58.45290199006804,64.56310661294066,0.0,1.0605636444413267,0.991234414013859,0.9603508053163811,0.006194122123004283,-0.7686666238550484,-0.3047081045389149,-0.003637000647363682,-0.02131887149672693,-0.005342272588861828,-0.026222988335596734,-0.006500997687258377,-0.028978397597683225,-0.006820665239891055,-0.027991723199947582,-4.6843920455698225,-19.440313661048847,0.0,0.0,0.0011182155364756197,0.06497360739469904,-6.16459768700648e-05,0.00038967356978044515
2021-10-04,17691.25,17750.900390625,17581.349609375,17615.55078125,295800,0.0027879172946832023,0.011978267154840436,0.041202227434886454,0.1264991913397747,0.009164799158082118,0.02887805126705802,0.08192161105439283,57.25941934130608,63.800881122406096,66.94839353236493,0.0,1.088225915318269,1.0005099292890003,0.9652965184427936,0.006215324928610922,-0.8624708878775609,-0.4281857209468578,0.008407787006409963,-0.010108115981721778,0.007903836991832504,-0.015588339096987106,0.007631342901467747,-0.018855227612184743,0.008715997709513451,-0.017736589138741155,5.347979132338054,-14.128217581630508,0.0,0.0,0.009275515275141255,0.08425587315914096,2.1202805606639237e-05,0.0003608722757861907
2021-10-05,17822.30078125,17833.44921875,17640.900390625,17661.349609375,427000,0.008343236236567159,0.01767294686806493,0.04690688262748476,0.1333233009351692,0.009252514715444504,0.02872625812584348,0.08254451254613972,65.27877569661304,67.5085540354494,68.74439170105525,0.0,1.0802554719676962,0.9993835916908442,0.9640167431615816,0.006232760084746934,0.3054130243077358,0.8284381523153865,0.005555318941883956,0.00274204674036173,0.0056946797132244945,-0.0017777806005687853,0.005704655192598308,-0.004611866840897934,0.006824109595394506,-0.002534450582105885,3.7076729130432966,-3.4676158632888274,0.0,0.0,-0.0011263375981560575,0.007947236397146229,1.743515613601178e-05,-5.722860112858646e-05
2021-10-06,17646.0,17884.599609375,17613.150390625,17861.5,395800,-0.0013352115323082944,0.006909748279349689,0.035067102345451115,0.12075053719673066,0.008255983295765034,0.027964128974039545,0.08278056046523147,50.42844610012458,58.7854234933158,63.90016783595511,0.0,1.1804995312591846,1.0471495622054459,1.0005366087842238,0.0064170746550100775,0.6133558488063291,0.43601404643612107,-0.009678447768875453,-0.004187147741466239,-0.010763198588715241,-0.008800389657041364,-0.011839780282033648,-0.01221675446007859,-0.012572763738438533,-0.011216871308300083,-8.723130542133596,-9.880081284607705,0.0,0.0,0.04776597051460163,0.054579685956208324,0.00018431457026314366,6.652651737524586e-05
2021-10-07,17790.349609375,17857.55078125,17763.80078125,17810.55078125,419900,0.005584652685577242,0.013750678687063289,0.04175575131050998,0.1284598296205836,0.00812067485286032,0.027625207274550822,0.08322879734621234,59.27766486550361,63.00093583173963,65.93819617313464,0.0,1.174563281031202,1.0494015782019857,1.0017856559070915,0.006335942261636379,0.8063726486738391,0.6194296252024674,0.006919864217885537,0.007567521749940321,0.0068409304077136,0.004333975935193529,0.006688648965058865,0.0016838690898328956,0.007709292423852945,0.0038559707504313145,4.215512338423835,-0.13635820389823294,0.0,0.0,0.0022520159965397912,0.05928537972460224,-8.113239337369845e-05,8.017416176203142e-05
2021-10-08,17895.19921875,17941.849609375,17840.349609375,17886.849609375,324100,0.009398575089688633,0.017900031213936508,0.04593094316135886,0.13358657102512772,0.00842229851918752,0.02753798122394494,0.08380632434377264,64.62852460987965,65.74187267979669,67.32760936928115,0.0,1.103464280275448,1.0292060907629792,0.9888056101968181,0.006293772363549221,-0.8188759985651863,-0.5003942516393044,0.00381392240411139,0.015018444801415393,0.004149352526873219,0.013825601050928575,0.004175191850848879,0.012360058627940151,0.005126741404544111,0.01580337739486648,2.7409368480570535,7.288970689728643,0.0,0.0,-0.020195487439006454,0.037971676749120165,-4.216989808715835e-05,9.965024054493787e-05
2021-10-11,17945.94921875,18041.94921875,17839.099609375,17867.55078125,375800,0.010009564390147387,0.018861403928026158,0.04688970916409275,0.1352560535451875,0.008764114568779938,0.027509438602746943,0.08440845640908286,67.07181300675828,67.0155839819771,67.98315925897187,0.0,1.1063422974472181,1.0337270552149926,0.9928820520156239,0.006482952300737497,-0.30782369699697126,0.017493333288036567,0.0006109893004587544,0.007221647095464185,0.0009613727140896505,0.006883136773185722,0.0009587660027338893,0.005687481729206294,0.001669482520059773,0.008756862205412802,1.2737113021804163,3.2147028595710054,0.0,0.0,0.004520964452013443,0.03321712592599235,0.00018917993718827603,0.00026762737212657466
2021-10-12,17991.94921875,18008.650390625,17864.94921875,17915.80078125,355600,0.01028428483594697,0.01948287947387259,0.04753669322450547,0.13660341495448403,0.00910495667011124,0.027517689914626806,0.08502491827356926,69.31331970407163,68.1707393549722,68.57581823488896,0.0,1.0425503851904256,1.0144850510113106,0.9812175286307638,0.006502622567168527,-0.506680213723384,-0.33541631304977526,0.0002747204457995839,0.0019410485993798122,0.0006214755458464304,0.0018099326058076577,0.0006469840604127197,0.0006298105970207052,0.0013473614092965325,0.003280114019314828,1.1551553729950967,0.6621853195228056,0.0,0.0,-0.01924200420368205,0.01510145932046636,1.9670266431030294e-05,0.0002698624824215932
2021-10-13,18161.75,18197.80078125,18050.75,18097.849609375,506700,0.016157275859287897,0.026388678521655565,0.05504708453103681,0.1456507286111117,0.010068719582523028,0.02792159209185644,0.0858763987015307,76.26995734558604,72.06045196903585,70.65519746430691,0.0,1.052929487558606,1.014174145516557,0.9797290490898036,0.006581789430573336,1.5582463261389008,1.5059084850571387,0.005872991023340926,0.01749248739159619,0.006905799047782976,0.019478930242305875,0.00751039130653134,0.019979982185585693,0.00904731365662767,0.02490019141438103,3.8897126140636544,13.275028475720056,0.0,0.0,-0.0003109054947536549,-0.032975416688888926,7.916686340480889e-05,0.0001647147755632584
2021-10-14,18338.55078125,18350.75,18248.69921875,18272.849609375,538700,0.021212637307121966,0.032964027405854385,0.06259592557913445,0.15500132434174083,0.011507290126883023,0.02868628276213689,0.08696193589509928,81.3938245982332,75.42763757298673,72.61209168884622,0.0,1.0403457680004078,1.0062693604817958,0.9731565087915525,0.006573591764315841,1.2339102619418565,1.8151863189290027,0.00505536144783407,0.015627984621544723,0.00657534888419882,0.019213348718791094,0.0075488410480976376,0.020840174268624466,0.00935059573062913,0.026541494721157216,3.3671856039508725,12.426701741247093,0.0,0.0,-0.007904785034761108,-0.043132217720189825,-8.197666257495073e-06,0.0002376495026794618
2021-10-18,18477.05078125,18543.150390625,18445.30078125,18500.099609375,469900,0.023542293106980226,0.036922604117716695,0.06766422423546223,0.16183161428455853,0.01307255313321769,0.029646976539683564,0.08819944315032949,84.46038774524796,77.6953755442162,74.01957198117762,0.0,1.0475015398219214,1.006483073007709,0.9725979141237691,0.006553494299348364,0.25553974976694865,1.0394977340706428,0.0023296557998582594,0.014143718017291593,0.0039585767118623105,0.019022572903780188,0.005068298656327783,0.02173328107410337,0.006830289942817702,0.028245043259430808,2.2677379712294794,11.95350286441952,0.0,0.0,0.0002137125259131789,-0.022723017755270192,-2.0097464967477018e-05,0.0002597219357991431
2021-10-19,18418.75,18604.44921875,18377.69921875,18602.349609375,368200,0.016558330079688082,0.030498331723555327,0.061618661619997996,0.15634583499031976,0.013712938285375606,0.030199301579064666,0.0892290017074219,78.13601511081049,74.57540244228609,72.39546845887287,0.0,1.0868702444944291,1.0254841438969058,0.9878386633187691,0.00637663571392436,-0.968074795656024,-0.24673246599477458,-0.0069839630272921435,0.006548765689540695,-0.0064242723941613684,0.011636927795529169,-0.0060455626154642325,0.014728952455905248,-0.005485779294238768,0.021089781445132266,-3.119973101930114,7.559818460308989,0.0,0.0,0.01900107088919678,-0.008242911318086854,-0.00017685858542400377,-0.00010631658681313667
2021-10-20,18266.599609375,18458.30078125,18209.349609375,18439.900390625,371300,0.006667225722775225,0.019947196158531022,0.050671499611667226,0.145121092875296,0.013192016285442228,0.03012342557423993,0.08989450394203874,63.629356307115756,67.01240012922504,68.3374071856878,0.0,1.149313881021983,1.0575151680076549,1.0135339208790048,0.006184356758559338,-1.0208016291809046,-0.2129395004243801,-0.009891104356912858,-0.003617059113171746,-0.010551135565024305,0.00046431668465843345,-0.01094716200833077,0.003134806387161758,-0.01122474211502375,0.008517677920811983,-7.563002313061048,-1.1583392257471559,0.0,0.0,0.032031024110749096,0.04303011699634429,-0.00019227895536502206,-0.000318265808609189
2021-10-21,18178.099609375,18384.19921875,18048.0,18382.69921875,365900,0.0014640815002744166,0.013622912242228235,0.04371545761020307,0.13799265686649814,0.012141055247572039,0.029688106893131807,0.09032844974066183,56.509742234506014,63.0096318275424,66.10235028044804,0.0,1.2938222406356905,1.1188644106553163,1.0580400042294986,0.006310673658851222,-0.7267117676316539,-0.337217431691805,-0.005203144222500808,-0.01469319435901348,-0.006324283916302787,-0.01276576627942733,-0.006956042001464158,-0.01133162692083374,-0.007128436008797867,-0.007658071744613554,-4.002768301682643,-9.050820141493453,0.0,0.0,0.061349242647661395,0.10469026513875934,0.00012631690029188403,-0.0002711157717221139
2021-10-22,18114.900390625,18314.25,18034.349609375,18230.69921875,324700,-0.0016514322272861725,0.00917238066783482,0.0384543223961195,0.1325257914082418,0.010841717256397331,0.029015797785614104,0.09058797000821635,51.69104678758696,60.24230787240801,64.53914504120789,0.0,1.3476966993875894,1.152937266082362,1.0847507061824186,0.006649706406594507,-1.0289445055946893,-0.8790802501167854,-0.0031155137275605893,-0.02286406953440814,-0.004450531574393415,-0.023791646738019565,-0.00526113521408357,-0.024141603183014948,-0.005466865458256337,-0.02247553293349902,-2.767323955134387,-15.185329700578713,0.0,0.0,0.034072855427045745,0.1466679056005662,0.0003390327477432852,7.61146422786664e-05
2021-10-25,18125.400390625,18241.400390625,17968.5,18229.5,418700,-0.0008778807839886969,0.008862439307583124,0.03746724219270462,0.13168253944188685,0.009748878444623797,0.028353521521481122,0.09081279236350305,52.476533145056365,60.55229033664151,64.68304286815484,0.0,1.378657599109873,1.1775089934384786,1.1041938248922791,0.006887044838719629,1.4680699347654145,0.3113284572809179,0.0007735514432974756,-0.024420173890968924,-0.00030994136025169587,-0.02806016481013357,-0.0009870802034148765,-0.030196982042757607,-0.0008432519663549576,-0.03014907484267168,0.3099824642334994,-17.143085207574693,0.0,0.0,0.02457172735611657,0.17102592043076958,0.0002373384321251214,0.00033355053937126483
2021-10-26,18268.400390625,18310.44921875,18099.30078125,18154.5,341400,0.005723807266324292,0.015269231441493301,0.04378364780967965,0.13901731247951332,0.009491098954010641,0.02808557128014328,0.09123889310747116,62.23343673364873,64.60034535882221,66.59741397135429,0.0,1.3254551586673957,1.1674003938534938,1.0984201145670407,0.006985919700451423,-0.6439117128784803,-0.7551297869291528,0.006601688050312989,-0.01083452281336379,0.006406792133910178,-0.015229100282062025,0.006316405616975031,-0.017835013810318344,0.007334773037626474,-0.017328522510806438,4.048055022180698,-9.97505708346388,0.0,0.0,-0.010108599584984779,0.14191624995658803,9.887486173179409e-05,0.0006092839865270627
2021-10-27,18210.94921875,18342.05078125,18167.900390625,18295.849609375,335200,0.0020943623798242218,0.010966481795656919,0.03885113111461088,0.13390721665625832,0.008853576817618992,0.027582169954265788,0.09150116190339923,56.7703842112585,61.85409208279861,65.12659790438181,0.0,1.2549683143179402,1.1557412406412315,1.0949524900628256,0.007031369966937426,-0.5849475855057908,-0.7828980134017139,-0.00362944488650007,-0.004572863342951003,-0.0043027496458363824,-0.008980714362874103,-0.004932516695068771,-0.011820368497056345,-0.005110095823255001,-0.011213876219037688,-2.7462532760236016,-5.158308046426434,0.0,0.0,-0.011659153212262297,0.09822607263357663,4.5450266486003234e-05,0.000847013208378088
2021-10-28,17857.25,18190.69921875,17799.44921875,18187.650390625,374200,-0.014255735180069421,-0.00788698951193679,0.01792876117283887,0.1106476312697779,0.0064608498323812545,0.026020977864281588,0.09108581428636524,34.817512802820985,48.253581965056526,57.07834121515862,0.0,1.4847376496687588,1.259043987989367,1.1731995844546523,0.0068833179056843425,0.40172509886526053,-0.16357111636751553,-0.016350097559893643,-0.015719816680343838,-0.01885347130759371,-0.021509901754165027,-0.02092236994177201,-0.025786696437364198,-0.023259585386480416,-0.027345025596720238,-13.600510117742083,-14.756049862485874,0.0,0.0,0.10330274734813538,0.14017957733405062,-0.00014805206125308341,0.0005726442468331205
2021-10-29,17671.650390625,17915.849609375,17613.099609375,17833.05078125,336500,-0.020136042120827844,-0.016571535898363254,0.007058676034532834,0.09802132732944253,0.0036377562352427413,0.02402839941640526,0.09032507584671315,28.152807413327068,42.920489993547356,53.48178738502498,0.0,1.5429042852784527,1.3037622211639666,1.2106486826800857,0.007116946015292694,-0.6881464362321901,-0.7099846337428797,-0.005880306940758423,-0.01848460989354167,-0.008684546386426463,-0.025743916566198073,-0.010870085138306035,-0.03139564636158666,-0.01262630394033537,-0.03450446407879927,-5.33309197150917,-17.321817878860656,0.0,0.0,0.044718233174599664,0.15082495508160454,0.00023362810960835152,0.00046723960869818684
2021-11-01,17929.650390625,17954.099609375,17697.099609375,17783.150390625,281200,-0.004775361928308244,-0.002012968348738834,0.020890170253905466,0.11278921515540027,0.0027756483048105756,0.022949334887397237,0.09001854222833648,45.173079648730244,51.023791662013565,57.355399963110294,0.0,1.5316258749735219,1.3057386064747827,1.2114227849544004,0.0072858704064962185,-1.5712155712362461,-1.5030832199198618,0.015360680192519599,-0.003897481144319547,0.01455856754962442,-0.010875407656321959,0.013831494219372631,-0.016577071938799155,0.01476788782595774,-0.018893324286486574,8.103301668466209,-9.528498674627947,0.0,0.0,0.00197638531081612,0.1282296130363041,0.00016892439120352442,0.00039882556777658985
2021-11-02,17888.94921875,18012.25,17847.599609375,17970.900390625,296400,-0.005762928047123668,-0.0038910107573848747,0.01783137177743858,0.10904634463572442,0.0018827675436221478,0.02180723471970665,0.08961697918486947,43.285800464413434,49.8221468944412,56.584545362490374,0.0,1.412169081458967,1.2809732519492139,1.2001896859780181,0.0073391406002072815,-0.7707367242641195,-1.2761358757738561,-0.0009875661188154241,-0.01148673531344796,-0.0018780424086460405,-0.019160242198878175,-0.0030587984764668848,-0.02595227603224107,-0.0037428705196758533,-0.0299709678437889,-1.2016447675723683,-14.778198464381013,0.0,0.0,-0.024765354525568828,0.11357285809572004,5.327019371106304e-05,0.0003532208997558588
2021-11-03,17829.19921875,17988.75,17757.94921875,17947.94921875,331000,-0.0074444382124988434,-0.006566186315827688,0.013857968803570911,0.10418468932649254,0.0008848390261291817,0.02055915033096684,0.08909208518577211,40.39534949999362,48.033743501928576,55.449992051826165,0.0,1.3924233000940782,1.2859263900186007,1.2085117321149763,0.0074274991291765355,0.19580406511566217,-0.6843620734832269,-0.0016815101653751751,-0.009538800592323066,-0.002675175558442813,-0.017532668111484608,-0.00397340297386767,-0.02499316231103997,-0.004861655309231883,-0.029722527329765783,-1.7884033925126204,-13.820348580870032,0.0,0.0,0.004953138069386798,0.13018514937736914,8.8358528969254e-05,0.00039612916223910957
2021-11-04,17916.80078125,17947.55078125,17900.599609375,17935.05078125,48500,-0.00210177705065275,-0.001532118605681528,0.01808727013525977,0.10840109039337543,0.0005708582617649753,0.019649494096438683,0.08870931098678492,46.50547614240859,50.82102690890397,56.76794871237972,0.0,1.2406045840854938,1.2354192473200227,1.1767914166878142,0.007349833023873938,-1.755009422736692,-3.145007170447678,0.005342661161846093,0.012153958129416671,0.0050340677101461595,0.006354870906255262,0.00422930133168886,0.00015850896242090157,0.004216401066882897,-0.0022465408764024697,2.7872834069753907,2.567444943847441,0.0,0.0,-0.05050714269857792,-0.02362474066934417,-7.766610530259791e-05,0.0004665151181895951
2021-11-08,18068.55078125,18087.80078125,17836.099609375,18040.19921875,338900,0.005189565570145678,0.006291138616314844,0.02563585796024911,0.11648037215840798,0.0010958858745657104,0.01922377987997979,0.0885738476215403,55.6861259533501,55.29428796265269,58.94958338339937,0.0,1.2627551516898028,1.2370428594734832,1.1776759838131365,0.007469350501669559,0.6631906753687647,-0.16606030731608565,0.007291342620798428,0.02532560769097352,0.007823257221996371,0.022862674514678098,0.00754858782498934,0.018577181925716276,0.008079281765032545,0.018459044828965446,4.473261053748722,12.373797969105333,0.0,0.0,0.0016236121534605186,-0.06671936169048331,0.00011951747779562118,0.00035240448637686474
2021-11-09,18044.25,18112.599609375,17983.05078125,18084.349609375,270200,0.0031377180157752343,0.004486855085692306,0.023283077004338824,0.1137046403790945,0.0013449170993048592,0.018712262707552326,0.08836417351830424,53.956137230881545,54.44031980887685,58.459671069867035,0.0,1.155154746169766,1.2015118200979396,1.1572947962191469,0.007502756622657286,0.110208310723141,-0.8270067347743452,-0.002051847554370444,0.007913079944083478,-0.0018042835306225375,0.00649982343443114,-0.002352780955910287,0.002392906750433358,-0.0027757317793134784,0.0009154252236942273,-0.8539681537758383,3.4165281468632855,0.0,0.0,-0.035531039375543694,-0.10422678637684313,3.340612098772736e-05,0.00021688621616106768
2021-11-10,18017.19921875,18061.25,17915.0,17973.44921875,261400,0.0013364125488004514,0.00270925931570437,0.020878326109393636,0.11079675567267548,0.0013710145258869356,0.01811997508239695,0.08807947750831818,51.86363659688875,53.45072084557811,57.90414922220179,0.0,1.0878561415062635,1.1753449419473951,1.1424938690267048,0.007549450907006988,0.09668966004074561,-0.842234446745479,-0.0018013054669747829,0.00709934059592412,-0.0017775957699879361,0.006600270073089245,-0.002404750894945188,0.0030469543319550547,-0.00290788470641902,0.0017504110369510606,-0.9895989632987394,3.6285739511369144,0.0,0.0,-0.026166878150544415,-0.10562831000181871,4.669428434970167e-05,0.0002103103067997063
2021-11-11,17873.599609375,17971.349609375,17798.19921875,17967.44921875,232100,-0.005442885764638513,-0.004804556697049608,0.012235990612829036,0.1008269106197648,0.0006418224337771357,0.017122814844612668,0.08752002579289929,41.81929096551548,48.41904229475538,55.02557722319422,0.0,1.1223310970760125,1.1876795069773103,1.155177528030588,0.007485322944060575,0.01726886250958021,-1.0382488884494807,-0.0067792983134389645,0.0020015524478603306,-0.007513816012753978,0.0017616296187780798,-0.0086423354965646,-0.001621978190741875,-0.00996984505291068,-0.0033577787067277376,-5.031678550822733,0.38529879282680213,0.0,0.0,0.012334565029915145,-0.09824688304129037,-6.412796294641247e-05,5.7823814884039836e-05
2021-11-12,18102.75,18123.0,17905.900390625,17977.599609375,249100,0.0059712893411228915,0.007226095174891046,0.02420077773954805,0.11366649760662804,0.0012473575012165701,0.01685290189161509,0.08735173982637896,57.23755150574978,55.601593513383186,58.44426900801966,0.0,1.1620380958213414,1.1872917599265325,1.1518472300981,0.00757664529985226,-0.5192140728151037,-0.7968013672816763,0.011414175105761405,0.008073066391775642,0.012030651871940655,0.008758213780572574,0.011964787126719015,0.00611350760428828,0.012839586986863244,0.00526540721325261,7.1825512186278075,4.780566604479219,0.0,0.0,-0.00038774705077782023,-0.048127487393490265,9.132235579168476e-05,0.0002268122759783225
2021-11-15,18109.44921875,18210.150390625,18071.30078125,18140.94921875,280400,0.005184210589733051,0.006903263627585693,0.023593144509601306,0.11281545934507185,0.0017101870679445792,0.016575456138543762,0.0871657995308444,57.620606784524746,55.795389659975164,58.539817400556366,0.0,1.082631507009307,1.1568434096231732,1.133102247512779,0.007576676508156838,1.158934796707699,-0.40152638428352344,-0.0007870787513898402,-5.3549804126269e-06,-0.00032283154730535293,0.0006121250112708495,-0.0006076332299467455,-0.0020427134506478054,-0.0008510382615561918,-0.003664912813336127,0.1937961465919784,0.5011016973224756,0.0,0.0,-0.03044835030335924,-0.08019944985031002,3.120830457774282e-08,0.00010732600648727907
2021-11-16,17999.19921875,18132.650390625,17958.80078125,18127.05078125,267400,-0.0007654024086014672,0.0007029094351380124,0.0166693344675069,0.10487487125757519,0.0014694365540172114,0.01595520996474506,0.08675931672146582,49.16481092717029,51.788989590361446,56.329390206471395,0.0,1.0645851625766825,1.1497825866120281,1.1317490611353664,0.007628288117280608,0.5070034235238321,-0.47807176891316777,-0.005949612998334518,-0.0039031204243767017,-0.006200354192447681,-0.003783945650554294,-0.006923810042094407,-0.006613742536831925,-0.007940588087496661,-0.00882976912151931,-4.0064000696137185,-2.6513302185154046,0.0,0.0,-0.007060823011145079,-0.05172923348591141,5.161160912377054e-05,0.00012553149462332224
2021-11-17,17898.650390625,18022.650390625,17879.25,17939.349609375,295700,-0.005199345039625092,-0.0044449855965369885,0.010554394162669577,0.09762471938950665,0.0007583021174409574,0.015066349465573432,0.08616094861373816,42.52486145733449,48.37721770720976,54.387102954692665,0.0,1.0166885076019982,1.1308801371246022,1.1220627206075635,0.007679674905381118,1.2253589495502668,-0.06946128674793292,-0.004433942631023625,-0.006535757588425543,-0.005147895031675001,-0.0071542449122413585,-0.006114940304837321,-0.010323931946724058,-0.007250151868068544,-0.013172036283168834,-3.411771883151687,-5.073503138368352,0.0,0.0,-0.01890244948742592,-0.044464804822792914,5.138678810050982e-05,0.0001302239983741304
2021-11-18,17764.80078125,17945.599609375,17688.5,17890.55078125,278400,-0.010364538036005518,-0.01082073323254063,0.0028793922236760036,0.0884480572456958,-0.00046097296839966116,0.013849992530663626,0.08532298667767928,35.15184209920237,44.2026137858531,51.91587422983962,0.0,1.1089273757170388,1.1613894368158306,1.1455990798086568,0.00782619870605782,0.2430365918515585,-0.24032360750657794,-0.005165192996380426,-0.004921652271367005,-0.006375747636003641,-0.006016176535491022,-0.007675001938993574,-0.009356598389153033,-0.009176662143810854,-0.012378853374069007,-4.174603921356656,-4.2164285089022755,0.0,0.0,0.030509299691228398,-0.02629007016147966,0.00014652380067670112,0.000340875761997244
2021-11-22,17416.55078125,17805.25,17280.44921875,17796.25,356400,-0.024485470821014352,-0.027541081399632742,-0.016132986171769177,0.06639869675929677,-0.003132306579985086,0.011731184741750236,0.08388499845109637,23.030940111868134,35.59596851349983,46.246162215512435,0.0,1.5075266672007281,1.3152274269832749,1.2563497583857879,0.008441227237146685,1.7147741004318162,0.8142127470040417,-0.014120932785008835,-0.030456760162137244,-0.016720348167092114,-0.034767176574523787,-0.01901237839544518,-0.040333763911317225,-0.022049360486399022,-0.04726780084733127,-8.606645272353276,-20.00562499988336,0.0,0.0,0.15383799016744426,0.12793566705674242,0.0006150285310888657,0.0008645819372944249
2021-11-23,17503.349609375,17553.69921875,17216.099609375,17281.75,308800,-0.016113329021238094,-0.020674144658266086,-0.010794063652007344,0.07094911368791763,-0.004635509120670301,0.010088655325873231,0.08263514636973282,30.0450832027839,38.794732328279125,47.72186176614571,0.0,1.5857949826555036,1.3529956790271818,1.282436297639976,0.008452274064082102,0.21541377033509135,0.18500911600831466,0.008372141799776259,-0.021297539610971146,0.006866936741366656,-0.027577408285851777,0.005338922519761834,-0.034387208161608646,0.004550416928620862,-0.04186634565715422,3.198763814779298,-17.00065733169604,0.0,0.0,0.03776825204390688,0.19615226940400854,1.1046826935416643e-05,0.0008755975559252638
2021-11-24,17415.05078125,17600.599609375,17354.0,17550.05078125,298100,-0.01731093024403989,-0.023340288156062435,-0.015174693912763031,0.06485201535713608,-0.006135570342224187,0.008360736236250317,0.0812598018910069,27.11271003825088,36.79276358696522,46.378657726878295,0.0,1.5582711598456678,1.3638670455809712,1.2949898071973416,0.008377569194290276,-0.3185932888919226,0.13255910078771704,-0.0011976012228017974,-0.016545527835438424,-0.0026661434977963486,-0.02404319759120045,-0.004380630260755688,-0.03184402838026993,-0.00609709833078155,-0.04002285590043911,-2.0019687413139025,-14.996226003396224,0.0,0.0,0.010871366553789397,0.21408445896894301,-7.470486979182546e-05,0.0007492810770096678
2021-11-25,17536.25,17564.349609375,17351.69921875,17417.30078125,255900,-0.008584305446855173,-0.015061989761931075,-0.007997150701144307,0.07149236416222508,-0.006533772211459243,0.007172876858594511,0.08013032918156668,36.964648187739584,41.272530179656094,48.44423293025899,0.0,1.4805277591409631,1.3443117591607519,1.2825441290207888,0.008249710379856199,-1.1583473707412881,-0.428763003485206,0.008726624797184718,-0.0033849604072300815,0.00827829839413136,-0.010617004165394087,0.007177543211618724,-0.018551544863813885,0.006640348805089,-0.026132355227281565,4.479766592690872,-7.104687527553665,0.0,0.0,-0.01955528642021931,0.21343162203614963,-0.00012785881443407726,0.0005700354744750807
2021-11-26,17026.44921875,17355.400390625,16985.69921875,17338.75,356300,-0.030814483757354422,-0.03988148787788284,-0.03544257031218901,0.039925290191123314,-0.009355282315484381,0.004623301717079327,0.07813724531436755,22.22353091453884,31.24219435325726,41.4750042826016,0.0,1.8665864590833228,1.516629910851793,1.4120198445912842,0.008398565721962913,0.9686438574227841,1.030516204243138,-0.022230178310499248,-0.020449945721348905,-0.024819498115951768,-0.02906075464534221,-0.027445419611044703,-0.03832196253586501,-0.03156707397110177,-0.04852276705457248,-10.030335826398833,-12.960419432595842,0.0,0.0,0.17231815169104125,0.3552404740359625,0.0001488553421067143,0.0005723670159050939
2021-11-29,17053.94921875,17160.69921875,16782.400390625,17055.80078125,348900,-0.024059043969547573,-0.03496800245029459,-0.03259918779829392,0.04117388473968502,-0.011177887774192992,0.002454648817878869,0.07625905581997489,24.127702354027633,32.199399013060514,41.942232886761545,0.0,1.934510756758838,1.5644745394709998,1.4482431459287797,0.00897761141270119,0.8649752693834382,0.9619333887205554,0.0067554397878068495,0.0004264268514667796,0.004913485427588252,-0.007426921050661849,0.0028433825138950916,-0.01646620162652474,0.0012485945485617087,-0.02522481201961175,0.9572046598032529,-3.3965695004393126,0.0,0.0,0.047844628619206686,0.2492471124877249,0.0005790456907382776,0.0005363841755545058
2021-11-30,16983.19921875,17324.650390625,16931.400390625,17051.150390625,498000,-0.02311544880017917,-0.03555463206511104,-0.03522733883432462,0.03647438487543754,-0.01273352439615707,0.0003393590157286286,0.07431981294238726,22.47605101768353,31.003559796173292,41.067502246509186,0.0,2.0171604964329055,1.62417279309866,1.4952881331285204,0.009369247016585057,1.6018932886629287,2.5166405003474845,0.0009435951693684032,-0.007002119778941076,-0.000586629614816446,-0.014880487406844951,-0.0026281510360307014,-0.024433275182317277,-0.004699499864247482,-0.03447472881248009,-1.1958392168872223,-7.791172532105833,0.0,0.0,0.059698253627660236,0.27117711407147826,0.0003916356038838661,0.0009169729525029553
2021-12-01,17166.900390625,17213.05078125,17064.25,17104.400390625,295500,-0.010290711388008434,-0.022890982389419664,-0.023842694548103997,0.04718868299605865,-0.012731284980746577,-0.000974008162376447,0.07276632275090113,35.79077344779134,37.49457876352604,44.200997061753014,0.0,1.8642446437894775,1.5876591372632187,1.4726031997266626,0.009161753876185619,-0.6031960074330247,0.02611834657247718,0.012824737412170736,0.0070202188560314575,0.012663649675691373,0.00044930576664277064,0.011384644286220623,-0.008668000635340966,0.010714298120621107,-0.017663332361077436,6.491018967352751,0.7018151765608209,0.0,0.0,-0.036513655835441305,0.22379209168224756,-0.00020749314039943817,0.0007841846818953425
2021-12-02,17401.650390625,17420.349609375,17149.30078125,17183.19921875,279900,0.0026519133457604525,-0.008670634799012207,-0.01008677736985244,0.060859266426040046,-0.011292601145087653,-0.0014285288225605176,0.07166895256474357,48.88032524232522,44.65944463219198,47.873962056248835,0.0,1.7827974674267586,1.5656245063711691,1.4577312790317325,0.00911844582990543,-0.8804150172444284,-0.15495744835035122,0.012942624733768886,0.011236218792615625,0.014220347590407457,0.006391354962918868,0.013755917178251557,-0.002089626668708133,0.013670583429981398,-0.010633097736185038,7.164865868665935,3.3869144525358834,0.0,0.0,-0.0220346308920496,0.22131274721041727,-4.33080462801886e-05,0.0008687354500492312
2021-12-03,17196.69921875,17489.80078125,17180.80078125,17424.900390625,292500,-0.007504590224544998,-0.018530821668242266,-0.02091072525454134,0.04786052496871873,-0.011109604472822573,-0.0024248378235822883,0.07024001998299804,40.47578097304482,40.31452801707774,45.18126316589631,0.0,1.8026072446834918,1.5994674702182583,1.4904261146340645,0.009267743232969847,-0.5568309386777879,0.02318105347478204,-0.010156503570305451,0.023309893532809423,-0.00986018686923006,0.021350666209640577,-0.0108239478846889,0.01453184505764767,-0.012998741457321314,0.007935234777595418,-4.344916615114236,9.07233366382048,0.0,0.0,0.03384296384708918,0.0828375593664652,0.00014929740306441654,0.0008691775110069334
2021-12-06,16912.25,17216.75,16891.69921875,17209.05078125,231700,-0.01965753302824793,-0.03170495217371237,-0.03570258610639311,0.03021500948694528,-0.012288990379737961,-0.004128528738895209,0.06835815863819296,31.661090283788084,35.196459148208646,41.7975910012569,0.0,1.8507372645324753,1.647484477932263,1.5348504645411132,0.009263576979748894,-0.8525385121594449,-1.1368247597420462,-0.01215294280370293,0.004401510941299643,-0.013174130505470106,0.003263050276582219,-0.01479186085185177,-0.0031033983080991923,-0.01764551548177345,-0.010958875252739742,-5.118068868869095,2.997060135148132,0.0,0.0,0.048017007714004745,0.08300993846126326,-4.166253220952779e-06,0.00028596556704770307
2021-12-07,17176.69921875,17251.650390625,16987.75,17044.099609375,254100,-0.003544174971311161,-0.01508103644226177,-0.01983154623969875,0.04584195086246185,-0.011577895558609887,-0.004823249397368817,0.06700225542886219,44.71896113177743,42.50449493787352,45.717041885323624,0.0,1.8529819058267072,1.6473926007144455,1.5333494670319552,0.009498563114093772,-0.6105166274554845,-0.6909835006887493,0.01611335805693677,0.01957127382886801,0.016623915731450604,0.02047359562284927,0.015871039866694362,0.015395792594625871,0.01562694137551657,0.00936756598702431,7.308035789664871,11.500935141700225,0.0,0.0,-9.187721781755975e-05,0.02321980761578546,0.0002349861343448785,0.0001293160975087155
2021-12-08,17469.75,17484.599609375,17308.94921875,17315.25,257800,0.010982834758660565,0.0015657687067440966,-0.0029873876000855,0.0630113957314945,-0.009314763543106534,-0.004546038262378703,0.06619653804851473,55.66988107851424,49.3245076575316,49.61619334297029,0.0,1.810014344557718,1.629952234299544,1.5197635938347043,0.0093042067974558,-0.2281101953924244,-0.6154725540177807,0.014527009729971726,0.021273546146669,0.016646805149005867,0.02445675109616376,0.01684415863961325,0.020855306948018498,0.01716944486903265,0.015822712735435854,6.820012719658081,11.829928894005555,0.0,0.0,-0.01744036641490143,0.04229309703632533,-0.00019435631663797248,0.00014245292127018118
2021-12-09,17516.849609375,17543.25,17379.599609375,17524.400390625,237200,0.011188169087283737,0.0038767298928830134,-0.00028763837523414584,0.0651791246179682,-0.007230542660521985,-0.004148286481908502,0.06548559916454727,57.25753268772695,50.34399576925446,50.212263895158515,0.0,1.630967150273382,1.5761893029091307,1.4879900050972537,0.009355216282533975,-0.7322747165083034,-0.9225421603219266,0.0002053343286231718,0.008536255741523285,0.002310961186138917,0.01254736469189522,0.002699749224851354,0.009799138994618295,0.0021677288864736938,0.00431985819192815,1.0194881117228647,5.684551137062485,0.0,0.0,-0.05376293139041333,0.010564796537961607,5.1009485078174974e-05,0.00023677045262854475
2021-12-10,17511.30078125,17534.349609375,17405.25,17476.05078125,204500,0.008874345161660415,0.003234163646405417,-0.0005806331636987849,0.06415512344485041,-0.005590568877387028,-0.003802498906375705,0.0647733661730737,56.97706223102909,50.215823689703406,50.139792360866416,0.0,1.4526343608964045,1.516727839504583,1.4526888621174898,0.009342401784708812,-1.530895895872645,-1.3940894384436966,-0.0023138239256233224,0.016378935386205412,-0.0006425662464775964,0.021764985314647683,-0.00029299478846463905,0.020330092090842557,-0.0010240011731177806,0.016294598476131683,-0.12817207955105658,9.901295672625665,0.0,0.0,-0.05946146340454783,-0.0827396307136754,-1.2814497825162918e-05,7.46585517389653e-05
2021-12-13,17368.25,17639.5,17355.94921875,17619.099609375,256600,0.0005176818270396696,-0.004512318393882099,-0.008404888398637348,0.054879835061270456,-0.005027397628532175,-0.0039102141359248005,0.06382113295991045,49.66058428545047,46.900707266233184,48.276930996801106,0.0,1.4981952355630903,1.536603055806605,1.4726502457541872,0.00938208281005035,0.6449660652601508,-0.5753540231225722,-0.008356663334620745,0.020175214855287598,-0.007746482040287516,0.027192633779830274,-0.007824255234938564,0.027297697707755763,-0.009275288383579959,0.024664825574325176,-3.315116423470222,11.704248118024537,0.0,0.0,0.01987521630202216,-0.11088142212565799,3.968102534153764e-05,0.00011850583030145571
2021-12-14,17324.900390625,17376.19921875,17225.80078125,17283.19921875,271000,-0.00162019158065778,-0.006364927953183484,-0.01045762389595425,0.05170020115919352,-0.004752436229692665,-0.004118912524232974,0.06281471774849202,47.50396436079261,45.91156239335701,47.71976383565899,0.0,1.3751762915154877,1.4924234314297393,1.4473717418376686,0.009335048202183626,0.9892372606782115,-0.3376812755987763,-0.00213787340769745,0.001923983390653381,-0.0018526095593013846,0.008716108489078285,-0.002052735497316901,0.0093739223437445,-0.003179633902076935,0.005858250296731669,-0.9891448728761745,3.4070674554834923,0.0,0.0,-0.044179624376865734,-0.15496916928470617,-4.703460786672359e-05,-0.00016351491191014637
2021-12-15,17221.400390625,17351.19921875,17192.19921875,17323.650390625,215000,-0.006214128913325164,-0.011195213639156189,-0.015737382242367683,0.044945056210202915,-0.0050122313777558125,-0.004593594879256504,0.06165269040778832,42.377698709184564,43.54995310253786,46.394026899292655,0.0,1.29140681428851,1.4600983443651592,1.4306989403954715,0.00933686158465726,-0.7877347052552919,-1.1474121580978889,-0.004593937332667384,-0.01719696367198573,-0.004830285685972705,-0.012760982345900285,-0.005279758346413433,-0.012749994642282183,-0.006755144948990606,-0.018066339521291587,-2.361609290819146,-5.774554554993735,0.0,0.0,-0.03232508706458015,-0.16985388993438488,1.8133824736341758e-06,3.2654787201460284e-05
2021-12-16,17248.400390625,17379.349609375,17184.94921875,17373.0,219500,-0.00381272704870423,-0.008775830159516636,-0.013645197425983038,0.046098455403275146,-0.004982098492494046,-0.004912478342058612,0.06057014440782323,44.210003805957896,44.35408513250011,46.79391461150094,0.0,1.2569208955236673,1.434187799585963,1.4141071836677437,0.009378082300673461,-0.4797752215426439,-0.9916971047076363,0.002401401864620934,-0.015000896135987967,0.0024193834796395527,-0.012652560052399649,0.0020921848163846443,-0.013357559050748893,0.0011533991930722312,-0.01908066921469305,0.804132029962247,-5.989910636754352,0.0,0.0,-0.025910544779196076,-0.14200150332316763,4.122071601620099e-05,2.28660181394863e-05
2021-12-17,16985.19921875,17298.150390625,16966.44921875,17276.0,354600,-0.015610878045502659,-0.021775833619635625,-0.027602144900737157,0.029826764066619365,-0.006262722166100831,-0.005956008327477856,0.05905906586095272,32.468171649422985,38.5840367536059,43.5125272216115,0.0,1.4116951482852695,1.4918741178823705,1.4606326155493645,0.009494654064381509,1.6201650257379654,0.9477823139376748,-0.011798150996798429,-0.024485223207163072,-0.01300000346011899,-0.025009997266041042,-0.013956947474754119,-0.027021511737038373,-0.01627169133665578,-0.034328359378231046,-5.770048378894209,-11.631786936097505,0.0,0.0,0.05768631829640736,-0.024853721622212444,0.00011657176370804753,0.00015225227967269675
2021-12-20,16614.19921875,16840.099609375,16410.19921875,16824.25,330600,-0.030571010615101986,-0.03937510476098946,-0.04701647942386067,0.007259233220454302,-0.009081731867203253,-0.00795458737405507,0.05695346401320962,22.598102891248104,32.2211078366184,39.46693686242329,0.0,1.8467539879495283,1.6634528919061184,1.5869464079953297,0.009956127793203455,0.8275417695002136,0.6265121185186654,-0.014960132569599327,-0.031088692442141654,-0.017599271141353835,-0.03486278636710736,-0.01941433452312351,-0.038611591025223324,-0.022567530846165064,-0.04762060184081615,-6.362928916987499,-14.679599429614782,0.0,0.0,0.171578774023748,0.1268498360995134,0.00046147372882194594,0.000574044983153105
2021-12-21,16770.849609375,16936.400390625,16688.25,16773.150390625,241000,-0.017602674730531714,-0.027637678676112536,-0.036594240865452876,0.01658688811405825,-0.010214811957909449,-0.009211136623584745,0.05520117403832539,32.67936508990935,36.94916286012614,41.83493656506673,0.0,1.8478428398301345,1.6674353625019855,1.5887459083510798,0.009568511716255522,-0.47456512221734964,-0.6452086823205534,0.012968335884570272,-0.015982483149873935,0.011737426084876924,-0.021272750722929053,0.010422238558407793,-0.02613661696949863,0.009327654893603949,-0.03511331304513527,4.728055023507736,-8.962399533230872,0.0,0.0,0.003982470595867094,0.17501193107224622,-0.00038761607694793275,0.0002334635140718959
2021-12-22,16955.44921875,16971.0,16819.5,16865.55078125,207900,-0.005561714028935322,-0.015418938070009986,-0.024996134715039916,0.02749265086599017,-0.009912353717806757,-0.009727179422135716,0.05383443845701003,42.90334636879127,42.07687914922022,44.488710190781504,0.0,1.6982695613572258,1.6157933913689297,1.5528296589786714,0.009325130715278879,-0.9345310262238883,-1.034107392764933,0.012040960701596392,0.0006524148843898422,0.01221874060610255,-0.004223724430853797,0.01159810615041296,-0.009258752472672233,0.010905762751931919,-0.017452405344212746,5.1277162890940815,-1.4730739533176447,0.0,0.0,-0.0516419711330558,0.15569504700377057,-0.00024338100097664322,-1.1730869378381512e-05
2021-12-23,17072.599609375,17118.650390625,17015.55078125,17066.80078125,197000,0.001070879769984173,-0.007839018409443843,-0.01755604546170825,0.03423593014729592,-0.008900366956508855,-0.009793800837326637,0.05271748619323966,48.67452566568772,45.12681660600235,46.10694558610476,0.0,1.5404778818177782,1.5583644555324496,1.5142576497478264,0.009175043981717734,-0.9602668250775592,-1.111349311985418,0.006632593798919495,0.004883606818688403,0.007579919660566143,0.000936811750072793,0.007440089253331665,-0.0039108480357252125,0.006743279281305754,-0.011862525255979223,3.049937456782132,0.7727314735022404,0.0,0.0,-0.05742893583648012,0.12417665594648652,-0.00015008673356114478,-0.00020303831895572728
2021-12-24,17003.75,17155.599609375,16909.599609375,17149.5,182600,-0.0024281953035062936,-0.010775380611290165,-0.020691618413095567,0.029757052848044387,-0.008367503239852955,-0.010024252942605824,0.05151459153182292,45.51981911012457,43.67142856514577,45.30206694620369,0.0,1.52672026268902,1.556250495719362,1.5168818956366261,0.009226462715042799,-0.8305186577227874,-1.182689288447562,-0.0034990750734904667,0.013182682741996365,-0.0029363622018463223,0.01100045300834546,-0.003135572951387316,0.0069105264876415905,-0.004478877299251536,-6.971121857497764e-05,-1.4553880408565831,5.087391811539867,0.0,0.0,-0.002113959813087707,0.06437637783699146,5.141873332506486e-05,-0.00026819134933870996
2021-12-27,17086.25,17112.05078125,16833.19921875,16937.75,144800,0.0019725030833195514,-0.005435489628097489,-0.015324616484414235,0.03439560300974742,-0.007393409188995503,-0.009943172869318305,0.050494021000754175,50.04595088885208,45.92204514607739,46.46341252113206,0.0,1.541883501842636,1.5546852963040259,1.5153894057352593,0.009229920414922772,-1.4159813820938785,-1.5107122633689447,0.004400698386825845,0.03254351369842154,0.0053398909831926765,0.03393961513289197,0.005367001928681331,0.03169186293944643,0.004638550161703035,0.02713636978929312,2.25061658093162,13.700937309458986,0.0,0.0,-0.0015651994153360604,-0.10876759560209259,3.457699879973533e-06,-0.0007262073782806824
2021-12-28,17233.25,17250.25,17161.150390625,17177.599609375,176000,0.00865024368602743,0.002836609504174703,-0.006586074136704378,0.042845678572015926,-0.005763776113915653,-0.009396030770693415,0.04975947228217399,57.40262714530834,49.77291482997737,48.48450454678279,0.0,1.4133147019097962,1.4992970042201252,1.4762338438356124,0.00859109501224609,-0.2352504220860543,-1.2695596299163405,0.006677740602707878,0.02625291841655914,0.008272099132272191,0.03047428818028724,0.008738542347709858,0.0300081667287485,0.008450075562268504,0.026258790457957676,3.8508696838999796,12.82375196985123,0.0,0.0,-0.055388292083900614,-0.1681383582818603,-0.0006388254026766828,-0.0009774167040094324
2021-12-29,17213.599609375,17285.94921875,17176.650390625,17220.099609375,161700,0.006128105069455532,0.0015389583442906084,-0.0074183711170193335,0.04122498241903191,-0.004561195241482816,-0.008943565686269346,0.04900690494422398,56.11383888364384,49.267857387243296,48.23208697880088,0.0,1.258933722383498,1.439147667112603,1.4377779706643188,0.00790592142769064,-0.5362668591601688,-1.3780482878759053,-0.002522138616571898,0.011689819098390853,-0.0012976511598840948,0.016957896414300594,-0.0008322969803149557,0.01757776359802058,-0.0016206961529840191,0.013732331553041738,-0.5050574427340706,7.190978238023078,0.0,0.0,-0.06014933710752235,-0.17664572425632685,-0.0006851735845554499,-0.001419209287588239
2021-12-30,17203.94921875,17264.05078125,17146.349609375,17201.44921875,320800,0.004547798509942838,0.0008885297852177396,-0.007664496369768801,0.04022058935635455,-0.0036427024479601003,-0.008545433282987016,0.04825493550411809,55.40116767255753,49.00486372989986,48.104539859926426,0.0,1.1445423380766266,1.3859690225304901,1.4026591248875218,0.007878287579236516,1.7506346925969898,1.4745607907226785,-0.0015803065595126932,0.0034769187399586654,-0.0006504285590728688,0.008727548194661582,-0.00024612525274946787,0.009891549091939449,-0.0010043930626773556,0.005984659209058628,-0.2629936573434364,3.8780471238975096,0.0,0.0,-0.053178644582112744,-0.17239543300195947,-2.7633848454123797e-05,-0.001296756402481218
2021-12-31,17354.05078125,17400.80078125,17238.5,17244.5,167000,0.010865589928870949,0.008738823721770613,0.0009544673906047972,0.04878190010298541,-0.0021039060269624813,-0.007716919531703174,0.047781826517106496,63.7545106287931,53.19031527668209,50.227578771911034,0.0,1.1345794770669402,1.3568630553517849,1.3783269769261979,0.007778247761883991,-0.37711628518240986,-1.1360654076838947,0.006317791418928111,0.013293785232377243,0.007850293936552875,0.01951420433306078,0.008618963760373598,0.021646085803700362,0.008561310746630857,0.01902484725494102,4.185451546782232,9.518886711536325,0.0,0.0,-0.029105967178705283,-0.19938744036757705,-0.00010003981735252476,-0.0014482149531588077
2022-01-03,17625.69921875,17646.650390625,17383.30078125,17387.150390625,200500,0.021730994341828982,0.02224941424238419,0.015960448099858533,0.06450822063319607,0.0005073937302735526,-0.006152085836299134,0.047785100910312,74.02618689201601,59.64554535651906,53.77658590467684,0.0,1.2256893645856228,1.3591026194614546,1.3715121897320188,0.007622323356591763,-0.07087615003334473,-0.5153742295063171,0.010865404412958033,0.019758491258509432,0.013510590520613578,0.02768490387048168,0.015005980709253736,0.03128506458427277,0.015726320530210662,0.030112617623448648,6.455230079836966,13.72350021044167,0.0,0.0,0.002239564109669745,-0.19558267684257125,-0.00015592440529222772,-0.001607597058331009
2022-01-04,17805.25,17827.599609375,17593.55078125,17681.400390625,247400,0.02614297497130172,0.02960567239170543,0.025252094129451123,0.07454656551065082,0.003374478513094685,-0.004228393820074085,0.04808034205778042,78.68433346759709,63.25271100241502,55.93051042187654,0.0,1.2335621360635545,1.343189807689373,1.3556250716149527,0.00763409066146202,0.422132578429083,0.3102548153753744,0.004411980629472737,0.017492731285274288,0.00735625814932124,0.02676906288753073,0.00929164602959259,0.0318381682661555,0.010038344877454752,0.0317008869386349,3.607165645895961,13.479796172437652,0.0,0.0,-0.015912811772081703,-0.15610719653075233,1.1767304870256845e-05,-0.0009570043507840693
2022-01-05,17925.25,17944.69921875,17748.849609375,17820.099609375,251500,0.026886464648946323,0.03311252596015477,0.030861693976139897,0.08090890211963861,0.006063047401580959,-0.002178690053073354,0.048548906643782114,81.2993523169502,65.47397325543565,57.309275267692406,0.0,1.1987614100788822,1.3169402106015482,1.3344565880795782,0.007480431889195987,0.24137443984032894,0.38852734558506613,0.0007434896776446036,0.020758359579490793,0.0035068535684493404,0.03157356761586416,0.0056095998466887745,0.03828006509315923,0.006362336608987787,0.0396839197006067,2.221262253020633,16.206115868192356,0.0,0.0,-0.026249597087824705,-0.12220745651105469,-0.00015365877226603333,-0.00042548953849465276
2022-01-06,17745.900390625,17797.94921875,17655.55078125,17768.5,236500,0.013550738292773873,0.02066249396446944,0.019725813621243697,0.06934813798394794,0.007016674551167132,-0.0009177180005777194,0.048662418563756624,66.97283665363649,59.66867182111619,54.65878850839771,0.0,1.2726580365425895,1.3437880104187834,1.3561261765896742,0.007515834757440628,0.44142133986171506,0.12592236605224577,-0.01333572635617245,0.009002939782831034,-0.012450031995685333,0.0197739641792517,-0.0111358803548962,0.0273903099910125,-0.011560764135690668,0.02912754862759339,-5.80530143431946,10.663808091216332,0.0,0.0,0.026847799817235174,-0.04218101211170677,3.5402868244641464e-05,-0.0003624528217958875
2022-01-07,17812.69921875,17905.0,17704.55078125,17797.599609375,239300,0.014163766433351599,0.022227262130023944,0.022619258477386273,0.07259028062688633,0.007950881271404857,0.0003834727969840322,0.04886571589107725,69.32191216685244,61.053751632723156,55.454520891730745,0.0,1.2393716585082362,1.3235035463378155,1.3402918377972501,0.0075765705084443824,0.21057960962912636,0.1452066297951374,0.0006130281405777264,0.00329817650448065,0.0015647681655545052,0.01348843840825333,0.0028934448561425755,0.021664791086781477,0.0032421426429383865,0.02380838052390092,1.385079811606964,7.863436356041063,0.0,0.0,-0.020284464080967846,-0.033359509013969335,6.0735751003754106e-05,-0.00020167725343960864
2022-01-10,18003.30078125,18017.44921875,17879.150390625,17913.30078125,232400,0.020374673497775043,0.0300597503829609,0.03220308526348707,0.08316128410965366,0.009491686864380974,0.0020807869443780448,0.049368384549207826,75.19503107055567,64.77141274496401,57.653606910051735,0.0,1.2084586000617754,1.2971915602306454,1.3171111376451539,0.007558472140038304,-1.146864502788202,0.045127246039099025,0.006210907064423444,-0.001356320844053939,0.007832488252936955,0.007810336140576708,0.0095838267861008,0.01624263716362854,0.010571003482767335,0.018653063476457593,3.7176611122408545,5.125867388444952,0.0,0.0,-0.026311986107170116,-0.061911059230809196,-1.809836840607846e-05,-6.385121655345938e-05
2022-01-11,18055.75,18081.25,17964.400390625,17997.75,220200,0.019021624896380727,0.029965062404889733,0.03378277440724903,0.08538466104454451,0.01073916121222824,0.003706642236432007,0.04991559920978854,76.6312957979003,65.74054244295417,58.24188984816774,0.0,1.0933905882824229,1.247261749715689,1.2815648897091918,0.007447865534462152,-1.392068174348616,-0.1280054588669811,-0.0013530486013943153,-0.0071213500749209915,-9.468797807116527e-05,0.00035939001318430197,0.001579689143761956,0.008530680277797905,0.0022233769348908444,0.010838095533893685,0.9691296979901551,2.4878314405391464,0.0,0.0,-0.049929810514956374,-0.09592805797368387,-0.0001106066055761518,-0.00018622512699986802
2022-01-12,18212.349609375,18227.94921875,18128.80078125,18170.400390625,245000,0.022679433746542292,0.0352372749065839,0.041003725154331365,0.09376661393249383,0.012279352400816835,0.005570172546451062,0.0506846301345754,80.55354129971431,68.52469457369243,59.964020909173584,0.0,1.0562928166391852,1.2157493243799902,1.2550673354378943,0.007374871119379143,1.1095683793753317,0.2908956567818991,0.0036578088501615647,-0.0042070309024040305,0.005272212501694164,0.0021247489464291253,0.007220950747082337,0.010142031178191468,0.008381952887949323,0.012857711812855221,2.7841521307382635,3.0507213182567767,0.0,0.0,-0.03151242533569887,-0.10119088622155803,-7.299441508300947e-05,-0.00010556076981684415
2022-01-13,18257.80078125,18272.25,18163.80078125,18257.0,303700,0.020549809075589107,0.034264768538135704,0.0418203017303078,0.09544444013036223,0.013438794795297217,0.007305221469403177,0.051471581337964666,81.59930957183444,69.30439499982822,60.45489127722401,0.0,0.9617282956792822,1.1685275084888895,1.2206117875135714,0.007338885779219297,1.7145609606429784,1.2178893005603555,-0.0021296246709531855,0.006999070782815234,-0.0009725063684481935,0.013602274573666265,0.0008165765759764326,0.0220944881090641,0.0016778261978683956,0.026096302146414285,0.7797004261357898,9.635723178712027,0.0,0.0,-0.04722181589110064,-0.17526050192989384,-3.5985340159846134e-05,-0.00017694897822133175
2022-01-14,18255.75,18286.94921875,18119.650390625,18185.0,229500,0.016657798674390278,0.030948102552405637,0.040002437089609745,0.09428349908456106,0.014056159207796704,0.008782531841115495,0.05219320653406728,81.3689666988321,69.22107388207633,60.4202281897054,0.0,0.9527525007223887,1.1506415190466697,1.2062569190942836,0.007316648142497342,-0.4993189631294674,0.054071441320514294,-0.003892010401198829,0.002494032241038679,-0.003316665985730067,0.008720840422381693,-0.0018178646406980525,0.017383178612223472,-0.001160941045801167,0.02169321845767473,-0.08332111775189333,8.16732224935317,0.0,0.0,-0.017885989442219863,-0.17286202729114586,-2.223763672195428e-05,-0.00025992236594704014
2022-01-17,18308.099609375,18321.55078125,18228.75,18235.650390625,266700,0.01595759350877708,0.030727488054265617,0.04122954036434471,0.09635865729213618,0.014537904573829967,0.010188970830596672,0.05294617064792535,82.8137733341845,70.20577667586537,61.01200115145376,0.0,0.8613993332751247,1.1016037202766866,1.1696685457075768,0.007087561273636111,0.4101313903805838,0.9513398016510917,-0.0007002051656131991,-0.004417079988997964,-0.00022061449814001974,0.0006677376713047183,0.0012271032747349642,0.009026455100857637,0.0020751582075751174,0.013197373182482514,0.9847027937890402,5.434363930901355,0.0,0.0,-0.04903779876998304,-0.1955878399539588,-0.0002290868688612311,-0.0004709108664021928
2022-01-18,18113.05078125,18350.94921875,18085.900390625,18337.19921875,227500,0.0041965428972494025,0.017919138567082084,0.028920596303226246,0.08376524217832691,0.013665248866761726,0.01080779142401315,0.05330308876326329,61.935696164759705,62.21871027915471,57.679810625840865,0.0,0.9892008042448417,1.1384545897340015,1.1956468326158458,0.0062826669176846185,-0.8517222092694952,0.10186487243481461,-0.011761050611527676,-0.014825081999131325,-0.012808349487183533,-0.01204592383780765,-0.012308944061118463,-0.004862178104022782,-0.012593415113809264,-0.0016194188662175951,-7.987066396710652,-3.521832163799452,0.0,0.0,0.03685086945731486,-0.10880715998168755,-0.0008048943559514927,-0.0011651986167775337
2022-01-19,17938.400390625,18129.19921875,17884.900390625,18129.19921875,276700,-0.004493159537220817,0.007361955704826059,0.018240827386518645,0.0725328983374647,0.011908622583181663,0.01079936721858918,0.05331947952852717,49.02432058890078,56.06780677531606,54.895780058688736,0.0,1.0714406894751263,1.1647056903904638,1.2146491505342405,0.006050481127599177,0.489101370285078,1.081754986663748,-0.00868970243447022,-0.02717259328376311,-0.010557182862256025,-0.02787531920175784,-0.010679768916707601,-0.02276289776781272,-0.011232343840862219,-0.021233715595029137,-6.150903503838656,-12.456887798376371,0.0,0.0,0.0262511006564623,-0.05104363398952638,-0.00023218579008544172,-0.001324389991779966
2022-01-20,17757.0,17943.69921875,17648.44921875,17921.0,258100,-0.01194445335991329,-0.0025687483520787026,0.0076300576503677735,0.061035745146442125,0.009489046480956422,0.01022507163836742,0.05300128463873723,39.13780233299074,50.48521976817959,52.18283637548955,0.0,1.1984538866976238,1.2113268857715065,1.2478036989525656,0.006341365484590446,0.28842877966518915,0.6168867332189796,-0.0074512938226924735,-0.032494262435502394,-0.009930704056904762,-0.036833516890214406,-0.010610769736150872,-0.03419024407994002,-0.011497153191022569,-0.0344086949839201,-5.582587007136468,-18.81917523164863,0.0,0.0,0.0466211953810427,0.04279937728261696,0.00029088435699126895,-0.0009975202946288508
2022-01-21,17617.150390625,17707.599609375,17485.849609375,17613.69921875,277600,-0.01619765260363512,-0.009485591708271793,-0.00029379219367292413,0.05212780180024828,0.006822570522551419,0.00927982413749168,0.05243699957505599,33.12874201699994,46.63044329491703,50.19940273580248,0.0,1.2741995071641885,1.2436701975857085,1.2711099676044573,0.006567087880120288,0.7932766206750178,0.9374949553371319,-0.00425319924372183,-0.0328554512780254,-0.006916843356193091,-0.04043369426067743,-0.007923849844040697,-0.04029622928328267,-0.008907943346193846,-0.04215569728431278,-3.854776473262561,-22.590630587159296,0.0,0.0,0.032343311814202025,0.09302867853903884,0.00022572239552984263,-0.0007495602623770539
2022-01-24,17149.099609375,17599.400390625,16997.849609375,17575.150390625,323800,-0.0349065943216407,-0.03265307951529683,-0.025827997440432904,0.023928667182371455,0.002335022489102892,0.007055464725565177,0.051075851586857644,20.711946128812883,36.56710763176458,44.34883284018556,0.0,1.769435585102611,1.4443036569899557,1.4155867099049169,0.007564375642781573,1.4577550206844931,1.7750729991486505,-0.01870894171800558,-0.05086418783041778,-0.023167487807025034,-0.06338056756956245,-0.02553420524675998,-0.0670575378047776,-0.028199134617876823,-0.07242999010976472,-10.06333566315245,-33.63866904410079,0.0,0.0,0.20063345940424715,0.34269993671326904,0.0009972877626612843,0.0004768143691454615
2022-01-25,17277.94921875,17309.150390625,16836.80078125,17001.55078125,326500,-0.02274147357276223,-0.023130585219493772,-0.017795655136381854,0.031297452378257755,-0.00039816654059197107,0.0054612520388005285,0.049982580276058876,29.23088117011754,40.38152402227514,46.14085539994462,0.0,1.9517578991343758,1.5264111287648257,1.4683061769321875,0.008101691692657249,1.1031598011451849,1.6415478909166887,0.012165120748878468,-0.026938016470011636,0.009522494295803055,-0.041049723786575856,0.00803234230405105,-0.0467162514396081,0.0073687851958862995,-0.05246778980006916,3.8144163905105586,-21.837186256879576,0.0,0.0,0.08210747177486999,0.38795653903082417,0.000537316049875676,0.0018190247749726302
2022-01-27,17110.150390625,17182.5,16866.75,17062.0,395600,-0.026527382357785376,-0.029740624623828902,-0.02629080007138438,0.021065547273350506,-0.003300803954636252,0.003555569407517471,0.048635000417174515,25.128819038133514,37.24084460743162,44.217907715944385,0.0,2.057368443068635,1.6029425087090914,1.5265411260479,0.008557786304396282,1.489387235425491,2.573244005273767,-0.0037859087850231447,-0.02203422282056456,-0.0066100394043351295,-0.03710258032865496,-0.008495144935002526,-0.044531627457903025,-0.010231905104907249,-0.05146735106411419,-3.140679414843518,-18.82696216788444,0.0,0.0,0.07653137994426573,0.4382368183186276,0.00045609461173903333,0.002507305176797105
2022-01-28,17101.94921875,17373.5,17077.099609375,17208.30078125,355300,-0.02219491912228014,-0.027535325433489216,-0.025735204661253282,0.02036722644840421,-0.005461626673503576,0.0018510911700091955,0.04732022683179055,24.92933652690361,37.0890145102532,44.12470150243824,0.0,1.9933116484166429,1.6129559694913802,1.537076262573871,0.008866989783711957,0.44904675321217236,1.6788727526380638,0.004332463235505235,-0.01025046576236685,0.002205299190339686,-0.024966577081410514,0.0005555954101310982,-0.033365262311621055,-0.0006983208249462976,-0.04066851869803792,-0.15183009717841855,-13.39620525792639,0.0,0.0,0.010013460782288819,0.4016290837198737,0.0003092034793156749,0.002525624299121511
2022-01-31,17339.849609375,17410.0,17264.150390625,17301.05078125,321700,-0.007041595702131054,-0.012750458267089499,-0.011710332116542573,0.034205610778586,-0.005749347143091296,0.0010535595172029171,0.046460004983623016,40.826684562965774,44.196321880267455,47.45650328424732,0.0,1.9280805802153942,1.6040922703959621,1.5283954217220979,0.00889395105745474,-0.7235157437290756,0.9845845117616915,0.015153323420149087,0.009156056901504067,0.014784867166399717,-0.0032648665588177056,0.01402487254471071,-0.011416539922869649,0.01383838433018179,-0.01792219102166228,7.107307370014254,-2.4341214146495744,0.0,0.0,-0.008863699095418065,0.3604220728102536,2.6961273742782607e-05,0.002326863177334451
2022-02-01,17576.849609375,17622.400390625,17244.55078125,17529.44921875,386400,0.0053364721751231504,0.0006755978663167117,0.001726936486983358,0.04783705401721266,-0.004636133710261478,0.0010506288180788612,0.04603062556342515,52.514112969525385,50.22878563092755,50.50554459088232,0.0,1.9516065043736184,1.6229801995243032,1.5383543822134618,0.009423405344255627,0.8703236918262637,1.9544578191507123,0.012378067877254205,0.040243066496763846,0.01342605613340621,0.03332867738161354,0.013437268603525931,0.027554933927416262,0.01363144323862666,0.023908386834841203,6.032463750660092,13.661677999162968,0.0,0.0,0.01888792912834103,0.1786765425343475,0.0005294542868008872,0.001859029701474054
2022-02-02,17780.0,17794.599609375,17674.80078125,17706.19921875,271200,0.013830443808996694,0.011116034084768895,0.012776314325608842,0.05931590850742032,-0.0026773803655270653,0.0016420274082022464,0.04595249071637446,60.346448077737776,54.744791192167,52.93338898341607,0.0,1.788384433028263,1.5773116885682847,1.5066781092768222,0.009359570155921952,-1.4702565279856306,-0.2072332419812743,0.008493971633873543,0.036571917381758925,0.010440436218452184,0.03424661930426267,0.011049377838625484,0.030571969461990697,0.011478854490207663,0.028018456129162567,4.516005561239453,14.363267169891863,0.0,0.0,-0.04566851095601843,0.05090055980345909,-6.383518833367498e-05,0.0012578784632647031
2022-02-03,17560.19921875,17781.150390625,17511.150390625,17767.75,226600,0.0010611113494687445,-0.0012580071082605147,0.0002460752273845006,0.045739441769831884,-0.0023166602232734808,0.001505976865246371,0.04548217450601388,49.94731348823576,49.510370103467146,50.17197612868339,0.0,1.7561292893799627,1.5928058137842025,1.5261100743959999,0.00934741709461673,-1.3349570949698701,-1.0001741227390044,-0.01276933245952795,0.027588493707254122,-0.01237404119302941,0.02848261751556839,-0.012530239098224342,0.026536875298768883,-0.013576466737588437,0.02467389449648138,-5.234421088699854,12.269525496035527,0.0,0.0,0.015494125215917753,-0.01013669492488889,-1.2153061305222174e-05,0.0007896307902204476
2022-02-04,17516.30078125,17617.80078125,17462.55078125,17590.19921875,261400,-0.0011796560392299993,-0.0034145699819483188,-0.0021662053723713846,0.042677795923830426,-0.002237553486201417,0.0012526418428115305,0.04494135349758993,48.01922375725599,48.51270257625572,49.63567382540045,0.0,1.5856877823225584,1.5460490244552962,1.4992862814446224,0.009310361089547777,-0.5162086762242903,-0.3890893451158591,-0.0022407673886987436,0.021015263083050142,-0.0021565628736878043,0.024120755451540896,-0.0024122805997558853,0.023568999288881898,-0.003061645846001458,0.022310569475426218,-0.9976675272114264,11.42368806600252,0.0,0.0,-0.046756789328906256,-0.06690694503608396,-3.705600506895279e-05,0.0004433713058358199
2022-02-07,17213.599609375,17536.75,17119.400390625,17456.30078125,265000,-0.01513834203954409,-0.018795876163205168,-0.018662917633013847,0.02440780956002904,-0.0037137542050681973,0.00013550547430580905,0.0438898396554589,36.640604466625895,42.19827375154213,46.111049990119,0.0,1.7757645230172763,1.6340432914655385,1.5684551834525384,0.009766445224632105,-0.2814658245915192,-0.35102638014030335,-0.01395868600031409,-0.008096746337413035,-0.015381306181256849,-0.006045417896115669,-0.016496712260642463,-0.0069525855164712744,-0.018269986363801387,-0.009797801218556959,-6.314428824713588,-1.9980481287253227,0.0,0.0,0.08799426701024227,0.029951021069576367,0.0004560841350843281,0.0008724941671773654
2022-02-08,17266.75,17306.44921875,17043.650390625,17279.849609375,268500,-0.009919680706611976,-0.014353495044516353,-0.015029006265719782,0.027289047697986086,-0.0044782370192640066,-0.0006853483655724392,0.04296375652979095,39.57378614130403,43.58674472738906,46.79895057160312,0.0,1.7206374194507787,1.6213691191793038,1.5616446238235644,0.009896611930889143,0.5463068804479987,-0.326590771200439,0.005218661332932114,-0.015256152881735126,0.0044423811186888144,-0.015029092910833064,0.003633911367294065,-0.01675594275270314,0.0028812381379570463,-0.020548006319226573,1.3884709758469285,-6.642040903538486,0.0,0.0,-0.012674172286234686,-0.0016110803449993494,0.00013016670625703823,0.0004732065866335164
2022-02-09,17463.80078125,17477.150390625,17339.0,17370.099609375,236400,0.0011282080225841545,-0.002823657975815181,-0.003640344644964168,0.03860945383232951,-0.003947412495952953,-0.000818999242893369,0.042404164249543685,49.65480553915838,48.52370530416498,49.28783141433583,0.0,1.6019342577692282,1.5746249791065745,1.527869514473208,0.009897394077234934,-0.806452589625173,-0.982715158650673,0.01104788872919613,-0.012702235786412538,0.011529837068701173,-0.013939692060584076,0.011388661620755615,-0.01641665897057301,0.011320406134343427,-0.02070645467509081,4.936960576775917,-6.221085888002023,0.0,0.0,-0.04674414007272931,-0.002686709461710235,7.821463457909072e-07,0.0005378239213129823
2022-02-10,17605.849609375,17639.44921875,17427.150390625,17554.099609375,273600,0.007572832070909964,0.004804305078236025,0.0042881388542272665,0.046567363187410823,-0.002747718978273422,-0.0005136982608454977,0.04209869926515223,55.84951359002512,51.79849400485702,51.001475663719404,0.0,1.5123760424600345,1.5364863360718282,1.5007946399142256,0.010023943020610514,0.8727724564539077,-0.28087440977727235,0.00644462404832581,0.00651172072144122,0.007627963054051206,0.00606231218649654,0.007928483499191435,0.004042063626842766,0.00795790935508131,0.000827921417578939,3.274788700692042,2.2881239013898735,0.0,0.0,-0.038138643034746345,-0.05631947771237433,0.00012654894337557968,0.0006765259259937841
2022-02-11,17374.75,17454.75,17303.0,17451.0,253100,-0.004629832401897699,-0.007628591986821829,-0.008548625436121981,0.03249253030551377,-0.003012707917658761,-0.0009271059624159739,0.04139502631653422,45.2756074238549,46.603976448959195,48.25062357620137,0.0,1.5746024727031176,1.5702173581700987,1.5313416785996077,0.01006636079823382,-0.41829176822492514,-0.6362644971288064,-0.012202664472807663,-0.0034501763626676994,-0.012432897065057853,-0.00421402200487351,-0.012836764290349249,-0.006382420063750597,-0.01407483288189705,-0.010185265618316654,-5.194517555897825,-1.908726127296525,0.0,0.0,0.0337310220982705,0.024168333714802426,4.241777762330548e-05,0.0007559997086860424
2022-02-14,16842.80078125,17099.5,16809.650390625,17076.150390625,305500,-0.02890620275430317,-0.034675511075489045,-0.03743461982182932,0.0008727299725998643,-0.005941041264550659,-0.002858218949168332,0.039797140623672234,30.014992125905025,37.32528274123418,42.746925372389725,0.0,1.9704948166652647,1.743761999342492,1.6642507982451624,0.010196287719473665,1.4775825523860284,0.34199022759140896,-0.02427637035240547,-0.013767860714759082,-0.027046919088667215,-0.015879634912283877,-0.02888599438570734,-0.018771702188815475,-0.03161980033291391,-0.023535079587429175,-9.278693707725012,-4.872991010307949,0.0,0.0,0.17354464117239332,0.10971870787695348,0.00012992692123984552,0.0004298424948415598
2022-02-15,17352.44921875,17375.0,16839.25,16933.25,298700,0.0003912591316455443,-0.004971229505774973,-0.007985020921502254,0.030838670931815172,-0.005360391335361363,-0.003028848516842732,0.03913619519070319,49.166567573709735,48.00603837709177,48.57494775856968,0.0,2.1475885530784757,1.792183677417829,1.685470572495918,0.010704463080895794,0.8592278813395908,0.1701957306228877,0.029297461885948714,0.01031093983825752,0.029704281569714074,0.00938226553874138,0.02944959890032707,0.007043985344217529,0.029965940959215308,0.0035496232338290863,10.680755635857587,4.419293649702709,0.0,0.0,0.04842167807533704,0.1708145582385252,0.0005081753614221297,0.0008078511500066513
2022-02-16,17322.19921875,17490.599609375,17257.69921875,17408.44921875,244500,-0.0011070208375368673,-0.006099930531052912,-0.00933697189837657,0.028744363192464376,-0.004998443074154375,-0.0032569082815873526,0.03844025063074678,48.252205652245905,47.48874177719082,48.27248562733476,0.0,1.9899750848748121,1.7631138474509562,1.6720380202257163,0.010866717380335239,-1.1349834022269047,-0.9877677504518093,-0.0014982799691824118,-0.002235228860121022,-0.0011287010252779388,-0.0032762725552377306,-0.0013519509768743169,-0.005696627253412403,-0.002094307739350796,-0.009865090639865137,-0.517296599900952,-1.0349635269741597,0.0,0.0,-0.029069829966872796,0.18848886834438172,0.0001622542994394443,0.0009693233031003046
2022-02-17,17304.599609375,17442.900390625,17235.849609375,17396.55078125,232100,-0.0017367788950155064,-0.006467587202105981,-0.009941905370908421,0.027415974197193896,-0.00473903896995615,-0.003496934900209635,0.03773301765902718,47.650696918601874,47.17026745083446,48.09180911552603,0.0,1.8329006292787557,1.724307032301376,1.6510132605036816,0.01089526974673395,-1.0451227107696803,-1.159762588336512,-0.000629758057478639,-0.009309610965925471,-0.0003676566710530691,-0.011271892280342005,-0.0006049334725318507,-0.014230044225135689,-0.0013283889952704804,-0.019151388990216928,-0.31847432635635897,-4.628226554022561,0.0,0.0,-0.038806815149580176,0.1878206962295479,2.8552366398711115e-05,0.0008713267261234361
2022-02-18,17276.30078125,17380.80078125,17219.19921875,17236.05078125,189600,-0.0027583687351134725,-0.007362094370574691,-0.01111264893280633,0.025473203485882483,-0.00461645953310425,-0.003778371288222603,0.03699698694619348,46.56184906729664,46.62878058264398,47.7935245482876,0.0,1.6558012518396619,1.6705788290767805,1.619511778551525,0.010879385527431486,-1.3324242386553946,-1.792425081170378,-0.001021589840097966,0.0018714636667842262,-0.0008945071684687105,0.0002664976162471376,-0.0011707435618979085,-0.0025640234966843485,-0.0019427707113114125,-0.007019326819631289,-0.5414868681904821,0.02480413368478196,0.0,0.0,-0.053728203224595594,0.1003614709066818,-1.5884219302464073e-05,0.0008130247291976665
2022-02-21,17206.650390625,17351.05078125,17070.69921875,17192.25,215200,-0.00555313944124709,-0.010341566137524752,-0.01451586643052149,0.02112213717957204,-0.004815165984421906,-0.004217920193642089,0.03616294001711696,43.69483428080009,45.25190024025061,47.04869546210558,0.0,1.6558671776190432,1.6739111140366585,1.6262222953129026,0.010939231218009014,-0.5123842199690283,-1.2056016810990466,-0.002794770706133618,0.02335306331305608,-0.0029794717669500608,0.024333944937964293,-0.003403217497715161,0.022918753391307833,-0.004351066306310443,0.020249407206972176,-1.3768803423933633,7.92661749901643,0.0,0.0,0.003332284959878029,-0.0698508853058335,5.984569057752853e-05,0.0007429434985353495
2022-02-22,17092.19921875,17148.55078125,16843.80078125,16847.94921875,300100,-0.009977520384522756,-0.015409476476081574,-0.020261312367742763,0.014185465327374178,-0.005486699750159793,-0.004927770251430136,0.03515914817895449,39.08150483932697,43.00471149700264,45.83154840456298,0.0,1.7581432264969319,1.71638952657288,1.6602442384848863,0.010942155459228728,1.549495620187149,0.3398121991964019,-0.004424380943275665,-0.0103687795161683,-0.005067910338556822,-0.0104382469703066,-0.005745445937221273,-0.01227629144624051,-0.006936671852197863,-0.016653205604440995,-2.2471887432479747,-5.001326880089131,0.0,0.0,0.04247841253622142,-0.07579415084494912,2.9242412197139772e-06,0.00023769237833293384
2022-02-23,17063.25,17220.69921875,17027.849609375,17194.5,200200,-0.00955560958990909,-0.015548763158142385,-0.02107918993708559,0.012342141712861429,-0.00605097431643976,-0.005617776251350897,0.034140996193347914,37.900655509115495,42.4307474365392,45.522637135482306,0.0,1.6349417381451463,1.6772231607384107,1.6376868596232954,0.010195617271970695,-0.623907563576946,-1.3143341205609642,0.00042191079461366583,-0.008448588752372223,-0.00013928668206081123,-0.009448832627089473,-0.0008178775693428279,-0.01174221803870902,-0.0018433236145127489,-0.01640222147960295,-0.5739640604634388,-5.057994340651618,0.0,0.0,-0.0391663658344692,-0.08589068671254552,-0.0007465381872580334,-0.0006711001083645439
2022-02-24,16247.9501953125,16705.25,16203.25,16548.900390625,458000,-0.04702456005836881,-0.05722273156289174,-0.0653660720014298,-0.03568291550391958,-0.010701400138021983,-0.00863760796018948,0.03175912580134329,19.019041490340342,30.204253413937778,38.035250498297785,0.0,2.432179765182009,2.013640445019033,1.8900119074284447,0.010318751407055793,1.6489638143513177,2.7657017036490146,-0.037468950468459716,-0.0452877811633533,-0.04167396840474935,-0.05075514436078576,-0.04428688206434421,-0.055424166630521375,-0.04802505721678101,-0.06309888970111348,-12.226494022601422,-16.96601403689668,0.0,0.0,0.3364172842806221,0.2893334127176568,0.00012313413508509806,-0.000576518339678157
2022-02-25,16658.400390625,16748.80078125,16478.30078125,16515.650390625,329800,-0.018856628703414192,-0.030462160370657687,-0.040183990599513005,-0.01121126484182381,-0.011828578785490573,-0.010027282929536831,0.030185707962702063,37.35059473825104,39.63477837538829,42.93537599406703,0.0,2.499121121783012,2.0384950923553786,1.8988316199872162,0.010167694615839317,0.28104800564207333,0.8311537504157511,0.028167931354954618,-0.01609825996830072,0.026760571192234052,-0.023100066000082995,0.025182081401916794,-0.029071341666706677,0.02447165066209577,-0.03668446832770629,9.430524961450509,-6.99400220725569,0.0,0.0,0.024854647336345792,0.36791626327859817,-0.00015105679121647612,-0.000711690911592169
2022-02-28,16793.900390625,16815.900390625,16356.2998046875,16481.599609375,404200,-0.00891615615257595,-0.020565759457483086,-0.03114668156297451,-0.003136995662290488,-0.011754407437097296,-0.010803095978787267,0.028910140851733712,42.374662113320134,42.40159806632275,44.43956104552024,0.0,2.530508038474312,2.073095094956464,1.9241396629907699,0.010432717993177708,0.6634494451703306,1.7812353967778616,0.009940472550838242,-0.0033630167113288595,0.009896400913174602,-0.010224193319958334,0.009037309036538495,-0.01663081513245302,0.008074269179533322,-0.024259132841862527,2.7668196909344616,-2.850302173927865,0.0,0.0,0.03460000260108531,0.39918398091980545,0.0002650233773383911,-0.0005065132248313065
2022-03-02,16605.94921875,16678.5,16478.650390625,16593.099609375,517700,-0.016429953404954473,-0.028743498572177267,-0.040409617023624556,-0.01415330953580872,-0.01251923562521065,-0.012011367166445925,0.027361995236317674,37.507169255965955,39.68449950894265,42.816101613895356,0.0,2.4270024807220576,2.082405943141777,1.9436556766197999,0.010521302526665126,1.103930929602761,2.7307311320062193,-0.0075137972523785235,-0.0064524330204317176,-0.008177739114694181,-0.013334022096095693,-0.009262935460650046,-0.020148304655881792,-0.011016313873518232,-0.028338774863182897,-2.7170985573800976,-3.320211988059988,0.0,0.0,0.009310848185313247,0.3660164165688973,8.858453348741836e-05,-0.00042085293256360207
2022-03-03,16498.05078125,16768.94921875,16442.94921875,16723.19921875,442100,-0.018749339146210412,-0.03196943578061133,-0.044897555142185186,-0.020358522799111496,-0.013472700872270564,-0.01335507352704197,0.025692565729665568,34.82774583963241,38.17224237893563,41.904722577244,0.0,2.34949840274305,2.0874511691155058,1.957301785540568,0.010268566550870136,0.16889581183682903,1.6054931708915765,-0.0023193857412559388,-0.009193729556301322,-0.0032259372084340633,-0.016420672622468945,-0.00448793811856063,-0.023818365205099595,-0.0062052132633027765,-0.03270066451197293,-1.512257130007022,-4.258505057603571,0.0,0.0,0.005045225973728584,0.41022800837709505,-0.0002527359757949904,7.294927889944097e-05
2022-03-04,16245.349609375,16456.0,16133.7998046875,16339.4501953125,456100,-0.027808306024188354,-0.04272429719739741,-0.05732632389597331,-0.03502416905254782,-0.015342644116007196,-0.015253731663538257,0.023658404184572115,29.13983216818508,34.82510209077243,39.84480435896703,0.0,2.3572736579511377,2.128655230073081,1.9998642808791391,0.010647587804152573,0.3767685533546609,1.5464625201943747,-0.009058966877977942,0.019216254034180456,-0.010754861416786082,0.014498434365494327,-0.012428768753788122,0.00803974810545649,-0.014665646253436325,0.0006587464513717611,-3.347140288163196,4.620848676834655,0.0,0.0,0.04120406095757545,0.11501478505404839,0.0003790212532824369,0.0003288363970967798
2022-03-07,15863.150390625,15944.599609375,15711.4501953125,15867.9501953125,585400,-0.041851721380666736,-0.0596683014520369,-0.07662539809572029,-0.05718530171831803,-0.018594804654915614,-0.0180331011598015,0.021053315022214015,22.62101213887098,30.472915800163108,36.99261199815743,0.0,2.604386582905708,2.26463604713811,2.11079139951884,0.010747143567040382,1.464891252517681,2.3037372541006684,-0.014043415356478382,-0.022995092677252544,-0.01694400425463949,-0.029206141081379214,-0.019299074199746982,-0.036441407496207286,-0.02216113266577021,-0.04597403687649422,-4.352186290609325,-9.161862575225179,0.0,0.0,0.13598081706502896,0.22614095478273155,9.955576288780965e-05,0.0005794489512010656
2022-03-08,16013.4501953125,16028.75,15671.4501953125,15747.75,543600,-0.026975407379991823,-0.04635834406706463,-0.06538885540395971,-0.04779516789538255,-0.019920294753169053,-0.01995562087551406,0.018824607014697584,29.823598145955273,33.96773396391788,38.77977803242766,0.0,2.5102033874925924,2.2425139174615576,2.097659274640032,0.010996015766605725,0.5773242746872209,1.678072414174721,0.014876314000674913,-0.018059251227415873,0.013309957384972274,-0.025792584609581542,0.011236542691760582,-0.0342421738409852,0.009390133822935479,-0.04465817223309206,3.494818163754772,-8.433864102404868,0.0,0.0,-0.022122129676552582,0.16941882250509366,0.00024887219956534236,0.0005632977734280169
2022-03-09,16345.349609375,16418.05078125,15990.0,16078.0,462200,-0.005577263558041894,-0.024233941382537826,-0.0442931451085409,-0.027788053768624445,-0.018761314620831655,-0.020557390317946126,0.0172700355296614,43.39727755264969,41.01825101323666,42.51382014625671,0.0,2.4911445847704234,2.2271082531067306,2.0819095386436075,0.011059790268717604,-0.5662759476212795,0.9215484479352721,0.02139814382194993,0.01085268984691258,0.0221244026845268,0.00450955718963944,0.02109571029541881,-0.003883528084916342,0.020007114126758107,-0.013634744232815726,7.050517049318778,1.333751504294007,0.0,0.0,-0.015405664354827042,0.14470230996495337,6.377450211187893e-05,0.0005384877420524774
2022-03-10,16594.900390625,16757.30078125,16447.900390625,16757.099609375,486400,0.007844914556448339,-0.00849497684554234,-0.028570492718948456,-0.012817763398445899,-0.01621270412341352,-0.020247518070595525,0.01621602926659404,51.60796651237329,45.71185953130951,45.12367323206366,0.0,2.459425836205454,2.2142444979772256,2.071163818493668,0.01110332524608396,-0.36373672052410144,1.0088693115964686,0.013422178114490233,0.02659425370265875,0.015738964536995484,0.02347445893506899,0.015722652389592442,0.01632706242323673,0.014970290370178546,0.007540759400665597,4.69360851807285,7.539617152373879,0.0,0.0,-0.012863755129504995,0.1267933288617198,4.353497736635584e-05,0.0008347586952138237
2022-03-11,16630.44921875,16694.400390625,16470.900390625,16528.80078125,343700,0.008170126732978497,-0.005795193427643119,-0.025477201670719665,-0.010597697720823614,-0.013852146369260986,-0.019796734146692255,0.015268502671672164,52.74712374937148,46.36660953131622,45.48926404941435,0.0,2.2321189841411533,2.147683457529358,2.0323167344183912,0.011222767568998707,-1.5246125483909676,-0.159191253115246,0.0003252121765301586,0.03597843275716685,0.002699783417899221,0.03692910376975429,0.0030932910482287905,0.03184912222525364,0.002220065677622285,0.02442647133172421,0.6547500000067146,11.54150744054379,0.0,0.0,-0.06656104044786737,0.01902822745627697,0.00011944232291474788,0.0005751797648461347
2022-03-14,16871.30078125,16887.94921875,16606.5,16633.69921875,314700,0.0185540143623187,0.007815198716503149,-0.010922847589375914,0.003694120105573952,-0.010543197016938519,-0.018592740345395452,0.014778389794289276,60.160192125473685,50.70457434355219,47.92675672658077,0.0,2.093845517058971,2.084965625859032,1.9873470507206947,0.01120908272286777,-1.186301654166388,-0.42565083242746476,0.010383887629340203,0.06040573574298544,0.013610392144146269,0.06748350016854004,0.014554354081343751,0.06570255050634438,0.014291817826397567,0.060879421823891985,4.337964812235967,20.23165854338908,0.0,0.0,-0.06271783167032607,-0.17967042127907806,-1.3684846130937803e-05,0.0004619391558273872
2022-03-15,16663.0,16927.75,16555.0,16900.650390625,381600,0.004886173631989436,-0.004208814118958261,-0.022247396043529426,-0.008612144320518225,-0.009050764145828992,-0.01811482385095752,0.013945502847894477,51.93872602681354,47.15250331735534,46.078774081664605,0.0,2.143414631592094,2.1200266994523944,2.0228953140798938,0.011502005244306434,-0.21690824531948186,0.09354420388906058,-0.013667840730329263,0.031861581011981256,-0.012024012835461409,0.04214952994810637,-0.011324548454153512,0.04314145936043028,-0.012306264426092176,0.03918302357486433,-3.552071026196849,13.18476935343746,0.0,0.0,0.0350610735933623,-0.12248721800916318,0.0002929225214386641,0.0005059894777007089
2022-03-16,16975.349609375,16987.900390625,16837.849609375,16876.650390625,260000,0.019326258627819653,0.013125831993260877,-0.0037662050665844076,0.009871322118628314,-0.0060828675628405455,-0.01667318760060759,0.013689083079262736,61.21202084722805,52.523422923380764,49.12901624072447,0.0,2.065971130167875,2.069084685342003,1.982258441949452,0.011404753367230624,-1.1479653250961868,-0.8855904576677762,0.014440084995830216,0.024903522185861546,0.01733464611221914,0.037359773375798704,0.01848119097694502,0.04052694004195649,0.01848346643914654,0.03765937588725276,5.370919606025424,11.505171910144107,0.0,0.0,-0.050942014110391565,-0.1580235677647277,-9.725187707580914e-05,0.00034496309851302087
2022-03-17,17287.05078125,17344.599609375,17175.75,17202.900390625,448300,0.03091236674580108,0.02876143639279403,0.013949010222904658,0.028123884038827776,-0.0020864337478041146,-0.014398310090070096,0.013979868487476446,68.32698147308466,57.19827288330459,51.94239632341347,0.0,2.050174215512861,2.039221119946984,1.955539163658219,0.010934072952195163,1.3933561332232993,0.5814249744681781,0.011586108117981428,0.023067452189352744,0.015635604399533154,0.037256413238336374,0.017715215289489064,0.04251950294185311,0.018252561920199462,0.04094164743727367,4.674849959923826,11.486413351995083,0.0,0.0,-0.029863565395019,-0.1750233780302417,-0.00047068041503546196,-0.00016925229388879692
2022-03-21,17117.599609375,17353.349609375,17096.400390625,17329.5,285500,0.016959874681491707,0.016950590326354164,0.0038522130280205604,0.017863235755649468,-9.12951962873581e-06,-0.01288005279994001,0.013957256402679084,61.20625819548848,54.08066748498489,50.371864616935326,0.0,1.9565919146654838,2.0195274397222898,1.9523348690067326,0.01087397178290531,-0.6859327655544113,-0.817471710643054,-0.013952492064309374,0.00878974794851321,-0.011810846066439867,0.022745783753997283,-0.010096797194884098,0.029329414698740227,-0.010260648283178308,0.028460933476473084,-3.1176053983196965,7.7140579536686715,0.0,0.0,-0.019693680224694088,-0.12815601780706842,-6.0101169289852874e-05,-0.0003487957860933977
2022-03-22,17315.5,17334.400390625,17006.30078125,17120.400390625,338300,0.023373828440447678,0.02603005148202575,0.014842779953029421,0.02932749745293055,0.0025955549846589086,-0.010903454058521124,0.014272868454137826,66.02992444216613,57.02661212234018,52.12505607962346,0.0,1.9263502516732023,1.989187921682723,1.9283457644171726,0.01103164396547699,-0.05881561901056672,-0.46322304094058864,0.006413953758955971,0.004819814078128978,0.009079461155671587,0.0182148527655226,0.010990566925008861,0.025765627542405335,0.011464261697281083,0.0256333773473566,2.9459446373552893,6.322037778787994,0.0,0.0,-0.030339518039566693,-0.09577770417630904,0.00015767218257168106,-0.00017743875739077881
2022-03-23,17245.650390625,17442.400390625,17199.599609375,17405.05078125,292100,0.015691495961808955,0.01986148498095525,0.01032308998491595,0.024918514609004596,0.004105566538388239,-0.009352637722383858,0.014446294228816008,62.813786455366426,55.669095386947944,51.45966051274473,0.0,1.8289011511229414,1.955148326784875,1.9110008393396989,0.01108337489149641,-0.4390054360635782,-0.9702161416960946,-0.0076823324786387225,0.010805322329819518,-0.006168566501070501,0.02407029909991351,-0.004519689968113472,0.032570486028445374,-0.004408982843925956,0.033530658929522825,-1.3575167353922382,8.516592069592605,0.0,0.0,-0.034039594897848025,-0.16487837266751937,5.173092601941896e-05,-0.00041863035281002395
2022-03-24,17222.75,17291.75,17091.150390625,17094.94921875,290300,0.01170446742542664,0.016796483378467373,0.008626234792628485,0.02331766272513097,0.0050331061263363145,-0.008035284070507347,0.014565780093478345,61.66495065692436,55.20510344231689,51.23728209894986,0.0,1.6980136196903688,1.9011043097465194,1.877884410546039,0.010897598369467762,-0.5882748368145776,-0.9783125931731899,-0.003987028536382315,-0.007621791202393013,-0.003065001602487877,0.0036706513852064956,-0.0016968551922874643,0.012392439859212893,-0.0016008518838736274,0.013446340606502655,-0.4639919446310543,2.681680518936126,0.0,0.0,-0.054044017038355596,-0.1679803755954834,-0.00018577652202864808,-0.0005071549977628629
2022-03-25,17153.0,17294.900390625,17076.55078125,17289.0,237100,0.006215467687345759,0.011512715746662015,0.004362551724655501,0.018978952762698426,0.0052645265645650295,-0.007068783131142867,0.014552913201457145,57.90186869515947,53.73601567153644,50.54732909065173,0.0,1.6185252400348533,1.863414713779469,1.856350646900961,0.010844790304086851,-1.4373508251385398,-1.5573274455653532,-0.005488999738080881,-0.024696899058455322,-0.005283767631805358,-0.017248720646132018,-0.004263683067972985,-0.009586458498249156,-0.004338709962432543,-0.00914493127612935,-1.4690877707804475,-3.462257211768147,0.0,0.0,-0.03768959596705046,-0.17580640616751486,-5.280806538091043e-05,-8.928264810831137e-05
2022-03-28,17222.0,17235.099609375,17003.900390625,17181.849609375,253200,0.008381433826604242,0.014145096896305508,0.008070542715948033,0.022843041332469165,0.0057157568320445225,-0.005989827490117606,0.014654231019112016,60.6717525057032,55.01145563086424,51.2211800697397,0.0,1.5581253703898659,1.819271469573677,1.8247965636446286,0.010950442763178317,-0.7374433306767887,-1.2522528950640592,0.0021659661392584833,-0.008578440854887464,0.0026323811496434934,-0.0028054934300486556,0.003707990991292533,0.0042183296879274735,0.003864088569770739,0.0049798055768196965,1.275439959327798,0.9307881458793474,0.0,0.0,-0.044143244205792076,-0.20025597014861285,0.00010565245909146571,7.647098027300722e-05
2022-03-29,17325.30078125,17343.650390625,17235.69921875,17297.19921875,235100,0.011775383229660676,0.018355454056412937,0.013556020545459969,0.028681634612533244,0.00650348974270178,-0.004712925621240987,0.014923313325032791,64.72553526135165,56.92602513067285,52.23174055066626,0.0,1.3794990469342399,1.7294049428297087,1.760975316178829,0.010238299855346123,-0.9463601630946021,-1.3218731130952819,0.003393949403056434,-0.011598445210787001,0.004210357160107429,-0.007674597425612814,0.005485477829511936,-0.0012867594075694523,0.005838593280064079,-0.0006458628403973078,1.9145694998086071,-0.10058699166733476,0.0,0.0,-0.08986652674396822,-0.2597829788530144,-0.0007121429078321938,-0.0007933441101308676
2022-03-30,17498.25,17522.5,17387.19921875,17468.150390625,505000,0.01782714670305076,0.025861266377453975,0.022724327067296695,0.038547907450316075,0.007893402824268703,-0.0030578591988705403,0.015471989825835213,70.63726045431213,59.99558954232693,53.890305678749755,0.0,1.3180845574538445,1.670501386331968,1.7142080529089658,0.010062263330630499,1.7550550760980597,1.0783420356706523,0.006051763473390082,0.0021356507412418034,0.007505812321041038,0.005999781396498725,0.009168306521836726,0.012401237082380745,0.009866272837782832,0.01362939284131148,3.069564411654085,4.326494155378988,0.0,0.0,-0.058903556497740706,-0.28464694045290706,-0.00017603652471562432,-0.001021111560865911
2022-03-31,17464.75,17559.80078125,17435.19921875,17519.19921875,281100,0.012954133947048325,0.021677704180345345,0.019935743240648035,0.03618269132870677,0.008612009113685141,-0.0017050004444354786,0.015929383979070295,68.05965443627132,59.11680254409278,53.51705057634665,0.0,1.1991794749981184,1.6051156829531474,1.6696842483022913,0.009511864442730207,-0.1846720373031389,-0.8280468423966563,-0.004873012756002434,0.001249666521621685,-0.00418356219710863,0.004881220801877972,-0.00278858382664866,0.01130950844801955,-0.0023652161216093023,0.012865028603575804,-0.8787869982341547,3.9116991017758878,0.0,0.0,-0.06538570337882055,-0.295988626793372,-0.000550398887900292,-0.0013857339267375549
2022-04-01,17670.44921875,17703.69921875,17422.69921875,17436.900390625,291800,0.020268482165786222,0.030552720404067344,0.03065721830557181,0.047882300769217484,0.010079933290157255,0.00010139985993486439,0.016712717048607266,74.67879596417119,62.72700158894095,55.48053363573814,0.0,1.2662211080087917,1.5867018139835505,1.6473894917604104,0.009479729491309478,-0.19577008320991396,-0.6616837391245705,0.007314348218737898,0.014053014478440463,0.008875016223721999,0.01904000465740533,0.010721475064923776,0.02629466658091631,0.011699609440510711,0.02890334800651906,3.610199044848173,8.990985917404508,0.0,0.0,-0.018413868969596958,-0.2767128997959185,-3.2134951420728294e-05,-0.0013650608127773727
2022-04-04,18053.400390625,18114.650390625,17791.400390625,17809.099609375,345500,0.034409066006209035,0.04784876287106947,0.05080969177015816,0.06984037704354311,0.012992632515055468,0.0028257216155658225,0.018110496527041456,82.53843713225783,68.33339139858023,58.83745185450614,0.0,1.4835864429413304,1.6178616458500574,1.6528276978884384,0.009400687766909138,0.132017739235009,-0.12553144821722154,0.014140583840422813,0.02602763217960479,0.017296042467002126,0.03370366597476396,0.020152473464586346,0.04273914905421013,0.021958076274325625,0.046997335711073944,5.606389809639282,13.321935767715992,0.0,0.0,0.03115983186650695,-0.20140982372361949,-7.904172440034024e-05,-0.0015497549962691787
2022-04-05,17957.400390625,18095.44921875,17921.55078125,18080.599609375,283500,0.023528769052524247,0.038286276830836054,0.04337162501164562,0.06347260022305384,0.014418263779700851,0.0048978285606659355,0.019265403361131143,75.66914751543564,65.66685397163249,57.70626110500284,0.0,1.3868929947020894,1.57950239380527,1.6286508613344501,0.009002074532425224,-0.6081655084022818,-0.6369676892844661,-0.010880296953684788,0.01175338582286357,-0.009562486040233416,0.019930822774423117,-0.007438066758512538,0.029815604466185648,-0.006367776820489265,0.0347909656105206,-2.666537426947741,8.740828840959644,0.0,0.0,-0.03835925204478752,-0.14990254902443878,-0.000398613234483914,-0.0012362253229208989
2022-04-06,17807.650390625,17901.0,17779.849609375,17842.75,328800,0.012233958726550524,0.026862030907528985,0.03326589364185002,0.05403142936025112,0.014451275868457751,0.006236341924787481,0.020096991341900256,65.71582776101141,61.62699694824435,55.96568243144833,0.0,1.3182541971518789,1.5502322613067243,1.6116181667110554,0.008769227954836508,0.7763311093531491,-0.05348187096771588,-0.011294810325973723,-0.005593187976500234,-0.01142424592330707,0.0010007645300750094,-0.010105731369795597,0.010541566574553327,-0.009441170862802724,0.015483521909935044,-4.039857023388144,1.6314074059174146,0.0,0.0,-0.029270132498545598,-0.12026912502524367,-0.00023284657758871653,-0.001293035375793991
2022-04-07,17639.55078125,17787.5,17623.69921875,17723.30078125,308800,0.0021906230710529153,0.01558360375779583,0.0225692768815111,0.04362388775649587,0.013363705844405395,0.00687848159212825,0.02058991146222795,56.05887407488284,57.36099529200985,54.0672331151977,0.0,1.2732201409832182,1.5277075185155564,1.599160081345044,0.008460137922356755,-0.11222063519281672,-0.21806516113514118,-0.010043335655497608,-0.010763510875995409,-0.011278427149733155,-0.006094100422549516,-0.010696616760338923,0.0026335336408630644,-0.010407541603755247,0.0074411964277891,-4.266001656234501,-1.7558072520829313,0.0,0.0,-0.022524742791167895,-0.07740816443759102,-0.000309090032479753,-0.001051726520373452
2022-04-08,17784.349609375,17842.75,17600.55078125,17698.150390625,274400,0.008507185266544938,0.021698528820450116,0.029712976001099893,0.051644614637453456,0.013080068983761135,0.007844238740269547,0.021298788252164493,61.71301315960556,59.93382434540847,55.41814779524653,0.0,1.2826563772139357,1.5043117631693375,1.5754601900343161,0.00799832434762309,-1.131622076411585,-0.6009714120539653,0.006316562195492022,-0.011761296899241285,0.0061149250626542865,-0.008854191583617228,0.007143699119588794,-0.0009442423044719178,0.008020726880957584,0.0037623138682359725,2.572829053398621,-2.793177243532483,0.0,0.0,-0.02339575534621896,-0.08239005081421302,-0.00046181357473366533,-0.001481405143686389
2022-04-11,17674.94921875,17779.05078125,17650.94921875,17740.900390625,251700,0.001883774564971254,0.01399271331494928,0.022441312540983624,0.0447058226360161,0.012086171128218798,0.00833201177394475,0.02177583184672032,55.426453873953925,57.12904102794209,54.16987012673398,0.0,1.183424920008505,1.4594170892985316,1.545665477670314,0.007644221011662556,-1.2562891220819021,-0.8557903415675302,-0.006623410701573683,-0.03252529144123778,-0.007705815505500835,-0.03385604955612019,-0.007271663460116269,-0.028368379229174533,-0.006938792001437356,-0.02513455440752701,-2.8047833174663808,-11.204350370638146,0.0,0.0,-0.04489467387080581,-0.15844455655152578,-0.0003541033359605334,-0.0017564667552465822
2022-04-12,17530.30078125,17595.30078125,17442.349609375,17584.849609375,266000,-0.0051731285519192385,0.005174038780582227,0.013514472053164727,0.03578351176938598,0.010400972902390561,0.008297501677123119,0.021972098406359133,47.899654972534165,53.56003150958667,52.54695470232341,0.0,1.219920453541584,1.4611295186320385,1.5473918548389756,0.007512499166516948,-0.6256725925160398,-0.6053876521010274,-0.007056903116890493,-0.028701897604443485,-0.008818674534367053,-0.033112238050253824,-0.008926840487818897,-0.02985715295848089,-0.008922310866630118,-0.02768908845366786,-3.569009518355415,-12.10682246204582,0.0,0.0,0.001712429333506904,-0.11837287517323136,-0.00013172184514560759,-0.0014895753659082758
2022-04-13,17475.650390625,17663.650390625,17457.400390625,17599.900390625,245100,-0.006780232114072205,0.0018545897871344822,0.009944748099653,0.03222011366459785,0.008693767663913839,0.00807518216215134,0.022056023962557313,45.19442378192198,52.23234809760185,51.9372898360878,0.0,1.2150310580267287,1.4453070061230175,1.5345157956461233,0.007468226664669329,-0.965449261655159,-0.8196838713630904,-0.0016071035621529669,-0.01901419084062273,-0.003319448993447745,-0.0250074411203945,-0.0035697239535117282,-0.023321145542197025,-0.003563398104788132,-0.02181131569565327,-1.3276834119848218,-9.394648850642497,0.0,0.0,-0.015822512509021003,-0.10492525518370677,-4.42725018476196e-05,-0.001301001290167179
2022-04-18,17173.650390625,17237.75,17067.849609375,17183.44921875,376100,-0.019676410974385026,-0.014073093488443872,-0.0072159786481386145,0.014236980709700104,0.005715783592956819,0.0069549931085331265,0.021608888636852248,33.13107284002993,45.517577210846376,48.69930843558335,0.0,1.4640324823303934,1.5352835345700537,1.6002180978813445,0.007070303453054867,1.7467639056698174,0.9952993222003268,-0.01289617886031282,-0.021867034045437942,-0.015927683275578353,-0.0296566972462397,-0.017160726747791614,-0.029785255529649713,-0.017983132954897747,-0.02938690704679577,-6.714770886755474,-11.84341808116347,0.0,0.0,0.08997652844703619,0.007576016054497314,-0.00039792321161446174,-0.0013898344693018877
2022-04-19,16958.650390625,17275.650390625,16824.69921875,17258.94921875,401400,-0.02629303649429777,-0.024072435163154614,-0.01888898604884529,0.0015242241757579507,0.0022805642912814123,0.005311305163489145,0.020806218597419116,27.118877024427732,41.43379509262509,46.556415912797696,0.0,1.717899029468415,1.6336315643598491,1.6699634158432262,0.007728538740113461,1.2514703540116805,1.4861296846305763,-0.006616625519912746,-0.03480022176084271,-0.009999341674710742,-0.04577096398360473,-0.011673007400706675,-0.048601962049945185,-0.012712756533942153,-0.05012039046169551,-4.083782118221286,-18.500029252783378,0.0,0.0,0.0983480297897954,0.12931980119051167,0.000658235287058594,-0.00026978560750962836
2022-04-20,17136.55078125,17186.900390625,16978.94921875,17045.25,286100,-0.013193798771435247,-0.012592852867440744,-0.008262544111009225,0.011909326585952514,0.0006089806724424008,0.0043855351553883145,0.020339930268016074,37.98297722548893,45.76941165651198,48.50092394691371,0.0,1.626441609720835,1.5963348511638986,1.637356543610289,0.007803398551598315,-0.41497077283171135,-0.2834260077845344,0.013099237722862525,-0.0150775733364065,0.01147958229571387,-0.026585566182390025,0.010626441937836064,-0.03070385665199285,0.010385102410194563,-0.03279649605006359,4.335616563886887,-11.35962937143011,0.0,0.0,-0.037296713195950515,0.13691776186536697,7.485981148485418e-05,0.00015917753993575923
2022-04-21,17392.599609375,17414.69921875,17215.5,17234.599609375,285200,0.0012684312583352544,0.0019638570043415014,0.0062969735989788994,0.026752810357757062,0.0006945447637176343,0.00432462365218691,0.02032783293148415,50.398527128759554,51.351581944993505,51.15361546289557,0.0,1.6018449665890067,1.5747198089696193,1.6125843561000628,0.00774585513379515,-0.5042930632780741,-0.2579433836228301,0.014462230029770502,0.006441559810254493,0.014556709871782245,-0.0032101817762407257,0.014559517709988125,-0.007217498454185828,0.014843483771804548,-0.00903070141162892,5.582170288481528,-2.2084495645931668,0.0,0.0,-0.021615042194279344,0.11359029033758072,-5.7543417803165506e-05,0.0002333559672782013
2022-04-22,17171.94921875,17315.30078125,17149.19921875,17242.75,262700,-0.009374672845515951,-0.009780019149979112,-0.006217241982759917,0.013588516820170347,-0.00040918225423076384,0.0035979653371171617,0.01992966636133435,41.95429486365712,46.873869850756584,48.90251597137806,0.0,1.581428292076967,1.582273837422162,1.623025442045132,0.007454307660278607,-0.9608448727704019,-0.5774372284072471,-0.010643104103851206,-0.002594440731443746,-0.011743876154320612,-0.011634608937113594,-0.012514215581738816,-0.016161990082412918,-0.013164293537586715,-0.018631596844427504,-4.477712094236921,-5.358478246845266,0.0,0.0,0.007554028452542827,0.13696683129914455,-0.00029154747351654246,-1.3919004390721551e-05
2022-04-25,16953.94921875,17054.30078125,16888.69921875,17009.05078125,275700,-0.018031696801911648,-0.02036044615584741,-0.018108243919765673,0.0007137082512408781,-0.002371511734494337,0.0022990111283726603,0.019169070373036654,35.16333758280415,42.89428097995182,46.792709551384156,0.0,1.6155507313553,1.6074823498975968,1.64517142703185,0.007383662719004112,-0.47155799708342655,-0.3662671786324859,-0.008657023956395697,0.0016447141724733778,-0.010580427005868297,-0.0062873526674035365,-0.011891001937005756,-0.01089226527162706,-0.01287480856892947,-0.013523272458459227,-3.9795888708047613,-2.623296230894553,0.0,0.0,0.025208512475434652,0.07219881532754302,-7.06449412744949e-05,0.0003133592659492453
2022-04-26,17200.80078125,17223.849609375,17064.44921875,17121.30078125,261100,-0.003057263848192724,-0.005545596488449714,-0.003662846475702673,0.015129838766742247,-0.0024959634591069273,0.0018932492089117421,0.018861773021281423,46.58531767122089,48.25183347564127,49.35833377033792,0.0,1.587715607405872,1.5833203997054255,1.619063867185753,0.007345785425737293,-1.095284587745137,-0.6165919683863644,0.014974432953718924,0.023235772646105046,0.014814849667397694,0.0185268386747049,0.014445397444063,0.015226139573142616,0.01441613051550137,0.013605614590984296,5.357552495689447,6.81803838301618,0.0,0.0,-0.024161950192171266,-0.050311164654423646,-3.787729326681921e-05,-0.0003827533143761679
2022-04-27,17038.400390625,17110.69921875,16958.44921875,17073.349609375,265100,-0.010225782733315819,-0.013595441837841208,-0.012563609298802738,0.005490065119123127,-0.0034044725006384664,0.0010460541068067965,0.018283379656592977,41.03662847342839,45.244455145900545,47.78626883303714,0.0,1.5667559469317398,1.58583833980192,1.6243953253953225,0.007286222916899697,-0.47426936839260486,-0.5674573807053759,-0.007168518885123095,0.002968016038119428,-0.008049845349391495,-0.0010025889704004635,-0.008900762823100065,-0.004301065187793513,-0.00963977364761912,-0.006419261466829387,-3.0073783297407246,-0.5249565106114318,0.0,0.0,0.002517940096494531,-0.0104965113619786,-5.956250883759617e-05,-0.0005171756346986182
2022-04-28,17245.05078125,17322.5,17071.05078125,17189.5,312900,0.001454831683765038,-0.0014836977251582095,-0.0005644528960821683,0.01750610798889164,-0.0029342605537013007,0.0009206107371324809,0.018080766626059272,49.896117397062824,49.55311714264045,49.89226786101746,0.0,1.567870378640474,1.5725915361460614,1.6069535854617754,0.0073311501666371475,1.7259781934059775,0.12047167492529591,0.011680614417080857,0.0001864004254297836,0.012111744112682999,-0.003447554729499711,0.011999156402720569,-0.006861426495061068,0.012016042869768512,-0.009246702368865423,4.308661996739907,-1.7984648023530525,0.0,0.0,-0.013246803655858619,-0.002128272823557875,4.49272497374505e-05,-0.00041470496715800224
2022-04-29,17102.55078125,17377.650390625,17053.25,17329.25,336200,-0.00558728074678833,-0.00885754590143554,-0.008479962004418168,0.009006865585083767,-0.0032886397079706785,0.0003809582522229675,0.017636383451062294,44.51515812634293,46.817318236661805,48.493549386453395,0.0,1.644106286284798,1.6079160006755668,1.6335072727271465,0.0076243763747661985,1.4000011909277956,0.9369940399012328,-0.007042112430553368,0.0037873920987276212,-0.007373848176277331,0.0009224732485435712,-0.007915509108336,-0.002262720021658251,-0.008499242403807871,-0.0045816512350865795,-2.7357989059786476,-0.05655161409477927,0.0,0.0,0.03532446452950544,0.025642163253404737,0.00029322620812905105,0.00017006871448759127
2022-05-02,17069.099609375,17092.25,16917.25,16924.44921875,278200,-0.006171217548232616,-0.009824313509963632,-0.010014785334118205,0.006962861096601593,-0.0036757799997690316,-0.00019236164526494935,0.017149393929534313,43.23812241900413,46.17287998263232,48.16483562355384,0.0,1.53498106082737,1.5735331782756032,1.610464894662031,0.007612121779176422,-0.38344370090575464,-0.44383376589156925,-0.0005839368014442861,0.011860479253679033,-0.0009667676085280911,0.010536132645883777,-0.0015348233297000375,0.008093458585647468,-0.0020440044884821743,0.006249152845360715,-0.6444382540294882,3.278599002680494,0.0,0.0,-0.0343828223999636,-0.03394917162199351,-1.2254595589776887e-05,0.00022845906017230928
2022-05-04,16677.599609375,17132.849609375,16623.94921875,17096.599609375,310600,-0.023824811231193822,-0.029665164368927553,-0.031478473625892414,-0.01597506065279839,-0.005982894469075611,-0.001868745911596119,0.01600729829014205,31.068388821588883,39.34655974335747,44.503474772060564,0.0,1.8670914425604275,1.7133947745778029,1.7150856672860277,0.008199861187564127,0.3491800187353487,0.3055885779997918,-0.017653593682961207,-0.020767547383001097,-0.01984085085896392,-0.024119567880477838,-0.02146368829177421,-0.02781562715018974,-0.022937921749399983,-0.031104899419540637,-6.82632023927485,-8.905273732283803,0.0,0.0,0.13986159630219963,0.13007437487237739,0.000587739408387705,0.0008540757618268335
2022-05-05,16682.650390625,16945.69921875,16651.849609375,16854.75,265800,-0.0193338567634712,-0.026772668186120577,-0.02999889828975318,-0.015523481422325887,-0.007585467769998453,-0.0033149809897135007,0.014923093223198533,31.359172707901678,39.47088960827268,44.55985902588109,0.0,1.8455026196132565,1.7163426324993003,1.716796985833106,0.0083514722525185,-1.229308151920834,-0.6816123118476827,0.004490954467722623,-0.00910807403015538,0.0028924961828069758,-0.013177226348279369,0.0014795753361392348,-0.01743528899095044,0.0004515792304725045,-0.02101354654144901,0.12432986491521092,-5.773565537627867,0.0,0.0,0.002947857921497432,0.1305042926973803,0.0001516110649543729,0.0010652493356188026
2022-05-06,16411.25,16484.19921875,16340.900390625,16415.55078125,300500,-0.02905822931993053,-0.0388829122927284,-0.04406312414953572,-0.031235338452223205,-0.010118714911107843,-0.005389782288820428,0.013419071929723475,24.800558726776814,35.285353545283144,42.17224072755955,0.0,1.917300632090331,1.7688470372050549,1.7612467583623306,0.008200989205732614,0.08108292488990557,0.1434595309476412,-0.009724372556459332,-0.03051306100369557,-0.012110244106607826,-0.03739921456757019,-0.01406422585978254,-0.04349867125345355,-0.015711857029897316,-0.04874144644111485,-4.185536062989534,-14.267763597357309,0.0,0.0,0.05250440470575457,0.19625550105899348,-0.0001504830467858858,0.0008698390390954663
2022-05-09,16301.849609375,16403.69921875,16142.099609375,16227.7001953125,288400,-0.029259597189326293,-0.041342850651917014,-0.04855374113087701,-0.03733224469541263,-0.012447461162227275,-0.007521865855654057,0.011794146364926707,22.57970045710742,33.7325502737594,41.248329745487474,0.0,1.8743423932485552,1.7714550844643573,1.7672556615265695,0.008465636390100019,-0.016946177796991552,-0.10447240627188216,-0.00020136786939576115,-0.023672316442537963,-0.002459938359188611,-0.032485304750481475,-0.004490616981341289,-0.04007377912645884,-0.006096906243189426,-0.0463391102804964,-1.552803271523743,-13.084767962902404,0.0,0.0,0.002608047259302415,0.16353908378879045,0.0002646471843674048,0.0008412600153338201
2022-05-10,16240.0498046875,16404.55078125,16197.2998046875,16248.900390625,283100,-0.027112998154477232,-0.04105613511653452,-0.050217850223448365,-0.0405904621103866,-0.014331712660985076,-0.009553963941390053,0.01013641719348666,21.321384236934165,32.853021217384324,40.72565201630657,0.0,1.7604144152297627,1.7423373050732247,1.7502755904181266,0.008630396078409819,-0.38475124507209146,-0.205029285998914,0.00214659903484906,-0.020941780606244617,0.00028671553538249517,-0.031231821606570887,-0.0016641090925713573,-0.04020306488933016,-0.0032582174149739726,-0.0475533232069882,-0.8795290563750768,-13.319858765247993,0.0,0.0,-0.02911777939113258,0.16880412679762147,0.00016475968830980021,0.0010182742992333972
2022-05-11,16167.099609375,16318.75,15992.599609375,16270.0498046875,284300,-0.025907280805487005,-0.041410507234317016,-0.052459714857712024,-0.04447322514055877,-0.015915555186214493,-0.011526526951089655,0.008428654530455089,19.80167763310766,31.799025453581535,40.10357473905671,0.0,1.8181605078768541,1.7692828940991712,1.7705160444672863,0.009045537728085714,-0.009616415770065204,-0.18818133674923218,0.0012057173489902276,-0.0020824695742931824,-0.00035437211778249766,-0.011745342865389464,-0.0022418646342636586,-0.02098124123181961,-0.0038827630301721677,-0.02849816448776038,-1.0539957638027886,-7.547534289775932,0.0,0.0,0.02694558902594646,0.055888119521368296,0.0004151416496758955,0.0008456765405215876
2022-05-12,15808.0,16041.9501953125,15735.75,16021.099609375,314900,-0.039238487133432434,-0.057329024122182326,-0.07082781508623147,-0.06508599296042371,-0.018829373102981845,-0.014319726934924486,0.006179502808018976,14.050362670538803,27.176946427361017,37.2026720121514,0.0,2.0333057829479726,1.8751319727639695,1.854447253818093,0.009129810697256803,1.536673328603632,0.5102632435263059,-0.01333120632794543,-0.019904630369961235,-0.01591851688786531,-0.03055635593606175,-0.018368100228519445,-0.04082891679647829,-0.020612767819864937,-0.04956251153809782,-4.6220790262205185,-12.293943180911661,0.0,0.0,0.10584907866479831,0.15878934026466918,8.427296917108869e-05,0.0007783384447383034
2022-05-13,15782.150390625,16083.599609375,15740.849609375,15977.0,369100,-0.03363922943760641,-0.05380660346089334,-0.06970784453632695,-0.06599569657437569,-0.02086940471678099,-0.016805487264649716,0.003990303411836322,13.715804008999342,26.874128432153185,37.002861327820966,0.0,2.0636603661323654,1.8991713990841965,1.8724500189776987,0.009520594442661815,1.6722979555954811,1.652301621841676,0.005599257695826025,-0.004581000117675878,0.003522420661288987,-0.014923691168164936,0.0011199705499045226,-0.025644720386791227,-0.0009097036139519843,-0.03476035812215249,-0.3028179952078318,-8.411225113129959,0.0,0.0,0.024039426320227042,0.13032436187914165,0.00039078374540501247,0.0013196052369292017
2022-05-16,15842.2998046875,15977.9501953125,15739.650390625,15845.099609375,217600,-0.02464384762407916,-0.045845991971047,-0.06373304889188651,-0.06185316368176613,-0.021737848574923564,-0.018746509232602567,0.002007851722092139,18.954666092057437,28.86047080934368,37.80887914393676,0.0,1.9455000269221687,1.864263476620511,1.8481435746845316,0.009714936212252365,-1.3839410441717332,-1.842547064190907,0.00899538181352725,0.004615749565247133,0.007960611489846336,-0.0045031413191299885,0.0059747956444404365,-0.015179307761009501,0.00414253289260956,-0.0245209189863535,1.9863423771904962,-4.8720794644157195,0.0,0.0,-0.03490792246368546,0.09280839215615377,0.00019434176959054993,0.0012492998221523468
2022-05-17,16259.2998046875,16284.25,15900.7998046875,15912.599609375,295700,0.0008420906166603172,-0.018881777078953714,-0.03761345769126426,-0.03680318605994697,-0.019707272386457426,-0.01909217480085266,0.0008419399022075526,45.64675776458932,40.85516579408276,43.047705060864075,0.0,2.0601108329287405,1.8808571820627666,1.8444298953345637,0.009848481447045528,-0.01132722531135023,0.024187296940430317,0.025485938240739477,0.02795508877113755,0.02696421489209329,0.022174358037580805,0.026119591200622252,0.012604392532184108,0.02504997762181916,0.0037872760504396308,11.994694984739077,8.002144576698434,0.0,0.0,0.01659370544225558,0.13851987698954193,0.00013354523479316288,0.0012180853686357095
2022-05-18,16240.2998046875,16399.80078125,16211.2001953125,16318.150390625,290400,-0.00026793402682899904,-0.01824073418284974,-0.03727555297298475,-0.0375655180926506,-0.017977616971328658,-0.019388478879587362,-0.0003011922264582428,44.86135697503999,40.51993095350543,42.87704095002038,0.0,1.882279256981766,1.8315044064554882,1.813955579559911,0.00987053045347059,-0.13108658470360546,0.03901126465228607,-0.0011100246434893163,0.025639346778658006,0.0006410428961039737,0.023169773051467276,0.0003379047182795053,0.015184161884727272,-0.000762332032703629,0.0069077070479081695,-0.33523484057732844,8.720905499923894,0.0,0.0,-0.049352775607278465,0.06222151235631701,2.204900642506155e-05,0.0008249927253848755
2022-05-19,15809.400390625,15984.75,15775.2001953125,15917.400390625,313900,-0.022029312733546406,-0.04042593409058332,-0.06050480966500853,-0.06251290229893668,-0.018811015091319043,-0.020924779324247224,-0.002137416619676504,30.827239074477788,33.7552089049036,39.220103715094474,0.0,2.135249592839752,1.9571733035046606,1.9147547363904054,0.009472649033224036,0.3044682013298849,0.7349606002984023,-0.021761378706717408,0.017209174399886028,-0.022185199907733582,0.016903090031599004,-0.023229256692023775,0.010323005421222942,-0.024947384206286075,0.002573090661487032,-6.764722048601833,6.57826247754258,0.0,0.0,0.1256688970491724,0.08204133074069109,-0.0003978814202465538,0.000342838335967233
2022-05-20,16266.150390625,16283.0498046875,16003.849609375,16043.7998046875,252400,0.005087649358295315,-0.011561389797999427,-0.03209550185466027,-0.03508777853874771,-0.01656476344816736,-0.020774291741258902,-0.0030914999256859725,50.123018287742596,44.35904839091242,44.430010301152734,0.0,2.242608115806711,1.9743345346248158,1.9110308722588398,0.009506057971121655,-0.558670410046629,-1.1115914073078383,0.027116962091841723,0.038726878795901726,0.028864544292583894,0.04224521366289391,0.028409307810348255,0.037612342681666674,0.027425123760188963,0.03090791803562798,10.603839486008823,17.484919958759235,0.0,0.0,0.017161231120155218,0.07516313554061926,3.340893789761934e-05,-1.4536471540160106e-05
2022-05-23,16214.7001953125,16414.69921875,16185.75,16290.9501953125,293800,0.0015609867827673827,-0.013370437623548136,-0.03382493385270536,-0.03777465218273065,-0.01490815297656363,-0.02073168796999085,-0.004087994472653001,48.35052867244966,43.5140916264076,43.98953446705206,0.0,2.0821763382291025,1.939983950063438,1.8930418679357142,0.009645637700000603,0.20245821701749123,0.1026726730534028,-0.0035266625755279325,0.026204834406846542,-0.0018090478255487086,0.03247555434749887,-0.0017294319980450876,0.02990811503918115,-0.0026868736439829358,0.024078511499035483,-0.8449567645048219,14.653620817063917,0.0,0.0,-0.03435058456137785,0.07572047344292687,0.00013957972887894757,-6.929851225176246e-05
2022-05-24,16125.150390625,16262.7998046875,16078.599609375,16225.5498046875,249800,-0.0032508463744649906,-0.017137820466760684,-0.03768303110157121,-0.0426783402737897,-0.013932265747890306,-0.02090345021167406,-0.005190918723938394,45.111198234177586,42.014030651358496,43.216205659231754,0.0,1.9034548655510024,1.893011692563657,1.8673052760928195,0.009670487860185852,-1.0832054833950469,-1.1789481895581622,-0.0048118331572323736,-0.004092936991125308,-0.003767382843212548,0.0017439566121930303,-0.0038580972488658494,-6.957341030695147e-05,-0.0049036880910590525,-0.005875154213842729,-1.5000609750491023,1.1588648572757378,0.0,0.0,-0.046972257499780845,0.012154510500890447,2.4850160185248618e-05,-0.00017799358685967673
2022-05-25,16025.7998046875,16223.349609375,16006.9501953125,16196.349609375,243300,-0.0076975380500798165,-0.021129505814630235,-0.04197358582786421,-0.04811651659414434,-0.013536162893475019,-0.02129401196281917,-0.006412068263888588,41.51143184328507,40.35201653949262,42.359434123725045,0.0,1.802267930978603,1.8651452369913497,1.8537118332802935,0.009678693405950758,-0.8730890567410322,-1.3073565360444603,-0.004446691675614825,-0.007429604023250817,-0.003991685347869551,-0.0028887716317804943,-0.004290554726293,-0.004698032854879457,-0.0054381763203546415,-0.010550998501493741,-1.6620141118658793,-0.16791441401281304,0.0,0.0,-0.02786645557230738,0.03364083053586153,8.205545764906202e-06,-0.00019183704751983208
2022-05-26,16170.150390625,16204.4501953125,15903.7001953125,16105.0,314300,0.0010147375879229986,-0.011205670047757743,-0.032078598957063775,-0.03916448491461661,-0.012208019699217842,-0.021109474717876033,-0.0073207245442840595,48.480242616057104,43.82886950710996,44.03131707237652,0.0,1.8009249970798553,1.8493103657822383,1.8382468685620041,0.01000350623752987,1.3855833625582215,0.6836387677412805,0.008712275638002816,0.023044050321469407,0.009923835766872491,0.02922026404282558,0.009894986870800433,0.028426210707944752,0.008952031679527732,0.023348417384320065,3.47685296761734,10.07366060220636,0.0,0.0,-0.015834871209111423,-0.10786293772242228,0.00032481283157911184,0.0005308572043058336
2022-05-27,16352.4501953125,16370.599609375,16221.9501953125,16296.599609375,274100,0.01004120081930586,-5.286742559986395e-05,-0.020353240348407298,-0.028058169913007486,-0.00999371930245797,-0.020301446208004406,-0.007865007961992765,56.173931758507585,47.954814694494985,46.079612323891865,0.0,1.669839472670652,1.7856304823250315,1.7895657718680156,0.010000558391301062,-0.03227619280808914,-0.43025012722057765,0.009026463231382861,0.0049535514610105445,0.011152802622157879,0.011508522372399563,0.011725358608656478,0.011742261506252974,0.011106315001609125,0.007029608625740227,4.125945187385028,3.5957663035825647,0.0,0.0,-0.06367988345720677,-0.18870405229978426,-2.9478462288071855e-06,0.000494500420179407
2022-05-30,16661.400390625,16695.5,16506.150390625,16527.900390625,251400,0.023703306517580965,0.017097389528001793,-0.001772365201915905,-0.009599531236285937,-0.006452960489158802,-0.018552554479246544,-0.007841063262041696,66.16436314369575,54.107178427873265,49.33816626330585,0.0,1.7228905655921385,1.774407598434677,1.770790052676336,0.009849829693254772,-0.5216134512665623,-0.9971884921622821,0.013662105698275105,0.022142319734813582,0.017150256953601655,0.03046782715154993,0.018580875146491392,0.032052568650789454,0.01845863867672155,0.028175120946444712,6.15236373337828,10.593086801465667,0.0,0.0,-0.01122288389035453,-0.16557635162876094,-0.0001507286980462902,0.00020419199325416929
2022-05-31,16584.55078125,16690.75,16521.900390625,16578.44921875,651600,0.01547693918337307,0.011265562545547236,-0.006128092984765417,-0.014028693648946142,-0.004147190817757559,-0.0171998891038369,-0.007949314804467675,62.058956512180984,52.44638774665008,48.58083765181734,0.0,1.5883220576182162,1.728021574878863,1.7427630904690854,0.009706346106180194,1.765900945172729,3.9372920819136663,-0.008226367334207894,0.01872778555783806,-0.005831826982454557,0.02840338301230792,-0.004355727782849512,0.03155493811680579,-0.004429162412660205,0.02864964662484356,-1.6607906812231832,10.432357095291586,0.0,0.0,-0.046386023555814004,-0.1649901176847941,-0.000143483587074578,3.5858245994342675e-05
2022-06-01,16522.75,16649.19921875,16438.849609375,16594.400390625,249600,0.00954658892061656,0.006810972241777964,-0.009449751879451017,-0.01752976406126193,-0.002709747830224907,-0.016150722001988763,-0.008157094702809647,58.6449692506111,51.08832858088475,47.966808832879614,0.0,1.5300285028060725,1.7015282444476483,1.7266058714397525,0.009824891510941309,-0.5745980749476546,-0.5669100476908915,-0.00593035026275651,0.017244126970696376,-0.0044545903037692715,0.0279404780564082,-0.0033216588946856,0.03252383394841319,-0.0035010704123157876,0.030586752532882414,-1.358059165765333,10.736312041392132,0.0,0.0,-0.026493330431214712,-0.16361699254370143,0.00011854540476111466,0.00014619810499055114
2022-06-02,16628.0,16646.400390625,16443.05078125,16481.650390625,236000,0.013034557705581234,0.012007712479113338,-0.003017178398549767,-0.011160521973836676,-0.001013632969040657,-0.014846616969802195,-0.008167987851792955,62.71980858648914,53.305901587412066,49.102966575372086,0.0,1.460862096661729,1.6573421610270793,1.6922130891786755,0.009400282852547485,-0.5396808417002226,-0.6959661142427278,0.003487968784964674,0.012019820117658236,0.005196740237335374,0.02321338252687108,0.00643257348090125,0.029061420558514007,0.0063692420874252535,0.028003962940779933,2.217573006527317,9.47703208030211,0.0,0.0,-0.044186083420568956,-0.19196820475515897,-0.00042460865839382377,-0.0006032233849823845
2022-06-03,16584.30078125,16793.849609375,16567.900390625,16761.650390625,245500,0.008470413977436966,0.0084910617022415,-0.005417426376276666,-0.013624199145238512,2.0474299015971347e-05,-0.013791384581080866,-0.008251474524695105,59.862636867457745,52.24674322764546,48.64561758211286,0.0,1.4442548193959892,1.6403320129370471,1.6807556637398098,0.009236049771580627,-0.44766141711248,-0.5552169529703237,-0.0045641437281442685,-0.0015707868418688934,-0.0035166507768718373,0.008543929127841365,-0.0024002479777268985,0.014935813972130632,-0.0024636771714018364,0.014433970767768974,-1.0591583597666059,4.291928533150475,0.0,0.0,-0.017010148090032207,-0.1452984693879844,-0.00016423308096685796,-0.0007645086197204352
2022-06-06,16569.55078125,16610.94921875,16444.55078125,16530.69921875,233600,0.006187966979393055,0.006898977526208873,-0.006056362854432205,-0.014359255835054605,0.0007066378948560614,-0.012866574174571412,-0.00835348471515634,58.80768930999806,51.8720960772212,48.48753547303129,0.0,1.35728084065836,1.5962529354775126,1.6499656815270012,0.009262982923078382,-0.4881687523431581,-0.6484438147698355,-0.002282446998043911,-0.01751533953818791,-0.0015920841760326274,-0.01019841200179292,-0.0006389364781555391,-0.0042839976525163,-0.0007350566898160927,-0.004759724598768668,-0.3746471504242592,-2.235082350652064,0.0,0.0,-0.044079077459534544,-0.17815466295716442,2.693315149775513e-05,-0.0005868467701763899
2022-06-07,16416.349609375,16487.25,16347.099609375,16469.599609375,233800,-0.0025502384262643192,-0.002192076827475092,-0.014657180915672516,-0.0232443092124587,0.0003590773315982696,-0.012492488582937578,-0.008714863629661548,48.45937338876392,48.020467964227024,46.84773162406435,0.0,1.3669695774296724,1.5928573337031193,1.6505871213327268,0.00903183586410333,-0.800372566908314,-0.6131786171739155,-0.008738205405657375,-0.01802717760963739,-0.009091054353683965,-0.013457639373022329,-0.008600818061240311,-0.008529087930907099,-0.008885053377404096,-0.00921561556351256,-3.8516281129941774,-4.425919782423058,0.0,0.0,-0.003395601774393242,-0.13516424117574366,-0.00023114705897505153,-0.0006745102420768635
2022-06-08,16356.25,16514.30078125,16293.349609375,16474.94921875,243500,-0.005079979558931082,-0.005316472564643624,-0.017560805967750327,-0.026560394034588306,-0.00023770051949271336,-0.0123097780001212,-0.009160453004628965,44.8475181994974,46.55991609561383,46.21193275230459,0.0,1.3677672955764364,1.5810070613922373,1.6420908625379065,0.0090049260732618,0.8932016711326796,-0.4836852897595845,-0.002529741132666763,-0.014626568479547642,-0.0031243957371685322,-0.012127444806421589,-0.0029036250520778108,-0.00811105408829931,-0.0033160848221296044,-0.009030629973326376,-1.4605518686131944,-4.52841248527092,0.0,0.0,-0.011850272310881982,-0.12052118305541093,-2.690979084153146e-05,-0.0008199654376795096
2022-06-09,16478.099609375,16492.80078125,16243.849609375,16263.849609375,205000,0.001907112641534144,0.0019029549926629806,-0.009844212116147538,-0.019120082721249508,-4.149734859354211e-06,-0.01172485523699902,-0.009368092090767086,53.11358393022511,49.88782208995869,47.70419381577509,0.0,1.388282571559558,1.565136382183009,1.6242744812504077,0.00863034113348635,-1.684634392551557,-0.8227064153327802,0.006987092200465226,-0.01112744506404709,0.007219427557306605,-0.010104757486450358,0.007716593851602789,-0.006827033717597771,0.007440311313338797,-0.007959560747412832,3.32790599434486,-3.418079497453377,0.0,0.0,-0.015870679209228244,-0.09220577884407022,-0.00037458493977544915,-0.000769941719061135
2022-06-10,16201.7998046875,16324.7001953125,16172.599609375,16283.9501953125,189700,-0.01221790771787648,-0.013560775100959852,-0.02543609511246049,-0.03522574552502317,-0.0013594773519135957,-0.012038572384138569,-0.010045160059249637,38.03351106776443,43.302750228987435,44.78260606359147,0.0,1.5066848803446857,1.612810905103664,1.663098987594873,0.008399630610723997,-1.3830315855391901,-0.8899027763940901,-0.014125020359410625,-0.02068832169531345,-0.015463730093622834,-0.02205183680320135,-0.015591882996312954,-0.020018668736183826,-0.01610566280377366,-0.021601546379784654,-6.585071860971254,-8.943992998658025,0.0,0.0,0.047674522920654994,-0.02752110783338302,-0.0002307105227623528,-0.0008364191608566298
2022-06-13,15774.400390625,15886.150390625,15684.0,15877.5498046875,225500,-0.031535658203597564,-0.03611431355995266,-0.049237921695545285,-0.060108794856672206,-0.004727748001399992,-0.013615315924093136,-0.011433852284594202,25.148004506826368,35.497279904850444,40.77652109248712,0.0,1.8945126783764386,1.7726537168247891,1.7831299383489465,0.008086976094857458,0.2742343197548764,-0.5185242053532197,-0.019317750485721083,-0.03772362518299062,-0.02255353845899281,-0.04301329108616154,-0.023801826583084794,-0.04318155884111308,-0.02488304933164904,-0.0457495390216176,-7.805470324136991,-16.374816172370757,0.0,0.0,0.15984281172112502,0.17640078134727655,-0.0003126545158665395,-0.0011760068282209244
2022-06-14,15732.099609375,15858.0,15659.4501953125,15674.25,225400,-0.028101149852139833,-0.03530518759447916,-0.049857867598951396,-0.062044704509438685,-0.00741233281760066,-0.015085268229217803,-0.012826330393001992,24.20125681903734,34.82814589934648,40.40553266456228,0.0,1.7720989577384079,1.7406092060560263,1.7628836729345316,0.007972053982505613,0.36437802094363086,-0.48005951907124117,0.0034345083514577303,-0.025550911425875514,0.0008091259654735006,-0.03311311076700407,-0.0006199459034061106,-0.03520068668327888,-0.0019359096527664793,-0.038800395296979984,-0.6691340055039632,-13.192322064880543,0.0,0.0,-0.0320445107687628,0.147751872352907,-0.00011492211235184478,-0.0010597818815977177
2022-06-15,15692.150390625,15783.650390625,15678.900390625,15729.25,183000,-0.025150900382176204,-0.03444082807181262,-0.0503239334018038,-0.06382635285730691,-0.009529605857233087,-0.01644964471547941,-0.014217921173763692,23.237373522125367,34.17298861546264,40.04867704820168,0.0,1.554794546910817,1.66807551736015,1.714998284033108,0.007715758331245837,-1.1534674319218245,-0.8521022783690285,0.002950249469963629,-0.020070920823245124,0.000864359522666544,-0.029124355507168992,-0.00046606580285240423,-0.03276312743405348,-0.001781648347868224,-0.0372659588227186,-0.6551572838838382,-12.386927480151186,0.0,0.0,-0.07253368869587629,0.08706845596791268,-0.0002562956512597763,-0.0012891677420159625
2022-06-16,15360.599609375,15863.150390625,15335.099609375,15832.25,264700,-0.03774408799542556,-0.05010580263461817,-0.06781595348758632,-0.08284326352630952,-0.0128465977553109,-0.018644340498224825,-0.016120539817158396,16.770212713846718,29.25447405244647,37.21951125840079,0.0,1.9582224831874546,1.827909822062093,1.8322861675470863,0.008199505865483988,1.4318437262747536,0.014513513094576044,-0.012593187613249353,-0.0396512006369597,-0.01566497456280555,-0.052008757627281146,-0.017492020085782517,-0.057971741371438776,-0.019016910669002615,-0.06372318080506001,-4.918514563016174,-20.63334803751222,0.0,0.0,0.15983430470194304,0.26277343987908397,0.00048374753423815076,-0.00043083526800236256
2022-06-17,15293.5,15400.400390625,15183.400390625,15272.650390625,342600,-0.03458445476377063,-0.04956740769173328,-0.06926413470473451,-0.08605986845805244,-0.015519693050205074,-0.020723959986646504,-0.018045650092134005,15.736161271542343,28.36469190061058,36.675743622855826,0.0,1.8572319749079573,1.8061421130527735,1.8202575441784004,0.008288480208958525,1.568870452966441,0.7629967025354166,0.0031596332316549264,-0.02236654704589415,0.0005383949428848858,-0.03600663259077343,-0.001448181217148195,-0.04382803959227402,-0.003216604931742917,-0.050834122933029274,-0.8897821518358882,-14.938058328376854,0.0,0.0,-0.02176770900931957,0.1933312079491094,8.897434347453735e-05,-0.00011115040176547242
2022-06-20,15350.150390625,15382.5,15191.099609375,15334.5,260000,-0.02551431435711495,-0.04203669810410359,-0.06339908693027076,-0.08191919705353046,-0.016954978395694487,-0.022299798733301218,-0.0197737476707765,20.56083501405469,30.292390730926826,37.47552252675123,0.0,1.7296813974747534,1.7600064248562883,1.7865567606365838,0.008293071260403634,0.08258396442114106,-0.06255051479728363,0.009070140406655682,0.006021343846482615,0.0075307095876296914,-0.0059223845441509285,0.005865047774463755,-0.014161165234725472,0.004140671404521984,-0.02181040219685825,1.9276988303162454,-5.204889173923618,0.0,0.0,-0.04613568819648517,-0.012647291968500785,4.59105144510856e-06,0.00020609516554617562
2022-06-21,15638.7998046875,15707.25,15419.849609375,15455.9501953125,262800,-0.005890227746663835,-0.021886736967926163,-0.04407049263195506,-0.06405316690968695,-0.01609129058756081,-0.022680150144637652,-0.02090392034528787,40.733059067906794,39.261126665427895,41.387126661083585,0.0,1.814889135052155,1.767228618198232,1.7788122440785172,0.008370047902673079,0.003188542712554923,-0.040605523178599764,0.019624086610451112,0.022210922105475997,0.020149961136177428,0.013418450626552999,0.019328594298315696,0.005787374966996335,0.01786603014384351,-0.0020084624002482607,8.968735934501069,4.432980766081414,0.0,0.0,0.007222193341943628,0.026619412142205645,7.69766422694454e-05,0.0003979939201674658
2022-06-22,15413.2998046875,15565.400390625,15385.9501953125,15545.650390625,220900,-0.016608439769636763,-0.032825957602629914,-0.05571189669281865,-0.0768364915839329,-0.016491414497389157,-0.023662689533582297,-0.02237092135030565,33.077535289009006,35.42636648118621,39.39063307466491,0.0,1.8012458603889059,1.7821821562693585,1.797009384948198,0.008338683544802602,-1.1120638670026683,-0.45579361815815833,-0.010718212022972927,0.008542460612539441,-0.01093922063470375,0.001614870469182704,-0.011641404060863586,-0.005387963291014847,-0.01278332467424595,-0.013010138726625986,-3.834760184241688,1.2533778657235644,0.0,0.0,0.014953538071126538,0.11410663890920847,-3.136435787047705e-05,0.000622925213556765
2022-06-23,15556.650390625,15628.4501953125,15367.5,15451.5498046875,259200,-0.006113943058279162,-0.02171140564451227,-0.04517235260567091,-0.06761746656568653,-0.015693411208753588,-0.02398162167741012,-0.02350697952794629,41.26458852273499,39.473596866485906,41.25870399824203,0.0,1.7632020513414126,1.7594497363053831,1.7755441380132884,0.008556095497849867,-0.2221216597139279,-0.037891912595578336,0.0104944967113576,0.031630144937146394,0.011114551958117645,0.0283943969901059,0.010539544087147738,0.02264360088191541,0.009219025018246368,0.015225796960622998,4.047230385299699,10.219122814039437,0.0,0.0,-0.022732419963975348,-0.06846008575670992,0.00021741195304726506,0.0003565896323658793
2022-06-24,15699.25,15749.25,15619.4501953125,15657.400390625,219600,0.002450335577773791,-0.011598846884752566,-0.03504176558991958,-0.0585174331474105,-0.014014841398031903,-0.02371802039210447,-0.02432816957289616,48.56695429213689,43.281870525484,43.06886250159554,0.0,1.643110753195277,1.7065639554939727,1.7340541718369222,0.008163936439515709,-1.122521657907904,-0.414211416346454,0.008564278636052953,0.03703479034154442,0.010112558759759704,0.03796856080698072,0.010130587015751327,0.03422236911481493,0.009100033418276025,0.02754243531064194,3.8082736589980968,14.917178624873422,0.0,0.0,-0.05288578081141049,-0.09957815755880084,-0.00039215905833415825,-0.00012454376944281628
2022-06-27,15832.0498046875,15927.4501953125,15815.5,15926.2001953125,210900,0.008925034334802401,-0.0029444767766106114,-0.025852357772033065,-0.050075610857928374,-0.011764512434007288,-0.022975531915578152,-0.024866100410092313,54.68771524007511,46.648488183860906,44.71421858278786,0.0,1.5917388721496752,1.67433009274248,1.7062646902472767,0.008088385609967996,-0.9759623872499,-0.4793877297793516,0.00647469875702861,0.03443934869191735,0.008654370108141955,0.03909222132749298,0.009189407817886516,0.03754672915823769,0.008441822289482127,0.03184358619560208,3.366617658376903,16.35609745293408,0.0,0.0,-0.03223386275149265,-0.08567633211380832,-7.555082954771239e-05,-0.00020468565043563723
2022-06-28,15850.2001953125,15892.099609375,15710.150390625,15757.4501953125,251900,0.0082335709468851,-0.001637921895796632,-0.023788615810008608,-0.048522808510042585,-0.009790878946245458,-0.02218703454389422,-0.02533692302774885,55.5315368154553,47.11056486191865,44.93976240068178,0.0,1.501518931097349,1.6349497340080978,1.677816491763728,0.008126397817950966,0.9004332026256572,0.40577852314461865,-0.0006914633879173005,0.014123798693548937,0.0013065548808139794,0.02024881507212953,0.0020637419620244575,0.020281876821946453,0.0015528023478857886,0.01553035839964436,0.4620766780577412,7.849438196490752,0.0,0.0,-0.03938035873438217,-0.13227888419013412,3.801220798296985e-05,-0.00024365008472211278
2022-06-29,15799.099609375,15861.599609375,15687.7998046875,15701.7001953125,444900,0.004073354616484235,-0.00441705225858188,-0.025906949240052036,-0.051103239813265644,-0.008455962740201496,-0.021585240115072468,-0.025866410353257815,52.33060020398458,45.90510462998452,44.41078141562784,0.0,1.425112644036073,1.6016537874251007,1.6554726588037674,0.008109628457620333,1.7473322719728759,3.434705744290851,-0.004160216330400866,0.020681794386121,-0.0027791303627852483,0.028408905344048035,-0.002118333430043428,0.02980494745276661,-0.002580431303223059,0.02573325177066725,-1.2054602319341257,10.478738148798314,0.0,0.0,-0.03329594658299717,-0.18052836884425782,-1.67693603306332e-05,-0.00022905508718226893
2022-06-30,15780.25,15890.0,15728.849609375,15774.5,306000,0.0023513817635460892,-0.00509792810632672,-0.02603522449476032,-0.05174248940796596,-0.007431834789080078,-0.02104458014504085,-0.02639445035357682,51.06389776285408,45.44318702378598,44.21170614912384,0.0,1.3456951003098527,1.5619704536498138,1.627153253813354,0.00804567292948975,0.20147251079866077,0.9296890334115182,-0.0017219728529381455,0.008465324821825252,-0.0006808758477448397,0.01661347753818555,-0.00012827525470828285,0.01913712811091059,-0.0006392495947003182,0.015874977157720564,-0.46191760619853994,5.969590157300075,0.0,0.0,-0.03968333377528688,-0.19747928265556935,-6.395552813058362e-05,-0.0005104225683601176
2022-07-01,15752.0498046875,15793.9501953125,15511.0498046875,15703.7001953125,364100,0.00045823611756105946,-0.006254704351133192,-0.026715608971576398,-0.05293351214147731,-0.0067098657658563494,-0.020589687025469885,-0.026937556393150097,48.99395680598683,44.71821304331928,43.90635447936997,0.0,1.437675234564872,1.5812805256277804,1.637965938070595,0.008377220222550705,0.5250815562936288,1.6721204349109113,-0.0018931456459850297,-0.001992099460212732,-0.001156776244806472,0.005344142533619374,-0.0006803844768160788,0.008326156618343183,-0.0011910227335113488,0.00558392100593319,-0.7249739804667001,1.4363425178352784,0.0,0.0,0.019310071977966636,-0.12528342986619223,0.00033154729306095546,0.0002132837830349961
2022-07-04,15835.349609375,15852.349609375,15661.7998046875,15710.5,304300,0.004698691303224694,-0.0009088027259917242,-0.02074040948867891,-0.047471015560567015,-0.00558126936737896,-0.01984964617524122,-0.02729675188366621,55.24590577299824,47.388224627694676,45.06852647826255,0.0,1.3847538673243596,1.5465593194061849,1.609062467879608,0.008379734305298227,-0.4073277877132766,0.6739804972343317,0.004240455185663634,-0.004226343031577707,0.005345901625141467,0.002035674050618887,0.005975199482897486,0.005111948283354154,0.005462496580910296,0.002604595297361359,2.670011584375395,0.7397364438337704,0.0,0.0,-0.03472120622159558,-0.12777077333629516,2.5140827475227112e-06,0.0002913486953302312
2022-07-05,15810.849609375,16025.75,15785.4501953125,15909.150390625,254200,0.0025710985147006484,-0.0022319235378843554,-0.021401405914755797,-0.048481339822847754,-0.004790704678900713,-0.01921236290185046,-0.027672156971986273,53.01608313892017,46.67419749214715,44.78551070466034,0.0,1.4134879488140097,1.5468762030769614,1.6071884575244646,0.008522672164386121,-1.1048018811406595,-0.12024764686258874,-0.0021275927885240457,-0.005662472432184452,-0.0013231208118926311,-0.0005940016420877233,-0.0006609964260768861,0.0023872098952528106,-0.0010103242622807387,4.1468687194831655e-05,-0.714027135547525,-0.4363673697714958,0.0,0.0,0.00031688367077653545,-0.08807353093113646,0.0001429378590878938,0.00039627434643515515
2022-07-06,15989.7998046875,16011.349609375,15800.900390625,15818.2001953125,288400,0.011359026993234513,0.008230497434269958,-0.009924540747605917,-0.03735064416729515,-0.0030933916398271128,-0.018006832989159272,-0.02770102335472357,65.04017639367012,52.32471647897144,47.29259687343106,0.0,1.381364429291645,1.5143201878739678,1.5761989585525424,0.008551031355564644,-0.3768386296880369,0.3775002804309297,0.008787928478533866,0.0072856723767502785,0.010462420972154314,0.01264754969285184,0.01147686516714988,0.01598240849244612,0.011130695655552601,0.013752595645970492,5.650518986824288,6.419611848986918,0.0,0.0,-0.03255601520299356,-0.08733359955113285,2.8359191178523036e-05,0.0004414028979443114
2022-07-07,16132.900390625,16150.5,16045.9501953125,16113.75,264600,0.016637494592085043,0.015660570944325113,-0.0010221906345027777,-0.028457633574056805,-0.000960936078943172,-0.016425528425620436,-0.02746351588828555,71.77834181766707,56.311410298821386,49.205259831077946,0.0,1.2945097252158004,1.4648318825699136,1.535260017106604,0.00841073228343716,-0.7051306929445991,-0.04043029305084615,0.00527846759885053,0.014286112828538955,0.007430073510055155,0.020758499050651833,0.00890235011310314,0.025013033860257543,0.008893010593238347,0.023284855833909157,3.986693819849947,10.868223275035405,0.0,0.0,-0.049488305304054236,-0.0971385710799002,-0.00014029907212748452,0.0003650593539474105
2022-07-08,16220.599609375,16275.5,16157.900390625,16273.650390625,281100,0.01806138523179241,0.019219128133286086,0.004234693952550535,-0.02295096570412708,0.0011372034322174793,-0.014701876924327105,-0.027071022162835294,75.19646091495265,58.59646208710819,50.350329157527305,0.0,1.2058339284496478,1.4156416520436437,1.496110213185939,0.00833301641222667,0.1308907944236735,0.15649542144096745,0.0014238906397073675,0.017603149114231352,0.0035585571889609723,0.025473832484419277,0.005256884587053313,0.030950302924126934,0.005506667869929725,0.02998254643735023,2.2850517882868076,13.878249043788912,0.0,0.0,-0.04919023052626992,-0.16563887358413676,-7.771587121048994e-05,-4.4203810324034906e-05
2022-07-11,16216.0,16248.5498046875,16115.5,16136.150390625,255900,0.014494460732559618,0.01717962826045825,0.0037944403483051673,-0.023002215285828537,0.0026468035379510007,-0.013159119137141902,-0.02669536167667513,74.64327973998924,58.423867079016205,50.28866927758628,0.0,1.1290377141573251,1.3735033037685596,1.4643417296863348,0.008305705052071568,-0.8474312187610957,-0.2927456900274581,-0.003566924499232793,0.009795769429334925,-0.0020394998728278345,0.018088430986449976,-0.000440253604245368,0.024534849836984077,-5.1249581701457575e-05,0.024468800274738477,-0.1725950080919887,11.035642451321529,0.0,0.0,-0.042138348275084114,-0.1730560156376253,-2.731136015510227e-05,-7.402925322665989e-05
2022-07-12,16058.2998046875,16158.75,16031.150390625,16126.2001953125,208600,0.003783792727338259,0.0066206880725993445,-0.005734760485489462,-0.032190487484218835,0.002826201584260569,-0.012274185007806743,-0.026608319337048766,57.672649681071945,52.69317388760147,48.19037584154596,0.0,1.1423234631829149,1.3701434734010651,1.4631219538759759,0.00818719677454553,-1.6306182765586639,-1.0629232425758466,-0.01071066800522136,0.0012126942126376105,-0.010558940187858907,0.0088526116104837,-0.009529200833794629,0.015666645429266334,-0.009188272198390298,0.016290852338628918,-5.730693191414737,6.018976395454317,0.0,0.0,-0.003359830367494432,-0.17673272967589626,-0.00011850827752603842,-0.0003354753898405921
2022-07-13,15966.650390625,16140.0,15950.150390625,16128.2001953125,233300,-0.0015920043703489656,0.0007959451581646766,-0.010966805415578488,-0.03735281236067275,0.0023917572164550522,-0.011753395515490615,-0.026678585804373642,49.96968178506695,49.64543124971199,47.008254833077324,0.0,1.156912054323064,1.3645103306953934,1.4580688309695242,0.008060355211180514,-0.5445079560208325,-0.7292278949487531,-0.0053757970976872245,-0.01295103136358348,-0.005824742914434668,-0.0074345522761052815,-0.005232044930089026,-0.0010422646679725707,-0.005162324876453912,-2.1681933775954954e-06,-3.0477426378894776,-2.679285229259449,0.0,0.0,-0.005633142705671723,-0.14980985717857442,-0.00012684156336501516,-0.0004906761443841303
2022-07-14,15938.650390625,16070.849609375,15858.2001953125,16018.849609375,228600,-0.0027367370075181635,-0.0008719904733247571,-0.01220922251394068,-0.03866751740434325,0.0018698638598175902,-0.01134712662693422,-0.02678532285727478,47.698918601405474,48.71832543154689,46.64573135772729,0.0,1.1939904608049223,1.3645693518750435,1.4546085708850225,0.008232700860551645,-0.46401226630310854,-0.7678128599173829,-0.001144732637169198,-0.019374231599603206,-0.0016679356314894338,-0.01653256141764987,-0.0012424170983621925,-0.011187031879437903,-0.001314705043670504,-0.010209883830286447,-0.9271058181651028,-7.593084867274499,0.0,0.0,5.9021179650065037e-05,-0.10026253069487012,0.00017234564937113062,-0.00017803142288551517
2022-07-15,16049.2001953125,16066.9501953125,15927.2998046875,16010.7998046875,205800,0.003417597848264849,0.0055041679487355,-0.005148913757948145,-0.0316914411805398,0.002079463331064858,-0.010594766333406964,-0.026679899926383286,56.751682865984385,52.49068771855775,48.278874270827906,0.0,1.1226406807095033,1.3205249005939086,1.4172342148503057,0.00768261101147249,-1.0119920989356743,-1.0534917071472225,0.006154334855783013,-0.014643787383527562,0.006376158422060257,-0.013714960184550585,0.0070603087559925354,-0.00938360771049868,0.006976076223803453,-0.00874047547641272,3.772362287010864,-6.105774368550442,0.0,0.0,-0.04404445128113488,-0.09511675144973508,-0.0005500898490791543,-0.0006504054007541796
2022-07-18,16278.5,16287.9501953125,16142.2001953125,16151.400390625,227700,0.014479041672515385,0.018031166998334652,0.008706247992435093,-0.01768238328323994,0.003501428003838377,-0.009159757881867297,-0.026160868268829178,69.51884672683029,59.19554007217826,51.473872534746434,0.0,1.1787933793461913,1.3136906717574366,1.4005751458777254,0.007419940816283235,0.5461161657919428,-0.6366589894446232,0.011061443824250537,-1.541906004423263e-05,0.012526999049599152,0.0008515387378764012,0.013855161750383238,0.004911807644129925,0.014009057897299858,0.005319832002588596,6.70485235362051,0.7716729931620563,0.0,0.0,-0.0068342288364720005,-0.05981263201112297,-0.00026267019518925495,-0.0008857642357883323
2022-07-19,16340.5498046875,16359.5,16187.0498046875,16187.0498046875,222600,0.014960458245724222,0.019880092038368644,0.012053062005004788,-0.013801247372268054,0.004847118676078873,-0.007674461041513689,-0.025546397069391,72.11745685033354,60.80743090353269,52.30075758515009,0.0,1.1505239757236627,1.290605709909636,1.3790707791674148,0.007237213672856313,-0.09389153998582497,-0.6810129004841177,0.00048141657320883643,0.011176665518385963,0.0018489250400339913,0.013259403965769299,0.0033468140125696953,0.01778782249049425,0.0038811359109718873,0.018389240111950783,1.6118908313544296,8.114257015931223,0.0,0.0,-0.023084961847800622,-0.07953776349142916,-0.00018272714342692196,-0.0009499831016892158
2022-07-20,16520.849609375,16588.0,16490.94921875,16562.80078125,284400,0.021301843756874925,0.028223151981011982,0.022289060561663042,-0.0028906731202670054,0.006776946763042074,-0.005771209691122111,-0.02463073767814347,78.36900806834264,65.11918633297302,54.6303708960973,0.0,1.2099353144856742,1.292326778635846,1.370391053602903,0.0068922835493078795,1.7016592496080247,0.3199488387760133,0.006341385511150703,0.02289384812722389,0.008343059942643338,0.027427206822847307,0.010235998556658254,0.03325586597724153,0.010910574252001048,0.03446213924040574,4.311755429440325,15.473755083261025,0.0,0.0,0.0017210687262101398,-0.0721835520595473,-0.0003449301235484339,-0.0011680716618726345
2022-07-21,16605.25,16626.94921875,16483.900390625,16523.55078125,243600,0.02159356378691823,0.030340443692930087,0.026404273421938455,0.00218130799198281,0.008561995901372238,-0.0038202618319860093,-0.023599829089953495,80.72873439466906,66.95204453250378,55.681133172779674,0.0,1.13532190461762,1.2554517200482693,1.3395229215792488,0.00685397772172604,0.22734761847528526,-0.3673928468221075,0.0002917200300433069,0.024330300794436394,0.0021172917119181046,0.031212434166254844,0.0041152128602754134,0.038613495935879136,0.005071981112249815,0.04084882539632606,1.8328581995307616,18.23371910095689,0.0,0.0,-0.03687505858757678,-0.10911763182677414,-3.8305827581839626e-05,-0.0013787231388256048
2022-07-22,16719.44921875,16752.25,16610.900390625,16661.25,190900,0.02329463005862908,0.03390862915729839,0.03210874293969077,0.008982509839274616,0.01037237838144542,-0.001740856171279513,-0.02240677957493815,83.55984355114418,69.30248290682576,57.076061056835556,0.0,1.0778969456189273,1.2206150796860085,1.3088898354484213,0.0065236230388791595,-1.2581273826136983,-1.2150135383425222,0.0017010662717108493,0.019877032210364232,0.0035681854643683057,0.02840446120856289,0.005704469517752317,0.03725765669763892,0.006801201847291806,0.040673951019814414,2.350438374321982,16.811795188268007,0.0,0.0,-0.03483664036226086,-0.09990982090790013,-0.0003303546828468803,-0.0011589879725933307
2022-07-25,16631.0,16706.05078125,16564.25,16662.55078125,211400,0.014582660611767316,0.02578700967485783,0.025576906573136556,0.003608393816342293,0.011043308246894914,-0.000204821371044531,-0.02142063907250005,73.76745105354415,65.42151188148895,55.66871961534284,0.0,1.0535421184088216,1.2061128348989372,1.2976291108954834,0.0065362076276398165,-0.5386191418186622,-0.8731106420349858,-0.008711969446861765,0.0001036189392519312,-0.008121619482440563,0.007755842676523177,-0.006531836366554217,0.016870658580701463,-0.0053741160229323235,0.021290777099582235,-3.8809710253368053,6.225971809310693,0.0,0.0,-0.014502244787071294,-0.10757783685849942,1.2584588760656927e-05,-0.0008837331886434189
2022-07-26,16483.849609375,16636.099609375,16463.30078125,16632.900390625,208200,0.00458179217152533,0.01516867365843127,0.015845228116949026,-0.005219312286910433,0.010538595831028466,0.0006664453662459962,-0.02073597416301926,60.09763209845665,59.456103857763324,53.397154040602395,0.0,1.0600159643271705,1.2048377335786726,1.2967881501223233,0.006579461453637577,-0.5274182089704826,-0.8720580642277842,-0.010000868440241987,-0.010378666074198892,-0.010618336016426559,-0.004711418379937373,-0.00973167845618753,0.003792166111944238,-0.008827706103252727,0.008581935085357621,-5.9654080237256295,-1.3513270457693665,0.0,0.0,-0.0012751013202645378,-0.08576797633096334,4.325382599776068e-05,-0.0006577522192187362
2022-07-27,16641.80078125,16653.44921875,16438.75,16475.349609375,185200,0.01159467156192887,0.022581799928750795,0.02455150220666804,0.004269755587968844,0.010861196362232225,0.0019262050997333278,-0.019795731668946447,67.61337479767656,63.32217038232802,55.421992579542625,0.0,1.09798810878639,1.2003107527806274,1.2847486095935503,0.006551029381997436,-0.9910629804184311,-1.3858936596653508,0.007012879390403541,-0.009707172194946054,0.0074131262703195245,-0.005641352052261187,0.008706274089719013,0.0022624416450049978,0.009489067874879277,0.007160428708235849,3.866066524564694,-1.7970159506449974,0.0,0.0,-0.004526980798045255,-0.09201602585521873,-2.8432071640140978e-05,-0.0003412541673104433
2022-07-28,16929.599609375,16947.650390625,16746.25,16774.849609375,376300,0.02367481010470404,0.036471996625315715,0.04054497142511555,0.021417418832132475,0.01250122245296116,0.003929652526128225,-0.01838224499493401,76.87318400808957,69.1032336568937,58.80413593386172,0.0,1.2247774406490604,1.224669425733995,1.2887981484290918,0.006525400918426732,1.7715390319309774,2.368682706554969,0.012080138542775171,0.00208124631778581,0.01389019669656492,0.006131552932385629,0.015993469218447513,0.014140698003177098,0.01714766324416363,0.019236110840149666,5.781063274565689,2.15118912438993,0.0,0.0,0.024358672953367577,-0.030782294314274372,-2.5628463570704155e-05,-0.00032857680329930784
2022-07-29,17158.25,17172.80078125,17018.150390625,17079.5,436100,0.03047445616540428,0.04567275155706822,0.05234532763108243,0.0348500502792854,0.014748832734990591,0.006381132208024309,-0.01662503447530894,81.71811002930707,72.77473595498442,61.22778200191286,0.0,1.2502450297744188,1.2232817474195328,1.2785654264376987,0.006455119952272042,1.3334153208112502,2.9041450294266906,0.0067996460607002394,0.0071798261067752,0.009200754931752507,0.01176412239976983,0.01180035620596688,0.02023658469139166,0.013432631447152926,0.025867540440010786,3.671502298090715,3.472253048158663,0.0,0.0,-0.0013876783144621818,0.0026666677335243083,-7.028096615468993e-05,-6.850308660711745e-05
2022-08-01,17340.05078125,17356.25,17154.80078125,17243.19921875,381500,0.033613924883137934,0.05132810180741042,0.0608539393536663,0.045338299410393815,0.017138098179429306,0.009060765644787156,-0.014625613732202862,84.69277671405554,75.28909822507747,63.02161333832765,0.0,1.2220608848282715,1.206977781940306,1.2602363995016197,0.006060723404366941,0.5667635483480556,1.8081026450121644,0.003139468717733653,0.01903126427137062,0.005655350250342195,0.02554109213255259,0.008508611722583867,0.035277032780529745,0.010488249131108414,0.04172990559405152,2.514362270093045,9.867586343588513,0.0,0.0,-0.016303965479226745,0.0008649470413688576,-0.0003943965479051015,-0.00047548422327287586
2022-08-02,17345.44921875,17390.150390625,17215.849609375,17310.150390625,333600,0.027595320312401316,0.04673997461559887,0.05864412206321199,0.045188844291539146,0.01863053862232201,0.011372592751112581,-0.012709915911543145,84.77857756201115,75.36186290679429,63.074221995260956,0.0,1.178320238801756,1.1921933399723386,1.2477029776022832,0.006061573438862599,-0.09391438688018551,1.0102096191329912,-0.006018604570736618,0.023013528140875986,-0.00458812719181155,0.0315713009571676,-0.0022098172904543092,0.04279889394626296,-0.0001494551188546689,0.050408156578449576,0.07276468171681927,15.905759049030962,0.0,0.0,-0.014784441967967465,-0.01264439360633407,8.500344956582223e-07,-0.0005178880147749783
2022-08-03,17388.150390625,17407.5,17225.849609375,17349.25,285400,0.024513511399975825,0.044633390927088144,0.05870731506173172,0.04726419418281672,0.019638471628957762,0.013472596469612456,-0.010808578269101476,85.52720555482604,75.96475148473854,63.500179202391585,0.0,1.14927709135317,1.1789379963680964,1.2351170239840463,0.005877276998361719,-1.3671430118399213,0.31909306244578295,-0.003081808912425491,0.012918839838046954,-0.002106583688510723,0.02205159099833735,6.319299851972882e-05,0.03415581285506368,0.0020753498912775767,0.042994438594847875,0.6028885779442561,12.642581102410524,0.0,0.0,-0.013255343604242187,-0.021372756412531002,-0.00018429644050088016,-0.0006737523836357175
2022-08-04,17382.0,17490.69921875,17161.25,17463.099609375,325000,0.019673625560947528,0.0400786257954056,0.0559173612750504,0.04640550703344151,0.020011305306865013,0.01522840205232757,-0.009008142673327245,84.82615345802668,75.67751233971723,63.39095452245386,0.0,1.2988164019652049,1.2304974244370916,1.2669727663979584,0.006381727941748245,-0.47121542556134516,0.829555421894938,-0.004839885839028297,-0.004001184543756513,-0.004554765131682542,0.0036066291700898867,-0.002789953786681322,0.015372389849934845,-0.0008586871493752105,0.024988088201309037,-0.2872391450213172,6.574278682823518,0.0,0.0,0.05155942806899527,0.005827998703096693,0.000504450943386526,-0.0001436729766784873
2022-08-05,17397.5,17474.400390625,17348.75,17423.650390625,355300,0.016777763212733884,0.03713981472627768,0.05450764944601519,0.046845518466620495,0.02002605903693782,0.016745895271913017,-0.00726607434608937,85.18324125401789,75.92458177694147,63.55479060134421,0.0,1.1825738854241905,1.1931747996339865,1.2399577157995778,0.006398953320935951,0.5344715480177934,1.1606455778294584,-0.0028958623482136445,-0.013696692952670397,-0.002938811069127925,-0.008532936830790545,-0.0014097118290352095,0.002162321814932755,0.00044001143317898284,0.011995468187335094,0.24706943722424057,3.1498458219570438,0.0,0.0,-0.03732262480310511,-0.030106947785546234,1.722537918770646e-05,-5.61666313360909e-05
2022-08-08,17525.099609375,17548.80078125,17359.75,17401.5,257000,0.019741795187274886,0.040513900462695825,0.05965532848007798,0.05395167323965464,0.020369965586833825,0.0183961290751333,-0.005382557032581906,87.91473358350868,77.91359804852027,64.89597939078487,0.0,1.154919481970106,1.1769341689412751,1.223682645586384,0.0064623843652710615,-1.3737510110481,-0.17718976677706474,0.0029640319745410024,-0.013872129695863048,0.0033740857364181476,-0.010814201344714593,0.0051476790340627895,-0.0011986108735883225,0.007106154773034147,0.008613373829260827,1.9890162715788051,2.624499823442804,0.0,0.0,-0.016240630692711422,-0.03004361299903091,6.343104433511031e-05,0.0004016609609041209
2022-08-10,17534.75,17566.099609375,17442.80078125,17566.099609375,312700,0.01655071606545626,0.037212705118216546,0.057740132076331815,0.053960156849626004,0.020325586049196046,0.019790952093838507,-0.0035736331751786347,88.10816981043071,78.06122211303025,64.99700801724507,0.0,1.0640607783040597,1.1424922913860716,1.1982548609823027,0.006459387514134242,0.14945661539401156,0.516040830171321,-0.0031910791218186275,-0.011044604246945058,-0.0033011953444792783,-0.00952726949738232,-0.0019151964037461625,-0.0009039899868801757,8.483609971361716e-06,0.008771312558086858,0.14762406450998355,2.699359206235968,0.0,0.0,-0.03444187755520356,-0.049701048586267005,-2.9968511368197795e-06,0.0003978140752716429
2022-08-11,17659.0,17719.30078125,17631.94921875,17711.650390625,311200,0.019351450729703158,0.04034774741779507,0.06251702688626203,0.06078006528339436,0.020597701286501048,0.02130948956586144,-0.0016347611933880154,90.41310127875997,79.92197760329668,66.29228507045957,0.0,1.0542752936685933,1.128069844223362,1.1829313168172404,0.006401027525545627,-0.029212641833359754,0.44344280077976167,0.0028007346642468997,-0.005162060670272667,0.0031350422995785263,-0.004285643509293072,0.00477689480993021,0.0038097118245303055,0.006819908433768354,0.013515871100577635,1.8607554902664276,3.9572261185581397,0.0,0.0,-0.014422447162709462,-0.05086815214473428,-5.835998858861463e-05,0.0005237505271839084
2022-08-12,17698.150390625,17724.650390625,17597.849609375,17659.650390625,303900,0.01761282750836758,0.03862678333992574,0.06217046170912927,0.06246442173677826,0.02065024660018386,0.022668083229563776,0.0002767540976200563,91.05075131210012,80.48367109524467,66.69500291394687,0.0,0.9848471828416541,1.0963522097674796,1.158226387389258,0.0063752666703277925,-0.11786558753679639,0.29376969450074764,-0.0017386232213355765,-0.0020607980525799464,-0.0017209640778693344,-0.001451842455479864,-0.000346565177132753,0.0062531004340788746,0.0016843564533839048,0.01605891470333675,0.5616934919479917,4.8061587555274485,0.0,0.0,-0.03171763445588249,-0.13414521466961205,-2.576085521783459e-05,-6.461271420452226e-06
2022-08-16,17825.25,17839.099609375,17764.05078125,17797.19921875,0,0.02029780246365605,0.0417212965025268,0.06687820628117296,0.06934870470809183,0.02099729509084567,0.024149366882589337,0.002315633042622854,92.85156944704886,82.22244563590955,67.9828280913946,0.0,0.9404055044373549,1.0672629461789385,1.1328612039318422,0.0061041324270362,-1.7627623489770712,-2.8891312188122074,0.0026849749552884696,0.0035200392509221676,0.0030945131626010647,0.004581481776249126,0.004707744572043683,0.012370556835157767,0.00688428297131357,0.022503186241471337,1.7387745406648776,6.2978638589680855,0.0,0.0,-0.029089263588541137,-0.12591185345504807,-0.00027113424329159273,-0.0002948208938997514
2022-08-17,17944.25,17965.94921875,17833.349609375,17868.150390625,262800,0.022071491610182254,0.044055730282372516,0.0708928887475526,0.07566893454028695,0.021509492097814074,0.025704718327556893,0.00445987254460163,94.13968244830008,83.68780758044747,69.14139421253167,0.0,0.9041534167980033,1.0404642023524828,1.1090981004864175,0.006043663838223231,0.18326775173343585,-0.12318852141911198,0.0017736891465262028,0.002329696422907368,0.0023344337798457127,0.003541829819676691,0.004014682466379649,0.011237560267474626,0.006320229832195115,0.021717261300632305,1.4653619445379178,5.774209531927198,0.0,0.0,-0.02679874382645564,-0.1364699665887923,-6.046858881296902e-05,-0.00041872052704783076
2022-08-18,17956.5,17968.44921875,17852.05078125,17898.650390625,263900,0.018552564239930125,0.04053364797942996,0.06862242709736996,0.07558556740049595,0.021580706299534652,0.02699458991305515,0.006515996788537849,94.26381965683044,83.8355171116633,69.26014134134428,0.0,0.8524741853647457,1.0117879743897993,1.0864311385930494,0.00604537010797856,0.27426593003282884,-0.1345490082302582,-0.003518927370252129,0.0020018481744738664,-0.0035220823029425558,0.0033209428612134134,-0.0022704616501826452,0.010882295021038144,-8.336713979099908e-05,0.021625410550869945,0.14770953121582409,5.774294998633039,0.0,0.0,-0.028676227962683543,-0.13070431699627227,1.7062697553289416e-06,-0.00041401740615568203
2022-08-19,17758.44921875,17992.19921875,17710.75,17966.55078125,295600,0.0059798767184268894,0.026345957829713298,0.05448577450798539,0.06304839243357804,0.02024501839710941,0.02741747698580689,0.008120183441628601,67.35308389467727,72.41808643136608,65.0624366786241,0.0,1.0065601068210754,1.0632007113372322,1.1217059915565635,0.0062396431036031465,0.552901350025103,0.19992309607472014,-0.012572687521503235,-0.013371574011276269,-0.014187690149716662,-0.014001789588081775,-0.014136652589384568,-0.008031252378276635,-0.012537174966917905,0.0022683271501836855,-11.417430680297215,-7.503891171930604,0.0,0.0,0.05141273694743287,-0.06486913288612994,0.0001942729956245868,-0.00016138442194248061
2022-08-22,17490.69921875,17690.05078125,17467.349609375,17682.900390625,287600,-0.007529716854278905,0.009873333984897516,0.037017715240705996,0.04653082552347202,0.01753508506472953,0.026878995951599628,0.00917352726279888,46.44151470182217,60.4350512647089,59.966928555029135,0.0,1.1504371077407027,1.1212502282529282,1.1638978695921844,0.006313166732976407,0.5252770773039463,0.09070833869893634,-0.013509593572705795,-0.025142544362646485,-0.016472623844815782,-0.028753449355028222,-0.017468059267279394,-0.025152746468423276,-0.016517566910106023,-0.015933596213306242,-11.983035166657174,-20.04861983053577,0.0,0.0,0.05804951691569604,0.024898018485448592,7.352362937326079e-05,-6.209993735138523e-05
2022-08-23,17577.5,17625.55078125,17345.19921875,17357.349609375,285600,-0.0021318840910071117,0.013513544952626024,0.040443736786755904,0.05118341188530324,0.015678854544201135,0.026571121785440625,0.010322206495965946,52.069837337276155,62.59586928459374,60.99394552285371,0.0,1.2347939574606774,1.1499441763506422,1.178950111865456,0.006459480619424026,0.4373659720709914,0.01862490295479674,0.005397832763271793,-0.022429686554663163,0.003640210967728508,-0.02820775154990078,0.003426021546049908,-0.02643446949441705,0.004652586361831218,-0.018165292822788594,2.160818019884836,-19.626576351315812,0.0,0.0,0.028693948097713973,0.0826812301717037,0.00014631388644761878,0.0003553481923878263
2022-08-24,17604.94921875,17623.650390625,17499.25,17525.44921875,262000,-0.00046935982904695297,0.013705063105017262,0.040352189115154515,0.052271854933446785,0.014181078962861925,0.0262868628953239,0.011457337181584868,53.85876609933613,63.27885996687103,61.31937197041856,0.0,1.1276192958948832,1.1166133881700613,1.1547076243930392,0.006407572458135885,-1.123066635628282,-0.2745650165012474,0.0016625242619601587,-0.022540851439229206,0.00019151815239123841,-0.030350667177355253,-9.154767160138993e-05,-0.03054069963239809,0.0010884430481435461,-0.023397079606840163,0.6829906822772926,-20.408947613576437,0.0,0.0,-0.033330788180580884,0.07614918581757846,-5.1908161288140645e-05,0.00036390861991265466
2022-08-25,17522.44921875,17726.5,17487.44921875,17679.0,230200,-0.004220325495408393,0.008133975243014681,0.034038302010865946,0.046847597713286865,0.01240666088567176,0.02569532165762683,0.012387641422480224,47.625769379570734,59.74764122404747,59.76524061655337,0.0,1.1791936002154173,1.1391838002475065,1.1698638008925315,0.006505904822187983,-1.5783674880204104,-0.6505711504735072,-0.0037509656663614398,-0.022772889735338517,-0.005571087862002581,-0.03239967273641528,-0.006313887104288568,-0.03458412508650401,-0.00542425722015992,-0.028737969687209083,-3.5312187428235617,-24.087875887615823,0.0,0.0,0.022570412077445257,0.12739582585770726,9.833236405209795e-05,0.00046053471420942366
2022-08-26,17558.900390625,17685.849609375,17519.349609375,17619.30078125,266600,-0.001758836622122431,0.009292403927345688,0.03472089950449628,0.048513828479392215,0.0110707121233837,0.02519437922865916,0.013330096049573416,50.574248881921186,60.788803208394334,60.227120315632426,0.0,1.1310439458773425,1.1233487927378334,1.1569972286171304,0.006567718535765805,0.008630797764029524,-0.2943142014844086,0.0024614888732859617,-0.007738713340549321,0.0011584286843310063,-0.01705355390236761,0.0006825974936303311,-0.019764875003489113,0.0016662307661053505,-0.014534563954185828,1.0411619843468642,-11.629283222971743,0.0,0.0,-0.01583500750967315,0.06014808140060124,6.18137135778218e-05,0.0003280754321626587
2022-08-29,17312.900390625,17380.150390625,17166.19921875,17188.650390625,244900,-0.012918585779603342,-0.004409008054236068,0.019415955531250983,0.03347633577965049,0.008620948183983582,0.023930473234720615,0.013792584049827025,35.04186611631002,51.169447387332035,55.74817271342578,0.0,1.3713435235161475,1.219949594723599,1.2255713780292432,0.006609346102065087,-0.6116079556458149,-0.48273017834412263,-0.01115974915748091,-0.005388868925324437,-0.013701411981581755,-0.014282342039133583,-0.015304943973245295,-0.017601759709455014,-0.015037492699741722,-0.013054489743821528,-9.6193558210623,-9.265603877376869,0.0,0.0,0.0966008019857656,0.09869936647067079,4.1627566299281583e-05,0.00029617936908867947
2022-08-30,17759.30078125,17777.650390625,17401.5,17414.94921875,324700,0.010230618540540052,0.019291414660478855,0.043830103548145455,0.05948992621702162,0.008969037320437538,0.024074262310784123,0.015002271553240255,60.63613131946241,62.70314884961524,61.18084696442332,0.0,1.592886308285157,1.2912600378886891,1.262487777901306,0.006757848257428844,1.6387510302380675,0.5956247552546019,0.023149204320143394,0.012362502631547164,0.023700422714714925,0.005777869707852832,0.024414148016894472,0.0033863667613895504,0.02601359043737113,0.008306514331718383,11.533701462283204,0.10727956502149993,0.0,0.0,0.07131044316509016,0.14131586153804698,0.00014850215536375746,0.00029836763800481815
2022-09-01,17542.80078125,17695.599609375,17468.44921875,17485.69921875,308500,-0.001706470963514519,0.006237417671814906,0.029848771514537183,0.04608912082067519,0.007957467823112668,0.02346499288145448,0.015769644782169617,49.58223577644803,55.817209324122466,57.6228560221594,0.0,1.6216264011697785,1.3322499498136464,1.296158235566806,0.006920115106145941,0.8267131019068641,0.45105955768938377,-0.01193708950405457,-0.001237111134467566,-0.01305399698866395,-0.007467645433202356,-0.013981332033608272,-0.010503417600617331,-0.01340080539634643,-0.006182734112771593,-6.885939525492773,-7.461650642748566,0.0,0.0,0.04098991192495727,0.21563656164358513,0.00016226684871709692,0.0005125426480100557
2022-09-02,17539.44921875,17643.849609375,17476.44921875,17598.400390625,256300,-0.0015527865173949461,0.005492595496084286,0.028456104600290875,0.045411919754065694,0.007056339001542996,0.022838068830210514,0.016486668782392702,49.41952412908366,55.71520427115796,57.56910799318722,0.0,1.4884334510607853,1.3054986425569455,1.2801209741332347,0.006868522734344957,-0.6911296851308774,-0.21979535234763,0.00015368444611957278,0.002667538978013447,-0.0007448221757306202,-0.0026413797469303953,-0.0013926669142463079,-0.005582197410575071,-0.000677201066609498,-0.001435677959221171,-0.10200505296450757,-4.032436952889512,0.0,0.0,-0.02675130725670094,0.16631484230943894,-5.159237180098371e-05,0.00036261791215697406
2022-09-05,17665.80078125,17683.150390625,17540.349609375,17546.44921875,230300,0.004609718283473542,0.011564804046925324,0.034410082926622086,0.05238851734144206,0.006923171891404346,0.02258409820932935,0.01738037429406545,55.79925308601947,58.773949303297016,59.06197861881954,0.0,1.3449186977707115,1.2616813936267073,1.249178350761414,0.0067495820627230165,-1.0322827347509336,-0.5421206189269147,0.006162504800868488,0.0063685549055959734,0.0060722085508410385,0.002272400119579637,0.005953978326331211,-0.0003108165778741914,0.006976597587376364,0.0038746888620498424,3.0587450321390577,-2.0148539050973184,0.0,0.0,-0.043817248930238195,0.1383326008888739,-0.00011894067162194089,0.00018186352695721136
2022-09-06,17655.599609375,17764.650390625,17587.650390625,17695.69921875,251200,0.0032945343657398924,0.009972474855352863,0.03244374891383065,0.05123918027623807,0.006656012029243849,0.022249392550718866,0.018204799420966918,55.144112199786214,58.42309458623989,58.88850467472655,0.0,1.2770595802061586,1.2438464070571524,1.2381198568927907,0.006732152128045358,-0.5704123684995644,-0.20266727383609293,-0.0013151839177336496,0.016213120145343235,-0.001592329191572461,0.014381482909588931,-0.0019663340127914347,0.013027793382579669,-0.0011493370652039883,0.017762844496587576,-0.3508547170571248,7.253647198907856,0.0,0.0,-0.017834986569554845,0.023896812333553452,-1.7429934677658417e-05,0.00012280602598027136
2022-09-07,17624.400390625,17650.75,17484.30078125,17519.400390625,354100,0.001244611025162762,0.007437874592030256,0.029383277334297856,0.04886616563803679,0.0061855649445406585,0.021783380688515964,0.01892675812083526,52.926821793448056,57.296547784015004,58.34498196832796,0.0,1.2178444762447895,1.226469228968833,1.2275320739786524,0.006212245153729648,1.4683901072535563,1.2564278870665455,-0.0020499233405771302,-0.00898600751537729,-0.0025346002633226073,-0.0118535400684486,-0.0030604715795327954,-0.014446826213847599,-0.0023730146382012762,-0.010623760578984828,-1.1265468022248868,-5.406601065600235,0.0,0.0,-0.0173771780883194,-0.06479080891985611,-0.0005199069743157102,-0.0005456031036991963
2022-09-08,17798.75,17807.650390625,17691.94921875,17748.150390625,279800,0.009103811106243687,0.015796794672191666,0.03795594524907647,0.05861806047664913,0.0066326016137137605,0.02181455060018751,0.019906543550472562,62.70393227570952,61.736802501003005,60.45991347702344,0.0,1.1706452942077017,1.2012488912971897,1.206653317100737,0.006185153209441098,0.11389907101142453,0.18705667763871398,0.007859200081080925,0.010810282069758207,0.008358920080161411,0.00955937700037676,0.008572667914778617,0.00810717373453929,0.009751894838612336,0.012528939655973938,4.440254716988001,5.919593176880539,0.0,0.0,-0.025220337671643334,-0.13100105851645671,-2.709194428855005e-05,-0.0007349618967048433
2022-09-09,17833.349609375,17925.94921875,17786.0,17923.349609375,270300,0.009035366123522385,0.016129793128937708,0.03834595834004121,0.06003595805568493,0.007030900247501186,0.021863511296813708,0.02088899132454715,64.41512698402852,62.56859673938116,60.86879425550275,0.0,1.0916514926051377,1.1693356284773446,1.1843335958035055,0.00611398275613153,-0.14546959823916156,0.08349105523180544,-6.844498272130274e-05,0.010588152640917331,0.0003329984567460413,0.010637197632853422,0.0003900130909647373,0.009889853739750334,0.0014178975790357998,0.014624038301619235,0.8317942383781514,6.853392468223198,0.0,0.0,-0.03191326281984508,-0.13616301407960085,-7.117045330956757e-05,-0.0007545399782134272
2022-09-12,17936.349609375,17980.55078125,17889.150390625,17890.849609375,228200,0.012128063725835301,0.01995885707105226,0.04253022459615261,0.06545702070264924,0.007736959013259969,0.022129684318754814,0.02199149297122569,69.30615837642374,65.00732023838466,62.07937797305352,0.0,1.0324433910007875,1.1381968037188854,1.1605398509554914,0.006062824422326198,-1.0204098467121572,-0.4635015670473412,0.0030926976023129167,0.007518345442361759,0.0038290639421145536,0.008394053024126937,0.004184266256111402,0.008120141669530526,0.005421062646964306,0.013068503361207177,2.4387234990035083,6.233370935087649,0.0,0.0,-0.031138824758459194,-0.12348458990782185,-5.1158333805332266e-05,-0.0006867576403968186
2022-09-13,18070.05078125,18088.30078125,18015.44921875,18044.44921875,259900,0.016038454342296664,0.024993590388289806,0.048233703217028884,0.0726157784619984,0.00881377669095211,0.022673422591779544,0.023260151977694425,74.59437958570098,67.92831577993579,63.59544895127613,0.0,0.9880235614129244,1.1091413313400709,1.1371409454773278,0.006057242245068582,-0.39887856328582993,0.025894432139322708,0.0039103906164613626,0.012743919976556772,0.005034733317237545,0.015021115532936943,0.005703478620876272,0.015789954303198232,0.007158757759349169,0.021376598185760334,2.9209955415511217,9.505221193695895,0.0,0.0,-0.029055472378814562,-0.13470507571708157,-5.582177257616207e-06,-0.0006749098829767763
2022-09-14,18003.75,18091.55078125,17771.150390625,17771.150390625,365900,0.010049741386501606,0.019265348259246792,0.04257283378377451,0.0679504245328541,0.009123913897641183,0.022866945849119098,0.024341312114356133,67.83308077986965,65.02942584214497,62.31427145212169,0.0,1.1492559358323915,1.16082626204532,1.1717239640333634,0.006327851060971791,1.6561160039716787,2.3490341966158117,-0.005988712955795058,0.008805130361338844,-0.005728242129043014,0.011827473667216537,-0.005660869433254376,0.013189556449476652,-0.0046653539291443,0.01908425889481731,-2.8988899377908126,7.73287805812997,0.0,0.0,0.051684930705249155,-0.06564296692351301,0.000270608815903209,0.00011560590724214292
2022-09-15,17877.400390625,18096.150390625,17861.5,18046.349609375,289600,0.002421538789636407,0.010998965441382976,0.03382673795840772,0.05981805885097313,0.008556706255637021,0.022579422232206308,0.02514088670592217,56.455883719624026,59.79259857517382,59.9283026150572,0.0,1.1884133370663506,1.1792820952398824,1.1863170038050346,0.006487875660406809,0.13239805984664066,0.3110936361349845,-0.0076282025968651985,-0.00668227231660728,-0.008266382817863816,-0.00479782923080869,-0.008746095825366791,-0.004129207290668756,-0.00813236568188097,0.001199998374324003,-5.236827266971154,-1.9442039258291857,0.0,0.0,0.018455833194562343,-0.021966796057307336,0.00016002459943501805,0.000302722450965711
2022-09-16,17530.849609375,17820.05078125,17497.25,17796.80078125,468500,-0.013960658958839892,-0.007823480479035238,0.013238367689621737,0.038867670108961416,0.00622407060688309,0.021227924420974906,0.025294445252581003,36.738333399321775,48.302887990151255,54.042570533374864,0.0,1.4032178249010807,1.2715849996995563,1.2554204260746185,0.0067010931120074155,1.5169584152032993,3.1697379429381463,-0.0163821977484763,-0.022996025082362277,-0.018822445920418214,-0.023953273607972947,-0.02058837026878598,-0.025107590650419474,-0.020950388742011716,-0.021168287946723513,-11.489710585022564,-14.265708749229901,0.0,0.0,0.09230290445967393,0.10224937122221167,0.00021321745160060666,0.0005871103558758852
2022-09-19,17622.25,17667.19921875,17429.69921875,17540.650390625,258300,-0.0072277551034733885,-0.002410199927734284,0.01778184501147856,0.04382405529429271,0.0048526287882284845,0.02024082938473321,0.025587222262272172,42.877110632207035,50.97844726773902,55.244800223007886,0.0,1.3862974663296752,1.270899614077621,1.2536146706336007,0.006932212632400351,-0.782406790919709,-0.48564192539540335,0.0067329038553665035,-0.019355818829308688,0.005413280551300954,-0.022369056998786545,0.004543477321856821,-0.024748379584674053,0.004956385185331293,-0.021632965408356526,2.675559277587766,-14.028872970645644,0.0,0.0,-0.0006853856219353194,0.13270281035873555,0.00023111952039293546,0.000869388210074153
2022-09-20,17816.25,17919.30078125,17744.400390625,17770.400390625,263100,0.0030264515876528186,0.007786728801082011,0.027818068403323442,0.0547347886289274,0.004745913934666757,0.019876566171963587,0.026188214678321498,53.94404849710185,56.16424044929052,57.681541947770604,0.0,1.4304222294715496,1.2863638433586178,1.2603135866907467,0.006841209359329197,-0.7409802078217734,-0.37897515125991027,0.010254206691126207,-0.013012002754643846,0.010196928728816295,-0.017206861587207793,0.010036223391844883,-0.020415634813705442,0.010910733334634694,-0.017880989833071,5.185793181551496,-11.76407533064527,0.0,0.0,0.015464229280996777,0.17722251201854688,-9.100327307115432e-05,0.0007839671142606149
2022-09-21,17718.349609375,17838.69921875,17663.599609375,17766.349609375,245500,-0.002034251721828244,0.0020440686806528687,0.021282279588442466,0.04842847734754731,0.0040866336440079165,0.019198966900846683,0.02658050404051292,48.42098074310415,53.11087382484264,56.083536150771664,0.0,1.348308434523586,1.2716691436804792,1.253989736499206,0.0068818471562656445,-0.6411749611095624,-0.6426049110342903,-0.005060703309481062,-0.01208399310832985,-0.0057426601204291425,-0.017221279578593922,-0.006535788814880976,-0.021290554195332042,-0.006306311281380095,-0.019521947185306796,-3.053366624447875,-11.918552017302332,0.0,0.0,-0.014694699678138523,0.11084288163515921,4.0637796936447874e-05,0.0005539960952938537
2022-09-22,17629.80078125,17722.75,17532.44921875,17609.650390625,284100,-0.005752340857133169,-0.0026950209983253245,0.015534041807015104,0.0427407671491444,0.003075008355004362,0.01827832327036825,0.026790559668209982,43.69969365647026,50.43986071561247,54.66307867290038,0.0,1.2999497889222014,1.2638685005698413,1.2516756767003143,0.0068492144946799725,-0.21276870424187844,0.0017245948003298131,-0.003718089135304925,-0.008173879646769576,-0.004739089678978193,-0.013693986439708301,-0.005748237781427362,-0.01829269615139261,-0.005687710198402911,-0.017077291701828735,-2.6710131092301737,-9.352737859561351,0.0,0.0,-0.007800643110637884,0.08458640532995898,-3.2632661585671983e-05,0.0003613388342731637
2022-09-23,17327.349609375,17642.150390625,17291.650390625,17593.849609375,390800,-0.018739898567629688,-0.018036530637552506,-0.0018142223566559442,0.02459847832840891,0.0007168007025359112,0.01652027675879746,0.02646070628998906,31.47147555076893,42.56562021202177,50.1627816297312,0.0,1.4626752050843679,1.3385640774512022,1.3092043096712451,0.007169122229807354,1.7383478573963567,1.6145587567662232,-0.01298755771049652,-0.004779239608789796,-0.015341509639227181,-0.010213050158517268,-0.017348264163671048,-0.01505259004627768,-0.018142288820735486,-0.014269191780552505,-7.874240503590698,-5.737267778129485,0.0,0.0,0.07469557688136086,0.06697907775164591,0.0003199077351273812,0.0004680291177999382
2022-09-26,17016.30078125,17196.400390625,16978.30078125,17156.30078125,492000,-0.02994276882120446,-0.03252734417457824,-0.018973816957214593,0.006143454948146842,-0.002664353473488418,0.01400920959962444,0.025603059673144316,23.561054571260613,36.290947411008496,46.11380203189457,0.0,1.6017819987821507,1.4121915375500151,1.3673323198938003,0.007148885269044284,1.5039809797245272,2.503958642342136,-0.011202870253574772,-0.02271501371773107,-0.014490813537025735,-0.030117144246843957,-0.017159594600558648,-0.03675566196869315,-0.01845502338026207,-0.03768060034614587,-6.274672801013274,-14.687499856730525,0.0,0.0,0.07362746009881294,0.14129192347239417,-2.023696076306966e-05,0.0002166726366439331
2022-09-27,17007.400390625,17176.44921875,16942.349609375,17110.900390625,359900,-0.025052465985744444,-0.030120800692677033,-0.018737068426768887,0.0055609874940674466,-0.005198571748844982,0.011737268181478976,0.024762023652396558,23.365000630617672,36.12684034553549,46.003614944744335,0.0,1.5573876666016297,1.4103253405354383,1.3684483285894384,0.00728009712017542,0.05649356783467065,0.6774863193860869,0.004890302835460016,-0.028078917573397262,0.002406543481901207,-0.03790752949375904,0.00023674853044570662,-0.046555136830092325,-0.0005824674540793953,-0.04917380113485996,-0.16410706547300435,-20.037400103755026,0.0,0.0,-0.001866197014576798,0.12396149717682059,0.00013121185113113606,0.0004388877608462235
2022-09-28,16858.599609375,17037.599609375,16820.400390625,16870.55078125,323900,-0.02764535467349665,-0.035220382071185705,-0.026279006674125988,-0.0032047408464030186,-0.007790395648436958,0.00926779052013457,0.023696999434005973,20.10234972219206,33.40697761083341,44.17360671474309,0.0,1.5145787582648869,1.413172379680681,1.3761378421178103,0.007362829505030336,-0.5858027301790157,0.19840556138081125,-0.0025928886877522074,-0.025611102951668407,-0.005099581378508671,-0.037264450751838575,-0.007541938247357102,-0.047561286262568454,-0.008765728340470465,-0.05163321819395033,-2.719862734702083,-19.703896214009234,0.0,0.0,0.002847039145242647,0.14150323600020176,8.273238485491559e-05,0.0004809823487646912
2022-09-29,16818.099609375,17026.05078125,16788.599609375,16993.599609375,340000,-0.024664585080041646,-0.034242404720557444,-0.027526820584477744,-0.005543970446927668,-0.009820026520109302,0.006953695387854074,0.022605096575272394,19.248844699188652,32.685688883794256,43.68312942257521,0.0,1.4969565832175065,1.41623998717962,1.3809958892572127,0.007286187565540749,-0.6193582222388079,0.3902907290004953,0.002980769593455005,-0.018912244222908478,0.0009779773506282605,-0.03154738372223212,-0.0012478139103517562,-0.04306086239149285,-0.0023392296005246495,-0.04828473759607207,-0.7212887270391519,-17.754171831818212,0.0,0.0,0.0030676074989390845,0.15237148660977873,-7.664193948958651e-05,0.00043697307086077667
2022-09-30,17094.349609375,17187.099609375,16747.69921875,16798.05078125,376100,-0.007083466415913134,-0.016736241685595787,-0.011105177652998878,0.010682204297213536,-0.0097216381671473,0.005726910999191271,0.022032051799506,39.64213072237066,41.900314357277956,47.78421986391695,0.0,1.6923006967521026,1.4774309072854437,1.416381600867453,0.007723690108231057,-0.03427766562790896,0.7875159802655242,0.017581118664128512,0.011656432151716554,0.017506163034961657,0.0013002889519567185,0.016421642931478866,-0.009290955296342933,0.016226174744141203,-0.013916274031195375,9.2146254734837,-0.6653058547438135,0.0,0.0,0.06119092010582361,0.13886682983424148,0.0004375025426903078,0.0005545678784237033
2022-10-03,16887.349609375,17114.650390625,16855.55078125,17102.099609375,278400,-0.015687461538417956,-0.026106927472056243,-0.022194958424901528,-0.0015409509481983585,-0.010585525965079397,0.0040168363011355845,0.021122827760667543,32.47287522344553,37.73223866307174,45.22503270160891,0.0,1.677291975725478,1.498308053146321,1.4385307515987587,0.007765443440358479,-1.5223647045446302,-0.5526300411605216,-0.008603995122504822,0.014255307282786504,-0.009370685786460456,0.006420416702521997,-0.01108978077190265,-0.0032211414676869346,-0.012223155245411895,-0.0076844058963452,-4.168075694206216,1.4412912520632446,0.0,0.0,0.02087714586087741,0.08611651559630595,4.1753332127422195e-05,0.0006165581713141952
2022-10-04,17274.30078125,17287.30078125,17117.30078125,17147.44921875,226000,0.0056112460449865165,-0.003447972154605105,0.000201901908116075,0.021120614421420388,-0.009008668344970312,0.0036625022685593503,0.020914489837898766,51.573032821651566,48.12133178313849,50.37708119607675,0.0,1.774835150701934,1.5254989675441315,1.4495922732637259,0.007804366472200621,-1.4260694756647776,-1.225264948137796,0.02129870758340447,0.030663712030730962,0.02265895531745114,0.02667282853807193,0.022396860333017604,0.018938970334884963,0.022661565369618747,0.015559626927352941,10.389093120066747,11.994491437602996,0.0,0.0,0.027190914397810406,0.11517362700869316,3.8923031842141506e-05,0.0005242693520252006
2022-10-06,17331.80078125,17428.80078125,17315.650390625,17379.25,265500,0.0073178179872874045,-0.0001189151330108512,0.003392269203924979,0.024269664620525943,-0.007382707808303763,0.003511601919545174,0.020806813105272128,53.8367071221548,49.47046867665377,51.08606507846763,0.0,1.5934425587308478,1.47550847060067,1.4184327171236275,0.007712844653588421,-0.5267841587390849,-0.6354053908556053,0.001706571942300888,0.03496317266078405,0.0033290570215942536,0.035101466938174855,0.0031903672958089042,0.02967127587805097,0.0031490501991055554,0.02747440546692896,1.3491368935152863,16.063491065820365,0.0,0.0,-0.04999049694346147,0.06233609091998904,-9.152181861219952e-05,0.0003500151485580855
2022-10-07,17314.650390625,17337.349609375,17216.94921875,17287.19921875,216300,0.00516582601070366,-0.0010076747729331295,0.002305069138326733,0.02301938496091379,-0.006141773450593862,0.003316085446909604,0.020666677701625294,52.97501774145422,49.06065036868671,50.86129324199507,0.0,1.4150901373785238,1.4211412074915255,1.3853390961226124,0.007688777295599712,-0.8841778134999985,-1.2029259121035198,-0.0021519919765837442,0.029830411090745308,-0.0008887596399222783,0.03323472994762432,-0.001087200065598246,0.029831889722804476,-0.001250279659612153,0.028563355407841457,-0.40981830796706475,16.374961484892452,0.0,0.0,-0.054367263109144526,0.00490122031190543,-2.4067357988709e-05,0.000402589730058963
2022-10-10,17241.0,17280.150390625,17064.69921875,17094.349609375,234000,0.0007282329655928006,-0.004781407204228563,-0.0018817268854305097,0.018478640930022064,-0.00550563078798517,0.002913611481727107,0.02039875269683145,49.04231565681847,47.25040843981647,49.88384301661262,0.0,1.4268578526445403,1.4288218213728217,1.394042328845276,0.0077884779172396655,-0.37700083072289803,-0.9360693333894099,-0.00443759304511086,0.0078116993815059346,-0.003773732431295434,0.011954834481367225,-0.004186796023757243,0.009223450767568368,-0.004540744030891726,0.007796436632808528,-1.8102419288702407,5.3500940825385115,0.0,0.0,0.00768061388129615,-0.04860908591262203,9.970062163995336e-05,6.478780900860855e-05
2022-10-11,16983.55078125,17261.80078125,16950.30078125,17256.05078125,282600,-0.011660612014820059,-0.017888663832143332,-0.01613835993904904,0.0032376816537320907,-0.006301531531612561,0.0017821847978294154,0.019693868328458028,37.64524221836962,41.48773218550044,46.6349909259028,0.0,1.5256153041071308,1.4778842936059358,1.4351244146118929,0.007930884222275864,1.3463642860793643,-0.36721915882261,-0.01238884498041286,0.004026849523597897,-0.01310725662791477,0.00821826363991291,-0.014256633053618531,0.0060565984858524866,-0.015240959276289974,0.00477863260193045,-5.762676254316027,3.7554935224287007,0.0,0.0,0.04906247223311411,-0.020423759540385333,0.000142406305036198,0.00016544078191738434
2022-10-12,17123.599609375,17142.349609375,16960.05078125,17025.55078125,256000,-0.0028741614706643075,-0.008907956301146581,-0.007713003871288281,0.011394687732809508,-0.0060511869187760085,0.0012056926876323423,0.019256214863889325,45.65977969005375,45.38955005852531,48.52619534551697,0.0,1.4234313526648814,1.4371405921499698,1.4063021399817668,0.008032073053754288,0.1960970607673681,-0.7071196776709419,0.008786450544155751,-0.008485407515650824,0.008980707530996751,-0.005459984146541476,0.00842535606776076,-0.007914905779404355,0.008157006079077418,-0.00972592668861088,3.901817873024868,-2.731781724613178,0.0,0.0,-0.04074370145596595,-0.08835837539416169,0.00010118883147842463,0.00022770658155366746
2022-10-13,17014.349609375,17112.349609375,16956.94921875,17087.349609375,266400,-0.007569362776993133,-0.013865750707127434,-0.013500573028079547,0.004892491135267569,-0.0063444110791991346,0.00037031233760489074,0.01864477936880814,40.878022676014574,42.98169547258465,47.17375363969318,0.0,1.3419509520064643,1.4130186236096334,1.394576723540192,0.008112195930855982,0.5846416997420317,-0.5123153558147306,-0.004695201306328825,-0.014887180764280538,-0.004957794405980853,-0.013746835574116583,-0.005787569156791267,-0.016892842232004525,-0.006502196597541939,-0.019377173485258373,-2.4078545859406617,-6.488773204069126,0.0,0.0,-0.024121968540336436,-0.06248984699103666,8.012287710169354e-05,0.0003993512772675605
2022-10-14,17185.69921875,17348.55078125,17169.75,17322.30078125,227000,0.001983457659907147,-0.0035781008459978333,-0.0034262975551908018,0.014861051320736852,-0.005550549226524937,0.00015234840877736413,0.018350222197379744,50.385600590131936,47.67055144418728,49.464589893004806,0.0,1.4517862348676673,1.4379099242024223,1.407528071948932,0.007919502167092375,-1.1430481450981222,-0.9591318276603441,0.00955282043690028,-0.0031823683507965135,0.010287649861129601,-0.002570426073064704,0.010074275472888746,-0.005731366693517535,0.009968560185469284,-0.008158333640176938,4.688855971602635,-1.3900989244994264,0.0,0.0,0.02489130059278888,0.016768716710896747,-0.0001926937637636069,0.00023072487149266262
2022-10-17,17311.80078125,17328.55078125,17098.55078125,17144.80078125,212200,0.00762527388495451,0.003392695379076151,0.0037331817337320243,0.022080814335615862,-0.004200548175572671,0.0003393350940503301,0.01827939230841434,56.40486118976785,50.87239576383436,51.08353085948575,0.0,1.4186836805842948,1.4203743831937707,1.3940039215169293,0.007925437964796214,-1.2720167384299679,-1.0940625333396847,0.005641816225047364,0.006897040919361709,0.006970796225073984,0.008174102583304714,0.0071594792889228265,0.005614908619162534,0.00721976301487901,0.0036021734055937983,3.20184431964708,3.621987324017894,0.0,0.0,-0.017535541008651512,-0.008447438179050915,5.935797703839063e-06,0.00013696004755654832
2022-10-18,17486.94921875,17527.80078125,17434.05078125,17438.75,239500,0.014532675045092858,0.012297863199875879,0.01333633705946715,0.032088544321712736,-0.0022027992791041934,0.0010258579982660955,0.01850541283919746,63.567278357277125,54.99164158397704,53.241170517135906,0.0,1.3706207469402107,1.393937903418321,1.3731447521064426,0.007718208309188058,-0.033081095821382724,-0.6909797089205952,0.006907401160138348,0.026193287059912918,0.008905167820799729,0.03018652703201921,0.009603155325735125,0.02947469699851619,0.010007729986096874,0.028850862667980644,4.11924582014268,13.503909398476601,0.0,0.0,-0.026436479775449717,-0.08394639018761474,-0.00020722965560815605,-0.00021267591308780573
2022-10-19,17512.25,17607.599609375,17472.849609375,17568.150390625,210500,0.013053375674404155,0.012495724456466451,0.01421373054457517,0.0332365559032126,-0.0005504657812985099,0.0016968033015951629,0.018756229368363273,64.54885951449737,55.57116290368903,53.548107456844406,0.0,1.2488047121259076,1.3474623979751779,1.3425085460628399,0.007538175356470778,-0.8967277219907713,-1.0313904789916,-0.0014792993706887036,0.015927537145068463,0.00019786125659057227,0.021403680757613033,0.0008773934851080203,0.02192673441586345,0.0011480115814998665,0.021841868170403095,0.5795213197119864,10.18161284516372,0.0,0.0,-0.04647550544314316,-0.08967819417479195,-0.00018003295271728018,-0.0004938976972835105
2022-10-20,17563.94921875,17584.150390625,17421.0,17423.099609375,249600,0.013088798090700033,0.014057291950962754,0.01652189893331686,0.035912820579627996,0.0009559812151590031,0.0024304415558339953,0.019075753967188427,66.68842971732492,56.795332649183194,54.18539262729749,0.0,1.1818818085787484,1.3138816901311716,1.3190491140441452,0.0074519788216386345,1.2850327402074715,-0.5031824409777947,3.542241629587821e-05,0.020658160867693166,0.001561567494496303,0.02792304265809019,0.002308168388741691,0.03002247196139641,0.0026762646764153936,0.031020329444360426,1.2241697454941658,13.813637176598547,0.0,0.0,-0.03358070784400624,-0.09913693347846175,-8.619653483214317e-05,-0.0006602171092173472
2022-10-21,17576.30078125,17670.150390625,17520.75,17622.849609375,277700,0.011263656588967318,0.01340964064406819,0.016549613709631615,0.036263498016058916,0.0021220816560731165,0.003098424309016668,0.019392938662862343,67.23953066050613,57.09946457492905,54.34059303347794,0.0,1.1148430896310415,1.2798906635132743,1.295831131165916,0.0074120019883818075,1.421714212353225,-0.1160164267043672,-0.001825141501732715,0.00928019892906017,-0.0006476513068945644,0.016987741490066023,2.7714776314753664e-05,0.019975911264822416,0.0003506774364309198,0.021402446695322062,0.3041319257458568,9.428913130741769,0.0,0.0,-0.033991026617897324,-0.15801926068914796,-3.997683325682698e-05,-0.0005075001787105673
2022-10-24,17730.75,17777.55078125,17707.400390625,17736.349609375,45000,0.016426176542038692,0.020245141471224932,0.024458645974172594,0.044897808141628054,0.003757247714908973,0.004129894210396983,0.019951183239826694,73.60899113056152,60.81404902169315,56.2619428996362,0.0,1.1111122752169305,1.2591912053405938,1.2774238848210062,0.00724963874155058,-1.7272134551253961,-2.5745388011989783,0.005162519953071374,0.008800902657084182,0.006835500827156742,0.016852446092148782,0.00790903226454098,0.02072546424044057,0.008634310125569138,0.02281699380601219,3.7145844467641,9.941653257858789,0.0,0.0,-0.020699458172680485,-0.16118317785317693,-0.00016236324683122777,-0.0006757992232456341
2022-10-25,17656.349609375,17811.5,17637.0,17808.30078125,251400,0.009928061963370927,0.014491757835621606,0.019354007496327586,0.040094009536252924,0.0045188326219775836,0.004792793655691596,0.020346221123773878,66.35822975009441,58.199821632712634,55.10359271952682,0.0,1.090298029034299,1.2447697483201716,1.2687831892230008,0.006943476201249345,0.476089488465584,-0.07930170924668946,-0.006498114578667766,-0.004604613081721932,-0.005753383635603326,0.002193894635745727,-0.005104638477845008,0.006017670436860436,-0.00480379860537513,0.008005465214540188,-2.6142273889805168,3.208180048735592,0.0,0.0,-0.01442145702042219,-0.1491681550981494,-0.00030616254030123476,-0.0007747321079387129
2022-10-27,17736.94921875,17783.900390625,17654.5,17771.400390625,324600,0.011863605604477665,0.017354211912991118,0.023044108137044224,0.04437595434491472,0.0054262316364599526,0.005592836946488929,0.02085134554629871,70.08281550613236,60.19604034616176,56.118573618725726,0.0,1.0141853671609822,1.2027161232459378,1.2376145378392764,0.006838740275884198,0.8825330519230641,1.036704836588668,0.0019355436411067385,-0.0011897700699264897,0.0028624540773695122,0.004858487456524667,0.0036901006407166377,0.008830377592469053,0.004281944808661793,0.011139398441702114,1.9962187134491245,4.62487744247273,0.0,0.0,-0.042053625074233825,-0.14474627472924007,-0.00010473592536514725,-0.0006994350805865799
2022-10-28,17786.80078125,17838.900390625,17723.69921875,17756.400390625,250000,0.012001361045693599,0.018342287856927757,0.02487774403793339,0.046818483621947765,0.006265729528942652,0.0064177401438953435,0.0214081530325458,72.29607845492212,61.42316067573086,56.74578626652702,0.0,0.9386098786064927,1.1599404250594239,1.2062187946728096,0.006626262095482328,0.18829802982817526,-0.02214627895066785,0.0001377554412159334,-0.0010874370450064345,0.0009880759439366386,0.0042849959059650024,0.0018336359008891655,0.008355845104616528,0.002442529277033048,0.010905663042319769,1.2271203295691038,4.627828026547668,0.0,0.0,-0.042775698186513944,-0.15394126507174777,-0.00021247818040186998,-0.0008257167261563067
2022-10-31,18012.19921875,18022.80078125,17899.900390625,17910.19921875,227200,0.02022064515755633,0.028325860235902264,0.03632637848088461,0.05945061519684738,0.007944570732632267,0.007780139111883265,0.022313662178376464,80.07255451789871,66.4582119098189,59.462579427997696,0.0,1.003536176684813,1.1571966025380152,1.1967959484175772,0.0063654329860453164,0.07249209153818449,-0.30123496507011704,0.008219284111862733,0.008956988568589013,0.009983572378974508,0.014916219591834074,0.01144863444295122,0.019776764771252994,0.012632131574899612,0.02318711718078846,5.035051234088037,9.358747334889848,0.0,0.0,-0.002743822521408701,-0.12269406097525914,-0.0002608291094370113,-0.001046569002336491
2022-11-01,18145.400390625,18175.80078125,18060.150390625,18130.69921875,349900,0.022602902773131497,0.03255763986343681,0.042192180771277364,0.06657123351066323,0.009734704510724246,0.00933075359271449,0.02339208947177485,83.3037576743564,69.03068411858794,60.96514067558416,0.0,0.9772584621112819,1.1310527921552536,1.1743726405755186,0.0062259757723592485,1.298927495484843,1.784940707314736,0.002382257615575166,0.006176726231092805,0.004231779627534543,0.012312498392211876,0.005865802290392755,0.01773353479710477,0.0071206183138158505,0.021673425369035174,2.5724722087690424,8.216635096894791,0.0,0.0,-0.02614381038276159,-0.12813841318534025,-0.00013945721368606792,-0.0010236629691913312
2022-11-02,18082.849609375,18178.75,18048.650390625,18177.900390625,270900,0.015555143703253343,0.026292695911031234,0.03702977871810846,0.06222979082017883,0.010573086330519753,0.01046200840155645,0.02430018174909168,76.50723710400483,66.45323566377542,59.884186735558885,0.0,0.9284039525996348,1.1052865879537976,1.1565791840014426,0.005398138378468001,-0.2652841128651101,0.4551248395451819,-0.007047759069878154,0.0056270817398824165,-0.006264943952405573,0.011800938075409629,-0.005162402053168903,0.017675771221780875,-0.0043414426904844,0.022135781283925904,-2.577448454812526,8.253414031062782,0.0,0.0,-0.025766204201455922,-0.13948316036637398,-0.0008278373938912474,-0.0015453378227813439
2022-11-03,18052.69921875,18106.30078125,17959.19921875,17968.349609375,213000,0.011313009671379118,0.02229700014059697,0.033869462249287566,0.05982111875788353,0.010861118530243217,0.011320058756994327,0.025101482785007997,73.1510245961015,65.18974515796589,59.358096734233946,0.0,0.9069326582631934,1.0862548974426216,1.1421457966872237,0.005264734615042476,-0.9151425697989142,-0.5151884221924449,-0.004242134031874225,-0.0005505959330985473,-0.0039956957704342655,0.004942788227605851,-0.003160316468820895,0.010825354112243342,-0.0024086720622952945,0.015445164412968816,-1.2634905058095285,4.993704811804129,0.0,0.0,-0.019031690511176036,-0.11646122580331619,-0.00013340376342552487,-0.0015740056608417215
2022-11-04,18117.150390625,18135.099609375,18017.150390625,18053.400390625,267900,0.01217715013902699,0.023532466528184515,0.03603450984164326,0.06293214544575804,0.011218704539613268,0.012214603563935394,0.025962103915077164,75.79873050955385,66.6495026864783,60.134482282232675,0.0,0.8531722723915754,1.05157955829425,1.114889965113295,0.005213116676426747,0.03974432364287729,0.4108430239685361,0.0008641404676478729,0.0001757890933333922,0.0012354663875875464,0.005190178671256759,0.0021650475923556955,0.011156765803709872,0.0031110266878745033,0.01611366182381027,1.4597575285124123,5.226342010747437,0.0,0.0,-0.03467533914837162,-0.10836086676517387,-5.161793861572887e-05,-0.0014131454190555804
2022-11-07,18202.80078125,18255.5,18064.75,18211.75,314800,0.013835579761640307,0.025725742935654945,0.03926423139368049,0.0672355931456677,0.011727900866144485,0.013198936022876858,0.02691458140003229,79.00822420491701,68.53769928865299,61.15708746301432,0.0,0.8889093765774008,1.0467232420313504,1.106704581247711,0.005378335858284954,0.6073203952831104,1.0890858725468078,0.0016584296226133163,-0.0063850653959160245,0.00219327640747043,-0.002600117300247319,0.0032297215520372263,0.0029378529127958783,0.00430344769990966,0.007784977948820319,1.8881966021746877,2.079487378834088,0.0,0.0,-0.004856316262899618,-0.11047336050666479,0.00016521918185820675,-0.0009870971277603623
2022-11-09,18157.0,18296.400390625,18117.5,18288.25,307200,0.00921397290970871,0.0209966161315755,0.03516153539555135,0.06386696725443386,0.011675069448251632,0.013873620186563303,0.02773038881116629,72.97097817098805,66.37364193328176,60.29933707534159,0.0,0.909980726333582,1.0447874077841304,1.1035819830354705,0.005400097814964221,0.8027753028167223,0.8856280884804604,-0.004621606851931597,-0.013388929863422787,-0.0047291268040794456,-0.011561023731861308,-0.004102695998129138,-0.007030645375726015,-0.003368625891233837,-0.002704266256229368,-2.1640573553712272,-2.6570421853061816,0.0,0.0,-0.0019358342472199919,-0.08626538437112319,2.1761956679266538e-05,-0.0008258779573950279
2022-11-10,18028.19921875,18103.099609375,17969.400390625,18044.349609375,256500,0.0016806421278570667,0.01248797281531356,0.026698340535119956,0.055728556447600504,0.010789197906928323,0.014035097800019485,0.028275312003864607,58.3439848570855,60.58064336634365,57.929839166829375,0.0,0.9413035667079626,1.051418796893466,1.1080913458772375,0.005296127413487068,-0.37277679810258924,0.09127464232823712,-0.007533330781851644,-0.013874501575396277,-0.00850864331626194,-0.013804723095717675,-0.008463194860431393,-0.010331438182988505,-0.008138410806833356,-0.006501234372578324,-5.79299856693811,-5.8725922974317655,0.0,0.0,0.006631389109335695,-0.05386779106033157,-0.00010397040147715284,-0.0001020109649809333
2022-11-11,18349.69921875,18362.30078125,18259.349609375,18272.349609375,378500,0.015933751575854613,0.02769024507840927,0.043166435840467296,0.07375898263715945,0.011572106433434953,0.015059197882020613,0.02932662108903464,73.6975752742077,68.07152747932868,61.81406090791019,0.0,1.1039983592780034,1.0892650097408212,1.1235372614213912,0.005023782964059915,1.5303563949704306,1.7861483380563465,0.014253109447997547,0.004620741904475496,0.015202272263095711,0.005393244937812302,0.01646809530534734,0.00929697359117973,0.018030426189558947,0.013937863879275918,7.490884112985029,2.8817823213627918,0.0,0.0,0.03784621284735512,0.0030101122981995854,-0.0002723444494271525,-0.00024095165098256092
2022-11-14,18329.150390625,18399.44921875,18311.400390625,18376.400390625,301400,0.012073389758537018,0.024068649138148282,0.04028491152503438,0.07178275889877621,0.011852163589117901,0.01583513214717942,0.03027809691824396,71.72622819427016,67.19263452734944,61.43807824907113,0.0,0.9802640299293887,1.0469068823802334,1.0941101495502026,0.004852767682927024,-0.2351407447984956,0.6206857724599525,-0.003860361817317595,-0.00010376038048997248,-0.003621595940260989,0.0005361826099637666,-0.0028815243154329193,0.004250401683391115,-0.0019762237383832426,0.008850613453018172,-0.878892951979239,0.5431318408711405,0.0,0.0,-0.04235812736058775,-0.004672675914016544,-0.00017101528113289133,-0.0003603489934997234
2022-11-15,18403.400390625,18427.94921875,18282.0,18362.75,250900,0.013193838898267935,0.025586251599254515,0.04267948876905052,0.07530996817610142,0.012231038351419418,0.016666796325654286,0.03129483197715268,74.59137717413361,68.7620815288248,62.29739942040712,0.0,0.939658403861387,1.0248525282905694,1.0755701522862002,0.0048291278263132365,-0.9362819727615289,-0.1321751225223942,0.0011204491397309169,-0.0006417408633723719,0.001517602461106233,-0.00013949133640043035,0.0023945772440161425,0.0034152573753700316,0.003527209277325208,0.00807437503043372,1.5694470014753534,0.2243822401718063,0.0,0.0,-0.022054354089664052,-0.021870713740780978,-2.3639856613787494e-05,-0.0005492080319717176
2022-11-16,18409.650390625,18442.150390625,18344.150390625,18398.25,219300,0.011049291666338331,0.023521409459319697,0.041276344789061566,0.07486579586882228,0.012335815766633616,0.017346911521001797,0.03225796038472876,74.84174260611552,68.89696115804009,62.37059788766059,0.0,0.8579374151170484,0.9893492312171693,1.0493537863917608,0.004752573135915967,-1.0049393316835082,-0.6017911303024019,-0.002144547231929604,0.0018353187566296208,-0.002064842139934818,0.0025247933277441972,-0.0014031439799889536,0.006114809393510216,-0.00044417230727913926,0.010998828614388417,0.13487962921529117,2.5233192247583247,0.0,0.0,-0.03550329707340005,-0.05543817656696104,-7.655469039726925e-05,-0.0006475246790482534
2022-11-17,18343.900390625,18417.599609375,18312.94921875,18358.69921875,200500,0.0060776890135313425,0.018027357686643087,0.036031521002801874,0.07027051839674503,0.011877481037104112,0.017685343306560342,0.03304821976922318,66.76718338460628,65.68386728191422,61.076944326923595,0.0,0.802908312536431,0.9627236488495873,1.030132911662626,0.0045635139553049375,-0.9719329657551578,-0.8347767857340662,-0.0049716026528069885,0.004397046885674276,-0.00549405177267661,0.005539384871329527,-0.005244823786259692,0.009333180467681917,-0.004595277472077247,0.014541961949144526,-3.2130938761258676,5.103223915570567,0.0,0.0,-0.026625582367582057,-0.08869514804387879,-0.0001890591806110297,-0.0007326134581821303
2022-11-18,18307.650390625,18394.599609375,18209.80078125,18382.94921875,198800,0.003343505266730379,0.014538468431834,0.032608013952982046,0.06743162662958156,0.011157657478559683,0.01781060657963816,0.03372394190830398,62.43448450535815,63.91409682571613,60.36112743138524,0.0,0.845480021663777,0.9678282999426678,1.0310885776404577,0.00473270906891794,-0.8222578924262095,-0.8451005009094129,-0.0027341837468009634,-0.012590246309124234,-0.0034888892548090873,-0.013151776646575271,-0.003423507049819828,-0.01055842188748525,-0.002838891767163468,-0.006327356007577889,-1.7697704561980885,-4.1574306536125505,0.0,0.0,0.005104651093080559,-0.12143670979815335,0.00016919511361300228,-0.0002910738951419755
2022-11-21,18159.94921875,18262.30078125,18133.349609375,18246.400390625,213800,-0.0038907054509462885,0.005772526287585566,0.023302978711285408,0.05820054138430607,0.00970097537630795,0.017429838224361352,0.03410286435105419,47.715505131392796,57.156608686469326,57.51299096295878,0.0,0.8738470329926998,0.9745648952771919,1.035681158501223,0.004686234987502512,-0.13604971749551908,-0.5986182111001388,-0.007234210717676668,-0.015964095209483307,-0.008765942144248435,-0.018296122850562715,-0.009305035241696638,-0.01698193281374897,-0.009231085245275494,-0.01358221751447014,-6.757488139246803,-10.036025840880114,0.0,0.0,0.006736595334524087,-0.07234198710304152,-4.647408141542769e-05,-0.00016653269542451186
2022-11-22,18244.19921875,18261.849609375,18137.69921875,18179.150390625,177700,0.0005976633314107604,0.009480673241639155,0.026920789331704914,0.06244271256357764,0.008877704032061314,0.017276324898883054,0.03459071390987179,54.805861117826545,59.769462559984376,58.666667626175474,0.0,0.8319478331602083,0.9493807290547311,1.014212476674625,0.004685906086482661,-1.507170070120157,-1.0128317172082475,0.0044883687823570485,-0.012596175566857175,0.0037081469540535894,-0.01610557835761536,0.0036178106204195065,-0.015758699437345605,0.004242171179271573,-0.012867255612523776,2.61285387351505,-8.992618968840418,0.0,0.0,-0.02518416622246078,-0.07547179923583824,-3.289010198507039e-07,-0.00014322173983057507
2022-11-23,18267.25,18325.400390625,18246.0,18325.19921875,178800,0.0015228380270714858,0.009768729473337687,0.027081693699191948,0.06311033246216327,0.008233353382644791,0.017145474721606935,0.03507864952125538,56.68101091146751,60.47961706865544,58.98268082915499,0.0,0.753621976144509,0.912206670433294,0.9858653019536626,0.004542491719062997,-0.9790417818720811,-1.3881546927869546,0.0009251746956607254,-0.009526453639266845,0.00028805623169853196,-0.01375267998598201,0.00016090436748703377,-0.014194651089869618,0.0006676198985856308,-0.011755463406659006,0.7101545086710672,-8.417344089384642,0.0,0.0,-0.03717405862143719,-0.07714256078387538,-0.0001434143674196647,-0.00021008141685297053
2022-11-24,18484.099609375,18529.69921875,18294.25,18326.099609375,204000,0.010946650821943656,0.019738818537625574,0.037675940047341504,0.07492046967032599,0.008696965075786642,0.017589917323574067,0.03589225516907069,70.23526570060082,66.47507672709301,61.829744235959254,0.0,0.8797975315893951,0.9385306518796972,0.9955168387543629,0.004775130395841584,0.5903318676241646,-0.8833807326927836,0.00942381279487217,0.004868961808412313,0.009970089064287887,0.0017114608509824873,0.010594246348149556,0.00164441904453963,0.011810137208162722,0.004649951273580963,5.995459658437568,0.7912094451787937,0.0,0.0,0.026323981446403244,-0.02419299696989008,0.00023263867677858745,0.00021161644053664663
2022-11-25,18512.75,18534.900390625,18445.099609375,18528.44921875,205900,0.010215174852308924,0.01934379623800524,0.037685720242174495,0.07576680427317317,0.00903631385960016,0.01799385454825157,0.03669809007500974,71.60476403093875,67.18343193102997,62.18933649686268,0.0,0.7997638272533525,0.9047922603547273,0.9697427997356136,0.004732141076374846,0.5920101683331043,-0.7670361919854762,-0.0007314759696347324,0.006871669585578544,-0.00039502229962033383,0.004805327806171241,9.780194832990918e-06,0.005077706289192449,0.0008463346028471791,0.00833517764359161,0.7083552039369607,3.269335105313843,0.0,0.0,-0.033738391524969935,-0.06303603958794057,-4.298931946673801e-05,-5.679925430936497e-07
2022-11-28,18562.75,18614.25,18365.599609375,18430.55078125,206500,0.01056535853682295,0.020047802437686075,0.038838898922706436,0.07782854607994644,0.009383305909666805,0.01842178027354585,0.037531947636609414,74.03697393560722,68.43682730608525,62.823193181827065,0.0,0.9059902248798052,0.9335806809526979,0.9848632069181292,0.004955696384554518,0.7978162798187945,-0.7080099545134547,0.00035018368451402576,0.014456063987769238,0.0007040061996808344,0.014275276150100508,0.001153178680531941,0.015535920211421028,0.002061741806773265,0.01962800469564037,1.2533953750552769,11.280218619615923,0.0,0.0,0.0287884205979706,-0.04098421432449406,0.00022355530817967217,0.0002694613970520062
2022-11-29,18618.05078125,18678.099609375,18552.150390625,18552.44921875,195300,0.011080254127119746,0.02094391040063949,0.040223126079648994,0.08016852521752194,0.009755562165572287,0.01888371680618962,0.03840079895975545,76.6209606939663,69.8102384154632,63.52454040031824,0.0,0.857937310419005,0.9126421253360806,0.9673927436472692,0.004947133506638843,-0.23953945150468903,-0.8599673910186791,0.0005148955902967971,0.010482590795708987,0.0008961079629534151,0.011463237159000335,0.001384227156942558,0.01330233674794408,0.0023399791375754986,0.017725812653944295,1.3734111093779546,10.040775855478827,0.0,0.0,-0.020938555616617283,-0.036738603718650564,-8.562877915675206e-06,0.0002612274201561817
2022-11-30,18758.349609375,18816.05078125,18616.55078125,18625.69921875,345600,0.015247656896748743,0.025966372562572816,0.04609021848826074,0.08735283519191601,0.010557734945764247,0.019614527789467668,0.03944460618634331,81.94084290667664,73.01799617475643,65.2493492805852,0.0,0.893921729746819,0.9170812375947015,0.965079684385434,0.005072614955191964,1.7844260478663745,1.7261038315841482,0.0041674027696289966,0.013724818869677257,0.005022462161933326,0.01619764308923513,0.005867092408611746,0.019008524789068792,0.007184309974394079,0.024242502729752743,3.20775775929323,12.53837910610099,0.0,0.0,0.004439112258620925,0.00487456716140755,0.00012548144855312107,0.0005301232361289675
2022-12-01,18812.5,18887.599609375,18778.19921875,18871.94921875,325000,0.01482424647448518,0.026229263414168494,0.04709342516739613,0.08951072294561592,0.011238415892509976,0.020330897292691233,0.04050956367282953,83.61927163436852,74.1592424066651,65.89485766928749,0.0,0.8504875515750939,0.8981987514950024,0.949194222210777,0.005039217103274681,0.9472595390692764,1.2709383418783335,-0.00042341042226356346,0.0038775956525415236,0.00026289085159567765,0.00649044487654292,0.0010032066791353933,0.00941748512005463,0.0021578877536999053,0.014590253275289927,1.1412462319086671,7.684165679572089,0.0,0.0,-0.018882486099699114,-0.04033190038469481,-3.339785191728336e-05,0.00026408670743309666
2022-12-02,18696.099609375,18781.94921875,18639.19921875,18752.400390625,254400,0.006980621880310322,0.01803974013756012,0.03895985961841843,0.08187847822999887,0.010982453899261118,0.020549413403087313,0.04130921730445225,67.81333711067242,67.5456133310978,63.27476529473172,0.0,0.8700131907752987,0.905444050742224,0.9537624782342883,0.0050882833295351395,-0.1612095421575556,0.07103199860723212,-0.007843624594174857,-0.0032345529719986013,-0.008189523276608372,-0.0013040561004451189,-0.008133565548977706,0.0012741393762439324,-0.007632244715617048,0.0061116739568257,-6.613629075567303,0.3621814000678256,0.0,0.0,0.007245299247221615,0.0006517903874967423,4.906622626045867e-05,0.00035614225316029334
2022-12-05,18701.05078125,18728.599609375,18591.349609375,18719.55078125,288400,0.005921801330162043,0.016617196620967212,0.03763846184328528,0.08128097110372416,0.01063243214001557,0.020677660472583546,0.04205945602952237,68.11245012105059,67.67765640935602,63.33906610342686,0.0,0.842609477151041,0.8929694488401552,0.9430531096053484,0.00509704168288959,0.11172691374606301,0.6158042518375618,-0.0010588205501482796,-0.004643557206660907,-0.0014225435165929091,-0.0034306058167188624,-0.001321397775133147,-0.0012004370794211558,-0.00059750712627471,0.003452425023777725,0.1320430782582207,-0.7591708967292305,0.0,0.0,-0.012474601902068838,-0.040611232112542694,8.758353354450937e-06,0.0001413452983350721
2022-12-06,18642.75,18654.900390625,18577.900390625,18600.650390625,217800,0.002278158569303391,0.012210416549507339,0.0330099129053922,0.07707508790346386,0.009909682152888273,0.02054858951836084,0.04265706886987768,60.40130564293011,64.35725345981442,62.01320906094185,0.0,0.8083117517142753,0.8789633280564424,0.9324107760655247,0.0050505395859254554,-1.3215143095677748,-0.4835971141777755,-0.0036436427608586516,-0.008802095557816355,-0.0044067800714598735,-0.008733493851132151,-0.004628548937893079,-0.007213213174256793,-0.004205883200260302,-0.0030934373140580756,-3.3204029495416023,-5.4529849556487875,0.0,0.0,-0.014006120783712772,-0.033678797279638184,-4.650209696413499e-05,0.00010340607928661233
2022-12-07,18560.5,18668.30078125,18528.400390625,18638.849609375,200500,-0.0017546981985012357,0.0070356307129057355,0.02730612665896426,0.07155201294860035,0.008805780398408456,0.020128876603609878,0.04306981642709938,50.91409233984822,59.89281901672631,60.17046833060934,0.0,0.8002656684850648,0.8736366233056958,0.9278384561489676,0.004889404956098478,-1.115303964476697,-0.6981171117077376,-0.004032856767804627,-0.01700235509524998,-0.005174785836601603,-0.01893074184966708,-0.0057037862464279394,-0.018784091829296478,-0.0055230749548635105,-0.015800822243315665,-4.464434443088109,-13.125177158030127,0.0,0.0,-0.0053267047507465914,-0.0434446142890057,-0.0001611346298269773,-0.00018320999909348604
2022-12-08,18609.349609375,18625.0,18536.94921875,18570.849609375,202800,0.0007138288896852014,0.008797762428718176,0.028799154733008713,0.07357777241471526,0.00807816710997417,0.019826959425580444,0.0435251307076816,55.731957439768465,61.59673046472551,60.886328290100174,0.0,0.7331626662578381,0.8429011907757032,0.9038671902810602,0.0047976570221886046,-0.7923700733023005,-0.6070704028330379,0.002468527088186437,-0.014110417584799978,0.0017621317158124407,-0.017431500985450318,0.0014930280740444515,-0.01829427043438742,0.0020257594661149125,-0.015932950530900658,1.7039114479992037,-12.56251194193959,0.0,0.0,-0.030735432529992557,-0.055297560719299144,-9.174793390987358e-05,-0.00024156008108607626
2022-12-09,18496.599609375,18664.69921875,18410.099609375,18662.400390625,215800,-0.0043809432566014155,0.0024409279457197563,0.021661778565671697,0.06636151394471587,0.006851888938963304,0.01917404814999005,0.04375198947130908,44.08121480204525,55.71338234027321,58.37502218306333,0.0,0.8653988747712197,0.8857841212152433,0.9316192975166196,0.0049749796608969735,-0.25562190240409144,-0.29679102577158467,-0.0050947721462866165,-0.011361565136911738,-0.0063568344829984195,-0.015598812191840365,-0.007137376167337017,-0.01729808105274673,-0.00721625846999939,-0.015516964285283,-5.883348124452297,-11.832230990824584,0.0,0.0,0.04288293043954006,-0.0196599295269807,0.0001773226387083689,-0.00011330366863816603
2022-12-12,18497.150390625,18521.55078125,18345.69921875,18402.150390625,193900,-0.0035629703248491666,0.002245657464422555,0.02082381219323464,0.06568924167338479,0.00582939776050414,0.018536528036262975,0.04395021838661561,44.14775733292524,55.73562406759453,58.383717792229,0.0,0.8824375699248451,0.8903961512859774,0.9325012651015038,0.0050995221800169115,-1.193541390909222,-0.6719359887382396,0.0008179729317522489,-0.00948477165501121,-0.0001952704812972013,-0.014371539156544658,-0.0008379663724370559,-0.01681464965005064,-0.0006722722713310841,-0.015591729430339374,0.022241727321315352,-11.94203234176149,0.0,0.0,0.0046120300707340744,-0.002573297554177789,0.00012454251911993806,2.4804971273210963e-06
2022-12-13,18608.0,18617.25,18490.19921875,18524.400390625,187600,0.0019697049620041266,0.007496112152522981,0.0258575542618621,0.07130738690334401,0.005515543197714169,0.0182248267639562,0.044304233519228256,56.345345181570124,60.080891730720495,60.12241567590833,0.0,0.8382996548790855,0.8706407683846248,0.9153190663657509,0.0051305652898766515,-1.1822004948114788,-0.7355707846186393,0.005532675286853294,-0.00030845360729926446,0.005250454688100426,-0.004714304396984358,0.005033742068627459,-0.007152358643530102,0.005618145229959223,-0.005767701000119849,4.345267663125966,-4.276361729093921,0.0,0.0,-0.01975538290135259,-0.008322559671817609,3.1043109859739924e-05,8.002570395119601e-05
2022-12-14,18660.30078125,18696.099609375,18632.900390625,18671.25,208000,0.0039123337982198735,0.009380140541054351,0.027582710044462954,0.07352461110801253,0.005446498223751749,0.018033413549875817,0.04470871358040045,61.030066894143175,61.97743307025278,60.92127355659534,0.0,0.76318470622948,0.839909311618425,0.8917712241281177,0.005017360689139867,0.5710284079684637,-0.281670098945643,0.0019426288362157469,0.00566703199672111,0.0018840283885313697,0.0023445098281486155,0.0017251557826008547,0.0002765833854986924,0.002217224204668522,0.001972598159412184,1.896541339532284,2.0846140535264723,0.0,0.0,-0.030731456766199816,-0.03372731168727083,-0.00011320460073678453,0.00012795573304138878
2022-12-15,18414.900390625,18652.900390625,18387.69921875,18614.400390625,183100,-0.0076138116383275825,-0.0035413913620007333,0.013509856575843028,0.05878090128636039,0.004103664807195671,0.017111847687431906,0.044667591949688785,38.44547218746076,49.979083139594124,55.51029789619876,0.0,0.9147503287332142,0.8960470532743455,0.9311159105833383,0.005220296651867141,-1.055449874498826,-0.7904798971901771,-0.011526145436547456,-0.008327640528012784,-0.012921531903055084,-0.012339153790718909,-0.014072853468619926,-0.015289298157165685,-0.014743709821652143,-0.014796871128354872,-11.998349930658655,-11.617647325131387,0.0,0.0,0.05613774165592056,0.05314586249864228,0.0002029359627272742,0.00042263962967853657
2022-12-16,18269.0,18440.94921875,18255.150390625,18319.099609375,277700,-0.012698274112187716,-0.010407443957484127,0.005263837727510751,0.049865811248913365,0.0023202938824436925,0.015836094955752267,0.044368425330239054,30.592825763871858,44.467272158123414,52.628251170706136,0.0,0.9410479780628875,0.9113326510176554,0.9422884400138286,0.005365998115539874,1.7360930799602117,1.1086971938141181,-0.005084462473860134,-0.008317330855586301,-0.0068660525954833945,-0.012848371903203884,-0.008246018848332277,-0.016397940838160947,-0.008915090037447025,-0.016495702695802507,-5.51181098147071,-11.246110182149799,0.0,0.0,0.015285597743309842,0.025548529802412068,0.00014570146367273284,0.0003910184546429005
2022-12-19,18420.44921875,18431.650390625,18244.55078125,18288.099609375,154800,-0.003695966746854175,-0.002003823748888386,0.0130572362550784,0.05795260222697931,0.0016984203029275916,0.01509130030992943,0.04431671219077762,44.35671013841389,50.562098362992465,55.135706160208024,0.0,0.9497920701453965,0.9118310725672221,0.938406645475123,0.005310221562909836,-1.0255881798613895,-1.3086743935808725,0.009002307365333542,-0.00013299642200500844,0.008403620208595742,-0.004249481213310941,0.007793398527567648,-0.0077665759381562414,0.008086790978065944,-0.007736639446405479,6.094826204869051,-5.1735257046020635,0.0,0.0,0.0004984215495666966,0.02143492128124469,-5.5776552630037654e-05,0.0002106993828929248
2022-12-20,18385.30078125,18404.900390625,18202.650390625,18340.30078125,169000,-0.004584057152922424,-0.0035540997601614987,0.010683297245534174,0.05534654144423669,0.00103470051907653,0.014288178617894678,0.044191137144964684,42.09640319872325,49.21217671069445,54.44214902932689,0.0,0.9982134128805917,0.9329358089516074,0.9518404232019958,0.005496763624567149,-0.6096003496429103,-1.0116108622398767,-0.0008880904060682487,-0.00655376211492655,-0.0015502760112731128,-0.01105021191268448,-0.002373939009544225,-0.015174257016327925,-0.002606060782742621,-0.015960845459107323,-1.3499216522980149,-10.868715020026045,0.0,0.0,0.02110473638438537,0.06229504056698265,0.00018654206165731255,0.0003661983346904974
2022-12-21,18199.099609375,18473.349609375,18162.75,18435.150390625,187600,-0.01203100313809664,-0.01242070322852594,0.0004298283014564231,0.04419428825436234,-0.00039444566749271404,0.013012151603412944,0.043745656831533926,32.01387383047218,42.70720134208693,50.923028225391214,0.0,1.1480763173847899,0.9970663279796004,0.9970598196586017,0.005756025249256752,-0.1416561122269415,-0.6610180773953002,-0.0074469459851742165,-0.015943336936316513,-0.008866603468364442,-0.02180084376958029,-0.010253468944077752,-0.02715288174300653,-0.011152253189874346,-0.02933032285365019,-6.504975368607518,-19.270231728165847,0.0,0.0,0.06413051902799294,0.1571570163611754,0.0002592616246896032,0.0007386645601168852
2022-12-22,18127.349609375,18318.75,18068.599609375,18288.80078125,195700,-0.013068264981872293,-0.014853153723071721,-0.003377016055100916,0.03966295097542374,-0.0018085229989758549,0.011649164499020101,0.043185806191385435,28.90189192533434,40.48641594487699,49.64078239367073,0.0,1.1980886609407089,1.028080564709144,1.0190517614631938,0.005993522017844727,-0.026319529015917425,-0.4916716008476254,-0.001037261843775653,-0.005454453343544711,-0.002432450494545782,-0.011311762361070989,-0.003806844356557339,-0.016886872630943944,-0.004531337278938605,-0.019117950310936653,-2.2207853972099443,-9.492667194717136,0.0,0.0,0.03101423672954362,0.13203351143479847,0.00023749676858797475,0.0007732253659775857
2022-12-23,17806.80078125,18050.44921875,17779.5,17977.650390625,221500,-0.02511052696360108,-0.029426028958775285,-0.020193542883186935,0.021062239371501146,-0.004426657702778457,0.009512398179897413,0.04210605263419849,19.182737305447432,32.3843222005046,44.45467967224886,0.0,1.3664178143128594,1.1113644967174383,1.0810185253035876,0.006095361486776881,1.3983210457951802,-0.0009829158852029535,-0.012042261981728785,-0.012412252851413362,-0.014572875235703563,-0.01901858500129116,-0.016816526828086018,-0.025457380610697685,-0.01860071160392259,-0.02880357187741222,-8.10209374437239,-12.082949957618816,0.0,0.0,0.08328393200829431,0.20003184569978294,0.0001018394689321538,0.0007293633712370066
2022-12-26,18014.599609375,18084.099609375,17774.25,17830.400390625,176700,-0.011264977000497755,-0.016481471029338928,-0.008418941026157763,0.03263881496949783,-0.005275927227717713,0.008197639155430366,0.041406353645101944,35.56938706990138,40.67280985422361,48.099822168010725,0.0,1.4245232526223457,1.14293393627209,1.0995700322855675,0.006463230973997408,-0.6601025267813408,-0.8376852545553122,0.013845549963103323,-0.00756901025364358,0.012944557929436357,-0.014477647280450543,0.011774601857029172,-0.021476177281236162,0.011576575597996686,-0.025313787257481478,8.28848765371901,-9.889288508768857,0.0,0.0,0.031569439554651746,0.231102863704868,0.00036786948722052765,0.001153009411087572
2022-12-27,18132.30078125,18149.25,17967.44921875,18089.80078125,214300,-0.0039347388119113594,-0.009149728330474224,-0.0018643448056587626,0.03897854701033351,-0.0052355901985202445,0.007352658351236064,0.04091917927532604,43.1823510728783,44.80030829048567,50.026199560970625,0.0,1.3327480467441792,1.126023449684228,1.0881563832662604,0.006381140152788123,0.8155973395489284,-0.13040065331209252,0.007330238188586396,0.0006493183410110643,0.007331742698864704,-0.005595628570312725,0.006554596220499,-0.012547642051192937,0.006339732040835676,-0.01636799443390318,4.127498436262059,-4.4118684202087834,0.0,0.0,-0.016910486587861984,0.19308764073262064,-8.209082120928541e-05,0.000884376528220974
2022-12-28,18122.5,18173.099609375,18068.349609375,18084.75,193900,-0.0036628101829558044,-0.008812575495232278,-0.002309801168191725,0.03802017161037318,-0.00516869726926696,0.006560590021901831,0.04042334266266935,42.692303993236344,44.52254318002939,49.86637097143169,0.0,1.1823771973707333,1.0874451506351495,1.0644241945185735,0.006369757873722674,-0.36671367422581885,-0.4590699346148209,0.000271928628955555,0.008368192955140836,0.00033715283524194534,0.003608127733293661,-0.0004454563625329625,-0.002739629469648148,-0.0009583753999603262,-0.006174116643989161,-0.2777651104562793,1.815341837942455,0.0,0.0,-0.03857829904907861,0.09037882265554908,-1.1382279065448586e-05,0.0006137326244659222
2022-12-29,18191.0,18229.69921875,17992.80078125,18045.69921875,281100,8.441572616790769e-05,-0.0046076255404008115,0.001403913543182189,0.04150903896833613,-0.004691645217930726,0.006039366221633633,0.040048900231729065,47.54614552807175,46.996084682840916,51.00103683330456,0.0,1.2027966223671538,1.0989883749460545,1.071933512525181,0.006456443869027995,1.6034859051625368,1.8742565907523385,0.003747225909123712,0.013152680708040201,0.004204949954831467,0.01024552818267091,0.003713714711373914,0.004780929598283105,0.0034888673579629506,0.0018460879929123944,2.4735415028115284,6.509668737963928,0.0,0.0,0.011543224310905043,0.0709078102369105,8.668599530532034e-05,0.0004629218511832678
2022-12-30,18105.30078125,18265.25,18080.30078125,18259.099609375,192000,-0.0037889638748832897,-0.008458964446029397,-0.0031842400467249517,0.036225012381215546,-0.004687762333280948,0.00531972375339713,0.03953514180974403,42.314964953344415,44.33290873946596,49.54614966250747,0.0,1.1710958750236706,1.0982852603336861,1.0743651090212434,0.006497330888930719,-0.47702121271069386,-0.4466672838853424,-0.0038733796010511972,0.02132156308871779,-0.0038513389056285853,0.020967064512745888,-0.004588153589907141,0.017009302836461983,-0.0052840265871205855,0.0151627730097144,-2.6631759433749593,11.948586538961358,0.0,0.0,-0.0007031146123683829,-0.01307923638375219,4.08870199027243e-05,0.0004019694021538383
2023-01-02,18197.44921875,18215.150390625,18086.5,18131.69921875,256100,0.0010481210098427494,-0.003103175121139937,0.0018149185992523383,0.041069082469950634,-0.004146949625952966,0.0049334029336385015,0.03918304982479585,49.31105726963342,47.76082561521783,51.10157982698887,0.0,1.0735264061712098,1.065169866728613,1.0516887577287972,0.006476947392576893,0.7237822187880969,1.509421433828847,0.004837084884726039,0.012313098010340504,0.00535578932488946,0.01337829590819899,0.00499915864597729,0.0102338596254101,0.004844070088735088,0.008430267500452802,3.427916875751876,7.0880157609942245,0.0,0.0,-0.03311539360507321,-0.07776406954347714,-2.0383496353825782e-05,1.3716418579484864e-05
2023-01-03,18232.55078125,18251.94921875,18149.80078125,18163.19921875,208700,0.00243610171104709,-0.001073054492692512,0.0035998632665058365,0.042630327633411735,-0.0035006283171065593,0.004677937440985933,0.038890464014084226,51.903397688676286,49.047938592662625,51.6899175851522,0.0,0.9692183376339786,1.027200183125291,1.0263587510231318,0.006415878585153503,-0.4405691794893235,0.08119245302040183,0.0013879807012043407,0.00637084052295845,0.002030120628447425,0.008076673837781712,0.0017849446672534982,0.005464208072164599,0.0015612451634611016,0.003651780623078228,1.2871129774447923,4.247630302176958,0.0,0.0,-0.03796968360332187,-0.09882326655893703,-6.106880742339036e-05,3.4738432365379913e-05
2023-01-04,18042.94921875,18243.0,18020.599609375,18230.650390625,235200,-0.006545389252833147,-0.010429926285199783,-0.0065702993833759524,0.03146169320409638,-0.0039101303575863585,0.0039003068143875544,0.0382835268201321,39.25278572328398,42.899402156335235,48.42613351330904,0.0,1.0300458996143944,1.0518959486156527,1.0464523003564632,0.006516299439537337,0.01622666806434689,0.8219423895426822,-0.008981490963880238,-0.0028825790698773428,-0.00935687179250727,-0.0016173507899675046,-0.010170162649881789,-0.004260498215184228,-0.011168634429315358,-0.006558478406276803,-6.14853643632739,-1.6231410236941528,0.0,0.0,0.024695765490361676,-0.03554920201949674,0.00010042085438383402,0.00014654156581466252
2023-01-05,17992.150390625,18120.30078125,17892.599609375,18101.94921875,269900,-0.007656788102258664,-0.012028998432241022,-0.009003204895237649,0.028265487646070824,-0.004405945722771674,0.003062633956059338,0.037607278575879394,36.47398423012305,41.401899093885085,47.59120682094695,0.0,1.079474976787623,1.0699153270892927,1.0596997732957507,0.0066759194692508905,1.1621017900549722,1.627936025416773,-0.0011113988494255165,-0.007741203828426572,-0.0015990721470412386,-0.00742137289184021,-0.0024329055118616962,-0.010407118438419839,-0.0031962055580255534,-0.013243551322265307,-1.49750306245015,-5.594185588955831,0.0,0.0,0.01801937847363999,-0.02907304785676179,0.00015962002971355374,0.00021947560022289592
2023-01-06,17859.44921875,18047.400390625,17795.55078125,18008.05078125,238200,-0.012286397270448956,-0.0175906909187795,-0.015682639334447482,0.020471512790822485,-0.0053702749801886945,0.0019422165147401594,0.036730178263669054,30.001170698569055,37.69969727416043,45.467544869295075,0.0,1.1520317808078246,1.1016015934709085,1.08388804838683,0.006895745464267258,-0.1476503097187482,0.7090650095970547,-0.004629609168190292,-0.008497433395565666,-0.005561692486538478,-0.009131726472750103,-0.006679434439209833,-0.01249839928772253,-0.0077939748552483396,-0.01575349959039306,-3.7022018197246567,-6.6332114653055285,0.0,0.0,0.03168626638161576,0.0033163331372223492,0.0002198259950163678,0.0003984145753365394
2023-01-09,18101.19921875,18141.400390625,17936.150390625,17952.55078125,257200,0.0008863602935982889,-0.0039038427043384324,-0.0022663844805269526,0.033932153327069337,-0.0047859609122174185,0.0016438756557972032,0.03628076396799501,49.17233737213193,46.99808764444993,49.7073795673551,0.0,1.22084430101117,1.1205141086765524,1.0926610661262743,0.00680856698338824,0.6581173786442329,1.1098550082232062,0.013172757564047245,-0.0001617607162444605,0.013686848214441067,-0.0008006675831984953,0.013416254853920529,-0.0040813030797792905,0.013460640536246852,-0.007136929142881297,9.298390370289503,-0.7627379707679012,0.0,0.0,0.018912515205643965,0.05534424194793952,-8.717848087901828e-05,0.0003316195908113469
2023-01-10,17914.150390625,18127.599609375,17856.0,18121.30078125,283300,-0.007750301035561018,-0.012923049036389925,-0.012089237002735459,0.0230113639518836,-0.005213151494253355,0.0008447285015018096,0.03553013315506944,39.42538205078431,41.79974989244259,46.788502555869506,0.0,1.2900968457726962,1.159635551494249,1.123691299761811,0.006904482711466275,1.2925091351628035,1.5798830552168268,-0.008636661329159306,-0.010186402746608108,-0.009019206332051492,-0.011849994543697413,-0.009822852522208506,-0.015689100269241293,-0.010920789375185737,-0.019618963681528136,-5.19833775200734,-7.248188700220034,0.0,0.0,0.03912144281769647,0.13243536836895786,9.591572807803473e-05,0.000488604126312772
2023-01-11,17895.69921875,17976.349609375,17824.349609375,17924.25,259900,-0.0071887988782933345,-0.012688548695956987,-0.012599248058723611,0.02173445219254427,-0.005539572691615361,9.044829482675125e-05,0.03477179876941172,38.54606810823813,41.314306692455816,46.50912192266545,0.0,1.2030148063931414,1.1385836746674272,1.1117315943967003,0.006971257330637272,-0.10807643707107238,0.9098280204535828,0.0005615021572676834,-0.0006434096254601873,0.00023450034043293738,-0.0022586224107572044,-0.0005100110559881528,-0.006028948675347659,-0.0012769117593393296,-0.009727241011552108,-0.48544319998677565,-1.5850954638794192,0.0,0.0,-0.021051876826821747,0.08668772605177444,6.677461917099694e-05,0.0004549578910999349
2023-01-12,17858.19921875,17945.80078125,17761.650390625,17920.849609375,227800,-0.007596702278839643,-0.013433873314144617,-0.014101205275185134,0.01939469192994879,-0.005881853726916038,-0.0006764188866713545,0.033974985449174155,36.60999470893314,40.29017480839068,45.931072044577654,0.0,1.1706690277752918,1.1331321752155838,1.110119192361112,0.007116124542632414,-1.1889717376684377,0.06976785752086366,-0.0004079034005463082,6.008582341902099e-05,-0.0007453246181876299,-0.0014048748819035957,-0.0015019572164615223,-0.005098000379947485,-0.00233976026259548,-0.008870795716122034,-1.0241318840651346,-1.1117242854944038,0.0,0.0,-0.005451499451843311,0.06321684812629114,0.0001448672119951427,0.0004402050733815239
2023-01-13,17956.599609375,17999.349609375,17774.25,17867.5,256700,-0.0017421454962894714,-0.0072760168532195685,-0.008331687466171103,0.024756621043145532,-0.00554352899099531,-0.001063407987389629,0.0333663061440091,45.05807359901004,44.19901168715375,47.69991544911605,0.0,1.182118286482418,1.1359693801010418,1.1111568048657794,0.0071560139965453915,-0.014210872950555165,0.8499540044465759,0.005854556782550171,0.010544251774159484,0.006157856460925049,0.010314674065559932,0.005769517809014031,0.007350951868276379,0.0053619291131967416,0.004285108252323047,3.9088368787630685,6.499314412993321,0.0,0.0,0.0028372048854579113,0.03436778663013329,3.988945391297707e-05,0.00026026853227813316
2023-01-16,17894.849609375,18049.650390625,17853.650390625,18033.150390625,206200,-0.004238079864764192,-0.009727492138844962,-0.011286614236382641,0.02101692944196924,-0.005512775858445405,-0.0015744374252145573,0.03267230336261984,41.05250843986425,42.32644057883839,46.70555336388971,0.0,1.168015393550893,1.136703422920733,1.1140528090294108,0.007117090706695906,-1.3505621796166392,-0.5779582045100389,-0.002495934368474721,-0.005124440158362481,-0.002451475285625394,-0.00582364943450653,-0.0029549267702115387,-0.009020229755855688,-0.0037396916011762926,-0.012915223885100097,-1.8725711083153627,-4.671647065611545,0.0,0.0,0.0007340428196911386,0.016189314244180464,-3.8923289849485294e-05,0.00030852372330766615
2023-01-17,18053.30078125,18072.05078125,17886.94921875,17922.80078125,219100,0.003743307234690913,-0.0008719454519062179,-0.002432931914587868,0.029749615729170672,-0.004598040807178217,-0.0015623487455646361,0.03226103654917672,53.44284036684962,48.37097506838598,49.50656323466131,0.0,1.1312722999903655,1.1194823995487537,1.100514502122011,0.007119435102911528,-0.6300120343204264,-0.305512552384928,0.007981387099455105,0.01149360827025193,0.008855546686938744,0.012051103584483707,0.008853682321794773,0.00965630508814759,0.008732686287201433,0.006738251777287072,6.044534489547594,6.57122517594339,0.0,0.0,-0.01722102337197917,-0.04015315194549518,2.344396215621554e-06,0.00021495239144525297
2023-01-18,18165.349609375,18183.75,18032.44921875,18074.30078125,255800,0.008145036997027684,0.0048423804474061255,0.00361059899358176,0.03576834196474526,-0.003275973623258828,-0.0012258454438156905,0.03204205197056628,60.323223816709856,52.1871419312969,51.38047660446491,0.0,1.066017187623195,1.092600812295935,1.081306347403203,0.007006250086481164,1.0092597442788447,0.7391328963587105,0.004401729762336771,0.015333835875321018,0.0057143258993123435,0.017530929143363114,0.006043530908169628,0.01620984705230537,0.006018726235574586,0.014033889772200988,3.8161668629109187,10.872835238841084,0.0,0.0,-0.02688158725281875,-0.045982862371492184,-0.00011318501643036404,3.4992755843892e-05
2023-01-19,18107.849609375,18155.19921875,18063.75,18119.80078125,237800,0.004049533538239826,0.0015103949602444503,0.0004167840495238182,0.03215607833525234,-0.0025288977218559418,-0.0010919616173969355,0.03172607136522944,55.41981034037142,50.13902600131104,50.38536052912644,0.0,0.9677378864826607,1.0578567201028835,1.0598037823888073,0.006774659381681572,0.12004703588260256,0.10635088684496127,-0.004095503458787858,0.011646235817079468,-0.003331985487161675,0.014944268274389067,-0.0031938149440579417,0.014517989324708953,-0.0036122636294929206,0.012761386405303547,-2.048115929985862,9.848851192920357,0.0,0.0,-0.03474409219305152,-0.0752754551127004,-0.00023159070479959135,-0.00034146516095084206
2023-01-20,18027.650390625,18145.44921875,18016.19921875,18115.599609375,237200,-0.00032515017030184323,-0.002660043619512566,-0.00385723113829224,0.02730271618139865,-0.002335652887144744,-0.0012003805834917781,0.03128060383884266,48.94573287801274,47.347904381984414,49.01233821474906,0.0,0.9210252766168884,1.0378764583082076,1.0479678281028235,0.006604706034087854,0.3134233896303368,0.06105617176243262,-0.00437468370854167,0.0014169953259876283,-0.004170438579757017,0.004615973233707002,-0.004274015187816059,0.004474456327878863,-0.004853362153853687,0.002546095138253119,-2.791121619326624,3.148892694830664,0.0,0.0,-0.019980261794675824,-0.09809292179283413,-0.00016995334759371816,-0.0005513079624575373
2023-01-23,18118.55078125,18162.599609375,18063.44921875,18118.44921875,202500,0.0038548202863702553,0.0021530089024981497,0.0011198349091387965,0.03214905864694006,-0.0016952763980220057,-0.0010309543394883657,0.030994514997914772,55.77702984944775,50.69793136229359,50.59480894901905,0.0,0.8820860960779199,1.012108237976281,1.0285245876370965,0.006369179555493586,-1.3767107922244737,-1.2170454462762492,0.0041799704566720984,0.008092900151134447,0.004813052522010716,0.011880501041343111,0.004977066047431037,0.012406449145521439,0.0048463424655414075,0.011132129204970819,3.350026980309174,8.3714907834552,0.0,0.0,-0.025768220331926717,-0.12459518494445199,-0.00023552647859426817,-0.0007479111512023202
2023-01-24,18118.30078125,18201.25,18078.650390625,18183.94921875,216900,0.0031404179330738976,0.0019443320494154917,0.0010626019659652776,0.03180489801967573,-0.001192341433239115,-0.0008800190342378496,0.030709663904471426,55.75309332255119,50.68837923743018,50.590330716539036,0.0,0.8410109618804232,0.9881607416105856,1.0117827299451738,0.006020388600347672,-0.6362297249013598,-0.7110277647370852,-0.0007144023532963577,-0.0006028893016170153,-0.000208676853082658,0.0028162775013217097,-5.723294317351883e-05,0.0034955338805531455,-0.0003441606272643269,0.0020552822905050595,-0.009552124863404288,2.3174041690442024,0.0,0.0,-0.023947496365695264,-0.13132165793816808,-0.0003487909551459136,-0.0010990465025638553
2023-01-25,17891.94921875,18100.599609375,17846.150390625,18093.349609375,257200,-0.007697339772279212,-0.009621009372642871,-0.010999818424868047,0.01872285194087167,-0.0019385915985775963,-0.0013922034547115816,0.030053250666144348,38.362815981185506,42.82154107393847,46.708518495377184,0.0,0.985535966543182,1.0378345185213882,1.0482254197807401,0.0060332769676419195,1.2742814544344474,0.654236929513385,-0.01083775770535311,-0.015842376769306894,-0.011565341422058364,-0.014463389820048998,-0.012062420390833325,-0.014610417418449807,-0.01308204607880406,-0.017045490023873587,-7.866838163491714,-9.36560085735843,0.0,0.0,0.04967377691080255,-0.05476629377454678,1.2888367294247062e-05,-0.0009729731188392442
2023-01-27,17604.349609375,17884.75,17493.55078125,17877.19921875,476300,-0.019431796396318424,-0.023272768964067877,-0.025869744611965506,0.002324235301955156,-0.0039170886366022405,-0.0026588545556810515,0.02894272070698583,26.23332712860831,35.32069105742555,42.41973594186385,0.0,1.2539228550402295,1.141095088622255,1.1223843148276447,0.006555857497040096,1.7585225225988983,3.859637274067798,-0.011734456624039212,-0.02348132993455825,-0.013651759591425006,-0.02478316392431233,-0.01486992618709746,-0.026286528661489325,-0.016398616638916515,-0.02983184303329718,-7.500850016512921,-14.818334943885489,0.0,0.0,0.10326057010086687,0.08323836851937161,0.0005225805293981763,-0.00021880188464147663
2023-01-30,17648.94921875,17709.150390625,17405.55078125,17541.94921875,432400,-0.013909063471635705,-0.018943350458519116,-0.022504775308735812,0.004814939519544169,-0.005105296885302628,-0.0036301928659076017,0.027948693904779682,30.224708563735675,37.15900091674361,43.25761731116805,0.0,1.3446460155791582,1.1797830678344174,1.1481511236819775,0.0068211414288350475,0.9020306494181803,2.444183918005273,0.005522732924682718,-0.013583913301333862,0.004329418505548761,-0.01628330683900655,0.0033649693032296937,-0.01864754417044357,0.0024907042175890126,-0.022487776661854482,1.8383098593180591,-10.188903465240806,0.0,0.0,0.03868797921216238,0.14190660952620981,0.0002652839317949518,0.00021643539474719333
2023-01-31,17662.150390625,17735.69921875,17537.55078125,17731.44921875,398300,-0.010802536329512254,-0.016581570737683408,-0.020937632715843264,0.005510833741099443,-0.005842144385133818,-0.004429510215125246,0.027014077285299715,31.50454078269503,37.72321721601945,43.50994018006219,0.0,1.2992891374711486,1.174828441524941,1.1460829052786625,0.0069355159257735765,0.3719078489336079,1.6995411036075638,0.0031065271421234514,-0.01465735661588251,0.0023617797208357084,-0.01873457964018156,0.001567142592892548,-0.02205746762498206,0.000695894221555274,-0.026638224905840616,0.5642162992758415,-12.974714146274138,0.0,0.0,-0.0049546263094764065,0.16272020354866013,0.00011437449693852894,0.0005663363702799904
2023-02-01,17616.30078125,17972.19921875,17353.400390625,17811.599609375,512900,-0.010966091548869258,-0.017425266406722744,-0.022579241507887093,0.0028716588994982975,-0.006530792122151634,-0.005245377196212096,0.026038837610374697,29.32502641616641,36.497545829895216,42.824050591451076,0.0,1.7446664348935954,1.344654926450013,1.2616173786485436,0.008610435235545472,0.9894571934624801,2.4816411731909236,-0.00016355521935700404,-0.014106509481943155,-0.0008436956690393363,-0.019369598456138237,-0.001641608792043829,-0.02364184347385237,-0.0026391748416011453,-0.028933239120177433,-1.2256713861242332,-14.190833407534967,0.0,0.0,0.1698264849250719,0.3564941848394273,0.0016749193097718952,0.0025900466351977992
2023-02-02,17610.400390625,17653.900390625,17445.94921875,17517.099609375,490100,-0.009262318171997618,-0.016166428844337007,-0.022028107159239353,0.0025104630515748187,-0.006968656586878444,-0.005957997863415971,0.025091283696851284,29.023566705332485,36.33393668086773,42.73414635665709,0.0,1.632369380813898,1.3333724191506515,1.2581735552612943,0.008745324284029118,0.6089030144306056,1.891702713838305,0.0017037733768716402,-0.0015649783997184058,0.0012588375623857374,-0.006545419471694135,0.0005511343486477409,-0.011028288734371306,-0.00036119584792347875,-0.016212388889296853,-0.16360914902748647,-6.48760439307074,0.0,0.0,-0.011282507299361422,0.29553790062926333,0.0001348890484836468,0.002712047316387199
2023-02-03,17854.05078125,17870.30078125,17584.19921875,17721.75,424100,0.0036339862632476408,-0.002322816440211942,-0.00816677745996529,0.01621515718992675,-0.005935234144110726,-0.005857567072849808,0.024582696057963392,52.53204526788529,46.91616738370331,47.45783221033903,0.0,1.6085634743116144,1.335695461912407,1.2582150881555605,0.00894723770886476,-0.5724029147989125,1.1303882637536837,0.012896304435245259,0.023065782659566065,0.013843612404125065,0.020949952523855935,0.013861329699274063,0.017702967152000218,0.01370469413835193,0.013890921887971593,10.58223070283558,11.595476326277762,0.0,0.0,0.002323042761755545,0.194600373290152,0.0002019134248356421,0.002391380211824665
2023-02-06,17764.599609375,17823.69921875,17698.349609375,17818.55078125,282500,-0.0011411241032252446,-0.006660171000347787,-0.01262736178101289,0.011011880671478855,-0.005525352009479363,-0.006007199758288552,0.023941561207460615,46.00546756757095,44.0231318378106,46.01280131516245,0.0,1.4686242963736957,1.3091388580795271,1.2460705666712746,0.008828549581960783,-1.5329427274117429,-0.23099633101471367,-0.004775110366472886,0.01276793936841046,-0.0043373545601358456,0.012283179458171329,-0.0044605843210476,0.009877413527722922,-0.005203276518447894,0.006196941151934686,-2.893035545892708,6.8641309210669945,0.0,0.0,-0.026556603832879944,0.12935579024510968,-0.00011868812690397738,0.0020074081531257356
2023-02-07,17721.5,17811.150390625,17652.55078125,17790.099609375,354400,-0.002918306173123613,-0.008252408137786433,-0.014442253308896253,0.008473126802035536,-0.0053497140682526485,-0.006241351349779524,0.023251179535514314,43.00225209399682,42.65821587394281,45.323241779955914,0.0,1.3567480331147495,1.2825108336792017,1.232237018999908,0.008725500114677385,-0.6112616824235024,0.4092936247861676,-0.0017771820698983683,0.00788423015638864,-0.0015922371374386454,0.008329162599896975,-0.0018148915278833628,0.006495379406947012,-0.002538753869443319,0.0029622930609360934,-1.3649159638677943,4.934998657923359,0.0,0.0,-0.026628024400325412,0.10768239215426068,-0.00010304946728339863,0.001789984188903808
2023-02-08,17871.69921875,17898.69921875,17744.150390625,17750.30078125,291000,0.004522038913348639,0.00013925687993637082,-0.005851730931310946,0.01684826614785957,-0.004363052141845872,-0.005990153641140913,0.02283361324004085,54.95711005071765,48.63504590163767,48.13241014273375,0.0,1.2745778849151674,1.2517161616779726,1.2109107545812436,0.008674019458918414,-0.872716239839184,-0.20043359993365856,0.007440345086472252,0.015488130462217897,0.008391665017722804,0.017564523286659115,0.008590522377585307,0.01672751057657615,0.008375139345824033,0.013976607248361271,5.976830027694859,12.137500071742451,0.0,0.0,-0.030794672001229095,-0.09293876477204033,-5.148065575897101e-05,6.358422337294188e-05
2023-02-09,17893.44921875,17916.900390625,17779.80078125,17885.5,260900,0.004695182595155756,0.0012329700552206279,-0.004460623446189446,0.017902598858511774,-0.003446032786772339,-0.005686582115944561,0.022463423176805355,56.498557624296645,49.456607932449,48.5295276374465,0.0,1.1716628808262894,1.2156236179289226,1.188332245987026,0.008581690565585153,-0.9265254974049886,-0.48893839813729095,0.00017314368180711744,0.013957500767153373,0.001093713175284257,0.017399398899557633,0.0013911074851215002,0.017567483713049906,0.0010543327106522053,0.015392135806936956,0.8215620308113358,13.122671251581274,0.0,0.0,-0.03609254374905002,-0.11774880122172893,-9.232889333326069e-05,-0.0001636337184439656
2023-02-10,17856.5,17876.94921875,17801.0,17847.55078125,232000,0.0021430484103247814,-0.0007587246928580893,-0.006262426705958733,0.01564099316575203,-0.0028955677612950395,-0.005507880978404282,0.022041452854706205,52.90989834282712,48.0505522463068,47.88364968045972,0.0,1.0428167100298287,1.168110112243306,1.1587408502611152,0.008508954839837738,-1.1488811205928868,-0.7687231480993638,-0.002552134184830975,-0.0014909378529228594,-0.001991694748078717,0.001564091747353853,-0.001801803259769287,0.0019043507540065568,-0.0022616056927597453,-0.0005741640241747198,-1.4060556861422029,1.1343848626034898,0.0,0.0,-0.04751350568561663,-0.1675853496691011,-7.273572574741441e-05,-0.0004382828690270221
2023-02-13,17770.900390625,17880.69921875,17719.75,17859.099609375,231300,-0.0021782156475210145,-0.005046944294193831,-0.010598341288883652,0.010663933710982669,-0.002874990997049071,-0.005579556706574196,0.02149003371144988,45.157469694406856,44.868064525609356,46.40002713904347,0.0,1.0194097790720316,1.1545904999239405,1.1520064832547239,0.008461123299380879,-0.8313811750077718,-0.7570055577684314,-0.004321264057845796,-0.0010370915442957699,-0.004288219601335742,0.0016132267061539562,-0.004335914582924919,0.002029020492129238,-0.00497705945476936,-0.0003479469604961861,-3.182487720697445,0.8449326877987531,0.0,0.0,-0.013519612319365493,-0.15454835815558665,-4.7831540456859736e-05,-0.0003674262825799045
2023-02-14,17929.849609375,17954.55078125,17800.05078125,17840.349609375,244500,0.005513227840050537,0.0035008355820929054,-0.0016803184113770397,0.01950378915600346,-0.0020013583135852562,-0.005163078903132705,0.021219763526719514,58.371262555222124,51.31606846935476,49.417985097483864,0.0,1.0131524759636679,1.135777612804574,1.1361975849752786,0.008342213601564423,-0.2985009219392165,-0.6602343044402312,0.007691443487571552,0.00843153401317415,0.008547779876286736,0.011753243719879338,0.008918022877506612,0.012761934897519213,0.008839855445020792,0.011030662353967925,6.448003943745405,8.657852595411953,0.0,0.0,-0.01881288711936646,-0.1467332208746277,-0.00011890969781645604,-0.0003832865131129619
2023-02-15,18015.849609375,18034.099609375,17853.80078125,17896.599609375,229300,0.0084409808792676,0.00755256250695194,0.0029858428608920615,0.024145224198042173,-0.0008809820199304493,-0.004532487749023386,0.021096390829202148,63.86672429592931,54.42206815093775,50.967054650976316,0.0,1.0068086810281076,1.1211003968258517,1.1245836266674607,0.008332888942244663,-0.7728647816548307,-0.8156042500458492,0.0029277530392170636,0.003918941965918962,0.004051726924859035,0.007413305627015569,0.004666161272269102,0.008837573792203008,0.004641435042038712,0.007296958050182604,3.1059996815829862,5.78702224930008,0.0,0.0,-0.014677215978722291,-0.1306157648521209,-9.324659319760037e-06,-0.0003411305166737509
2023-02-16,18035.849609375,18134.75,18000.650390625,18094.75,230200,0.007808641551597566,0.007876591459478376,0.003937901587394089,0.025024303211509363,6.742342254199728e-05,-0.0039079088704508744,0.021003691155373393,65.11615904713477,55.138875009290516,51.326549555291535,0.0,0.9532571842257814,1.0929757630165895,1.105249927038524,0.008306483251162138,-0.5209968264322771,-0.787521735681285,-0.0006323393276700343,0.00311345895644181,0.00032402895252643584,0.006643621404257748,0.0009520587265020274,0.008398525033583536,0.0008790790134671905,0.007121704352997589,0.7168068583527685,5.682267076841512,0.0,0.0,-0.028124633809262223,-0.1226478549123331,-2.6405691082524718e-05,-0.00027520731442301494
2023-02-17,17944.19921875,18034.25,17884.599609375,17974.849609375,208100,0.0021977028462816434,0.002503916826177312,-0.0011180934540160246,0.01961453555698847,0.0003055424882994729,-0.0036129637195436034,0.020755835975341155,54.95655344278411,51.167586172807674,49.598439636459375,0.0,0.9350789280955624,1.080296204606136,1.0981329086120235,0.008330636786502012,-1.5745195120562259,-0.9734115579281414,-0.005610938705315923,5.465443595686209e-05,-0.0053726746333010635,0.003262641519035401,-0.005055995041410114,0.005144333251942709,-0.005409767654520892,0.003973542391236443,-3.9712888364828416,3.1170339265008735,0.0,0.0,-0.01267955841045354,-0.08781390763717001,2.415353533987384e-05,-0.0001783180533357267
2023-02-20,17844.599609375,18004.349609375,17818.400390625,17965.55078125,174600,-0.002754878784416432,-0.0027830467654148578,-0.006402807981665024,0.013814370833765112,-2.8245794739101363e-05,-0.0036298632955537556,0.02034745969275753,45.88068710355586,47.18989904097692,47.78526001722129,0.0,0.9606479723308282,1.0831631411415565,1.1012995381958648,0.008398044469604937,-1.57163901900651,-1.224836010330201,-0.0049525816306980755,-0.0005766631368954176,-0.00528696359159217,0.0022638975287789733,-0.005284714527649,0.004195533307218628,-0.00580016472322336,0.003150437122782443,-3.9776871318307556,2.321834515367563,0.0,0.0,0.0028669365354205834,-0.07142735878238393,6.740768310292515e-05,-6.30788297759418e-05
2023-02-21,17826.69921875,17924.900390625,17800.30078125,17905.80078125,198200,-0.003074569779586437,-0.003440621116997437,-0.007111398284658866,0.012668436434526503,-0.00036718025873817703,-0.003683450525322268,0.019921504471914767,44.34512922526396,46.49039776788901,47.46187725437363,0.0,0.9090799555251383,1.0567292554123409,1.0831932008101663,0.00839905173882869,-0.4253538351547107,-1.00324783545175,-0.0003196909951700051,-0.008587797619636975,-0.0006575743515825792,-0.006941456699090342,-0.0007085903029938412,-0.0054310798732818254,-0.0011459343992386087,-0.0068353527214769574,-0.6995012730879111,-4.825670701465754,0.0,0.0,-0.026433885729215678,-0.07904835739223315,1.0072692237534514e-06,5.683813726426769e-05
2023-02-22,17554.30078125,17772.5,17529.44921875,17755.349609375,204000,-0.015029261939966447,-0.017000133504791574,-0.021427974509620428,-0.0027776670732770114,-0.002000944280544711,-0.004504416689918682,0.019058696703492438,27.816719218707107,37.40412537416599,42.882185996734556,0.0,1.0772127116877679,1.1174263264463178,1.1282547492022128,0.008482907326759652,0.049054480727210886,-0.9387701613988125,-0.01195469216038001,-0.023470242819234047,-0.013559512387794136,-0.024552696011743515,-0.014316576224961563,-0.02441381737051249,-0.015446103507803514,-0.026922891271319183,-9.086272393723014,-17.017942776771754,0.0,0.0,0.060697071033976924,-0.0036740703795339336,8.38555879309616e-05,0.00015001838451498932
2023-02-23,17511.25,17620.05078125,17455.400390625,17574.650390625,240800,-0.014318464935723545,-0.017677445666059468,-0.02291484516246671,-0.005171585751521052,-0.003407774834817091,-0.005331649439687799,0.018159378763559202,26.02797305338386,36.19994509523007,42.21457360656566,0.0,1.0519397855425747,1.1073221538061733,1.121944066079666,0.008542314547059749,1.4993811609676642,-0.5921626294393781,0.000710797004242902,-0.02212710648732111,-0.0006773121612678942,-0.025554037125537846,-0.0014868706528462818,-0.0268527467498608,-0.002393918678244041,-0.030195888963030416,-1.2041802789359224,-18.938929914060445,0.0,0.0,-0.010104172640144515,0.014346390789583774,5.940722030009678e-05,0.00023583129589761082
2023-02-24,17465.80078125,17599.75,17421.80078125,17591.349609375,209400,-0.013850736285536354,-0.018422051906125683,-0.024477160322665673,-0.007677035093539207,-0.004635520999499461,-0.006168749438899277,0.017221662626252097,24.11780016711758,34.92174736736311,41.50710116406989,0.0,1.0475104496958851,1.1036779046537537,1.1198150073034867,0.008486405096078689,0.16785104793014685,-0.7984669149066677,0.00046772865018719113,-0.016048439131818,-0.0007446062400662153,-0.020925968732302996,-0.0015623151601989634,-0.02335906686864965,-0.002505449342018155,-0.027291570650527678,-1.27819772786696,-16.245838805444563,0.0,0.0,-0.0036442491524195653,0.02338170004761775,-5.590945098105961e-05,0.00015576830957667737
2023-02-27,17392.69921875,17451.599609375,17299.0,17428.599609375,246400,-0.014757656529454245,-0.020524182915409063,-0.027470887416436007,-0.011713979317911887,-0.00585290149593252,-0.007092267496408238,0.016201991173986803,21.198466120162962,32.908997953162796,40.37837027085666,0.0,1.0333360258514501,1.097653159298072,1.1166409252519585,0.008153705404059922,1.1995279144709838,-0.37107611538216734,-0.0009069202439178914,-0.012002777745037814,-0.0021021310092833798,-0.017741136149994206,-0.0029937270937703334,-0.021068079434770983,-0.00403694422437268,-0.025528350151677,-2.0127494142003144,-14.280901087814122,0.0,0.0,-0.006024745355681649,0.014490018156515516,-0.0003326996920187675,-0.00024433906554501526
2023-02-28,17303.94921875,17440.44921875,17255.19921875,17383.25,420900,-0.016246225327824593,-0.023255930692041436,-0.031201212718605622,-0.016592953040845276,-0.007125467311729243,-0.00813445638036335,0.0150787344797917,18.09593821611513,30.602875503976207,39.04167497715336,0.0,1.0450216839536284,1.100945895680971,1.1199012318504757,0.007897725474190124,1.749575429060318,1.3589046278482275,-0.0014885687983703481,-0.013171655548238157,-0.0027317477766323726,-0.019815309575043998,-0.0037303253021696153,-0.024089814433946755,-0.0048789737229333885,-0.02926138947537178,-2.3061224491865886,-15.8875222639128,0.0,0.0,0.003292736382898953,0.04421664026863015,-0.0002559799298697974,-0.0005013262646385661
2023-03-01,17450.900390625,17467.75,17345.25,17360.099609375,272900,-0.006466242517222665,-0.013619505132354196,-0.022092804977049314,-0.008160181443053537,-0.007199818386901192,-0.008590295417218364,0.014247388305256094,36.14833812337635,38.31125385948075,42.320398833679455,0.0,1.016704980783259,1.0807437952180698,1.102288216003912,0.0077671945653061845,-0.06243371856057392,0.0073006905093440455,0.009779982810601929,0.008563019422743783,0.00963642555968724,0.003380628372437378,0.009108407741556308,-0.0006648304674288855,0.008432771597791738,-0.005382514369776526,7.708378355504543,0.9071284853147574,0.0,0.0,-0.020202100462901162,-0.03668253122824794,-0.0001305309088839397,-0.0007157127614534674
2023-03-02,17321.900390625,17445.80078125,17306.0,17421.5,310700,-0.011328036304840519,-0.019046203346242626,-0.028204222098290963,-0.015340243876826138,-0.007806600495229454,-0.009335830885499696,0.013237326724387082,29.49122715461256,34.67056316550348,40.34492339502604,0.0,0.9867243953666487,1.070772561829195,1.0974504535680176,0.00585427633183012,0.2301769113318305,0.6906772290788072,-0.004861793787617853,0.002990428630883026,-0.00542669821388843,-0.001368757680183158,-0.00611141712124165,-0.005289376935824253,-0.0071800624337726,-0.010168658125305086,-3.6406906939772696,-1.5293819297265898,0.0,0.0,-0.009971233388874845,-0.03654959197697827,-0.0019129182334760644,-0.0026880382152296286
2023-03-03,17594.349609375,17644.75,17427.69921875,17451.25,356200,0.0034520310970453214,-0.003289422405321997,-0.01241889150406755,0.00014561057607268203,-0.006718261853530837,-0.009159598888553323,0.012722501445249123,51.49951258281863,46.28138068550157,45.87822147101452,0.0,1.1441483195494893,1.1099609109452524,1.116385221885695,0.0058197510950609155,0.5019664784725106,1.5641834592042332,0.01478006740188584,0.017302767382581675,0.015756780940920628,0.015132629500803687,0.015785330594223414,0.012058268818598124,0.01548585445289882,0.00782264566961189,11.610817519998086,11.359633318138457,0.0,0.0,0.0391883491160574,0.006283006291498694,-3.45252367692046e-05,-0.0026666540010177736
2023-03-06,17711.44921875,17799.94921875,17671.94921875,17680.349609375,362800,0.008273376430582157,0.003039265446215243,-0.0056180543137070394,0.0067339649166885075,-0.005191162542540142,-0.008631087593635688,0.012421805608981113,58.06329305501378,50.36457625821174,48.02693792590535,0.0,1.1414327743098645,1.1067799853514886,1.1114720569503005,0.005465206327680189,0.3227830470204145,1.507322612592086,0.0048213453335368365,0.023031032960036404,0.0063286878515372395,0.023563448361624308,0.00680083719036051,0.021852833102728966,0.006588354340615826,0.018447944234600396,4.083195572710174,17.455578305048945,0.0,0.0,-0.003180925593763817,0.009126826053416526,-0.0003545447673807267,-0.002688499076379733
2023-03-08,17754.400390625,17766.5,17602.25,17665.75,267000,0.008752617234978872,0.004971787866422259,-0.0030812645293260207,0.009083220116481787,-0.0037480243460680973,-0.00801321240354925,0.01220208248976744,60.35901228578559,51.811426770708294,48.80013412702355,0.0,1.0959617034050622,1.0913182149668992,1.1000374658862626,0.005517672803943762,-1.044515677505395,0.11987420432723067,0.00047924080439671474,0.024998842562803464,0.0019325224202070158,0.028227718558463694,0.0025367897843810187,0.0281199481892796,0.0023492551997932798,0.025676173157327065,1.4468505124965532,21.208551266732087,0.0,0.0,-0.015461770384589402,-0.009627680714071829,5.2466476263572995e-05,-0.0023800526702463624
2023-03-09,17589.599609375,17772.349609375,17573.599609375,17772.05078125,262400,-0.0004998636835592138,-0.003962125049908376,-0.011856926726715676,-0.00028052396501730264,-0.003463992890595278,-0.007926206297328688,0.011715310337956255,48.479170298766235,46.2416912834244,46.07282263415295,0.0,1.1109698202351665,1.1035705883123716,1.1112765806326157,0.005465067119441341,-1.040653539269571,0.06928387253671695,-0.009252480918538086,0.005966378833663451,-0.008933912916330635,0.00965738008244582,-0.008775662197389655,0.010235878250333638,-0.00936374408149909,0.007879657478036234,-5.569735487283893,7.930437423943651,0.0,0.0,0.012252373345472467,0.0228267930943018,-5.260568450242073e-05,-0.0023021274458648435
2023-03-10,17412.900390625,17451.5,17324.349609375,17443.80078125,235900,-0.008640610412047485,-0.012714315314312264,-0.020947120674173512,-0.010221700420083437,-0.0041092109935610445,-0.008338827846452818,0.010954893735132648,38.90155030504185,41.135617499525395,43.37728310960481,0.0,1.20245398429441,1.1439496662256414,1.1416363533632978,0.005490563621841669,-1.042983061035598,-0.33934719113844464,-0.00814074672848827,0.002687425892793034,-0.008752190264403888,0.006331888031930362,-0.009090193947457836,0.007257101424117451,-0.009941176455066134,0.005118543456742701,-5.1060737838990065,6.465054334021914,0.0,0.0,0.04037907791326978,0.07317710439644642,2.549650240032779e-05,-0.00036371270998845125
2023-03-13,17154.30078125,17529.900390625,17113.44921875,17421.900390625,254900,-0.019196993648109343,-0.024949849567368825,-0.03414293536317336,-0.024679083683549582,-0.005865455022061262,-0.009428320986080102,0.009798397740334688,29.089180039740384,35.0378753228529,39.839716500428004,0.0,1.4620002831695411,1.2516577025080737,1.2192669705541848,0.00617263676943553,-0.43725612694986676,-0.05077090152015006,-0.010556383236061858,-0.022649024745154664,-0.012235534253056561,-0.021660427162046827,-0.013195814688999847,-0.02172404385910581,-0.014457383263466145,-0.024824694259622266,-6.097742176672497,-11.24350536264867,0.0,0.0,0.1077080362824323,0.14169679156282133,0.0006820731475938608,0.00035288567437461414
2023-03-14,17043.30078125,17224.650390625,16987.099609375,17160.55078125,290600,-0.020996705994923648,-0.028498337080911155,-0.03887023238372049,-0.03069117869991965,-0.00766251873913369,-0.010676147760411151,0.008509832864802334,25.82690023642492,32.79096842600228,38.444114688386044,0.0,1.4559790983745353,1.2693808014755747,1.2351411510445938,0.006434414264747416,1.4334178532014763,0.4804937872045482,-0.001799712346814305,-0.029270082425505807,-0.0035484875135423297,-0.031537602527126396,-0.004727297020547132,-0.033252178070013454,-0.006012095016370067,-0.037425143616608154,-2.246906896850618,-17.57360783220946,0.0,0.0,0.017723098967501016,0.16260081612408617,0.0002617774953118865,0.0009692079370672273
2023-03-15,16972.150390625,17211.349609375,16938.900390625,17166.44921875,248200,-0.020617083916620257,-0.029682434197957804,-0.0412703760855268,-0.03440397905987825,-0.00925618584158126,-0.011942422044055927,0.007161974402765607,23.828478520329085,31.400923831710614,37.5692785442832,0.0,1.4907207134355713,1.2983144203308041,1.2576978123657052,0.006601846269473432,-0.49839480184405516,-0.21070996982603377,0.00037962207830339115,-0.029369701151599127,-0.0011840971170466487,-0.03465422206438006,-0.002400143701806308,-0.03818911155620078,-0.0037128003599586,-0.043487199176360035,-1.3900445942916662,-20.41050293899768,0.0,0.0,0.02893361885522938,0.20699620536390495,0.00016743200472601593,0.0010841734655296703
2023-03-16,16985.599609375,17062.44921875,16850.150390625,16994.650390625,349800,-0.016292313325441714,-0.026354296631836326,-0.038983930181743454,-0.033315249619555155,-0.010228631373624135,-0.012971487992210137,0.005898632437291433,25.10646350798021,31.987825846432898,37.84653154719668,0.0,1.4416073636908044,1.2938999111799954,1.2563768903052135,0.006781883148774926,1.6049111084075582,1.2878773899546778,0.004324770591178542,-0.015792449641882502,0.003328137566121478,-0.02239217158192795,0.002286445903783345,-0.027127003455027776,0.001088729440323094,-0.033034725654537855,0.5869020147222841,-14.253865436991504,0.0,0.0,-0.004414509150808765,0.19032932286762372,0.0001800368793014942,0.0013168160293335852
2023-03-17,17100.05078125,17145.80078125,16958.150390625,17111.80078125,408100,-0.007920796671003223,-0.018026752155830647,-0.03127350579655851,-0.026541998145663694,-0.010186641803311799,-0.013489933325383225,0.004884255441764714,35.80035397234306,36.93274432761257,40.1905715075182,0.0,1.3650404019242695,1.2718203450899919,1.2407964695441662,0.00687576535791865,1.4401718377610266,1.8662648686373917,0.008371516654438492,0.0007198137410442621,0.008327544476005679,-0.005312436841518383,0.007710424385184947,-0.010326385122384995,0.006773251473891462,-0.016320297725580257,4.94491848117967,-4.202873171912827,0.0,0.0,-0.0220795660900035,0.12787067886435044,9.388220914372403e-05,0.0013852017360769815
2023-03-20,16988.400390625,17066.599609375,16828.349609375,17066.599609375,241800,-0.01181136686360152,-0.022266098976873545,-0.036177445437622295,-0.03258126473516347,-0.010579692745594426,-0.014228151899194198,0.003731164710180152,30.795757389242837,34.3118960383635,38.713516944007495,0.0,1.419076018710636,1.3029756959181666,1.2656360462583112,0.007104771249640933,-0.9313141150732817,-0.5183220072773688,-0.003890570192598298,0.007385626784507823,-0.004239346821042898,0.0026837505904952798,-0.004903939641063788,-0.0020345100744489364,-0.006039266589499777,-0.007902181051613888,-2.620848289249068,-0.725979284489398,0.0,0.0,0.031155350828174777,0.05131799341009291,0.00022900589172228283,0.0009321344802054035
2023-03-21,17107.5,17127.69921875,17016.0,17060.400390625,246700,-0.003999165710804571,-0.014030162147649836,-0.028299337448382107,-0.025548889136999205,-0.010071273126998907,-0.014472222935149354,0.0028305510301499825,41.05118379352222,39.26317253207783,41.10779470502313,0.0,1.2902084953951347,1.2596439719093289,1.2357501815978105,0.007053907409160056,-0.6875936924397118,-0.5292205967825737,0.007812201152796949,0.016997540284119077,0.00823593682922371,0.01446817493326132,0.007878107989240189,0.010570894935338384,0.007032375598164265,0.005142289562920444,4.951276493714332,6.4722041060755515,0.0,0.0,-0.04333172400883778,-0.009736829566245886,-5.0863840480876686e-05,0.0006194931444126403
2023-03-22,17151.900390625,17207.25,17107.849609375,17177.44921875,0,-0.0011573451872870213,-0.010439250012467356,-0.02479159161890628,-0.022795990885737798,-0.009292659640091891,-0.014503749877528737,0.002046332574676321,44.62056371700146,41.047178031927636,41.98404464452395,0.0,1.145808512199603,1.2081821157483554,1.2015520556717696,0.006984926439171944,-1.5964145395509768,-3.0361077512295025,0.0028418205235175497,0.019459738729333237,0.0035909121351824797,0.019243184185490446,0.003507745829475828,0.01647878446662052,0.0027528982512614077,0.011607988174140452,1.7840054998498047,9.646254200217022,0.0,0.0,-0.05146185616097343,-0.0901323045824487,-6.898096998811214e-05,0.00038308016969851224
2023-03-23,17076.900390625,17205.400390625,17045.30078125,17097.400390625,219200,-0.004524981894201719,-0.013441949507789713,-0.02794827822591127,-0.026806881241725405,-0.008957500139536707,-0.014703978859514761,0.0011742142507630178,39.86374063720956,38.9651817580898,40.91757425336014,0.0,1.1081769249102966,1.1937764103583952,1.1940049747056962,0.007074300814076972,-0.027178096294008157,-0.5967387821943027,-0.003367636706914697,0.011767331431239996,-0.003002699495322357,0.012912347124046613,-0.0031566866070049902,0.011035651955832185,-0.004010890355987607,0.006508368377829751,-2.081996273837838,6.9773559116569,0.0,0.0,-0.014405705389960222,-0.10012350082160015,8.937437490502773e-05,0.00029241766530204577
2023-03-24,16945.05078125,17109.44921875,16917.349609375,17076.19921875,228000,-0.010013031005354287,-0.01918135695350462,-0.03411051927017502,-0.03399094746686943,-0.009261057201046773,-0.01522112413187755,0.00012379449791216396,32.711437004342216,35.55125753032546,39.10654355926109,0.0,1.1201721376963374,1.1981078286325595,1.1999796587022162,0.0070610707560222145,0.3884657375232215,-0.48895985343881343,-0.005488049111152568,-0.0020922343343510643,-0.005739407445714906,-0.001154604797673972,-0.006162241044263751,-0.0028370134736165134,-0.007184066225144028,-0.007448949321205739,-3.4139242277643405,-1.3814867972871099,0.0,0.0,0.004331418274164278,-0.07371251645743238,-1.3230058054757542e-05,0.0001853053981035642
2023-03-27,16985.69921875,17091.0,16918.55078125,16984.30078125,218400,-0.006258137521060067,-0.015322105855892007,-0.030584835673323745,-0.03136837331611156,-0.009121049114526993,-0.015500225919764613,-0.0008082580834518256,36.790514429432875,37.37300606848302,39.956200045424666,0.0,1.0970454110028656,1.182384967422303,1.1884486206086156,0.00710274180945189,0.3501810082395087,-0.6037676985599155,0.0037548934842942198,0.005553229342541453,0.0038592510976126117,0.006943993120981538,0.003525683596851275,0.00559260976429855,0.002622574150757874,0.0012128914190519119,1.8217485381575642,3.061110030119522,0.0,0.0,-0.015722861210256456,-0.12059072849586361,4.1671053429675683e-05,-2.0294401890429484e-06
2023-03-28,16951.69921875,17061.75,16913.75,17031.75,238800,-0.006757920021820593,-0.015745771870011884,-0.03128970654617532,-0.032986784347589324,-0.009049004295497374,-0.015792601374642598,-0.001751894052207567,34.735673223909046,36.44503987292121,39.47838322133663,0.0,1.0540103663897613,1.1624930712429844,1.1757006964627092,0.007094552739122287,0.5709191539263629,-0.3693443429453193,-0.0004997825007605258,-0.0027587543110160215,-0.00042366601411987677,-0.0017156097223620485,-0.0007048708728515755,-0.002990369097793214,-0.001618411031477765,-0.007437895210590118,-0.9279661955618153,-2.8181326591566247,0.0,0.0,-0.019891896179318636,-0.09715090066634446,-8.189070329602845e-06,4.064532996223089e-05
2023-03-29,17080.69921875,17126.150390625,16940.599609375,16977.30078125,345900,0.0006548672211294137,-0.007510853737118773,-0.02300157545515378,-0.02537941982075499,-0.008160376994842206,-0.015607950753279039,-0.0024338262026461057,47.67255282561568,42.29903892680301,42.198104501963854,0.0,1.05410374352957,1.148899544221526,1.162987880109421,0.0071219091759548055,1.7680496279200422,0.93071223403157,0.007412787242950006,0.001812212408416435,0.00823491813289311,0.002928396275348583,0.008288131091021542,0.0017900161637524996,0.007607364526834335,-0.002583428935017191,5.8539990538818,1.2518608948753709,0.0,0.0,-0.01359352702145844,-0.059282571526829475,2.7356436832518156e-05,0.00013698273678286119
2023-03-31,17359.75,17381.599609375,17204.650390625,17210.349609375,263900,0.013868479886494827,0.007906143340080694,-0.006765941176503669,-0.00936363260094667,-0.005880779080025875,-0.014556994828866531,-0.002615386978896004,65.12103315296224,52.49292363456098,47.49146618712544,0.0,1.1763919989268037,1.1734950806927724,1.1723423232491526,0.007036315322113166,0.0952173695433938,-0.042548542218390856,0.013213612665365413,0.018393461780696545,0.015416997077199467,0.021348092847870405,0.01623563427865011,0.0211823370494076,0.01601578721980832,0.017443248640778737,10.193884707757974,13.527741876471183,0.0,0.0,0.02459553647124646,-0.020281329665622794,-8.559385384163988e-05,-3.798549196380643e-05
2023-04-03,17398.05078125,17428.05078125,17312.75,17427.94921875,230200,0.01313865244202092,0.009200513280067608,-0.004395964562166295,-0.007107078376613313,-0.0038870683222488934,-0.013472523708933832,-0.002723084396955824,66.88899003025762,53.701930118501075,48.16710349804006,0.0,1.0715862749284482,1.1346124654647622,1.1456167631545313,0.007058748717721107,-0.5717830910459687,-0.397923884197577,-0.0007298274444739062,0.023151683447375206,0.0012943699399869148,0.028381870233572228,0.0023699766143373737,0.029714554708008725,0.0022565542243333566,0.02688386909025612,1.2090064839400938,18.150672588175617,0.0,0.0,-0.038882615228010176,-0.06349536316779725,2.2433395607941026e-05,-2.3220383011078594e-06
2023-04-05,17557.05078125,17570.55078125,17402.69921875,17422.30078125,248300,0.018251051349865564,0.016720677950913813,0.00451755844040444,0.0019473156661449814,-0.001502943107127641,-0.012002430731617839,-0.0025586837707943805,73.41540139560287,58.43137491681804,50.88766218894476,0.0,1.0460076792492492,1.1142067740752941,1.127968954320575,0.00707044603692123,-0.3666384128882519,-0.1208122158446116,0.005112398907844644,0.02450918887092563,0.007520164670846204,0.03204278380680582,0.008913523002570735,0.03510239411372819,0.009054394042758294,0.03331568898225654,4.729444798316962,21.058368848335014,0.0,0.0,-0.020405691389468128,-0.06817819334700892,1.1697319200123547e-05,-3.2295772530659995e-05
2023-04-06,17599.150390625,17638.69921875,17502.849609375,17533.849609375,242700,0.016866924071137577,0.017386669384163205,0.006652840467023859,0.004306391292912475,0.0005111242196223373,-0.010550392726923251,-0.0023309417902429783,74.94117617084548,59.60792143345433,51.58541887819477,0.0,0.9891863956398059,1.087282051623886,1.108443998332688,0.0069813643887863125,-0.5090074923919637,-0.12156250118475845,-0.0013841272787279875,0.023624844092958168,0.0006659914332493924,0.03313244125417509,0.002135282026619419,0.03794254701319918,0.0023590756267674938,0.0372931756405018,1.176546516636293,23.162881560533123,0.0,0.0,-0.0269247224514082,-0.07521101961909848,-8.908164813491767e-05,-0.00011318835033597482
2023-04-10,17624.05078125,17694.099609375,17597.94921875,17634.900390625,254800,0.014927667616798949,0.017085424653234687,0.007757909564414806,0.005670035810454691,0.0021260205089319037,-0.009170827604770764,-0.0020718009098659026,75.89579081962484,60.323228549301675,52.00367637616265,0.0,0.8993437503223083,1.047161415692926,1.08014866013356,0.006946659400202553,0.5374629224323851,0.04390520657326779,-0.0019392564543386278,0.014272800395669536,-0.0003012447309285182,0.02459627839035346,0.001105069097390947,0.030759485019568586,0.0013636445175422155,0.03104945563120968,0.7153071158473452,18.024189622498668,0.0,0.0,-0.040120635930959825,-0.10173812852859987,-3.470498858375911e-05,-0.00017524977575225208
2023-04-11,17722.30078125,17748.75,17655.150390625,17704.80078125,304300,0.016780003033188964,0.020644057996797638,0.012844642692486911,0.01116295763269813,0.0038002861504766883,-0.007641660423339473,-0.0016603583500410183,79.49213360262073,63.099962276455926,53.642412579990655,0.0,0.8562120969890165,1.0172327209682077,1.0565161011601278,0.006878282137990905,1.6959934897229445,0.6539951105114463,0.0018523354163900146,0.002911523146694137,0.003558633343562951,0.012737914656716944,0.005086733128072105,0.019610583868990582,0.005492921822243439,0.0205265902336448,2.7767337271542516,10.607038641894945,0.0,0.0,-0.029928694724718374,-0.1562623597245647,-6.837726221164877e-05,-0.00015803318412226097
2023-04-12,17812.400390625,17825.75,17717.25,17759.55078125,232800,0.017887118290619033,0.023429503907128925,0.01727607802779546,0.016138833931411134,0.005444990428621846,-0.006012554705372122,-0.0011179306394279067,82.3151125023999,65.48543957848241,55.100316720139325,0.0,0.8033301710329023,0.9833043666788199,1.0301221782622427,0.0068544408039830605,-0.8532306872540223,-0.2648100578038352,0.0011071152574300691,0.004748465848598112,0.002785445910331287,0.014228990627061316,0.004431435335308549,0.021672042589961756,0.004975876298713005,0.023245912308024447,2.3854773020264872,11.783509459981339,0.0,0.0,-0.033928354289387785,-0.1513080987859423,-2.3841334007844092e-05,-0.0002043079137380461
2023-04-13,17828.0,17842.150390625,17729.650390625,17807.30078125,285800,0.01531199343171402,0.022065562750956485,0.017442123476327464,0.01685644395722605,0.00665171825304227,-0.004523622987731562,-0.0005756391499698309,82.793540165063,65.89651614824515,55.35242730441381,0.0,0.768307769903851,0.9573429601378651,1.0102593400680495,0.006833429299081947,0.7228896108285052,0.3958757166444467,-0.002575124858905013,-0.0029390579181515445,-0.00136394115617244,0.005344884800042672,0.0001660454485320033,0.012924565035923024,0.0007176100258149166,0.01490912829108107,0.41107656976274143,7.465141231427118,0.0,0.0,-0.0259614065409548,-0.156863813937429,-2.1011504901113573e-05,-0.0002370167378392832
2023-04-17,17706.849609375,17863.0,17574.05078125,17863.0,357400,0.006872384464191478,0.013726680833121991,0.010111042651266762,0.009846440153004284,0.006807512525609723,-0.003566679510579469,-0.0002619538714951254,66.49463380147665,59.92700547860638,52.95756170977115,0.0,0.9452216222368113,1.0116043114089552,1.0464419426427458,0.006500276221293569,1.4650290154203867,1.2240429351061775,-0.008439608967522542,-0.009994539606946098,-0.008338881917834494,-0.003659988551041214,-0.007331080825060702,0.0034582021842429027,-0.007010003804221766,0.005540048860091809,-5.9695106696387725,0.3190840451520529,0.0,0.0,0.05426135127109011,-0.07567774021493068,-0.00033315307778837826,-0.0004810881674927438
2023-04-18,17660.150390625,17766.599609375,17610.19921875,17766.599609375,258900,0.003447552732361997,0.010038209126430081,0.007152893884139833,0.007111136209264771,0.006568012823512196,-0.002856639695626686,-4.146110796943769e-05,61.08659823883189,57.755123244787164,52.05722582825586,0.0,0.9352992549400814,1.005088792919972,1.0414187351478794,0.006302660468077062,-0.6107669884898159,0.0013586386637295049,-0.0034248317318294813,-0.011480114884436952,-0.0036884717066919103,-0.007047215526804606,-0.0029581487671269287,-0.000605015680274973,-0.0027353039437395133,0.0014411003988100803,-2.1718822338192183,-2.5681053045145106,0.0,0.0,-0.00651551848898313,-0.04207262277295398,-0.00019761575321650647,-0.0006439989321254912
2023-04-19,17618.75,17666.150390625,17579.849609375,17653.349609375,281500,0.0008958842516766944,0.006968226184721065,0.00460306208344203,0.004702694902684525,0.006066906686887197,-0.002348797151465594,9.917630455541976e-05,56.34676018230026,55.82355226485184,51.25608094117249,0.0,0.8479623144085182,0.9704771833200423,1.017482883890661,0.00604526841020221,-0.03828641416202888,0.3335679711220476,-0.0025516684806853028,-0.01588411878151227,-0.003069982941709016,-0.013675831812076572,-0.002549831800697803,-0.008241580609044882,-0.0024084413065802463,-0.006460262730013605,-1.931570979935323,-7.276410011604085,0.0,0.0,-0.034611609599929816,-0.046755537648165424,-0.000257392057874852,-0.0008330137277886944
2023-04-20,17624.44921875,17684.44921875,17584.349609375,17638.599609375,215100,0.0009976731394258345,0.006626474132022347,0.004733854938674009,0.004977414964044491,0.005623190886091595,-0.001880160359362965,0.00024241247985552146,56.88405560789696,56.04150311223009,51.36293783213899,0.0,0.7917422460069219,0.941434462560734,0.9957636191962722,0.005794252431282296,-1.2507598042434054,-0.43778049155368354,0.00010178888774914016,-0.0168894451511932,-0.00034175205269871764,-0.016803029775106577,0.00013079285523197922,-0.012542223089121451,0.0002747200613599666,-0.011161418967366643,0.21795084737824766,-9.443936466252325,0.0,0.0,-0.02904272075930825,-0.04186990411808589,-0.00025101597891991415,-0.0010601883727007645
2023-04-21,17624.05078125,17663.19921875,17553.94921875,17639.75,230200,0.0007976214571072657,0.005999777412660689,0.004525554110804709,0.00490515307222782,0.005198009911313904,-0.001465431041791627,0.0003778888051873678,56.82700725418308,56.020694370415846,51.35477572907899,0.0,0.7573864245484045,0.9184868743499728,0.9778863886472764,0.005621437765290559,-0.6877526217641434,-0.21338585477216723,-0.00020005168231856886,-0.014514371974606755,-0.0006266967193616583,-0.016065785338295797,-0.00020830082786929983,-0.012916569365522754,-7.22618918166714e-05,-0.01195129088499823,-0.020808741814242637,-9.875821777829309,0.0,0.0,-0.02294758821076126,-0.03885608578789235,-0.00017281466599173689,-0.0012119915337913878
2023-04-24,17743.400390625,17754.5,17612.5,17707.55078125,255700,0.006189200347545105,0.01163406862894329,0.010879099697352446,0.01159247279223764,0.005411376190002325,-0.0007462865822757885,0.0007056957603523209,68.03131294409125,60.725021183246355,53.64312058434854,0.0,0.7618930502723205,0.9043079445052709,0.9631653232705438,0.005361244111018701,0.28563782978014685,0.14419880509770036,0.00539157889043784,-0.000683184116646373,0.005634291216282602,-0.0020926122041787006,0.006353545586547737,0.0007680570460856847,0.00668731972000982,0.0017460326392333553,4.704326812830509,0.7980157046399725,0.0,0.0,-0.014178929844701926,-0.10729636690368438,-0.00026019365427185775,-0.0011390321102748673
2023-04-25,17769.25,17807.44921875,17716.849609375,17761.55078125,297400,0.00625453777463369,0.011902067657385704,0.011861676502071572,0.012934525294087045,0.005612426747651463,-3.9916071530162336e-05,0.0010602721863369998,69.99871203442305,61.68107018897525,54.12780387294752,0.0,0.7106012321371522,0.8749120535380804,0.9402452749783781,0.005336617130555761,1.2079924961324007,0.9107438509001562,6.53374270885845e-05,0.0028069850422716928,0.000267999028442413,0.0018638585309556227,0.0009825768047191253,0.004708782617931739,0.0013420525018494056,0.005823389084822274,0.9560490057288931,3.925946944188084,0.0,0.0,-0.02939589096719042,-0.13017673938189167,-2.4626980462940685e-05,-0.0009660433375213015
2023-04-26,17813.599609375,17827.75,17711.19921875,17767.30078125,233000,0.007160777829283009,0.013098852543857427,0.013815148109245227,0.01530645842194527,0.00589585580106947,0.0007070342282879952,0.0014709883902221446,73.28904390006414,63.33033951330277,54.96556206092135,0.0,0.697921624654652,0.8571299693482167,0.924398460555945,0.005349844618417654,-0.41433754902868286,-0.7051392429928169,0.0009062400546493189,0.006264893577606314,0.0011967848864717235,0.006130626359136362,0.001953471607173655,0.009212086025803198,0.0023719331278582254,0.010603763519260746,1.6492693243275198,7.506787248450927,0.0,0.0,-0.01778208418986371,-0.11334721397182557,1.3227487861893449e-05,-0.000695423791784556
2023-04-27,17915.05078125,17931.599609375,17797.900390625,17813.099609375,241400,0.010527170861988601,0.01712390445586694,0.01880633805256082,0.02087456491611992,0.0065280120951634255,0.0016541087957164218,0.002030049074402598,79.3369850060092,66.84570115918919,56.83562466318374,0.0,0.7044345915260329,0.8447060821933522,0.9109318649412983,0.0052250188732729085,-0.3688863244598964,-0.5177144791634118,0.0033663930327055922,0.009529497722562766,0.004025051912009513,0.010497430323844592,0.004991189943315592,0.01407248311388681,0.005568106494174651,0.01589714995207543,3.515361645886422,10.804198046959101,0.0,0.0,-0.012423887154864532,-0.09672838036738185,-0.00012482574514474567,-0.0005692335580093875
2023-04-28,18065.0,18089.150390625,17885.30078125,17950.400390625,290300,0.01547998989534083,0.023252393310480277,0.026233728513519176,0.02911804586330979,0.0076539207985186365,0.0029135873246223525,0.0028105852201608075,85.13920404754067,71.2350365822212,59.41859760172607,0.0,0.7845545181791523,0.8584608816888236,0.9140874179514255,0.0052604039716247185,0.9244170651952685,0.6453523428935778,0.00495281903335223,0.014682368438233565,0.006128488854613336,0.01725261589781959,0.007427390460958357,0.021708174402714466,0.00824348094718987,0.02421289279108197,4.3893354230320085,15.214342211805352,0.0,0.0,0.013754799495471426,-0.06002599266114916,3.538509835180996e-05,-0.0003610337936658407
2023-05-02,18147.650390625,18180.25,18101.75,18124.80078125,265200,0.016406674768877173,0.025330169699647482,0.029680021480985693,0.03347858302670402,0.008779453295895998,0.004242391290029457,0.003689069872653124,87.41219598147137,73.33085387580212,60.76077459998661,0.0,0.7517988060742687,0.8388738296797207,0.8968359847955975,0.0050635844391529496,-0.009093755643137028,-0.0404818479527038,0.0009266848735363428,0.010217474421332067,0.0020777763891672053,0.013696101070704191,0.0034462929674665167,0.018800921783633247,0.00436053716339423,0.02188611023446638,2.0958172935809216,12.605832692555765,0.0,0.0,-0.019587052009102934,-0.06543411482555017,-0.00019681953247176892,-0.00029765967186575187
2023-05-03,18089.849609375,18116.349609375,18042.400390625,18113.80078125,226200,0.010749217710939089,0.020018449445478655,0.025338915505167925,0.029877582765985837,0.00917065437412037,0.005216048849490594,0.004426504438858427,77.71400559854055,69.51625028616402,59.33747967193317,0.0,0.719724364686408,0.8230016172373286,0.884564247096836,0.004960553781878677,-0.9495601493970821,-1.0118854281192502,-0.005657457057938084,0.004494679936305399,-0.005311720254168827,0.008116381788092951,-0.004341105975817768,0.013477239003096353,-0.003601000260718183,0.016943057471898792,-3.8146035896380965,7.8351800971887755,0.0,0.0,-0.01587221244239212,-0.05191043630075187,-0.00010303065727427282,-0.000376063348677084
2023-05-04,18255.80078125,18267.44921875,18066.69921875,18081.0,226600,0.0163218484715552,0.02663415515006105,0.0333371092514001,0.03891886262875152,0.010146693878533172,0.0065290581534950915,0.00540167707844647,83.7521954659642,73.73992054312517,61.98858235496515,0.0,0.7904755637301591,0.8358152796509064,0.887148375132072,0.004864612127348502,-0.846203336467826,-0.9231824979913834,0.005572630760616112,0.009161070642272192,0.006615705704582395,0.013535302606203623,0.007998193746232174,0.019521961142154872,0.009041279862765685,0.02361240420680625,4.223670256961142,10.409581029822398,0.0,0.0,0.012813662413577842,-0.02131468969731032,-9.594165453017441e-05,-0.00048523249106915186
2023-05-05,18069.0,18216.94921875,18055.44921875,18117.30078125,239700,0.00484041220925165,0.01464145568295262,0.02185138746522431,0.027998866302414833,0.009753830911470111,0.007105891191306296,0.006016020443481302,61.77274601179668,63.135680877586935,57.60447565420051,0.0,0.8606808778085814,0.8633387898295115,0.9064386419424348,0.004929778870107259,-0.35709485415476333,-0.567868655627407,-0.011481436262303552,-0.0056867586527369505,-0.01199269946710843,-0.002482448772914321,-0.011485721786175788,0.0030450494126634912,-0.010919996326336688,0.007124301386294912,-10.60423966553823,-3.7100202816022545,0.0,0.0,0.027523510178605104,0.018632707636159318,6.516674275875659e-05,-0.0002952400031656496
2023-05-08,18264.400390625,18286.94921875,18100.30078125,18120.599609375,228400,0.012814488182767021,0.023231280822152693,0.03157081217110349,0.03871149397523359,0.01028499568373662,0.008150191950983059,0.006922144093144131,71.04584722693882,68.2750441687555,60.62531423012067,0.0,0.9198384967798938,0.8783308699914699,0.9108630550303783,0.004966336845002609,-0.5316128311025045,-0.850343621325457,0.00797407597351537,-0.0026655017125738097,0.008589825139200074,-2.1112488327583445e-05,0.009719424705879179,0.005337083657584313,0.010712627672818754,0.009593448111923798,5.139363291168564,-2.9599924134656987,0.0,0.0,0.01499208016195841,0.019869988302646302,3.6557974895349774e-05,-0.0002940671266221098
2023-05-09,18265.94921875,18344.19921875,18229.650390625,18303.400390625,245400,0.010530153752032135,0.021153386953905153,0.030379072544205535,0.038398687256335134,0.010512534596250938,0.009034573755682826,0.007783169248893634,71.11065307684818,68.31275360885398,60.64836271491091,0.0,0.8612317517159629,0.8603178479506522,0.8972777693585678,0.00494162935000802,1.386473648228375,-0.3724437899727839,-0.002284334430734886,-0.005876521016845038,-0.0020778938682475406,-0.004176782745742329,-0.0011917396268979544,0.0006990510632198417,-0.00031280671889845346,0.004920104229631114,0.03770944009848165,-5.018100266948139,0.0,0.0,-0.018013022040817672,0.021444018270931564,-2.47074949945884e-05,-0.00012195508914492927
2023-05-10,18315.099609375,18326.75,18211.94921875,18313.599609375,220500,0.010814292477517074,0.021681188125465174,0.03181021812713989,0.040766243585332755,0.010750635135276151,0.00991408094755959,0.008679915454267485,73.32139009260764,69.54969503691608,61.39209986448952,0.0,0.812498337236339,0.8414948411864162,0.882105056601372,0.004918398395877811,-1.143360794625735,-1.002542601267837,0.00028413872548493924,6.507476657798515e-05,0.000527801171560021,0.0016627386799865189,0.0014311455829343553,0.006471302621971965,0.0023675563289976206,0.010888660819346918,1.2369414280620958,0.033444750752053665,0.0,0.0,-0.018823006764236094,0.01849322394908759,-2.323095413020969e-05,-4.2155386000866137e-05
2023-05-11,18297.0,18389.69921875,18270.400390625,18357.80078125,248900,0.008016451939584762,0.01875704914581571,0.02954739775787252,0.039326772659640206,0.010655180464132627,0.010591679950685062,0.009498712660597276,70.98755276784863,68.48942841918696,60.95217111550697,0.0,0.7810442665818488,0.828733386015105,0.8719793314132943,0.004929179287732479,1.036807125227452,-0.1486280962903943,-0.0027978405379323126,-0.00830539653197044,-0.002924138979649462,-0.007877106004245338,-0.002262820369267369,-0.0037897114935275776,-0.0014394709256925486,0.0004079100308886849,-1.0602666177291127,-5.250492123938201,0.0,0.0,-0.012761455171311109,-0.007081893635801362,1.0780891854668406e-05,6.456716038397668e-05
2023-05-12,18314.80078125,18342.75,18194.55078125,18273.75,241700,0.0073492665641602005,0.017920715571044868,0.02931590219552976,0.039920517403023235,0.010494323426611983,0.01119457188578021,0.010302585615236141,72.00981498847463,68.9901247645293,61.23548531071086,0.0,0.7860635834082981,0.8265885855199319,0.8681816115636284,0.005012319498286919,0.39181661904548165,-0.3730649811589349,-0.0006671853754245611,0.00250885435490855,-0.0008363335747708436,0.0032792598880922487,-0.00023149556234276086,0.00746451473030545,0.000593744743383029,0.011921651100608402,0.5006963453423339,5.854443886942363,0.0,0.0,-0.0021448004951731825,-0.03675020430957965,8.314021055443998e-05,8.254062817966007e-05
2023-05-15,18398.849609375,18458.900390625,18287.900390625,18339.30078125,216100,0.009774090070079263,0.020496155768267597,0.0326610735771125,0.044228464522319884,0.010618281656884476,0.01192059150843807,0.011201536729895531,76.55952524399882,71.30832687774925,62.56542284129454,0.0,0.81185936416392,0.8304264089311506,0.8673199224780279,0.0051251672111973885,-1.2195145988428946,-1.0137746810224033,0.0024248235059190623,-0.003040398112687758,0.0025754401972227295,-0.0027351250538850957,0.003345171381582742,0.0010902614060090132,0.004307947119296648,0.005516970547086296,2.3182021132199537,3.0332827089937524,0.0,0.0,0.0038378234112187437,-0.047904461060319314,0.0001128477129104695,0.0001588303661947798
2023-05-16,18286.5,18432.349609375,18264.349609375,18432.349609375,219500,0.0029501197959824863,0.012951078378399102,0.02529561015128113,0.03746130506942091,0.009971541340910339,0.012186700854935653,0.011865548625868734,61.076983933677,64.38002205151983,59.72497362685559,0.0,0.8372199533082778,0.8414700068532547,0.8748420350108924,0.005116127946253844,-0.6612998801112688,-1.0122962917074776,-0.006823970274096777,-0.007580033956049649,-0.007545077389868496,-0.008202308575506051,-0.007365463425831373,-0.005083462392924405,-0.006767159452898977,-0.0009373821869142276,-6.928304826229422,-3.932731557334151,0.0,0.0,0.011043597922104076,-0.018847841097397566,-9.039264943544283e-06,0.0001744985962458239
2023-05-17,18181.75,18309.0,18115.349609375,18300.44921875,229900,-0.002288020838413455,0.006494526301587726,0.018646573823849485,0.03119504746266889,0.008802687873289316,0.012073634982313354,0.012318770770233172,50.064149440405174,58.65762049448665,57.21350403807627,0.0,0.8866509523801316,0.8619438868515588,0.8887012330575692,0.004813897401946725,-0.09391937648918161,-0.5257851676987664,-0.005238140634395941,-0.013102313315930529,-0.006456552076811376,-0.015186661823877448,-0.006649036327431645,-0.013163644303290405,-0.0062662576067520175,-0.009571196122663866,-5.72240155703318,-10.892074542429427,0.0,0.0,0.02047387999830408,0.020449045665142607,-0.00030223054430711903,-0.00010450099393108543
2023-05-18,18129.94921875,18297.19921875,18104.849609375,18287.5,272100,-0.004201646885496162,0.0032961580805060528,0.015117633784595224,0.02796808844101452,0.0075294410184067306,0.011782638265759808,0.012659079331042456,45.346807922043084,56.00648171699372,56.00574286339642,0.0,0.9235373330739196,0.8784454057962491,0.8993218103716245,0.004822706554098994,1.6043127026626136,1.273409007683612,-0.0019136260470827074,-0.012218098825080924,-0.003198368221081673,-0.015460891065309658,-0.003528940039254261,-0.014429763973277297,-0.0032269590216543707,-0.011358684218625688,-2.651138777492932,-12.482946702193246,0.0,0.0,0.01650151894469032,0.049712019781144035,8.809152152268462e-06,-0.00010647273363348538
2023-05-19,18203.400390625,18218.099609375,18060.400390625,18186.150390625,260900,-0.0001368836431740201,0.006687238022143783,0.018462202695078426,0.03180287240107322,0.0068250559038347865,0.011696745750019763,0.013098836334517274,52.71708666758404,58.84674937470606,57.330264789241575,0.0,0.9091121427907998,0.8742877503050134,0.8942941836769123,0.004953926330975255,0.8379643012885695,0.7163450958955327,0.004064763242322142,-0.0074861502073342205,0.0033910799416377304,-0.011233477548901085,0.003344568910483202,-0.010853699500451335,0.0038347839600587005,-0.008117645001950016,2.8402676577123387,-10.143375389823241,0.0,0.0,-0.004157655491235701,0.047699164785081516,0.00013121977687626137,-5.839316731166399e-05
2023-05-22,18314.400390625,18335.25,18178.849609375,18201.099609375,262600,0.004871120664183046,0.011646218048168261,0.023682078332735848,0.03770121955352892,0.00674225504610693,0.011897301714614342,0.013694819434199682,61.79962173757157,62.759604685499056,59.2528217639138,0.0,0.8936767424304102,0.8679164404455905,0.8872121797319699,0.00498246693362115,0.5942265002007128,0.7172007853572154,0.005008004307357066,-0.004902969405896217,0.004958980026024478,-0.008849937720099336,0.005219875637657422,-0.008978995244376654,0.005898347152455699,-0.006527244968790966,3.912855310792999,-8.548722192250196,0.0,0.0,-0.006371309859422913,0.03749003151443986,2.8540602645894635e-05,-0.00014270027757623885
2023-05-23,18348.0,18419.75,18324.19921875,18362.900390625,270400,0.005487111998671034,0.012259665044558906,0.024533177147883126,0.03919546120396771,0.006735594086756255,0.012124865315841608,0.01431118521403256,64.22636570107191,63.87915465490702,59.82110233116748,0.0,0.828467142578373,0.8454590632087012,0.8707583096081809,0.004955294198463431,0.6575055282759672,0.9999137512169333,0.0006159913344879883,0.002536992202688548,0.0006134469963906455,-0.0006914133338401952,0.0008510988151472776,-0.000762433003398004,0.0014942416504387934,0.0017341561345468048,1.119549969407963,-0.5008673966128114,0.0,0.0,-0.02245737723688923,0.003989056355446552,-2.7172735157718342e-05,-0.0001608337477904129
2023-05-24,18285.400390625,18392.599609375,18262.94921875,18294.80078125,232600,0.0016820408113636873,0.007999089854011213,0.02019601135024047,0.03528269817514476,0.006306441350920806,0.012100131457455721,0.01478802765062461,56.4338110171149,60.24524557434696,58.25144929863476,0.0,0.8068502522748482,0.838402347814882,0.86589639627468,0.004927624743134729,-1.704592013003004,-0.5343538394936577,-0.003805071187307347,0.003970061649777142,-0.004260575190547693,0.0015045635524234876,-0.004337165797642657,0.0015494375263909836,-0.003912763028822951,0.004087650712475872,-3.633909080560059,1.5876250798603095,0.0,0.0,-0.007056715393819246,-0.023541539036676773,-2.7669455328701957e-05,0.00011372734118800416
2023-05-25,18321.150390625,18338.099609375,18202.400390625,18268.900390625,235900,0.0029765725098085363,0.009055284255157635,0.021301851258056965,0.036921873784629675,0.0060606717165267105,0.01213666604197929,0.015294227174200944,59.69222700073541,61.589118717395465,58.890289677447676,0.0,0.7923546283931079,0.8299023313552476,0.8583240599959652,0.004982861657781941,-0.9717081044613571,-0.3819459589514214,0.001294531698444849,0.007178219395304698,0.0010561944011464215,0.005759126174651582,0.0011058399078164964,0.006184217473461741,0.0016391756094849136,0.008953785343615156,1.343873143048505,5.582637000401746,0.0,0.0,-0.008500016459634385,-0.04854307444100148,5.523691464721144e-05,0.00016015510368294714
2023-05-26,18499.349609375,18508.55078125,18333.150390625,18368.349609375,198700,0.010392986976293466,0.017124969224753362,0.02997382719992254,0.046517918769499615,0.006662736514636803,0.012632526350191263,0.016062632984134843,71.90986635036738,67.48866296704605,61.903696772926466,0.0,0.830379812505058,0.8355582922864346,0.8578158018700748,0.005015866377234603,-1.4588178608533806,-1.8800097947280896,0.00741641446648493,0.010529870619467486,0.008069684969595727,0.010437731202609579,0.008671975941865574,0.011511624504844113,0.00959604498486994,0.014715046368426396,5.899544249650589,8.641913592339996,0.0,0.0,0.005655960931187032,-0.038729458018578744,3.300471945266205e-05,6.194004625934783e-05
2023-05-29,18598.650390625,18641.19921875,18581.25,18619.150390625,265300,0.012903724645729113,0.02048946934940445,0.03406283933930464,0.05158989294294402,0.007489107324912354,0.013300842779449417,0.016949698738654963,76.53400751409326,70.23238311230047,63.45187046160227,0.0,0.8132945691157948,0.8262107388109516,0.8489239870801882,0.004964794977076492,0.8554929036397824,1.2137068260402941,0.0025107376694356465,0.008032603981546066,0.0033645001246510875,0.008843251301236189,0.004089012139382099,0.01038076100656879,0.005071974173444405,0.013888673389415102,2.7437201452544144,7.472778426801412,0.0,0.0,-0.009347553475482995,-0.041705701634638825,-5.107140015811126e-05,-1.767195654465807e-05
2023-05-30,18633.849609375,18662.44921875,18575.5,18606.650390625,234400,0.012093451022061118,0.020341099189908358,0.03455851452883229,0.053018697334807685,0.008149097456878479,0.013933982812425895,0.017843536684227758,78.02969388013811,71.16144266864212,63.9898141745652,0.0,0.7427305548553872,0.7990764391783642,0.8291917731270708,0.004776617842899536,0.04320339325899573,-0.22227832355330568,-0.0008102736236679942,0.006606339023390084,-0.00014837015949609178,0.008081434145349451,0.0004956751895276515,0.010025337380949163,0.0014288043918636653,0.013823236130839973,0.9290595563416559,7.282288013735105,0.0,0.0,-0.0271342996325874,-0.046382624030336994,-0.00018817713417695545,-0.00017867635556389518
2023-05-31,18534.400390625,18603.900390625,18483.849609375,18594.19921875,696500,0.005468527933849773,0.013523068666464477,0.027866615560514996,0.04690496525426435,0.008010733810998623,0.014152166179032252,0.01852219870315312,64.48226105893238,64.98983959014198,61.34430921774483,0.0,0.7592338177116411,0.8037884309595011,0.8324821210872284,0.004817309565490369,1.7773384090808297,4.173043259897197,-0.006624923088211346,0.0037864871224860853,-0.006818030523443881,0.005523978812453263,-0.006691898968317293,0.007670604210274528,-0.006113732080543333,0.011622267079119591,-6.171603078500141,4.744594015795023,0.0,0.0,0.004711991781136904,-0.034613916855380844,4.069172259083247e-05,-0.00011031517764436075
2023-06-01,18487.75,18580.30078125,18464.55078125,18579.400390625,265600,0.0024023724416945337,0.00996466892054319,0.024264106050684308,0.043810149522132955,0.007544172566579317,0.014158353821846511,0.0190830112624111,58.88703674439387,62.26202362331129,60.13490211443091,0.0,0.7341377319606919,0.7929790417740828,0.8246545209288495,0.004829112345977909,-0.3235131744038262,0.012969094348771507,-0.003066155492155239,-0.0005742000681140027,-0.003558399745921287,0.0009093846653855549,-0.0036025095098306884,0.002962254792627343,-0.003094815732131398,0.00688827573750328,-2.72781596683069,0.6729049059158285,0.0,0.0,-0.010809389185418294,-0.03692328958116475,1.1802780487540042e-05,-0.00015374931180403215
2023-06-02,18534.099609375,18573.69921875,18478.400390625,18550.849609375,270900,0.004018132284938481,0.011347740202750785,0.025752649200946696,0.045943843154882584,0.007300274449358425,0.014243279957601997,0.019684271807306242,62.64430064225167,63.88400071090127,60.928576796312754,0.0,0.6886776652095186,0.7712234848368021,0.807905998302487,0.004767678333004434,-0.3855972887267152,0.0491048946424335,0.001615759843243947,-0.0063748546913549855,0.0013830712822075954,-0.005777229022002577,0.0014885431502623878,-0.004221177998975843,0.0021336936327496295,-0.0005740756146170312,1.6219770875899755,-3.6046622561447847,0.0,0.0,-0.021755556937280707,-0.06433480744963249,-6.143401297347469e-05,-0.0002481880442301689
2023-06-05,18593.849609375,18640.150390625,18582.80078125,18612.0,256100,0.005927986144390725,0.013262487719230538,0.027888090368828514,0.0488010931113866,0.007291278974106422,0.014434169651852985,0.02034560273487948,67.15826049724112,65.91763274004524,61.94152484953194,0.0,0.6632425366814907,0.7545744188431301,0.7941214807463212,0.004602432246837664,-0.44938948269460044,-0.10754588979072467,0.0019098538594522442,-0.006975738501338388,0.0019147475164797527,-0.007226981630173912,0.002135441167881818,-0.006174748970476124,0.002857249956504014,-0.0027887998315574217,2.0336320291439662,-4.314750372255233,0.0,0.0,-0.016649065993671996,-0.0716363199678215,-0.00016524608616676987,-0.0003623627302388275
2023-06-06,18599.0,18622.75,18531.599609375,18600.80078125,220800,0.005072421553107121,0.012296819902481854,0.027038121315232942,0.04857940160985762,0.007187938097247854,0.014562232265207718,0.020974177927338026,67.55256365829646,66.09485784801419,62.02952238911873,0.0,0.6284635409310617,0.7354880887688245,0.7794339858362216,0.004516504014482638,-0.6085095063082686,-0.4358736246655301,-0.0008555645912836042,-0.007021029468953998,-0.0009656678167486842,-0.008044279287426504,-0.0008499690535955715,-0.007520393213599347,-0.0002216915015289811,-0.004439295724950068,0.17722510796895108,-5.066584820627938,0.0,0.0,-0.019086330074305602,-0.0635883504095397,-8.592823235502572e-05,-0.00026011382841689776
2023-06-07,18726.400390625,18738.94921875,18636.0,18665.599609375,260100,0.00976179298739086,0.017452128104376036,0.03269329205372073,0.05517655453612645,0.007615989405019216,0.01497973568323125,0.021771481092603188,75.90207609339217,70.21997118677244,64.15553624724791,0.0,0.6488176499368303,0.7316880995841184,0.7728553567017394,0.004479933580262379,0.2733012615771404,-0.07614456036962888,0.0046893714342837395,0.0042932650535410875,0.005155308201894183,0.00392905943791156,0.005655170738487786,0.004826676493205732,0.006597152926268834,0.008271589281862099,4.125113338758254,5.230131596630457,0.0,0.0,-0.003799989184706143,-0.07210033137538274,-3.657043422025923e-05,-0.00033737598522798947
2023-06-08,18634.55078125,18777.900390625,18615.599609375,18725.349609375,286500,0.003931275753861616,0.011316006934274793,0.026515933652462183,0.049478963875961096,0.007355813449349818,0.015029848844442577,0.022369872177038497,62.396980966191464,64.1592942918283,61.5777627265809,0.0,0.6958059280196616,0.7449854707557488,0.7811553382647561,0.004526514630974678,1.1354992079600608,0.16173390648621389,-0.005830517233529244,0.0015289033121670824,-0.0061361211701012434,0.0013513380137316032,-0.006177358401258545,0.0022518276017778754,-0.005697590660165355,0.005668814353828142,-6.060676894944137,1.8972706685170095,0.0,0.0,0.013297371171630434,-0.047993571018334014,4.6581050712298476e-05,-0.00030259771500323104
2023-06-09,18563.400390625,18676.650390625,18555.400390625,18655.900390625,221800,8.023611670343784e-05,0.006772322214755715,0.021691135022629784,0.04499902990772905,0.00669154919413021,0.014818457439369019,0.022813053853680553,53.75334869583088,59.84997090016226,59.65231314860108,0.0,0.6894116622149122,0.7410784530174426,0.7779121178988457,0.004498756397416337,-0.9768582800198081,-0.45465648888380966,-0.0038510396371581783,-0.003937896168235043,-0.004543684719519078,-0.00457541798799507,-0.0048247986298324,-0.004061514178316912,-0.0044799339682320485,-0.0009448132471535364,-4.309323391666041,-4.034029810739007,0.0,0.0,-0.003907017738306262,-0.03014503181935957,-2.7758233558340326e-05,-0.00026892193558809667
2023-06-12,18601.5,18633.599609375,18559.75,18595.05078125,179500,0.0017443462123863823,0.008028663799487154,0.022833892678169473,0.046652813853090766,0.006273374649791526,0.014687309409315877,0.023287184112128184,57.436816142179524,61.347100854009255,60.340946560121495,0.0,0.6298014656468234,0.7150925981870161,0.7582564212128491,0.004374678929989261,-1.3222925798537182,-0.8353758547874192,0.0016641100956829445,-0.004183639932004343,0.0012563415847314388,-0.005233823919743384,0.0011427576555396897,-0.00505419769065904,0.0016537839453617184,-0.002148279258295832,1.4971299538469935,-4.57053188603598,0.0,0.0,-0.02598585483042648,-0.03948182065611405,-0.00012407746742707643,-0.00022775331684840323
2023-06-13,18716.150390625,18728.900390625,18631.80078125,18631.80078125,233200,0.006469540000593302,0.012930214697550091,0.027963506920790866,0.05254769837070498,0.00641914577658553,0.014841389865865097,0.02391543209890274,66.73780719911808,65.51436955542235,62.34645547368823,0.0,0.6368942936606448,0.708568229404638,0.7501394435969765,0.004187689106754175,-0.07473011212234364,-0.3301531640328869,0.004725193788206919,0.001397118447486181,0.0049015508980629376,0.0006333947950682376,0.005129614242621393,0.000925385605557924,0.0058948845176142114,0.0039682967608473604,4.167268701413093,-0.5804882925918378,0.0,0.0,-0.006524368782378054,-0.026919859364186505,-0.00018698982323508626,-0.00032881490772846377
2023-06-14,18755.900390625,18769.69921875,18690.0,18744.599609375,261400,0.007031181215858886,0.013691692158194326,0.02893030409235746,0.05420847997273945,0.006614006662925512,0.01503278763360431,0.024567432584931433,69.43908846882144,66.84885618169159,63.018841418372816,0.0,0.5934213580612815,0.6869138403864878,0.7331391307395171,0.004138354661058398,0.6136745392625201,-0.07554962445944824,0.0005616412152655847,-0.0027306117715319737,0.0007614774606442345,-0.0037604359461817106,0.0009667971715665927,-0.003762987961363269,0.001660781602034471,-0.000968074563387003,1.3344866262692392,-3.3711150050808527,0.0,0.0,-0.0216543890181502,-0.04477425919763056,-4.9334445695776996e-05,-0.00034157891920398153
2023-06-15,18688.099609375,18794.099609375,18669.05078125,18774.44921875,263000,0.002772630673756789,0.009107419659237037,0.02419823630065932,0.0498711397625125,0.0063172735191465495,0.014954618653500994,0.025066342190338195,59.77840967612777,62.41246684454721,61.08923265013651,0.0,0.6102866693814072,0.6879581312965755,0.7326245527640493,0.003985363807260575,0.912058005883231,-0.05580603509232991,-0.004258550542102097,-0.001158645080104827,-0.004584272498957289,-0.002208587275037756,-0.004732067791698141,-0.002317697351802865,-0.004337340210226949,0.0003921758865514033,-4.4363893371443766,-1.7468274472810918,0.0,0.0,0.0010442909100876197,-0.057027339459173376,-0.0001529908537978228,-0.0005411508237141028
2023-06-16,18826.0,18864.69921875,18710.5,18723.30078125,272800,0.008307294519551195,0.015026180232034838,0.030472569048539212,0.057012188385120226,0.006663529807830187,0.015217724544773152,0.025754804284684355,69.76109324383873,67.18283804151498,63.44978609540882,0.0,0.6722655179878231,0.7011433732954747,0.7372963766019316,0.003956587222946597,0.8129063024029302,0.03261380524835082,0.005534663845794406,0.008227058402847758,0.005918760572797801,0.008253858017279122,0.006274332747879894,0.008781434025909429,0.007141048622607726,0.012013158477391178,4.770371196967773,7.332867141352722,0.0,0.0,0.013185241998899255,-0.03993507972196786,-2.8776584313977734e-05,-0.0005421691744697402
2023-06-19,18755.44921875,18881.44921875,18719.150390625,18873.30078125,219800,0.0037022061405249233,0.010191739477646077,0.02554063797344562,0.05249543415777095,0.006465596366550755,0.01519404475009488,0.02628349885538448,60.760113870402634,62.79212981467257,61.471238051752145,0.0,0.7129039096778369,0.715320908741232,0.7460351569437115,0.0038631822916311703,-1.34797590218857,-0.45341837111196875,-0.004605088379026272,0.001957859928138541,-0.00483444075438876,0.0021630756781589235,-0.004931931075093592,0.0027067452952761473,-0.004516754227349276,0.005842620304680184,-4.390708226842413,1.4450289606633149,0.0,0.0,0.014177535445757283,0.00022831055421590474,-9.340493131542674e-05,-0.0005114966383580905
2023-06-20,18816.69921875,18839.69921875,18660.650390625,18752.349609375,211600,0.005703682095125027,0.01224928653939661,0.027725421112815066,0.055345241817269276,0.006508482131273001,0.015288856983369311,0.026874708104960204,65.29549139310441,64.93473572042606,62.52338247462001,0.0,0.7587751101915777,0.7300317405143296,0.7535084341339824,0.003980017085567269,-1.2229060768987912,-0.500175326416306,0.0020014759546001033,-0.000765857905468275,0.0020575470617505334,-0.0006809281581534807,0.0021847831393694457,-0.00023808580797579984,0.002849807659498327,0.002797543446564299,2.1426059057534914,-0.5796338349962866,0.0,0.0,0.014710831773097621,0.02146351110969158,0.00011683479393609884,-0.00020767202118690542
2023-06-21,18856.849609375,18875.900390625,18794.849609375,18849.400390625,217500,0.006413260191390697,0.013082124628284305,0.02871138978519295,0.05699133172579116,0.006626367815965961,0.015427441445226633,0.027490647251901625,68.11398123420196,66.30450581962575,63.206413414589896,0.0,0.6916918951845717,0.7071447770604808,0.7365667811380359,0.003955581928781923,-0.6789910108600505,-0.43583191719976266,0.0007095780962656706,-0.0006179210244681892,0.0008328380888876948,-0.0006095675299100205,0.0009859686723778828,-0.00021891430716450971,0.001646089908521886,0.002782851753051714,1.369770099199684,-0.5443503620658419,0.0,0.0,-0.022886963453848774,0.020230936673993005,-2.4435156785346593e-05,-0.00018277273227647502
2023-06-22,18771.25,18886.599609375,18759.5,18853.599609375,252700,0.0015087970081804434,0.007706143538215561,0.02307704667264951,0.051647021733987906,0.006188010078941421,0.015253358563900662,0.027925536160014967,56.66703020893723,60.84720503911501,60.758135561636394,0.0,0.6912963293502157,0.7079928698240984,0.7369338021889539,0.0038978354354743954,0.6703195068885033,-0.11095208230317494,-0.004904463183210254,-0.0012638336655763456,-0.005375981090068744,-0.0014012761210214757,-0.00563434311254344,-0.001121189628009809,-0.005344309991803256,0.001775881971475407,-5.457300780510735,-1.5652618054322005,0.0,0.0,0.0008480927636175251,0.02003473852752291,-5.774649330752722e-05,-8.752837178617945e-05
2023-06-23,18665.5,18756.400390625,18647.099609375,18741.849609375,210600,-0.0033843491883222047,0.0018443096571722718,0.016623179983785007,0.045246912257351904,0.005246414544299077,0.014751663690808419,0.028155695086574208,45.6175694449163,54.841830891918235,57.885552471500084,0.0,0.6891969028610104,0.708656092456338,0.7374910211206772,0.003812668360437207,-0.6822388945167387,-0.5172362080901592,-0.0048931461965026485,-0.0116916437078734,-0.005861833881043289,-0.013181870574862566,-0.006453866688864503,-0.013849389064754206,-0.0064001094766360025,-0.011765276127768322,-6.005374147196775,-12.341007149596749,0.0,0.0,0.0006632226322396129,0.007512719160863268,-8.516707503718841e-05,-0.00014391886250939012
2023-06-26,18691.19921875,18722.05078125,18646.69921875,18682.349609375,171300,-0.0016469307610201883,0.0029297585557085566,0.017303886860776205,0.046200040106259645,0.004584239241351202,0.0143321385993845,0.02840464252491158,48.466529479164365,55.97889411465307,58.381446586258015,0.0,0.6312272928130925,0.6859287012490763,0.7206037910556481,0.003699974986533881,-1.4335299089073608,-0.8298833321688033,0.0017374184273020164,-0.005349136901545112,0.0010854488985362848,-0.007261980921937521,0.0006807068769911981,-0.008236751112669416,0.0009531278489077408,-0.006295394051511305,1.137063222734838,-6.813235700019497,0.0,0.0,-0.022727391207261638,-0.029392207492155653,-0.00011269337390332592,-0.0001632073050972893
2023-06-27,18817.400390625,18829.25,18714.25,18748.55078125,222500,0.004163841332616232,0.008811722524431053,0.023202683501487607,0.05270595928711967,0.004628608400842896,0.014265259468877788,0.028834243949272417,60.363013549924666,61.151934139302185,60.73590575648937,0.0,0.6483218424210934,0.6850645240283597,0.7166215781407379,0.003756532004685405,0.25950353199422893,-0.34635170896755074,0.00581077209363642,-0.0015398407625087946,0.005881963968722497,-0.003437564014965557,0.005898796640711402,-0.00452273761132746,0.006505919180860027,-0.0026392825301496045,5.1730400246491115,-3.782801581123877,0.0,0.0,-0.0008641772207166332,-0.04496721648596991,5.655701815152417e-05,-0.00022348508088186397
2023-06-28,18972.099609375,19011.25,18861.349609375,18908.150390625,398800,0.0101382265699953,0.015526072213191834,0.03033711118250863,0.06071271288386001,0.005333770667695047,0.014584597456014382,0.029481226456542532,70.20093577795537,66.36908078280072,63.370162919846756,0.0,0.7187806210664082,0.7039272688911306,0.7255869462910498,0.003861844235203449,1.6865607455343248,3.220599424935287,0.005974385237379067,0.0037249663786046022,0.006714349688760781,0.002443947584907529,0.007134427681021023,0.0016257213973156805,0.008006753596740336,0.0037213811580688455,5.217146643498538,0.06457496317497657,0.0,0.0,0.01886274486277084,-0.0032175081693502916,0.00010531223051804366,-9.373769357847372e-05
2023-06-30,19189.05078125,19201.69921875,19024.599609375,19076.849609375,247900,0.017676194484239207,0.02461100031895418,0.04040083037118982,0.07206522288263723,0.006814353988332751,0.015410560737021543,0.030434801268036583,78.80715899739302,72.04006418344152,66.62652140833282,0.0,0.8078260043365457,0.7317218873537016,0.7401991914772016,0.003939344064486596,-0.02650437471483101,0.08324954319416702,0.007537967914243908,0.016167397476058762,0.009084928105762346,0.01690485678073862,0.010063719188681191,0.01732378369854031,0.011352509998777217,0.02041820114864932,5.670983400640793,11.192859144326505,0.0,0.0,0.02779461846257103,0.023729017529603214,7.74998292831469e-05,4.1508629012200395e-05
2023-07-03,19322.55078125,19345.099609375,19234.400390625,19246.5,226100,0.02016436074027329,0.02877090624972742,0.04568544985974557,0.07867014919107063,0.008436430285810875,0.016441506566003385,0.03154361508592205,82.44661805263338,74.85037934108092,68.41815131673097,0.0,0.803315675757715,0.7324473393068379,0.7385382023194511,0.003941635790584677,-0.3163625500178732,-0.3299112943244731,0.002488166256034083,0.023548709928595493,0.004159905930773242,0.02692659659255515,0.005284619488555749,0.029062269875960563,0.006604926308433401,0.03342323693371872,2.8103151576394083,20.00854844916269,0.0,0.0,0.0007254519531363357,0.023791246850499936,2.2917260980815854e-06,0.0001289674301474704
2023-07-04,19389.0,19434.150390625,19300.0,19406.599609375,226900,0.01928552579085302,0.02928561462423061,0.04725756775389447,0.08149314049844852,0.009810880837946389,0.01746060847865344,0.03269069023581352,84.03838636629486,76.13611952610918,69.26971340537985,0.0,0.778827900513801,0.7272194133309082,0.7339062586461975,0.004006083837796701,-0.49544695816458684,-0.2822192820827008,-0.00087883494942027,0.02093245655187321,0.000514708374503188,0.026355856068522053,0.0015721178941488986,0.029953680893118263,0.002822991307377898,0.03529310039218888,1.28574018502826,20.15722541145611,0.0,0.0,-0.0052279259759296925,0.04129071208183188,6.444804721202329e-05,0.0003061088512628196
2023-07-05,19398.5,19421.599609375,19339.599609375,19405.94921875,224400,0.016129658536873502,0.027008612472257002,0.04581150911375013,0.08114066555491933,0.010706265528208398,0.018308411841094517,0.03378157166305056,84.27621096700959,76.32248961998944,69.3920737438522,0.0,0.707299808255776,0.705138260564877,0.7187452367520376,0.004032823363133778,-0.53528362678941,-0.3394277414685862,-0.0031558672539795177,0.011965817204257271,-0.0022770021519736075,0.01819688994782595,-0.0014460586401443404,0.02260882561226252,-0.00035247494352919073,0.02843470626779966,0.1863700938802566,15.170555480687256,0.0,0.0,-0.022081152766031176,0.02007373653651734,2.673952533707724e-05,0.00027629135844837267
2023-07-06,19497.30078125,19512.19921875,19373.0,19385.69921875,268300,0.017364124136909565,0.0292228890721015,0.04903430668903099,0.08571109276641228,0.01165636241129736,0.019248908887743964,0.03496242767611748,86.68361924569417,78.2269659017742,70.65238527193925,0.0,0.7057606995832341,0.7024490325412994,0.7150477236932107,0.004037935898693273,1.546547487540173,0.5793871163464855,0.001234465600036063,0.007225897566914266,0.002214276599844498,0.013696816858909666,0.003222797575280864,0.018697195506522362,0.00457042721149295,0.024998379882552275,1.9044762817847527,11.85788511897347,0.0,0.0,-0.002689228023577628,-0.0014782363498311302,5.112535559495014e-06,0.00017609166348982403
2023-07-07,19331.80078125,19523.599609375,19303.599609375,19422.80078125,237100,0.00713008394807661,0.01858945193585136,0.038495435845117144,0.07567644514361252,0.011378240180109193,0.019542695903078545,0.03580276620882579,66.72022255252762,68.31463906338352,65.93610933751813,0.0,0.7970464358619095,0.7391454673425638,0.7410193583790254,0.004292885733972172,0.02930380304732704,-0.027285463887094897,-0.010234040188832956,-0.010546110536162598,-0.010633437136250139,-0.006021548383102818,-0.010538870843913847,-0.0019053945260726762,-0.010034647622799764,0.003611222260975294,-9.912326838390669,-3.7254251200579915,0.0,0.0,0.03669643480126439,0.007423579988862228,0.000254949835278899,0.0003535416694855761
2023-07-10,19355.900390625,19435.849609375,19327.099609375,19400.349609375,268200,0.006850503145741025,0.018021334019045314,0.03817010100972222,0.07619268389980616,0.011094825734707226,0.019792087176730977,0.036624617539171324,67.97327354852315,68.93198601494427,66.27606082632887,0.0,0.7492120767584699,0.7256265311172185,0.7316085146504714,0.0042097674336906785,1.06666832848901,0.592243986829191,-0.0002795808023355849,-0.013313857594532266,-0.0005681179168060477,-0.010749572230682108,-0.0003253348353949234,-0.007515348850023348,0.0005162387561936377,-0.002477465291264469,0.6173469515607479,-5.918393326136652,0.0,0.0,-0.01351893622534528,-0.006820808189619387,-8.311830028149333e-05,0.0002681316431060012
2023-07-11,19439.400390625,19515.099609375,19406.44921875,19427.099609375,251300,0.009140113030413377,0.02033402922903903,0.04090777820646892,0.07996665276978816,0.01109252922769139,0.020163738920846677,0.03752385694592411,72.20382204549963,71.03754393644522,67.4434919149779,0.0,0.7605853854156261,0.7293983611648726,0.7327747881551054,0.004230998655738411,0.07462311953434018,0.15901139117577195,0.0022896098846723516,-0.010145412760439643,0.002312695209993717,-0.008951585395191579,0.002737677196746696,-0.006349789547425551,0.0037739688699820056,-0.0015264877286603612,2.105557921500946,-5.098575589663966,0.0,0.0,0.0037718300476540234,0.0021789478339643287,2.123122204773266e-05,0.00022491481794171056
2023-07-12,19384.30078125,19507.69921875,19361.75,19497.44921875,327900,0.005132139236675875,0.01583122873914326,0.03641466892975494,0.07608211369694555,0.010644460648320885,0.020262657426037185,0.038273719927326845,65.53894129581754,67.77346883003979,65.88278547907993,0.0,0.7607828423683165,0.7330040367282282,0.7357180316684271,0.00427173804325953,1.6571506865256533,1.6477138779446339,-0.004007973793737502,-0.010997519300197628,-0.004502800489895771,-0.011177383733113742,-0.00449310927671398,-0.00939684018399519,-0.0038845390728426132,-0.005058551857973784,-3.2640751064054285,-8.549020789949651,0.0,0.0,0.0036056755633556703,0.027865776163351175,4.0739387521119066e-05,0.00023891468012575238
2023-07-13,19413.75,19567.0,19385.80078125,19495.19921875,310400,0.005441820249330121,0.01577010057345826,0.03644515317169356,0.07688417280668304,0.010272379879292194,0.02035406691589278,0.039017037719014255,67.4144917150119,68.60381470150651,66.31484074572808,0.0,0.7959193422983917,0.7468342255895039,0.7444343612523036,0.004440518039562678,0.810133719571339,1.1844516372946448,0.0003096810126542457,-0.011922303887579444,-6.112816568500101e-05,-0.013452788498643242,3.0484241938626144e-05,-0.012589153517337429,0.0008020591097374907,-0.008826919959729243,0.8303458714667187,-9.623151200267685,0.0,0.0,0.013830188861275627,0.04438519304820443,0.0001687799963031476,0.00040258214086940497
2023-07-14,19564.5,19595.349609375,19433.5,19493.44921875,291200,0.010814196830322483,0.021460818951309586,0.04267397582431654,0.08432655263443423,0.01053271922216014,0.020767469960116147,0.03994784350226831,75.40781777088193,72.50870544369303,68.43674292923433,0.0,0.8174712102397874,0.7544460967897285,0.7477226428157369,0.004548417877799868,0.0452630227251057,0.7590491077638621,0.005372376580992362,0.0036841128822458725,0.0056907183778513275,0.0028713670154582246,0.006228822652622978,0.004178539979199397,0.007442379827751186,0.008650107490821707,3.9048907421865238,4.194066380309508,0.0,0.0,0.0076118712002246625,0.015300629447164704,0.00010789983823719044,0.00025553214382769644
2023-07-17,19711.44921875,19731.849609375,19562.94921875,19612.150390625,268700,0.01500957956296122,0.026414609954049997,0.04842898662896255,0.09146667554521891,0.011236377095080727,0.02144784033802684,0.041049693842056395,80.77190699726421,75.68357814449871,70.32631092457268,0.0,0.8204744373287968,0.7565390236403567,0.7476110252944912,0.00461609068853326,-0.6873360511263127,0.3180831589891921,0.004195382732638737,0.008159076417220194,0.004953791002740411,0.008393275935004683,0.0057550108046460074,0.010258885619240328,0.0071401229107846825,0.015273991645412752,3.174872700805679,6.751592129554439,0.0,0.0,0.0020929268506282295,0.030912492523138213,6.76728107333914e-05,0.00040632325484258117
2023-07-18,19749.25,19819.44921875,19690.19921875,19787.5,286400,0.013830510118188259,0.025736295481339575,0.04836587510761259,0.09254269350940197,0.011743368585113292,0.022061790857906417,0.042138741302748646,81.95325561089777,76.43740637287132,70.79275445643896,0.0,0.7860142620783699,0.7479027127770306,0.7418122212221432,0.004604906410472294,-0.46119639661493256,0.6040700825264339,-0.0011790694447729611,0.004690397087774882,-0.0006783144727104222,0.005402266252300544,-6.311152134996084e-05,0.007458096901143671,0.0010760179641830653,0.012576040739613811,0.7538282283726119,5.399862436426105,0.0,0.0,-0.008636310863326169,0.01850435161215802,-1.1184278060965766e-05,0.00037390775473388274
2023-07-19,19833.150390625,19851.69921875,19727.44921875,19802.94921875,259700,0.01479103539791443,0.02728346026865495,0.05064337080703081,0.0961241645082884,0.012310342164031889,0.022739498338916874,0.04328851726949214,84.43029170319106,78.06295074196608,71.8126127447907,0.0,0.7514466153257129,0.7362915314851963,0.7333313745728964,0.004587849714248425,-1.187736758712431,0.026499289918336107,0.0009605252797261713,0.009658896161238554,0.0015471647873153763,0.011452231529511692,0.002277495699418222,0.014228701877275873,0.0035814709988864213,0.020042050811342846,1.6255443690947544,10.289481911926288,0.0,0.0,-0.01161118129183425,0.0032874947569681012,-1.7056696223869024e-05,0.00031611167098889465
2023-07-20,19979.150390625,19991.849609375,19758.400390625,19831.69921875,274700,0.01814039256244996,0.031577892798871784,0.05596016216719295,0.10304960196145777,0.013198081850580941,0.023635897529916346,0.04459395484922566,87.82338441120295,80.57439654289637,73.48350514391487,0.0,0.8304571033516186,0.762164794246841,0.7489482654539833,0.004622621412101094,-0.11212321636950304,0.2777875414325969,0.00334935716453553,0.012698572313119839,0.004294432530216833,0.015807792225413526,0.0053167913601621375,0.019515008995499385,0.00692543745316937,0.026165429154774725,2.5114458009302894,11.970581841389858,0.0,0.0,0.0258732627616447,0.015330568657337174,3.477169785266916e-05,0.00018210337253841621
2023-07-21,19745.0,19887.400390625,19700.0,19800.44921875,312500,0.005073590814322174,0.017685096569109143,0.041803935906849894,0.08914547265367807,0.012547843133127177,0.02369970771808673,0.04544188701458419,62.38521952718799,67.27259421859355,66.88896611979867,0.0,0.9549997316363554,0.8171012721830705,0.7890654407229251,0.004787505060412027,1.5736995874437592,0.9714272184769372,-0.013066801748127785,-0.005740606016000308,-0.013892796229762642,-0.0037757223822004436,-0.014156226260343054,-0.0008700399174666473,-0.013904129307779692,0.004818920019243847,-13.301802324302813,-5.236111225099478,0.0,0.0,0.054936477936229466,0.06265517539334198,0.00016488364831093293,0.0002390871826121587
2023-07-24,19672.349609375,19782.75,19658.30078125,19748.44921875,265600,0.0011251200093739231,0.012657225670310367,0.036427400142938306,0.08421954486127015,0.011519145240135881,0.023473070521857677,0.04611239022795095,56.46491379460622,63.75569316105184,65.0117101106672,0.0,0.8933432195385943,0.8067253434283239,0.7843904451605475,0.004781328346392364,-0.6789999523739931,-0.029035964308917646,-0.003948470804948251,-0.013884459553587296,-0.005027870898798775,-0.01375738428373963,-0.0053765357639115885,-0.012001586486024243,-0.0049259277924079276,-0.007247130683948763,-3.516901057541716,-11.927884983446873,0.0,0.0,-0.010375928754746577,0.05018631978796717,-6.176714019662938e-06,0.00016523765785910437
2023-07-25,19680.599609375,19729.349609375,19615.94921875,19729.349609375,369700,0.0012637049995124108,0.011878513382677194,0.03536535347348899,0.08376113344590067,0.010601411326669384,0.023211126415063458,0.046742707595972176,57.00546700087571,63.98594055848088,65.12696755771435,0.0,0.829615776211648,0.7899455094761948,0.774163647648404,0.0047992611140527525,1.5988058786613517,1.9440948126486493,0.00013858499013848767,-0.012566805118675847,-0.0007787122876331733,-0.013857782098662381,-0.0010620466694493125,-0.013000521634123595,-0.0004584114153694807,-0.008781560063501309,0.23024739742903932,-12.451465814390446,0.0,0.0,-0.01677983395212912,0.04204279669916422,1.79327676603884e-05,0.00019435470358045853
2023-07-26,19778.30078125,19825.599609375,19716.69921875,19733.349609375,244700,0.005095030068540016,0.01534171930863685,0.03885509772058542,0.08817610302206856,0.010194746699123649,0.023158093442628577,0.04747630868799829,63.30116554127326,66.68507363269528,66.48294427492394,0.0,0.8070394374892826,0.7822635635733313,0.7685673861919409,0.0048246150361450435,-0.9907449571213449,-0.7145121950789978,0.0038313250690276053,-0.009696005329374414,0.0034632059259596566,-0.0119417409600181,0.0034897442470964296,-0.011788273086445387,0.004414969576167896,-0.007948061486219835,2.6991330742144015,-11.377877109270798,0.0,0.0,-0.0076819459028635295,0.04597203208813494,2.535392209229107e-05,0.00023676532189661863
2023-07-27,19659.900390625,19867.55078125,19603.55078125,19850.900390625,334900,-0.0007543665374620212,0.008414277369665286,0.03131619038059612,0.0807836720484975,0.009175565646813549,0.022710817889913144,0.04796538843208302,52.443788960417706,60.74364214001042,63.385523344743554,0.0,0.9180867975405479,0.8266789910152682,0.8003216896906364,0.005017130901695844,0.5791033402647767,1.5174325924992762,-0.005849396606002037,-0.018894759099911982,-0.006927441938971565,-0.0231636154292065,-0.007538907339989305,-0.02464397178659683,-0.0073924309735710625,-0.022265929912960267,-5.941431492684856,-19.830754402885944,0.0,0.0,0.04441542744193694,0.06451419676842718,0.00019251586555080018,0.00039450948959474964
2023-07-28,19646.05078125,19695.900390625,19563.099609375,19659.75,258700,-0.001193466822394897,0.006998634894912042,0.029354860763072876,0.07916302866641509,0.008201890401381907,0.02220085022309278,0.048387752175589695,51.24431704714236,60.069447694367,63.029309177785684,0.0,0.8701805674345473,0.8164549807140326,0.7949373540096116,0.004997012769396215,-0.660838231019794,-0.42447188766376986,-0.0004391002849328758,-0.006267057636717071,-0.0014156424747532436,-0.0106864616741971,-0.001961329617523242,-0.012449075143777018,-0.0016206433820824123,-0.009982443987262987,-0.6741944456434226,-7.203146524226554,0.0,0.0,-0.010224010301235653,-0.0006462914690379407,-2.011813229962911e-05,0.0002095077089841876
2023-07-31,19753.80078125,19772.75,19597.599609375,19666.349609375,295100,0.0035028124891233895,0.011370313411761802,0.033581763429983584,0.08416392947250383,0.007840038737035116,0.021961738172137528,0.04893871760533123,59.625889976026734,63.46677071741972,64.63290359337911,0.0,0.8696805893753549,0.8173347416524637,0.7951758010450399,0.005008128432560476,-0.10592898572009346,0.43164500581660525,0.004696279311518286,0.0023776924797494665,0.0043716785168497595,-0.0012869122585485657,0.004226902666910708,-0.0028456367129547216,0.00500090080608874,-5.561538876631966e-05,3.3973230230527207,-0.28892244363211717,0.0,0.0,0.0008797609384311178,0.010609398224139754,1.1115663164261262e-05,0.0002268000861681118
2023-08-01,19733.55078125,19795.599609375,19704.599609375,19784.0,298000,0.0020233555116972554,0.00938530905758261,0.031207036942041484,0.08215824385493754,0.007347087775340196,0.021618828497546524,0.04940928939351268,57.46007664170899,62.39239638648354,64.09110639601371,0.0,0.7886871378191381,0.7926713312633307,0.7800466341420528,0.004996884254720864,0.32924050184416565,0.43559511084553315,-0.001479456977426134,0.0007596505121848446,-0.0019850043541791915,-0.002493204325094584,-0.0023747264879421005,-0.00415831653144751,-0.002005685617566283,-0.0016028895909631219,-1.0743743309361804,-1.593544171997337,0.0,0.0,-0.024663410389133,0.0027258217871358736,-1.1244177839611624e-05,0.00019762314066811178
2023-08-02,19526.55078125,19678.25,19423.55078125,19655.400390625,290700,-0.006955148143834263,-0.0010936557372613561,0.019574676417953265,0.07005277590403906,0.005902545484845729,0.02069096094335978,0.04950897727612191,40.0924394447932,52.59170956025398,58.860559962213394,0.0,0.9551547714021924,0.8572535131179541,0.8263761605510564,0.0052045043045651496,-0.1764315772415265,0.15092891966712532,-0.008978503655531518,-0.01205017821237428,-0.010478964794843967,-0.016435375045898207,-0.011632360524088219,-0.019280421302632158,-0.01210546795089848,-0.018123327118029497,-9.800686826229558,-14.093364072441297,0.0,0.0,0.06458218185462339,0.07498994954462279,0.00020762004984428532,0.00037988926842010603
2023-08-03,19381.650390625,19537.650390625,19296.44921875,19463.75,315700,-0.01175042050940782,-0.007738916705489003,0.011532371812079101,0.0614562365854166,0.004059201124058769,0.019421590589427794,0.04935468815882076,32.15516671192614,47.02340692666681,55.56847346569165,0.0,1.0187329539924597,0.8908638828388233,0.852169894782254,0.005478028872089542,1.1612109761278457,0.8231728450286397,-0.004795272365573558,-0.0109960539719458,-0.006645260968227647,-0.016153194075154288,-0.008042304605874163,-0.019783818568517016,-0.008596539318622462,-0.019327435463080897,-5.568302633587173,-13.720235213343614,0.0,0.0,0.03361036972086928,0.06418489182355513,0.00027352456752439275,0.0004608979703936986
2023-08-04,19517.0,19538.849609375,19436.44921875,19462.80078125,280800,-0.0039709374414832,-0.000736028081799386,0.01785400927798868,0.06813684543122743,0.003247806194905847,0.018603730227661847,0.04940083321861326,44.19490196077303,52.122671923274616,57.8519973793779,0.0,0.9704239964929248,0.879025911738551,0.8443166796143698,0.00546897265102062,-1.1952444475501995,-0.3004079588753233,0.007779483067924621,-0.002777470619088303,0.007002888623689618,-0.0077346629767114285,0.00632163746590958,-0.011500851485084194,0.006680608845810829,-0.011026183235187656,5.099264996607808,-7.946775771092383,0.0,0.0,-0.011837971100272293,0.0625709310245185,-9.05622106892219e-06,0.0004719598816244055
2023-08-07,19597.30078125,19620.44921875,19524.80078125,19576.849609375,216600,0.00010401009985364972,0.003067554604395306,0.02115919293476184,0.07175809395855744,0.0029632362980384075,0.018036310961629883,0.04955045341987944,50.29966770092175,54.896510277043056,59.14389564336872,0.0,0.8787330805841473,0.850599120154996,0.8259531403982991,0.0052731599862826705,-1.6842441989842214,-2.0169906735189675,0.004074947541336849,-0.00339880238926974,0.003803582686194692,-0.008302758807366495,0.00330518365677316,-0.012422570495221743,0.0036212485273300066,-0.01240583551394639,2.77383835376844,-8.570260440376664,0.0,0.0,-0.0284267915835551,0.03326437850253228,-0.00019581266473794965,0.0002650315537221946
2023-08-08,19570.849609375,19634.400390625,19533.099609375,19627.19921875,260300,-0.0010195756606040174,0.0015576471107950623,0.01899044536400046,0.06956321948609832,0.0025798531268551544,0.017405686336172455,0.049630273131788215,48.27036135087646,53.79098027622814,58.53104170143113,0.0,0.8074587015754093,0.8278817405833937,0.8123333263032992,0.005257223217495452,-0.336433107946847,-0.7993027038513988,-0.0011235857604576672,-0.0030429311723012727,-0.0015099074936002438,-0.007827661946787547,-0.0021687475707613812,-0.012216591578041024,-0.002194874472459113,-0.01259502436883922,-1.105530000814916,-8.6014161102554,0.0,0.0,-0.022717379571602248,0.03521040932006303,-1.5936768787218163e-05,0.00026033896277458807
2023-08-09,19632.55078125,19645.5,19467.5,19578.80078125,266500,0.0017419854207189524,0.0042847685632900695,0.021313759693015622,0.07215714994190701,0.002538361354099759,0.01695633714935943,0.04978234138760041,53.38806268183704,56.016096708570984,59.54509550749843,0.0,0.8252683225923254,0.831092563919514,0.8143935257037554,0.005360768543443715,-0.041276147526766074,-0.5486932919731627,0.00276156108132297,0.008697133564553216,0.0027271214524950075,0.0053784243005514255,0.0023233143290151623,0.0017390832750623572,0.0025939304558086906,0.002104374037867951,2.225116432342844,3.4243871483170025,0.0,0.0,0.0032108233361203276,-0.02616094919844003,0.00010354532594826233,0.00015626423887856507
2023-08-10,19543.099609375,19623.599609375,19495.400390625,19605.55078125,312200,-0.0023102745564349105,-0.00026457286385887194,0.015996580450131116,0.06655818752937318,0.0020504387690938037,0.016265456712454374,0.04976552879424166,45.735176365893565,52.09926520728827,57.43359699872065,0.0,0.8035933873113444,0.8253885519048456,0.8125812537763535,0.005371571685443993,1.29425204232001,0.7990406650861774,-0.004052259977153863,0.00944014595297291,-0.004549341427148941,0.0074743438416301315,-0.005317179242884506,0.004464208638052015,-0.005598962412533839,0.0051019509439565736,-3.916831501282715,5.0758582806214605,0.0,0.0,-0.005704012014668414,-0.06547533093397773,1.0803142000278057e-05,-0.00010645718664554962
2023-08-11,19428.30078125,19557.75,19412.75,19554.25,235500,-0.006695179011576915,-0.005582346237065849,0.009631416759608005,0.059657358065348665,0.0011203336085731496,0.015299168250990005,0.04954871696276838,37.653757281446175,47.50807213309839,54.845210203195556,0.0,0.79594014242627,0.8242705225537179,0.8139993973213948,0.00525982314353627,-0.6280205295605552,-1.3162668084500588,-0.004384904455142004,-0.002724241570093715,-0.005317773373206977,-0.004846318155266463,-0.006365163690523111,-0.008222592518380676,-0.0069008294640245105,-0.008479487365878766,-4.591193074189881,-4.614599790176229,0.0,0.0,-0.0011180293511277029,-0.054755389184833136,-0.00011174854190772274,-0.00020914950748435017
2023-08-14,19434.55078125,19465.849609375,19257.900390625,19383.94921875,243900,-0.005222484345872027,-0.00478633197940529,0.009562037764486114,0.059365806535158876,0.0004384421235937764,0.01441737609214033,0.04933205380915001,38.345731276960784,47.77789303792186,54.959814304871145,0.0,0.8505468510077725,0.8415763088896975,0.8259404755785071,0.005375208791376917,-0.6631269555031521,-1.0190682968814926,0.001472694665704888,-0.005326494445725676,0.000796014257660559,-0.007853886583800596,-6.937899512189129e-05,-0.011597155170275727,-0.0002915515301897889,-0.012392287423398561,0.26982090482346877,-7.1186172391212,0.0,0.0,0.017305786335979567,-0.00902281126529847,0.00011538564784064741,0.0001020488050942469
2023-08-16,19465.0,19482.75,19317.19921875,19369.0,0,-0.0029997426213660295,-0.0029345645366511894,0.010702088409532358,0.060381690738333216,6.537419046030101e-05,0.013676788364292683,0.049153556620208434,42.004355405705226,49.14928301780554,55.53004868048742,0.0,0.8494740508191249,0.8409916178245895,0.8258797118721158,0.005374634312926699,-1.7347733364843936,-3.6733085477735092,0.002222741724505997,-0.001980166960762012,0.0018517674427541006,-0.004492211647446251,0.001140050645046244,-0.008288356954468102,0.00101588420317434,-0.009181528747765108,1.3713899798836806,-4.641697258422603,0.0,0.0,-0.0005846910651079451,0.013109877241195833,-5.744784502183936e-07,0.00011741109543124666
2023-08-17,19365.25,19461.55078125,19326.25,19450.55078125,268700,-0.006644393922123802,-0.0073181777492653905,0.005304938188723762,0.05437120705685883,-0.0006782906574634719,0.012716175168160546,0.04880734889907003,34.23903034979217,44.98187897889759,53.24011338470205,0.0,0.8263776568521147,0.8361211224539657,0.8247221719115541,0.005360955083908303,0.4633573686224948,0.0201071504248571,-0.0036446513007577725,-0.008386379342842754,-0.004383613212614201,-0.01160294631255546,-0.005397150220808596,-0.01600882150429186,-0.006010483681474388,-0.017785942885048187,-4.1674040389079465,-11.034217729673394,0.0,0.0,-0.004870495370623784,0.005028558534451721,-1.367922901839621e-05,1.8654046458812384e-07
2023-08-18,19310.150390625,19373.80078125,19253.599609375,19301.75,256100,-0.007762179088512974,-0.009229089839246852,0.002348471220185585,0.05083408236344659,-0.001478386249564996,0.011685406727932666,0.04837201086787529,30.594128731614916,42.82197040952098,52.011474639054704,0.0,0.7874838396062931,0.823076176637393,0.8173326346507448,0.005363088934125935,0.48914707857515044,-0.14057644763589922,-0.001117785166389172,-0.0054519045320780635,-0.0019109120899814614,-0.00896451697538798,-0.002956466968538177,-0.013648109229945532,-0.00353712469341224,-0.015724105165926587,-2.1599085693766114,-9.27729479776729,0.0,0.0,-0.013044945816572784,-0.0023123752674526488,2.133850217632058e-06,-8.482751318057875e-06
2023-08-21,19393.599609375,19425.94921875,19296.30078125,19320.650390625,262600,-0.0028443260801214007,-0.004499708036399536,0.006416493877916468,0.05479409454941946,-0.001660103832905779,0.010965543659242991,0.04806916516748925,41.58238374526886,46.97475050215024,53.690000489063316,0.0,0.760978577759917,0.8087471786434295,0.8068964632772947,0.005224325205052372,0.48708105061046325,-0.016919234667033566,0.004917853008391574,0.003850852931455514,0.004729381802847316,0.001082638200666313,0.004068022657730883,-0.003214922881691537,0.003960012185972875,-0.004863263515929202,4.152780092629264,-0.5333216309481443,0.0,0.0,-0.014328997993963477,-0.015523343910288423,-0.0001387637290735629,-3.549793848389802e-05
2023-08-22,19396.44921875,19443.5,19381.30078125,19417.099609375,208700,-0.002208381061224439,-0.003959233883617545,0.006305322727840535,0.05437259568123616,-0.0017547279303220305,0.010305357933772278,0.04776609232583342,41.948530829679825,47.115998336633034,53.74729132028807,0.0,0.6728280679896013,0.7737744238170545,0.7836300762249034,0.0050524844182228594,0.08325861106100255,-0.7174344315128052,0.0006359450188969619,0.003014103284647588,0.000540474152781991,0.000827098095787745,-0.00011117115007593364,-0.0032567150366455792,-0.00042149886818330234,-0.004993210853922715,0.14124783448279032,-0.6618947012888228,0.0,0.0,-0.03497275482637496,-0.06780188507264295,-0.0001718407868295125,-0.00032272437315405793
2023-08-23,19444.0,19472.05078125,19366.599609375,19439.19921875,225200,0.00019449382420547658,-0.0013796631609913203,0.008425390044059991,0.056358729903216345,-0.0015738508809202377,0.009818599565163894,0.047532856999030995,48.261642889408726,49.53186702696235,54.716717711242744,0.0,0.645412662027771,0.7554857514835848,0.7703145952310679,0.005055151868798769,-0.7333954116888833,-0.4164473842704311,0.0024028748854299153,0.003194236445571506,0.0025795707226262247,0.0015549013756598691,0.0021200673162194567,-0.0022766983654723665,0.0019861342219801847,-0.0040229608351168705,2.4158686903293187,0.38258400915681534,0.0,0.0,-0.018288672333469758,-0.08550586634100477,2.6674505759095163e-06,-0.00031948244412793
2023-08-24,19386.69921875,19584.44921875,19369.0,19535.150390625,268300,-0.002253618620742061,-0.003931146623196269,0.005238609162255545,0.052687955807593875,-0.0016813170498651549,0.009205945707834494,0.047202073430985314,41.86143512744102,46.75976684047573,53.320136880760245,0.0,0.7401212167926507,0.7829763070735978,0.7887215624467654,0.005169054764009805,0.9314497987679984,0.19501833632228394,-0.0024481124449475373,0.004390775301381741,-0.0025514834622049486,0.0033870311260691217,-0.0031867808818044465,-6.63290264682169e-05,-0.00367077409562247,-0.0016832512492649526,-2.7721001864866253,1.7778878615781366,0.0,0.0,0.02749055559001301,-0.05314481538036797,0.0001139028952110363,-0.0001919003198984975
2023-08-25,19265.80078125,19339.55078125,19229.69921875,19297.400390625,466500,-0.006945381867812996,-0.009229223787124027,-0.0009898528498317315,0.045643346759416246,-0.0022998150128002576,0.008316122290956624,0.04667940535166377,31.559317443438715,41.48438706953529,50.49986690126799,0.0,0.7587956554874649,0.7898201233336779,0.7946826598037708,0.005178337986283581,1.7361154566854948,2.50863573576089,-0.004691763247070936,0.0008167972206999776,-0.0052980771639277585,-1.3394787717543877e-07,-0.006228462012087276,-0.0033383240700173167,-0.007044609048177629,-0.0051907356040303415,-5.2753797709404395,-1.3375833399856916,0.0,0.0,0.006843816260080127,-0.03325605330371506,9.283222273775461e-06,-0.0001847509478423541
2023-08-28,19306.05078125,19366.849609375,19249.69921875,19298.349609375,248200,-0.0039886487210927845,-0.006512703487712512,0.0010541977025395586,0.047329475251543025,-0.002534162651237627,0.007616505230430476,0.04622654563080313,37.53065135874064,43.75928595872794,51.38760711207435,0.0,0.7271322715038819,0.7752186991077993,0.7841582902750799,0.0050147415719612835,-0.3355807560689337,-0.15629507321967126,0.002956733146720212,-0.0011443226409713837,0.0027165202994115156,-0.0020129954513129758,0.00204405055237129,-0.00536229617537691,0.0016861284921267788,-0.0074646192978764375,2.274898889192656,-3.2154645434223,0.0,0.0,-0.014601424225878623,-0.03352847953563021,-0.00016359641432229718,-0.0002095836330910884
2023-08-29,19342.650390625,19377.900390625,19309.099609375,19374.849609375,307400,-0.0017192080071897935,-0.004210218690136172,0.002835863464597049,0.048800316744891506,-0.002495300623759091,0.007075873128025868,0.04583447297297135,42.82285833951267,45.821860606561295,52.19604779729483,0.0,0.6548965099587045,0.7450164986749769,0.7630927365409559,0.0049312386812519005,0.0444944020214618,0.5580246356414983,0.0022694407139029907,0.0004891730540346453,0.0023024847975763396,-0.00025098480651862716,0.0017816657620574902,-0.003469459263243486,0.0014708414933484806,-0.0055722789363446545,2.062574647833351,-1.2941377300717392,0.0,0.0,-0.0302022004328224,-0.028757925142077645,-8.350289070938304e-05,-0.00012124573697095894
2023-08-30,19347.44921875,19452.80078125,19334.75,19433.44921875,233000,-0.0012043085467055405,-0.003604178124573584,0.002963337084627354,0.048548655481414245,-0.0024027632461811298,0.00659127132512408,0.04545063285093992,43.55434414352148,46.10097561016112,52.30390198836128,0.0,0.6458196566929469,0.735212443518452,0.7556300600037141,0.004828523627435606,-0.7572093247976704,-0.3096389802862311,0.000514899460484253,-0.0013988023709110172,0.000606040565562588,-0.002224514963582264,0.00012747362003030522,-0.005462052959432638,-0.0002516612634772611,-0.0078100744218021,0.2791150035998271,-3.4308914168012308,0.0,0.0,-0.009804055156524827,-0.020273307965132714,-0.00010271505381629492,-0.00022662824136316338
2023-08-31,19253.80078125,19388.19921875,19223.650390625,19375.55078125,562600,-0.004946291681671632,-0.007666858334127631,-0.0018173210344556929,0.04302213199654055,-0.002734090260367796,0.005894731370003493,0.04492108907105573,33.72985345223991,41.597233001374285,50.02000475510136,0.0,0.6900947570470948,0.747062861984434,0.7638446499919898,0.004891610233466224,1.375928539457727,2.731582098947017,-0.003741983134966091,-0.002692673060929571,-0.004062680209554047,-0.0037357117109313625,-0.004780658119083047,-0.007055930196711238,-0.005526523484873695,-0.009665823811053326,-4.503742608786837,-5.162533839101442,0.0,0.0,0.011850418465981893,-0.03591344508916383,6.308660603061844e-05,-0.00027744453054358124
2023-09-01,19435.30078125,19458.55078125,19255.69921875,19258.150390625,333000,0.0036247253355030174,0.0015339270372455884,0.007292351003416366,0.052300979094889344,-0.0020832470997149788,0.005749604492386438,0.044682785535537464,56.11355316937318,51.48882164276649,54.05250727570307,0.0,0.7576192282087687,0.762472648681226,0.770843925201223,0.004664231265911016,-0.02892684462370301,0.5633543419579792,0.008571017017174649,0.010570107203316014,0.00920078537137322,0.010763150824369615,0.009109672037872059,0.008282203853248097,0.009278847098348794,0.006657632335473097,9.891588641392204,10.004434573231201,0.0,0.0,0.01540978669679205,-0.02734747465245191,-0.00022737896755520813,-0.0005141067203725648
2023-09-04,19528.80078125,19545.150390625,19432.849609375,19525.05078125,296800,0.006905475360608622,0.005771340155082239,0.011656707807749717,0.05676024613743915,-0.0011263571738153555,0.005851596101117774,0.04458383756227779,63.51915843539018,55.655518190467355,55.95114585482238,0.0,0.7182039411648384,0.7456956553862633,0.7580056037448805,0.004381722094153614,-0.39411901232725216,0.21682863120992346,0.003280750025105605,0.010894124081701408,0.004237413117836651,0.012284043642794751,0.004364356804333351,0.010602510105210157,0.004459267042549807,0.009430770885896125,4.166696547700866,11.896232231739411,0.0,0.0,-0.01677699329496274,-0.029523043721536024,-0.00028250917175740194,-0.0006330194778076696
2023-09-05,19574.900390625,19587.05078125,19525.75,19564.650390625,256800,0.007581872384250962,0.007399575098308646,0.01348661520470389,0.058630661211613394,-0.00018092553165028978,0.006042329435965099,0.04454330755793091,66.74687254067999,57.5896762191296,56.8625579220946,0.0,0.6358420592941766,0.7131695578525847,0.7351223606002668,0.004348933932483565,-0.6029965604967825,-0.17712998468541719,0.0006763970236423394,0.009301080391440755,0.0016282349432264068,0.011609793788444818,0.001829907396954173,0.01065075174010684,0.0018704150741742434,0.009830344466721888,1.934158028662246,11.767815612568306,0.0,0.0,-0.03252609753367852,-0.031846940822392145,-3.278816167004862e-05,-0.0005823047487683352
2023-09-06,19611.05078125,19636.44921875,19491.5,19581.19921875,287600,0.007712560841817109,0.008411113070282777,0.014747126514483976,0.05994673000125192,0.000693205836277475,0.006283165032672146,0.044542726267205436,69.23699924947502,59.096335397566456,57.576392807186494,0.0,0.655559995141844,0.713802436466982,0.7340221566191258,0.004430460382642942,-0.484466068011299,0.1000097284085637,0.00013068845756614763,0.008916869388522649,0.0010115379719741312,0.012015291194856361,0.0012605113097800859,0.011783789429856622,0.0013160687896385248,0.011398074519837674,1.5066591784368555,12.995359787405334,0.0,0.0,0.0006328786143973142,-0.021410007051470004,8.152645015937696e-05,-0.0003980632447926633
2023-09-07,19727.05078125,19737.0,19550.05078125,19598.650390625,304900,0.011159431697034174,0.013051940092592274,0.019919478581992573,0.06551431470294204,0.0018716221559461612,0.006779058622376864,0.04470434880245701,75.97273537789769,63.56879703086478,59.79056122753225,0.0,0.7109000131046218,0.7266104145940295,0.7400856172552449,0.004529474824524253,0.32850889065434125,0.24450508004024799,0.003446870855217065,0.016105723378705805,0.004640827022309496,0.020718798426719906,0.0051723520675085975,0.021736799616448265,0.005567584701690123,0.022492182706401492,4.472461633298323,21.971564029490494,0.0,0.0,0.012807978127047481,-0.020452447390404416,9.901444188131076e-05,-0.00036213540894197097
2023-09-08,19819.94921875,19867.150390625,19727.05078125,19774.80078125,288100,0.012988815562063272,0.01617614948580266,0.02372995839523877,0.06978124000565308,0.0031464650692820096,0.007433562491363755,0.044983817492849965,80.05333412655557,66.70826421521946,61.46106498200094,0.0,0.7074266719795973,0.7220373409628876,0.7351998367222627,0.004447319683092528,0.06910123715586414,0.09808979360050843,0.0018293838650290974,0.009364090226560255,0.0031242093932103854,0.014642222448557072,0.003810479813246198,0.016437607391822404,0.0042669253027110415,0.01748026091076374,3.139467184354679,15.21944257245297,0.0,0.0,-0.0045730736311419,-0.040435307718338365,-8.215514143172526e-05,-0.0002169115828184881
2023-09-11,19996.349609375,20008.150390625,19865.349609375,19890.0,248800,0.017931989147480124,0.02287506494632057,0.03151282247724417,0.07845146299302437,0.004855998093723608,0.008444587053627023,0.04550466023587962,85.50633623180967,71.69602566324248,64.37549532269438,0.0,0.7491843412347794,0.7317756412132082,0.7388314839782019,0.004431872181335978,-1.208034906937515,-0.27929146085213025,0.0049431735854168525,0.011026513786871502,0.006698915460517912,0.017103724791238333,0.0077828640820053994,0.019856114669494454,0.008670222987371287,0.02169121685558522,4.987761448023022,16.040507472775126,0.0,0.0,0.00973830025032052,-0.013920014173055106,-1.5447501756549534e-05,5.01500871823643e-05
2023-09-12,19993.19921875,20110.349609375,19914.650390625,20110.150390625,328100,0.01449358114990608,0.020606461268943926,0.030083899635994275,0.07744231243007028,0.006025548345125094,0.009286085015831497,0.04597529658585216,85.02204284163955,71.49002707518565,64.28545732277297,0.0,0.7952077007990703,0.7495293768387965,0.7503708101387815,0.0045543569126025125,1.261098398201503,0.42924177723289714,-0.0034384079975740434,0.006911708765655119,-0.0022686036773766453,0.01320688617063528,-0.0014289228412498953,0.016597284431290386,-0.0010091505629540864,0.01881165121845689,-0.20599858805682913,13.90035085605605,0.0,0.0,0.01775373562558835,0.03635981898621177,0.00012248473126653427,0.00020542298011894718
2023-09-13,20070.0,20096.900390625,19944.099609375,19989.5,251400,0.014996710398239873,0.022247633076295615,0.03266227195678583,0.08070387613561383,0.007143789338204654,0.010187980430093021,0.04652208711740214,87.1000469184926,73.48974603691428,65.5051624736601,0.0,0.7859996218678609,0.7477096237944579,0.7481584455021468,0.00438297955756363,-0.9586357383001741,-0.5252975481394556,0.0005031292483337925,0.007284149556422764,0.0016411718073516893,0.013836520006012838,0.0025783723207915554,0.017915145442301855,0.0032615637055435492,0.020757146134361915,1.9997189617286324,14.393410639347827,0.0,0.0,-0.0018197530443385679,0.033907187327475885,-0.0001713773550388823,-4.748082507931208e-05
2023-09-14,20103.099609375,20167.650390625,20043.44921875,20127.94921875,275100,0.013598406675976504,0.021710519412946157,0.03297324966301896,0.08159845126046003,0.008003280868971318,0.011023406372035928,0.04707305016204805,87.9412486747338,74.32557012328697,66.02376721830672,0.0,0.7513285841336959,0.7372887023243737,0.7407787220894435,0.004336683564898234,-0.09898798468505929,-0.2447928054997429,-0.001398303722263369,0.00243897497894233,-0.0005371136633494575,0.008658579320353884,0.0003109777062331315,0.01305377108102639,0.0008945751248461975,0.01608413655751799,0.835824086372682,10.756773092422186,0.0,0.0,-0.010420921470084221,0.010678287730344183,-4.629599266539608e-05,-0.00019279125962601892
2023-09-15,20192.349609375,20222.44921875,20129.69921875,20156.44921875,438200,0.014759208560203057,0.023803675681202886,0.03603326636755352,0.08546714945335462,0.008912919483463098,0.011945249833385775,0.04771457123102015,89.9938758446456,76.47898219996289,67.39450021414302,0.0,0.7166188759801383,0.7238180081774183,0.7305311068501782,0.004295141039752698,1.6380854091548984,1.5110666864229507,0.0011608018842265526,0.0017703929981397852,0.002093156268256728,0.007627526195400226,0.0030600167045345544,0.012303307972314746,0.003868698192894593,0.01568590944770154,2.15341207667592,9.770717984743428,0.0,0.0,-0.013470694146955453,0.001780667214530629,-4.154252514553588e-05,-0.00015217864333982953
2023-09-18,20133.30078125,20195.349609375,20115.69921875,20155.94921875,264900,0.009627139883375628,0.018882232629546414,0.03166833192929792,0.08140740554220374,0.009166842273316725,0.01254914345375613,0.04821227139917147,79.54285408908174,72.16629006205332,65.57922999757466,0.0,0.6540995468134567,0.7023461945824897,0.716623271387273,0.004228245696313252,-0.6093092718497987,-0.4500938744319872,-0.005132068676827429,-0.008304849264104497,-0.004921443051656472,-0.003992832316774157,-0.004364934438255599,0.00015550945205374672,-0.0040597439111508815,0.0029559425491793717,-4.312692137909565,0.4702643988108406,0.0,0.0,-0.021471813594928557,-0.029429446630718448,-6.689534343944613e-05,-0.00020362648502272613
2023-09-20,19901.400390625,20050.650390625,19878.849609375,19980.75,378100,-0.0016385947014204156,0.00649259316580179,0.018994685510812185,0.06821859661027434,0.008144533456589715,0.012421444956377238,0.04830634722573325,51.91796913337285,58.26929245929211,59.09643118081757,0.0,0.7850889617978803,0.7511037505083785,0.7513349106759948,0.004306217162883332,0.6872441827038721,0.7482518440208304,-0.011265734584796043,-0.016132175851326497,-0.012389639463744623,-0.014113868103142135,-0.012673646418485732,-0.01108921412518209,-0.013188808931929405,-0.009223715819795947,-13.89699760276121,-13.22073461589354,0.0,0.0,0.04875755592588882,0.0015743736695820187,7.797146657007991e-05,-0.0002481397497191805
2023-09-21,19742.349609375,19848.75,19709.94921875,19840.55078125,275100,-0.00788259687702092,-0.001410411998429825,0.010420980427062186,0.059052545130883705,0.0065236078494520944,0.011848103132308453,0.048130002885794214,40.62773322924676,51.01341396295523,55.214248311826566,0.0,0.8270808478918786,0.772340156242113,0.7675003257554733,0.004363430682074882,-0.6577546655869096,-0.47792116756352043,-0.006244002175600504,-0.022879307275260795,-0.007903005164231616,-0.02365804507472544,-0.00857370508375,-0.022241291529723643,-0.009166051479390633,-0.02165133100473013,-7.255878496336884,-22.476332073959057,0.0,0.0,0.02123640573373453,0.024630532447655118,5.72135191915504e-05,-1.954887548874778e-05
2023-09-22,19674.25,19798.650390625,19657.5,19744.849609375,246400,-0.009268452177249902,-0.004415552993471928,0.006661819580329773,0.05481797470749878,0.004898298832254604,0.011126502234048125,0.04783747052932331,36.646865410892886,48.243401787203176,53.64936345192431,0.0,0.8074423785374192,0.770900909372419,0.7676464563965953,0.004395610683904115,-0.8890945497298847,-0.7959852726330462,-0.0013858553002289824,-0.022866858853226407,-0.0030051409950421024,-0.026126072406418087,-0.0037591608467324126,-0.02631143008268919,-0.004234570423384924,-0.02678047655296125,-2.7700121757520506,-26.08216833608379,0.0,0.0,-0.0014392468696940997,0.03361220704804524,3.2180001829232655e-05,5.8927119005880955e-05
2023-09-25,19674.55078125,19734.150390625,19601.55078125,19678.19921875,188400,-0.007583645440407299,-0.004001903092953335,0.00641367871042771,0.05425888354245001,0.003609112577596974,0.01045743143056738,0.04754029664355213,36.678836466840295,48.256765947656596,53.65537977235339,0.0,0.7807370511803846,0.7639659806794862,0.7631742634686909,0.004308117960136092,-1.1939185621632955,-1.3662894093852558,0.001684806736842603,-0.022342854000610354,0.0004136499005185923,-0.027805578774156223,-0.00024814086990206357,-0.029619587657125808,-0.0005590911650487709,-0.031208265910904615,0.013364160453420482,-28.22221625230629,0.0,0.0,-0.006934928692932774,0.04014797250206792,-8.749272376802272e-05,1.2976920383394111e-05
2023-09-26,19664.69921875,19699.349609375,19637.44921875,19682.80078125,204900,-0.006621106657539808,-0.004093152347233596,0.005676670896600291,0.05316792630079578,0.002544803727206551,0.00980997697411178,0.04722318492468874,35.984914721390325,47.82121833840284,53.41986040345013,0.0,0.6878583938779059,0.7322366050322077,0.742186245913089,0.004249348741561243,-0.7155255748685417,-1.112006566652625,0.0009625387828674911,-0.016248246540915435,-9.124925428026075e-05,-0.02297538497678001,-0.0007370078138274182,-0.025991661032697625,-0.001090957241654228,-0.02823947924140796,-0.4355476092537529,-24.345071723650477,0.0,0.0,-0.03172937564727851,0.029890410449717963,-5.8769218574849375e-05,2.1103045247990865e-05
2023-09-27,19716.44921875,19730.69921875,19554.0,19637.05078125,203600,-0.003280772431206498,-0.0013386380501715707,0.007994218474835375,0.055352042073297844,0.001948527054878031,0.009345366588314865,0.04698223732881932,42.635916073502024,50.355964194849136,54.50766548713565,0.0,0.7280827775981914,0.7421637904474166,0.7476650690035656,0.004337128649251875,-0.5590307465237724,-1.0340538327794122,0.00334033422633331,-0.0016421777297860823,0.0027545142970620256,-0.007831231215973362,0.0023175475782350836,-0.01100046703597681,0.0021841157725020627,-0.012866554536976493,2.5347458564462926,-7.913328264442974,0.0,0.0,0.009927185415208983,-0.008939960060961871,8.777990769063236e-05,3.0911486368543316e-05
2023-09-28,19523.55078125,19766.650390625,19492.099609375,19761.80078125,352800,-0.010688119980182237,-0.01010945613242867,-0.0017945149517801162,0.044558876334614604,0.0005849154947396118,0.008399859188634633,0.04643672267955484,29.367126494401404,42.13874101727506,49.99446290158712,0.0,0.8694720291634426,0.7964078559222019,0.7860618453135857,0.004529023415915613,1.6940314214069025,0.6188007535613506,-0.007407347548975739,-0.002805523103161317,-0.008770818082257098,-0.008699044133998845,-0.00978873342661549,-0.012215495378842301,-0.01079316573868324,-0.0144936687962691,-8.217223177574077,-8.874672945680167,0.0,0.0,0.05424406547478522,0.024067699680088817,0.00019189476666373745,0.00016559273384073037
2023-09-29,19638.30078125,19726.25,19551.05078125,19581.19921875,243500,-0.00399088204828865,-0.003902756842973015,0.003912125786015339,0.05016852017512252,8.847831182194845e-05,0.007845501714491141,0.04607613873862777,41.91310750213909,47.61506625758731,52.42458493849066,0.0,0.8979457857797782,0.8089263358453863,0.7934065574530408,0.0046616170893466445,0.07255676849622174,-0.6523467268243642,0.006697237931893587,0.005277570128961252,0.006206699289455655,0.0005127961504989126,0.005706640737795456,-0.0027496937943144338,0.005609643840507918,-0.0046494545323762584,5.476325240312249,-0.6283355296158675,0.0,0.0,0.012518479923184445,0.03802542647296736,0.00013259367343103172,0.00026600640544252943
2023-10-03,19528.75,19623.19921875,19479.650390625,19622.400390625,221700,-0.007824800203009888,-0.008606865317690894,-0.0016220288699710442,0.04385000298582273,-0.0007882328794763512,0.007045475909976049,0.04554590863450801,34.99066280836004,43.39261499660817,50.0180414110739,0.0,0.8848652040514284,0.8133877417879498,0.7985495655771946,0.004646978223384692,-0.37927248654182527,-0.913708012672607,-0.003833918154721238,-0.00024115476260258908,-0.00470410847471788,-0.004604962224737559,-0.005534154655986384,-0.008035707580398753,-0.006318517189299794,-0.010408880556627281,-4.222451260979142,-4.86415095104843,0.0,0.0,0.004461405942563501,0.049421761108463635,-1.4638865961952297e-05,0.00033886026324859986
2023-10-04,19436.099609375,19457.80078125,19333.599609375,19446.30078125,277100,-0.010276857891124367,-0.012114967643556998,-0.006110806058818555,0.038495717019961996,-0.001857195890677099,0.006077793860705095,0.04488078082617766,30.08751953390299,40.149814337220455,48.082202922369575,0.0,0.912078927957579,0.8306076976665084,0.8119612040001951,0.004636077551187996,0.2952994686007166,0.0053112779117270486,-0.002452057688114479,-0.0036557512335845593,-0.003508102325866104,-0.008021815296323401,-0.004488777188847511,-0.011787476955418846,-0.005354285965860732,-0.014672209280833785,-3.2428006593877114,-7.671404001182388,0.0,0.0,0.017219955878558624,0.09837109263430077,-1.0900672196696194e-05,0.00038672880962675304
2023-10-05,19545.75,19576.94921875,19487.30078125,19521.849609375,234900,-0.003843212565667302,-0.0059505671347290755,-0.0004839533322480676,0.043893767869816094,-0.0021154848269311134,0.005499337982341496,0.044399208346892816,41.421235847649804,45.35463065052795,50.43650174825106,0.0,0.8696927825136603,0.8184242546829824,0.8032732428993928,0.004601887103940647,-0.5905518689385306,-0.6602967539520331,0.006433645325457066,-0.000562440134460804,0.006164400508827923,-0.004611929084557505,0.005626852726570488,-0.008478171807083443,0.005398050849854098,-0.01145827420348175,5.2048163133074965,-5.001333544321184,0.0,0.0,-0.012183442983526027,0.07626046423556576,-3.4190447247349313e-05,0.00026475845468877136
2023-10-06,19653.5,19675.75,19589.400390625,19621.19921875,159100,0.001348211828181798,-0.00042789422124800414,0.004828033111252407,0.04913016330917165,-0.0017737147062829714,0.0052581772761711824,0.04408926576296485,50.60203649452545,49.95984967282794,52.62572122647099,0.0,0.8242317227492864,0.8030460092081335,0.792325999726248,0.004621611798669364,-1.5758924687371978,-1.6459957690946772,0.0051914243938491,0.012036331808364035,0.005522672913481071,0.009681561911180666,0.0053119864435004745,0.0066225480630325234,0.005236395439355557,0.004571286974557047,4.605219022299991,7.821108655552884,0.0,0.0,-0.015378245474848895,0.006638153285931647,1.9724694728716873e-05,9.258838275375079e-05
2023-10-09,19512.349609375,19588.94921875,19480.5,19539.44921875,165100,-0.004786063034287663,-0.006920028883558451,-0.002295133179407093,0.041164444776034946,-0.0021442282608872955,0.0046571231307303,0.04355955293065332,40.82371211758592,44.65124936124086,49.64667920735034,0.0,0.8414789022924033,0.8144096508088448,0.8022747676009259,0.004559976159233503,-0.9364780297203449,-1.383652539188949,-0.006134274862469461,-0.0007951809859990128,-0.006492134662310447,-0.003017272040585436,-0.0071231662906595,-0.006207258965422432,-0.007965718533136705,-0.009004075399087576,-5.308600311587085,-2.963816896346451,0.0,0.0,0.011363641600711238,0.005483314963458441,-6.163563943586015e-05,-0.00010164093011314108
2023-10-10,19689.849609375,19717.80078125,19565.44921875,19565.599609375,216600,0.003488640468892991,0.0019212889333465736,0.006513146100624825,0.05010662903918096,-0.0015619026188617862,0.004583051800572857,0.04331138953072147,53.89474566509523,51.61398235434384,53.10834153272309,0.0,0.8758019082910283,0.8239514177075637,0.8068707354793712,0.00448514877214815,0.12220592758360264,-0.5956883618443731,0.008274703503180655,0.01131344067190288,0.008841317816905024,0.010528154251037468,0.008808279280031918,0.00813517497059587,0.00894218426314601,0.006256626053358229,6.962732993102982,8.221367357735673,0.0,0.0,0.009541766898718995,0.010563675919613935,-7.482738708535375e-05,-0.00016182945123654254
2023-10-11,19811.349609375,19839.19921875,19756.94921875,19767.0,213700,0.007906786393807382,0.0073617008566920755,0.01221895029479626,0.055991937607042054,-0.0005408094721393533,0.004821753133927392,0.04324458389116056,60.80802453011471,55.720184499398016,55.29022358457519,0.0,0.8471163655120937,0.8142525763249567,0.7996335823677949,0.004397541312371402,0.46908277466098436,-0.6059662689830424,0.00441814592491439,0.01818364428493175,0.005440411923345502,0.019476668500249074,0.005705804194171434,0.018329756353614814,0.005885308567861097,0.017496220587080058,4.106202145054176,15.57037016217756,0.0,0.0,-0.009698841382607015,-0.016355121341551704,-8.760745977674789e-05,-0.00023853623881659423
2023-10-12,19794.0,19843.30078125,19772.650390625,19822.69921875,217900,0.0057396780255658374,0.005886998648758574,0.01088325998783469,0.05448937383214174,0.00014647987586802896,0.0049670204961270595,0.043136646505385616,59.326054793798725,55.00239001982593,54.91185983531902,0.0,0.7496727591232976,0.782249278429626,0.7792198892791152,0.004347898176783794,0.7892495063891577,-0.48028571613323584,-0.002167108368241544,0.009582890591233139,-0.0014747022079335016,0.01183756578348765,-0.0013356903069615695,0.011367213320082758,-0.001502563774900316,0.010595605962325644,-0.7177944795720848,9.64775936929798,0.0,0.0,-0.03200329789533074,-0.03617497625335642,-4.964313558760737e-05,-0.0002539889271568523
2023-10-13,19751.05078125,19805.400390625,19635.30078125,19654.55078125,255000,0.0029087301088021804,0.0033665162751823656,0.008346213337808493,0.05165508553286522,0.0004564584519376169,0.004962989079117725,0.04295039900204169,55.42487874907305,53.176162789786844,53.9638262053405,0.0,0.7732859599180594,0.7894694246878967,0.7847383106713752,0.004310839968267742,1.292239124531047,0.048634248256560444,-0.002830947916763657,0.0015605182806203823,-0.0025204823735762083,0.0037944104964303697,-0.002537046650026197,0.0035181802265560856,-0.0028342882992765175,0.0025249222236935695,-1.8262272300390876,3.2163131169589008,0.0,0.0,0.007220146258270721,-0.0135765845202368,-3.705820851605205e-05,-0.0003107718304016212
2023-10-16,19731.75,19781.30078125,19691.849609375,19737.25,181000,0.0015774617775757697,0.0021686420976522193,0.007070152796114166,0.05009841266911598,0.0005902492244855797,0.004890904077982854,0.04272617925725883,53.57773440255066,52.33521016803732,53.53310730428117,0.0,0.7099011313094579,0.7661769781907453,0.7696883055137831,0.004240422631084518,-1.3664537269742831,-0.9243262138966583,-0.0013312683312264107,0.006363524811863433,-0.0011978741775301462,0.00908867098121067,-0.0012760605416943273,0.009365285975521258,-0.0015566728637492408,0.008933967893081034,-0.8409526217495227,7.683960806796463,0.0,0.0,-0.023292446497151453,-0.04823267261809949,-7.041733718322462e-05,-0.0003195535281489857
2023-10-17,19811.5,19849.75,19775.650390625,19843.19921875,185800,0.004598017173153905,0.005650547641026692,0.010698883688808466,0.05377280671927104,0.001047713065206431,0.005019970465509864,0.04261795844995206,60.0034462802166,55.46891641357315,55.069774649259266,0.0,0.6847575053969824,0.7511299846135472,0.7584482424143548,0.004169733484287829,-0.8380587154988712,-0.8589278534573587,0.0030205553955781348,0.0011093767042609135,0.003481905543374473,0.0037292587076801186,0.0036287308926943006,0.004185737588183641,0.003674394050155058,0.003666177680090081,3.1337062455358264,3.8549340592293078,0.0,0.0,-0.015046993577198076,-0.07282143309401656,-7.068914679668904e-05,-0.00031541528786032096
2023-10-18,19671.099609375,19840.94921875,19659.94921875,19820.44921875,198900,-0.0020638941291021107,-0.001342279668497634,0.0033971023949551727,0.0458230579668968,0.0007231068766418911,0.004745752190129345,0.042282318207494694,46.72068108415699,49.32116579909469,51.93416987852534,0.0,0.7357422280369255,0.7681797015244608,0.7713030147899707,0.0042295493094269,-0.2935409672986369,-0.5679145828463381,-0.006661911302256015,-0.009970680522909493,-0.006992827309524326,-0.00870398052518971,-0.0073017812938532935,-0.008821847899841088,-0.007949748752374239,-0.010168879640145255,-6.147750614478454,-6.399018700303323,0.0,0.0,0.017049716910913615,-0.04607287480049593,5.9815825139071174e-05,-0.0001679920029445019
2023-10-19,19624.69921875,19681.80078125,19512.349609375,19545.19921875,230300,-0.003617498825938845,-0.0033628793307910903,0.0009898359709057248,0.04290624533233925,0.00025554392499640505,0.004367402348784792,0.041874960019725765,43.0465802855193,47.44946724662902,50.940103403942956,0.0,0.7626771852294219,0.7766718844400458,0.7774281987230289,0.004360915743541595,0.6366739728256038,0.15025867370728746,-0.0015536046968367342,-0.009357176851504683,-0.0020205996622934563,-0.009249877979549664,-0.002407266424049448,-0.009893424016928965,-0.00291681263455755,-0.01158312849980249,-1.8716985524656735,-7.5529227731969115,0.0,0.0,0.008492182915584956,-0.005577393989580237,0.00013136643411469553,1.3017566757800997e-05
2023-10-20,19542.650390625,19593.80078125,19518.69921875,19542.150390625,198300,-0.00637715499633756,-0.006849884849832558,-0.003070281324564463,0.038147789500943184,-0.00047576387345769607,0.0038056719398321844,0.04134501164261788,37.03782029254692,44.251555037647606,49.21273585980929,0.0,0.721184077246008,0.7629663232427226,0.7693451062925418,0.00423046970657428,-0.029129433171792462,-0.49567307345694467,-0.0027596561703987148,-0.00928588510513974,-0.003487005519041468,-0.010216401125014924,-0.0040601172954701885,-0.011416494662372956,-0.004758455831396065,-0.013507296031922036,-3.197912208981414,-8.924607752139238,0.0,0.0,-0.013705561197323135,-0.026503101445174093,-0.0001304460369673157,-8.037026169346265e-05
2023-10-23,19281.75,19556.849609375,19257.849609375,19521.599609375,176000,-0.016128594106222176,-0.01831415606798794,-0.015747377440196837,0.02404071374642147,-0.0022213898571229757,0.002614663992209779,0.040424673782569254,24.401667990555765,35.953700412657795,44.263201230984066,0.0,0.8948917308399593,0.8288184922989373,0.8164662213659166,0.00447410472030251,-1.0676340767973238,-0.9174037212682451,-0.009751439109884616,-0.017706055883797946,-0.01146427121815538,-0.020482798165640158,-0.012677096115632374,-0.022817530236311,-0.014107075754521713,-0.02605769892269451,-8.29785462498981,-16.381509755379525,0.0,0.0,0.06585216905621472,0.06264151410819208,0.00024363501372823022,0.00023368208921799218
2023-10-25,19122.150390625,19347.30078125,19074.150390625,19286.44921875,225300,-0.019947209669563915,-0.024094096828174833,-0.022978771031276827,0.015407229698267662,-0.004231289579016196,0.0011428620251942834,0.039288809282130056,19.623602889500873,32.000605359237966,41.608473405999966,0.0,1.007578662640618,0.8780727988635648,0.8520983042205638,0.004743638636049941,0.8799498849868784,0.1665002041040184,-0.0038186155633417387,-0.02454522684271782,-0.005779940760186893,-0.029744644469201525,-0.00723139359107999,-0.03367765472008529,-0.00863348404815381,-0.03836557702100338,-3.9530950534198297,-23.46831105433518,0.0,0.0,0.04925430656462748,0.12694281425001763,0.00026953391574743076,0.000573905151762112
2023-10-26,18857.25,19041.69921875,18837.849609375,19027.25,300400,-0.027596892245172755,-0.03431131009419087,-0.03513191266991836,0.0013273691534569161,-0.006904973663155982,-0.0008497589174494027,0.03778680454056985,14.228594577307419,26.744504644798695,37.71500712650634,0.0,1.1189156530734314,0.9344962040148233,0.8947149076628809,0.004764146297347373,1.582991475820722,1.6509153748361036,-0.00764968257560884,-0.025532998116070644,-0.010217213266016035,-0.032969030425693234,-0.012153141638641531,-0.03852901506487353,-0.014079860544810746,-0.04449568881343988,-5.25610071443927,-22.576661154295998,0.0,0.0,0.05642340515125843,0.16631650249036245,2.0507661297432082e-05,0.0005345969879204729
2023-10-27,19047.25,19076.150390625,18926.650390625,18928.75,205200,-0.014610304940362322,-0.022396703909277144,-0.02443806488524027,0.011301563382927229,-0.007901847368561709,-0.0020881281641809057,0.036634914690437656,30.27025264337088,34.99209935107994,41.76805035592696,0.0,1.1160532660428761,0.9411797733214612,0.8983356375355201,0.0048201955992375305,-0.33186382975413703,-0.37770994678316605,0.012986587304810433,-0.010992806114423477,0.011914606184913724,-0.019033824578486052,0.01069384778467809,-0.025427900856145994,0.009974194229470313,-0.03160468194941202,8.247594706281248,-12.457367895549076,0.0,0.0,0.006683569306637938,0.16450788888141543,5.604930189015769e-05,0.00045927985569593505
2023-10-30,19140.900390625,19158.5,18940.0,19053.400390625,180100,-0.008004083583416366,-0.016016595681683506,-0.01888577248169111,0.016109333375973586,-0.008077162381082149,-0.0029158792591581465,0.03566873751916073,37.04143248177188,38.65803997099934,43.642608684478134,0.0,1.1167811346940586,0.9512148573555929,0.9057305660134598,0.0049349200613568135,-0.7384510017099388,-0.9363042587285305,0.006606221356945956,-0.0016269285870788063,0.006380108227593637,-0.009166710831850947,0.00555229240354916,-0.015815491157126646,0.004807769993046357,-0.0220384561249696,3.6659406199193967,-5.593515066648266,0.0,0.0,0.01003508403413167,0.18824853411287024,0.00011472446211928302,0.0007044503547825338
2023-10-31,19079.599609375,19233.69921875,19056.44921875,19232.94921875,206000,-0.009166772554289899,-0.017455788088256128,-0.021182354853718596,0.012725594989563362,-0.008365702021655708,-0.003792772600239188,0.03464174354786433,34.48420325730001,37.18005370913438,42.709330583323535,0.0,1.0820959343246312,0.9524661345859182,0.9096102103513375,0.004823256179867664,-0.3787646429399871,-0.17882861569141364,-0.0011626889708735329,0.006961821551932278,-0.0014391924065726217,0.0008583679797318118,-0.002296582372027487,-0.005434977413521759,-0.003383738386410224,-0.01131511875685811,-1.477986261864963,1.2263532964765815,0.0,0.0,0.001251277230325365,0.12364764228698089,-0.0001116638814891496,0.00034915145956515396
2023-11-01,18989.150390625,19096.05078125,18973.69921875,19064.05078125,194100,-0.011371889682998583,-0.02014382426727446,-0.024835061563278728,0.007845172368813593,-0.008872835490650955,-0.004787679469893848,0.033512519414901985,30.821352843697383,35.050686375531896,41.35609630838097,0.0,0.9986648476932224,0.9346686829831767,0.901103853767597,0.00471417874896228,-0.4834240262876509,-0.4698385988981799,-0.002205117128708684,0.008575319986565333,-0.0026880361790183327,0.0039502725609003725,-0.0036527067095601315,-0.0018562905320019009,-0.004880422620749768,-0.007562057329454069,-2.129367333602481,3.0500810162939302,0.0,0.0,-0.017797451602741488,0.05659588411961192,-0.00010907743090538425,-2.945988708766105e-05
2023-11-02,19133.25,19175.25,19064.150390625,19120.0,245600,-0.0031683164640930123,-0.011566237683817931,-0.016762735377253042,0.01533670308860528,-0.008424613059986487,-0.005257304931853234,0.032646686228043224,42.22719185762395,40.86170223898416,44.27329391618127,0.0,0.987444881222049,0.930845126987142,0.8980474476252523,0.00470702499564317,1.6148965093476113,1.0746995297866149,0.00820357321890557,0.024428575781079744,0.00857758658345653,0.022745072410372935,0.008072326186025686,0.018369177292665316,0.007491530719791686,0.014009333935148364,5.811015863452262,14.117197594185463,0.0,0.0,-0.0038235559960347887,-0.0036510770276813043,-7.153753319109543e-06,-5.7121301704202675e-05
2023-11-03,19230.599609375,19276.25,19210.900390625,19241.0,189500,0.001556906280697021,-0.005946357125149349,-0.011304078051743698,0.02029456940934839,-0.007491599687240837,-0.005389770426372126,0.03195992494722337,48.871319359872054,44.47592502953858,46.14999206410329,0.0,0.9346782827380382,0.9130953786099011,0.886363483734672,0.004631849016928284,-0.5308865404400666,-0.5306293801448589,0.004725222744790033,0.016167211221059342,0.005619880558668582,0.016450346784127795,0.005458657325509344,0.01313398683349657,0.004957866320743111,0.008993006026421162,3.6142227905544217,9.483825678458636,0.0,0.0,-0.01774974837724086,-0.0280843947115601,-7.517597871488629e-05,-0.00018834658230924665
2023-11-06,19411.75,19423.0,19309.69921875,19345.849609375,180700,0.008975089211833858,0.003105882471657328,-0.0019127422756083925,0.029599269264326617,-0.0058169986582734074,-0.005003085750927716,0.03157240140684837,59.08625370254003,50.53409935873308,49.436022703438645,0.0,0.9389955499957877,0.9107586541595017,0.8834758632172217,0.004645664046569071,-0.884746633142667,-0.8608740975933465,0.007418182931136837,0.016979172795250224,0.009052239596806677,0.019122478153340835,0.009391335776135306,0.016973030206082717,0.009304699854978227,0.013489935888353032,6.0581743291945,11.87605938773374,0.0,0.0,-0.002336724450399341,-0.04045620319609111,1.3815029640787575e-05,-0.0002892560147877421
2023-11-07,19406.69921875,19423.5,19329.099609375,19404.05078125,198700,0.007117185475118351,0.0025855880165040986,-0.0020874207984507872,0.02903104848657132,-0.004499573161862412,-0.004660957499099778,0.031183562501958487,58.70473991626451,50.36908245193535,49.34895094531041,0.0,0.8486783414817841,0.8806697085405487,0.8647879954236868,0.004662206535223694,-0.11882472540294843,-0.3691145652120541,-0.0018579037367155073,0.016283958029408248,-0.0005202944551532295,0.020041376104760228,-0.00017467852284239476,0.01909493405526781,-0.0005682207777552954,0.01630545349700796,-0.16501690679773162,13.189028742800971,0.0,0.0,-0.030088945618953034,-0.07179642604536951,1.654248865462244e-05,-0.00016104964464397006
2023-11-08,19443.5,19464.400390625,19401.5,19449.599609375,195000,0.007373604265980998,0.004077231218999118,-0.00018743748386914128,0.030664656619045234,-0.0032722448087011084,-0.004247351269673491,0.030857878025929097,60.853378342019234,51.6089968403276,50.014183247639835,0.0,0.7423583232331457,0.8393243314649353,0.8374536951777611,0.004613612272635502,-0.2721761138199169,-0.45304094192972877,0.0002564187908626475,0.01874549394897958,0.0014916432024950194,0.02422105548627358,0.001899983314581646,0.024647624079409586,0.001633608132473912,0.022819484250231642,1.2399143883922505,16.558310464795703,0.0,0.0,-0.041345377075613365,-0.09534435151824139,-4.8594262588191536e-05,-0.00010056647632677735
2023-11-09,19395.30078125,19463.900390625,19378.349609375,19457.400390625,208400,0.003986237895471906,0.0014435976164579637,-0.0025616325166999887,0.027822223108612355,-0.002532544952352887,-0.00399945652724809,0.030461887787589098,56.371572557175156,49.85231789919655,49.13763393586465,0.0,0.6835805755610694,0.8128158572280275,0.8205612972667707,0.004567724318907477,1.349947751595566,-0.006861546128048139,-0.0033873663705090923,0.007154554359564918,-0.0026336336025411544,0.013009835300275895,-0.0023741950328308474,0.014201102860553053,-0.0028424335104328784,0.012485520020007076,-1.7566789411310495,8.990615660212391,0.0,0.0,-0.02650847423690783,-0.11802926975911443,-4.588795372802504e-05,-0.00013930067673569285
2023-11-10,19425.349609375,19451.30078125,19329.44921875,19351.849609375,152200,0.004529552371056183,0.002722093459783968,-0.0009765006068990968,0.02911340788488419,-0.0017993088476152374,-0.003688553479380779,0.030119320026068132,58.58981902227,50.97272778531299,49.70749404378885,0.0,0.6714747589760997,0.7983958553988926,0.8101486099216808,0.004606674955015596,-1.5927232174009665,-1.6103927099106583,0.0005433144755842773,0.0029726460903591622,0.0012784958433260042,0.008668450584933318,0.0015851319098008918,0.010327577444844601,0.0012911847762718358,0.0088188384755358,1.120409886116441,6.496802755774411,0.0,0.0,-0.014420001829134943,-0.11469952321100851,3.8950636108118705e-05,-2.5174061912687853e-05
2023-11-13,19443.55078125,19494.400390625,19414.75,19486.75,189300,0.0044716422867440075,0.0033276417745515875,-3.884953615964083e-05,0.029769477293322934,-0.001138907724251956,-0.0033553259877870294,0.02980948491414465,60.02608707860262,51.67699344098081,50.05896971800673,0.0,0.6186068329496749,0.7699342553653948,0.7903549500288333,0.004611471326560018,0.026894051021920932,-0.4110646943061923,-5.791008431217572e-05,-0.004503446925089851,0.0006055483147676195,0.00022175930289425935,0.0009376510707394559,0.0018738927394487516,0.0006560694084387433,0.00017020802899631732,0.7042656556678182,1.1428940822477287,0.0,0.0,-0.028461600033497736,-0.1408243987941069,4.796371544422452e-06,-3.4192720009052976e-05
2023-11-15,19675.44921875,19693.19921875,19579.650390625,19651.400390625,291500,0.013420361405990048,0.013884407561689542,0.011415944663291207,0.04161545051571529,0.00045790095933704114,-0.0024346590991913856,0.029858641256123118,73.6242130573504,59.633203177904065,54.28064504142952,0.0,0.7428190982364119,0.7971434226417354,0.8042678979496414,0.004550175477358119,1.6358681675531968,2.3047146621402947,0.008948719119246041,0.006303175930871697,0.010556765787137955,0.011298819545185444,0.011454794199450849,0.013503365461741995,0.011845973222392354,0.012584402029143966,7.956209736923256,9.264120725968716,0.0,0.0,0.027209167276340596,-0.08352628589881328,-6.129584920189918e-05,-0.0001120310578655746
2023-11-16,19765.19921875,19875.25,19627.0,19674.69921875,282700,0.0147142660640574,0.016798337627958897,0.015391256488755434,0.04588427215778306,0.0020538506588513184,-0.0013838350114595726,0.030030803864190363,77.13606921604342,62.225430689027576,55.78091023239565,0.0,0.8427559658013908,0.8265574384694039,0.8223006119906007,0.004857003784009071,0.9579949769455145,1.7718119458746246,0.0012939046580673526,0.007340661798076402,0.002913930066269355,0.012721106408959779,0.003975311825464227,0.015578693972624576,0.004268821642067773,0.015219615538737827,2.592227511123511,10.616433848699977,0.0,0.0,0.02941401582766845,-0.012766892995531465,0.00030682830665095147,0.0002433915113735684
2023-11-17,19731.80078125,19806.0,19667.44921875,19674.75,236800,0.01061099152091515,0.013690497472247641,0.013132152856769953,0.043658838991762254,0.0030471724305095875,-0.0005508038369403512,0.030131001221227617,72.9208377767355,60.66423295256923,55.08336184971191,0.0,0.8157799406620564,0.8189717354351629,0.8179056697458645,0.004931893900039937,0.1053154681255902,0.5638338646434196,-0.00410327454314225,0.006624753625443244,-0.0031078401557112553,0.012246899855789677,-0.0022591036319854815,0.01569378537346994,-0.002225433166020807,0.0158366158831499,-1.5611977364583467,10.81191505337268,0.0,0.0,-0.007585703034240998,0.006155878207135368,7.489011603086654e-05,0.00036416958113246
2023-11-20,19694.0,19756.44921875,19670.5,19731.150390625,173800,0.007086496693969935,0.010669096950401082,0.01074767624432443,0.041227859614813595,0.0035573908181591044,7.774977404617662e-05,0.030156075632788593,68.01313628880752,58.864119153825065,54.28656068417918,0.0,0.7411612771091153,0.7931065101519527,0.8012349822295527,0.004874783847674054,-1.147824783971862,-0.9258752799986883,-0.003524494826945215,0.0025569443229137515,-0.0030214005218465595,0.007947003490617114,-0.002384476612445523,0.011724176851223527,-0.0024309793769486596,0.012114451729929403,-1.8001137987441638,7.891391368512075,0.0,0.0,-0.025865225283210225,-0.005289345246939914,-5.7110052365883304e-05,0.000268108892658458
2023-11-21,19783.400390625,19829.099609375,19754.05078125,19770.900390625,195000,0.00951830189299721,0.013850791229804042,0.014725673000133091,0.04547643281113651,0.004291640209675018,0.000862929513787543,0.03030450557152641,73.02280211772735,61.754598056702285,55.852826026843175,0.0,0.7268283539074277,0.7819061565452925,0.7921513545024994,0.00475620155526572,-0.7878521378459596,-0.4002746206623221,0.002431805199027276,0.005046659606253203,0.0031816942794029596,0.010523149455252455,0.0039779967558086615,0.014764522536292733,0.004248573196322915,0.015706955517813575,2.89047890287722,10.077604615721476,0.0,0.0,-0.011200353606660163,0.01197190117989766,-0.00011858229240833355,0.00014473022870570198
2023-11-22,19811.849609375,19825.55078125,19703.849609375,19784.0,184500,0.008957608087702542,0.013897698496126843,0.015540319068452487,0.046490670404328985,0.004896231882117776,0.0016201048436761186,0.030476733178124354,74.50520528568134,62.653908771704565,56.346416239445624,0.0,0.7034846712844245,0.7688906051867352,0.7825981779044169,0.00481005889769639,-0.6686089591011786,-0.6740111313046387,-0.0005606938052946688,-0.004462753318287506,4.6907266322801164e-05,1.3290934437300977e-05,0.0008146460683193957,0.00412437440516128,0.0010142375931924755,0.004875219888613697,0.8993107150022794,3.0207055938005,0.0,0.0,-0.013015551358557254,-0.02825281745500019,5.3857342430669794e-05,0.00025988342033827095
2023-11-23,19802.0,19875.150390625,19786.75,19828.44921875,170000,0.0069079225977393905,0.012161221247217633,0.014437298078851912,0.04549217392940466,0.005217258233429295,0.0022487295342431945,0.030612908170238495,72.88743222358926,62.10937969373457,56.1211308770322,0.0,0.6523519755827745,0.7462122315594819,0.766960497416721,0.004553751020383703,-0.8195665188727571,-0.9432528827937712,-0.0020496854899631515,-0.00780634346631801,-0.0017364772489092094,-0.004637116380741263,-0.0011030209896005748,-0.0009539584099035221,-0.0009984964749243236,-0.00039209822837839997,-0.5445290779699974,-0.11605099529300844,0.0,0.0,-0.022678373627253334,-0.08034520690992197,-0.0002563078773126868,-0.0003032527636253673
2023-11-24,19794.69921875,19832.849609375,19768.849609375,19809.599609375,145900,0.005341849431564736,0.01070493583910757,0.013504337042719281,0.0446378548719605,0.0053345898318817656,0.0027697511947812853,0.030718682388755223,71.54404384692207,61.68145971734371,55.94917976219531,0.0,0.5867378396631936,0.7162611267357183,0.7461041102096081,0.004184214618870668,-1.5170607115643022,-1.471961313939756,-0.0015660731661746542,-0.0052691420893504134,-0.001456285408110063,-0.002985561633140071,-0.0009329610361326311,0.0003721841859493282,-0.0008543190574441598,0.0009790158801982474,-0.42791997639086077,1.0172267647744775,0.0,0.0,-0.02995110482376362,-0.1027106086994446,-0.00036953640151303566,-0.0007476792811692695
2023-11-28,19889.69921875,19916.849609375,19800.0,19844.650390625,229600,0.00830290291666937,0.014121463225698662,0.01763537937314441,0.04913303127852424,0.005770647185680238,0.003464985482378757,0.030951805080501563,77.76533565548038,65.05530792641562,57.69816570233571,0.0,0.5899760940855059,0.7057899427402562,0.7364261044755556,0.004118354367509863,1.4388556665398733,0.7115147780007726,0.0029610534851046335,0.001216406222699435,0.0034165273865910915,0.00345236627529758,0.00413104233042513,0.006887703128819981,0.004495176406563738,0.007905171663710645,3.373848209071916,6.191188772590557,0.0,0.0,-0.010471183995462097,-0.08731656741169647,-6.586025136080462e-05,-0.0007564294801641908
2023-11-29,20096.599609375,20104.650390625,19956.30078125,19976.55078125,236200,0.015322643874834778,0.022377765155624518,0.027084529271558133,0.05941354520217096,0.006948649597594781,0.004603742644204669,0.031476490015424165,85.70586862848543,71.03652584568044,61.17935057482717,0.0,0.6810396459909658,0.7250283519809715,0.7450703520957975,0.004104759408745442,1.106902947143441,0.8040879269711524,0.007019740958165408,0.005804341981837567,0.008256301929925856,0.008526973925820476,0.009449149898413722,0.012358856271425042,0.01028051392364672,0.01393711239103445,5.981217919264822,9.281927788978159,0.0,0.0,0.019238409240715293,-0.05687780456432101,-1.359495876442074e-05,-0.000651442146520278
2023-11-30,20133.150390625,20158.69921875,20015.849609375,20108.5,486600,0.014003866039074931,0.02198539350026882,0.02778560241401917,0.06069296248444271,0.007871298846592678,0.005675432301321658,0.03201772820433769,86.68584336721979,71.9499288016151,61.75593323346573,0.0,0.6857474755069444,0.7226986885627764,0.7420894579757961,0.003908850977865303,1.7154395258112176,3.6248988147043577,-0.0013187778357598469,0.005046257951372389,-0.00039237165535569926,0.008087695004141976,0.000701073142461036,0.012245283345566682,0.0012794172822717526,0.014202292080113726,0.9134029559346573,9.296020029910537,0.0,0.0,-0.0023296634181950715,-0.04619191662395883,-0.00019590843088013957,-0.0009012079198310874
2023-12-01,20267.900390625,20291.55078125,20183.69921875,20194.099609375,265800,0.01694637852943295,0.026136493058694612,0.03325990556395883,0.06707232657227621,0.009036970604636136,0.006941973658914361,0.03272402309064957,89.71779500169491,75.07118990910325,63.810891657315345,0.0,0.7012573173377388,0.7224395405786019,0.7392689359662237,0.0038533746381183833,-0.05504026913492474,0.5783777558029569,0.0029425124903580194,0.01003845593169356,0.0041510995584257936,0.013975271811476979,0.005474303149939661,0.018822607485106918,0.006379364087833503,0.021580152642871553,3.121261107488152,12.961810215368686,0.0,0.0,-0.00025914798417447926,-0.023772690980879974,-5.547633974691945e-05,-0.00070037638226532
2023-12-04,20686.80078125,20702.650390625,20507.75,20601.94921875,381100,0.030849165333452413,0.04285632080591574,0.05236156459406116,0.0881617395704184,0.01164782964982014,0.009114624515867916,0.034018892537344636,94.36875034822879,81.83734719171679,69.15421082731021,0.0,0.9699620050957974,0.8073654821172643,0.7898838876824663,0.003996164143819188,0.5498355381418134,1.8437374873552173,0.013902786804019462,0.02550731590188768,0.01671982774722113,0.032151384966808166,0.01910165903010233,0.03885722755134188,0.021089412998142182,0.043523884698457894,6.766157282613534,20.15588747437308,0.0,0.0,0.0849259415386624,0.09110435538154604,0.00014278950570080495,-0.00018805047505147943
2023-12-05,20855.099609375,20864.05078125,20711.150390625,20808.900390625,421000,0.031874556100533954,0.04645639754205297,0.058394466620885314,0.09595660332124123,0.014131409050945072,0.011408090300630613,0.035489732689438364,95.35382396650311,83.7461135470121,70.94179542690496,0.0,0.9396900028724512,0.804354535819755,0.7866716145241034,0.00404622037658483,0.5967983239581557,1.9558806165217846,0.0010253907670815417,0.023571653183864585,0.0036000767361372282,0.03233493431635431,0.006032902026824154,0.040759087247740904,0.0077948637508228336,0.04682357204271699,1.9087663552953131,18.69080562059648,0.0,0.0,-0.0030109462975093093,0.09856459307949883,5.005623276564154e-05,-7.213399092503327e-05
2023-12-06,20937.69921875,20961.94921875,20852.150390625,20950.75,359200,0.02923186795440271,0.04579030392040225,0.059984796520500455,0.09920031315798628,0.016088149309746325,0.013572981645447135,0.0369963010471607,95.77682964573832,84.60144612143958,71.77433720473908,0.0,0.853667791538662,0.7814117695907649,0.7712271873242244,0.004092951206001858,-0.2893056166960279,1.1556013895169843,-0.002642688146131243,0.013909224079567933,-0.0006660936216507166,0.023412538764777734,0.0015903298996151408,0.03290026724894232,0.0032437098367450456,0.039786767955815316,0.8553325744274787,13.564920275759135,0.0,0.0,-0.022942766228990163,0.056383417609793374,4.673082941702815e-05,-1.1808202743584378e-05
2023-12-07,20901.150390625,20941.25,20850.80078125,20932.400390625,275000,0.022335600973708628,0.03980886778317151,0.055727657195694634,0.09622043546287462,0.017091517494666846,0.015309341847085137,0.03835532581834602,91.47744012413763,82.5318782864475,70.84296405600816,0.0,0.770677959611351,0.7577759989993254,0.7563934981033806,0.004068793856724515,-0.9659151418759004,0.22432497506286767,-0.006896266980694083,0.008331734934633697,-0.00598143613723074,0.017823474282902693,-0.004257139324805821,0.027942054781675465,-0.0029798776951116546,0.03552747297843191,-2.0695678349920854,10.581949484832393,0.0,0.0,-0.02363577059143951,0.035077310436548936,-2.4157349277342637e-05,0.00015994287885921256
2023-12-08,20969.400390625,21006.099609375,20862.69921875,20934.099609375,292400,0.020908322982084497,0.03912291042951485,0.05672278073086009,0.09870894507888969,0.017841550546111074,0.016937236321803783,0.03973243040998014,92.23666535520988,83.35091996609452,71.55769530962053,0.0,0.7513067740747129,0.7502057640698053,0.750594671674126,0.0041298028492392025,-0.8726435984839562,0.36073278959812843,-0.0014272779916241311,0.003961944452651547,-0.0006859573536566604,0.01298641737082024,0.0009951235351654542,0.023462875166901258,0.002488509616015072,0.03163661850661348,0.8190416796470288,8.27973005699127,0.0,0.0,-0.0075702349295200255,0.02776622349120339,6.100899251468717e-05,0.0002764282111208192
2023-12-11,20997.099609375,21026.099609375,20923.69921875,20965.30078125,212900,0.01813677766323139,0.036679082340180885,0.05571250271378962,0.09906491875653593,0.018211997723436256,0.018359992689968276,0.041064604171406144,92.55087359462716,83.68526084198322,71.8481414464049,0.0,0.6977901774284774,0.7305355385994281,0.7371322913694374,0.004163275944601767,-1.2380005029453547,-0.4971360527612449,-0.0027715453188531074,-0.012712387670221023,-0.002443828089333966,-0.006177238465734855,-0.0010102780170704664,0.003350938119728461,0.0003559736776462402,0.010903179186117537,0.33434087588869943,1.8479136502664346,0.0,0.0,-0.019670225470377223,-0.07682994351783623,3.347309536256421e-05,0.00016711180078257844
2023-12-12,20906.400390625,21037.900390625,20867.150390625,21018.55078125,244900,0.011212849026348561,0.029188224543109858,0.049047880816129256,0.09329135651795606,0.017776055292482665,0.019296427805356738,0.04217488687685699,80.1573344053806,78.15106117539767,69.44022060875827,0.0,0.7240010526305076,0.7396356177097021,0.7439685747644172,0.004256003936794595,-0.5805640386236172,-0.2101202705601585,-0.006923928636882829,-0.020661707074185395,-0.007490857797071027,-0.01726817299894311,-0.006664621897660365,-0.009346585804756058,-0.005773562238579874,-0.0026652468032851706,-5.53419966658555,-5.595052371614429,0.0,0.0,0.009100079110273995,-0.06471891811005293,9.272799219282868e-05,0.00020978356020976557
2023-12-13,20926.349609375,20950.0,20769.5,20929.75,260300,0.00994161327280529,0.027352517202020452,0.04799200302240543,0.09330835566812856,0.017239515334746516,0.020089974448689058,0.043241124469491105,80.81652534652702,78.48803255149446,69.67205945147917,0.0,0.751158467914527,0.7477604034434929,0.7489398002882389,0.004384055568337825,0.10551205832035392,-0.07926617629434463,-0.0012712357535432702,-0.01929025468159742,-0.0018357073410894056,-0.0184377867183818,-0.0010558777937238265,-0.011992793498095025,1.6999150172503086e-05,-0.005891957489857713,0.33697137609678407,-6.1134135699451235,0.0,0.0,0.00812478573379083,-0.03365136614727193,0.00012805163154322972,0.00029110436233596715
2023-12-14,21182.69921875,21210.900390625,21074.44921875,21110.400390625,334400,0.01818272144822153,0.036175634673158104,0.05830541947963666,0.10552773275280627,0.01767159552594272,0.021357175430455833,0.04462068548830505,87.19428948508576,82.2717592140087,72.45660595602752,0.0,0.8623178380462981,0.7818972551778338,0.7686115212148106,0.0044371318111983,1.4085578739601448,0.7307296019913924,0.008241108175416241,-0.0041528795254870965,0.008823117471137652,-0.0036332331100134077,0.010313416457231231,0.002577762283942027,0.012219377084677713,0.009307297289931654,3.7837266625142405,-0.2601190724387976,0.0,0.0,0.03413685173434089,0.024121256178508466,5.307624286047478e-05,0.00036833795447378456
2023-12-15,21456.650390625,21492.30078125,21235.30078125,21287.44921875,508800,0.025505152502446907,0.04486711904519475,0.06897429432927456,0.11849171084970207,0.018880418587367016,0.02307200106565615,0.0463223641420649,90.94685296517353,85.25626443063625,75.00038638401128,0.0,0.9696297598495749,0.8198429945949529,0.7913752194650597,0.004605668244741331,1.6576983676361852,2.1964494062229734,0.007322431054225375,0.00459682952036241,0.008691484372036644,0.005744208615679897,0.010668874849637897,0.01225151359841447,0.012963978096895798,0.01978276577081238,2.9845052166275536,1.9053444645417272,0.0,0.0,0.037945739417119095,0.06963723052514759,0.00016853643354303085,0.00047586539550212824
2023-12-18,21418.650390625,21482.80078125,21365.349609375,21434.80078125,249700,0.01929876301786637,0.03895370939178029,0.06428139413122319,0.11521796236686277,0.019282811955663493,0.024378068541927738,0.04786005704555164,86.82922127641251,83.1648428300714,74.01705775187304,0.0,0.8867518962895863,0.8018019390831163,0.7811401990611158,0.00430619051497238,-0.6253943238706359,-0.3055574231565284,-0.006206389484580535,0.001161985354634982,-0.005913409653414456,0.0022746270515994066,-0.004692900198051367,0.008568891417433569,-0.003273748482839303,0.016153043610326837,-2.091421600564857,-0.5204180119118291,0.0,0.0,-0.018041055511836657,0.07126640048368815,-0.0002994777297689504,0.00014291457037061365
2023-12-19,21453.099609375,21505.05078125,21337.75,21477.650390625,249800,0.017066265878874613,0.03679568628133608,0.06324152362863077,0.11571263222028709,0.01939836278554843,0.025507279493173513,0.04935013110904748,87.43108766305097,83.55860537814253,74.33342617620727,0.0,0.8642312319651078,0.7990379775265347,0.7798838731877135,0.004353435083600127,-0.6378299433110624,-0.3507410775846847,-0.002232497138991759,0.005853416852526052,-0.0021580231104442113,0.007607461738226223,-0.0010398705025924243,0.01419364281250151,0.0004946698534243205,0.02242127570233103,0.39376254807113753,5.407544202744859,0.0,0.0,-0.00276396155658154,0.05940235981683262,4.724456862774656e-05,9.743114680553153e-05
2023-12-20,21150.150390625,21593.0,21087.349609375,21543.5,363900,0.0022111122727635118,0.020100072928076633,0.0462482725541415,0.0988642055884008,0.01784949342134657,0.0256329749600052,0.050290102659678725,59.523847911491835,68.40602120758297,66.90421028446099,0.0,1.1794412009222177,0.9233604598516063,0.867231404873108,0.005068320142812662,0.2119990891869646,0.7035520977005837,-0.014855153606111102,-0.007730501000041779,-0.016695613353259448,-0.007252444273943819,-0.01699325107448927,-0.0017437304682639335,-0.016848426631886293,0.005555849920272235,-15.152584170559564,-10.08201134391149,0.0,0.0,0.12432248232507159,0.17560005640811338,0.0007148850592125352,0.000684264574474837
2023-12-21,21255.05078125,21288.349609375,20976.80078125,21033.94921875,277500,0.005868414970488523,0.022820131619945234,0.04932080599151597,0.10316930711403317,0.01685281732397777,0.025909418041663784,0.05131748157002863,64.1469281571005,70.40714666086036,68.05083137438916,0.0,1.2320489775881567,0.9578719813940382,0.891656696295574,0.005340085640634025,-0.4749884451499651,-0.2146059666866143,0.003657302697725011,-0.01231430647773301,0.0027200586918686015,-0.01335550305321287,0.0030725334373744723,-0.008984613488120692,0.004305101525632377,-0.002358425638773101,2.001125453277396,-11.864612553148334,0.0,0.0,0.03451152154243187,0.17597472621620436,0.00027176549782136246,0.0009029538294357247
2023-12-22,21349.400390625,21390.5,21232.44921875,21295.849609375,284700,0.008438737941290101,0.02481133669696635,0.051752303818857356,0.10687598692787577,0.016235590859094345,0.02628870910886242,0.052411278690683356,67.98407214292945,72.11773582189667,69.05095056331375,0.0,1.129344433602282,0.9384007508982847,0.8806966317880598,0.005370632819542631,-0.008971467585461183,-0.20969285532238605,0.0025703229708015788,-0.017066414561156804,0.0019912050770211145,-0.0200557823482284,0.0024314978273413876,-0.0172219905104172,0.003706679813842595,-0.011615723921826304,1.7105891610363102,-13.138528608739577,0.0,0.0,-0.0194712304957535,0.11855775630333176,3.054717890860637e-05,0.0007649645748013002
2023-12-26,21441.349609375,21477.150390625,21329.44921875,21365.19921875,219500,0.010433718140979062,0.02649784711913599,0.053955842385987794,0.11040963566614931,0.01589825110717021,0.02674919907909462,0.05356371776673218,71.45728737103579,73.71251491582858,70.00005681707901,0.0,1.0373733480514495,0.9168397107616337,0.8679646806218676,0.005413349908630897,-1.1046786327695626,-1.0177574918299666,0.00199498019968896,-0.00886504487688731,0.0016865104221696417,-0.012455862272644301,0.0022035385671304378,-0.010325551745235396,0.00353364873827354,-0.004808326700713461,1.5947790939319049,-9.452327914242815,0.0,0.0,-0.021561040136650944,0.11503777167851748,4.2717089088265686e-05,0.0011071593936585163
2023-12-27,21654.75,21675.75,21495.80078125,21497.650390625,256500,0.016702575297775895,0.033265628165759044,0.06176223246872145,0.12010753693560734,0.016290952015275556,0.027579166020986534,0.05495138429554631,77.93778864933685,77.00045298349558,72.06212191618101,0.0,1.038208961882044,0.9202787548330036,0.8700317534612377,0.005453945030281719,-0.4504562720165926,-0.6137712764777958,0.006268857156796833,-0.0003636905810987176,0.006767781046623053,-0.0035300581155770366,0.007806390082733657,-0.0014792911599093156,0.009697901269458034,0.0043949047153202525,3.2879380676669996,-6.558152394646953,0.0,0.0,0.0034390440713698567,0.12124077730646887,4.059512165082227e-05,0.001100509946681592
2023-12-28,21778.69921875,21801.44921875,21678.0,21715.0,393100,0.018351990202007205,0.03549169256403583,0.06500631432716705,0.12510251413649862,0.01683082325849698,0.028503001979715066,0.05642802206980171,80.87954647942738,78.66928730337013,73.1728293101238,0.0,0.9605582307157117,0.8977946816171277,0.8559615766637311,0.005442946020736123,1.646788452122381,0.8894795918279457,0.0016494149042313097,0.016140877929243694,0.0022260643982767864,0.015391619635959197,0.003244081858445602,0.018758041773025556,0.0049949772008912735,0.02623830854809782,1.6688343198745486,10.26326609578716,0.0,0.0,-0.022484073215875866,-0.025565778234478587,-1.0999009545596336e-05,0.00037462587792346045
2023-12-29,21731.400390625,21770.30078125,21676.900390625,21737.650390625,270900,0.0131670928095087,0.030129690267502337,0.06008705083472187,0.12129050290531723,0.016742151988924567,0.029081154392744717,0.057734364383003486,76.34738455381968,76.3914130091147,72.03944432834523,0.0,0.8638073596803232,0.8689410660716274,0.8392825267696663,0.0054238929057899956,-0.21544621182819707,-0.461014185526774,-0.005184897392498505,0.007298677839020177,-0.005362002296533493,0.007309558647557102,-0.004919263492445182,0.010766244843205902,-0.0038120112311813836,0.01812119579128406,-2.277874294255426,5.984266348254337,0.0,0.0,-0.028853615545500366,-0.08893091532241082,-1.9053114946127048e-05,8.380726515597094e-05
2024-01-01,21741.900390625,21834.349609375,21680.849609375,21727.75,154000,0.011145927973654119,0.027765800371773553,0.058084778566974256,0.1204739714277292,0.016436670453122245,0.029499890134730526,0.05896426649786254,76.68574067783516,76.55371438096844,72.13879269305662,0.0,0.8319141634309288,0.8569134653375754,0.8325501971773789,0.005423964291515868,-1.195944231340846,-1.761016473672168,-0.0020211648358545806,0.0027071900323640177,-0.0023638898957287838,0.002954463674807204,-0.002002272267747615,0.006332474748116899,-0.0008165314775880339,0.01359798449985343,0.1623013718537436,4.435978559071771,0.0,0.0,-0.012027600734051958,-0.08148728556070928,7.138572587217507e-08,5.3331471973236746e-05
2024-01-02,21665.80078125,21755.599609375,21555.650390625,21751.349609375,263700,0.006215132966429186,0.021923177503318188,0.052137547790764155,0.11525876885659624,0.015611019972021307,0.029566185553461393,0.05999331665177377,68.41089232168565,72.65522070364781,70.26239340313437,0.0,0.8524448489748713,0.8644201793617372,0.8396366123748845,0.0055436534987964685,-0.04642970844652608,-0.38014103691307627,-0.004930795007224933,-0.004218585174549876,-0.005842622868455365,-0.004574669615817803,-0.005947230776210101,-0.0018182945952236393,-0.0052152025711329625,0.004849133190446928,-3.89849367732063,-1.0572942121807642,0.0,0.0,0.007506714024161809,-0.052419531399896524,0.00011968920728060075,0.0001303035901655718
2024-01-03,21517.349609375,21677.0,21500.349609375,21661.099609375,311900,-0.0005558748418923884,0.013546258129512947,0.04309062087071675,0.10643237757903379,0.014109976352279265,0.029149496142117436,0.06072507550249345,54.92291072407301,65.6335224026871,66.75000017391284,0.0,0.8508542345957462,0.8668541697367076,0.8442645175156326,0.005448966125685216,0.3829667337025429,0.29981454192338736,-0.0067710078083215745,-0.017258450139668282,-0.00837691937380524,-0.019719370036246096,-0.009046926920047403,-0.0186716115980047,-0.008826391277562448,-0.013675159356573555,-7.021698300960708,-11.366930580808472,0.0,0.0,0.002433990374970385,-0.053424585096295996,-9.468737311125238e-05,-4.9789045965028395e-06
2024-01-04,21658.599609375,21685.650390625,21564.55078125,21605.80078125,339200,0.004907779543658745,0.018329660950590198,0.04788582957635404,0.11243702137227896,0.013356331476532599,0.02902416551254508,0.06160135958897553,63.0171142633293,68.73016081255125,68.31300507412585,0.0,0.8316566341221016,0.8551909363592471,0.8358205905777318,0.005397280532768253,1.0072768512879613,0.6804296210628201,0.005463654385551134,-0.01344421065834846,0.00478340282107725,-0.017162031613445632,0.004795208705637287,-0.017120484750813014,0.006004643793245168,-0.01266549276421966,3.0966384098641413,-9.939126490818879,0.0,0.0,-0.011663233377460447,-0.042603745257880576,-5.168559291696302e-05,-4.5665487967869525e-05
2024-01-05,21710.80078125,21749.599609375,21629.19921875,21705.75,309300,0.00598911961405783,0.01885893141782573,0.04833894457735031,0.11384234136708074,0.012793191847547352,0.02893434238094249,0.06248303292418357,65.67460855634185,69.81273031755941,68.87377055277155,0.0,0.7746385047100304,0.831808280430627,0.8205135033361477,0.005404977543246257,0.4601785589937754,0.25874153810714723,0.001081340070399085,-0.00717797319545087,0.0005292704672355333,-0.011270758849676606,0.0004531150009962695,-0.011748106257371563,0.0014053199948017847,-0.007448161538236492,1.0825695050081663,-6.5786826915552865,0.0,0.0,-0.0233826559286201,-0.03713278564100031,7.697010478003967e-06,-1.891536254373851e-05
2024-01-08,21513.0,21763.94921875,21492.900390625,21747.599609375,231500,-0.002600173169353896,0.00869824973283858,0.037210142293950275,0.10255684604588196,0.011327877344930496,0.02826602759414254,0.06300237636262151,49.84174903487372,61.17087017969547,64.39562123754757,0.0,0.8773948015198201,0.8694901855111036,0.8486230629046717,0.005512194353140892,-1.3879754415221772,-0.725929405812772,-0.008589292783411726,-0.013746101143008015,-0.010160681684987152,-0.019067550638934973,-0.011128802283400033,-0.02087463627302398,-0.011285495321198782,-0.01791712538184724,-8.641860137863944,-15.382844201272974,0.0,0.0,0.03768190508047653,0.012576720173528178,0.00010721680989463512,8.823006162502443e-05
2024-01-09,21544.849609375,21724.44921875,21517.849609375,21653.599609375,228600,-0.0009194483763787948,0.009256523139401724,0.03716979624462791,0.10304562530830365,0.010185336406802626,0.027657263010199752,0.0635149898330998,52.01490607931031,61.98682763699149,64.77803077814764,0.0,0.8971656900619898,0.8762928673339948,0.8537527815426551,0.005570186280947265,-1.0941989653081505,-0.7817079704166433,0.0016807247929751011,-0.007134581342807981,0.000558273406563144,-0.012666654363916464,-4.03460493223623e-05,-0.014967751546136242,0.0004887792624216902,-0.012213143548292588,0.8159574572960224,-10.668393066656321,0.0,0.0,0.006802681822891232,0.0118726879722576,5.799192780637282e-05,2.6532782150796505e-05
2024-01-10,21618.69921875,21641.849609375,21448.650390625,21529.30078125,217000,0.002048706620533797,0.011546622235612982,0.039065473582171,0.105651298719093,0.00947849695561351,0.027204728622135847,0.06408241523738425,57.04891259399391,63.88205644262719,65.66478534263503,0.0,0.8940142083987461,0.8747542833910685,0.8528759196038556,0.005665723022888633,-0.8706287798692625,-0.903951112965303,0.0029681549969125917,0.0026045814624261854,0.002290099096211258,-0.001999635893899966,0.001895677337543089,-0.0040251472885457495,0.0026056734107893498,-0.0007810788599407897,1.8952288056356963,-1.7514659600599174,0.0,0.0,-0.0015385839429262749,0.00790011365436094,9.553674194136795e-05,0.00021675689720341684
2024-01-11,21647.19921875,21726.5,21593.75,21688.0,212500,0.002755347830310156,0.01169553032037072,0.038788073633053304,0.10593022612226463,0.00891561686447715,0.02677934467507558,0.06463508216299464,58.98614388238411,64.61526052944083,66.0072900249439,0.0,0.8369184037090989,0.8550055170774448,0.8403954439160921,0.005645776118930085,-0.6879535558726317,-0.912661457663961,0.0007066412097763591,-0.0021524317133485888,0.0001489080847577387,-0.0066341306302194775,-0.0002773999491176987,-0.009097755943300735,0.0002789274031716332,-0.0065067952500143245,0.7332040868136431,-4.114900283110416,0.0,0.0,-0.019748766313623767,-0.0001854192818023792,-1.9946903958547625e-05,0.00024849558616183223
2024-01-12,21894.55078125,21928.25,21715.150390625,21773.55078125,294700,0.011599108734213744,0.02109690871968339,0.04857470087649771,0.11724903010022034,0.009388897146572204,0.026910072807161605,0.06549302511906699,71.84453442330567,70.25839877590579,68.80779819143567,0.0,0.9187019801369456,0.876654041542536,0.8524609267928116,0.005638989374171085,1.7379771600817457,0.16636935673433736,0.008843760903903588,0.005609989120155914,0.00940137839931267,0.002237977301857659,0.00978662724344441,0.00023575629914740492,0.011318803977955705,0.0034066887331395956,5.643138246464957,0.4456684583463755,0.0,0.0,0.021648524465091246,0.044845761111908966,-6.786744759000075e-06,0.0002340118309248282
2024-01-15,22097.44921875,22115.55078125,21963.55078125,22053.150390625,345500,0.01709508777771643,0.027704388042194623,0.0558782280035347,0.12617278326894238,0.010430981716428098,0.027414342382065752,0.06657449069512622,78.34247421471404,73.93102974353947,70.85065605596306,0.0,0.9282362648513386,0.8779982473573718,0.8520375384676985,0.005663914190707904,1.4718748293884611,1.2305252097956483,0.005495979043502687,0.019695260947070328,0.006607479322511232,0.019006138309356043,0.007303527127036989,0.018668085709584427,0.008923753168722043,0.02361593722306042,3.6726309676336797,12.760159563843999,0.0,0.0,0.0013442058148357416,0.008508061846268178,2.4924816536819015e-05,0.00015171983756701209
2024-01-16,22032.30078125,22124.150390625,21969.80078125,22080.5,292400,0.011503977833765108,0.022381137611283096,0.05059134207138541,0.12148164869462323,0.010753452300615262,0.027592649572950205,0.06747657608092203,72.10841384573379,70.90348538660356,69.33853572135874,0.0,0.8848969230002307,0.8677348819471966,0.8472238093139631,0.005555753487026415,0.35185453133085015,0.28491916616912194,-0.005591109943951324,0.012423426210143902,-0.005323250430911527,0.013124614471881372,-0.005286885932149293,0.013421545826757496,-0.004691134574319147,0.018436023386319583,-3.0275443569359055,8.916657749612071,0.0,0.0,-0.01026336541017514,-0.008557985386798195,-0.00010816070368148932,-1.4432793920850055e-05
2024-01-17,21571.94921875,21851.5,21550.44921875,21647.25,456000,-0.007893554646161172,0.0009263721779649936,0.027485870600850056,0.09697874457828225,0.008890101324742935,0.026534917213833564,0.06763389742458878,43.54363729992201,54.05768934014116,59.96095327718658,0.0,1.169763711589952,0.9824984823970725,0.9304652954465645,0.005875391207769345,1.515603139215818,2.4141409097498916,-0.01939753247992628,-0.009942261266694969,-0.0214547654333181,-0.010620250057647988,-0.023105471470535353,-0.011579602981320946,-0.024502904116340984,-0.008672554140810751,-16.845796046462404,-9.824367102486029,0.0,0.0,0.11476360044987588,0.10774419900600396,0.00031963772074292997,0.00020966818488071196
2024-01-18,21462.25,21539.400390625,21285.55078125,21414.19921875,387300,-0.010611159680766495,-0.0037865334088366103,0.021369197664986433,0.0904086313477785,0.006897820142915571,0.02525134613959873,0.06759498312718581,39.22390871120888,50.95115213307862,58.02178503143585,0.0,1.2074798987750108,1.0122994678596529,0.9542310353641972,0.006028763970884969,0.4674104608925972,1.3908105150512844,-0.0027176050346053235,-0.013366507511076651,-0.004712905586801604,-0.01548206372920733,-0.006116672935863623,-0.01741887596806687,-0.0065701132305037435,-0.015521594774486128,-3.106537207062537,-13.66410839636221,0.0,0.0,0.029800985462580365,0.1572939507822081,0.00015337276311562422,0.0003829878519548838
2024-01-19,21622.400390625,21670.599609375,21575.0,21615.19921875,343100,-0.002642955232986068,0.003314509063657637,0.027822093619731127,0.0974690912207785,0.0059732513325109066,0.0244266222950819,0.06776172455659923,48.00873881251199,55.015502214745304,59.98121435416114,0.0,1.1515456241520217,1.0018574347552043,0.9479451951421892,0.005448544419927136,-0.35642435103330145,0.7203136176937784,0.007968204447780427,-0.014242063967199813,0.007101042472494247,-0.017782399656025752,0.006452895954744693,-0.020752607256766586,0.007060459872999997,-0.019779938879441836,4.0643500816666815,-15.242896561160485,0.0,0.0,-0.010442033104448578,0.12520339321266827,-0.000580219550957833,-0.00019044495424394917
2024-01-23,21238.80078125,21750.25,21192.599609375,21716.69921875,449700,-0.016701044050469464,-0.013185668804072148,0.009208214321315144,0.0771630673095886,0.003575082862772557,0.022693106917334668,0.06733481953867428,34.19615737475142,45.327046526603205,53.74928208354717,0.0,1.4629993743677367,1.1346428648920275,1.0441403134755711,0.005785926697633121,0.9152130708232096,1.8603666707351034,-0.014058088817483395,-0.033796131828185895,-0.016500177867729785,-0.04089005684626677,-0.018613879298415983,-0.046670013682219555,-0.020306023911189894,-0.04900971595935377,-9.6884556881421,-28.603983216936264,0.0,0.0,0.1327854301368232,0.25664461753465573,0.00033738227770598473,0.00012201250692521655
2024-01-24,21453.94921875,21482.349609375,21137.19921875,21185.25,407500,-0.005521519958767831,-0.002900175563839408,0.018655230502515878,0.0871219821965335,0.002635898561444727,0.021618102358552136,0.0672128799262554,44.62174718415691,50.583427326260356,56.384992709261084,0.0,1.480421590117958,1.1579451092640467,1.0610562858544448,0.005967225167376566,-0.02618808534320906,1.2061589239842394,0.011179524091701632,-0.01702549779253294,0.01028549324023274,-0.025281313175122503,0.009447016181200734,-0.03193611156886953,0.009958914886944892,-0.03435966649808973,5.256380799657151,-20.320058060343207,0.0,0.0,0.02330224437201922,0.2902102273168501,0.0001812984697434454,0.0004114716803501513
2024-01-25,21352.599609375,21459.0,21247.05078125,21454.599609375,418100,-0.008376965858838226,-0.0069234525886021385,0.01329296750879536,0.08110441110678446,0.0014657921611259939,0.020357363337292187,0.06692185357281727,41.04763491675363,48.23103666009108,54.857793350083895,0.0,1.3884818059983866,1.1512394295579285,1.0625936578053021,0.0060526745962016845,0.42918310401094434,1.1996391832335298,-0.0028554459000703957,-0.00048341121267705435,-0.0040232770247627305,-0.007849824766567133,-0.005362262993720519,-0.014192903092054697,-0.006017571089749041,-0.01587433347149779,-2.3523906661692777,-5.826652680050081,0.0,0.0,-0.006705679706118239,0.16874094716085597,8.544942882511824e-05,0.00017728338843233955
2024-01-29,21737.599609375,21763.25,21429.599609375,21433.099609375,376700,0.007761431653448933,0.009973955651234424,0.030287975277155137,0.09949680108174032,0.0021954838995528634,0.02011340937284088,0.06717425367016197,56.49216060950517,56.505804717356106,59.21008438751152,0.0,1.4689370142523497,1.1850120635719383,1.084028609647359,0.006162610462100298,-0.5482503919303439,0.7274760522548857,0.01613839751228716,0.018372591334215427,0.016897408239836563,0.013760489060071034,0.016995007768359778,0.008918777612168704,0.01839238997495586,0.009088169733961815,8.274768057265028,5.554652584277484,0.0,0.0,0.03377263401400987,0.17271259571228548,0.00010993586589861347,0.0001338464912153288
2024-01-30,21522.099609375,21813.05078125,21501.80078125,21775.75,375100,-0.001824639405986713,-3.51103382391961e-05,0.019271624267499062,0.08763790429086395,0.0017928002817887327,0.0193074124955215,0.06707366161840952,48.239248654218294,51.539871021843354,56.072017891497026,0.0,1.4761539213361758,1.2146854285179598,1.1116117557813228,0.006305582436583726,-0.9747775213100673,0.6441060262697391,-0.009586071059435645,0.0008183158269993551,-0.01000906598947362,-0.0033496194018968334,-0.011016351009656075,-0.008550469352232064,-0.011858896790876372,-0.009831186929914554,-4.965933695512753,-3.4756311929019503,0.0,0.0,0.029673364946021463,0.21282799376275552,0.0001429719744834284,0.0008570380166565902
2024-01-31,21725.69921875,21741.349609375,21448.849609375,21487.25,410600,0.006224389776679999,0.008560468228901965,0.02774861534629263,0.09685821020211478,0.0023216277362750385,0.019025281797021357,0.06724367595721466,55.41808712013776,55.517391703027194,58.24045178413363,0.0,1.439122629481577,1.213518563264829,1.1128676372431903,0.006438132616864472,0.6439274215057429,1.0013265889702232,0.008049029182666713,0.022925433827149462,0.008595578567141162,0.021746137032974115,0.008476991078793569,0.018540401024977487,0.009220305911250837,0.019695142892526177,3.97752068118384,10.190345176423989,0.0,0.0,-0.0011668652531307,0.07887569837280162,0.00013255018028074557,0.0006522059192313511
2024-02-01,21697.44921875,21832.94921875,21658.75,21780.650390625,332500,0.004018584055168341,0.006585690599772256,0.025350199543628722,0.0943927573149186,0.002556831701496532,0.0186417402105882,0.06733558719939774,54.20119858013744,54.84474181810526,57.82968854950369,0.0,1.31336823961708,1.185652645051683,1.0994851184596266,0.006444432869192095,-1.4701440932014551,-0.059300213828335745,-0.0022058057215116585,0.009540104013936172,-0.001974777629129709,0.009485866163611665,-0.0023984158026639085,0.006694969041112844,-0.0024654528871961845,0.0072707751183851005,-0.6726498849219311,4.261314491844907,0.0,0.0,-0.02786591821314599,0.027707535787636406,6.300252327623088e-06,0.00047720770181552876
2024-02-02,21853.80078125,22126.80078125,21805.55078125,21812.75,442800,0.009188632889219242,0.012565223636909144,0.03141465151119501,0.10115828882191705,0.003345846988013546,0.01861551970606191,0.06761939750277537,59.88841387128915,57.88601095645737,59.47034546186362,0.0,1.4361082592377055,1.233418828440406,1.133192022286524,0.006694340620794836,1.331750700849263,1.2643083132795865,0.005170048834050901,0.01756559874805747,0.005979533037136888,0.019488676225511283,0.0060644519675662895,0.018121684002399652,0.006765531506998448,0.02005387771513259,3.0412691383521064,9.65497429636629,0.0,0.0,0.04776618338872285,0.0821793988824775,0.0002499077516027407,0.0006416660245931512
2024-02-05,21771.69921875,21964.30078125,21726.94921875,21921.05078125,440800,0.004411608712759471,0.007958354897751152,0.026431239409652797,0.09596336788694552,0.0035311680532417807,0.018327031491073422,0.06774163315341397,55.65450172973766,55.76217904609525,58.236530808616685,0.0,1.371255866994515,1.227506780792719,1.1352138193238441,0.0067813374992863155,0.8629463686335904,1.1318217813064164,-0.004777024176459771,-0.003349822940689462,-0.004606868739157992,-0.0020156007534832716,-0.004983412101542215,-0.003856735867502341,-0.0051949209349715225,-0.003533433194794794,-2.123831910362121,-0.7436256712608582,0.0,0.0,-0.0059120476476870465,0.042494717220780576,8.699687849147986e-05,0.0006187270371860176
2024-02-06,21929.400390625,21951.400390625,21737.55078125,21825.19921875,371000,0.009541787612606465,0.01385296705797206,0.032494855667836935,0.10276178157101734,0.004270431891245233,0.01838717172566003,0.06805547312652754,61.71921355919385,58.882781386206126,59.8939674284335,0.0,1.2841504061396765,1.2012860876693385,1.119817900946276,0.006871246311894936,-0.601507898097826,0.23841771654738356,0.005130178899846994,0.011366427018593177,0.005894612160220908,0.013888077396211257,0.006063616258184138,0.013223231400337872,0.006798413684071816,0.015123877280153394,3.120602340110878,7.342910364362773,0.0,0.0,-0.02622069312338038,-0.013399340848621266,8.990881260862067e-05,0.0005656638753112099
2024-02-07,21930.5,22053.30078125,21860.150390625,22045.05078125,346300,0.007834670572321255,0.01262386624508121,0.031230429263396295,0.10168998752997112,0.004751965587808468,0.018374604469189763,0.06832571680114578,61.7617546761809,58.90454979289313,59.905473398326926,0.0,1.2034165453097985,1.1783339115613574,1.1083797002680604,0.006915531899146817,-0.7738846436335249,-0.14613183727242157,-0.0017071170402852102,0.0016102807956412555,-0.0012291008128908504,0.004063398016179245,-0.0012644264044406398,0.003481813917103664,-0.0010717940410462229,0.004831777327856335,0.021768406687002084,3.3871580898659346,0.0,0.0,-0.02295217610798117,-0.03518465170347174,4.4285587251880615e-05,0.00047739928228234495
2024-02-08,21717.94921875,22011.05078125,21665.30078125,22009.650390625,491100,-0.0015823309888024824,0.002553437289778004,0.020385975815351988,0.09002526689250029,0.004142322804319384,0.01778712022950221,0.0682479892194737,49.38528770844012,53.05723491121083,56.64774625738721,0.0,1.29055561163829,1.2185900449883986,1.1417403117308405,0.0069959295199857165,1.236492016449669,1.601674126350754,-0.009417001561123737,-0.005600915043970823,-0.010070428955303206,-0.004032253309994252,-0.010844453448044307,-0.004964223728276734,-0.01166472063747083,-0.00436749042241831,-5.847314881682301,-1.7875069068944356,0.0,0.0,0.04025613342704126,0.03293739993671552,8.039762083889967e-05,0.0005514966507936215
2024-02-09,21782.5,21804.44921875,21629.900390625,21727.0,349200,0.0011330583270770418,0.005027706025100545,0.02247977018851664,0.09225145372185496,0.0038902398293904853,0.017364759258666877,0.06823771537355149,52.74072915499693,54.53336270027387,57.3777376906611,0.0,1.1896501114438922,1.1854322116850688,1.1223077613328822,0.006975222068091535,-0.7915408695702716,-0.421118741649494,0.0027153893158795243,-0.0080555745621422,0.0024742687353225407,-0.007537517611808599,0.0020937943731646515,-0.008934881322678372,0.0022261868293546733,-0.008906835100062085,1.4761277890630424,-3.3526482561834996,0.0,0.0,-0.033157833303329776,-0.04798661675533711,-2.0707451894181814e-05,0.000280881447296699
2024-02-12,21616.05078125,21831.69921875,21574.75,21800.80078125,287400,-0.0053384322572765895,-0.002411610733817634,0.01408331350873344,0.08300093006338773,0.00294253002063914,0.01653479974309304,0.06796050742241186,43.971334988601505,50.15386189914159,54.905466027242795,0.0,1.1967878628163215,1.1941414953157081,1.1336996605584633,0.007004290991750898,-1.0885250375855022,-1.6066715007571422,-0.006471490584353631,-0.00975004097003606,-0.007439316758918179,-0.010369965631568785,-0.0083964566797832,-0.012347925900919357,-0.009250523658467236,-0.012962437823557799,-4.379500801132281,-5.6083171469536595,0.0,0.0,0.008709283630639275,-0.033365285477010787,2.9068923659363553e-05,0.0002229534924645827
2024-02-13,21743.25,21766.80078125,21543.349609375,21664.30078125,365800,0.0004210246690712461,0.0031432645895084813,0.019249230168000536,0.08840591691568171,0.002721094272621593,0.01605549889734115,0.06785061464925732,51.20485296213532,53.244061129265496,56.394454860082384,0.0,1.1573653989682782,1.1757646258794536,1.1223347494353255,0.007107934498988746,-0.028813364817285757,-0.3407725675357232,0.005759456926347836,-0.00912076294353522,0.005554875323326115,-0.010709702468463578,0.005165916659267097,-0.013245625499836398,0.005404986852293986,-0.014355864655335629,3.0901992301239076,-5.63872025694063,0.0,0.0,-0.018376869436254495,-0.025521461789884903,0.0001036435072378477,0.00023668818709380972
2024-02-14,21840.05078125,21870.849609375,21530.19921875,21578.150390625,359100,0.003985015376319135,0.0069127187301942766,0.02283280058793373,0.09223803070933219,0.0029160827193997147,0.01581078633887561,0.06785589011371526,56.22282493696618,55.50478428204203,57.501908737430995,0.0,1.2337387056135514,1.1983531584569467,1.1384264910399609,0.007211597773462144,-0.15379265621062674,-0.47939419268256445,0.003563990707247889,-0.0038496551960021195,0.0037694541406857953,-0.005711147514886933,0.0035835704199331936,-0.008397628675462565,0.0038321137936504768,-0.00945195682063893,2.260723152776535,-3.399765510851097,0.0,0.0,0.022588532577493048,0.020019246895589315,0.00010366327447339837,0.00029606587431532747
2024-02-15,21910.75,21953.849609375,21794.80078125,21906.55078125,345400,0.005911810900901802,0.009238940242119497,0.025092874211147104,0.09473050570554525,0.003307575579849187,0.015708801292609854,0.06793299733742399,59.749798476999324,57.134959454262784,58.303972015291436,0.0,1.1289850574542126,1.161015557144727,1.1152836595499378,0.007225428497824108,0.12871848247517517,-0.8358379444596836,0.0019267955245826666,0.007494141889704284,0.002326221511925221,0.006685502952341493,0.0022600736232133746,0.0047068983957951165,0.002492474996213065,0.004705238813044965,1.6301751722207527,4.077724543051957,0.0,0.0,-0.03733760131221975,-0.057574487843671696,1.3830724361963906e-05,0.0002294989778383917
2024-02-16,22040.69921875,22068.650390625,21968.94921875,22020.30078125,343900,0.009697189326341978,0.013821395887923013,0.029913518760137894,0.10011514910056073,0.004084597446817354,0.015872739456362635,0.06816264575780606,65.67927983969633,60.033384487123605,59.75187089070804,0.0,1.0411437070503855,1.1229013091606752,1.0900269259779154,0.0071833184092567745,0.11552793867478885,-0.7822406842101993,0.003785378425440176,0.008564130999264936,0.004582455645803516,0.008793689862822468,0.004820644548990789,0.007433748571621254,0.005384643395015473,0.007863695378705765,2.898425032860821,5.500021786849736,0.0,0.0,-0.03811424798405172,-0.06253090252439364,-4.211008856733374e-05,0.00020809634116523978
2024-02-19,22122.25,22186.650390625,22021.05078125,22103.44921875,0,0.010963921995466279,0.015949560497631726,0.03235889467714929,0.10304209145524935,0.004931569162551977,0.016151721323133358,0.06846765901136048,69.02063335540464,61.77996669058466,60.64134340410707,0.0,0.9795577041202198,1.0923193069539352,1.0699399780200993,0.006968802378987152,-1.7858173557088297,-3.686685296342928,0.0012667326691243007,0.016302354252742866,0.0021281646097087124,0.01836117123144936,0.0024453759170113935,0.01827558116841585,0.0029269423546886275,0.020041161391861628,1.7465822034610525,11.626104791443069,0.0,0.0,-0.03058200220674001,-0.10182218836177293,-0.0002145160302696224,-3.548861276374618e-05
2024-02-20,22196.94921875,22215.599609375,22045.849609375,22099.19921875,295700,0.011732819188472968,0.01758726182047137,0.034390793651754216,0.10559215324966621,0.0057865500861129975,0.016513111417315898,0.06883410025967727,71.93999867751694,63.35948911455442,61.45060074936336,0.0,0.9339579115884589,1.0655077190508242,1.0519776705360562,0.006808282479809399,0.176629408803529,-0.6507725321324371,0.0007688971930066898,0.011311794519401723,0.0016377013228396457,0.01444399723096289,0.0020318989746049287,0.01514156348375368,0.002550061794416858,0.0171862363339845,1.5795224239697632,10.115427985288925,0.0,0.0,-0.026811587903111,-0.11025690682862943,-0.00016051989917775268,-0.00029965201917934656
2024-02-21,22055.05078125,22249.400390625,21997.94921875,22248.849609375,364500,0.0043037012818784495,0.010064525528688901,0.02665985899988276,0.09744855867424602,0.0057361376239651604,0.016429973582635742,0.06895048935031106,59.51134659512824,58.420414306214475,59.05847274077607,0.0,0.9799948646982017,1.077201868315385,1.0626202516340693,0.006896170161516959,0.6182971539091359,0.08560449184238333,-0.007429117906594519,0.00031868590555931414,-0.00752273629178247,0.0031518067984946246,-0.0077309346518714545,0.0038270584119490317,-0.008143594575420188,0.005210527964913836,-4.939074808339946,2.9156300241724438,0.0,0.0,0.011694149264560805,-0.12115129014156167,8.788768170755936e-05,-0.00031542761194518557
2024-02-22,22217.44921875,22252.5,21875.25,22081.55078125,343500,0.009551357901465113,0.015885593483874017,0.032833484766721356,0.10436978872414794,0.006274307426593686,0.0166828739294612,0.06926218505936993,67.10050843731241,62.06511313363646,60.866501994797716,0.0,1.1178632146514151,1.1142324645798336,1.0854785851578357,0.006846287085573512,0.48426164334273436,-0.09816407582008592,0.005247656619586663,0.0036395470005633106,0.005821067955185116,0.00664665324175452,0.006173625766838595,0.007740610555574252,0.006921230049901916,0.009639283018602687,3.6446988274219834,4.930153679373674,0.0,0.0,0.0370305962644486,-0.046783092564893325,-4.988307594344654e-05,-0.000379141412250596
2024-02-23,22212.69921875,22297.5,22186.099609375,22290.0,226000,0.007625209896476631,0.014223740873295074,0.031293718559000754,0.10299080841422006,0.0065485965535701275,0.016830583822665807,0.0695215034911681,66.67405082006684,61.89421865917849,60.78507949472862,0.0,0.994785143350293,1.0706883011232948,1.0578919423277928,0.0066274117423983335,-0.13525673182830147,-1.1829192327082343,-0.0019261480049884818,-0.002071979429865347,-0.0016618526105789434,0.00040234498537206065,-0.0015397662077206026,0.00138019979886286,-0.001378980309927877,0.0028756593136593372,-0.1708944744579668,1.8608341720548864,0.0,0.0,-0.043544163456538776,-0.05221300803738038,-0.0002188753431751787,-0.000555906666858441
2024-02-26,22122.05078125,22202.150390625,22075.150390625,22169.19921875,207800,0.002872571584880654,0.009159571891489394,0.025995311336565817,0.09741412050786105,0.0062689921778129164,0.01668293093977282,0.06960929390433357,58.40903650628505,58.57927711882275,59.21733273486962,0.0,0.9234436402718821,1.0426968143824307,1.041252799048,0.0065341135118175825,-1.1483810093362916,-1.2301990057641645,-0.0047526383115959765,-0.008091350410585625,-0.005064168981805679,-0.006789988606142331,-0.0052984072224349366,-0.00636358334058347,-0.0055766879063590125,-0.005627970947388303,-3.31494154035574,-3.200689571761906,0.0,0.0,-0.027991486740864158,-0.04962249257150453,-9.329823058075101e-05,-0.0004346888671695696
2024-02-27,22198.349609375,22218.25,22085.650390625,22090.19921875,252200,0.005174339850888778,0.011477863047361703,0.028342942081603133,0.10009135182761024,0.006271074525646976,0.016673700582463202,0.06977089724637171,62.92242229171538,60.497051573061114,60.115252602515,0.0,0.855683697424583,1.0075577073179693,1.0167055857129539,0.0064098844626906525,-0.37555247061461244,-0.7330325673400412,0.002301768266008124,-0.0065584793375841905,0.0023182911558723082,-0.0061093987731096686,0.0023476307450373164,-0.0060478515701510825,0.0026772313197491876,-0.005500801422055973,1.9177744542383621,-2.862437541493307,0.0,0.0,-0.03513910706446133,-0.057950011732854856,-0.00012422904912692996,-0.00039839801711874685
2024-02-28,21951.150390625,22229.150390625,21915.849609375,22214.099609375,203000,-0.004930203013815619,0.0001946494684530299,0.01621823880881313,0.08689083011655822,0.005150244231902662,0.01602047096420255,0.06954469877512318,44.619985486633674,52.08325707723414,55.974532068848866,0.0,0.9777085910971142,1.0480726831298215,1.0471602157392654,0.00639398109182837,-0.7557597916075103,-1.0865099584678841,-0.010104542864704396,-0.009233904295694068,-0.011283213578908673,-0.009869876060235871,-0.012124703272790003,-0.010441620191069631,-0.013200521711052016,-0.010557728557687801,-8.413794495826977,-6.337157228980338,0.0,0.0,0.04051497581185215,-0.02912918518556351,-1.5903370862282128e-05,-0.0005021890696885883
2024-02-29,21982.80078125,22060.55078125,21860.650390625,21935.19921875,360200,-0.002861737275452298,0.0014877657074596328,0.01697823518609872,0.08750077468978602,0.004361985840386359,0.015467457525750686,0.06934518071646072,46.92601036506999,52.98485343670356,56.37352719721947,0.0,0.9629105353880859,1.0367626438555209,1.0391618936475635,0.006375077654156544,1.707236933404638,0.37918049339359444,0.002068465738363321,-0.01241309517691741,0.0012931162390066029,-0.014397827776414384,0.0007599963772855906,-0.015855249580622635,0.0006099445732277997,-0.016869014034361918,0.9015963594694227,-9.080259696932899,0.0,0.0,-0.011310039274300632,-0.07746982072431274,-1.8903437671826534e-05,-0.00047120943141696833
2024-03-01,22338.75,22353.30078125,22047.75,22048.30078125,351500,0.010842615870610297,0.016068705894970024,0.03209164642609364,0.10395517889689464,0.005170033338828559,0.015769544360693947,0.06962902249974466,65.67777425084968,61.71050965680675,60.54395319653436,0.0,1.089764484390687,1.0658362919818494,1.0528870188742447,0.0063830097466028276,1.0024568558345495,0.3524667419282529,0.013704353146062595,0.0032174059741336665,0.014580940187510391,0.0018449650216749505,0.01511341123999492,0.0007979278670928874,0.016454404207108614,0.000964370482674573,8.72565622010319,-0.18370900237174226,0.0,0.0,0.02907364812632851,-0.004852009141445457,7.932092446283692e-06,-0.00024440199579550594
2024-03-04,22405.599609375,22440.900390625,22358.30078125,22403.5,298800,0.011317684527540397,0.017341993673879265,0.03375403807062582,0.10607834510511492,0.00595689093398308,0.016132278524627213,0.06996278067215436,68.14387574710597,63.095771733713875,61.26512310119973,0.0,0.9603933520280475,1.0193175580929923,1.0214679435992828,0.006003232182519831,0.08499928189394089,-0.09450348017284807,0.0004750686569300992,0.008445112942659743,0.0012732877789092406,0.00818242178238987,0.0016623916445321768,0.007758726734060001,0.002123166208220284,0.00866422459725387,1.385262076907125,4.516494614891123,0.0,0.0,-0.04651873388885708,-0.023379256289438377,-0.00037977756408299687,-0.0005308813292977518
2024-03-05,22356.30078125,22416.900390625,22269.150390625,22371.25,296200,0.007427033269225602,0.013711669327543417,0.030207698423913035,0.10250764624139304,0.006238303967209804,0.016272900466177367,0.0701799723765312,64.17656272718027,61.33350142835504,60.420543397332224,0.0,0.9021864273427906,0.9958025994816915,1.0064426681261327,0.005926279370659472,-0.09167191194190366,-0.0838778125436415,-0.003890651258314794,0.0022526934183368244,-0.003630324346335848,0.0022338062801817143,-0.003546339646712783,0.0018647563423099013,-0.003570698863721883,0.002416294413782799,-1.7622703053588324,0.8364498552939281,0.0,0.0,-0.023514958611300818,-0.011755107836277867,-7.695281186035838e-05,-0.0004836050920311802
2024-03-06,22474.05078125,22497.19921875,22224.349609375,22327.5,312300,0.010393946387821736,0.01728902070063869,0.03418859494851104,0.10712131550675694,0.0068241445205278395,0.01661236276415633,0.07052168329305254,69.17707597395076,63.92520396783477,61.727417305721254,0.0,0.9607806488478732,1.006548064972407,1.0113074211198068,0.006001170854082122,-0.38273524524245,0.09912539124710208,0.0029669131185961336,0.015324149401637354,0.0035773513730952746,0.01709437123218566,0.0039808965245980085,0.017970356139697913,0.004613669265363898,0.020230485390198713,2.5917025394797264,11.841946890600632,0.0,0.0,0.010745465490715533,-0.041524618157414483,7.489148342264967e-05,-0.0003928102377462484
2024-03-07,22493.55078125,22525.650390625,22430.0,22505.30078125,379900,0.009202568406291372,0.01649247232499509,0.03366368943160793,0.10689153079602516,0.007223429811733202,0.01689261610303673,0.07084300446374762,69.98651518107705,64.3513435281924,61.9432234587149,0.0,0.8530051334524466,0.9642154203375072,0.9825642286160887,0.005924265505722337,1.4254489646704176,0.935427823763933,-0.0011913779815303643,0.01206430568174367,-0.0007965483756436006,0.015004706617535458,-0.0005249055169031167,0.016685454245509206,-0.00022978471073177575,0.019390756106239138,0.42613956035763323,11.366490091488842,0.0,0.0,-0.04233264463489983,-0.07254722351801368,-7.690534835978497e-05,-0.00045081214843420685
2024-03-11,22332.650390625,22526.599609375,22307.25,22517.5,277900,0.0016223292640139535,0.008375996495878587,0.025213548992521338,0.09789251859564277,0.006742728306413843,0.016697692681255302,0.07089154222995116,55.8640089200647,58.23821922699758,59.09206112144974,0.0,0.8837591271553187,0.971950185684847,0.9892885214431553,0.005782105172186941,-0.8926258299614414,-0.1784685020525591,-0.007580239142277418,-0.009220286606596344,-0.008116475829116504,-0.007692709399091438,-0.008450140439086588,-0.006878097433572303,-0.008999012200382392,-0.006062660301251868,-6.113124301194823,-3.4722904298091706,0.0,0.0,0.007734765347339856,-0.09388610629700234,-0.00014216033353539603,-0.0006009045744158866
2024-03-12,22335.69921875,22452.55078125,22256.0,22334.44921875,299200,0.0014387786055706385,0.007733704211226636,0.024335059429339573,0.09697225443068919,0.006285881613673095,0.016473950557312312,0.07091155802264157,56.06001967348065,58.31901787219582,59.12902803742967,0.0,0.8829077757938463,0.965258042072766,0.9839549795362359,0.005818506636500374,-0.35361001647126283,0.05763004340250518,-0.00018355065844331505,-0.009878905921969758,-0.0006422922846519505,-0.009608289462652629,-0.0008784895631817648,-0.009418978641286244,-0.0009202641649535825,-0.009106090674425735,0.08079864519824298,-4.776753861518053,0.0,0.0,-0.006692143612081036,-0.054059516020226295,3.640146431343333e-05,-0.00018472554601945638
2024-03-13,21997.69921875,22446.75,21905.650390625,22432.19921875,493300,-0.011250007057624502,-0.0068374474019105985,0.008484704549541663,0.07950876761757371,0.004462765802488423,0.015427637612161151,0.07042651489667981,35.60713427465777,47.37569720387036,53.564124295926874,0.0,1.2091392803139234,1.0857831424716218,1.0686321271769308,0.006244131673121647,1.6096374578927872,1.981182943743206,-0.01268878566319514,-0.018677040326850105,-0.014571151613137235,-0.020549116729454017,-0.015850354879797912,-0.02172299387437137,-0.017463486813115478,-0.02299887862381933,-10.943320668325462,-13.957804224484683,0.0,0.0,0.12052510039885578,0.0899805429899303,0.00042562503662127264,0.00031785230246217464
2024-03-14,22146.650390625,22204.599609375,21917.5,21982.55078125,426700,-0.00372988045053704,-0.00010230039382646278,0.014704017744961677,0.08588030146106357,0.003641161152510582,0.014807832985934317,0.07014487226953262,45.77786126228449,51.6788620602434,55.479011538375524,0.0,1.2200769629919046,1.0940431098992096,1.0726311381742786,0.006301782466810236,0.5747647520411256,1.2210783018598526,0.007520126607087462,-0.014123826838358776,0.006735147008084136,-0.017391321094465156,0.006219313195420014,-0.019484577203549368,0.00637153384348986,-0.021241014045693368,4.303164856373037,-12.246341907591372,0.0,0.0,0.008259967427587833,0.0874950449268026,5.7650793688589046e-05,0.000300611612728114
2024-03-15,22023.349609375,22120.900390625,21931.69921875,22064.849609375,661500,-0.007602754812961335,-0.005156475250532844,0.008696511268782086,0.07897758402988961,0.0024650205089670886,0.013924789350972102,0.06967514210265777,39.71911820205261,48.167600146749756,53.58219116214475,0.0,1.176729165017566,1.0913001643037854,1.0737496734807144,0.006181744565423408,1.469223270689898,2.6616360003992736,-0.003872874362424295,-0.016805323219252707,-0.005054174856706382,-0.021648947575527936,-0.0060075064761795915,-0.024967178162825843,-0.00690271743117396,-0.027913946766135553,-3.511261913493641,-16.183743381442646,0.0,0.0,-0.0027429455954242066,0.12708474396627822,-0.00012003790138682795,0.00025747905970107104
2024-03-18,22055.69921875,22123.69921875,21916.55078125,21990.099609375,356300,-0.005033387412266335,-0.003360375815230393,0.009775117852994845,0.07969696721945663,0.001681475112702257,0.013179782691230843,0.06924497160826372,42.06610042984824,49.14389560596052,54.01000842162025,0.0,1.1278437713838951,1.078949986900095,1.0658429303057735,0.00623696554233804,-0.6497347863957106,0.27981260934489915,0.002569367400695,-0.006655716676280289,0.0017960994353024514,-0.011736372311108979,0.001078606584212759,-0.015438431139526494,0.0007193831895670189,-0.018195551376186142,0.9762954592107675,-9.094323621037056,0.0,0.0,-0.012350177403690488,0.10699980121524788,5.522097691463158e-05,0.00045486037015109865
2024-03-19,21817.44921875,21978.30078125,21793.099609375,21946.44921875,344200,-0.012949055937474127,-0.012858579450516577,-0.0010883013817580747,0.06731134767431309,9.16634419953692e-05,0.011923598608805902,0.0684741695894501,31.521179591727844,42.756412528143564,50.45809285916674,0.0,1.1528523946690836,1.0987958391642443,1.0834887635674604,0.006284348186003546,-0.8674602021733465,0.06399318369754486,-0.007915668525207791,-0.014387834543044766,-0.009498203635286185,-0.02059228366174321,-0.01086341923475292,-0.025423360811097646,-0.012385619545143542,-0.0296609067563761,-6.38748307781696,-15.562605344052258,0.0,0.0,0.019845852264149366,0.13353779709147828,4.738264366550664e-05,0.00046584154950317196
2024-03-20,21839.099609375,21930.900390625,21710.19921875,21843.900390625,312400,-0.00981463821941425,-0.010810762528142026,-9.323338423700916e-05,0.06764416460236727,-0.0010059978133149852,0.010834660081115093,0.06774371396231776,33.29396358777082,43.47538997598659,50.76323695819977,0.0,1.123483235952319,1.0914830826105606,1.0789938526661926,0.006372190043901961,-0.7636062172333395,-0.25003558262726766,0.0031344177180598776,0.0014353688382102523,0.002047816922374551,-0.003973315126231428,0.0009950679975210654,-0.008577937933778671,0.0003328169280541887,-0.011864603015206435,0.7189774478430238,-3.900307227883772,0.0,0.0,-0.007312756553683686,0.005699940138938819,8.78418578984146e-05,0.0001280583707803139
2024-03-21,22011.94921875,22080.94921875,21941.30078125,21989.900390625,353200,-0.0016186448032555146,-0.0027113173029990187,0.007511715916853727,0.07528007725802321,-0.0010944440158622332,0.01025082646301195,0.06726310004196731,46.253733917804915,48.98445965121393,53.152246885160274,0.0,1.1114727634479735,1.0840412779494701,1.071863806982703,0.006364134524161052,-0.3629545169549654,0.14839088896702815,0.008195993416158735,0.0021112356472815256,0.008099445225143009,-0.002609016909172556,0.007604949301090736,-0.00719230182810795,0.007635912655655941,-0.010600224203040354,5.5090696752273445,-2.6944024090294647,0.0,0.0,-0.0074418046610904565,-0.01000183194973947,-8.055519740909033e-06,6.235205735081583e-05
2024-03-22,22096.75,22180.69921875,21883.30078125,21932.19921875,388700,0.0018218503862514038,0.0010278269638377675,0.01094146475070243,0.07857021491659318,-0.0007925794612160849,0.009903458744931367,0.06689680117391164,51.63229260851594,51.48280520721193,54.280878105159786,0.0,1.1549442506989682,1.0988818460577872,1.080995163637803,0.0064919236288560386,1.380277403136017,0.46599841297756095,0.0034404951895069184,0.00942460519921274,0.003739144266836786,0.006184302214370612,0.0034297488338487035,0.002244953481920345,0.003290137658569961,-0.00040736911329643244,2.498345555998,3.3152050604621763,0.0,0.0,0.01484056810831702,0.007581681754001757,0.00012778910469498674,0.0003101790634326305
2024-03-26,22004.69921875,22073.19921875,21947.55078125,21947.900390625,328400,-0.0019248146770684269,-0.0028574172542303864,0.006464447617511265,0.07328599665096902,-0.000934401126163869,0.009348577658846552,0.06639235910581522,45.82475321940546,48.69509550276993,52.84766429799364,0.0,1.0634272088739427,1.0730897757113114,1.0661132286418307,0.0060439770263889655,-0.5898137743557473,-0.16629964434112385,-0.003746665063319831,0.003108572735197908,-0.003885244218068154,0.0005029585610000064,-0.004477017133191165,-0.0033106702354835796,-0.005284218265624155,-0.006410970568487606,-2.787709704442001,-0.4488001031905924,0.0,0.0,-0.025792070346475793,-0.005860211188783548,-0.00044794660246707304,-0.0001929885159490741
2024-03-27,22123.650390625,22193.599609375,22052.849609375,22053.94921875,409100,0.002837707038145473,0.0023020636923531167,0.01143290469307517,0.07823936272788176,-0.0005341276480063406,0.009109869500901953,0.06605129981912085,53.679497530522525,52.29025659048708,54.4590579275461,0.0,1.0169354565410471,1.0520715034723571,1.0505457777894442,0.006077411623578266,1.2556548238583911,0.5583297196551902,0.0047625217152139,0.015786762975619602,0.0051594809465835036,0.015160643142869693,0.004968457075563906,0.012521206074833246,0.004953366076912741,0.010928015053568677,3.595161087717152,9.533844062343519,0.0,0.0,-0.02101827223895425,-0.046724335691887164,3.3434597189300336e-05,-0.0002069365624252804
2024-03-28,22326.900390625,22516.0,22163.599609375,22163.599609375,410500,0.00983817163287218,0.010452893026482933,0.01989602678766413,0.0871916099474424,0.0006087325780295778,0.009345446805439252,0.06598278784528375,64.06555487612673,57.73954898182682,57.05935570534334,0.0,1.1576014289304715,1.0935513491126414,1.0750924248362377,0.006416260828150731,0.900804413365728,0.5035040826354265,0.007000464594726707,0.01965280985228643,0.008150829334129816,0.02126365555462496,0.008463122094588958,0.019989260171901137,0.008952247219560644,0.019547445345075132,5.449292391339739,14.264159005840234,0.0,0.0,0.041479845640284285,0.0020682665020808066,0.0003388492045724653,4.407078424877031e-05
2024-04-01,22462.0,22529.94921875,22427.75,22455.0,0,0.01301119179448253,0.015038371081022803,0.02501956929426634,0.09275060737131097,0.002001142043602953,0.009833321081855745,0.0660777999815925,69.38829541423617,60.93361901342306,58.68543624407901,0.0,1.101304336173121,1.0739020802759893,1.0607852254456913,0.006422180913811358,-1.7561000439442744,-2.949892430140157,0.0031730201616103505,0.014629836597738045,0.00458547805453987,0.01774968838402182,0.00512354250660221,0.017507853377412612,0.005558997423868561,0.017470530113287752,3.1940700315962403,11.94915936220913,0.0,0.0,-0.01964926883665208,-0.010139197673480815,5.920085660626566e-06,5.804638965030591e-05
2024-04-02,22453.30078125,22497.599609375,22388.150390625,22458.80078125,289500,0.010300893565617497,0.013296171193545443,0.023634180660243878,0.09132482138749172,0.0029647381755318683,0.010202357179067851,0.06612776517836419,68.62467487463154,60.6159258340227,58.53741384020628,0.0,0.9788753550502663,1.0323991873806793,1.0338750918407986,0.006294494786755494,0.011834080245360808,-0.4978069366901968,-0.0027102982288650327,0.008479043179366094,-0.0017421998874773605,0.012268344229707675,-0.0013853886340224608,0.012692715909541448,-0.0014257859838192471,0.012754606470898544,-0.317693179400365,9.133120626810765,0.0,0.0,-0.04150289289531006,-0.0664826586771079,-0.00012768612705586335,-0.00019742884210054417
2024-04-03,22434.650390625,22521.099609375,22346.5,22385.69921875,309600,0.007728101977217266,0.011309464892659793,0.021870890771892755,0.08943818288947253,0.0035538980290573414,0.01044331754608264,0.0661211633756798,66.78630345626834,59.89492903455381,58.210973422333765,0.0,0.939403023447342,1.015043243483936,1.0225214348945708,0.00625209685980272,0.15386212425135087,-0.3127500401228533,-0.002572791588400232,0.009652916654285693,-0.0019867063008856493,0.01416688214689018,-0.001763289888351123,0.015406443154381489,-0.0018866384980191914,0.016152186238503508,-0.7209967994688853,11.19983353178388,0.0,0.0,-0.01735594389674322,-0.058046532227375325,-4.239792695277453e-05,0.00020811983341375434
2024-04-04,22514.650390625,22619.0,22303.80078125,22592.099609375,401000,0.009244075896636806,0.013541370938565568,0.024489708911618748,0.09230872010096118,0.004257934373417987,0.010802063227981249,0.06619784522910525,70.71259621087123,61.983756333266186,59.22252275841268,0.0,1.0288468485477889,1.0391892138737602,1.0370351062290761,0.006496224998920884,0.7135880896616796,0.4014864182641698,0.00151597391941954,0.006406368858491333,0.0022319060459057745,0.01123930724621245,0.002618818139725993,0.013056804218543577,0.0028705372114886524,0.01406935737307942,2.088827298712374,9.693499742779103,0.0,0.0,0.024145970389824134,-0.012882289598596941,0.00024412813911816374,0.00041881337534261775
2024-04-05,22513.69921875,22537.599609375,22427.599609375,22486.400390625,242200,0.007515875760089634,0.012256370668901312,0.023465248326132046,0.09126075737762653,0.004705131723344167,0.011073160892851562,0.06624114415450198,70.59683408500614,61.9424472742824,59.20485239840907,0.0,0.9208305342897292,0.9999015674183568,1.010960466562722,0.006513080693656814,-0.041626538226145475,-0.8767080516297872,-0.001728200136547172,-0.002322295872782546,-0.0012850002696642559,0.0018034776424183784,-0.0010244605854867021,0.003569221538467917,-0.0010479627233346556,0.00406914743018412,-0.04130905898378501,4.202898292455579,0.0,0.0,-0.03928764645540339,-0.09364978169428462,1.6855694735930758e-05,9.68198655060832e-05
2024-04-08,22666.30078125,22697.30078125,22550.349609375,22578.349609375,227600,0.011706273327099755,0.01734949366733889,0.02917542638786596,0.09758004480725722,0.005577923641494114,0.01162425773457357,0.06646546027577963,77.49332077043971,65.87216058795826,61.13424178870729,0.0,0.8937088054134047,0.980087575935793,0.9949096597824568,0.006489511697738681,-0.9681280246807576,-0.9397873028469851,0.004190397567010121,-0.0013049184673827752,0.005093122998437578,0.0023111225863160865,0.005710178061733913,0.00415585709359962,0.006319287429630699,0.004829437435946257,3.9297133136758617,4.938541574535201,0.0,0.0,-0.019813991482563797,-0.09381450434019634,-2.3568995918133405e-05,6.733078392732322e-05
2024-04-09,22642.75,22768.400390625,22612.25,22765.099609375,232400,0.008700943381525206,0.01478940888554995,0.02697416011303371,0.09538850217348789,0.006035947070312074,0.012007172247555436,0.06661739381341802,74.35333702415785,64.76077925521358,60.674978623586455,0.0,0.8536359712482579,0.9602869297745872,0.9813578950447304,0.006320549359344518,-0.6775169717020199,-0.8283345860827387,-0.0030053299455745485,-0.001599950184092291,-0.00256008478178894,0.0014932376920045072,-0.0022012662748322476,0.0033399794527898333,-0.0021915426337693333,0.004063680785996171,-1.1113813327446849,4.144853421190881,0.0,0.0,-0.019800646161205804,-0.07211225760609208,-0.00016896233839416332,2.6054572589023252e-05
2024-04-10,22753.80078125,22775.69921875,22673.69921875,22720.25,276800,0.011138978893621098,0.017937237981598294,0.030717037740824637,0.09965829471846528,0.006723367637766064,0.012554604824720412,0.06688669581784484,79.02813872800174,67.54169605220517,62.0684196349027,0.0,0.7964347257675888,0.9290783804469744,0.9578886367491539,0.006321618015137687,0.011038000779665763,-0.48013232464074257,0.0024380355120958916,0.0034108769164038323,0.003147829096048344,0.006627773088938501,0.0037428776277909255,0.008846146968931882,0.004269792544977391,0.010220111828992753,2.7809167969915904,7.6467670176513565,0.0,0.0,-0.031208549327612745,-0.0859648630369616,1.0686557931696705e-06,6.952115533496745e-05
2024-04-12,22519.400390625,22726.44921875,22503.75,22677.400390625,357200,0.0005911706624151481,0.006768926918823605,0.01929560529229287,0.08737436277448357,0.00617410630589378,0.012442456296110238,0.06679000392890781,54.544856652399474,57.268633834740704,57.60077207218358,0.0,0.865855615828277,0.9510083047420459,0.9746458066719331,0.0063515897433209624,1.6707779983358555,0.12685997577144337,-0.010547808231205949,-0.008652905234221658,-0.011168311062774688,-0.006772444019741963,-0.011421432448531766,-0.005194103619325877,-0.01228393194398171,-0.004934357326477609,-10.273062217464464,-4.715122498525481,0.0,0.0,0.021929924295071457,-0.08818090913171428,2.9971728183275127e-05,-0.00014463525559992117
2024-04-15,22272.5,22427.44921875,22259.55078125,22339.05078125,355500,-0.008508135268596392,-0.003882583304160911,0.0077992321290236925,0.07464568906017706,0.004665244495665679,0.011727347838102909,0.06632914056695306,39.504837284197905,48.84174512244169,53.40198965782869,0.0,0.9336999269119554,0.976203002415995,0.9940803449209282,0.006299424566196965,1.031065533843858,0.17447559049175013,-0.00909930593101154,-0.016024011028686024,-0.010651510222984516,-0.016138953973062222,-0.011496373163269178,-0.015666016197108355,-0.012728673714306513,-0.016615068317449466,-8.426888712299018,-13.100702151840714,0.0,0.0,0.025194697673949107,-0.023698565002361782,-5.216517712399761e-05,-0.00021365612745984953
2024-04-16,22147.900390625,22213.75,22079.44921875,22125.30078125,317300,-0.011528894851163474,-0.00860302040811126,0.002076343545284388,0.06790447490092616,0.0029599999714828872,0.010772035998931364,0.065691732750367,33.987216136411774,45.225071761201704,51.439614919223686,0.0,0.9254909296681549,0.9738341223785095,0.993576214835369,0.00577926918308235,0.17679886653046836,-0.09435716249689091,-0.0030207595825670827,-0.02323516817826323,-0.004720437103950348,-0.02595251407545015,-0.005722888583739304,-0.02709908284258157,-0.0067412141592508995,-0.029675569906331065,-3.6166733612399824,-20.64708882675656,0.0,0.0,-0.002368880037485477,-0.0062534535572834615,-0.0005201553831146151,-0.0007102425146563313
2024-04-18,21995.849609375,22326.5,21961.69921875,22212.349609375,456900,-0.015035060186336026,-0.01402801860808184,-0.004615667222176849,0.059934207879410076,0.0010224136286969754,0.009546266591285251,0.06484919741648668,28.349905349942063,41.21434416427064,49.153765881827034,0.0,1.0772105094351496,1.0289896846284627,1.031780404728258,0.00592302126696489,1.5570701813012475,1.4246919316650892,-0.0035061653351725515,-0.023736003567861232,-0.00542499819997058,-0.028817427493631788,-0.006692010767461237,-0.03158982733521056,-0.007970267021516084,-0.035454294294077815,-4.010727596931062,-23.546435090942936,0.0,0.0,0.055155562249953216,0.06870275485387556,0.00014375208388254027,-0.0003975280923796277
2024-04-19,22147.0,22179.55078125,21777.650390625,21861.5,362500,-0.006773770254692451,-0.006597665702445583,0.0021369665276652888,0.06650451595555167,0.00017730557950732637,0.008792643150257167,0.06423029144500622,39.90920991561497,46.31152746070829,51.38102389517572,0.0,1.2188258501394782,1.0785903593760406,1.0623555835973841,0.0061851119933798385,-0.1422974157708841,0.449534788052703,0.008261289931643575,-0.017912749148313548,0.007430352905636256,-0.024534903684043877,0.006752633749842138,-0.02858007121315935,0.00657030807614159,-0.033153778762913616,5.097183296437649,-21.230168591496877,0.0,0.0,0.0496006747475779,0.1495119789290662,0.00026209072641494857,-0.00013650602175784878
2024-04-22,22336.400390625,22375.650390625,22198.150390625,22336.900390625,279300,0.0014070508249203148,0.0017250453413123238,0.010282999540857358,0.0748164378753843,0.0003175477106238241,0.008543216763267738,0.06387659533403553,51.3769004478495,51.93545827377399,53.999451729647994,0.0,1.171526129425683,1.066174694317579,1.0519340470774992,0.0061499591544373015,-1.1310068951457417,-0.37128996204523723,0.008180821079612766,0.0008158801625051666,0.008322711043757907,-0.005043881577511281,0.00814603301319207,-0.009012605751435513,0.00831192191983264,-0.012557924899099265,5.623930813065698,-5.3331755609667155,0.0,0.0,-0.0124156650584617,0.11516638957553305,-3.515283894253707e-05,-0.00020163058888366097
2024-04-23,22368.0,22447.55078125,22349.44921875,22447.05078125,231500,0.002309159452314329,0.0028557291435607163,0.011247790141094213,0.07552006028315932,0.0005453104823915269,0.008368163788325087,0.06355738995790293,53.1183796693378,52.82337315231891,54.42413468826453,0.0,1.0352802739826976,1.0241148139711245,1.0240893458843665,0.006081455980744733,-1.1393685197172403,-0.8051687602963687,0.0009021086273940143,0.010817294720910722,0.0011306838022483924,0.006738312447721627,0.0009647906002368551,0.003448558012070521,0.0007036224077750092,0.0008743712229822564,0.8879148785449189,3.9816280298772213,0.0,0.0,-0.04205988034645447,0.04791181155512947,-6.850317369256828e-05,-0.00021796858545223164
2024-04-24,22402.400390625,22476.44921875,22384.0,22421.55078125,235900,0.003148319070959476,0.003996629163240533,0.012294765155685778,0.07634760423086658,0.000845647723426081,0.008265103439003723,0.06327488917255222,55.158178561502744,53.82345220886676,54.89425564114489,0.0,0.9237717096787692,0.9840818029671633,0.9968777228637017,0.005911029605810143,-0.8052466531487266,-0.6957425986192687,0.0008391596186451467,0.01467721392212295,0.0011409000196798166,0.012599649571351793,0.0010469750145915644,0.01021842161040139,0.0008275439477072599,0.008443129329940416,1.000079056547854,8.598380447665058,0.0,0.0,-0.04003301100396117,0.010247680588653774,-0.00017042637493458988,0.0001317604227277936
2024-04-25,22570.349609375,22625.94921875,22305.25,22316.900390625,475000,0.008712160467845228,0.010464965356750372,0.01908922322811177,0.08350679409714303,0.0017376660633219544,0.008534940019732951,0.06321092344101072,64.06403110783043,58.45403444127809,57.13301054374664,0.0,1.017695682182251,1.008482546994239,1.0100039757636772,0.00604206392567279,1.537221663298613,1.562602340157712,0.005563841396885752,0.023747220654181254,0.006468336193509839,0.02449298396483221,0.006794458072425994,0.02370489045028862,0.00715918986627645,0.02357258621773295,4.630582232411328,17.239690277007448,0.0,0.0,0.024400744027075594,-0.02050713763422385,0.00013103431986264628,0.00011904265870789962
2024-04-26,22419.94921875,22620.400390625,22385.55078125,22620.400390625,329900,0.001627984468835648,0.003391216620632746,0.011810406831088152,0.07547034984966491,0.0017603663027966835,0.008390735409076814,0.06291686919682392,53.05526784542041,53.299462248591304,54.61558558492508,0.0,1.029118747621777,1.0175517138433146,1.0182424357387019,0.005859332733092506,0.19527335494878523,0.18847295400867742,-0.00708417599900958,0.0084017547235281,-0.007073748736117626,0.009988882323078329,-0.007278816397023619,0.009673440303422863,-0.008036444247478111,0.008965833894113248,-5.154572192686786,6.987934787883013,0.0,0.0,0.00906916684907566,-0.06103864553272609,-0.00018273119258028353,-0.0003257792602873325
2024-04-29,22643.400390625,22655.80078125,22441.900390625,22475.55078125,292000,0.009479759735797774,0.012159413381010753,0.021018075559260968,0.08525843542220517,0.002654489720442044,0.008752240073190445,0.06291794572564903,63.82898229103545,59.07375025231201,57.500800160082086,0.0,1.023488650096488,1.009944561267662,1.0097844594248884,0.005899404573333684,-0.20976435061089954,-0.11765616303479447,0.007851775266962126,0.00807270891087746,0.008768196760378008,0.01043436803969843,0.009207668728172816,0.01073507601840361,0.009788085572540253,0.010441997546820861,5.774288003720706,7.138291978538021,0.0,0.0,-0.007607152575652476,-0.056230133049916864,4.007184024117788e-05,-0.00025055458110361754
2024-04-30,22604.849609375,22783.349609375,22568.400390625,22679.650390625,361900,0.00634104542478578,0.00947845686513228,0.018509710384460726,0.08251232454012256,0.003117642328721839,0.008946454932158135,0.06283947369682172,61.01071583084478,57.74714322152285,56.85413678373236,0.0,1.0103670411080223,1.0073263523230858,1.0086204774820478,0.005996757124226978,0.2569343115718037,0.5959833043256672,-0.003138714311011994,0.004031885972471451,-0.0026809565158784736,0.006622727721571563,-0.0025083651748002422,0.0072619202433665125,-0.0027461108820826113,0.00699226425696324,-1.3266070307891624,4.92377006920394,0.0,0.0,-0.002618208944576317,-0.01678846164803871,9.735255089329386e-05,-8.46988565177554e-05
2024-05-02,22648.19921875,22710.5,22567.849609375,22567.849609375,445900,0.00675695402737639,0.010365922361170576,0.01964468783698451,0.08367616984106269,0.003584746367389928,0.009183569309354734,0.06279783807819454,63.14549756803575,58.86577652130274,57.41264722217716,0.0,0.9327171498308087,0.9785736327496115,0.9887453253143142,0.005633865339092601,0.8395923684791508,1.5759654053188146,0.0004159086025906098,0.0036086349564169143,0.000887465496038296,0.006369293197930043,0.0011349774525237846,0.007349922681298733,0.0011638453009401306,0.007328565610196111,1.1186332997798942,5.04232431243598,0.0,0.0,-0.02875271957347425,-0.005508170217551789,-0.0003628917851343765,-0.00027716426671754203
2024-05-03,22475.849609375,22794.69921875,22348.05078125,22766.349609375,438100,-0.0007400237355390865,0.0024332076731939547,0.011413923718703922,0.07462299616368344,0.0031755814143537998,0.008958917139582427,0.062495750713591446,50.35651986613255,52.872413306118816,54.503689457146734,0.0,1.149342972935501,1.0575889458977015,1.0435134227067175,0.006127004809437252,0.9596383641373608,1.3182873989498525,-0.007496977762915477,-0.009452184203384315,-0.00793271468797662,-0.008031757683556417,-0.008230764118280588,-0.007675299509407849,-0.009053173677379248,-0.008883797933459586,-5.993363215183926,-5.581621135159274,0.0,0.0,0.07901531314808996,0.04910639890346258,0.0004931394703446505,8.494088376446215e-05
2024-05-06,22442.69921875,22588.80078125,22409.44921875,22561.599609375,320300,-0.0018120743605955856,0.0008678201706756489,0.009529343091890534,0.07225873834782273,0.0026847595151530085,0.00865401279435466,0.062137267911213524,48.16738920402898,51.78037975396022,53.958357213722635,0.0,1.0806631974628875,1.0405798477465034,1.0333452118076083,0.0061623384780053825,-0.7448274446674448,-0.1443019704190283,-0.0010720506250564991,-0.0034400588294312335,-0.0015653875025183057,-0.002523396449957097,-0.001884580626813388,-0.002281063739197618,-0.002364257815860707,-0.003211611501842182,-1.0920335521585969,-1.5190824946310855,0.0,0.0,-0.01700909815119811,0.023028133903188808,3.5333668568130784e-05,0.00030300574491287646
2024-05-07,22302.5,22499.05078125,22232.05078125,22489.75,297800,-0.006594163255247203,-0.0048974761579122245,0.0030960511264173478,0.06486569702179323,0.0017079495958014265,0.008032868064153417,0.061578994181077915,39.66038521236327,47.32823961520972,51.69009220849389,0.0,1.1094002590716638,1.0578393420624748,1.0473331850575651,0.006223132672963482,-1.1147022922202072,-0.36502950914206533,-0.004782088894651617,-0.016073922991044976,-0.0057652963285878735,-0.017056889538922978,-0.0064332919654731865,-0.01792202443284362,-0.007393041326029498,-0.020392738400411933,-4.452140138750501,-11.745510637102292,0.0,0.0,0.017259494315971402,0.047894780794812686,6.079419495809944e-05,0.000323728099629798
2024-05-08,22302.5,22368.650390625,22185.19921875,22231.19921875,277400,-0.005401700790086939,-0.004454234189533283,0.0029742762386636983,0.06417884426071045,0.0009526123273147588,0.00746174679588887,0.06102306855922072,39.66038521236328,47.32823961520972,51.69009220849389,0.0,1.0520319632263928,1.0410335876183914,1.0366296419522196,0.005973405518103357,-0.9800627758085978,-0.6571897995124656,0.0011924624651602636,-0.011742746214872719,0.00044324196837894174,-0.013932691054665563,-0.00012177488775364951,-0.015535434145797028,-0.0006868527610827818,-0.018333480279412104,0.0,-10.41890360631313,0.0,0.0,-0.016805754444083387,0.033707235295305615,-0.00024972715486012466,-2.3351606123620493e-05
2024-05-09,21957.5,22307.75,21932.400390625,22224.80078125,331300,-0.017072282127937016,-0.01808213637574203,-0.012054981541000074,0.0472197212535744,-0.00102739421164279,0.006138145620954214,0.05999797730346509,24.919364148001762,38.00292508925258,46.5152997832678,0.0,1.196736717540034,1.103965230167594,1.084180180826136,0.006269087086768265,-0.026952903347296227,-0.032981203801481444,-0.011670581337850077,-0.023829236155313405,-0.013627902186208747,-0.028448058736912606,-0.015029257779663772,-0.03169966937798459,-0.016959123007136055,-0.03645644858748829,-9.32531452595714,-20.862851432050164,0.0,0.0,0.06293164254920258,0.12539159741798245,0.0002956815686649076,0.0006352217476756636
2024-05-10,22055.19921875,22131.30078125,21950.30078125,21990.94921875,265800,-0.010413951731985165,-0.012482036280668395,-0.007361002757203361,0.05133658066732343,-0.0020898481261966205,0.0051857623978580234,0.05913286057425521,33.13074017100733,41.51714078284537,48.042855858116184,0.0,1.1172820039348907,1.0791887330810583,1.0670580308373847,0.006326457590798775,-1.181822895711686,-0.9658329815082298,0.006658330395951852,-0.009673927996446077,0.005600100095073635,-0.01491524395386235,0.004693978783796713,-0.018774926475907283,0.0041168594137490355,-0.023286415496360006,3.5142156935927886,-11.355272523273449,0.0,0.0,-0.02477649708653562,0.021599787183356867,5.73705040305102e-05,0.00019945278136152336
2024-05-13,22104.05078125,22131.650390625,21821.05078125,22027.94921875,278200,-0.006737203560180695,-0.00936759925374738,-0.004960898691638045,0.05310291894469504,-0.002648237408060474,0.004448371120094323,0.058353302458150486,37.14114853596034,43.249349074322886,48.801101372415815,0.0,1.1728842911335589,1.1002584252948946,1.0809126493097718,0.0066308380656174,-0.46232160294162233,-0.7954215775778585,0.0036767481718044696,-0.004925129199585109,0.003114437026921015,-0.010235419424423029,0.0024001040655653163,-0.01449024178352858,0.001766338277371611,-0.01915581940312769,1.7322082914775194,-8.531030679637333,0.0,0.0,0.021069692213836255,0.05967857754839123,0.0003043804748186253,0.0004684995876120179
2024-05-14,22217.849609375,22270.05078125,22081.25,22112.900390625,230200,-0.0013287630193914535,-0.003881053043465432,0.00015553613784973465,0.05790857775042395,-0.002555685925020325,0.004052316436353562,0.05774406032444759,45.95077811462396,47.174523439659,50.54463988372907,0.0,1.10345560895562,1.0771335061782321,1.0646331422859419,0.00669640736344891,-1.2783982619701733,-1.3101035882414442,0.005408440540789242,0.00526540023585575,0.005486546210281948,0.0010164231144467926,0.005116434829487779,-0.002940514988567613,0.004805658805728905,-0.006957119271369286,3.9251743653361117,-0.15371617555071992,0.0,0.0,-0.02312491911666248,0.01929416411575735,6.556929783151002e-05,0.0004732746904854285
2024-05-15,22200.55078125,22297.55078125,22151.75,22255.599609375,231900,-0.0017240202657253605,-0.004235094409269842,-0.0005987614201542542,0.056484796918922296,-0.0025154107626759585,0.0036517987013795794,0.057117758249121825,44.83636231694484,46.64635866727365,50.27474542560913,0.0,1.014801139994479,1.047885042446134,1.0459999153889943,0.006659137648249991,-0.8600083107464982,-1.1635880541928867,-0.00039525724633390704,0.0036776805243615785,-0.00035404136580441,0.0002191397802634408,-0.0007542975580039888,-0.0035730376588179527,-0.0014237808315016517,-0.007694047341788156,-0.5281647723853453,-0.6818809479360652,0.0,0.0,-0.029248463732098218,0.00685145482774252,-3.726971519891955e-05,0.0006857321301466336
2024-05-16,22403.849609375,22432.25,22054.55078125,22319.19921875,368900,0.006060747011211568,0.004437576197505127,0.008214960747141564,0.06545803325135177,-0.0016133924502357631,0.0037606961738094915,0.05677665451600719,58.602057011159154,53.268180282182456,53.31302053759846,0.0,1.141647538883287,1.0846256146572273,1.0674300886142205,0.007054440510975627,1.6614434323740401,0.5495829368333035,0.007784767276936929,0.023133029139148584,0.00867267060677497,0.022519712573247155,0.008813722167295819,0.020269942288141638,0.008973236332429475,0.018238311997777375,6.621821614908804,15.265255192929878,0.0,0.0,0.03674057221109339,-0.01933961551036667,0.0003953028627256359,0.0007853534242073619
2024-05-17,22466.099609375,22502.150390625,22345.650390625,22415.25,242700,0.007234273742530978,0.00656699964127284,0.01057974329492117,0.06769158765040717,-0.0006624815285313709,0.003986563890012704,0.056513941363278294,61.990417474800644,55.105544623330054,54.20160574681197,0.0,1.0501083955222315,1.054119205498342,1.0469549190939718,0.007069229954077449,-0.47420854492641357,-0.9674289410568808,0.0011735267313194098,0.01764822547451614,0.0021294234437677128,0.019049035921941234,0.0023647825477796057,0.01794074605212453,0.0022335543990553985,0.016355006983083738,1.8373643411475982,13.588403840484688,0.0,0.0,-0.03050640915888536,-0.02506952758271641,1.4789443101822022e-05,0.0007427723632786737
2024-05-21,22529.05078125,22591.099609375,22404.55078125,22404.55078125,347600,0.00821310674309208,0.00852677083241552,0.012878727705431114,0.06993081458024486,0.0003111089185665254,0.004315162471516334,0.05632667101624217,65.33760935278647,56.948928167090585,55.09785563687264,0.0,1.0033466848442403,1.0352354068923253,1.0337441274613415,0.006808003385311269,0.9296836096587366,0.45220903016436187,0.0009788330005611025,0.014950310303272776,0.0019597711911426797,0.0178943700861629,0.002298984410509944,0.01783962639706916,0.00223922692983769,0.016827895635549817,1.843383543760531,13.6995790927677,0.0,0.0,-0.018883798606016633,-0.0650230184025693,-0.0002612265687661798,0.00017716531969386856
2024-05-22,22597.80078125,22629.5,22483.150390625,22576.599609375,290300,0.009218175155943196,0.010538343282740654,0.01533378061007513,0.07241477438256697,0.0013081097420718428,0.004745428374104504,0.056218944806696036,68.83446546528644,58.932181528738425,56.07147375676917,0.0,0.9297608701894922,1.0046245767000905,1.0123623984811416,0.0065168996541515554,-0.09778748268138278,-0.3292562442628334,0.0010050684128511157,0.01054693817533465,0.0020115724503251345,0.014419396326206086,0.002455052904644015,0.015178244472225395,0.0024839598023221054,0.014506196632143017,1.98325336164784,11.757658089079428,0.0,0.0,-0.03061083019223476,-0.07250892947814158,-0.0002911037311597135,-0.00017950770929735498
2024-05-23,22967.650390625,22993.599609375,22577.44921875,22614.099609375,369800,0.02095838456748858,0.024555409259160915,0.0306599510169535,0.08899172472809398,0.0035231844373325304,0.005958234862286928,0.0565965269666144,80.91712106278682,67.58373898718483,60.81194974817715,0.0,1.0942106885148886,1.0472649633913076,1.0349096738012604,0.0066689839482328315,0.8245785314593221,0.6687622917455347,0.011740209411545384,0.022682404833213942,0.014017065976420261,0.028790503668430757,0.01532617040687837,0.031258712437107754,0.016576950345527017,0.032506927809171686,8.651557458446405,20.937380319911178,0.0,0.0,0.04264038669121706,-0.0006200790548263058,0.00015208429408127607,9.846299982840638e-06
2024-05-24,22957.099609375,23026.400390625,22908.0,22930.75,261900,0.01670181906127556,0.02184739495851757,0.028968414546670575,0.08753388158868532,0.00506104720260355,0.006968770115073875,0.056916681031279996,79.88633963957159,67.14915138848768,60.61842625395459,0.0,0.9789201176492978,1.0097462741882501,1.010640589928032,0.0066974663738318735,-0.7424870077745876,-0.8613890550430584,-0.00425656550621302,0.010641072050063993,-0.002708014300643345,0.01740981876101244,-0.0016915364702829241,0.02075345379952901,-0.0014578431394086655,0.022075848337333545,-0.43458759869714925,13.880971106305225,0.0,0.0,-0.037518689203057454,-0.07487934046897715,2.8482425599041933e-05,-0.0003569741371437533
2024-05-27,22932.44921875,23110.80078125,22871.19921875,23038.94921875,260000,0.012735774868986615,0.018828280165456346,0.026741641992680976,0.08543334948677156,0.006015888297476104,0.0077671203099500844,0.05716307305914155,77.20556239853883,66.08002467507272,60.15460875515849,0.0,0.9929408042373068,1.0132590116066806,1.013302540452091,0.006830525334205576,-0.913468343051435,-0.8370267477652208,-0.003966044192288945,0.005501501126455637,-0.003019114793061224,0.012261280524183505,-0.002226772553989599,0.016161898697759806,-0.0021005321019137574,0.01774176183636439,-1.0691267134149598,10.974480051742667,0.0,0.0,0.0035127374184305005,-0.04086019389166129,0.00013305896037370257,-0.00023870461987187275
2024-05-28,22888.150390625,22998.55078125,22858.5,22977.150390625,217900,0.008802309487811518,0.015303997396417033,0.023764289676747513,0.08243902759806868,0.006444957398944248,0.008332767626273049,0.05731274133408937,72.13070761357993,64.1047302202709,59.30889190933264,0.0,0.9182684892671024,0.9864109765752404,0.9960555612884534,0.006690378557839581,-1.0994006205952478,-1.3524967049078056,-0.003933465381175097,0.0005892027447194376,-0.0035242827690393132,0.006777226564001513,-0.0029773523159334625,0.010885561971316399,-0.0029943218887028833,0.012508213017823816,-1.9752944548018263,7.1558020531803095,0.0,0.0,-0.026848035031440287,-0.048824430317084944,-0.00014014677636599478,-0.00011762482747168772
2024-05-29,22704.69921875,22825.5,22685.44921875,22762.75,269900,0.0005862673365441732,0.006510502629137947,0.014939440175004166,0.07297563058482143,0.005920764141969955,0.008374415889202074,0.05718192447010453,54.744934384129394,56.56398017225062,55.931840255717,0.0,0.9191047660001924,0.9871232580189078,0.9988020589357031,0.006663870957457766,-0.10662551978806505,-0.5381588168085202,-0.008216042151267346,-0.008631907819399024,-0.008793494767279086,-0.004027840653602707,-0.008824849501743347,-0.0003943404350709636,-0.009463397013247249,0.0005608562022544616,-7.540750048020271,-2.368201356487802,0.0,0.0,0.0007122814436674174,-0.017501318681182765,-2.6507600381814843e-05,0.00014697130330621096
2024-05-30,22488.650390625,22705.75,22417.0,22617.44921875,373400,-0.007322276986236316,-0.002789003424066349,0.005073507120679845,0.06210230549393099,0.004566712294506797,0.007884500443480113,0.056740922896899776,41.12540219525691,49.22072554075455,52.29516029257149,0.0,0.9991438979108391,1.0171333129141216,1.0215205875056885,0.006825180898358129,1.6750772508049068,1.0138554307155612,-0.007908544322780488,-0.028280661553724898,-0.009299506053204296,-0.027344412683227265,-0.00986593305432432,-0.025586443896273653,-0.010873325090890437,-0.026889419234162992,-7.343254631496073,-18.36301344643028,0.0,0.0,0.0300100548952138,-0.030131650477186023,0.00016130994090036294,0.00015619695012529782
2024-05-31,22530.69921875,22653.75,22465.099609375,22568.099609375,572100,-0.004476784948715714,-0.0008404690634336142,0.006678294765064992,0.06341007335529328,0.003652668094831696,0.007525088432525745,0.056355420480649336,44.27336671144433,50.565849677089325,52.913094691980845,0.0,0.9652841152144743,1.0025256687853041,1.0109326868354227,0.006801382842929812,1.6384335336385767,3.08806381084693,0.002845492037520602,-0.021178604009991275,0.0019485343606327346,-0.022687864021951186,0.0016047876443851467,-0.022290119781605583,0.0013077678613622884,-0.02412380823339204,1.3451241363347748,-16.583301711398356,0.0,0.0,-0.014607644128817432,-0.007220605402946001,-2.379805542831754e-05,0.00010391646909793835
2024-06-03,23263.900390625,23338.69921875,23062.30078125,23337.900390625,569400,0.022728136172032502,0.0287123208964344,0.037832842042811676,0.09694606938276362,0.0058511979017220475,0.008865958889682127,0.05695833177103627,73.30744567345391,66.98728347795905,61.849180385464074,0.0,1.442527705369274,1.1496624434209097,1.0978390941373146,0.006981381760346964,1.022421308555902,2.5466383530902514,0.027204921120748217,0.009992361303045887,0.029552789959868014,0.009884040730978053,0.031154547277746684,0.0110912000501307,0.033535996027470344,0.011512719895992063,16.42143380086973,0.9072588028863322,0.0,0.0,0.1471367746356056,0.1364034318142291,0.00017999891741715245,0.00015085642614138823
2024-06-04,21884.5,23179.5,21281.44921875,23179.5,1006100,-0.031235118758353036,-0.029435239383104553,-0.022795624118486547,0.031576709778635664,0.001857911460355183,0.00684098118336569,0.05564069834222159,34.19891249666348,40.03944533485666,45.13676932371436,0.0,3.0385012276379224,1.7818819600079825,1.5428303872525335,0.012467236458869211,1.5881067375966755,3.5781578646489747,-0.053963254930385535,-0.040037428246164554,-0.05814756027953895,-0.04473923677952159,-0.060628466161298224,-0.04655991379523406,-0.06536935960412796,-0.05086231781943301,-26.947838143102395,-24.065284885414236,0.0,0.0,0.6322195165870728,0.7954709834327421,0.005485854698522247,0.00577685790102963
2024-06-05,22620.349609375,22670.400390625,21791.94921875,22128.349609375,638500,0.0010951651102059725,0.0029075724643823505,0.00966372071768535,0.06556013328400362,0.0018104246402756911,0.00673656121341425,0.05536141531022447,50.60065925050724,51.295454988576076,52.27147639384532,0.0,3.128417055993015,1.8781693483272164,1.6064897369852438,0.013517499139176768,0.028509404032700345,1.3927262185914633,0.03233028386855901,0.0005088977736617994,0.032342811847486906,-0.0036029301647555966,0.0324593448361719,-0.005275719457318816,0.033983423505367955,-0.007415497300817808,11.256009653719417,-5.268525183674548,0.0,0.0,0.09628738831923389,0.8910460903083086,0.0010502626803075565,0.0068536281817190015
2024-06-06,22821.400390625,22910.150390625,22642.599609375,22798.599609375,480400,0.008161220437828394,0.010735248836107351,0.017893694598837506,0.07422889075337491,0.002553191241735223,0.007082414283041306,0.055344871918810434,54.23677068860329,53.84486799650947,53.967644663766194,0.0,2.7346580219079093,1.8193546498257325,1.5769811189714766,0.01356032779150029,-0.8431289415869828,0.5189200004844143,0.007066055327622421,0.01548349742406471,0.007827676371725,0.013524252260173699,0.008229973881152156,0.01282018747815766,0.008668757469371291,0.01212658525944392,2.5494130079333956,4.624142455754921,0.0,0.0,-0.05881469850148391,0.8022213369116109,4.282865232352155e-05,0.00673514689314216
2024-06-07,23290.150390625,23320.19921875,22789.05078125,22821.849609375,473600,0.023496582711972736,0.028550690212282223,0.03722290825209767,0.0952440769368887,0.004938079506741049,0.008431493092504355,0.055938957984033415,61.87083232599861,59.206334928593975,57.6100140697297,0.0,2.599809286499463,1.8182969002439344,1.5802576283822978,0.013693273380720301,-0.7303497336573089,0.44511187606467784,0.015335362274144343,0.02797336766068845,0.01781544137617487,0.02939115927571584,0.019329213653260163,0.030544613487032676,0.021015186183513793,0.031834003581595424,5.361466932084504,8.64048525150465,0.0,0.0,-0.001057749581798051,0.8157712314586303,0.00013294558922001196,0.00689189053779049
2024-06-10,23259.19921875,23411.900390625,23227.150390625,23319.150390625,304400,0.018039012024251518,0.02465163392496274,0.034390494685525776,0.09276877199576276,0.006495450392969519,0.009504557879108628,0.056437368295795376,61.0858458106013,58.72129248851891,57.29955658325707,0.0,2.2414769711239706,1.7474017240230497,1.5448342443175767,0.013591009545378879,-1.0399009780753197,-0.4413397932092979,-0.005457570687721219,-0.004689124147780985,-0.003899056287319482,-0.0040606869714716574,-0.0028324135665718925,-0.0034423473572859006,-0.0024753049411259387,-0.004177297387000858,-0.4850424400750626,-8.26599098944014,0.0,0.0,-0.0708951762208847,0.59773928060214,-0.00010226383534142278,0.006609627785031914
2024-06-11,23264.849609375,23389.44921875,23206.650390625,23283.75,305200,0.014911960126759166,0.02258574024678784,0.033238125416573554,0.09202333877379934,0.0075610303371242615,0.01041710709481916,0.056894158191777115,61.190717922113784,58.787670583472746,57.34307662742265,0.0,1.9498919983007321,1.6783167819260942,1.5083290767711484,0.013591175690655162,-0.9638865829326574,-0.44588138489528906,-0.0031270518974923518,0.0461470788851122,-0.002065893678174901,0.0520209796298924,-0.001152369268952222,0.0560337495350601,-0.0007454332219634235,0.060446628995163676,0.06637809495383351,18.748225248616087,0.0,0.0,-0.06908494209695548,-0.10356517808188825,1.6614527628341924e-07,0.0011239392317859507
2024-06-12,23322.94921875,23441.94921875,23295.94921875,23344.44921875,295600,0.014229283009557087,0.022801939984682877,0.034365528091913906,0.09371931439042637,0.008452385588481385,0.011305794069381803,0.05738182942736108,62.40609593439211,59.508678556076994,57.80168403899309,0.0,1.707894961734477,1.6087931060022271,1.469084288815111,0.013457207575126272,-0.7933283301832826,-0.5193204312853145,-0.0006826771172020792,0.013134117899351113,0.000216199737895037,0.019894367520300528,0.0011274026753403527,0.024701807374228557,0.0016959756166270296,0.02815918110642275,0.721007972604248,8.213223567500918,0.0,0.0,-0.0695236759238671,-0.26937624232498925,-0.0001339681155288902,-6.029156405049606e-05
2024-06-13,23398.900390625,23481.05078125,23353.900390625,23480.94921875,268300,0.014298881981545122,0.023700688800053944,0.03620060828544678,0.09621990250296586,0.00926926666836244,0.012210521710251854,0.05792246572488529,64.11981073568907,60.48199457472679,58.40788700705441,0.0,1.4970168954960072,1.5372931045442118,1.4267616362675202,0.01342607574851799,-0.7455886542895815,-0.6782999899177486,6.959897198803577e-05,0.006137661543716729,0.0008987488153710671,0.012965439963946593,0.001835080193532873,0.018306913686609274,0.0025005881125394896,0.02199101174959095,0.9733160186497969,6.63712657821732,0.0,0.0,-0.07150000145801538,-0.2820615452815207,-3.113182660828204e-05,-0.00013425204298229965
2024-06-14,23465.599609375,23490.400390625,23334.25,23464.94921875,223100,0.014020861941059904,0.024140470193667142,0.03756118939267523,0.09825907383752643,0.009979684474376666,0.013104373462041002,0.05850053477846451,65.72078744320586,61.36040095805479,58.9450047270475,0.0,1.3272981601838794,1.4709606342425166,1.3866460622420902,0.01343155743990508,-1.6152191767568729,-0.8621606045562928,-0.00027802004048521796,-0.009475720770912832,0.0004397813936131978,-0.004410220018615081,0.001360581107228448,0.0003382811405775593,0.002039171334560566,0.003014996900637723,0.8784063833279987,2.1540660294608145,0.0,0.0,-0.0663324703016952,-0.34733626600141787,5.481691387089829e-06,-0.0002617159408152218
2024-06-18,23557.900390625,23579.05078125,23499.69921875,23570.80078125,272200,0.014686923696855717,0.025542659572944073,0.039944120417795825,0.10145478151643256,0.010698606262251959,0.01404277112260625,0.0591480444871643,68.0242563844951,62.5993375348306,59.692018220790054,0.0,1.1539950818209037,1.39493928410627,1.3383736648416618,0.013193561465907212,-0.02134329947713007,-0.6173683220939554,0.0006660617557958121,-0.003352088327395801,0.001402189379276931,0.0008910256479813319,0.002382931025120598,0.00555362573227005,0.0031957076789061317,0.008686009520669793,1.2389365767758136,3.8780450463116907,0.0,0.0,-0.07602135013624656,-0.3524624399167797,-0.000237995973997868,-0.000397448079471667
2024-06-19,23516.0,23664.0,23412.900390625,23629.849609375,328800,0.010515342979519313,0.021515984554511598,0.03654596565251526,0.09840828752570235,0.010886169766167759,0.014713407646340753,0.05968121426650308,65.68656300630673,61.633222770605016,59.18504920757027,0.0,1.1383973949033168,1.3738788487922762,1.3277594800156567,0.013239532999794985,1.318539215629478,-0.31533370263050226,-0.004171580717336403,-0.0043966171472398525,-0.004026675018432475,-0.001069755692276242,-0.0033981547652805685,0.003307840235941703,-0.0030464939907302035,0.0063849487519030135,-0.966114764225587,2.84555218713227,0.0,0.0,-0.02106043531399382,-0.30443793313381806,4.5971533887773086e-05,-0.0003516426908601773
2024-06-20,23567.0,23624.0,23442.599609375,23586.150390625,280300,0.01037257738150792,0.021527541268270656,0.0372160107102464,0.09968757963862358,0.011040446006236687,0.015357852635571458,0.06023004685937987,67.28315537513302,62.393992111763296,59.617961346940945,0.0,1.0626914890880097,1.3279640240563049,1.298449764710266,0.013252005229028557,0.1530187891038265,-0.5657311358635773,-0.00014276559801139344,-0.0038567056280491667,1.1556713759058174e-05,-0.0012743987164122207,0.0006700450577311404,0.0028504826183324908,0.0012792921129212292,0.005968265248197213,0.7607693411582801,2.8853135556863023,0.0,0.0,-0.045914824735971305,-0.28082908194592227,1.247222923357258e-05,-0.00020520234609771454
2024-06-21,23501.099609375,23667.099609375,23398.19921875,23661.150390625,609900,0.006166579599832441,0.016944914887598,0.032925624159647345,0.09555934217309214,0.010712277177852862,0.01571442959997069,0.06063720034479872,62.87295518032689,60.71857949810122,58.78247295639004,0.0,1.0813778288498375,1.3182960806274902,1.2945723549324755,0.013300037748492692,1.7350038902226563,1.0598364292706957,-0.004205997781675479,-0.008132302381712682,-0.004582626380672656,-0.006755773912455944,-0.004290386550599053,-0.003274984125799435,-0.00412823746553144,-0.0006605603298737162,-1.6754126136620755,0.23658492337442993,0.0,0.0,-0.009667943428814718,-0.2189970239167216,4.803251946413484e-05,-0.00012603800002529766
2024-06-24,23537.849609375,23558.099609375,23350.0,23382.30078125,239400,0.006323810988971968,0.016821808835568962,0.03314143305338225,0.09621152269496015,0.01043202767534638,0.016049640237852478,0.061046907638945776,64.39148042475566,61.34198777505205,59.11383540652426,0.0,1.0405728242345635,1.2853712683979603,1.273101365869248,0.013207615529852302,-0.7072923328845067,-0.8064810731915013,0.0001572313891395269,-0.007697050952087937,-0.00012310605202903863,-0.00731866135809818,0.00021580889373490342,-0.0044197563392929795,0.0006521805218680093,-0.002047551142566273,0.6234082769508262,-0.018413183002742528,0.0,0.0,-0.03292481222952981,-0.1855893658445562,-9.24222186403905e-05,-0.000223941910052778
2024-06-25,23721.30078125,23754.150390625,23562.05078125,23577.099609375,298100,0.01156138373261,0.02244658884664618,0.03951434455343769,0.10360493100573216,0.01076079542881553,0.016693053596124278,0.06165435502463122,71.24170366601608,64.38088707652278,60.747439333848355,0.0,1.0083887541047452,1.249460091502894,1.2465217164092994,0.013218112486662534,-0.3591377093629547,-0.5234951387785837,0.0052375727436380325,-0.0031255399642457164,0.005624780011077218,-0.0030960707262978927,0.0063729115000554434,-0.000429775864358134,0.0073934083107720094,0.002150149489299605,3.0388993014707353,1.7815495416921792,0.0,0.0,-0.0359111768950664,-0.14547919260337605,1.0496956810232203e-05,2.45510207553222e-05
2024-06-26,23868.80078125,23889.900390625,23670.44921875,23723.099609375,287800,0.014558367732985751,0.0261172491858425,0.044095517280160396,0.10924793201016735,0.0113930177114254,0.017520676227382865,0.06240081836547596,75.63795803741411,66.65084515052425,62.012966784368025,0.0,0.9856070275813361,1.218715125540488,1.223608560964168,0.01318580635108923,-0.36671027061578704,-0.6020706324043386,0.002996984000375751,0.004043024753466438,0.0036706603391963195,0.0046012646313309015,0.004581172726722704,0.007549551627645139,0.005643001004435183,0.010839644484464991,2.2699580740014653,5.017622379919231,0.0,0.0,-0.030744965962405946,-0.15516372325178818,-3.2306135573303627e-05,-5.372664870575451e-05
2024-06-27,24044.5,24087.44921875,23805.400390625,23881.55078125,515200,0.017949855701746106,0.030516173290705224,0.04964969354879928,0.11610921210179044,0.012344731440917833,0.018566928646054883,0.06331590335466658,79.9066645206527,69.17115793722184,63.46792330227361,0.0,1.0173296510408247,1.2071824380407337,1.21268454092603,0.013255443145679129,0.7700537025474042,0.507962057599216,0.0033914879687603552,0.0075772783202381865,0.004398924104862725,0.008988632022434568,0.005554176268638883,0.012433682838552881,0.006861280091623095,0.016421632463166858,2.5203127866975876,6.777165825458539,0.0,0.0,-0.011532687499754335,-0.12078158601557121,6.963679458989874e-05,3.4379166505716513e-06
2024-06-28,24010.599609375,24174.0,23985.80078125,24085.900390625,354800,0.013471532684820221,0.02635150940977776,0.04619351879431647,0.1132668641506561,0.01270877011299644,0.01933256706169724,0.06411179590716463,76.87454157164223,68.10174021803549,62.98521761982908,0.0,0.9717762567433129,1.1785247349955337,1.1938929364819655,0.013273991970931544,0.14756353611870074,-0.3172528703945723,-0.004478323016925885,0.00730495308498778,-0.004164663880927465,0.009406594522179759,-0.003456174754482809,0.013267894634669125,-0.002842347951134347,0.01770752197756395,-1.0694177191863474,7.383160719934267,0.0,0.0,-0.02865770304519999,-0.13977134563195648,1.854882525241519e-05,-2.6045777561147995e-05
2024-07-01,24141.94921875,24164.0,23992.69921875,23992.94921875,0,0.015504704506023757,0.02897593125840404,0.04977940654408027,0.11802916636958913,0.013265548345177928,0.020217650047687954,0.06501342986922372,80.26042815173328,70.03481250892587,64.08282898658422,0.0,0.9151025840237682,1.1390729847719243,1.1646429766621662,0.01316809647631087,-1.5615755247874152,-1.8396353047660587,0.002033171821203536,0.00918089351705179,0.002624421848626282,0.01215412242283508,0.0035858877497638025,0.016637973490698024,0.004762302218933034,0.021817643674628975,1.9330722908903795,8.69282473387382,0.0,0.0,-0.03945175022360936,-0.14629828362603603,-0.00010589549462067423,-3.951905354143172e-05
2024-07-02,24123.849609375,24236.349609375,24056.400390625,24228.75,0,0.01203050343745239,0.025574871594281547,0.04698083770575027,0.11588974599312418,0.01338335960311917,0.020872163217291604,0.0658167807907297,78.41470410890625,69.41060066114032,63.81242485242798,0.0,0.8818191462067446,1.1117855683650844,1.1455368921765912,0.013143835448336626,-1.020269409784776,-1.6108260772941627,-0.003474201068571367,0.0004691197048423898,-0.0034010596641224945,0.0031282827476353664,-0.002798568838330004,0.007466493152312577,-0.0021394203764649455,0.01228481498739202,-0.6242118477855456,5.029713584617539,0.0,0.0,-0.02728741640683996,-0.1376745231378096,-2.426102797424383e-05,-7.427703832590775e-05
2024-07-03,24286.5,24309.150390625,24207.099609375,24291.75,0,0.015373238071483013,0.029449030065629562,0.05181089336107878,0.1220355636400179,0.013862677748805905,0.021722166559352243,0.06676549056697353,82.60793786945253,71.83960026721084,65.18160494409385,0.0,0.8533264816917704,1.0799568254070202,1.1200133178086946,0.013037909169239668,-0.7104496005195442,-1.7320208264007375,0.003342734634030623,0.000814870338497262,0.0038741584713480152,0.003331780879787062,0.0048300556553285134,0.007715376080918386,0.006145817646893717,0.012787631629850554,2.4289996060705192,5.188755116686593,0.0,0.0,-0.03182874295806415,-0.1387583001334678,-0.00010592627909695833,-0.00014789718184956245
2024-07-04,24302.150390625,24401.0,24281.0,24369.94921875,251200,0.013075348509309515,0.027300187973362953,0.05032671625428441,0.12138885858641604,0.01404124528840287,0.02241460534174312,0.06765717869726878,82.97912240709928,72.06942204099292,65.31256462927954,0.0,0.7809782497851473,1.0374414934178682,1.0895059155982263,0.007578956061149003,0.7649134164300613,-0.23772877417512592,-0.002297889562173498,-0.004874507192436591,-0.002148842092266609,-0.0032159853173422716,-0.0014841771067943751,0.000677022705485128,-0.0006467050536018565,0.0052796464846256025,0.2298217737820778,2.8982641037710835,0.0,0.0,-0.04251533198915203,-0.1697409446228655,-0.005458953108090665,-0.005676487084530126
2024-07-05,24323.849609375,24363.0,24168.849609375,24213.349609375,298400,0.011409113654727894,0.025586598358648214,0.04915535058272121,0.12102494080130109,0.014017556805168549,0.022980752928901855,0.068502333976243,83.54711992311128,72.4056823562378,65.49914754824403,0.0,0.7838631146453019,1.0194926677389642,1.0747080395918251,0.005503927024230635,1.2446146634650246,0.11713410486235694,-0.0016662348545816216,-0.0020624190300923273,-0.001713589614714739,-0.0007649110511295451,-0.0011713656715631945,0.0029618317884047424,-0.00036391778511495054,0.007758076650644999,0.33626031524488553,4.303942138202316,0.0,0.0,-0.01794882567890399,-0.1590320672565695,-0.0020750290369183676,-0.007770064946700909
2024-07-08,24320.55078125,24344.599609375,24240.55078125,24329.44921875,266300,0.00920363827273039,0.023080702277393086,0.04700064300397216,0.11952643434777947,0.013750509291081759,0.023380306825583678,0.06927005425299644,83.05553849537966,72.2632484294293,65.44364958306375,0.0,0.7127400826727476,0.9773589306923476,1.0440428053916553,0.005240268046550193,0.687768097417823,-0.024738509828622104,-0.0022054753819975032,-0.0063010662332933665,-0.002505896081255128,-0.005895228981010955,-0.0021547075787490544,-0.0027787635401081145,-0.0014985064535216197,0.0014972679781903447,-0.14243392680850775,2.228435920503429,0.0,0.0,-0.042133737046616604,-0.16171405407957673,-0.00026365897768044263,-0.007927828429760676
2024-07-09,24433.19921875,24443.599609375,24331.900390625,24351.0,250500,0.011326220652670579,0.025226590917484297,0.04971573387079075,0.12331793916229675,0.013744694818495816,0.0238865663164188,0.07011632093967039,86.27323125766654,74.13441829147227,66.45032503887742,0.0,0.6682858644867734,0.9393357359682531,1.013723755987042,0.0047646266778740174,0.30811894892375924,-0.11369108440726682,0.0021225823799401883,-0.0007042827847818112,0.0021458886400912112,-0.0003482806767972496,0.0027150908668185925,0.002734896165040482,0.003791504814517274,0.0074281931691725644,1.8711698620429758,4.723817630331951,0.0,0.0,-0.03802319472409443,-0.1724498323968312,-0.00047564136867617526,-0.00837920877046261
2024-07-10,24324.44921875,24461.05078125,24141.80078125,24459.849609375,292300,0.005577086453354305,0.018749686526778917,0.043200818425021874,0.11700310855721338,0.013099542790781014,0.024001118450994716,0.0707460048235151,71.07236169890166,69.27564148170597,64.56723047488858,0.0,0.799512011752894,0.9698874818804875,1.0322659017530387,0.004987136104150806,0.9112853892277932,0.17449318830513588,-0.005749134199316274,-0.009796151618128707,-0.00647690439070538,-0.010699343538850645,-0.006514915445768876,-0.008610074936056908,-0.006314830605083366,-0.005032455082804518,-4.858776809766297,-2.563958785504866,0.0,0.0,0.030551745912234307,-0.11006934352653275,0.00022250942627678825,-0.008050773065088862
2024-07-11,24315.94921875,24402.650390625,24193.75,24396.55078125,306400,0.0042715101058189075,0.016693623817304017,0.04108740462054903,0.11531864661770522,0.012369278214589805,0.023993246570835663,0.07130164255921592,69.94851438284313,68.89556353943235,64.41926013210379,0.0,0.8116548977250129,0.962289520133562,1.024363972770079,0.004997633572139164,1.0057649671592674,0.2663580284321573,-0.0013055763475353973,-0.008803838403490607,-0.0020560627094749,-0.010606564156058935,-0.002113413804472844,-0.009239311633735377,-0.001684461939508164,-0.006070211968710826,-0.3800779422736298,-3.1738585015605736,0.0,0.0,-0.007597961746925508,-0.07515197328430623,1.0497467988358072e-05,-0.002581322489009839
2024-07-12,24502.150390625,24592.19921875,24331.150390625,24387.94921875,325800,0.00976568256642936,0.022204251147435867,0.0470451913566543,0.1224759075679401,0.012318272244499865,0.024301346997270067,0.07204150960623809,78.59772935182266,72.46009691439224,66.17999490658238,0.0,0.8698798709985893,0.967296383259186,1.0218590894996233,0.00513544124854803,1.2405779678612907,0.3770072926024645,0.005494172460610452,-0.0016434310882985342,0.0055106273301318495,-0.003382347211212347,0.005957786736105274,-0.0021101592260669086,0.007157260950234889,0.0014509667666390141,3.5645333749598933,0.05441455815443419,0.0,0.0,0.005006863125624039,-0.0521962844797782,0.00013780767640886663,-0.00036848577568260495
2024-07-15,24586.69921875,24635.05078125,24522.75,24587.599609375,305400,0.010814896175680381,0.02333771713706879,0.048575103355196214,0.12493492626121151,0.012388836975758155,0.024661835282229764,0.07282246418180409,81.42920716097065,73.92150892767994,66.95013218111987,0.0,0.8016183699135012,0.9337248773556744,0.9955923850726409,0.005137432199198838,0.33114732056372215,0.2116281339898852,0.0010492136092510214,0.0016112579029499904,0.0011334659896329244,0.0002570148596757055,0.0015299119985419107,0.0015744603512240565,0.002459018693271406,0.00540849191343204,1.461412013287699,1.658260498250641,0.0,0.0,-0.033571505903511545,-0.04363405333667314,1.990950650807531e-06,-0.00010283584735135479
2024-07-16,24613.0,24661.25,24587.650390625,24615.900390625,283200,0.009712231896908806,0.022162045905419574,0.047655012836985054,0.12472663430823443,0.012330061591035465,0.02494024018372165,0.07356584040250444,82.2800019600118,74.37700629930045,67.19114540258343,0.0,0.7011878041860132,0.8877388934677568,0.9615934445215345,0.005054358023319222,-1.202662388777078,0.05760711644496402,-0.001102664278771575,-0.0016139887557617728,-0.0011756712316492168,-0.0030645450120647226,-0.0009200905182111599,-0.002060721033805696,-0.00020829195297708547,0.00140869514593768,0.45549737162050974,0.24258800782817502,0.0,0.0,-0.045985983887917636,-0.05159684250049634,-8.307417587961625e-05,0.00028973134544520423
2024-07-18,24800.849609375,24837.75,24504.44921875,24543.80078125,350900,0.014206497138801826,0.02716538431842391,0.053352030731978826,0.13180937755400626,0.012777365572179488,0.025494089669825738,0.07448350079840554,87.17571520265938,77.41169033248136,68.87247054664078,0.0,0.8254831704154753,0.9140787200204046,0.9728623454547151,0.005256468091892881,1.4393723097734288,0.5066697898292111,0.00449426524189302,0.008629410685447522,0.005003338413004335,0.008415697791644992,0.005697017894993772,0.010151212306956953,0.007082743245771836,0.014806268996792882,3.034684033180909,8.136048850775381,0.0,0.0,0.02633982655264777,-0.05580876186008288,0.00020211006857365904,0.000269331987742075
2024-07-19,24530.900390625,24854.80078125,24508.150390625,24853.80078125,343800,0.0025898440769365713,0.014510751078883138,0.040178024814508224,0.11816055607931943,0.011890113462022844,0.025300149563057053,0.0749703698832876,59.57870953078122,65.42069519875946,63.985828970731276,0.0,0.9502771856284684,0.9590647745154163,1.004022885871054,0.005186626519582101,0.7888164793971043,0.43506500568653034,-0.011616653061865255,-0.0016816660288823363,-0.012654633239540771,-0.002182872738420879,-0.013174005917470602,-0.0009093798060408054,-0.013648821474686837,0.0028419094616142088,-11.990995133721896,-3.4748683406728844,0.0,0.0,0.044986054495011696,-0.0032247456181456746,-6.984157231077967e-05,0.00018899294744293728
2024-07-22,24509.25,24595.19921875,24362.30078125,24445.75,324200,0.0013945530227986625,0.012362305661688642,0.03766239568105673,0.1158726898727431,0.010952478826435436,0.024991141884556572,0.07537161847361157,57.8647100875982,64.55700028282124,63.61044889912056,0.0,0.9509427149875389,0.9592216222252348,1.0023068099443766,0.005246908571182064,0.09706454581663983,0.46567802254133406,-0.0011952910541379088,-0.008371129543630697,-0.0021484454171944965,-0.009841945485747225,-0.0025156291334514913,-0.00938279567559757,-0.002287866206576325,-0.006603217695197006,-0.8636949159382254,-7.903096631571003,0.0,0.0,0.00015684770981849727,-0.008074761033951217,6.028205159996306e-05,0.00011146732263403372
2024-07-23,24479.05078125,24582.55078125,24074.19921875,24568.900390625,436400,0.000131460586573373,0.010094270638891619,0.03490721055144905,0.11322947925640665,0.009961500507618364,0.0245649744125992,0.07568047444874182,55.27685660709427,63.301621744900075,63.075182274348336,0.0,1.177028704965797,1.040138923319242,1.054645080044274,0.005951311373707976,1.580051219561842,1.2149473339446808,-0.0012630924362252893,-0.010683435589107008,-0.002268035022797023,-0.013243446498177172,-0.002755185129607686,-0.013667892803747167,-0.002643210616336447,-0.011705447004804859,-1.2553785379211604,-10.619887182779863,0.0,0.0,0.08091730109400719,0.10641404596356752,0.0007044028025259119,0.000813879174509138
2024-07-24,24413.5,24504.25,24307.25,24444.94921875,366600,-0.002084647950996647,0.006713134041031407,0.03083681007338347,0.10903183069402657,0.00881616058312332,0.023962810473642668,0.07585586763735817,49.6533941885122,60.54925071421652,61.902643186856736,0.0,1.1055373605536827,1.0260744956839556,1.0455460521198459,0.005989426109101591,0.051573934602781965,0.6578711738060389,-0.0022161085375700202,-0.011796879847905454,-0.0033811365978602117,-0.015448911864388168,-0.0040704004780655785,-0.016818202763601586,-0.004197648562380085,-0.01569480361420786,-2.7523710306835554,-13.827755585083928,0.0,0.0,-0.01406442763528637,0.13833560221619878,3.811473539361548e-05,0.0009350680857823698
2024-07-25,24406.099609375,24426.150390625,24210.80078125,24230.94921875,391800,-0.001953965089656663,0.0058220376176672025,0.02929223908061777,0.10749784027283162,0.007791226491894636,0.023334348011046516,0.07597997752520555,48.996867573653006,60.23085105299231,61.76821050153428,0.0,1.06117002239282,1.0160980615479314,1.0380772104427722,0.005991679640582208,0.44003525581349373,0.7922806920920581,0.00013068286133998417,-0.01616046222845849,-0.0008910964233642049,-0.02134334670075671,-0.001544570992765698,-0.024059791651361056,-0.0015339904211949529,-0.024311537281174647,-0.3183996612242126,-17.18083927948905,0.0,0.0,-0.009976434136024226,0.10201934152752679,2.253531480616265e-06,0.000735211548689327
2024-07-26,24834.849609375,24861.150390625,24410.900390625,24423.349609375,383800,0.012710483116060255,0.021310530083482146,0.04543194133846737,0.12553182561648077,0.008492108169908513,0.02361809708650858,0.07661893721695691,73.06717341580335,70.05546628315034,66.18088304123626,0.0,1.200741422204729,1.0581097600777862,1.0588296818621545,0.0061139267043636945,0.07960500542794365,0.8357293559295085,0.014664448205716918,0.010120639039123684,0.015488492465814943,0.0067997790045990075,0.016139702257849598,0.005253916523959144,0.018033985343649153,0.007371269537161343,9.824615230158031,4.634771084390877,0.0,0.0,0.04201169852985487,0.09904498556236996,0.00012224706378148684,0.0009273001847815935
2024-07-29,24836.099609375,24999.75,24774.599609375,24943.30078125,355000,0.010417020508059137,0.01938230077058863,0.04362304150307131,0.12418365542383504,0.00887285158559736,0.02377983285972123,0.07719321126212088,73.11033752468063,70.0786744397539,66.19268048617381,0.0,1.1418537681317849,1.04723424684296,1.0515272716655903,0.006044421802959958,-1.0141112721803862,0.6111174328884454,-0.002293462608001118,0.009022467485260475,-0.0019282293128935167,0.007019995108899987,-0.0018088998353960606,0.005960645822014575,-0.0013481701926457285,0.00831096555109194,0.023208156603558905,5.5216741569326615,0.0,0.0,-0.010875513234826162,0.0880126246177253,-6.950490140373612e-05,0.0007975132317778943
2024-07-30,24857.30078125,24971.75,24798.650390625,24839.400390625,385000,0.009209840082414844,0.018377518787720135,0.0426937512498579,0.12374401339801272,0.009084016367256816,0.023877424642173843,0.07773160820327288,73.93687762981308,70.49634460629471,66.39884976923956,0.0,1.0519785537999184,1.0213433497339512,1.0337610225808471,0.006033530011617265,0.5644689539982071,0.7923305794313013,-0.0012071804256442928,0.009078379495841471,-0.0010047819828684947,0.008283248148828515,-0.0009292902532134079,0.007786540698408853,-0.0004396420258223205,0.010514534141606066,0.417670166540816,7.194722861394638,0.0,0.0,-0.025890897109008826,-0.018795573585290715,-1.0891791342693483e-05,8.221863790928898e-05
2024-07-31,24951.150390625,24984.599609375,24856.5,24886.69921875,333600,0.010627688759920411,0.020161486385919716,0.044720054658839145,0.1265520842040648,0.009433540889521488,0.02407321644725284,0.07832914586094405,77.50744167681624,72.33714584882676,67.31389643865947,0.0,0.9410976921571503,0.9814945848714461,1.005278840903823,0.0060340283511151,-1.467160786734924,0.23803230443158896,0.0014178486775055666,0.012712336710917059,0.001783967598199581,0.013448352344888309,0.002026303408981245,0.013883244585455676,0.002808070806052082,0.017520253510038233,1.8408012425320521,11.787895134610245,0.0,0.0,-0.039848764862505104,-0.04457991081250945,4.983394978350444e-07,4.460224201350855e-05
2024-08-01,25010.900390625,25078.30078125,24956.400390625,25030.94921875,431300,0.010650221470437546,0.020507354640232085,0.04528612528432424,0.12779938851827372,0.009753258803478994,0.024280834950795256,0.07893844684057713,79.58482100863569,73.47196405084908,67.89121129031068,0.0,0.8527555393376048,0.9455234112867318,0.979329777754089,0.005998911864545995,1.4545500171302208,1.7904624947498264,2.2532710517135165e-05,0.012604186560094209,0.00034586825431236895,0.014685317022564882,0.0005660706254850961,0.01599388620370647,0.0012473043142089135,0.0203015482454421,1.1348182020223163,13.241112997856774,0.0,0.0,-0.035971173584714355,-0.07057465026119958,-3.5116486569105286e-05,7.2322239637869976e-06
2024-08-02,24717.69921875,24851.900390625,24686.849609375,24789.0,345000,-0.0009800400229178106,0.007761255932502673,0.031695860692235275,0.11330900517096927,0.008749871179371644,0.023750272813956724,0.07910581750708406,52.05870675901438,60.381731938054735,62.292271410347496,0.0,0.9524981471043182,0.982044049992978,1.006187555692929,0.006039123109923116,-0.6366708999726751,0.12262187540364626,-0.011630261493355356,-0.013690523138978065,-0.01274609870772941,-0.013549274150979472,-0.013590264592088966,-0.013736080646232093,-0.014490383347304445,-0.012222820445511498,-13.090232112794347,-9.673734345095603,0.0,0.0,0.03652063870624622,-0.07606571008480822,4.0211245377121466e-05,-7.480359444057838e-05
2024-08-05,24055.599609375,24350.05078125,23893.69921875,24302.849609375,487000,-0.022811619539205765,-0.017515259808282325,0.003900531171116625,0.08258807238178668,0.005419998678684588,0.02179758127868731,0.07838181051550577,27.23859340123991,42.128375810519046,52.20923230992682,0.0,1.4680511289965936,1.181668151155215,1.1477633098413031,0.006529458383737875,1.426506188725033,2.3307459327823956,-0.021831579516287954,-0.033228640047264904,-0.025276515740785,-0.036897560578870954,-0.02779532952111865,-0.03972251033195468,-0.030720932789182587,-0.041595583042048356,-18.25335612753569,-27.95029862923485,0.0,0.0,0.19962410116223694,0.13443390431225488,0.0004903352738147588,0.00048503658077791653
2024-08-06,23992.55078125,24382.599609375,23960.400390625,24189.849609375,312300,-0.020855771131579964,-0.018297341412685852,0.0012195064187009222,0.07889450482607287,0.0026129242694417406,0.01988061014265952,0.07758038862547786,25.868404319353075,40.8616250712441,51.38781213333246,0.0,1.5294690773714623,1.2258402693657453,1.1797761330412309,0.006893593893706377,-0.9371445959372766,-0.6698406201298606,0.001955848407625801,-0.030065611213994807,-0.0007820816044035277,-0.03667486020040599,-0.0026810247524157024,-0.04147424483115698,-0.003693567555713817,-0.04484950857193985,-1.266750739274947,-29.634719535050614,0.0,0.0,0.04417211821053035,0.20449691963179406,0.00036413550996850213,0.0008600638820891121
2024-08-07,24297.5,24337.69921875,24184.900390625,24289.400390625,317600,-0.006892012105195791,-0.005293474345077503,0.013390976535439449,0.09160155451785228,0.001609631358928929,0.018783882882657237,0.07717710123075851,42.25849101769693,48.869729540209306,54.94347461794274,0.0,1.4923206237575517,1.2254591084090505,1.177137799597195,0.006930344698400047,-0.7917681569230931,-0.6887050974115031,0.013963759026384174,-0.0175197008651162,0.013003867067608348,-0.02545496073099722,0.012171470116738527,-0.031329078123399696,0.01270704969177941,-0.034950529686212525,8.008104468965207,-23.46741630861746,0.0,0.0,-0.00038116095669482597,0.24396452353760434,3.675080469366966e-05,0.0008963163472849468
2024-08-08,24117.0,24340.5,24079.69921875,24248.55078125,311900,-0.011705464706641527,-0.01154321674276373,0.005631543990228744,0.08259293680252719,0.00016416964587347217,0.017375327909022915,0.07653040845051917,36.66116464608758,44.9866329163498,52.58266012128385,0.0,1.4190713567027116,1.2236856723780964,1.18096934555008,0.007068081670591086,-0.5701584249686259,-0.8318768387264627,-0.004813452601445736,-0.022355686177079073,-0.006249742397686226,-0.032050571382995816,-0.007759432545210705,-0.0396545812940955,-0.009008617715325087,-0.045206451715746526,-3.883096623859508,-28.485331134499283,0.0,0.0,-0.0017734360309540342,0.27816226109136466,0.0001377369721910389,0.001069169806045091
2024-08-09,24367.5,24419.75,24311.19921875,24386.849609375,215100,-0.001178640779242663,-0.0011603623810221028,0.015436703032407725,0.0928173098713196,1.829996730828856e-05,0.016616346396698588,0.07620426424200492,47.84604212519367,50.82627917779868,55.34418256612286,0.0,1.3720732585484536,1.2133437561437312,1.1723338641586922,0.006846629507040072,-1.1566593161049488,-2.269503305275543,0.010526823927398864,-0.0001986007563248523,0.010382854361741627,-0.008921618313524777,0.009805159042178982,-0.01625915765982755,0.010224373068792411,-0.02049169529964967,5.839646261448884,-9.555452760256053,0.0,0.0,-0.0103419162343652,0.23129970615075324,-0.00022145216355101346,0.000807506397116956
2024-08-12,24347.0,24472.80078125,24212.099609375,24320.05078125,279900,-0.0016524614330502103,-0.00181912239128837,0.014002564294652698,0.09090041224438447,-0.000166936814886516,0.015850520723102043,0.07583595018146967,47.05273931926583,50.35520048921879,55.071986071563565,0.0,1.3127374846857336,1.2041088045441821,1.1684377382668416,0.006930100727465262,-0.17325623868093534,-1.1086962731367702,-0.0004738206538075474,0.021159158106155554,-0.0006587600102662672,0.015696137416993956,-0.001434138737755027,0.010102033123536074,-0.0019168976269351296,0.008312339862597787,-0.4710786885798939,8.226824678699742,0.0,0.0,-0.009234951599549124,0.02244065338896717,8.347122042519015e-05,0.00040064234372738736
2024-08-13,24139.0,24359.94921875,24116.5,24342.349609375,239700,-0.00834576049818686,-0.009414972524766835,0.005129313651667791,0.0807034306438022,-0.001078210513290524,0.014682521714975411,0.07518845183966545,39.33294543086209,45.72448479764929,52.36221678468646,0.0,1.260945358412314,1.199773347546897,1.1704118293981007,0.006842780676735254,-0.7405169671669549,-1.6046535617575262,-0.00669329906513665,0.012510010633393104,-0.007595850133478465,0.008882368887919018,-0.008873250642984908,0.003909807232966868,-0.010196981600582272,0.0018089258177293316,-4.630715691569499,4.8628597264051905,0.0,0.0,-0.004335456997285103,-0.026066921818848288,-8.732005073000797e-05,-5.081321697112274e-05
2024-08-14,24143.75,24196.5,24099.69921875,24184.400390625,303300,-0.00667859101454852,-0.008388893431905608,0.005117125103297451,0.08004650475733123,-0.001721801626226842,0.013620277592439002,0.07454790867913347,39.596977408505545,45.84695814925859,52.417662997517404,0.0,1.0887448565517734,1.1424942953253183,1.1335507831255058,0.006830605468149373,0.802564968156001,-0.6565790684367835,0.0016671694836383408,0.00021342109064727104,0.0010260790928612266,-0.003095419086828105,-1.2188548370340238e-05,-0.008273851432141998,-0.0006569258864709687,-0.011555049760521047,0.12247335160930106,-3.022771390950716,0.0,0.0,-0.0572790522215787,-0.08296481308373216,-1.217520858588176e-05,-9.973923025067416e-05
2024-08-16,24541.150390625,24563.900390625,24204.5,24334.849609375,271600,0.007898945984144489,0.007206430141220692,0.020793995223547645,0.09675626265617807,-0.0006870885674432392,0.013490347833087044,0.07441488467611444,57.60598081460507,54.996569238506474,56.7819605513398,0.0,1.1992964571066282,1.1659957984325715,1.143615371932659,0.007092699176196162,0.27899822145691644,-1.0523133014022568,0.014577536998693009,0.019604410690786014,0.015595323573126301,0.018749646883984422,0.015676870120250194,0.015162451233318901,0.016709757898846836,0.014163325853650877,9.149611089247884,10.009936322156676,0.0,0.0,0.023501503107253185,-0.05768987394552494,0.0002620937080467893,2.461750560507625e-05
2024-08-19,24572.650390625,24638.80078125,24522.94921875,24636.349609375,243600,0.007508703519952506,0.007720614992273233,0.021219017499641345,0.09709242139056028,0.0002103321505614475,0.013394984985468034,0.07429689673884826,58.743483977663956,55.636412185354466,57.10536655394826,0.0,1.0525003453964086,1.1149985489865752,1.1102120287535908,0.0069543511137150574,-0.9084892964382928,-1.3273070016996267,-0.0003902424641919833,0.008687344299195168,0.0005141848510525409,0.008880977373295336,0.0004250222760937006,0.00578231446723362,0.0003361587343822109,0.004275111519240676,0.6398429468479918,4.810133007555784,0.0,0.0,-0.05099724944599626,-0.098345207157156,-0.00013834806248110443,0.00010772160667498528
2024-08-20,24698.849609375,24734.30078125,24607.19921875,24648.900390625,238300,0.010353146666840032,0.011709931268594436,0.025399598830129023,0.10160081455747765,0.0013428815520894284,0.013531217929598617,0.07431367811562052,63.34098387407845,58.20048193335386,58.398757153270154,0.0,0.9685951617021802,1.0768145909779097,1.0831082434008492,0.006882476124385671,-0.747271814389198,-1.2803854281587714,0.002844443146887526,0.012005608099890243,0.0039893162763212035,0.013529053659882807,0.004180581330487678,0.011397034535476325,0.004508393166917368,0.010700402313093174,2.5640697479993975,7.845281444135075,0.0,0.0,-0.038183958008665586,-0.12729421356627246,-7.187498932938619e-05,-4.762460307959106e-05
2024-08-21,24770.19921875,24787.94921875,24654.5,24680.55078125,257100,0.010832636201544947,0.013284638735704917,0.027219255788447118,0.10363243298861517,0.0024257255319475816,0.013751927661835176,0.07438838083454417,65.85106665032993,59.621415836912824,59.121446183948265,0.0,0.8803939430367173,1.035501168216724,1.0542150907510492,0.00676675308594205,-0.21785538378367084,-0.9339145072804876,0.00047948953470491537,0.019178396699731808,0.0015747074671104803,0.02269961126047175,0.0018196569583180944,0.022089942136779325,0.0020316184311375274,0.022929002344812974,1.4209339035589608,13.896931039263535,0.0,0.0,-0.04131342276118555,-0.1642721793301729,-0.00011572303844362142,-7.60275907932045e-05
2024-08-22,24811.5,24867.349609375,24784.44921875,24863.400390625,220300,0.010218787536627784,0.0135943547702388,0.02776590666387774,0.10431362963000694,0.0033414219526070993,0.013981482658169841,0.07447972584983158,67.36033474566526,60.459327062691656,59.54333322935196,0.0,0.7814535397094196,0.987904376214359,1.0209885304890725,0.0059853657134884535,-1.334682165821289,-1.297627382568509,-0.0006138486649171632,0.016897378551176304,0.0003097160345338825,0.02198324820214441,0.000546650875430623,0.02264878156058029,0.000681196641391768,0.02426712487267571,0.8379112257788321,14.612368913433066,0.0,0.0,-0.04759679200236511,-0.15458991911095932,-0.0007813873724535963,-0.0008452397546609191
2024-08-23,24823.150390625,24858.400390625,24771.650390625,24845.400390625,206800,0.008731957550164829,0.01277483599086229,0.027110683272758757,0.10368091047520156,0.004007881787066717,0.014155019232750575,0.07454914883998813,67.82827733574858,60.70702859760844,59.665108204727765,0.0,0.6947638526539975,0.9418715347939711,0.9885551925278478,0.005880473941790114,-1.3340933408058537,-1.326510385091725,-0.001486829986462955,0.0008330115660203398,-0.0008195187793765095,0.005568405849641598,-0.0006552233911189843,0.006316688049211112,-0.0006327191548053807,0.006924647819023494,0.2477015349167857,5.710459359101968,0.0,0.0,-0.04603284142038788,-0.22412426363860039,-0.0001048917716983391,-0.0012122252344060475
2024-08-26,25010.599609375,25043.80078125,24874.69921875,24906.099609375,210300,0.013337040516324386,0.018531676543344828,0.033453726315679264,0.11077718291941507,0.005126266799024364,0.014650550509117533,0.07482043427275481,74.65025645631977,64.55448544764045,61.5939855314499,0.0,0.7280908965490902,0.9310563406633539,0.9764357652229074,0.005868348633550401,-0.7741645959662891,-1.1550034806779446,0.004605082966159557,0.00582833699637188,0.005756840552482538,0.010811061551071595,0.006343043042920507,0.012234708816037918,0.007096272444213514,0.013684761528854797,3.847456850032003,8.91807326228598,0.0,0.0,-0.010815194130617267,-0.1839422083232214,-1.212530823971325e-05,-0.0010860024801646563
2024-08-27,25017.75,25073.099609375,24973.650390625,25024.80078125,223300,0.011121602605172337,0.017082468136571664,0.032382828918411134,0.10986787733943724,0.005895300343738135,0.015043382676600192,0.07505456914873748,74.8872428376607,64.69649173312496,61.66650298615115,0.0,0.6618091670616318,0.8926991191291697,0.9486023042502232,0.005656340619086614,-0.013031181831501109,-0.8916047249483915,-0.0022154379111520486,0.0007684559383323054,-0.0014492084067731642,0.005372536867977227,-0.0010708973972681293,0.006983230088282111,-0.0009093055799778288,0.0082670627819596,0.14200628548451277,6.496009799771095,0.0,0.0,-0.038357221534184194,-0.18411547184874,-0.00021200801446378745,-0.0012261355052990575
2024-08-28,25052.349609375,25129.599609375,24964.650390625,25030.80078125,220400,0.0102203598852378,0.016780064412156296,0.03244169569171634,0.11017221713836056,0.006493340252678819,0.015403165175759707,0.0752880494569393,76.14615775500194,65.41845774278644,62.02630358362834,0.0,0.6603997494994905,0.8748199290625163,0.9335362902007679,0.005604078608464763,0.5796226933023204,-0.841094703576009,-0.0009012427199345373,-0.0006122763163071473,-0.00030240372441536767,0.003495425676451379,5.886677330520229e-05,0.005222439903269219,0.0003043397989233171,0.00653978414974539,0.7219660096614859,5.79704190587362,0.0,0.0,-0.017879190066653394,-0.16068123915420784,-5.226201062185059e-05,-0.0011626744774772867
2024-08-29,25151.94921875,25192.900390625,24998.5,25035.30078125,354000,0.011618096550833863,0.018893722098327227,0.035062890964287816,0.11331652695863415,0.007192067413878814,0.015869338003831765,0.07560278382837538,79.5834575198489,67.48012635178691,63.061316013809396,0.0,0.6808084728820449,0.8643234413282753,0.9223664367934479,0.005594144176382227,1.778087411730922,0.9179295145116954,0.0013977366655960628,0.0013993090142060786,0.0021136576861709305,0.005299367328088427,0.002621195272571479,0.007296984300410075,0.003144309820273583,0.009002897328627205,2.0616686090004634,7.020799289095251,0.0,0.0,-0.010496487734240945,-0.12358093488608368,-9.934432082536054e-06,-0.00039122153710622644
2024-08-30,25235.900390625,25268.349609375,25199.400390625,25249.69921875,638200,0.012234981565656009,0.020226772921356658,0.03695137025324182,0.11573323616701132,0.00789519380503872,0.016393019449975132,0.07597450389069796,82.11744544742253,69.1496347999601,63.92088736795303,0.0,0.6350847671182386,0.8328624965426678,0.8974861913205512,0.0055642297067864015,1.6925472923581284,3.2622956818515356,0.0006168850148221463,0.00350302401549118,0.0013330508230294316,0.007451936930494368,0.001888479288954005,0.009840686980483064,0.0024167092083771796,0.012052325691809765,1.6695084481731897,8.442606202351655,0.0,0.0,-0.03146094478560757,-0.10900903825130337,-2.9914469595825575e-05,-0.0003162442350037129
2024-09-02,25278.69921875,25333.650390625,25235.5,25333.599609375,222800,0.011386129370194849,0.01992116879004379,0.037135576056752335,0.11631892147627439,0.008438952415892669,0.016878174307461816,0.0763481142172189,83.34678627483518,69.9953386339583,64.35936289221662,0.0,0.5848622360921621,0.7997967312801773,0.8717907922251398,0.005538895404897578,-0.6032772930826787,-0.6229596913458231,-0.00084885219546116,-0.001950911146129537,-0.0003056041313128678,0.0013894922466989625,0.00018420580351051485,0.003681849741073072,0.0005856853092630621,0.005541738556859313,0.8457038339982006,5.440853186317852,0.0,0.0,-0.0330657652624905,-0.1312596093831766,-2.5334301888823088e-05,-0.00032945322865282275
2024-09-03,25279.849609375,25321.69921875,25235.80078125,25313.400390625,212100,0.009334180263147826,0.018119457717873863,0.03567261037455856,0.11507856520240754,0.008704032446850843,0.017240759444898814,0.07667090355815362,83.38260959343017,70.01912895900108,64.37143256766598,0.0,0.535826525860347,0.7669053218959446,0.8464196452717571,0.005478808811205476,-0.6439129171098739,-0.6542786549154824,-0.002051949107047023,-0.0017874223420245115,-0.0018017110721699273,0.0010369895813021994,-0.0014629656821937773,0.003289781456147424,-0.0012403562738668439,0.005210687862970298,0.023790325042782,5.322637225876122,0.0,0.0,-0.03289140938423263,-0.12579379723322504,-6.008659369210242e-05,-0.00017753180788113773
2024-09-04,25198.69921875,25216.0,25083.80078125,25089.94921875,253800,0.004980591642147438,0.013482897291372333,0.031040090794903715,0.11026729272364928,0.008460169002201376,0.017323620902192447,0.07684201869169177,70.84121502435377,66.04120394411297,62.81527018258577,0.0,0.5856440297477713,0.7699919804886527,0.8457581494019453,0.004871590202986852,-0.46311061169397166,-0.19018678401212055,-0.004353588621000388,-0.005239768243090362,-0.00463656042650153,-0.003297167120783963,-0.004632519579654843,-0.0014016048968126214,-0.004811272478758261,9.507558528872029e-05,-3.9779250148881147,0.622746201326521,0.0,0.0,0.003086658592708069,-0.10482794857386357,-0.0006072186082186244,-0.0007324884054779116
2024-09-05,25145.099609375,25275.44921875,25127.75,25250.5,222200,0.0023248230391800804,0.010286806981218574,0.027684415130196927,0.10671739767854799,0.007943516671468552,0.017220464553984596,0.07690394189576029,63.48340818215532,63.476095180304995,61.792071966659414,0.0,0.586991453929002,0.7584729036849553,0.8351717736878838,0.004265877657665202,-0.47558742517775776,-0.4705507456196995,-0.0026557686029673577,-0.009293273511653783,-0.003196090310153759,-0.008606915117108652,-0.0033556756647067885,-0.007378475834090889,-0.003549895045101295,-0.006599129280086158,-2.56510876380797,-4.004031171481913,0.0,0.0,-0.011519076803697348,-0.10585053764331998,-0.0006057125453216494,-0.0013282665187170249
2024-09-06,24852.150390625,25168.75,24801.30078125,25093.69921875,311700,-0.0076651717382716575,-0.0013487166268252146,0.015086098073471662,0.09280354406449144,0.006365245813765268,0.01645701054404547,0.07656241784664321,38.19062377473899,51.66472396988102,56.56930804600703,0.0,0.7708367661151723,0.8182083547374437,0.8751843421080998,0.00454799772234643,1.6513236839559977,0.4647233572387779,-0.009989994777451737,-0.019900153303927665,-0.011635523608043789,-0.02157548954818187,-0.012598317056725265,-0.02186527217977016,-0.013913853614056546,-0.022929692102519883,-11.811371210423978,-17.48491083007908,0.0,0.0,0.05973545105248834,-0.014654141805224064,0.0002821200646812277,-0.0010162319844399716
2024-09-09,24936.400390625,24957.5,24753.150390625,24823.400390625,254400,-0.0035218427993908594,0.0018512570877595258,0.017787805093692783,0.09545625589144806,0.005392089980421601,0.01590709987454481,0.07631104480624572,45.478908116318756,54.29852281377261,57.6371923562288,0.0,0.7784825746258112,0.8157324764282433,0.8697158172198193,0.004437967826066241,0.09156534274587685,-0.15572318456850975,0.004143328938880798,-0.014907972169585709,0.0031999737145847404,-0.018069911702284263,0.002701707020221121,-0.019347770963059552,0.0026527118269566163,-0.02086266558482633,2.63379884389159,-15.69681582018569,0.0,0.0,-0.0024758783092003744,0.01593574514806606,-0.00011002989628018916,-0.0011009275788313377
2024-09-10,25041.099609375,25130.5,24896.80078125,24999.400390625,251300,0.0005415877548582615,0.005503950728515894,0.021177675458686852,0.09896159023195741,0.004959676873394948,0.015587929534055935,0.07617079440982885,53.438929349235345,57.40478046240823,58.9383550388676,0.0,0.8068346531328439,0.8209604488355062,0.8692786504526793,0.004611054707359868,-0.22671479059167743,-0.17322344758056846,0.00406343055424912,-0.008792592508289565,0.0036526936407563684,-0.012615506989357969,0.0033898703649940694,-0.014494934915871706,0.0035053343405093557,-0.01611697497045013,3.1062576486356264,-12.614348496592847,0.0,0.0,0.005227972407262915,0.054055126939561604,0.00017308688129362686,-0.0008677541038456084
2024-09-11,24918.44921875,25113.69921875,24885.150390625,25034.0,279200,-0.0035693066148823663,0.0005263624104389227,0.015531779573632259,0.09256159583016119,0.004110340089391771,0.01499752303082022,0.07585170430497966,44.54965498588126,52.87124561853473,56.81826364571593,0.0,0.8320822020021419,0.8315859842760922,0.8756349166488849,0.004488842140959979,0.45998791859122606,0.09982266764066139,-0.004110894369740627,-0.008549898257029804,-0.004977588318076971,-0.01295653488093341,-0.005645895885054594,-0.015508311221271456,-0.006399994401796227,-0.017705696893488096,-4.533534843873504,-13.169958325578236,0.0,0.0,0.010625535440585976,0.06159400378743951,-0.0001222125663998888,-0.0003827480620268728
2024-09-12,25388.900390625,25433.349609375,24941.44921875,25059.650390625,380100,0.012437027039736407,0.017619747621123064,0.033298362202595175,0.1119364321947315,0.005119054758931931,0.015407144582368621,0.07610393364459628,68.21219967511598,64.46402227463878,62.22353797165571,0.0,1.058941737372778,0.902739455567332,0.9150592725275087,0.004998968391243656,1.592737089727471,1.089674240329338,0.016006333654618773,0.010112204000556325,0.017093385210684143,0.00733294063990449,0.017766582628962916,0.005613947072398248,0.01937483636457031,0.00521903451618351,11.59277665610405,0.9879270943337843,0.0,0.0,0.07115347129123983,0.1442665518823767,0.0005101262502836771,0.0007330907335784537
2024-09-13,25356.5,25430.5,25292.44921875,25430.44921875,250800,0.009100189338161636,0.014815380008236855,0.030687113489263566,0.10929755170091274,0.005663650379278634,0.01564002063202657,0.07626993408845802,65.95088851285259,63.30900789754007,61.672175924007846,0.0,0.9571237614302557,0.8782177171649943,0.8985242866427108,0.0050208186450548245,-0.5835033785665816,-0.2220321228058242,-0.003336837701574771,0.016765361076433293,-0.002804367612886209,0.016164096635062068,-0.002611248713331609,0.015601015415791904,-0.00263888049381876,0.016494007636421296,-1.1550143770987091,11.644283927659053,0.0,0.0,-0.024521738402337734,0.06000936242755062,2.1850253811168605e-05,0.0004728209227083946
2024-09-16,25383.75,25445.69921875,25336.19921875,25406.650390625,168700,0.008317488784860907,0.014439100056528337,0.03050987233528306,0.10927015473864955,0.0060711148420570194,0.01584202765632673,0.07642845985054408,67.02355606348546,63.894928996611974,61.966119069847316,0.0,0.8511526833255537,0.8454251752423847,0.8753605892129488,0.004666349822739511,-1.280430220624516,-0.996360700338061,-0.0007827005533007289,0.011839331584251767,-0.00037627995170851775,0.012587842968768812,-0.00017724115398050702,0.012722067241590276,-2.7396962263184776e-05,0.013813898847201495,0.5859210990719035,9.596406182839367,0.0,0.0,-0.03279254192260961,0.029692698814141383,-0.0003544688223153132,0.00022838199667327055
2024-09-17,25418.55078125,25441.650390625,25352.25,25416.900390625,216000,0.007922292405199729,0.014370122490808091,0.030632469593728704,0.10956776452743522,0.006397149992805436,0.016031965790739244,0.07658917922974279,68.50202196259806,64.67085442900222,62.34854531342524,0.0,0.750332523554441,0.8090852294033175,0.8492836029810337,0.004654479748871967,-0.5418521246978228,-0.5119659915083528,-0.00039519637966117793,0.007380704650341467,-6.897756572024627e-05,0.008866171762292197,0.00012259725844564542,0.009454794135041852,0.000297609788785666,0.010606174295477805,0.7759254323902454,7.266073966593986,0.0,0.0,-0.03633994583906719,-0.011875219432188722,-1.1870073867544656e-05,4.342504151209903e-05
2024-09-18,25377.55078125,25482.19921875,25285.55078125,25402.400390625,215700,0.005145806007895102,0.011562931083158446,0.02780239765284443,0.10659130831996279,0.00638427284569791,0.016053837157019125,0.07665764435561327,64.52569718570484,62.95430326833908,61.59190442252223,0.0,0.7562140727312674,0.8078565976153458,0.8470478784712286,0.004745413175997135,-0.38052467029392606,-0.49126272575360047,-0.0027764863973046266,0.008715112622777469,-0.0028071914076496455,0.011036568672719523,-0.0028300719408842732,0.012270618079212172,-0.0029764562074724304,0.014029712489801602,-1.716551160663137,10.083057649804353,0.0,0.0,-0.0012286317879717235,-0.02372938666074642,9.09334271251682e-05,0.00025657103503715604
2024-09-19,25415.80078125,25611.94921875,25376.05078125,25487.05078125,314500,0.005443153180732933,0.01188367631064829,0.028168076728840433,0.10706666553295938,0.0064056561622013895,0.016093154578365618,0.07673705359063286,66.63374426208546,63.91655437862427,62.037620965948065,0.0,0.789692119029892,0.8153204997953992,0.8496961223047729,0.004895037162305679,1.5055201508890521,0.4350723555599307,0.00029734717283783074,-0.006993873859003474,0.0003207452274898437,-0.005736071310474775,0.00036567907599600186,-0.005130285473754742,0.0004753572129965883,-0.004869766661772121,0.9622511102851874,-0.5474678960145098,0.0,0.0,0.007463902180053439,-0.08741895577193282,0.00014962398630854416,-0.0001039312289379769
2024-09-20,25790.94921875,25849.25,25426.599609375,25525.94921875,533100,0.0165349684156431,0.02432208664764829,0.04157384898422051,0.12202967874162352,0.007660452885494025,0.016842126672317444,0.07724447943452724,80.13868953454832,71.68485227383721,66.04537358275391,0.0,0.958689431161149,0.8661156487944071,0.8774932655010284,0.00531836231329312,1.6664090573544716,2.1247412047861105,0.011091815234910167,0.007434779077481465,0.012438410337,0.009506706639411434,0.013405772255380075,0.010886735494956942,0.014963013208664139,0.012732127040710778,7.768297895212939,8.375844376297138,0.0,0.0,0.05079514899900783,-0.012102068370587249,0.00042332515098744087,0.00029754366823829537
2024-09-23,25939.05078125,25956.0,25847.349609375,25872.55078125,209200,0.018230456221703602,0.027383118350231803,0.04560501763484388,0.12703207915254391,0.00898879234322898,0.01773622610606327,0.07787554587475859,83.25943745849983,74.0591904561488,67.4521359575397,0.0,0.8898330231184861,0.8451084649391075,0.8612364259439,0.005320385205473121,-0.6381682107523784,-0.6668053581796589,0.001695487806060502,0.009912967436842696,0.0030610317025835145,0.012944018293703466,0.004031168650623369,0.015095145299560818,0.005002400410920399,0.01776192441389436,2.3743381823115897,10.164261459536824,0.0,0.0,-0.021007183855299538,-0.00031671030327717897,2.022892180000846e-06,0.0006540353827336094
2024-09-24,25940.400390625,26011.55078125,25886.849609375,25921.44921875,384100,0.01490961047170688,0.02488028195334226,0.043790445316302155,0.12566721760480426,0.009824196538055482,0.018451094919026634,0.07844177215445845,83.2873559012613,74.08052007806047,67.46487441931343,0.0,0.8079737513950497,0.8190400212705485,0.8430740099761285,0.005298687530088437,0.3932211970106001,0.7648927535490684,-0.003320845749996722,0.0069873180665071515,-0.0025028363968895434,0.010510159462534169,-0.0018145723185417212,0.013157975722573451,-0.0013648615477396542,0.01609945307736904,0.021329621911675645,9.409665649058255,0.0,0.0,-0.026068443668558983,0.009954791867231028,-2.1697675384683285e-05,0.0006442077812164708
2024-09-25,26004.150390625,26032.80078125,25871.349609375,25899.44921875,278500,0.014194563170022101,0.024846278990989894,0.04445693508757162,0.12699337134193003,0.010502635497940562,0.019135217152653716,0.07902330242791505,84.6940519574027,75.12112794501051,68.07689495107215,0.0,0.7689677697661443,0.8030203199328219,0.8305243181950284,0.005321988933476918,-0.5307459525539032,-0.16429785889467066,-0.0007150473016847795,0.009048757162126999,-3.400296235236619e-05,0.013283347907831448,0.0006664897712694642,0.01665453743472719,0.0013261537371257737,0.020402063021967246,1.0406078669500403,12.166824676671432,0.0,0.0,-0.016019701337726677,-0.004836277682523926,2.3301403388480482e-05,0.0005765757574797831
2024-09-26,26216.05078125,26250.900390625,25998.400390625,26005.400390625,370900,0.018300770152692356,0.030088701471077478,0.050785253239053564,0.13463948833793107,0.011576080136537206,0.02009200929824702,0.0798014959197383,88.46055540407542,78.24728342892666,70.02081820758306,0.0,0.8028319368181478,0.8084311119092977,0.8304465100828055,0.005322737508602581,0.1285926769379786,0.6239036589277538,0.004106206982670255,0.012857616971959423,0.005242422480087584,0.01820502516042919,0.0063283181514819445,0.02261717651021313,0.00764611699600104,0.027572822804971697,3.1261554839161505,14.330729050302395,0.0,0.0,0.0054107919764758705,-0.0068893878861014946,7.485751256633075e-07,0.0004277003462969022
2024-09-27,26178.94921875,26277.349609375,26151.400390625,26248.25,490300,0.0137521013290376,0.025960517078743785,0.04727350449275299,0.13153588513572034,0.01204280191745186,0.02077369163746621,0.08045881069413653,84.22670807275122,76.43625847605487,69.25507997166301,0.0,0.7393975393284075,0.7861148380434504,0.8149322676167501,0.005265107332539944,1.3376444509736582,2.0648034279377936,-0.004548668823654756,-0.0027828670866055,-0.004128184392333693,0.0016384304310954959,-0.003511748746300572,0.005699655508532485,-0.0031036032022107307,0.009506206394096828,-1.81102495287179,4.751406202217666,0.0,0.0,-0.022316273865847336,-0.08000081075095666,-5.7630176062637047e-05,-5.3254980753175696e-05
2024-09-30,25810.849609375,26134.69921875,25794.099609375,26061.30078125,343100,-0.0004109009807184135,0.0104750049848732,0.031231643821793234,0.11434341669026239,0.010890380833756602,0.02054146686906992,0.08059466887619254,54.20013155719617,61.28168539418512,62.250770776594095,0.0,0.8981615501226046,0.8468768286455597,0.8581964505893682,0.005470927561550897,-0.39329279156241775,0.4813119475498154,-0.014163002309756013,-0.018641357202422017,-0.015485512093870585,-0.016908113365358603,-0.016041860670959758,-0.014373373813050642,-0.01719246844545795,-0.012688662462281522,-15.154573081869756,-12.77750506196368,0.0,0.0,0.060761990602109295,0.0017683637064521696,0.00020582022901095322,0.00015054235607777668
2024-10-01,25796.900390625,25907.599609375,25739.19921875,25788.44921875,247400,-0.0007783228988036666,0.009018136116234013,0.02943600116575845,0.11248212576570545,0.00980408976260184,0.020235379641553235,0.08067147885434699,53.3591314301433,60.78982214936107,62.00432891489937,0.0,0.8494763958763812,0.8334389306702014,0.8488572963057198,0.005537997374488254,-1.0436910229141747,-0.5434959307658136,-0.0003674219180852531,-0.015687933370510547,-0.0014568688686391867,-0.015862145837108245,-0.0017956426560347856,-0.014354444150543707,-0.0018612909245569464,-0.013185091839098814,-0.49186324482404586,-13.290697928699402,0.0,0.0,-0.013437897975358326,0.014398909399652826,6.706981293735665e-05,0.0002393098443998166
2024-10-03,25250.099609375,25639.44921875,25230.30078125,25452.849609375,423400,-0.018037814610989706,-0.011257559870852136,0.0073148502796254984,0.08793915443879742,0.006904802283655691,0.018783870699483413,0.08003883208590742,31.211228390939226,45.40529649321509,53.40908178387354,0.0,1.1430877108964617,0.9509489923609606,0.9327972693789062,0.00595076228868274,0.5330273750120972,1.1879852150081163,-0.01725949171218604,-0.0322323777810118,-0.02027569598708615,-0.03610383886184203,-0.02212115088613295,-0.03714208480794612,-0.024542971326908025,-0.03905421690313261,-15.384525656145982,-29.715831451795424,0.0,0.0,0.11751006169075928,0.14792867242813879,0.0004127649141944861,0.0006287733552058222
2024-10-04,25014.599609375,25485.05078125,24966.80078125,25181.900390625,374900,-0.02236207508256688,-0.018652234827481136,-0.001998660685176965,0.07695865426452186,0.003794697566994507,0.016970104516798392,0.07911543986895539,25.825123120846868,40.63544629347809,50.295086379717404,0.0,1.3374374714105763,1.0393223038629196,0.9953986633877955,0.0066581104680547495,-0.01013921576442624,0.6204858195666167,-0.004324260471577173,-0.04066284523525923,-0.007394674956629,-0.048740936298558614,-0.009313510964802464,-0.05278391392423053,-0.010980500174275556,-0.05768083407340921,-4.769850199737,-37.611837135448575,0.0,0.0,0.08837331150195893,0.23089119195362184,0.0007073481793720094,0.0013353729594521684
2024-10-07,24795.75,25143.0,24694.349609375,25084.099609375,374300,-0.025437324603747466,-0.02482321564352956,-0.010313603376121692,0.066819569617785,0.00063013798467935,0.014878955795674437,0.07793698413662291,21.75486444136361,36.769744217927204,47.61939592668762,0.0,1.441270302065007,1.1028446577492788,1.042527006384168,0.007006719497600577,0.33121335196952584,0.5765681489765392,-0.003075249521180587,-0.039189425932785064,-0.006170980816048423,-0.05078373272227334,-0.008314942690944727,-0.057587107868874686,-0.010139084646736865,-0.06471631551793534,-3.8657020755508853,-39.66651425812767,0.0,0.0,0.06352235388635918,0.31672981970582836,0.0003486090295458273,0.0017416121650606327
2024-10-08,25013.150390625,25044.0,24756.80078125,24832.19921875,333200,-0.013863883823147873,-0.014815745010968833,-0.001572311160163259,0.07535800944939816,-0.0009652432075109748,0.013442595924305575,0.07705146949495532,33.83964505902277,42.610328716582735,50.34095333711984,0.0,1.3726334473170225,1.0971831712685023,1.038929130369881,0.006918305832199501,-0.26438652260485523,0.11669003746656913,0.011573440780599593,-0.01345298284242946,0.010007470632560725,-0.025290749995842035,0.008741292215958433,-0.03280395498195649,0.008538439831613162,-0.03898540724086423,5.840584498655531,-18.671356677602382,0.0,0.0,-0.0056614864807764675,0.2503063426229426,-8.841366540107611e-05,0.0014473782706486034
2024-10-09,24981.94921875,25234.05078125,24947.69921875,25065.80078125,290600,-0.01238360578697462,-0.014607356104091768,-0.002707540152533546,0.07322620416940397,-0.002251633660748541,0.012076217561875017,0.07613989614796787,32.986591611156214,42.01055822574789,49.954650608090994,0.0,1.3287250101461492,1.1019592374257188,1.0452746598508866,0.007037588349686231,-1.375108771993136,-0.34899130092383396,0.0014802780361732534,-0.011605282888170953,0.00020838890687706509,-0.023625492220325783,-0.0011352289923702871,-0.032143541318291995,-0.002131805279994195,-0.03925592159630148,-0.5997704908348425,-18.77926392361318,0.0,0.0,0.004776066157216485,0.2685203067555174,0.00011928251748673062,0.0014995909751979774
2024-10-10,24998.44921875,25134.05078125,24979.400390625,25067.05078125,261400,-0.009618859590479234,-0.012703870210007287,-0.001968662592606062,0.07314556202869144,-0.0031149731084867036,0.010873341131889888,0.0752623908748429,34.012880070088045,42.47171580701558,50.16437721753869,0.0,1.1860063852915215,1.066761044803984,1.0243016501466318,0.0069476074609447465,-1.296799698934906,-0.6421834098323882,0.002764746196495386,0.008418955020510472,0.0019034858940844817,-0.0014463103391551511,0.0007388775599274843,-0.00928351287223156,-8.064214071253073e-05,-0.014793592410105985,0.4611575812676847,-2.9335806861995124,0.0,0.0,-0.03519819262173485,0.11581205244302328,-8.998088874148484e-05,0.0009968451722620064
2024-10-11,24964.25,25028.650390625,24920.05078125,24985.30078125,210500,-0.008996476092282102,-0.012793204101695432,-0.003203695840350356,0.07091365678078018,-0.003831195266029025,0.009713778613749457,0.07435556523618461,32.79826776802314,41.730958894470035,49.71654303321651,0.0,1.0371090060449915,1.0229937222498175,0.9975770430857993,0.006863680737336434,-1.3189614442852307,-1.0604731362720505,0.0006223834981971318,0.013365598990284777,-8.933389168814566e-05,0.0058590307257857036,-0.0012350332477442942,-0.0012050351551733912,-0.0022319052479112533,-0.006044997483741682,-0.7407569125455424,1.0955126009919454,0.0,0.0,-0.04376732255416638,-0.016328581613102022,-8.392672360831282e-05,0.00020557026928168416
2024-10-14,25127.94921875,25159.75,25017.5,25023.44921875,206400,-0.0020448478767163014,-0.0057485279405040945,0.0032015319087213296,0.07710073495227843,-0.0037112690444131846,0.009001806988212187,0.0736633674222509,43.971535374312076,46.537577318166356,51.850277129215975,0.0,0.9798857276006465,0.9993070730535298,0.9809324828869027,0.0064504719876096635,-1.0023105297173724,-1.0580643889111536,0.006951628215565801,0.023392476727031163,0.007044676161191338,0.019074687703025464,0.006405227749071686,0.013515135284843022,0.006187078171498245,0.010281165334493428,4.806618423696321,9.767833100239152,0.0,0.0,-0.023686649196287712,-0.10353758469574892,-0.00041320874972677023,-0.0005562475099909134
2024-10-15,25057.349609375,25212.05078125,25008.150390625,25186.30078125,257200,-0.003970624809092369,-0.00777147284638927,0.0003679094994281478,0.07328343339775062,-0.003815999941335462,0.008203132769390059,0.07288870745045041,40.57698694601365,44.82038958499787,50.88455734455148,0.0,0.9488642344785722,0.9886663721491971,0.975602880146432,0.0064918735262068875,0.3329985652988266,-0.6250119994545387,-0.001925776932376068,0.009893259014055505,-0.0020229449058851755,0.007044272164579563,-0.002833622409293182,0.0019402206595914068,-0.0038173015545278077,-0.002074576051647542,-1.7171877331684868,2.210060868415134,0.0,0.0,-0.010640700904332778,-0.10851679911930523,4.140153859722405e-05,-0.0004264323059926132
2024-10-16,24971.30078125,25093.400390625,24908.44921875,25008.55078125,226800,-0.006055372221869274,-0.01017293874408978,-0.0029474925504171727,0.06885749794315783,-0.004142651820982158,0.007299705652121526,0.07201726083338285,36.563285675470844,42.74988451668984,49.71420277394264,0.0,0.9098381346112618,0.9741147771206863,0.9676166339288667,0.006555816523599687,-0.22019046193539715,-0.9555676839711725,-0.0020847474127769043,0.006328233565105346,-0.0024014658977005105,0.004434417360001988,-0.0033154020498453204,-0.00023995239788362653,-0.004425935454592786,-0.004368706226246133,-2.07050506830803,0.7393262909419462,0.0,0.0,-0.014551595028510778,-0.1278444603050325,6.394299739279942e-05,-0.0004817718260865444
2024-10-17,24749.849609375,25029.5,24728.900390625,25027.400390625,252800,-0.01219926325216515,-0.0172578685766192,-0.011332483756697096,0.058753081362647265,-0.005121078711794289,0.006029440104842066,0.07088891256956892,28.190828980508428,37.89776019205523,46.839013222324674,0.0,0.9772934359827897,0.9993822087727052,0.9876209719686542,0.00662359439027067,0.939704032759286,-0.7137288396098396,-0.006143891030295876,-0.0025804036616859163,-0.007084929832529419,-0.004553998366611913,-0.008384991206279923,-0.009363821164091034,-0.010104416580510568,-0.01439248066604417,-4.852124324634609,-4.573955614960347,0.0,0.0,0.025267431652018946,-0.0673788360312787,6.777786667098301e-05,-0.00032401307067407657
2024-10-18,24854.05078125,24886.19921875,24567.650390625,24664.94921875,290900,-0.0065881815339397815,-0.011941837615231899,-0.0068907817593533965,0.06254231794188893,-0.005389160851296057,0.005112103768959633,0.06991486779696525,36.20954452007761,41.275275058454966,48.29810088603601,0.0,1.0348924302410678,1.015655521236093,0.9976802228363242,0.006733442786233565,1.373294022328103,-0.2904045572657698,0.0056110817182253685,0.0024082945583423204,0.005316030961387301,0.0008513664864635336,0.0044417019973437,-0.0036870859190030404,0.003789236579241663,-0.008371338838891254,3.3775148663997356,-0.45568383601506923,0.0,0.0,0.0162733124633877,-0.007338201013724621,0.00010984839596289535,-0.0001302379511028684
2024-10-21,24781.099609375,24978.30078125,24679.599609375,24956.150390625,242000,-0.007789481860073935,-0.013510928545016058,-0.009424823884068956,0.05879751747522171,-0.0057663636701493414,0.004142067843610736,0.06887144257621323,33.18300042360241,39.64945822556655,47.35446761087111,0.0,1.0714229419799268,1.0319821025612157,1.010366817400053,0.0067808113339306265,-0.5026408343437538,-0.7722504549010422,-0.0012013003261341533,-0.005744633983357634,-0.0015690909297841598,-0.007762400604511964,-0.0025340421247155593,-0.012626355792790285,-0.0037448004666672183,-0.018303217477056717,-1.6258168328884182,-6.888119092599808,0.0,0.0,0.01632658132512277,0.03267502950768586,4.7368547697061204e-05,0.00033033934632096303
2024-10-22,24472.099609375,24882.0,24445.80078125,24798.650390625,279500,-0.016556492021834547,-0.02352031679107871,-0.020940387280472334,0.0451210262426157,-0.007081062321069053,0.002642071878165629,0.06747435259798908,23.483335635245297,33.6104354343133,43.61166968159128,0.0,1.2244480764821726,1.0976855699247323,1.0592819800904096,0.00675915088782342,0.7974566225099584,-0.35774219668194923,-0.008767010161760612,-0.012585867212742179,-0.01000938824606265,-0.01574884394468944,-0.011515563396403378,-0.021308296779900482,-0.01367649123260601,-0.02816240715513492,-6.039022791253245,-11.209954150684567,0.0,0.0,0.06570346736351662,0.10901919777553526,-2.1660446107206466e-05,0.0002672773616165325
2024-10-23,24435.5,24604.25,24378.099609375,24378.150390625,284600,-0.01479810899111765,-0.02276142274325039,-0.021544950884795643,0.04310588470646236,-0.008082925768623952,0.001244805400406479,0.06607440541057083,22.571601514690627,32.96989054462341,43.192341158073425,0.0,1.1661255160665212,1.0869132349980593,1.0544224234379327,0.006878734834372974,0.6863239815356817,-0.23254143367707036,0.0017583830307168966,-0.008742736769248378,0.0007588940478283172,-0.012588483999160611,-0.0006045636043233091,-0.01859745833437847,-0.002015141536153342,-0.025751613236695475,-0.6405448896898918,-9.779993972066428,0.0,0.0,-0.010772334926673066,0.11279845787737297,0.00011958394654955438,0.0003229183107732875
2024-10-24,24399.400390625,24480.650390625,24341.19921875,24412.69921875,216700,-0.013337807589842729,-0.022053199245630633,-0.02210881055622553,0.0411342667315201,-0.008833207274820662,-5.6865374018297804e-05,0.06467291859303728,21.60630281071289,32.315706684603285,42.77168392661288,0.0,1.0485877138851858,1.0515937746593667,1.0329135557836375,0.006895543402447439,-1.4377723943972158,-1.0693917378680302,0.001460301401274922,-0.0011385443376775786,0.0007082234976197588,-0.0047953306690114335,-0.0005638596714298873,-0.010776326799528434,-0.0019716179749422608,-0.017618814631127168,-0.654183860020126,-5.5820535074519455,0.0,0.0,-0.0353194603386926,0.052211565886661426,1.6808568074464306e-05,0.00027194901217676877
2024-10-25,24180.80078125,24440.25,24073.900390625,24418.05078125,372600,-0.018218716211906266,-0.0280921872232825,-0.02969531573377704,0.031480069577160874,-0.010056691010935296,-0.0016494656071489322,0.06304760381240539,16.59305325242265,28.6133172933186,40.30656140086358,0.0,1.1494624028196887,1.0935249017157203,1.064765220651407,0.007113640404665519,1.5783641408931695,0.9580034017559983,-0.004880908622063538,-0.011630534677966485,-0.006038987977651868,-0.016150349608050604,-0.0075865051775515085,-0.02280453397442364,-0.009654197154359223,-0.031062248364728054,-3.702389391284683,-12.661957765136364,0.0,0.0,0.0419311270563536,0.07786938047962733,0.00021809700221808032,0.00038019761843195374
2024-10-28,24339.150390625,24492.599609375,24134.900390625,24251.099609375,278600,-0.009666638586935943,-0.019791441086317446,-0.02244641445476969,0.03783994489699734,-0.010223630641842518,-0.002708580071362181,0.061670644190970174,30.26694039089618,34.4701139536828,42.78377384374023,0.0,1.2075163264867426,1.1137843971966421,1.0774477815607653,0.00738164986971392,-0.14009089284460516,-0.15624832089558874,0.008552077624970324,-0.0018771567268620077,0.008300746136965055,-0.006280512541301388,0.0072489012790073505,-0.013021590570700733,0.006359875319836464,-0.020957572578224372,5.856796660364196,-5.17934427188375,0.0,0.0,0.020259495480921874,0.08180229463542643,0.0002680094650484013,0.0006008385357832938
2024-10-29,24466.849609375,24484.5,24140.849609375,24328.849609375,332000,-0.003660818951905226,-0.013334686049313435,-0.016649712815972693,0.042835989775824625,-0.009709411495021029,-0.0033598290319800795,0.060492891868820876,39.58550370025048,38.82870897917901,44.702904263191265,0.0,1.2418821986977042,1.1291558126808892,1.0876686109958817,0.00763126374436252,0.5958420034606209,0.7141769055742336,0.006005819635030716,0.012895673069929321,0.006456755037004011,0.010185630741765274,0.005796701638796996,0.004290674464499641,0.004996044878827287,-0.0022850364667910752,4.358595025496214,5.21827354486571,0.0,0.0,0.01537141548424703,0.03147024275615684,0.0002496138746485993,0.0008721128565390996
2024-10-30,24340.849609375,24498.19921875,24307.30078125,24371.44921875,285200,-0.007204800988057183,-0.016769748090856802,-0.02088005339905565,0.03707895222608116,-0.009634360754684266,-0.004180409726224194,0.059195000394327485,34.30793482092784,36.26558958565254,43.21955921800428,0.0,1.1555029997656496,1.1099487977953186,1.078583336241896,0.007568505050002955,-0.2007557488163823,-0.07322875005877925,-0.003543982036151957,0.007593308003060468,-0.003435062041543367,0.0059916746523935895,-0.004230340583082956,0.0006648974857399945,-0.005757037549743466,-0.006026932480381199,-2.5631193935264704,3.295699041029131,0.0,0.0,-0.019207014885570528,0.02303556279725938,-6.275869435956507e-05,0.0006897702156299802
2024-10-31,24205.349609375,24372.44921875,24172.599609375,24349.849609375,287000,-0.010440823472305679,-0.020262034112348275,-0.0253241692883102,0.03098461655406539,-0.009924834080670802,-0.005166825571953399,0.05777180891133823,29.391647998857138,33.690034874467074,41.67726005441083,0.0,1.0947056087807554,1.0954107985695591,1.072288850165569,0.0075653249230036,-0.5961177688258,0.07890256855670563,-0.003236022484248496,0.0028969841175370496,-0.0034922860214914725,0.0017911651332823582,-0.00444411588925455,-0.0032153587320846687,-0.006094335672015769,-0.010149650177454707,-2.575554711185468,1.374328189863789,0.0,0.0,-0.01453799922575949,0.04381702391019249,-3.1801269993548056e-06,0.000669781520556161
2024-11-01,24304.349609375,24368.25,24280.19921875,24302.75,38800,-0.005237151040938796,-0.01479905152953757,-0.020518135219874167,0.034838883831211365,-0.009612241247855736,-0.00580499206706566,0.05651663501040122,37.07748859618052,37.1993376846059,43.212689127764015,0.0,1.0062475972190565,1.0608990405676422,1.0489844267096156,0.0072499192493267,-1.7591834073428438,-3.168272072932683,0.005203672431366883,0.01298156517096747,0.005462982582810704,0.01329313569374493,0.004806034068436032,0.009177180513902872,0.0038542672771459743,0.0033588142540504906,3.509302810138827,8.586020391287299,0.0,0.0,-0.03451175800191697,-0.032625861148078084,-0.00031540567367689936,0.00013627884466118137
2024-11-04,23995.349609375,24316.75,23816.150390625,24315.75,285500,-0.014680378596345819,-0.024902471447733953,-0.03171907596335229,0.021461803198355712,-0.01037439286637373,-0.006990689973072743,0.05492298551127421,26.552688201958674,31.58135087012677,39.81952067108556,0.0,1.2326116262573092,1.1468232761105621,1.111242396238014,0.007098922052657673,0.33909115453595606,0.35497648672312404,-0.009443227555407023,-0.0050137400094098766,-0.010103419918196382,-0.005111030361416507,-0.011200940743478126,-0.009272661508582605,-0.013377080632855653,-0.016378141698641626,-5.617986814479131,-2.8887630835560287,0.0,0.0,0.08592423554291995,0.03303887891391999,-0.00015099719666902735,-0.0002827278170562473
2024-11-05,24213.30078125,24229.05078125,23842.75,23916.5,289500,-0.0046936143381471375,-0.014608220921557344,-0.022044956236969757,0.03042462623290404,-0.009961361371973164,-0.007546983314968785,0.05365234609147103,40.460433927448086,38.62245015274729,43.08833615608912,0.0,1.2962946866378933,1.1692794461596037,1.1247715603005508,0.006963278436411704,0.4715024030547752,0.4589038205561135,0.009986764258198682,-0.0010327953862419117,0.010294250526176609,-0.0012735348722439088,0.009674119726382536,-0.0053952434209970646,0.008962823034548328,-0.012411363542920585,7.041099282620522,-0.20625882643172133,0.0,0.0,0.022456170049041546,0.040123633478714504,-0.0001356436162459687,-0.0006679853079508153
2024-11-06,24484.05078125,24537.599609375,24204.05078125,24308.75,351100,0.005259478152519208,-0.0032644265733256074,-0.010678571494178335,0.04151199483818536,-0.008479307990719146,-0.007438427120007025,0.052753902653445435,53.28153788224759,46.05008699728606,46.81024937116123,0.0,1.2980301080651935,1.1710608219799328,1.124237258761646,0.007056895263821442,0.8292069475653734,1.2964541291740868,0.009953092490666345,0.01246427914057639,0.011343794348231736,0.013505321517531196,0.011366384742791422,0.010201481904877314,0.011087368605281318,0.004433042612104199,7.4276368445387675,9.784497411633517,0.0,0.0,0.001781375820329112,0.061112024184614144,9.361682740973744e-05,-0.0005116097861815128
2024-11-07,24199.349609375,24503.349609375,24179.05078125,24489.599609375,322200,-0.005266824760457287,-0.013522345638932754,-0.02133108330790174,0.029100203410565482,-0.00829923147630765,-0.007915777548987294,0.051530487847642095,42.14736898848921,40.49997954974209,43.69420349254651,0.0,1.3186637303386544,1.1959292696040413,1.147113720973194,0.00696538873759826,0.5178891639917879,0.8139665887433473,-0.010526302912976494,0.005173998711848392,-0.010257919065607145,0.006739688473415521,-0.010652511813723405,0.00399308598040846,-0.012411791427619875,-0.0018844131434999079,-5.550107447543965,6.80994467527502,0.0,0.0,0.02486844762410856,0.10051847103448219,-9.15065262231821e-05,-0.0005999361854053401
2024-11-08,24148.19921875,24276.150390625,24066.650390625,24207.69921875,298700,-0.0060376000750885644,-0.014208771768331208,-0.02250271871747566,0.026649934639489267,-0.008220805629931204,-0.008413492341600862,0.05028418421018444,40.378726084374335,39.5770703770787,43.15891564934792,0.0,1.2306774278662964,1.1748265454618039,1.1361157119671461,0.007030292944294511,-0.39172595434164764,0.418613697498927,-0.0007707753146312772,-0.000800449034149768,-0.0006864261293984542,0.0005902797612063627,-0.0011716354095739206,-0.001984583497601493,-0.0024502687710762153,-0.008188949191722097,-0.9229091726633953,2.3777326924727973,0.0,0.0,-0.02110272414223746,0.1139275048941617,6.490420669625144e-05,-0.0002196263050321893
2024-11-11,24141.30078125,24336.80078125,24004.599609375,24087.25,273400,-0.005178125753236008,-0.013190451903744536,-0.021908123931168786,0.026087553813911476,-0.008054030935513068,-0.008834199105837909,0.04907072527581516,40.11386826477773,39.44651365227022,43.08509350781325,0.0,1.2600372562705082,1.1895128006834204,1.1478512900501816,0.00730706038264074,-1.1071076368152881,0.0021595741219286187,0.0008594743218525566,0.00950225284310981,0.0010183198645866715,0.011712019543989417,0.0005945947863068742,0.009810952032183507,-0.0005623808255777914,0.004625750615555764,-0.13055672480847846,7.86516278214345,0.0,0.0,0.014686255221616484,0.04268952457285824,0.0002767674383462289,0.00020813832998306699
2024-11-12,23883.44921875,24242.0,23839.150390625,24225.80078125,255800,-0.01296760158117672,-0.021619819346408064,-0.031125722962078974,0.014975202304872617,-0.00876589033864721,-0.009715960935881424,0.04758194779191897,31.191785541028665,34.82249849811599,40.406072874620456,0.0,1.3562589980276387,1.236953372746368,1.1853146072539633,0.007477100216023412,-1.1704211848725397,-0.2588547597442713,-0.007789475827940712,-0.008273987243029583,-0.008429367442663527,-0.00701159842485072,-0.009217599030910188,-0.009080766725109216,-0.01111235150903886,-0.015449423928031423,-4.624015154154229,-3.7999516546313004,0.0,0.0,0.047440572062947606,0.0676739265867643,0.0001700398333826722,0.0005138217796117079
2024-11-13,23559.05078125,23873.599609375,23509.599609375,23822.44921875,304600,-0.02168272705844601,-0.03183624127085162,-0.04262285377985864,0.001177391213474784,-0.010378549467778017,-0.011141309940341054,0.04575025126332178,23.515092583823588,30.04997184746506,37.37411482785061,0.0,1.417319688430208,1.2777625849978613,1.2199799986559723,0.007626819724018855,0.5194186695755904,0.41338886325294416,-0.00871512547726929,-0.026942205210965218,-0.010216421924443556,-0.028571814697526014,-0.011497130817779665,-0.0319442822856803,-0.013797811091397832,-0.04033460362471057,-4.772526650650931,-16.000115149821,0.0,0.0,0.040809212251493365,0.10670176301792855,0.000149719507995443,0.0005699244601974135
2024-11-14,23532.69921875,23675.900390625,23484.150390625,23542.150390625,257700,-0.018713229332875624,-0.03001634102253199,-0.04205228801039981,5.696923742537935e-05,-0.011518663073356203,-0.012408401808083875,0.04395778258122959,22.979121013295497,29.693956432992778,37.13935016305424,0.0,1.2980901564430385,1.2460241365385356,1.2019879015947235,0.007647073297428105,-0.8958240412349198,-0.2950432088759304,0.0029694977255703865,-0.013446404572418337,0.0018199002483196315,-0.016493995383599233,0.0005705657694588251,-0.020721204702498074,-0.0011204219760494046,-0.029043234173140104,-0.3560154144722816,-10.806023116749316,0.0,0.0,-0.03173844845932572,0.050094866934494275,2.025357340924936e-05,0.0006816845598298449
2024-11-18,23453.80078125,23606.80078125,23350.400390625,23605.30078125,263300,-0.018074932014592766,-0.030335765675593134,-0.0435662872101414,-0.003263248554532211,-0.012486526783714397,-0.013644435946187446,0.04213887289485822,21.284518986021652,28.601363990806945,36.42885097474497,0.0,1.2606084726553888,1.23900139066394,1.2006591569084504,0.007704963778626654,-0.38276897295282913,-0.19010815887617716,0.0006382973182828579,-0.012037331939504202,-0.00031942465306114554,-0.016126993907261924,-0.0015139991997415864,-0.02106356849266574,-0.00332021779195759,-0.02991318319402148,-1.0925924421858326,-10.975706386271753,0.0,0.0,-0.007022745874595504,0.06417484520213623,5.7890481198549434e-05,0.0006746708343321429
2024-11-19,23518.5,23780.650390625,23464.80078125,23529.55078125,297500,-0.012607578860698174,-0.025209636354848425,-0.039386087046100735,-0.0005085605488390611,-0.012762967614851023,-0.014543076357710997,0.040471542180471665,26.472088879677514,30.848388190509212,37.44651793915167,0.0,1.2836635062675028,1.246604509318527,1.206518018507796,0.007793614870759942,0.9294901850646474,0.28395552942319663,0.005467353153894593,-0.007429453107462166,0.005126129320744709,-0.012019184451103889,0.004180200164040665,-0.01747796311493195,0.00275468800569315,-0.02659611436275054,2.247024199702267,-8.598125461761008,0.0,0.0,0.007603118654586849,0.0570917086351066,8.865109213328833e-05,0.00048655448811920233
2024-11-21,23349.900390625,23507.30078125,23263.150390625,23488.44921875,420300,-0.01616458924793266,-0.02935658432614784,-0.04453875457932097,-0.007597947403909194,-0.013408741883086826,-0.015641346768558852,0.03866280014229897,22.053482595771854,28.344955998670798,35.89371679628873,0.0,1.2530616334864224,1.2440323700239126,1.2094368740680854,0.0077561165317115415,1.6992786546320429,1.8344425182635464,-0.003557010387234487,-0.0031969876667559405,-0.004146947971299414,-0.0077367649797397756,-0.0051526675332202385,-0.013413031617242,-0.007089386855070133,-0.02257314970878181,-2.5034321918384137,-6.4775424994451924,0.0,0.0,-0.0025721392946143062,0.007078997277544685,-3.749833904840086e-05,0.00027901631568812927
2024-11-22,23907.25,23956.099609375,23359.0,23411.80078125,367600,0.005980342940676936,-0.005628480880260517,-0.020897965747295695,0.01592750669116748,-0.011539811788968554,-0.015355915342941827,0.037611475770827164,52.57997044649624,44.40638237375874,43.872642195738685,0.0,1.4862050564233633,1.3093587476334272,1.245735942105176,0.007939997336420992,0.6563763432393642,1.02786333653163,0.022144932188609596,0.027663069999122946,0.02372810344588732,0.026207760390591105,0.023640788832025278,0.021724888032562943,0.023525454095076673,0.014750115477692694,16.06142637508794,14.35641052629368,0.0,0.0,0.06532637760951454,0.03159616263556586,0.00018388080470945097,0.00031317761240213723
2024-11-25,24221.900390625,24351.55078125,24135.44921875,24253.55078125,687200,0.015670975240602562,0.0067760752624577755,-0.007699948527285696,0.028998448707094046,-0.008757658922012291,-0.014378593358974782,0.03698316570669739,62.30358149866499,51.07388686618139,47.684764558221524,0.0,1.5403777445795708,1.331060028903701,1.258350579317285,0.007935704915263124,1.666895952529005,3.25861019692644,0.009690632299925627,0.03438420457347818,0.012404556142718293,0.03679241628498976,0.01319801722001,0.034352339483114114,0.013070942015926568,0.028941479469668668,6.667504492422651,21.379930433188612,0.0,0.0,0.02170128127027371,0.08503589236516529,-4.292421157868487e-06,0.0002886316178350194
2024-11-26,24194.5,24343.30078125,24125.400390625,24343.30078125,230700,0.011850366705847108,0.005122089790847685,-0.008479416777677478,0.027549831554148665,-0.006649478160396206,-0.01353219345856328,0.036337368019870475,61.032130700281094,50.50582839263795,47.394068613608816,0.0,1.4138216886901391,1.3017140368534832,1.242672994032825,0.007964749570622822,-0.9687820429940754,-0.6563426918912709,-0.003820608534755455,0.029925298720439874,-0.0016539854716100906,0.03545785546644082,-0.0007794682503917821,0.03508687043246392,-0.0014486171529453813,0.030813080108680876,-0.568058473543438,21.904464401831007,0.0,0.0,-0.029345992050217706,0.06271264618954309,2.9044655359697705e-05,0.00025978579199616766
2024-11-27,24274.900390625,24354.55078125,24145.650390625,24204.80078125,295000,0.0124125298057079,0.0076869922607707905,-0.00498220803440147,0.03064692083880904,-0.004667600810752497,-0.012572555160951909,0.03580752943404889,63.57669862084567,52.186305208321805,48.35216049768172,0.0,1.2994234531356903,1.266199700626812,1.2205573582523883,0.00783408163077053,-0.5981543672026091,-0.10561523206199418,0.0005621630998607925,0.025020108666406075,0.0025649024699231056,0.03289662861561922,0.0034972087432760084,0.034403879011699265,0.003097089284660376,0.031155481387648103,1.6804768156838534,21.337917017812593,0.0,0.0,-0.03551433622667122,0.01959519130828502,-0.00013066793985229246,4.046676001058687e-05
2024-11-28,23914.150390625,24345.75,23873.349609375,24274.150390625,366700,-0.002155273585602991,-0.006630096003901364,-0.019008670459878647,0.01517559033079617,-0.004484487716218098,-0.012461193364305808,0.03484664926314899,47.38080839077233,44.831159200808955,44.57467279516158,0.0,1.450300644516531,1.334593483832667,1.274037884252888,0.007841927678246952,-0.12927320878192894,0.4994749896315761,-0.01456780339131089,0.01400931566232967,-0.014317088264672154,0.022726488322246476,-0.014026462425477178,0.025530084119442326,-0.015471330508012872,0.022773537734705362,-7.35514600751285,16.486203202138157,0.0,0.0,0.06839378320585499,0.09056111380875431,7.846047476422688e-06,8.581114653541042e-05
2024-11-29,24131.099609375,24188.44921875,23927.150390625,23927.150390625,282100,0.005636075942442334,0.002164765543747078,-0.009716531305615573,0.02413676926842718,-0.0034518554790728658,-0.011855632185308556,0.03418546471211503,55.35954307739788,49.44570772896233,47.1496933745036,0.0,1.3771499550422548,1.3093168763493104,1.2565893814325058,0.00766883160287539,-0.49422421480268286,-0.2300543355132251,0.007791349528045326,-0.00034426699823460194,0.008794861547648442,0.007793246424007595,0.009292139154263074,0.011181434441680122,0.00896117893763101,0.0082092625772597,4.614548528153378,5.039325355203594,0.0,0.0,-0.025276607483356583,-4.187128411681229e-05,-0.0001730960753715616,-0.00027116573354560216
2024-12-02,24276.05078125,24301.69921875,24008.650390625,24140.849609375,220400,0.009533465252109161,0.007435003328267627,-0.0036208440832583622,0.029978160867436893,-0.002078645231753153,-0.010974253798012512,0.0337211038099063,60.07812221173093,52.315565158801675,48.7979237665039,0.0,1.3365720416641036,1.2947599329248831,1.247089470174558,0.007766185529999233,-1.000099005952214,-0.7241758830390113,0.003897389309666827,-0.006137509988493401,0.00527023778452055,0.000658928065809852,0.0060956872223572114,0.004079104444027334,0.005841391599009715,0.0009797121603428473,2.8698574298393424,1.2416782926202856,0.0,0.0,-0.01455694342442726,-0.03630009597881778,9.735392712384265e-05,-0.00016951938526389102
2024-12-03,24457.150390625,24481.349609375,24280.0,24367.5,339500,0.013918757221974592,0.013572897770295026,0.003662111756924059,0.03727309717039597,-0.00034111160210427785,-0.00977806927866084,0.03348834734294735,65.40782566158688,55.69927842085148,50.78651084623493,0.0,1.229224528913777,1.2533332449788823,1.2188820796649933,0.007792755953568676,0.6882047380461782,0.19194117818861264,0.0043852919698654305,0.0020683905161274843,0.006137894442027399,0.00845080797944734,0.007282955840182421,0.012141528534601537,0.00729493630295908,0.009723265616247308,3.3837132620498025,5.193450028213526,0.0,0.0,-0.041426687946000795,-0.04838079187460087,2.6570423569442607e-05,-0.00017199361705414612
2024-12-04,24467.44921875,24573.19921875,24366.30078125,24488.75,348000,0.011706868166896246,0.012710832084135348,0.003923935813423104,0.037320663222702055,0.0009923466458799234,-0.008676609346252391,0.03326619300317754,65.71153435420399,55.890968403048255,50.898974494632,0.0,1.1520870783044235,1.223720064063771,1.200618450545397,0.007880571588463314,0.6125603578940936,0.24650169473042777,-0.0022118890550783463,-0.0007056616388116544,-0.0008620656861596781,0.0050238398233645575,0.00026182405649904494,0.008906143847824573,4.756605230608196e-05,0.0066737423838930145,0.19168998219677746,3.70466319472645,0.0,0.0,-0.029613180915111226,-0.04247963656304088,8.781563489463837e-05,4.64899576927847e-05
2024-12-05,24708.400390625,24857.75,24295.55078125,24539.150390625,361500,0.017660402469010357,0.02057922739188042,0.013261636859981146,0.0470407709229752,0.0028681718535854537,-0.007170036715914339,0.033337030470898865,72.34008063718366,60.22709403050948,53.47837278648765,0.0,1.36774900470756,1.2877544411252522,1.2406448454663024,0.008162628810097267,0.8725527148568819,0.3463554361418766,0.005953534302114111,0.01981567605461335,0.007868395307745071,0.027209323395781783,0.009337701046558042,0.03227030731985979,0.009720107700273144,0.03186518059217903,4.336125627461222,15.395934829700522,0.0,0.0,0.06403437706148107,-0.04683904270741479,0.000282057221633953,0.000320701131850315
2024-12-06,24677.80078125,24751.05078125,24620.5,24729.44921875,226700,0.013378373076196272,0.017528595496705688,0.011530500408450023,0.045268315276122975,0.004095432200621238,-0.00589476808298218,0.03335323537357482,70.32580642987938,59.42811058882326,53.11092736807088,0.0,1.2013601990530731,1.2350419202290444,1.2082231031428659,0.007991359309992433,-1.0426034633808394,-0.9291852248586406,-0.004282029392814085,0.007742297133753938,-0.003050631895174731,0.01536382995295861,-0.0017311364515311227,0.021247031714065598,-0.0017724556468522237,0.021131546007695796,-0.798983441686218,9.982402859860926,0.0,0.0,-0.052712520896207815,-0.07427495612026602,-0.00017126950010483422,0.0003225277071170424
2024-12-09,24619.0,24705.0,24580.05078125,24633.900390625,248100,0.008952499785191352,0.013712162283631703,0.008759495104847945,0.04233404440457144,0.004717429709975143,-0.004885674023705781,0.033283006963155115,66.19371106076713,57.84019463156993,52.39353975401413,0.0,1.0648899834275831,1.1858160129103612,1.1776051842426507,0.0078074911811714465,-0.9072944945243814,-0.6730630307059645,-0.00442587329100492,-0.0005809654669178092,-0.003816433213073985,0.006277158955364076,-0.0027710053036020775,0.012380339188106307,-0.002934270871551535,0.012355883537134547,-1.5879159572533297,5.524629472768254,0.0,0.0,-0.04922590731868315,-0.10894392001452191,-0.00018386812882098622,4.1305651172213534e-05
2024-12-10,24610.05078125,24677.80078125,24510.650390625,24652.650390625,261000,0.0070137450307403496,0.012115911002017893,0.008061019708861488,0.04152034958646349,0.005066629920847598,-0.004006350704576881,0.033191770362537586,65.5102501350987,57.587989327079995,52.282079728210086,0.0,0.9880609036625423,1.15002925334504,1.154279229792983,0.007771110508375099,-0.4570715814194,-0.5255447079862504,-0.0019387547544510025,-0.006905012191234242,-0.0015962512816138103,-0.0014569867682771333,-0.0006984753959864577,0.004398907951937429,-0.0008136948181079531,0.004247252416067514,-0.2522053044899337,1.8887109062285177,0.0,0.0,-0.03578675956532118,-0.1033039916338423,-3.63806727963472e-05,-2.1645445193576272e-05
2024-12-11,24641.80078125,24691.75,24583.849609375,24620.5,187300,0.006791212980705445,0.012186644379884067,0.008991122583966223,0.042419439182696896,0.005359037037286918,-0.003157047974956812,0.03313043678037795,66.92382132503721,58.28298324482638,52.65266640174391,0.0,0.8770053461444343,1.0977851956465157,1.1187483403674208,0.007691283061358205,-1.0745283322025097,-1.156600251496268,-0.00022253205003490428,-0.0049156551861908,7.073337786617402e-05,-0.0005241877042512812,0.0009301028751047356,0.005067186770543119,0.0008990895962334086,0.00509877595999484,0.6949939177463875,2.3920148417781277,0.0,0.0,-0.05224405769852436,-0.12593486841725543,-7.982744701689418e-05,-0.00018928852710510882
2024-12-12,24548.69921875,24675.25,24527.94921875,24604.44921875,266100,0.002442875190630733,0.007596410944063082,0.004974849291119621,0.03808349657908489,0.005140976988292046,-0.0026017973312223285,0.03294475211127836,58.69415004899389,55.4153717267009,51.437882904716574,0.0,0.8242721239001851,1.0660976024272844,1.0980885433255918,0.007450468818508993,0.8806909824210924,-0.42594486443154184,-0.004348337790074712,-0.015217527278379623,-0.004590233435820985,-0.012982816447817336,-0.004016273292846602,-0.008286787568861524,-0.004335942603612003,-0.008957274343890306,-2.8676115181254858,-4.81172230380858,0.0,0.0,-0.031687593219231314,-0.22165683869796782,-0.00024081424284921188,-0.0007121599915882737
2024-12-13,24768.30078125,24792.30078125,24180.80078125,24498.349609375,310100,0.009316352581672245,0.015077154352730777,0.013409912873757845,0.04687628691497514,0.005707627500855711,-0.0016424775908153082,0.033023531362857565,69.13782834408296,60.36852653391502,54.032097649659555,0.0,1.1473474505256926,1.1575193443614424,1.1540921034793936,0.008074075009967974,1.2566295064655035,-0.01630322309216644,0.006873477391041512,-0.004062020494524027,0.007480743408667696,-0.0024514411439749105,0.008435063582638224,0.0018794124653078222,0.008792790335890248,0.0016079716388521653,4.953154807214126,0.9404159450917646,0.0,0.0,0.09142174193415809,-0.07752257586760192,0.0006236061914589811,8.271569997554164e-05
2024-12-16,24668.25,24781.25,24601.75,24753.400390625,187600,0.004282579988175943,0.009968944583345449,0.00894766193140955,0.0422051999290992,0.0056621161299406945,-0.0010112020348875396,0.032962599798313987,60.94702861273119,57.248007273484134,52.70190677082957,0.0,1.067131936970663,1.1311742093476824,1.1382435528315265,0.007929937982348331,-1.0210678436223821,-1.100508550181857,-0.005033772593496302,-0.004669919797015409,-0.005108209769385329,-0.0037432177002862544,-0.004462250942348296,0.0001881668265616039,-0.004671086985875941,-0.00012884447547224093,-3.120519260430889,-0.5921873580857948,0.0,0.0,-0.026345135013760013,-0.05464180356267878,-0.00014413702761964346,0.0001224468011768844
2024-12-17,24336.0,24624.099609375,24303.44921875,24584.80078125,264900,-0.007575867166459968,-0.0033047776927839874,-0.004460370834592199,0.027879926484193504,0.004303693685361411,-0.0011594247829674234,0.03248519332766049,41.773479218854874,48.31621896637755,48.58297135031113,0.0,1.1651642648069218,1.171789073775572,1.1702232408341278,0.00796867232351575,0.4014548611459813,-0.3967654046115156,-0.011858447154635911,-0.014589612197200317,-0.013273722276129437,-0.015420688694801881,-0.013408032766001748,-0.012521390543453687,-0.014325273444905695,-0.013640423102269983,-8.931788307106586,-9.271770360702448,0.0,0.0,0.04061486442788964,0.02175982043053204,3.8734341167419306e-05,0.0001975618151406509
2024-12-18,24198.849609375,24394.44921875,24149.849609375,24297.94921875,235300,-0.010800391174393754,-0.008117359052730606,-0.009679817706634859,0.02186252682375584,0.002712326306768851,-0.0015752454871193955,0.03185065304571045,36.277268136508994,45.18246625478438,47.01015973510331,0.0,1.139572445439287,1.1664560594785842,1.1689477693702117,0.007970791570892722,-0.3873644293743991,-0.6313838548654656,-0.003224524007933786,-0.0175916041550992,-0.004812581359946618,-0.020304003432614674,-0.005219446872042659,-0.018670940290601082,-0.0060173996604376626,-0.020556912358941054,-3.133752711593168,-13.100516990042003,0.0,0.0,-0.005333014296987848,0.06867086383206855,2.119247376971417e-06,0.0002795085095345165
2024-12-19,23951.69921875,24004.900390625,23870.30078125,23877.150390625,271100,-0.01716802681118823,-0.016616442543077932,-0.0190327946688074,0.011310949697028276,0.0005612192960315244,-0.0024571817450133823,0.03093247582684588,28.416792111866243,40.131173110993316,44.32832229698463,0.0,1.195407894944861,1.192293919261557,1.1900909464851825,0.007736601727268617,0.37939873728390006,-0.24831700713120872,-0.0063676356367944765,-0.019610902001818965,-0.008499083490347326,-0.024212853487141014,-0.009352976962172542,-0.024007643959927022,-0.010551577126727565,-0.026772546882056616,-5.051293143791064,-15.28419861570758,0.0,0.0,0.025837859782972705,0.12619631683427257,-0.0002341898436241047,0.0002861329087596237
2024-12-20,23587.5,24065.80078125,23537.349609375,23960.69921875,442700,-0.02642820646344058,-0.028782011057827777,-0.032661110378034146,-0.004026308031193163,-0.002417700071031083,-0.003994056292585139,0.02960162426430659,20.70424061532694,34.08408056579313,40.77370481389597,0.0,1.4191696327398295,1.2842521509151832,1.2576054206493794,0.008068965792120379,1.6812314815257279,1.2653912763117992,-0.00926017965225235,-0.035744559045112825,-0.012165568514749845,-0.04385916541055855,-0.013628315709226745,-0.04607102325179199,-0.015337257728221438,-0.050902594946168306,-6.0470925452001865,-26.284445968121894,0.0,0.0,0.09195823165362627,0.12673280655374075,0.0003323640648517619,-5.109217847595535e-06
2024-12-23,23753.44921875,23869.55078125,23647.19921875,23738.19921875,189800,-0.01607613768576583,-0.019993560980933755,-0.024866698873122296,0.0029510903516635515,-0.003981429300793625,-0.004972557014080732,0.02852716566303214,30.702483630219405,38.62240474205816,42.93594856090487,0.0,1.3648858444191325,1.269003512966328,1.2458951191086356,0.007751412603389586,-0.9469125744584579,-1.279635554674854,0.01035206877767475,-0.020358717673941772,0.008788450076894022,-0.029962505564279204,0.0077944115049118495,-0.033814360804531846,0.006977398382856714,-0.03925410957743565,4.538324176265029,-18.625602531425976,0.0,0.0,-0.015248637948855226,0.13782930361864554,-0.0003175531887307931,-0.00017852537895874515
2024-12-24,23727.650390625,23867.650390625,23685.150390625,23769.099609375,177700,-0.014071416046316471,-0.01918031302510263,-0.02493445242956475,0.0018432171506974496,-0.0051818124171822974,-0.005866663853586976,0.027462430240699155,30.016049582736272,38.18227927328702,42.684712786250444,0.0,1.2469248656634955,1.2345805414959856,1.224482866890623,0.007718204284721198,-0.8005120391626012,-1.361359671136358,0.002004721639449359,-0.006495548879856503,0.0008132479558311256,-0.01587553533231864,-6.775355644245487e-05,-0.020474081594972552,-0.001107873200966102,-0.026036709333496055,-0.4401254687711358,-10.133939693090525,0.0,0.0,-0.034422971470342345,0.06279146772041355,-3.320831866838753e-05,-0.000250468038794552
2024-12-26,23750.19921875,23854.5,23653.599609375,23775.80078125,177700,-0.010772109056358637,-0.0166168587453844,-0.023088083018306803,0.0027673966435958915,-0.005908395570458852,-0.006580572720279009,0.02646654136617233,31.575978083526422,38.838311743422295,42.98709196035005,0.0,1.16577066904408,1.2057284730536506,1.2053474162935354,0.007747196777515643,-0.6521555855605207,-1.2270072076784913,0.0032993069899578346,2.8282118035117404e-05,0.002563454279718231,-0.008499499692653793,0.0018463694112579483,-0.013408265311671944,0.0009241794928984419,-0.01909513018015995,0.6560324701352727,-6.344154511362085,0.0,0.0,-0.02885206844233501,0.03927241357506639,2.8992492794444394e-05,-0.00022359479337707901
2024-12-27,23813.400390625,23938.849609375,23800.599609375,23801.400390625,176800,-0.0066696209963032025,-0.012743489782670432,-0.019700803228689962,0.005381461520557552,-0.006114651192344763,-0.0070471183264093976,0.025586336122540812,36.22443189094914,40.73669566867471,43.84816653687205,0.0,1.0885818864089378,1.1732194639216362,1.1826271776090904,0.007694157024358607,-0.4782640817281328,-1.1277830606491452,0.004102488060055434,0.010498405814885028,0.003873368962713966,0.0038729527604075,0.0033872797896168406,-0.0006680085598825616,0.00261406487696166,-0.0059294881764707244,1.8983839252524177,0.6055225576813967,0.0,0.0,-0.03250900913201438,-0.019074455339920693,-5.303975315703539e-05,-4.24447029100097e-05
2024-12-30,23644.900390625,23915.349609375,23599.30078125,23796.900390625,364900,-0.011235663619085486,-0.017967832508167057,-0.025619415179560075,-0.0017152559311588852,-0.006808668801428179,-0.007791580484512644,0.024532671956724462,29.905153103967564,37.40339094958178,42.090561323201705,0.0,1.1444009139687084,1.1926563421283993,1.197987853315508,0.007591029928537301,1.7850570190567332,1.3372183837529932,-0.004566042622782283,0.015192542844355094,-0.0052243427254966245,0.01081417854966072,-0.0059186119508701125,0.007041695198474071,-0.007096717451716437,0.002311052100034278,-3.3333047190929364,3.319310383788647,0.0,0.0,0.019436878206763097,-0.09159580878678386,-0.00010312709582130635,-0.00047793586358307796
2024-12-31,23644.80078125,23689.849609375,23460.44921875,23560.599609375,193600,-0.009215055669895583,-0.016364891335298837,-0.024643438862580004,-0.0017023814837834553,-0.007216334590386257,-0.00841627901887257,0.023520688015922758,29.90155555417222,37.40144261936684,42.089527042273815,0.0,1.10956334753679,1.1767708258412612,1.1871453238130163,0.007626298115408898,-0.2980271104653811,-0.8784148398547492,0.0020206079491899027,0.006861082015870247,0.0016029411728682198,0.003628669645634918,0.0009759763169800706,0.00022326001054229216,1.2874447375429846e-05,-0.004653471835447007,-0.0019483302149367887,-1.2209621226913185,0.0,0.0,-0.01588551628713808,-0.09223268712506671,3.526818687159695e-05,-0.00012511448798068793
2025-01-01,23742.900390625,23822.80078125,23562.80078125,23637.650390625,154900,-0.004180207445901446,-0.011179666631755911,-0.01980507405907356,0.002415110962572646,-0.007028841200175497,-0.00872292684145835,0.022669149200416645,38.414040353134396,40.67872463539656,43.507302459394005,0.0,1.102995969931626,1.1664198147349591,1.1780890967806388,0.007598285384760071,-0.6846853599096012,-1.2401454210369192,0.005034848223994137,0.009891208600415025,0.005185224703542926,0.008000646393346718,0.004838364803506443,0.00512937837049119,0.004117492446356102,0.0005718938118751964,3.277282016029723,2.49644536210954,0.0,0.0,-0.0103510111063021,-0.06816072676102647,-2.8012730648827033e-05,-0.00011991889996112743
2025-01-02,24188.650390625,24226.69921875,23751.55078125,23783.0,283200,0.011844931904786707,0.006708659211001494,-0.0013479219445016752,0.021018756094777876,-0.005076146089021999,-0.008002892477171538,0.022396867268158396,62.5333102129201,52.776741779587205,49.35041875360075,0.0,1.2661572607063747,1.206009369184309,1.1965566977740887,0.007774179746050575,0.5537107631834609,0.4513688782181052,0.016025139350688153,0.022617040961145342,0.017888325842757406,0.02332551795638589,0.018457152114571884,0.021740161073805126,0.01860364513220523,0.018251359451181986,12.098017144190642,13.93843003616491,0.0,0.0,0.03958955444934986,0.00028089613065840346,0.00017589436129050381,2.698296853493199e-05
2025-01-03,24004.75,24196.44921875,23976.0,24196.400390625,312300,0.0033946283906131254,-0.0008592560177153026,-0.008592836970993514,0.013122566917409777,-0.004239492905350123,-0.0077402317940257395,0.0219036181078792,52.61514564633613,48.39191438339516,47.25908617059157,0.0,1.2043571638955766,1.1940420388888116,1.192039382236082,0.007718864652065111,0.5861290969512478,0.905771681918363,-0.008450303514173581,0.010064249386916328,-0.007567915228716796,0.01188423376495513,-0.007244915026491839,0.011107966257696448,-0.007896189177368099,0.007741105396852225,-4.384827396192044,7.655218714720448,0.0,0.0,-0.011967330295497458,0.020822574967175322,-5.5315093985463734e-05,2.4707627706503643e-05
2025-01-06,23616.05078125,24089.94921875,23551.900390625,24045.80078125,278100,-0.01054067056232924,-0.015513063173006164,-0.023702680495554664,-0.003249961787854855,-0.005025363309781346,-0.008318665302907601,0.02094927262330426,37.8224492059939,40.69574481122941,43.242404793015396,0.0,1.4350075285840875,1.289739444558091,1.2624525820666537,0.007359053128649326,0.5042838990016685,0.39799534096069966,-0.013935298952942366,0.0006949930567562452,-0.014653807155290861,0.002454769335160893,-0.01510984352456115,0.0019167346840054111,-0.016372528705264632,-0.00153470585669597,-7.696169572165751,3.2923538616476336,0.0,0.0,0.09569740566927942,0.09708310242969165,-0.0003598115234157845,-0.0002319767998879745
2025-01-07,23707.900390625,23795.19921875,23637.80078125,23679.900390625,262300,-0.005482253466450919,-0.010633213155889767,-0.01913990946421011,0.0006204460569123026,-0.0051793542220768055,-0.008598121971988842,0.02014594712516891,42.29504939145592,43.00252274397806,44.40041275068914,0.0,1.2946881325413364,1.2469502804525867,1.2336609504090368,0.00738871927109557,0.06844258070104367,0.17080551288251408,0.005058417095878322,0.0037328022034446642,0.004879850017116397,0.00573167817940907,0.004562771031344552,0.005503529398369893,0.003870407844767158,0.002322827540695758,2.306777932748652,5.601080124611222,0.0,0.0,-0.04278916410550426,0.07017945461132546,2.966614244624341e-05,-0.00023757884431332803
2025-01-08,23688.94921875,23751.849609375,23496.150390625,23746.650390625,266400,-0.005141785655494185,-0.010396319318687636,-0.01915760707136263,-0.00017762607550534195,-0.005281690986142754,-0.008853329796270676,0.0193506939878344,41.575159725509515,42.634037723689744,44.20742232062367,0.0,1.2524596987226355,1.2359089211460788,1.2272552645284602,0.007527834884328026,-0.713252696567617,0.2232710124164155,0.00034046781095673374,-0.0009615782095927393,0.0002368938372021307,0.0007833473130682746,-1.769760715251978e-05,0.0006474669877109297,-0.0007980721324176446,-0.002592737038077988,-0.3684850202883183,1.955313088293181,0.0,0.0,-0.011041359306507958,0.0694891064111196,0.00013911561323245655,-7.045050043204444e-05
2025-01-09,23526.5,23689.5,23503.05078125,23674.75,269200,-0.009810165726152707,-0.015645002495445353,-0.02489404363439545,-0.0069645003138262005,-0.005892644589278789,-0.009396042243293738,0.01838727699643625,35.527713597001565,39.508780497282835,42.56284156176507,0.0,1.1673877430241282,1.2121616949014464,1.2146235798378642,0.007508947084563111,-0.4185232484967059,0.20960735699637997,-0.004668380070658521,-0.021655097630939413,-0.005248683176757717,-0.022353661706446846,-0.005736436563032819,-0.023546121689893774,-0.006786874238320859,-0.027983256408604076,-3.1252572264069087,-13.26796128230437,0.0,0.0,-0.023747226244632325,0.006152325717137419,-1.88877997649153e-05,-0.00026523266148746356
2025-01-10,23431.5,23596.599609375,23344.349609375,23551.900390625,261000,-0.01132634260201563,-0.017868076855799657,-0.02773222869188442,-0.01086636616447042,-0.006616677004422999,-0.010043611864794735,0.01734693160169467,32.32022430020113,37.76531607919731,41.62376369426974,0.0,1.1530050653609765,1.2070381065058498,1.2127383122254234,0.00762944727003505,-0.9392993412953556,0.09837459726360913,-0.0015161768758629231,-0.014720970992628755,-0.002223074360354304,-0.017008820838084353,-0.0028381850574889685,-0.019139391720890905,-0.00390186585064422,-0.023988933081880198,-1.743464418085523,-10.626598304197849,0.0,0.0,-0.005123588395596679,0.012996067617038198,0.00012050018547193897,-8.941738203006085e-05
2025-01-13,23085.94921875,23340.94921875,23047.25,23195.400390625,316500,-0.021296610163599676,-0.029497524225422348,-0.040487501788678146,-0.025206508581291046,-0.008379366156270832,-0.011324007756378443,0.015925788601892327,23.36764813204654,32.19936124944938,38.425780145341555,0.0,1.2690970717118708,1.256485586151208,1.2515354387186093,0.007801014979576532,1.7713524226900794,0.8682470563177687,-0.009970267561584046,-0.010755939601270435,-0.011629447369622691,-0.013984461052416184,-0.012755273096793727,-0.016784821293123482,-0.014340142416820625,-0.021956546793436192,-5.56595482974793,-8.496383561780029,0.0,0.0,0.04944747964535834,-0.033253858406882886,0.00017156770954148207,0.0004419618509272057
2025-01-14,23176.05078125,23264.94921875,23134.150390625,23165.900390625,311200,-0.014344826163982973,-0.023427278059620107,-0.03535269616815336,-0.021193569862891604,-0.009214634221712285,-0.012211500322104331,0.014678034395594926,29.323146349524023,34.893834032486,39.678974146010354,0.0,1.1658003641769037,1.2173684790756831,1.224083136710737,0.006997719840586686,0.9867535736271403,0.7152795516815198,0.006951783999616703,-0.008862572697532054,0.006070246165802241,-0.01279406490373034,0.0051348056205247836,-0.01621278670394325,0.004012938718399441,-0.021814015919803906,2.694472783036616,-8.108688711492064,0.0,0.0,-0.03911710707552496,-0.029581801376903583,-0.0008032951389898464,-0.00039099943050888413
2025-01-15,23213.19921875,23293.650390625,23146.44921875,23250.44921875,228000,-0.010468336783354706,-0.01991407712712901,-0.03252385584447909,-0.019433184694483123,-0.009545667607107467,-0.012865993096184606,0.01353074308764729,31.869973784552187,36.02274203299743,40.19936265513093,0.0,1.057973179777561,1.173899357767467,1.194124351900354,0.006988402191269688,-1.332653333633016,-0.4298597538904732,0.003876489380628267,-0.0053265511278605205,0.003513200932491096,-0.009517757808441375,0.002828840323674274,-0.013366248773116457,0.0017603851684084813,-0.01925555861897778,1.12890800051143,-6.611295690692316,0.0,0.0,-0.04346912130821612,-0.06200956337861174,-9.317649316997745e-06,-0.0005394326930583384
2025-01-16,23311.80078125,23391.650390625,23272.05078125,23377.25,299400,-0.005131879188361764,-0.014339637117307319,-0.027330520746909764,-0.015118454976233889,-0.00925525477832543,-0.013179878301699083,0.012555206091234077,38.70920946767604,39.04395367256445,41.58646960269122,0.0,0.995898060710515,1.1401172068208056,1.1689032765802512,0.0068652357055445324,0.42879895466219814,0.5245565890472583,0.005336457594992941,0.004678286537790942,0.005574440009821692,0.001305365378138034,0.0051933350975693245,-0.0024364771125143132,0.004314729718249234,-0.00815395466240769,3.0212116395670208,-0.46482682471838643,0.0,0.0,-0.03378215094666137,-0.07204448808064079,-0.00012316648572515548,-0.0006437113790185786
2025-01-17,23203.19921875,23292.099609375,23100.349609375,23277.099609375,272900,-0.008005088677960952,-0.017240112388769303,-0.030650662400186345,-0.019514415341503093,-0.00930954746380782,-0.013645805227168687,0.0114883733105523,34.28647453371978,36.97296932224003,40.51310755545521,0.0,0.9827078143106932,1.128728355934373,1.1618470165298143,0.006816284475393912,-0.349567250614989,0.1531765326478108,-0.0028732094895991874,0.003321253924054678,-0.0029004752714619844,0.0006279644670303536,-0.003320141653276581,-0.0029184337083019256,-0.004395960365269205,-0.008648049177032673,-2.070984350324416,-0.7923467569572793,0.0,0.0,-0.0113888508864326,-0.07830975057147671,-4.895123015062012e-05,-0.0008131627946411377
2025-01-20,23344.75,23391.099609375,23170.650390625,23290.400390625,301500,-0.0015988353698387645,-0.01023300610772943,-0.023790154514780244,-0.013400125137024507,-0.008647997462111366,-0.01369731309561775,0.010643233548409285,44.01355460813758,41.34037178592105,42.51847039169245,0.0,0.9702634008253984,1.109201174509308,1.1447792179235405,0.006922618373187473,0.561455354732957,0.7951490113621723,0.006406253308122187,0.019697774793760912,0.007007106281039873,0.01926451811769292,0.006860507885406101,0.016697347273897902,0.0061142902044785865,0.011806383444266539,4.367402463681017,9.141010536471669,0.0,0.0,-0.019527181425065043,-0.1472844116419001,0.00010633389779356097,-0.0008783966063890588
2025-01-21,23024.650390625,23426.30078125,22976.849609375,23421.650390625,312900,-0.012543852948665992,-0.021687422083275662,-0.035770067278904756,-0.026667433116789492,-0.009259721722239002,-0.014394831992876445,0.009440314859783774,31.652502470474175,35.371321822943074,39.40336906945709,0.0,1.1774106533089077,1.183723358152964,1.1983777640991364,0.006654113388181098,0.880395047898458,0.8957925853373544,-0.010945017578827227,0.0018009732153169804,-0.011454415975546231,0.0017398559763444447,-0.011979912764124512,-0.0004173711107513939,-0.013267307979764985,-0.005473863253897888,-5.9690499629779765,0.4774877904570758,0.0,0.0,0.07452218364365604,-0.033645120922719096,-0.0002685049850063752,-0.0003436064524055876
2025-01-22,23155.349609375,23169.55078125,22981.30078125,23099.150390625,276000,-0.0056841803679726225,-0.014688853343143519,-0.02914314695044476,-0.020936352712997874,-0.009056149763868095,-0.014669775792493981,0.008453145498915262,39.717346809919725,39.22961608322069,41.2266643141191,0.0,1.0992092694036846,1.1510379753142224,1.1735837469478851,0.0066087324519274885,-0.954471358810008,0.18445607423188512,0.00685967258069337,0.004784156415382083,0.006998568740132143,0.005225223783985492,0.006626920328459997,0.003380708894034329,0.005731080403791618,-0.0015031680185147514,3.858294260277617,3.206874050223263,0.0,0.0,-0.03268538283874167,-0.02286138245324465,-4.538093625360961e-05,-0.00037966973934219946
2025-01-23,23205.349609375,23270.80078125,23090.650390625,23128.30078125,275600,-0.002895874683977083,-0.011432366951517382,-0.02601368313606523,-0.01863843776077279,-0.008561284675093222,-0.014749942944806825,0.007572226886142956,42.73326526489664,40.68840145121706,41.919972950839636,0.0,1.0327389225950063,1.1219702498258817,1.1522586850995946,0.006600240598900569,-0.6685177060670189,0.09446563974789547,0.0027883056839955395,0.0022360045043846814,0.003256486391626137,0.0029072701657899373,0.003129463814379528,0.0013168376108445325,0.002297914952225085,-0.0035199827845389005,1.45878536799637,1.6444477786526122,0.0,0.0,-0.02906772548834069,-0.01814695699492397,-8.491853026919294e-06,-0.00026499510664396327
2025-01-24,23092.19921875,23347.30078125,23050.0,23183.900390625,264300,-0.006356258041478077,-0.014797017224882034,-0.02959219878185936,-0.023195939120034578,-0.008494754032030429,-0.015017394197591936,0.0065913110486082605,37.74733322869724,38.439610262588396,40.79072827860197,0.0,1.087729652350573,1.1388952152752956,1.1640735622264915,0.006745588181980673,-1.0737035258847798,-0.24031432857189974,-0.003460383357500994,0.0016488306364828747,-0.0033646502733646524,0.0024430951638872694,-0.0035785156457941274,0.001058463618326986,-0.004557501359261789,-0.003681523778531485,-2.2487911886286653,1.4666409403483627,0.0,0.0,0.01692496544941391,0.01016685934092254,0.00014534758308010383,-7.069629341323932e-05
2025-01-27,22829.150390625,23007.44921875,22786.900390625,22940.150390625,257400,-0.014508064687090216,-0.02371036037293543,-0.03911472222647683,-0.03399303797238817,-0.009337768637267775,-0.015778475186345058,0.005330172469658568,28.67354294758421,33.76722285951797,38.303153373581196,0.0,1.1476744415261435,1.1652539908890143,1.1850977184772593,0.0068180049168864556,-0.9258169413454268,-0.30857341665216564,-0.008151806645612138,-0.012909229317251452,-0.008913343148053395,-0.013477354265205998,-0.00952252344461747,-0.015324567711696584,-0.010797098852353589,-0.020592912835363658,-4.672387403070424,-7.5731489264030785,0.0,0.0,0.026358775613718688,0.05605281637970627,7.241673490578256e-05,-0.00010461345630101773
2025-01-28,22957.25,23137.94921875,22857.650390625,22960.44921875,361900,-0.007357846150500704,-0.016602222089401555,-0.0324434099546121,-0.02829629166286867,-0.009312898815601224,-0.016108626865995096,0.004286176472167782,37.24420761807269,37.736311781805085,40.14651215435533,0.0,1.1820371561298288,1.1720628081361057,1.1864191956510854,0.0068237298691323795,1.758079802152774,2.03502175842818,0.007150218536589511,0.005186006798165288,0.007108138283533873,0.005085199993874107,0.006671312271864731,0.003326657324292659,0.005696746309519496,-0.0016288585460791788,3.9690889222871135,2.3649899588620116,0.0,0.0,0.006808817247091481,-0.011660550016858284,5.72495224592396e-06,0.00016961648095128144
2025-01-29,23163.099609375,23183.349609375,22976.5,23026.75,226300,0.0012619597485149091,-0.007081774425554284,-0.022856908015117233,-0.019392284709934003,-0.008333217988392242,-0.01588764631693245,0.0035456662730383687,48.78227707916643,43.586719627282086,42.98528331239272,0.0,1.1324499152493603,1.1483948081981936,1.166363356028589,0.006768624009600528,-0.9998401942452946,-1.7405639183520456,0.008619805899015613,0.006946140116487531,0.00952044766384727,0.007607078917589234,0.009586501939494865,0.006286238935327527,0.008904006952934668,0.0015440680030638712,5.850407845477001,4.357103544061395,0.0,0.0,-0.023667999937912132,-0.002643167116028744,-5.510585953185168e-05,0.00015989155767303937
2025-01-30,23249.5,23322.05078125,23139.19921875,23169.5,361900,0.004084542927374264,-0.003071945635884509,-0.018472581351252446,-0.015580408831007288,-0.007127376488033841,-0.015448091412364896,0.0029466039005071956,53.012597087147505,45.885082730260116,44.13850656137817,0.0,1.0598882299249175,1.1185805519055407,1.1441453798357208,0.006675824623557424,1.0670641155829825,2.0812255267377897,0.0028225831788593553,0.006980417611351347,0.004009828789669776,0.008360421315632872,0.004384326663864787,0.007541101784812786,0.0038118758789267154,0.0030580289297655015,2.29836310297803,5.196681279043055,0.0,0.0,-0.029814256292652885,-0.0033896979203409394,-9.279938604310391e-05,7.558402465685475e-05
2025-01-31,23508.400390625,23546.80078125,23277.400390625,23296.75,304900,0.012455601703484948,0.007294299187026379,-0.0072489050330594666,-0.004572426255586246,-0.005097806271973341,-0.014437889931297606,0.0026960219848081346,63.540228794075944,52.17306770466727,47.4420219533648,0.0,1.0915039866576521,1.1175755202794417,1.1378834980983723,0.006491142160986057,0.03964692963407788,0.537002257390113,0.008371058776110683,0.018811859744963026,0.010366244822910889,0.022091316411908413,0.011223676318192979,0.02234329374879989,0.011007982575421042,0.018623512864448334,6.287984974407152,13.733457442078873,0.0,0.0,-0.0010050316260989955,-0.021319694995853844,-0.00018468246257136688,-0.00025444602099461595
2025-02-01,23482.150390625,23632.44921875,23318.30078125,23528.599609375,281000,0.009246927107560095,0.005605521583291731,-0.00803232293815748,-0.005627704348491354,-0.003608042220851154,-0.013561823427517472,0.002424089660651529,61.89970986026632,51.5194155316323,47.148847755647246,0.0,1.1417429196668907,1.1344671953354681,1.1486156237445864,0.006745052535026462,-0.45572592305431403,-0.1247390625763304,-0.0032086745959248528,0.02375499179465031,-0.001688777603734648,0.029315881956227162,-0.0007834179050980137,0.031082399288319348,-0.0010552780929051079,0.028365333623896812,-0.6536521730349705,17.752192672114326,0.0,0.0,0.0168916750560264,-0.03078679555354613,0.00025391037404040497,-7.295238185999354e-05
2025-02-03,23361.05078125,23381.599609375,23222.0,23319.349609375,329700,0.0033047830955901243,0.0003813685608983942,-0.012638900689495618,-0.0106498908912719,-0.0029137851069261783,-0.01301530562201929,0.0020144704906975624,54.34752719870156,48.50054117517337,45.79494401134798,0.0,1.1408506928776645,1.1384380271376875,1.1526192540232132,0.006355162084207432,0.5641124047212768,1.097835675297019,-0.00594214401196997,0.010662629246090828,-0.005224153022393337,0.01698359065029995,-0.004606577751338138,0.01980450926511648,-0.005022186542780547,0.017646400771596772,-3.01887435645893,10.764229393368282,0.0,0.0,0.0039708318022193545,-0.03362478099841826,-0.00038989045081903005,-0.00046856778492494755
2025-02-04,23739.25,23762.75,23423.150390625,23509.900390625,376700,0.015936843159622537,0.015047187253057545,0.0032141618741484195,0.005313314830380941,-0.0008757000128060238,-0.01165761112144147,0.0020924275553596667,68.39648113029774,56.97900432335311,50.40714251412189,0.0,1.2365664943547712,1.1611461223726967,1.1608218865354205,0.0065241586696783375,1.1624036813786613,1.97933605906682,0.012632060064032412,0.014674883411107627,0.014665818692159152,0.02212896167861183,0.01585306256364404,0.026071069889265653,0.015963205721652843,0.024705599540314944,8.478463148179742,13.392284696071023,0.0,0.0,0.022708095235009162,0.012751314174503037,0.00016899658547090551,-0.00024446533992219036
2025-02-05,23696.30078125,23807.30078125,23680.44921875,23801.75,267000,0.011505889898493283,0.011995372653172038,0.001344197749285396,0.0034596034939779236,0.000483914883311135,-0.010524924512216104,0.002112566038178791,65.71707031021754,55.85442173344421,49.90704014139946,0.0,1.0981106465140233,1.1183986503302301,1.1330399724043365,0.0063404291281112185,-1.0335409656989092,-0.6556594013859754,-0.004430953261129253,0.007421346971119019,-0.0030518145998855075,0.015067318289056547,-0.0018699641248630236,0.01981677910053784,-0.001853711336403017,0.01904001232498521,-1.124582589908897,9.969339003184096,0.0,0.0,-0.04274747204246654,-0.0001819015753106168,-0.00018372954156711894,-0.0003353954954462054
2025-02-06,23603.349609375,23773.55078125,23556.25,23761.94921875,307000,0.006159139180597069,0.007290786871838579,-0.0024826084868410886,-0.00047183003985866673,0.0011247203818703171,-0.00970265536631298,0.002015782846584982,59.80190411605624,53.398092766518026,48.81996841918856,0.0,1.0660751197667684,1.1083624168868167,1.1271749602065249,0.006373608499904548,-0.12185526449009158,0.25369903883986916,-0.005346750717896215,-0.006296462522887879,-0.004704585781333459,-3.5123151878001246e-06,-0.0038268062361264846,0.0047662965462183775,-0.00393143353383659,0.004100596215727579,-2.4563289669261863,1.2250250618507579,0.0,0.0,-0.010036233443413423,-0.009213103392625044,3.317937179332913e-05,-0.00011753366108150937
2025-02-07,23559.94921875,23694.5,23443.19921875,23649.5,368100,0.0035228471945490066,0.0049417770352698336,-0.004148198896554964,-0.0022867715479189805,0.0014139487154553486,-0.009045276193653327,0.0018691810835442023,57.006781662281796,52.242834319174975,48.310437675708165,0.0,1.0677599684446089,1.1072784331387613,1.1262700548148288,0.006387326020433027,0.851750128879828,1.5727472942101397,-0.002636291986048062,-0.005724079913011089,-0.0023490098365687457,-0.0006637445480218978,-0.001665590409713875,0.0038841240416025167,-0.001814941508060314,0.003340932800572373,-1.1552584473430514,0.723418787542677,0.0,0.0,-0.001083983748055406,-0.02718876219670685,1.371752052847959e-05,-0.00035772651459343476
2025-02-10,23381.599609375,23568.599609375,23316.30078125,23543.80078125,234200,-0.0033356244386503167,-0.0024239201926160338,-0.01123367197316833,-0.009742542734315364,0.0009147555269252853,-0.008831157802273405,0.0015080704071189837,46.57096624249956,47.677907674858766,46.25318636947312,0.0,1.0765334062047136,1.1131047992094931,1.1322032588523572,0.006266614251168067,-1.23024583867128,-1.3280485298481624,-0.006858471633199323,-0.006640407534240441,-0.007365697227885867,-0.002805288753514428,-0.007085473076613366,0.0014052287163272888,-0.007455771186396383,0.0009073481569565368,-4.564926644316209,-0.8226335003146019,0.0,0.0,0.0058263660707318365,-0.02533322792819437,-0.00012071176926496067,-8.854783303936537e-05
2025-02-11,23071.80078125,23390.05078125,22986.650390625,23383.55078125,268000,-0.013574463098485192,-0.01423978371979091,-0.023402552548017538,-0.02264079874267678,-0.0006744762746061616,-0.009295129461404483,0.0007800079831544012,33.96902722904764,40.979573662485436,42.95791317273756,0.0,1.2224822213018485,1.1723657880393898,1.17602747626892,0.006512267880068471,-0.4069759336980092,-0.6702474907541016,-0.010238838659834876,-0.02951130625810773,-0.011815863527174876,-0.029286970972848457,-0.012168880574849208,-0.026616714422165958,-0.012898256008361418,-0.027954113573057722,-6.69833401237333,-15.999430660867674,0.0,0.0,0.05926098882989672,0.01121966566669319,0.00024565362890040417,-1.1890789609866718e-05
2025-02-12,23045.25,23144.69921875,22798.349609375,23050.80078125,279700,-0.012067426742677318,-0.013996094432321277,-0.023587277129969313,-0.023534625579533553,-0.0019522260342979979,-0.009727327288958393,5.3923457983011146e-05,33.074166685827294,40.45500291853248,42.68761478246537,0.0,1.279694739796573,1.1972303858547657,1.1928837599578772,0.006849213943514115,-0.23304021945148864,-0.3789272457983757,0.0015070363558078743,-0.0235733166411706,0.00024368928746963323,-0.025991467085493315,-0.00018472458195177566,-0.02493147487925471,-0.0008938268368567717,-0.026994229073511476,-0.5245707439529568,-15.399418814911733,0.0,0.0,0.024864597815375866,0.0788317355245356,0.000336946063445644,0.0005087848154028962
2025-02-13,23031.400390625,23235.5,22992.19921875,23055.75,265700,-0.010383023996233276,-0.013280028628896318,-0.023248112639406855,-0.02388717522130225,-0.0029273998960300932,-0.010102242074475612,-0.0006542731989208551,32.55229838683553,40.16617312560998,42.542810652279464,0.0,1.2356488665110348,1.1878386766825824,1.187067092608405,0.007003450452474798,-0.34606764674472534,-0.685744683758084,0.0016844027464440418,-0.016542163176830344,0.0007160658034249586,-0.020570815500734897,0.00033916449056245815,-0.020765504152565766,-0.0003525496417686978,-0.023415345181443583,-0.288829792922499,-13.231919640908046,0.0,0.0,-0.009391709172183349,0.07947625979576567,0.00015423650896068293,0.00062984195257025
2025-02-14,22929.25,23133.69921875,22774.849609375,23096.44921875,254500,-0.012118926857761904,-0.016077073305168412,-0.026527379578597795,-0.027943579718557557,-0.004006703392764162,-0.010621061863589035,-0.0014547919584494394,28.660857147556186,38.010605132317295,41.466897109601284,0.0,1.3059289430299756,1.2196947661842008,1.2101019044513968,0.007242618128721725,-0.3447359137303495,-0.8677951318533339,-0.0017359028615286272,-0.01564177405231091,-0.002797044676272094,-0.021018850340438246,-0.0032792669391909397,-0.02237918068204283,-0.004056404497255306,-0.025656808170638576,-2.155567993292685,-14.23222918685768,0.0,0.0,0.031856089501618445,0.11241633304543952,0.00023916767624692758,0.000855292108288698
2025-02-17,22959.5,22974.19921875,22725.44921875,22809.900390625,207400,-0.008866595543783762,-0.013453537082587159,-0.024277208007583814,-0.02640288843326004,-0.004627975929557148,-0.010971273357961185,-0.0021785700232907395,31.490375676059983,39.05368780989357,41.91799666301464,0.0,1.2600525696803526,1.208469325887131,1.2025514531340253,0.007242667343816255,-1.6957815483683558,-1.6607065411984374,0.003252331313978141,-0.005530971105133446,0.002623536222581253,-0.011029616889971125,0.0022501715710139814,-0.013043536034415484,0.0015406912852975185,-0.016660345698944673,1.0430826775762725,-8.624219864965198,0.0,0.0,-0.011225440297069733,0.09536452667763795,4.9215094530090375e-08,0.0009760530926481888
2025-02-18,22945.30078125,22992.5,22801.5,22963.650390625,210600,-0.007769393288089013,-0.012801515228986727,-0.023928275908256823,-0.026743485625581914,-0.005071524610164302,-0.01127104716115019,-0.0028842242304936206,30.82092862096566,38.72429913969447,41.76132931120791,0.0,1.175148752065821,1.1823026826182799,1.1856346186319204,0.007109288131542502,-1.0047283631978188,-1.4401065356010059,0.0010972022556947495,0.005805069810396179,0.0006520218536004325,0.0014382684908041832,0.0003489320993269908,-0.0005257233602392851,-0.0003405971923218752,-0.004102686882905132,-0.32938867019909424,-2.2552745227909625,0.0,0.0,-0.02616664326885121,0.009936894578890021,-0.00013337921227375357,0.000597020251474031
2025-02-19,22932.900390625,23049.94921875,22814.849609375,22847.25,207000,-0.006805790637731498,-0.01213746810118982,-0.0235192830685478,-0.027005454904059614,-0.005368212393104669,-0.011521658732698907,-0.003570138943928105,30.167504023694192,38.41954165138871,41.620449120957886,0.0,1.1456599471966156,1.1716720556895983,1.1786036864332516,0.00716315993235258,-0.7689376996825166,-1.3678185100451912,0.0009636026503575153,0.00526163610494582,0.0006640471277969059,0.001858626331131456,0.00040899283970902145,6.799406142151201e-05,-0.0002619692784777,-0.0034708293245260605,-0.30475748830576066,-2.0354612671437664,0.0,0.0,-0.010630626928681552,-0.025558330165167398,5.3871800810078446e-05,0.00031394598883846547
2025-02-20,22913.150390625,22923.849609375,22812.75,22821.099609375,240800,-0.006276946826723589,-0.011821433887355279,-0.023427313000956494,-0.0275739962356078,-0.005579509344103837,-0.011744718527196059,-0.004246159338526913,29.02413209720055,37.907840631392396,41.389830028306854,0.0,1.022192573857238,1.1263741998732173,1.148417369526383,0.007095080975944762,0.7568944357786985,-0.718637422530874,0.0005288438110079086,0.004106077169509687,0.00031603421383454185,0.0014585947415410392,9.19700675913078e-05,-0.00017920036154963834,-0.000568541331548187,-0.0036868210143055496,-0.5117010199963161,-2.2583324942175835,0.0,0.0,-0.045297855816381016,-0.061464476809365065,-6.807895640781846e-05,9.163052346996409e-05
2025-02-21,22795.900390625,22921.0,22720.30078125,22857.19921875,242800,-0.009315405710558918,-0.015367297922507446,-0.027340367330736037,-0.03223660457516208,-0.0061087981450738,-0.012159934748222781,-0.005033864961568653,22.98928632434051,34.933210082534615,40.02444895998257,0.0,0.9980437589003247,1.114185553647153,1.1412810668255264,0.006958991551909424,1.1458349480815588,-0.6642023028934515,-0.0030384588838353287,0.0028035211472029857,-0.003545864035152167,0.0007097753826609664,-0.003913054329779543,-0.0008129877521382417,-0.004662608339554279,-0.004293024856604523,-2.9746305488577818,-3.0773950497826803,0.0,0.0,-0.012188646226064304,-0.10550921253704781,-0.00013608942403533792,-0.0002836265768123014
2025-02-24,22553.349609375,22668.05078125,22518.80078125,22609.349609375,214300,-0.01630500586636683,-0.023549777617007293,-0.03626514668241374,-0.04212831763973016,-0.007364855767128441,-0.013022035096039029,-0.0060838008889404485,15.307669653341222,29.73507526032391,37.379155758585995,0.0,1.0527499236003452,1.1334875648984688,1.1571305176620998,0.00689762089323866,-0.5092834790721168,-1.0767497689945074,-0.006989600155807912,-0.007438410322583067,-0.008182479694499848,-0.010096240534420134,-0.008924779351677705,-0.011987938674829928,-0.009891713064568083,-0.015725429206470125,-5.198134822210704,-9.318612549569657,0.0,0.0,0.01930201125131581,-0.07498176098866227,-6.137065867076359e-05,-0.0003450464505775951
2025-02-25,22547.55078125,22625.30078125,22513.900390625,22516.44921875,250300,-0.01358830501085655,-0.021684044075317245,-0.035131362335822806,-0.04197066041044303,-0.00820726184166926,-0.013745373546315566,-0.007088320427926108,15.166320981047349,29.621589949443177,37.318005442815036,0.0,0.9412302773350086,1.088085479160425,1.1258395675380692,0.006677243405904067,1.0072001314569439,-0.43823838716770064,0.0027167008555102796,-0.005818911722767537,0.0018657335416900483,-0.008882528846330518,0.0011337843465909353,-0.011203086427565984,0.00015765722928713644,-0.015227174784861113,-0.11348531088073344,-9.102709190251296,0.0,0.0,-0.04540208573804372,-0.09421720345785478,-0.00022037748733459359,-0.0004320447256384351
2025-02-27,22545.05078125,22613.30078125,22508.400390625,22568.94921875,289200,-0.011235169813752112,-0.01985070571746863,-0.033903298860389966,-0.04167565674183933,-0.008713432800895291,-0.014337196613713656,-0.00804511377823884,15.09620821660539,29.569194380891545,37.290730481343616,0.0,0.8461261843071017,1.043712292217241,1.094503835268875,0.006618789475267866,1.5451989627407887,0.39219979157237855,0.002353135197104438,-0.0044293791760206145,0.0018333383578486157,-0.007713237616278809,0.0012280634754328404,-0.010384015791842165,0.00029500366860369526,-0.014670201837779718,-0.0523955685516313,-8.850347270497167,0.0,0.0,-0.04437318694318404,-0.12795976347235727,-5.845393063620089e-05,-0.0005443704570847144
2025-02-28,22124.69921875,22450.349609375,22104.849609375,22433.400390625,551300,-0.02440765762496409,-0.03478013723823437,-0.04998196572991374,-0.05898604974646732,-0.01063198137453493,-0.01574960180386534,-0.009477803253989338,7.916823227246226,22.39598259118584,33.0755194669336,0.0,1.0876888961792057,1.1296916236513461,1.1569336901348066,0.006689319385500746,1.7548237966862301,3.3754665578706597,-0.013172487811211978,-0.018130710798240503,-0.014929431520765743,-0.022958703350879094,-0.01607866686952377,-0.026554652728957243,-0.017310393004627986,-0.03141205351085952,-7.173211789705704,-15.511858040206555,0.0,0.0,0.08597933143410508,0.003317423778128825,7.052991023288012e-05,-0.00040576159044401587
2025-03-03,22119.30078125,22261.55078125,22004.69921875,22194.55078125,282400,-0.020255431126837187,-0.031934064150496516,-0.04833979227014208,-0.058661010774883275,-0.011920079370372339,-0.016946911891129714,-0.010845487098133473,7.860810221502362,22.321091581515375,33.02580057255,0.0,1.1026055130958368,1.132198964732575,1.157406245885087,0.0067892053767139755,-0.261872090265039,0.0008155327493478968,0.004152226498126903,-0.01094002541627827,0.0028460730877378562,-0.01656676622798907,0.001642173459771655,-0.020999424939406045,0.0003250389715840421,-0.026424406199721195,-0.07489100967046625,-12.61211850101924,0.0,0.0,0.0025073410812288532,0.018013411085421982,9.988599121322963e-05,-0.00016978617519544832
2025-03-04,22082.650390625,22105.05078125,21964.599609375,21974.44921875,253300,-0.01797233846577422,-0.03058241864966717,-0.04805318734120034,-0.05965729039399587,-0.012840860474533044,-0.018021922675672517,-0.01218986491523105,7.443669732606921,21.788394870595127,32.679940173015936,0.0,1.0236594533454122,1.1031121521765839,1.1374809019604049,0.006513430452795035,-0.5646901641680525,-0.31860539250066316,0.0022830926610629687,-0.0016673325994073888,0.0013516455008293453,-0.0070326410326598775,0.00028660492894173883,-0.011788040658786601,-0.0009962796191125972,-0.01752897275426571,-0.5326967109202485,-7.946680389728783,0.0,0.0,-0.029086812555991104,-0.03037541272188493,-0.0002757749239189408,-0.00038419044044362555
2025-03-05,22337.30078125,22394.900390625,22067.80078125,22073.05078125,305900,-0.005445769101115979,-0.0176706160850745,-0.035673548237924034,-0.04835132266255524,-0.012291785208042031,-0.01832677760396576,-0.013146766223684526,35.28242434714221,33.63870834413679,37.40337987037425,0.0,1.1024645945583205,1.117238458586742,1.1406967672970492,0.00662691418214531,-0.25095402934177613,0.4066855401036933,0.012526569364658239,0.00814253590974057,0.012911802564592671,0.004013427990242745,0.012379639103276309,-0.0005421859021012276,0.01130596773144063,-0.006380662252112215,11.85031347354166,4.017118394693611,0.0,0.0,0.014126306410158218,0.029152979426317005,0.00011348372935027565,-5.0329223758756314e-05
2025-03-06,22544.69921875,22556.44921875,22245.849609375,22476.349609375,372100,0.003097560866602278,-0.007778625351626696,-0.025699012229072688,-0.03913760984622824,-0.010842600602909204,-0.01806087566274883,-0.013793065783399533,49.667189611282595,41.42319750114419,40.90538813871967,0.0,1.1493991796267211,1.1262994428092332,1.1419888477632458,0.006717462083462027,0.16024053826959475,1.1624095861029489,0.008543329967718257,0.01433273068035439,0.009891990733447804,0.012072080365841934,0.009974536008851346,0.008204286631317278,0.009213712816327005,0.0025380468956110944,7.7844891570074,11.854003120252642,0.0,0.0,0.00906098422249113,0.08258715059199218,9.054790131671642e-05,9.8672608194161e-05
2025-03-07,22552.5,22633.80078125,22464.75,22508.650390625,289800,0.0028165832367173624,-0.0067639382466317234,-0.02439156598045881,-0.038433857354699695,-0.009553612937299802,-0.017747671890516015,-0.01439336816348148,50.15336813066146,41.70021013694144,41.03406319651887,0.0,1.0691188406859526,1.0990297126195652,1.1229268844754519,0.00678792347204159,-0.24643452732315496,0.13232552783861054,-0.00028097762988491546,0.027224240861681452,0.0010146871049949721,0.02801619899160265,0.0013074462486138798,0.02559039974945493,0.000703752491528542,0.020552192391767622,0.27701263579725577,19.3042275457556,0.0,0.0,-0.02726973018966805,-0.030661911031780953,7.046138857956345e-05,9.860408654084434e-05
2025-03-10,22460.30078125,22676.75,22429.05078125,22521.849609375,293900,-0.0010500830713155015,-0.009850138248196309,-0.02729748953059961,-0.041961082515749176,-0.008809305679645045,-0.017620919778279735,-0.015075105520261587,44.25846270060353,39.332650351402414,39.96737970769936,0.0,1.0793722993636037,1.1034905033251,1.1263600444600517,0.006901281996749914,-0.21001050078756564,0.23960690026144918,-0.003866666308032864,0.019205348055521685,-0.003086200001564585,0.022083925902300208,-0.002905923550140802,0.02104230273954247,-0.003527225161049481,0.0166999282591341,-2.3675597855390293,17.01155876988704,0.0,0.0,0.004460790705534734,-0.028708461407475072,0.0001133585247083237,0.00011207662003593841
2025-03-11,22497.900390625,22522.099609375,22314.69921875,22345.94921875,347900,0.0005090204569912724,-0.007453351463242557,-0.024687357558235805,-0.039971766190655955,-0.00795832097205575,-0.01736342178012504,-0.015671291406778604,47.21053429679379,40.80856868752832,40.62017991887612,0.0,1.0464278267155556,1.0888048125420269,1.1148294214306826,0.00681018096353441,0.7159954165944098,0.8631764599359503,0.0015591035283067738,0.018481358922765492,0.002396786784953752,0.023129067186424615,0.0026101319723638057,0.023365829782964538,0.001989316325093221,0.019685524203339917,1.4759183361259076,19.020173816933195,0.0,0.0,-0.014685690783073024,-0.014307339634556993,-9.110103321550381e-05,0.0002967505107393754
2025-03-12,22470.5,22577.400390625,22329.55078125,22536.349609375,369700,-0.0005805816645043523,-0.007880917586413861,-0.024885737594761835,-0.04074831075535485,-0.007304576825281231,-0.01713989813297347,-0.016267399393242434,45.17639931539238,40.04402357092675,40.2890883548977,0.0,1.0587630625326458,1.0910516002369692,1.1155607965474565,0.00687338319105059,0.8701696769405086,1.047489808476333,-0.0010896021214956246,0.004865187436611627,-0.00042756612317130464,0.009789698498660638,-0.0001983800365260302,0.010787810643162199,-0.0007765445646988958,0.007603011907200391,-0.7645451166015746,6.405315226789959,0.0,0.0,0.0022467876949423538,-0.026186858349772857,6.320222751617956e-05,0.0002464690089052793
2025-03-13,22397.19921875,22558.05078125,22377.349609375,22541.5,287500,-0.0031446500684452596,-0.010116860004994704,-0.026995707611276655,-0.043459858002654714,-0.006994204261458962,-0.017051353765220323,-0.016920943227247853,39.82143699039858,37.993352944622536,39.398188992391525,0.0,1.0111430243408703,1.0740637978844785,1.1043351356034528,0.0066432200045205584,-0.7897182467076739,0.008555699352764668,-0.0025640684039409073,-0.0062422109350475374,-0.002235942418580843,-0.002338234653368009,-0.00210997001651482,-0.0012966953822039669,-0.002711547247299863,-0.004322248156426477,-2.0506706263042105,-3.429844556521651,0.0,0.0,-0.016987802352490755,-0.05223564492475474,-0.00023016318653003125,-7.424207894146835e-05
2025-03-17,22508.75,22577.0,22353.150390625,22353.150390625,251100,0.001488807735143669,-0.0047173873990230195,-0.02129948271750909,-0.038325468718603005,-0.006196969038727385,-0.016660690248724425,-0.017396522940816592,50.284272696601946,42.79449669625264,41.44174986200829,0.0,1.0038056129882595,1.063437971108876,1.0938925691120471,0.006340313627122613,-1.2262254730281403,-0.43874628028927776,0.004633457803588929,-0.0013277755015736934,0.005399472605971685,0.002046550847608704,0.005696224893767567,0.00309208326294972,0.005134389284051709,0.00010838863609669014,4.8011437516301,1.0942865593111932,0.0,0.0,-0.010625826775602532,-0.03559174151068922,-0.0003029063773979457,-0.0004476098449189775
2025-03-18,22834.30078125,22857.80078125,22599.19921875,22662.25,272600,0.013031494310926458,0.008790159794296872,-0.006866001681619641,-0.024179406751622105,-0.004186774587412586,-0.015519740477156293,-0.017433100769199635,68.77096124697835,53.99095131343237,46.86458549543031,0.0,1.097320366326012,1.082587031986229,1.0997410274025718,0.006293810158178004,-0.6539520665709502,-0.181126508086636,0.01154268657578279,0.014081577382241958,0.013507547193319891,0.018640298042493182,0.014433481035889447,0.020431487848979968,0.0141460619669809,0.01778167576412707,11.196454617179732,14.658300962029955,0.0,0.0,0.01914906087735302,-0.020903471338870938,-4.650346894460866e-05,-0.0006074718385719099
2025-03-19,22907.599609375,22940.69921875,22807.94921875,22874.94921875,324000,0.013283419985789859,0.010922972304227056,-0.0035342841971870275,-0.020841933738903813,-0.0023295039028625435,-0.0143010465658538,-0.017369036653481548,71.54987218597682,56.075502151883626,47.98920192822841,0.0,0.9909477651763015,1.043435798411242,1.071616400160038,0.005960563703643339,0.4928221138148123,0.40182831447797507,0.00025192567486340134,0.012774399528798587,0.0021328125099301844,0.018376323767469612,0.0033317174844326135,0.021153073361048776,0.0033374730127182922,0.019129832451752142,2.084550838451257,15.266933464355304,0.0,0.0,-0.039151233574987065,-0.04536901413078498,-0.00033324645453466483,-0.0008496172598910709
2025-03-20,23190.650390625,23216.69921875,22973.94921875,23036.599609375,313700,0.02101357047581243,0.021240365271880626,0.008431093976834897,-0.008657020636834,0.0002221271123384828,-0.01254285644265106,-0.01694524763836907,79.69145624157764,63.03950616692797,52.05309717477529,0.0,1.0496549035171283,1.0522833202421724,1.0716000603715172,0.0059418819539735455,0.8040997112163223,0.2089836741949121,0.007730150490022571,0.02159415214031678,0.01031739296765357,0.02912128285829449,0.011965378174021924,0.03331683157159673,0.012184913102069813,0.032091290118520854,6.964004015044345,22.995482596001224,0.0,0.0,0.008847521830930516,-0.03876827999479682,-1.8681749669793683e-05,-0.0009315012370770441
2025-03-21,23350.400390625,23402.69921875,23132.80078125,23168.25,541000,0.02283101836652486,0.025638852845520855,0.014765771489735775,-0.0018099458651847933,0.0027451596877460203,-0.010601276780436824,-0.016334525484227203,82.91143859123686,66.28810828496115,54.14991134468359,0.0,1.0651514429106983,1.0529969131226664,1.0686303776112767,0.005977999794721105,1.7291105409105947,2.5244465414543034,0.0018174478907124307,0.02597566843497012,0.004398487573640229,0.035755712850515556,0.006334677512900878,0.04176147910101243,0.006847074771649207,0.04164991213746992,3.248602118033183,28.294755340338618,0.0,0.0,0.0007135928804939962,-0.021066884761812066,3.6117840747559686e-05,-0.0006652202097994532
2025-03-24,23658.349609375,23708.75,23433.5,23515.400390625,311900,0.02952165324584159,0.035478371094321066,0.027014991400304868,0.01124011286351265,0.005785908270796767,-0.008173400749135758,-0.015359930155725997,87.4032250988279,71.49017819078647,57.83606181262044,0.0,1.1439666235918973,1.0732473515584653,1.0766236334465222,0.006005225654321723,-0.38038978573696036,-0.07202031631823555,0.006690634879316728,0.02803284551069792,0.009839518248800212,0.040195758493344086,0.012249219910569093,0.048314474117813956,0.013050058728697444,0.04956558158211566,5.2020699058253115,28.69568149453383,0.0,0.0,0.02025043843579888,0.009809380449589344,2.7225859600617762e-05,-0.00033508797280088973
2025-03-25,23668.650390625,23869.599609375,23601.400390625,23751.5,338200,0.024387939021798005,0.032556583923917796,0.02635681894654792,0.0115628372729989,0.007974171298736824,-0.006004285938315893,-0.014414072572473922,87.53112748153393,71.64777807768957,57.953321814076624,0.0,1.1414032396040366,1.0770917581189585,1.0788687012059726,0.0062140388329961225,-0.2797441518137834,0.17622534977721818,-0.005133714224043583,0.011356444710871548,-0.00292178717040327,0.023766424129620926,-0.0006581724537569472,0.03322282062816756,0.0003227244094862504,0.035742244024621006,0.15759988690309967,17.656826764257197,0.0,0.0,0.00384440656049323,-0.005495273867270445,0.00020881317867439946,-7.97713251818816e-05
2025-03-26,23486.849609375,23736.5,23451.69921875,23700.94921875,278600,0.01347550797875278,0.022336754238969293,0.01773599930774028,0.0037550604302775286,0.008743424177944995,-0.004500234303572336,-0.013737294236395812,72.3954199185673,64.83561129118522,55.14630512589047,0.0,1.1627100043435101,1.0945124354103657,1.0931900580582454,0.006233768626855694,-0.7422369461188681,-0.5730414630774815,-0.010912431043045226,0.00019208799296292073,-0.010219829684948504,0.011413781934742236,-0.00862081963880764,0.02127028350492731,-0.0078077768427213725,0.024596994169181343,-6.812166786504349,8.76010913930159,0.0,0.0,0.01742067729140717,0.05107663699912379,1.972979385957141e-05,0.00027320492321235464
2025-03-27,23591.94921875,23646.44921875,23412.19921875,23433.94921875,510300,0.014687877442673762,0.024405324338099527,0.02139736354901796,0.008163965016495302,0.009576784261892166,-0.0029362994486826863,-0.012956170639153573,75.27856221480792,66.80078267379496,56.412011909712305,0.0,1.1246088978514333,1.0827284258320091,1.0837773206181007,0.006281982093184174,0.9468789734224177,1.8883562091674801,0.0012123694639209828,-0.0063256930331386674,0.002068570099130234,0.0031649590662189003,0.0036613642412776787,0.012966269572183062,0.004408904586217774,0.016820985653329304,1.9651713826097392,3.7612765068669844,0.0,0.0,-0.011784009578356569,0.030445105589836707,4.8213466328480246e-05,0.00034010013921062857
2025-03-28,23519.349609375,23649.19921875,23450.19921875,23600.400390625,295400,0.009442722584234713,0.019283576445593746,0.017525815568748482,0.005010921674728789,0.009748798660082318,-0.001724506229144653,-0.01229933796522348,69.43418490955983,64.13449559532964,55.29426766283542,0.0,1.0716866421002251,1.0689306840196058,1.0756460188713146,0.006356157724147704,-0.5478658690581157,-0.48801472744103236,-0.005245154858439049,-0.013388295782290147,-0.0051217478925057805,-0.006355276399927109,-0.003871547980269476,0.0027600440790127075,-0.003153043341766513,0.006820867539913582,-2.6662870784653165,-2.1536126896315153,0.0,0.0,-0.013797741812403341,0.01593377089693937,7.41756309635298e-05,0.0003781579294265987
2025-04-01,23165.69921875,23565.150390625,23136.400390625,23341.099609375,314300,-0.004697855579355181,0.003596020668638529,0.00213824592427982,-0.010001495063436045,0.008333023589355863,-0.0014525513397188215,-0.012113838621655727,48.17742179289747,53.03057738437465,50.263253116771374,0.0,1.2405970557772192,1.1399310819795379,1.1281969504273617,0.006847446421560581,-0.3526508235684419,-0.17718363318832286,-0.014140578163589894,-0.03421950882519677,-0.015687555776955218,-0.031882350425682535,-0.015387569644468663,-0.024876745476025048,-0.015012416738164835,-0.021241607926948694,-11.103918210954987,-18.459600806411814,0.0,0.0,0.07100039795993207,0.06668373042107256,0.0004912886974128769,0.0008422207672388578
2025-04-02,23332.349609375,23350.0,23158.44921875,23192.599609375,341000,0.0020136186717329397,0.009822825661982984,0.008977612212640845,-0.002851030720394061,0.007793513825293025,-0.0008369918245688938,-0.011723394840342634,55.643021939505026,56.824101362189715,52.38057119329008,0.0,1.1495822182805011,1.1095875520199143,1.1058925472246945,0.0067560329745639984,-0.07386291441903244,0.1389056262272523,0.006711474251088121,-0.022374320350065067,0.006226804993344455,-0.022733758261934814,0.0068393662883610255,-0.017379206733907075,0.007150464343041984,-0.014413867993392962,3.793523977815063,-14.82367671549985,0.0,0.0,-0.030343529959623528,0.032495793900955805,-9.141344699658237e-05,0.000541994141567876
2025-04-03,23250.099609375,23306.5,23145.80078125,23150.30078125,283200,-0.0012428571950784614,0.005690441973171074,0.005207128213309117,-0.0063031837371998,0.00694192699215945,-0.0004805790526493344,-0.011450686756437704,51.380918969278426,54.48515606278791,51.263600766170114,0.0,1.0833906246860299,1.0912874405384674,1.095164409208372,0.006591586261373033,-0.7069081300628282,-0.6657429837189588,-0.0032564758668114013,-0.014718365173831242,-0.00413238368881191,-0.01664631226579822,-0.0037704839993317283,-0.012528871094431163,-0.003452153016805739,-0.010058244167477328,-2.338945299401807,-10.350455228397308,0.0,0.0,-0.018300111481446946,-0.0032249948718983124,-0.000164446713190965,0.00035781763451733957
2025-04-04,22904.44921875,23214.69921875,22857.44921875,23190.400390625,466800,-0.013203993625721786,-0.00842598050035404,-0.009358638082638615,-0.020870760930946083,0.004841946151488083,-0.0009405829155903046,-0.011620878443865947,37.35315488794004,45.92930540883512,46.904642713757205,0.0,1.222651524902238,1.1510804160238746,1.1403870257000672,0.006769071835391273,1.7096312284622563,1.6024103465988424,-0.011961136430643324,-0.02789187106839555,-0.014116422473525115,-0.03283130483845357,-0.014565766295947732,-0.030756001631656572,-0.014567577193746283,-0.029034725947441387,-8.555850653952788,-20.871477264959836,0.0,0.0,0.059792975485407185,0.06835199019186544,0.00017748557401823985,0.0004870897422070992
2025-04-07,22161.599609375,22254.0,21743.650390625,21758.400390625,647100,-0.03729516445396716,-0.037032315784693855,-0.0399256505660365,-0.05213006706792396,0.0002730314210213977,-0.003004602157236812,-0.012711949349634107,22.174131265870884,33.68632486681098,39.43190910861755,0.0,2.0584842781241366,1.4788227934210725,1.3719110629450615,0.007062901722171824,1.5824041918871339,2.801544508031973,-0.024091170828245377,-0.04673788703820188,-0.028606335284339812,-0.0563158922302876,-0.03056701248339789,-0.05745146613478498,-0.031259306136977874,-0.05714098874265275,-12.242980542024142,-30.44817072851866,0.0,0.0,0.3277423773971979,0.4098921094014667,0.0002938298867805507,0.0007067439980241201
2025-04-08,22535.849609375,22697.19921875,22270.849609375,22446.75,468300,-0.017278723256566837,-0.018917878680612964,-0.02280386962033475,-0.03577651083129448,-0.0016679759183377031,-0.003960923204365191,-0.013275371041348202,37.17891333099147,42.065143844970315,44.086044980738784,0.0,2.0947706212525437,1.520149297306974,1.398057816110676,0.007331420110419942,0.1925234704213718,0.9903995138333691,0.020016441197400325,-0.012580867677211656,0.01811443710408089,-0.022513899349251493,0.017121780945701753,-0.02494211554461457,0.016353556236629478,-0.025775015767858435,8.378818978159337,-10.965433539404337,0.0,0.0,0.04132650388590142,0.38021821532743605,0.00026851838824811826,0.00048397368885936144
2025-04-09,22399.150390625,22468.69921875,22353.25,22460.30078125,383800,-0.019095040894159216,-0.02265939378659456,-0.02763581691685987,-0.041228245094349074,-0.0036337392928306586,-0.005091800236916271,-0.013978742135884499,34.356229574748866,40.07343790123171,42.839137077055106,0.0,1.8490853454058982,1.4784109479129846,1.3784289293539391,0.007278482763554422,-0.49336470745961797,0.15646667379115298,-0.0018163176375923795,-0.021108659565892154,-0.003741515105981596,-0.03248221944857754,-0.00483194729652512,-0.03661342912950072,-0.005451734263054592,-0.03837721437395501,-1.9917059437386015,-16.750663460958002,0.0,0.0,-0.04173834939398935,0.3688233958930702,-5.293734686552011e-05,0.0005224497889904237
2025-04-11,22828.55078125,22923.900390625,22695.400390625,22695.400390625,402200,-0.00023786851376258176,-0.003567996000708741,-0.00864551488213441,-0.022626017574439633,-0.0033309198078903244,-0.005095700319787483,-0.014102425421158034,48.64491246682103,48.346785658237444,47.661350427582484,0.0,1.9111748707812206,1.511177646819871,1.397555994575065,0.007211234772751186,-0.6863318336042843,0.3048852394657811,0.018857172380396633,0.0010049886813158796,0.019091397785885818,-0.009258437973879815,0.01899030203472546,-0.013852643095443528,0.01860222751990944,-0.016322833837239835,8.27334775700573,-6.138370404550464,0.0,0.0,0.03276669890688644,0.4198902062814036,-6.724799080323578e-05,0.0006196485113781529
2025-04-15,23328.55078125,23368.349609375,23207.0,23368.349609375,388300,0.017651747701433098,0.01656909559250016,0.01254864284093626,-0.0012070672902422326,-0.0010638728930386292,-0.003954923250170817,-0.013585233883266792,60.36502178868177,55.969472182238704,52.50019131178052,0.0,1.958949746283113,1.5384392864866232,1.4126639215568315,0.007204056765253259,-0.6270169405448802,0.1641920943144243,0.01788961621519568,0.030855741327154886,0.0201370915932089,0.0249950760928542,0.02119415772307067,0.021907280923574877,0.0214189502841974,0.01966369364070385,7.62268652400126,10.040166773403584,0.0,0.0,0.027261639666752213,0.38735887046274864,-7.1780074979276715e-06,0.0004349849298619854
2025-04-16,23437.19921875,23452.19921875,23273.05078125,23344.099609375,348400,0.018245851576813844,0.019329455138916103,0.01657614402959244,0.003410235433588783,0.0010641865718620277,-0.0027011003120168244,-0.012951227188762751,62.53272852052287,57.43927111816953,53.4695922477488,0.0,1.712770168593843,1.4765267155945698,1.3755562116864384,0.007089669924829875,-1.13391252426144,-0.24646650286039082,0.0005941038753807457,0.055541016030781,0.002760359546415944,0.05636177092360996,0.00402750118865618,0.05650179459562894,0.004617302723831016,0.05554030250151274,1.4697989359308252,23.75294625135855,0.0,0.0,-0.061912570892053376,-0.0022960778265026516,-0.00011438684042338384,2.676820265805086e-05
2025-04-17,23851.650390625,23872.349609375,23298.55078125,23401.849609375,505300,0.029466488226476538,0.03384392811255443,0.033152812847395616,0.020939122029607817,0.004252144131101511,-0.0006684909069597779,-0.011821766021356078,69.86705391090317,62.57186388467556,56.94554470347705,0.0,1.8275467053401884,1.5190723095006862,1.401846853782916,0.007543754010573314,1.6853567669427298,1.1442686533861668,0.011220636649662694,0.04674521148304338,0.01451447297363833,0.0527618067931674,0.016576668817803175,0.05595668246773036,0.017528886596019033,0.056715632860902296,5.132592766506029,20.506720039705243,0.0,0.0,0.04254559390611634,-0.0010769878062877325,0.0004540840857434388,0.00021233390015337143
2025-04-21,24125.55078125,24189.55078125,23903.650390625,23949.150390625,406100,0.033529683088494674,0.041388057568929736,0.043175427440316036,0.03232756250646557,0.007603433756205137,0.0017163341353835294,-0.010398888478871035,73.81859992127309,65.53034405201471,59.042476040854446,0.0,1.725556952486423,1.4945950428106667,1.386629601566769,0.007602923069555984,-0.0683582810450766,0.12688198276706827,0.0040631948620181366,0.05262472398265389,0.007544129456375302,0.0640474513555243,0.01002261459292042,0.07081124435717591,0.011388440476857751,0.07355580760081465,2.958480167339154,25.456906150783,0.0,0.0,-0.024477266690019484,0.016184094897682133,5.916905898267072e-05,0.00032444030600156226
2025-04-22,24167.25,24242.599609375,24072.0,24185.400390625,440900,0.028710606256783573,0.039108289413913595,0.04313852621271193,0.03376098312188718,0.010107490963823684,0.003878553217077593,-0.008989738999355608,74.41453750636947,65.97134066227866,59.35501389374892,0.0,1.5192461572591072,1.4358659306441341,1.351935876001359,0.007546616866650869,0.39027509311643777,0.4196353247455871,-0.004819076831711101,0.028948474770546156,-0.0022797681550161403,0.04267628541462234,-3.690122760410808e-05,0.05178404109484634,0.0014334206154216142,0.056387000696326815,0.44099661026395154,17.62455500404122,0.0,0.0,-0.05872911216653254,-0.07531171617573684,-5.6306202905115343e-05,0.0003353820938996827
2025-04-23,24328.94921875,24359.30078125,24119.94921875,24357.599609375,415000,0.028934738650825093,0.04169884472257167,0.048058134088213834,0.0402566657469313,0.012405165840239112,0.006104729210231384,-0.007443736265707848,76.80323984370509,67.69719155420327,60.56512073504678,0.0,1.40408170932798,1.394714860177944,1.3258486660622164,0.007647418595436085,-0.14273909095339551,0.10997863185316571,0.00022413239404152005,0.011282990949391995,0.0025905553086580727,0.02512974913007151,0.0049196078755019065,0.03550949124727758,0.006495682625044116,0.04146373303717353,1.7258508919246083,11.727719371964568,0.0,0.0,-0.041151070466190154,-0.1437244263086792,0.00010080172878521639,0.00044336183018282675
2025-04-24,24246.69921875,24347.849609375,24216.150390625,24277.900390625,358800,0.020731821669763145,0.034586440306375504,0.04269470126762593,0.03636095923093102,0.013573221038556724,0.007837200107561143,-0.006074397452096803,72.77139124744535,65.8672360069573,59.62865051834606,0.0,1.2357084231903768,1.3382829934890637,1.2928613367582629,0.007572297405951296,-1.2365741598137765,-0.394875541609273,-0.008202916981061948,0.0024859700929493016,-0.007112404416196164,0.015256985167459401,-0.0053634328205879045,0.02611855723803349,-0.003895706516000276,0.03295072379734224,-1.829955547245973,8.42796488878777,0.0,0.0,-0.05643186668888034,-0.13824372210550617,-7.512118948478901e-05,0.0004826274811214216
2025-04-25,24039.349609375,24365.44921875,23847.849609375,24289.0,387700,0.00979914228429332,0.02334447181888698,0.03241037102193921,0.02721728670139021,0.013413884967214778,0.008859088462107532,-0.005030058265889546,63.03844605023292,61.36389528963377,57.31190768041293,0.0,1.4277205129315749,1.4072054372703349,1.3444471970307044,0.008017357766257019,-0.45606598169783086,-0.1252523635478331,-0.010932679385469825,-0.019667345942183216,-0.011241968487488523,-0.010499456293667452,-0.010284330245686722,-0.000742441825456408,-0.009143672529540812,0.006278164671782393,-4.503340717323532,-1.207968595041791,0.0,0.0,0.06892244378127121,-0.1118668722303513,0.0004450603603057225,0.00047360375568370524
2025-04-28,24328.5,24355.099609375,24054.05078125,24070.25,320500,0.017883823096733212,0.032307534875615884,0.042994860402841256,0.039163692843088675,0.014170292769759379,0.010352850450242139,-0.0036732372374997622,69.64382826441583,64.96152009314287,59.58283643428467,0.0,1.3881734609150038,1.3838647360204082,1.327010598025454,0.007955830541143382,-1.3601824865008074,-0.8545248016783251,0.008084680812439892,-0.015645859991761463,0.008963063056728903,-0.009080522693313851,0.010584489380902048,-0.00018056703747477976,0.011946406141698465,0.006836130336623107,3.597624803509099,-0.568823958871846,0.0,0.0,-0.02334070124992671,-0.11073030679025853,-6.152722511363652e-05,0.000352907471587398
2025-04-29,24335.94921875,24457.650390625,24290.75,24370.69921875,357600,0.01483813223932212,0.029570138018902875,0.041545053141526976,0.03907367282031212,0.014516606453359606,0.011630985282524037,-0.0023728021306045595,69.806010010486,65.05180577924877,59.64019879182831,0.0,1.2473624913799741,1.3336109325692238,1.2960907765549172,0.007845936928264647,-0.29055705319924285,-0.5110580636242709,-0.003045690857411092,-0.013872474017461453,-0.002737396856713009,-0.00953815139501072,-0.0014498072613142801,-0.0015934730711849518,-9.002002277655463e-05,0.005312689698424938,0.09028568610590071,-0.9195348830298968,0.0,0.0,-0.05025380345118435,-0.10225499807491034,-0.0001098936128787354,0.00029932006161377794
2025-04-30,24334.19921875,24396.150390625,24198.75,24342.05078125,424500,0.012048237106617416,0.026742927581344042,0.03977918283204047,0.03859592654700134,0.014519753047283425,0.012696708105314534,-0.0011379880503245886,69.70394275769051,65.0094256790006,59.61958434467185,0.0,1.1602028797735586,1.2963853235516343,1.2730897771776886,0.00782137114248694,1.410324697008121,0.3206292415183803,-0.0027898951327047037,-0.016886501544207677,-0.002827210437558833,-0.014955917141227626,-0.0017658703094865086,-0.008278951256173367,-0.0004777462733107779,-0.0016607391999299559,-0.04238010024816674,-2.687765875202672,0.0,0.0,-0.037225609017589534,-0.09832953662630972,-2.456578577770749e-05,0.00017395254705085406
2025-05-02,24346.69921875,24589.150390625,24238.5,24311.900390625,421100,0.010259551938480257,0.024729914471253753,0.038671247459937684,0.03872500778806626,0.014323410756184238,0.013604885337886778,5.17587525986137e-05,70.06864525616825,65.18390314793311,59.722708190969215,0.0,1.2157333507519896,1.306042463970589,1.2804267113806937,0.008032355237845162,0.8822289814656642,0.21333837313979367,-0.0017886851681371586,-0.010472269731282888,-0.0020130131100902886,-0.009856525835121751,-0.0011079353721027835,-0.004023453807688246,0.0001290812410649142,0.0023640485571352343,0.17447746893250837,-0.6833328590241905,0.0,0.0,0.009657140418954713,-0.03224052951847467,0.00021098409535822218,0.00046005783189386525
2025-05-05,24461.150390625,24526.400390625,24400.650390625,24419.5,291500,0.012246403682842945,0.02678900379039467,0.041774579446643215,0.04315530514645278,0.014366660187323532,0.014594600839051888,0.0013253593695317098,73.47899989806977,66.81552010810762,60.67626715428986,0.0,1.114963866324219,1.2595535888629468,1.2487311263483247,0.007975710817416756,-1.2047155167794752,-1.3679542904875706,0.0019868517443626874,0.0024472613985496248,0.002059089319140915,0.0034445319715076875,0.0031033319867055306,0.009364208424704007,0.0044302973583865216,0.01593801844506257,1.6316169601745116,5.451624818473853,0.0,0.0,-0.046488875107642214,-0.1476518484073881,-5.664442042840542e-05,-4.1646948840262654e-05
2025-05-06,24379.599609375,24509.650390625,24331.80078125,24500.75,302400,0.007246962310297338,0.02119661341310604,0.03674421095112664,0.03926723609711725,0.013849285850227565,0.015224881608308975,0.0024336042770626474,67.12145811167323,64.49617871491148,59.633045884721305,0.0,1.0408551266427497,1.225605056654485,1.2279840690226278,0.007579043611113869,-0.9041814386758088,-1.1817167075883348,-0.004999441372545607,-0.010636860786435873,-0.00559239037728863,-0.011110921462509846,-0.0050303684955165726,-0.006250649451714614,-0.0038880690493355297,0.00010354325402857356,-2.31934139319614,-0.4653413782313862,0.0,0.0,-0.033948532208461835,-0.15825967936592322,-0.00039666720630288695,-0.0003767869300295131
2025-05-07,24414.400390625,24449.599609375,24220.0,24233.30078125,330100,0.00709451180650338,0.02055251389642622,0.03667016366318631,0.04032891070399085,0.013363196732928451,0.01579306262763842,0.0035293260759776883,68.47924093845454,65.05366541032495,59.937868207696724,0.0,1.0195825734139685,1.2036129779417173,1.2126238332011918,0.007588813418711956,-0.3696173264165019,-0.9090986888705714,-0.0001524505037939581,-0.00774362043281874,-0.0006440995166798191,-0.009017624122476656,-7.4047287940332e-05,-0.004874889478340666,0.0010616746068735985,0.0012552378836787267,0.5574866954134734,0.0018596310761864743,0.0,0.0,-0.02199207871276765,-0.12999795462750652,9.769807598087113e-06,-0.00025712350955269057
2025-05-08,24273.80078125,24447.25,24150.19921875,24431.5,411400,0.001059112087497966,0.013323383365155206,0.029460710120097298,0.03398450010867202,0.012251295782206791,0.015925149877970342,0.004394329908954925,57.32147966900223,60.89350403072259,58.09970486363929,0.0,1.0651407087380127,1.2115250185638886,1.2198430168127927,0.007718659534982834,0.9846923166763936,0.13702190695706792,-0.0060353997190054146,-0.01098912501911945,-0.007229130531271014,-0.013419544216188836,-0.007209453543089012,-0.01031847271194317,-0.006344410595318831,-0.004611426438329326,-4.160161379602364,-4.115921648278011,0.0,0.0,0.007912040622171324,-0.08486030498774566,0.00012984611627087778,-0.0001027116075041053
2025-05-09,24008.0,24164.25,23935.75,23935.75,335600,-0.008116737138492274,0.0020244820293536447,0.017462292354329046,0.022431703082836846,0.010224206363346906,0.015406619899855062,0.004884122749167411,42.167802649431046,53.8787458150248,54.804621562300206,0.0,1.1431617094020643,1.2380194648586202,1.2416686612701608,0.007659311154913365,0.02982584089434936,-0.8958723136376814,-0.00917584922599024,-0.01837628907697253,-0.01129890133580156,-0.022705432441900108,-0.011998417765768252,-0.021208955105608638,-0.011552797025835171,-0.01629330470522941,-7.014758215697789,-11.305157332908308,0.0,0.0,0.026494446294731633,-0.06802299911196874,-5.934838006946882e-05,-0.0003730440829317963
2025-05-12,24924.69921875,24944.80078125,24378.849609375,24420.099609375,368700,0.02421514672703905,0.03648896436104192,0.053984595431601695,0.06082243060949868,0.011983632221437876,0.016879708006679265,0.006487604474994171,71.97641385221254,67.69893245502726,62.42616415435957,0.0,1.6325989061424093,1.3757750350707023,1.3180265132758016,0.007542973729446555,0.45600787425479616,-0.21900267266213083,0.032331883865531326,0.011968743044196106,0.03446448233168827,0.009699960570647249,0.03652230307727265,0.01221001598495848,0.03839072752666183,0.0176671254630459,13.820186640002461,0.8834123469196413,0.0,0.0,0.13775557021208207,0.11622144620775554,-0.00011633742546681043,-0.0004327370879702013
2025-05-13,24578.349609375,24973.80078125,24547.5,24864.05078125,423000,0.008152961976931635,0.020038022155103967,0.03773768754688085,0.04560198181426906,0.011788945354945336,0.017351966306492765,0.00757830650439101,58.65096513120049,60.34187534711952,58.55706163163359,0.0,1.6713752396824364,1.4193973038721401,1.355545249723649,0.007295510445258731,1.1582410554758809,0.7823442328013588,-0.016062184750107414,0.0009059996666342966,-0.01645094220593795,-0.0011585912580020716,-0.016246907884720843,0.00099347659575421,-0.015220448795229616,0.006334745717151813,-7.3570571079077425,-4.154303367791961,0.0,0.0,0.043622268801437825,0.1937922472176552,-0.00024746328418782416,-0.0002835331658551385
2025-05-14,24666.900390625,24767.55078125,24535.55078125,24613.80078125,345500,0.009621763274354019,0.021510911163284865,0.039785205835253634,0.048853839273310225,0.01177584351031872,0.01788947574838747,0.008721641149694762,60.81486645977635,61.49403508815213,59.227080995712335,0.0,1.520406511624302,1.380461131689667,1.3311482000674757,0.007399511379307086,-0.804228992213442,-0.6362225981968882,0.001468801297422384,0.0025272514678506388,0.0014728890081808985,0.000958397266858646,0.002047518288372782,0.003115042172067324,0.003251857459041163,0.008524928569319377,1.1521597410326123,-3.559630322172822,0.0,0.0,-0.03893617218247303,0.17684815374794982,0.00010400093404835508,-0.00018930203940487056
2025-05-15,25062.099609375,25116.25,24494.44921875,24694.44921875,500800,0.021008389211053104,0.03431546219319246,0.05411079379515004,0.0649622321933674,0.013033265076716863,0.01913858230445766,0.01029440023012056,69.20581808467357,66.21196820845032,62.065576739595045,0.0,1.6933532731439727,1.4388605844924323,1.3659139088109822,0.007996126658120826,1.5536480341608743,1.95225016530351,0.011386625936699086,0.01994927712355514,0.012804551029907595,0.020992078828037254,0.014325587959896406,0.024650083675052743,0.016108392920057175,0.030977732084695384,4.717933120298184,5.318464177727726,0.0,0.0,0.05839945280276515,0.22733556592854365,0.0005966152788137403,0.000277467123137992
2025-05-16,25019.80078125,25070.0,24953.05078125,25064.650390625,432700,0.015723643236002827,0.0295214857313133,0.05017650973711596,0.06249704520125218,0.013584248616436461,0.02006274205256679,0.011731871118713506,67.40350023513264,65.28989232498522,61.589660223781195,0.0,1.4504581957547975,1.3717312507776034,1.325328071482373,0.007956762109310851,0.3060651307873263,0.7323920200381581,-0.005284745975050277,0.023840380374495103,-0.004793976461879158,0.027497003701959656,-0.003934284058034081,0.03271421738278692,-0.0024651869921152175,0.04006534211841534,-0.922075883465098,11.411146509960417,0.0,0.0,-0.06712933371482888,0.13371178591898314,-3.936454880997496e-05,0.00029745095439748584
2025-05-19,24945.44921875,25062.94921875,24916.650390625,25005.349609375,255300,0.010371212560459182,0.02399867477332563,0.04512709574643046,0.0587145018330595,0.013487579657314317,0.020633250309412612,0.013000721292107451,63.986196164919264,63.612934865248775,60.740645127236746,0.0,1.2811201097926943,1.3194380174746156,1.2939067147494914,0.007931687771364345,-1.4493594904634952,-2.0109295670409235,-0.005352430675543645,-0.013843934166579868,-0.005522810957987671,-0.012490289587716287,-0.0050494139906855015,-0.008857499685171237,-0.003782543368192684,-0.002107928776439179,-1.6769574597364425,-4.085997589778486,0.0,0.0,-0.05229323330298774,-0.05633701759608667,-2.507433794650578e-05,0.0003887140419177905
2025-05-20,24683.900390625,25010.349609375,24669.69921875,24996.19921875,414800,-0.00018193761733053634,0.012042046302322787,0.03278521807899838,0.04711796393968914,0.0122262083268653,0.0204963537359584,0.013877760457638957,52.96561154631996,57.972110625960745,57.8323696705646,0.0,1.3117659937714006,1.3367495601840136,1.311066097333393,0.007553520105446903,0.2676632006606105,0.6264578589245137,-0.010553150177789718,-0.00833489959426217,-0.011956628471002843,-0.00799597585278118,-0.012341877667432076,-0.00495246946788247,-0.01159653789337036,0.0015159821254200762,-5.64082423928803,-2.3697647211587736,0.0,0.0,0.017311542709397942,-0.08264774368812655,-0.0003781676659174423,0.0002580096601881724
2025-05-21,24813.44921875,24946.19921875,24685.349609375,24744.25,332700,0.004140621278261479,0.015751114223792887,0.036652424309747945,0.052062792570428354,0.011562616529496998,0.020577196316370495,0.014865511235302768,57.22311488940452,59.870253692862256,58.84455131275258,0.0,1.2553505636698084,1.3102928510377283,1.2924526685918134,0.007560944824923794,-0.5742775161866284,-0.6539570998858616,0.004322558895592015,-0.00548114199609254,0.0037090679214701,-0.005759796939491978,0.0038672062307495633,-0.0031327815255056887,0.004944828630739216,0.003208953297118129,1.8981430669015111,-1.6237813952898748,0.0,0.0,-0.026456709146285284,-0.07016828065193881,7.424719476891058e-06,0.00016143344561670835
2025-05-22,24609.69921875,24737.5,24462.400390625,24733.94921875,403300,-0.0033608592462980673,0.006732287081655902,0.027006848627259057,0.04297337029963136,0.010127182362435708,0.02013898014970358,0.01554665550060726,49.07252857679127,55.61584948411546,56.62755256361591,0.0,1.2978882126622895,1.3286642604822811,1.3090252207627628,0.007648653500510694,0.4839798263303786,0.5499658815913032,-0.0075014805245595464,-0.02436924845735117,-0.009018827142136986,-0.02758317511153656,-0.009645575682488888,-0.027103945167890983,-0.009089422270796996,-0.021988861893736042,-4.254404208746799,-10.596118724334858,0.0,0.0,0.018371409444552844,-0.11019632401015111,8.77086755868995e-05,-0.00034747315761013246
2025-05-23,24853.150390625,24909.05078125,24614.05078125,24639.5,270500,0.005310583589267415,0.015150987084681648,0.035657021934617686,0.052732752178104185,0.009788421266073785,0.020199985136029292,0.01648782355725148,57.509235179916544,59.33424377417408,58.56204070159537,0.0,1.269035980583017,1.3077086539754583,1.2918348755973639,0.0076298189089940285,-0.8831102010357255,-1.522799980916102,0.008671442835565483,-0.010413059646735412,0.008418700003025748,-0.014370498646631653,0.008650173307358629,-0.014519487802498274,0.009759381878472827,-0.009764293023147998,3.718394290058619,-5.955648550811141,0.0,0.0,-0.02095560650682282,-0.06402259680214506,-1.88345915166652e-05,-0.0003269432003168227
2025-05-26,25001.150390625,25079.19921875,24900.5,24919.349609375,302800,0.009224206543135535,0.01923220491831646,0.04011836715023806,0.058380397871678466,0.00991652628850532,0.020492054834153776,0.01755764660850622,61.97675645527238,61.44871101091153,59.69535750532532,0.0,1.1900496480710705,1.2716949701307405,1.2660907146616247,0.007652717991516343,-0.6695798367290641,-0.923374658630096,0.00391362295386812,-0.0011470060173236468,0.004081217833634812,-0.00476646985500917,0.004461345215620374,-0.005008728596192398,0.005647645693574281,-0.0003341039613810326,2.114467236737454,-2.1642238543372443,0.0,0.0,-0.036013683844717814,-0.047743047343875133,2.289908252231434e-05,-0.0002789697798480026
2025-05-27,24826.19921875,25062.900390625,24704.099609375,24956.650390625,525700,0.001768159421308146,0.010987821106784432,0.031511483842410495,0.05044135350880753,0.0092033886271672,0.02030060333779063,0.018351584022974436,54.12807673453471,57.63376066380722,57.758842538649326,0.0,1.2477988890297764,1.292413360110607,1.2831194588297117,0.007348161266366861,1.565356728063109,2.0949780593093514,-0.007456047121827389,0.0019500970386386823,-0.008244383811532028,-0.0010542251955383553,-0.008606883307827565,-0.0012737342365878868,-0.007939044362870934,0.0033233895691183943,-3.8149503471043076,-0.3383499621535222,0.0,0.0,0.020718389979866414,-0.04433620007340666,-0.0003045567251494822,-0.00020535883908004253
2025-05-28,24752.44921875,24864.25,24737.05078125,24832.5,684400,-0.0009883722258011336,0.0072533968656781226,0.027301188196868574,0.04682795428210525,0.008249923086322773,0.01990342389866759,0.01900782974807056,50.95454634592657,56.05392471943381,56.95119370955093,0.0,1.1039904446098492,1.2403799150782344,1.2501302728420092,0.007269227269187481,1.4511525364106603,2.930080574263377,-0.00275653164710928,-0.005128993504062612,-0.0037344242411063095,-0.008497717358114765,-0.004210295645541921,-0.009351236112879371,-0.003613399226702285,-0.005234838288323107,-1.5798359443734142,-3.8163289734284476,0.0,0.0,-0.052033445032372505,-0.06991293595949388,-7.893399717937965e-05,-0.00029171755573631324
2025-05-29,24833.599609375,24892.599609375,24677.30078125,24825.099609375,345400,0.0018702950523379084,0.009586851504144706,0.029431063991485904,0.04973498648067637,0.007702151156606238,0.019655775486552805,0.019723440645422752,54.38758366609795,57.43649028891688,57.62729709631394,0.0,1.0536994599515888,1.2099437300629803,1.227993745019736,0.007318281404295185,-0.45907782285793325,-0.3911348126962198,0.002858667278139042,0.005231154298635975,0.002333454638466583,0.002854564422488804,0.00212987579461733,0.002424215364226847,0.0029070321985711217,0.00676161618104501,1.38256556948307,1.820640804801421,0.0,0.0,-0.030436185015254136,-0.11872053041930086,4.90541351077043e-05,-0.00033037209621550843
2025-05-30,24750.69921875,24863.94921875,24717.400390625,24812.599609375,853900,-0.0012064734305740972,0.005648274598323533,0.02494975221241347,0.04574967205321581,0.006863028089941428,0.019193069884994675,0.020293599560275523,50.199708604522876,55.51504944363494,56.68416188931309,0.0,0.9642029402572648,1.1695751504115588,1.2016302805086376,0.007259811653436748,1.3475281497384621,3.072110073639864,-0.0030767684829120056,-0.006517057019841512,-0.0039385769058211725,-0.009502712486358115,-0.004481311779072433,-0.010707269722204215,-0.003985314427460557,-0.006983080124888373,-1.9214408452819356,-3.8191943305391334,0.0,0.0,-0.04036857965142149,-0.13813350356389953,-5.846975085843729e-05,-0.0003700072555572805
2025-06-02,24716.599609375,24754.400390625,24526.150390625,24669.69921875,311100,-0.0021139752435138087,0.003873744072404075,0.022593754925671245,0.043848701615341025,0.006000404021470352,0.01864777414869513,0.02078532808095892,48.410848956072286,54.70438932267897,56.29117944501186,0.0,0.9571202326367156,1.1534944190441785,1.1899633341880655,0.007057436265014095,-1.0174542012249372,-0.6654409411988051,-0.0009075018129397114,-0.011338181786649344,-0.001774530525919458,-0.015358460845912386,-0.0023559972867422257,-0.017524612224566815,-0.0019009704378747869,-0.014531696256337441,-0.8106601209559727,-6.74432168823256,0.0,0.0,-0.016080731367380308,-0.11820055108656202,-0.00020237538842265285,-0.0005952817265022477
2025-06-03,24542.5,24845.099609375,24502.150390625,24786.30078125,349300,-0.007493025404107295,-0.0029075499713717024,0.014778295515185164,0.03611974427537136,0.004620093913801065,0.017737417915509313,0.021030651576314525,39.934344188671375,50.6386175612061,54.298037570624274,0.0,1.0506016269528713,1.1785121962430378,1.2078791745985171,0.00721348451882083,-0.6496769823571751,-0.42208160126562466,-0.005379050160593486,-0.009261184825415441,-0.0067812940437757775,-0.013895371078156134,-0.007815459410486081,-0.016733188327225333,-0.007728957339969665,-0.014321609233436172,-4.065771761472874,-6.995143102601126,0.0,0.0,0.025017777198859337,-0.1139011638675691,0.00015604825380673495,-0.00013467674754603053
2025-06-04,24620.19921875,24644.25,24530.44921875,24560.44921875,280900,-0.0035625987113985587,0.0002264946973359396,0.017273271305898286,0.038992674266357726,0.0038026406915621694,0.017042916478352862,0.021350608113961077,44.95285174040558,52.341046002107596,55.03490022982298,0.0,0.9302738684238606,1.123895224564254,1.1687414054339156,0.007185053284727491,-0.614335647155332,-0.8705129217753813,0.003930426692708737,-0.002574226485597425,0.003134044668707642,-0.007026902168342183,0.0024949757907131217,-0.010027916890970288,0.0028729299909863656,-0.007835280015747521,1.7024284409014996,-3.7128787173262126,0.0,0.0,-0.05461697167878388,-0.11648469051398047,-2.84312340933391e-05,-8.417398445998998e-05
2025-06-05,24750.900390625,24899.849609375,24613.099609375,24691.19921875,388400,0.0014127079666661883,0.0050305533987442105,0.02176515045518409,0.044045995323762036,0.00361274168312077,0.01665083414613412,0.021806229013244482,52.70731817000342,55.14359691077222,56.264993361210685,0.0,0.9719978665498011,1.1208591265003343,1.1623779629842523,0.007322039450759216,-0.20415441519661737,-0.12272746546868583,0.004975306678064747,-0.0004575870856717201,0.004804058701408271,-0.004556298105400495,0.004491879149285803,-0.007665913536301815,0.00505332105740431,-0.005688991156914333,2.802550908664621,-2.2928933781446617,0.0,0.0,-0.00303609806391969,-0.08908460356264603,0.00013698616603172523,3.7580464640309466e-06
2025-06-06,25003.05078125,25029.5,24671.44921875,24748.69921875,335600,0.009482848710355131,0.013861963592784786,0.0308737112928341,0.05410869638760351,0.004337978488712421,0.016779155655238725,0.022539118846701473,64.09228596330013,60.02718057973716,58.534461910440434,0.0,1.0561620562200493,1.1325892796291144,1.1640543331596405,0.007337915299579017,0.06283774355406642,-0.48595673546569323,0.008070140743688942,0.010689322140929228,0.008831410194040577,0.008213688994461253,0.00910856083765001,0.005923959080420628,0.010062701063841474,0.008359024334387698,4.8835836689649454,4.512131136102219,0.0,0.0,0.011730153128780119,-0.03698587078244442,1.587584881980117e-05,7.81036461422694e-05
2025-06-09,25103.19921875,25160.099609375,25077.150390625,25160.099609375,279200,0.01103980630255521,0.016267073015197316,0.03358406384980247,0.057716968676247746,0.005170188829417701,0.017039803113198172,0.02334875862593815,67.69581462053168,61.80579135541008,59.4021757626352,0.0,0.9666813847493261,1.0921809891780698,1.1339914423726267,0.007213053421757678,-1.0151217130050407,-0.8285106989244109,0.0015569575922000783,0.013153781546069018,0.0024051094224125293,0.012393328942793241,0.00271035255696837,0.010990308924131224,0.003608272288644236,0.01386826706090672,1.7786107756729166,7.101402032731109,0.0,0.0,-0.04040829045104455,-0.06131342986610866,-0.00012486187782133947,0.00015561715674358278
2025-06-10,25104.25,25199.30078125,25055.44921875,25196.05078125,307300,0.009048961669119048,0.01480496914416806,0.0322660594804989,0.057153655922102795,0.005704388680533113,0.017206350843016253,0.0241096723204567,67.73544979404608,61.82498459031922,59.411417540233494,0.0,0.887916092133227,1.0550553809343346,1.107233157836117,0.0069078429433438995,-0.24159793047022293,-0.5939090187228933,-0.0019908446334361615,0.016541987073226343,-0.001462103871029255,0.01771251911553976,-0.0013180043693035715,0.017487763965313735,-0.0005633127541449512,0.021033911646731435,0.019193234909138823,11.186367029113121,0.0,0.0,-0.03712560824373523,-0.12345681530870323,-0.0003052104784137784,-0.0003056415754769306
2025-06-11,25141.400390625,25222.400390625,25081.30078125,25134.150390625,301200,0.00860893295044136,0.01480235008139826,0.03242544008681107,0.058099874231139687,0.0061405535174466055,0.017366031921387696,0.02486807584106973,69.28964193853466,62.54168014306887,59.74738114481362,0.0,0.8215280736688906,1.0183340681595057,1.07967452684368,0.006623068487397209,-0.5026956790114754,-0.6153422391733374,-0.0004400287186776871,0.012171531661839919,-2.619062769800354e-06,0.01457585538406232,0.0001593806063121747,0.015152168780912786,0.000946218309036892,0.01910719996478196,0.7166955527496484,10.20063414096127,0.0,0.0,-0.03672131277482893,-0.10556115640474828,-0.0002847744559466908,-0.0005619847973302823
2025-06-12,24888.19921875,25196.19921875,24825.900390625,25164.44921875,328300,-0.0012676003361533669,0.004163892475648537,0.021145694537613353,0.04694942088357666,0.0054383865123731195,0.01691138487373627,0.025269387594732542,50.10002985697494,54.96730297548737,56.44512051545833,0.0,0.9614785440270439,1.0614909114408628,1.1095724698664515,0.006694734062690805,0.799484686051973,-0.3817172035573718,-0.009876533286594727,-0.002680308302819555,-0.010638457605749723,-0.0008666609230956737,-0.01127974554919772,-0.0006194559175707361,-0.011150453347563025,0.0029034255598146264,-7.5743771675814955,-0.17629393528484627,0.0,0.0,0.04315684328135716,-0.05936821505947143,7.166557529359602e-05,-0.0006273053880684115
2025-06-13,24718.599609375,24754.349609375,24473.0,24473.0,318700,-0.0066152368864380185,-0.002435994213347596,0.013623201440927523,0.03940324735302407,0.004207073460631145,0.016098411291024146,0.025433559408909182,41.1863486799954,50.551073937068594,54.35817669944796,0.0,1.1104010925938135,1.1124118578876045,1.1439720634753938,0.005928832427262144,0.6292432963246299,-0.4071827530804887,-0.005347636550284651,-0.016098085596793148,-0.006599886688996133,-0.01629795780613238,-0.007522493096685829,-0.017250509851906577,-0.007546173530552591,-0.014705449034579439,-4.416229038418777,-9.476106642668569,0.0,0.0,0.05092094644674172,-0.020177421741509827,-0.0007659016354286605,-0.0014090828723168731
2025-06-16,24946.5,24967.099609375,24703.599609375,24732.349609375,305800,0.002080137265565692,0.006142897062196084,0.022048009681302033,0.04847527663780543,0.004054326241528627,0.01580800566753169,0.02585716786899671,54.013182739040055,55.70147800480522,56.59454415352104,0.0,1.0914576397855895,1.0989644213072562,1.1298421441449953,0.006000207700551695,-0.5852135929079105,-0.5168071599557035,0.00869537415200371,-0.008959669036989517,0.00857889127554368,-0.010124175953001233,0.00842480824037451,-0.011536054168500436,0.00907202928478136,-0.009241692038442315,5.150404067736623,-6.104313350604862,0.0,0.0,-0.013447436580348304,0.0067834321291864175,7.137527328955097e-05,-0.0012128457212059827
2025-06-17,24853.400390625,24982.05078125,24813.69921875,24977.849609375,242400,-0.0013582615616744855,0.002170438960188962,0.017506189303732666,0.04409943659189389,0.0035334999390087825,0.015302537120787009,0.026135710590968163,48.92755649328629,53.260965990923815,55.44366644946062,0.0,1.0119126261779312,1.0726737518915335,1.1123270440792514,0.005993490784280887,-1.6956779589390671,-0.8708420717788632,-0.0034383988272401775,-0.010407223230793534,-0.003972458102007121,-0.012634530183979099,-0.004541820377569367,-0.014759870176766231,-0.004375840045911544,-0.013054219330208908,-2.4405120138814027,-8.564018599395403,0.0,0.0,-0.02629066941572278,0.01761837095719887,-6.716916270807852e-06,-0.0009143521590630121
2025-06-18,24812.05078125,24947.55078125,24750.44921875,24788.349609375,237600,-0.002472055504896443,0.0004573312561319342,0.015183776788809238,0.041923139106089705,0.0029366463137141282,0.014719713747499258,0.026339430287057385,46.6515120538814,52.167704147410134,54.929178116372746,0.0,0.9697548658559927,1.0544554471731575,1.0989520665060073,0.005986058042704624,-1.1312430975350267,-0.8550487183875805,-0.0011137939432219576,-0.011080988455337804,-0.0017131077040570277,-0.014345018825266327,-0.002322412514923428,-0.017241663298001836,-0.0021762974858041823,-0.016176735125049982,-1.0932618435136803,-10.373975995658732,0.0,0.0,-0.018218304718375933,0.036121379013651866,-7.432741576262995e-06,-0.0006370104446925843
2025-06-19,24793.25,24863.099609375,24733.400390625,24803.25,274600,-0.002642568327297458,-0.0002734102938312227,0.013841443328456996,0.0407076937015441,0.0023754352835099832,0.014118713823983354,0.026499459604733447,45.528052205467574,51.64859008825798,54.68988546873395,0.0,0.8810168072594975,1.0172456189796442,1.0723252949149154,0.0058304284286893535,-0.03346346223328605,-0.5672136681518665,-0.00017051282240101474,-0.001374967991144091,-0.0007307415499631569,-0.004437302769479759,-0.0013423334603522418,-0.007304251209156357,-0.0012154454045456078,-0.006241727182032565,-0.5191140591521517,-3.3187128872293883,0.0,0.0,-0.03720982819351337,-0.044245292461218666,-0.00015562961401527093,-0.0008643056340014513
2025-06-20,25112.400390625,25136.19921875,24783.650390625,24787.650390625,574700,0.008326652820583053,0.011437395619240818,0.02581027688129599,0.05353700163973742,0.003085054619905276,0.01421035184610269,0.027029096299110177,63.11821987467652,59.09057245226435,57.917223051426944,0.0,0.9766327450292313,1.0328579888251839,1.0751346827634767,0.005754698793541947,1.7546550561267107,1.2353008732014634,0.010969221147880511,0.014941889707021072,0.011710805913072041,0.013873389832588415,0.011968833552838995,0.012187075440368468,0.01282930793819332,0.014133754286713346,7.441982364006364,8.539498515195753,0.0,0.0,0.015612369845539709,-0.07955386906242068,-7.57296351474061e-05,-0.0001741336337201969
2025-06-23,24971.900390625,25057.0,24824.849609375,24939.75,248500,0.0021959268980158288,0.005250477864309734,0.019268761364842818,0.04714621898475004,0.0030478580927267513,0.013945065244152309,0.027350448357289163,54.13906329021698,55.071964062988286,56.09318234463353,0.0,1.0160015557622681,1.0467283401032546,1.0845320078368632,0.005756785921391864,-0.46068284117785097,-0.7809600803409024,-0.006130725922567224,0.00011578963245013679,-0.006186917754931084,-0.0008924191978863499,-0.006541515516453173,-0.0027792483164592145,-0.0063907826549873745,-0.001329057653055389,-4.018608389276061,-0.6295139418169313,0.0,0.0,0.01387035127807068,-0.052236081204001694,2.0871278499168602e-06,-0.00024342177915983101
2025-06-24,25044.349609375,25317.69921875,24999.69921875,25179.900390625,450200,0.004171742368622743,0.007418983049238006,0.021335694192022536,0.04966008755763343,0.003233750307448134,0.013814223651674376,0.027732697022812156,57.75453578524785,56.7069634822824,56.820387889725126,0.0,1.0865991213477328,1.0677750089576232,1.095649455396,0.005948837877818492,0.62436822803088,0.499927419472811,0.0019758154706069147,0.0055300039302972285,0.0021685051849282717,0.005248544089049043,0.0020669328271797176,0.0038295048882898697,0.002513868572883389,0.005560650965739544,1.634999419294111,3.4459974913585825,0.0,0.0,0.021046668854368678,-0.004898742933910238,0.0001920519564266275,-4.4652906462395656e-05
2025-06-25,25244.75,25266.80078125,25125.05078125,25150.349609375,260600,0.009965382369743248,0.01405310408902162,0.02831828374350659,0.05744838673686717,0.004047387950750454,0.014067487784380035,0.028327905332301277,66.32243691156906,60.941142761338696,58.77880383016493,0.0,1.0386142885834817,1.0465757812666767,1.0771531042384102,0.005607032791412271,-0.698530183619314,-0.6272512494938108,0.005793640001120505,0.012437437874639691,0.0066341210397836145,0.013595772832889687,0.006982589551484054,0.013134506954697351,0.0077882991792337375,0.015525247630777464,4.234179279056299,8.773438613928562,0.0,0.0,-0.02119922769094651,-0.007879665906480815,-0.00034180508640622043,-0.0003790252512923531
2025-06-26,25549.0,25565.30078125,25259.900390625,25268.94921875,428900,0.01803988626334227,0.02382897605710543,0.03905270507786957,0.06944582721539698,0.005686505874550442,0.014869406294196363,0.029250799299203656,75.2230664955912,66.32587616044496,61.52617805706207,0.0,1.0719269667843863,1.0498653834053195,1.0733889401867414,0.005675244204573142,0.26351955618222184,0.5243337754655681,0.008074503893599021,0.020682454590639728,0.00977587196808381,0.02410238635093665,0.010734421334362983,0.025211261749412576,0.011997440478529811,0.028738133513852883,5.384733399106267,14.67728607218698,0.0,0.0,0.003289602138642822,0.03261976442567538,6.821141316087041e-05,-0.00015518422411621175
2025-06-27,25637.80078125,25654.19921875,25523.55078125,25576.650390625,564000,0.01758597097742205,0.024835894546983338,0.04092257406646767,0.0723822226058764,0.007124630032583406,0.01569683459086419,0.0302228516540942,77.26874107030042,67.72446175241916,62.286975526770036,0.0,0.9564899352612809,1.0078978572214519,1.0430006944635897,0.005561445002656014,1.2920357531663746,2.3138738197697815,-0.0004539152859202207,0.009259318156838996,0.001006918489877908,0.01339849892774252,0.001869868988598096,0.015112297185171677,0.002936395390479421,0.018845220966138984,1.3985855919741965,8.633889300154813,0.0,0.0,-0.041967526183867676,-0.024960131603732005,-0.00011379920191712748,-0.00019325379088593313
2025-06-30,25517.05078125,25669.349609375,25473.30078125,25661.650390625,271000,0.010442955771210878,0.018157044064794996,0.034558628353514885,0.06661687553631346,0.007634362978656637,0.016109090816913408,0.030987366306942706,68.32014483535312,63.84160323498923,60.59723069776305,0.0,0.9224739760049357,0.995212920812216,1.0346205421855934,0.0055699678192468,-0.9634377783148527,-0.6764184590735837,-0.0071430152062111705,0.00824702887319505,-0.006678850482188341,0.012906566200485262,-0.006363945712952783,0.015289866988672067,-0.005765347069562943,0.019470656551563416,-3.8828585174299306,8.769639172000943,0.0,0.0,-0.012684936409235847,-0.05151541929103853,8.522816590785832e-06,-0.00018681810214506416
2025-07-01,25541.80078125,25593.400390625,25501.80078125,25551.349609375,260700,0.009326740109955791,0.017373939342135568,0.03411991279012012,0.06693322500792363,0.007972838638262092,0.01645999843362707,0.0317306647052866,69.17384485202746,64.29348643788433,60.82314089177192,0.0,0.8089893346419093,0.9488469681079229,1.0014755323440416,0.005417686183921904,-0.7083955090893685,-0.7257290696020152,-0.0011162156612550874,0.005154997741333048,-0.0007831047226594286,0.009954956292897561,-0.0004387155633947676,0.012784218598097582,0.000316349471610175,0.017273137450290202,0.45188320289509676,7.586522955601929,0.0,0.0,-0.04636595270429311,-0.11892804084970032,-0.00015228163532489576,-0.0005311516938965874
2025-07-02,25453.400390625,25608.099609375,25378.75,25588.30078125,309800,0.004767767246164204,0.012577614484392945,0.029308034305795143,0.06257192673423957,0.007772788392320471,0.016522604867105786,0.03231675195353825,62.190378095180975,61.34460656020463,59.558332151606415,0.0,0.8296505535245373,0.9484933776947008,1.0000062175674915,0.00528788927689337,-0.4429331136492279,-0.24838185064823895,-0.004558972863791587,-0.005197615123579045,-0.004796324857742623,-0.0014754896046286752,-0.0048118784843249746,0.0009897505622885536,-0.004361298273684061,0.005123539997372403,-2.948879877679694,0.40346379886593553,0.0,0.0,-0.0003535904132221379,-0.09808240357197595,-0.00012979690702853448,-0.0003191435145189015
2025-07-03,25405.30078125,25587.5,25384.349609375,25505.099609375,293400,0.0023461765986192893,0.00968527761807958,0.026261701347476372,0.05992523214430873,0.007321922496242701,0.0164174164928915,0.03280209205179566,58.4448783764859,59.73906851786323,58.86759323103815,0.0,0.8249046201609205,0.939528340882084,0.9922680096191013,0.005365668785201094,-0.36578456449658137,-0.36780529915655613,-0.0024215906475449143,-0.01569370966472298,-0.0028923368663133654,-0.01414369843902585,-0.0030463329583187704,-0.0127910037303932,-0.0026466945899308453,-0.009520595071088253,-1.6055380423414007,-6.586807642581732,0.0,0.0,-0.008965036812616733,-0.1103370425232355,7.777950830772408e-05,-0.0003095754193720478
2025-07-04,25461.0,25470.25,25331.650390625,25428.849609375,193500,0.0037145412408438674,0.010805526837665334,0.027363002499108453,0.06159149602408993,0.00706474331641666,0.01638047598853527,0.03331684462231856,61.57162663834843,61.0116094494705,59.432595823584315,0.0,0.7673521142266515,0.9093935322412866,0.9688717305032546,0.00513641909317281,-1.616214859252736,-1.2519459399082182,0.0013683646422245782,-0.013871429736578181,0.0011202492195857543,-0.014030367709318004,0.0011013011516320809,-0.013559571567359215,0.0016662638797812004,-0.010790726581786474,1.2725409316072671,-6.7128523029486615,0.0,0.0,-0.030134808640797428,-0.09850432498016526,-0.00022924969202828358,-0.0004250259094832039
2025-07-07,25461.30078125,25489.80078125,25407.25,25450.44921875,196100,0.0030468072327782146,0.009824400349961425,0.026273398881347283,0.0609536984241573,0.006757005822969862,0.016288969176903773,0.033792456844942136,61.58983466924557,61.01877467340441,59.435716193301886,0.0,0.6787185587150282,0.8675854898356214,0.938163156933273,0.0048590353967440745,-1.0108901330484368,-1.1479058878236088,-0.0006677340080656529,-0.007396148538432664,-0.000981126487703909,-0.008332643714833571,-0.00108960361776117,-0.008285229472167602,-0.0006377975999326269,-0.005663177112156158,0.00716522393391017,-2.8228285615848208,0.0,0.0,-0.04180804240566516,-0.12762743097659457,-0.00027738369642873583,-0.0007109324225027256
2025-07-08,25522.5,25548.05078125,25424.150390625,25427.849609375,210400,0.004461003221943955,0.011125455527544102,0.02758201508967266,0.06283224368848903,0.006634854199638432,0.016275487351411325,0.03430405367277689,65.47320778064585,62.52775632585916,60.083559575581276,0.0,0.6387639811110926,0.8383587464687668,0.9144631962904853,0.004873772917598517,-0.536944463500892,-0.9442285129874471,0.0014141959891657407,-0.004865736888011836,0.0013010551775826766,-0.006248483814591466,0.0013086162083253763,-0.006537897700447458,0.0018785452643317255,-0.004100981319434607,1.5089816524547501,-1.7657301120251674,0.0,0.0,-0.0292267433668546,-0.11048822163915606,1.4737520854442819e-05,-0.000543913266323387
2025-07-09,25476.099609375,25548.69921875,25424.349609375,25514.599609375,239100,0.0021547737216685283,0.008435796099283617,0.024680577546317035,0.060257510103547234,0.006267517296045466,0.016108890134473242,0.03472002235313382,60.09856513024161,60.61196895138957,59.33842917022535,0.0,0.6095625072886605,0.8147583415182633,0.8957465584118881,0.004872703312033989,0.30322428942330415,-0.6456460279751947,-0.002306229500275427,-0.0026129935244956753,-0.002689659428260485,-0.004141818385109328,-0.002901437543355624,-0.004627456759478107,-0.002574733584941792,-0.0023144166306923383,-1.9157873744695877,-0.732637608815061,0.0,0.0,-0.02360040495050353,-0.13373503617643745,-1.069605564528453e-06,-0.00041518596485938097
2025-07-10,25355.25,25524.05078125,25340.44921875,25511.650390625,219600,-0.00212753702012979,0.0033190191535344654,0.01902781658830578,0.054648459654698084,0.005458168629485597,0.01565683210911748,0.034955515920703555,48.10061598226065,55.81533787047571,57.41524131727049,0.0,0.634797581292278,0.811889892933275,0.8916397556195453,0.004851880346435187,0.42172637956764497,-0.761033090122866,-0.004282310741798318,-0.004473713618749079,-0.005116776945749151,-0.006366258464545114,-0.005652760958011257,-0.007233884759170594,-0.00560905044884915,-0.005276772489610643,-4.796631080913862,-3.923730647387522,0.0,0.0,-0.002868448584988359,-0.12763844794880908,-2.082296559880164e-05,-0.0005137884387659067
2025-07-11,25149.849609375,25322.44921875,25129.0,25255.5,250000,-0.008370161236605368,-0.0043735207549288465,0.010345939882269934,0.04562517048687852,0.004030375373395888,0.014784119289755874,0.03491797137198322,34.459392266777954,48.75340513349062,54.31256644498018,0.0,0.6919071632127056,0.8243125852477761,0.8989544965527781,0.004651867915200512,1.2428675357720687,-0.4569693804451051,-0.006242624216475578,-0.012084702477449236,-0.0076925399084633115,-0.01517904759259418,-0.008681876706035844,-0.017017062616838517,-0.00902328916781956,-0.015966325537211404,-7.061932736985092,-12.258204315979881,0.0,0.0,0.012422692314501105,-0.08508094699351054,-0.00020001243123467499,-0.0004845511779722981
2025-07-14,25082.30078125,25151.099609375,25001.94921875,25149.5,259500,-0.009045583524169995,-0.006411042306798692,0.00733079808358406,0.04237268387147416,0.002658589712673793,0.013830508364632947,0.03478687026601015,31.07783467135451,46.66247728261689,53.329712161728295,0.0,0.6739452189288606,0.8099690628585559,0.8867691984528239,0.004590606115702557,1.1597282097690382,-0.35103363154683015,-0.0006754222875646268,-0.01209239075694821,-0.0020375215518698454,-0.016235442656760118,-0.003015141798685874,-0.018942600797763224,-0.0032524866154043652,-0.018581014552683142,-2.090927850873726,-14.356297390787518,0.0,0.0,-0.014343522389220209,-0.05761642697706559,-6.126179949795564e-05,-0.0002684292810415179
2025-07-15,25195.80078125,25245.19921875,25088.44921875,25089.5,241300,-0.003735162524960574,-0.0017411664916460413,0.011417512447055033,0.046599141197587804,0.002001471855985774,0.01318163035177485,0.03478447655648481,42.197261931292985,50.503700541232284,54.75636596990431,0.0,0.6660334493315798,0.7949067889187266,0.8715248169373278,0.004511709011403504,-0.040432239909666136,-0.5112209248287924,0.0053104209992094215,-0.00819616574690453,0.004669875815152651,-0.012866622019190144,0.004086714363470973,-0.016164502642617627,0.004226457326113646,-0.01623310249090122,3.8412232586153934,-12.024055784626874,0.0,0.0,-0.015062273939829285,-0.04345195755004028,-7.889710429905255e-05,-0.00036206390619501327
2025-07-16,25212.05078125,25255.30078125,25121.05078125,25196.599609375,228800,-0.0025317513137971368,-0.0009976819938062457,0.011591012099225311,0.046781748860746375,0.0015379630599885886,0.012601266149367941,0.03478751426279899,43.714059846017264,51.04727094755348,54.96078470980935,0.0,0.6389800267412866,0.7756865176099202,0.8548450126872716,0.004516117481364695,-0.6901981908265019,-0.6162864892266899,0.0012034112111634371,-0.0046865250354656655,0.0007434844978397956,-0.009433478093089863,0.00017349965217027842,-0.013089565447091724,0.00018260766315857102,-0.013475761242800859,0.5435704063211944,-9.564698003836092,0.0,0.0,-0.019220271308806325,-0.03907182390834307,4.408469961190639e-06,-0.0003565858306692942
2025-07-17,25111.44921875,25238.349609375,25101.0,25230.75,243400,-0.005334206284105716,-0.004532888665676146,0.007256137779985709,0.04216305904374674,0.000805614934676692,0.011842708123083892,0.03465545649659345,36.749025136968314,47.564670806663734,53.41145703183787,0.0,0.622623949626549,0.7622345060420633,0.8434454291808499,0.004382908482248776,-0.10594813269119316,-0.47154350030107556,-0.002802454970308579,-0.003206669263975926,-0.0035352066718699,-0.00785190781921061,-0.0043348743192396025,-0.01177167880832007,-0.004618689816999637,-0.012485400610951346,-3.482600140889744,-8.250667063811974,0.0,0.0,-0.013452011567856914,-0.04965538689121163,-0.00013320899911591858,-0.0004689718641864111
2025-07-18,24968.400390625,25144.599609375,24918.650390625,25108.55078125,317000,-0.00901834635209307,-0.009284635038902997,0.0014586188692262618,0.03585293224181273,-0.0002687120249196226,0.0108439358953024,0.0343442182478014,29.06625849563393,43.06557167403083,51.27983208362246,0.0,0.6819410079683323,0.7764828681021804,0.8509759310388755,0.0044637686884938434,1.6982478569107238,0.34874046153924604,-0.0036841400679873543,-0.0006481851154877018,-0.004751746373226851,-0.00491111428397415,-0.005797518910759447,-0.008887321013043672,-0.0063101268019340115,-0.009772238245065797,-4.499099132632907,-5.687833459459789,0.0,0.0,0.014248362060117037,-0.047829717145595696,8.086020624506734e-05,-0.0001880992267066688
2025-07-21,25090.69921875,25111.400390625,24882.30078125,24999.0,305200,-0.0034097978413191866,-0.004030686004986165,0.006112817144781041,0.0405029645881293,-0.0006230125103799864,0.010184553888592985,0.034181203993547245,41.3054884126673,47.62671342785274,52.94483844218914,0.0,0.725510793166276,0.7827257749246662,0.8499831758225105,0.004477153006019375,0.9344392849351125,0.1932897881286116,0.005608548510773883,0.005635785682850808,0.005253949033916832,0.0023803563018125274,0.004654198275554779,-0.0012179809388030193,0.004650032346316571,-0.0018697192833448603,4.561141753821914,0.9642361452358514,0.0,0.0,0.00624290682248585,-0.027243287933889637,1.3384317525531875e-05,-0.00011345310968318128
2025-07-22,25060.900390625,25182.0,25035.55078125,25166.650390625,483700,-0.0037613716667696875,-0.004741832314989242,0.004724142479027943,0.03886131466572917,-0.0009841624489706114,0.009511074715453198,0.033976661596358315,39.374244455819834,46.64614935509851,52.491557214433705,0.0,0.6979734397163526,0.769421969594625,0.8382976385896335,0.004300742187033073,1.6578563680458882,2.0128387670087324,-0.0003515738254505009,-2.6209141809113625e-05,-0.0007111463100030772,-0.0030006658233432005,-0.001388674665753098,-0.00669336996802709,-0.0016416499224001305,-0.007737826531858637,-0.980564072754234,-3.857551186133776,0.0,0.0,-0.013303805330041163,-0.025484819324101515,-0.0001764108189863025,-0.00021096682437043122
2025-07-23,25219.900390625,25233.5,25085.5,25139.349609375,271500,0.002093005936562549,0.0014294570075930873,0.01065877890538242,0.044979811050351405,-0.0006621630178421458,0.009216147810718289,0.03395906992678694,53.04167076852093,52.290486816458596,54.640404184627336,0.0,0.6917341542083069,0.7588430796609568,0.8259347475417148,0.003982963438892194,-0.5616846031302443,-0.18455523012219424,0.005854377603332237,0.004624757250359686,0.006171289322582329,0.002427139001399333,0.005934636426354478,-0.0009322331938428907,0.006118496384622238,-0.0018019378103949699,5.644337461360088,1.2432158689051178,0.0,0.0,-0.01057888993366829,-0.01684343794896348,-0.00031777874814087857,-0.0005331540424725004
2025-07-24,25062.099609375,25246.25,25018.69921875,25243.30078125,338700,-0.0034202122356634603,-0.004398735604682809,0.00416438077394452,0.038044324710621316,-0.0009818816125244775,0.008600949682228633,0.03373944006116243,42.06222067607317,46.97865309389378,52.20991351314604,0.0,0.7384612257633161,0.7739301056534654,0.8347929005608575,0.004045459857458197,-0.054983289984898376,0.5866306545234033,-0.00551321817222601,0.0019139940484422554,-0.005828192612275896,0.00013415306099333682,-0.006494398131437901,-0.003091757006041189,-0.006935486339730089,-0.004118734333125422,-5.311833722564813,-0.5860177127699515,0.0,0.0,0.015087025992508662,0.011695599611402097,6.24964185660026e-05,-0.00033744862479057926
2025-07-25,24837.0,25010.349609375,24806.349609375,25010.349609375,278100,-0.010144682408419219,-0.012142819316492035,-0.004665204286570461,0.028427044466070948,-0.0020186151173430967,0.007569530470738431,0.03324735445315338,31.284904777506,40.63711089796766,48.98649788586361,0.0,0.8020659112691996,0.798713538504065,0.8512803604091164,0.0039835704877771464,-0.6590117673158077,0.11782856975813069,-0.006724470172755759,-0.001126336056326149,-0.007744083711809226,-0.0028581842775890383,-0.008829585060514981,-0.006123823155796723,-0.009617280244550368,-0.007425887775741779,-6.341542195926124,-2.4284607760631687,0.0,0.0,0.024783432850599585,0.022230670401884645,-6.18893696810504e-05,-0.000480198200716697
2025-07-28,24680.900390625,24889.19921875,24646.599609375,24782.44921875,262100,-0.013430233404666583,-0.01671102879003254,-0.010497073078271801,0.02174012662861649,-0.0033254570497209006,0.006319562095885478,0.032579185801072746,25.913187803482586,36.915625531516795,46.90395414469267,0.0,0.8422999440470597,0.8165637120713016,0.8626778102181397,0.00416260377182358,-0.698146547950927,-0.12455500372812872,-0.003285550996247364,-0.010020435563347396,-0.004568209473540504,-0.012680342785046374,-0.00583186879170134,-0.016609890223052842,-0.006686917837454457,-0.018762837959512807,-3.721485366450864,-10.711087896335947,0.0,0.0,0.017850173567236616,0.03383793714663541,0.0001790332840464334,-0.0003145492341957955
2025-07-29,24821.099609375,24847.150390625,24598.599609375,24609.650390625,284700,-0.006412255330750737,-0.010124313554607915,-0.004685898660174126,0.02726255263011998,-0.003736014502768315,0.005494038260463735,0.03209886331087565,37.21007552916445,42.04878219312465,48.92628959053814,0.0,0.8703076325951513,0.8254812638163007,0.864641445194555,0.004192282684957725,-0.07714447482754394,0.20870974910170784,0.007017978073915846,-0.0026508836639810495,0.006586715235424624,-0.005382481239618673,0.005811174418097675,-0.00941004113920207,0.005522426001503489,-0.011598762035609188,5.133156661607856,-4.597367161973857,0.0,0.0,0.008917551744999086,0.05605929422167566,2.967891313414555e-05,-0.00010845950207534743
2025-07-30,24855.05078125,24902.30078125,24771.94921875,24890.400390625,243900,-0.004138231143122454,-0.007979386367640178,-0.0031945180534797947,0.02837433410616703,-0.003857116865653836,0.0048233557331437095,0.031670022618656236,39.803336877711025,43.252984900841085,49.410191672862844,0.0,0.800184452512096,0.8029317762704642,0.8473168786913523,0.004229702464060516,-1.0546911959492442,-0.37751915222621424,0.002274024187628283,-0.006231237079685003,0.002144927186967736,-0.009408843375233266,0.0014913806066943315,-0.013853296958862216,0.0011117814760470517,-0.016605476944184374,1.2042027077164335,-9.037501915617511,0.0,0.0,-0.022549487545836522,0.04408869660950743,3.7419779102790436e-05,0.0002467390251683216
2025-07-31,24768.349609375,24956.5,24635.0,24642.25,346300,-0.0062366869883571435,-0.01041066680419206,-0.006411690788202101,0.024534396184637562,-0.004200174992559837,0.004041045999430442,0.031145784109908495,35.442251245454244,40.91483312731572,48.20076789189009,0.0,0.9019938959835947,0.8409056475841266,0.8716040701781822,0.004472238000016403,1.6339631851589531,1.1462055524048893,-0.0020984558452346895,-0.0028164747526936832,-0.0024312804365518807,-0.00601193119950925,-0.0032171727347223063,-0.01057607156214662,-0.003839937921529469,-0.013509928525983754,-2.338151773525368,-6.063819966578066,0.0,0.0,0.037973871313662366,0.06697554193066113,0.00024253553595588676,0.00042677814255820574
2025-08-01,24565.349609375,24784.150390625,24535.05078125,24734.900390625,263400,-0.01179754271259568,-0.016865930161793257,-0.013992283662203703,0.015974234069816594,-0.005128895816663113,0.0029229446804365814,0.03039176797045883,27.278156896099617,36.00690532484156,45.49676106950915,0.0,0.930363812439818,0.8597241687444088,0.8852458458411874,0.004508894117022499,-0.4197329643746701,-0.16911181040018508,-0.005560855724238536,-0.0016528603041764608,-0.006455263357601198,-0.004723110845301222,-0.007580592874001602,-0.009327079375633242,-0.008560162114820968,-0.012452810396254354,-4.9079278024741555,-4.630205573126098,0.0,0.0,0.018818521160282264,0.06101063024034381,3.6656117006096146e-05,0.0005253236292453523
2025-08-04,24722.75,24736.25,24554.0,24596.05078125,259300,-0.004476400754617579,-0.009615220122443688,-0.007375781129693157,0.0222553022532315,-0.00516192621824474,0.002261180743334321,0.029851259741221527,39.818425012064274,41.83313364666909,47.84920247769822,0.0,0.8869874853402675,0.8458881049318782,0.8728272231749397,0.0045240525241952295,-0.5045592433380679,-0.2953661942825697,0.007321141957978101,0.008953832650049004,0.007250710039349569,0.007095808667588851,0.006616502532510546,0.0031212919485786444,0.0062810681834149056,0.0005151756246150087,5.826228321827529,4.917508115152295,0.0,0.0,-0.013836063812530663,0.02932439286057653,1.5158407172730787e-05,0.0003614487523716497
2025-08-05,24649.55078125,24733.099609375,24590.30078125,24720.25,251800,-0.006082351804536611,-0.011419895075748449,-0.009914257389409991,0.01903363350407051,-0.0053702067579769535,0.0015230305352481525,0.029237761587347668,36.41174841060566,40.00883628523377,46.873496949104506,0.0,0.8275604138219687,0.8291797724618152,0.8613190240147329,0.00456806841469476,-0.5071946895861946,-0.4654865778038614,-0.001605951049919032,0.0003299035262141264,-0.0018046749533047607,-0.001295581521140534,-0.0025384762597168344,-0.005228358729235865,-0.0032216687491609906,-0.00822891912604947,-1.8242973614353204,-2.039945907890882,0.0,0.0,-0.01670833247006298,0.0036985086455144645,4.4015890499530565e-05,0.0003757857297370347
2025-08-06,24574.19921875,24671.400390625,24539.19921875,24641.349609375,225100,-0.007474764090827824,-0.013146259418251562,-0.012439692653449486,0.01575764580004708,-0.005714207681811275,0.000715979213277904,0.02855252306490451,33.01905882388981,38.16383067098533,45.87487965301578,0.0,0.7716718345424928,0.8107397824316421,0.8484366134155412,0.004594432679869419,-0.9663072773780936,-0.8956813747357422,-0.001392412286291213,-0.0033365329477053696,-0.0017263643425031137,-0.005166873050611384,-0.0025254352640394946,-0.00924517459996969,-0.0032759877040234274,-0.01261668830611995,-1.8450056142484428,-5.089154229855758,0.0,0.0,-0.018439990030173048,0.007808006161177938,2.6364265174659215e-05,0.0003647302158089035
2025-08-07,24596.150390625,24634.19921875,24344.150390625,24464.19921875,616700,-0.005396793712781258,-0.011162210634507229,-0.011109341781852583,0.016496426242426893,-0.005796700518639842,5.346564747345511e-05,0.027915895245710465,35.07507389607497,39.045684014607296,46.22101349068356,0.0,0.8526354793036989,0.8363896971768505,0.8634682431047598,0.004836504120285023,1.7815101874505153,3.355269104258064,0.0020779703780465656,0.0008398932755758854,0.0019840487837443337,-0.0007515438303151694,0.0013303508715969033,-0.004697650993650482,0.0007387804423798112,-0.00803796994221067,0.8818533436219695,-1.8691491127084205,0.0,0.0,0.02564991474520839,-0.004515950407276037,0.0002420714404156041,0.0003642661202686208
2025-08-08,24363.30078125,24585.5,24337.5,24544.25,312600,-0.012152140839672042,-0.018692559345257122,-0.019684097915160955,0.006804486435053365,-0.006620876327195205,-0.001010426018213278,0.02702045768499829,25.4190399294736,33.575750972947816,43.183128319732674,0.0,0.900955432576773,0.8599016839656072,0.8807644908357006,0.0049281443300563015,-0.12678902823965227,0.11622183557286797,-0.006755347126890784,-0.0003545981270763627,-0.007530348710749894,-0.0018266291834638654,-0.008574756133308372,-0.005691814252957252,-0.009691939807373528,-0.009169747634763229,-5.4699330416594805,-2.4311543518937455,0.0,0.0,0.023511986788756656,0.0001775152211983544,9.164020977127808e-05,0.00041925021303380276
2025-08-11,24585.05078125,24600.849609375,24347.44921875,24371.5,241100,-0.0025877131113637613,-0.00888141813543484,-0.010343801708444043,0.0158068246992413,-0.006310033580701004,-0.0014754879988810806,0.026423950512136623,42.887858659896125,41.92035488205784,46.64633589059343,0.0,0.9204051099724756,0.8649001655085439,0.8803387749348169,0.004935790217092695,-0.5389391812279152,-0.6297568360109529,0.009564427728308282,0.0018886876432538174,0.009811141209822282,0.0007338019870088471,0.009340296206716912,-0.002968020578750886,0.009002338264187936,-0.0064484775539901985,8.344603909110027,0.08722123538875337,0.0,0.0,0.004998481542936695,0.019012060576665712,7.64588703639369e-06,0.00041173769289746566
2025-08-12,24487.400390625,24702.599609375,24465.650390625,24563.349609375,237000,-0.005364969483444904,-0.011666397760278712,-0.013722549744049307,0.011653598758327248,-0.0063354175989168765,-0.002080423026305113,0.025729218989840173,38.28127361883189,39.56331573504213,45.38305605101455,0.0,0.9327878461995145,0.8754412049054935,0.8878392742340593,0.005068221072162217,-0.5397185055263094,-0.6697448097560109,-0.0027772563720811425,0.000717382321091707,-0.002784979624843871,-0.0002465026845302632,-0.0033787480356052644,-0.0038082923546393158,-0.004153225940914053,-0.007380034745743261,-2.357039147015712,-0.44552055019163816,0.0,0.0,0.010541039396949614,0.04626143244367831,0.00013243085506952149,0.0005001526574674566
2025-08-13,24619.349609375,24664.55078125,24535.25,24586.19921875,236000,-4.4385224430459246e-06,-0.0057676957006897855,-0.008080977024279562,0.016931767921867583,-0.00576328275870661,-0.0023267010271005744,0.025216519057281343,47.21855855823647,44.134250238544794,47.37997388198662,0.0,0.8861423122123995,0.8599498092353796,0.8752940114883938,0.005071135450019194,-0.5643483593948445,-0.6860613421070552,0.005360530961001858,0.0074703255683847775,0.005898702059588926,0.007378563717561777,0.005641572719769745,0.004358715629169924,0.005278169163540335,0.0011741221218205013,4.570934503502663,5.970419567559468,0.0,0.0,-0.015491395670113928,0.04921002680373743,2.9143778569771725e-06,0.00047670277014977454
2025-08-14,24631.30078125,24673.650390625,24596.900390625,24607.25,270200,0.0003935089844848933,-0.0048069071584124455,-0.007303620181007806,0.017249047328691758,-0.005198370537386195,-0.002508772458886812,0.02473331021331667,48.01403120291556,44.54336601487869,47.56006524208387,0.0,0.7708889627488843,0.8203941907479898,0.8480467490419841,0.00502598184280571,0.32882039937088475,-0.3410048083075116,0.0003979475069279392,0.005790302697266152,0.00096078854227734,0.006355303476094783,0.0007773568432717561,0.0038057216008447765,0.0003172794068241752,0.0007526210862648652,0.4091157763338984,5.497682000271396,0.0,0.0,-0.039555618487389754,-0.015995506428860717,-4.515360721348352e-05,0.0001894777225206869
2025-08-18,24876.94921875,25022.0,24852.849609375,24938.19921875,363100,0.008468947360695495,0.004650720383128878,0.002494480067721058,0.027114122945975275,-0.003786162169454452,-0.002146258666480154,0.024558382482655763,61.81447545728193,52.27903702577672,51.12557217947609,0.0,0.9247268425499799,0.8664527383248286,0.8744752668178427,0.005094009093045089,1.7276041676172706,0.6176063349404507,0.008075438376210602,0.020621088200367538,0.009457627541541324,0.023343279728386,0.009798100248728864,0.022178577982882013,0.009865075617283517,0.020309636510921908,7.735671010898024,18.7032860528289,0.0,0.0,0.046058547576838804,0.006551054359221431,6.802725023937872e-05,0.00016586476298878754
2025-08-19,24980.650390625,25012.650390625,24873.94921875,24891.349609375,252300,0.010344831117765381,0.008028705075904133,0.006410061960287508,0.03107361218532549,-0.0022924114327371476,-0.0016057510142974956,0.02450646228337411,66.22974942029695,55.124840049693425,52.53832483088069,0.0,0.8477573349376216,0.8408829080042779,0.8558160135578096,0.005008549677866073,-0.36682098975105365,-0.5188520429034514,0.001875883757069886,0.012932544229129143,0.0033779846927752544,0.016910123211338973,0.003915581892566451,0.01675386366873155,0.003959489239350217,0.01526678748608419,2.8458030239167087,13.204485167635582,0.0,0.0,-0.025569830320550713,-0.024017257504265976,-8.54594151790157e-05,7.275946077337815e-05
2025-08-20,25050.55078125,25088.69921875,24929.69921875,24965.80078125,287100,0.010751309203101777,0.009853329089798005,0.00886116280947209,0.03360948864286673,-0.0008884283454569653,-0.0009824855271014193,0.024530953064419304,69.04449720582349,56.986831551326105,53.47832937456767,0.0,0.8032567369813213,0.8239779630265645,0.8430131395024713,0.004907471127445704,0.10862019560973722,-0.05793131448256963,0.000406478085336396,0.016116278686546682,0.0018246240138938725,0.021519726850076717,0.0024511008491845824,0.022583712553521398,0.0025358764575412404,0.021955889884539483,1.86199150163268,17.423515816283974,0.0,0.0,-0.016904944977713443,-0.051463241878929034,-0.00010107855042036911,-0.00016074994471651245
2025-08-21,25083.75,25153.650390625,25054.900390625,25142.0,226500,0.009870811634402215,0.010163910411523308,0.009794349107827708,0.03461921764724111,0.000290233932642072,-0.0003658429091423865,0.02458408344367013,70.41106020593004,57.88072452069734,53.92776623457139,0.0,0.7239591820045015,0.7934684077143357,0.821379483767195,0.004885580272402953,-1.0322085540990118,-0.7309442660572316,-0.0008804975686995623,0.009875250156845261,0.0003105813217253034,0.015931606112213094,0.000933186298355617,0.01787532613210727,0.0010097290043743767,0.017687449725373526,0.8938929693712367,13.746474282152548,0.0,0.0,-0.030509555312228764,-0.06648140152104387,-2.1890855042751116e-05,-0.00018555517761624073
2025-08-22,24870.099609375,25084.849609375,24859.150390625,25064.150390625,210200,0.0010382418574571013,0.0014178511475179405,0.00114658847279976,0.02554352308831022,0.0003792155725803867,-0.0002708786091713288,0.024368993408574454,52.88310183798289,50.59383482021025,50.661429748868485,0.0,0.7656452358199003,0.8079439267275661,0.8322012246500593,0.004905812409188667,-0.9502230377611817,-0.8358742601574357,-0.008832569776945114,0.000644732872972208,-0.008746059264005368,0.0062247583059303856,-0.008647760635027948,0.008450208653807566,-0.00907569455893089,0.008294475759618461,-7.2868897004870945,6.050468805331555,0.0,0.0,0.014475519013230409,-0.012450264020423707,2.0232136785714068e-05,-0.00012016943361704314
2025-08-25,24967.75,25021.55078125,24894.349609375,24949.150390625,213000,0.004061659943880497,0.004861122684603108,0.004877418673678075,0.029267392397923857,0.0007962287303822508,1.621715549252195e-05,0.024271591012999104,58.40455404710272,53.476758720416846,52.03834500574007,0.0,0.7314380375375221,0.7906270928413478,0.8183578992697088,0.004866013639521425,-0.7710056512280637,-0.7545938635720595,0.0030234180864233953,-0.0044072874168149985,0.003443271537085168,0.0002104023014742303,0.003730830200878315,0.002382938605957017,0.003723869309613638,0.002153269451948582,2.882923900206599,1.19772169464013,0.0,0.0,-0.017316833886218297,-0.07582564548348081,-3.979876966724201e-05,-0.00022799545352366387
2025-08-26,24712.05078125,24919.650390625,24689.599609375,24899.5,750500,-0.005095767981146704,-0.004938656755662934,-0.0052025138061744265,0.01853669276261989,0.00015791592841550288,-0.0002651666174179803,0.023863356007887006,43.007881279391405,45.92062070464328,48.37254103719736,0.0,0.8163182262958096,0.8221476822470474,0.8410512936648654,0.004895762918310834,1.7727867583562769,3.242839693368905,-0.0091574279250272,-0.015440599098912086,-0.009799779440266042,-0.012967361831567065,-0.010079932479852501,-0.011612575766461936,-0.010730699635303965,-0.0125369194227056,-7.55613801577357,-9.204219345050149,0.0,0.0,0.03152058940569957,-0.018735225757230523,2.9749278789409014e-05,-0.00011278675955523915
2025-08-28,24500.900390625,24702.650390625,24481.599609375,24695.80078125,326600,-0.011152107421725739,-0.012233938502630989,-0.01317221691586633,0.009735075086353701,-0.001094031841524722,-0.0009498994243768501,0.02321305945666411,34.2972641743695,40.79455491107537,45.620454272379966,0.0,0.8467991411019459,0.837186538229279,0.8526939550061002,0.004771080892665713,-0.08102982806809926,0.14517629976606547,-0.006056339440579035,-0.021903416624827518,-0.007295281746968055,-0.022087267592428995,-0.007969703109691903,-0.02203337972533842,-0.00880161767626619,-0.02387441355651303,-5.1260657935679035,-16.192276640250732,0.0,0.0,0.015038855982231647,0.013208575202714568,-0.00012468202564512153,-0.00013639023477999158
2025-08-29,24426.849609375,24572.44921875,24404.69921875,24466.69921875,325500,-0.01159954507573702,-0.013854926439482267,-0.015531094062897866,0.00661634198592433,-0.0022818497831610827,-0.0016997170785062366,0.02249683653313597,31.672625709195984,39.14424033865326,44.69562773320506,0.0,0.8168418541352371,0.828797340082579,0.8472534664108919,0.004771948304830583,-0.17793881290160435,0.10809986867034291,-0.0004474376540112811,-0.021470356710139235,-0.001620987936851278,-0.024018836851005573,-0.002358877147031537,-0.025325443170725576,-0.003118733100429371,-0.02800287566131678,-1.6503145724221113,-18.73648418204408,0.0,0.0,-0.008389198146700028,0.035328932368243304,8.674121648706914e-07,-0.00011363196757236977
2025-09-01,24625.05078125,24635.599609375,24432.69921875,24432.69921875,229300,-0.0029306664554027756,-0.00532399308220256,-0.00724938302606338,0.014634839310102971,-0.0024003612850988713,-0.0019356955737044718,0.022044027938127077,44.85122476876064,45.49940798875656,47.64178772959417,0.0,0.8177566283768444,0.8239542218913961,0.8407807850847012,0.004759211815166906,-0.6357563212868015,-0.5488900171614494,0.008668878620334244,-0.003968908312859877,0.008530933357279707,-0.0067418442297205,0.008281711036834487,-0.00839597149886314,0.008018497324178642,-0.010908683778207248,6.355167650103297,-5.0944268314536885,0.0,0.0,-0.0048431181911828824,0.016010295163830013,-1.2736489663676964e-05,-0.0001466005940217608
2025-09-02,24579.599609375,24756.099609375,24522.349609375,24653.0,271600,-0.003906923314885065,-0.006513235366992807,-0.008728694042544834,0.01263350796803768,-0.0026165346523451937,-0.002229983080217898,0.021550308056127034,42.65041053446547,44.35548649233296,47.04578165779052,0.0,0.8456134001653647,0.8344431206159152,0.8475096218475167,0.004594109742297313,-0.5178376232909064,-0.24481843435775902,-0.0009762568594822892,-0.007968583258765562,-0.001189242284790247,-0.011374358051595916,-0.0014793110164814547,-0.01360611271622291,-0.0020013313420652913,-0.016633884429886177,-1.1439214964236015,-9.121272228083889,0.0,0.0,0.01048889872451908,0.04381602777456739,-0.00016510207286959348,-0.00027190389722411227
2025-09-03,24715.05078125,24737.05078125,24533.19921875,24616.5,340300,0.0012942055883111445,-0.000944100764910003,-0.003138400635190016,0.01802934301362159,-0.002235413268876383,-0.0021963734681513226,0.021234385658249328,51.00861954974382,48.51013770913215,49.01693549476905,0.0,0.837744679287376,0.8295083319597586,0.8420049550258639,0.00456981656856,0.8888809953576107,0.2255708583569539,0.005201128903196209,0.006389973569457848,0.005569134602082804,0.0039945559907529305,0.005590293407354818,0.0020641131709844105,0.00539583504558391,-0.0005073497489983016,4.154651216799195,2.589517004488876,0.0,0.0,-0.004934788656156597,0.00736064971271122,-2.4293173737312615e-05,-0.0003259463497508339
2025-09-04,24734.30078125,24980.75,24708.19921875,24980.75,314100,0.0016963440368530547,-0.00015087362267317172,-0.002269551488070706,0.018631487665820175,-0.001844089449385338,-0.002118997566236788,0.02094858304170616,52.16453916364658,49.09188171325081,49.295106631962135,0.0,0.8900569962315718,0.8483664268650435,0.8537574841580282,0.004596090292857944,0.3961203150326122,0.01214785336981334,0.00040213844854191023,0.012848451458578793,0.0007932271422368312,0.012083064879957818,0.0008688491471193099,0.010902665427795624,0.0006021446521985857,0.008896412579466474,0.5817440041186543,8.297326802175434,0.0,0.0,0.018858094905284895,0.011179888635764468,2.627372429794394e-05,-0.00017499059980776843
2025-09-05,24741.0,24832.349609375,24621.599609375,24818.849609375,210100,0.0016093203620937877,0.00010902864792075448,-0.0019210648416178064,0.018715727065284005,-0.0014978811435487239,-0.0020298721753198336,0.020676512828744373,52.61843642162556,49.30653634290071,49.394754808322205,0.0,0.8822177747786297,0.8484001538000142,0.8534452896737035,0.004693049422160381,-1.1457289073798997,-0.740482498168007,-8.7023674759267e-05,0.013208865437830808,0.0002599022705939262,0.01396395508740302,0.00034848664645289974,0.01361002922128006,8.423939946382991e-05,0.012099385079359676,0.21465462964990678,10.162296004247452,0.0,0.0,3.3726934970723654e-05,0.01960281371743522,9.695912930243657e-05,-7.889888267020254e-05
2025-09-08,24773.150390625,24885.5,24751.55078125,24802.599609375,213200,0.0023803773355775245,0.0012804256187797234,-0.0005996238359833885,0.019836172397589655,-0.0010973396344026382,-0.0018776452696568626,0.020448057376175353,55.00869597340361,50.38769492255239,49.88492201659521,0.0,0.8215168297827871,0.8284415129647001,0.8395260332247287,0.004705523536498743,-0.96803049569119,-0.661693569183669,0.0007710569734837368,0.0053110437909803,0.0011713969708589689,0.006604418700982283,0.0013214410056344179,0.0066497591900799916,0.0011204453323056494,0.0052013330874866835,1.081158579651678,4.888286933795833,0.0,0.0,-0.019958640835314068,0.004487291073304034,1.247411433836186e-05,-5.368827866816372e-05
2025-09-09,24868.599609375,24891.80078125,24814.0,24864.099609375,226900,0.005101692369000353,0.004668991022648901,0.0031231078278065303,0.023523494358368837,-0.0004305050420635405,-0.0015386990229178086,0.02033687228553425,61.7007423769019,53.554708558654085,51.33614978111879,0.0,0.7501128364131314,0.8003937952630515,0.8191993103196404,0.004423446115759995,-0.5528505664745419,-0.5065454796974386,0.002721315033422829,0.009008615683885418,0.0033885654038691773,0.011182226389641708,0.003722731663789919,0.011851801870351364,0.0036873219607791823,0.010889986390331157,3.167013636101693,9.199222066321127,0.0,0.0,-0.0280477177016486,-0.034049325352863646,-0.00028207742073874803,-0.00017066362653731827
2025-09-10,24973.099609375,25035.69921875,24915.05078125,24991.0,244100,0.007616808217386013,0.008075924270048305,0.007048512064450569,0.027539943649164948,0.0004556454883623187,-0.0010191813740038369,0.020348008402005305,67.81536493253591,56.80569817314366,52.88519033825903,0.0,0.7314028737198373,0.7879069649265179,0.8087878949070987,0.00432121722488934,0.05673593198150146,-0.36357046049167346,0.0025151158483856595,0.006322602629074869,0.003406933247399404,0.009020025034958308,0.003925404236644038,0.010186912699640584,0.004016449290796111,0.009510600635543359,3.2509896144895762,8.295560464011508,0.0,0.0,-0.012486830336533639,-0.04160136703324069,-0.00010222889087065437,-0.00024859934367066003
2025-09-11,25005.5,25037.30078125,24940.150390625,24945.5,224600,0.007289709989945246,0.008523468604010586,0.008024789479248725,0.028577581387055954,0.0012248299588781208,-0.0004944645715107925,0.020389173086135033,69.57258097243437,57.79217192425278,53.362521303280964,0.0,0.6620673559213331,0.758431052588126,0.7877768839615931,0.004215949865335396,0.0610180868208214,-0.5208225571770765,-0.00032709822744076723,0.005593365953092191,0.0004475443339622808,0.008674342226683757,0.0009762774147981561,0.010294340967319432,0.0010376377378910062,0.009946093721235779,0.9864737511091164,8.70029021100197,0.0,0.0,-0.029475912338391863,-0.08993537427691745,-0.00010526735955394394,-0.0003801404275225479
2025-09-12,25114.0,25139.44921875,25038.05078125,25074.44921875,225700,0.009520132292108236,0.011713080405393168,0.011906643788487117,0.03270111287247399,0.0021722678361112604,0.00019132240834169068,0.020549790053887046,74.92188966191156,61.00393865631343,54.94761067924436,0.0,0.6340385677228922,0.7393122839463506,0.7724206557394137,0.004010236633780711,-0.1083921950493652,-0.5062198496541768,0.00223042230216299,0.007910811930014448,0.003189611801382582,0.011604051757472414,0.0038818543092383924,0.013827708630104924,0.004123531485418039,0.013985385807189988,3.211766732060653,11.697402313412717,0.0,0.0,-0.01911876864177542,-0.10908786985366359,-0.00020571323155468488,-0.0006828127883796694
2025-09-15,25069.19921875,25138.44921875,25048.75,25118.900390625,185400,0.006306900453702588,0.008999429004398042,0.009701526221527599,0.03054244907735795,0.002675653470607728,0.0006958350985612854,0.020640676788734366,69.07212988833031,59.007309823263896,54.15939939608139,0.0,0.5796986142247744,0.7132887104607808,0.7539917721270764,0.003961019431972395,-1.662103272273539,-0.7938882236177428,-0.0032132318384056474,0.003926523118125064,-0.002713651400995125,0.007719003385618319,-0.0022051175669595188,0.010301150057510988,-0.002158663795116044,0.010706276679768294,-1.9966288330495345,8.619614900711504,0.0,0.0,-0.02602357348556983,-0.11515280250391935,-4.921720180831642e-05,-0.0007445041045263476
2025-09-16,25239.099609375,25261.400390625,25070.44921875,25073.599609375,240100,0.010714618497979065,0.014377187916031474,0.01588542060994854,0.03713943161830035,0.0036237424006940228,0.0014868558874195762,0.02092166161375824,77.01298766361549,63.84071075378266,56.607405573073116,0.0,0.6129413376228768,0.712275282801292,0.749516429121251,0.004006340951317547,0.694268645295702,-0.2967864801833252,0.004407718044276476,0.005612926128978711,0.005377758911633432,0.009708196893382573,0.006183894388420942,0.01276231278214201,0.0065969825409424,0.013615937259931512,4.8334009305187635,10.286002195128574,0.0,0.0,-0.0010134276594887526,-0.0881185124617595,4.532151934515203e-05,-0.0004171051644424476
2025-09-17,25330.25,25346.5,25275.349609375,25276.599609375,268900,0.011722393369152075,0.016373679300344314,0.018773036186851277,0.040461758522884333,0.00459739347638923,0.002360703484724875,0.021289062004635907,80.19563976896441,66.14689374967335,57.85945306365442,0.0,0.5733886476633224,0.6893041990094516,0.73144698594723,0.003895124038557841,1.323495919594568,-0.06468089096589519,0.00100777487117301,0.004105585151766062,0.0019964913843128398,0.00829775503029601,0.002887615576902737,0.011724524122400708,0.0033223269045839846,0.012921814873719385,2.306182995890694,9.341195576529692,0.0,0.0,-0.02297108379184043,-0.09860276591706629,-0.00011121691275970584,-0.00042609318633149906
2025-09-18,25423.599609375,25448.94921875,25329.75,25441.05078125,272200,0.012606227652268176,0.018256901035494294,0.021624985581932633,0.04383609478964973,0.005580326516781581,0.003307696263107312,0.021740961234484026,83.00678316375382,68.37168175556903,59.11243460927933,0.0,0.5507971657882536,0.6712074761698775,0.716384679078437,0.003897156939989826,0.9499654707506062,-0.03107903013236049,0.0008838342831161018,0.005316517662322931,0.00188322173514998,0.009733432431483708,0.002851949395081356,0.013600196102683908,0.003374336266765393,0.015258513402593772,2.2247880058956753,10.579509831316251,0.0,0.0,-0.018096722839574086,-0.08722357641824852,2.032901431984948e-06,-0.00031879292534557017
2025-09-19,25327.05078125,25428.75,25286.30078125,25410.19921875,380400,0.007156485115017,0.01306469266049653,0.01703750719807983,0.03945962446015314,0.005866225986525633,0.003921580296269086,0.022046499861982326,70.86851313630052,63.708256549619215,57.28552046211063,0.0,0.5548052863930719,0.6658142360755562,0.7116548082612387,0.0038717534319646744,1.5603043357550082,0.7936716231103584,-0.005449742537251176,-0.0023636471770912357,-0.005192208374997764,0.0013516122551033623,-0.004587478383852803,0.005130863409592713,-0.004376470329496583,0.00675851158767915,-4.663425205949814,2.7043178933057845,0.0,0.0,-0.005393240094321294,-0.07349804787079439,-2.540350802515169e-05,-0.00013848320181603698
2025-09-22,25202.349609375,25331.69921875,25151.05078125,25238.099609375,254500,0.0017973292332464379,0.007337095617744755,0.011552770700078175,0.03398838130959957,0.005529827463942563,0.0041849695605106025,0.022179377348740887,58.072273675050155,58.18787074992008,55.008399523907,0.0,0.589398778684548,0.6725146379811993,0.7152530257587892,0.003987933605703016,-0.5146939354284761,-0.25927388179196986,-0.005359155881770562,-0.00450957122045615,-0.005727597042751775,-0.0016623333866532877,-0.005484736498001656,0.001851244478550576,-0.00547124315055357,0.003445932232241624,-5.520385799699135,-0.8194390733438155,0.0,0.0,0.0067004019056430275,-0.040774072479581536,0.00011618017373834187,2.6914173730621313e-05
2025-09-23,25169.5,25261.900390625,25084.650390625,25209.0,299200,0.0004021430788855739,0.005473455031587162,0.009828988979698233,0.03230537052646695,0.005069273379497045,0.0043318239047635924,0.022257611726395572,55.01911681957337,56.79181169085924,54.41747291641787,0.0,0.6129794896123204,0.6755947172732243,0.7156169481141218,0.004025554025591368,0.08257442418464603,0.07551487446602138,-0.001395186154360864,-0.01031247541909349,-0.0018636405861575927,-0.008903732884444312,-0.001723781720379942,-0.006056431630250308,-0.00168301078313262,-0.004834061091833396,-1.396059059060839,-7.048899062923418,0.0,0.0,0.0030800792920250286,-0.036680565528067754,3.762041988835188e-05,1.9213074273821164e-05
2025-09-24,25056.900390625,25149.849609375,25027.44921875,25108.75,244400,-0.0033351773828912755,0.0008865720151412345,0.00510201299042669,0.027404150336250523,0.004235876798527673,0.0042117069937288405,0.022188929141102272,45.46099270849048,52.17125828213856,52.41591283490386,0.0,0.6059698206614097,0.6706508288013274,0.7115984738712527,0.004010603949049325,-0.8381327565948427,-0.4001028646222941,-0.0037373204617768495,-0.01505757075204335,-0.004586883016445928,-0.01548710728520308,-0.004726975989271543,-0.013671023196424588,-0.004901220190216431,-0.013057608186633811,-4.620553408720681,-13.975635467534794,0.0,0.0,-0.004943888471896862,-0.018653370208124187,-1.4950076542043222e-05,0.00011547991049148379
2025-09-25,24890.849609375,25092.69921875,24878.30078125,25034.5,342500,-0.008147471276313161,-0.00522659527007693,-0.0014977102547074472,0.020386487103563587,0.0029448692438126933,0.0037484767864113338,0.02191702270793336,34.999906818012406,46.20154475689294,49.62449610125215,0.0,0.6602807600685571,0.6884269598179349,0.7232508393382115,0.004028812515040005,0.6630988390061785,1.470916017934343,-0.0048122938934218856,-0.020753698928581338,-0.006113167285218164,-0.023483496305571224,-0.006599723245134137,-0.023122695836640082,-0.007017663232686936,-0.02344960768608614,-5.969713525245616,-22.170136998676085,0.0,0.0,0.017776131016607466,0.017219483648057365,1.820856599068013e-05,0.00013165557505017897
2025-09-26,24654.69921875,24868.599609375,24629.44921875,24818.55078125,291500,-0.014411322906441778,-0.013349110846267172,-0.010545242767045883,0.010597980991181118,0.0010777437737079175,0.0028418036308934086,0.02136856041538957,25.329270202903118,39.31214549350087,46.01070978338441,0.0,0.745333249800477,0.7211084121309246,0.7458958539853158,0.0041083503154905115,0.12988687362868087,0.5430976800827199,-0.006263851630128617,-0.02156780802145878,-0.008122515576190242,-0.0264138035067637,-0.009047532512338436,-0.027582749965125712,-0.009788506112382469,-0.028861643468972027,-6.889399263392072,-24.396111056118343,0.0,0.0,0.03268145231298969,0.05529417605536835,7.953780045050641e-05,0.00023659688352583707
2025-09-29,24634.900390625,24791.30078125,24606.19921875,24728.55078125,394400,-0.012473127796787957,-0.012872399216087594,-0.010899967677171368,0.009688104762030724,-0.0004043144855479692,0.001998152556315769,0.02081495477343431,24.662729129799317,38.789894877388086,45.721222640985104,0.0,0.7470216900188769,0.7238087758170303,0.746727897442653,0.0041088468142816345,1.411730878480251,2.1162673753333325,0.001938195109653821,-0.014270457030034395,0.0004767116301795781,-0.02020949483383235,-0.00035472491012548436,-0.022452738377249544,-0.0009098762291503935,-0.024300276547568847,-0.5222506161127853,-19.397975872531994,0.0,0.0,0.002700363686105711,0.05129413783583103,4.964987911229915e-07,0.00012091320857861819
2025-09-30,24611.099609375,24731.80078125,24587.69921875,24691.94921875,303000,-0.011012791097802989,-0.012585003251573213,-0.011395951177836611,0.008625163620582455,-0.0015897194014424334,0.001204207023037091,0.020251904513513275,23.78491150514101,38.13404936736562,45.36539389761285,0.0,0.7152981974805863,0.7145805939518827,0.7397388243248777,0.004123170148642699,-0.215456819563418,0.502588649273852,0.0014603366989849684,-0.011414934176688563,0.0002873959645143809,-0.018058458283160377,-0.0004959835006652438,-0.021224940157534844,-0.0010629411414482693,-0.023680206905884498,-0.6558455100224663,-18.65776232349362,0.0,0.0,-0.009228181865147622,0.03898587667865838,1.4323334361064123e-05,9.761612305133043e-05
2025-10-01,24836.30078125,24867.94921875,24605.94921875,24620.55078125,308900,-0.001606805124366963,-0.0032281057787723042,-0.002257895641632415,0.01767368138915369,-0.0016239099612525925,0.0009733522210695046,0.01997668229467352,45.283419989968344,47.226178718824734,49.24158304165809,0.0,0.7780313308763345,0.7328730708133734,0.7483587397514541,0.004036317149013756,-0.4599457334396352,0.647598743602598,0.009405985973436027,0.0017283722585243126,0.009356897472800909,-0.004114677793913539,0.009138055536204196,-0.007359908632059105,0.009048517768571233,-0.009730468947096834,9.092129351459114,-4.945079563313826,0.0,0.0,0.018292476861490714,0.06222224201204596,-8.685299962894223e-05,2.5713199964431423e-05
2025-10-03,24894.25,24904.80078125,24747.55078125,24759.55078125,365900,0.0005912162438590262,-0.0008204227303644437,6.733437324372178e-05,0.019844722286000177,-0.001410804883459453,0.0008884860377491463,0.019776056304399964,49.55518754636517,49.29135689589164,50.18471182226752,0.0,0.7473105685330832,0.72406028436168,0.7411431403501307,0.003920324319610808,0.738940151071795,1.5240757285632223,0.0021980213682259893,0.008738687520172188,0.0024076830484078605,0.004406172539712486,0.0023252300148761365,0.001565044627951169,0.0021710408968464885,-0.0005417648175634095,2.0651781770669047,3.0898121389986954,0.0,0.0,-0.008812786451693366,0.035633324543745126,-0.00011599282940294876,-0.00010848819542919746
2025-10-06,25077.650390625,25095.94921875,24881.650390625,24916.55078125,268800,0.0065055592169774145,0.005942568179424226,0.00714135804098213,0.027078509477681666,-0.0005593521390892011,0.0011917080551899681,0.019795782664987393,60.84275295927387,55.25874763461642,53.047993187274315,0.0,0.7643844283844817,0.7284633054599161,0.7413809453818995,0.003911357675082345,-1.1683262960836738,-0.1543824923171242,0.005914342973118388,0.020916882123419193,0.00676299090978867,0.0192916790256914,0.0070740236677384076,0.017686600808028013,0.007233787191681489,0.01648052848650055,5.967390738724781,15.946602141115548,0.0,0.0,0.004403021098236093,0.00735489332899153,-8.966644528462728e-06,-0.0001969926404081666
2025-10-07,25108.30078125,25220.900390625,25076.30078125,25085.30078125,288000,0.006320343956742356,0.006515797755257025,0.008041339845797722,0.028043989742189166,0.00019422622198629621,0.001515666315365322,0.019843084907064715,62.479692735231964,56.1867067151653,53.511099477021716,0.0,0.7259417797146361,0.7167404471132436,0.7326391443861486,0.00381082224442063,-0.5193302495862818,0.11695232045060361,-0.0001852152602350582,0.018793471753530314,0.0005732295758327987,0.01938819697134462,0.000899981804815592,0.01894130752296909,0.0009654802645075004,0.018355884980158443,0.9279590805488809,17.396811837777214,0.0,0.0,-0.011722858346672527,-0.007068328703786708,-0.00010053543066171474,-0.00029802456986100434
2025-10-08,25046.150390625,25192.5,25008.5,25079.75,227400,0.003130970960207041,0.003657186254296389,0.005327488102421492,0.025239152119175098,0.000524572871661663,0.0016642155020667583,0.019806147004233738,56.85682587843454,53.75220810365313,52.42378048860497,0.0,0.7291232927610442,0.7196707664251522,0.7344660309495047,0.003886022495208759,-1.258517223839538,-0.9692862702392346,-0.0031893729965353154,0.01414376205801003,-0.002858611500960636,0.0162421895058696,-0.0027138517433762293,0.016723439280258105,-0.0028048376230140684,0.016613988498592643,-2.4344986115121685,15.618158736287512,0.0,0.0,0.002930319311908569,0.005090172473269483,7.520025078812864e-05,-0.00023714765343393982
2025-10-09,25181.80078125,25199.25,25024.30078125,25074.30078125,286300,0.006995971553524391,0.008259546178772918,0.01034554354717204,0.030476141177326034,0.0012547961073758516,0.0020689091179993233,0.019924468176974856,64.90033957311155,58.02693619124629,54.51570504729334,0.0,0.7191054304394258,0.7142904889401901,0.728806487371176,0.003960735035345698,-0.019493362783880083,0.048898382700561974,0.0038650005933173505,0.008602776677891354,0.004602359924476529,0.011487651957545222,0.0050180554447505485,0.012603439188804456,0.005236989058150936,0.012802459788172346,4.274728087593161,10.800757472421559,0.0,0.0,-0.005380277484962059,-0.01858258187318329,7.471254013693886e-05,-7.558211366805873e-05
2025-10-10,25285.349609375,25330.75,25156.849609375,25167.650390625,232900,0.009093505513750107,0.011265077323110087,0.013923584953166184,0.03435623577811503,0.0021520025621950558,0.0026288929477257866,0.0201520618793897,69.89832813853181,60.99102273468494,56.04565188187602,0.0,0.7104787492387206,0.7096786231812683,0.7240090002481342,0.0039838087966021125,-0.9602189901444788,-0.9349602045661018,0.0020975339602257153,0.008502289269891081,0.0030055311443371695,0.012085500053474531,0.0035780414059941434,0.013856250579922463,0.0038800946007889955,0.014511513492114853,2.964086543438647,11.699665838793301,0.0,0.0,-0.004611865758921807,-0.014381661180411731,2.3073761256414867e-05,6.34844769913049e-05
2025-10-13,25227.349609375,25267.30078125,25152.30078125,25177.30078125,234300,0.00553948654378181,0.008125591097487166,0.011137945860893374,0.031655291405668265,0.002571857782128732,0.002988074888692028,0.020291341679701487,63.947899866621526,58.49908729206813,54.97158772094358,0.0,0.6751695948192791,0.698173733488612,0.7162319250073222,0.004004988837028194,-0.6370719574159514,-0.9248452933164714,-0.0035540189699682966,-0.0009660726731956044,-0.0031394862256229217,0.0021830229180629396,-0.0027856390922728104,0.003996587819911244,-0.0027009443724467647,0.004576781927986599,-2.491935442616807,3.240339657451713,0.0,0.0,-0.011504889692656284,-0.030289571971304108,2.1180040426081737e-05,9.363116194584936e-05
2025-10-14,25145.5,25310.349609375,25060.55078125,25277.55078125,292100,0.001862257374200908,0.00441146090988787,0.007546873888707677,0.02801854257213478,0.0025444650868156424,0.003121641977262449,0.0203183288182068,56.08689220312681,55.079051695103004,53.47191355120647,0.0,0.740576568125542,0.7213725546715195,0.7316514008160269,0.004187403945298965,1.1808520003863854,0.04728293866759308,-0.003677229169580902,-0.004458086582541448,-0.003714130187599296,-0.002104336845369155,-0.003591071972185697,-0.0004944659570900447,-0.003636748833533484,-2.5447170054385126e-05,-3.4200355969651284,-1.107655020062296,0.0,0.0,0.023198821182907503,0.004632107558275922,0.00018241510827077083,0.00037658170087833493
2025-10-15,25323.55078125,25365.150390625,25159.349609375,25181.94921875,289900,0.007315939458174952,0.010464962934047807,0.01409728588417136,0.03493426659134912,0.0031261527317503627,0.0035947045007642,0.020547319273229694,66.52911932604792,60.4902973842534,56.16939013772202,0.0,0.761770829619354,0.7270916585136308,0.733215173073091,0.0042783252856564424,0.7437568703872801,-0.049950917970393034,0.0054536820839740435,0.004184968497967911,0.006053502024159938,0.006807776679751418,0.006550411995463684,0.008769797781749869,0.00691572401921434,0.009695114472174023,5.411245689150398,6.738089280600271,0.0,0.0,0.005719103842111273,0.007420892088478626,9.092134035747733e-05,0.0003923027904476836
2025-10-16,25585.30078125,25625.400390625,25376.849609375,25394.900390625,372800,0.014457951548859076,0.01897244474914616,0.02359259491452315,0.04515703439617238,0.004450153102348327,0.0045341266971300614,0.021067404735816794,76.22534604958707,66.81839556675563,59.7287709138311,0.0,0.8391375267030807,0.7525191800641474,0.7473360950652015,0.004354877798631842,1.5466959591246165,1.4932802116622639,0.007142012090684125,0.007461979995334685,0.008507481815098352,0.010712898570373242,0.00949530903035179,0.013247051367351109,0.010222767804823257,0.014680893218846344,6.328098182502224,8.791459375509334,0.0,0.0,0.02542752155051664,0.038228691123957326,7.65525129753997e-05,0.00039414276328614446
2025-10-17,25709.849609375,25781.5,25508.599609375,25546.849609375,422100,0.0158139438834988,0.02170984394023781,0.027424090466927422,0.04972003570183604,0.0058041141217246356,0.005592827122671678,0.0217008199844486,79.51905590580745,69.33518796509603,61.28035572039125,0.0,0.8803504092949938,0.7712014423399671,0.7588464951425846,0.004561979301695034,1.3399479242236516,2.0485271642754816,0.0013559923346397225,0.006720438369748692,0.002737399191091651,0.010444766617127723,0.0038314955524042724,0.013500505513761238,0.004563001305663665,0.015363799923721014,2.5167923983403995,8.344165230411086,0.0,0.0,0.018682262275819705,0.06152281915869884,0.00020710150306319213,0.0005781705050929217
2025-10-20,25843.150390625,25926.19921875,25788.5,25824.599609375,301100,0.01718202995877707,0.024491884906173583,0.031426373739378316,0.05458379651781137,0.007186378378796916,0.006768710358149703,0.022451842776210113,82.53948131204149,71.80048567853984,62.86822119087561,0.0,0.868080444900366,0.7722192949959469,0.7588481170646719,0.004578346022275141,-0.582385700698286,0.0018398072076018085,0.0013680860752782707,0.011642543414995259,0.002782040965935772,0.016366293808686417,0.004002283272450894,0.020288427878484942,0.004863760815975324,0.022928505112143102,2.4652977134438174,13.30139838647171,0.0,0.0,0.0010178526559797563,0.07404556150733488,1.6366720580107165e-05,0.0005733571852469472
2025-10-21,25868.599609375,25934.349609375,25825.80078125,25901.19921875,42500,0.014828553274591984,0.023128890775445096,0.031130234474148658,0.05503838802413409,0.008179053963420764,0.007820465017500602,0.023186356825409166,83.09478107924255,72.25902567129566,63.167276970697834,0.0,0.7777043851336148,0.7463279220217768,0.7419832191444813,0.004560391536249002,-1.6624179802192074,-3.1384299489006184,-0.0023534766841850855,0.012966295900391077,-0.0013629941307284864,0.018717429865557227,-0.0002961392652296585,0.02358336058544098,0.00045459150632272405,0.02701984545199931,0.45853999275581714,17.179973976192656,0.0,0.0,-0.0258913729741701,0.024955367350257274,-1.7954486026139187e-05,0.00037298759095003714
2025-10-23,25891.400390625,26104.19921875,25862.44921875,26057.19921875,448400,0.012827627258540768,0.021798455647682628,0.030744018160475665,0.05538056698130622,0.008857211382971,0.008754723070238698,0.023901714088817454,83.6386709763477,72.68753127418799,63.44084924751787,0.0,0.8083571520665862,0.7591018979983369,0.7504906576850228,0.0045745150408273184,0.8009750556283831,1.739396536193548,-0.002000926016051216,0.0055116878003658165,-0.0013304351277624686,0.01133349271363482,-0.0003862163136729921,0.016646732276304303,0.00034217895717213176,0.020446300389957102,0.4285056028923293,12.197233889934587,0.0,0.0,0.012773975976560159,0.03201023948470616,1.4123504578316196e-05,0.000296189755170876
2025-10-24,25795.150390625,25944.150390625,25718.19921875,25935.099609375,284900,0.007402567687711129,0.016336876465418856,0.025829634637329534,0.05091915834159655,0.00886865793702971,0.009340168985036005,0.024457787976789276,72.1988717313423,67.91820855540553,61.44303014971168,0.0,0.8242875913393689,0.770077925210178,0.7591316180628946,0.0045906670064494726,-0.09264392164696361,-0.17485364396741235,-0.005425059570829639,-0.007055383861147947,-0.005461579182263771,-0.0026355682837273034,-0.004914383523146132,0.002237039722806384,-0.004461408639709674,0.0057621239454241704,-4.769322718782462,1.0998129886499015,0.0,0.0,0.0109760272118411,0.01755874514603062,1.6151965622154124e-05,0.00023578920781763043
2025-10-27,25966.05078125,26005.94921875,25827.0,25843.19921875,266300,0.0114880634083619,0.02092920002102346,0.031306546599807215,0.0572728801112035,0.009333908084736286,0.010164609434787506,0.025178094328021733,78.336813075526,71.494643054077,63.55625981462615,0.0,0.817454862439356,0.7683534599478254,0.7568823713658996,0.004616011768448144,-0.016073415944056906,-0.3486563427813634,0.004085495720650771,-0.004325880475136899,0.004592323555604603,-0.0007806439192143515,0.005476911962477682,0.0038824561328797934,0.006353721769606954,0.00755284440936746,3.5764344986714747,2.1594550889809767,0.0,0.0,-0.0017244652623525925,-0.002847982392141679,2.5344761998671687e-05,5.4032466753109985e-05
2025-10-28,25936.19921875,26041.69921875,25810.05078125,25939.94921875,395200,0.008432076114551077,0.017927349536872274,0.028905561202985295,0.0554686742152296,0.009415878022153072,0.010784867575380297,0.02581686212404859,74.96406247257849,70.02618737966469,62.931475672336965,0.0,0.8333460174056192,0.7780884762465192,0.7642008321776904,0.0046972362133003735,0.6884334788431746,1.064973856838222,-0.0030559872938108225,-0.008749953844225992,-0.0030018504841511848,-0.006564535369301308,-0.0024009853968219204,-0.002520812536393021,-0.0018042058959739024,0.0008848776974182335,-1.4684556744123114,-1.7742982988751521,0.0,0.0,0.009735016298693777,0.005869181250572342,8.122444485222924e-05,0.00011889019102523206
2025-10-29,26053.900390625,26097.849609375,25960.30078125,25982.0,321900,0.010618160101269876,0.020455172655582915,0.03221576406005213,0.05962316457480045,0.009733659004630702,0.011524848635794576,0.026552007311868388,79.10279245798566,72.43062066172783,64.36389408033601,0.0,0.7877542389143559,0.763564285065689,0.7540674075240231,0.0046013369898705025,-0.27949754992512427,0.2833646756828165,0.002186083986718799,-0.004210393173322108,0.0025278231187106405,-0.0026737181198621812,0.003310202857066836,0.0010855295859034733,0.004154490359570849,0.0045847765506663585,2.404433282063138,0.17159499043216897,0.0,0.0,-0.01452419118083026,0.017236363043912184,-9.589922342987094e-05,4.09454536215003e-05
2025-10-30,25877.849609375,26032.05078125,25845.25,25984.400390625,257400,0.003098149262721074,0.012311893780745459,0.02422708067206984,0.05191398360202624,0.009185287127482494,0.011770272545967998,0.027031996568367442,61.39260191869788,64.14245920648966,60.72409758430224,0.0,0.7957486615662859,0.77143968133126,0.7614399182857731,0.00458520715810531,-0.85097457878853,-0.4408902056497669,-0.007520010838548802,-0.009729477995819694,-0.008143278874837456,-0.009486561866937169,-0.007988683387982292,-0.006516937488405827,-0.007709180972774211,-0.0034665833792799847,-8.288161455238168,-8.545072067698328,0.0,0.0,0.007875396265570989,0.012337783332923014,-1.6129831765192455e-05,1.0692117277991652e-05
2025-10-31,25722.099609375,25953.75,25711.19921875,25863.80078125,334400,-0.0024060516447323497,0.00565056151974114,0.01734198381534139,0.04510884959778044,0.008076044544733277,0.011625730390815027,0.02729354162530959,49.86876895966067,57.837002412913726,57.72898547981631,0.0,0.8290469013628544,0.7880290910625019,0.7744750869552354,0.004685385583514596,0.34569427879591,0.43671671980323024,-0.005504200907453424,-0.009808619332443478,-0.006661332261004319,-0.010686314945677716,-0.006885096856728449,-0.008487650821988144,-0.0068051340042457956,-0.005810308743816106,-6.305456793575935,-10.081206142491801,0.0,0.0,0.0165894097312419,0.017951165852323814,0.00010017842540928617,9.47185770651237e-05
2025-11-03,25763.349609375,25803.099609375,25645.5,25696.849609375,23300,-0.0006597401154596851,0.006598645239615046,0.018215862682787437,0.04629779539378006,0.0072631771644157865,0.011541062068891399,0.027579547461579076,52.61695762607475,58.98693853744321,58.29397575017246,0.0,0.7845196403461587,0.7742639980877877,0.7655438809489905,0.004631731512089757,-1.683120612749075,-2.459540009449073,0.0017463115292726647,-0.012147803523821585,0.0009480837198739059,-0.014330554781408412,0.0008738788674460471,-0.013090683917019778,0.0011889457959996172,-0.010975084717423443,1.1499361245294821,-12.507704516633794,0.0,0.0,-0.013765092974714177,0.005910538139962229,-5.3654071424839335e-05,1.5719743641612674e-05
2025-11-04,25597.650390625,25787.400390625,25578.400390625,25744.75,305100,-0.005806004432155383,0.00011328844416484441,0.011204458501332396,0.03915930686232755,0.005953861019789562,0.011089913698098771,0.027645099985443067,41.86214299780688,52.7618767800577,55.21942978329445,0.0,0.7949746443595569,0.7819334940867811,0.7726890230449304,0.004691686451359085,0.43872075616130035,0.22807526982591664,-0.005146264316695698,-0.01423808054670646,-0.006485356795450202,-0.01781406109270743,-0.007011404181455041,-0.0177011027016529,-0.007138488531452512,-0.016309367352902053,-6.225061757385511,-17.264310599606993,0.0,0.0,0.00766949599899347,0.0038450178402619217,5.99549392693282e-05,-5.549761941288367e-06
2025-11-06,25509.69921875,25679.150390625,25491.55078125,25593.349609375,371900,-0.007557915408832349,-0.003021829968931619,0.007424662967087528,0.03522226032704928,0.0045706298738523886,0.010478156142269001,0.02759273063465779,37.15879822609593,49.76012274075014,53.66154294838837,0.0,0.7852534217792112,0.7811133810038647,0.773450777133854,0.004701893477494727,0.8226636981114887,0.8131740463501539,-0.0017519109766769665,-0.018176075510102224,-0.0031351184130964634,-0.023477002624514534,-0.003779795534244868,-0.024791101092964604,-0.003937046535278266,-0.024400904247751168,-3.0017540393075564,-22.670497920977688,0.0,0.0,-0.0008201130829164072,0.017549095938175774,1.0207026135642186e-05,0.00010055648762422476
2025-11-07,25492.30078125,25551.25,25318.44921875,25433.80078125,305600,-0.00674766067348931,-0.0033664067346811364,0.006471638626038623,0.03416102810387723,0.0034042244905266297,0.009871276091032508,0.027511345988485213,36.21962708421659,49.16424448426641,53.352752609226116,0.0,0.8112754781348314,0.791044594810121,0.7806091942646202,0.0048201304030147454,0.26904966190354523,0.15347740956325906,0.0008102547353430389,-0.009845809936210384,-0.00034457676574951726,-0.015678300515426596,-0.0009530243410489055,-0.017755442046031217,-0.0010612322231720525,-0.01775295549814901,-0.5958782564837293,-14.97821472222325,0.0,0.0,0.009931213806256278,0.019604913478861064,0.00011823692552001813,0.00023492324490943534
2025-11-10,25574.349609375,25653.44921875,25503.5,25503.5,243600,-0.002907081416237122,-0.00014424651067372754,0.009326663990262253,0.03710267996822834,0.0027708901087048457,0.009472276843818838,0.027519352226519658,44.00597320595104,52.07866251233541,54.62957302233708,0.0,0.7729616532185792,0.7771932079545568,0.7710577898244616,0.004760667308911856,-0.04682081252101638,-0.4124323800995348,0.003840579257252188,-0.0005010297715047725,0.003222160224007409,-0.005794808030414868,0.00285502536422363,-0.008015319825079137,0.002941651864351108,-0.008006169629552105,2.914418028069001,-5.758339900578314,0.0,0.0,-0.013851386855564196,-0.010835883107945032,-5.9463094102889594e-05,7.528172539725958e-05
2025-11-11,25694.94921875,25715.80078125,25449.25,25617.0,297700,0.0014680402738326058,0.0041534745519602664,0.013526416751651702,0.04155808182015638,0.002681497731463681,0.009334172949880511,0.027657557420502226,53.69896155629229,56.065650816614166,56.44672961065152,0.0,0.8229402863661553,0.7923897980430373,0.7802925155975701,0.004925444353328239,-0.1554356683918798,0.0682309282065417,0.004375121690069728,0.002127780389292291,0.004297721062633994,-0.0024451706876547795,0.004199752761389449,-0.004689445931135735,0.00445540185192804,-0.004739713573623683,3.9869883042787535,-2.921287720829042,0.0,0.0,0.01519659008848051,0.018125799955249655,0.0001647770444163834,0.0002937128412384823
2025-11-12,25875.80078125,25934.55078125,25781.150390625,25834.30078125,312600,0.006957502422365778,0.010190620377990957,0.019833763706193844,0.048379001640833405,0.0032107789532800518,0.009545865041386582,0.02799008912090032,64.46194741059782,61.269557892682926,59.000427105942755,0.0,0.838944407097297,0.7967884792060382,0.7820354939120083,0.004931641504694169,0.13833604570775673,0.17393127300047512,0.005489462148533172,0.01276350685452116,0.006037145826030691,0.010077331933826112,0.006307346954542142,0.008629305204861448,0.006820919820677028,0.009219694778505858,5.203907076068759,8.507681112625228,0.0,0.0,0.004398681163000906,0.014854985119257091,6.1971513659296595e-06,0.00023995505333508377
2025-11-13,25879.150390625,26010.69921875,25808.400390625,25906.099609375,385200,0.005791688346144665,0.009374284982396864,0.019167801034507017,0.04800880484706075,0.003561966834447774,0.009702561475776996,0.028298582219020898,64.63956188824955,61.36084501925217,59.04654881059883,0.0,0.827409822771145,0.7956153832800763,0.7819233948214355,0.005032868192568146,1.5075303719874251,0.8095887085838882,-0.001165814076221113,0.013349603754977013,-0.0008163353955940936,0.012396114951328483,-0.0006659626716868268,0.011743138067419489,-0.00037019679377265496,0.012786544520011468,0.09128712656924165,11.600722278502026,0.0,0.0,-0.0011730959259619311,0.014502002276211567,0.0001012266878739768,0.0003309747150734184
2025-11-14,25910.05078125,25940.19921875,25740.80078125,25767.900390625,518900,0.0057139782497143635,0.009608490265064475,0.01956966979928333,0.048746111359985154,0.0038723852900283758,0.009866378532141333,0.028616427523236954,66.44451077570893,62.244915756743175,59.48259422337775,0.0,0.8150543400641324,0.7928745991804395,0.7804474721041287,0.004934889194018282,1.5736787484328314,1.7793112161519575,-7.771009643030118e-05,0.012461638923203674,0.00023420528266761102,0.01297489699974561,0.0004018687647763114,0.013098031173244706,0.0007373065129244044,0.014585083256107925,0.8840707374910082,13.080671272476764,0.0,0.0,-0.0027407840996368504,0.0018300043703184388,-9.797899854986376e-05,0.0001147587910035365
2025-11-17,26013.44921875,26024.19921875,25906.349609375,25948.19921875,281800,0.007944771295532636,0.012382379214941489,0.022690403521737068,0.05237704437074873,0.004402630030715971,0.010181947570826948,0.029027984174665893,72.020094163684,65.12073392769265,60.92627221597307,0.0,0.7400584020228969,0.7656738120777818,0.7619019174490718,0.0048709136731331535,-0.7932176987621011,-0.20800784295375044,0.002230793045818273,0.010851852711769758,0.0027738889498770142,0.012526625725615217,0.0031207337224537397,0.013363739531474815,0.0036309330107635734,0.01527436440252039,2.8758181709494792,13.042071415357242,0.0,0.0,-0.02720078710265761,-0.011519395876774974,-6.39755208851284e-05,0.0001102463642212977
2025-11-18,25910.05078125,26029.849609375,25876.5,26021.80078125,280000,0.0032200096252193973,0.00759273497210591,0.017881937431367352,0.04769163587743121,0.004358690322096012,0.010211667970736497,0.029286007885441855,60.325741223438406,60.183874026005356,58.75522404738003,0.0,0.7127801358386433,0.7560953911145458,0.7567000988263014,0.0047938316144761845,-0.7518134615094656,-0.1669476668216358,-0.004724761670313239,0.0017519693513867915,-0.004789644242835579,0.0034392604201456435,-0.004808466090369716,0.00435552067971565,-0.004685408493317521,0.00613355405727483,-4.936859901687299,4.118223209391189,0.0,0.0,-0.009578420963236023,-0.03629440692849151,-7.708205865696906e-05,-0.00013161273885205476
2025-11-19,26052.650390625,26074.650390625,25856.19921875,25918.099609375,250100,0.007140682723433023,0.01192953646584687,0.022542292808612297,0.05289769899191338,0.00475490050651533,0.010487643615809818,0.029686210924268007,68.5439601728215,64.21329191694599,60.75529125758382,0.0,0.734802746086256,0.7581384585545063,0.7566506957402597,0.004713891674276636,-0.8405973599961913,-0.40679056325491114,0.003920673098213626,0.0001831803010672456,0.004336801493740961,0.0017389160878559136,0.004660355377244945,0.0027085291024184534,0.005206063114482171,0.004518697351079973,4.0294178909406355,2.9437340242630654,0.0,0.0,0.002043067439960522,-0.03865002065153189,-7.993994019954865e-05,-0.00021774983041753307
2025-11-20,26192.150390625,26246.650390625,26063.19921875,26132.099609375,240400,0.0102313333224454,0.015746035546541304,0.026889267095880208,0.05791930621475002,0.005458850900970543,0.010970489826566811,0.030217512358099802,74.55863279328443,67.66114321397333,62.595429505192605,0.0,0.7328473208047698,0.7531419762643101,0.7520521455941594,0.0047570448344013295,-0.6374243507383689,-0.6722314987580386,0.0030906505990123774,0.004439644976300736,0.003816499080694433,0.00637175056414444,0.004346974287267911,0.007721466061373191,0.005021607222836642,0.00991050136768927,3.4478512970273414,6.300298194721165,0.0,0.0,-0.004996482290196225,-0.042473407015766185,4.3153160124693654e-05,-0.0002758233581668162
2025-11-21,26068.150390625,26179.19921875,26052.19921875,26109.55078125,235600,0.004453576723866153,0.009933075561574417,0.021145625366998405,0.05235681850047104,0.0054552036696212895,0.011102270117442425,0.030564879639233992,62.220825479883324,61.94786611713221,60.00198645696296,0.0,0.6964399451960057,0.7410203527965306,0.7452121952766477,0.0047703803774829644,-1.0023351098950093,-0.6442900152832539,-0.005777756598579248,-0.0012604015258482109,-0.005812959984966887,0.0003245852965099421,-0.005743641728881803,0.0015759555677150767,-0.005562487714278981,0.0036107071404858845,-5.713277096841125,-0.2970496396109681,0.0,0.0,-0.012121623467779563,-0.0518542463839089,1.3335543081634954e-05,-0.0001645088165353175
2025-11-24,25959.5,26142.80078125,25912.150390625,26122.80078125,464700,0.00021850790575843982,0.005200692801404364,0.016216479177018017,0.047470683571763414,0.004981096486684238,0.010958793059437357,0.03075545913214927,53.21842264752731,57.37622414405274,57.8250102420608,0.0,0.7371840288151346,0.7544345974423936,0.7550059399311365,0.004753040026998481,1.7602715420622,1.5943923261716462,-0.0042350688181077125,-0.007726263389774196,-0.004732382760170053,-0.007181686413537125,-0.004929146189980388,-0.006473924344719051,-0.004886134928707625,-0.004906360798985314,-4.5716419730794655,-7.744509783639913,0.0,0.0,0.01341424464586305,-0.01123921463538824,-1.7340350484483687e-05,-0.00011787364613467279
2025-11-25,25884.80078125,26032.599609375,25857.5,25998.5,260500,-0.0021771301039083418,0.00209792203090855,0.01276436683130473,0.04399474108178087,0.004284379787027806,0.010644114278551699,0.030836762502010652,47.68451849537006,54.4035808585839,56.366897118518,0.0,0.7267405835299137,0.7508864464436246,0.753340593580297,0.004694596947879165,-0.3037306693714613,-0.43556088776248414,-0.0023956380096667815,-0.0053971397291277395,-0.0031027707704958138,-0.00549481294119736,-0.0034521123457132864,-0.005117570600062621,-0.0034759424899825433,-0.0036968947956503365,-2.972643285468841,-5.780293167421455,0.0,0.0,-0.0035481509987690396,-0.005208944670921256,-5.844307911931617e-05,-9.92346665970199e-05
2025-11-26,26205.30078125,26215.150390625,25842.94921875,25842.94921875,275300,0.008311825416304002,0.013169616501249749,0.02428777329987537,0.05632297705051172,0.004817746814523473,0.010973638192013337,0.03127558932723643,65.59344594032726,63.21062053612769,60.76855283457095,0.0,0.8583473933278021,0.7901760536088147,0.7763270137392728,0.0047560556186631775,-0.20827260730865443,-0.23375278529456683,0.010488955520212343,0.0011711426928709785,0.011071694470341198,0.0012400800354028779,0.011523406468570639,0.0017454804912630725,0.012328235968730852,0.0034252780585983453,8.807039677543791,-1.002671380818299,0.0,0.0,0.039289607165190144,0.032037595054308365,6.145867078401288e-05,4.2163944386541634e-05
2025-11-27,26215.55078125,26310.44921875,26141.900390625,26261.25,240300,0.007112011943708325,0.012317454713263128,0.023697299265687144,0.056139917620346716,0.005168683034083162,0.01124137937110581,0.03169161272373301,66.02736744433845,63.45374163541803,60.89937272939151,0.0,0.8149963368821052,0.7793719193995308,0.7696859092041708,0.004652655972965281,-0.5724561379767333,-0.5443493005633874,-0.001199813472595677,-0.003119321378737076,-0.000852161787986621,-0.003428580833278176,-0.0005904740341882257,-0.003191967830193064,-0.0001830594301650071,-0.0017793885944033042,0.24312109929033454,-4.207401578555306,0.0,0.0,-0.010804134209283944,0.026229943135220646,-0.00010339964569789674,-0.00010438886143604876
2025-11-28,26202.94921875,26280.75,26172.400390625,26237.44921875,202500,0.0054163026120180495,0.010743757002207727,0.022274938916426998,0.05504821451002642,0.005298754731099182,0.011408610574474303,0.03205915976805405,64.8542121513203,62.90336588751481,60.64155983753747,0.0,0.735010945201962,0.7535863679371263,0.7530772826646737,0.0046365206987383015,-0.8436140422303853,-0.88205737766328,-0.0016957093316902752,0.0009627258881518969,-0.001573697711055401,0.00081068144063331,-0.001422360349260146,0.0011293135494285927,-0.001091703110320294,0.002691396009555383,-0.5503757479032174,0.9554997703826018,0.0,0.0,-0.025785551462404466,0.012566015140595743,-1.6135274226979253e-05,-0.00013385967874466297
2025-12-01,26175.75,26325.80078125,26124.19921875,26325.80078125,213800,0.0035747881127166006,0.008805497196694396,0.020364940351123306,0.05338754482345419,0.005212077013029055,0.011458544968827701,0.03236352325175666,62.07680407518479,61.66021511635801,60.07232359791092,0.0,0.7426566508268898,0.7554990662103667,0.754637170371038,0.0046237511621513225,-0.8063069255557944,-0.7039775389212216,-0.001841514499301449,0.003356280206958161,-0.0019382598055133309,0.003604804395290032,-0.0019099985653036923,0.004148461174105288,-0.0016606696865722331,0.005916861251690775,-1.2431507711567988,4.2839909723052685,0.0,0.0,0.0019126982732403652,0.0010644687679730591,-1.2769536586978991e-05,-0.00012928886484715827
2025-12-02,26032.19921875,26154.599609375,25997.849609375,26087.94921875,254800,-0.0015787690107017846,0.002974654384027382,0.0141817474071958,0.047114590322926565,0.0045606235658844614,0.011173854667395565,0.03247232855444811,49.12335442011991,55.43353819450387,57.13682627695942,0.0,0.7340787274338925,0.7542166409906977,0.7552074330278433,0.004539973081628653,0.5883649071829615,-0.5177724539631257,-0.005153557123418385,0.0005983610932065572,-0.005830842812667014,0.0008767323531188322,-0.006183192943927506,0.0014173805758910685,-0.0062729545005276235,0.0031198492411456946,-6.226676921854143,1.029957335919967,0.0,0.0,-0.0012824252196689256,0.003330194547073173,-8.377808052266976e-05,-0.00015462386625051186
2025-12-03,25986.0,26066.44921875,25891.0,26004.900390625,265700,-0.0027431221689776133,0.0010859548653607697,0.011890546239751866,0.044785802290140314,0.0038396095524218495,0.010792870803830467,0.03250870973410045,45.55423781334742,53.55898658277614,56.21992857268226,0.0,0.723340695560858,0.7498154334635182,0.7526747531385624,0.0045734904942080655,1.1309401062474511,-0.35875098301245173,-0.0011643531582758288,-0.011054947585281616,-0.0018886995186666125,-0.01208366163588898,-0.0022912011674439334,-0.012397227060123504,-0.002328788032786251,-0.011537174760371409,-1.8745516117277248,-9.65163395335155,0.0,0.0,-0.00440120752717954,-0.04036062014529651,3.351741257941274e-05,-0.000182565124455112
2025-12-04,26033.75,26098.25,25938.94921875,25981.849609375,248100,-0.0007451882440414974,0.0026588185507102013,0.013203591125699703,0.04621941309285643,0.003406545312271198,0.010516810284710213,0.032585575353592224,49.94003734788716,55.24361167031109,56.96022855663342,0.0,0.6999913833725669,0.7386873583789691,0.7446564570736679,0.00455668101630707,0.40657197706520953,-0.5072074231463006,0.001997933924936116,-0.007857200187749823,0.0015728636853494316,-0.009658636162552926,0.001313044885947837,-0.010493708139987441,0.0014336108027161176,-0.009920504527490284,1.6846250875349469,-8.210129965106937,0.0,0.0,-0.01112807508454905,-0.040684561020561616,-1.680947790099526e-05,-9.597495665821052e-05
2025-12-05,26186.44921875,26202.599609375,25985.349609375,25999.80078125,249300,0.004181825325419632,0.007757474545719959,0.018381825231222632,0.05180799878398679,0.003560758749185274,0.01054256699042788,0.03282283002760265,61.508174568691516,60.21389476078801,59.24563332465964,0.0,0.7226531700964905,0.7411833064081198,0.7445672112001723,0.004515484701206084,0.15199025639350455,-0.4551615536861684,0.00492701356946113,-0.0012344772865984172,0.005098655995009757,-0.0029862824564877676,0.005178234105522929,-0.0038931136852043656,0.005588585691130361,-0.003240215726039629,4.970283090476919,-2.6894711267268008,0.0,0.0,0.002495948029150652,-0.012403061529006498,-4.119631510098639e-05,-0.00012103599753221766
2025-12-08,25960.55078125,26178.69921875,25892.25,26159.80078125,320700,-0.0036690891061606193,-0.0008509679307071513,0.009216903790534869,0.04229133322936338,0.002828499191022031,0.010076446454029888,0.032772369660678195,43.97091832386288,51.162084924763676,54.78282460907303,0.0,0.8098041133774478,0.7751772279533973,0.7692465584004541,0.0045054302598793216,1.7414709509070874,0.38291133525623366,-0.007850914431580251,-0.007243877218877219,-0.00860844247642711,-0.009656465127401547,-0.009164921440687764,-0.011148036560588437,-0.00951666555462341,-0.011096211594090806,-9.051809836024333,-10.498130191594335,0.0,0.0,0.03399392154527747,0.01967816174303061,-1.0054441326762253e-05,-0.00011832090227200092
2025-12-09,25839.650390625,25923.650390625,25728.0,25867.099609375,276000,-0.006808626692308749,-0.0050062195267389495,0.00433899694534374,0.037050985645337264,0.001814763210807121,0.009392236067684474,0.03257066468541569,37.32584568928499,47.08266078945259,52.584370766399594,0.0,0.8308697659218214,0.7874593477697145,0.7788996083975499,0.004579079364467354,0.1363070730131846,-0.15924799372848067,-0.00313953758614813,-0.0052298576816069645,-0.004155251596031798,-0.007980873910766332,-0.0048779068451911285,-0.00984275046185206,-0.0052403475840261185,-0.010063604677589301,-4.079424135311086,-8.350877405051278,0.0,0.0,0.012282119816317216,0.03324270677901675,7.36491045880321e-05,3.9106282838700934e-05
2025-12-10,25758.0,25947.650390625,25734.55078125,25864.05078125,207900,-0.008153199804384012,-0.0074148466730729135,0.0011196455354648906,0.033426727809889555,0.0007444225571585027,0.008598246890890986,0.032270950249053104,33.35426881281377,44.50191867731431,51.146841868632194,0.0,0.8322656885141795,0.7926240005853581,0.7835565323121956,0.004456635197083344,-1.2631181930760098,-0.9203498611764463,-0.001344573112075263,-0.005410077635406399,-0.002408627146333964,-0.008500801538433684,-0.0032193514098788497,-0.010770900704286976,-0.00362425783544771,-0.01135907448025076,-2.5807421121382816,-9.057067905461835,0.0,0.0,0.0051646528156436,0.04280856712183989,-0.00012244416738400963,-0.00011685529712472144
2025-12-11,25898.55078125,25922.80078125,25693.25,25771.400390625,206100,-0.0022438372358275717,-0.0018173474118465087,0.006322579363320507,0.03866196921679434,0.00042744894985115447,0.008154746783127597,0.032136206139719424,45.08813871501804,49.62100861097864,53.41999502248258,0.0,0.8394684124386844,0.795324135681484,0.784401422072379,0.0045287003676908605,-0.9491395493624427,-0.8532530284684074,0.005909362568556441,-0.0014986489917860743,0.005597499261226405,-0.00447616596255671,0.005202933827855617,-0.006881011762379196,0.005235241406904782,-0.007557443876062095,5.119089933664334,-5.622603059332448,0.0,0.0,0.0027001350961258774,0.05663677730251482,7.206517060751646e-05,-2.798064861620972e-05
2025-12-12,26046.94921875,26057.599609375,25938.44921875,25971.19921875,216300,0.0028399938448505154,0.003546223097937794,0.011609223611178894,0.04414997773907426,0.0007042292463622463,0.008034508354135092,0.03216731655701342,54.87473273400301,54.40322939801253,55.67810309789788,0.0,0.78987326449459,0.7779236670225685,0.7718700941487037,0.004406995671798013,-0.5705882352941176,-0.7580077508370908,0.005083831080678087,-0.001341831480569117,0.005363570509784303,-0.004211251447782165,0.005286644247858387,-0.006772601620043738,0.005488008522279923,-0.007658021044912533,4.782220787033886,-5.810665362775481,0.0,0.0,-0.017400468658915424,0.03674036061444874,-0.00012170469589284708,-0.0001084890294080704
2025-12-15,26027.30078125,26047.150390625,25904.75,25930.05078125,181600,0.0017040399963728545,0.002534994521456191,0.01041635076806711,0.042912345206962875,0.000829540954118889,0.007861427570788145,0.03216099424182315,53.4044912542407,53.67670636273644,55.30993908747442,0.0,0.7417995059264786,0.7619829618222831,0.7617226261889293,0.004361004823221656,-1.0243908851366519,-1.2295208438734426,-0.0011359538484776608,0.005373129102533474,-0.0010112285764816028,0.0033859624521633425,-0.0011928728431117846,0.0011994469775322408,-0.0012376325321113851,0.0006210119775994921,-0.7265230352760881,2.514621437972764,0.0,0.0,-0.015940705200285454,-0.013194266131114185,-4.599084857635771e-05,-0.00014442543665766586
2025-12-16,25860.099609375,25980.75,25834.349609375,25951.5,264400,-0.0038741307490830477,-0.0035515875617969012,0.0037708501625806075,0.035839366287836495,0.00032379762160850004,0.00734853669590409,0.03194804483519496,42.183791289759995,47.823881718165346,52.26039342565723,0.0,0.7465034867308249,0.76542571639982,0.7656708165464904,0.004378952462776608,1.6185828700011724,0.18118553057868753,-0.005578170745455902,0.0029344959432257016,-0.006086582083253092,0.0014546319649420482,-0.006645500605486502,-0.0005681467827631328,-0.00707297891912638,-0.0012116193575007692,-5.852824644571093,0.7412209287127567,0.0,0.0,0.003442754577536955,-0.022033631369894446,1.794763955495233e-05,-0.00020012690169074563
2025-12-17,25818.55078125,25929.150390625,25770.349609375,25902.400390625,206500,-0.0044836674702569725,-0.00468633909512184,0.0020733071780271116,0.03382355442481547,-0.00020358442974998872,0.006791473420553171,0.03168455543058154,39.76179012369185,46.46795154093237,51.52825845063251,0.0,0.7211767772421205,0.7558294281877371,0.7596725856101363,0.00440339025063259,-0.2784796408419581,-0.7508459049285064,-0.0006095367211739248,0.00366953233412704,-0.0011347515333249391,0.002728507577951073,-0.0016975429845534958,0.0009536616425622211,-0.002015811863021022,0.00039682661492591864,-1.3559301772329775,1.9660328636180608,0.0,0.0,-0.009596288212082915,-0.03679457239762096,2.443778785598226e-05,-5.324494645075374e-05
2025-12-18,25815.55078125,25902.349609375,25726.30078125,25764.69921875,197600,-0.003766247510678747,-0.004367352076552714,0.0018799864469598202,0.03335688477511053,-0.0006033770331229677,0.006274742533345375,0.03141783322749018,39.5704048589508,46.36573132921675,51.474261982898,0.0,0.71339821935015,0.7506337978455676,0.7560555279619487,0.0043856151699699164,-0.5010180486414433,-0.8470473254841968,0.0007174199595782254,-0.0015224102748511753,0.000318987018569126,-0.0025500046647062057,-0.00019332073106729142,-0.004442592916360687,-0.0004666696497049455,-0.005305084441683809,-0.10222021171561835,-3.2552772817618916,0.0,0.0,-0.005195630342169522,-0.04469033783591636,-1.7775080662673845e-05,-0.00014308519772094404
2025-12-19,25966.400390625,25993.349609375,25880.44921875,25911.5,382900,0.0016808231142057886,0.0013184533634961778,0.007428773511135978,0.03898788856433826,-0.0003617616932936887,0.006102274583190615,0.03132639833505156,52.87648108525643,52.07467706330196,53.988484033826225,0.0,0.7043483368689396,0.7418768727460521,0.7484758218378706,0.004304406216764435,1.655055800611932,1.8582193110296628,0.005447070624884536,-0.0011591707306447267,0.005685805440048892,-0.002227769734441616,0.005548787064176158,-0.004180450100042916,0.005631003789227734,-0.005162089174735998,5.708945734085212,-2.328552334710565,0.0,0.0,-0.008756925099515533,-0.03604679427651647,-8.120895320548171e-05,-0.00010258945503357868
2025-12-22,26172.400390625,26180.69921875,26047.80078125,26055.849609375,253000,0.007863270329780415,0.008413136130554824,0.01480733626705454,0.04673860092493288,0.0005455757908456051,0.006340853671378483,0.03146534668869931,65.11458290903278,58.56141280256768,57.13379653118838,0.0,0.7228029918480094,0.7419490261618562,0.7462138125551742,0.00427333602940569,-0.10643570062910807,0.1452098968167512,0.0061824472155746265,0.00615923033340756,0.0070946827670586455,0.0058781416090986326,0.007378562755918563,0.004390985498987431,0.0077507123605946165,0.0038262557179700035,6.486735739265718,4.884706439831241,0.0,0.0,7.215341580413259e-05,-0.020033935660426883,-3.107018735874507e-05,-8.766879381596603e-05
2025-12-23,26177.150390625,26233.55078125,26119.05078125,26205.19921875,216600,0.006573626512058058,0.007808581400110872,0.014395147133746695,0.04643993621399521,0.001226889772914212,0.006535532496146592,0.03159004572408848,65.3566132816295,58.70022254291742,57.203752311773876,0.0,0.6656183421397305,0.72007082193539,0.7313796439598905,0.004189201251411694,-0.45378576916973595,-0.5775645728916752,-0.0012896438177223569,0.010447757261141105,-0.000604554730443952,0.011360168961907773,-0.00041218913330784597,0.010624296971166087,-0.00029866471093766694,0.010600569926158716,0.13880974034974258,10.876340824752077,0.0,0.0,-0.021878204226466247,-0.045354894464430084,-8.413477799399608e-05,-0.00018975121136491444
2025-12-24,26142.099609375,26236.400390625,26123.0,26170.650390625,188800,0.004271629141762531,0.0058685013193904905,0.012519237434917714,0.0445706488871146,0.0015900799457937743,0.006611933972287133,0.03165511356939237,61.67301699628484,57.17815503262558,56.49818020213597,0.0,0.6199655425782247,0.7005182976982586,0.7181423717100515,0.004152484181971284,-0.742290212800407,-1.0523221706039974,-0.002301997370295527,0.008755296612019504,-0.0019400800807203812,0.01055484041451233,-0.001875909698828981,0.010445930256890602,-0.0018692873268806101,0.010747094462299128,-1.5220675102918406,10.710203491693214,0.0,0.0,-0.019552524237131386,-0.055311130489478555,-3.67170694404095e-05,-0.0002509060686613062
2025-12-26,26042.30078125,26144.19921875,26008.599609375,26121.25,142200,0.0003581468185992772,0.001843792595335887,0.008311703399644306,0.04016291736659798,0.0014851138879223929,0.0064560072659160875,0.031588658407478036,51.94733079482782,52.96690356380303,54.5128278008538,0.0,0.6020110547819124,0.6901661689548967,0.7113608712526399,0.004051683119965355,-1.036199160414292,-1.7460549442473703,-0.003913482323163254,0.004124394329278024,-0.004024708724054604,0.006211144671888601,-0.004207534035273408,0.006431716952684486,-0.004407731520516621,0.006806032591487453,-4.211251468822553,6.601172234586279,0.0,0.0,-0.010352128743361888,-0.06046762889067092,-0.00010080106200592923,-0.0003339320500045616
2025-12-29,25942.099609375,26106.80078125,25920.30078125,26063.349609375,234300,-0.002857974196942632,-0.0018284551263880956,0.004257544207631212,0.03578806860977708,0.0010324698427241637,0.006097147694978536,0.03139685092136774,43.84768737217193,49.05993390282125,52.5886859262224,0.0,0.6272507859747032,0.6946945541132928,0.7143370765102403,0.0040388566786602525,0.6316139209944205,-0.038699412862256116,-0.003216121015541909,-0.00453879731114842,-0.0036722477217239827,-0.0031469084898842732,-0.004054159192013094,-0.003171229303504766,-0.004374848756820898,-0.0031998199545611797,-3.9069696609817797,-3.0147431604807124,0.0,0.0,0.004528385158396153,-0.047182318632759235,-1.282644130510234e-05,-0.0002655495381041822
2025-12-30,25938.849609375,25976.75,25878.0,25940.900390625,396900,-0.0024418749078186767,-0.001776229122898084,0.003969060037071008,0.03529097555566797,0.000667275187457455,0.005755512268477559,0.03119808843256626,43.59049869170621,48.93385566382872,52.526323900400136,0.0,0.578004118210116,0.6723474161305368,0.6985349840657977,0.004035233901115418,1.6688356511054137,2.39598936622003,0.0004160992891239553,-0.010305145237599091,5.222600349001172e-05,-0.010189365253452907,-0.0002884841705602043,-0.010838276229983533,-0.0004970930541091101,-0.011447625369264906,-0.1260782389925268,-9.627557138738958,0.0,0.0,-0.022347137982756005,-0.06960161003131937,-3.6227775448349417e-06,-0.0002381021282902721
2025-12-31,26129.599609375,26187.94921875,25969.0,25971.05078125,246300,0.004000623767031216,0.005056117735061806,0.010902049011199786,0.042459298722293266,0.0010512881596331633,0.005816522254809059,0.03121692130504709,59.754542043595904,56.06966955158195,55.72219621866906,0.0,0.6496923779149844,0.6878594865555752,0.7058111885858971,0.004058819569398628,0.04791821353066678,0.019633357384210837,0.006442498674849893,-0.002573002745026842,0.00683234685795989,-0.0027524636650490654,0.006932988974128779,-0.0034930981225469084,0.007168323166625294,-0.003980637491701945,7.13581388775323,-2.6305529913354704,0.0,0.0,0.015512070425038327,-0.0322113353798148,2.3585668283210466e-05,-0.00013038168201306554
2026-01-01,26146.55078125,26197.55078125,26113.400390625,26173.30078125,425600,0.0038029272824094875,0.005186519768904349,0.011099575883212908,0.04268804614364052,0.0013783507189410711,0.0058825461722944615,0.03124170063352518,60.91567598859502,56.64939909390267,55.99519837233516,0.0,0.5837851923011965,0.6613012327362898,0.6870911093364548,0.003990622208667161,1.1471562923213254,2.302706315602069,-0.00019769648462172884,-0.0004687018593530438,0.00013040203384254243,-0.0006819815504861418,0.00019752687201312139,-0.001419661551704806,0.00022874742134725706,-0.001882602743474078,0.5797295423207203,-0.5287559387229095,0.0,0.0,-0.026558253819285338,-0.03921706496196875,-6.819736073146714e-05,-0.00016186197330412318
2026-01-02,26328.55078125,26340.0,26118.400390625,26155.099609375,357500,0.008811029883411604,0.011063552664400279,0.017413937901333266,0.04942441544235824,0.0022328490810107396,0.006280896210923799,0.03146258995336202,71.29100518119657,62.3884323472671,58.82209651751802,0.0,0.6321338256121767,0.6699399240823751,0.6899285797041785,0.003967955157981843,0.2905893351384103,1.2614605830045682,0.0050081026010021165,0.008452883064812327,0.00587703289549593,0.009219760069064392,0.006314362018120358,0.00910223450168896,0.006736369298717716,0.009261498075760259,5.7390332533644255,9.421528783464069,0.0,0.0,0.008638691346085303,-0.02022624487252156,-2.2667050685317575e-05,-8.372796198351153e-05
2026-01-05,26250.30078125,26373.19921875,26210.05078125,26333.69921875,338800,0.004750893289484053,0.007320648135220294,0.013818007551623832,0.04582360026069653,0.0025576039423294704,0.0064501402095069015,0.03156936695804643,62.91370139214149,58.785067150710184,57.184174668790824,0.0,0.6315166790157986,0.6683350870296165,0.6886292734898795,0.00395690945773,-0.2073938305764217,0.9423841695789482,-0.004060136593927551,0.0076088674864266855,-0.0037429045291799846,0.00914910326160839,-0.003595930349709434,0.00956046334399262,-0.0036008151816617068,0.01003553165091945,-3.603365196556915,9.725133247888934,0.0,0.0,-0.0016048370527586009,-0.026359467083676313,-1.1045700251842948e-05,-8.194722093025214e-05
2026-01-06,26178.69921875,26273.94921875,26124.75,26189.69921875,383000,0.0016441794866476848,0.004155574830810059,0.010614630775811004,0.0425252079806289,0.002507272937431223,0.006432325933249167,0.031575415824250774,55.9011621256862,55.619482117060834,55.7120841923918,0.0,0.6205803602876027,0.6630032672965658,0.6847705235957486,0.0039644493356342705,0.491930544177076,1.392857764354386,-0.0031067138028363682,0.004086054394466361,-0.003165073304410235,0.005931803953708143,-0.003203376775812828,0.006645570738739996,-0.003298392280067633,0.007234232424960928,-3.16558503364935,6.685626453232111,0.0,0.0,-0.005331819733050747,-0.009344148833971055,7.539877904270097e-06,-7.07845654811471e-05
2026-01-07,26140.75,26187.150390625,26067.900390625,26143.099609375,338200,0.00015722780476073458,0.002453878428973997,0.008787659779688092,0.040589277136334624,0.0022962895836429313,0.00631827706691132,0.03152458998516276,52.29676974265701,53.96092150906759,54.93479829694822,0.0,0.5884218805667828,0.6491242340649559,0.6748322272270233,0.0037955026630326983,-0.8285593202600016,0.80727513979811,-0.0014869516818869501,-0.003843395962270482,-0.0017016964018360622,-0.0026022393060878093,-0.0018269709961229123,-0.0021143892315116947,-0.0019359308442942758,-0.0018700215859586422,-1.6585606079932447,-2.108748042514364,0.0,0.0,-0.013879033231609883,-0.038735252490619265,-0.0001689466726015722,-0.0002633169063659298
2026-01-08,25876.849609375,26133.19921875,25858.44921875,26106.5,328500,-0.00814722499638792,-0.006974186470423483,-0.0013417309499956568,0.02977589141629034,0.0011826740374448867,0.005672013198134318,0.031159429937817788,34.335457893113755,44.11025065354498,49.912818760142805,0.0,0.6937261419194252,0.6868295905477974,0.7012012939212683,0.0037793774711975155,-0.957630598035522,0.6253736938911918,-0.008304452801148655,-0.011950152278797407,-0.00942806489939748,-0.012160706239327832,-0.010129390729683748,-0.012441306833208564,-0.010813385720044283,-0.012912154727350182,-9.850670855522608,-12.539148440357692,0.0,0.0,0.03770535648284146,0.02552835781150753,-1.6125191835182802e-05,-0.00021124473746964544
2026-01-09,25683.30078125,25940.599609375,25623.0,25840.400390625,348800,-0.012771883038112294,-0.013109559498121072,-0.008468693377987477,0.021849129617752792,-0.0003420450189850242,0.004702514007303084,0.03057676827071473,26.536950252153304,38.55165958463047,46.66799350516801,0.0,0.806483169727712,0.7309051051728079,0.7317290622358579,0.003988007060980717,0.06343107319313572,0.7811109230259359,-0.004624658041724374,-0.021582912921523898,-0.0061353730276975885,-0.02417311216252135,-0.0071269624279918205,-0.025882631279320743,-0.00792676179853755,-0.027575285824605448,-5.5585910689145095,-23.836772762636627,0.0,0.0,0.04407551462501058,0.06096518109043281,0.00020862958978320155,2.005190299887369e-05
2026-01-12,25790.25,25813.150390625,25473.400390625,25669.05078125,275800,-0.007097378000443871,-0.008188514016069006,-0.004170325692263722,0.02583781155854532,-0.0010989355768119048,0.00405136296623851,0.03013380503214024,35.91964198660217,42.838162599969195,48.583412557893325,0.0,0.9059826817695129,0.769980138017709,0.7567262672922458,0.004270544508456501,-1.5184235268704445,-0.11439333789184115,0.005674505037668423,-0.011848271289927924,0.0049210454820520656,-0.0155091621512893,0.0042983676857237555,-0.017988333243887555,0.003988681940792528,-0.019985788702151213,4.286503015338724,-15.946904550740989,0.0,0.0,0.0390750328449011,0.10164505098809251,0.0002825374474757841,0.00031363505072650073
2026-01-13,25732.30078125,25899.80078125,25603.30078125,25897.349609375,339500,-0.007645272478146442,-0.00947902921604899,-0.006158155456310505,0.023293200973169177,-0.001847884317014214,0.0033526536617495013,0.02963384626152657,33.23623198358642,41.16263792958842,47.622351560790015,0.0,0.9568680273139905,0.7988951478179181,0.7771836499541296,0.004505330880127668,0.4591074912920217,0.5729460450407343,-0.0005478944777025712,-0.009289451964794127,-0.001290515199979983,-0.01363460404685905,-0.0019878297640467833,-0.016772786232121507,-0.0025446105853761426,-0.019232007007459723,-1.6755246703807742,-14.456844187472413,0.0,0.0,0.028915009800209113,0.13589188052135237,0.00023478637167116678,0.0005408815444933974
2026-01-14,25665.599609375,25791.75,25603.94921875,25648.55078125,393100,-0.008375392158755107,-0.010963440092659524,-0.008394664595601516,0.020431127492020116,-0.002609906927923629,0.0025972502950736905,0.029069823505806208,30.20596801678144,39.25922808909005,46.52380539640709,0.0,0.9138281860314231,0.7960249615677225,0.7769424060594413,0.004593880693213366,1.3272843794588527,1.120362421682742,-0.0007301196806086645,-0.008532619963515842,-0.0014844108766105344,-0.01341731852163352,-0.0022365091392910104,-0.017182324375289607,-0.0028620734811490613,-0.020158149644314508,-1.9034098404983695,-14.701693419977538,0.0,0.0,-0.0028701862501956388,0.14690072750276661,8.8549813085698e-05,0.0007983780301806676
2026-01-16,25694.349609375,25873.5,25662.400390625,25696.05078125,434000,-0.005951622819270739,-0.008967620653230266,-0.007000248421528737,0.0213549376047233,-0.0030340553872371377,0.001985174523761074,0.02855507867064283,33.26560284672598,40.535594195614486,47.06957769215033,0.0,0.8945605241811088,0.7970232437171975,0.7782400588730909,0.0047085368721015335,1.2719104788611841,1.4381317663008535,0.002423769339484368,0.002195602177117181,0.001995819439429258,-0.0019934341828067824,0.0013944161740727786,-0.00565851747153308,0.0009238101127031842,-0.008420953811567041,1.276366106524435,-3.5746564579304945,0.0,0.0,0.0009982821494749494,0.11019365316940011,0.0001146561788881676,0.000929159400904018
2026-01-19,25585.5,25653.30078125,25494.349609375,25653.099609375,443100,-0.008330357231347897,-0.011983393581886718,-0.0107721651048303,0.016855856143912443,-0.00368372307973437,0.0012259191487150431,0.027928875709073164,27.86912439207022,37.336667977891594,45.25610324349026,0.0,0.8750315875806272,0.7990768217525019,0.7815577146172181,0.004717718680422472,0.9446648209246372,1.3932668751744077,-0.0023787344120771584,0.004441525806764397,-0.003015772928656452,0.0011261659162343542,-0.003771916683301562,-0.0023034717268428217,-0.004499081460810857,-0.004993273473840348,-3.1989262177228923,-1.2149916067388773,0.0,0.0,0.002053578035304482,0.06817171657969401,9.181808320938428e-06,0.0007297116194417549
2026-01-20,25232.5,25585.0,25171.349609375,25580.30078125,409800,-0.018082435009353918,-0.023340658418733437,-0.023485247439209798,0.002798218543904861,-0.005355055858919896,-0.0001480444760219695,0.02691558516058205,17.269515770350452,29.26958158683007,40.064801931276925,0.0,1.0380859748235534,0.869618772164109,0.8329128386185176,0.004909118230646015,0.14371596862128871,0.9767494282308613,-0.00975207777800602,-0.010985057008910046,-0.01135726483684672,-0.01515214440266443,-0.012713082334379499,-0.019314921746946077,-0.014057637600007583,-0.02303959301464046,-8.067086391061522,-13.568581013139124,0.0,0.0,0.07054195041160705,0.09963863414639995,0.00019139955022354303,0.0006385737221895138
2026-01-21,25157.5,25300.94921875,24919.80078125,25141.0,395600,-0.01724853419876976,-0.023914909227644478,-0.025379245208989244,-0.00018064068691215542,-0.006783378362544256,-0.0015002134498192858,0.02585477930590598,15.781685977480677,27.890745884031674,39.07715250606945,0.0,1.135954376936828,0.9181282703033786,0.8677603625896565,0.005404508253409933,-0.8657302545444908,0.7348380272370568,0.0008339008105841574,-0.009603261720623318,-0.0005742508089110407,-0.014435880011595488,-0.0018939977697794465,-0.01922108975267874,-0.0029788592308170165,-0.023473841660081332,-1.3788357027983977,-13.271892045556747,0.0,0.0,0.048509498139269636,0.11923312248546047,0.0004953900227639184,0.0008991773732822655
2026-01-22,25289.900390625,25435.75,25168.5,25344.150390625,486400,-0.009902475851110216,-0.017100018809249065,-0.01947129966676854,0.005030454013862183,-0.007269529296445844,-0.002412535255771138,0.02498830852406853,28.473280542707883,33.81793778088279,41.70785723422387,0.0,1.124054161983517,0.9266730151853426,0.874504237929951,0.005615188049600391,1.5051915996619645,1.5873199083684513,0.007346058347659544,-0.0015270836923551093,0.006814890418395413,-0.006136578716589541,0.005907945542220704,-0.011076635071167025,0.005211094700774339,-0.015400673478157934,5.927191896851113,-5.441290308207265,0.0,0.0,0.008544744881963995,0.1306480536176201,0.0002106797961904574,0.0010213073563870249
2026-01-23,25048.650390625,25347.94921875,25025.30078125,25344.599609375,393900,-0.01588556641126754,-0.024127415281646507,-0.027725888086709706,-0.004511776732418511,-0.00837488872134893,-0.0036874412309694637,0.023876097357574698,21.564831465890762,29.120886372822994,38.561432192855236,0.0,1.1655215960501908,0.9607758323134152,0.9022201609335525,0.005697842585792218,-0.8120464876175906,0.47098024286960327,-0.005983090560157325,-0.009933943591996803,-0.007027396472397442,-0.015159794628416242,-0.008254588419941165,-0.02072563966518097,-0.009542230746280694,-0.02586671433714181,-4.697051408059792,-11.414707822791492,0.0,0.0,0.034102817128072616,0.16375258859621777,8.265453619182763e-05,0.000989305713690685
2026-01-27,25175.400390625,25246.650390625,24932.55078125,25063.349609375,618700,-0.00894065294277843,-0.017475349899741286,-0.021931292585250613,0.0005203138182578363,-0.008611691098323378,-0.004535196837101883,0.022955040104342957,31.719529106724863,34.28513499287635,40.98704666108055,0.0,1.1772518455867071,0.9767748012847836,0.914342877360989,0.005950318157515215,1.6428137002161238,2.805591264723162,0.006944913468489111,-0.0006102957114305328,0.006652065381905221,-0.005491956317854568,0.005794595501459093,-0.011159127480420314,0.005032090550676347,-0.016335542325654605,5.164248620053357,-3.0515329850152426,0.0,0.0,0.01599896897136832,0.1776979795322816,0.00025247557172299647,0.001232599477092743
2026-01-28,25342.75,25372.099609375,25187.650390625,25258.849609375,574900,-0.00192579131072564,-0.00995915234646483,-0.014833619145091159,0.007099258031202647,-0.008048861463206268,-0.004923500692096846,0.022263119816635306,43.072331632174354,40.4539692253019,44.0135068042989,0.0,1.0908134923636177,0.9564555068711643,0.9020122360768728,0.005999687157121934,0.7918454171446453,2.011340341805019,0.00701486163205279,0.01615664369862828,0.007516197553276456,0.013381506072268607,0.0070976734401594545,0.008651628294118639,0.006578944212944811,0.004301039487297786,6.168834232425546,11.184387638471826,0.0,0.0,-0.020319294413619238,0.08683673470705533,4.9368999606718734e-05,0.0010905689264759186
2026-01-29,25418.900390625,25458.150390625,25159.80078125,25345.0,582400,0.0008779354338447742,-0.006353359639630178,-0.011413063694127465,0.010023649339407583,-0.007224952032078162,-0.0050920557157645725,0.021684196145297277,47.68963635714307,43.07270766765674,45.33640819647402,0.0,1.1047827664778054,0.9693145145497215,0.9123776578131034,0.006190736067578108,0.5626434844359662,1.8031016249930656,0.0028037267445704143,0.018126469632614536,0.0036057927068346516,0.0175615495880143,0.003420555450963694,0.01396618151486178,0.0029243913082049357,0.010204290026319738,2.6187384423548465,15.18196178362507,0.0,0.0,0.012859007678557188,0.05118624424634288,0.00019104891045617408,0.0007862278141681743
2026-01-30,25320.650390625,25370.69921875,25213.650390625,25247.55078125,508400,-0.0024482611469128545,-0.009275902166700723,-0.014645514151669734,0.006058410346894698,-0.0068443978932238615,-0.005419886320230103,0.02101165092960389,42.50080548693792,40.592273047933766,43.9470053469999,0.0,1.0493763021719484,0.9614705020402641,0.9109029089646854,0.006224483787416802,-0.3073852554141104,0.9638694827237084,-0.0033261965807576286,0.007454214704197362,-0.0029225425270705454,0.007824116642548342,-0.0032324504575422693,0.0048257855150988065,-0.003965238992512885,0.0010279563330325148,-2.4804346197229776,6.774335267050979,0.0,0.0,-0.007844012509457432,0.034797486854921456,3.37477198386945e-05,0.0006092957378164114
2026-02-02,25088.400390625,25108.099609375,24679.400390625,24796.5,449200,-0.009509456808610386,-0.01672171081505629,-0.02277592292807635,-0.0031380762799722546,-0.007281497088511123,-0.006157170538198804,0.0200955411444071,32.691290720629326,35.40230173932687,40.87608994754786,0.0,1.3584649419553196,1.083627589511187,0.9972699843320341,0.0065030259045769905,-1.4446667059462284,0.3135227403711879,-0.007061195661697532,0.006376109602657155,-0.007445808648355567,0.007405704466590217,-0.008130408776406615,0.004949965158633357,-0.009196486626866953,0.001373700452446256,-5.189971308606893,6.281415366503879,0.0,0.0,0.12215708747092302,0.12285175719777186,0.00027854211716018835,0.0008051833187847721
2026-02-03,25727.55078125,26341.19921875,25641.30078125,26308.05078125,637300,0.012828589113584345,0.007565381568659366,0.0020364739469327137,0.022031559515728195,-0.005196543227054122,-0.0054873933968620486,0.019954448853579766,61.340048470851514,53.153591294719284,50.70646585478959,0.0,2.0336699327381402,1.32904816930776,1.158065662800185,0.00708316684994057,1.193640640479744,1.960154237676082,0.02233804592219473,0.021769242056362777,0.024287092383715656,0.02504073146840065,0.024812396875009062,0.023967766532183327,0.02516963579570045,0.021511245697470358,17.75128955539241,18.868456301842933,0.0,0.0,0.24542057979657295,0.3522733680229765,0.0005801409453635798,0.0011328486924253554
2026-02-04,25776.0,25818.55078125,25563.94921875,25675.05078125,429800,0.012024438950186367,0.00859514531740369,0.0037690321642909973,0.0237121908377999,-0.003388548241325102,-0.004784985507335473,0.01986827450783989,62.74247165418961,54.18142497830379,51.34243397398629,0.0,1.8214272355469205,1.3023498096670927,1.1478821554274816,0.007164530017855346,-1.04197415488054,-0.08607682388854344,-0.0008041501633979774,0.013950230260912007,0.0010297637487443247,0.01855429766386852,0.0017325582173582836,0.018602651309382157,0.0016806313220717045,0.01661293280659725,1.0278336835845039,13.727455753001891,0.0,0.0,-0.026698359640667357,0.34589430279592837,8.136316791477593e-05,0.0011648428607334126
2026-02-05,25642.80078125,25757.650390625,25579.5,25755.900390625,343800,0.005552468586644711,0.0030746560564608805,-0.0013624794705072375,0.01823544203124836,-0.0024641305228622454,-0.0044235346792755184,0.019624659697709417,56.20304987451377,50.876487517117454,49.52087650247311,0.0,1.6179701699785807,1.2703420484707504,1.1353900698357766,0.0071686386812307235,-1.1936721757537698,-0.9023022577094835,-0.0064719703635416565,0.004674533152799937,-0.00552048926094281,0.009428015696091058,-0.005131511634798235,0.010050584223620228,-0.005476748806551541,0.008211792691840776,-3.3049374611863342,7.80377984946071,0.0,0.0,-0.0320077611963423,0.3010275339210289,4.1086633753772625e-06,0.0009779026136526158
2026-02-06,25693.69921875,25703.94921875,25491.900390625,25605.80078125,375500,0.006167492068202839,0.004603026232999713,0.0005954006603821115,0.020050940213172844,-0.001554876148887823,-0.003989262890880546,0.0194439626046155,58.1477220041144,52.0793689129144,50.220737708912424,0.0,1.4568710264264488,1.236216218879562,1.1184815706328513,0.007213759171347947,-0.6264814309906368,-0.6214691179290545,0.0006150234815581286,0.008615753215115693,0.0015283701765388324,0.013878928399700436,0.0019578801308893492,0.015240914812051845,0.0018154981819244846,0.013992529866278147,1.2028813957969433,11.487095864980631,0.0,0.0,-0.03412582959118837,0.27474571683929794,4.512049011722377e-05,0.000989275383931145
2026-02-09,25867.30078125,25922.25,25780.900390625,25888.69921875,359400,0.010583386906243122,0.010344477236219625,0.007065495673183036,0.02666775824550314,-0.00023640767611951915,-0.003245409498358607,0.019464734574404986,64.43203132263884,56.03381819170808,52.54775865660899,0.0,1.334385086395637,1.2033219134021969,1.1001454515691163,0.007227843340885009,-0.5775611621781376,-0.8080400231173525,0.004415894838040283,0.02009284371485351,0.005741451003219912,0.027066188051275916,0.006470095012800925,0.029841418601259384,0.006616818032330295,0.029805834525475392,3.954449278793682,20.631516452381206,0.0,0.0,-0.03289430547736516,0.11969432389100976,1.4084169537061618e-05,0.0007248174363080184
2026-02-10,25935.150390625,25989.44921875,25870.44921875,25922.650390625,460900,0.010801936626050104,0.011799332291339124,0.009322799809132197,0.02906005904604929,0.000986736994804562,-0.0024476518249903633,0.019554952331057522,66.71120312172779,57.50963465675699,53.43011695189412,0.0,1.1589106138791838,1.1480883384401988,1.0674439551670636,0.007177415943833051,1.3528612338549388,0.1572752267769314,0.00021854971980698155,-0.0020266524875342407,0.001454855055119499,0.004233950722679758,0.0022573041359491607,0.007286325862199483,0.00239230080054615,0.007028499530321093,1.4758164650489078,4.356043362037703,0.0,0.0,-0.0552335749619981,-0.1809598308675613,-5.042739705195774e-05,9.424909389248084e-05
2026-02-11,25953.849609375,26009.400390625,25899.80078125,25997.44921875,331400,0.009414491177053974,0.011376895198727099,0.009652578076590734,0.029496726069741342,0.0019441012971636777,-0.0017049204211824014,0.019654432053205988,67.38322273403392,57.92877508279918,53.67630209524596,0.0,1.0109178187663221,1.095477261363075,1.0359897236134075,0.006997062048967798,-0.8356243716622629,-1.257099834135642,-0.0013874454489961295,-0.002609947773132393,-0.00042243709261202515,0.0027817498813234084,0.0003297782674585373,0.005883545912299736,0.0004366670236920535,0.005784535231941442,0.4191404260421905,3.747350104495389,0.0,0.0,-0.05261107707712376,-0.2068725483040177,-0.00018035389486525336,-0.00016746796888754845
2026-02-12,25807.19921875,25906.69921875,25752.400390625,25906.69921875,419400,0.00303411598418547,0.005144789589057844,0.003792212423258975,0.023438486950629295,0.0021042889481394786,-0.0013456540588066468,0.01957205314428787,56.877398630721125,53.47371194981854,51.46365891884604,0.0,0.9694485399787851,1.0787659780127723,1.0294346952909597,0.006764961363940681,0.5879580627956397,-0.36703461734074483,-0.006380375192868505,-0.0025183526024592407,-0.006232105609669255,0.002070133532596963,-0.0058603656533317595,0.005154691893766212,-0.006058239119112047,0.005203044919380936,-4.455063132980641,2.5972244327010827,0.0,0.0,-0.016711283350302697,-0.1915760704579781,-0.00023210068502711647,-0.0004036773172900422
2026-02-13,25471.099609375,25630.349609375,25444.30078125,25571.150390625,453500,-0.008220437793794364,-0.00722858152385845,-0.008919956989407141,0.01000815231828114,0.0010000773435273637,-0.0017036907329029208,0.019098466810198875,40.142737953548874,44.94290481672745,46.87150204013735,0.0,1.0707417603128868,1.1166967392785891,1.0611959244500682,0.006658918967020244,0.8462879100612829,-0.021085914616361327,-0.011254553777979834,-0.014387929861997203,-0.012373371112916294,-0.011831607756858164,-0.012712169412666115,-0.009515357649789252,-0.013430334632348155,-0.010042787894891703,-8.530807133091088,-7.136464096186948,0.0,0.0,0.03793076126581685,-0.11951947960097287,-0.00010604239692043726,-0.0005548402043277032
2026-02-16,25682.75,25697.0,25372.69921875,25423.599609375,275800,1.6926345837930678e-05,0.0009279010436124091,-0.0006578128478797206,0.018214320282155378,0.0009109592785626852,-0.0015842438699518648,0.018884555633357218,50.781748170551054,50.31798271587606,49.796944371332806,0.0,1.102077918107588,1.1185815341875656,1.062463400827421,0.006710159949966045,-1.3839987557320257,-1.7637750149368863,0.008237364139632294,-0.010566460560405192,0.00815648256747086,-0.009416576192607216,0.00826214414152742,-0.007723308521062756,0.008206167963874238,-0.00845343796334776,5.375077899148614,-5.715835475832016,0.0,0.0,0.001884794908976417,-0.08474037921463129,5.124098294580128e-05,-0.0005176833909189636
2026-02-17,25725.400390625,25764.400390625,25570.30078125,25637.94921875,344100,0.0013721774910244987,0.0023540865109158114,0.0009624352440490051,0.019703266580226288,0.0009805635127106513,-0.0013883828934254075,0.01872281184219266,52.755909320452304,51.34873481814146,50.36805924046264,0.0,1.0311017556869086,1.0908540742804385,1.0461211589436092,0.006676573174071678,-0.29103296116520583,-0.9837209831909188,0.0013552511451865679,-0.009429759135025605,0.0014261854673034023,-0.009445245780423312,0.0016202480919287256,-0.008360364565083192,0.0014889462980709096,-0.009356792465823001,1.0307521022653958,-6.160899838615528,0.0,0.0,-0.027727459907127106,-0.057234264159760295,-3.3586775894367364e-05,-0.0005008427697613732
2026-02-18,25819.349609375,25828.05078125,25645.150390625,25752.650390625,310200,0.004111033418836687,0.0054649080606351584,0.004436052737776069,0.023188712987562875,0.0013483316055085525,-0.0010232632830951506,0.018669839855581613,57.17073894376302,53.63085713988405,51.625180301161585,0.0,0.9635568903054148,1.0598490684325206,1.0264132113186721,0.006698083510408651,-0.6781876789184172,-1.222595660416075,0.0027388559278121883,-0.005303457758217288,0.003110821549719347,-0.00591198713809194,0.0034736174937270636,-0.005216525338814665,0.0034854464073365878,-0.006308013082178467,2.282122321742591,-4.297917942915127,0.0,0.0,-0.031005005847917877,-0.035628192930554414,2.1510336336972788e-05,-0.000298978538559147
2026-02-19,25454.349609375,25885.30078125,25388.75,25873.349609375,298200,-0.008265509302005177,-0.00795999669964555,-0.009384059604955104,0.00863665908420558,0.0003080588657802989,-0.0014354893961654057,0.018191428135079526,40.16045510856168,44.832152386814364,46.84471266319973,0.0,1.1720490155233116,1.1375969180390406,1.0844465408620163,0.006783425034275672,-0.5452857073247889,-1.2403887701273841,-0.012376542720841863,-0.011299625286190646,-0.013424904760280708,-0.013104786288703395,-0.013820112342731172,-0.013176272028214078,-0.014552053903357296,-0.014801827866423716,-8.798704753069686,-8.641559563004172,0.0,0.0,0.07774784960652004,0.05883094002626832,8.5341523867021e-05,1.8463670334990454e-05
2026-02-20,25571.25,25663.55078125,25379.75,25406.55078125,296600,-0.003038255905875991,-0.003095505834766506,-0.004645894139580581,0.013135111251524882,-5.7424398909643556e-05,-0.001555202443050781,0.017863999642353343,46.147512371112946,47.786712475199764,48.43076266508009,0.0,1.1553213841858858,1.1307853931579757,1.0809343748686935,0.00653552070188791,-0.33351744629982344,-1.1330550619933635,0.005227253396129186,0.0051821818879183735,0.004864490864879044,0.004133075689091944,0.004738165465374523,0.00427406284982656,0.0044984521673193025,0.003126958933243742,2.9545600883853993,2.843807658472315,0.0,0.0,-0.0068115248810649565,0.014088653879386515,-0.0002479043323877616,-0.00012339826513233388
2026-02-23,25713.0,25771.44921875,25609.349609375,25678.400390625,313700,0.0020349095222431794,0.0022092114123199056,0.0008374744849897537,0.01856121553961514,0.00017394792179429268,-0.0013687131506176149,0.01770891029409711,52.824701555172744,51.19959986147227,50.295706190012,0.0,1.074880174670037,1.099840185557282,1.0608619033585414,0.0064074763657027516,0.05961783758406716,-0.9232736298205964,0.0050731654281191705,0.0020179831764052486,0.005304717247086412,0.0012813103687074965,0.0054833686245703344,0.0014952873328694743,0.0054261042880902575,0.0003468952574597617,3.4128873862725086,0.8816171455962092,0.0,0.0,-0.030945207600693747,-0.01874134863028365,-0.0001280443361851586,-0.00030268358426329377
2026-02-24,25424.650390625,25641.80078125,25327.599609375,25641.80078125,439100,-0.007541581670602358,-0.008215580088141026,-0.009982842686634245,0.0070673745742918705,-0.0006791200569120137,-0.0017819019567279328,0.01722214320729119,40.81460286464346,44.78648676674737,46.73064248093458,0.0,1.1728272562020277,1.1411380906997968,1.0939868208319257,0.00647880895067694,1.7754499243621715,0.27716141150510565,-0.009576491192845538,-0.008913759161626856,-0.010424791500460932,-0.010569666599056837,-0.010820317171624,-0.010945277930683249,-0.01149384096532327,-0.012635892005934417,-6.413113094724899,-6.562248051394086,0.0,0.0,0.04129790514251486,0.05028401641935831,7.133258497418835e-05,-0.00019776422339473805
2026-02-25,25482.5,25652.599609375,25428.19921875,25512.599609375,414200,-0.004326943115170178,-0.005420152393990174,-0.007429327741000161,0.009264805657662417,-0.0010979600896707288,-0.002020124730906367,0.016819087915088463,43.80504043343038,46.24133129105031,47.50480346738109,0.0,1.1150382710105375,1.1211178621745441,1.082123718718374,0.006357801989052553,0.8999946424365353,0.12438794142894631,0.00321463855543218,-0.008437976534006865,0.002795427694150852,-0.010885060454625332,0.002553514945634084,-0.011865380478776229,0.0021974310833705463,-0.013923907329900459,1.4548445243029349,-7.389525848833742,0.0,0.0,-0.020020228525252648,0.06126879374202354,-0.00012100696162438678,-0.0003402815213560976
2026-02-26,25496.55078125,25572.94921875,25400.94921875,25556.30078125,405200,-0.003093166108777914,-0.004430827421701912,-0.0066139360374539895,0.009722629055302303,-0.0013418117595831002,-0.0021928246433126513,0.016445333476484362,44.59825458300625,46.609308964076156,47.69626469400886,0.0,1.0264592421680399,1.0886501033336053,1.062149931991587,0.006351376085711192,0.49020315296882255,0.13667271718466847,0.001233777006392264,0.0051723431932272634,0.0009893249722882618,0.003529169277943638,0.0008153917035461714,0.002770123567501114,0.00045782339763988586,0.001085969971096723,0.36797767302584816,1.7771565772617919,0.0,0.0,-0.032467758840938776,-0.04894681470543527,-6.425903341360922e-06,-0.00043204894856447955
2026-02-27,25178.650390625,25476.400390625,25141.30078125,25459.849609375,438900,-0.01273655720031964,-0.015336166268878109,-0.01826835940283637,-0.002838518728617391,-0.002633146286857843,-0.002977862122596192,0.015716963817966976,32.492058684663675,39.94689959877203,43.936412916529925,0.0,1.1137187942645952,1.1244324860413717,1.0915298034768106,0.0062523841315116095,0.7094051710363115,0.5867567876099676,-0.009643391091541727,-0.00969830129444365,-0.010905338847176198,-0.012240660434111603,-0.011654423365382381,-0.013622465263255789,-0.012561147783919695,-0.015973629980142273,-6.6624093653041285,-7.839812876427736,0.0,0.0,0.03578238270776635,-0.0063529071166039675,-9.899195419958273e-05,-0.0002831365703763007
2026-03-02,24865.69921875,24989.349609375,24603.5,24659.25,519200,-0.02055412045245217,-0.02513097736529894,-0.02931062660168227,-0.015083184844374101,-0.00467290435175554,-0.004287395680177963,0.014657049049067943,24.769795942527196,34.689963512452465,40.66394322068202,0.0,1.364793985375462,1.222472994451794,1.1627797947587017,0.006543300543882575,1.686614978550851,1.4363149518463556,-0.007817563252132531,-0.022589029974695352,-0.00979481109642083,-0.027340188777618846,-0.0110422671988459,-0.030148101086672024,-0.012244666115756711,-0.03364440038398924,-5.256936086319563,-16.509636349019807,0.0,0.0,0.09804050841042233,0.12263280889451211,0.00029091641237096594,0.00013582417817982386
2026-03-04,24480.5,24602.44921875,24305.400390625,24388.80078125,599000,-0.02942222136457622,-0.036709590670931914,-0.042682861254769396,-0.030047890002956996,-0.00750827956992928,-0.006200903202179566,0.01319831301502994,18.467150908657132,29.537480529719986,37.13356849306825,0.0,1.566766281375963,1.3164976146979326,1.2338227131112025,0.006444142065973328,1.5000530606801532,2.5228104280749237,-0.008868100912124047,-0.02188063969397386,-0.011578613305632975,-0.02849401058279089,-0.013372234653087126,-0.03270001856813515,-0.014964705158582895,-0.03711526457724887,-5.152482982732479,-15.249006237027388,0.0,0.0,0.09402462024613856,0.1753595239981358,-9.915847790924713e-05,-3.466688470361162e-05
2026-03-05,24765.900390625,24854.19921875,24529.400390625,24615.94921875,504300,-0.014863718696015278,-0.023216764770995126,-0.03032351553646218,-0.018556915349093542,-0.0084790766856371,-0.007275668243631239,0.012134562790679997,33.16684614050962,37.003405863648155,41.06497727387747,0.0,1.540754074518687,1.3161549688807224,1.233381480033882,0.006071183967788607,0.145800958353515,1.273456006614043,0.01455850266856094,-0.0105367755808451,0.013492825899936788,-0.01779661237700495,0.012359345718307217,-0.02289418779546202,0.011490974653863454,-0.027821721006755958,7.465925333928169,-9.237925427402153,0.0,0.0,-0.0003426458172102187,0.19503710670617824,-0.00037295809818472126,-0.0002866180212639461
2026-03-06,24450.44921875,24700.900390625,24415.75,24656.400390625,433400,-0.02254010446264179,-0.03252212084319059,-0.04106981156521449,-0.030758340767044506,-0.01021220044538112,-0.008835024455002026,0.01075309852847671,26.91048735294811,32.85917115026558,38.31830093015801,0.0,1.5349222022679134,1.3402031188850776,1.2579983039843747,0.00605970314378721,-0.9679061541436168,0.3964716464692421,-0.007676385766626513,-0.019446938353863876,-0.009305356072195462,-0.028091293421488677,-0.010746296028752312,-0.0344558755277605,-0.012201425417950964,-0.04048096982234681,-4.144234713382573,-13.750137813810575,0.0,0.0,0.02404815000435523,0.25155301555147225,-1.1480824001396973e-05,-0.00029167294192398215
2026-03-09,24028.05078125,24078.150390625,23697.80078125,23868.05078125,526900,-0.032490873102580003,-0.04496121993687694,-0.05550120513997726,-0.04705223801226914,-0.012889125784566477,-0.011036185569766788,0.008945450405746971,20.78539435927098,28.290244488826048,35.06177717362972,0.0,1.8759989750896402,1.4900924287790538,1.3683160470444937,0.006414408805039873,0.17492707632388688,1.3361255996581525,-0.009950768639938212,-0.019754315902260365,-0.012439099093686352,-0.029625053667998832,-0.014431393574762766,-0.03723284573714089,-0.016293897245224634,-0.044213719283651746,-4.568926661439534,-11.65665510994598,0.0,0.0,0.1498893098939762,0.3656599427376821,0.00035470566125266317,0.00016202467352826374
2026-03-10,24261.599609375,24303.80078125,24079.94921875,24280.80078125,444300,-0.01896885523771379,-0.032540449222854165,-0.04458531355475027,-0.03742779369219128,-0.013834009305004181,-0.012449992686744004,0.007491532173520916,30.92689620982094,33.77339476958866,38.07918708678979,0.0,1.7136660228765723,1.4515213431188663,1.3447359501566345,0.006461726222096805,-0.852255741977284,0.36850915857426186,0.013522017864866214,0.0015852652147383822,0.012420770714022776,-0.0074094718575552256,0.010915891585226989,-0.015274686953067999,0.009624444320077863,-0.022344608847817176,5.483150280762615,-0.9165687428638023,0.0,0.0,-0.03857108566018752,0.22904834866707224,4.731741705693137e-05,-8.157432178577083e-05
2026-03-11,23866.849609375,24299.0,23834.30078125,24231.849609375,407400,-0.02876240796671042,-0.04408583517802679,-0.057908948555739484,-0.052588917580263454,-0.015777217991775543,-0.014460621974659277,0.00564704543931314,24.692970950177852,29.64707493129376,35.21134495263138,0.0,1.7830173734895194,1.5092090242151321,1.3945998965804665,0.006759793211646269,-1.111338037667606,-0.015145502946482448,-0.009793552728996631,0.000659813397865798,-0.011545385955172627,-0.007376244507094877,-0.013323635000989216,-0.015226087300970088,-0.015161123888072177,-0.022541027577306458,-4.126319838294904,0.10959440157377287,0.0,0.0,0.057687681096265875,0.19271140951719956,0.00029806698954946455,0.00031565114567294085
2026-03-12,23639.150390625,23833.150390625,23556.30078125,23674.849609375,501000,-0.03133077449378433,-0.04860385056238453,-0.06444252336829107,-0.061051823041190015,-0.017831758885055404,-0.016647821010489706,0.003624256565517069,21.743519283990082,27.555736672060263,33.693433254128564,0.0,1.7028946430175589,1.5087432654614552,1.403541302977302,0.006957455342271111,0.7740763521010822,0.9434750428195985,-0.0025683665270739113,-0.016467055797769053,-0.00451801538435774,-0.025387085791389406,-0.006533574812551582,-0.03411900783182889,-0.00846290546092656,-0.042494907692096476,-2.0913382592334955,-9.447669191587892,0.0,0.0,-0.000465758753676937,0.19258829658073284,0.00019766213062484203,0.0008862713744825041
2026-03-13,23151.099609375,23492.400390625,23112.0,23462.5,519800,-0.04239274047057711,-0.06242937002314931,-0.08073849095184496,-0.07970064292005591,-0.020923639992472882,-0.019528257758189074,0.0011290019451197155,16.742677528399625,23.697161885641677,30.74719951213811,0.0,1.8464347087744841,1.59315282200467,1.473313784656044,0.007148074562366143,0.769336158452021,1.063683496884059,-0.011061965976792779,-0.01985263600793532,-0.013825519460764775,-0.02990724917995872,-0.016295967583553894,-0.03966867938663047,-0.018648819878865894,-0.0489423021530114,-3.858574786418586,-9.162009264623904,0.0,0.0,0.0844095565432148,0.2529497031195924,0.000190619220095032,0.001088371418578933
2026-03-16,23408.80078125,23502.0,22955.25,23116.099609375,540300,-0.026114325291315653,-0.04749085108235424,-0.067928821802948,-0.06881298852405013,-0.02194972813152107,-0.02145698101043734,-0.000948604293088873,27.07479017404846,29.32470211606497,33.9116095665436,0.0,1.9280182489393762,1.6299032169537115,1.4989309252379475,0.007797284401061229,1.0466393227212802,1.1937696860723335,0.016278415179261457,0.006376547811264351,0.014938518940795065,-0.0025296311454773013,0.01280966914889696,-0.012427616662970743,0.01088765439600578,-0.021760750511780988,5.627540230423293,1.0344576272389219,0.0,0.0,0.03675039494904153,0.13981078817465775,0.000649209838695086,0.001382875596021356
2026-03-17,23581.150390625,23656.80078125,23346.599609375,23493.19921875,458800,-0.01555320376933047,-0.03693400861192627,-0.05881243820558734,-0.06137838326534254,-0.021718598632714713,-0.022717477088073205,-0.002726284498344969,33.512716212536986,32.88959409971412,35.941716387773525,0.0,1.7942339033616443,1.5963814455199903,1.4797606468440045,0.007981722275636868,-0.5031023371801623,0.26047172561130244,0.010561121521985182,0.0034156514683833187,0.010556842470427971,-0.004393559389072106,0.00911638359736066,-0.014227124650837072,0.007434605258707587,-0.023950589573151264,3.5648919836491473,-0.883800669874546,0.0,0.0,-0.03352177143372126,0.144860102401124,0.00018443787457563844,0.001519996053540063
2026-03-18,23777.80078125,23862.25,23618.44921875,23632.900390625,382900,-0.006016435023760066,-0.026344409686229642,-0.04906307263787305,-0.053046352305168264,-0.02045101687667793,-0.02333336672397895,-0.004188794811391664,40.504438401673575,36.80630630846443,38.18840279926655,0.0,1.6599546846034392,1.5545370238916858,1.4539354319515558,0.007973900776077786,-1.566958067290872,-0.6305117035218731,0.009536768745570405,0.022745972942950353,0.01058959892569663,0.01774142549179715,0.009749365567714288,0.008845875917866432,0.008332030960174278,-0.0004574347249048094,3.9167122087503117,7.15923137717067,0.0,0.0,-0.041844421628304485,0.045327999676553654,-7.821499559081471e-06,0.001214107564431517
2026-03-19,23002.150390625,23378.69921875,22930.349609375,23197.75,550100,-0.03167306060753505,-0.053103980705995577,-0.07718525386456469,-0.08317099067374939,-0.022131905275615316,-0.025431803141937236,-0.006486390507143252,27.295772524391495,29.494445472233693,33.39721800785573,0.0,2.1095888884545335,1.7553335516874935,1.6068329119986897,0.008369205297278913,0.8559144812651125,1.183281141827584,-0.02565662558377499,-0.0003422861137507213,-0.026759571019765935,-0.004500130143611045,-0.02812218122669164,-0.012742730496273627,-0.030124638368581126,-0.022119167632559375,-7.311860836230736,1.9387088001734298,0.0,0.0,0.2007965277958077,0.2465902862260383,0.0003953045212011265,0.0014117499550078015
2026-03-20,23114.5,23345.150390625,23067.599609375,23110.150390625,663300,-0.02215316722996521,-0.04426695451905735,-0.07002741237589415,-0.07797095280242555,-0.02261477620830291,-0.026953612181394918,-0.008541693091003439,31.09304481691713,31.613614347003022,34.629174065449575,0.0,1.9762514741698107,1.728024160595339,1.5935415635578063,0.008507022283464366,1.3690204646300579,2.177863474657173,0.009519893377569841,0.0202395732406119,0.008837026186938227,0.018162415504091957,0.007157841488670547,0.010711078575950814,0.005200037871323837,0.0017296901176303559,2.119168874769329,7.916452461361345,0.0,0.0,-0.027309391092154467,0.13487133859066902,0.00013781698618545342,0.001358947721098223
2026-03-23,22512.650390625,22851.69921875,22471.25,22824.349609375,550300,-0.039297191115882125,-0.06326324796534026,-0.0908819279829977,-0.10106635770484229,-0.024946379492004764,-0.029483929137687482,-0.011202537970947002,23.44134652994464,26.941943329429208,31.40234734999285,0.0,2.1947238953408172,1.8515824209792242,1.6942925432899891,0.008460106123127073,0.27581074453091237,0.8520170160636518,-0.017144023885916914,-0.013182865824566473,-0.01899629344628291,-0.01577239688298602,-0.020854515607103552,-0.0229531061800497,-0.02309540490241674,-0.03225336918079216,-4.671671017573814,-2.382758786635762,0.0,0.0,0.12355826038388518,0.22167920402551267,-4.691616033729307e-05,0.0006628217220658438
2026-03-24,22912.400390625,23057.30078125,22624.19921875,22878.44921875,538100,-0.01826883610348422,-0.042571290731843035,-0.07201914890500544,-0.08432887953692048,-0.02475469407724795,-0.03075723329382077,-0.01326506965891576,35.70260959184321,33.92608897979227,35.539682540506234,0.0,2.2005659974821796,1.859122412703366,1.6986546250664678,0.008827116647539532,0.011593018467879431,0.6376521467288282,0.021028355012397904,-0.0027156323341537506,0.020691957233497225,-0.005637282119916764,0.01886277907799226,-0.013206710699418096,0.016737478167921815,-0.022950496271577935,6.984145650363061,1.036494880078152,0.0,0.0,0.007539991724141881,0.2627409671833758,0.00036701052441245885,0.0008453943719026642
2026-03-25,23306.44921875,23465.349609375,23063.19921875,23064.400390625,505400,-0.0011334386021798197,-0.023788614336312797,-0.05397993060779544,-0.06794507953715612,-0.022680883122595655,-0.030927027398842285,-0.014762000702937466,45.70315869803953,40.01365677958581,39.283169950790736,0.0,2.2051915016680486,1.8666058553581812,1.7033912188409321,0.009061648942238125,-0.9368214791760585,0.14341086737897257,0.0171353975013044,0.004882996421580246,0.01878267639553024,0.002555795349916845,0.018039218297209995,-0.004916857969922389,0.01638379999976436,-0.014898727231987853,6.08756779979354,3.20735047112138,0.0,0.0,0.007483442654815153,0.31206883146649544,0.00023453229469859276,0.0010877481661603385
2026-03-27,22819.599609375,23186.099609375,22804.55078125,23173.55078125,612600,-0.01807131038522708,-0.04032628035541281,-0.07105505127332526,-0.0866203655250567,-0.022664548052788565,-0.03202001918870173,-0.016755906012586825,37.33329481948475,35.64415796676654,36.56259904378468,0.0,2.2416745528690454,1.9273571335339654,1.7616223752355442,0.009056606796464474,0.6108695803386415,1.4639604455208264,-0.01693787178304726,0.013601750222307973,-0.016537666019100013,0.012777700350582767,-0.017075120665529818,0.006130202591239434,-0.01867528598790058,-0.0034493748513073075,-4.369498812819266,6.149712494532849,0.0,0.0,0.060751278175784185,0.17202358184647193,-5.042145773650336e-06,0.0006874014991855616
2026-03-30,22331.400390625,22714.099609375,22283.849609375,22549.650390625,698600,-0.03220216240525942,-0.05563269770155631,-0.0876755679406949,-0.1052158910082261,-0.024210154627467024,-0.03393051640092919,-0.019225970993607015,30.745965723593628,31.884177886604505,34.10628198972617,0.0,2.3123624894780663,2.0001775982673347,1.8286558075499362,0.009336876002977886,1.5399683050459645,2.1990406633611865,-0.014130852020032343,-0.010048995175294211,-0.015306417346143499,-0.011365743182498958,-0.016620516667369648,-0.01764815556480076,-0.01859552548316941,-0.027244938205800553,-3.7599800801620376,0.2705635396014827,0.0,0.0,0.07282046473336923,0.2721534376719956,0.00028026920651341193,0.0008298537195135201
2026-04-01,22679.400390625,22941.30078125,22618.599609375,22899.0,518000,-0.014051457993179306,-0.037335427757092206,-0.07078159635304948,-0.09044603945171184,-0.02361580627374346,-0.034743325515793316,-0.02116234786298283,39.60778613728733,36.98682347464176,37.223867340178714,0.0,2.3593499374549856,2.0208962330862517,1.8429120369054202,0.009447949252941689,-0.6993526008082519,-0.07187557328426285,0.018150704412080117,0.02524573312270282,0.018297269944464102,0.025927820208248055,0.016893971587645426,0.020100331629948218,0.014769851556514266,0.01062031825313045,5.102645588037255,10.044880145212552,0.0,0.0,0.020718634818917003,0.16931381210702745,0.00011107324996380286,0.000987843129814616
2026-04-02,22713.099609375,22782.30078125,22182.55078125,22383.400390625,495100,-0.010321618036077833,-0.03274780895271053,-0.06686124173207411,-0.08828629144312139,-0.022660079602961583,-0.0352683954558194,-0.02296019699237019,40.4684087184602,37.47527834171478,37.52072290253507,0.0,2.412788851235885,2.0623727650987353,1.8782905329889503,0.010018541954181741,-0.8078546507577341,-0.3450530633584087,0.003729839957101473,0.007947218067406388,0.004587618804381674,0.009823481779132504,0.003920354620975369,0.005157907172931325,0.002159748008590451,-0.003957411906200914,0.4884548670730169,3.549189361922508,0.0,0.0,0.04147653201248369,0.20325035239536926,0.0005705927012400521,0.0011914253066422093
2026-04-06,22968.25,22998.349609375,22542.94921875,22780.30078125,426400,0.0006512238547912759,-0.01993243554059851,-0.05428780964533235,-0.07732793193653824,-0.02057026354906729,-0.035054087443128504,-0.02436272105424085,47.124366585002676,41.192245735722665,39.75750786928181,0.0,2.3053362195251323,2.0354105392445363,1.8633922469267497,0.010206196916770785,-1.1625624150545582,-1.0934897522565763,0.010972841890869108,0.0017846624569710957,0.012815373412112023,0.003856178795714288,0.012573432086741762,-0.0003078790375369081,0.010958359506583151,-0.009382852399382122,3.716967394007888,1.1785889561368563,0.0,0.0,-0.02696222585419905,0.16880468388635506,0.00018765496258904384,0.0011445479745326604
2026-04-07,23123.650390625,23153.849609375,22719.30078125,22838.69921875,477000,0.006063960847732483,-0.012106837465559612,-0.04609779864183734,-0.0704277435500202,-0.018061275446126672,-0.034407527519548675,-0.0255057016049884,51.01590083050785,43.3992331254767,41.08958825383697,0.0,2.207722682162843,2.0115537473719964,1.8522204531847788,0.010326213099454876,-0.4434114141371119,-0.44148279818070935,0.005412736992941207,0.02413527123295956,0.007825598075038897,0.028219442889853195,0.008190011003495007,0.024957252631487917,0.006900188386518041,0.0161926219750365,2.2069873897540333,7.755075158710156,0.0,0.0,-0.023856791872539862,0.08419661383803101,0.00012001618268409064,0.0012696063029904014
2026-04-08,23997.349609375,24025.150390625,23828.5,23855.150390625,639300,0.0357761867552645,0.02287438651007186,-0.009665223434201599,-0.03496596787300728,-0.01245616611983483,-0.031811931526895314,-0.025547668361744824,66.96401075758237,53.87913517623211,47.81717352232649,0.0,2.4532078303526643,2.0681987923691088,1.8786835878351904,0.010205283929874012,1.6184075862451768,1.4061928794249965,0.029712225907532017,0.06797834916052392,0.03498122397563147,0.07850708421162816,0.036432575207635744,0.0780103445064933,0.03546177567701292,0.07024992313521883,10.479902050755413,21.994957289627607,0.0,0.0,0.056645044997112315,0.0680211941017741,-0.00012092916958086376,0.0008684079268961257
2026-04-09,23775.099609375,23990.75,23682.80078125,23909.05078125,466600,0.02132128610212033,0.012167991714544074,-0.01811181667376136,-0.04348571744945636,-0.00896220857445346,-0.029915793263738253,-0.025841945352411237,61.06383705925325,51.278184853340086,46.418762618890916,0.0,2.24551594799593,2.032924173364591,1.8689489972547164,0.010277419019166074,-0.42127084920652613,-0.634457485356105,-0.014454900653144167,0.03537274409529964,-0.010706394795527785,0.04950341947163628,-0.00844659323955976,0.052669779679288126,-0.008519749576449083,0.04696032200225548,-2.600950322892025,14.291361378698326,0.0,0.0,-0.03527461900451767,0.012027940278339422,7.213508929206254e-05,0.0008294697662243854
2026-04-10,24050.599609375,24074.05078125,23856.349609375,23880.55078125,481300,0.02696516648183378,0.021677221515444108,-0.006471571160670246,-0.03208980481498513,-0.005149098663691833,-0.02755155158922063,-0.025785103788366567,65.46447847447669,54.22787905826038,48.360140395050784,0.0,2.0244366668079077,1.9548778683242878,1.8187529696287272,0.010072176088706348,-0.2054965659797489,-0.48902412360445124,0.005643880379713449,0.03728678451791161,0.009509229800900033,0.05442503046815464,0.011640245513091112,0.06038967057140387,0.011395912634471234,0.05619648662813626,2.9496942049202914,16.7526007165456,0.0,0.0,-0.0780463050403033,-0.10749489677444757,-0.0002052429304597262,5.363413452460705e-05
2026-04-13,23842.650390625,23907.400390625,23555.599609375,23589.599609375,488800,0.014748888243608281,0.011662266630793398,-0.014479825969703446,-0.04007222585782064,-0.003041759048543925,-0.02584073110442243,-0.025968418062368794,59.53870935362832,51.684370855360235,47.02640686631683,0.0,2.0488969039094815,1.979369481721592,1.846115447725839,0.010127183225958972,-0.30113843878548924,-0.4703801440754157,-0.012216278238225499,0.014097664388817006,-0.01001495488465071,0.0315947021713919,-0.008008254809033201,0.039807983675628905,-0.00798242104283551,0.0372557060787176,-2.543508202900142,10.49212511963757,0.0,0.0,0.024491613397304324,-0.05604105752294419,5.5007137252623475e-05,-7.901369081181331e-05
2026-04-15,24231.30078125,24280.900390625,24145.80078125,24163.80078125,460300,0.025456039838626994,0.025528305649592815,0.001522537818891046,-0.02418763724110001,7.047187608080418e-05,-0.02340819624232212,-0.02567108985483492,66.20828051377319,55.85216651842642,49.714359344009566,0.0,1.974549632519151,1.9376926534564016,1.8161293435729708,0.009925612772193093,-0.6288258329186315,-0.7957676510069686,0.010707151595018713,0.019392078990894512,0.013866039018799417,0.037635143115152425,0.01600236378859449,0.047620336460728385,0.015884588616720628,0.046240106308920184,4.167795663066187,12.452933392949724,0.0,0.0,-0.04167682826519048,-0.07386109391559481,-0.0002015704537658789,-0.00040060032726178287
2026-04-16,24196.75,24400.94921875,24102.80078125,24385.19921875,508000,0.019546076980556024,0.021830449360062527,9.078695322098101e-05,-0.02533095223246241,0.0022405778719406205,-0.021275214905228507,-0.025419431432950987,65.09538615923233,55.394688375326396,49.48288110838573,0.0,1.8283320525468323,1.8898683835868346,1.7907921939249327,0.009889423516919606,1.4301036023997589,-0.18900035052725225,-0.00590996285807097,-0.016230109774708474,-0.003697856289530288,-0.001043937150009333,-0.001431750865670065,0.009756010387422579,-0.0011433149913624013,0.009635015640544867,-0.4574781431000261,1.5155531990942848,0.0,0.0,-0.047824269869567004,-0.17833040878227413,-3.6189255273487084e-05,-0.0003158604129544062
2026-04-17,24353.55078125,24371.900390625,24096.05078125,24165.900390625,498600,0.02129662677988207,0.02579886727744931,0.006312279482466917,-0.018829221447183263,0.004408357356239069,-0.018996499622485768,-0.024983796225342813,67.94794522907549,57.11158959511015,50.56615267888753,0.0,1.6797857293551641,1.824485217377826,1.7484728736989241,0.00983481438250423,0.6157518635116961,-0.28055343293855445,0.0017505497993260469,-2.4659322238260173e-05,0.003968417917386783,0.013630875562905235,0.006221492529245936,0.024424096156228276,0.006501730785279148,0.0246564960022731,1.7169012197837574,5.833404741770067,0.0,0.0,-0.06538316620900853,-0.20843895598676498,-5.4609134415375266e-05,-0.000442604636661844
2026-04-20,24364.849609375,24480.650390625,24241.25,24391.5,415900,0.0177419649187382,0.023829250672903066,0.006511577560246037,-0.018194507819805632,0.005981168079917888,-0.01691461061624791,-0.024546250565680012,68.16665393407042,57.23931381553203,50.64524007243402,0.0,1.5397183263237213,1.763562388296028,1.711228834991746,0.009419186293171136,-1.569349159397846,-1.2543727048053512,-0.003554661861143872,-0.009223201563095581,-0.0019696166045462433,0.002152029157458959,0.00019929807777912048,0.012983148720916283,0.000634713627377631,0.013895296995179496,0.12772422042187515,3.011434757271651,0.0,0.0,-0.060922829081798024,-0.1913154800282597,-0.0004156280893330942,-0.000652989795535212
2026-04-21,24576.599609375,24601.69921875,24354.900390625,24374.55078125,425800,0.02164831566652798,0.029663694230848903,0.01465180856481259,-0.009566616117821726,0.007845535926021328,-0.014579406606396936,-0.02386870498648239,72.29937891865701,59.663711945685435,52.133566536972204,0.0,1.4220022902806118,1.695213021625025,1.6635191909116671,0.00927343452772983,-0.8652465608167893,-1.2076011127830413,0.003906350747789781,0.006899427422919699,0.005834443557945837,0.018001427600055506,0.008140231004566553,0.029131634534516036,0.008627891701983905,0.030505609739998912,2.4243981301534063,7.9793410903252,0.0,0.0,-0.06834936667100311,-0.28415646009656714,-0.00014575176544130534,-0.0008537486982291408
2026-04-22,24378.099609375,24515.94921875,24352.900390625,24470.849609375,440500,0.0109342852189099,0.019369064061135723,0.006201906891156607,-0.01739439008588328,0.00834354810748093,-0.01291696759711498,-0.023450856945744544,63.310349387758485,56.43359133451672,50.64876177330717,0.0,1.3303895562064352,1.6524883364812992,1.6409006391303649,0.009217796734806154,-0.40503790133746526,-0.9319112001183223,-0.01071403044761808,-0.014521754619717093,-0.01029463016971318,-0.006159241588457091,-0.008449901673655983,0.004679369072265561,-0.007827773968061552,0.006793247155216731,-3.230120611168715,0.5814248160902977,0.0,0.0,-0.04272468514372574,-0.2852043169751024,-5.563779292367711e-05,-0.000707816037386939
2026-04-23,24173.05078125,24310.19921875,24134.80078125,24202.349609375,467500,0.0019882233092338953,0.009803976193791036,-0.0021729569959217324,-0.02541044413646533,0.007800244257107442,-0.011860651643358434,-0.02328809116115389,55.06023663004716,53.22784734791537,49.14921656704113,0.0,1.2746372866919053,1.6193615074037975,1.62394670090741,0.00886456111052085,0.5315122193274556,-0.5224904860370917,-0.008946061909676006,-0.017557853671322128,-0.009565087867344687,-0.01202647316627149,-0.00837486388707834,-0.0022637439491427136,-0.00801605405058205,-7.949190400291864e-05,-3.205743986601348,-2.1668410274110244,0.0,0.0,-0.03312682907750175,-0.27050687618303715,-0.00035323562428530436,-0.0010248624063987563
2026-04-24,23897.94921875,24206.0,23813.650390625,24100.55078125,438400,-0.007716317166913894,-0.001534876058366782,-0.013005095293826386,-0.036151695645187484,0.006229509983373276,-0.011487851663940655,-0.023451590520876895,45.73220748540746,49.19052819401211,47.204724265180985,0.0,1.3598024406674287,1.638271968420052,1.6425993686606517,0.00895670068811302,0.04010311928675831,-0.8360996931938356,-0.009704540476147789,-0.029012943946795964,-0.011338852252157819,-0.02733374333581609,-0.010832138297904654,-0.019317374776293302,-0.010741251508722155,-0.01732247419800422,-4.037319153903262,-7.921061401098044,0.0,0.0,0.018910461016254487,-0.18621324895777414,9.213957759217004e-05,-0.000878113694391211
2026-04-27,24092.69921875,24130.69921875,23936.19921875,23945.44921875,430300,0.0003027360130994408,0.0059980825961926275,-0.004768187807834389,-0.028023396946092204,0.005693622918390782,-0.01070207845351192,-0.023366625597542247,52.39337578363604,51.96802589741647,48.694871178013194,0.0,1.2722605907032256,1.5779600141488905,1.597737769992267,0.008823695930282196,-0.6284990894313419,-0.8610462969849,0.008019053180013334,-0.01743922890563876,0.0075329586545594095,-0.017831168076710438,0.008236907485991998,-0.011279765368080426,0.00812829869909528,-0.009828889126286572,2.7774977034043573,-5.271287918115561,0.0,0.0,-0.06031195427116143,-0.18560237414713754,-0.0001330047578308232,-0.00059549036288894
2026-04-28,23995.69921875,24181.80078125,23957.05078125,24049.900390625,554100,-0.0030494640836037684,0.0017704298617333112,-0.008433886918662988,-0.031628960429291246,0.004834636997217356,-0.010186282681357166,-0.02339236204689217,48.90515513129131,50.48764625612828,47.99515810712524,0.0,1.2092480876353133,1.5380735620609047,1.572407390162384,0.008445068905702683,1.720495301330349,0.7496163873065903,-0.0033522000967032093,-0.024697779750131748,-0.004227652734459316,-0.027893264369115593,-0.0036656991108285986,-0.023085695483475575,-0.0036055634831990424,-0.02206234431146952,-1.480379641288188,-9.176065689557156,0.0,0.0,-0.0398864520879858,-0.15713945956412023,-0.0003786270245795132,-0.0008283656220271478
2026-04-29,24177.650390625,24334.69921875,24059.94921875,24096.900390625,531100,0.003687034273590324,0.008507766590775019,-0.0008793226858646049,-0.024050293122139448,0.004803023405272599,-0.009307899837372943,-0.02319136312798941,55.40291885490458,53.181782563528735,49.409274202850064,0.0,1.2405424939483192,1.5176145534951522,1.5530287228746897,0.008311015296951144,0.8420220519060821,0.531736476600349,0.0067364983571940925,-0.007247250945319576,0.006737336729041708,-0.010861297470360704,0.007554564232798383,-0.007081229577021212,0.007578667307151798,-0.006655903036256169,2.6941363074004556,-3.251808770987985,0.0,0.0,-0.020459008565752557,-0.13487378298614705,-0.00013405360875153906,-0.0009067814378550098
2026-04-30,23997.55078125,24087.44921875,23796.849609375,23996.94921875,505500,-0.0031025906484452395,0.0009048091005226862,-0.007998050285074668,-0.031018177541993937,0.004019871765515564,-0.008894811279404318,-0.023205727835045722,48.30852477408257,50.26620444223321,48.06760350066228,0.0,1.3172485010601833,1.533134676200674,1.5657387298809784,0.008389475016256311,0.2461432027163849,0.4172235508440642,-0.0067896249220355635,-0.005090813957679135,-0.007602957490252333,-0.00889916709326835,-0.0071187275992100636,-0.005825093289152936,-0.0069678844198544886,-0.005607733405528607,-2.9155781212955247,-2.9616429056821616,0.0,0.0,0.015520122705521722,-0.08622683120312358,7.845971930516699e-05,-0.00047508609426453845
2026-05-04,24119.30078125,24290.19921875,24004.75,24063.55078125,419100,0.0015990612840928444,0.005435983405570431,-0.0028492426737028857,-0.025849102904936923,0.003830796443198028,-0.008240431231842277,-0.02306557966510956,53.05007697868525,52.1749925530127,49.03774824891039,0.0,1.2911468399939172,1.5031057864029835,1.5414304886260402,0.008163605333131091,-1.1403983423200468,-1.0972785962195553,0.004701651932538084,0.009315378451006738,0.004531174305047745,0.006970859463937213,0.005148807611371783,0.010155852620123501,0.005169074637057014,0.010302592740250562,1.90878811077949,2.98446435900059,0.0,0.0,-0.03002888979769036,-0.13516618201706843,-0.00022586968312521966,-0.0007930953549819281
2026-05-05,24032.80078125,24081.69921875,23882.05078125,24052.599609375,363300,-0.0016312380615866266,0.0016634947502909149,-0.006174944658438079,-0.02905925551189918,0.003300116086846059,-0.007825421860545165,-0.023026498205558042,49.301586340830355,50.68655468890956,48.37196432949757,0.0,1.2340736920017197,1.4712784530655525,1.520322002050431,0.008075397746135643,-1.3824772418174796,-1.8183157567909152,-0.003230299345679471,-0.0019339740746860674,-0.0037724886552795156,-0.004334587845901712,-0.0033257019847351935,-0.0014067568506036902,-0.0032101526069622556,-0.0010358585658069748,-1.4884378641031404,-1.2814712085069075,0.0,0.0,-0.03182733333743104,-0.10668156108333804,-8.820758699544864e-05,-0.0007482981841465536
2026-05-06,24330.94921875,24356.5,23997.900390625,24171.0,429200,0.008781900372624286,0.012792730303800511,0.005911572407516919,-0.016847425139221345,0.003975913851839236,-0.006794241003506707,-0.022625246762265197,60.51958414094898,55.40850546771898,50.76152505852701,0.0,1.2699294902599207,1.4547204347901865,1.5003659390229158,0.007525780032727623,-0.30006022010278155,-0.7184911975989252,0.010413138434210913,0.011831364456228054,0.011129235553509597,0.0110223004420672,0.012086517065954998,0.014345459326179907,0.012211830372677833,0.0147815352900699,4.721950778809422,4.920859211590702,0.0,0.0,-0.01655801827536596,-0.0833531272707182,-0.0005496177134080198,-0.0009192888729750602
2026-05-07,24326.650390625,24482.099609375,24284.0,24398.5,440600,0.007028369648217584,0.011453946199449179,0.005507751282951756,-0.01685462008790326,0.0043946890520845695,-0.005878858784268255,-0.022239879645206434,60.29516092983543,55.32624531050519,50.726419289668264,0.0,1.1789894489411,1.4092170831269335,1.4679501470392031,0.007054571676639747,0.1779458358551508,-0.4934534054813397,-0.0017535307244067018,0.00334133537462726,-0.0013387841043513322,0.00294617960867416,-0.00040382112456516326,0.0063870739688163605,-7.194948681912838e-06,0.00719567303423619,-0.08226015721378843,2.1444627469764583,0.0,0.0,-0.04550335166325303,-0.10839747036821867,-0.00047120835608787607,-0.0012564436203113972
2026-05-08,24176.150390625,24253.80078125,24126.650390625,24233.650390625,335900,0.0006530246744731887,0.004721818710476843,-0.0006850139336025633,-0.022713932730558436,0.0040661387470719845,-0.005381422542429581,-0.022044019257299725,52.36398260184161,52.39358145109468,49.48394104256458,0.0,1.11451537467889,1.3757947973240163,1.4461442145311518,0.006678510882525788,-1.355486378839348,-2.250306169073674,-0.006375344973744396,0.003755615322918428,-0.006732127488972336,0.003817009609954157,-0.006192765216554319,0.007313036351472105,-0.0058593126426551775,0.008304244811435501,-2.9326638594105106,2.1273770088614725,0.0,0.0,-0.03342228580291717,-0.15733987887665757,-0.00037606079411395873,-0.001710964133730523
2026-05-11,23815.849609375,23997.44921875,23799.099609375,23970.099609375,390100,-0.011697483687008445,-0.009328421709516673,-0.014976203261015774,-0.036921337196760544,0.0023971020394948583,-0.005700962534167976,-0.02227878555664974,38.29475998257679,46.09429122724844,46.64730192733712,0.0,1.2217396881052978,1.409936092630002,1.473506670383893,0.00667213676609213,-0.03915124972791338,-1.1153224017926275,-0.012350508361481634,-0.01329654497110129,-0.014050240419993516,-0.014764405115087104,-0.01429118932741321,-0.012126960587312888,-0.014207404466202108,-0.011072234291823621,-6.299290223846242,-6.0807013257642595,0.0,0.0,0.03414129530598564,-0.09316969377298157,-6.374116433657817e-06,-0.001491468567038961
2026-05-12,23379.55078125,23757.55078125,23348.400390625,23722.599609375,447500,-0.024517019317564764,-0.0250418359090453,-0.031767703600446486,-0.05405104787445348,-0.0005380069174691093,-0.006898621847710096,-0.023014460844643717,27.75827877223847,39.846739655566196,43.514809680954485,0.0,1.3955101027921462,1.4764723962298567,1.5247374044436082,0.00666380838936643,0.8381767108797994,-0.03726644857460248,-0.012819535630556319,-0.022885781255978135,-0.015713414199528625,-0.026705330659336213,-0.016791500339430714,-0.025592758942008405,-0.017129710677692936,-0.0249917923625543,-6.247551571682244,-10.839815033343363,0.0,0.0,0.06653630359985474,0.0051939431643042155,-8.32837672570027e-06,-0.0014115893567692127
2026-05-13,23412.599609375,23582.94921875,23262.55078125,23362.44921875,415400,-0.019011149311311558,-0.02155879280680351,-0.029241772126980845,-0.052216747222966015,-0.002597015749672808,-0.007852264667201722,-0.02366704132534062,29.47314239045869,40.504553692430555,43.81121052524584,0.0,1.3885296269348768,1.466823876013345,1.5152471170081692,0.00690929274828296,0.21014639263029164,-0.5637310840616025,0.005505870006253206,-0.027793049683935846,0.0034830431022417896,-0.03435152311060402,0.0025259314734656403,-0.03515334453449776,0.0018343006514874652,-0.03536932208374467,0.6578140368643588,-14.903951775288427,0.0,0.0,-0.009648520216511747,0.012103441223158429,0.00024548435891653,-0.0006164872844446629
2026-05-14,23689.599609375,23777.19921875,23426.55078125,23530.25,428700,-0.006066671866978177,-0.009083355620904624,-0.017072056504178156,-0.04061187586454958,-0.0030350966896269664,-0.008061930262841858,-0.023948672449631593,42.759735314794284,45.849628564510446,46.26220673672898,0.0,1.4056490315381662,1.4560580239120993,1.4995076288923845,0.007001264082725305,0.582987214436637,-0.28820509308721926,0.012944477444333382,-0.013095041515195761,0.012475437185898886,-0.020537301820353803,0.012169715622802689,-0.02257980778712991,0.011604871358416431,-0.023757255776646325,5.345074872079891,-9.476616745994747,0.0,0.0,-0.010765852101245699,0.04684094078516576,9.197133444234507e-05,-5.3307593914441766e-05
2026-05-15,23643.5,23839.30078125,23610.30078125,23731.400390625,408900,-0.006555687687386475,-0.010020635542959863,-0.018253907049643324,-0.04207393958552277,-0.0034878128674444,-0.008316609216596191,-0.02426292572684976,41.25084989455573,45.12306960614977,45.916527144621554,0.0,1.3204225346820868,1.4238724950936084,1.4770085945161155,0.007098212602126288,-0.4284147952759219,-0.5804288210240975,-0.0004890158204082984,-0.007208712361859664,-0.0009372799220552386,-0.014742454253436706,-0.0011818505454651677,-0.017568893116040762,-0.0014620637209731835,-0.01936000685496433,-0.7265589583606769,-7.270511844944913,0.0,0.0,-0.032185528818490905,0.04807769776959203,9.694851940098264e-05,0.0004197017196004996
2026-05-18,23649.94921875,23695.650390625,23317.099609375,23482.19921875,392000,-0.005147915118400207,-0.00887204584846458,-0.017292976418764528,-0.04141383068456716,-0.0037434014429467612,-0.008496310224151397,-0.02454531583370604,41.587272670711606,45.253772073860006,45.975093143159796,0.0,1.376178167782339,1.4361382679560386,1.4825122584801644,0.007289457818814828,-1.2672827275442164,-0.8157239568163205,0.0014077725689862685,0.006549568568608238,0.0011485896944952827,0.00045637586105209266,0.0009609306308787958,-0.0023167731577487544,0.0006601089009556083,-0.004492493487806615,0.1307024677102362,-0.8405191533884349,0.0,0.0,0.012265772862430246,0.026202175326036636,0.00019124521668853998,0.0006173210527226974
2026-05-19,23618.0,23782.30078125,23587.19921875,23675.30078125,442000,-0.005317816605403718,-0.009291335472689526,-0.017903392467815818,-0.04230181858491697,-0.00399476228047556,-0.008692824947922806,-0.02484320374388585,40.25496900396474,44.68596224074382,45.72073736422943,0.0,1.2676461291050802,1.3943660363688428,1.4531631419833242,0.007256679845753927,1.2901614865569344,0.1306416240116559,-0.00016990148700351138,0.019199202712161044,-0.0004192896242249458,0.01575050043635577,-0.0006104160490512898,0.013864311132630668,-0.0008879879003498084,0.011749229289536513,-0.5678098331161863,4.839222585177623,0.0,0.0,-0.041772231587195785,-0.08210635986101389,-3.277797306090041e-05,0.0005928714563874973
2026-05-20,23659.0,23690.900390625,23397.30078125,23457.25,344100,-0.0029400793258329435,-0.006887923631104263,-0.015573165039518052,-0.0402511943109183,-0.003959485506750652,-0.008745479604043824,-0.02506842397524739,42.98941099543049,45.62877518754511,46.11745814263209,0.0,1.2605522299870253,1.381164952473451,1.4406600582577918,0.007261918530527006,-1.5496100355065499,-1.5774392871722498,0.0023777372795707745,0.016071069985478616,0.0024034118415852627,0.014670869175699246,0.002330227428297766,0.013668607087462793,0.002050624273998665,0.011965552912047712,0.9428129468012898,5.124221495114554,0.0,0.0,-0.013201083895391763,-0.0856589235398939,5.23868477307881e-06,0.0003526257822440461
2026-05-21,23654.69921875,23859.900390625,23596.599609375,23830.05078125,348200,-0.002555263074518373,-0.006429998712352188,-0.015143740854754987,-0.04003951974941806,-0.0038846619711256176,-0.008770134093330068,-0.02527859133095227,42.749962041604654,45.541086868015185,46.080820377482304,0.0,1.2312454080720068,1.3622507335057525,1.4253114862211789,0.007314168112550405,-0.9368252543770954,-1.3473950603971416,0.00038481625131457035,0.0035114087924598037,0.00045792491875207546,0.0026533569085524364,0.0004294241847630654,0.0019283156494231696,0.0002116745615002441,0.0005723561151315254,-0.08768831952992429,-0.3085416964952614,0.0,0.0,-0.018914218967698515,-0.09380729040634672,5.2249582023398966e-05,0.0003129040298251
2026-05-22,23719.30078125,23835.650390625,23671.0,23671.19921875,336100,0.00013809087362259338,-0.0033798098544679527,-0.011971526070753155,-0.03705932513736794,-0.0035174150051795875,-0.008620853060412704,-0.025391777391641585,47.8411797348304,47.18302508543114,46.7399264454092,0.0,1.134890759204316,1.3159937582313022,1.3900703011461422,0.007332825762400439,-0.8169348646481986,-1.3829485217232154,0.0026933539481409667,0.006693778561009068,0.003050188857884235,0.0066408256884919106,0.003172214784001832,0.006282380978890169,0.0029801946120501174,0.005014614448154826,1.6419382174159551,2.0599554792813706,0.0,0.0,-0.046256975274450385,-0.1078787368623062,1.8657649850034076e-05,0.00023461316027415142
2026-05-25,24031.69921875,24054.44921875,23922.849609375,23940.25,351200,0.010864159602784728,0.008852446161587505,0.0010005622068868126,-0.024140077790346846,-0.0019900927558730726,-0.007782985494633038,-0.02511551036675401,65.26720239087169,54.35061695858817,49.816271573357106,0.0,1.1750322234855044,1.3057239608574205,1.3730768266525821,0.007279975934415172,-0.2995896849559948,-1.0330258886004986,0.010726068729162135,0.016012074721184936,0.012232256016055458,0.017724492010052086,0.012972088277639968,0.01829353862565134,0.012919247347021094,0.017273752894220312,7.167591873157029,9.096844884728164,0.0,0.0,-0.010269797373881673,-0.13041430709861812,-5.284982798526693e-05,-9.481884399655492e-06
2026-05-26,23913.69921875,24089.80078125,23885.44921875,24004.099609375,387900,0.004822616985304412,0.0035431057866943086,-0.0037615984172696647,-0.028652097352453713,-0.0012733702217501098,-0.0072789142407965555,-0.02498448051755519,56.89122084457227,51.50729322391168,48.714084629546704,0.0,1.1155717808308458,1.279479131850985,1.3548371744764138,0.00702971220341764,1.715790752114454,-0.4096606041933836,-0.0060415426174803165,0.010140433590708129,-0.005309340374893197,0.012834441259383834,-0.004762160624156477,0.014141794050546153,-0.004512019562106867,0.013649721232463254,-2.8433237346764884,6.8213309831678615,0.0,0.0,-0.026244829006435433,-0.11488690451785777,-0.00025026373099753217,-0.00022696764233628725
2026-05-27,23907.150390625,23983.19921875,23858.25,23880.349609375,531600,0.0037175620639417683,0.0029702837723634586,-0.003876821648378961,-0.028638601692095377,-0.000744510527485126,-0.006826827804896815,-0.02485815066033507,56.42238529857664,51.3467466536215,48.65213171133901,0.0,0.997230636208335,1.2257449091783401,1.3155623690172764,0.007012509055113934,1.7369988714687723,1.983235757700471,-0.0011050549213626436,0.006657641389774711,-0.00057282201433085,0.009858207403467722,-0.00011522323110929643,0.011696343391139091,1.3495660358336242e-05,0.011612592618822925,-0.1605465702901796,5.717971466076392,0.0,0.0,-0.05373422267264494,-0.15542004329511094,-1.720314830370561e-05,-0.00024940947541307167
2026-05-29,23547.75,24002.80078125,23484.75,23902.150390625,1198000,-0.009323231019156454,-0.0110189872207424,-0.018125833464040536,-0.042829414851007434,-0.0017117149151790953,-0.00718602900507292,-0.025159620477765335,36.93436695842503,43.35920321299189,45.36838422300849,0.0,1.249961030679239,1.3127064327362312,1.376801294253386,0.007377218695656277,1.7481171029791773,4.068788838015774,-0.013040793083098221,-0.006767967944638081,-0.013989270993105858,-0.0045889885083902114,-0.014249011815661575,-0.0029820926092855495,-0.014190813158912057,-0.0027898951015893764,-7.987543440629608,-2.1818836550232916,0.0,0.0,0.08696152355789111,-0.04954430076952132,0.00036470964054234264,6.3050583105872e-05
2026-06-01,23382.599609375,23733.69921875,23357.94921875,23654.5,421700,-0.013352358029547578,-0.016349534265543274,-0.02405486140763379,-0.04907369101437048,-0.003037737190563775,-0.007833399576888552,-0.02563548771073553,31.163844718945214,40.2599353147022,43.95464917258354,0.0,1.3284244013521773,1.3423341809108655,1.3970226639732821,0.007427281559804164,-0.44294824128780974,-0.10778008239580666,-0.004029127010391124,-0.013490448903170171,-0.0053305470448008745,-0.012969724411075322,-0.0059290279435932555,-0.012083335336880637,-0.006244276163363045,-0.012014365877002539,-3.099267898289696,-6.923089770728943,0.0,0.0,0.029627748174634316,0.02634042267956338,5.006286414788695e-05,9.445579740372488e-05
2026-06-02,23483.55078125,23556.94921875,23229.150390625,23229.150390625,511900,-0.00745175361348726,-0.011014626193909497,-0.019078104207310213,-0.044540681640887606,-0.003589621555821884,-0.008153283382107647,-0.025957803106230904,38.064676184256385,42.94460574083933,45.04028756081136,0.0,1.3373441506166313,1.3407996027989406,1.3912480213870702,0.007358645895559613,-0.2943464468951459,0.35510274992405566,0.0059006044160603175,-0.01831591321627199,0.005334908071633776,-0.019867072355497003,0.004976757200323579,-0.020078666414197026,0.004533009373482874,-0.02040060385054076,2.6846704261371315,-11.40601121774884,0.0,0.0,-0.0015345781119249224,0.03507564194152013,-6.86356642445509e-05,7.866996114444091e-05
2026-06-03,23405.599609375,23459.650390625,23151.5,23415.94921875,450100,-0.008809732933210673,-0.013014605901728777,-0.021477131957732626,-0.047259916189168784,-0.004242246023017867,-0.008574114780832573,-0.02634867827158687,34.91174530859503,41.397584561918286,44.352320730447104,0.0,1.3571746750161076,1.350509059456193,1.396967190545432,0.007421593674092223,-0.5314334898241451,-0.00247360269074905,-0.0013579793197234123,-0.013632349918515085,-0.0019999797078192796,-0.016557711688423085,-0.002399027750422413,-0.01771553354046296,-0.0027192345482811783,-0.01860781883671507,-1.5470211789210424,-10.109708661993395,0.0,0.0,0.009709456657252424,0.07102992760520799,6.294777853260974e-05,0.0003918814706745828
2026-06-04,23416.55078125,23465.30078125,23247.30078125,23282.44921875,412500,-0.006838896996027391,-0.011424681468438749,-0.020211668148990964,-0.046369928979803195,-0.004617362136455936,-0.008888535365827751,-0.026697869305500128,35.783558194745964,41.71524653790927,44.47588139405067,0.0,1.2714250665203752,1.3199551832572587,1.3741544254609424,0.007410120299644899,-0.5526336208663856,-0.2021923629509686,0.0019708359371832813,-0.010556459059969159,0.0015899244332900284,-0.014394965240802207,0.0012654638087416618,-0.016334846500612003,0.0008899872093655892,-0.017731327287707817,0.3176619759909869,-9.631500115712228,0.0,0.0,-0.03055387619893435,0.09421027407891858,-1.1473374447323534e-05,0.0003976112445309649
2026-06-05,23366.69921875,23516.349609375,23282.650390625,23478.94921875,366200,-0.007337322766074271,-0.012314475356551592,-0.021441877995047095,-0.047941609959125046,-0.005013941497575244,-0.009241203207661131,-0.027080386303251006,33.407129499952646,40.63541192057611,44.01451964125074,0.0,1.2193376486791185,1.29972599774491,1.3591361941709879,0.0072404766546848714,-1.2347093807722576,-0.4312919949597734,-0.0004984257700468798,0.0019859082530821826,-0.0008897938881128435,-0.001295488135809193,-0.0012302098460561309,-0.003316044531006559,-0.0015716809793218517,-0.005112195108117612,-1.0798346173331623,-2.7237912924157826,0.0,0.0,-0.020229185512348646,-0.012980434991321177,-0.0001696436449600278,-0.00013674204097140555
2026-06-08,23123.0,23267.30078125,23070.150390625,23080.69921875,375700,-0.014520452667913254,-0.0206017944505395,-0.030444293842208547,-0.05732813023712679,-0.006170946722425439,-0.01004953790592992,-0.027727995641895587,24.2298471935474,35.761889843338935,41.81552482268221,0.0,1.2422476940157527,1.311214148997398,1.3691282762013937,0.007257771223867056,-0.7982556321158909,-0.39290154498790675,-0.007183129901838983,-0.001168094638365676,-0.008287319093987909,-0.004252260184996227,-0.009002415847161452,-0.006389432434574755,-0.009386520278001742,-0.008254439222756309,-4.873522077237176,-4.4980454713632625,0.0,0.0,0.011488151252488032,-0.03112003191346746,1.7294569182184187e-05,-0.0001695103359371083
2026-06-09,23242.099609375,23279.400390625,23104.44921875,23259.05078125,402600,-0.007740646589222852,-0.014162948036175625,-0.024476778486050173,-0.05197773323018238,-0.006472402023600837,-0.010462003258377246,-0.028190979094739006,34.490647335236915,39.575961955048534,43.25242311561329,0.0,1.1392524180474861,1.2650835770323026,1.3330944210949234,0.007312070518185521,0.035595056082680765,-0.25034785229896905,0.006779806078690402,-0.00028889297573559194,0.006438846414363876,-0.0031483218422661274,0.005967515356158373,-0.005398674278739961,0.00535039700694441,-0.007437051589294773,3.8140721117095993,-3.3686437857907947,0.0,0.0,-0.04613057196509551,-0.07571602576663805,5.429929431846527e-05,-4.6575377374092133e-05
2026-06-10,23214.94921875,23425.349609375,23184.599609375,23233.94921875,380000,-0.007293423574574493,-0.013941736673686679,-0.024636527995311335,-0.05258473598675748,-0.0066971583114233775,-0.010846003445625467,-0.028654146678267028,33.29161614916343,39.00737963688032,43.001372530623605,0.0,1.11987729541907,1.2501691315421575,1.3204817793213104,0.007424386807617095,-0.38186205897534814,-0.35371092016026207,0.000447223014648359,0.0015163093586361793,0.00022121136248894578,-0.0009271307719579021,-0.00015974950926116172,-0.0031593960375787093,-0.0006070027565751035,-0.005324819797588698,-0.568582318168211,-2.3902049250379633,0.0,0.0,-0.01491444549014509,-0.10033992791403556,0.00011231628943157452,2.7931335248726485e-06
2026-06-11,23161.599609375,23327.44921875,23072.05078125,23104.400390625,363000,-0.007847534822561692,-0.014756077467259055,-0.025851192443610737,-0.054246627410824734,-0.006963186493178573,-0.011261287405691128,-0.029148970616145117,30.834278286301597,37.85646844866646,42.49871062002139,0.0,1.1185015207249283,1.2423081377633431,1.3130070040916197,0.0073900157490091566,-0.927583348928474,-0.42977218059403777,-0.0005541112479871988,-0.0010086378265343008,-0.0008143407935723764,-0.003331395998820307,-0.0012146644482994018,-0.005639524294619773,-0.0016618914240672522,-0.00787669843102154,-1.1509111882138612,-3.8587780892428114,0.0,0.0,-0.00786099377881433,-0.07764704549391555,-3.437105860793887e-05,-2.0104550635742686e-05
2026-06-12,23622.900390625,23645.349609375,23313.900390625,23412.55078125,351900,0.009725761693768301,0.004422272106508127,-0.006198089057358169,-0.035070431089672824,-0.00525240593878066,-0.010573601819474709,-0.02905241146591139,60.35465639696826,51.25029465860531,47.95411867315208,0.0,1.2868880199177766,1.2773167466227713,1.3235781490559806,0.007315384839898479,-1.1885527880121998,-0.46620109305424373,0.017573296516329995,0.017063084459842573,0.019178349573767184,0.01673674746305972,0.01965310338625257,0.015243788937688926,0.01917619632115191,0.012871178869452223,13.393826209938851,10.614882738029202,0.0,0.0,0.035008608859428136,-0.022409251122138762,-7.463090911067737e-05,7.490818521360774e-05
2026-06-15,23853.900390625,24011.400390625,23817.80078125,23984.849609375,398900,0.015979023421856826,0.012932492291127431,0.003381444872943778,-0.0253861290116573,-0.0029986161726730915,-0.009429105582920311,-0.028670625744174352,68.26716880014953,56.32650019377323,50.39795060273221,0.0,1.3452735813107095,1.2909270735781226,1.3258989587419563,0.0070785832761110145,0.8899840200797199,-0.2112036320619065,0.006253261728088525,0.030499476089770078,0.008510220184619305,0.03353428674166693,0.009579533930301948,0.03382573871515233,0.009684302078015523,0.03194200122546949,5.076205535167915,20.564610350434293,0.0,0.0,0.01361032695535136,-0.020287075419275435,-0.00023680156378746466,-0.0001791879477560411
2026-06-16,23989.150390625,24002.599609375,23888.19921875,23923.900390625,327300,0.01771688063475225,0.016949179153693178,0.008711743056051522,-0.0196664074230434,-0.0007543369827768367,-0.008100145284051327,-0.028133062467498228,72.07430405578836,59.01727883562567,51.77292758487245,0.0,1.1941232396281498,1.2362354017645298,1.285158667723024,0.006967662721615447,-1.3553603130278529,-0.5735499350768684,0.0017378572128954259,0.025457527223975103,0.0040166868625657465,0.031112127189868805,0.005330298183107744,0.033188521542101695,0.005719721588613901,0.03231132580713898,2.6907786418524395,19.441316880577133,0.0,0.0,-0.0546916718135928,-0.028848175267772724,-0.00011092055449556711,-0.0003444077965700735
