symbol,source_ticker,Date,Open,High,Low,Close,Volume
NIFTY_50,^NSEI,2021-01-01,13996.099609375,14049.849609375,13991.349609375,14018.5,358100
NIFTY_50,^NSEI,2021-01-04,14104.349609375,14147.9501953125,13953.75,14132.900390625,495000
NIFTY_50,^NSEI,2021-01-05,14075.150390625,14215.599609375,14048.150390625,14199.5,492500
NIFTY_50,^NSEI,2021-01-06,14240.9501953125,14244.150390625,14039.900390625,14146.25,632300
NIFTY_50,^NSEI,2021-01-07,14253.75,14256.25,14123.099609375,14137.349609375,559200
NIFTY_50,^NSEI,2021-01-08,14258.400390625,14367.2998046875,14221.650390625,14347.25,613500
NIFTY_50,^NSEI,2021-01-11,14474.0498046875,14498.2001953125,14383.099609375,14484.75,672900
NIFTY_50,^NSEI,2021-01-12,14473.7998046875,14590.650390625,14432.849609375,14563.4501953125,929600
NIFTY_50,^NSEI,2021-01-13,14639.7998046875,14653.349609375,14435.7001953125,14564.849609375,874000
NIFTY_50,^NSEI,2021-01-14,14550.0498046875,14617.7998046875,14471.5,14595.599609375,620200
NIFTY_50,^NSEI,2021-01-15,14594.349609375,14617.4501953125,14357.849609375,14433.7001953125,789600
NIFTY_50,^NSEI,2021-01-18,14453.2998046875,14459.150390625,14222.7998046875,14281.2998046875,762000
NIFTY_50,^NSEI,2021-01-19,14371.650390625,14546.0498046875,14350.849609375,14521.150390625,546100
NIFTY_50,^NSEI,2021-01-20,14538.2998046875,14666.4501953125,14517.5498046875,14644.7001953125,623100
NIFTY_50,^NSEI,2021-01-21,14730.9501953125,14753.5498046875,14517.25,14590.349609375,704600
NIFTY_50,^NSEI,2021-01-22,14583.400390625,14619.900390625,14357.75,14371.900390625,776800
NIFTY_50,^NSEI,2021-01-25,14477.7998046875,14491.099609375,14218.599609375,14238.900390625,618600
NIFTY_50,^NSEI,2021-01-27,14237.9501953125,14237.9501953125,13929.2998046875,13967.5,660700
NIFTY_50,^NSEI,2021-01-28,13810.400390625,13898.25,13713.25,13817.5498046875,637900
NIFTY_50,^NSEI,2021-01-29,13946.599609375,13966.849609375,13596.75,13634.599609375,753200
NIFTY_50,^NSEI,2021-02-01,13758.599609375,14336.349609375,13661.75,14281.2001953125,870500
NIFTY_50,^NSEI,2021-02-02,14481.099609375,14731.7001953125,14469.150390625,14647.849609375,915000
NIFTY_50,^NSEI,2021-02-03,14754.900390625,14868.849609375,14574.150390625,14789.9501953125,869500
NIFTY_50,^NSEI,2021-02-04,14789.0498046875,14913.7001953125,14714.75,14895.650390625,884700
NIFTY_50,^NSEI,2021-02-05,14952.599609375,15014.650390625,14864.75,14924.25,935600
NIFTY_50,^NSEI,2021-02-08,15064.2998046875,15159.900390625,15041.0498046875,15115.7998046875,671200
NIFTY_50,^NSEI,2021-02-09,15164.150390625,15257.099609375,15064.2998046875,15109.2998046875,713300
NIFTY_50,^NSEI,2021-02-10,15119.0498046875,15168.25,14977.2001953125,15106.5,624800
NIFTY_50,^NSEI,2021-02-11,15073.25,15188.5,15065.400390625,15173.2998046875,500100
NIFTY_50,^NSEI,2021-02-12,15186.2001953125,15243.5,15081.0,15163.2998046875,571800
NIFTY_50,^NSEI,2021-02-15,15270.2998046875,15340.150390625,15243.400390625,15314.7001953125,456000
NIFTY_50,^NSEI,2021-02-16,15371.4501953125,15431.75,15242.2001953125,15313.4501953125,648500
NIFTY_50,^NSEI,2021-02-17,15279.900390625,15314.2998046875,15170.75,15208.900390625,504800
NIFTY_50,^NSEI,2021-02-18,15238.7001953125,15250.75,15078.0498046875,15118.9501953125,770600
NIFTY_50,^NSEI,2021-02-19,15074.7998046875,15144.0498046875,14898.2001953125,14981.75,712200
NIFTY_50,^NSEI,2021-02-22,14999.0498046875,15010.099609375,14635.0498046875,14675.7001953125,609900
NIFTY_50,^NSEI,2021-02-23,14782.25,14854.5,14651.849609375,14707.7998046875,744100
NIFTY_50,^NSEI,2021-02-24,14729.150390625,15008.7998046875,14504.5,14982.0,403800
NIFTY_50,^NSEI,2021-02-25,15079.849609375,15176.5,15065.349609375,15097.349609375,803900
NIFTY_50,^NSEI,2021-02-26,14888.599609375,14919.4501953125,14467.75,14529.150390625,1103600
NIFTY_50,^NSEI,2021-03-01,14702.5,14806.7998046875,14638.5498046875,14761.5498046875,507300
NIFTY_50,^NSEI,2021-03-02,14865.2998046875,14959.099609375,14760.7998046875,14919.099609375,621700
NIFTY_50,^NSEI,2021-03-03,15064.400390625,15273.150390625,14995.7998046875,15245.599609375,544200
NIFTY_50,^NSEI,2021-03-04,15026.75,15202.349609375,14980.2001953125,15080.75,534900
NIFTY_50,^NSEI,2021-03-05,14977.9501953125,15092.349609375,14862.099609375,14938.099609375,640700
NIFTY_50,^NSEI,2021-03-08,15002.4501953125,15111.150390625,14919.900390625,14956.2001953125,0
NIFTY_50,^NSEI,2021-03-09,15049.900390625,15126.849609375,14925.4501953125,15098.400390625,675300
NIFTY_50,^NSEI,2021-03-10,15202.150390625,15218.4501953125,15100.849609375,15174.7998046875,404600
NIFTY_50,^NSEI,2021-03-12,15321.150390625,15336.2998046875,14953.599609375,15030.9501953125,493200
NIFTY_50,^NSEI,2021-03-15,15048.400390625,15048.400390625,14745.849609375,14929.5,467500
NIFTY_50,^NSEI,2021-03-16,14996.099609375,15051.599609375,14890.650390625,14910.4501953125,100
NIFTY_50,^NSEI,2021-03-17,14946.5498046875,14956.5498046875,14696.0498046875,14721.2998046875,100
NIFTY_50,^NSEI,2021-03-18,14855.5,14875.2001953125,14478.599609375,14557.849609375,542200
NIFTY_50,^NSEI,2021-03-19,14471.150390625,14788.25,14350.099609375,14744.0,919200
NIFTY_50,^NSEI,2021-03-22,14736.2998046875,14763.900390625,14597.849609375,14736.400390625,459000
NIFTY_50,^NSEI,2021-03-23,14768.5498046875,14878.599609375,14707.0,14814.75,474200
NIFTY_50,^NSEI,2021-03-24,14712.4501953125,14752.349609375,14535.0,14549.400390625,456400
NIFTY_50,^NSEI,2021-03-25,14570.900390625,14575.599609375,14264.400390625,14324.900390625,606800
NIFTY_50,^NSEI,2021-03-26,14506.2998046875,14572.900390625,14414.25,14507.2998046875,481000
NIFTY_50,^NSEI,2021-03-30,14628.5,14876.2998046875,14617.599609375,14845.099609375,594500
NIFTY_50,^NSEI,2021-03-31,14811.849609375,14813.75,14670.25,14690.7001953125,463900
NIFTY_50,^NSEI,2021-04-01,14798.400390625,14883.2001953125,14692.4501953125,14867.349609375,445000
NIFTY_50,^NSEI,2021-04-05,14837.7001953125,14849.849609375,14459.5,14637.7998046875,509700
NIFTY_50,^NSEI,2021-04-06,14737.0,14779.099609375,14573.900390625,14683.5,475300
NIFTY_50,^NSEI,2021-04-07,14716.4501953125,14879.7998046875,14649.849609375,14819.0498046875,0
NIFTY_50,^NSEI,2021-04-08,14875.650390625,14984.150390625,14821.099609375,14873.7998046875,514800
NIFTY_50,^NSEI,2021-04-09,14882.650390625,14918.4501953125,14785.650390625,14834.849609375,504100
NIFTY_50,^NSEI,2021-04-12,14644.650390625,14652.5,14248.7001953125,14310.7998046875,650200
NIFTY_50,^NSEI,2021-04-13,14364.900390625,14528.900390625,14274.900390625,14504.7998046875,605100
NIFTY_50,^NSEI,2021-04-15,14522.400390625,14597.5498046875,14353.2001953125,14581.4501953125,568000
NIFTY_50,^NSEI,2021-04-16,14599.599609375,14697.7001953125,14559.0,14617.849609375,577200
NIFTY_50,^NSEI,2021-04-19,14306.599609375,14382.2998046875,14191.400390625,14359.4501953125,512300
NIFTY_50,^NSEI,2021-04-20,14526.7001953125,14526.9501953125,14207.2998046875,14296.400390625,467400
NIFTY_50,^NSEI,2021-04-22,14219.150390625,14424.75,14151.400390625,14406.150390625,524600
NIFTY_50,^NSEI,2021-04-23,14326.349609375,14461.150390625,14273.2998046875,14341.349609375,498100
NIFTY_50,^NSEI,2021-04-26,14449.4501953125,14557.5,14421.2998046875,14485.0,452700
NIFTY_50,^NSEI,2021-04-27,14493.7998046875,14667.5498046875,14484.849609375,14653.0498046875,451800
NIFTY_50,^NSEI,2021-04-28,14710.5,14890.25,14694.9501953125,14864.5498046875,457000
NIFTY_50,^NSEI,2021-04-29,14979.0,15044.349609375,14814.4501953125,14894.900390625,517500
NIFTY_50,^NSEI,2021-04-30,14747.349609375,14855.4501953125,14601.7001953125,14631.099609375,613900
NIFTY_50,^NSEI,2021-05-03,14481.0498046875,14673.849609375,14416.25,14634.150390625,448900
NIFTY_50,^NSEI,2021-05-04,14687.25,14723.400390625,14461.5,14496.5,503400
NIFTY_50,^NSEI,2021-05-05,14604.150390625,14637.900390625,14506.599609375,14617.849609375,455900
NIFTY_50,^NSEI,2021-05-06,14668.349609375,14743.900390625,14611.5,14724.7998046875,467800
NIFTY_50,^NSEI,2021-05-07,14816.849609375,14863.0498046875,14765.5,14823.150390625,488000
NIFTY_50,^NSEI,2021-05-10,14928.25,14966.900390625,14892.5,14942.349609375,522000
NIFTY_50,^NSEI,2021-05-11,14789.7001953125,14900.0,14771.400390625,14850.75,647400
NIFTY_50,^NSEI,2021-05-12,14823.5498046875,14824.0498046875,14649.7001953125,14696.5,643800
NIFTY_50,^NSEI,2021-05-14,14749.400390625,14749.650390625,14591.900390625,14677.7998046875,620700
NIFTY_50,^NSEI,2021-05-17,14756.25,14938.0,14725.349609375,14923.150390625,546400
NIFTY_50,^NSEI,2021-05-18,15067.2001953125,15137.25,15043.7001953125,15108.099609375,583900
NIFTY_50,^NSEI,2021-05-19,15058.599609375,15133.400390625,15008.849609375,15030.150390625,569100
NIFTY_50,^NSEI,2021-05-20,15042.599609375,15069.7998046875,14884.900390625,14906.0498046875,480300
NIFTY_50,^NSEI,2021-05-21,14987.7998046875,15190.0,14985.849609375,15175.2998046875,572900
NIFTY_50,^NSEI,2021-05-24,15211.349609375,15256.25,15145.4501953125,15197.7001953125,579800
NIFTY_50,^NSEI,2021-05-25,15291.75,15293.849609375,15163.400390625,15208.4501953125,441500
NIFTY_50,^NSEI,2021-05-26,15257.0498046875,15319.900390625,15194.9501953125,15301.4501953125,384000
NIFTY_50,^NSEI,2021-05-27,15323.9501953125,15384.5498046875,15272.5,15337.849609375,0
NIFTY_50,^NSEI,2021-05-28,15421.2001953125,15469.650390625,15394.75,15435.650390625,468100
NIFTY_50,^NSEI,2021-05-31,15437.75,15606.349609375,15374.0,15582.7998046875,436000
NIFTY_50,^NSEI,2021-06-01,15629.650390625,15660.75,15528.2998046875,15574.849609375,409600
NIFTY_50,^NSEI,2021-06-02,15520.349609375,15597.4501953125,15459.849609375,15576.2001953125,428600
NIFTY_50,^NSEI,2021-06-03,15655.5498046875,15705.099609375,15611.0,15690.349609375,410200
NIFTY_50,^NSEI,2021-06-04,15712.5,15733.599609375,15622.349609375,15670.25,414200
NIFTY_50,^NSEI,2021-06-07,15725.099609375,15773.4501953125,15678.099609375,15751.650390625,394000
NIFTY_50,^NSEI,2021-06-08,15773.900390625,15778.7998046875,15680.0,15740.099609375,378200
NIFTY_50,^NSEI,2021-06-09,15766.2998046875,15800.4501953125,15566.900390625,15635.349609375,457900
NIFTY_50,^NSEI,2021-06-10,15692.099609375,15751.25,15648.5,15737.75,298300
NIFTY_50,^NSEI,2021-06-11,15796.4501953125,15835.5498046875,15749.7998046875,15799.349609375,363000
NIFTY_50,^NSEI,2021-06-14,15791.400390625,15823.0498046875,15606.5,15811.849609375,392900
NIFTY_50,^NSEI,2021-06-15,15866.9501953125,15901.599609375,15842.400390625,15869.25,323300
NIFTY_50,^NSEI,2021-06-16,15847.5,15880.849609375,15742.599609375,15767.5498046875,340200
NIFTY_50,^NSEI,2021-06-17,15648.2998046875,15769.349609375,15616.75,15691.400390625,357600
NIFTY_50,^NSEI,2021-06-18,15756.5,15761.5,15450.900390625,15683.349609375,640800
NIFTY_50,^NSEI,2021-06-21,15525.849609375,15765.150390625,15505.650390625,15746.5,351500
NIFTY_50,^NSEI,2021-06-22,15840.5,15895.75,15752.099609375,15772.75,322200
NIFTY_50,^NSEI,2021-06-23,15862.7998046875,15862.9501953125,15673.9501953125,15686.9501953125,287500
NIFTY_50,^NSEI,2021-06-24,15737.2998046875,15821.400390625,15702.7001953125,15790.4501953125,316700
NIFTY_50,^NSEI,2021-06-25,15839.349609375,15870.7998046875,15772.2998046875,15860.349609375,314600
NIFTY_50,^NSEI,2021-06-28,15915.349609375,15915.650390625,15792.150390625,15814.7001953125,255100
NIFTY_50,^NSEI,2021-06-29,15807.5,15835.900390625,15724.0498046875,15748.4501953125,360300
NIFTY_50,^NSEI,2021-06-30,15776.900390625,15839.099609375,15708.75,15721.5,262400
NIFTY_50,^NSEI,2021-07-01,15755.0498046875,15755.5498046875,15667.0498046875,15680.0,224900
NIFTY_50,^NSEI,2021-07-02,15705.849609375,15738.349609375,15635.9501953125,15722.2001953125,254800
NIFTY_50,^NSEI,2021-07-05,15793.400390625,15845.9501953125,15762.0498046875,15834.349609375,207000
NIFTY_50,^NSEI,2021-07-06,15813.75,15914.2001953125,15801.0,15818.25,391400
NIFTY_50,^NSEI,2021-07-07,15819.599609375,15893.5498046875,15779.7001953125,15879.650390625,329300
NIFTY_50,^NSEI,2021-07-08,15855.400390625,15885.75,15682.900390625,15727.900390625,307900
NIFTY_50,^NSEI,2021-07-09,15688.25,15730.849609375,15632.75,15689.7998046875,243200
NIFTY_50,^NSEI,2021-07-12,15766.7998046875,15789.2001953125,15644.75,15692.599609375,216300
NIFTY_50,^NSEI,2021-07-13,15794.0,15820.7998046875,15744.599609375,15812.349609375,246700
NIFTY_50,^NSEI,2021-07-14,15808.7001953125,15877.349609375,15764.2001953125,15853.9501953125,0
NIFTY_50,^NSEI,2021-07-15,15872.150390625,15952.349609375,15855.0,15924.2001953125,284900
NIFTY_50,^NSEI,2021-07-16,15958.349609375,15962.25,15882.599609375,15923.400390625,276300
NIFTY_50,^NSEI,2021-07-19,15754.5,15836.900390625,15707.5,15752.400390625,242100
NIFTY_50,^NSEI,2021-07-20,15703.9501953125,15728.4501953125,15578.5498046875,15632.099609375,274300
NIFTY_50,^NSEI,2021-07-22,15736.599609375,15834.7998046875,15726.400390625,15824.0498046875,265300
NIFTY_50,^NSEI,2021-07-23,15856.7998046875,15899.7998046875,15768.400390625,15856.0498046875,294100
NIFTY_50,^NSEI,2021-07-26,15849.2998046875,15893.349609375,15797.0,15824.4501953125,267100
NIFTY_50,^NSEI,2021-07-27,15860.5,15881.5498046875,15701.0,15746.4501953125,311000
NIFTY_50,^NSEI,2021-07-28,15761.5498046875,15767.5,15513.4501953125,15709.400390625,318600
NIFTY_50,^NSEI,2021-07-29,15762.7001953125,15817.349609375,15737.7998046875,15778.4501953125,401600
NIFTY_50,^NSEI,2021-07-30,15800.599609375,15862.7998046875,15744.849609375,15763.0498046875,400000
NIFTY_50,^NSEI,2021-08-02,15874.900390625,15892.900390625,15834.650390625,15885.150390625,244800
NIFTY_50,^NSEI,2021-08-03,15951.5498046875,16146.900390625,15914.349609375,16130.75,341300
NIFTY_50,^NSEI,2021-08-04,16195.25,16290.2001953125,16176.150390625,16258.7998046875,427300
NIFTY_50,^NSEI,2021-08-05,16288.9501953125,16349.4501953125,16210.2998046875,16294.599609375,418200
NIFTY_50,^NSEI,2021-08-06,16304.400390625,16336.75,16223.2998046875,16238.2001953125,320100
NIFTY_50,^NSEI,2021-08-09,16281.349609375,16320.75,16179.0498046875,16258.25,240500
NIFTY_50,^NSEI,2021-08-10,16274.7998046875,16359.25,16202.25,16280.099609375,288000
NIFTY_50,^NSEI,2021-08-11,16327.2998046875,16338.75,16162.5498046875,16282.25,277900
NIFTY_50,^NSEI,2021-08-12,16303.650390625,16375.5,16286.900390625,16364.400390625,280200
NIFTY_50,^NSEI,2021-08-13,16385.69921875,16543.599609375,16376.2998046875,16529.099609375,321900
NIFTY_50,^NSEI,2021-08-16,16518.400390625,16589.400390625,16480.75,16563.05078125,254000
NIFTY_50,^NSEI,2021-08-17,16545.25,16628.55078125,16495.400390625,16614.599609375,297400
NIFTY_50,^NSEI,2021-08-18,16691.94921875,16701.849609375,16535.849609375,16568.849609375,251800
NIFTY_50,^NSEI,2021-08-20,16382.5,16509.55078125,16376.0498046875,16450.5,350800
NIFTY_50,^NSEI,2021-08-23,16592.25,16592.5,16395.69921875,16496.44921875,275600
NIFTY_50,^NSEI,2021-08-24,16561.400390625,16647.099609375,16495.30078125,16624.599609375,275400
NIFTY_50,^NSEI,2021-08-25,16654.0,16712.44921875,16617.5,16634.650390625,265900
NIFTY_50,^NSEI,2021-08-26,16627.94921875,16683.69921875,16603.400390625,16636.900390625,253500
NIFTY_50,^NSEI,2021-08-27,16642.55078125,16722.05078125,16565.599609375,16705.19921875,217400
NIFTY_50,^NSEI,2021-08-30,16775.849609375,16951.5,16764.849609375,16931.05078125,283500
NIFTY_50,^NSEI,2021-08-31,16947.5,17153.5,16915.849609375,17132.19921875,464400
NIFTY_50,^NSEI,2021-09-01,17185.599609375,17225.75,17055.05078125,17076.25,301900
NIFTY_50,^NSEI,2021-09-02,17095.400390625,17245.5,17059.69921875,17234.150390625,242400
NIFTY_50,^NSEI,2021-09-03,17262.44921875,17340.099609375,17212.19921875,17323.599609375,261400
NIFTY_50,^NSEI,2021-09-06,17399.349609375,17429.55078125,17345.55078125,17377.80078125,228000
NIFTY_50,^NSEI,2021-09-07,17401.55078125,17436.5,17287.0,17362.099609375,243400
NIFTY_50,^NSEI,2021-09-08,17375.75,17383.400390625,17254.19921875,17353.5,252700
NIFTY_50,^NSEI,2021-09-09,17312.849609375,17379.650390625,17302.69921875,17369.25,241500
NIFTY_50,^NSEI,2021-09-13,17363.55078125,17378.349609375,17269.150390625,17355.30078125,241100
NIFTY_50,^NSEI,2021-09-14,17420.349609375,17438.55078125,17367.05078125,17380.0,230400
NIFTY_50,^NSEI,2021-09-15,17387.650390625,17532.69921875,17386.900390625,17519.44921875,388200
NIFTY_50,^NSEI,2021-09-16,17539.19921875,17644.599609375,17510.44921875,17629.5,503300
NIFTY_50,^NSEI,2021-09-17,17709.650390625,17792.94921875,17537.650390625,17585.150390625,508300
NIFTY_50,^NSEI,2021-09-20,17443.849609375,17622.75,17361.80078125,17396.900390625,339100
NIFTY_50,^NSEI,2021-09-21,17450.5,17578.349609375,17326.099609375,17562.0,363600
NIFTY_50,^NSEI,2021-09-22,17580.900390625,17610.44921875,17524.0,17546.650390625,295200
NIFTY_50,^NSEI,2021-09-23,17670.849609375,17843.900390625,17646.55078125,17822.94921875,320500
NIFTY_50,^NSEI,2021-09-24,17897.44921875,17947.650390625,17819.400390625,17853.19921875,360100
NIFTY_50,^NSEI,2021-09-27,17932.19921875,17943.5,17802.900390625,17855.099609375,295700
NIFTY_50,^NSEI,2021-09-28,17906.44921875,17912.849609375,17576.099609375,17748.599609375,398000
NIFTY_50,^NSEI,2021-09-29,17657.94921875,17781.75,17608.150390625,17711.30078125,562200
NIFTY_50,^NSEI,2021-09-30,17718.900390625,17742.150390625,17585.349609375,17618.150390625,378600
NIFTY_50,^NSEI,2021-10-01,17531.900390625,17557.150390625,17452.900390625,17532.05078125,305800
NIFTY_50,^NSEI,2021-10-04,17615.55078125,17750.900390625,17581.349609375,17691.25,295800
NIFTY_50,^NSEI,2021-10-05,17661.349609375,17833.44921875,17640.900390625,17822.30078125,427000
NIFTY_50,^NSEI,2021-10-06,17861.5,17884.599609375,17613.150390625,17646.0,395800
NIFTY_50,^NSEI,2021-10-07,17810.55078125,17857.55078125,17763.80078125,17790.349609375,419900
NIFTY_50,^NSEI,2021-10-08,17886.849609375,17941.849609375,17840.349609375,17895.19921875,324100
NIFTY_50,^NSEI,2021-10-11,17867.55078125,18041.94921875,17839.099609375,17945.94921875,375800
NIFTY_50,^NSEI,2021-10-12,17915.80078125,18008.650390625,17864.94921875,17991.94921875,355600
NIFTY_50,^NSEI,2021-10-13,18097.849609375,18197.80078125,18050.75,18161.75,506700
NIFTY_50,^NSEI,2021-10-14,18272.849609375,18350.75,18248.69921875,18338.55078125,538700
NIFTY_50,^NSEI,2021-10-18,18500.099609375,18543.150390625,18445.30078125,18477.05078125,469900
NIFTY_50,^NSEI,2021-10-19,18602.349609375,18604.44921875,18377.69921875,18418.75,368200
NIFTY_50,^NSEI,2021-10-20,18439.900390625,18458.30078125,18209.349609375,18266.599609375,371300
NIFTY_50,^NSEI,2021-10-21,18382.69921875,18384.19921875,18048.0,18178.099609375,365900
NIFTY_50,^NSEI,2021-10-22,18230.69921875,18314.25,18034.349609375,18114.900390625,324700
NIFTY_50,^NSEI,2021-10-25,18229.5,18241.400390625,17968.5,18125.400390625,418700
NIFTY_50,^NSEI,2021-10-26,18154.5,18310.44921875,18099.30078125,18268.400390625,341400
NIFTY_50,^NSEI,2021-10-27,18295.849609375,18342.05078125,18167.900390625,18210.94921875,335200
NIFTY_50,^NSEI,2021-10-28,18187.650390625,18190.69921875,17799.44921875,17857.25,374200
NIFTY_50,^NSEI,2021-10-29,17833.05078125,17915.849609375,17613.099609375,17671.650390625,336500
NIFTY_50,^NSEI,2021-11-01,17783.150390625,17954.099609375,17697.099609375,17929.650390625,281200
NIFTY_50,^NSEI,2021-11-02,17970.900390625,18012.25,17847.599609375,17888.94921875,296400
NIFTY_50,^NSEI,2021-11-03,17947.94921875,17988.75,17757.94921875,17829.19921875,331000
NIFTY_50,^NSEI,2021-11-04,17935.05078125,17947.55078125,17900.599609375,17916.80078125,48500
NIFTY_50,^NSEI,2021-11-08,18040.19921875,18087.80078125,17836.099609375,18068.55078125,338900
NIFTY_50,^NSEI,2021-11-09,18084.349609375,18112.599609375,17983.05078125,18044.25,270200
NIFTY_50,^NSEI,2021-11-10,17973.44921875,18061.25,17915.0,18017.19921875,261400
NIFTY_50,^NSEI,2021-11-11,17967.44921875,17971.349609375,17798.19921875,17873.599609375,232100
NIFTY_50,^NSEI,2021-11-12,17977.599609375,18123.0,17905.900390625,18102.75,249100
NIFTY_50,^NSEI,2021-11-15,18140.94921875,18210.150390625,18071.30078125,18109.44921875,280400
NIFTY_50,^NSEI,2021-11-16,18127.05078125,18132.650390625,17958.80078125,17999.19921875,267400
NIFTY_50,^NSEI,2021-11-17,17939.349609375,18022.650390625,17879.25,17898.650390625,295700
NIFTY_50,^NSEI,2021-11-18,17890.55078125,17945.599609375,17688.5,17764.80078125,278400
NIFTY_50,^NSEI,2021-11-22,17796.25,17805.25,17280.44921875,17416.55078125,356400
NIFTY_50,^NSEI,2021-11-23,17281.75,17553.69921875,17216.099609375,17503.349609375,308800
NIFTY_50,^NSEI,2021-11-24,17550.05078125,17600.599609375,17354.0,17415.05078125,298100
NIFTY_50,^NSEI,2021-11-25,17417.30078125,17564.349609375,17351.69921875,17536.25,255900
NIFTY_50,^NSEI,2021-11-26,17338.75,17355.400390625,16985.69921875,17026.44921875,356300
NIFTY_50,^NSEI,2021-11-29,17055.80078125,17160.69921875,16782.400390625,17053.94921875,348900
NIFTY_50,^NSEI,2021-11-30,17051.150390625,17324.650390625,16931.400390625,16983.19921875,498000
NIFTY_50,^NSEI,2021-12-01,17104.400390625,17213.05078125,17064.25,17166.900390625,295500
NIFTY_50,^NSEI,2021-12-02,17183.19921875,17420.349609375,17149.30078125,17401.650390625,279900
NIFTY_50,^NSEI,2021-12-03,17424.900390625,17489.80078125,17180.80078125,17196.69921875,292500
NIFTY_50,^NSEI,2021-12-06,17209.05078125,17216.75,16891.69921875,16912.25,231700
NIFTY_50,^NSEI,2021-12-07,17044.099609375,17251.650390625,16987.75,17176.69921875,254100
NIFTY_50,^NSEI,2021-12-08,17315.25,17484.599609375,17308.94921875,17469.75,257800
NIFTY_50,^NSEI,2021-12-09,17524.400390625,17543.25,17379.599609375,17516.849609375,237200
NIFTY_50,^NSEI,2021-12-10,17476.05078125,17534.349609375,17405.25,17511.30078125,204500
NIFTY_50,^NSEI,2021-12-13,17619.099609375,17639.5,17355.94921875,17368.25,256600
NIFTY_50,^NSEI,2021-12-14,17283.19921875,17376.19921875,17225.80078125,17324.900390625,271000
NIFTY_50,^NSEI,2021-12-15,17323.650390625,17351.19921875,17192.19921875,17221.400390625,215000
NIFTY_50,^NSEI,2021-12-16,17373.0,17379.349609375,17184.94921875,17248.400390625,219500
NIFTY_50,^NSEI,2021-12-17,17276.0,17298.150390625,16966.44921875,16985.19921875,354600
NIFTY_50,^NSEI,2021-12-20,16824.25,16840.099609375,16410.19921875,16614.19921875,330600
NIFTY_50,^NSEI,2021-12-21,16773.150390625,16936.400390625,16688.25,16770.849609375,241000
NIFTY_50,^NSEI,2021-12-22,16865.55078125,16971.0,16819.5,16955.44921875,207900
NIFTY_50,^NSEI,2021-12-23,17066.80078125,17118.650390625,17015.55078125,17072.599609375,197000
NIFTY_50,^NSEI,2021-12-24,17149.5,17155.599609375,16909.599609375,17003.75,182600
NIFTY_50,^NSEI,2021-12-27,16937.75,17112.05078125,16833.19921875,17086.25,144800
NIFTY_50,^NSEI,2021-12-28,17177.599609375,17250.25,17161.150390625,17233.25,176000
NIFTY_50,^NSEI,2021-12-29,17220.099609375,17285.94921875,17176.650390625,17213.599609375,161700
NIFTY_50,^NSEI,2021-12-30,17201.44921875,17264.05078125,17146.349609375,17203.94921875,320800
NIFTY_50,^NSEI,2021-12-31,17244.5,17400.80078125,17238.5,17354.05078125,167000
NIFTY_50,^NSEI,2022-01-03,17387.150390625,17646.650390625,17383.30078125,17625.69921875,200500
NIFTY_50,^NSEI,2022-01-04,17681.400390625,17827.599609375,17593.55078125,17805.25,247400
NIFTY_50,^NSEI,2022-01-05,17820.099609375,17944.69921875,17748.849609375,17925.25,251500
NIFTY_50,^NSEI,2022-01-06,17768.5,17797.94921875,17655.55078125,17745.900390625,236500
NIFTY_50,^NSEI,2022-01-07,17797.599609375,17905.0,17704.55078125,17812.69921875,239300
NIFTY_50,^NSEI,2022-01-10,17913.30078125,18017.44921875,17879.150390625,18003.30078125,232400
NIFTY_50,^NSEI,2022-01-11,17997.75,18081.25,17964.400390625,18055.75,220200
NIFTY_50,^NSEI,2022-01-12,18170.400390625,18227.94921875,18128.80078125,18212.349609375,245000
NIFTY_50,^NSEI,2022-01-13,18257.0,18272.25,18163.80078125,18257.80078125,303700
NIFTY_50,^NSEI,2022-01-14,18185.0,18286.94921875,18119.650390625,18255.75,229500
NIFTY_50,^NSEI,2022-01-17,18235.650390625,18321.55078125,18228.75,18308.099609375,266700
NIFTY_50,^NSEI,2022-01-18,18337.19921875,18350.94921875,18085.900390625,18113.05078125,227500
NIFTY_50,^NSEI,2022-01-19,18129.19921875,18129.19921875,17884.900390625,17938.400390625,276700
NIFTY_50,^NSEI,2022-01-20,17921.0,17943.69921875,17648.44921875,17757.0,258100
NIFTY_50,^NSEI,2022-01-21,17613.69921875,17707.599609375,17485.849609375,17617.150390625,277600
NIFTY_50,^NSEI,2022-01-24,17575.150390625,17599.400390625,16997.849609375,17149.099609375,323800
NIFTY_50,^NSEI,2022-01-25,17001.55078125,17309.150390625,16836.80078125,17277.94921875,326500
NIFTY_50,^NSEI,2022-01-27,17062.0,17182.5,16866.75,17110.150390625,395600
NIFTY_50,^NSEI,2022-01-28,17208.30078125,17373.5,17077.099609375,17101.94921875,355300
NIFTY_50,^NSEI,2022-01-31,17301.05078125,17410.0,17264.150390625,17339.849609375,321700
NIFTY_50,^NSEI,2022-02-01,17529.44921875,17622.400390625,17244.55078125,17576.849609375,386400
NIFTY_50,^NSEI,2022-02-02,17706.19921875,17794.599609375,17674.80078125,17780.0,271200
NIFTY_50,^NSEI,2022-02-03,17767.75,17781.150390625,17511.150390625,17560.19921875,226600
NIFTY_50,^NSEI,2022-02-04,17590.19921875,17617.80078125,17462.55078125,17516.30078125,261400
NIFTY_50,^NSEI,2022-02-07,17456.30078125,17536.75,17119.400390625,17213.599609375,265000
NIFTY_50,^NSEI,2022-02-08,17279.849609375,17306.44921875,17043.650390625,17266.75,268500
NIFTY_50,^NSEI,2022-02-09,17370.099609375,17477.150390625,17339.0,17463.80078125,236400
NIFTY_50,^NSEI,2022-02-10,17554.099609375,17639.44921875,17427.150390625,17605.849609375,273600
NIFTY_50,^NSEI,2022-02-11,17451.0,17454.75,17303.0,17374.75,253100
NIFTY_50,^NSEI,2022-02-14,17076.150390625,17099.5,16809.650390625,16842.80078125,305500
NIFTY_50,^NSEI,2022-02-15,16933.25,17375.0,16839.25,17352.44921875,298700
NIFTY_50,^NSEI,2022-02-16,17408.44921875,17490.599609375,17257.69921875,17322.19921875,244500
NIFTY_50,^NSEI,2022-02-17,17396.55078125,17442.900390625,17235.849609375,17304.599609375,232100
NIFTY_50,^NSEI,2022-02-18,17236.05078125,17380.80078125,17219.19921875,17276.30078125,189600
NIFTY_50,^NSEI,2022-02-21,17192.25,17351.05078125,17070.69921875,17206.650390625,215200
NIFTY_50,^NSEI,2022-02-22,16847.94921875,17148.55078125,16843.80078125,17092.19921875,300100
NIFTY_50,^NSEI,2022-02-23,17194.5,17220.69921875,17027.849609375,17063.25,200200
NIFTY_50,^NSEI,2022-02-24,16548.900390625,16705.25,16203.25,16247.9501953125,458000
NIFTY_50,^NSEI,2022-02-25,16515.650390625,16748.80078125,16478.30078125,16658.400390625,329800
NIFTY_50,^NSEI,2022-02-28,16481.599609375,16815.900390625,16356.2998046875,16793.900390625,404200
NIFTY_50,^NSEI,2022-03-02,16593.099609375,16678.5,16478.650390625,16605.94921875,517700
NIFTY_50,^NSEI,2022-03-03,16723.19921875,16768.94921875,16442.94921875,16498.05078125,442100
NIFTY_50,^NSEI,2022-03-04,16339.4501953125,16456.0,16133.7998046875,16245.349609375,456100
NIFTY_50,^NSEI,2022-03-07,15867.9501953125,15944.599609375,15711.4501953125,15863.150390625,585400
NIFTY_50,^NSEI,2022-03-08,15747.75,16028.75,15671.4501953125,16013.4501953125,543600
NIFTY_50,^NSEI,2022-03-09,16078.0,16418.05078125,15990.0,16345.349609375,462200
NIFTY_50,^NSEI,2022-03-10,16757.099609375,16757.30078125,16447.900390625,16594.900390625,486400
NIFTY_50,^NSEI,2022-03-11,16528.80078125,16694.400390625,16470.900390625,16630.44921875,343700
NIFTY_50,^NSEI,2022-03-14,16633.69921875,16887.94921875,16606.5,16871.30078125,314700
NIFTY_50,^NSEI,2022-03-15,16900.650390625,16927.75,16555.0,16663.0,381600
NIFTY_50,^NSEI,2022-03-16,16876.650390625,16987.900390625,16837.849609375,16975.349609375,260000
NIFTY_50,^NSEI,2022-03-17,17202.900390625,17344.599609375,17175.75,17287.05078125,448300
NIFTY_50,^NSEI,2022-03-21,17329.5,17353.349609375,17096.400390625,17117.599609375,285500
NIFTY_50,^NSEI,2022-03-22,17120.400390625,17334.400390625,17006.30078125,17315.5,338300
NIFTY_50,^NSEI,2022-03-23,17405.05078125,17442.400390625,17199.599609375,17245.650390625,292100
NIFTY_50,^NSEI,2022-03-24,17094.94921875,17291.75,17091.150390625,17222.75,290300
NIFTY_50,^NSEI,2022-03-25,17289.0,17294.900390625,17076.55078125,17153.0,237100
NIFTY_50,^NSEI,2022-03-28,17181.849609375,17235.099609375,17003.900390625,17222.0,253200
NIFTY_50,^NSEI,2022-03-29,17297.19921875,17343.650390625,17235.69921875,17325.30078125,235100
NIFTY_50,^NSEI,2022-03-30,17468.150390625,17522.5,17387.19921875,17498.25,505000
NIFTY_50,^NSEI,2022-03-31,17519.19921875,17559.80078125,17435.19921875,17464.75,281100
NIFTY_50,^NSEI,2022-04-01,17436.900390625,17703.69921875,17422.69921875,17670.44921875,291800
NIFTY_50,^NSEI,2022-04-04,17809.099609375,18114.650390625,17791.400390625,18053.400390625,345500
NIFTY_50,^NSEI,2022-04-05,18080.599609375,18095.44921875,17921.55078125,17957.400390625,283500
NIFTY_50,^NSEI,2022-04-06,17842.75,17901.0,17779.849609375,17807.650390625,328800
NIFTY_50,^NSEI,2022-04-07,17723.30078125,17787.5,17623.69921875,17639.55078125,308800
NIFTY_50,^NSEI,2022-04-08,17698.150390625,17842.75,17600.55078125,17784.349609375,274400
NIFTY_50,^NSEI,2022-04-11,17740.900390625,17779.05078125,17650.94921875,17674.94921875,251700
NIFTY_50,^NSEI,2022-04-12,17584.849609375,17595.30078125,17442.349609375,17530.30078125,266000
NIFTY_50,^NSEI,2022-04-13,17599.900390625,17663.650390625,17457.400390625,17475.650390625,245100
NIFTY_50,^NSEI,2022-04-18,17183.44921875,17237.75,17067.849609375,17173.650390625,376100
NIFTY_50,^NSEI,2022-04-19,17258.94921875,17275.650390625,16824.69921875,16958.650390625,401400
NIFTY_50,^NSEI,2022-04-20,17045.25,17186.900390625,16978.94921875,17136.55078125,286100
NIFTY_50,^NSEI,2022-04-21,17234.599609375,17414.69921875,17215.5,17392.599609375,285200
NIFTY_50,^NSEI,2022-04-22,17242.75,17315.30078125,17149.19921875,17171.94921875,262700
NIFTY_50,^NSEI,2022-04-25,17009.05078125,17054.30078125,16888.69921875,16953.94921875,275700
NIFTY_50,^NSEI,2022-04-26,17121.30078125,17223.849609375,17064.44921875,17200.80078125,261100
NIFTY_50,^NSEI,2022-04-27,17073.349609375,17110.69921875,16958.44921875,17038.400390625,265100
NIFTY_50,^NSEI,2022-04-28,17189.5,17322.5,17071.05078125,17245.05078125,312900
NIFTY_50,^NSEI,2022-04-29,17329.25,17377.650390625,17053.25,17102.55078125,336200
NIFTY_50,^NSEI,2022-05-02,16924.44921875,17092.25,16917.25,17069.099609375,278200
NIFTY_50,^NSEI,2022-05-04,17096.599609375,17132.849609375,16623.94921875,16677.599609375,310600
NIFTY_50,^NSEI,2022-05-05,16854.75,16945.69921875,16651.849609375,16682.650390625,265800
NIFTY_50,^NSEI,2022-05-06,16415.55078125,16484.19921875,16340.900390625,16411.25,300500
NIFTY_50,^NSEI,2022-05-09,16227.7001953125,16403.69921875,16142.099609375,16301.849609375,288400
NIFTY_50,^NSEI,2022-05-10,16248.900390625,16404.55078125,16197.2998046875,16240.0498046875,283100
NIFTY_50,^NSEI,2022-05-11,16270.0498046875,16318.75,15992.599609375,16167.099609375,284300
NIFTY_50,^NSEI,2022-05-12,16021.099609375,16041.9501953125,15735.75,15808.0,314900
NIFTY_50,^NSEI,2022-05-13,15977.0,16083.599609375,15740.849609375,15782.150390625,369100
NIFTY_50,^NSEI,2022-05-16,15845.099609375,15977.9501953125,15739.650390625,15842.2998046875,217600
NIFTY_50,^NSEI,2022-05-17,15912.599609375,16284.25,15900.7998046875,16259.2998046875,295700
NIFTY_50,^NSEI,2022-05-18,16318.150390625,16399.80078125,16211.2001953125,16240.2998046875,290400
NIFTY_50,^NSEI,2022-05-19,15917.400390625,15984.75,15775.2001953125,15809.400390625,313900
NIFTY_50,^NSEI,2022-05-20,16043.7998046875,16283.0498046875,16003.849609375,16266.150390625,252400
NIFTY_50,^NSEI,2022-05-23,16290.9501953125,16414.69921875,16185.75,16214.7001953125,293800
NIFTY_50,^NSEI,2022-05-24,16225.5498046875,16262.7998046875,16078.599609375,16125.150390625,249800
NIFTY_50,^NSEI,2022-05-25,16196.349609375,16223.349609375,16006.9501953125,16025.7998046875,243300
NIFTY_50,^NSEI,2022-05-26,16105.0,16204.4501953125,15903.7001953125,16170.150390625,314300
NIFTY_50,^NSEI,2022-05-27,16296.599609375,16370.599609375,16221.9501953125,16352.4501953125,274100
NIFTY_50,^NSEI,2022-05-30,16527.900390625,16695.5,16506.150390625,16661.400390625,251400
NIFTY_50,^NSEI,2022-05-31,16578.44921875,16690.75,16521.900390625,16584.55078125,651600
NIFTY_50,^NSEI,2022-06-01,16594.400390625,16649.19921875,16438.849609375,16522.75,249600
NIFTY_50,^NSEI,2022-06-02,16481.650390625,16646.400390625,16443.05078125,16628.0,236000
NIFTY_50,^NSEI,2022-06-03,16761.650390625,16793.849609375,16567.900390625,16584.30078125,245500
NIFTY_50,^NSEI,2022-06-06,16530.69921875,16610.94921875,16444.55078125,16569.55078125,233600
NIFTY_50,^NSEI,2022-06-07,16469.599609375,16487.25,16347.099609375,16416.349609375,233800
NIFTY_50,^NSEI,2022-06-08,16474.94921875,16514.30078125,16293.349609375,16356.25,243500
NIFTY_50,^NSEI,2022-06-09,16263.849609375,16492.80078125,16243.849609375,16478.099609375,205000
NIFTY_50,^NSEI,2022-06-10,16283.9501953125,16324.7001953125,16172.599609375,16201.7998046875,189700
NIFTY_50,^NSEI,2022-06-13,15877.5498046875,15886.150390625,15684.0,15774.400390625,225500
NIFTY_50,^NSEI,2022-06-14,15674.25,15858.0,15659.4501953125,15732.099609375,225400
NIFTY_50,^NSEI,2022-06-15,15729.25,15783.650390625,15678.900390625,15692.150390625,183000
NIFTY_50,^NSEI,2022-06-16,15832.25,15863.150390625,15335.099609375,15360.599609375,264700
NIFTY_50,^NSEI,2022-06-17,15272.650390625,15400.400390625,15183.400390625,15293.5,342600
NIFTY_50,^NSEI,2022-06-20,15334.5,15382.5,15191.099609375,15350.150390625,260000
NIFTY_50,^NSEI,2022-06-21,15455.9501953125,15707.25,15419.849609375,15638.7998046875,262800
NIFTY_50,^NSEI,2022-06-22,15545.650390625,15565.400390625,15385.9501953125,15413.2998046875,220900
NIFTY_50,^NSEI,2022-06-23,15451.5498046875,15628.4501953125,15367.5,15556.650390625,259200
NIFTY_50,^NSEI,2022-06-24,15657.400390625,15749.25,15619.4501953125,15699.25,219600
NIFTY_50,^NSEI,2022-06-27,15926.2001953125,15927.4501953125,15815.5,15832.0498046875,210900
NIFTY_50,^NSEI,2022-06-28,15757.4501953125,15892.099609375,15710.150390625,15850.2001953125,251900
NIFTY_50,^NSEI,2022-06-29,15701.7001953125,15861.599609375,15687.7998046875,15799.099609375,444900
NIFTY_50,^NSEI,2022-06-30,15774.5,15890.0,15728.849609375,15780.25,306000
NIFTY_50,^NSEI,2022-07-01,15703.7001953125,15793.9501953125,15511.0498046875,15752.0498046875,364100
NIFTY_50,^NSEI,2022-07-04,15710.5,15852.349609375,15661.7998046875,15835.349609375,304300
NIFTY_50,^NSEI,2022-07-05,15909.150390625,16025.75,15785.4501953125,15810.849609375,254200
NIFTY_50,^NSEI,2022-07-06,15818.2001953125,16011.349609375,15800.900390625,15989.7998046875,288400
NIFTY_50,^NSEI,2022-07-07,16113.75,16150.5,16045.9501953125,16132.900390625,264600
NIFTY_50,^NSEI,2022-07-08,16273.650390625,16275.5,16157.900390625,16220.599609375,281100
NIFTY_50,^NSEI,2022-07-11,16136.150390625,16248.5498046875,16115.5,16216.0,255900
NIFTY_50,^NSEI,2022-07-12,16126.2001953125,16158.75,16031.150390625,16058.2998046875,208600
NIFTY_50,^NSEI,2022-07-13,16128.2001953125,16140.0,15950.150390625,15966.650390625,233300
NIFTY_50,^NSEI,2022-07-14,16018.849609375,16070.849609375,15858.2001953125,15938.650390625,228600
NIFTY_50,^NSEI,2022-07-15,16010.7998046875,16066.9501953125,15927.2998046875,16049.2001953125,205800
NIFTY_50,^NSEI,2022-07-18,16151.400390625,16287.9501953125,16142.2001953125,16278.5,227700
NIFTY_50,^NSEI,2022-07-19,16187.0498046875,16359.5,16187.0498046875,16340.5498046875,222600
NIFTY_50,^NSEI,2022-07-20,16562.80078125,16588.0,16490.94921875,16520.849609375,284400
NIFTY_50,^NSEI,2022-07-21,16523.55078125,16626.94921875,16483.900390625,16605.25,243600
NIFTY_50,^NSEI,2022-07-22,16661.25,16752.25,16610.900390625,16719.44921875,190900
NIFTY_50,^NSEI,2022-07-25,16662.55078125,16706.05078125,16564.25,16631.0,211400
NIFTY_50,^NSEI,2022-07-26,16632.900390625,16636.099609375,16463.30078125,16483.849609375,208200
NIFTY_50,^NSEI,2022-07-27,16475.349609375,16653.44921875,16438.75,16641.80078125,185200
NIFTY_50,^NSEI,2022-07-28,16774.849609375,16947.650390625,16746.25,16929.599609375,376300
NIFTY_50,^NSEI,2022-07-29,17079.5,17172.80078125,17018.150390625,17158.25,436100
NIFTY_50,^NSEI,2022-08-01,17243.19921875,17356.25,17154.80078125,17340.05078125,381500
NIFTY_50,^NSEI,2022-08-02,17310.150390625,17390.150390625,17215.849609375,17345.44921875,333600
NIFTY_50,^NSEI,2022-08-03,17349.25,17407.5,17225.849609375,17388.150390625,285400
NIFTY_50,^NSEI,2022-08-04,17463.099609375,17490.69921875,17161.25,17382.0,325000
NIFTY_50,^NSEI,2022-08-05,17423.650390625,17474.400390625,17348.75,17397.5,355300
NIFTY_50,^NSEI,2022-08-08,17401.5,17548.80078125,17359.75,17525.099609375,257000
NIFTY_50,^NSEI,2022-08-10,17566.099609375,17566.099609375,17442.80078125,17534.75,312700
NIFTY_50,^NSEI,2022-08-11,17711.650390625,17719.30078125,17631.94921875,17659.0,311200
NIFTY_50,^NSEI,2022-08-12,17659.650390625,17724.650390625,17597.849609375,17698.150390625,303900
NIFTY_50,^NSEI,2022-08-16,17797.19921875,17839.099609375,17764.05078125,17825.25,0
NIFTY_50,^NSEI,2022-08-17,17868.150390625,17965.94921875,17833.349609375,17944.25,262800
NIFTY_50,^NSEI,2022-08-18,17898.650390625,17968.44921875,17852.05078125,17956.5,263900
NIFTY_50,^NSEI,2022-08-19,17966.55078125,17992.19921875,17710.75,17758.44921875,295600
NIFTY_50,^NSEI,2022-08-22,17682.900390625,17690.05078125,17467.349609375,17490.69921875,287600
NIFTY_50,^NSEI,2022-08-23,17357.349609375,17625.55078125,17345.19921875,17577.5,285600
NIFTY_50,^NSEI,2022-08-24,17525.44921875,17623.650390625,17499.25,17604.94921875,262000
NIFTY_50,^NSEI,2022-08-25,17679.0,17726.5,17487.44921875,17522.44921875,230200
NIFTY_50,^NSEI,2022-08-26,17619.30078125,17685.849609375,17519.349609375,17558.900390625,266600
NIFTY_50,^NSEI,2022-08-29,17188.650390625,17380.150390625,17166.19921875,17312.900390625,244900
NIFTY_50,^NSEI,2022-08-30,17414.94921875,17777.650390625,17401.5,17759.30078125,324700
NIFTY_50,^NSEI,2022-09-01,17485.69921875,17695.599609375,17468.44921875,17542.80078125,308500
NIFTY_50,^NSEI,2022-09-02,17598.400390625,17643.849609375,17476.44921875,17539.44921875,256300
NIFTY_50,^NSEI,2022-09-05,17546.44921875,17683.150390625,17540.349609375,17665.80078125,230300
NIFTY_50,^NSEI,2022-09-06,17695.69921875,17764.650390625,17587.650390625,17655.599609375,251200
NIFTY_50,^NSEI,2022-09-07,17519.400390625,17650.75,17484.30078125,17624.400390625,354100
NIFTY_50,^NSEI,2022-09-08,17748.150390625,17807.650390625,17691.94921875,17798.75,279800
NIFTY_50,^NSEI,2022-09-09,17923.349609375,17925.94921875,17786.0,17833.349609375,270300
NIFTY_50,^NSEI,2022-09-12,17890.849609375,17980.55078125,17889.150390625,17936.349609375,228200
NIFTY_50,^NSEI,2022-09-13,18044.44921875,18088.30078125,18015.44921875,18070.05078125,259900
NIFTY_50,^NSEI,2022-09-14,17771.150390625,18091.55078125,17771.150390625,18003.75,365900
NIFTY_50,^NSEI,2022-09-15,18046.349609375,18096.150390625,17861.5,17877.400390625,289600
NIFTY_50,^NSEI,2022-09-16,17796.80078125,17820.05078125,17497.25,17530.849609375,468500
NIFTY_50,^NSEI,2022-09-19,17540.650390625,17667.19921875,17429.69921875,17622.25,258300
NIFTY_50,^NSEI,2022-09-20,17770.400390625,17919.30078125,17744.400390625,17816.25,263100
NIFTY_50,^NSEI,2022-09-21,17766.349609375,17838.69921875,17663.599609375,17718.349609375,245500
NIFTY_50,^NSEI,2022-09-22,17609.650390625,17722.75,17532.44921875,17629.80078125,284100
NIFTY_50,^NSEI,2022-09-23,17593.849609375,17642.150390625,17291.650390625,17327.349609375,390800
NIFTY_50,^NSEI,2022-09-26,17156.30078125,17196.400390625,16978.30078125,17016.30078125,492000
NIFTY_50,^NSEI,2022-09-27,17110.900390625,17176.44921875,16942.349609375,17007.400390625,359900
NIFTY_50,^NSEI,2022-09-28,16870.55078125,17037.599609375,16820.400390625,16858.599609375,323900
NIFTY_50,^NSEI,2022-09-29,16993.599609375,17026.05078125,16788.599609375,16818.099609375,340000
NIFTY_50,^NSEI,2022-09-30,16798.05078125,17187.099609375,16747.69921875,17094.349609375,376100
NIFTY_50,^NSEI,2022-10-03,17102.099609375,17114.650390625,16855.55078125,16887.349609375,278400
NIFTY_50,^NSEI,2022-10-04,17147.44921875,17287.30078125,17117.30078125,17274.30078125,226000
NIFTY_50,^NSEI,2022-10-06,17379.25,17428.80078125,17315.650390625,17331.80078125,265500
NIFTY_50,^NSEI,2022-10-07,17287.19921875,17337.349609375,17216.94921875,17314.650390625,216300
NIFTY_50,^NSEI,2022-10-10,17094.349609375,17280.150390625,17064.69921875,17241.0,234000
NIFTY_50,^NSEI,2022-10-11,17256.05078125,17261.80078125,16950.30078125,16983.55078125,282600
NIFTY_50,^NSEI,2022-10-12,17025.55078125,17142.349609375,16960.05078125,17123.599609375,256000
NIFTY_50,^NSEI,2022-10-13,17087.349609375,17112.349609375,16956.94921875,17014.349609375,266400
NIFTY_50,^NSEI,2022-10-14,17322.30078125,17348.55078125,17169.75,17185.69921875,227000
NIFTY_50,^NSEI,2022-10-17,17144.80078125,17328.55078125,17098.55078125,17311.80078125,212200
NIFTY_50,^NSEI,2022-10-18,17438.75,17527.80078125,17434.05078125,17486.94921875,239500
NIFTY_50,^NSEI,2022-10-19,17568.150390625,17607.599609375,17472.849609375,17512.25,210500
NIFTY_50,^NSEI,2022-10-20,17423.099609375,17584.150390625,17421.0,17563.94921875,249600
NIFTY_50,^NSEI,2022-10-21,17622.849609375,17670.150390625,17520.75,17576.30078125,277700
NIFTY_50,^NSEI,2022-10-24,17736.349609375,17777.55078125,17707.400390625,17730.75,45000
NIFTY_50,^NSEI,2022-10-25,17808.30078125,17811.5,17637.0,17656.349609375,251400
NIFTY_50,^NSEI,2022-10-27,17771.400390625,17783.900390625,17654.5,17736.94921875,324600
NIFTY_50,^NSEI,2022-10-28,17756.400390625,17838.900390625,17723.69921875,17786.80078125,250000
NIFTY_50,^NSEI,2022-10-31,17910.19921875,18022.80078125,17899.900390625,18012.19921875,227200
NIFTY_50,^NSEI,2022-11-01,18130.69921875,18175.80078125,18060.150390625,18145.400390625,349900
NIFTY_50,^NSEI,2022-11-02,18177.900390625,18178.75,18048.650390625,18082.849609375,270900
NIFTY_50,^NSEI,2022-11-03,17968.349609375,18106.30078125,17959.19921875,18052.69921875,213000
NIFTY_50,^NSEI,2022-11-04,18053.400390625,18135.099609375,18017.150390625,18117.150390625,267900
NIFTY_50,^NSEI,2022-11-07,18211.75,18255.5,18064.75,18202.80078125,314800
NIFTY_50,^NSEI,2022-11-09,18288.25,18296.400390625,18117.5,18157.0,307200
NIFTY_50,^NSEI,2022-11-10,18044.349609375,18103.099609375,17969.400390625,18028.19921875,256500
NIFTY_50,^NSEI,2022-11-11,18272.349609375,18362.30078125,18259.349609375,18349.69921875,378500
NIFTY_50,^NSEI,2022-11-14,18376.400390625,18399.44921875,18311.400390625,18329.150390625,301400
NIFTY_50,^NSEI,2022-11-15,18362.75,18427.94921875,18282.0,18403.400390625,250900
NIFTY_50,^NSEI,2022-11-16,18398.25,18442.150390625,18344.150390625,18409.650390625,219300
NIFTY_50,^NSEI,2022-11-17,18358.69921875,18417.599609375,18312.94921875,18343.900390625,200500
NIFTY_50,^NSEI,2022-11-18,18382.94921875,18394.599609375,18209.80078125,18307.650390625,198800
NIFTY_50,^NSEI,2022-11-21,18246.400390625,18262.30078125,18133.349609375,18159.94921875,213800
NIFTY_50,^NSEI,2022-11-22,18179.150390625,18261.849609375,18137.69921875,18244.19921875,177700
NIFTY_50,^NSEI,2022-11-23,18325.19921875,18325.400390625,18246.0,18267.25,178800
NIFTY_50,^NSEI,2022-11-24,18326.099609375,18529.69921875,18294.25,18484.099609375,204000
NIFTY_50,^NSEI,2022-11-25,18528.44921875,18534.900390625,18445.099609375,18512.75,205900
NIFTY_50,^NSEI,2022-11-28,18430.55078125,18614.25,18365.599609375,18562.75,206500
NIFTY_50,^NSEI,2022-11-29,18552.44921875,18678.099609375,18552.150390625,18618.05078125,195300
NIFTY_50,^NSEI,2022-11-30,18625.69921875,18816.05078125,18616.55078125,18758.349609375,345600
NIFTY_50,^NSEI,2022-12-01,18871.94921875,18887.599609375,18778.19921875,18812.5,325000
NIFTY_50,^NSEI,2022-12-02,18752.400390625,18781.94921875,18639.19921875,18696.099609375,254400
NIFTY_50,^NSEI,2022-12-05,18719.55078125,18728.599609375,18591.349609375,18701.05078125,288400
NIFTY_50,^NSEI,2022-12-06,18600.650390625,18654.900390625,18577.900390625,18642.75,217800
NIFTY_50,^NSEI,2022-12-07,18638.849609375,18668.30078125,18528.400390625,18560.5,200500
NIFTY_50,^NSEI,2022-12-08,18570.849609375,18625.0,18536.94921875,18609.349609375,202800
NIFTY_50,^NSEI,2022-12-09,18662.400390625,18664.69921875,18410.099609375,18496.599609375,215800
NIFTY_50,^NSEI,2022-12-12,18402.150390625,18521.55078125,18345.69921875,18497.150390625,193900
NIFTY_50,^NSEI,2022-12-13,18524.400390625,18617.25,18490.19921875,18608.0,187600
NIFTY_50,^NSEI,2022-12-14,18671.25,18696.099609375,18632.900390625,18660.30078125,208000
NIFTY_50,^NSEI,2022-12-15,18614.400390625,18652.900390625,18387.69921875,18414.900390625,183100
NIFTY_50,^NSEI,2022-12-16,18319.099609375,18440.94921875,18255.150390625,18269.0,277700
NIFTY_50,^NSEI,2022-12-19,18288.099609375,18431.650390625,18244.55078125,18420.44921875,154800
NIFTY_50,^NSEI,2022-12-20,18340.30078125,18404.900390625,18202.650390625,18385.30078125,169000
NIFTY_50,^NSEI,2022-12-21,18435.150390625,18473.349609375,18162.75,18199.099609375,187600
NIFTY_50,^NSEI,2022-12-22,18288.80078125,18318.75,18068.599609375,18127.349609375,195700
NIFTY_50,^NSEI,2022-12-23,17977.650390625,18050.44921875,17779.5,17806.80078125,221500
NIFTY_50,^NSEI,2022-12-26,17830.400390625,18084.099609375,17774.25,18014.599609375,176700
NIFTY_50,^NSEI,2022-12-27,18089.80078125,18149.25,17967.44921875,18132.30078125,214300
NIFTY_50,^NSEI,2022-12-28,18084.75,18173.099609375,18068.349609375,18122.5,193900
NIFTY_50,^NSEI,2022-12-29,18045.69921875,18229.69921875,17992.80078125,18191.0,281100
NIFTY_50,^NSEI,2022-12-30,18259.099609375,18265.25,18080.30078125,18105.30078125,192000
NIFTY_50,^NSEI,2023-01-02,18131.69921875,18215.150390625,18086.5,18197.44921875,256100
NIFTY_50,^NSEI,2023-01-03,18163.19921875,18251.94921875,18149.80078125,18232.55078125,208700
NIFTY_50,^NSEI,2023-01-04,18230.650390625,18243.0,18020.599609375,18042.94921875,235200
NIFTY_50,^NSEI,2023-01-05,18101.94921875,18120.30078125,17892.599609375,17992.150390625,269900
NIFTY_50,^NSEI,2023-01-06,18008.05078125,18047.400390625,17795.55078125,17859.44921875,238200
NIFTY_50,^NSEI,2023-01-09,17952.55078125,18141.400390625,17936.150390625,18101.19921875,257200
NIFTY_50,^NSEI,2023-01-10,18121.30078125,18127.599609375,17856.0,17914.150390625,283300
NIFTY_50,^NSEI,2023-01-11,17924.25,17976.349609375,17824.349609375,17895.69921875,259900
NIFTY_50,^NSEI,2023-01-12,17920.849609375,17945.80078125,17761.650390625,17858.19921875,227800
NIFTY_50,^NSEI,2023-01-13,17867.5,17999.349609375,17774.25,17956.599609375,256700
NIFTY_50,^NSEI,2023-01-16,18033.150390625,18049.650390625,17853.650390625,17894.849609375,206200
NIFTY_50,^NSEI,2023-01-17,17922.80078125,18072.05078125,17886.94921875,18053.30078125,219100
NIFTY_50,^NSEI,2023-01-18,18074.30078125,18183.75,18032.44921875,18165.349609375,255800
NIFTY_50,^NSEI,2023-01-19,18119.80078125,18155.19921875,18063.75,18107.849609375,237800
NIFTY_50,^NSEI,2023-01-20,18115.599609375,18145.44921875,18016.19921875,18027.650390625,237200
NIFTY_50,^NSEI,2023-01-23,18118.44921875,18162.599609375,18063.44921875,18118.55078125,202500
NIFTY_50,^NSEI,2023-01-24,18183.94921875,18201.25,18078.650390625,18118.30078125,216900
NIFTY_50,^NSEI,2023-01-25,18093.349609375,18100.599609375,17846.150390625,17891.94921875,257200
NIFTY_50,^NSEI,2023-01-27,17877.19921875,17884.75,17493.55078125,17604.349609375,476300
NIFTY_50,^NSEI,2023-01-30,17541.94921875,17709.150390625,17405.55078125,17648.94921875,432400
NIFTY_50,^NSEI,2023-01-31,17731.44921875,17735.69921875,17537.55078125,17662.150390625,398300
NIFTY_50,^NSEI,2023-02-01,17811.599609375,17972.19921875,17353.400390625,17616.30078125,512900
NIFTY_50,^NSEI,2023-02-02,17517.099609375,17653.900390625,17445.94921875,17610.400390625,490100
NIFTY_50,^NSEI,2023-02-03,17721.75,17870.30078125,17584.19921875,17854.05078125,424100
NIFTY_50,^NSEI,2023-02-06,17818.55078125,17823.69921875,17698.349609375,17764.599609375,282500
NIFTY_50,^NSEI,2023-02-07,17790.099609375,17811.150390625,17652.55078125,17721.5,354400
NIFTY_50,^NSEI,2023-02-08,17750.30078125,17898.69921875,17744.150390625,17871.69921875,291000
NIFTY_50,^NSEI,2023-02-09,17885.5,17916.900390625,17779.80078125,17893.44921875,260900
NIFTY_50,^NSEI,2023-02-10,17847.55078125,17876.94921875,17801.0,17856.5,232000
NIFTY_50,^NSEI,2023-02-13,17859.099609375,17880.69921875,17719.75,17770.900390625,231300
NIFTY_50,^NSEI,2023-02-14,17840.349609375,17954.55078125,17800.05078125,17929.849609375,244500
NIFTY_50,^NSEI,2023-02-15,17896.599609375,18034.099609375,17853.80078125,18015.849609375,229300
NIFTY_50,^NSEI,2023-02-16,18094.75,18134.75,18000.650390625,18035.849609375,230200
NIFTY_50,^NSEI,2023-02-17,17974.849609375,18034.25,17884.599609375,17944.19921875,208100
NIFTY_50,^NSEI,2023-02-20,17965.55078125,18004.349609375,17818.400390625,17844.599609375,174600
NIFTY_50,^NSEI,2023-02-21,17905.80078125,17924.900390625,17800.30078125,17826.69921875,198200
NIFTY_50,^NSEI,2023-02-22,17755.349609375,17772.5,17529.44921875,17554.30078125,204000
NIFTY_50,^NSEI,2023-02-23,17574.650390625,17620.05078125,17455.400390625,17511.25,240800
NIFTY_50,^NSEI,2023-02-24,17591.349609375,17599.75,17421.80078125,17465.80078125,209400
NIFTY_50,^NSEI,2023-02-27,17428.599609375,17451.599609375,17299.0,17392.69921875,246400
NIFTY_50,^NSEI,2023-02-28,17383.25,17440.44921875,17255.19921875,17303.94921875,420900
NIFTY_50,^NSEI,2023-03-01,17360.099609375,17467.75,17345.25,17450.900390625,272900
NIFTY_50,^NSEI,2023-03-02,17421.5,17445.80078125,17306.0,17321.900390625,310700
NIFTY_50,^NSEI,2023-03-03,17451.25,17644.75,17427.69921875,17594.349609375,356200
NIFTY_50,^NSEI,2023-03-06,17680.349609375,17799.94921875,17671.94921875,17711.44921875,362800
NIFTY_50,^NSEI,2023-03-08,17665.75,17766.5,17602.25,17754.400390625,267000
NIFTY_50,^NSEI,2023-03-09,17772.05078125,17772.349609375,17573.599609375,17589.599609375,262400
NIFTY_50,^NSEI,2023-03-10,17443.80078125,17451.5,17324.349609375,17412.900390625,235900
NIFTY_50,^NSEI,2023-03-13,17421.900390625,17529.900390625,17113.44921875,17154.30078125,254900
NIFTY_50,^NSEI,2023-03-14,17160.55078125,17224.650390625,16987.099609375,17043.30078125,290600
NIFTY_50,^NSEI,2023-03-15,17166.44921875,17211.349609375,16938.900390625,16972.150390625,248200
NIFTY_50,^NSEI,2023-03-16,16994.650390625,17062.44921875,16850.150390625,16985.599609375,349800
NIFTY_50,^NSEI,2023-03-17,17111.80078125,17145.80078125,16958.150390625,17100.05078125,408100
NIFTY_50,^NSEI,2023-03-20,17066.599609375,17066.599609375,16828.349609375,16988.400390625,241800
NIFTY_50,^NSEI,2023-03-21,17060.400390625,17127.69921875,17016.0,17107.5,246700
NIFTY_50,^NSEI,2023-03-22,17177.44921875,17207.25,17107.849609375,17151.900390625,0
NIFTY_50,^NSEI,2023-03-23,17097.400390625,17205.400390625,17045.30078125,17076.900390625,219200
NIFTY_50,^NSEI,2023-03-24,17076.19921875,17109.44921875,16917.349609375,16945.05078125,228000
NIFTY_50,^NSEI,2023-03-27,16984.30078125,17091.0,16918.55078125,16985.69921875,218400
NIFTY_50,^NSEI,2023-03-28,17031.75,17061.75,16913.75,16951.69921875,238800
NIFTY_50,^NSEI,2023-03-29,16977.30078125,17126.150390625,16940.599609375,17080.69921875,345900
NIFTY_50,^NSEI,2023-03-31,17210.349609375,17381.599609375,17204.650390625,17359.75,263900
NIFTY_50,^NSEI,2023-04-03,17427.94921875,17428.05078125,17312.75,17398.05078125,230200
NIFTY_50,^NSEI,2023-04-05,17422.30078125,17570.55078125,17402.69921875,17557.05078125,248300
NIFTY_50,^NSEI,2023-04-06,17533.849609375,17638.69921875,17502.849609375,17599.150390625,242700
NIFTY_50,^NSEI,2023-04-10,17634.900390625,17694.099609375,17597.94921875,17624.05078125,254800
NIFTY_50,^NSEI,2023-04-11,17704.80078125,17748.75,17655.150390625,17722.30078125,304300
NIFTY_50,^NSEI,2023-04-12,17759.55078125,17825.75,17717.25,17812.400390625,232800
NIFTY_50,^NSEI,2023-04-13,17807.30078125,17842.150390625,17729.650390625,17828.0,285800
NIFTY_50,^NSEI,2023-04-17,17863.0,17863.0,17574.05078125,17706.849609375,357400
NIFTY_50,^NSEI,2023-04-18,17766.599609375,17766.599609375,17610.19921875,17660.150390625,258900
NIFTY_50,^NSEI,2023-04-19,17653.349609375,17666.150390625,17579.849609375,17618.75,281500
NIFTY_50,^NSEI,2023-04-20,17638.599609375,17684.44921875,17584.349609375,17624.44921875,215100
NIFTY_50,^NSEI,2023-04-21,17639.75,17663.19921875,17553.94921875,17624.05078125,230200
NIFTY_50,^NSEI,2023-04-24,17707.55078125,17754.5,17612.5,17743.400390625,255700
NIFTY_50,^NSEI,2023-04-25,17761.55078125,17807.44921875,17716.849609375,17769.25,297400
NIFTY_50,^NSEI,2023-04-26,17767.30078125,17827.75,17711.19921875,17813.599609375,233000
NIFTY_50,^NSEI,2023-04-27,17813.099609375,17931.599609375,17797.900390625,17915.05078125,241400
NIFTY_50,^NSEI,2023-04-28,17950.400390625,18089.150390625,17885.30078125,18065.0,290300
NIFTY_50,^NSEI,2023-05-02,18124.80078125,18180.25,18101.75,18147.650390625,265200
NIFTY_50,^NSEI,2023-05-03,18113.80078125,18116.349609375,18042.400390625,18089.849609375,226200
NIFTY_50,^NSEI,2023-05-04,18081.0,18267.44921875,18066.69921875,18255.80078125,226600
NIFTY_50,^NSEI,2023-05-05,18117.30078125,18216.94921875,18055.44921875,18069.0,239700
NIFTY_50,^NSEI,2023-05-08,18120.599609375,18286.94921875,18100.30078125,18264.400390625,228400
NIFTY_50,^NSEI,2023-05-09,18303.400390625,18344.19921875,18229.650390625,18265.94921875,245400
NIFTY_50,^NSEI,2023-05-10,18313.599609375,18326.75,18211.94921875,18315.099609375,220500
NIFTY_50,^NSEI,2023-05-11,18357.80078125,18389.69921875,18270.400390625,18297.0,248900
NIFTY_50,^NSEI,2023-05-12,18273.75,18342.75,18194.55078125,18314.80078125,241700
NIFTY_50,^NSEI,2023-05-15,18339.30078125,18458.900390625,18287.900390625,18398.849609375,216100
NIFTY_50,^NSEI,2023-05-16,18432.349609375,18432.349609375,18264.349609375,18286.5,219500
NIFTY_50,^NSEI,2023-05-17,18300.44921875,18309.0,18115.349609375,18181.75,229900
NIFTY_50,^NSEI,2023-05-18,18287.5,18297.19921875,18104.849609375,18129.94921875,272100
NIFTY_50,^NSEI,2023-05-19,18186.150390625,18218.099609375,18060.400390625,18203.400390625,260900
NIFTY_50,^NSEI,2023-05-22,18201.099609375,18335.25,18178.849609375,18314.400390625,262600
NIFTY_50,^NSEI,2023-05-23,18362.900390625,18419.75,18324.19921875,18348.0,270400
NIFTY_50,^NSEI,2023-05-24,18294.80078125,18392.599609375,18262.94921875,18285.400390625,232600
NIFTY_50,^NSEI,2023-05-25,18268.900390625,18338.099609375,18202.400390625,18321.150390625,235900
NIFTY_50,^NSEI,2023-05-26,18368.349609375,18508.55078125,18333.150390625,18499.349609375,198700
NIFTY_50,^NSEI,2023-05-29,18619.150390625,18641.19921875,18581.25,18598.650390625,265300
NIFTY_50,^NSEI,2023-05-30,18606.650390625,18662.44921875,18575.5,18633.849609375,234400
NIFTY_50,^NSEI,2023-05-31,18594.19921875,18603.900390625,18483.849609375,18534.400390625,696500
NIFTY_50,^NSEI,2023-06-01,18579.400390625,18580.30078125,18464.55078125,18487.75,265600
NIFTY_50,^NSEI,2023-06-02,18550.849609375,18573.69921875,18478.400390625,18534.099609375,270900
NIFTY_50,^NSEI,2023-06-05,18612.0,18640.150390625,18582.80078125,18593.849609375,256100
NIFTY_50,^NSEI,2023-06-06,18600.80078125,18622.75,18531.599609375,18599.0,220800
NIFTY_50,^NSEI,2023-06-07,18665.599609375,18738.94921875,18636.0,18726.400390625,260100
NIFTY_50,^NSEI,2023-06-08,18725.349609375,18777.900390625,18615.599609375,18634.55078125,286500
NIFTY_50,^NSEI,2023-06-09,18655.900390625,18676.650390625,18555.400390625,18563.400390625,221800
NIFTY_50,^NSEI,2023-06-12,18595.05078125,18633.599609375,18559.75,18601.5,179500
NIFTY_50,^NSEI,2023-06-13,18631.80078125,18728.900390625,18631.80078125,18716.150390625,233200
NIFTY_50,^NSEI,2023-06-14,18744.599609375,18769.69921875,18690.0,18755.900390625,261400
NIFTY_50,^NSEI,2023-06-15,18774.44921875,18794.099609375,18669.05078125,18688.099609375,263000
NIFTY_50,^NSEI,2023-06-16,18723.30078125,18864.69921875,18710.5,18826.0,272800
NIFTY_50,^NSEI,2023-06-19,18873.30078125,18881.44921875,18719.150390625,18755.44921875,219800
NIFTY_50,^NSEI,2023-06-20,18752.349609375,18839.69921875,18660.650390625,18816.69921875,211600
NIFTY_50,^NSEI,2023-06-21,18849.400390625,18875.900390625,18794.849609375,18856.849609375,217500
NIFTY_50,^NSEI,2023-06-22,18853.599609375,18886.599609375,18759.5,18771.25,252700
NIFTY_50,^NSEI,2023-06-23,18741.849609375,18756.400390625,18647.099609375,18665.5,210600
NIFTY_50,^NSEI,2023-06-26,18682.349609375,18722.05078125,18646.69921875,18691.19921875,171300
NIFTY_50,^NSEI,2023-06-27,18748.55078125,18829.25,18714.25,18817.400390625,222500
NIFTY_50,^NSEI,2023-06-28,18908.150390625,19011.25,18861.349609375,18972.099609375,398800
NIFTY_50,^NSEI,2023-06-30,19076.849609375,19201.69921875,19024.599609375,19189.05078125,247900
NIFTY_50,^NSEI,2023-07-03,19246.5,19345.099609375,19234.400390625,19322.55078125,226100
NIFTY_50,^NSEI,2023-07-04,19406.599609375,19434.150390625,19300.0,19389.0,226900
NIFTY_50,^NSEI,2023-07-05,19405.94921875,19421.599609375,19339.599609375,19398.5,224400
NIFTY_50,^NSEI,2023-07-06,19385.69921875,19512.19921875,19373.0,19497.30078125,268300
NIFTY_50,^NSEI,2023-07-07,19422.80078125,19523.599609375,19303.599609375,19331.80078125,237100
NIFTY_50,^NSEI,2023-07-10,19400.349609375,19435.849609375,19327.099609375,19355.900390625,268200
NIFTY_50,^NSEI,2023-07-11,19427.099609375,19515.099609375,19406.44921875,19439.400390625,251300
NIFTY_50,^NSEI,2023-07-12,19497.44921875,19507.69921875,19361.75,19384.30078125,327900
NIFTY_50,^NSEI,2023-07-13,19495.19921875,19567.0,19385.80078125,19413.75,310400
NIFTY_50,^NSEI,2023-07-14,19493.44921875,19595.349609375,19433.5,19564.5,291200
NIFTY_50,^NSEI,2023-07-17,19612.150390625,19731.849609375,19562.94921875,19711.44921875,268700
NIFTY_50,^NSEI,2023-07-18,19787.5,19819.44921875,19690.19921875,19749.25,286400
NIFTY_50,^NSEI,2023-07-19,19802.94921875,19851.69921875,19727.44921875,19833.150390625,259700
NIFTY_50,^NSEI,2023-07-20,19831.69921875,19991.849609375,19758.400390625,19979.150390625,274700
NIFTY_50,^NSEI,2023-07-21,19800.44921875,19887.400390625,19700.0,19745.0,312500
NIFTY_50,^NSEI,2023-07-24,19748.44921875,19782.75,19658.30078125,19672.349609375,265600
NIFTY_50,^NSEI,2023-07-25,19729.349609375,19729.349609375,19615.94921875,19680.599609375,369700
NIFTY_50,^NSEI,2023-07-26,19733.349609375,19825.599609375,19716.69921875,19778.30078125,244700
NIFTY_50,^NSEI,2023-07-27,19850.900390625,19867.55078125,19603.55078125,19659.900390625,334900
NIFTY_50,^NSEI,2023-07-28,19659.75,19695.900390625,19563.099609375,19646.05078125,258700
NIFTY_50,^NSEI,2023-07-31,19666.349609375,19772.75,19597.599609375,19753.80078125,295100
NIFTY_50,^NSEI,2023-08-01,19784.0,19795.599609375,19704.599609375,19733.55078125,298000
NIFTY_50,^NSEI,2023-08-02,19655.400390625,19678.25,19423.55078125,19526.55078125,290700
NIFTY_50,^NSEI,2023-08-03,19463.75,19537.650390625,19296.44921875,19381.650390625,315700
NIFTY_50,^NSEI,2023-08-04,19462.80078125,19538.849609375,19436.44921875,19517.0,280800
NIFTY_50,^NSEI,2023-08-07,19576.849609375,19620.44921875,19524.80078125,19597.30078125,216600
NIFTY_50,^NSEI,2023-08-08,19627.19921875,19634.400390625,19533.099609375,19570.849609375,260300
NIFTY_50,^NSEI,2023-08-09,19578.80078125,19645.5,19467.5,19632.55078125,266500
NIFTY_50,^NSEI,2023-08-10,19605.55078125,19623.599609375,19495.400390625,19543.099609375,312200
NIFTY_50,^NSEI,2023-08-11,19554.25,19557.75,19412.75,19428.30078125,235500
NIFTY_50,^NSEI,2023-08-14,19383.94921875,19465.849609375,19257.900390625,19434.55078125,243900
NIFTY_50,^NSEI,2023-08-16,19369.0,19482.75,19317.19921875,19465.0,0
NIFTY_50,^NSEI,2023-08-17,19450.55078125,19461.55078125,19326.25,19365.25,268700
NIFTY_50,^NSEI,2023-08-18,19301.75,19373.80078125,19253.599609375,19310.150390625,256100
NIFTY_50,^NSEI,2023-08-21,19320.650390625,19425.94921875,19296.30078125,19393.599609375,262600
NIFTY_50,^NSEI,2023-08-22,19417.099609375,19443.5,19381.30078125,19396.44921875,208700
NIFTY_50,^NSEI,2023-08-23,19439.19921875,19472.05078125,19366.599609375,19444.0,225200
NIFTY_50,^NSEI,2023-08-24,19535.150390625,19584.44921875,19369.0,19386.69921875,268300
NIFTY_50,^NSEI,2023-08-25,19297.400390625,19339.55078125,19229.69921875,19265.80078125,466500
NIFTY_50,^NSEI,2023-08-28,19298.349609375,19366.849609375,19249.69921875,19306.05078125,248200
NIFTY_50,^NSEI,2023-08-29,19374.849609375,19377.900390625,19309.099609375,19342.650390625,307400
NIFTY_50,^NSEI,2023-08-30,19433.44921875,19452.80078125,19334.75,19347.44921875,233000
NIFTY_50,^NSEI,2023-08-31,19375.55078125,19388.19921875,19223.650390625,19253.80078125,562600
NIFTY_50,^NSEI,2023-09-01,19258.150390625,19458.55078125,19255.69921875,19435.30078125,333000
NIFTY_50,^NSEI,2023-09-04,19525.05078125,19545.150390625,19432.849609375,19528.80078125,296800
NIFTY_50,^NSEI,2023-09-05,19564.650390625,19587.05078125,19525.75,19574.900390625,256800
NIFTY_50,^NSEI,2023-09-06,19581.19921875,19636.44921875,19491.5,19611.05078125,287600
NIFTY_50,^NSEI,2023-09-07,19598.650390625,19737.0,19550.05078125,19727.05078125,304900
NIFTY_50,^NSEI,2023-09-08,19774.80078125,19867.150390625,19727.05078125,19819.94921875,288100
NIFTY_50,^NSEI,2023-09-11,19890.0,20008.150390625,19865.349609375,19996.349609375,248800
NIFTY_50,^NSEI,2023-09-12,20110.150390625,20110.349609375,19914.650390625,19993.19921875,328100
NIFTY_50,^NSEI,2023-09-13,19989.5,20096.900390625,19944.099609375,20070.0,251400
NIFTY_50,^NSEI,2023-09-14,20127.94921875,20167.650390625,20043.44921875,20103.099609375,275100
NIFTY_50,^NSEI,2023-09-15,20156.44921875,20222.44921875,20129.69921875,20192.349609375,438200
NIFTY_50,^NSEI,2023-09-18,20155.94921875,20195.349609375,20115.69921875,20133.30078125,264900
NIFTY_50,^NSEI,2023-09-20,19980.75,20050.650390625,19878.849609375,19901.400390625,378100
NIFTY_50,^NSEI,2023-09-21,19840.55078125,19848.75,19709.94921875,19742.349609375,275100
NIFTY_50,^NSEI,2023-09-22,19744.849609375,19798.650390625,19657.5,19674.25,246400
NIFTY_50,^NSEI,2023-09-25,19678.19921875,19734.150390625,19601.55078125,19674.55078125,188400
NIFTY_50,^NSEI,2023-09-26,19682.80078125,19699.349609375,19637.44921875,19664.69921875,204900
NIFTY_50,^NSEI,2023-09-27,19637.05078125,19730.69921875,19554.0,19716.44921875,203600
NIFTY_50,^NSEI,2023-09-28,19761.80078125,19766.650390625,19492.099609375,19523.55078125,352800
NIFTY_50,^NSEI,2023-09-29,19581.19921875,19726.25,19551.05078125,19638.30078125,243500
NIFTY_50,^NSEI,2023-10-03,19622.400390625,19623.19921875,19479.650390625,19528.75,221700
NIFTY_50,^NSEI,2023-10-04,19446.30078125,19457.80078125,19333.599609375,19436.099609375,277100
NIFTY_50,^NSEI,2023-10-05,19521.849609375,19576.94921875,19487.30078125,19545.75,234900
NIFTY_50,^NSEI,2023-10-06,19621.19921875,19675.75,19589.400390625,19653.5,159100
NIFTY_50,^NSEI,2023-10-09,19539.44921875,19588.94921875,19480.5,19512.349609375,165100
NIFTY_50,^NSEI,2023-10-10,19565.599609375,19717.80078125,19565.44921875,19689.849609375,216600
NIFTY_50,^NSEI,2023-10-11,19767.0,19839.19921875,19756.94921875,19811.349609375,213700
NIFTY_50,^NSEI,2023-10-12,19822.69921875,19843.30078125,19772.650390625,19794.0,217900
NIFTY_50,^NSEI,2023-10-13,19654.55078125,19805.400390625,19635.30078125,19751.05078125,255000
NIFTY_50,^NSEI,2023-10-16,19737.25,19781.30078125,19691.849609375,19731.75,181000
NIFTY_50,^NSEI,2023-10-17,19843.19921875,19849.75,19775.650390625,19811.5,185800
NIFTY_50,^NSEI,2023-10-18,19820.44921875,19840.94921875,19659.94921875,19671.099609375,198900
NIFTY_50,^NSEI,2023-10-19,19545.19921875,19681.80078125,19512.349609375,19624.69921875,230300
NIFTY_50,^NSEI,2023-10-20,19542.150390625,19593.80078125,19518.69921875,19542.650390625,198300
NIFTY_50,^NSEI,2023-10-23,19521.599609375,19556.849609375,19257.849609375,19281.75,176000
NIFTY_50,^NSEI,2023-10-25,19286.44921875,19347.30078125,19074.150390625,19122.150390625,225300
NIFTY_50,^NSEI,2023-10-26,19027.25,19041.69921875,18837.849609375,18857.25,300400
NIFTY_50,^NSEI,2023-10-27,18928.75,19076.150390625,18926.650390625,19047.25,205200
NIFTY_50,^NSEI,2023-10-30,19053.400390625,19158.5,18940.0,19140.900390625,180100
NIFTY_50,^NSEI,2023-10-31,19232.94921875,19233.69921875,19056.44921875,19079.599609375,206000
NIFTY_50,^NSEI,2023-11-01,19064.05078125,19096.05078125,18973.69921875,18989.150390625,194100
NIFTY_50,^NSEI,2023-11-02,19120.0,19175.25,19064.150390625,19133.25,245600
NIFTY_50,^NSEI,2023-11-03,19241.0,19276.25,19210.900390625,19230.599609375,189500
NIFTY_50,^NSEI,2023-11-06,19345.849609375,19423.0,19309.69921875,19411.75,180700
NIFTY_50,^NSEI,2023-11-07,19404.05078125,19423.5,19329.099609375,19406.69921875,198700
NIFTY_50,^NSEI,2023-11-08,19449.599609375,19464.400390625,19401.5,19443.5,195000
NIFTY_50,^NSEI,2023-11-09,19457.400390625,19463.900390625,19378.349609375,19395.30078125,208400
NIFTY_50,^NSEI,2023-11-10,19351.849609375,19451.30078125,19329.44921875,19425.349609375,152200
NIFTY_50,^NSEI,2023-11-13,19486.75,19494.400390625,19414.75,19443.55078125,189300
NIFTY_50,^NSEI,2023-11-15,19651.400390625,19693.19921875,19579.650390625,19675.44921875,291500
NIFTY_50,^NSEI,2023-11-16,19674.69921875,19875.25,19627.0,19765.19921875,282700
NIFTY_50,^NSEI,2023-11-17,19674.75,19806.0,19667.44921875,19731.80078125,236800
NIFTY_50,^NSEI,2023-11-20,19731.150390625,19756.44921875,19670.5,19694.0,173800
NIFTY_50,^NSEI,2023-11-21,19770.900390625,19829.099609375,19754.05078125,19783.400390625,195000
NIFTY_50,^NSEI,2023-11-22,19784.0,19825.55078125,19703.849609375,19811.849609375,184500
NIFTY_50,^NSEI,2023-11-23,19828.44921875,19875.150390625,19786.75,19802.0,170000
NIFTY_50,^NSEI,2023-11-24,19809.599609375,19832.849609375,19768.849609375,19794.69921875,145900
NIFTY_50,^NSEI,2023-11-28,19844.650390625,19916.849609375,19800.0,19889.69921875,229600
NIFTY_50,^NSEI,2023-11-29,19976.55078125,20104.650390625,19956.30078125,20096.599609375,236200
NIFTY_50,^NSEI,2023-11-30,20108.5,20158.69921875,20015.849609375,20133.150390625,486600
NIFTY_50,^NSEI,2023-12-01,20194.099609375,20291.55078125,20183.69921875,20267.900390625,265800
NIFTY_50,^NSEI,2023-12-04,20601.94921875,20702.650390625,20507.75,20686.80078125,381100
NIFTY_50,^NSEI,2023-12-05,20808.900390625,20864.05078125,20711.150390625,20855.099609375,421000
NIFTY_50,^NSEI,2023-12-06,20950.75,20961.94921875,20852.150390625,20937.69921875,359200
NIFTY_50,^NSEI,2023-12-07,20932.400390625,20941.25,20850.80078125,20901.150390625,275000
NIFTY_50,^NSEI,2023-12-08,20934.099609375,21006.099609375,20862.69921875,20969.400390625,292400
NIFTY_50,^NSEI,2023-12-11,20965.30078125,21026.099609375,20923.69921875,20997.099609375,212900
NIFTY_50,^NSEI,2023-12-12,21018.55078125,21037.900390625,20867.150390625,20906.400390625,244900
NIFTY_50,^NSEI,2023-12-13,20929.75,20950.0,20769.5,20926.349609375,260300
NIFTY_50,^NSEI,2023-12-14,21110.400390625,21210.900390625,21074.44921875,21182.69921875,334400
NIFTY_50,^NSEI,2023-12-15,21287.44921875,21492.30078125,21235.30078125,21456.650390625,508800
NIFTY_50,^NSEI,2023-12-18,21434.80078125,21482.80078125,21365.349609375,21418.650390625,249700
NIFTY_50,^NSEI,2023-12-19,21477.650390625,21505.05078125,21337.75,21453.099609375,249800
NIFTY_50,^NSEI,2023-12-20,21543.5,21593.0,21087.349609375,21150.150390625,363900
NIFTY_50,^NSEI,2023-12-21,21033.94921875,21288.349609375,20976.80078125,21255.05078125,277500
NIFTY_50,^NSEI,2023-12-22,21295.849609375,21390.5,21232.44921875,21349.400390625,284700
NIFTY_50,^NSEI,2023-12-26,21365.19921875,21477.150390625,21329.44921875,21441.349609375,219500
NIFTY_50,^NSEI,2023-12-27,21497.650390625,21675.75,21495.80078125,21654.75,256500
NIFTY_50,^NSEI,2023-12-28,21715.0,21801.44921875,21678.0,21778.69921875,393100
NIFTY_50,^NSEI,2023-12-29,21737.650390625,21770.30078125,21676.900390625,21731.400390625,270900
NIFTY_50,^NSEI,2024-01-01,21727.75,21834.349609375,21680.849609375,21741.900390625,154000
NIFTY_50,^NSEI,2024-01-02,21751.349609375,21755.599609375,21555.650390625,21665.80078125,263700
NIFTY_50,^NSEI,2024-01-03,21661.099609375,21677.0,21500.349609375,21517.349609375,311900
NIFTY_50,^NSEI,2024-01-04,21605.80078125,21685.650390625,21564.55078125,21658.599609375,339200
NIFTY_50,^NSEI,2024-01-05,21705.75,21749.599609375,21629.19921875,21710.80078125,309300
NIFTY_50,^NSEI,2024-01-08,21747.599609375,21763.94921875,21492.900390625,21513.0,231500
NIFTY_50,^NSEI,2024-01-09,21653.599609375,21724.44921875,21517.849609375,21544.849609375,228600
NIFTY_50,^NSEI,2024-01-10,21529.30078125,21641.849609375,21448.650390625,21618.69921875,217000
NIFTY_50,^NSEI,2024-01-11,21688.0,21726.5,21593.75,21647.19921875,212500
NIFTY_50,^NSEI,2024-01-12,21773.55078125,21928.25,21715.150390625,21894.55078125,294700
NIFTY_50,^NSEI,2024-01-15,22053.150390625,22115.55078125,21963.55078125,22097.44921875,345500
NIFTY_50,^NSEI,2024-01-16,22080.5,22124.150390625,21969.80078125,22032.30078125,292400
NIFTY_50,^NSEI,2024-01-17,21647.25,21851.5,21550.44921875,21571.94921875,456000
NIFTY_50,^NSEI,2024-01-18,21414.19921875,21539.400390625,21285.55078125,21462.25,387300
NIFTY_50,^NSEI,2024-01-19,21615.19921875,21670.599609375,21575.0,21622.400390625,343100
NIFTY_50,^NSEI,2024-01-23,21716.69921875,21750.25,21192.599609375,21238.80078125,449700
NIFTY_50,^NSEI,2024-01-24,21185.25,21482.349609375,21137.19921875,21453.94921875,407500
NIFTY_50,^NSEI,2024-01-25,21454.599609375,21459.0,21247.05078125,21352.599609375,418100
NIFTY_50,^NSEI,2024-01-29,21433.099609375,21763.25,21429.599609375,21737.599609375,376700
NIFTY_50,^NSEI,2024-01-30,21775.75,21813.05078125,21501.80078125,21522.099609375,375100
NIFTY_50,^NSEI,2024-01-31,21487.25,21741.349609375,21448.849609375,21725.69921875,410600
NIFTY_50,^NSEI,2024-02-01,21780.650390625,21832.94921875,21658.75,21697.44921875,332500
NIFTY_50,^NSEI,2024-02-02,21812.75,22126.80078125,21805.55078125,21853.80078125,442800
NIFTY_50,^NSEI,2024-02-05,21921.05078125,21964.30078125,21726.94921875,21771.69921875,440800
NIFTY_50,^NSEI,2024-02-06,21825.19921875,21951.400390625,21737.55078125,21929.400390625,371000
NIFTY_50,^NSEI,2024-02-07,22045.05078125,22053.30078125,21860.150390625,21930.5,346300
NIFTY_50,^NSEI,2024-02-08,22009.650390625,22011.05078125,21665.30078125,21717.94921875,491100
NIFTY_50,^NSEI,2024-02-09,21727.0,21804.44921875,21629.900390625,21782.5,349200
NIFTY_50,^NSEI,2024-02-12,21800.80078125,21831.69921875,21574.75,21616.05078125,287400
NIFTY_50,^NSEI,2024-02-13,21664.30078125,21766.80078125,21543.349609375,21743.25,365800
NIFTY_50,^NSEI,2024-02-14,21578.150390625,21870.849609375,21530.19921875,21840.05078125,359100
NIFTY_50,^NSEI,2024-02-15,21906.55078125,21953.849609375,21794.80078125,21910.75,345400
NIFTY_50,^NSEI,2024-02-16,22020.30078125,22068.650390625,21968.94921875,22040.69921875,343900
NIFTY_50,^NSEI,2024-02-19,22103.44921875,22186.650390625,22021.05078125,22122.25,0
NIFTY_50,^NSEI,2024-02-20,22099.19921875,22215.599609375,22045.849609375,22196.94921875,295700
NIFTY_50,^NSEI,2024-02-21,22248.849609375,22249.400390625,21997.94921875,22055.05078125,364500
NIFTY_50,^NSEI,2024-02-22,22081.55078125,22252.5,21875.25,22217.44921875,343500
NIFTY_50,^NSEI,2024-02-23,22290.0,22297.5,22186.099609375,22212.69921875,226000
NIFTY_50,^NSEI,2024-02-26,22169.19921875,22202.150390625,22075.150390625,22122.05078125,207800
NIFTY_50,^NSEI,2024-02-27,22090.19921875,22218.25,22085.650390625,22198.349609375,252200
NIFTY_50,^NSEI,2024-02-28,22214.099609375,22229.150390625,21915.849609375,21951.150390625,203000
NIFTY_50,^NSEI,2024-02-29,21935.19921875,22060.55078125,21860.650390625,21982.80078125,360200
NIFTY_50,^NSEI,2024-03-01,22048.30078125,22353.30078125,22047.75,22338.75,351500
NIFTY_50,^NSEI,2024-03-04,22403.5,22440.900390625,22358.30078125,22405.599609375,298800
NIFTY_50,^NSEI,2024-03-05,22371.25,22416.900390625,22269.150390625,22356.30078125,296200
NIFTY_50,^NSEI,2024-03-06,22327.5,22497.19921875,22224.349609375,22474.05078125,312300
NIFTY_50,^NSEI,2024-03-07,22505.30078125,22525.650390625,22430.0,22493.55078125,379900
NIFTY_50,^NSEI,2024-03-11,22517.5,22526.599609375,22307.25,22332.650390625,277900
NIFTY_50,^NSEI,2024-03-12,22334.44921875,22452.55078125,22256.0,22335.69921875,299200
NIFTY_50,^NSEI,2024-03-13,22432.19921875,22446.75,21905.650390625,21997.69921875,493300
NIFTY_50,^NSEI,2024-03-14,21982.55078125,22204.599609375,21917.5,22146.650390625,426700
NIFTY_50,^NSEI,2024-03-15,22064.849609375,22120.900390625,21931.69921875,22023.349609375,661500
NIFTY_50,^NSEI,2024-03-18,21990.099609375,22123.69921875,21916.55078125,22055.69921875,356300
NIFTY_50,^NSEI,2024-03-19,21946.44921875,21978.30078125,21793.099609375,21817.44921875,344200
NIFTY_50,^NSEI,2024-03-20,21843.900390625,21930.900390625,21710.19921875,21839.099609375,312400
NIFTY_50,^NSEI,2024-03-21,21989.900390625,22080.94921875,21941.30078125,22011.94921875,353200
NIFTY_50,^NSEI,2024-03-22,21932.19921875,22180.69921875,21883.30078125,22096.75,388700
NIFTY_50,^NSEI,2024-03-26,21947.900390625,22073.19921875,21947.55078125,22004.69921875,328400
NIFTY_50,^NSEI,2024-03-27,22053.94921875,22193.599609375,22052.849609375,22123.650390625,409100
NIFTY_50,^NSEI,2024-03-28,22163.599609375,22516.0,22163.599609375,22326.900390625,410500
NIFTY_50,^NSEI,2024-04-01,22455.0,22529.94921875,22427.75,22462.0,0
NIFTY_50,^NSEI,2024-04-02,22458.80078125,22497.599609375,22388.150390625,22453.30078125,289500
NIFTY_50,^NSEI,2024-04-03,22385.69921875,22521.099609375,22346.5,22434.650390625,309600
NIFTY_50,^NSEI,2024-04-04,22592.099609375,22619.0,22303.80078125,22514.650390625,401000
NIFTY_50,^NSEI,2024-04-05,22486.400390625,22537.599609375,22427.599609375,22513.69921875,242200
NIFTY_50,^NSEI,2024-04-08,22578.349609375,22697.30078125,22550.349609375,22666.30078125,227600
NIFTY_50,^NSEI,2024-04-09,22765.099609375,22768.400390625,22612.25,22642.75,232400
NIFTY_50,^NSEI,2024-04-10,22720.25,22775.69921875,22673.69921875,22753.80078125,276800
NIFTY_50,^NSEI,2024-04-12,22677.400390625,22726.44921875,22503.75,22519.400390625,357200
NIFTY_50,^NSEI,2024-04-15,22339.05078125,22427.44921875,22259.55078125,22272.5,355500
NIFTY_50,^NSEI,2024-04-16,22125.30078125,22213.75,22079.44921875,22147.900390625,317300
NIFTY_50,^NSEI,2024-04-18,22212.349609375,22326.5,21961.69921875,21995.849609375,456900
NIFTY_50,^NSEI,2024-04-19,21861.5,22179.55078125,21777.650390625,22147.0,362500
NIFTY_50,^NSEI,2024-04-22,22336.900390625,22375.650390625,22198.150390625,22336.400390625,279300
NIFTY_50,^NSEI,2024-04-23,22447.05078125,22447.55078125,22349.44921875,22368.0,231500
NIFTY_50,^NSEI,2024-04-24,22421.55078125,22476.44921875,22384.0,22402.400390625,235900
NIFTY_50,^NSEI,2024-04-25,22316.900390625,22625.94921875,22305.25,22570.349609375,475000
NIFTY_50,^NSEI,2024-04-26,22620.400390625,22620.400390625,22385.55078125,22419.94921875,329900
NIFTY_50,^NSEI,2024-04-29,22475.55078125,22655.80078125,22441.900390625,22643.400390625,292000
NIFTY_50,^NSEI,2024-04-30,22679.650390625,22783.349609375,22568.400390625,22604.849609375,361900
NIFTY_50,^NSEI,2024-05-02,22567.849609375,22710.5,22567.849609375,22648.19921875,445900
NIFTY_50,^NSEI,2024-05-03,22766.349609375,22794.69921875,22348.05078125,22475.849609375,438100
NIFTY_50,^NSEI,2024-05-06,22561.599609375,22588.80078125,22409.44921875,22442.69921875,320300
NIFTY_50,^NSEI,2024-05-07,22489.75,22499.05078125,22232.05078125,22302.5,297800
NIFTY_50,^NSEI,2024-05-08,22231.19921875,22368.650390625,22185.19921875,22302.5,277400
NIFTY_50,^NSEI,2024-05-09,22224.80078125,22307.75,21932.400390625,21957.5,331300
NIFTY_50,^NSEI,2024-05-10,21990.94921875,22131.30078125,21950.30078125,22055.19921875,265800
NIFTY_50,^NSEI,2024-05-13,22027.94921875,22131.650390625,21821.05078125,22104.05078125,278200
NIFTY_50,^NSEI,2024-05-14,22112.900390625,22270.05078125,22081.25,22217.849609375,230200
NIFTY_50,^NSEI,2024-05-15,22255.599609375,22297.55078125,22151.75,22200.55078125,231900
NIFTY_50,^NSEI,2024-05-16,22319.19921875,22432.25,22054.55078125,22403.849609375,368900
NIFTY_50,^NSEI,2024-05-17,22415.25,22502.150390625,22345.650390625,22466.099609375,242700
NIFTY_50,^NSEI,2024-05-21,22404.55078125,22591.099609375,22404.55078125,22529.05078125,347600
NIFTY_50,^NSEI,2024-05-22,22576.599609375,22629.5,22483.150390625,22597.80078125,290300
NIFTY_50,^NSEI,2024-05-23,22614.099609375,22993.599609375,22577.44921875,22967.650390625,369800
NIFTY_50,^NSEI,2024-05-24,22930.75,23026.400390625,22908.0,22957.099609375,261900
NIFTY_50,^NSEI,2024-05-27,23038.94921875,23110.80078125,22871.19921875,22932.44921875,260000
NIFTY_50,^NSEI,2024-05-28,22977.150390625,22998.55078125,22858.5,22888.150390625,217900
NIFTY_50,^NSEI,2024-05-29,22762.75,22825.5,22685.44921875,22704.69921875,269900
NIFTY_50,^NSEI,2024-05-30,22617.44921875,22705.75,22417.0,22488.650390625,373400
NIFTY_50,^NSEI,2024-05-31,22568.099609375,22653.75,22465.099609375,22530.69921875,572100
NIFTY_50,^NSEI,2024-06-03,23337.900390625,23338.69921875,23062.30078125,23263.900390625,569400
NIFTY_50,^NSEI,2024-06-04,23179.5,23179.5,21281.44921875,21884.5,1006100
NIFTY_50,^NSEI,2024-06-05,22128.349609375,22670.400390625,21791.94921875,22620.349609375,638500
NIFTY_50,^NSEI,2024-06-06,22798.599609375,22910.150390625,22642.599609375,22821.400390625,480400
NIFTY_50,^NSEI,2024-06-07,22821.849609375,23320.19921875,22789.05078125,23290.150390625,473600
NIFTY_50,^NSEI,2024-06-10,23319.150390625,23411.900390625,23227.150390625,23259.19921875,304400
NIFTY_50,^NSEI,2024-06-11,23283.75,23389.44921875,23206.650390625,23264.849609375,305200
NIFTY_50,^NSEI,2024-06-12,23344.44921875,23441.94921875,23295.94921875,23322.94921875,295600
NIFTY_50,^NSEI,2024-06-13,23480.94921875,23481.05078125,23353.900390625,23398.900390625,268300
NIFTY_50,^NSEI,2024-06-14,23464.94921875,23490.400390625,23334.25,23465.599609375,223100
NIFTY_50,^NSEI,2024-06-18,23570.80078125,23579.05078125,23499.69921875,23557.900390625,272200
NIFTY_50,^NSEI,2024-06-19,23629.849609375,23664.0,23412.900390625,23516.0,328800
NIFTY_50,^NSEI,2024-06-20,23586.150390625,23624.0,23442.599609375,23567.0,280300
NIFTY_50,^NSEI,2024-06-21,23661.150390625,23667.099609375,23398.19921875,23501.099609375,609900
NIFTY_50,^NSEI,2024-06-24,23382.30078125,23558.099609375,23350.0,23537.849609375,239400
NIFTY_50,^NSEI,2024-06-25,23577.099609375,23754.150390625,23562.05078125,23721.30078125,298100
NIFTY_50,^NSEI,2024-06-26,23723.099609375,23889.900390625,23670.44921875,23868.80078125,287800
NIFTY_50,^NSEI,2024-06-27,23881.55078125,24087.44921875,23805.400390625,24044.5,515200
NIFTY_50,^NSEI,2024-06-28,24085.900390625,24174.0,23985.80078125,24010.599609375,354800
NIFTY_50,^NSEI,2024-07-01,23992.94921875,24164.0,23992.69921875,24141.94921875,0
NIFTY_50,^NSEI,2024-07-02,24228.75,24236.349609375,24056.400390625,24123.849609375,0
NIFTY_50,^NSEI,2024-07-03,24291.75,24309.150390625,24207.099609375,24286.5,0
NIFTY_50,^NSEI,2024-07-04,24369.94921875,24401.0,24281.0,24302.150390625,251200
NIFTY_50,^NSEI,2024-07-05,24213.349609375,24363.0,24168.849609375,24323.849609375,298400
NIFTY_50,^NSEI,2024-07-08,24329.44921875,24344.599609375,24240.55078125,24320.55078125,266300
NIFTY_50,^NSEI,2024-07-09,24351.0,24443.599609375,24331.900390625,24433.19921875,250500
NIFTY_50,^NSEI,2024-07-10,24459.849609375,24461.05078125,24141.80078125,24324.44921875,292300
NIFTY_50,^NSEI,2024-07-11,24396.55078125,24402.650390625,24193.75,24315.94921875,306400
NIFTY_50,^NSEI,2024-07-12,24387.94921875,24592.19921875,24331.150390625,24502.150390625,325800
NIFTY_50,^NSEI,2024-07-15,24587.599609375,24635.05078125,24522.75,24586.69921875,305400
NIFTY_50,^NSEI,2024-07-16,24615.900390625,24661.25,24587.650390625,24613.0,283200
NIFTY_50,^NSEI,2024-07-18,24543.80078125,24837.75,24504.44921875,24800.849609375,350900
NIFTY_50,^NSEI,2024-07-19,24853.80078125,24854.80078125,24508.150390625,24530.900390625,343800
NIFTY_50,^NSEI,2024-07-22,24445.75,24595.19921875,24362.30078125,24509.25,324200
NIFTY_50,^NSEI,2024-07-23,24568.900390625,24582.55078125,24074.19921875,24479.05078125,436400
NIFTY_50,^NSEI,2024-07-24,24444.94921875,24504.25,24307.25,24413.5,366600
NIFTY_50,^NSEI,2024-07-25,24230.94921875,24426.150390625,24210.80078125,24406.099609375,391800
NIFTY_50,^NSEI,2024-07-26,24423.349609375,24861.150390625,24410.900390625,24834.849609375,383800
NIFTY_50,^NSEI,2024-07-29,24943.30078125,24999.75,24774.599609375,24836.099609375,355000
NIFTY_50,^NSEI,2024-07-30,24839.400390625,24971.75,24798.650390625,24857.30078125,385000
NIFTY_50,^NSEI,2024-07-31,24886.69921875,24984.599609375,24856.5,24951.150390625,333600
NIFTY_50,^NSEI,2024-08-01,25030.94921875,25078.30078125,24956.400390625,25010.900390625,431300
NIFTY_50,^NSEI,2024-08-02,24789.0,24851.900390625,24686.849609375,24717.69921875,345000
NIFTY_50,^NSEI,2024-08-05,24302.849609375,24350.05078125,23893.69921875,24055.599609375,487000
NIFTY_50,^NSEI,2024-08-06,24189.849609375,24382.599609375,23960.400390625,23992.55078125,312300
NIFTY_50,^NSEI,2024-08-07,24289.400390625,24337.69921875,24184.900390625,24297.5,317600
NIFTY_50,^NSEI,2024-08-08,24248.55078125,24340.5,24079.69921875,24117.0,311900
NIFTY_50,^NSEI,2024-08-09,24386.849609375,24419.75,24311.19921875,24367.5,215100
NIFTY_50,^NSEI,2024-08-12,24320.05078125,24472.80078125,24212.099609375,24347.0,279900
NIFTY_50,^NSEI,2024-08-13,24342.349609375,24359.94921875,24116.5,24139.0,239700
NIFTY_50,^NSEI,2024-08-14,24184.400390625,24196.5,24099.69921875,24143.75,303300
NIFTY_50,^NSEI,2024-08-16,24334.849609375,24563.900390625,24204.5,24541.150390625,271600
NIFTY_50,^NSEI,2024-08-19,24636.349609375,24638.80078125,24522.94921875,24572.650390625,243600
NIFTY_50,^NSEI,2024-08-20,24648.900390625,24734.30078125,24607.19921875,24698.849609375,238300
NIFTY_50,^NSEI,2024-08-21,24680.55078125,24787.94921875,24654.5,24770.19921875,257100
NIFTY_50,^NSEI,2024-08-22,24863.400390625,24867.349609375,24784.44921875,24811.5,220300
NIFTY_50,^NSEI,2024-08-23,24845.400390625,24858.400390625,24771.650390625,24823.150390625,206800
NIFTY_50,^NSEI,2024-08-26,24906.099609375,25043.80078125,24874.69921875,25010.599609375,210300
NIFTY_50,^NSEI,2024-08-27,25024.80078125,25073.099609375,24973.650390625,25017.75,223300
NIFTY_50,^NSEI,2024-08-28,25030.80078125,25129.599609375,24964.650390625,25052.349609375,220400
NIFTY_50,^NSEI,2024-08-29,25035.30078125,25192.900390625,24998.5,25151.94921875,354000
NIFTY_50,^NSEI,2024-08-30,25249.69921875,25268.349609375,25199.400390625,25235.900390625,638200
NIFTY_50,^NSEI,2024-09-02,25333.599609375,25333.650390625,25235.5,25278.69921875,222800
NIFTY_50,^NSEI,2024-09-03,25313.400390625,25321.69921875,25235.80078125,25279.849609375,212100
NIFTY_50,^NSEI,2024-09-04,25089.94921875,25216.0,25083.80078125,25198.69921875,253800
NIFTY_50,^NSEI,2024-09-05,25250.5,25275.44921875,25127.75,25145.099609375,222200
NIFTY_50,^NSEI,2024-09-06,25093.69921875,25168.75,24801.30078125,24852.150390625,311700
NIFTY_50,^NSEI,2024-09-09,24823.400390625,24957.5,24753.150390625,24936.400390625,254400
NIFTY_50,^NSEI,2024-09-10,24999.400390625,25130.5,24896.80078125,25041.099609375,251300
NIFTY_50,^NSEI,2024-09-11,25034.0,25113.69921875,24885.150390625,24918.44921875,279200
NIFTY_50,^NSEI,2024-09-12,25059.650390625,25433.349609375,24941.44921875,25388.900390625,380100
NIFTY_50,^NSEI,2024-09-13,25430.44921875,25430.5,25292.44921875,25356.5,250800
NIFTY_50,^NSEI,2024-09-16,25406.650390625,25445.69921875,25336.19921875,25383.75,168700
NIFTY_50,^NSEI,2024-09-17,25416.900390625,25441.650390625,25352.25,25418.55078125,216000
NIFTY_50,^NSEI,2024-09-18,25402.400390625,25482.19921875,25285.55078125,25377.55078125,215700
NIFTY_50,^NSEI,2024-09-19,25487.05078125,25611.94921875,25376.05078125,25415.80078125,314500
NIFTY_50,^NSEI,2024-09-20,25525.94921875,25849.25,25426.599609375,25790.94921875,533100
NIFTY_50,^NSEI,2024-09-23,25872.55078125,25956.0,25847.349609375,25939.05078125,209200
NIFTY_50,^NSEI,2024-09-24,25921.44921875,26011.55078125,25886.849609375,25940.400390625,384100
NIFTY_50,^NSEI,2024-09-25,25899.44921875,26032.80078125,25871.349609375,26004.150390625,278500
NIFTY_50,^NSEI,2024-09-26,26005.400390625,26250.900390625,25998.400390625,26216.05078125,370900
NIFTY_50,^NSEI,2024-09-27,26248.25,26277.349609375,26151.400390625,26178.94921875,490300
NIFTY_50,^NSEI,2024-09-30,26061.30078125,26134.69921875,25794.099609375,25810.849609375,343100
NIFTY_50,^NSEI,2024-10-01,25788.44921875,25907.599609375,25739.19921875,25796.900390625,247400
NIFTY_50,^NSEI,2024-10-03,25452.849609375,25639.44921875,25230.30078125,25250.099609375,423400
NIFTY_50,^NSEI,2024-10-04,25181.900390625,25485.05078125,24966.80078125,25014.599609375,374900
NIFTY_50,^NSEI,2024-10-07,25084.099609375,25143.0,24694.349609375,24795.75,374300
NIFTY_50,^NSEI,2024-10-08,24832.19921875,25044.0,24756.80078125,25013.150390625,333200
NIFTY_50,^NSEI,2024-10-09,25065.80078125,25234.05078125,24947.69921875,24981.94921875,290600
NIFTY_50,^NSEI,2024-10-10,25067.05078125,25134.05078125,24979.400390625,24998.44921875,261400
NIFTY_50,^NSEI,2024-10-11,24985.30078125,25028.650390625,24920.05078125,24964.25,210500
NIFTY_50,^NSEI,2024-10-14,25023.44921875,25159.75,25017.5,25127.94921875,206400
NIFTY_50,^NSEI,2024-10-15,25186.30078125,25212.05078125,25008.150390625,25057.349609375,257200
NIFTY_50,^NSEI,2024-10-16,25008.55078125,25093.400390625,24908.44921875,24971.30078125,226800
NIFTY_50,^NSEI,2024-10-17,25027.400390625,25029.5,24728.900390625,24749.849609375,252800
NIFTY_50,^NSEI,2024-10-18,24664.94921875,24886.19921875,24567.650390625,24854.05078125,290900
NIFTY_50,^NSEI,2024-10-21,24956.150390625,24978.30078125,24679.599609375,24781.099609375,242000
NIFTY_50,^NSEI,2024-10-22,24798.650390625,24882.0,24445.80078125,24472.099609375,279500
NIFTY_50,^NSEI,2024-10-23,24378.150390625,24604.25,24378.099609375,24435.5,284600
NIFTY_50,^NSEI,2024-10-24,24412.69921875,24480.650390625,24341.19921875,24399.400390625,216700
NIFTY_50,^NSEI,2024-10-25,24418.05078125,24440.25,24073.900390625,24180.80078125,372600
NIFTY_50,^NSEI,2024-10-28,24251.099609375,24492.599609375,24134.900390625,24339.150390625,278600
NIFTY_50,^NSEI,2024-10-29,24328.849609375,24484.5,24140.849609375,24466.849609375,332000
NIFTY_50,^NSEI,2024-10-30,24371.44921875,24498.19921875,24307.30078125,24340.849609375,285200
NIFTY_50,^NSEI,2024-10-31,24349.849609375,24372.44921875,24172.599609375,24205.349609375,287000
NIFTY_50,^NSEI,2024-11-01,24302.75,24368.25,24280.19921875,24304.349609375,38800
NIFTY_50,^NSEI,2024-11-04,24315.75,24316.75,23816.150390625,23995.349609375,285500
NIFTY_50,^NSEI,2024-11-05,23916.5,24229.05078125,23842.75,24213.30078125,289500
NIFTY_50,^NSEI,2024-11-06,24308.75,24537.599609375,24204.05078125,24484.05078125,351100
NIFTY_50,^NSEI,2024-11-07,24489.599609375,24503.349609375,24179.05078125,24199.349609375,322200
NIFTY_50,^NSEI,2024-11-08,24207.69921875,24276.150390625,24066.650390625,24148.19921875,298700
NIFTY_50,^NSEI,2024-11-11,24087.25,24336.80078125,24004.599609375,24141.30078125,273400
NIFTY_50,^NSEI,2024-11-12,24225.80078125,24242.0,23839.150390625,23883.44921875,255800
NIFTY_50,^NSEI,2024-11-13,23822.44921875,23873.599609375,23509.599609375,23559.05078125,304600
NIFTY_50,^NSEI,2024-11-14,23542.150390625,23675.900390625,23484.150390625,23532.69921875,257700
NIFTY_50,^NSEI,2024-11-18,23605.30078125,23606.80078125,23350.400390625,23453.80078125,263300
NIFTY_50,^NSEI,2024-11-19,23529.55078125,23780.650390625,23464.80078125,23518.5,297500
NIFTY_50,^NSEI,2024-11-21,23488.44921875,23507.30078125,23263.150390625,23349.900390625,420300
NIFTY_50,^NSEI,2024-11-22,23411.80078125,23956.099609375,23359.0,23907.25,367600
NIFTY_50,^NSEI,2024-11-25,24253.55078125,24351.55078125,24135.44921875,24221.900390625,687200
NIFTY_50,^NSEI,2024-11-26,24343.30078125,24343.30078125,24125.400390625,24194.5,230700
NIFTY_50,^NSEI,2024-11-27,24204.80078125,24354.55078125,24145.650390625,24274.900390625,295000
NIFTY_50,^NSEI,2024-11-28,24274.150390625,24345.75,23873.349609375,23914.150390625,366700
NIFTY_50,^NSEI,2024-11-29,23927.150390625,24188.44921875,23927.150390625,24131.099609375,282100
NIFTY_50,^NSEI,2024-12-02,24140.849609375,24301.69921875,24008.650390625,24276.05078125,220400
NIFTY_50,^NSEI,2024-12-03,24367.5,24481.349609375,24280.0,24457.150390625,339500
NIFTY_50,^NSEI,2024-12-04,24488.75,24573.19921875,24366.30078125,24467.44921875,348000
NIFTY_50,^NSEI,2024-12-05,24539.150390625,24857.75,24295.55078125,24708.400390625,361500
NIFTY_50,^NSEI,2024-12-06,24729.44921875,24751.05078125,24620.5,24677.80078125,226700
NIFTY_50,^NSEI,2024-12-09,24633.900390625,24705.0,24580.05078125,24619.0,248100
NIFTY_50,^NSEI,2024-12-10,24652.650390625,24677.80078125,24510.650390625,24610.05078125,261000
NIFTY_50,^NSEI,2024-12-11,24620.5,24691.75,24583.849609375,24641.80078125,187300
NIFTY_50,^NSEI,2024-12-12,24604.44921875,24675.25,24527.94921875,24548.69921875,266100
NIFTY_50,^NSEI,2024-12-13,24498.349609375,24792.30078125,24180.80078125,24768.30078125,310100
NIFTY_50,^NSEI,2024-12-16,24753.400390625,24781.25,24601.75,24668.25,187600
NIFTY_50,^NSEI,2024-12-17,24584.80078125,24624.099609375,24303.44921875,24336.0,264900
NIFTY_50,^NSEI,2024-12-18,24297.94921875,24394.44921875,24149.849609375,24198.849609375,235300
NIFTY_50,^NSEI,2024-12-19,23877.150390625,24004.900390625,23870.30078125,23951.69921875,271100
NIFTY_50,^NSEI,2024-12-20,23960.69921875,24065.80078125,23537.349609375,23587.5,442700
NIFTY_50,^NSEI,2024-12-23,23738.19921875,23869.55078125,23647.19921875,23753.44921875,189800
NIFTY_50,^NSEI,2024-12-24,23769.099609375,23867.650390625,23685.150390625,23727.650390625,177700
NIFTY_50,^NSEI,2024-12-26,23775.80078125,23854.5,23653.599609375,23750.19921875,177700
NIFTY_50,^NSEI,2024-12-27,23801.400390625,23938.849609375,23800.599609375,23813.400390625,176800
NIFTY_50,^NSEI,2024-12-30,23796.900390625,23915.349609375,23599.30078125,23644.900390625,364900
NIFTY_50,^NSEI,2024-12-31,23560.599609375,23689.849609375,23460.44921875,23644.80078125,193600
NIFTY_50,^NSEI,2025-01-01,23637.650390625,23822.80078125,23562.80078125,23742.900390625,154900
NIFTY_50,^NSEI,2025-01-02,23783.0,24226.69921875,23751.55078125,24188.650390625,283200
NIFTY_50,^NSEI,2025-01-03,24196.400390625,24196.44921875,23976.0,24004.75,312300
NIFTY_50,^NSEI,2025-01-06,24045.80078125,24089.94921875,23551.900390625,23616.05078125,278100
NIFTY_50,^NSEI,2025-01-07,23679.900390625,23795.19921875,23637.80078125,23707.900390625,262300
NIFTY_50,^NSEI,2025-01-08,23746.650390625,23751.849609375,23496.150390625,23688.94921875,266400
NIFTY_50,^NSEI,2025-01-09,23674.75,23689.5,23503.05078125,23526.5,269200
NIFTY_50,^NSEI,2025-01-10,23551.900390625,23596.599609375,23344.349609375,23431.5,261000
NIFTY_50,^NSEI,2025-01-13,23195.400390625,23340.94921875,23047.25,23085.94921875,316500
NIFTY_50,^NSEI,2025-01-14,23165.900390625,23264.94921875,23134.150390625,23176.05078125,311200
NIFTY_50,^NSEI,2025-01-15,23250.44921875,23293.650390625,23146.44921875,23213.19921875,228000
NIFTY_50,^NSEI,2025-01-16,23377.25,23391.650390625,23272.05078125,23311.80078125,299400
NIFTY_50,^NSEI,2025-01-17,23277.099609375,23292.099609375,23100.349609375,23203.19921875,272900
NIFTY_50,^NSEI,2025-01-20,23290.400390625,23391.099609375,23170.650390625,23344.75,301500
NIFTY_50,^NSEI,2025-01-21,23421.650390625,23426.30078125,22976.849609375,23024.650390625,312900
NIFTY_50,^NSEI,2025-01-22,23099.150390625,23169.55078125,22981.30078125,23155.349609375,276000
NIFTY_50,^NSEI,2025-01-23,23128.30078125,23270.80078125,23090.650390625,23205.349609375,275600
NIFTY_50,^NSEI,2025-01-24,23183.900390625,23347.30078125,23050.0,23092.19921875,264300
NIFTY_50,^NSEI,2025-01-27,22940.150390625,23007.44921875,22786.900390625,22829.150390625,257400
NIFTY_50,^NSEI,2025-01-28,22960.44921875,23137.94921875,22857.650390625,22957.25,361900
NIFTY_50,^NSEI,2025-01-29,23026.75,23183.349609375,22976.5,23163.099609375,226300
NIFTY_50,^NSEI,2025-01-30,23169.5,23322.05078125,23139.19921875,23249.5,361900
NIFTY_50,^NSEI,2025-01-31,23296.75,23546.80078125,23277.400390625,23508.400390625,304900
NIFTY_50,^NSEI,2025-02-01,23528.599609375,23632.44921875,23318.30078125,23482.150390625,281000
NIFTY_50,^NSEI,2025-02-03,23319.349609375,23381.599609375,23222.0,23361.05078125,329700
NIFTY_50,^NSEI,2025-02-04,23509.900390625,23762.75,23423.150390625,23739.25,376700
NIFTY_50,^NSEI,2025-02-05,23801.75,23807.30078125,23680.44921875,23696.30078125,267000
NIFTY_50,^NSEI,2025-02-06,23761.94921875,23773.55078125,23556.25,23603.349609375,307000
NIFTY_50,^NSEI,2025-02-07,23649.5,23694.5,23443.19921875,23559.94921875,368100
NIFTY_50,^NSEI,2025-02-10,23543.80078125,23568.599609375,23316.30078125,23381.599609375,234200
NIFTY_50,^NSEI,2025-02-11,23383.55078125,23390.05078125,22986.650390625,23071.80078125,268000
NIFTY_50,^NSEI,2025-02-12,23050.80078125,23144.69921875,22798.349609375,23045.25,279700
NIFTY_50,^NSEI,2025-02-13,23055.75,23235.5,22992.19921875,23031.400390625,265700
NIFTY_50,^NSEI,2025-02-14,23096.44921875,23133.69921875,22774.849609375,22929.25,254500
NIFTY_50,^NSEI,2025-02-17,22809.900390625,22974.19921875,22725.44921875,22959.5,207400
NIFTY_50,^NSEI,2025-02-18,22963.650390625,22992.5,22801.5,22945.30078125,210600
NIFTY_50,^NSEI,2025-02-19,22847.25,23049.94921875,22814.849609375,22932.900390625,207000
NIFTY_50,^NSEI,2025-02-20,22821.099609375,22923.849609375,22812.75,22913.150390625,240800
NIFTY_50,^NSEI,2025-02-21,22857.19921875,22921.0,22720.30078125,22795.900390625,242800
NIFTY_50,^NSEI,2025-02-24,22609.349609375,22668.05078125,22518.80078125,22553.349609375,214300
NIFTY_50,^NSEI,2025-02-25,22516.44921875,22625.30078125,22513.900390625,22547.55078125,250300
NIFTY_50,^NSEI,2025-02-27,22568.94921875,22613.30078125,22508.400390625,22545.05078125,289200
NIFTY_50,^NSEI,2025-02-28,22433.400390625,22450.349609375,22104.849609375,22124.69921875,551300
NIFTY_50,^NSEI,2025-03-03,22194.55078125,22261.55078125,22004.69921875,22119.30078125,282400
NIFTY_50,^NSEI,2025-03-04,21974.44921875,22105.05078125,21964.599609375,22082.650390625,253300
NIFTY_50,^NSEI,2025-03-05,22073.05078125,22394.900390625,22067.80078125,22337.30078125,305900
NIFTY_50,^NSEI,2025-03-06,22476.349609375,22556.44921875,22245.849609375,22544.69921875,372100
NIFTY_50,^NSEI,2025-03-07,22508.650390625,22633.80078125,22464.75,22552.5,289800
NIFTY_50,^NSEI,2025-03-10,22521.849609375,22676.75,22429.05078125,22460.30078125,293900
NIFTY_50,^NSEI,2025-03-11,22345.94921875,22522.099609375,22314.69921875,22497.900390625,347900
NIFTY_50,^NSEI,2025-03-12,22536.349609375,22577.400390625,22329.55078125,22470.5,369700
NIFTY_50,^NSEI,2025-03-13,22541.5,22558.05078125,22377.349609375,22397.19921875,287500
NIFTY_50,^NSEI,2025-03-17,22353.150390625,22577.0,22353.150390625,22508.75,251100
NIFTY_50,^NSEI,2025-03-18,22662.25,22857.80078125,22599.19921875,22834.30078125,272600
NIFTY_50,^NSEI,2025-03-19,22874.94921875,22940.69921875,22807.94921875,22907.599609375,324000
NIFTY_50,^NSEI,2025-03-20,23036.599609375,23216.69921875,22973.94921875,23190.650390625,313700
NIFTY_50,^NSEI,2025-03-21,23168.25,23402.69921875,23132.80078125,23350.400390625,541000
NIFTY_50,^NSEI,2025-03-24,23515.400390625,23708.75,23433.5,23658.349609375,311900
NIFTY_50,^NSEI,2025-03-25,23751.5,23869.599609375,23601.400390625,23668.650390625,338200
NIFTY_50,^NSEI,2025-03-26,23700.94921875,23736.5,23451.69921875,23486.849609375,278600
NIFTY_50,^NSEI,2025-03-27,23433.94921875,23646.44921875,23412.19921875,23591.94921875,510300
NIFTY_50,^NSEI,2025-03-28,23600.400390625,23649.19921875,23450.19921875,23519.349609375,295400
NIFTY_50,^NSEI,2025-04-01,23341.099609375,23565.150390625,23136.400390625,23165.69921875,314300
NIFTY_50,^NSEI,2025-04-02,23192.599609375,23350.0,23158.44921875,23332.349609375,341000
NIFTY_50,^NSEI,2025-04-03,23150.30078125,23306.5,23145.80078125,23250.099609375,283200
NIFTY_50,^NSEI,2025-04-04,23190.400390625,23214.69921875,22857.44921875,22904.44921875,466800
NIFTY_50,^NSEI,2025-04-07,21758.400390625,22254.0,21743.650390625,22161.599609375,647100
NIFTY_50,^NSEI,2025-04-08,22446.75,22697.19921875,22270.849609375,22535.849609375,468300
NIFTY_50,^NSEI,2025-04-09,22460.30078125,22468.69921875,22353.25,22399.150390625,383800
NIFTY_50,^NSEI,2025-04-11,22695.400390625,22923.900390625,22695.400390625,22828.55078125,402200
NIFTY_50,^NSEI,2025-04-15,23368.349609375,23368.349609375,23207.0,23328.55078125,388300
NIFTY_50,^NSEI,2025-04-16,23344.099609375,23452.19921875,23273.05078125,23437.19921875,348400
NIFTY_50,^NSEI,2025-04-17,23401.849609375,23872.349609375,23298.55078125,23851.650390625,505300
NIFTY_50,^NSEI,2025-04-21,23949.150390625,24189.55078125,23903.650390625,24125.55078125,406100
NIFTY_50,^NSEI,2025-04-22,24185.400390625,24242.599609375,24072.0,24167.25,440900
NIFTY_50,^NSEI,2025-04-23,24357.599609375,24359.30078125,24119.94921875,24328.94921875,415000
NIFTY_50,^NSEI,2025-04-24,24277.900390625,24347.849609375,24216.150390625,24246.69921875,358800
NIFTY_50,^NSEI,2025-04-25,24289.0,24365.44921875,23847.849609375,24039.349609375,387700
NIFTY_50,^NSEI,2025-04-28,24070.25,24355.099609375,24054.05078125,24328.5,320500
NIFTY_50,^NSEI,2025-04-29,24370.69921875,24457.650390625,24290.75,24335.94921875,357600
NIFTY_50,^NSEI,2025-04-30,24342.05078125,24396.150390625,24198.75,24334.19921875,424500
NIFTY_50,^NSEI,2025-05-02,24311.900390625,24589.150390625,24238.5,24346.69921875,421100
NIFTY_50,^NSEI,2025-05-05,24419.5,24526.400390625,24400.650390625,24461.150390625,291500
NIFTY_50,^NSEI,2025-05-06,24500.75,24509.650390625,24331.80078125,24379.599609375,302400
NIFTY_50,^NSEI,2025-05-07,24233.30078125,24449.599609375,24220.0,24414.400390625,330100
NIFTY_50,^NSEI,2025-05-08,24431.5,24447.25,24150.19921875,24273.80078125,411400
NIFTY_50,^NSEI,2025-05-09,23935.75,24164.25,23935.75,24008.0,335600
NIFTY_50,^NSEI,2025-05-12,24420.099609375,24944.80078125,24378.849609375,24924.69921875,368700
NIFTY_50,^NSEI,2025-05-13,24864.05078125,24973.80078125,24547.5,24578.349609375,423000
NIFTY_50,^NSEI,2025-05-14,24613.80078125,24767.55078125,24535.55078125,24666.900390625,345500
NIFTY_50,^NSEI,2025-05-15,24694.44921875,25116.25,24494.44921875,25062.099609375,500800
NIFTY_50,^NSEI,2025-05-16,25064.650390625,25070.0,24953.05078125,25019.80078125,432700
NIFTY_50,^NSEI,2025-05-19,25005.349609375,25062.94921875,24916.650390625,24945.44921875,255300
NIFTY_50,^NSEI,2025-05-20,24996.19921875,25010.349609375,24669.69921875,24683.900390625,414800
NIFTY_50,^NSEI,2025-05-21,24744.25,24946.19921875,24685.349609375,24813.44921875,332700
NIFTY_50,^NSEI,2025-05-22,24733.94921875,24737.5,24462.400390625,24609.69921875,403300
NIFTY_50,^NSEI,2025-05-23,24639.5,24909.05078125,24614.05078125,24853.150390625,270500
NIFTY_50,^NSEI,2025-05-26,24919.349609375,25079.19921875,24900.5,25001.150390625,302800
NIFTY_50,^NSEI,2025-05-27,24956.650390625,25062.900390625,24704.099609375,24826.19921875,525700
NIFTY_50,^NSEI,2025-05-28,24832.5,24864.25,24737.05078125,24752.44921875,684400
NIFTY_50,^NSEI,2025-05-29,24825.099609375,24892.599609375,24677.30078125,24833.599609375,345400
NIFTY_50,^NSEI,2025-05-30,24812.599609375,24863.94921875,24717.400390625,24750.69921875,853900
NIFTY_50,^NSEI,2025-06-02,24669.69921875,24754.400390625,24526.150390625,24716.599609375,311100
NIFTY_50,^NSEI,2025-06-03,24786.30078125,24845.099609375,24502.150390625,24542.5,349300
NIFTY_50,^NSEI,2025-06-04,24560.44921875,24644.25,24530.44921875,24620.19921875,280900
NIFTY_50,^NSEI,2025-06-05,24691.19921875,24899.849609375,24613.099609375,24750.900390625,388400
NIFTY_50,^NSEI,2025-06-06,24748.69921875,25029.5,24671.44921875,25003.05078125,335600
NIFTY_50,^NSEI,2025-06-09,25160.099609375,25160.099609375,25077.150390625,25103.19921875,279200
NIFTY_50,^NSEI,2025-06-10,25196.05078125,25199.30078125,25055.44921875,25104.25,307300
NIFTY_50,^NSEI,2025-06-11,25134.150390625,25222.400390625,25081.30078125,25141.400390625,301200
NIFTY_50,^NSEI,2025-06-12,25164.44921875,25196.19921875,24825.900390625,24888.19921875,328300
NIFTY_50,^NSEI,2025-06-13,24473.0,24754.349609375,24473.0,24718.599609375,318700
NIFTY_50,^NSEI,2025-06-16,24732.349609375,24967.099609375,24703.599609375,24946.5,305800
NIFTY_50,^NSEI,2025-06-17,24977.849609375,24982.05078125,24813.69921875,24853.400390625,242400
NIFTY_50,^NSEI,2025-06-18,24788.349609375,24947.55078125,24750.44921875,24812.05078125,237600
NIFTY_50,^NSEI,2025-06-19,24803.25,24863.099609375,24733.400390625,24793.25,274600
NIFTY_50,^NSEI,2025-06-20,24787.650390625,25136.19921875,24783.650390625,25112.400390625,574700
NIFTY_50,^NSEI,2025-06-23,24939.75,25057.0,24824.849609375,24971.900390625,248500
NIFTY_50,^NSEI,2025-06-24,25179.900390625,25317.69921875,24999.69921875,25044.349609375,450200
NIFTY_50,^NSEI,2025-06-25,25150.349609375,25266.80078125,25125.05078125,25244.75,260600
NIFTY_50,^NSEI,2025-06-26,25268.94921875,25565.30078125,25259.900390625,25549.0,428900
NIFTY_50,^NSEI,2025-06-27,25576.650390625,25654.19921875,25523.55078125,25637.80078125,564000
NIFTY_50,^NSEI,2025-06-30,25661.650390625,25669.349609375,25473.30078125,25517.05078125,271000
NIFTY_50,^NSEI,2025-07-01,25551.349609375,25593.400390625,25501.80078125,25541.80078125,260700
NIFTY_50,^NSEI,2025-07-02,25588.30078125,25608.099609375,25378.75,25453.400390625,309800
NIFTY_50,^NSEI,2025-07-03,25505.099609375,25587.5,25384.349609375,25405.30078125,293400
NIFTY_50,^NSEI,2025-07-04,25428.849609375,25470.25,25331.650390625,25461.0,193500
NIFTY_50,^NSEI,2025-07-07,25450.44921875,25489.80078125,25407.25,25461.30078125,196100
NIFTY_50,^NSEI,2025-07-08,25427.849609375,25548.05078125,25424.150390625,25522.5,210400
NIFTY_50,^NSEI,2025-07-09,25514.599609375,25548.69921875,25424.349609375,25476.099609375,239100
NIFTY_50,^NSEI,2025-07-10,25511.650390625,25524.05078125,25340.44921875,25355.25,219600
NIFTY_50,^NSEI,2025-07-11,25255.5,25322.44921875,25129.0,25149.849609375,250000
NIFTY_50,^NSEI,2025-07-14,25149.5,25151.099609375,25001.94921875,25082.30078125,259500
NIFTY_50,^NSEI,2025-07-15,25089.5,25245.19921875,25088.44921875,25195.80078125,241300
NIFTY_50,^NSEI,2025-07-16,25196.599609375,25255.30078125,25121.05078125,25212.05078125,228800
NIFTY_50,^NSEI,2025-07-17,25230.75,25238.349609375,25101.0,25111.44921875,243400
NIFTY_50,^NSEI,2025-07-18,25108.55078125,25144.599609375,24918.650390625,24968.400390625,317000
NIFTY_50,^NSEI,2025-07-21,24999.0,25111.400390625,24882.30078125,25090.69921875,305200
NIFTY_50,^NSEI,2025-07-22,25166.650390625,25182.0,25035.55078125,25060.900390625,483700
NIFTY_50,^NSEI,2025-07-23,25139.349609375,25233.5,25085.5,25219.900390625,271500
NIFTY_50,^NSEI,2025-07-24,25243.30078125,25246.25,25018.69921875,25062.099609375,338700
NIFTY_50,^NSEI,2025-07-25,25010.349609375,25010.349609375,24806.349609375,24837.0,278100
NIFTY_50,^NSEI,2025-07-28,24782.44921875,24889.19921875,24646.599609375,24680.900390625,262100
NIFTY_50,^NSEI,2025-07-29,24609.650390625,24847.150390625,24598.599609375,24821.099609375,284700
NIFTY_50,^NSEI,2025-07-30,24890.400390625,24902.30078125,24771.94921875,24855.05078125,243900
NIFTY_50,^NSEI,2025-07-31,24642.25,24956.5,24635.0,24768.349609375,346300
NIFTY_50,^NSEI,2025-08-01,24734.900390625,24784.150390625,24535.05078125,24565.349609375,263400
NIFTY_50,^NSEI,2025-08-04,24596.05078125,24736.25,24554.0,24722.75,259300
NIFTY_50,^NSEI,2025-08-05,24720.25,24733.099609375,24590.30078125,24649.55078125,251800
NIFTY_50,^NSEI,2025-08-06,24641.349609375,24671.400390625,24539.19921875,24574.19921875,225100
NIFTY_50,^NSEI,2025-08-07,24464.19921875,24634.19921875,24344.150390625,24596.150390625,616700
NIFTY_50,^NSEI,2025-08-08,24544.25,24585.5,24337.5,24363.30078125,312600
NIFTY_50,^NSEI,2025-08-11,24371.5,24600.849609375,24347.44921875,24585.05078125,241100
NIFTY_50,^NSEI,2025-08-12,24563.349609375,24702.599609375,24465.650390625,24487.400390625,237000
NIFTY_50,^NSEI,2025-08-13,24586.19921875,24664.55078125,24535.25,24619.349609375,236000
NIFTY_50,^NSEI,2025-08-14,24607.25,24673.650390625,24596.900390625,24631.30078125,270200
NIFTY_50,^NSEI,2025-08-18,24938.19921875,25022.0,24852.849609375,24876.94921875,363100
NIFTY_50,^NSEI,2025-08-19,24891.349609375,25012.650390625,24873.94921875,24980.650390625,252300
NIFTY_50,^NSEI,2025-08-20,24965.80078125,25088.69921875,24929.69921875,25050.55078125,287100
NIFTY_50,^NSEI,2025-08-21,25142.0,25153.650390625,25054.900390625,25083.75,226500
NIFTY_50,^NSEI,2025-08-22,25064.150390625,25084.849609375,24859.150390625,24870.099609375,210200
NIFTY_50,^NSEI,2025-08-25,24949.150390625,25021.55078125,24894.349609375,24967.75,213000
NIFTY_50,^NSEI,2025-08-26,24899.5,24919.650390625,24689.599609375,24712.05078125,750500
NIFTY_50,^NSEI,2025-08-28,24695.80078125,24702.650390625,24481.599609375,24500.900390625,326600
NIFTY_50,^NSEI,2025-08-29,24466.69921875,24572.44921875,24404.69921875,24426.849609375,325500
NIFTY_50,^NSEI,2025-09-01,24432.69921875,24635.599609375,24432.69921875,24625.05078125,229300
NIFTY_50,^NSEI,2025-09-02,24653.0,24756.099609375,24522.349609375,24579.599609375,271600
NIFTY_50,^NSEI,2025-09-03,24616.5,24737.05078125,24533.19921875,24715.05078125,340300
NIFTY_50,^NSEI,2025-09-04,24980.75,24980.75,24708.19921875,24734.30078125,314100
NIFTY_50,^NSEI,2025-09-05,24818.849609375,24832.349609375,24621.599609375,24741.0,210100
NIFTY_50,^NSEI,2025-09-08,24802.599609375,24885.5,24751.55078125,24773.150390625,213200
NIFTY_50,^NSEI,2025-09-09,24864.099609375,24891.80078125,24814.0,24868.599609375,226900
NIFTY_50,^NSEI,2025-09-10,24991.0,25035.69921875,24915.05078125,24973.099609375,244100
NIFTY_50,^NSEI,2025-09-11,24945.5,25037.30078125,24940.150390625,25005.5,224600
NIFTY_50,^NSEI,2025-09-12,25074.44921875,25139.44921875,25038.05078125,25114.0,225700
NIFTY_50,^NSEI,2025-09-15,25118.900390625,25138.44921875,25048.75,25069.19921875,185400
NIFTY_50,^NSEI,2025-09-16,25073.599609375,25261.400390625,25070.44921875,25239.099609375,240100
NIFTY_50,^NSEI,2025-09-17,25276.599609375,25346.5,25275.349609375,25330.25,268900
NIFTY_50,^NSEI,2025-09-18,25441.05078125,25448.94921875,25329.75,25423.599609375,272200
NIFTY_50,^NSEI,2025-09-19,25410.19921875,25428.75,25286.30078125,25327.05078125,380400
NIFTY_50,^NSEI,2025-09-22,25238.099609375,25331.69921875,25151.05078125,25202.349609375,254500
NIFTY_50,^NSEI,2025-09-23,25209.0,25261.900390625,25084.650390625,25169.5,299200
NIFTY_50,^NSEI,2025-09-24,25108.75,25149.849609375,25027.44921875,25056.900390625,244400
NIFTY_50,^NSEI,2025-09-25,25034.5,25092.69921875,24878.30078125,24890.849609375,342500
NIFTY_50,^NSEI,2025-09-26,24818.55078125,24868.599609375,24629.44921875,24654.69921875,291500
NIFTY_50,^NSEI,2025-09-29,24728.55078125,24791.30078125,24606.19921875,24634.900390625,394400
NIFTY_50,^NSEI,2025-09-30,24691.94921875,24731.80078125,24587.69921875,24611.099609375,303000
NIFTY_50,^NSEI,2025-10-01,24620.55078125,24867.94921875,24605.94921875,24836.30078125,308900
NIFTY_50,^NSEI,2025-10-03,24759.55078125,24904.80078125,24747.55078125,24894.25,365900
NIFTY_50,^NSEI,2025-10-06,24916.55078125,25095.94921875,24881.650390625,25077.650390625,268800
NIFTY_50,^NSEI,2025-10-07,25085.30078125,25220.900390625,25076.30078125,25108.30078125,288000
NIFTY_50,^NSEI,2025-10-08,25079.75,25192.5,25008.5,25046.150390625,227400
NIFTY_50,^NSEI,2025-10-09,25074.30078125,25199.25,25024.30078125,25181.80078125,286300
NIFTY_50,^NSEI,2025-10-10,25167.650390625,25330.75,25156.849609375,25285.349609375,232900
NIFTY_50,^NSEI,2025-10-13,25177.30078125,25267.30078125,25152.30078125,25227.349609375,234300
NIFTY_50,^NSEI,2025-10-14,25277.55078125,25310.349609375,25060.55078125,25145.5,292100
NIFTY_50,^NSEI,2025-10-15,25181.94921875,25365.150390625,25159.349609375,25323.55078125,289900
NIFTY_50,^NSEI,2025-10-16,25394.900390625,25625.400390625,25376.849609375,25585.30078125,372800
NIFTY_50,^NSEI,2025-10-17,25546.849609375,25781.5,25508.599609375,25709.849609375,422100
NIFTY_50,^NSEI,2025-10-20,25824.599609375,25926.19921875,25788.5,25843.150390625,301100
NIFTY_50,^NSEI,2025-10-21,25901.19921875,25934.349609375,25825.80078125,25868.599609375,42500
NIFTY_50,^NSEI,2025-10-23,26057.19921875,26104.19921875,25862.44921875,25891.400390625,448400
NIFTY_50,^NSEI,2025-10-24,25935.099609375,25944.150390625,25718.19921875,25795.150390625,284900
NIFTY_50,^NSEI,2025-10-27,25843.19921875,26005.94921875,25827.0,25966.05078125,266300
NIFTY_50,^NSEI,2025-10-28,25939.94921875,26041.69921875,25810.05078125,25936.19921875,395200
NIFTY_50,^NSEI,2025-10-29,25982.0,26097.849609375,25960.30078125,26053.900390625,321900
NIFTY_50,^NSEI,2025-10-30,25984.400390625,26032.05078125,25845.25,25877.849609375,257400
NIFTY_50,^NSEI,2025-10-31,25863.80078125,25953.75,25711.19921875,25722.099609375,334400
NIFTY_50,^NSEI,2025-11-03,25696.849609375,25803.099609375,25645.5,25763.349609375,23300
NIFTY_50,^NSEI,2025-11-04,25744.75,25787.400390625,25578.400390625,25597.650390625,305100
NIFTY_50,^NSEI,2025-11-06,25593.349609375,25679.150390625,25491.55078125,25509.69921875,371900
NIFTY_50,^NSEI,2025-11-07,25433.80078125,25551.25,25318.44921875,25492.30078125,305600
NIFTY_50,^NSEI,2025-11-10,25503.5,25653.44921875,25503.5,25574.349609375,243600
NIFTY_50,^NSEI,2025-11-11,25617.0,25715.80078125,25449.25,25694.94921875,297700
NIFTY_50,^NSEI,2025-11-12,25834.30078125,25934.55078125,25781.150390625,25875.80078125,312600
NIFTY_50,^NSEI,2025-11-13,25906.099609375,26010.69921875,25808.400390625,25879.150390625,385200
NIFTY_50,^NSEI,2025-11-14,25767.900390625,25940.19921875,25740.80078125,25910.05078125,518900
NIFTY_50,^NSEI,2025-11-17,25948.19921875,26024.19921875,25906.349609375,26013.44921875,281800
NIFTY_50,^NSEI,2025-11-18,26021.80078125,26029.849609375,25876.5,25910.05078125,280000
NIFTY_50,^NSEI,2025-11-19,25918.099609375,26074.650390625,25856.19921875,26052.650390625,250100
NIFTY_50,^NSEI,2025-11-20,26132.099609375,26246.650390625,26063.19921875,26192.150390625,240400
NIFTY_50,^NSEI,2025-11-21,26109.55078125,26179.19921875,26052.19921875,26068.150390625,235600
NIFTY_50,^NSEI,2025-11-24,26122.80078125,26142.80078125,25912.150390625,25959.5,464700
NIFTY_50,^NSEI,2025-11-25,25998.5,26032.599609375,25857.5,25884.80078125,260500
NIFTY_50,^NSEI,2025-11-26,25842.94921875,26215.150390625,25842.94921875,26205.30078125,275300
NIFTY_50,^NSEI,2025-11-27,26261.25,26310.44921875,26141.900390625,26215.55078125,240300
NIFTY_50,^NSEI,2025-11-28,26237.44921875,26280.75,26172.400390625,26202.94921875,202500
NIFTY_50,^NSEI,2025-12-01,26325.80078125,26325.80078125,26124.19921875,26175.75,213800
NIFTY_50,^NSEI,2025-12-02,26087.94921875,26154.599609375,25997.849609375,26032.19921875,254800
NIFTY_50,^NSEI,2025-12-03,26004.900390625,26066.44921875,25891.0,25986.0,265700
NIFTY_50,^NSEI,2025-12-04,25981.849609375,26098.25,25938.94921875,26033.75,248100
NIFTY_50,^NSEI,2025-12-05,25999.80078125,26202.599609375,25985.349609375,26186.44921875,249300
NIFTY_50,^NSEI,2025-12-08,26159.80078125,26178.69921875,25892.25,25960.55078125,320700
NIFTY_50,^NSEI,2025-12-09,25867.099609375,25923.650390625,25728.0,25839.650390625,276000
NIFTY_50,^NSEI,2025-12-10,25864.05078125,25947.650390625,25734.55078125,25758.0,207900
NIFTY_50,^NSEI,2025-12-11,25771.400390625,25922.80078125,25693.25,25898.55078125,206100
NIFTY_50,^NSEI,2025-12-12,25971.19921875,26057.599609375,25938.44921875,26046.94921875,216300
NIFTY_50,^NSEI,2025-12-15,25930.05078125,26047.150390625,25904.75,26027.30078125,181600
NIFTY_50,^NSEI,2025-12-16,25951.5,25980.75,25834.349609375,25860.099609375,264400
NIFTY_50,^NSEI,2025-12-17,25902.400390625,25929.150390625,25770.349609375,25818.55078125,206500
NIFTY_50,^NSEI,2025-12-18,25764.69921875,25902.349609375,25726.30078125,25815.55078125,197600
NIFTY_50,^NSEI,2025-12-19,25911.5,25993.349609375,25880.44921875,25966.400390625,382900
NIFTY_50,^NSEI,2025-12-22,26055.849609375,26180.69921875,26047.80078125,26172.400390625,253000
NIFTY_50,^NSEI,2025-12-23,26205.19921875,26233.55078125,26119.05078125,26177.150390625,216600
NIFTY_50,^NSEI,2025-12-24,26170.650390625,26236.400390625,26123.0,26142.099609375,188800
NIFTY_50,^NSEI,2025-12-26,26121.25,26144.19921875,26008.599609375,26042.30078125,142200
NIFTY_50,^NSEI,2025-12-29,26063.349609375,26106.80078125,25920.30078125,25942.099609375,234300
NIFTY_50,^NSEI,2025-12-30,25940.900390625,25976.75,25878.0,25938.849609375,396900
NIFTY_50,^NSEI,2025-12-31,25971.05078125,26187.94921875,25969.0,26129.599609375,246300
NIFTY_50,^NSEI,2026-01-01,26173.30078125,26197.55078125,26113.400390625,26146.55078125,425600
NIFTY_50,^NSEI,2026-01-02,26155.099609375,26340.0,26118.400390625,26328.55078125,357500
NIFTY_50,^NSEI,2026-01-05,26333.69921875,26373.19921875,26210.05078125,26250.30078125,338800
NIFTY_50,^NSEI,2026-01-06,26189.69921875,26273.94921875,26124.75,26178.69921875,383000
NIFTY_50,^NSEI,2026-01-07,26143.099609375,26187.150390625,26067.900390625,26140.75,338200
NIFTY_50,^NSEI,2026-01-08,26106.5,26133.19921875,25858.44921875,25876.849609375,328500
NIFTY_50,^NSEI,2026-01-09,25840.400390625,25940.599609375,25623.0,25683.30078125,348800
NIFTY_50,^NSEI,2026-01-12,25669.05078125,25813.150390625,25473.400390625,25790.25,275800
NIFTY_50,^NSEI,2026-01-13,25897.349609375,25899.80078125,25603.30078125,25732.30078125,339500
NIFTY_50,^NSEI,2026-01-14,25648.55078125,25791.75,25603.94921875,25665.599609375,393100
NIFTY_50,^NSEI,2026-01-16,25696.05078125,25873.5,25662.400390625,25694.349609375,434000
NIFTY_50,^NSEI,2026-01-19,25653.099609375,25653.30078125,25494.349609375,25585.5,443100
NIFTY_50,^NSEI,2026-01-20,25580.30078125,25585.0,25171.349609375,25232.5,409800
NIFTY_50,^NSEI,2026-01-21,25141.0,25300.94921875,24919.80078125,25157.5,395600
NIFTY_50,^NSEI,2026-01-22,25344.150390625,25435.75,25168.5,25289.900390625,486400
NIFTY_50,^NSEI,2026-01-23,25344.599609375,25347.94921875,25025.30078125,25048.650390625,393900
NIFTY_50,^NSEI,2026-01-27,25063.349609375,25246.650390625,24932.55078125,25175.400390625,618700
NIFTY_50,^NSEI,2026-01-28,25258.849609375,25372.099609375,25187.650390625,25342.75,574900
NIFTY_50,^NSEI,2026-01-29,25345.0,25458.150390625,25159.80078125,25418.900390625,582400
NIFTY_50,^NSEI,2026-01-30,25247.55078125,25370.69921875,25213.650390625,25320.650390625,508400
NIFTY_50,^NSEI,2026-02-02,24796.5,25108.099609375,24679.400390625,25088.400390625,449200
NIFTY_50,^NSEI,2026-02-03,26308.05078125,26341.19921875,25641.30078125,25727.55078125,637300
NIFTY_50,^NSEI,2026-02-04,25675.05078125,25818.55078125,25563.94921875,25776.0,429800
NIFTY_50,^NSEI,2026-02-05,25755.900390625,25757.650390625,25579.5,25642.80078125,343800
NIFTY_50,^NSEI,2026-02-06,25605.80078125,25703.94921875,25491.900390625,25693.69921875,375500
NIFTY_50,^NSEI,2026-02-09,25888.69921875,25922.25,25780.900390625,25867.30078125,359400
NIFTY_50,^NSEI,2026-02-10,25922.650390625,25989.44921875,25870.44921875,25935.150390625,460900
NIFTY_50,^NSEI,2026-02-11,25997.44921875,26009.400390625,25899.80078125,25953.849609375,331400
NIFTY_50,^NSEI,2026-02-12,25906.69921875,25906.69921875,25752.400390625,25807.19921875,419400
NIFTY_50,^NSEI,2026-02-13,25571.150390625,25630.349609375,25444.30078125,25471.099609375,453500
NIFTY_50,^NSEI,2026-02-16,25423.599609375,25697.0,25372.69921875,25682.75,275800
NIFTY_50,^NSEI,2026-02-17,25637.94921875,25764.400390625,25570.30078125,25725.400390625,344100
NIFTY_50,^NSEI,2026-02-18,25752.650390625,25828.05078125,25645.150390625,25819.349609375,310200
NIFTY_50,^NSEI,2026-02-19,25873.349609375,25885.30078125,25388.75,25454.349609375,298200
NIFTY_50,^NSEI,2026-02-20,25406.55078125,25663.55078125,25379.75,25571.25,296600
NIFTY_50,^NSEI,2026-02-23,25678.400390625,25771.44921875,25609.349609375,25713.0,313700
NIFTY_50,^NSEI,2026-02-24,25641.80078125,25641.80078125,25327.599609375,25424.650390625,439100
NIFTY_50,^NSEI,2026-02-25,25512.599609375,25652.599609375,25428.19921875,25482.5,414200
NIFTY_50,^NSEI,2026-02-26,25556.30078125,25572.94921875,25400.94921875,25496.55078125,405200
NIFTY_50,^NSEI,2026-02-27,25459.849609375,25476.400390625,25141.30078125,25178.650390625,438900
NIFTY_50,^NSEI,2026-03-02,24659.25,24989.349609375,24603.5,24865.69921875,519200
NIFTY_50,^NSEI,2026-03-04,24388.80078125,24602.44921875,24305.400390625,24480.5,599000
NIFTY_50,^NSEI,2026-03-05,24615.94921875,24854.19921875,24529.400390625,24765.900390625,504300
NIFTY_50,^NSEI,2026-03-06,24656.400390625,24700.900390625,24415.75,24450.44921875,433400
NIFTY_50,^NSEI,2026-03-09,23868.05078125,24078.150390625,23697.80078125,24028.05078125,526900
NIFTY_50,^NSEI,2026-03-10,24280.80078125,24303.80078125,24079.94921875,24261.599609375,444300
NIFTY_50,^NSEI,2026-03-11,24231.849609375,24299.0,23834.30078125,23866.849609375,407400
NIFTY_50,^NSEI,2026-03-12,23674.849609375,23833.150390625,23556.30078125,23639.150390625,501000
NIFTY_50,^NSEI,2026-03-13,23462.5,23492.400390625,23112.0,23151.099609375,519800
NIFTY_50,^NSEI,2026-03-16,23116.099609375,23502.0,22955.25,23408.80078125,540300
NIFTY_50,^NSEI,2026-03-17,23493.19921875,23656.80078125,23346.599609375,23581.150390625,458800
NIFTY_50,^NSEI,2026-03-18,23632.900390625,23862.25,23618.44921875,23777.80078125,382900
NIFTY_50,^NSEI,2026-03-19,23197.75,23378.69921875,22930.349609375,23002.150390625,550100
NIFTY_50,^NSEI,2026-03-20,23110.150390625,23345.150390625,23067.599609375,23114.5,663300
NIFTY_50,^NSEI,2026-03-23,22824.349609375,22851.69921875,22471.25,22512.650390625,550300
NIFTY_50,^NSEI,2026-03-24,22878.44921875,23057.30078125,22624.19921875,22912.400390625,538100
NIFTY_50,^NSEI,2026-03-25,23064.400390625,23465.349609375,23063.19921875,23306.44921875,505400
NIFTY_50,^NSEI,2026-03-27,23173.55078125,23186.099609375,22804.55078125,22819.599609375,612600
NIFTY_50,^NSEI,2026-03-30,22549.650390625,22714.099609375,22283.849609375,22331.400390625,698600
NIFTY_50,^NSEI,2026-04-01,22899.0,22941.30078125,22618.599609375,22679.400390625,518000
NIFTY_50,^NSEI,2026-04-02,22383.400390625,22782.30078125,22182.55078125,22713.099609375,495100
NIFTY_50,^NSEI,2026-04-06,22780.30078125,22998.349609375,22542.94921875,22968.25,426400
NIFTY_50,^NSEI,2026-04-07,22838.69921875,23153.849609375,22719.30078125,23123.650390625,477000
NIFTY_50,^NSEI,2026-04-08,23855.150390625,24025.150390625,23828.5,23997.349609375,639300
NIFTY_50,^NSEI,2026-04-09,23909.05078125,23990.75,23682.80078125,23775.099609375,466600
NIFTY_50,^NSEI,2026-04-10,23880.55078125,24074.05078125,23856.349609375,24050.599609375,481300
NIFTY_50,^NSEI,2026-04-13,23589.599609375,23907.400390625,23555.599609375,23842.650390625,488800
NIFTY_50,^NSEI,2026-04-15,24163.80078125,24280.900390625,24145.80078125,24231.30078125,460300
NIFTY_50,^NSEI,2026-04-16,24385.19921875,24400.94921875,24102.80078125,24196.75,508000
NIFTY_50,^NSEI,2026-04-17,24165.900390625,24371.900390625,24096.05078125,24353.55078125,498600
NIFTY_50,^NSEI,2026-04-20,24391.5,24480.650390625,24241.25,24364.849609375,415900
NIFTY_50,^NSEI,2026-04-21,24374.55078125,24601.69921875,24354.900390625,24576.599609375,425800
NIFTY_50,^NSEI,2026-04-22,24470.849609375,24515.94921875,24352.900390625,24378.099609375,440500
NIFTY_50,^NSEI,2026-04-23,24202.349609375,24310.19921875,24134.80078125,24173.05078125,467500
NIFTY_50,^NSEI,2026-04-24,24100.55078125,24206.0,23813.650390625,23897.94921875,438400
NIFTY_50,^NSEI,2026-04-27,23945.44921875,24130.69921875,23936.19921875,24092.69921875,430300
NIFTY_50,^NSEI,2026-04-28,24049.900390625,24181.80078125,23957.05078125,23995.69921875,554100
NIFTY_50,^NSEI,2026-04-29,24096.900390625,24334.69921875,24059.94921875,24177.650390625,531100
NIFTY_50,^NSEI,2026-04-30,23996.94921875,24087.44921875,23796.849609375,23997.55078125,505500
NIFTY_50,^NSEI,2026-05-04,24063.55078125,24290.19921875,24004.75,24119.30078125,419100
NIFTY_50,^NSEI,2026-05-05,24052.599609375,24081.69921875,23882.05078125,24032.80078125,363300
NIFTY_50,^NSEI,2026-05-06,24171.0,24356.5,23997.900390625,24330.94921875,429200
NIFTY_50,^NSEI,2026-05-07,24398.5,24482.099609375,24284.0,24326.650390625,440600
NIFTY_50,^NSEI,2026-05-08,24233.650390625,24253.80078125,24126.650390625,24176.150390625,335900
NIFTY_50,^NSEI,2026-05-11,23970.099609375,23997.44921875,23799.099609375,23815.849609375,390100
NIFTY_50,^NSEI,2026-05-12,23722.599609375,23757.55078125,23348.400390625,23379.55078125,447500
NIFTY_50,^NSEI,2026-05-13,23362.44921875,23582.94921875,23262.55078125,23412.599609375,415400
NIFTY_50,^NSEI,2026-05-14,23530.25,23777.19921875,23426.55078125,23689.599609375,428700
NIFTY_50,^NSEI,2026-05-15,23731.400390625,23839.30078125,23610.30078125,23643.5,408900
NIFTY_50,^NSEI,2026-05-18,23482.19921875,23695.650390625,23317.099609375,23649.94921875,392000
NIFTY_50,^NSEI,2026-05-19,23675.30078125,23782.30078125,23587.19921875,23618.0,442000
NIFTY_50,^NSEI,2026-05-20,23457.25,23690.900390625,23397.30078125,23659.0,344100
NIFTY_50,^NSEI,2026-05-21,23830.05078125,23859.900390625,23596.599609375,23654.69921875,348200
NIFTY_50,^NSEI,2026-05-22,23671.19921875,23835.650390625,23671.0,23719.30078125,336100
NIFTY_50,^NSEI,2026-05-25,23940.25,24054.44921875,23922.849609375,24031.69921875,351200
NIFTY_50,^NSEI,2026-05-26,24004.099609375,24089.80078125,23885.44921875,23913.69921875,387900
NIFTY_50,^NSEI,2026-05-27,23880.349609375,23983.19921875,23858.25,23907.150390625,531600
NIFTY_50,^NSEI,2026-05-29,23902.150390625,24002.80078125,23484.75,23547.75,1198000
NIFTY_50,^NSEI,2026-06-01,23654.5,23733.69921875,23357.94921875,23382.599609375,421700
NIFTY_50,^NSEI,2026-06-02,23229.150390625,23556.94921875,23229.150390625,23483.55078125,511900
NIFTY_50,^NSEI,2026-06-03,23415.94921875,23459.650390625,23151.5,23405.599609375,450100
NIFTY_50,^NSEI,2026-06-04,23282.44921875,23465.30078125,23247.30078125,23416.55078125,412500
NIFTY_50,^NSEI,2026-06-05,23478.94921875,23516.349609375,23282.650390625,23366.69921875,366200
NIFTY_50,^NSEI,2026-06-08,23080.69921875,23267.30078125,23070.150390625,23123.0,375700
NIFTY_50,^NSEI,2026-06-09,23259.05078125,23279.400390625,23104.44921875,23242.099609375,402600
NIFTY_50,^NSEI,2026-06-10,23233.94921875,23425.349609375,23184.599609375,23214.94921875,380000
NIFTY_50,^NSEI,2026-06-11,23104.400390625,23327.44921875,23072.05078125,23161.599609375,363000
NIFTY_50,^NSEI,2026-06-12,23412.55078125,23645.349609375,23313.900390625,23622.900390625,351900
NIFTY_50,^NSEI,2026-06-15,23984.849609375,24011.400390625,23817.80078125,23853.900390625,398900
NIFTY_50,^NSEI,2026-06-16,23923.900390625,24002.599609375,23888.19921875,23989.150390625,327300
NIFTY_50,^NSEI,2026-06-17,24044.5,24108.19921875,23969.69921875,24085.69921875,352700
NIFTY_50,^NSEI,2026-06-18,24073.80078125,24189.25,24036.94921875,24168.0,340000
NIFTY_50,^NSEI,2026-06-19,23991.19921875,24047.19921875,23901.900390625,24013.099609375,447900
NIFTY_MIDCAP_100,MOM100.NS,2021-01-01,22.25,22.25,21.8799991607666,21.950000762939453,33260
NIFTY_MIDCAP_100,MOM100.NS,2021-01-04,23.0,23.0,22.0,22.479999542236328,91795
NIFTY_MIDCAP_100,MOM100.NS,2021-01-05,22.3700008392334,22.899999618530273,22.020000457763672,22.489999771118164,121586
NIFTY_MIDCAP_100,MOM100.NS,2021-01-06,26.0,26.0,22.530000686645508,23.25,1065953
NIFTY_MIDCAP_100,MOM100.NS,2021-01-07,23.1299991607666,23.690000534057617,22.719999313354492,23.1200008392334,263072
NIFTY_MIDCAP_100,MOM100.NS,2021-01-08,23.399999618530273,26.0,23.0,23.1299991607666,148334
NIFTY_MIDCAP_100,MOM100.NS,2021-01-11,23.979999542236328,23.979999542236328,23.0,23.200000762939453,265297
NIFTY_MIDCAP_100,MOM100.NS,2021-01-12,23.290000915527344,23.389999389648438,23.15999984741211,23.260000228881836,132724
NIFTY_MIDCAP_100,MOM100.NS,2021-01-13,23.979999542236328,23.979999542236328,23.100000381469727,23.170000076293945,147404
NIFTY_MIDCAP_100,MOM100.NS,2021-01-14,23.049999237060547,23.290000915527344,22.719999313354492,23.040000915527344,127747
NIFTY_MIDCAP_100,MOM100.NS,2021-01-15,23.290000915527344,23.290000915527344,22.700000762939453,22.719999313354492,158996
NIFTY_MIDCAP_100,MOM100.NS,2021-01-18,22.989999771118164,22.989999771118164,22.3700008392334,22.420000076293945,175561
NIFTY_MIDCAP_100,MOM100.NS,2021-01-19,22.75,23.049999237060547,22.43000030517578,22.899999618530273,165142
NIFTY_MIDCAP_100,MOM100.NS,2021-01-20,23.09000015258789,23.149999618530273,22.899999618530273,23.09000015258789,137933
NIFTY_MIDCAP_100,MOM100.NS,2021-01-21,23.200000762939453,23.299999237060547,23.0,23.06999969482422,112675
NIFTY_MIDCAP_100,MOM100.NS,2021-01-22,23.149999618530273,23.190000534057617,22.75,22.850000381469727,81770
NIFTY_MIDCAP_100,MOM100.NS,2021-01-25,23.25,23.25,22.40999984741211,22.579999923706055,127557
NIFTY_MIDCAP_100,MOM100.NS,2021-01-27,22.579999923706055,22.75,22.049999237060547,22.25,150856
NIFTY_MIDCAP_100,MOM100.NS,2021-01-28,22.149999618530273,22.3700008392334,22.0,22.34000015258789,92742
NIFTY_MIDCAP_100,MOM100.NS,2021-01-29,22.170000076293945,22.549999237060547,22.170000076293945,22.5,47926
NIFTY_MIDCAP_100,MOM100.NS,2021-02-01,22.549999237060547,22.790000915527344,22.299999237060547,22.709999084472656,111502
NIFTY_MIDCAP_100,MOM100.NS,2021-02-02,22.850000381469727,23.200000762939453,22.709999084472656,23.049999237060547,124091
NIFTY_MIDCAP_100,MOM100.NS,2021-02-03,23.0,23.790000915527344,23.0,23.700000762939453,222984
NIFTY_MIDCAP_100,MOM100.NS,2021-02-04,24.479999542236328,24.479999542236328,23.5,23.690000534057617,114606
NIFTY_MIDCAP_100,MOM100.NS,2021-02-05,23.65999984741211,23.889999389648438,23.399999618530273,23.530000686645508,108499
NIFTY_MIDCAP_100,MOM100.NS,2021-02-08,23.559999465942383,23.75,23.559999465942383,23.65999984741211,127711
NIFTY_MIDCAP_100,MOM100.NS,2021-02-09,23.649999618530273,23.899999618530273,23.6299991607666,23.829999923706055,152746
NIFTY_MIDCAP_100,MOM100.NS,2021-02-10,23.8799991607666,23.940000534057617,23.549999237060547,23.850000381469727,78787
NIFTY_MIDCAP_100,MOM100.NS,2021-02-11,23.899999618530273,23.899999618530273,23.709999084472656,23.809999465942383,68580
NIFTY_MIDCAP_100,MOM100.NS,2021-02-12,23.989999771118164,24.100000381469727,23.700000762939453,23.920000076293945,95446
NIFTY_MIDCAP_100,MOM100.NS,2021-02-15,24.200000762939453,24.200000762939453,23.799999237060547,24.06999969482422,105835
NIFTY_MIDCAP_100,MOM100.NS,2021-02-16,24.25,24.489999771118164,24.0,24.389999389648438,215705
NIFTY_MIDCAP_100,MOM100.NS,2021-02-17,26.0,26.0,24.110000610351562,24.5,108294
NIFTY_MIDCAP_100,MOM100.NS,2021-02-18,24.690000534057617,24.850000381469727,24.5,24.700000762939453,67373
NIFTY_MIDCAP_100,MOM100.NS,2021-02-19,25.06999969482422,25.06999969482422,24.200000762939453,24.700000762939453,99768
NIFTY_MIDCAP_100,MOM100.NS,2021-02-22,24.84000015258789,24.84000015258789,24.209999084472656,24.31999969482422,90876
NIFTY_MIDCAP_100,MOM100.NS,2021-02-23,24.06999969482422,24.450000762939453,23.600000381469727,24.31999969482422,75042
NIFTY_MIDCAP_100,MOM100.NS,2021-02-24,24.209999084472656,25.920000076293945,24.079999923706055,24.770000457763672,67780
NIFTY_MIDCAP_100,MOM100.NS,2021-02-25,24.889999389648438,24.969999313354492,24.709999084472656,24.8799991607666,43145
NIFTY_MIDCAP_100,MOM100.NS,2021-02-26,24.850000381469727,24.899999618530273,24.280000686645508,24.579999923706055,118512
NIFTY_MIDCAP_100,MOM100.NS,2021-03-01,24.979999542236328,25.25,24.579999923706055,25.1299991607666,87111
NIFTY_MIDCAP_100,MOM100.NS,2021-03-02,25.25,25.389999389648438,24.90999984741211,25.229999542236328,105059
NIFTY_MIDCAP_100,MOM100.NS,2021-03-03,25.399999618530273,25.940000534057617,25.200000762939453,25.860000610351562,67009
NIFTY_MIDCAP_100,MOM100.NS,2021-03-04,26.489999771118164,26.489999771118164,25.40999984741211,25.969999313354492,121973
NIFTY_MIDCAP_100,MOM100.NS,2021-03-05,26.719999313354492,26.719999313354492,25.399999618530273,25.5,161588
NIFTY_MIDCAP_100,MOM100.NS,2021-03-08,25.790000915527344,25.8799991607666,25.40999984741211,25.600000381469727,80961
NIFTY_MIDCAP_100,MOM100.NS,2021-03-09,25.790000915527344,25.950000762939453,25.40999984741211,25.799999237060547,70203
NIFTY_MIDCAP_100,MOM100.NS,2021-03-10,25.510000228881836,26.0,25.510000228881836,25.959999084472656,44539
NIFTY_MIDCAP_100,MOM100.NS,2021-03-12,26.670000076293945,26.670000076293945,25.700000762939453,25.81999969482422,50938
NIFTY_MIDCAP_100,MOM100.NS,2021-03-15,27.25,27.25,24.709999084472656,24.969999313354492,258238
NIFTY_MIDCAP_100,MOM100.NS,2021-03-16,25.200000762939453,25.389999389648438,24.90999984741211,25.190000534057617,86756
NIFTY_MIDCAP_100,MOM100.NS,2021-03-17,25.389999389648438,25.450000762939453,25.049999237060547,25.229999542236328,31633
NIFTY_MIDCAP_100,MOM100.NS,2021-03-18,25.34000015258789,25.389999389648438,24.399999618530273,24.459999084472656,256608
NIFTY_MIDCAP_100,MOM100.NS,2021-03-19,24.690000534057617,24.690000534057617,23.610000610351562,24.489999771118164,122717
NIFTY_MIDCAP_100,MOM100.NS,2021-03-22,24.489999771118164,24.790000915527344,24.399999618530273,24.520000457763672,110388
NIFTY_MIDCAP_100,MOM100.NS,2021-03-23,25.3799991607666,25.479999542236328,24.530000686645508,24.920000076293945,35553
NIFTY_MIDCAP_100,MOM100.NS,2021-03-24,25.219999313354492,25.219999313354492,24.600000381469727,24.719999313354492,36262
NIFTY_MIDCAP_100,MOM100.NS,2021-03-25,25.3799991607666,25.479999542236328,24.110000610351562,24.65999984741211,106524
NIFTY_MIDCAP_100,MOM100.NS,2021-03-26,24.84000015258789,24.84000015258789,24.40999984741211,24.559999465942383,92093
NIFTY_MIDCAP_100,MOM100.NS,2021-03-30,25.5,25.5,24.40999984741211,24.780000686645508,70045
NIFTY_MIDCAP_100,MOM100.NS,2021-03-31,24.950000762939453,25.950000762939453,24.709999084472656,25.469999313354492,94072
NIFTY_MIDCAP_100,MOM100.NS,2021-04-01,25.450000762939453,25.889999389648438,25.100000381469727,25.329999923706055,106971
NIFTY_MIDCAP_100,MOM100.NS,2021-04-05,26.799999237060547,26.799999237060547,24.850000381469727,25.350000381469727,107269
NIFTY_MIDCAP_100,MOM100.NS,2021-04-06,25.5,25.5,25.110000610351562,25.329999923706055,49822
NIFTY_MIDCAP_100,MOM100.NS,2021-04-07,25.489999771118164,25.690000534057617,25.209999084472656,25.6200008392334,55062
NIFTY_MIDCAP_100,MOM100.NS,2021-04-08,25.799999237060547,25.850000381469727,25.6200008392334,25.709999084472656,38976
NIFTY_MIDCAP_100,MOM100.NS,2021-04-09,25.889999389648438,25.989999771118164,25.5,25.799999237060547,76906
NIFTY_MIDCAP_100,MOM100.NS,2021-04-12,25.790000915527344,25.790000915527344,24.5,24.899999618530273,256003
NIFTY_MIDCAP_100,MOM100.NS,2021-04-13,24.90999984741211,25.139999389648438,24.40999984741211,24.780000686645508,84558
NIFTY_MIDCAP_100,MOM100.NS,2021-04-15,26.5,26.5,24.5,24.559999465942383,70442
NIFTY_MIDCAP_100,MOM100.NS,2021-04-16,25.700000762939453,25.700000762939453,24.639999389648438,24.81999969482422,30097
NIFTY_MIDCAP_100,MOM100.NS,2021-04-19,24.309999465942383,24.889999389648438,23.899999618530273,24.510000228881836,122910
NIFTY_MIDCAP_100,MOM100.NS,2021-04-20,25.0,25.0,24.5,24.600000381469727,58196
NIFTY_MIDCAP_100,MOM100.NS,2021-04-22,25.1200008392334,25.1200008392334,24.309999465942383,24.549999237060547,57045
NIFTY_MIDCAP_100,MOM100.NS,2021-04-23,24.309999465942383,24.780000686645508,24.309999465942383,24.690000534057617,40654
NIFTY_MIDCAP_100,MOM100.NS,2021-04-26,24.690000534057617,25.549999237060547,24.510000228881836,25.280000686645508,58909
NIFTY_MIDCAP_100,MOM100.NS,2021-04-27,25.979999542236328,25.979999542236328,25.030000686645508,25.200000762939453,56012
NIFTY_MIDCAP_100,MOM100.NS,2021-04-28,25.979999542236328,25.979999542236328,25.149999618530273,25.489999771118164,59149
NIFTY_MIDCAP_100,MOM100.NS,2021-04-29,25.790000915527344,25.790000915527344,25.31999969482422,25.469999313354492,57205
NIFTY_MIDCAP_100,MOM100.NS,2021-04-30,25.479999542236328,25.75,25.209999084472656,25.600000381469727,57475
NIFTY_MIDCAP_100,MOM100.NS,2021-05-03,25.81999969482422,28.600000381469727,25.209999084472656,25.540000915527344,142577
NIFTY_MIDCAP_100,MOM100.NS,2021-05-04,25.75,25.989999771118164,25.420000076293945,25.639999389648438,85732
NIFTY_MIDCAP_100,MOM100.NS,2021-05-05,25.979999542236328,25.989999771118164,25.299999237060547,25.530000686645508,133427
NIFTY_MIDCAP_100,MOM100.NS,2021-05-06,26.280000686645508,26.280000686645508,25.5,25.690000534057617,46184
NIFTY_MIDCAP_100,MOM100.NS,2021-05-07,25.399999618530273,25.989999771118164,25.350000381469727,25.920000076293945,86523
NIFTY_MIDCAP_100,MOM100.NS,2021-05-10,26.139999389648438,26.75,25.809999465942383,26.34000015258789,167046
NIFTY_MIDCAP_100,MOM100.NS,2021-05-11,26.799999237060547,26.850000381469727,25.950000762939453,26.25,119541
NIFTY_MIDCAP_100,MOM100.NS,2021-05-12,26.5,26.549999237060547,26.209999084472656,26.280000686645508,43336
NIFTY_MIDCAP_100,MOM100.NS,2021-05-14,26.489999771118164,26.579999923706055,25.530000686645508,25.670000076293945,160346
NIFTY_MIDCAP_100,MOM100.NS,2021-05-17,25.989999771118164,26.190000534057617,25.68000030517578,25.93000030517578,105013
NIFTY_MIDCAP_100,MOM100.NS,2021-05-18,26.350000381469727,26.479999542236328,26.0,26.31999969482422,61422
NIFTY_MIDCAP_100,MOM100.NS,2021-05-19,26.979999542236328,26.979999542236328,26.329999923706055,26.469999313354492,49352
NIFTY_MIDCAP_100,MOM100.NS,2021-05-20,26.690000534057617,26.790000915527344,26.34000015258789,26.610000610351562,61910
NIFTY_MIDCAP_100,MOM100.NS,2021-05-21,26.299999237060547,26.790000915527344,26.299999237060547,26.68000030517578,48468
NIFTY_MIDCAP_100,MOM100.NS,2021-05-24,26.950000762939453,26.950000762939453,26.5,26.780000686645508,58252
NIFTY_MIDCAP_100,MOM100.NS,2021-05-25,27.479999542236328,27.479999542236328,26.610000610351562,26.8799991607666,51735
NIFTY_MIDCAP_100,MOM100.NS,2021-05-26,26.989999771118164,27.200000762939453,26.799999237060547,27.040000915527344,62450
NIFTY_MIDCAP_100,MOM100.NS,2021-05-27,27.8799991607666,27.8799991607666,26.809999465942383,27.260000228881836,44553
NIFTY_MIDCAP_100,MOM100.NS,2021-05-28,27.979999542236328,27.979999542236328,27.010000228881836,27.540000915527344,69302
NIFTY_MIDCAP_100,MOM100.NS,2021-05-31,28.700000762939453,28.700000762939453,26.950000762939453,27.139999389648438,201560
NIFTY_MIDCAP_100,MOM100.NS,2021-06-01,27.979999542236328,27.979999542236328,27.0,27.1299991607666,109587
NIFTY_MIDCAP_100,MOM100.NS,2021-06-02,27.290000915527344,27.389999389648438,27.1299991607666,27.329999923706055,50404
NIFTY_MIDCAP_100,MOM100.NS,2021-06-03,27.940000534057617,27.940000534057617,27.329999923706055,27.739999771118164,44661
NIFTY_MIDCAP_100,MOM100.NS,2021-06-04,27.739999771118164,27.899999618530273,27.600000381469727,27.700000762939453,85154
NIFTY_MIDCAP_100,MOM100.NS,2021-06-07,27.899999618530273,28.690000534057617,27.610000610351562,28.360000610351562,237117
NIFTY_MIDCAP_100,MOM100.NS,2021-06-08,28.979999542236328,28.979999542236328,28.299999237060547,28.3700008392334,317851
NIFTY_MIDCAP_100,MOM100.NS,2021-06-09,28.389999389648438,28.889999389648438,28.309999465942383,28.56999969482422,178014
NIFTY_MIDCAP_100,MOM100.NS,2021-06-10,28.899999618530273,28.899999618530273,28.290000915527344,28.420000076293945,264848
NIFTY_MIDCAP_100,MOM100.NS,2021-06-11,28.420000076293945,28.799999237060547,28.350000381469727,28.420000076293945,239267
NIFTY_MIDCAP_100,MOM100.NS,2021-06-14,29.0,29.0,28.229999542236328,28.440000534057617,193704
NIFTY_MIDCAP_100,MOM100.NS,2021-06-15,28.950000762939453,28.950000762939453,28.229999542236328,28.690000534057617,136815
NIFTY_MIDCAP_100,MOM100.NS,2021-06-16,28.510000228881836,28.850000381469727,28.40999984741211,28.5,428060
NIFTY_MIDCAP_100,MOM100.NS,2021-06-17,28.579999923706055,28.579999923706055,27.90999984741211,28.059999465942383,73629
NIFTY_MIDCAP_100,MOM100.NS,2021-06-18,28.290000915527344,28.350000381469727,27.1200008392334,27.700000762939453,164730
NIFTY_MIDCAP_100,MOM100.NS,2021-06-21,27.6200008392334,27.850000381469727,27.309999465942383,27.760000228881836,112748
NIFTY_MIDCAP_100,MOM100.NS,2021-06-22,27.989999771118164,28.09000015258789,27.549999237060547,27.8799991607666,80222
NIFTY_MIDCAP_100,MOM100.NS,2021-06-23,27.93000030517578,28.190000534057617,27.600000381469727,27.809999465942383,58697
NIFTY_MIDCAP_100,MOM100.NS,2021-06-24,27.989999771118164,27.989999771118164,27.75,27.84000015258789,40576
NIFTY_MIDCAP_100,MOM100.NS,2021-06-25,27.549999237060547,28.299999237060547,27.549999237060547,28.059999465942383,65449
NIFTY_MIDCAP_100,MOM100.NS,2021-06-28,28.649999618530273,28.649999618530273,28.059999465942383,28.200000762939453,76384
NIFTY_MIDCAP_100,MOM100.NS,2021-06-29,28.389999389648438,28.450000762939453,28.110000610351562,28.239999771118164,600104
NIFTY_MIDCAP_100,MOM100.NS,2021-06-30,28.649999618530273,28.649999618530273,27.829999923706055,28.200000762939453,93258
NIFTY_MIDCAP_100,MOM100.NS,2021-07-01,28.559999465942383,28.559999465942383,27.940000534057617,28.1299991607666,99981
NIFTY_MIDCAP_100,MOM100.NS,2021-07-02,28.649999618530273,28.649999618530273,28.010000228881836,28.209999084472656,56054
NIFTY_MIDCAP_100,MOM100.NS,2021-07-05,28.579999923706055,28.579999923706055,28.209999084472656,28.450000762939453,89033
NIFTY_MIDCAP_100,MOM100.NS,2021-07-06,28.59000015258789,28.690000534057617,27.899999618530273,28.1200008392334,183216
NIFTY_MIDCAP_100,MOM100.NS,2021-07-07,28.399999618530273,28.6200008392334,28.010000228881836,28.559999465942383,78170
NIFTY_MIDCAP_100,MOM100.NS,2021-07-08,28.690000534057617,28.690000534057617,28.280000686645508,28.329999923706055,121249
NIFTY_MIDCAP_100,MOM100.NS,2021-07-09,28.100000381469727,28.6299991607666,28.100000381469727,28.56999969482422,62758
NIFTY_MIDCAP_100,MOM100.NS,2021-07-12,29.1299991607666,29.1299991607666,28.610000610351562,28.940000534057617,186017
NIFTY_MIDCAP_100,MOM100.NS,2021-07-13,29.1299991607666,29.450000762939453,28.799999237060547,29.110000610351562,157685
NIFTY_MIDCAP_100,MOM100.NS,2021-07-14,29.450000762939453,29.450000762939453,28.979999542236328,29.010000228881836,75702
NIFTY_MIDCAP_100,MOM100.NS,2021-07-15,29.290000915527344,29.290000915527344,29.010000228881836,29.06999969482422,105342
NIFTY_MIDCAP_100,MOM100.NS,2021-07-16,29.5,29.649999618530273,29.010000228881836,29.15999984741211,100854
NIFTY_MIDCAP_100,MOM100.NS,2021-07-19,29.649999618530273,29.649999618530273,28.950000762939453,29.15999984741211,132151
NIFTY_MIDCAP_100,MOM100.NS,2021-07-20,29.549999237060547,29.549999237060547,28.510000228881836,28.549999237060547,204145
NIFTY_MIDCAP_100,MOM100.NS,2021-07-22,29.299999237060547,29.299999237060547,28.600000381469727,28.690000534057617,132857
NIFTY_MIDCAP_100,MOM100.NS,2021-07-23,28.84000015258789,28.989999771118164,28.709999084472656,28.860000610351562,63652
NIFTY_MIDCAP_100,MOM100.NS,2021-07-26,29.450000762939453,29.450000762939453,28.709999084472656,28.969999313354492,77994
NIFTY_MIDCAP_100,MOM100.NS,2021-07-27,29.09000015258789,29.149999618530273,28.719999313354492,28.81999969482422,59298
NIFTY_MIDCAP_100,MOM100.NS,2021-07-28,28.989999771118164,29.100000381469727,28.709999084472656,29.010000228881836,83962
NIFTY_MIDCAP_100,MOM100.NS,2021-07-29,29.299999237060547,29.299999237060547,28.799999237060547,28.940000534057617,43294
NIFTY_MIDCAP_100,MOM100.NS,2021-07-30,29.440000534057617,29.440000534057617,28.709999084472656,29.18000030517578,83324
NIFTY_MIDCAP_100,MOM100.NS,2021-08-02,29.389999389648438,29.75,29.030000686645508,29.700000762939453,247266
NIFTY_MIDCAP_100,MOM100.NS,2021-08-03,29.600000381469727,29.8799991607666,29.510000228881836,29.579999923706055,120530
NIFTY_MIDCAP_100,MOM100.NS,2021-08-04,29.68000030517578,29.889999389648438,29.149999618530273,29.25,207353
NIFTY_MIDCAP_100,MOM100.NS,2021-08-05,29.950000762939453,29.950000762939453,28.809999465942383,29.170000076293945,94339
NIFTY_MIDCAP_100,MOM100.NS,2021-08-06,29.649999618530273,29.649999618530273,29.020000457763672,29.31999969482422,77974
NIFTY_MIDCAP_100,MOM100.NS,2021-08-09,29.989999771118164,29.989999771118164,29.010000228881836,29.030000686645508,104252
NIFTY_MIDCAP_100,MOM100.NS,2021-08-10,29.350000381469727,29.350000381469727,28.700000762939453,28.760000228881836,71139
NIFTY_MIDCAP_100,MOM100.NS,2021-08-11,28.549999237060547,29.450000762939453,28.450000762939453,28.65999984741211,122695
NIFTY_MIDCAP_100,MOM100.NS,2021-08-12,28.889999389648438,29.09000015258789,28.65999984741211,28.940000534057617,61017
NIFTY_MIDCAP_100,MOM100.NS,2021-08-13,29.450000762939453,29.450000762939453,28.81999969482422,28.920000076293945,72919
NIFTY_MIDCAP_100,MOM100.NS,2021-08-16,29.09000015258789,29.09000015258789,28.809999465942383,28.84000015258789,79999
NIFTY_MIDCAP_100,MOM100.NS,2021-08-17,30.299999237060547,30.299999237060547,28.760000228881836,28.81999969482422,57413
NIFTY_MIDCAP_100,MOM100.NS,2021-08-18,29.299999237060547,29.299999237060547,28.809999465942383,28.979999542236328,44272
NIFTY_MIDCAP_100,MOM100.NS,2021-08-20,29.450000762939453,29.450000762939453,28.600000381469727,28.920000076293945,88024
NIFTY_MIDCAP_100,MOM100.NS,2021-08-23,28.920000076293945,29.18000030517578,28.110000610351562,28.329999923706055,184540
NIFTY_MIDCAP_100,MOM100.NS,2021-08-24,29.450000762939453,29.450000762939453,28.100000381469727,28.43000030517578,210381
NIFTY_MIDCAP_100,MOM100.NS,2021-08-25,28.790000915527344,28.790000915527344,28.360000610351562,28.59000015258789,50206
NIFTY_MIDCAP_100,MOM100.NS,2021-08-26,28.610000610351562,28.989999771118164,28.40999984741211,28.709999084472656,76203
NIFTY_MIDCAP_100,MOM100.NS,2021-08-27,28.889999389648438,29.100000381469727,28.690000534057617,28.93000030517578,49518
NIFTY_MIDCAP_100,MOM100.NS,2021-08-30,29.809999465942383,29.809999465942383,28.899999618530273,29.530000686645508,167381
NIFTY_MIDCAP_100,MOM100.NS,2021-08-31,28.600000381469727,29.700000762939453,28.600000381469727,29.600000381469727,76262
NIFTY_MIDCAP_100,MOM100.NS,2021-09-01,30.290000915527344,30.290000915527344,29.600000381469727,29.8700008392334,125425
NIFTY_MIDCAP_100,MOM100.NS,2021-09-02,29.8700008392334,29.8700008392334,29.8700008392334,29.8700008392334,0
NIFTY_MIDCAP_100,MOM100.NS,2021-09-03,29.8700008392334,29.8700008392334,29.8700008392334,29.8700008392334,0
NIFTY_MIDCAP_100,MOM100.NS,2021-09-06,29.8700008392334,29.8700008392334,29.8700008392334,29.8700008392334,0
NIFTY_MIDCAP_100,MOM100.NS,2021-09-07,29.8700008392334,29.8700008392334,29.8700008392334,29.8700008392334,0
NIFTY_MIDCAP_100,MOM100.NS,2021-09-08,29.8700008392334,29.8700008392334,29.8700008392334,29.8700008392334,0
NIFTY_MIDCAP_100,MOM100.NS,2021-09-09,29.8700008392334,29.8700008392334,29.8700008392334,29.8700008392334,0
NIFTY_MIDCAP_100,MOM100.NS,2021-09-13,29.8700008392334,29.8700008392334,29.8700008392334,29.8700008392334,0
NIFTY_MIDCAP_100,MOM100.NS,2021-09-14,29.8700008392334,29.8700008392334,29.8700008392334,29.8700008392334,0
NIFTY_MIDCAP_100,MOM100.NS,2021-09-15,29.8700008392334,29.8700008392334,29.8700008392334,29.8700008392334,0
NIFTY_MIDCAP_100,MOM100.NS,2021-09-16,29.8700008392334,29.8700008392334,29.8700008392334,29.8700008392334,0
NIFTY_MIDCAP_100,MOM100.NS,2021-09-17,29.8700008392334,29.8700008392334,29.8700008392334,29.8700008392334,0
NIFTY_MIDCAP_100,MOM100.NS,2021-09-20,29.8700008392334,29.8700008392334,29.8700008392334,29.8700008392334,0
NIFTY_MIDCAP_100,MOM100.NS,2021-09-21,29.8700008392334,29.8700008392334,29.8700008392334,29.8700008392334,0
NIFTY_MIDCAP_100,MOM100.NS,2021-09-22,29.8700008392334,29.8700008392334,29.8700008392334,29.8700008392334,0
NIFTY_MIDCAP_100,MOM100.NS,2021-09-23,29.8700008392334,29.8700008392334,29.8700008392334,29.8700008392334,0
NIFTY_MIDCAP_100,MOM100.NS,2021-09-24,29.8700008392334,29.8700008392334,29.8700008392334,29.8700008392334,0
NIFTY_MIDCAP_100,MOM100.NS,2021-09-27,29.8700008392334,29.8700008392334,29.8700008392334,29.8700008392334,0
NIFTY_MIDCAP_100,MOM100.NS,2021-09-28,29.8700008392334,29.8700008392334,29.8700008392334,29.8700008392334,0
NIFTY_MIDCAP_100,MOM100.NS,2021-09-29,29.8700008392334,29.8700008392334,29.8700008392334,29.8700008392334,0
NIFTY_MIDCAP_100,MOM100.NS,2021-09-30,29.8700008392334,29.8700008392334,29.8700008392334,29.8700008392334,0
NIFTY_MIDCAP_100,MOM100.NS,2021-10-01,32.099998474121094,32.33000183105469,31.729999542236328,32.0099983215332,90796
NIFTY_MIDCAP_100,MOM100.NS,2021-10-04,32.38999938964844,32.5,31.850000381469727,32.40999984741211,73565
NIFTY_MIDCAP_100,MOM100.NS,2021-10-05,31.010000228881836,32.70000076293945,31.010000228881836,32.459999084472656,121513
NIFTY_MIDCAP_100,MOM100.NS,2021-10-06,32.7400016784668,32.7400016784668,32.310001373291016,32.56999969482422,80807
NIFTY_MIDCAP_100,MOM100.NS,2021-10-07,32.91999816894531,32.9900016784668,32.599998474121094,32.720001220703125,108048
NIFTY_MIDCAP_100,MOM100.NS,2021-10-08,33.45000076293945,33.45000076293945,32.720001220703125,32.959999084472656,92707
NIFTY_MIDCAP_100,MOM100.NS,2021-10-11,33.650001525878906,33.650001525878906,32.75,33.150001525878906,114679
NIFTY_MIDCAP_100,MOM100.NS,2021-10-12,33.0,33.599998474121094,33.0,33.529998779296875,161566
NIFTY_MIDCAP_100,MOM100.NS,2021-10-13,33.88999938964844,34.20000076293945,33.40999984741211,34.0099983215332,318221
NIFTY_MIDCAP_100,MOM100.NS,2021-10-14,34.95000076293945,35.75,33.959999084472656,34.93000030517578,241261
NIFTY_MIDCAP_100,MOM100.NS,2021-10-18,35.95000076293945,35.95000076293945,34.810001373291016,34.880001068115234,241540
NIFTY_MIDCAP_100,MOM100.NS,2021-10-19,35.25,35.25,34.349998474121094,34.5,172626
NIFTY_MIDCAP_100,MOM100.NS,2021-10-20,34.0,34.900001525878906,33.029998779296875,33.40999984741211,346368
NIFTY_MIDCAP_100,MOM100.NS,2021-10-21,33.79999923706055,34.599998474121094,32.810001373291016,33.0,503398
NIFTY_MIDCAP_100,MOM100.NS,2021-10-22,33.31999969482422,33.5,32.5,32.83000183105469,227024
NIFTY_MIDCAP_100,MOM100.NS,2021-10-25,32.29999923706055,33.150001525878906,31.549999237060547,32.150001525878906,286918
NIFTY_MIDCAP_100,MOM100.NS,2021-10-26,32.40999984741211,35.380001068115234,31.25,33.65999984741211,184780
NIFTY_MIDCAP_100,MOM100.NS,2021-10-27,33.0,33.65999984741211,32.91999816894531,33.060001373291016,189546
NIFTY_MIDCAP_100,MOM100.NS,2021-10-28,33.400001525878906,33.400001525878906,32.20000076293945,32.29999923706055,193177
NIFTY_MIDCAP_100,MOM100.NS,2021-10-29,31.31999969482422,32.79999923706055,31.299999237060547,32.0099983215332,149935
NIFTY_MIDCAP_100,MOM100.NS,2021-11-01,32.4900016784668,33.099998474121094,32.0,33.0,105405
NIFTY_MIDCAP_100,MOM100.NS,2021-11-02,33.95000076293945,33.95000076293945,32.689998626708984,32.939998626708984,251818
NIFTY_MIDCAP_100,MOM100.NS,2021-11-03,33.900001525878906,33.900001525878906,32.63999938964844,33.11000061035156,96432
NIFTY_MIDCAP_100,MOM100.NS,2021-11-04,33.59000015258789,34.95000076293945,33.0,33.72999954223633,96153
NIFTY_MIDCAP_100,MOM100.NS,2021-11-08,34.099998474121094,34.099998474121094,32.54999923706055,33.380001068115234,139749
NIFTY_MIDCAP_100,MOM100.NS,2021-11-09,33.95000076293945,33.95000076293945,33.45000076293945,33.66999816894531,104622
NIFTY_MIDCAP_100,MOM100.NS,2021-11-10,33.04999923706055,33.95000076293945,33.04999923706055,33.7400016784668,46032
NIFTY_MIDCAP_100,MOM100.NS,2021-11-11,34.45000076293945,34.45000076293945,33.5099983215332,33.869998931884766,65635
NIFTY_MIDCAP_100,MOM100.NS,2021-11-12,33.599998474121094,34.099998474121094,33.400001525878906,33.540000915527344,152336
NIFTY_MIDCAP_100,MOM100.NS,2021-11-15,33.9900016784668,33.9900016784668,33.5,33.529998779296875,86657
NIFTY_MIDCAP_100,MOM100.NS,2021-11-16,33.54999923706055,33.790000915527344,33.40999984741211,33.599998474121094,81669
NIFTY_MIDCAP_100,MOM100.NS,2021-11-17,33.9900016784668,33.9900016784668,33.209999084472656,33.65999984741211,77691
NIFTY_MIDCAP_100,MOM100.NS,2021-11-18,33.88999938964844,33.88999938964844,33.099998474121094,33.45000076293945,131908
NIFTY_MIDCAP_100,MOM100.NS,2021-11-22,32.0099983215332,33.880001068115234,32.0099983215332,33.34000015258789,266960
NIFTY_MIDCAP_100,MOM100.NS,2021-11-23,30.700000762939453,33.29999923706055,30.700000762939453,32.66999816894531,219722
NIFTY_MIDCAP_100,MOM100.NS,2021-11-24,32.0099983215332,34.29999923706055,32.0099983215332,32.68000030517578,149116
NIFTY_MIDCAP_100,MOM100.NS,2021-11-25,32.9900016784668,32.9900016784668,32.310001373291016,32.470001220703125,125276
NIFTY_MIDCAP_100,MOM100.NS,2021-11-26,32.689998626708984,32.689998626708984,31.709999084472656,31.989999771118164,179620
NIFTY_MIDCAP_100,MOM100.NS,2021-11-29,32.38999938964844,32.38999938964844,29.799999237060547,31.420000076293945,220442
NIFTY_MIDCAP_100,MOM100.NS,2021-11-30,31.75,32.5,31.110000610351562,31.440000534057617,163015
NIFTY_MIDCAP_100,MOM100.NS,2021-12-01,31.940000534057617,32.25,31.350000381469727,31.420000076293945,88485
NIFTY_MIDCAP_100,MOM100.NS,2021-12-02,31.790000915527344,32.900001525878906,31.31999969482422,32.08000183105469,76119
NIFTY_MIDCAP_100,MOM100.NS,2021-12-03,32.08000183105469,32.47999954223633,31.610000610351562,32.20000076293945,43760
NIFTY_MIDCAP_100,MOM100.NS,2021-12-06,32.4900016784668,32.630001068115234,31.399999618530273,32.349998474121094,106787
NIFTY_MIDCAP_100,MOM100.NS,2021-12-07,32.5,32.5,31.780000686645508,31.829999923706055,177937
NIFTY_MIDCAP_100,MOM100.NS,2021-12-08,32.4900016784668,32.869998931884766,31.93000030517578,32.58000183105469,70767
NIFTY_MIDCAP_100,MOM100.NS,2021-12-09,32.9900016784668,32.9900016784668,32.209999084472656,32.59000015258789,60835
NIFTY_MIDCAP_100,MOM100.NS,2021-12-10,32.9900016784668,33.20000076293945,32.5,32.88999938964844,64359
NIFTY_MIDCAP_100,MOM100.NS,2021-12-13,32.0099983215332,33.25,32.0099983215332,33.02000045776367,89243
NIFTY_MIDCAP_100,MOM100.NS,2021-12-14,33.38999938964844,33.38999938964844,32.5,32.959999084472656,49871
NIFTY_MIDCAP_100,MOM100.NS,2021-12-15,33.349998474121094,33.349998474121094,32.5,32.790000915527344,73993
NIFTY_MIDCAP_100,MOM100.NS,2021-12-16,33.290000915527344,33.290000915527344,32.52000045776367,32.58000183105469,68280
NIFTY_MIDCAP_100,MOM100.NS,2021-12-17,32.88999938964844,32.88999938964844,31.84000015258789,31.90999984741211,153129
NIFTY_MIDCAP_100,MOM100.NS,2021-12-20,32.290000915527344,32.290000915527344,30.709999084472656,31.479999542236328,329562
NIFTY_MIDCAP_100,MOM100.NS,2021-12-21,31.700000762939453,31.989999771118164,30.899999618530273,30.989999771118164,149355
NIFTY_MIDCAP_100,MOM100.NS,2021-12-22,31.950000762939453,31.950000762939453,31.010000228881836,31.209999084472656,237566
NIFTY_MIDCAP_100,MOM100.NS,2021-12-23,31.600000381469727,31.690000534057617,31.229999542236328,31.420000076293945,55521
NIFTY_MIDCAP_100,MOM100.NS,2021-12-24,31.690000534057617,31.84000015258789,31.100000381469727,31.40999984741211,41236
NIFTY_MIDCAP_100,MOM100.NS,2021-12-27,31.600000381469727,31.639999389648438,31.110000610351562,31.56999969482422,30139
NIFTY_MIDCAP_100,MOM100.NS,2021-12-28,31.690000534057617,32.189998626708984,31.399999618530273,31.979999542236328,49406
NIFTY_MIDCAP_100,MOM100.NS,2021-12-29,32.150001525878906,32.290000915527344,31.719999313354492,31.850000381469727,54742
NIFTY_MIDCAP_100,MOM100.NS,2021-12-30,32.0,32.099998474121094,31.600000381469727,31.68000030517578,64387
NIFTY_MIDCAP_100,MOM100.NS,2021-12-31,31.15999984741211,32.04999923706055,31.15999984741211,31.8700008392334,71240
NIFTY_MIDCAP_100,MOM100.NS,2022-01-03,31.5,32.4900016784668,31.5,32.189998626708984,173271
NIFTY_MIDCAP_100,MOM100.NS,2022-01-04,32.75,32.75,32.11000061035156,32.470001220703125,115112
NIFTY_MIDCAP_100,MOM100.NS,2022-01-05,32.47999954223633,32.4900016784668,32.380001068115234,32.470001220703125,70340
NIFTY_MIDCAP_100,MOM100.NS,2022-01-06,32.95000076293945,32.95000076293945,32.13999938964844,32.43000030517578,58235
NIFTY_MIDCAP_100,MOM100.NS,2022-01-07,32.900001525878906,32.900001525878906,32.220001220703125,32.68000030517578,133844
NIFTY_MIDCAP_100,MOM100.NS,2022-01-10,33.45000076293945,33.45000076293945,31.649999618530273,32.90999984741211,65000
NIFTY_MIDCAP_100,MOM100.NS,2022-01-11,33.95000076293945,33.95000076293945,32.75,32.88999938964844,100161
NIFTY_MIDCAP_100,MOM100.NS,2022-01-12,33.880001068115234,33.880001068115234,32.849998474121094,33.16999816894531,143722
NIFTY_MIDCAP_100,MOM100.NS,2022-01-13,33.16999816894531,33.540000915527344,33.099998474121094,33.369998931884766,124523
NIFTY_MIDCAP_100,MOM100.NS,2022-01-14,33.790000915527344,33.95000076293945,33.13999938964844,33.56999969482422,116145
NIFTY_MIDCAP_100,MOM100.NS,2022-01-17,32.54999923706055,33.779998779296875,32.54999923706055,33.70000076293945,166121
NIFTY_MIDCAP_100,MOM100.NS,2022-01-18,33.97999954223633,33.97999954223633,33.20000076293945,33.2599983215332,148433
NIFTY_MIDCAP_100,MOM100.NS,2022-01-19,33.900001525878906,33.900001525878906,32.849998474121094,32.97999954223633,108822
NIFTY_MIDCAP_100,MOM100.NS,2022-01-20,33.65999984741211,33.65999984741211,32.900001525878906,33.11000061035156,41960
NIFTY_MIDCAP_100,MOM100.NS,2022-01-21,33.38999938964844,33.38999938964844,32.310001373291016,32.630001068115234,111098
NIFTY_MIDCAP_100,MOM100.NS,2022-01-24,33.5,34.290000915527344,30.420000076293945,31.110000610351562,457220
NIFTY_MIDCAP_100,MOM100.NS,2022-01-25,36.650001525878906,36.650001525878906,31.0,31.510000228881836,242890
NIFTY_MIDCAP_100,MOM100.NS,2022-01-27,31.399999618530273,31.68000030517578,29.829999923706055,31.040000915527344,159759
NIFTY_MIDCAP_100,MOM100.NS,2022-01-28,31.299999237060547,31.829999923706055,31.040000915527344,31.31999969482422,121965
NIFTY_MIDCAP_100,MOM100.NS,2022-01-31,31.940000534057617,32.380001068115234,31.31999969482422,31.969999313354492,142008
NIFTY_MIDCAP_100,MOM100.NS,2022-02-01,32.95000076293945,32.95000076293945,32.0099983215332,32.189998626708984,96150
NIFTY_MIDCAP_100,MOM100.NS,2022-02-02,33.349998474121094,33.349998474121094,32.040000915527344,32.63999938964844,90484
NIFTY_MIDCAP_100,MOM100.NS,2022-02-03,33.29999923706055,33.29999923706055,32.15999984741211,32.2599983215332,108675
NIFTY_MIDCAP_100,MOM100.NS,2022-02-04,32.599998474121094,32.599998474121094,32.04999923706055,32.220001220703125,46147
NIFTY_MIDCAP_100,MOM100.NS,2022-02-07,32.95000076293945,32.95000076293945,31.93000030517578,32.08000183105469,62298
NIFTY_MIDCAP_100,MOM100.NS,2022-02-08,32.400001525878906,32.400001525878906,31.350000381469727,31.6299991607666,82143
NIFTY_MIDCAP_100,MOM100.NS,2022-02-09,31.010000228881836,32.54999923706055,31.010000228881836,31.940000534057617,50721
NIFTY_MIDCAP_100,MOM100.NS,2022-02-10,32.29999923706055,32.29999923706055,31.760000228881836,32.0,39382
NIFTY_MIDCAP_100,MOM100.NS,2022-02-11,32.29999923706055,33.0,31.520000457763672,31.610000610351562,52848
NIFTY_MIDCAP_100,MOM100.NS,2022-02-14,31.5,31.790000915527344,30.290000915527344,30.3700008392334,253991
NIFTY_MIDCAP_100,MOM100.NS,2022-02-15,30.700000762939453,34.900001525878906,30.0,30.829999923706055,198667
NIFTY_MIDCAP_100,MOM100.NS,2022-02-16,31.049999237060547,31.399999618530273,30.600000381469727,31.020000457763672,94214
NIFTY_MIDCAP_100,MOM100.NS,2022-02-17,31.389999389648438,31.389999389648438,30.719999313354492,30.780000686645508,56468
NIFTY_MIDCAP_100,MOM100.NS,2022-02-18,31.25,31.25,30.600000381469727,30.690000534057617,38070
NIFTY_MIDCAP_100,MOM100.NS,2022-02-21,30.700000762939453,30.899999618530273,29.93000030517578,30.020000457763672,149423
NIFTY_MIDCAP_100,MOM100.NS,2022-02-22,30.200000762939453,30.200000762939453,29.299999237060547,30.059999465942383,117551
NIFTY_MIDCAP_100,MOM100.NS,2022-02-23,30.299999237060547,30.299999237060547,29.770000457763672,29.850000381469727,403073
NIFTY_MIDCAP_100,MOM100.NS,2022-02-24,29.850000381469727,29.850000381469727,28.40999984741211,28.6299991607666,368712
NIFTY_MIDCAP_100,MOM100.NS,2022-02-25,29.889999389648438,30.170000076293945,28.75,30.049999237060547,91735
NIFTY_MIDCAP_100,MOM100.NS,2022-02-28,30.049999237060547,30.049999237060547,29.110000610351562,29.860000610351562,127401
NIFTY_MIDCAP_100,MOM100.NS,2022-03-02,30.899999618530273,30.899999618530273,29.209999084472656,30.079999923706055,112850
NIFTY_MIDCAP_100,MOM100.NS,2022-03-03,30.299999237060547,31.489999771118164,29.809999465942383,30.209999084472656,104339
NIFTY_MIDCAP_100,MOM100.NS,2022-03-04,30.100000381469727,30.200000762939453,29.0,29.1200008392334,443062
NIFTY_MIDCAP_100,MOM100.NS,2022-03-07,29.0,31.5,28.520000457763672,30.360000610351562,216932
NIFTY_MIDCAP_100,MOM100.NS,2022-03-08,30.200000762939453,30.200000762939453,28.350000381469727,28.889999389648438,583649
NIFTY_MIDCAP_100,MOM100.NS,2022-03-09,29.709999084472656,29.709999084472656,28.889999389648438,29.329999923706055,123120
NIFTY_MIDCAP_100,MOM100.NS,2022-03-10,30.739999771118164,30.739999771118164,29.479999542236328,29.969999313354492,104515
NIFTY_MIDCAP_100,MOM100.NS,2022-03-11,29.549999237060547,30.299999237060547,29.549999237060547,29.889999389648438,165399
NIFTY_MIDCAP_100,MOM100.NS,2022-03-14,30.0,30.190000534057617,29.600000381469727,29.790000915527344,62984
NIFTY_MIDCAP_100,MOM100.NS,2022-03-15,30.489999771118164,30.489999771118164,29.5,29.649999618530273,94633
NIFTY_MIDCAP_100,MOM100.NS,2022-03-16,29.649999618530273,30.34000015258789,29.649999618530273,30.25,103335
NIFTY_MIDCAP_100,MOM100.NS,2022-03-17,30.75,30.950000762939453,30.399999618530273,30.610000610351562,75895
NIFTY_MIDCAP_100,MOM100.NS,2022-03-21,30.610000610351562,31.149999618530273,30.15999984741211,30.469999313354492,141208
NIFTY_MIDCAP_100,MOM100.NS,2022-03-22,30.729999542236328,30.75,30.149999618530273,30.43000030517578,86614
NIFTY_MIDCAP_100,MOM100.NS,2022-03-23,29.549999237060547,31.149999618530273,29.549999237060547,30.469999313354492,147988
NIFTY_MIDCAP_100,MOM100.NS,2022-03-24,30.600000381469727,30.93000030517578,30.200000762939453,30.8700008392334,74423
NIFTY_MIDCAP_100,MOM100.NS,2022-03-25,31.100000381469727,31.100000381469727,30.520000457763672,30.899999618530273,60453
NIFTY_MIDCAP_100,MOM100.NS,2022-03-28,30.510000228881836,31.200000762939453,30.510000228881836,30.889999389648438,100048
NIFTY_MIDCAP_100,MOM100.NS,2022-03-29,31.5,31.6200008392334,30.549999237060547,30.860000610351562,67145
NIFTY_MIDCAP_100,MOM100.NS,2022-03-30,30.6299991607666,31.479999542236328,30.6299991607666,31.170000076293945,102940
NIFTY_MIDCAP_100,MOM100.NS,2022-03-31,31.299999237060547,31.389999389648438,30.799999237060547,31.280000686645508,70907
NIFTY_MIDCAP_100,MOM100.NS,2022-04-01,31.299999237060547,31.8799991607666,31.100000381469727,31.770000457763672,143129
NIFTY_MIDCAP_100,MOM100.NS,2022-04-04,31.799999237060547,32.4900016784668,31.510000228881836,32.150001525878906,185239
NIFTY_MIDCAP_100,MOM100.NS,2022-04-05,31.850000381469727,32.95000076293945,31.850000381469727,32.90999984741211,152432
NIFTY_MIDCAP_100,MOM100.NS,2022-04-06,33.099998474121094,33.439998626708984,32.5,32.779998779296875,192801
NIFTY_MIDCAP_100,MOM100.NS,2022-04-07,33.25,33.439998626708984,32.40999984741211,32.529998779296875,141962
NIFTY_MIDCAP_100,MOM100.NS,2022-04-08,32.79999923706055,32.9900016784668,32.470001220703125,32.810001373291016,90839
NIFTY_MIDCAP_100,MOM100.NS,2022-04-11,33.400001525878906,33.400001525878906,32.20000076293945,33.04999923706055,76408
NIFTY_MIDCAP_100,MOM100.NS,2022-04-12,32.54999923706055,33.650001525878906,32.349998474121094,32.45000076293945,92314
NIFTY_MIDCAP_100,MOM100.NS,2022-04-13,32.9900016784668,33.0,32.40999984741211,32.61000061035156,49737
NIFTY_MIDCAP_100,MOM100.NS,2022-04-18,32.400001525878906,32.779998779296875,31.809999465942383,32.18000030517578,128408
NIFTY_MIDCAP_100,MOM100.NS,2022-04-19,32.88999938964844,32.88999938964844,31.549999237060547,31.829999923706055,129035
NIFTY_MIDCAP_100,MOM100.NS,2022-04-20,31.850000381469727,32.880001068115234,31.600000381469727,31.8700008392334,152290
NIFTY_MIDCAP_100,MOM100.NS,2022-04-21,32.63999938964844,32.63999938964844,31.8700008392334,32.31999969482422,53733
NIFTY_MIDCAP_100,MOM100.NS,2022-04-22,32.31999969482422,32.34000015258789,31.729999542236328,31.950000762939453,69325
NIFTY_MIDCAP_100,MOM100.NS,2022-04-25,32.5,32.5,31.219999313354492,31.31999969482422,140904
NIFTY_MIDCAP_100,MOM100.NS,2022-04-26,31.889999389648438,32.29999923706055,31.31999969482422,32.0099983215332,61622
NIFTY_MIDCAP_100,MOM100.NS,2022-04-27,32.0099983215332,32.09000015258789,31.31999969482422,31.6299991607666,67978
NIFTY_MIDCAP_100,MOM100.NS,2022-04-28,32.189998626708984,32.189998626708984,31.520000457763672,31.860000610351562,114527
NIFTY_MIDCAP_100,MOM100.NS,2022-04-29,32.349998474121094,32.349998474121094,31.299999237060547,31.420000076293945,99734
NIFTY_MIDCAP_100,MOM100.NS,2022-05-02,31.420000076293945,31.520000457763672,30.90999984741211,31.360000610351562,79052
NIFTY_MIDCAP_100,MOM100.NS,2022-05-04,32.099998474121094,32.95000076293945,30.709999084472656,30.81999969482422,113100
NIFTY_MIDCAP_100,MOM100.NS,2022-05-05,31.190000534057617,31.280000686645508,30.510000228881836,30.649999618530273,123920
NIFTY_MIDCAP_100,MOM100.NS,2022-05-06,30.75,30.75,29.8799991607666,30.25,154918
NIFTY_MIDCAP_100,MOM100.NS,2022-05-09,30.25,30.290000915527344,29.59000015258789,29.709999084472656,190840
NIFTY_MIDCAP_100,MOM100.NS,2022-05-10,29.920000076293945,30.950000762939453,28.719999313354492,28.979999542236328,220357
NIFTY_MIDCAP_100,MOM100.NS,2022-05-11,29.989999771118164,29.989999771118164,28.469999313354492,28.899999618530273,169505
NIFTY_MIDCAP_100,MOM100.NS,2022-05-12,29.489999771118164,29.489999771118164,28.020000457763672,28.40999984741211,203260
NIFTY_MIDCAP_100,MOM100.NS,2022-05-13,29.239999771118164,29.239999771118164,28.450000762939453,28.559999465942383,179652
NIFTY_MIDCAP_100,MOM100.NS,2022-05-16,28.989999771118164,29.09000015258789,28.309999465942383,28.959999084472656,89517
NIFTY_MIDCAP_100,MOM100.NS,2022-05-17,29.950000762939453,29.950000762939453,29.0,29.790000915527344,141370
NIFTY_MIDCAP_100,MOM100.NS,2022-05-18,30.739999771118164,30.739999771118164,29.610000610351562,29.68000030517578,132130
NIFTY_MIDCAP_100,MOM100.NS,2022-05-19,28.850000381469727,29.780000686645508,28.760000228881836,28.8799991607666,87320
NIFTY_MIDCAP_100,MOM100.NS,2022-05-20,29.489999771118164,29.489999771118164,28.8799991607666,29.360000610351562,81979
NIFTY_MIDCAP_100,MOM100.NS,2022-05-23,29.84000015258789,29.899999618530273,29.170000076293945,29.43000030517578,100413
NIFTY_MIDCAP_100,MOM100.NS,2022-05-24,29.739999771118164,29.739999771118164,29.0,29.149999618530273,144993
NIFTY_MIDCAP_100,MOM100.NS,2022-05-25,30.149999618530273,30.149999618530273,28.469999313354492,28.56999969482422,81699
NIFTY_MIDCAP_100,MOM100.NS,2022-05-26,28.979999542236328,28.979999542236328,28.010000228881836,28.670000076293945,104916
NIFTY_MIDCAP_100,MOM100.NS,2022-05-27,29.690000534057617,29.690000534057617,28.760000228881836,29.079999923706055,99818
NIFTY_MIDCAP_100,MOM100.NS,2022-05-30,29.739999771118164,30.06999969482422,29.18000030517578,29.989999771118164,100673
NIFTY_MIDCAP_100,MOM100.NS,2022-05-31,30.190000534057617,30.239999771118164,29.75,29.920000076293945,78154
NIFTY_MIDCAP_100,MOM100.NS,2022-06-01,30.100000381469727,30.299999237060547,29.799999237060547,29.899999618530273,87019
NIFTY_MIDCAP_100,MOM100.NS,2022-06-02,30.649999618530273,30.649999618530273,29.799999237060547,30.110000610351562,56053
NIFTY_MIDCAP_100,MOM100.NS,2022-06-03,30.110000610351562,30.649999618530273,29.68000030517578,29.790000915527344,105953
NIFTY_MIDCAP_100,MOM100.NS,2022-06-06,30.299999237060547,30.299999237060547,29.200000762939453,29.549999237060547,79767
NIFTY_MIDCAP_100,MOM100.NS,2022-06-07,29.75,29.75,29.010000228881836,29.31999969482422,61626
NIFTY_MIDCAP_100,MOM100.NS,2022-06-08,28.59000015258789,29.5,28.59000015258789,29.270000457763672,45767
NIFTY_MIDCAP_100,MOM100.NS,2022-06-09,29.489999771118164,29.489999771118164,28.760000228881836,29.309999465942383,104599
NIFTY_MIDCAP_100,MOM100.NS,2022-06-10,28.610000610351562,29.440000534057617,28.610000610351562,29.219999313354492,393613
NIFTY_MIDCAP_100,MOM100.NS,2022-06-13,29.219999313354492,29.219999313354492,28.010000228881836,28.139999389648438,185602
NIFTY_MIDCAP_100,MOM100.NS,2022-06-14,28.440000534057617,28.670000076293945,28.110000610351562,28.25,99009
NIFTY_MIDCAP_100,MOM100.NS,2022-06-15,28.639999389648438,28.639999389648438,28.110000610351562,28.329999923706055,69347
NIFTY_MIDCAP_100,MOM100.NS,2022-06-16,28.739999771118164,28.739999771118164,27.549999237060547,27.75,298418
NIFTY_MIDCAP_100,MOM100.NS,2022-06-17,27.889999389648438,27.889999389648438,27.09000015258789,27.329999923706055,277571
NIFTY_MIDCAP_100,MOM100.NS,2022-06-20,27.780000686645508,27.780000686645508,26.420000076293945,26.93000030517578,402186
NIFTY_MIDCAP_100,MOM100.NS,2022-06-21,27.239999771118164,27.780000686645508,27.030000686645508,27.6200008392334,151812
NIFTY_MIDCAP_100,MOM100.NS,2022-06-22,27.6200008392334,27.6200008392334,27.020000457763672,27.1299991607666,107766
NIFTY_MIDCAP_100,MOM100.NS,2022-06-23,27.950000762939453,28.549999237060547,27.0,27.6299991607666,296322
NIFTY_MIDCAP_100,MOM100.NS,2022-06-24,27.700000762939453,28.15999984741211,27.670000076293945,27.920000076293945,41009
NIFTY_MIDCAP_100,MOM100.NS,2022-06-27,28.549999237060547,28.549999237060547,28.110000610351562,28.350000381469727,61200
NIFTY_MIDCAP_100,MOM100.NS,2022-06-28,28.399999618530273,28.5,28.059999465942383,28.399999618530273,85300
NIFTY_MIDCAP_100,MOM100.NS,2022-06-29,28.399999618530273,28.489999771118164,27.329999923706055,28.190000534057617,319598
NIFTY_MIDCAP_100,MOM100.NS,2022-06-30,28.489999771118164,28.489999771118164,27.90999984741211,28.030000686645508,51685
NIFTY_MIDCAP_100,MOM100.NS,2022-07-01,28.239999771118164,28.329999923706055,27.399999618530273,28.25,134566
NIFTY_MIDCAP_100,MOM100.NS,2022-07-04,28.579999923706055,28.579999923706055,28.010000228881836,28.270000457763672,59402
NIFTY_MIDCAP_100,MOM100.NS,2022-07-05,28.889999389648438,28.889999389648438,28.15999984741211,28.25,58410
NIFTY_MIDCAP_100,MOM100.NS,2022-07-06,28.989999771118164,28.989999771118164,28.149999618530273,28.790000915527344,383954
NIFTY_MIDCAP_100,MOM100.NS,2022-07-07,29.100000381469727,29.399999618530273,28.799999237060547,29.31999969482422,72073
NIFTY_MIDCAP_100,MOM100.NS,2022-07-08,29.75,29.75,29.010000228881836,29.190000534057617,66456
NIFTY_MIDCAP_100,MOM100.NS,2022-07-11,29.899999618530273,29.899999618530273,29.010000228881836,29.540000915527344,144059
NIFTY_MIDCAP_100,MOM100.NS,2022-07-12,29.540000915527344,29.75,29.260000228881836,29.3700008392334,150663
NIFTY_MIDCAP_100,MOM100.NS,2022-07-13,29.950000762939453,29.950000762939453,29.309999465942383,29.469999313354492,45108
NIFTY_MIDCAP_100,MOM100.NS,2022-07-14,29.950000762939453,29.950000762939453,29.170000076293945,29.420000076293945,65289
NIFTY_MIDCAP_100,MOM100.NS,2022-07-15,29.40999984741211,29.950000762939453,29.15999984741211,29.690000534057617,77661
NIFTY_MIDCAP_100,MOM100.NS,2022-07-18,29.950000762939453,30.219999313354492,29.399999618530273,30.18000030517578,111862
NIFTY_MIDCAP_100,MOM100.NS,2022-07-19,30.600000381469727,30.600000381469727,29.950000762939453,30.270000457763672,73019
NIFTY_MIDCAP_100,MOM100.NS,2022-07-20,31.450000762939453,31.450000762939453,30.299999237060547,30.329999923706055,44205
NIFTY_MIDCAP_100,MOM100.NS,2022-07-21,30.950000762939453,30.950000762939453,30.100000381469727,30.770000457763672,104921
NIFTY_MIDCAP_100,MOM100.NS,2022-07-22,31.100000381469727,31.100000381469727,30.600000381469727,30.799999237060547,58485
NIFTY_MIDCAP_100,MOM100.NS,2022-07-25,30.799999237060547,31.0,30.510000228881836,30.8700008392334,49052
NIFTY_MIDCAP_100,MOM100.NS,2022-07-26,31.0,31.15999984741211,30.309999465942383,30.43000030517578,115885
NIFTY_MIDCAP_100,MOM100.NS,2022-07-27,30.530000686645508,30.950000762939453,30.229999542236328,30.81999969482422,36690
NIFTY_MIDCAP_100,MOM100.NS,2022-07-28,31.0,31.100000381469727,30.65999984741211,30.93000030517578,78039
NIFTY_MIDCAP_100,MOM100.NS,2022-07-29,31.0,31.549999237060547,30.979999542236328,31.3799991607666,199535
NIFTY_MIDCAP_100,MOM100.NS,2022-08-01,31.979999542236328,32.18000030517578,31.25,32.02000045776367,130790
NIFTY_MIDCAP_100,MOM100.NS,2022-08-02,32.20000076293945,32.20000076293945,31.68000030517578,32.02000045776367,95742
NIFTY_MIDCAP_100,MOM100.NS,2022-08-03,32.0,32.130001068115234,31.540000915527344,31.799999237060547,104523
NIFTY_MIDCAP_100,MOM100.NS,2022-08-04,32.119998931884766,32.130001068115234,31.559999465942383,32.0,71915
NIFTY_MIDCAP_100,MOM100.NS,2022-08-05,32.45000076293945,32.45000076293945,31.90999984741211,32.22999954223633,107251
NIFTY_MIDCAP_100,MOM100.NS,2022-08-08,32.54999923706055,33.08000183105469,31.59000015258789,32.9900016784668,361628
NIFTY_MIDCAP_100,MOM100.NS,2022-08-10,32.9900016784668,32.9900016784668,32.04999923706055,32.25,309189
NIFTY_MIDCAP_100,MOM100.NS,2022-08-11,33.95000076293945,33.95000076293945,32.29999923706055,32.47999954223633,151590
NIFTY_MIDCAP_100,MOM100.NS,2022-08-12,32.900001525878906,32.97999954223633,32.29999923706055,32.75,181333
NIFTY_MIDCAP_100,MOM100.NS,2022-08-16,33.650001525878906,33.650001525878906,32.54999923706055,33.189998626708984,139555
NIFTY_MIDCAP_100,MOM100.NS,2022-08-17,33.36000061035156,33.5,32.849998474121094,33.349998474121094,177186
NIFTY_MIDCAP_100,MOM100.NS,2022-08-18,33.43000030517578,33.84000015258789,32.900001525878906,33.41999816894531,530202
NIFTY_MIDCAP_100,MOM100.NS,2022-08-19,33.599998474121094,33.599998474121094,32.72999954223633,32.779998779296875,168730
NIFTY_MIDCAP_100,MOM100.NS,2022-08-22,33.279998779296875,33.279998779296875,32.029998779296875,32.290000915527344,185169
NIFTY_MIDCAP_100,MOM100.NS,2022-08-23,32.650001525878906,32.79999923706055,32.0,32.61000061035156,68734
NIFTY_MIDCAP_100,MOM100.NS,2022-08-24,32.9900016784668,32.9900016784668,32.31999969482422,32.810001373291016,61621
NIFTY_MIDCAP_100,MOM100.NS,2022-08-25,33.4900016784668,33.4900016784668,32.75,32.91999816894531,113914
NIFTY_MIDCAP_100,MOM100.NS,2022-08-26,33.4900016784668,33.4900016784668,32.91999816894531,33.04999923706055,53475
NIFTY_MIDCAP_100,MOM100.NS,2022-08-29,33.0,33.0,31.90999984741211,32.70000076293945,103262
NIFTY_MIDCAP_100,MOM100.NS,2022-08-30,33.43000030517578,33.4900016784668,32.709999084472656,33.36000061035156,1037060
NIFTY_MIDCAP_100,MOM100.NS,2022-09-01,33.45000076293945,33.68000030517578,32.86000061035156,33.349998474121094,129541
NIFTY_MIDCAP_100,MOM100.NS,2022-09-02,33.97999954223633,33.97999954223633,33.2599983215332,33.40999984741211,88437
NIFTY_MIDCAP_100,MOM100.NS,2022-09-05,33.97999954223633,33.97999954223633,33.0,33.45000076293945,60783
NIFTY_MIDCAP_100,MOM100.NS,2022-09-06,33.91999816894531,37.79999923706055,33.310001373291016,34.45000076293945,131529
NIFTY_MIDCAP_100,MOM100.NS,2022-09-07,34.439998626708984,34.439998626708984,33.400001525878906,33.939998626708984,210318
NIFTY_MIDCAP_100,MOM100.NS,2022-09-08,34.95000076293945,34.95000076293945,33.75,33.810001373291016,156616
NIFTY_MIDCAP_100,MOM100.NS,2022-09-09,34.900001525878906,34.900001525878906,33.7599983215332,34.040000915527344,103433
NIFTY_MIDCAP_100,MOM100.NS,2022-09-12,34.2400016784668,34.5,33.2400016784668,34.369998931884766,97905
NIFTY_MIDCAP_100,MOM100.NS,2022-09-13,34.0099983215332,34.900001525878906,33.68000030517578,34.470001220703125,99321
NIFTY_MIDCAP_100,MOM100.NS,2022-09-14,34.400001525878906,34.68000030517578,34.0,34.4900016784668,125700
NIFTY_MIDCAP_100,MOM100.NS,2022-09-15,34.9900016784668,34.9900016784668,34.209999084472656,34.38999938964844,93603
NIFTY_MIDCAP_100,MOM100.NS,2022-09-16,34.9900016784668,34.9900016784668,33.0099983215332,33.560001373291016,187084
NIFTY_MIDCAP_100,MOM100.NS,2022-09-19,34.630001068115234,34.630001068115234,33.209999084472656,33.63999938964844,104219
NIFTY_MIDCAP_100,MOM100.NS,2022-09-20,33.33000183105469,34.45000076293945,33.0099983215332,33.93000030517578,84493
NIFTY_MIDCAP_100,MOM100.NS,2022-09-21,34.68000030517578,34.68000030517578,33.5099983215332,33.599998474121094,163551
NIFTY_MIDCAP_100,MOM100.NS,2022-09-22,34.0,34.0,33.25,33.75,85648
NIFTY_MIDCAP_100,MOM100.NS,2022-09-23,34.400001525878906,34.400001525878906,32.95000076293945,33.18000030517578,166201
NIFTY_MIDCAP_100,MOM100.NS,2022-09-26,33.900001525878906,33.900001525878906,31.809999465942383,31.940000534057617,811421
NIFTY_MIDCAP_100,MOM100.NS,2022-09-27,32.95000076293945,32.95000076293945,31.809999465942383,32.119998931884766,354982
NIFTY_MIDCAP_100,MOM100.NS,2022-09-28,32.7400016784668,32.7400016784668,31.709999084472656,32.04999923706055,133301
NIFTY_MIDCAP_100,MOM100.NS,2022-09-29,33.95000076293945,33.95000076293945,31.90999984741211,32.04999923706055,72423
NIFTY_MIDCAP_100,MOM100.NS,2022-09-30,32.75,32.75,31.809999465942383,32.540000915527344,282135
NIFTY_MIDCAP_100,MOM100.NS,2022-10-03,32.70000076293945,32.70000076293945,31.899999618530273,32.06999969482422,120909
NIFTY_MIDCAP_100,MOM100.NS,2022-10-04,36.20000076293945,36.20000076293945,32.349998474121094,32.849998474121094,178836
NIFTY_MIDCAP_100,MOM100.NS,2022-10-06,34.15999984741211,34.15999984741211,32.81999969482422,33.52000045776367,146764
NIFTY_MIDCAP_100,MOM100.NS,2022-10-07,33.97999954223633,33.97999954223633,33.060001373291016,33.279998779296875,118623
NIFTY_MIDCAP_100,MOM100.NS,2022-10-10,33.86000061035156,33.86000061035156,32.2400016784668,33.02000045776367,115337
NIFTY_MIDCAP_100,MOM100.NS,2022-10-11,34.34000015258789,34.34000015258789,32.349998474121094,32.470001220703125,102215
NIFTY_MIDCAP_100,MOM100.NS,2022-10-12,32.970001220703125,32.970001220703125,32.209999084472656,32.5,74724
NIFTY_MIDCAP_100,MOM100.NS,2022-10-13,33.439998626708984,33.439998626708984,31.989999771118164,32.290000915527344,87281
NIFTY_MIDCAP_100,MOM100.NS,2022-10-14,32.45000076293945,32.959999084472656,32.310001373291016,32.40999984741211,79314
NIFTY_MIDCAP_100,MOM100.NS,2022-10-17,32.95000076293945,32.95000076293945,31.8700008392334,32.290000915527344,80466
NIFTY_MIDCAP_100,MOM100.NS,2022-10-18,32.290000915527344,32.849998474121094,32.25,32.779998779296875,99145
NIFTY_MIDCAP_100,MOM100.NS,2022-10-19,33.18000030517578,33.18000030517578,32.619998931884766,32.70000076293945,64084
NIFTY_MIDCAP_100,MOM100.NS,2022-10-20,32.939998626708984,32.939998626708984,32.5,32.630001068115234,43032
NIFTY_MIDCAP_100,MOM100.NS,2022-10-21,33.5099983215332,33.5099983215332,32.150001525878906,32.4900016784668,58834
NIFTY_MIDCAP_100,MOM100.NS,2022-10-24,33.52000045776367,33.52000045776367,32.5,32.790000915527344,59517
NIFTY_MIDCAP_100,MOM100.NS,2022-10-25,33.40999984741211,33.40999984741211,32.310001373291016,32.810001373291016,105148
NIFTY_MIDCAP_100,MOM100.NS,2022-10-27,33.290000915527344,33.290000915527344,32.619998931884766,32.90999984741211,117270
NIFTY_MIDCAP_100,MOM100.NS,2022-10-28,33.900001525878906,33.900001525878906,32.43000030517578,32.900001525878906,64685
NIFTY_MIDCAP_100,MOM100.NS,2022-10-31,33.5099983215332,33.52000045776367,32.900001525878906,33.279998779296875,95952
NIFTY_MIDCAP_100,MOM100.NS,2022-11-01,33.75,33.75,33.290000915527344,33.630001068115234,87489
NIFTY_MIDCAP_100,MOM100.NS,2022-11-02,34.45000076293945,34.45000076293945,33.13999938964844,33.40999984741211,118993
NIFTY_MIDCAP_100,MOM100.NS,2022-11-03,33.939998626708984,33.939998626708984,33.060001373291016,33.66999816894531,98341
NIFTY_MIDCAP_100,MOM100.NS,2022-11-04,34.40999984741211,34.40999984741211,33.0,33.58000183105469,84085
NIFTY_MIDCAP_100,MOM100.NS,2022-11-07,34.95000076293945,34.95000076293945,33.52000045776367,33.779998779296875,87231
NIFTY_MIDCAP_100,MOM100.NS,2022-11-09,34.41999816894531,34.41999816894531,33.5099983215332,33.58000183105469,160965
NIFTY_MIDCAP_100,MOM100.NS,2022-11-10,34.0,34.0,33.060001373291016,33.189998626708984,111503
NIFTY_MIDCAP_100,MOM100.NS,2022-11-11,34.45000076293945,34.45000076293945,33.189998626708984,33.209999084472656,274267
NIFTY_MIDCAP_100,MOM100.NS,2022-11-14,34.2400016784668,34.2400016784668,33.02000045776367,33.209999084472656,83807
NIFTY_MIDCAP_100,MOM100.NS,2022-11-15,33.9900016784668,33.9900016784668,33.02000045776367,33.22999954223633,60818
NIFTY_MIDCAP_100,MOM100.NS,2022-11-16,33.95000076293945,33.95000076293945,32.970001220703125,33.11000061035156,56058
NIFTY_MIDCAP_100,MOM100.NS,2022-11-17,32.9900016784668,33.689998626708984,32.880001068115234,32.95000076293945,50441
NIFTY_MIDCAP_100,MOM100.NS,2022-11-18,33.900001525878906,33.900001525878906,32.619998931884766,32.77000045776367,59780
NIFTY_MIDCAP_100,MOM100.NS,2022-11-21,37.0,37.0,32.529998779296875,32.66999816894531,183883
NIFTY_MIDCAP_100,MOM100.NS,2022-11-22,33.290000915527344,33.290000915527344,32.540000915527344,32.91999816894531,93206
NIFTY_MIDCAP_100,MOM100.NS,2022-11-23,33.95000076293945,33.95000076293945,32.90999984741211,33.099998474121094,44613
NIFTY_MIDCAP_100,MOM100.NS,2022-11-24,33.95000076293945,33.95000076293945,33.02000045776367,33.15999984741211,30802
NIFTY_MIDCAP_100,MOM100.NS,2022-11-25,33.54999923706055,33.54999923706055,33.0099983215332,33.439998626708984,1356384
NIFTY_MIDCAP_100,MOM100.NS,2022-11-28,33.95000076293945,33.95000076293945,33.02000045776367,33.65999984741211,101600
NIFTY_MIDCAP_100,MOM100.NS,2022-11-29,34.45000076293945,34.45000076293945,33.349998474121094,33.54999923706055,86149
NIFTY_MIDCAP_100,MOM100.NS,2022-11-30,33.95000076293945,34.0,33.5,33.869998931884766,118686
NIFTY_MIDCAP_100,MOM100.NS,2022-12-01,34.400001525878906,34.400001525878906,33.810001373291016,34.18000030517578,134483
NIFTY_MIDCAP_100,MOM100.NS,2022-12-02,34.900001525878906,34.900001525878906,34.06999969482422,34.5,117514
NIFTY_MIDCAP_100,MOM100.NS,2022-12-05,33.599998474121094,35.95000076293945,33.599998474121094,34.630001068115234,163052
NIFTY_MIDCAP_100,MOM100.NS,2022-12-06,34.9900016784668,34.9900016784668,34.20000076293945,34.470001220703125,35790
NIFTY_MIDCAP_100,MOM100.NS,2022-12-07,34.83000183105469,34.83000183105469,34.22999954223633,34.27000045776367,45698
NIFTY_MIDCAP_100,MOM100.NS,2022-12-08,34.75,34.95000076293945,34.11000061035156,34.31999969482422,77631
NIFTY_MIDCAP_100,MOM100.NS,2022-12-09,35.45000076293945,35.45000076293945,34.08000183105469,34.2599983215332,76059
NIFTY_MIDCAP_100,MOM100.NS,2022-12-12,38.0,38.0,33.90999984741211,34.380001068115234,105359
NIFTY_MIDCAP_100,MOM100.NS,2022-12-13,35.400001525878906,35.400001525878906,34.0,34.66999816894531,186897
NIFTY_MIDCAP_100,MOM100.NS,2022-12-14,35.45000076293945,35.45000076293945,34.5099983215332,34.880001068115234,99566
NIFTY_MIDCAP_100,MOM100.NS,2022-12-15,35.45000076293945,35.45000076293945,34.36000061035156,34.47999954223633,102095
NIFTY_MIDCAP_100,MOM100.NS,2022-12-16,34.95000076293945,34.95000076293945,33.77000045776367,33.939998626708984,149889
NIFTY_MIDCAP_100,MOM100.NS,2022-12-19,34.95000076293945,34.95000076293945,33.7400016784668,34.02000045776367,79694
NIFTY_MIDCAP_100,MOM100.NS,2022-12-20,34.95000076293945,34.95000076293945,33.720001220703125,33.869998931884766,51661
NIFTY_MIDCAP_100,MOM100.NS,2022-12-21,34.689998626708984,34.689998626708984,33.310001373291016,33.56999969482422,81326
NIFTY_MIDCAP_100,MOM100.NS,2022-12-22,33.5099983215332,33.720001220703125,32.959999084472656,33.2400016784668,133711
NIFTY_MIDCAP_100,MOM100.NS,2022-12-23,33.59000015258789,33.59000015258789,31.90999984741211,32.029998779296875,247923
NIFTY_MIDCAP_100,MOM100.NS,2022-12-26,32.279998779296875,33.0,31.920000076293945,32.90999984741211,94811
NIFTY_MIDCAP_100,MOM100.NS,2022-12-27,33.369998931884766,33.380001068115234,32.79999923706055,33.13999938964844,64969
NIFTY_MIDCAP_100,MOM100.NS,2022-12-28,33.47999954223633,33.47999954223633,32.61000061035156,33.220001220703125,35221
NIFTY_MIDCAP_100,MOM100.NS,2022-12-29,33.599998474121094,33.63999938964844,32.810001373291016,33.18000030517578,44434
NIFTY_MIDCAP_100,MOM100.NS,2022-12-30,33.88999938964844,33.88999938964844,33.189998626708984,33.439998626708984,45142
NIFTY_MIDCAP_100,MOM100.NS,2023-01-02,33.630001068115234,33.869998931884766,33.290000915527344,33.77000045776367,93848
NIFTY_MIDCAP_100,MOM100.NS,2023-01-03,33.959999084472656,33.9900016784668,33.599998474121094,33.79999923706055,48814
NIFTY_MIDCAP_100,MOM100.NS,2023-01-04,33.81999969482422,33.88999938964844,33.349998474121094,33.40999984741211,88890
NIFTY_MIDCAP_100,MOM100.NS,2023-01-05,33.599998474121094,33.619998931884766,33.150001525878906,33.470001220703125,67152
NIFTY_MIDCAP_100,MOM100.NS,2023-01-06,33.59000015258789,33.599998474121094,33.150001525878906,33.40999984741211,125362
NIFTY_MIDCAP_100,MOM100.NS,2023-01-09,33.5099983215332,33.79999923706055,33.349998474121094,33.5,61627
NIFTY_MIDCAP_100,MOM100.NS,2023-01-10,33.7400016784668,33.7400016784668,33.220001220703125,33.34000015258789,50847
NIFTY_MIDCAP_100,MOM100.NS,2023-01-11,33.900001525878906,33.900001525878906,33.29999923706055,33.36000061035156,36226
NIFTY_MIDCAP_100,MOM100.NS,2023-01-12,33.63999938964844,33.63999938964844,33.0099983215332,33.310001373291016,38071
NIFTY_MIDCAP_100,MOM100.NS,2023-01-13,33.38999938964844,33.400001525878906,33.02000045776367,33.279998779296875,53094
NIFTY_MIDCAP_100,MOM100.NS,2023-01-16,33.9900016784668,33.9900016784668,32.779998779296875,33.20000076293945,63415
NIFTY_MIDCAP_100,MOM100.NS,2023-01-17,33.900001525878906,33.900001525878906,32.959999084472656,33.09000015258789,115603
NIFTY_MIDCAP_100,MOM100.NS,2023-01-18,33.95000076293945,33.95000076293945,33.029998779296875,33.349998474121094,520193
NIFTY_MIDCAP_100,MOM100.NS,2023-01-19,34.349998474121094,34.349998474121094,32.349998474121094,33.2400016784668,36003
NIFTY_MIDCAP_100,MOM100.NS,2023-01-20,33.9900016784668,33.9900016784668,32.77000045776367,33.150001525878906,52426
NIFTY_MIDCAP_100,MOM100.NS,2023-01-23,32.599998474121094,33.41999816894531,32.150001525878906,33.04999923706055,125953
NIFTY_MIDCAP_100,MOM100.NS,2023-01-24,33.9900016784668,33.9900016784668,33.0,33.040000915527344,45259
NIFTY_MIDCAP_100,MOM100.NS,2023-01-25,34.04999923706055,34.04999923706055,32.45000076293945,32.54999923706055,111870
NIFTY_MIDCAP_100,MOM100.NS,2023-01-27,32.560001373291016,32.75,31.700000762939453,32.20000076293945,194410
NIFTY_MIDCAP_100,MOM100.NS,2023-01-30,32.5,32.5,31.799999237060547,32.040000915527344,108178
NIFTY_MIDCAP_100,MOM100.NS,2023-01-31,32.189998626708984,32.97999954223633,31.950000762939453,32.4900016784668,147009
NIFTY_MIDCAP_100,MOM100.NS,2023-02-01,33.45000076293945,33.45000076293945,31.799999237060547,32.36000061035156,129624
NIFTY_MIDCAP_100,MOM100.NS,2023-02-02,31.399999618530273,32.5,31.399999618530273,32.2400016784668,259163
NIFTY_MIDCAP_100,MOM100.NS,2023-02-03,32.40999984741211,32.5099983215332,31.780000686645508,32.209999084472656,86891
NIFTY_MIDCAP_100,MOM100.NS,2023-02-06,33.20000076293945,33.20000076293945,31.799999237060547,32.459999084472656,87405
NIFTY_MIDCAP_100,MOM100.NS,2023-02-07,33.45000076293945,33.45000076293945,32.310001373291016,32.459999084472656,133131
NIFTY_MIDCAP_100,MOM100.NS,2023-02-08,32.7599983215332,32.79999923706055,31.5,32.75,53877
NIFTY_MIDCAP_100,MOM100.NS,2023-02-09,32.25,32.95000076293945,32.11000061035156,32.84000015258789,61885
NIFTY_MIDCAP_100,MOM100.NS,2023-02-10,32.95000076293945,32.97999954223633,32.2599983215332,32.91999816894531,43336
NIFTY_MIDCAP_100,MOM100.NS,2023-02-13,33.900001525878906,33.900001525878906,32.22999954223633,32.5099983215332,94428
NIFTY_MIDCAP_100,MOM100.NS,2023-02-14,32.5099983215332,32.709999084472656,32.119998931884766,32.310001373291016,199810
NIFTY_MIDCAP_100,MOM100.NS,2023-02-15,32.38999938964844,32.939998626708984,32.150001525878906,32.5099983215332,90618
NIFTY_MIDCAP_100,MOM100.NS,2023-02-16,32.810001373291016,33.5,32.52000045776367,32.779998779296875,117223
NIFTY_MIDCAP_100,MOM100.NS,2023-02-17,32.40999984741211,32.95000076293945,32.40999984741211,32.5,381218
NIFTY_MIDCAP_100,MOM100.NS,2023-02-20,33.5,33.5,32.0099983215332,32.599998474121094,169776
NIFTY_MIDCAP_100,MOM100.NS,2023-02-21,32.02000045776367,32.810001373291016,32.02000045776367,32.470001220703125,54911
NIFTY_MIDCAP_100,MOM100.NS,2023-02-22,31.549999237060547,32.45000076293945,31.549999237060547,32.0099983215332,134607
NIFTY_MIDCAP_100,MOM100.NS,2023-02-23,32.099998474121094,32.20000076293945,31.780000686645508,31.959999084472656,74042
NIFTY_MIDCAP_100,MOM100.NS,2023-02-24,32.61000061035156,32.61000061035156,31.860000610351562,31.979999542236328,56626
NIFTY_MIDCAP_100,MOM100.NS,2023-02-27,32.2400016784668,32.2400016784668,31.489999771118164,31.600000381469727,195634
NIFTY_MIDCAP_100,MOM100.NS,2023-02-28,32.400001525878906,32.400001525878906,31.549999237060547,31.790000915527344,162727
NIFTY_MIDCAP_100,MOM100.NS,2023-03-01,32.75,32.75,31.809999465942383,32.38999938964844,125074
NIFTY_MIDCAP_100,MOM100.NS,2023-03-02,33.349998474121094,33.349998474121094,32.31999969482422,32.369998931884766,57906
NIFTY_MIDCAP_100,MOM100.NS,2023-03-03,32.88999938964844,32.88999938964844,32.310001373291016,32.43000030517578,99567
NIFTY_MIDCAP_100,MOM100.NS,2023-03-06,32.880001068115234,33.16999816894531,32.40999984741211,32.880001068115234,469830
NIFTY_MIDCAP_100,MOM100.NS,2023-03-08,33.849998474121094,33.849998474121094,32.52000045776367,32.86000061035156,164696
NIFTY_MIDCAP_100,MOM100.NS,2023-03-09,33.29999923706055,33.29999923706055,32.310001373291016,32.90999984741211,106912
NIFTY_MIDCAP_100,MOM100.NS,2023-03-10,32.7400016784668,32.9900016784668,32.40999984741211,32.650001525878906,76830
NIFTY_MIDCAP_100,MOM100.NS,2023-03-13,32.95000076293945,32.95000076293945,31.899999618530273,31.989999771118164,155860
NIFTY_MIDCAP_100,MOM100.NS,2023-03-14,32.349998474121094,32.349998474121094,31.479999542236328,31.829999923706055,340109
NIFTY_MIDCAP_100,MOM100.NS,2023-03-15,32.79999923706055,32.79999923706055,31.809999465942383,31.860000610351562,451468
NIFTY_MIDCAP_100,MOM100.NS,2023-03-16,32.099998474121094,32.099998474121094,31.5,31.889999389648438,112546
NIFTY_MIDCAP_100,MOM100.NS,2023-03-17,32.380001068115234,32.54999923706055,31.75,31.770000457763672,357014
NIFTY_MIDCAP_100,MOM100.NS,2023-03-20,32.70000076293945,32.70000076293945,31.010000228881836,31.510000228881836,157370
NIFTY_MIDCAP_100,MOM100.NS,2023-03-21,32.45000076293945,32.45000076293945,31.520000457763672,31.719999313354492,86516
NIFTY_MIDCAP_100,MOM100.NS,2023-03-22,32.09000015258789,32.09000015258789,31.65999984741211,31.760000228881836,69788
NIFTY_MIDCAP_100,MOM100.NS,2023-03-23,31.979999542236328,31.979999542236328,31.610000610351562,31.700000762939453,71126
NIFTY_MIDCAP_100,MOM100.NS,2023-03-24,32.13999938964844,32.13999938964844,31.209999084472656,31.309999465942383,438058
NIFTY_MIDCAP_100,MOM100.NS,2023-03-27,32.20000076293945,32.20000076293945,31.110000610351562,31.200000762939453,136096
NIFTY_MIDCAP_100,MOM100.NS,2023-03-28,31.700000762939453,31.700000762939453,30.889999389648438,31.209999084472656,102035
NIFTY_MIDCAP_100,MOM100.NS,2023-03-29,31.3700008392334,32.310001373291016,31.100000381469727,31.850000381469727,94149
NIFTY_MIDCAP_100,MOM100.NS,2023-03-31,32.20000076293945,32.20000076293945,31.520000457763672,31.950000762939453,146247
NIFTY_MIDCAP_100,MOM100.NS,2023-04-03,31.0,32.189998626708984,31.0,31.889999389648438,175919
NIFTY_MIDCAP_100,MOM100.NS,2023-04-05,32.849998474121094,32.849998474121094,31.6200008392334,32.040000915527344,80832
NIFTY_MIDCAP_100,MOM100.NS,2023-04-06,32.27000045776367,32.27000045776367,31.90999984741211,32.06999969482422,219555
NIFTY_MIDCAP_100,MOM100.NS,2023-04-10,33.0,33.0,31.100000381469727,32.290000915527344,135387
NIFTY_MIDCAP_100,MOM100.NS,2023-04-11,33.0,33.0,32.02000045776367,32.459999084472656,147840
NIFTY_MIDCAP_100,MOM100.NS,2023-04-12,32.95000076293945,32.95000076293945,32.459999084472656,32.599998474121094,75704
NIFTY_MIDCAP_100,MOM100.NS,2023-04-13,32.790000915527344,32.79999923706055,32.5099983215332,32.61000061035156,66177
NIFTY_MIDCAP_100,MOM100.NS,2023-04-17,33.45000076293945,33.45000076293945,32.20000076293945,32.7599983215332,82423
NIFTY_MIDCAP_100,MOM100.NS,2023-04-18,32.900001525878906,33.119998931884766,32.75,33.029998779296875,83035
NIFTY_MIDCAP_100,MOM100.NS,2023-04-19,33.189998626708984,33.189998626708984,32.91999816894531,33.0099983215332,69233
NIFTY_MIDCAP_100,MOM100.NS,2023-04-20,33.380001068115234,33.380001068115234,32.95000076293945,33.0,49833
NIFTY_MIDCAP_100,MOM100.NS,2023-04-21,32.86000061035156,33.189998626708984,32.810001373291016,32.900001525878906,48872
NIFTY_MIDCAP_100,MOM100.NS,2023-04-24,32.900001525878906,33.16999816894531,32.34000015258789,33.11000061035156,84585
NIFTY_MIDCAP_100,MOM100.NS,2023-04-25,33.349998474121094,33.349998474121094,32.81999969482422,33.04999923706055,35975
NIFTY_MIDCAP_100,MOM100.NS,2023-04-26,33.18000030517578,33.20000076293945,32.86000061035156,33.150001525878906,81310
NIFTY_MIDCAP_100,MOM100.NS,2023-04-27,33.380001068115234,33.470001220703125,33.02000045776367,33.369998931884766,492909
NIFTY_MIDCAP_100,MOM100.NS,2023-04-28,33.47999954223633,33.65999984741211,33.040000915527344,33.59000015258789,117939
NIFTY_MIDCAP_100,MOM100.NS,2023-05-02,33.91999816894531,34.13999938964844,33.400001525878906,34.060001373291016,281109
NIFTY_MIDCAP_100,MOM100.NS,2023-05-03,33.95000076293945,34.13999938964844,33.790000915527344,34.0,50471
NIFTY_MIDCAP_100,MOM100.NS,2023-05-04,34.119998931884766,34.38999938964844,33.91999816894531,34.29999923706055,105197
NIFTY_MIDCAP_100,MOM100.NS,2023-05-05,34.47999954223633,34.47999954223633,34.08000183105469,34.2599983215332,88494
NIFTY_MIDCAP_100,MOM100.NS,2023-05-08,34.400001525878906,34.59000015258789,34.2599983215332,34.5,63480
NIFTY_MIDCAP_100,MOM100.NS,2023-05-09,35.54999923706055,35.54999923706055,34.2599983215332,34.34000015258789,202475
NIFTY_MIDCAP_100,MOM100.NS,2023-05-10,35.349998474121094,35.349998474121094,34.25,34.459999084472656,46801
NIFTY_MIDCAP_100,MOM100.NS,2023-05-11,34.4900016784668,34.70000076293945,34.369998931884766,34.619998931884766,56044
NIFTY_MIDCAP_100,MOM100.NS,2023-05-12,34.810001373291016,34.810001373291016,34.279998779296875,34.36000061035156,387625
NIFTY_MIDCAP_100,MOM100.NS,2023-05-15,34.599998474121094,34.689998626708984,34.33000183105469,34.560001373291016,87109
NIFTY_MIDCAP_100,MOM100.NS,2023-05-16,34.95000076293945,34.95000076293945,34.560001373291016,34.689998626708984,188776
NIFTY_MIDCAP_100,MOM100.NS,2023-05-17,34.970001220703125,34.970001220703125,34.470001220703125,34.59000015258789,133721
NIFTY_MIDCAP_100,MOM100.NS,2023-05-18,34.95000076293945,34.9900016784668,34.400001525878906,34.47999954223633,53687
NIFTY_MIDCAP_100,MOM100.NS,2023-05-19,34.75,34.880001068115234,34.15999984741211,34.380001068115234,148710
NIFTY_MIDCAP_100,MOM100.NS,2023-05-22,33.349998474121094,34.77000045776367,33.349998474121094,34.68000030517578,294408
NIFTY_MIDCAP_100,MOM100.NS,2023-05-23,34.560001373291016,35.0,34.560001373291016,34.869998931884766,82128
NIFTY_MIDCAP_100,MOM100.NS,2023-05-24,34.9900016784668,35.150001525878906,34.75,34.90999984741211,81483
NIFTY_MIDCAP_100,MOM100.NS,2023-05-25,34.970001220703125,35.150001525878906,33.849998474121094,35.04999923706055,33879
NIFTY_MIDCAP_100,MOM100.NS,2023-05-26,35.040000915527344,35.5,35.0099983215332,35.369998931884766,162016
NIFTY_MIDCAP_100,MOM100.NS,2023-05-29,35.75,36.099998474121094,35.380001068115234,35.65999984741211,235644
NIFTY_MIDCAP_100,MOM100.NS,2023-05-30,36.099998474121094,36.45000076293945,35.5,35.7599983215332,90472
NIFTY_MIDCAP_100,MOM100.NS,2023-05-31,35.81999969482422,35.9900016784668,35.5099983215332,35.70000076293945,222967
NIFTY_MIDCAP_100,MOM100.NS,2023-06-01,35.939998626708984,36.04999923706055,35.709999084472656,35.970001220703125,116426
NIFTY_MIDCAP_100,MOM100.NS,2023-06-02,36.349998474121094,36.470001220703125,35.900001525878906,36.08000183105469,2669960
NIFTY_MIDCAP_100,MOM100.NS,2023-06-05,37.150001525878906,37.150001525878906,36.02000045776367,36.11000061035156,281844
NIFTY_MIDCAP_100,MOM100.NS,2023-06-06,36.400001525878906,36.400001525878906,35.65999984741211,36.02000045776367,120018
NIFTY_MIDCAP_100,MOM100.NS,2023-06-07,36.34000015258789,36.470001220703125,35.79999923706055,36.400001525878906,93249
NIFTY_MIDCAP_100,MOM100.NS,2023-06-08,36.459999084472656,36.880001068115234,36.060001373291016,36.209999084472656,216572
NIFTY_MIDCAP_100,MOM100.NS,2023-06-09,36.9900016784668,36.9900016784668,36.15999984741211,36.310001373291016,114878
NIFTY_MIDCAP_100,MOM100.NS,2023-06-12,36.63999938964844,36.63999938964844,35.959999084472656,36.470001220703125,119889
NIFTY_MIDCAP_100,MOM100.NS,2023-06-13,36.56999969482422,36.900001525878906,36.349998474121094,36.779998779296875,109053
NIFTY_MIDCAP_100,MOM100.NS,2023-06-14,37.20000076293945,37.689998626708984,36.84000015258789,36.9900016784668,130333
NIFTY_MIDCAP_100,MOM100.NS,2023-06-15,37.290000915527344,37.290000915527344,36.5099983215332,37.08000183105469,145372
NIFTY_MIDCAP_100,MOM100.NS,2023-06-16,37.220001220703125,37.9900016784668,37.09000015258789,37.27000045776367,1089588
NIFTY_MIDCAP_100,MOM100.NS,2023-06-19,37.75,37.75,37.25,37.380001068115234,119439
NIFTY_MIDCAP_100,MOM100.NS,2023-06-20,37.779998779296875,37.779998779296875,37.11000061035156,37.52000045776367,99558
NIFTY_MIDCAP_100,MOM100.NS,2023-06-21,37.529998779296875,37.9900016784668,37.209999084472656,37.779998779296875,165645
NIFTY_MIDCAP_100,MOM100.NS,2023-06-22,37.970001220703125,37.97999954223633,37.2400016784668,37.41999816894531,149289
NIFTY_MIDCAP_100,MOM100.NS,2023-06-23,37.52000045776367,37.7599983215332,36.86000061035156,36.9900016784668,171344
NIFTY_MIDCAP_100,MOM100.NS,2023-06-26,38.099998474121094,38.099998474121094,36.689998626708984,37.16999816894531,83076
NIFTY_MIDCAP_100,MOM100.NS,2023-06-27,37.04999923706055,37.599998474121094,37.04999923706055,37.47999954223633,55962
NIFTY_MIDCAP_100,MOM100.NS,2023-06-28,37.5,37.779998779296875,37.47999954223633,37.599998474121094,87656
NIFTY_MIDCAP_100,MOM100.NS,2023-06-30,38.20000076293945,38.20000076293945,37.310001373291016,38.0,134533
NIFTY_MIDCAP_100,MOM100.NS,2023-07-03,38.400001525878906,38.439998626708984,37.93000030517578,38.11000061035156,173493
NIFTY_MIDCAP_100,MOM100.NS,2023-07-04,36.95000076293945,38.79999923706055,36.95000076293945,37.91999816894531,133533
NIFTY_MIDCAP_100,MOM100.NS,2023-07-05,38.400001525878906,38.400001525878906,38.0,38.22999954223633,177398
NIFTY_MIDCAP_100,MOM100.NS,2023-07-06,38.52000045776367,40.41999816894531,37.72999954223633,38.58000183105469,373989
NIFTY_MIDCAP_100,MOM100.NS,2023-07-07,38.58000183105469,38.779998779296875,38.18000030517578,38.34000015258789,145378
NIFTY_MIDCAP_100,MOM100.NS,2023-07-10,38.95000076293945,39.880001068115234,37.20000076293945,38.189998626708984,238924
NIFTY_MIDCAP_100,MOM100.NS,2023-07-11,39.349998474121094,39.349998474121094,37.04999923706055,38.529998779296875,170443
NIFTY_MIDCAP_100,MOM100.NS,2023-07-12,38.52000045776367,39.439998626708984,38.310001373291016,38.70000076293945,174916
NIFTY_MIDCAP_100,MOM100.NS,2023-07-13,39.20000076293945,39.20000076293945,38.29999923706055,38.560001373291016,141378
NIFTY_MIDCAP_100,MOM100.NS,2023-07-14,38.849998474121094,39.18000030517578,38.349998474121094,38.72999954223633,126370
NIFTY_MIDCAP_100,MOM100.NS,2023-07-17,39.2400016784668,39.2400016784668,38.400001525878906,38.849998474121094,144055
NIFTY_MIDCAP_100,MOM100.NS,2023-07-18,39.29999923706055,39.29999923706055,38.70000076293945,38.93000030517578,89689
NIFTY_MIDCAP_100,MOM100.NS,2023-07-19,39.2400016784668,39.79999923706055,38.900001525878906,39.060001373291016,91452
NIFTY_MIDCAP_100,MOM100.NS,2023-07-20,39.5099983215332,39.5099983215332,39.06999969482422,39.18000030517578,120517
NIFTY_MIDCAP_100,MOM100.NS,2023-07-21,39.15999984741211,39.400001525878906,38.79999923706055,39.09000015258789,355927
NIFTY_MIDCAP_100,MOM100.NS,2023-07-24,40.25,40.25,39.02000045776367,39.150001525878906,228777
NIFTY_MIDCAP_100,MOM100.NS,2023-07-25,39.650001525878906,39.650001525878906,38.91999816894531,39.130001068115234,165339
NIFTY_MIDCAP_100,MOM100.NS,2023-07-26,39.47999954223633,39.4900016784668,39.16999816894531,39.38999938964844,114212
NIFTY_MIDCAP_100,MOM100.NS,2023-07-27,39.7400016784668,39.7400016784668,39.2599983215332,39.529998779296875,145911
NIFTY_MIDCAP_100,MOM100.NS,2023-07-28,40.599998474121094,40.599998474121094,39.380001068115234,39.68000030517578,117789
NIFTY_MIDCAP_100,MOM100.NS,2023-07-31,40.849998474121094,40.849998474121094,39.63999938964844,39.97999954223633,185856
NIFTY_MIDCAP_100,MOM100.NS,2023-08-01,39.099998474121094,40.939998626708984,39.099998474121094,40.16999816894531,99029
NIFTY_MIDCAP_100,MOM100.NS,2023-08-02,40.900001525878906,40.900001525878906,39.20000076293945,39.63999938964844,232602
NIFTY_MIDCAP_100,MOM100.NS,2023-08-03,40.599998474121094,40.599998474121094,38.95000076293945,39.560001373291016,635774
NIFTY_MIDCAP_100,MOM100.NS,2023-08-04,39.9900016784668,40.130001068115234,39.56999969482422,39.95000076293945,108082
NIFTY_MIDCAP_100,MOM100.NS,2023-08-07,40.5,40.5,39.939998626708984,40.27000045776367,274109
NIFTY_MIDCAP_100,MOM100.NS,2023-08-08,41.20000076293945,41.20000076293945,39.95000076293945,40.2599983215332,118934
NIFTY_MIDCAP_100,MOM100.NS,2023-08-09,40.5,40.7400016784668,39.63999938964844,40.5,103294
NIFTY_MIDCAP_100,MOM100.NS,2023-08-10,41.20000076293945,41.20000076293945,39.43000030517578,39.72999954223633,207115
NIFTY_MIDCAP_100,MOM100.NS,2023-08-11,40.900001525878906,40.900001525878906,40.0,40.310001373291016,244364
NIFTY_MIDCAP_100,MOM100.NS,2023-08-14,40.709999084472656,40.709999084472656,39.2599983215332,40.22999954223633,188999
NIFTY_MIDCAP_100,MOM100.NS,2023-08-16,40.22999954223633,41.45000076293945,40.0,40.220001220703125,96683
NIFTY_MIDCAP_100,MOM100.NS,2023-08-17,40.7400016784668,40.7400016784668,40.0099983215332,40.33000183105469,150801
NIFTY_MIDCAP_100,MOM100.NS,2023-08-18,40.900001525878906,40.900001525878906,39.709999084472656,40.279998779296875,97292
NIFTY_MIDCAP_100,MOM100.NS,2023-08-21,41.45000076293945,41.45000076293945,39.099998474121094,40.630001068115234,86234
NIFTY_MIDCAP_100,MOM100.NS,2023-08-22,41.849998474121094,41.849998474121094,40.36000061035156,40.959999084472656,111492
NIFTY_MIDCAP_100,MOM100.NS,2023-08-23,41.45000076293945,41.45000076293945,40.099998474121094,41.27000045776367,120878
NIFTY_MIDCAP_100,MOM100.NS,2023-08-24,41.93000030517578,41.93000030517578,41.189998626708984,41.22999954223633,210415
NIFTY_MIDCAP_100,MOM100.NS,2023-08-25,41.63999938964844,41.63999938964844,40.81999969482422,41.02000045776367,147930
NIFTY_MIDCAP_100,MOM100.NS,2023-08-28,41.599998474121094,41.599998474121094,40.029998779296875,41.119998931884766,129301
NIFTY_MIDCAP_100,MOM100.NS,2023-08-29,41.56999969482422,41.56999969482422,41.11000061035156,41.36000061035156,66639
NIFTY_MIDCAP_100,MOM100.NS,2023-08-30,42.599998474121094,42.599998474121094,40.13999938964844,41.61000061035156,57903
NIFTY_MIDCAP_100,MOM100.NS,2023-08-31,41.689998626708984,41.75,41.5,41.599998474121094,141118
NIFTY_MIDCAP_100,MOM100.NS,2023-09-01,42.189998626708984,42.189998626708984,41.599998474121094,41.9900016784668,205562
NIFTY_MIDCAP_100,MOM100.NS,2023-09-04,43.25,43.279998779296875,41.90999984741211,42.5,203031
NIFTY_MIDCAP_100,MOM100.NS,2023-09-05,43.79999923706055,43.79999923706055,42.54999923706055,42.900001525878906,157111
NIFTY_MIDCAP_100,MOM100.NS,2023-09-06,43.5,43.5,42.650001525878906,42.93000030517578,150067
NIFTY_MIDCAP_100,MOM100.NS,2023-09-07,44.20000076293945,44.20000076293945,42.689998626708984,43.150001525878906,131184
NIFTY_MIDCAP_100,MOM100.NS,2023-09-08,44.45000076293945,44.45000076293945,43.15999984741211,43.650001525878906,160825
NIFTY_MIDCAP_100,MOM100.NS,2023-09-11,44.400001525878906,44.400001525878906,43.16999816894531,44.029998779296875,227581
NIFTY_MIDCAP_100,MOM100.NS,2023-09-12,44.779998779296875,44.779998779296875,42.599998474121094,42.75,3622161
NIFTY_MIDCAP_100,MOM100.NS,2023-09-13,43.20000076293945,43.20000076293945,42.20000076293945,42.83000183105469,218338
NIFTY_MIDCAP_100,MOM100.NS,2023-09-14,43.79999923706055,43.79999923706055,42.83000183105469,43.220001220703125,118387
NIFTY_MIDCAP_100,MOM100.NS,2023-09-15,43.43000030517578,43.630001068115234,43.22999954223633,43.43000030517578,147053
NIFTY_MIDCAP_100,MOM100.NS,2023-09-18,43.79999923706055,43.869998931884766,42.84000015258789,43.25,159512
NIFTY_MIDCAP_100,MOM100.NS,2023-09-20,43.25,43.68000030517578,42.88999938964844,43.18000030517578,97725
NIFTY_MIDCAP_100,MOM100.NS,2023-09-21,41.900001525878906,43.9900016784668,41.900001525878906,42.81999969482422,115893
NIFTY_MIDCAP_100,MOM100.NS,2023-09-22,42.83000183105469,43.20000076293945,42.380001068115234,42.810001373291016,187700
NIFTY_MIDCAP_100,MOM100.NS,2023-09-25,43.95000076293945,43.95000076293945,42.5099983215332,42.91999816894531,154707
NIFTY_MIDCAP_100,MOM100.NS,2023-09-26,43.4900016784668,43.4900016784668,42.75,43.0,117063
NIFTY_MIDCAP_100,MOM100.NS,2023-09-27,43.59000015258789,43.59000015258789,42.90999984741211,43.2400016784668,161820
NIFTY_MIDCAP_100,MOM100.NS,2023-09-28,43.4900016784668,43.4900016784668,42.70000076293945,42.779998779296875,120022
NIFTY_MIDCAP_100,MOM100.NS,2023-09-29,43.22999954223633,43.400001525878906,42.68000030517578,43.27000045776367,178273
NIFTY_MIDCAP_100,MOM100.NS,2023-10-03,44.400001525878906,44.400001525878906,43.0,43.33000183105469,152095
NIFTY_MIDCAP_100,MOM100.NS,2023-10-04,43.720001220703125,43.720001220703125,42.349998474121094,42.779998779296875,142472
NIFTY_MIDCAP_100,MOM100.NS,2023-10-05,43.4900016784668,43.4900016784668,42.5,42.560001373291016,120535
NIFTY_MIDCAP_100,MOM100.NS,2023-10-06,43.849998474121094,43.849998474121094,41.81999969482422,42.97999954223633,78675
NIFTY_MIDCAP_100,MOM100.NS,2023-10-09,43.2400016784668,44.43000030517578,41.79999923706055,42.43000030517578,281325
NIFTY_MIDCAP_100,MOM100.NS,2023-10-10,41.150001525878906,43.70000076293945,41.150001525878906,42.79999923706055,162659
NIFTY_MIDCAP_100,MOM100.NS,2023-10-11,43.59000015258789,43.599998474121094,42.810001373291016,43.189998626708984,160178
NIFTY_MIDCAP_100,MOM100.NS,2023-10-12,41.900001525878906,43.79999923706055,41.900001525878906,43.16999816894531,46214
NIFTY_MIDCAP_100,MOM100.NS,2023-10-13,43.88999938964844,43.95000076293945,42.540000915527344,42.959999084472656,203717
NIFTY_MIDCAP_100,MOM100.NS,2023-10-16,43.59000015258789,43.59000015258789,42.54999923706055,43.220001220703125,72509
NIFTY_MIDCAP_100,MOM100.NS,2023-10-17,43.95000076293945,43.95000076293945,43.209999084472656,43.40999984741211,59782
NIFTY_MIDCAP_100,MOM100.NS,2023-10-18,43.41999816894531,43.88999938964844,42.83000183105469,43.0099983215332,88750
NIFTY_MIDCAP_100,MOM100.NS,2023-10-19,43.70000076293945,43.70000076293945,42.529998779296875,42.97999954223633,84292
NIFTY_MIDCAP_100,MOM100.NS,2023-10-20,42.97999954223633,43.310001373291016,42.15999984741211,42.4900016784668,116196
NIFTY_MIDCAP_100,MOM100.NS,2023-10-23,43.45000076293945,43.45000076293945,41.20000076293945,41.43000030517578,305804
NIFTY_MIDCAP_100,MOM100.NS,2023-10-25,42.650001525878906,44.400001525878906,40.689998626708984,41.599998474121094,947836
NIFTY_MIDCAP_100,MOM100.NS,2023-10-26,42.0,42.0,40.13999938964844,40.86000061035156,426822
NIFTY_MIDCAP_100,MOM100.NS,2023-10-27,41.59000015258789,41.599998474121094,40.25,41.27000045776367,197979
NIFTY_MIDCAP_100,MOM100.NS,2023-10-30,42.09000015258789,42.5,40.099998474121094,41.349998474121094,202203
NIFTY_MIDCAP_100,MOM100.NS,2023-10-31,41.36000061035156,42.18000030517578,41.209999084472656,41.38999938964844,134830
NIFTY_MIDCAP_100,MOM100.NS,2023-11-01,42.290000915527344,42.290000915527344,41.29999923706055,41.4900016784668,85103
NIFTY_MIDCAP_100,MOM100.NS,2023-11-02,42.75,42.75,41.4900016784668,41.779998779296875,83254
NIFTY_MIDCAP_100,MOM100.NS,2023-11-03,42.849998474121094,42.849998474121094,41.22999954223633,42.08000183105469,130620
NIFTY_MIDCAP_100,MOM100.NS,2023-11-06,42.849998474121094,42.849998474121094,42.0,42.369998931884766,90652
NIFTY_MIDCAP_100,MOM100.NS,2023-11-07,42.849998474121094,42.849998474121094,42.09000015258789,42.54999923706055,100591
NIFTY_MIDCAP_100,MOM100.NS,2023-11-08,42.52000045776367,43.20000076293945,42.52000045776367,42.959999084472656,124561
NIFTY_MIDCAP_100,MOM100.NS,2023-11-09,42.95000076293945,43.41999816894531,42.90999984741211,43.09000015258789,112553
NIFTY_MIDCAP_100,MOM100.NS,2023-11-10,43.41999816894531,43.41999816894531,42.95000076293945,43.27000045776367,95398
NIFTY_MIDCAP_100,MOM100.NS,2023-11-13,42.84000015258789,43.7400016784668,42.84000015258789,43.54999923706055,131681
NIFTY_MIDCAP_100,MOM100.NS,2023-11-15,44.849998474121094,44.849998474121094,43.11000061035156,43.95000076293945,223227
NIFTY_MIDCAP_100,MOM100.NS,2023-11-16,44.95000076293945,44.95000076293945,43.5099983215332,44.43000030517578,197147
NIFTY_MIDCAP_100,MOM100.NS,2023-11-17,43.099998474121094,44.869998931884766,43.099998474121094,44.54999923706055,129514
NIFTY_MIDCAP_100,MOM100.NS,2023-11-20,44.04999923706055,44.939998626708984,44.04999923706055,44.560001373291016,135768
NIFTY_MIDCAP_100,MOM100.NS,2023-11-21,45.400001525878906,45.400001525878906,44.47999954223633,44.619998931884766,133516
NIFTY_MIDCAP_100,MOM100.NS,2023-11-22,45.20000076293945,45.20000076293945,44.349998474121094,44.689998626708984,157013
NIFTY_MIDCAP_100,MOM100.NS,2023-11-23,44.5099983215332,44.93000030517578,44.5099983215332,44.68000030517578,146830
NIFTY_MIDCAP_100,MOM100.NS,2023-11-24,44.68000030517578,45.04999923706055,44.5,44.72999954223633,101230
NIFTY_MIDCAP_100,MOM100.NS,2023-11-28,45.34000015258789,45.34000015258789,44.72999954223633,44.959999084472656,172787
NIFTY_MIDCAP_100,MOM100.NS,2023-11-29,45.279998779296875,45.40999984741211,45.02000045776367,45.349998474121094,159705
NIFTY_MIDCAP_100,MOM100.NS,2023-11-30,45.75,45.849998474121094,45.16999816894531,45.70000076293945,301591
NIFTY_MIDCAP_100,MOM100.NS,2023-12-01,46.13999938964844,46.310001373291016,45.70000076293945,46.209999084472656,179820
NIFTY_MIDCAP_100,MOM100.NS,2023-12-04,47.599998474121094,48.0,46.400001525878906,47.150001525878906,317502
NIFTY_MIDCAP_100,MOM100.NS,2023-12-05,47.900001525878906,47.900001525878906,46.599998474121094,47.279998779296875,339236
NIFTY_MIDCAP_100,MOM100.NS,2023-12-06,47.900001525878906,47.900001525878906,46.900001525878906,47.15999984741211,162203
NIFTY_MIDCAP_100,MOM100.NS,2023-12-07,47.650001525878906,48.599998474121094,46.95000076293945,47.459999084472656,95381
NIFTY_MIDCAP_100,MOM100.NS,2023-12-08,47.95000076293945,47.95000076293945,46.91999816894531,47.380001068115234,162487
NIFTY_MIDCAP_100,MOM100.NS,2023-12-11,48.79999923706055,48.79999923706055,47.38999938964844,47.65999984741211,222088
NIFTY_MIDCAP_100,MOM100.NS,2023-12-12,47.70000076293945,47.91999816894531,47.25,47.52000045776367,151353
NIFTY_MIDCAP_100,MOM100.NS,2023-12-13,47.97999954223633,47.97999954223633,47.29999923706055,47.779998779296875,119380
NIFTY_MIDCAP_100,MOM100.NS,2023-12-14,47.97999954223633,48.650001525878906,47.97999954223633,48.56999969482422,199993
NIFTY_MIDCAP_100,MOM100.NS,2023-12-15,48.86000061035156,51.0,48.439998626708984,48.97999954223633,238923
NIFTY_MIDCAP_100,MOM100.NS,2023-12-18,49.79999923706055,49.79999923706055,48.34000015258789,48.72999954223633,282152
NIFTY_MIDCAP_100,MOM100.NS,2023-12-19,50.20000076293945,50.20000076293945,48.2599983215332,48.54999923706055,485569
NIFTY_MIDCAP_100,MOM100.NS,2023-12-20,49.5,49.5,47.0,47.15999984741211,629832
NIFTY_MIDCAP_100,MOM100.NS,2023-12-21,48.45000076293945,48.45000076293945,46.11000061035156,47.72999954223633,184029
NIFTY_MIDCAP_100,MOM100.NS,2023-12-22,48.45000076293945,49.45000076293945,47.5099983215332,48.02000045776367,353171
NIFTY_MIDCAP_100,MOM100.NS,2023-12-26,48.70000076293945,49.25,47.810001373291016,48.18000030517578,211509
NIFTY_MIDCAP_100,MOM100.NS,2023-12-27,48.189998626708984,48.77000045776367,48.189998626708984,48.56999969482422,270170
NIFTY_MIDCAP_100,MOM100.NS,2023-12-28,50.0,50.0,48.56999969482422,48.91999816894531,185858
NIFTY_MIDCAP_100,MOM100.NS,2023-12-29,50.400001525878906,50.400001525878906,48.650001525878906,49.22999954223633,321089
NIFTY_MIDCAP_100,MOM100.NS,2024-01-01,50.0,50.0,48.9900016784668,49.5,211423
NIFTY_MIDCAP_100,MOM100.NS,2024-01-02,51.0,51.0,48.91999816894531,49.220001220703125,369986
NIFTY_MIDCAP_100,MOM100.NS,2024-01-03,50.70000076293945,50.70000076293945,48.52000045776367,49.779998779296875,250021
NIFTY_MIDCAP_100,MOM100.NS,2024-01-04,51.25,51.25,49.099998474121094,50.29999923706055,478031
NIFTY_MIDCAP_100,MOM100.NS,2024-01-05,50.95000076293945,50.95000076293945,50.11000061035156,50.5099983215332,254867
NIFTY_MIDCAP_100,MOM100.NS,2024-01-08,51.29999923706055,51.29999923706055,49.79999923706055,50.02000045776367,244648
NIFTY_MIDCAP_100,MOM100.NS,2024-01-09,50.70000076293945,50.70000076293945,49.93000030517578,50.06999969482422,123931
NIFTY_MIDCAP_100,MOM100.NS,2024-01-10,51.400001525878906,51.400001525878906,49.65999984741211,50.09000015258789,134925
NIFTY_MIDCAP_100,MOM100.NS,2024-01-11,50.900001525878906,50.900001525878906,50.0099983215332,50.38999938964844,135051
NIFTY_MIDCAP_100,MOM100.NS,2024-01-12,50.4900016784668,50.880001068115234,50.400001525878906,50.619998931884766,116858
NIFTY_MIDCAP_100,MOM100.NS,2024-01-15,50.619998931884766,50.619998931884766,50.619998931884766,50.619998931884766,0
NIFTY_MIDCAP_100,MOM100.NS,2024-01-16,51.11000061035156,51.439998626708984,50.400001525878906,50.81999969482422,208922
NIFTY_MIDCAP_100,MOM100.NS,2024-01-17,52.349998474121094,52.5,50.099998474121094,50.7400016784668,189933
NIFTY_MIDCAP_100,MOM100.NS,2024-01-18,50.7400016784668,50.7400016784668,48.709999084472656,50.279998779296875,546033
NIFTY_MIDCAP_100,MOM100.NS,2024-01-19,50.75,51.5,50.34000015258789,50.83000183105469,181575
NIFTY_MIDCAP_100,MOM100.NS,2024-01-23,52.09000015258789,52.09000015258789,49.290000915527344,49.959999084472656,541470
NIFTY_MIDCAP_100,MOM100.NS,2024-01-24,51.43000030517578,51.43000030517578,49.13999938964844,50.58000183105469,277185
NIFTY_MIDCAP_100,MOM100.NS,2024-01-25,50.58000183105469,50.720001220703125,50.0099983215332,50.54999923706055,197296
NIFTY_MIDCAP_100,MOM100.NS,2024-01-29,51.400001525878906,51.400001525878906,50.20000076293945,51.06999969482422,205150
NIFTY_MIDCAP_100,MOM100.NS,2024-01-30,51.29999923706055,51.380001068115234,50.130001068115234,50.599998474121094,248986
NIFTY_MIDCAP_100,MOM100.NS,2024-01-31,51.189998626708984,51.65999984741211,50.75,51.630001068115234,215909
NIFTY_MIDCAP_100,MOM100.NS,2024-02-01,52.959999084472656,52.959999084472656,51.16999816894531,51.470001220703125,236457
NIFTY_MIDCAP_100,MOM100.NS,2024-02-02,52.5,52.5,51.47999954223633,51.68000030517578,192377
NIFTY_MIDCAP_100,MOM100.NS,2024-02-05,52.95000076293945,52.95000076293945,51.439998626708984,51.630001068115234,355168
NIFTY_MIDCAP_100,MOM100.NS,2024-02-06,52.5,52.5,51.060001373291016,52.13999938964844,201959
NIFTY_MIDCAP_100,MOM100.NS,2024-02-07,52.95000076293945,52.95000076293945,51.900001525878906,52.38999938964844,267057
NIFTY_MIDCAP_100,MOM100.NS,2024-02-08,53.16999816894531,53.16999816894531,52.36000061035156,52.619998931884766,269923
NIFTY_MIDCAP_100,MOM100.NS,2024-02-09,53.38999938964844,53.38999938964844,51.220001220703125,52.150001525878906,616565
NIFTY_MIDCAP_100,MOM100.NS,2024-02-12,53.099998474121094,53.099998474121094,50.70000076293945,50.939998626708984,433906
NIFTY_MIDCAP_100,MOM100.NS,2024-02-13,51.369998931884766,51.470001220703125,50.099998474121094,51.040000915527344,399739
NIFTY_MIDCAP_100,MOM100.NS,2024-02-14,51.75,52.54999923706055,50.099998474121094,51.5099983215332,141946
NIFTY_MIDCAP_100,MOM100.NS,2024-02-15,52.880001068115234,52.880001068115234,51.310001373291016,51.9900016784668,182209
NIFTY_MIDCAP_100,MOM100.NS,2024-02-16,52.689998626708984,52.689998626708984,51.619998931884766,52.36000061035156,246457
NIFTY_MIDCAP_100,MOM100.NS,2024-02-19,52.869998931884766,53.29999923706055,52.369998931884766,52.47999954223633,154157
NIFTY_MIDCAP_100,MOM100.NS,2024-02-20,52.880001068115234,52.880001068115234,52.2599983215332,52.47999954223633,245925
NIFTY_MIDCAP_100,MOM100.NS,2024-02-21,52.47999954223633,52.939998626708984,51.7400016784668,51.939998626708984,234288
NIFTY_MIDCAP_100,MOM100.NS,2024-02-22,52.380001068115234,52.400001525878906,51.459999084472656,52.310001373291016,134201
NIFTY_MIDCAP_100,MOM100.NS,2024-02-23,53.11000061035156,53.41999816894531,51.5099983215332,52.56999969482422,195657
NIFTY_MIDCAP_100,MOM100.NS,2024-02-26,53.29999923706055,53.29999923706055,52.08000183105469,52.41999816894531,145992
NIFTY_MIDCAP_100,MOM100.NS,2024-02-27,52.41999816894531,52.880001068115234,52.16999816894531,52.310001373291016,213305
NIFTY_MIDCAP_100,MOM100.NS,2024-02-28,52.61000061035156,52.619998931884766,51.20000076293945,51.61000061035156,371430
NIFTY_MIDCAP_100,MOM100.NS,2024-02-29,52.97999954223633,52.97999954223633,50.79999923706055,51.54999923706055,203591
NIFTY_MIDCAP_100,MOM100.NS,2024-03-01,52.70000076293945,52.70000076293945,51.58000183105469,52.189998626708984,4905820
NIFTY_MIDCAP_100,MOM100.NS,2024-03-04,53.95000076293945,53.95000076293945,52.15999984741211,52.5099983215332,170122
NIFTY_MIDCAP_100,MOM100.NS,2024-03-05,53.900001525878906,53.900001525878906,52.220001220703125,52.380001068115234,122305
NIFTY_MIDCAP_100,MOM100.NS,2024-03-06,52.970001220703125,52.970001220703125,51.400001525878906,51.9900016784668,592902
NIFTY_MIDCAP_100,MOM100.NS,2024-03-07,51.9900016784668,52.900001525878906,51.20000076293945,52.20000076293945,118522
NIFTY_MIDCAP_100,MOM100.NS,2024-03-11,53.75,53.75,51.959999084472656,52.13999938964844,195729
NIFTY_MIDCAP_100,MOM100.NS,2024-03-12,53.70000076293945,54.0,51.09000015258789,51.34000015258789,344568
NIFTY_MIDCAP_100,MOM100.NS,2024-03-13,52.25,52.25,48.709999084472656,49.380001068115234,898580
NIFTY_MIDCAP_100,MOM100.NS,2024-03-14,50.849998474121094,50.849998474121094,48.380001068115234,49.97999954223633,371210
NIFTY_MIDCAP_100,MOM100.NS,2024-03-15,51.5,51.5,49.150001525878906,49.869998931884766,261950
NIFTY_MIDCAP_100,MOM100.NS,2024-03-18,51.349998474121094,51.349998474121094,49.2599983215332,49.68000030517578,374791
NIFTY_MIDCAP_100,MOM100.NS,2024-03-19,51.0,51.0,48.810001373291016,49.0099983215332,298566
NIFTY_MIDCAP_100,MOM100.NS,2024-03-20,50.5,50.5,48.209999084472656,49.060001373291016,168573
NIFTY_MIDCAP_100,MOM100.NS,2024-03-21,49.959999084472656,50.279998779296875,49.099998474121094,50.150001525878906,143209
NIFTY_MIDCAP_100,MOM100.NS,2024-03-22,50.56999969482422,50.790000915527344,49.90999984741211,50.630001068115234,205420
NIFTY_MIDCAP_100,MOM100.NS,2024-03-26,50.630001068115234,51.95000076293945,50.0099983215332,50.95000076293945,185178
NIFTY_MIDCAP_100,MOM100.NS,2024-03-27,51.529998779296875,51.529998779296875,50.599998474121094,50.84000015258789,143660
NIFTY_MIDCAP_100,MOM100.NS,2024-03-28,51.9900016784668,51.9900016784668,50.11000061035156,51.209999084472656,295747
NIFTY_MIDCAP_100,MOM100.NS,2024-04-01,50.84000015258789,52.75,50.84000015258789,52.130001068115234,277482
NIFTY_MIDCAP_100,MOM100.NS,2024-04-02,51.060001373291016,52.72999954223633,51.060001373291016,52.66999816894531,300608
NIFTY_MIDCAP_100,MOM100.NS,2024-04-03,52.97999954223633,52.97999954223633,52.45000076293945,52.900001525878906,226104
NIFTY_MIDCAP_100,MOM100.NS,2024-04-04,52.939998626708984,53.5,52.84000015258789,53.0099983215332,227916
NIFTY_MIDCAP_100,MOM100.NS,2024-04-05,53.75,53.75,52.900001525878906,53.38999938964844,285601
NIFTY_MIDCAP_100,MOM100.NS,2024-04-08,53.5099983215332,53.939998626708984,53.099998474121094,53.41999816894531,315859
NIFTY_MIDCAP_100,MOM100.NS,2024-04-09,54.599998474121094,54.599998474121094,53.02000045776367,53.189998626708984,171770
NIFTY_MIDCAP_100,MOM100.NS,2024-04-10,53.79999923706055,53.79999923706055,53.20000076293945,53.70000076293945,173719
NIFTY_MIDCAP_100,MOM100.NS,2024-04-12,54.08000183105469,54.20000076293945,53.25,53.459999084472656,338195
NIFTY_MIDCAP_100,MOM100.NS,2024-04-15,55.04999923706055,55.04999923706055,50.70000076293945,52.61000061035156,368549
NIFTY_MIDCAP_100,MOM100.NS,2024-04-16,52.65999984741211,52.849998474121094,52.099998474121094,52.58000183105469,137193
NIFTY_MIDCAP_100,MOM100.NS,2024-04-18,53.4900016784668,53.4900016784668,52.04999923706055,52.31999969482422,167878
NIFTY_MIDCAP_100,MOM100.NS,2024-04-19,52.79999923706055,52.79999923706055,51.2400016784668,51.810001373291016,298228
NIFTY_MIDCAP_100,MOM100.NS,2024-04-22,51.099998474121094,52.79999923706055,51.099998474121094,52.439998626708984,103639
NIFTY_MIDCAP_100,MOM100.NS,2024-04-23,51.599998474121094,54.900001525878906,51.599998474121094,53.54999923706055,324430
NIFTY_MIDCAP_100,MOM100.NS,2024-04-24,52.91999816894531,53.5,52.20000076293945,53.36000061035156,208446
NIFTY_MIDCAP_100,MOM100.NS,2024-04-25,53.56999969482422,53.79999923706055,53.0,53.619998931884766,190498
NIFTY_MIDCAP_100,MOM100.NS,2024-04-26,52.0,54.0,52.0,53.88999938964844,290430
NIFTY_MIDCAP_100,MOM100.NS,2024-04-29,55.5,55.5,53.61000061035156,54.13999938964844,274656
NIFTY_MIDCAP_100,MOM100.NS,2024-04-30,53.79999923706055,54.599998474121094,53.70000076293945,54.31999969482422,217570
NIFTY_MIDCAP_100,MOM100.NS,2024-05-02,55.95000076293945,55.95000076293945,54.2599983215332,54.470001220703125,269378
NIFTY_MIDCAP_100,MOM100.NS,2024-05-03,55.599998474121094,55.599998474121094,54.0099983215332,54.400001525878906,275047
NIFTY_MIDCAP_100,MOM100.NS,2024-05-06,55.5,55.5,53.72999954223633,54.099998474121094,257668
NIFTY_MIDCAP_100,MOM100.NS,2024-05-07,55.70000076293945,55.70000076293945,52.619998931884766,53.20000076293945,359610
NIFTY_MIDCAP_100,MOM100.NS,2024-05-08,53.20000076293945,54.0,52.63999938964844,53.459999084472656,179505
NIFTY_MIDCAP_100,MOM100.NS,2024-05-09,55.04999923706055,55.04999923706055,52.45000076293945,53.04999923706055,228035
NIFTY_MIDCAP_100,MOM100.NS,2024-05-10,53.04999923706055,53.060001373291016,51.900001525878906,52.810001373291016,396531
NIFTY_MIDCAP_100,MOM100.NS,2024-05-13,53.79999923706055,54.400001525878906,51.720001220703125,53.029998779296875,243876
NIFTY_MIDCAP_100,MOM100.NS,2024-05-14,53.9900016784668,53.9900016784668,52.310001373291016,53.58000183105469,102247
NIFTY_MIDCAP_100,MOM100.NS,2024-05-15,54.36000061035156,54.36000061035156,53.060001373291016,54.09000015258789,178528
NIFTY_MIDCAP_100,MOM100.NS,2024-05-16,54.099998474121094,54.5,54.029998779296875,54.459999084472656,172688
NIFTY_MIDCAP_100,MOM100.NS,2024-05-17,55.560001373291016,55.560001373291016,54.40999984741211,54.939998626708984,304092
NIFTY_MIDCAP_100,MOM100.NS,2024-05-21,55.77000045776367,56.0,54.900001525878906,55.52000045776367,321386
NIFTY_MIDCAP_100,MOM100.NS,2024-05-22,55.08000183105469,56.45000076293945,55.08000183105469,55.65999984741211,189655
NIFTY_MIDCAP_100,MOM100.NS,2024-05-23,56.290000915527344,56.290000915527344,55.54999923706055,55.810001373291016,239087
NIFTY_MIDCAP_100,MOM100.NS,2024-05-24,55.810001373291016,56.20000076293945,55.0099983215332,55.849998474121094,227630
NIFTY_MIDCAP_100,MOM100.NS,2024-05-27,56.279998779296875,56.540000915527344,55.86000061035156,56.20000076293945,282879
NIFTY_MIDCAP_100,MOM100.NS,2024-05-28,57.29999923706055,57.29999923706055,55.540000915527344,55.810001373291016,259382
NIFTY_MIDCAP_100,MOM100.NS,2024-05-29,55.099998474121094,56.5,55.099998474121094,55.58000183105469,289216
NIFTY_MIDCAP_100,MOM100.NS,2024-05-30,55.0,56.47999954223633,54.099998474121094,54.900001525878906,263002
NIFTY_MIDCAP_100,MOM100.NS,2024-05-31,55.470001220703125,57.0,54.65999984741211,55.599998474121094,220029
NIFTY_MIDCAP_100,MOM100.NS,2024-06-03,56.95000076293945,57.9900016784668,55.5099983215332,56.93000030517578,554091
NIFTY_MIDCAP_100,MOM100.NS,2024-06-04,58.650001525878906,58.650001525878906,53.099998474121094,56.18000030517578,799619
NIFTY_MIDCAP_100,MOM100.NS,2024-06-05,56.0,56.0,52.900001525878906,54.66999816894531,763180
NIFTY_MIDCAP_100,MOM100.NS,2024-06-06,56.29999923706055,56.29999923706055,54.66999816894531,55.939998626708984,225387
NIFTY_MIDCAP_100,MOM100.NS,2024-06-07,55.939998626708984,56.970001220703125,55.939998626708984,56.75,269330
NIFTY_MIDCAP_100,MOM100.NS,2024-06-10,58.45000076293945,58.45000076293945,56.06999969482422,56.849998474121094,310058
NIFTY_MIDCAP_100,MOM100.NS,2024-06-11,57.4900016784668,57.4900016784668,56.849998474121094,57.29999923706055,248069
NIFTY_MIDCAP_100,MOM100.NS,2024-06-12,58.04999923706055,58.04999923706055,57.099998474121094,57.91999816894531,2715427
NIFTY_MIDCAP_100,MOM100.NS,2024-06-13,58.0,58.43000030517578,58.0,58.369998931884766,692603
NIFTY_MIDCAP_100,MOM100.NS,2024-06-14,60.099998474121094,60.099998474121094,58.349998474121094,58.970001220703125,352506
NIFTY_MIDCAP_100,MOM100.NS,2024-06-18,59.95000076293945,59.95000076293945,58.970001220703125,59.33000183105469,350672
NIFTY_MIDCAP_100,MOM100.NS,2024-06-19,61.099998474121094,61.099998474121094,58.439998626708984,58.7599983215332,363887
NIFTY_MIDCAP_100,MOM100.NS,2024-06-20,60.5,60.5,58.52000045776367,59.31999969482422,235509
NIFTY_MIDCAP_100,MOM100.NS,2024-06-21,59.9900016784668,59.9900016784668,59.13999938964844,59.33000183105469,284859
NIFTY_MIDCAP_100,MOM100.NS,2024-06-24,57.70000076293945,59.540000915527344,57.70000076293945,59.41999816894531,270144
NIFTY_MIDCAP_100,MOM100.NS,2024-06-25,59.599998474121094,59.79999923706055,59.119998931884766,59.220001220703125,213541
NIFTY_MIDCAP_100,MOM100.NS,2024-06-26,59.209999084472656,59.72999954223633,59.0,59.060001373291016,297920
NIFTY_MIDCAP_100,MOM100.NS,2024-06-27,59.9900016784668,59.9900016784668,58.77000045776367,59.25,186849
NIFTY_MIDCAP_100,MOM100.NS,2024-06-28,59.849998474121094,59.849998474121094,59.06999969482422,59.58000183105469,250720
NIFTY_MIDCAP_100,MOM100.NS,2024-07-01,60.61000061035156,60.61000061035156,59.13999938964844,60.150001525878906,292490
NIFTY_MIDCAP_100,MOM100.NS,2024-07-02,60.72999954223633,60.72999954223633,59.369998931884766,59.77000045776367,391152
NIFTY_MIDCAP_100,MOM100.NS,2024-07-03,59.099998474121094,60.38999938964844,59.099998474121094,60.130001068115234,308578
NIFTY_MIDCAP_100,MOM100.NS,2024-07-04,60.5099983215332,60.709999084472656,60.09000015258789,60.540000915527344,350131
NIFTY_MIDCAP_100,MOM100.NS,2024-07-05,60.880001068115234,61.16999816894531,60.5,61.06999969482422,394363
NIFTY_MIDCAP_100,MOM100.NS,2024-07-08,61.95000076293945,61.95000076293945,60.56999969482422,60.91999816894531,338077
NIFTY_MIDCAP_100,MOM100.NS,2024-07-09,61.720001220703125,61.720001220703125,60.79999923706055,61.06999969482422,331483
NIFTY_MIDCAP_100,MOM100.NS,2024-07-10,59.25,62.900001525878906,59.25,60.86000061035156,677083
NIFTY_MIDCAP_100,MOM100.NS,2024-07-11,61.95000076293945,61.95000076293945,59.20000076293945,61.09000015258789,310120
NIFTY_MIDCAP_100,MOM100.NS,2024-07-12,62.900001525878906,62.900001525878906,60.970001220703125,61.150001525878906,212957
NIFTY_MIDCAP_100,MOM100.NS,2024-07-15,62.34000015258789,62.34000015258789,60.97999954223633,61.65999984741211,343985
NIFTY_MIDCAP_100,MOM100.NS,2024-07-16,61.70000076293945,61.97999954223633,61.599998474121094,61.72999954223633,254125
NIFTY_MIDCAP_100,MOM100.NS,2024-07-18,63.599998474121094,63.599998474121094,60.70000076293945,61.06999969482422,515837
NIFTY_MIDCAP_100,MOM100.NS,2024-07-19,61.9900016784668,61.9900016784668,59.75,59.959999084472656,702298
NIFTY_MIDCAP_100,MOM100.NS,2024-07-22,60.9900016784668,60.9900016784668,59.11000061035156,60.59000015258789,560775
NIFTY_MIDCAP_100,MOM100.NS,2024-07-23,59.099998474121094,61.75,58.540000915527344,60.310001373291016,408127
NIFTY_MIDCAP_100,MOM100.NS,2024-07-24,60.790000915527344,61.0,59.59000015258789,60.90999984741211,313659
NIFTY_MIDCAP_100,MOM100.NS,2024-07-25,61.47999954223633,61.47999954223633,60.0099983215332,60.7400016784668,200684
NIFTY_MIDCAP_100,MOM100.NS,2024-07-26,61.90999984741211,61.90999984741211,60.349998474121094,61.77000045776367,315795
NIFTY_MIDCAP_100,MOM100.NS,2024-07-29,61.5099983215332,62.709999084472656,61.5099983215332,62.38999938964844,331386
NIFTY_MIDCAP_100,MOM100.NS,2024-07-30,63.150001525878906,63.150001525878906,62.38999938964844,62.709999084472656,270323
NIFTY_MIDCAP_100,MOM100.NS,2024-07-31,62.709999084472656,63.209999084472656,62.70000076293945,63.119998931884766,361779
NIFTY_MIDCAP_100,MOM100.NS,2024-08-01,63.75,63.75,62.29999923706055,62.599998474121094,492609
NIFTY_MIDCAP_100,MOM100.NS,2024-08-02,64.5,64.5,61.400001525878906,62.220001220703125,316450
NIFTY_MIDCAP_100,MOM100.NS,2024-08-05,62.0,62.0,59.38999938964844,60.189998626708984,1099148
NIFTY_MIDCAP_100,MOM100.NS,2024-08-06,60.099998474121094,61.400001525878906,59.25,59.4900016784668,556156
NIFTY_MIDCAP_100,MOM100.NS,2024-08-07,61.0,61.0,59.599998474121094,60.849998474121094,233751
NIFTY_MIDCAP_100,MOM100.NS,2024-08-08,61.599998474121094,61.599998474121094,60.56999969482422,60.79999923706055,403522
NIFTY_MIDCAP_100,MOM100.NS,2024-08-09,61.599998474121094,61.97999954223633,61.029998779296875,61.150001525878906,1087625
NIFTY_MIDCAP_100,MOM100.NS,2024-08-12,61.9900016784668,61.9900016784668,59.349998474121094,61.31999969482422,247335
NIFTY_MIDCAP_100,MOM100.NS,2024-08-13,60.29999923706055,61.9900016784668,60.29999923706055,60.880001068115234,236850
NIFTY_MIDCAP_100,MOM100.NS,2024-08-14,60.88999938964844,61.41999816894531,60.29999923706055,60.5099983215332,305117
NIFTY_MIDCAP_100,MOM100.NS,2024-08-16,61.5,61.790000915527344,60.5099983215332,61.709999084472656,293276
NIFTY_MIDCAP_100,MOM100.NS,2024-08-19,63.54999923706055,63.54999923706055,61.709999084472656,62.09000015258789,337242
NIFTY_MIDCAP_100,MOM100.NS,2024-08-20,62.09000015258789,62.5,61.88999938964844,62.290000915527344,286822
NIFTY_MIDCAP_100,MOM100.NS,2024-08-21,62.59000015258789,62.70000076293945,61.720001220703125,62.560001373291016,529516
NIFTY_MIDCAP_100,MOM100.NS,2024-08-22,63.11000061035156,63.70000076293945,62.56999969482422,63.16999816894531,300097
NIFTY_MIDCAP_100,MOM100.NS,2024-08-23,64.27999877929688,64.27999877929688,62.709999084472656,62.790000915527344,2276665
NIFTY_MIDCAP_100,MOM100.NS,2024-08-26,62.880001068115234,63.36000061035156,62.880001068115234,63.130001068115234,256369
NIFTY_MIDCAP_100,MOM100.NS,2024-08-27,62.88999938964844,63.5,62.88999938964844,63.38999938964844,374895
NIFTY_MIDCAP_100,MOM100.NS,2024-08-28,63.380001068115234,63.7400016784668,63.04999923706055,63.380001068115234,2526279
NIFTY_MIDCAP_100,MOM100.NS,2024-08-29,63.5,63.59000015258789,62.689998626708984,63.11000061035156,393314
NIFTY_MIDCAP_100,MOM100.NS,2024-08-30,63.68000030517578,63.70000076293945,62.79999923706055,63.4900016784668,493910
NIFTY_MIDCAP_100,MOM100.NS,2024-09-02,64.47000122070312,64.47000122070312,63.0099983215332,63.369998931884766,319040
NIFTY_MIDCAP_100,MOM100.NS,2024-09-03,63.9900016784668,63.9900016784668,63.0099983215332,63.5099983215332,279069
NIFTY_MIDCAP_100,MOM100.NS,2024-09-04,64.4000015258789,64.4000015258789,62.790000915527344,63.43000030517578,280365
NIFTY_MIDCAP_100,MOM100.NS,2024-09-05,64.30999755859375,64.30999755859375,63.41999816894531,63.65999984741211,261348
NIFTY_MIDCAP_100,MOM100.NS,2024-09-06,63.90999984741211,63.90999984741211,62.599998474121094,62.81999969482422,491233
NIFTY_MIDCAP_100,MOM100.NS,2024-09-09,64.69999694824219,64.69999694824219,62.02000045776367,62.4900016784668,381805
NIFTY_MIDCAP_100,MOM100.NS,2024-09-10,62.9900016784668,63.59000015258789,62.5,63.279998779296875,192578
NIFTY_MIDCAP_100,MOM100.NS,2024-09-11,64.4000015258789,64.4000015258789,62.81999969482422,63.13999938964844,282070
NIFTY_MIDCAP_100,MOM100.NS,2024-09-12,64.05000305175781,64.05000305175781,62.95000076293945,63.93000030517578,526508
NIFTY_MIDCAP_100,MOM100.NS,2024-09-13,64.4000015258789,64.4800033569336,63.630001068115234,64.30000305175781,429584
NIFTY_MIDCAP_100,MOM100.NS,2024-09-16,64.98999786376953,64.98999786376953,64.0999984741211,64.52999877929688,510385
NIFTY_MIDCAP_100,MOM100.NS,2024-09-17,63.29999923706055,65.0,63.29999923706055,64.41999816894531,559655
NIFTY_MIDCAP_100,MOM100.NS,2024-09-18,64.68000030517578,64.69000244140625,63.709999084472656,64.0199966430664,471099
NIFTY_MIDCAP_100,MOM100.NS,2024-09-19,64.94999694824219,64.94999694824219,62.650001525878906,63.91999816894531,847976
NIFTY_MIDCAP_100,MOM100.NS,2024-09-20,64.04000091552734,64.68000030517578,63.36000061035156,64.55000305175781,562950
NIFTY_MIDCAP_100,MOM100.NS,2024-09-23,64.94999694824219,65.5,64.5,65.01000213623047,472735
NIFTY_MIDCAP_100,MOM100.NS,2024-09-24,65.94999694824219,65.94999694824219,64.73999786376953,65.13999938964844,338692
NIFTY_MIDCAP_100,MOM100.NS,2024-09-25,66.44999694824219,66.44999694824219,64.51000213623047,64.83000183105469,387653
NIFTY_MIDCAP_100,MOM100.NS,2024-09-26,65.94999694824219,65.94999694824219,64.30000305175781,64.80000305175781,359940
NIFTY_MIDCAP_100,MOM100.NS,2024-09-27,65.75,65.75,64.68000030517578,64.7699966430664,288325
NIFTY_MIDCAP_100,MOM100.NS,2024-09-30,64.70999908447266,65.41000366210938,64.31999969482422,64.4800033569336,450294
NIFTY_MIDCAP_100,MOM100.NS,2024-10-01,63.61000061035156,64.9800033569336,63.099998474121094,64.62999725341797,440324
NIFTY_MIDCAP_100,MOM100.NS,2024-10-03,65.5999984741211,65.5999984741211,63.0,63.77000045776367,834389
NIFTY_MIDCAP_100,MOM100.NS,2024-10-04,64.94999694824219,64.94999694824219,62.5,63.2599983215332,895353
NIFTY_MIDCAP_100,MOM100.NS,2024-10-07,64.20999908447266,64.8499984741211,60.79999923706055,61.52000045776367,1872676
NIFTY_MIDCAP_100,MOM100.NS,2024-10-08,62.0,63.25,60.43000030517578,62.790000915527344,581927
NIFTY_MIDCAP_100,MOM100.NS,2024-10-09,62.70000076293945,64.0,62.70000076293945,63.290000915527344,554318
NIFTY_MIDCAP_100,MOM100.NS,2024-10-10,63.9900016784668,63.9900016784668,63.060001373291016,63.18000030517578,353260
NIFTY_MIDCAP_100,MOM100.NS,2024-10-11,63.9900016784668,63.9900016784668,62.65999984741211,63.61000061035156,243846
NIFTY_MIDCAP_100,MOM100.NS,2024-10-14,64.27999877929688,64.27999877929688,63.0099983215332,63.689998626708984,525466
NIFTY_MIDCAP_100,MOM100.NS,2024-10-15,63.9900016784668,64.58000183105469,63.5099983215332,63.79999923706055,195393
NIFTY_MIDCAP_100,MOM100.NS,2024-10-16,63.83000183105469,64.08999633789062,63.4900016784668,63.709999084472656,254028
NIFTY_MIDCAP_100,MOM100.NS,2024-10-17,64.98999786376953,64.98999786376953,62.599998474121094,62.63999938964844,515011
NIFTY_MIDCAP_100,MOM100.NS,2024-10-18,62.61000061035156,62.95000076293945,61.75,62.88999938964844,323513
NIFTY_MIDCAP_100,MOM100.NS,2024-10-21,63.91999816894531,63.91999816894531,61.84000015258789,61.970001220703125,384150
NIFTY_MIDCAP_100,MOM100.NS,2024-10-22,61.04999923706055,62.70000076293945,60.09000015258789,60.900001525878906,927565
NIFTY_MIDCAP_100,MOM100.NS,2024-10-23,60.349998474121094,61.09000015258789,59.650001525878906,60.5,588118
NIFTY_MIDCAP_100,MOM100.NS,2024-10-24,60.880001068115234,61.38999938964844,60.11000061035156,60.34000015258789,238618
NIFTY_MIDCAP_100,MOM100.NS,2024-10-25,60.209999084472656,60.689998626708984,58.58000183105469,59.060001373291016,1874078
NIFTY_MIDCAP_100,MOM100.NS,2024-10-28,59.790000915527344,59.88999938964844,58.959999084472656,59.599998474121094,407452
NIFTY_MIDCAP_100,MOM100.NS,2024-10-29,59.599998474121094,60.18000030517578,59.0099983215332,60.060001373291016,658437
NIFTY_MIDCAP_100,MOM100.NS,2024-10-30,60.380001068115234,61.13999938964844,59.900001525878906,60.400001525878906,302431
NIFTY_MIDCAP_100,MOM100.NS,2024-10-31,60.59000015258789,60.59000015258789,59.63999938964844,60.099998474121094,346728
NIFTY_MIDCAP_100,MOM100.NS,2024-11-01,60.099998474121094,60.099998474121094,60.099998474121094,60.099998474121094,0
NIFTY_MIDCAP_100,MOM100.NS,2024-11-04,61.97999954223633,61.97999954223633,59.47999954223633,59.83000183105469,602324
NIFTY_MIDCAP_100,MOM100.NS,2024-11-05,60.189998626708984,60.189998626708984,59.0099983215332,59.93000030517578,364328
NIFTY_MIDCAP_100,MOM100.NS,2024-11-06,61.599998474121094,61.599998474121094,60.02000045776367,61.310001373291016,455525
NIFTY_MIDCAP_100,MOM100.NS,2024-11-07,62.11000061035156,62.47999954223633,60.939998626708984,61.060001373291016,392851
NIFTY_MIDCAP_100,MOM100.NS,2024-11-08,61.47999954223633,61.4900016784668,60.11000061035156,60.2400016784668,335002
NIFTY_MIDCAP_100,MOM100.NS,2024-11-11,61.18000030517578,61.18000030517578,59.70000076293945,59.779998779296875,303288
NIFTY_MIDCAP_100,MOM100.NS,2024-11-12,60.18000030517578,60.4900016784668,59.029998779296875,59.130001068115234,224610
NIFTY_MIDCAP_100,MOM100.NS,2024-11-13,60.08000183105469,60.08000183105469,57.43000030517578,57.650001525878906,605080
NIFTY_MIDCAP_100,MOM100.NS,2024-11-14,57.9900016784668,58.5,57.61000061035156,57.939998626708984,308512
NIFTY_MIDCAP_100,MOM100.NS,2024-11-18,58.91999816894531,58.91999816894531,57.34000015258789,57.939998626708984,487911
NIFTY_MIDCAP_100,MOM100.NS,2024-11-19,58.439998626708984,59.060001373291016,57.95000076293945,58.45000076293945,277639
NIFTY_MIDCAP_100,MOM100.NS,2024-11-21,59.41999816894531,59.41999816894531,57.790000915527344,58.380001068115234,233109
NIFTY_MIDCAP_100,MOM100.NS,2024-11-22,59.47999954223633,59.47999954223633,58.060001373291016,58.970001220703125,254620
NIFTY_MIDCAP_100,MOM100.NS,2024-11-25,60.45000076293945,62.599998474121094,59.25,60.040000915527344,421546
NIFTY_MIDCAP_100,MOM100.NS,2024-11-26,59.060001373291016,60.61000061035156,59.060001373291016,59.97999954223633,336957
NIFTY_MIDCAP_100,MOM100.NS,2024-11-27,61.18000030517578,61.18000030517578,59.61000061035156,60.25,535667
NIFTY_MIDCAP_100,MOM100.NS,2024-11-28,59.65999984741211,60.81999969482422,59.65999984741211,60.279998779296875,293585
NIFTY_MIDCAP_100,MOM100.NS,2024-11-29,60.58000183105469,60.63999938964844,60.0099983215332,60.439998626708984,195418
NIFTY_MIDCAP_100,MOM100.NS,2024-12-02,61.41999816894531,61.41999816894531,59.90999984741211,61.0099983215332,372630
NIFTY_MIDCAP_100,MOM100.NS,2024-12-03,61.75,61.75,61.119998931884766,61.58000183105469,337075
NIFTY_MIDCAP_100,MOM100.NS,2024-12-04,62.13999938964844,62.279998779296875,61.56999969482422,62.189998626708984,236586
NIFTY_MIDCAP_100,MOM100.NS,2024-12-05,62.189998626708984,63.599998474121094,62.119998931884766,62.599998474121094,369256
NIFTY_MIDCAP_100,MOM100.NS,2024-12-06,63.099998474121094,63.099998474121094,62.189998626708984,62.86000061035156,339767
NIFTY_MIDCAP_100,MOM100.NS,2024-12-09,63.84000015258789,63.84000015258789,62.31999969482422,63.16999816894531,385859
NIFTY_MIDCAP_100,MOM100.NS,2024-12-10,63.59000015258789,63.59000015258789,62.790000915527344,63.29999923706055,293676
NIFTY_MIDCAP_100,MOM100.NS,2024-12-11,64.23999786376953,64.23999786376953,63.02000045776367,63.52000045776367,290835
NIFTY_MIDCAP_100,MOM100.NS,2024-12-12,63.099998474121094,63.849998474121094,63.099998474121094,63.2400016784668,237843
NIFTY_MIDCAP_100,MOM100.NS,2024-12-13,65.1500015258789,65.1500015258789,62.18000030517578,63.209999084472656,365367
NIFTY_MIDCAP_100,MOM100.NS,2024-12-16,64.18000030517578,64.18000030517578,63.20000076293945,63.66999816894531,635137
NIFTY_MIDCAP_100,MOM100.NS,2024-12-17,63.900001525878906,64.30000305175781,62.43000030517578,63.310001373291016,547431
NIFTY_MIDCAP_100,MOM100.NS,2024-12-18,64.0,64.0,62.619998931884766,62.91999816894531,341327
NIFTY_MIDCAP_100,MOM100.NS,2024-12-19,64.80000305175781,64.80000305175781,61.529998779296875,62.7599983215332,260952
NIFTY_MIDCAP_100,MOM100.NS,2024-12-20,62.9900016784668,63.099998474121094,60.880001068115234,61.08000183105469,466572
NIFTY_MIDCAP_100,MOM100.NS,2024-12-23,61.08000183105469,61.779998779296875,60.709999084472656,61.18000030517578,293430
NIFTY_MIDCAP_100,MOM100.NS,2024-12-24,61.439998626708984,61.56999969482422,60.83000183105469,61.13999938964844,224857
NIFTY_MIDCAP_100,MOM100.NS,2024-12-26,62.34000015258789,62.34000015258789,60.75,61.189998626708984,281563
NIFTY_MIDCAP_100,MOM100.NS,2024-12-27,61.189998626708984,61.79999923706055,61.040000915527344,61.09000015258789,380575
NIFTY_MIDCAP_100,MOM100.NS,2024-12-30,61.09000015258789,61.619998931884766,60.52000045776367,61.27000045776367,293864
NIFTY_MIDCAP_100,MOM100.NS,2024-12-31,61.279998779296875,61.5,60.599998474121094,61.27000045776367,642605
NIFTY_MIDCAP_100,MOM100.NS,2025-01-01,61.59000015258789,61.779998779296875,61.119998931884766,61.56999969482422,225826
NIFTY_MIDCAP_100,MOM100.NS,2025-01-02,63.400001525878906,63.400001525878906,60.83000183105469,61.900001525878906,433365
NIFTY_MIDCAP_100,MOM100.NS,2025-01-03,62.790000915527344,62.790000915527344,61.09000015258789,62.06999969482422,254195
NIFTY_MIDCAP_100,MOM100.NS,2025-01-06,63.27000045776367,63.27000045776367,60.099998474121094,60.41999816894531,624411
NIFTY_MIDCAP_100,MOM100.NS,2025-01-07,60.63999938964844,61.36000061035156,60.41999816894531,60.90999984741211,329975
NIFTY_MIDCAP_100,MOM100.NS,2025-01-08,61.400001525878906,61.97999954223633,59.68000030517578,60.27000045776367,636361
NIFTY_MIDCAP_100,MOM100.NS,2025-01-09,60.380001068115234,60.72999954223633,59.65999984741211,59.7599983215332,3260472
NIFTY_MIDCAP_100,MOM100.NS,2025-01-10,60.25,60.25,58.4900016784668,58.56999969482422,647408
NIFTY_MIDCAP_100,MOM100.NS,2025-01-13,60.349998474121094,60.349998474121094,56.02000045776367,56.25,1144872
NIFTY_MIDCAP_100,MOM100.NS,2025-01-14,56.29999923706055,57.88999938964844,56.29999923706055,57.54999923706055,469768
NIFTY_MIDCAP_100,MOM100.NS,2025-01-15,57.70000076293945,58.470001220703125,57.150001525878906,57.86000061035156,360538
NIFTY_MIDCAP_100,MOM100.NS,2025-01-16,58.650001525878906,58.97999954223633,58.16999816894531,58.369998931884766,354676
NIFTY_MIDCAP_100,MOM100.NS,2025-01-17,58.63999938964844,58.79999923706055,57.81999969482422,58.56999969482422,228232
NIFTY_MIDCAP_100,MOM100.NS,2025-01-20,59.04999923706055,59.540000915527344,58.2599983215332,59.08000183105469,488208
NIFTY_MIDCAP_100,MOM100.NS,2025-01-21,60.849998474121094,60.849998474121094,57.61000061035156,57.810001373291016,971270
NIFTY_MIDCAP_100,MOM100.NS,2025-01-22,58.189998626708984,58.189998626708984,56.11000061035156,56.91999816894531,880836
NIFTY_MIDCAP_100,MOM100.NS,2025-01-23,58.650001525878906,58.650001525878906,56.91999816894531,58.029998779296875,319661
NIFTY_MIDCAP_100,MOM100.NS,2025-01-24,59.0,59.0,56.959999084472656,57.16999816894531,389887
NIFTY_MIDCAP_100,MOM100.NS,2025-01-27,55.45000076293945,57.08000183105469,55.33000183105469,55.619998931884766,694548
NIFTY_MIDCAP_100,MOM100.NS,2025-01-28,55.9900016784668,56.779998779296875,54.52000045776367,55.25,862038
NIFTY_MIDCAP_100,MOM100.NS,2025-01-29,55.58000183105469,57.5,54.709999084472656,56.9900016784668,483721
NIFTY_MIDCAP_100,MOM100.NS,2025-01-30,55.29999923706055,57.54999923706055,55.29999923706055,56.4900016784668,610409
NIFTY_MIDCAP_100,MOM100.NS,2025-01-31,57.0,57.650001525878906,56.40999984741211,57.56999969482422,438568
NIFTY_MIDCAP_100,MOM100.NS,2025-02-01,57.220001220703125,58.189998626708984,56.52000045776367,57.36000061035156,597263
NIFTY_MIDCAP_100,MOM100.NS,2025-02-03,58.97999954223633,58.97999954223633,56.150001525878906,56.84000015258789,481700
NIFTY_MIDCAP_100,MOM100.NS,2025-02-04,57.349998474121094,57.75,56.849998474121094,57.689998626708984,296946
NIFTY_MIDCAP_100,MOM100.NS,2025-02-05,58.189998626708984,58.4900016784668,57.40999984741211,58.09000015258789,328776
NIFTY_MIDCAP_100,MOM100.NS,2025-02-06,58.97999954223633,58.97999954223633,57.220001220703125,57.459999084472656,370107
NIFTY_MIDCAP_100,MOM100.NS,2025-02-07,57.38999938964844,57.849998474121094,56.86000061035156,57.470001220703125,237746
NIFTY_MIDCAP_100,MOM100.NS,2025-02-10,58.349998474121094,58.349998474121094,56.119998931884766,56.29999923706055,550596
NIFTY_MIDCAP_100,MOM100.NS,2025-02-11,56.68000030517578,56.689998626708984,54.25,54.59000015258789,886844
NIFTY_MIDCAP_100,MOM100.NS,2025-02-12,56.25,56.25,52.95000076293945,54.47999954223633,691828
NIFTY_MIDCAP_100,MOM100.NS,2025-02-13,54.779998779296875,55.33000183105469,54.15999984741211,54.59000015258789,318421
NIFTY_MIDCAP_100,MOM100.NS,2025-02-14,54.9900016784668,54.9900016784668,52.70000076293945,53.29999923706055,1680252
NIFTY_MIDCAP_100,MOM100.NS,2025-02-17,51.70000076293945,53.560001373291016,51.70000076293945,53.4900016784668,661528
NIFTY_MIDCAP_100,MOM100.NS,2025-02-18,54.0,54.0,52.75,53.38999938964844,557773
NIFTY_MIDCAP_100,MOM100.NS,2025-02-19,53.380001068115234,54.31999969482422,52.66999816894531,54.20000076293945,466225
NIFTY_MIDCAP_100,MOM100.NS,2025-02-20,54.189998626708984,54.91999816894531,53.52000045776367,54.869998931884766,415208
NIFTY_MIDCAP_100,MOM100.NS,2025-02-21,55.849998474121094,55.849998474121094,53.9900016784668,54.130001068115234,574393
NIFTY_MIDCAP_100,MOM100.NS,2025-02-24,55.75,55.75,53.13999938964844,53.68000030517578,464611
NIFTY_MIDCAP_100,MOM100.NS,2025-02-25,53.9900016784668,54.0099983215332,53.119998931884766,53.34000015258789,321610
NIFTY_MIDCAP_100,MOM100.NS,2025-02-27,53.150001525878906,53.63999938964844,52.36000061035156,52.689998626708984,426913
NIFTY_MIDCAP_100,MOM100.NS,2025-02-28,52.68000030517578,52.68000030517578,50.95000076293945,51.54999923706055,1125619
NIFTY_MIDCAP_100,MOM100.NS,2025-03-03,53.099998474121094,53.099998474121094,50.29999923706055,51.5,1199642
NIFTY_MIDCAP_100,MOM100.NS,2025-03-04,51.9900016784668,51.9900016784668,50.54999923706055,51.52000045776367,644035
NIFTY_MIDCAP_100,MOM100.NS,2025-03-05,51.02000045776367,52.88999938964844,51.02000045776367,52.779998779296875,507648
NIFTY_MIDCAP_100,MOM100.NS,2025-03-06,53.20000076293945,53.470001220703125,52.529998779296875,52.9900016784668,492122
NIFTY_MIDCAP_100,MOM100.NS,2025-03-07,52.9900016784668,53.97999954223633,52.529998779296875,52.84000015258789,417376
NIFTY_MIDCAP_100,MOM100.NS,2025-03-10,53.95000076293945,53.95000076293945,51.79999923706055,52.0099983215332,524860
NIFTY_MIDCAP_100,MOM100.NS,2025-03-11,53.47999954223633,53.47999954223633,51.029998779296875,52.5099983215332,269646
NIFTY_MIDCAP_100,MOM100.NS,2025-03-12,52.5099983215332,52.880001068115234,51.45000076293945,52.029998779296875,475279
NIFTY_MIDCAP_100,MOM100.NS,2025-03-13,52.5,52.540000915527344,51.529998779296875,51.650001525878906,388511
NIFTY_MIDCAP_100,MOM100.NS,2025-03-17,51.5099983215332,52.38999938964844,50.900001525878906,52.040000915527344,386873
NIFTY_MIDCAP_100,MOM100.NS,2025-03-18,52.040000915527344,52.040000915527344,52.040000915527344,52.040000915527344,0
NIFTY_MIDCAP_100,MOM100.NS,2025-03-19,52.72999954223633,54.790000915527344,52.72999954223633,54.56999969482422,758150
NIFTY_MIDCAP_100,MOM100.NS,2025-03-20,55.38999938964844,55.38999938964844,54.29999923706055,54.880001068115234,605319
NIFTY_MIDCAP_100,MOM100.NS,2025-03-21,55.27000045776367,55.709999084472656,54.36000061035156,55.65999984741211,638905
NIFTY_MIDCAP_100,MOM100.NS,2025-03-24,56.20000076293945,56.66999816894531,55.689998626708984,56.40999984741211,583138
NIFTY_MIDCAP_100,MOM100.NS,2025-03-25,56.970001220703125,57.369998931884766,55.470001220703125,55.81999969482422,864577
NIFTY_MIDCAP_100,MOM100.NS,2025-03-26,56.09000015258789,56.2599983215332,55.31999969482422,55.400001525878906,456836
NIFTY_MIDCAP_100,MOM100.NS,2025-03-27,55.4900016784668,55.7599983215332,54.880001068115234,55.619998931884766,456488
NIFTY_MIDCAP_100,MOM100.NS,2025-03-28,55.5099983215332,56.45000076293945,55.29999923706055,55.529998779296875,769225
NIFTY_MIDCAP_100,MOM100.NS,2025-04-01,57.20000076293945,57.20000076293945,54.849998474121094,55.0099983215332,618152
NIFTY_MIDCAP_100,MOM100.NS,2025-04-02,55.75,55.91999816894531,54.58000183105469,55.869998931884766,272496
NIFTY_MIDCAP_100,MOM100.NS,2025-04-03,55.59000015258789,56.34000015258789,55.04999923706055,55.97999954223633,422305
NIFTY_MIDCAP_100,MOM100.NS,2025-04-04,56.09000015258789,56.09000015258789,54.02000045776367,54.45000076293945,1048541
NIFTY_MIDCAP_100,MOM100.NS,2025-04-07,55.0,55.0,50.5,52.5099983215332,1690714
NIFTY_MIDCAP_100,MOM100.NS,2025-04-08,54.099998474121094,54.099998474121094,52.689998626708984,53.470001220703125,718993
NIFTY_MIDCAP_100,MOM100.NS,2025-04-09,54.900001525878906,54.900001525878906,52.15999984741211,53.189998626708984,485449
NIFTY_MIDCAP_100,MOM100.NS,2025-04-11,54.79999923706055,54.97999954223633,53.20000076293945,54.220001220703125,515614
NIFTY_MIDCAP_100,MOM100.NS,2025-04-15,55.45000076293945,57.0,54.4900016784668,55.75,1131157
NIFTY_MIDCAP_100,MOM100.NS,2025-04-16,55.88999938964844,56.27000045776367,55.5099983215332,56.119998931884766,788501
NIFTY_MIDCAP_100,MOM100.NS,2025-04-17,55.560001373291016,56.650001525878906,54.45000076293945,56.41999816894531,557579
NIFTY_MIDCAP_100,MOM100.NS,2025-04-21,55.86000061035156,57.880001068115234,55.599998474121094,57.81999969482422,755081
NIFTY_MIDCAP_100,MOM100.NS,2025-04-22,58.20000076293945,58.5,57.79999923706055,58.27000045776367,504874
NIFTY_MIDCAP_100,MOM100.NS,2025-04-23,59.95000076293945,59.95000076293945,57.880001068115234,58.900001525878906,695461
NIFTY_MIDCAP_100,MOM100.NS,2025-04-24,59.2400016784668,59.279998779296875,58.529998779296875,58.79999923706055,454752
NIFTY_MIDCAP_100,MOM100.NS,2025-04-25,59.29999923706055,59.29999923706055,56.83000183105469,57.31999969482422,840854
NIFTY_MIDCAP_100,MOM100.NS,2025-04-28,59.060001373291016,59.060001373291016,56.619998931884766,58.29999923706055,581217
NIFTY_MIDCAP_100,MOM100.NS,2025-04-29,58.29999923706055,58.939998626708984,58.099998474121094,58.470001220703125,362577
NIFTY_MIDCAP_100,MOM100.NS,2025-04-30,57.88999938964844,58.84000015258789,57.709999084472656,57.81999969482422,738321
NIFTY_MIDCAP_100,MOM100.NS,2025-05-02,58.189998626708984,58.79999923706055,57.29999923706055,57.439998626708984,593709
NIFTY_MIDCAP_100,MOM100.NS,2025-05-05,58.68000030517578,58.68000030517578,57.119998931884766,58.540000915527344,636217
NIFTY_MIDCAP_100,MOM100.NS,2025-05-06,58.540000915527344,59.04999923706055,57.08000183105469,57.16999816894531,600053
NIFTY_MIDCAP_100,MOM100.NS,2025-05-07,57.79999923706055,58.130001068115234,55.5,58.06999969482422,532444
NIFTY_MIDCAP_100,MOM100.NS,2025-05-08,58.790000915527344,58.790000915527344,56.63999938964844,56.869998931884766,531097
NIFTY_MIDCAP_100,MOM100.NS,2025-05-09,56.59000015258789,57.040000915527344,55.0,56.88999938964844,563271
NIFTY_MIDCAP_100,MOM100.NS,2025-05-12,58.599998474121094,59.349998474121094,56.90999984741211,59.29999923706055,847564
NIFTY_MIDCAP_100,MOM100.NS,2025-05-13,59.900001525878906,59.97999954223633,58.70000076293945,59.400001525878906,949786
NIFTY_MIDCAP_100,MOM100.NS,2025-05-14,60.439998626708984,60.439998626708984,59.130001068115234,60.04999923706055,596751
NIFTY_MIDCAP_100,MOM100.NS,2025-05-15,60.88999938964844,60.88999938964844,60.0,60.4900016784668,384224
NIFTY_MIDCAP_100,MOM100.NS,2025-05-16,58.68000030517578,61.47999954223633,58.68000030517578,61.04999923706055,496078
NIFTY_MIDCAP_100,MOM100.NS,2025-05-19,61.95000076293945,61.95000076293945,60.810001373291016,61.130001068115234,481912
NIFTY_MIDCAP_100,MOM100.NS,2025-05-20,61.130001068115234,61.689998626708984,60.060001373291016,60.189998626708984,581521
NIFTY_MIDCAP_100,MOM100.NS,2025-05-21,60.29999923706055,60.75,59.939998626708984,60.65999984741211,419505
NIFTY_MIDCAP_100,MOM100.NS,2025-05-22,60.7400016784668,60.91999816894531,60.0,60.36000061035156,517296
NIFTY_MIDCAP_100,MOM100.NS,2025-05-23,60.349998474121094,60.849998474121094,60.060001373291016,60.7599983215332,316240
NIFTY_MIDCAP_100,MOM100.NS,2025-05-26,61.439998626708984,61.439998626708984,60.77000045776367,61.20000076293945,429387
NIFTY_MIDCAP_100,MOM100.NS,2025-05-27,61.93000030517578,61.93000030517578,60.900001525878906,61.25,382902
NIFTY_MIDCAP_100,MOM100.NS,2025-05-28,61.650001525878906,61.689998626708984,61.0,61.27000045776367,268033
NIFTY_MIDCAP_100,MOM100.NS,2025-05-29,61.470001220703125,61.84000015258789,61.22999954223633,61.650001525878906,467941
NIFTY_MIDCAP_100,MOM100.NS,2025-05-30,61.95000076293945,62.09000015258789,61.36000061035156,61.61000061035156,345736
NIFTY_MIDCAP_100,MOM100.NS,2025-06-02,61.869998931884766,62.06999969482422,61.22999954223633,62.0,454454
NIFTY_MIDCAP_100,MOM100.NS,2025-06-03,61.34000015258789,62.95000076293945,61.34000015258789,61.72999954223633,404613
NIFTY_MIDCAP_100,MOM100.NS,2025-06-04,60.18000030517578,62.560001373291016,60.18000030517578,62.15999984741211,390434
NIFTY_MIDCAP_100,MOM100.NS,2025-06-05,64.0199966430664,64.0199966430664,61.959999084472656,62.54999923706055,416110
NIFTY_MIDCAP_100,MOM100.NS,2025-06-06,60.97999954223633,63.400001525878906,60.97999954223633,63.31999969482422,511285
NIFTY_MIDCAP_100,MOM100.NS,2025-06-09,61.72999954223633,64.0999984741211,61.72999954223633,64.05000305175781,630734
NIFTY_MIDCAP_100,MOM100.NS,2025-06-10,65.02999877929688,65.02999877929688,63.90999984741211,64.08999633789062,795841
NIFTY_MIDCAP_100,MOM100.NS,2025-06-11,65.69000244140625,66.01000213623047,63.459999084472656,63.7599983215332,547138
NIFTY_MIDCAP_100,MOM100.NS,2025-06-12,65.3499984741211,65.3499984741211,62.61000061035156,62.75,997202
NIFTY_MIDCAP_100,MOM100.NS,2025-06-13,62.4900016784668,62.630001068115234,61.0099983215332,62.52000045776367,786727
NIFTY_MIDCAP_100,MOM100.NS,2025-06-16,62.630001068115234,63.18000030517578,61.810001373291016,63.130001068115234,1013592
NIFTY_MIDCAP_100,MOM100.NS,2025-06-17,61.54999923706055,64.19999694824219,61.54999923706055,62.7400016784668,594213
NIFTY_MIDCAP_100,MOM100.NS,2025-06-18,62.7599983215332,62.970001220703125,62.25,62.400001525878906,433214
NIFTY_MIDCAP_100,MOM100.NS,2025-06-19,64.0999984741211,64.0999984741211,61.2599983215332,61.45000076293945,732985
NIFTY_MIDCAP_100,MOM100.NS,2025-06-20,61.439998626708984,62.38999938964844,61.38999938964844,62.279998779296875,540440
NIFTY_MIDCAP_100,MOM100.NS,2025-06-23,63.83000183105469,63.83000183105469,60.720001220703125,62.2400016784668,435637
NIFTY_MIDCAP_100,MOM100.NS,2025-06-24,63.290000915527344,63.290000915527344,62.29999923706055,62.97999954223633,805484
NIFTY_MIDCAP_100,MOM100.NS,2025-06-25,61.400001525878906,64.55000305175781,61.400001525878906,63.2400016784668,315248
NIFTY_MIDCAP_100,MOM100.NS,2025-06-26,65.13999938964844,65.13999938964844,63.02000045776367,63.61000061035156,360595
NIFTY_MIDCAP_100,MOM100.NS,2025-06-27,62.0099983215332,64.0999984741211,62.0099983215332,63.77000045776367,609888
NIFTY_MIDCAP_100,MOM100.NS,2025-06-30,62.16999816894531,65.36000061035156,62.0099983215332,64.12999725341797,488611
NIFTY_MIDCAP_100,MOM100.NS,2025-07-01,65.5,65.5,63.459999084472656,64.13999938964844,374455
NIFTY_MIDCAP_100,MOM100.NS,2025-07-02,64.48999786376953,64.48999786376953,63.779998779296875,64.04000091552734,384331
NIFTY_MIDCAP_100,MOM100.NS,2025-07-03,63.5,64.5999984741211,63.5,64.06999969482422,234128
NIFTY_MIDCAP_100,MOM100.NS,2025-07-04,64.4000015258789,64.44000244140625,63.7400016784668,64.12000274658203,416157
NIFTY_MIDCAP_100,MOM100.NS,2025-07-07,62.5099983215332,64.31999969482422,62.5099983215332,63.91999816894531,250575
NIFTY_MIDCAP_100,MOM100.NS,2025-07-08,65.19999694824219,65.19999694824219,63.40999984741211,63.869998931884766,280269
NIFTY_MIDCAP_100,MOM100.NS,2025-07-09,64.4000015258789,64.4000015258789,63.04999923706055,63.720001220703125,203326
NIFTY_MIDCAP_100,MOM100.NS,2025-07-10,64.9000015258789,64.9000015258789,63.310001373291016,63.560001373291016,181650
NIFTY_MIDCAP_100,MOM100.NS,2025-07-11,63.689998626708984,63.70000076293945,62.810001373291016,62.97999954223633,398790
NIFTY_MIDCAP_100,MOM100.NS,2025-07-14,64.19999694824219,64.19999694824219,62.540000915527344,63.459999084472656,206462
NIFTY_MIDCAP_100,MOM100.NS,2025-07-15,63.70000076293945,64.0999984741211,63.459999084472656,64.06999969482422,351633
NIFTY_MIDCAP_100,MOM100.NS,2025-07-16,65.0999984741211,65.0999984741211,63.7599983215332,64.04000091552734,525832
NIFTY_MIDCAP_100,MOM100.NS,2025-07-17,64.25,64.30000305175781,63.7599983215332,63.95000076293945,188322
NIFTY_MIDCAP_100,MOM100.NS,2025-07-18,64.0999984741211,64.19000244140625,63.400001525878906,63.52000045776367,281034
NIFTY_MIDCAP_100,MOM100.NS,2025-07-21,64.30000305175781,64.30000305175781,63.27000045776367,63.939998626708984,294342
NIFTY_MIDCAP_100,MOM100.NS,2025-07-22,63.79999923706055,64.30000305175781,63.470001220703125,63.54999923706055,304725
NIFTY_MIDCAP_100,MOM100.NS,2025-07-23,62.70000076293945,63.849998474121094,62.70000076293945,63.7599983215332,237904
NIFTY_MIDCAP_100,MOM100.NS,2025-07-24,62.79999923706055,63.9900016784668,62.15999984741211,63.369998931884766,384679
NIFTY_MIDCAP_100,MOM100.NS,2025-07-25,63.22999954223633,63.619998931884766,62.27000045776367,62.380001068115234,761111
NIFTY_MIDCAP_100,MOM100.NS,2025-07-28,62.45000076293945,62.900001525878906,61.70000076293945,61.86000061035156,413291
NIFTY_MIDCAP_100,MOM100.NS,2025-07-29,61.099998474121094,62.43000030517578,61.099998474121094,62.349998474121094,307782
NIFTY_MIDCAP_100,MOM100.NS,2025-07-30,61.599998474121094,63.099998474121094,61.599998474121094,62.310001373291016,169418
NIFTY_MIDCAP_100,MOM100.NS,2025-07-31,62.599998474121094,62.599998474121094,61.11000061035156,61.66999816894531,472521
NIFTY_MIDCAP_100,MOM100.NS,2025-08-01,62.400001525878906,62.400001525878906,60.79999923706055,60.93000030517578,374718
NIFTY_MIDCAP_100,MOM100.NS,2025-08-04,61.5,62.720001220703125,60.7599983215332,61.7599983215332,380367
NIFTY_MIDCAP_100,MOM100.NS,2025-08-05,60.79999923706055,62.0,60.79999923706055,61.5,396912
NIFTY_MIDCAP_100,MOM100.NS,2025-08-06,61.5,61.849998474121094,60.75,61.060001373291016,313213
NIFTY_MIDCAP_100,MOM100.NS,2025-08-07,61.900001525878906,61.900001525878906,60.20000076293945,61.18000030517578,498609
NIFTY_MIDCAP_100,MOM100.NS,2025-08-08,61.900001525878906,61.900001525878906,60.16999816894531,60.290000915527344,334893
NIFTY_MIDCAP_100,MOM100.NS,2025-08-11,61.099998474121094,61.099998474121094,60.0,60.77000045776367,300830
NIFTY_MIDCAP_100,MOM100.NS,2025-08-12,60.099998474121094,61.099998474121094,60.099998474121094,60.599998474121094,196349
NIFTY_MIDCAP_100,MOM100.NS,2025-08-13,61.400001525878906,61.400001525878906,60.61000061035156,61.0,164563
NIFTY_MIDCAP_100,MOM100.NS,2025-08-14,61.099998474121094,61.290000915527344,60.630001068115234,60.810001373291016,197628
NIFTY_MIDCAP_100,MOM100.NS,2025-08-18,61.79999923706055,61.849998474121094,60.540000915527344,61.540000915527344,394890
NIFTY_MIDCAP_100,MOM100.NS,2025-08-19,62.20000076293945,62.20000076293945,61.25,62.029998779296875,240445
NIFTY_MIDCAP_100,MOM100.NS,2025-08-20,61.349998474121094,62.599998474121094,61.349998474121094,62.33000183105469,199196
NIFTY_MIDCAP_100,MOM100.NS,2025-08-21,61.650001525878906,62.63999938964844,61.650001525878906,62.09000015258789,260384
NIFTY_MIDCAP_100,MOM100.NS,2025-08-22,61.29999923706055,62.599998474121094,61.29999923706055,61.97999954223633,226792
NIFTY_MIDCAP_100,MOM100.NS,2025-08-25,61.29999923706055,62.779998779296875,61.29999923706055,62.119998931884766,177942
NIFTY_MIDCAP_100,MOM100.NS,2025-08-26,61.5,62.119998931884766,61.0,61.060001373291016,397503
NIFTY_MIDCAP_100,MOM100.NS,2025-08-28,60.79999923706055,61.2599983215332,60.220001220703125,60.349998474121094,544601
NIFTY_MIDCAP_100,MOM100.NS,2025-08-29,59.599998474121094,60.68000030517578,59.599998474121094,60.0099983215332,562247
NIFTY_MIDCAP_100,MOM100.NS,2025-09-01,61.5099983215332,61.5099983215332,59.84000015258789,61.209999084472656,490268
NIFTY_MIDCAP_100,MOM100.NS,2025-09-02,60.599998474121094,61.79999923706055,60.599998474121094,61.38999938964844,478164
NIFTY_MIDCAP_100,MOM100.NS,2025-09-03,60.70000076293945,62.099998474121094,60.70000076293945,61.72999954223633,452698
NIFTY_MIDCAP_100,MOM100.NS,2025-09-04,61.45000076293945,62.70000076293945,61.099998474121094,61.33000183105469,305308
NIFTY_MIDCAP_100,MOM100.NS,2025-09-05,60.70000076293945,61.83000183105469,60.70000076293945,61.38999938964844,372218
NIFTY_MIDCAP_100,MOM100.NS,2025-09-08,61.0099983215332,62.0,61.0099983215332,61.59000015258789,508173
NIFTY_MIDCAP_100,MOM100.NS,2025-09-09,62.150001525878906,62.29999923706055,61.150001525878906,61.63999938964844,336197
NIFTY_MIDCAP_100,MOM100.NS,2025-09-10,62.400001525878906,62.400001525878906,61.5,62.22999954223633,252227
NIFTY_MIDCAP_100,MOM100.NS,2025-09-11,61.599998474121094,62.900001525878906,61.599998474121094,62.43000030517578,421987
NIFTY_MIDCAP_100,MOM100.NS,2025-09-12,61.79999923706055,63.099998474121094,61.79999923706055,62.59000015258789,263195
NIFTY_MIDCAP_100,MOM100.NS,2025-09-15,63.29999923706055,63.400001525878906,62.310001373291016,62.939998626708984,314718
NIFTY_MIDCAP_100,MOM100.NS,2025-09-16,62.93000030517578,63.29999923706055,62.310001373291016,63.22999954223633,298964
NIFTY_MIDCAP_100,MOM100.NS,2025-09-17,63.2400016784668,63.70000076293945,63.130001068115234,63.380001068115234,200202
NIFTY_MIDCAP_100,MOM100.NS,2025-09-18,63.790000915527344,63.790000915527344,63.099998474121094,63.52000045776367,358073
NIFTY_MIDCAP_100,MOM100.NS,2025-09-19,64.0,64.0,62.75,63.56999969482422,224771
NIFTY_MIDCAP_100,MOM100.NS,2025-09-22,62.70000076293945,64.54000091552734,62.70000076293945,63.20000076293945,370773
NIFTY_MIDCAP_100,MOM100.NS,2025-09-23,62.79999923706055,63.79999923706055,62.43000030517578,62.84000015258789,375466
NIFTY_MIDCAP_100,MOM100.NS,2025-09-24,63.189998626708984,63.189998626708984,62.2599983215332,62.38999938964844,211400
NIFTY_MIDCAP_100,MOM100.NS,2025-09-25,63.02000045776367,63.02000045776367,61.7599983215332,61.880001068115234,426547
NIFTY_MIDCAP_100,MOM100.NS,2025-09-26,62.599998474121094,62.599998474121094,60.5,60.810001373291016,582276
NIFTY_MIDCAP_100,MOM100.NS,2025-09-29,60.099998474121094,61.779998779296875,60.099998474121094,60.95000076293945,377784
NIFTY_MIDCAP_100,MOM100.NS,2025-09-30,60.29999923706055,61.650001525878906,60.29999923706055,60.79999923706055,194146
NIFTY_MIDCAP_100,MOM100.NS,2025-10-01,60.709999084472656,61.47999954223633,60.709999084472656,61.38999938964844,297155
NIFTY_MIDCAP_100,MOM100.NS,2025-10-03,61.779998779296875,61.939998626708984,60.29999923706055,61.869998931884766,388964
NIFTY_MIDCAP_100,MOM100.NS,2025-10-06,60.97999954223633,62.79999923706055,60.97999954223633,62.36000061035156,398662
NIFTY_MIDCAP_100,MOM100.NS,2025-10-07,61.5,63.20000076293945,61.5,62.65999984741211,255587
NIFTY_MIDCAP_100,MOM100.NS,2025-10-08,62.5,62.880001068115234,62.02000045776367,62.08000183105469,444632
NIFTY_MIDCAP_100,MOM100.NS,2025-10-09,62.849998474121094,62.97999954223633,61.810001373291016,62.720001220703125,355472
NIFTY_MIDCAP_100,MOM100.NS,2025-10-10,62.970001220703125,63.25,62.52000045776367,63.08000183105469,584598
NIFTY_MIDCAP_100,MOM100.NS,2025-10-13,63.58000183105469,63.58000183105469,62.099998474121094,63.06999969482422,419861
NIFTY_MIDCAP_100,MOM100.NS,2025-10-14,63.290000915527344,63.380001068115234,62.5,62.63999938964844,584769
NIFTY_MIDCAP_100,MOM100.NS,2025-10-15,62.63999938964844,63.400001525878906,62.40999984741211,63.2599983215332,316025
NIFTY_MIDCAP_100,MOM100.NS,2025-10-16,63.81999969482422,63.81999969482422,63.099998474121094,63.54999923706055,310686
NIFTY_MIDCAP_100,MOM100.NS,2025-10-17,63.0099983215332,63.93000030517578,62.630001068115234,63.220001220703125,415441
NIFTY_MIDCAP_100,MOM100.NS,2025-10-20,63.220001220703125,64.4800033569336,62.65999984741211,63.720001220703125,865631
NIFTY_MIDCAP_100,MOM100.NS,2025-10-21,63.459999084472656,64.37999725341797,63.459999084472656,63.939998626708984,199437
NIFTY_MIDCAP_100,MOM100.NS,2025-10-23,63.29999923706055,64.47000122070312,63.29999923706055,63.7599983215332,734544
NIFTY_MIDCAP_100,MOM100.NS,2025-10-27,64.08999633789062,64.20999908447266,63.11000061035156,64.16000366210938,403667
NIFTY_MIDCAP_100,MOM100.NS,2025-10-28,64.16000366210938,64.38999938964844,63.900001525878906,64.13999938964844,452920
NIFTY_MIDCAP_100,MOM100.NS,2025-10-29,64.20999908447266,64.68000030517578,64.08000183105469,64.55999755859375,335223
NIFTY_MIDCAP_100,MOM100.NS,2025-10-30,64.55999755859375,64.77999877929688,64.25,64.58000183105469,355672
NIFTY_MIDCAP_100,MOM100.NS,2025-10-31,64.79000091552734,64.94999694824219,64.25,64.30999755859375,561302
NIFTY_MIDCAP_100,MOM100.NS,2025-11-03,64.87999725341797,64.87999725341797,63.0,64.75,610693
NIFTY_MIDCAP_100,MOM100.NS,2025-11-04,66.36000061035156,66.36000061035156,63.130001068115234,64.52999877929688,672724
NIFTY_MIDCAP_100,MOM100.NS,2025-11-06,65.30000305175781,65.30000305175781,63.900001525878906,63.970001220703125,572984
NIFTY_MIDCAP_100,MOM100.NS,2025-11-07,64.27999877929688,64.45999908447266,63.27000045776367,64.37999725341797,404074
NIFTY_MIDCAP_100,MOM100.NS,2025-11-10,65.5999984741211,65.5999984741211,63.75,64.72000122070312,548094
NIFTY_MIDCAP_100,MOM100.NS,2025-11-11,65.5,65.5,64.33999633789062,64.91999816894531,402750
NIFTY_MIDCAP_100,MOM100.NS,2025-11-12,65.69999694824219,65.69999694824219,64.94000244140625,65.51000213623047,360704
NIFTY_MIDCAP_100,MOM100.NS,2025-11-13,65.77999877929688,65.87999725341797,65.12000274658203,65.33000183105469,536686
NIFTY_MIDCAP_100,MOM100.NS,2025-11-14,65.33000183105469,65.66999816894531,65.0,65.4000015258789,259627
NIFTY_MIDCAP_100,MOM100.NS,2025-11-17,65.97000122070312,66.18000030517578,65.4000015258789,65.81999969482422,514987
NIFTY_MIDCAP_100,MOM100.NS,2025-11-18,65.80999755859375,66.06999969482422,65.26000213623047,65.51000213623047,233500
NIFTY_MIDCAP_100,MOM100.NS,2025-11-19,65.69000244140625,65.76000213623047,65.3499984741211,65.61000061035156,378832
NIFTY_MIDCAP_100,MOM100.NS,2025-11-20,65.80000305175781,65.97000122070312,65.30999755859375,65.62000274658203,424777
NIFTY_MIDCAP_100,MOM100.NS,2025-11-21,65.5999984741211,65.94000244140625,64.55999755859375,64.9000015258789,471266
NIFTY_MIDCAP_100,MOM100.NS,2025-11-24,64.9000015258789,65.18000030517578,64.5,64.69000244140625,260097
NIFTY_MIDCAP_100,MOM100.NS,2025-11-25,64.9800033569336,65.0,64.54000091552734,64.93000030517578,351869
NIFTY_MIDCAP_100,MOM100.NS,2025-11-26,65.2699966430664,65.81999969482422,64.5,65.76000213623047,541585
NIFTY_MIDCAP_100,MOM100.NS,2025-11-27,65.94999694824219,66.29000091552734,65.55999755859375,65.8499984741211,557517
NIFTY_MIDCAP_100,MOM100.NS,2025-11-28,66.0999984741211,66.0999984741211,65.55000305175781,65.75,250170
NIFTY_MIDCAP_100,MOM100.NS,2025-12-01,66.0,66.0999984741211,65.3499984741211,65.7699966430664,362513
NIFTY_MIDCAP_100,MOM100.NS,2025-12-02,66.56999969482422,66.56999969482422,65.5,65.62000274658203,278369
NIFTY_MIDCAP_100,MOM100.NS,2025-12-03,65.97000122070312,65.97000122070312,64.80999755859375,64.97000122070312,371298
NIFTY_MIDCAP_100,MOM100.NS,2025-12-04,64.5,65.33999633789062,64.5,64.97000122070312,192733
NIFTY_MIDCAP_100,MOM100.NS,2025-12-05,66.58999633789062,66.58999633789062,64.70999908447266,65.27999877929688,248295
NIFTY_MIDCAP_100,MOM100.NS,2025-12-08,65.48999786376953,65.68000030517578,63.79999923706055,64.08999633789062,1068508
NIFTY_MIDCAP_100,MOM100.NS,2025-12-09,64.27999877929688,64.38999938964844,63.029998779296875,64.19999694824219,378623
NIFTY_MIDCAP_100,MOM100.NS,2025-12-10,65.0,65.0,63.43000030517578,63.54999923706055,376078
NIFTY_MIDCAP_100,MOM100.NS,2025-12-11,63.959999084472656,64.37999725341797,63.45000076293945,64.08999633789062,532822
NIFTY_MIDCAP_100,MOM100.NS,2025-12-12,64.47000122070312,65.0,64.19000244140625,64.93000030517578,317893
NIFTY_MIDCAP_100,MOM100.NS,2025-12-15,66.55000305175781,66.55000305175781,64.43000030517578,64.86000061035156,256444
NIFTY_MIDCAP_100,MOM100.NS,2025-12-16,65.19999694824219,65.19999694824219,64.0999984741211,64.29000091552734,205675
NIFTY_MIDCAP_100,MOM100.NS,2025-12-17,63.5,64.5999984741211,63.5,63.95000076293945,278350
NIFTY_MIDCAP_100,MOM100.NS,2025-12-18,64.19000244140625,64.31999969482422,63.5,64.19000244140625,260173
NIFTY_MIDCAP_100,MOM100.NS,2025-12-19,64.85970306396484,64.85970306396484,64.85970306396484,64.85970306396484,0
NIFTY_MIDCAP_100,MOM100.NS,2025-12-22,64.9000015258789,65.55999755859375,64.80999755859375,65.5,690192
NIFTY_MIDCAP_100,MOM100.NS,2025-12-23,65.5,65.5999984741211,65.22000122070312,65.48999786376953,3330184
NIFTY_MIDCAP_100,MOM100.NS,2025-12-24,65.79000091552734,65.79000091552734,65.05000305175781,65.1500015258789,646108
NIFTY_MIDCAP_100,MOM100.NS,2025-12-26,64.4000015258789,65.44000244140625,64.4000015258789,64.91999816894531,301318
NIFTY_MIDCAP_100,MOM100.NS,2025-12-29,65.1500015258789,65.18000030517578,64.33999633789062,64.56999969482422,296092
NIFTY_MIDCAP_100,MOM100.NS,2025-12-30,64.79000091552734,64.79000091552734,63.88999938964844,64.56999969482422,671678
NIFTY_MIDCAP_100,MOM100.NS,2025-12-31,62.95000076293945,65.4000015258789,62.95000076293945,65.20999908447266,489227
NIFTY_MIDCAP_100,MOM100.NS,2026-01-01,64.4000015258789,65.5,64.4000015258789,65.4000015258789,189820
NIFTY_MIDCAP_100,MOM100.NS,2026-01-02,65.48999786376953,66.06999969482422,65.12999725341797,66.01000213623047,609710
NIFTY_MIDCAP_100,MOM100.NS,2026-01-05,66.1500015258789,66.19999694824219,65.55999755859375,65.83999633789062,559002
NIFTY_MIDCAP_100,MOM100.NS,2026-01-06,65.05000305175781,66.12000274658203,65.05000305175781,65.86000061035156,671449
NIFTY_MIDCAP_100,MOM100.NS,2026-01-07,65.05000305175781,66.20999908447266,65.05000305175781,66.16999816894531,864012
NIFTY_MIDCAP_100,MOM100.NS,2026-01-08,66.4800033569336,66.4800033569336,64.58999633789062,64.91000366210938,1360793
NIFTY_MIDCAP_100,MOM100.NS,2026-01-09,63.279998779296875,65.4000015258789,63.279998779296875,64.4000015258789,923032
NIFTY_MIDCAP_100,MOM100.NS,2026-01-12,63.599998474121094,64.81999969482422,63.2400016784668,64.33999633789062,637693
NIFTY_MIDCAP_100,MOM100.NS,2026-01-13,63.099998474121094,65.94000244140625,63.099998474121094,64.19000244140625,548788
NIFTY_MIDCAP_100,MOM100.NS,2026-01-14,62.58000183105469,64.52999877929688,62.58000183105469,64.2300033569336,420477
NIFTY_MIDCAP_100,MOM100.NS,2026-01-15,64.2300033569336,64.2300033569336,64.2300033569336,64.2300033569336,0
NIFTY_MIDCAP_100,MOM100.NS,2026-01-16,64.5,64.86000061035156,64.2300033569336,64.36000061035156,731055
NIFTY_MIDCAP_100,MOM100.NS,2026-01-19,64.41999816894531,64.69999694824219,63.599998474121094,64.20999908447266,365740
NIFTY_MIDCAP_100,MOM100.NS,2026-01-20,64.5,64.5,62.380001068115234,62.560001373291016,1042913
NIFTY_MIDCAP_100,MOM100.NS,2026-01-21,62.880001068115234,62.880001068115234,61.0,61.83000183105469,1086901
NIFTY_MIDCAP_100,MOM100.NS,2026-01-22,61.20000076293945,63.08000183105469,61.20000076293945,62.66999816894531,688115
NIFTY_MIDCAP_100,MOM100.NS,2026-01-23,64.2300033569336,64.2300033569336,61.45000076293945,61.540000915527344,547405
NIFTY_MIDCAP_100,MOM100.NS,2026-01-27,61.900001525878906,62.099998474121094,61.029998779296875,61.91999816894531,1040195
NIFTY_MIDCAP_100,MOM100.NS,2026-01-28,62.349998474121094,63.0,62.02000045776367,62.95000076293945,481561
NIFTY_MIDCAP_100,MOM100.NS,2026-01-29,62.95000076293945,65.0,62.459999084472656,63.029998779296875,526975
NIFTY_MIDCAP_100,MOM100.NS,2026-01-30,63.72999954223633,63.72999954223633,62.279998779296875,62.83000183105469,510149
NIFTY_MIDCAP_100,MOM100.NS,2026-02-02,61.790000915527344,62.34000015258789,60.7599983215332,62.119998931884766,679589
NIFTY_MIDCAP_100,MOM100.NS,2026-02-03,62.29999923706055,64.97000122070312,62.29999923706055,64.0,1207114
NIFTY_MIDCAP_100,MOM100.NS,2026-02-04,64.95999908447266,64.95999908447266,63.470001220703125,64.2300033569336,614855
NIFTY_MIDCAP_100,MOM100.NS,2026-02-05,64.48999786376953,64.48999786376953,63.619998931884766,64.05000305175781,396637
NIFTY_MIDCAP_100,MOM100.NS,2026-02-06,64.69000244140625,64.69000244140625,63.22999954223633,64.0199966430664,387893
NIFTY_MIDCAP_100,MOM100.NS,2026-02-09,64.0199966430664,64.9800033569336,64.0199966430664,64.91000366210938,1041223
NIFTY_MIDCAP_100,MOM100.NS,2026-02-10,65.55000305175781,65.55000305175781,64.83000183105469,65.30999755859375,357684
NIFTY_MIDCAP_100,MOM100.NS,2026-02-11,65.69999694824219,65.69999694824219,65.0,65.33000183105469,240417
NIFTY_MIDCAP_100,MOM100.NS,2026-02-12,64.5999984741211,65.69999694824219,64.5999984741211,65.01000213623047,357939
NIFTY_MIDCAP_100,MOM100.NS,2026-02-13,64.68000030517578,64.79000091552734,63.709999084472656,64.0,381370
NIFTY_MIDCAP_100,MOM100.NS,2026-02-16,62.400001525878906,64.6500015258789,62.400001525878906,64.33999633789062,463448
NIFTY_MIDCAP_100,MOM100.NS,2026-02-17,62.72999954223633,64.69000244140625,62.72999954223633,64.45999908447266,226491
NIFTY_MIDCAP_100,MOM100.NS,2026-02-18,66.06999969482422,66.06999969482422,64.11000061035156,64.87999725341797,464531
NIFTY_MIDCAP_100,MOM100.NS,2026-02-19,65.66000366210938,65.66000366210938,63.52000045776367,63.79999923706055,481670
NIFTY_MIDCAP_100,MOM100.NS,2026-02-20,65.38999938964844,65.38999938964844,63.310001373291016,64.13999938964844,268028
NIFTY_MIDCAP_100,MOM100.NS,2026-02-23,64.77999877929688,64.77999877929688,63.650001525878906,63.900001525878906,457140
NIFTY_MIDCAP_100,MOM100.NS,2026-02-24,64.55000305175781,64.55000305175781,63.09000015258789,63.77000045776367,456310
NIFTY_MIDCAP_100,MOM100.NS,2026-02-25,64.08000183105469,64.22000122070312,63.599998474121094,63.959999084472656,741436
NIFTY_MIDCAP_100,MOM100.NS,2026-02-26,65.87999725341797,65.87999725341797,63.959999084472656,64.48999786376953,259476
NIFTY_MIDCAP_100,MOM100.NS,2026-02-27,66.0999984741211,66.0999984741211,63.650001525878906,63.75,344767
NIFTY_MIDCAP_100,MOM100.NS,2026-03-02,64.0999984741211,64.0999984741211,61.90999984741211,62.720001220703125,858545
NIFTY_MIDCAP_100,MOM100.NS,2026-03-04,62.709999084472656,62.709999084472656,60.970001220703125,61.38999938964844,873059
NIFTY_MIDCAP_100,MOM100.NS,2026-03-05,61.79999923706055,62.52000045776367,61.400001525878906,62.36000061035156,440918
NIFTY_MIDCAP_100,MOM100.NS,2026-03-06,62.20000076293945,62.709999084472656,61.650001525878906,61.84000015258789,440747
NIFTY_MIDCAP_100,MOM100.NS,2026-03-09,69.19999694824219,69.19999694824219,59.689998626708984,60.66999816894531,1266303
NIFTY_MIDCAP_100,MOM100.NS,2026-03-10,62.18000030517578,62.18000030517578,60.86000061035156,61.689998626708984,591393
NIFTY_MIDCAP_100,MOM100.NS,2026-03-11,63.22999954223633,63.22999954223633,60.79999923706055,60.95000076293945,395558
NIFTY_MIDCAP_100,MOM100.NS,2026-03-12,60.95000076293945,61.18000030517578,59.70000076293945,60.70000076293945,601318
NIFTY_MIDCAP_100,MOM100.NS,2026-03-13,60.099998474121094,61.099998474121094,58.83000183105469,59.060001373291016,1266824
NIFTY_MIDCAP_100,MOM100.NS,2026-03-16,59.38999938964844,59.38999938964844,57.95000076293945,58.93000030517578,635257
NIFTY_MIDCAP_100,MOM100.NS,2026-03-17,57.45000076293945,60.0,57.45000076293945,59.540000915527344,536550
NIFTY_MIDCAP_100,MOM100.NS,2026-03-18,59.93000030517578,60.970001220703125,59.41999816894531,60.72999954223633,796804
NIFTY_MIDCAP_100,MOM100.NS,2026-03-19,60.72999954223633,60.72999954223633,58.54999923706055,59.06999969482422,1150364
NIFTY_MIDCAP_100,MOM100.NS,2026-03-20,59.5,59.970001220703125,59.0,59.130001068115234,559598
NIFTY_MIDCAP_100,MOM100.NS,2026-03-23,60.599998474121094,60.599998474121094,56.70000076293945,56.869998931884766,1259377
NIFTY_MIDCAP_100,MOM100.NS,2026-03-24,57.9900016784668,58.720001220703125,57.150001525878906,58.38999938964844,812521
NIFTY_MIDCAP_100,MOM100.NS,2026-03-25,60.13999938964844,60.13999938964844,58.36000061035156,59.61000061035156,481020
NIFTY_MIDCAP_100,MOM100.NS,2026-03-27,59.61000061035156,59.61000061035156,58.2599983215332,58.380001068115234,837593
NIFTY_MIDCAP_100,MOM100.NS,2026-03-30,58.380001068115234,58.380001068115234,56.599998474121094,56.77000045776367,1450534
NIFTY_MIDCAP_100,MOM100.NS,2026-04-01,56.79999923706055,59.060001373291016,56.79999923706055,58.619998931884766,915039
NIFTY_MIDCAP_100,MOM100.NS,2026-04-02,60.380001068115234,60.380001068115234,56.150001525878906,57.93000030517578,1242933
NIFTY_MIDCAP_100,MOM100.NS,2026-04-06,58.529998779296875,58.849998474121094,57.20000076293945,58.75,859830
NIFTY_MIDCAP_100,MOM100.NS,2026-04-07,57.790000915527344,58.95000076293945,57.790000915527344,58.88999938964844,427182
NIFTY_MIDCAP_100,MOM100.NS,2026-04-08,60.36000061035156,61.54999923706055,59.849998474121094,61.33000183105469,985331
NIFTY_MIDCAP_100,MOM100.NS,2026-04-09,61.70000076293945,61.779998779296875,60.7599983215332,61.459999084472656,537905
NIFTY_MIDCAP_100,MOM100.NS,2026-04-10,61.459999084472656,62.2599983215332,61.459999084472656,62.20000076293945,1114233
NIFTY_MIDCAP_100,MOM100.NS,2026-04-13,62.20000076293945,62.20000076293945,60.540000915527344,61.81999969482422,694406
NIFTY_MIDCAP_100,MOM100.NS,2026-04-15,61.25,63.38999938964844,61.25,63.22999954223633,452345
NIFTY_MIDCAP_100,MOM100.NS,2026-04-16,63.22999954223633,64.04000091552734,63.060001373291016,63.63999938964844,663272
NIFTY_MIDCAP_100,MOM100.NS,2026-04-17,63.630001068115234,64.5,63.58000183105469,64.43000030517578,603501
NIFTY_MIDCAP_100,MOM100.NS,2026-04-20,64.41999816894531,64.88999938964844,63.900001525878906,64.31999969482422,646891
NIFTY_MIDCAP_100,MOM100.NS,2026-04-21,65.91999816894531,65.91999816894531,64.2699966430664,64.63999938964844,728769
NIFTY_MIDCAP_100,MOM100.NS,2026-04-22,66.0,66.0,64.22000122070312,64.75,698988
NIFTY_MIDCAP_100,MOM100.NS,2026-04-23,64.0,65.0,64.0,64.5,348750
NIFTY_MIDCAP_100,MOM100.NS,2026-04-24,64.5,64.80000305175781,63.560001373291016,63.90999984741211,408838
NIFTY_MIDCAP_100,MOM100.NS,2026-04-27,64.5,65.0,63.90999984741211,64.83000183105469,598175
NIFTY_MIDCAP_100,MOM100.NS,2026-04-28,65.30000305175781,65.30000305175781,64.52999877929688,64.98999786376953,423350
NIFTY_MIDCAP_100,MOM100.NS,2026-04-29,65.79000091552734,65.79000091552734,64.81999969482422,64.98999786376953,443717
NIFTY_MIDCAP_100,MOM100.NS,2026-04-30,65.19999694824219,65.19999694824219,63.79999923706055,64.3499984741211,513564
NIFTY_MIDCAP_100,MOM100.NS,2026-05-01,64.3499984741211,64.3499984741211,64.3499984741211,64.3499984741211,0
NIFTY_MIDCAP_100,MOM100.NS,2026-05-04,65.05000305175781,65.19999694824219,64.30000305175781,64.76000213623047,614685
NIFTY_MIDCAP_100,MOM100.NS,2026-05-05,64.62999725341797,65.0999984741211,64.44000244140625,64.87000274658203,240875
NIFTY_MIDCAP_100,MOM100.NS,2026-05-06,65.98999786376953,66.30000305175781,65.0999984741211,66.06999969482422,704681
NIFTY_MIDCAP_100,MOM100.NS,2026-05-07,66.76000213623047,67.12999725341797,66.06999969482422,66.70999908447266,524210
NIFTY_MIDCAP_100,MOM100.NS,2026-05-08,67.0,67.0,66.44999694824219,66.62999725341797,407281
NIFTY_MIDCAP_100,MOM100.NS,2026-05-11,65.0999984741211,66.70999908447266,65.0999984741211,65.9000015258789,650672
NIFTY_MIDCAP_100,MOM100.NS,2026-05-12,66.5,66.5,64.08000183105469,64.23999786376953,999910
NIFTY_MIDCAP_100,MOM100.NS,2026-05-13,64.69000244140625,65.19999694824219,64.01000213623047,64.70999908447266,539059
NIFTY_MIDCAP_100,MOM100.NS,2026-05-14,66.31999969482422,66.31999969482422,64.5,65.54000091552734,701655
NIFTY_MIDCAP_100,MOM100.NS,2026-05-15,66.23999786376953,66.23999786376953,65.19000244140625,65.29000091552734,350810
NIFTY_MIDCAP_100,MOM100.NS,2026-05-18,64.0199966430664,65.27999877929688,64.0199966430664,65.05000305175781,689738
NIFTY_MIDCAP_100,MOM100.NS,2026-05-19,65.69000244140625,66.05000305175781,65.11000061035156,65.62000274658203,428754
NIFTY_MIDCAP_100,MOM100.NS,2026-05-20,65.5999984741211,66.12000274658203,64.9000015258789,66.0,308422
NIFTY_MIDCAP_100,MOM100.NS,2026-05-21,66.9000015258789,66.9000015258789,65.88999938964844,65.94000244140625,389416
NIFTY_MIDCAP_100,MOM100.NS,2026-05-22,66.18000030517578,66.36000061035156,65.77999877929688,66.05999755859375,411612
NIFTY_MIDCAP_100,MOM100.NS,2026-05-25,66.69000244140625,67.41000366210938,66.25,66.68000030517578,403529
NIFTY_MIDCAP_100,MOM100.NS,2026-05-26,67.19000244140625,67.19000244140625,66.45999908447266,67.0,384667
NIFTY_MIDCAP_100,MOM100.NS,2026-05-27,67.29000091552734,67.44999694824219,66.8499984741211,67.33999633789062,425841
NIFTY_MIDCAP_100,MOM100.NS,2026-05-28,67.33999633789062,67.33999633789062,67.33999633789062,67.33999633789062,0
NIFTY_MIDCAP_100,MOM100.NS,2026-05-29,69.05999755859375,69.05999755859375,66.30000305175781,66.45999908447266,589846
NIFTY_MIDCAP_100,MOM100.NS,2026-06-01,67.08999633789062,67.08999633789062,65.19999694824219,65.56999969482422,674359
NIFTY_MIDCAP_100,MOM100.NS,2026-06-02,63.93000030517578,65.73999786376953,63.93000030517578,65.62000274658203,567747
NIFTY_MIDCAP_100,MOM100.NS,2026-06-03,65.6500015258789,65.97000122070312,64.5,65.45999908447266,565761
NIFTY_MIDCAP_100,MOM100.NS,2026-06-04,65.44999694824219,66.13999938964844,65.01000213623047,65.73999786376953,412776
NIFTY_MIDCAP_100,MOM100.NS,2026-06-05,65.73999786376953,66.30000305175781,65.26000213623047,65.55999755859375,249228
NIFTY_MIDCAP_100,MOM100.NS,2026-06-08,65.30000305175781,65.38999938964844,64.25,64.63999938964844,571986
NIFTY_MIDCAP_100,MOM100.NS,2026-06-09,64.41000366210938,65.52999877929688,64.41000366210938,65.44000244140625,542133
NIFTY_MIDCAP_100,MOM100.NS,2026-06-10,65.55000305175781,65.73999786376953,64.37000274658203,64.52999877929688,243059
NIFTY_MIDCAP_100,MOM100.NS,2026-06-11,64.77999877929688,64.77999877929688,63.900001525878906,64.01000213623047,320134
NIFTY_MIDCAP_100,MOM100.NS,2026-06-12,64.45999908447266,65.7300033569336,64.44999694824219,65.48999786376953,762810
NIFTY_MIDCAP_100,MOM100.NS,2026-06-15,66.80000305175781,67.0,66.16999816894531,66.45999908447266,917608
NIFTY_MIDCAP_100,MOM100.NS,2026-06-16,68.12000274658203,68.12000274658203,66.26000213623047,66.73999786376953,374607
NIFTY_MIDCAP_100,MOM100.NS,2026-06-17,66.54000091552734,67.44000244140625,66.54000091552734,67.04000091552734,291565
NIFTY_MIDCAP_100,MOM100.NS,2026-06-18,68.70999908447266,68.70999908447266,66.75,67.33999633789062,449774
NIFTY_MIDCAP_100,MOM100.NS,2026-06-19,67.33999633789062,67.5999984741211,66.81999969482422,67.44999694824219,608492
NIFTY_SMALLCAP_250,SMALLCAP.NS,2024-03-18,41.97999954223633,42.20000076293945,41.15999984741211,41.45000076293945,429982
NIFTY_SMALLCAP_250,SMALLCAP.NS,2024-03-19,41.7400016784668,41.7400016784668,40.70000076293945,40.88999938964844,759384
NIFTY_SMALLCAP_250,SMALLCAP.NS,2024-03-20,41.33000183105469,41.33000183105469,40.439998626708984,40.849998474121094,506506
NIFTY_SMALLCAP_250,SMALLCAP.NS,2024-03-21,42.099998474121094,42.099998474121094,41.209999084472656,41.880001068115234,341526
NIFTY_SMALLCAP_250,SMALLCAP.NS,2024-03-22,42.290000915527344,42.290000915527344,41.7599983215332,42.18000030517578,496126
NIFTY_SMALLCAP_250,SMALLCAP.NS,2024-03-26,42.9900016784668,43.47999954223633,41.79999923706055,42.47999954223633,710661
NIFTY_SMALLCAP_250,SMALLCAP.NS,2024-03-27,42.970001220703125,43.45000076293945,42.75,42.79999923706055,1114909
NIFTY_SMALLCAP_250,SMALLCAP.NS,2024-03-28,43.38999938964844,43.65999984741211,42.849998474121094,42.90999984741211,830645
NIFTY_SMALLCAP_250,SMALLCAP.NS,2024-04-01,43.060001373291016,44.25,42.9900016784668,44.150001525878906,674814
NIFTY_SMALLCAP_250,SMALLCAP.NS,2024-04-02,44.18000030517578,44.79999923706055,44.15999984741211,44.720001220703125,1242500
NIFTY_SMALLCAP_250,SMALLCAP.NS,2024-04-03,44.939998626708984,45.36000061035156,44.70000076293945,45.29999923706055,1057347
NIFTY_SMALLCAP_250,SMALLCAP.NS,2024-04-04,45.349998474121094,46.0,45.09000015258789,45.529998779296875,995044
NIFTY_SMALLCAP_250,SMALLCAP.NS,2024-04-05,45.84000015258789,47.150001525878906,45.150001525878906,45.880001068115234,669419
NIFTY_SMALLCAP_250,SMALLCAP.NS,2024-04-08,46.25,46.68000030517578,45.52000045776367,45.790000915527344,809749
NIFTY_SMALLCAP_250,SMALLCAP.NS,2024-04-09,46.369998931884766,46.5,45.5,45.77000045776367,383023
NIFTY_SMALLCAP_250,SMALLCAP.NS,2024-04-10,46.09000015258789,46.13999938964844,45.310001373291016,46.06999969482422,368199
NIFTY_SMALLCAP_250,SMALLCAP.NS,2024-04-12,46.25,47.77000045776367,46.099998474121094,46.18000030517578,615453
NIFTY_SMALLCAP_250,SMALLCAP.NS,2024-04-15,46.779998779296875,46.779998779296875,45.0,45.45000076293945,833884
NIFTY_SMALLCAP_250,SMALLCAP.NS,2024-04-16,46.400001525878906,46.400001525878906,44.540000915527344,45.56999969482422,204817
NIFTY_SMALLCAP_250,SMALLCAP.NS,2024-04-18,46.25,46.25,45.25,45.349998474121094,372700
NIFTY_SMALLCAP_250,SMALLCAP.NS,2024-04-19,45.400001525878906,46.0,44.5,45.279998779296875,480722
NIFTY_SMALLCAP_250,SMALLCAP.NS,2024-04-22,45.77000045776367,45.900001525878906,45.279998779296875,45.81999969482422,281281
NIFTY_SMALLCAP_250,SMALLCAP.NS,2024-04-23,46.16999816894531,46.599998474121094,45.029998779296875,46.41999816894531,362693
NIFTY_SMALLCAP_250,SMALLCAP.NS,2024-04-24,46.9900016784668,46.9900016784668,46.5,46.93000030517578,406853
NIFTY_SMALLCAP_250,SMALLCAP.NS,2024-04-25,46.810001373291016,47.400001525878906,46.810001373291016,47.27000045776367,428641
NIFTY_SMALLCAP_250,SMALLCAP.NS,2024-04-26,47.650001525878906,48.0,47.209999084472656,47.650001525878906,506640
NIFTY_SMALLCAP_250,SMALLCAP.NS,2024-04-29,48.599998474121094,49.79999923706055,47.209999084472656,47.380001068115234,1196349
NIFTY_SMALLCAP_250,SMALLCAP.NS,2024-04-30,47.84000015258789,48.5,47.380001068115234,47.43000030517578,497173
NIFTY_SMALLCAP_250,SMALLCAP.NS,2024-05-02,47.540000915527344,48.31999969482422,47.2400016784668,47.459999084472656,396458
NIFTY_SMALLCAP_250,SMALLCAP.NS,2024-05-03,47.689998626708984,47.88999938964844,46.91999816894531,47.310001373291016,701654
NIFTY_SMALLCAP_250,SMALLCAP.NS,2024-05-06,47.38999938964844,47.849998474121094,46.380001068115234,46.65999984741211,516098
NIFTY_SMALLCAP_250,SMALLCAP.NS,2024-05-07,46.939998626708984,47.18000030517578,45.45000076293945,45.810001373291016,1173364
NIFTY_SMALLCAP_250,SMALLCAP.NS,2024-05-08,45.20000076293945,46.380001068115234,45.20000076293945,45.95000076293945,332288
NIFTY_SMALLCAP_250,SMALLCAP.NS,2024-05-09,46.189998626708984,46.189998626708984,44.720001220703125,44.81999969482422,1152914
NIFTY_SMALLCAP_250,SMALLCAP.NS,2024-05-10,45.0,45.45000076293945,44.04999923706055,44.959999084472656,999101
NIFTY_SMALLCAP_250,SMALLCAP.NS,2024-05-13,45.75,46.68000030517578,43.869998931884766,44.68000030517578,1159520
NIFTY_SMALLCAP_250,SMALLCAP.NS,2024-05-14,44.709999084472656,45.599998474121094,44.70000076293945,45.56999969482422,455834
NIFTY_SMALLCAP_250,SMALLCAP.NS,2024-05-15,45.7400016784668,46.08000183105469,45.310001373291016,45.970001220703125,473071
NIFTY_SMALLCAP_250,SMALLCAP.NS,2024-05-16,45.959999084472656,46.459999084472656,45.959999084472656,46.2599983215332,423731
NIFTY_SMALLCAP_250,SMALLCAP.NS,2024-05-17,47.400001525878906,47.400001525878906,46.209999084472656,46.84000015258789,346307
NIFTY_SMALLCAP_250,SMALLCAP.NS,2024-05-21,47.25,47.25,45.310001373291016,47.0,528999
NIFTY_SMALLCAP_250,SMALLCAP.NS,2024-05-22,47.25,47.45000076293945,46.29999923706055,46.810001373291016,647360
NIFTY_SMALLCAP_250,SMALLCAP.NS,2024-05-23,46.9900016784668,46.9900016784668,45.5,46.939998626708984,292116
NIFTY_SMALLCAP_250,SMALLCAP.NS,2024-05-24,47.09000015258789,47.43000030517578,46.939998626708984,47.18000030517578,482367
NIFTY_SMALLCAP_250,SMALLCAP.NS,2024-05-27,47.439998626708984,47.63999938964844,46.630001068115234,47.45000076293945,494987
NIFTY_SMALLCAP_250,SMALLCAP.NS,2024-05-28,47.84000015258789,47.84000015258789,46.7599983215332,47.09000015258789,547032
NIFTY_SMALLCAP_250,SMALLCAP.NS,2024-05-29,47.09000015258789,47.79999923706055,46.54999923706055,47.08000183105469,252276
NIFTY_SMALLCAP_250,SMALLCAP.NS,2024-05-30,47.849998474121094,47.849998474121094,46.349998474121094,46.63999938964844,434969
NIFTY_SMALLCAP_250,SMALLCAP.NS,2024-05-31,47.09000015258789,47.18000030517578,46.0,46.54999923706055,375895
NIFTY_SMALLCAP_250,SMALLCAP.NS,2024-06-03,47.4900016784668,48.40999984741211,46.880001068115234,47.31999969482422,918688
NIFTY_SMALLCAP_250,SMALLCAP.NS,2024-06-04,47.400001525878906,47.65999984741211,44.25,44.84000015258789,2271459
NIFTY_SMALLCAP_250,SMALLCAP.NS,2024-06-05,45.66999816894531,46.0,44.0099983215332,45.650001525878906,1981708
NIFTY_SMALLCAP_250,SMALLCAP.NS,2024-06-06,45.790000915527344,47.060001373291016,45.650001525878906,46.7400016784668,740423
NIFTY_SMALLCAP_250,SMALLCAP.NS,2024-06-07,47.2400016784668,48.20000076293945,45.91999816894531,47.88999938964844,850995
NIFTY_SMALLCAP_250,SMALLCAP.NS,2024-06-10,48.599998474121094,49.0,47.709999084472656,48.810001373291016,1558817
NIFTY_SMALLCAP_250,SMALLCAP.NS,2024-06-11,49.04999923706055,49.779998779296875,48.5,49.06999969482422,435095
NIFTY_SMALLCAP_250,SMALLCAP.NS,2024-06-12,49.59000015258789,49.709999084472656,49.06999969482422,49.66999816894531,714424
NIFTY_SMALLCAP_250,SMALLCAP.NS,2024-06-13,49.689998626708984,50.279998779296875,49.61000061035156,50.150001525878906,577235
NIFTY_SMALLCAP_250,SMALLCAP.NS,2024-06-14,50.4900016784668,50.70000076293945,50.2599983215332,50.619998931884766,796961
NIFTY_SMALLCAP_250,SMALLCAP.NS,2024-06-18,50.790000915527344,51.5,50.630001068115234,51.130001068115234,521475
NIFTY_SMALLCAP_250,SMALLCAP.NS,2024-06-19,51.18000030517578,51.5,50.25,50.779998779296875,807332
NIFTY_SMALLCAP_250,SMALLCAP.NS,2024-06-20,50.849998474121094,51.09000015258789,50.400001525878906,50.93000030517578,355148
NIFTY_SMALLCAP_250,SMALLCAP.NS,2024-06-21,51.2400016784668,51.5,50.599998474121094,50.95000076293945,545099
NIFTY_SMALLCAP_250,SMALLCAP.NS,2024-06-24,51.11000061035156,51.189998626708984,50.20000076293945,50.68000030517578,719221
NIFTY_SMALLCAP_250,SMALLCAP.NS,2024-06-25,51.33000183105469,51.70000076293945,50.5,50.77000045776367,721083
NIFTY_SMALLCAP_250,SMALLCAP.NS,2024-06-26,51.790000915527344,51.790000915527344,50.540000915527344,50.90999984741211,425109
NIFTY_SMALLCAP_250,SMALLCAP.NS,2024-06-27,50.900001525878906,51.0,50.2400016784668,50.56999969482422,338231
NIFTY_SMALLCAP_250,SMALLCAP.NS,2024-06-28,50.58000183105469,51.08000183105469,49.529998779296875,50.630001068115234,1040567
NIFTY_SMALLCAP_250,SMALLCAP.NS,2024-07-01,50.939998626708984,51.95000076293945,50.560001373291016,51.75,994218
NIFTY_SMALLCAP_250,SMALLCAP.NS,2024-07-02,51.970001220703125,52.5,51.20000076293945,51.779998779296875,776308
NIFTY_SMALLCAP_250,SMALLCAP.NS,2024-07-03,52.34000015258789,52.47999954223633,51.79999923706055,52.31999969482422,568249
NIFTY_SMALLCAP_250,SMALLCAP.NS,2024-07-04,52.61000061035156,53.5,52.400001525878906,53.06999969482422,577911
NIFTY_SMALLCAP_250,SMALLCAP.NS,2024-07-05,53.599998474121094,54.0,52.40999984741211,53.59000015258789,828729
NIFTY_SMALLCAP_250,SMALLCAP.NS,2024-07-08,53.689998626708984,54.47999954223633,53.349998474121094,53.70000076293945,1210446
NIFTY_SMALLCAP_250,SMALLCAP.NS,2024-07-09,55.25,55.25,53.29999923706055,53.54999923706055,976439
NIFTY_SMALLCAP_250,SMALLCAP.NS,2024-07-10,53.849998474121094,54.0,51.79999923706055,52.9900016784668,1643496
NIFTY_SMALLCAP_250,SMALLCAP.NS,2024-07-11,53.2400016784668,53.650001525878906,52.709999084472656,53.5,494798
NIFTY_SMALLCAP_250,SMALLCAP.NS,2024-07-12,53.70000076293945,53.97999954223633,53.20000076293945,53.349998474121094,528693
NIFTY_SMALLCAP_250,SMALLCAP.NS,2024-07-15,53.849998474121094,53.849998474121094,53.0,53.70000076293945,670493
NIFTY_SMALLCAP_250,SMALLCAP.NS,2024-07-16,53.689998626708984,54.04999923706055,53.40999984741211,53.709999084472656,807720
NIFTY_SMALLCAP_250,SMALLCAP.NS,2024-07-18,53.709999084472656,53.79999923706055,52.650001525878906,53.029998779296875,1352388
NIFTY_SMALLCAP_250,SMALLCAP.NS,2024-07-19,53.599998474121094,53.599998474121094,51.41999816894531,51.66999816894531,1833862
NIFTY_SMALLCAP_250,SMALLCAP.NS,2024-07-22,52.27000045776367,52.83000183105469,50.83000183105469,52.209999084472656,995454
NIFTY_SMALLCAP_250,SMALLCAP.NS,2024-07-23,52.189998626708984,52.66999816894531,49.15999984741211,51.65999984741211,1466832
NIFTY_SMALLCAP_250,SMALLCAP.NS,2024-07-24,51.66999816894531,52.75,51.290000915527344,52.63999938964844,693520
NIFTY_SMALLCAP_250,SMALLCAP.NS,2024-07-25,51.9900016784668,52.45000076293945,51.25,52.290000915527344,500854
NIFTY_SMALLCAP_250,SMALLCAP.NS,2024-07-26,52.290000915527344,52.95000076293945,52.040000915527344,52.91999816894531,510812
NIFTY_SMALLCAP_250,SMALLCAP.NS,2024-07-29,52.91999816894531,53.650001525878906,52.91999816894531,53.61000061035156,600007
NIFTY_SMALLCAP_250,SMALLCAP.NS,2024-07-30,53.689998626708984,54.16999816894531,53.41999816894531,54.08000183105469,623981
NIFTY_SMALLCAP_250,SMALLCAP.NS,2024-07-31,54.439998626708984,54.540000915527344,53.869998931884766,53.939998626708984,444265
NIFTY_SMALLCAP_250,SMALLCAP.NS,2024-08-01,54.09000015258789,54.15999984741211,53.130001068115234,53.40999984741211,886069
NIFTY_SMALLCAP_250,SMALLCAP.NS,2024-08-02,53.29999923706055,53.29999923706055,52.189998626708984,52.689998626708984,1616871
NIFTY_SMALLCAP_250,SMALLCAP.NS,2024-08-05,52.4900016784668,52.4900016784668,50.0,50.47999954223633,3540320
NIFTY_SMALLCAP_250,SMALLCAP.NS,2024-08-06,50.790000915527344,51.599998474121094,49.75,49.970001220703125,1722084
NIFTY_SMALLCAP_250,SMALLCAP.NS,2024-08-07,50.20000076293945,51.5,50.029998779296875,51.15999984741211,875464
NIFTY_SMALLCAP_250,SMALLCAP.NS,2024-08-08,51.15999984741211,51.5,50.70000076293945,50.86000061035156,813345
NIFTY_SMALLCAP_250,SMALLCAP.NS,2024-08-09,51.11000061035156,52.380001068115234,50.90999984741211,51.310001373291016,954019
NIFTY_SMALLCAP_250,SMALLCAP.NS,2024-08-12,51.439998626708984,51.689998626708984,50.790000915527344,51.540000915527344,1000550
NIFTY_SMALLCAP_250,SMALLCAP.NS,2024-08-13,51.540000915527344,51.84000015258789,50.68000030517578,50.880001068115234,640275
NIFTY_SMALLCAP_250,SMALLCAP.NS,2024-08-14,50.689998626708984,50.869998931884766,50.189998626708984,50.52000045776367,1047332
NIFTY_SMALLCAP_250,SMALLCAP.NS,2024-08-16,52.040000915527344,52.040000915527344,50.0099983215332,51.650001525878906,961209
NIFTY_SMALLCAP_250,SMALLCAP.NS,2024-08-19,52.040000915527344,52.540000915527344,51.529998779296875,52.52000045776367,983690
NIFTY_SMALLCAP_250,SMALLCAP.NS,2024-08-20,52.5099983215332,52.70000076293945,52.099998474121094,52.52000045776367,465330
NIFTY_SMALLCAP_250,SMALLCAP.NS,2024-08-21,52.4900016784668,53.22999954223633,52.40999984741211,53.119998931884766,765390
NIFTY_SMALLCAP_250,SMALLCAP.NS,2024-08-22,53.099998474121094,53.689998626708984,52.970001220703125,53.18000030517578,426473
NIFTY_SMALLCAP_250,SMALLCAP.NS,2024-08-23,53.290000915527344,53.47999954223633,52.849998474121094,53.13999938964844,433162
NIFTY_SMALLCAP_250,SMALLCAP.NS,2024-08-26,53.599998474121094,53.599998474121094,52.540000915527344,53.22999954223633,578344
NIFTY_SMALLCAP_250,SMALLCAP.NS,2024-08-27,53.0,53.900001525878906,53.0,53.779998779296875,694558
NIFTY_SMALLCAP_250,SMALLCAP.NS,2024-08-28,54.04999923706055,54.04999923706055,53.400001525878906,53.84000015258789,566053
NIFTY_SMALLCAP_250,SMALLCAP.NS,2024-08-29,53.79999923706055,53.900001525878906,53.099998474121094,53.29999923706055,973842
NIFTY_SMALLCAP_250,SMALLCAP.NS,2024-08-30,53.540000915527344,53.7400016784668,53.33000183105469,53.560001373291016,806454
NIFTY_SMALLCAP_250,SMALLCAP.NS,2024-09-02,54.0,54.43000030517578,53.20000076293945,53.369998931884766,472605
NIFTY_SMALLCAP_250,SMALLCAP.NS,2024-09-03,53.970001220703125,54.060001373291016,53.369998931884766,53.68000030517578,556966
NIFTY_SMALLCAP_250,SMALLCAP.NS,2024-09-04,53.59000015258789,53.849998474121094,52.599998474121094,53.5099983215332,977045
NIFTY_SMALLCAP_250,SMALLCAP.NS,2024-09-05,53.790000915527344,53.97999954223633,53.400001525878906,53.81999969482422,561397
NIFTY_SMALLCAP_250,SMALLCAP.NS,2024-09-06,53.79999923706055,53.900001525878906,53.0,53.0099983215332,1365137
NIFTY_SMALLCAP_250,SMALLCAP.NS,2024-09-09,54.599998474121094,54.599998474121094,52.099998474121094,52.5,879875
NIFTY_SMALLCAP_250,SMALLCAP.NS,2024-09-10,52.310001373291016,53.27000045776367,52.310001373291016,53.22999954223633,306782
NIFTY_SMALLCAP_250,SMALLCAP.NS,2024-09-11,53.81999969482422,53.81999969482422,52.709999084472656,52.9900016784668,487156
NIFTY_SMALLCAP_250,SMALLCAP.NS,2024-09-12,52.9900016784668,53.400001525878906,52.40999984741211,53.31999969482422,430588
NIFTY_SMALLCAP_250,SMALLCAP.NS,2024-09-13,53.90999984741211,53.91999816894531,53.209999084472656,53.720001220703125,831986
NIFTY_SMALLCAP_250,SMALLCAP.NS,2024-09-16,53.91999816894531,54.380001068115234,53.52000045776367,53.939998626708984,806189
NIFTY_SMALLCAP_250,SMALLCAP.NS,2024-09-17,54.09000015258789,54.099998474121094,53.599998474121094,53.790000915527344,1494767
NIFTY_SMALLCAP_250,SMALLCAP.NS,2024-09-18,54.38999938964844,54.38999938964844,53.310001373291016,53.439998626708984,427639
NIFTY_SMALLCAP_250,SMALLCAP.NS,2024-09-19,54.040000915527344,54.040000915527344,52.29999923706055,52.880001068115234,1577385
NIFTY_SMALLCAP_250,SMALLCAP.NS,2024-09-20,53.38999938964844,54.0,52.90999984741211,53.45000076293945,778752
NIFTY_SMALLCAP_250,SMALLCAP.NS,2024-09-23,54.29999923706055,54.29999923706055,53.150001525878906,53.93000030517578,658635
NIFTY_SMALLCAP_250,SMALLCAP.NS,2024-09-24,53.9900016784668,54.0,53.65999984741211,53.779998779296875,390229
NIFTY_SMALLCAP_250,SMALLCAP.NS,2024-09-25,53.9900016784668,54.29999923706055,53.150001525878906,53.5,430458
NIFTY_SMALLCAP_250,SMALLCAP.NS,2024-09-26,53.4900016784668,53.869998931884766,52.900001525878906,53.060001373291016,1022276
NIFTY_SMALLCAP_250,SMALLCAP.NS,2024-09-27,53.439998626708984,53.689998626708984,52.5,53.22999954223633,701427
NIFTY_SMALLCAP_250,SMALLCAP.NS,2024-09-30,53.2400016784668,54.0,52.7599983215332,53.18000030517578,529680
NIFTY_SMALLCAP_250,SMALLCAP.NS,2024-10-01,53.77000045776367,53.77000045776367,53.099998474121094,53.33000183105469,298234
NIFTY_SMALLCAP_250,SMALLCAP.NS,2024-10-03,53.0,53.33000183105469,52.04999923706055,52.36000061035156,1435153
NIFTY_SMALLCAP_250,SMALLCAP.NS,2024-10-04,52.95000076293945,52.95000076293945,51.56999969482422,51.95000076293945,755648
NIFTY_SMALLCAP_250,SMALLCAP.NS,2024-10-07,52.540000915527344,52.880001068115234,49.79999923706055,50.470001220703125,2785773
NIFTY_SMALLCAP_250,SMALLCAP.NS,2024-10-08,52.0,52.0,49.849998474121094,51.5,989843
NIFTY_SMALLCAP_250,SMALLCAP.NS,2024-10-09,51.9900016784668,52.650001525878906,51.5099983215332,52.43000030517578,607421
NIFTY_SMALLCAP_250,SMALLCAP.NS,2024-10-10,54.06999969482422,54.06999969482422,52.2599983215332,52.369998931884766,353868
NIFTY_SMALLCAP_250,SMALLCAP.NS,2024-10-11,52.4900016784668,52.9900016784668,52.29999923706055,52.90999984741211,569882
NIFTY_SMALLCAP_250,SMALLCAP.NS,2024-10-14,52.5,53.150001525878906,52.4900016784668,53.08000183105469,527258
NIFTY_SMALLCAP_250,SMALLCAP.NS,2024-10-15,53.68000030517578,53.79999923706055,53.0,53.459999084472656,680570
NIFTY_SMALLCAP_250,SMALLCAP.NS,2024-10-16,53.59000015258789,53.70000076293945,53.220001220703125,53.58000183105469,496322
NIFTY_SMALLCAP_250,SMALLCAP.NS,2024-10-17,53.849998474121094,53.849998474121094,52.900001525878906,53.0099983215332,455584
NIFTY_SMALLCAP_250,SMALLCAP.NS,2024-10-18,53.0099983215332,53.5,51.70000076293945,52.90999984741211,876471
NIFTY_SMALLCAP_250,SMALLCAP.NS,2024-10-21,53.47999954223633,53.4900016784668,52.0099983215332,52.02000045776367,1459519
NIFTY_SMALLCAP_250,SMALLCAP.NS,2024-10-22,52.56999969482422,52.619998931884766,49.90999984741211,50.099998474121094,2313357
NIFTY_SMALLCAP_250,SMALLCAP.NS,2024-10-23,50.70000076293945,50.86000061035156,49.04999923706055,50.47999954223633,1581333
NIFTY_SMALLCAP_250,SMALLCAP.NS,2024-10-24,50.97999954223633,50.97999954223633,50.0,50.189998626708984,566440
NIFTY_SMALLCAP_250,SMALLCAP.NS,2024-10-25,50.7599983215332,50.7599983215332,48.189998626708984,48.7599983215332,2346922
NIFTY_SMALLCAP_250,SMALLCAP.NS,2024-10-28,49.349998474121094,50.0,48.27000045776367,49.45000076293945,792247
NIFTY_SMALLCAP_250,SMALLCAP.NS,2024-10-29,50.0,50.599998474121094,49.02000045776367,49.95000076293945,620022
NIFTY_SMALLCAP_250,SMALLCAP.NS,2024-10-30,50.54999923706055,50.77000045776367,49.79999923706055,50.45000076293945,487574
NIFTY_SMALLCAP_250,SMALLCAP.NS,2024-10-31,50.970001220703125,51.599998474121094,50.31999969482422,51.08000183105469,542996
NIFTY_SMALLCAP_250,SMALLCAP.NS,2024-11-01,51.08000183105469,51.08000183105469,51.08000183105469,51.08000183105469,0
NIFTY_SMALLCAP_250,SMALLCAP.NS,2024-11-04,51.43000030517578,52.0,50.25,50.7599983215332,930321
NIFTY_SMALLCAP_250,SMALLCAP.NS,2024-11-05,51.349998474121094,51.5,50.25,50.97999954223633,638089
NIFTY_SMALLCAP_250,SMALLCAP.NS,2024-11-06,51.56999969482422,52.02000045776367,51.060001373291016,51.970001220703125,641958
NIFTY_SMALLCAP_250,SMALLCAP.NS,2024-11-07,51.970001220703125,52.279998779296875,51.38999938964844,51.5099983215332,741265
NIFTY_SMALLCAP_250,SMALLCAP.NS,2024-11-08,51.97999954223633,51.9900016784668,50.58000183105469,50.70000076293945,590168
NIFTY_SMALLCAP_250,SMALLCAP.NS,2024-11-11,51.290000915527344,51.290000915527344,49.849998474121094,50.08000183105469,641170
NIFTY_SMALLCAP_250,SMALLCAP.NS,2024-11-12,50.630001068115234,50.63999938964844,49.0,49.31999969482422,778648
NIFTY_SMALLCAP_250,SMALLCAP.NS,2024-11-13,49.70000076293945,49.709999084472656,47.54999923706055,47.70000076293945,2259774
NIFTY_SMALLCAP_250,SMALLCAP.NS,2024-11-14,48.290000915527344,48.4900016784668,47.709999084472656,47.7599983215332,870469
NIFTY_SMALLCAP_250,SMALLCAP.NS,2024-11-18,48.349998474121094,48.47999954223633,47.15999984741211,47.63999938964844,1131699
NIFTY_SMALLCAP_250,SMALLCAP.NS,2024-11-19,48.09000015258789,48.83000183105469,47.75,48.16999816894531,482893
NIFTY_SMALLCAP_250,SMALLCAP.NS,2024-11-21,48.36000061035156,48.439998626708984,47.400001525878906,47.77000045776367,693545
NIFTY_SMALLCAP_250,SMALLCAP.NS,2024-11-22,48.400001525878906,48.63999938964844,47.77000045776367,48.369998931884766,619604
NIFTY_SMALLCAP_250,SMALLCAP.NS,2024-11-25,49.95000076293945,49.95000076293945,48.7599983215332,49.369998931884766,655800
NIFTY_SMALLCAP_250,SMALLCAP.NS,2024-11-26,49.83000183105469,49.83000183105469,49.2400016784668,49.720001220703125,523040
NIFTY_SMALLCAP_250,SMALLCAP.NS,2024-11-27,49.90999984741211,50.59000015258789,49.70000076293945,50.52000045776367,485176
NIFTY_SMALLCAP_250,SMALLCAP.NS,2024-11-28,51.08000183105469,51.4900016784668,50.43000030517578,50.83000183105469,587792
NIFTY_SMALLCAP_250,SMALLCAP.NS,2024-11-29,50.81999969482422,51.119998931884766,50.5,50.970001220703125,624327
NIFTY_SMALLCAP_250,SMALLCAP.NS,2024-12-02,51.25,51.5,50.70000076293945,51.43000030517578,1231455
NIFTY_SMALLCAP_250,SMALLCAP.NS,2024-12-03,51.93000030517578,51.939998626708984,51.15999984741211,51.75,844390
NIFTY_SMALLCAP_250,SMALLCAP.NS,2024-12-04,52.34000015258789,52.34000015258789,51.75,52.099998474121094,897695
NIFTY_SMALLCAP_250,SMALLCAP.NS,2024-12-05,52.47999954223633,52.5,52.0,52.41999816894531,557523
NIFTY_SMALLCAP_250,SMALLCAP.NS,2024-12-06,52.970001220703125,53.13999938964844,52.41999816894531,53.040000915527344,1492814
NIFTY_SMALLCAP_250,SMALLCAP.NS,2024-12-09,53.47999954223633,53.47999954223633,52.619998931884766,53.2599983215332,543202
NIFTY_SMALLCAP_250,SMALLCAP.NS,2024-12-10,53.2599983215332,53.47999954223633,53.02000045776367,53.310001373291016,619252
NIFTY_SMALLCAP_250,SMALLCAP.NS,2024-12-11,54.0,54.0,52.77000045776367,53.7599983215332,4184034
NIFTY_SMALLCAP_250,SMALLCAP.NS,2024-12-12,54.70000076293945,54.70000076293945,53.0,53.20000076293945,890762
NIFTY_SMALLCAP_250,SMALLCAP.NS,2024-12-13,53.099998474121094,53.779998779296875,52.0,52.88999938964844,1050315
NIFTY_SMALLCAP_250,SMALLCAP.NS,2024-12-16,53.400001525878906,53.400001525878906,52.88999938964844,53.15999984741211,579665
NIFTY_SMALLCAP_250,SMALLCAP.NS,2024-12-17,53.47999954223633,53.47999954223633,52.61000061035156,52.779998779296875,595491
NIFTY_SMALLCAP_250,SMALLCAP.NS,2024-12-18,53.119998931884766,53.119998931884766,52.0,52.209999084472656,555362
NIFTY_SMALLCAP_250,SMALLCAP.NS,2024-12-19,51.9900016784668,52.0,51.099998474121094,51.75,834951
NIFTY_SMALLCAP_250,SMALLCAP.NS,2024-12-20,51.9900016784668,52.15999984741211,50.61000061035156,50.810001373291016,868561
NIFTY_SMALLCAP_250,SMALLCAP.NS,2024-12-23,51.790000915527344,51.79999923706055,50.04999923706055,50.45000076293945,1127717
NIFTY_SMALLCAP_250,SMALLCAP.NS,2024-12-24,50.97999954223633,50.97999954223633,50.15999984741211,50.470001220703125,988686
NIFTY_SMALLCAP_250,SMALLCAP.NS,2024-12-26,50.22999954223633,50.939998626708984,50.150001525878906,50.5,763274
NIFTY_SMALLCAP_250,SMALLCAP.NS,2024-12-27,50.959999084472656,50.9900016784668,50.400001525878906,50.59000015258789,476951
NIFTY_SMALLCAP_250,SMALLCAP.NS,2024-12-30,50.779998779296875,50.790000915527344,49.7599983215332,49.97999954223633,1396518
NIFTY_SMALLCAP_250,SMALLCAP.NS,2024-12-31,50.38999938964844,50.400001525878906,49.31999969482422,50.130001068115234,683068
NIFTY_SMALLCAP_250,SMALLCAP.NS,2025-01-01,50.38999938964844,50.619998931884766,49.90999984741211,50.56999969482422,458489
NIFTY_SMALLCAP_250,SMALLCAP.NS,2025-01-02,50.97999954223633,50.97999954223633,50.400001525878906,50.61000061035156,511110
NIFTY_SMALLCAP_250,SMALLCAP.NS,2025-01-03,50.97999954223633,50.97999954223633,50.40999984741211,50.59000015258789,431636
NIFTY_SMALLCAP_250,SMALLCAP.NS,2025-01-06,50.97999954223633,50.9900016784668,48.91999816894531,49.099998474121094,3837810
NIFTY_SMALLCAP_250,SMALLCAP.NS,2025-01-07,50.099998474121094,50.099998474121094,49.099998474121094,49.7599983215332,413817
NIFTY_SMALLCAP_250,SMALLCAP.NS,2025-01-08,49.970001220703125,49.97999954223633,48.75,49.15999984741211,2666667
NIFTY_SMALLCAP_250,SMALLCAP.NS,2025-01-09,49.47999954223633,49.47999954223633,48.189998626708984,48.41999816894531,1333471
NIFTY_SMALLCAP_250,SMALLCAP.NS,2025-01-10,48.79999923706055,48.79999923706055,47.0099983215332,47.189998626708984,2558096
NIFTY_SMALLCAP_250,SMALLCAP.NS,2025-01-13,47.29999923706055,47.29999923706055,45.040000915527344,45.25,2937755
NIFTY_SMALLCAP_250,SMALLCAP.NS,2025-01-14,45.77000045776367,46.189998626708984,45.08000183105469,45.9900016784668,1011832
NIFTY_SMALLCAP_250,SMALLCAP.NS,2025-01-15,46.029998779296875,46.560001373291016,45.77000045776367,46.38999938964844,373406
NIFTY_SMALLCAP_250,SMALLCAP.NS,2025-01-16,46.5099983215332,47.43000030517578,46.5,46.790000915527344,1112795
NIFTY_SMALLCAP_250,SMALLCAP.NS,2025-01-17,46.95000076293945,47.22999954223633,46.349998474121094,46.88999938964844,456883
NIFTY_SMALLCAP_250,SMALLCAP.NS,2025-01-20,47.369998931884766,47.40999984741211,46.599998474121094,47.279998779296875,774635
NIFTY_SMALLCAP_250,SMALLCAP.NS,2025-01-21,47.7400016784668,47.7400016784668,45.9900016784668,46.060001373291016,1191567
NIFTY_SMALLCAP_250,SMALLCAP.NS,2025-01-22,46.15999984741211,46.38999938964844,44.61000061035156,45.209999084472656,1889848
NIFTY_SMALLCAP_250,SMALLCAP.NS,2025-01-23,45.22999954223633,46.0,44.9900016784668,45.7400016784668,634656
NIFTY_SMALLCAP_250,SMALLCAP.NS,2025-01-24,46.189998626708984,46.20000076293945,44.5099983215332,44.619998931884766,2115629
NIFTY_SMALLCAP_250,SMALLCAP.NS,2025-01-27,44.619998931884766,44.84000015258789,42.54999923706055,42.959999084472656,2997482
NIFTY_SMALLCAP_250,SMALLCAP.NS,2025-01-28,43.65999984741211,43.65999984741211,40.900001525878906,41.70000076293945,4788638
NIFTY_SMALLCAP_250,SMALLCAP.NS,2025-01-29,42.31999969482422,43.189998626708984,41.619998931884766,43.099998474121094,1458856
NIFTY_SMALLCAP_250,SMALLCAP.NS,2025-01-30,43.5,43.79999923706055,42.70000076293945,42.81999969482422,1470499
NIFTY_SMALLCAP_250,SMALLCAP.NS,2025-01-31,41.54999923706055,43.70000076293945,41.54999923706055,43.65999984741211,1036042
NIFTY_SMALLCAP_250,SMALLCAP.NS,2025-02-01,44.29999923706055,44.29999923706055,43.0,44.029998779296875,1878649
NIFTY_SMALLCAP_250,SMALLCAP.NS,2025-02-03,43.439998626708984,43.810001373291016,42.900001525878906,43.11000061035156,1366981
NIFTY_SMALLCAP_250,SMALLCAP.NS,2025-02-04,43.59000015258789,43.7599983215332,43.13999938964844,43.70000076293945,1198743
NIFTY_SMALLCAP_250,SMALLCAP.NS,2025-02-05,44.20000076293945,44.83000183105469,43.84000015258789,44.77000045776367,1226892
NIFTY_SMALLCAP_250,SMALLCAP.NS,2025-02-06,44.9900016784668,44.9900016784668,44.349998474121094,44.689998626708984,944243
NIFTY_SMALLCAP_250,SMALLCAP.NS,2025-02-07,44.93000030517578,44.939998626708984,44.11000061035156,44.68000030517578,3397503
NIFTY_SMALLCAP_250,SMALLCAP.NS,2025-02-10,44.779998779296875,44.790000915527344,43.45000076293945,43.61000061035156,1539510
NIFTY_SMALLCAP_250,SMALLCAP.NS,2025-02-11,43.689998626708984,43.97999954223633,41.900001525878906,42.209999084472656,2437316
NIFTY_SMALLCAP_250,SMALLCAP.NS,2025-02-12,42.72999954223633,42.72999954223633,40.70000076293945,42.08000183105469,2545251
NIFTY_SMALLCAP_250,SMALLCAP.NS,2025-02-13,42.09000015258789,42.59000015258789,41.5,41.61000061035156,1965439
NIFTY_SMALLCAP_250,SMALLCAP.NS,2025-02-14,41.619998931884766,41.900001525878906,39.959999084472656,40.41999816894531,4864681
NIFTY_SMALLCAP_250,SMALLCAP.NS,2025-02-17,40.9900016784668,40.9900016784668,39.4900016784668,40.470001220703125,2284041
NIFTY_SMALLCAP_250,SMALLCAP.NS,2025-02-18,40.400001525878906,40.849998474121094,39.709999084472656,40.0,2723182
NIFTY_SMALLCAP_250,SMALLCAP.NS,2025-02-19,40.380001068115234,41.119998931884766,39.29999923706055,40.939998626708984,3045458
NIFTY_SMALLCAP_250,SMALLCAP.NS,2025-02-20,41.13999938964844,41.70000076293945,40.68000030517578,41.5,1789000
NIFTY_SMALLCAP_250,SMALLCAP.NS,2025-02-21,41.5,42.150001525878906,41.0099983215332,41.380001068115234,2236206
NIFTY_SMALLCAP_250,SMALLCAP.NS,2025-02-24,40.880001068115234,41.220001220703125,40.45000076293945,40.869998931884766,1034094
NIFTY_SMALLCAP_250,SMALLCAP.NS,2025-02-25,40.52000045776367,41.189998626708984,40.45000076293945,40.560001373291016,1159436
NIFTY_SMALLCAP_250,SMALLCAP.NS,2025-02-27,40.939998626708984,40.939998626708984,39.70000076293945,39.81999969482422,1658553
NIFTY_SMALLCAP_250,SMALLCAP.NS,2025-02-28,39.709999084472656,39.959999084472656,38.400001525878906,38.75,4637177
NIFTY_SMALLCAP_250,SMALLCAP.NS,2025-03-03,39.279998779296875,39.279998779296875,37.45000076293945,38.33000183105469,3987925
NIFTY_SMALLCAP_250,SMALLCAP.NS,2025-03-04,38.59000015258789,38.95000076293945,37.66999816894531,38.7400016784668,2665736
NIFTY_SMALLCAP_250,SMALLCAP.NS,2025-03-05,38.97999954223633,39.880001068115234,38.630001068115234,39.81999969482422,4001473
NIFTY_SMALLCAP_250,SMALLCAP.NS,2025-03-06,40.470001220703125,40.599998474121094,39.83000183105469,40.5,1823210
NIFTY_SMALLCAP_250,SMALLCAP.NS,2025-03-07,40.97999954223633,40.97999954223633,40.2400016784668,40.61000061035156,2725184
NIFTY_SMALLCAP_250,SMALLCAP.NS,2025-03-10,40.93000030517578,41.09000015258789,39.56999969482422,39.84000015258789,1316900
NIFTY_SMALLCAP_250,SMALLCAP.NS,2025-03-11,40.25,40.25,38.97999954223633,39.650001525878906,1243181
NIFTY_SMALLCAP_250,SMALLCAP.NS,2025-03-12,40.029998779296875,40.029998779296875,39.119998931884766,39.5,902729
NIFTY_SMALLCAP_250,SMALLCAP.NS,2025-03-13,39.4900016784668,40.11000061035156,39.18000030517578,39.279998779296875,1665778
NIFTY_SMALLCAP_250,SMALLCAP.NS,2025-03-17,40.25,40.25,39.20000076293945,39.380001068115234,1581111
NIFTY_SMALLCAP_250,SMALLCAP.NS,2025-03-18,39.380001068115234,39.380001068115234,39.380001068115234,39.380001068115234,0
NIFTY_SMALLCAP_250,SMALLCAP.NS,2025-03-19,40.790000915527344,41.40999984741211,40.34000015258789,41.349998474121094,1456499
NIFTY_SMALLCAP_250,SMALLCAP.NS,2025-03-20,41.93000030517578,41.959999084472656,41.130001068115234,41.70000076293945,1580163
NIFTY_SMALLCAP_250,SMALLCAP.NS,2025-03-21,41.97999954223633,42.540000915527344,41.599998474121094,42.47999954223633,2572246
NIFTY_SMALLCAP_250,SMALLCAP.NS,2025-03-24,42.5099983215332,43.20000076293945,42.5099983215332,42.959999084472656,2943338
NIFTY_SMALLCAP_250,SMALLCAP.NS,2025-03-25,42.970001220703125,43.4900016784668,42.0,42.13999938964844,1761332
NIFTY_SMALLCAP_250,SMALLCAP.NS,2025-03-26,42.279998779296875,42.7400016784668,41.529998779296875,41.59000015258789,1218822
NIFTY_SMALLCAP_250,SMALLCAP.NS,2025-03-27,41.709999084472656,42.349998474121094,41.099998474121094,42.06999969482422,2512513
NIFTY_SMALLCAP_250,SMALLCAP.NS,2025-03-28,42.0,42.790000915527344,41.7599983215332,42.130001068115234,1390578
NIFTY_SMALLCAP_250,SMALLCAP.NS,2025-04-01,42.130001068115234,42.33000183105469,41.0,41.689998626708984,1191879
NIFTY_SMALLCAP_250,SMALLCAP.NS,2025-04-02,41.68000030517578,42.52000045776367,41.29999923706055,42.25,878973
NIFTY_SMALLCAP_250,SMALLCAP.NS,2025-04-03,41.939998626708984,42.529998779296875,41.0099983215332,42.33000183105469,1001098
NIFTY_SMALLCAP_250,SMALLCAP.NS,2025-04-04,42.099998474121094,42.47999954223633,40.5,40.81999969482422,3408671
NIFTY_SMALLCAP_250,SMALLCAP.NS,2025-04-07,40.349998474121094,40.349998474121094,38.040000915527344,39.349998474121094,5275662
NIFTY_SMALLCAP_250,SMALLCAP.NS,2025-04-08,41.7400016784668,41.7400016784668,39.5099983215332,40.0099983215332,2219281
NIFTY_SMALLCAP_250,SMALLCAP.NS,2025-04-09,40.04999923706055,40.380001068115234,39.2400016784668,39.5099983215332,1151925
NIFTY_SMALLCAP_250,SMALLCAP.NS,2025-04-11,40.56999969482422,40.650001525878906,39.529998779296875,40.61000061035156,1582395
NIFTY_SMALLCAP_250,SMALLCAP.NS,2025-04-15,41.09000015258789,42.029998779296875,40.83000183105469,41.869998931884766,2172227
NIFTY_SMALLCAP_250,SMALLCAP.NS,2025-04-16,42.2599983215332,42.2599983215332,41.70000076293945,42.11000061035156,2213539
NIFTY_SMALLCAP_250,SMALLCAP.NS,2025-04-17,42.119998931884766,42.34000015258789,41.900001525878906,42.2599983215332,1864350
NIFTY_SMALLCAP_250,SMALLCAP.NS,2025-04-21,42.36000061035156,43.09000015258789,42.20000076293945,42.90999984741211,2573537
NIFTY_SMALLCAP_250,SMALLCAP.NS,2025-04-22,43.189998626708984,43.4900016784668,42.90999984741211,43.380001068115234,1430018
NIFTY_SMALLCAP_250,SMALLCAP.NS,2025-04-23,43.810001373291016,43.81999969482422,42.900001525878906,43.5099983215332,1679671
NIFTY_SMALLCAP_250,SMALLCAP.NS,2025-04-24,43.72999954223633,43.869998931884766,43.45000076293945,43.529998779296875,856804
NIFTY_SMALLCAP_250,SMALLCAP.NS,2025-04-25,43.220001220703125,43.900001525878906,41.869998931884766,42.33000183105469,4062713
NIFTY_SMALLCAP_250,SMALLCAP.NS,2025-04-28,42.38999938964844,42.86000061035156,42.099998474121094,42.7400016784668,1545211
NIFTY_SMALLCAP_250,SMALLCAP.NS,2025-04-29,44.02000045776367,44.02000045776367,42.75,42.880001068115234,958504
NIFTY_SMALLCAP_250,SMALLCAP.NS,2025-04-30,43.189998626708984,43.189998626708984,42.04999923706055,42.20000076293945,1236482
NIFTY_SMALLCAP_250,SMALLCAP.NS,2025-05-02,43.470001220703125,43.470001220703125,41.810001373291016,42.08000183105469,904497
NIFTY_SMALLCAP_250,SMALLCAP.NS,2025-05-05,43.2599983215332,43.2599983215332,42.060001373291016,42.650001525878906,3422810
NIFTY_SMALLCAP_250,SMALLCAP.NS,2025-05-06,42.880001068115234,42.970001220703125,41.5,41.72999954223633,1684471
NIFTY_SMALLCAP_250,SMALLCAP.NS,2025-05-07,41.7400016784668,42.2599983215332,40.880001068115234,42.150001525878906,1092135
NIFTY_SMALLCAP_250,SMALLCAP.NS,2025-05-08,42.279998779296875,42.599998474121094,41.29999923706055,41.529998779296875,1543242
NIFTY_SMALLCAP_250,SMALLCAP.NS,2025-05-09,41.529998779296875,41.529998779296875,40.599998474121094,41.209999084472656,1896351
NIFTY_SMALLCAP_250,SMALLCAP.NS,2025-05-12,41.56999969482422,43.08000183105469,41.56999969482422,43.0,1600444
NIFTY_SMALLCAP_250,SMALLCAP.NS,2025-05-13,42.97999954223633,43.29999923706055,42.70000076293945,43.209999084472656,1398374
NIFTY_SMALLCAP_250,SMALLCAP.NS,2025-05-14,43.20000076293945,43.90999984741211,43.20000076293945,43.790000915527344,1125146
NIFTY_SMALLCAP_250,SMALLCAP.NS,2025-05-15,43.779998779296875,44.900001525878906,43.720001220703125,44.38999938964844,1863844
NIFTY_SMALLCAP_250,SMALLCAP.NS,2025-05-16,44.400001525878906,44.849998474121094,44.060001373291016,44.810001373291016,2073902
NIFTY_SMALLCAP_250,SMALLCAP.NS,2025-05-19,44.97999954223633,45.25,44.5099983215332,45.15999984741211,2731690
NIFTY_SMALLCAP_250,SMALLCAP.NS,2025-05-20,45.15999984741211,45.5,44.529998779296875,44.63999938964844,1782191
NIFTY_SMALLCAP_250,SMALLCAP.NS,2025-05-21,44.79999923706055,45.150001525878906,44.630001068115234,44.970001220703125,1086019
NIFTY_SMALLCAP_250,SMALLCAP.NS,2025-05-22,45.0,45.18000030517578,44.650001525878906,44.79999923706055,753455
NIFTY_SMALLCAP_250,SMALLCAP.NS,2025-05-23,44.900001525878906,45.15999984741211,44.65999984741211,45.060001373291016,606194
NIFTY_SMALLCAP_250,SMALLCAP.NS,2025-05-26,45.279998779296875,45.439998626708984,45.11000061035156,45.310001373291016,729041
NIFTY_SMALLCAP_250,SMALLCAP.NS,2025-05-27,45.31999969482422,45.400001525878906,45.060001373291016,45.27000045776367,789727
NIFTY_SMALLCAP_250,SMALLCAP.NS,2025-05-28,45.4900016784668,45.540000915527344,45.279998779296875,45.45000076293945,797034
NIFTY_SMALLCAP_250,SMALLCAP.NS,2025-05-29,45.689998626708984,45.900001525878906,45.52000045776367,45.779998779296875,792344
NIFTY_SMALLCAP_250,SMALLCAP.NS,2025-05-30,45.79999923706055,46.04999923706055,45.70000076293945,45.91999816894531,1792711
NIFTY_SMALLCAP_250,SMALLCAP.NS,2025-06-02,46.13999938964844,46.33000183105469,45.54999923706055,46.27000045776367,1946123
NIFTY_SMALLCAP_250,SMALLCAP.NS,2025-06-03,46.27000045776367,46.650001525878906,46.18000030517578,46.2599983215332,2134648
NIFTY_SMALLCAP_250,SMALLCAP.NS,2025-06-04,46.36000061035156,46.650001525878906,46.119998931884766,46.599998474121094,1322168
NIFTY_SMALLCAP_250,SMALLCAP.NS,2025-06-05,46.689998626708984,47.189998626708984,46.650001525878906,47.06999969482422,1957451
NIFTY_SMALLCAP_250,SMALLCAP.NS,2025-06-06,47.439998626708984,47.5,47.119998931884766,47.40999984741211,1404276
NIFTY_SMALLCAP_250,SMALLCAP.NS,2025-06-09,47.41999816894531,49.5,47.41999816894531,48.20000076293945,2001378
NIFTY_SMALLCAP_250,SMALLCAP.NS,2025-06-10,47.939998626708984,48.52000045776367,47.81999969482422,48.11000061035156,1873927
NIFTY_SMALLCAP_250,SMALLCAP.NS,2025-06-11,49.310001373291016,49.310001373291016,47.5,47.88999938964844,1262428
NIFTY_SMALLCAP_250,SMALLCAP.NS,2025-06-12,48.279998779296875,48.279998779296875,47.099998474121094,47.189998626708984,1594931
NIFTY_SMALLCAP_250,SMALLCAP.NS,2025-06-13,46.0099983215332,47.209999084472656,45.79999923706055,47.11000061035156,2227793
NIFTY_SMALLCAP_250,SMALLCAP.NS,2025-06-16,47.20000076293945,47.790000915527344,46.5,47.560001373291016,2215565
NIFTY_SMALLCAP_250,SMALLCAP.NS,2025-06-17,48.04999923706055,48.04999923706055,47.25,47.349998474121094,2708021
NIFTY_SMALLCAP_250,SMALLCAP.NS,2025-06-18,47.36000061035156,47.4900016784668,46.93000030517578,47.099998474121094,939822
NIFTY_SMALLCAP_250,SMALLCAP.NS,2025-06-19,47.099998474121094,47.310001373291016,46.06999969482422,46.209999084472656,2182508
NIFTY_SMALLCAP_250,SMALLCAP.NS,2025-06-20,46.72999954223633,47.13999938964844,46.0,46.560001373291016,965128
NIFTY_SMALLCAP_250,SMALLCAP.NS,2025-06-23,47.959999084472656,48.04999923706055,46.08000183105469,46.93000030517578,3017609
NIFTY_SMALLCAP_250,SMALLCAP.NS,2025-06-24,46.5,47.540000915527344,46.5,47.20000076293945,4544172
NIFTY_SMALLCAP_250,SMALLCAP.NS,2025-06-25,46.68000030517578,47.970001220703125,46.68000030517578,47.91999816894531,1555884
NIFTY_SMALLCAP_250,SMALLCAP.NS,2025-06-26,49.11000061035156,49.11000061035156,47.810001373291016,48.08000183105469,1931504
NIFTY_SMALLCAP_250,SMALLCAP.NS,2025-06-27,49.279998779296875,49.279998779296875,48.16999816894531,48.34000015258789,1244532
NIFTY_SMALLCAP_250,SMALLCAP.NS,2025-06-30,48.72999954223633,48.77000045776367,48.22999954223633,48.47999954223633,3277604
NIFTY_SMALLCAP_250,SMALLCAP.NS,2025-07-01,49.400001525878906,49.400001525878906,48.060001373291016,48.209999084472656,1343542
NIFTY_SMALLCAP_250,SMALLCAP.NS,2025-07-02,48.810001373291016,48.810001373291016,47.810001373291016,47.959999084472656,896083
NIFTY_SMALLCAP_250,SMALLCAP.NS,2025-07-03,48.43000030517578,48.439998626708984,48.0,48.209999084472656,561165
NIFTY_SMALLCAP_250,SMALLCAP.NS,2025-07-04,49.099998474121094,49.099998474121094,47.599998474121094,48.20000076293945,820832
NIFTY_SMALLCAP_250,SMALLCAP.NS,2025-07-07,48.47999954223633,48.75,47.88999938964844,48.06999969482422,1004611
NIFTY_SMALLCAP_250,SMALLCAP.NS,2025-07-08,48.119998931884766,48.25,47.47999954223633,47.7400016784668,1954383
NIFTY_SMALLCAP_250,SMALLCAP.NS,2025-07-09,47.7599983215332,48.18000030517578,47.560001373291016,48.099998474121094,463045
NIFTY_SMALLCAP_250,SMALLCAP.NS,2025-07-10,48.900001525878906,48.900001525878906,47.79999923706055,47.9900016784668,674526
NIFTY_SMALLCAP_250,SMALLCAP.NS,2025-07-11,47.68000030517578,48.09000015258789,47.5,47.619998931884766,778393
NIFTY_SMALLCAP_250,SMALLCAP.NS,2025-07-14,47.93000030517578,48.099998474121094,47.380001068115234,48.060001373291016,1306996
NIFTY_SMALLCAP_250,SMALLCAP.NS,2025-07-15,47.810001373291016,48.619998931884766,47.810001373291016,48.470001220703125,1527289
NIFTY_SMALLCAP_250,SMALLCAP.NS,2025-07-16,48.47999954223633,48.709999084472656,48.400001525878906,48.56999969482422,879050
NIFTY_SMALLCAP_250,SMALLCAP.NS,2025-07-17,47.349998474121094,48.79999923706055,47.349998474121094,48.52000045776367,616937
NIFTY_SMALLCAP_250,SMALLCAP.NS,2025-07-18,49.369998931884766,49.369998931884766,48.119998931884766,48.36000061035156,652769
NIFTY_SMALLCAP_250,SMALLCAP.NS,2025-07-21,48.0,48.97999954223633,47.5099983215332,48.22999954223633,719494
NIFTY_SMALLCAP_250,SMALLCAP.NS,2025-07-22,48.72999954223633,48.72999954223633,48.130001068115234,48.15999984741211,352741
NIFTY_SMALLCAP_250,SMALLCAP.NS,2025-07-23,48.900001525878906,48.900001525878906,47.84000015258789,48.08000183105469,818965
NIFTY_SMALLCAP_250,SMALLCAP.NS,2025-07-24,47.90999984741211,48.310001373291016,47.459999084472656,47.54999923706055,1160593
NIFTY_SMALLCAP_250,SMALLCAP.NS,2025-07-25,47.689998626708984,47.689998626708984,46.459999084472656,46.540000915527344,5599701
NIFTY_SMALLCAP_250,SMALLCAP.NS,2025-07-28,46.93000030517578,46.939998626708984,45.779998779296875,45.880001068115234,7164423
NIFTY_SMALLCAP_250,SMALLCAP.NS,2025-07-29,46.599998474121094,46.599998474121094,45.54999923706055,46.29999923706055,1235992
NIFTY_SMALLCAP_250,SMALLCAP.NS,2025-07-30,46.290000915527344,46.54999923706055,46.15999984741211,46.20000076293945,613609
NIFTY_SMALLCAP_250,SMALLCAP.NS,2025-07-31,46.189998626708984,46.290000915527344,45.310001373291016,45.790000915527344,1374213
NIFTY_SMALLCAP_250,SMALLCAP.NS,2025-08-01,46.400001525878906,46.400001525878906,44.72999954223633,44.95000076293945,8298540
NIFTY_SMALLCAP_250,SMALLCAP.NS,2025-08-04,44.95000076293945,45.52000045776367,44.72999954223633,45.41999816894531,1097109
NIFTY_SMALLCAP_250,SMALLCAP.NS,2025-08-05,45.47999954223633,45.720001220703125,45.290000915527344,45.40999984741211,978029
NIFTY_SMALLCAP_250,SMALLCAP.NS,2025-08-06,45.72999954223633,45.72999954223633,44.79999923706055,45.029998779296875,1189673
NIFTY_SMALLCAP_250,SMALLCAP.NS,2025-08-07,45.529998779296875,45.70000076293945,44.25,44.869998931884766,5038438
NIFTY_SMALLCAP_250,SMALLCAP.NS,2025-08-08,44.9900016784668,45.0,44.099998474121094,44.29999923706055,1882575
NIFTY_SMALLCAP_250,SMALLCAP.NS,2025-08-11,44.29999923706055,44.47999954223633,43.959999084472656,44.380001068115234,1481458
NIFTY_SMALLCAP_250,SMALLCAP.NS,2025-08-12,45.0,45.0,44.16999816894531,44.400001525878906,612271
NIFTY_SMALLCAP_250,SMALLCAP.NS,2025-08-13,45.20000076293945,45.20000076293945,44.38999938964844,44.689998626708984,561526
NIFTY_SMALLCAP_250,SMALLCAP.NS,2025-08-14,45.400001525878906,45.400001525878906,44.369998931884766,44.459999084472656,980269
NIFTY_SMALLCAP_250,SMALLCAP.NS,2025-08-18,45.25,45.25,44.709999084472656,44.97999954223633,1158205
NIFTY_SMALLCAP_250,SMALLCAP.NS,2025-08-19,45.599998474121094,45.599998474121094,44.810001373291016,45.310001373291016,766597
NIFTY_SMALLCAP_250,SMALLCAP.NS,2025-08-20,44.650001525878906,45.900001525878906,44.650001525878906,45.599998474121094,798212
NIFTY_SMALLCAP_250,SMALLCAP.NS,2025-08-21,46.20000076293945,46.20000076293945,45.5,45.540000915527344,741982
NIFTY_SMALLCAP_250,SMALLCAP.NS,2025-08-22,44.900001525878906,45.93000030517578,44.900001525878906,45.400001525878906,806243
NIFTY_SMALLCAP_250,SMALLCAP.NS,2025-08-25,45.29999923706055,45.959999084472656,45.29999923706055,45.529998779296875,771103
NIFTY_SMALLCAP_250,SMALLCAP.NS,2025-08-26,46.20000076293945,46.20000076293945,44.5099983215332,44.630001068115234,1735410
NIFTY_SMALLCAP_250,SMALLCAP.NS,2025-08-28,44.900001525878906,44.90999984741211,44.08000183105469,44.15999984741211,1826749
NIFTY_SMALLCAP_250,SMALLCAP.NS,2025-08-29,44.15999984741211,44.79999923706055,43.90999984741211,44.08000183105469,1220354
NIFTY_SMALLCAP_250,SMALLCAP.NS,2025-09-01,44.11000061035156,45.0,44.11000061035156,44.90999984741211,1204968
NIFTY_SMALLCAP_250,SMALLCAP.NS,2025-09-02,44.90999984741211,45.36000061035156,44.86000061035156,45.119998931884766,822840
NIFTY_SMALLCAP_250,SMALLCAP.NS,2025-09-03,45.599998474121094,45.599998474121094,44.93000030517578,45.36000061035156,1033633
NIFTY_SMALLCAP_250,SMALLCAP.NS,2025-09-04,45.900001525878906,46.0,45.0099983215332,45.060001373291016,1125844
NIFTY_SMALLCAP_250,SMALLCAP.NS,2025-09-05,45.599998474121094,45.599998474121094,44.869998931884766,45.11000061035156,597014
NIFTY_SMALLCAP_250,SMALLCAP.NS,2025-09-08,45.599998474121094,45.599998474121094,44.650001525878906,45.029998779296875,1173252
NIFTY_SMALLCAP_250,SMALLCAP.NS,2025-09-09,45.22999954223633,45.349998474121094,44.970001220703125,45.189998626708984,1952408
NIFTY_SMALLCAP_250,SMALLCAP.NS,2025-09-10,45.70000076293945,45.79999923706055,45.11000061035156,45.689998626708984,1467165
NIFTY_SMALLCAP_250,SMALLCAP.NS,2025-09-11,45.220001220703125,46.20000076293945,45.220001220703125,45.630001068115234,1421626
NIFTY_SMALLCAP_250,SMALLCAP.NS,2025-09-12,46.099998474121094,46.099998474121094,45.560001373291016,45.790000915527344,888644
NIFTY_SMALLCAP_250,SMALLCAP.NS,2025-09-15,46.29999923706055,46.29999923706055,45.560001373291016,46.099998474121094,989806
NIFTY_SMALLCAP_250,SMALLCAP.NS,2025-09-16,45.599998474121094,46.720001220703125,45.599998474121094,46.619998931884766,1092793
NIFTY_SMALLCAP_250,SMALLCAP.NS,2025-09-17,46.619998931884766,46.97999954223633,46.59000015258789,46.81999969482422,1137161
NIFTY_SMALLCAP_250,SMALLCAP.NS,2025-09-18,46.81999969482422,47.08000183105469,46.70000076293945,46.79999923706055,3326124
NIFTY_SMALLCAP_250,SMALLCAP.NS,2025-09-19,46.79999923706055,47.0,46.77000045776367,46.95000076293945,722772
NIFTY_SMALLCAP_250,SMALLCAP.NS,2025-09-22,47.13999938964844,47.13999938964844,46.54999923706055,46.630001068115234,859960
NIFTY_SMALLCAP_250,SMALLCAP.NS,2025-09-23,46.630001068115234,46.869998931884766,46.11000061035156,46.22999954223633,1027230
NIFTY_SMALLCAP_250,SMALLCAP.NS,2025-09-24,47.380001068115234,47.380001068115234,45.84000015258789,45.900001525878906,646711
NIFTY_SMALLCAP_250,SMALLCAP.NS,2025-09-25,45.849998474121094,46.04999923706055,45.540000915527344,45.63999938964844,1199287
NIFTY_SMALLCAP_250,SMALLCAP.NS,2025-09-26,45.63999938964844,45.68000030517578,44.52000045776367,44.63999938964844,3260081
NIFTY_SMALLCAP_250,SMALLCAP.NS,2025-09-29,43.52000045776367,45.43000030517578,43.52000045776367,44.54999923706055,2885755
NIFTY_SMALLCAP_250,SMALLCAP.NS,2025-09-30,44.939998626708984,44.939998626708984,44.279998779296875,44.58000183105469,3252885
NIFTY_SMALLCAP_250,SMALLCAP.NS,2025-10-01,44.81999969482422,45.099998474121094,44.5,45.04999923706055,985508
NIFTY_SMALLCAP_250,SMALLCAP.NS,2025-10-03,46.400001525878906,46.400001525878906,44.970001220703125,45.439998626708984,1195425
NIFTY_SMALLCAP_250,SMALLCAP.NS,2025-10-06,45.65999984741211,45.709999084472656,45.2400016784668,45.45000076293945,1497106
NIFTY_SMALLCAP_250,SMALLCAP.NS,2025-10-07,45.599998474121094,45.7400016784668,45.369998931884766,45.439998626708984,780189
NIFTY_SMALLCAP_250,SMALLCAP.NS,2025-10-08,45.439998626708984,45.83000183105469,45.15999984741211,45.220001220703125,989988
NIFTY_SMALLCAP_250,SMALLCAP.NS,2025-10-09,45.220001220703125,45.540000915527344,45.099998474121094,45.4900016784668,764626
NIFTY_SMALLCAP_250,SMALLCAP.NS,2025-10-10,45.4900016784668,45.779998779296875,45.459999084472656,45.66999816894531,1255065
NIFTY_SMALLCAP_250,SMALLCAP.NS,2025-10-13,45.599998474121094,45.65999984741211,45.29999923706055,45.560001373291016,1088923
NIFTY_SMALLCAP_250,SMALLCAP.NS,2025-10-14,45.650001525878906,45.91999816894531,44.95000076293945,45.04999923706055,8185171
NIFTY_SMALLCAP_250,SMALLCAP.NS,2025-10-15,45.220001220703125,45.560001373291016,45.11000061035156,45.459999084472656,1022214
NIFTY_SMALLCAP_250,SMALLCAP.NS,2025-10-16,45.68000030517578,45.709999084472656,45.459999084472656,45.540000915527344,832322
NIFTY_SMALLCAP_250,SMALLCAP.NS,2025-10-17,45.540000915527344,45.7400016784668,45.25,45.310001373291016,2838270
NIFTY_SMALLCAP_250,SMALLCAP.NS,2025-10-20,45.52000045776367,45.599998474121094,45.20000076293945,45.540000915527344,1631919
NIFTY_SMALLCAP_250,SMALLCAP.NS,2025-10-21,45.599998474121094,45.84000015258789,45.59000015258789,45.79999923706055,766050
NIFTY_SMALLCAP_250,SMALLCAP.NS,2025-10-23,45.900001525878906,54.5,45.5,45.619998931884766,2488329
NIFTY_SMALLCAP_250,SMALLCAP.NS,2025-10-27,45.59000015258789,46.04999923706055,45.540000915527344,45.97999954223633,2360892
NIFTY_SMALLCAP_250,SMALLCAP.NS,2025-10-28,45.9900016784668,46.220001220703125,45.79999923706055,45.9900016784668,1240471
NIFTY_SMALLCAP_250,SMALLCAP.NS,2025-10-29,46.11000061035156,46.15999984741211,45.75,46.11000061035156,1329319
NIFTY_SMALLCAP_250,SMALLCAP.NS,2025-10-30,46.290000915527344,46.290000915527344,46.0,46.150001525878906,846129
NIFTY_SMALLCAP_250,SMALLCAP.NS,2025-10-31,46.279998779296875,46.349998474121094,45.880001068115234,45.91999816894531,1082012
NIFTY_SMALLCAP_250,SMALLCAP.NS,2025-11-03,46.13999938964844,46.290000915527344,45.97999954223633,46.189998626708984,1485044
NIFTY_SMALLCAP_250,SMALLCAP.NS,2025-11-04,45.029998779296875,46.459999084472656,45.029998779296875,45.650001525878906,1358966
NIFTY_SMALLCAP_250,SMALLCAP.NS,2025-11-06,46.130001068115234,46.130001068115234,45.119998931884766,45.209999084472656,974179
NIFTY_SMALLCAP_250,SMALLCAP.NS,2025-11-07,44.70000076293945,45.689998626708984,44.400001525878906,45.08000183105469,1522622
NIFTY_SMALLCAP_250,SMALLCAP.NS,2025-11-10,45.68000030517578,45.68000030517578,45.08000183105469,45.290000915527344,1187555
NIFTY_SMALLCAP_250,SMALLCAP.NS,2025-11-11,45.45000076293945,45.45000076293945,45.06999969482422,45.2400016784668,553424
NIFTY_SMALLCAP_250,SMALLCAP.NS,2025-11-12,45.45000076293945,45.70000076293945,45.34000015258789,45.650001525878906,1937669
NIFTY_SMALLCAP_250,SMALLCAP.NS,2025-11-13,45.869998931884766,45.869998931884766,45.189998626708984,45.310001373291016,1143080
NIFTY_SMALLCAP_250,SMALLCAP.NS,2025-11-14,45.529998779296875,45.59000015258789,45.220001220703125,45.40999984741211,1448601
NIFTY_SMALLCAP_250,SMALLCAP.NS,2025-11-17,45.59000015258789,45.970001220703125,45.52000045776367,45.86000061035156,1543699
NIFTY_SMALLCAP_250,SMALLCAP.NS,2025-11-18,45.7599983215332,46.130001068115234,45.220001220703125,45.290000915527344,1416261
NIFTY_SMALLCAP_250,SMALLCAP.NS,2025-11-19,45.439998626708984,45.439998626708984,45.15999984741211,45.290000915527344,897476
NIFTY_SMALLCAP_250,SMALLCAP.NS,2025-11-20,45.349998474121094,45.56999969482422,45.310001373291016,45.400001525878906,2015858
NIFTY_SMALLCAP_250,SMALLCAP.NS,2025-11-21,46.369998931884766,46.369998931884766,44.7599983215332,44.900001525878906,3122188
NIFTY_SMALLCAP_250,SMALLCAP.NS,2025-11-24,45.0,45.029998779296875,44.290000915527344,44.38999938964844,2557657
NIFTY_SMALLCAP_250,SMALLCAP.NS,2025-11-25,44.54999923706055,45.900001525878906,44.2599983215332,44.529998779296875,907496
NIFTY_SMALLCAP_250,SMALLCAP.NS,2025-11-26,44.77000045776367,45.040000915527344,44.5,45.0099983215332,901345
NIFTY_SMALLCAP_250,SMALLCAP.NS,2025-11-27,45.189998626708984,45.2400016784668,44.70000076293945,44.849998474121094,1653454
NIFTY_SMALLCAP_250,SMALLCAP.NS,2025-11-28,44.86000061035156,44.900001525878906,44.599998474121094,44.709999084472656,1152444
NIFTY_SMALLCAP_250,SMALLCAP.NS,2025-12-01,44.9900016784668,45.08000183105469,44.59000015258789,44.75,2864534
NIFTY_SMALLCAP_250,SMALLCAP.NS,2025-12-02,44.75,44.90999984741211,44.38999938964844,44.4900016784668,1868485
NIFTY_SMALLCAP_250,SMALLCAP.NS,2025-12-03,44.5,44.709999084472656,44.150001525878906,44.290000915527344,1148151
NIFTY_SMALLCAP_250,SMALLCAP.NS,2025-12-04,44.529998779296875,44.529998779296875,44.11000061035156,44.310001373291016,1021963
NIFTY_SMALLCAP_250,SMALLCAP.NS,2025-12-05,44.529998779296875,44.529998779296875,43.349998474121094,44.040000915527344,3827705
NIFTY_SMALLCAP_250,SMALLCAP.NS,2025-12-08,44.540000915527344,44.540000915527344,42.869998931884766,43.060001373291016,20015874
NIFTY_SMALLCAP_250,SMALLCAP.NS,2025-12-09,43.06999969482422,43.54999923706055,42.310001373291016,43.439998626708984,4155006
NIFTY_SMALLCAP_250,SMALLCAP.NS,2025-12-10,43.54999923706055,43.79999923706055,43.0099983215332,43.20000076293945,2089766
NIFTY_SMALLCAP_250,SMALLCAP.NS,2025-12-11,43.349998474121094,43.5,42.90999984741211,43.439998626708984,1410272
NIFTY_SMALLCAP_250,SMALLCAP.NS,2025-12-12,43.439998626708984,43.900001525878906,43.439998626708984,43.83000183105469,1653180
NIFTY_SMALLCAP_250,SMALLCAP.NS,2025-12-15,44.09000015258789,44.09000015258789,43.650001525878906,44.02000045776367,1168388
NIFTY_SMALLCAP_250,SMALLCAP.NS,2025-12-16,44.22999954223633,44.22999954223633,43.5099983215332,43.65999984741211,1215877
NIFTY_SMALLCAP_250,SMALLCAP.NS,2025-12-17,43.70000076293945,43.720001220703125,43.11000061035156,43.25,1529533
NIFTY_SMALLCAP_250,SMALLCAP.NS,2025-12-18,43.25,43.5,42.15999984741211,43.2400016784668,1318276
NIFTY_SMALLCAP_250,SMALLCAP.NS,2025-12-22,43.790000915527344,44.38999938964844,43.7599983215332,44.31999969482422,1975537
NIFTY_SMALLCAP_250,SMALLCAP.NS,2025-12-23,44.63999938964844,44.63999938964844,44.220001220703125,44.41999816894531,1511050
NIFTY_SMALLCAP_250,SMALLCAP.NS,2025-12-24,45.529998779296875,45.529998779296875,44.38999938964844,44.540000915527344,1206451
NIFTY_SMALLCAP_250,SMALLCAP.NS,2025-12-26,44.540000915527344,44.7400016784668,44.349998474121094,44.459999084472656,1157945
NIFTY_SMALLCAP_250,SMALLCAP.NS,2025-12-29,44.459999084472656,44.66999816894531,44.02000045776367,44.119998931884766,1532405
NIFTY_SMALLCAP_250,SMALLCAP.NS,2025-12-30,44.43000030517578,44.43000030517578,43.59000015258789,43.70000076293945,1564833
NIFTY_SMALLCAP_250,SMALLCAP.NS,2025-12-31,43.790000915527344,44.099998474121094,43.709999084472656,44.029998779296875,2182440
NIFTY_SMALLCAP_250,SMALLCAP.NS,2026-01-01,44.25,44.25,43.77000045776367,43.95000076293945,1309119
NIFTY_SMALLCAP_250,SMALLCAP.NS,2026-01-02,44.40999984741211,44.4900016784668,43.91999816894531,44.16999816894531,1425255
NIFTY_SMALLCAP_250,SMALLCAP.NS,2026-01-05,44.59000015258789,44.59000015258789,44.099998474121094,44.380001068115234,1436093
NIFTY_SMALLCAP_250,SMALLCAP.NS,2026-01-06,44.619998931884766,44.619998931884766,44.18000030517578,44.36000061035156,1513622
NIFTY_SMALLCAP_250,SMALLCAP.NS,2026-01-07,44.709999084472656,44.88999938964844,44.25,44.59000015258789,1137465
NIFTY_SMALLCAP_250,SMALLCAP.NS,2026-01-08,44.54999923706055,44.689998626708984,43.5,43.65999984741211,2260420
NIFTY_SMALLCAP_250,SMALLCAP.NS,2026-01-09,43.65999984741211,43.75,42.709999084472656,42.810001373291016,4632940
NIFTY_SMALLCAP_250,SMALLCAP.NS,2026-01-12,43.290000915527344,43.290000915527344,41.90999984741211,42.52000045776367,3264911
NIFTY_SMALLCAP_250,SMALLCAP.NS,2026-01-13,42.72999954223633,42.95000076293945,42.5,42.900001525878906,1613168
NIFTY_SMALLCAP_250,SMALLCAP.NS,2026-01-14,42.90999984741211,43.220001220703125,42.75,43.130001068115234,1092613
NIFTY_SMALLCAP_250,SMALLCAP.NS,2026-01-15,43.130001068115234,43.130001068115234,43.130001068115234,43.130001068115234,0
NIFTY_SMALLCAP_250,SMALLCAP.NS,2026-01-16,43.380001068115234,43.380001068115234,42.90999984741211,43.0099983215332,1171730
NIFTY_SMALLCAP_250,SMALLCAP.NS,2026-01-19,43.02000045776367,43.02000045776367,42.470001220703125,42.59000015258789,1567188
NIFTY_SMALLCAP_250,SMALLCAP.NS,2026-01-20,43.459999084472656,43.459999084472656,41.310001373291016,41.5,4581400
NIFTY_SMALLCAP_250,SMALLCAP.NS,2026-01-21,41.970001220703125,41.970001220703125,40.61000061035156,41.22999954223633,4728736
NIFTY_SMALLCAP_250,SMALLCAP.NS,2026-01-22,41.4900016784668,41.9900016784668,41.2599983215332,41.58000183105469,3393349
NIFTY_SMALLCAP_250,SMALLCAP.NS,2026-01-23,41.93000030517578,41.93000030517578,40.70000076293945,40.779998779296875,2532933
NIFTY_SMALLCAP_250,SMALLCAP.NS,2026-01-27,40.810001373291016,41.099998474121094,40.2599983215332,40.900001525878906,2764667
NIFTY_SMALLCAP_250,SMALLCAP.NS,2026-01-28,40.95000076293945,41.689998626708984,40.86000061035156,41.63999938964844,1692368
NIFTY_SMALLCAP_250,SMALLCAP.NS,2026-01-29,41.70000076293945,41.9900016784668,41.52000045776367,41.90999984741211,2248463
NIFTY_SMALLCAP_250,SMALLCAP.NS,2026-01-30,41.900001525878906,42.279998779296875,41.29999923706055,42.029998779296875,2201366
NIFTY_SMALLCAP_250,SMALLCAP.NS,2026-02-02,41.880001068115234,41.880001068115234,40.29999923706055,41.33000183105469,2279393
NIFTY_SMALLCAP_250,SMALLCAP.NS,2026-02-03,42.36000061035156,44.43000030517578,42.099998474121094,42.560001373291016,6678953
NIFTY_SMALLCAP_250,SMALLCAP.NS,2026-02-04,42.560001373291016,42.79999923706055,42.29999923706055,42.7400016784668,2042205
NIFTY_SMALLCAP_250,SMALLCAP.NS,2026-02-05,42.7400016784668,42.7400016784668,42.130001068115234,42.349998474121094,1857872
NIFTY_SMALLCAP_250,SMALLCAP.NS,2026-02-06,42.40999984741211,42.5,41.70000076293945,42.25,2048259
NIFTY_SMALLCAP_250,SMALLCAP.NS,2026-02-09,42.7400016784668,43.18000030517578,42.40999984741211,43.130001068115234,2374485
NIFTY_SMALLCAP_250,SMALLCAP.NS,2026-02-10,43.130001068115234,43.4900016784668,43.099998474121094,43.16999816894531,1789752
NIFTY_SMALLCAP_250,SMALLCAP.NS,2026-02-11,43.38999938964844,43.38999938964844,43.06999969482422,43.310001373291016,1478272
NIFTY_SMALLCAP_250,SMALLCAP.NS,2026-02-12,43.38999938964844,43.38999938964844,42.849998474121094,42.959999084472656,1707598
NIFTY_SMALLCAP_250,SMALLCAP.NS,2026-02-13,43.279998779296875,43.279998779296875,41.939998626708984,42.18000030517578,2712580
NIFTY_SMALLCAP_250,SMALLCAP.NS,2026-02-16,41.119998931884766,42.58000183105469,41.119998931884766,42.220001220703125,1469860
NIFTY_SMALLCAP_250,SMALLCAP.NS,2026-02-17,42.40999984741211,42.470001220703125,42.11000061035156,42.439998626708984,882622
NIFTY_SMALLCAP_250,SMALLCAP.NS,2026-02-18,42.540000915527344,42.70000076293945,42.36000061035156,42.66999816894531,987846
NIFTY_SMALLCAP_250,SMALLCAP.NS,2026-02-19,42.91999816894531,42.91999816894531,42.0,42.13999938964844,3286539
NIFTY_SMALLCAP_250,SMALLCAP.NS,2026-02-20,42.599998474121094,42.61000061035156,41.849998474121094,42.130001068115234,929570
NIFTY_SMALLCAP_250,SMALLCAP.NS,2026-02-23,42.52000045776367,42.63999938964844,42.13999938964844,42.349998474121094,1282119
NIFTY_SMALLCAP_250,SMALLCAP.NS,2026-02-24,42.36000061035156,42.36000061035156,41.84000015258789,42.04999923706055,1439339
NIFTY_SMALLCAP_250,SMALLCAP.NS,2026-02-25,42.20000076293945,42.459999084472656,42.11000061035156,42.29999923706055,1193309
NIFTY_SMALLCAP_250,SMALLCAP.NS,2026-02-26,42.41999816894531,42.619998931884766,42.099998474121094,42.38999938964844,1357473
NIFTY_SMALLCAP_250,SMALLCAP.NS,2026-02-27,41.33000183105469,42.689998626708984,41.33000183105469,41.810001373291016,1468038
NIFTY_SMALLCAP_250,SMALLCAP.NS,2026-03-02,41.810001373291016,41.810001373291016,40.61000061035156,41.08000183105469,4628250
NIFTY_SMALLCAP_250,SMALLCAP.NS,2026-03-04,41.13999938964844,41.13999938964844,39.869998931884766,40.150001525878906,5137551
NIFTY_SMALLCAP_250,SMALLCAP.NS,2026-03-05,40.36000061035156,41.369998931884766,40.279998779296875,40.7400016784668,2067693
NIFTY_SMALLCAP_250,SMALLCAP.NS,2026-03-09,40.540000915527344,40.75,39.25,39.900001525878906,5909994
NIFTY_SMALLCAP_250,SMALLCAP.NS,2026-03-10,40.29999923706055,40.849998474121094,40.220001220703125,40.77000045776367,1539643
NIFTY_SMALLCAP_250,SMALLCAP.NS,2026-03-11,40.88999938964844,41.2400016784668,40.459999084472656,40.540000915527344,2726586
NIFTY_SMALLCAP_250,SMALLCAP.NS,2026-03-12,39.52000045776367,40.70000076293945,39.52000045776367,40.29999923706055,3032085
NIFTY_SMALLCAP_250,SMALLCAP.NS,2026-03-13,40.29999923706055,40.29999923706055,39.040000915527344,39.22999954223633,7351759
NIFTY_SMALLCAP_250,SMALLCAP.NS,2026-03-16,38.2400016784668,39.349998474121094,38.2400016784668,39.060001373291016,4365324
NIFTY_SMALLCAP_250,SMALLCAP.NS,2026-03-17,39.25,39.47999954223633,38.97999954223633,39.2599983215332,4484095
NIFTY_SMALLCAP_250,SMALLCAP.NS,2026-03-18,39.650001525878906,40.209999084472656,39.380001068115234,40.0,3533144
NIFTY_SMALLCAP_250,SMALLCAP.NS,2026-03-19,41.0,41.0,38.86000061035156,39.029998779296875,4045865
NIFTY_SMALLCAP_250,SMALLCAP.NS,2026-03-20,39.43000030517578,39.59000015258789,38.83000183105469,39.060001373291016,2744608
NIFTY_SMALLCAP_250,SMALLCAP.NS,2026-03-23,40.029998779296875,40.029998779296875,37.34000015258789,37.54999923706055,8033518
NIFTY_SMALLCAP_250,SMALLCAP.NS,2026-03-24,38.4900016784668,38.59000015258789,37.619998931884766,38.4900016784668,4646974
NIFTY_SMALLCAP_250,SMALLCAP.NS,2026-03-25,38.88999938964844,39.65999984741211,38.5099983215332,39.439998626708984,2943076
NIFTY_SMALLCAP_250,SMALLCAP.NS,2026-03-27,39.439998626708984,39.439998626708984,38.41999816894531,38.54999923706055,3574955
NIFTY_SMALLCAP_250,SMALLCAP.NS,2026-03-30,38.47999954223633,38.47999954223633,37.599998474121094,37.66999816894531,4763163
NIFTY_SMALLCAP_250,SMALLCAP.NS,2026-04-01,37.97999954223633,39.310001373291016,37.7599983215332,39.029998779296875,2749311
NIFTY_SMALLCAP_250,SMALLCAP.NS,2026-04-02,40.560001373291016,40.560001373291016,37.810001373291016,39.040000915527344,3741749
NIFTY_SMALLCAP_250,SMALLCAP.NS,2026-04-06,39.0,39.66999816894531,38.599998474121094,39.61000061035156,3310800
NIFTY_SMALLCAP_250,SMALLCAP.NS,2026-04-07,39.599998474121094,39.7400016784668,39.29999923706055,39.58000183105469,2509089
NIFTY_SMALLCAP_250,SMALLCAP.NS,2026-04-08,40.0099983215332,41.209999084472656,40.0099983215332,41.15999984741211,7063560
NIFTY_SMALLCAP_250,SMALLCAP.NS,2026-04-09,40.77000045776367,41.56999969482422,40.77000045776367,41.29999923706055,3008897
NIFTY_SMALLCAP_250,SMALLCAP.NS,2026-04-10,41.43000030517578,41.95000076293945,41.43000030517578,41.70000076293945,3903029
NIFTY_SMALLCAP_250,SMALLCAP.NS,2026-04-13,41.70000076293945,41.72999954223633,40.58000183105469,41.599998474121094,2176581
NIFTY_SMALLCAP_250,SMALLCAP.NS,2026-04-15,42.63999938964844,42.77000045776367,41.959999084472656,42.70000076293945,3683666
NIFTY_SMALLCAP_250,SMALLCAP.NS,2026-04-16,43.0,43.279998779296875,42.810001373291016,43.11000061035156,7959680
NIFTY_SMALLCAP_250,SMALLCAP.NS,2026-04-17,43.11000061035156,44.06999969482422,43.11000061035156,43.97999954223633,4620170
NIFTY_SMALLCAP_250,SMALLCAP.NS,2026-04-20,43.5,44.119998931884766,43.45000076293945,43.72999954223633,3499940
NIFTY_SMALLCAP_250,SMALLCAP.NS,2026-04-21,43.97999954223633,44.13999938964844,43.77000045776367,43.869998931884766,2214591
NIFTY_SMALLCAP_250,SMALLCAP.NS,2026-04-22,44.040000915527344,44.189998626708984,43.84000015258789,44.06999969482422,2631296
NIFTY_SMALLCAP_250,SMALLCAP.NS,2026-04-23,43.86000061035156,44.29999923706055,43.790000915527344,43.849998474121094,2128629
NIFTY_SMALLCAP_250,SMALLCAP.NS,2026-04-24,44.040000915527344,44.150001525878906,43.209999084472656,43.34000015258789,3014478
NIFTY_SMALLCAP_250,SMALLCAP.NS,2026-04-27,43.68000030517578,44.13999938964844,43.59000015258789,44.040000915527344,1690111
NIFTY_SMALLCAP_250,SMALLCAP.NS,2026-04-28,44.43000030517578,44.43000030517578,43.599998474121094,44.16999816894531,2044753
NIFTY_SMALLCAP_250,SMALLCAP.NS,2026-04-29,44.2400016784668,44.630001068115234,44.2400016784668,44.38999938964844,3210148
NIFTY_SMALLCAP_250,SMALLCAP.NS,2026-04-30,43.29999923706055,44.7400016784668,43.29999923706055,44.09000015258789,1766384
NIFTY_SMALLCAP_250,SMALLCAP.NS,2026-05-01,44.09000015258789,44.09000015258789,44.09000015258789,44.09000015258789,0
NIFTY_SMALLCAP_250,SMALLCAP.NS,2026-05-04,44.529998779296875,44.540000915527344,44.0099983215332,44.369998931884766,1932726
NIFTY_SMALLCAP_250,SMALLCAP.NS,2026-05-05,43.54999923706055,44.54999923706055,43.2599983215332,44.4900016784668,1783181
NIFTY_SMALLCAP_250,SMALLCAP.NS,2026-05-06,44.560001373291016,45.54999923706055,44.560001373291016,45.459999084472656,4387277
NIFTY_SMALLCAP_250,SMALLCAP.NS,2026-05-07,45.459999084472656,46.119998931884766,45.45000076293945,46.0,4905607
NIFTY_SMALLCAP_250,SMALLCAP.NS,2026-05-08,45.70000076293945,46.4900016784668,45.70000076293945,46.119998931884766,2293409
NIFTY_SMALLCAP_250,SMALLCAP.NS,2026-05-11,45.9900016784668,46.0,45.439998626708984,45.650001525878906,2845869
NIFTY_SMALLCAP_250,SMALLCAP.NS,2026-05-12,45.63999938964844,45.88999938964844,44.20000076293945,44.31999969482422,4754914
NIFTY_SMALLCAP_250,SMALLCAP.NS,2026-05-13,44.77000045776367,44.91999816894531,44.400001525878906,44.529998779296875,3099979
NIFTY_SMALLCAP_250,SMALLCAP.NS,2026-05-14,44.2599983215332,44.9900016784668,44.18000030517578,44.77000045776367,2101629
NIFTY_SMALLCAP_250,SMALLCAP.NS,2026-05-15,44.099998474121094,45.18000030517578,44.099998474121094,44.63999938964844,1274931
NIFTY_SMALLCAP_250,SMALLCAP.NS,2026-05-18,45.529998779296875,45.529998779296875,43.59000015258789,44.189998626708984,2574927
NIFTY_SMALLCAP_250,SMALLCAP.NS,2026-05-19,44.599998474121094,44.9900016784668,44.189998626708984,44.81999969482422,1447383
NIFTY_SMALLCAP_250,SMALLCAP.NS,2026-05-20,45.939998626708984,45.939998626708984,43.689998626708984,44.869998931884766,778472
NIFTY_SMALLCAP_250,SMALLCAP.NS,2026-05-21,45.060001373291016,45.459999084472656,44.97999954223633,45.189998626708984,1220327
NIFTY_SMALLCAP_250,SMALLCAP.NS,2026-05-22,45.33000183105469,45.33000183105469,44.720001220703125,44.95000076293945,2054796
NIFTY_SMALLCAP_250,SMALLCAP.NS,2026-05-25,45.09000015258789,45.650001525878906,45.09000015258789,45.560001373291016,2062827
NIFTY_SMALLCAP_250,SMALLCAP.NS,2026-05-26,45.970001220703125,45.970001220703125,45.400001525878906,45.4900016784668,1501562
NIFTY_SMALLCAP_250,SMALLCAP.NS,2026-05-27,45.709999084472656,45.79999923706055,45.38999938964844,45.5,1889620
NIFTY_SMALLCAP_250,SMALLCAP.NS,2026-05-28,45.5,45.5,45.5,45.5,0
NIFTY_SMALLCAP_250,SMALLCAP.NS,2026-05-29,45.880001068115234,45.880001068115234,44.79999923706055,45.0,1622101
NIFTY_SMALLCAP_250,SMALLCAP.NS,2026-06-01,45.279998779296875,45.29999923706055,44.5,44.689998626708984,1745396
NIFTY_SMALLCAP_250,SMALLCAP.NS,2026-06-02,45.029998779296875,46.0,44.25,44.9900016784668,1864204
NIFTY_SMALLCAP_250,SMALLCAP.NS,2026-06-03,44.810001373291016,45.189998626708984,44.310001373291016,44.72999954223633,1931298
NIFTY_SMALLCAP_250,SMALLCAP.NS,2026-06-04,44.88999938964844,45.20000076293945,44.470001220703125,45.040000915527344,1338916
NIFTY_SMALLCAP_250,SMALLCAP.NS,2026-06-05,45.06999969482422,45.2400016784668,44.68000030517578,44.900001525878906,1000812
NIFTY_SMALLCAP_250,SMALLCAP.NS,2026-06-08,44.79999923706055,44.79999923706055,44.02000045776367,44.119998931884766,1728419
NIFTY_SMALLCAP_250,SMALLCAP.NS,2026-06-09,45.0,45.0,44.029998779296875,44.65999984741211,1905358
NIFTY_SMALLCAP_250,SMALLCAP.NS,2026-06-10,44.88999938964844,44.88999938964844,43.91999816894531,44.029998779296875,1777134
NIFTY_SMALLCAP_250,SMALLCAP.NS,2026-06-11,44.20000076293945,44.209999084472656,43.650001525878906,43.70000076293945,740219
NIFTY_SMALLCAP_250,SMALLCAP.NS,2026-06-12,44.0,45.06999969482422,44.0,44.93000030517578,1669755
NIFTY_SMALLCAP_250,SMALLCAP.NS,2026-06-15,45.380001068115234,45.720001220703125,45.349998474121094,45.52000045776367,2170091
NIFTY_SMALLCAP_250,SMALLCAP.NS,2026-06-16,45.25,45.72999954223633,45.150001525878906,45.65999984741211,1218279
NIFTY_SMALLCAP_250,SMALLCAP.NS,2026-06-17,46.79999923706055,46.79999923706055,45.68000030517578,45.939998626708984,1012502
NIFTY_SMALLCAP_250,SMALLCAP.NS,2026-06-18,45.939998626708984,46.2599983215332,45.93000030517578,46.16999816894531,1528520
NIFTY_SMALLCAP_250,SMALLCAP.NS,2026-06-19,46.16999816894531,46.5,45.91999816894531,46.369998931884766,1802918
