ticker,company_name,quarter_label,quarter_end_date,revenue,operating_profit,net_profit,eps,revenue_qoq,revenue_yoy,profit_qoq,profit_yoy,data_quality_status,fetched_at,quarter_sort_id,status,result_declared_date,updated_at,weight,revenue_q4_fy25,net_profit_q4_fy25,operating_profit_q4_fy25,revenue_q3_fy26,net_profit_q3_fy26,operating_profit_q3_fy26,revenue_yoy_growth,profit_yoy_growth,operating_profit_yoy_growth,revenue_qoq_growth,profit_qoq_growth,operating_profit_qoq_growth,weighted_revenue,weighted_revenue_q4_fy25,weighted_revenue_q3_fy26,weighted_profit,weighted_profit_q4_fy25,weighted_profit_q3_fy26,weighted_operating_profit,weighted_operating_profit_q4_fy25,weighted_operating_profit_q3_fy26,index_name
ADANIENT.NS,Adani Enterprises Limited,Q4 FY26,2026-03-31,324390000000.0,37310000000.0,-1670000000.0,-1.71,0.3069701853344077,0.2029592820588889,-9999.0,-9999.0,DECLARED,2026-05-14T11:29:00.468904+00:00,202604.0,announced_with_numbers,2026-05-21,2026-05-21T19:12:07.866767,0.007150765984710383,269660000000.0,40150000000.0,37100000000.0,248200000000.0,57270000000.0,36420000000.0,20.295928205888895,-104.15940224159401,0.5660377358490566,30.697018533440772,-102.91601187358128,2.443712246018671,2319636977.780201,1928275555.4370017,1774820117.405117,-11941779.19446634,287103254.28612185,409524367.9443636,266795078.88954437,265293418.0327552,260430897.16315213,NIFTY 50
ADANIPORTS.NS,Adani Ports and Special Economic Zone Limited,Q4 FY26,2026-03-31,107380000000.0,60200000000.0,33080000000.0,14.45,0.1064399793920659,0.2650801131008483,0.0870851133749589,0.0942772080714522,DECLARED,2026-05-14T11:29:06.044148+00:00,202604.0,announced_with_numbers,2026-05-21,2026-05-21T19:12:07.866767,0.012084565188122197,84880000000.0,30230000000.0,50060000000.0,97050000000.0,30430000000.0,57860000000.0,26.50801131008483,9.42772080714522,20.255693168198164,10.643997939206594,8.708511337495892,4.044244728655375,1297640609.9005616,1025737893.1678121,1172807051.5072591,399757416.4230823,365316405.636934,367733318.67455846,727490824.3249563,604953333.3173971,699212941.7847503,NIFTY 50
APOLLOHOSP.NS,Apollo Hospitals Enterprise Limited,Q4 FY26,2026-03-31,66060000000.0,10110000000.0,5510000000.0,36.81,0.0199166280685502,0.1813304721030043,0.067829457364341,0.3309178743961353,DECLARED,2026-05-21T12:33:18.046679+00:00,202604.0,announced_with_numbers,2026-05-21,2026-05-21T19:12:07.866767,0.00788505396216198,55920000000.0,4140000000.0,7700000000.0,64770000000.0,5160000000.0,9650000000.0,18.13304721030043,33.091787439613526,31.2987012987013,1.9916628068550255,6.782945736434108,4.766839378238342,520886664.7404204,440932217.5640979,510714945.12923145,43446647.33151251,32644123.403350595,40686878.444755815,79717895.55745761,60714915.50864725,76090770.7348631,NIFTY 50
AXISBANK.NS,Axis Bank Limited,Q4 FY26,2026-03-31,341710000000.0,,76420000000.0,24.46,0.0137055385802011,0.0529705411068655,0.0824362606232294,0.0177120788387268,DECLARED,2026-05-08T16:55:57.546778+00:00,202604.0,announced_with_numbers,2026-05-21,2026-05-21T19:12:07.866767,0.03390797926202412,324520000000.0,75090000000.0,,337090000000.0,70600000000.0,,5.2970541106865525,1.7712078838726861,,1.3705538580201133,8.243626062322946,,11586695593.626263,11003817430.112068,11430040729.43571,2591247775.2038836,2546150162.7853913,2393903335.898903,,,,NIFTY 50
BAJAJ-AUTO.NS,Bajaj Auto Limited,Q4 FY26,2026-03-31,178320000000.0,30750000000.0,34920000000.0,131.02,0.1004690199950629,0.4100901470820813,0.2698181818181818,0.9378468368479468,DECLARED,2026-05-20T18:07:50.583175+00:00,202604.0,announced_with_numbers,2026-05-21,2026-05-21T19:12:07.866767,0.010743533340461431,126460000000.0,18020000000.0,23580000000.0,162040000000.0,27500000000.0,37300000000.0,41.00901470820813,93.78468368479467,30.407124681933844,10.046901999506295,26.981818181818184,-17.560321715817693,1915786865.2710824,1358627226.2347527,1740882142.4883704,375164184.24891317,193598470.795115,295447166.8626894,330363650.219189,253332516.16808054,400733793.5992114,NIFTY 50
BAJAJFINSV.NS,Bajaj Finserv Limited,Q4 FY26,2026-03-31,384940000000.0,145110000000.0,52260000000.0,15.86,-0.0305731842449884,0.0518923350184451,0.1964285714285714,0.0988225399495374,DECLARED,2026-05-14T11:30:07.523686+00:00,202604.0,announced_with_numbers,2026-05-21,2026-05-21T19:12:07.866767,0.009380395963951996,365950000000.0,47560000000.0,127280000000.0,397080000000.0,43680000000.0,138660000000.0,5.189233501844514,9.882253994953743,14.008485229415463,-3.0573184244988414,19.642857142857142,4.651665945478148,3610889622.3636813,3432755903.008233,3724767629.366059,490219493.0761313,446131632.0455569,409735695.7054232,1361189258.3290741,1193936798.29181,1300685704.3615837,NIFTY 50
BAJFINANCE.NS,Bajaj Finance Limited,Q4 FY26,2026-03-31,216060000000.0,,55530000000.0,8.78,0.0282206253271784,0.1810429649065267,0.3657156910969011,0.2215134183897932,DECLARED,2026-05-13T17:38:53.688504+00:00,202604.0,announced_with_numbers,2026-05-21,2026-05-21T19:12:07.866767,0.022513627023412395,182940000000.0,45460000000.0,,210130000000.0,40660000000.0,,18.104296490652676,22.15134183897932,,2.8220625327178412,36.57156910969011,,4864294254.678482,4118642927.6630635,4730788446.4296465,1250181708.6100903,1023469484.4843274,915404074.771948,,,,NIFTY 50
BEL.NS,Bharat Electronics Limited,Q4 FY26,2026-03-31,102240000000.0,29820000000.0,22260000000.0,3.04,0.4291305563321219,0.1173770491803278,0.4088607594936709,0.0465444287729196,DECLARED,2026-05-21T12:34:14.316402+00:00,202604.0,announced_with_numbers,2026-05-21,2026-05-21T19:12:07.866767,0.01368993858505976,91500000000.0,21270000000.0,28160000000.0,71540000000.0,15800000000.0,21270000000.0,11.737704918032787,4.65444287729196,5.894886363636364,42.91305563321219,40.88607594936709,40.19746121297602,1399659320.9365098,1252629380.532968,979378206.3751752,304738032.9034302,291184993.70422107,216301029.6439442,408233968.606482,385508670.55528283,291184993.70422107,NIFTY 50
BHARTIARTL.NS,Bharti Airtel Limited,Q4 FY26,2026-03-31,553830000000.0,314920000000.0,92470000000.0,12.02,0.0259530954762698,0.1568009023310218,0.0874985299306127,-0.2588169285027252,DECLARED,2026-05-21T12:34:27.508015+00:00,202604.0,announced_with_numbers,2026-05-21,2026-05-21T19:12:07.866767,0.05275044330670026,478760000000.0,124760000000.0,270090000000.0,539820000000.0,85030000000.0,307830000000.0,15.680090233102181,-25.881692850272525,16.59817098004369,2.5953095476269867,8.749852993061273,2.303219309359062,29214778016.54981,25254802237.51582,28475744305.822937,4877833492.570574,6581145306.943925,4485370194.368724,16612169606.146048,14247367232.706675,16238168963.101542,NIFTY 50
CIPLA.NS,Cipla Limited,Q4 FY26,2026-03-31,65410000000.0,9550000000.0,5430000000.0,6.87,-0.0753463387051173,-0.0280832095096582,-0.1943620178041543,-0.5527182866556837,DECLARED,2026-05-21T12:35:50.503356+00:00,202604.0,announced_with_numbers,2026-05-21,2026-05-21T19:12:07.866767,0.007191359735356156,67300000000.0,12140000000.0,15380000000.0,70740000000.0,6740000000.0,12550000000.0,-2.808320950965825,-55.271828665568364,-37.90637191157347,-7.534633870511732,-19.43620178041543,-23.904382470119522,470386840.28964615,483978510.1894693,508716787.67909443,39049083.36298393,87303107.18722373,48469764.61630049,68677485.47265129,110603112.72977768,90251564.67871976,NIFTY 50
COALINDIA.NS,Coal India Limited,Q4 FY26,2026-03-31,464900000000.0,126730000000.0,109080000000.0,17.59,0.3311762684686748,0.2290812954395241,0.522188110521909,0.1370791201918065,DECLARED,2026-05-11T06:27:41.187839+00:00,202604.0,announced_with_numbers,2026-05-21,2026-05-21T19:12:07.866767,0.009511264749116323,378250000000.0,95930000000.0,117900000000.0,349240000000.0,71660000000.0,93310000000.0,22.908129543952413,13.707912019180652,7.489397794741307,33.11762684686748,52.21881105219091,35.816096881363194,4421786981.864179,3597635891.353249,3321714100.9813848,1037488758.8336085,912415627.3827288,681577231.9216757,1205362581.6555116,1121378113.9208145,887496113.7400441,NIFTY 50
DRREDDY.NS,Dr. Reddy's Laboratories Limited,Q4 FY26,2026-03-31,75460000000.0,3820000000.0,2210000000.0,2.65,-0.1378955786587455,-0.1151500938086304,-0.8142857142857143,-0.8607435412728418,DECLARED,2026-05-21T12:37:25.144913+00:00,202604.0,announced_with_numbers,2026-05-21,2026-05-21T19:12:07.866767,0.00732597689062209,85280000000.0,15870000000.0,19980000000.0,87530000000.0,11900000000.0,18880000000.0,-11.51500938086304,-86.07435412728418,-80.88088088088088,-13.789557865874558,-81.42857142857143,-79.76694915254238,552818216.1663429,624759309.2322518,641242757.2361515,16190408.928274818,116263253.25417256,87179124.99840286,27985231.722176384,146373018.27462935,138314443.69494507,NIFTY 50
GRASIM.NS,Grasim Industries Limited,Q4 FY26,2026-03-31,511010000000.0,108760000000.0,38020000000.0,28.77,0.1532090630077631,0.1543813676101836,0.7026421854008061,0.2788429196098217,DECLARED,2026-05-21T12:39:04.859477+00:00,202604.0,announced_with_numbers,2026-05-21,2026-05-21T19:12:07.866767,0.011040020270842154,442670000000.0,29730000000.0,87500000000.0,443120000000.0,22330000000.0,88700000000.0,15.438136761018365,27.88429196098217,24.297142857142855,15.320906300776313,70.26421854008062,22.61555806087937,5641560758.603049,4887085773.293696,4892053782.415575,419741570.6974187,328219802.6521372,246523652.6479053,1200712604.6567926,966001773.6986884,979249798.023699,NIFTY 50
HCLTECH.NS,HCL Technologies Limited,Q4 FY26,2026-03-31,339810000000.0,67120000000.0,44900000000.0,16.54,0.0032179971658006,0.1234874032929974,0.0999510044096031,0.042005105592945,DECLARED,2026-05-05T17:14:53.022749+00:00,202604.0,announced_with_numbers,2026-05-21,2026-05-21T19:12:07.866767,0.011301155105808989,302460000000.0,43090000000.0,64820000000.0,338720000000.0,40820000000.0,74120000000.0,12.348740329299742,4.2005105592945,3.5482875655661834,0.3217997165800661,9.995100440960314,-9.444144630329196,3840245516.5049524,3418147373.3029866,3827927257.4396205,507421864.25082356,486966773.5093093,461313151.41912293,758533530.7018993,732540873.9585387,837641616.4425622,NIFTY 50
HDFCBANK.NS,HDFC Bank Limited,Q4 FY26,2026-03-31,871820000000.0,,210740000000.0,13.22,0.0013208218957814,0.0046439806865716,0.01851046348654,0.0927663987555094,DECLARED,2026-05-01T16:37:57.399098+00:00,202604.0,announced_with_numbers,2026-05-21,2026-05-21T19:12:07.866767,0.10803434471941789,867790000000.0,192850000000.0,,870670000000.0,206910000000.0,,0.4643980686571636,9.276639875550947,,0.13208218957814097,1.8510463486540043,,94186502413.2829,93751124004.06364,94062262916.85558,22767157806.170128,20834423379.13974,22353386265.894756,,,,NIFTY 50
HDFCLIFE.NS,HDFC Life Insurance Company Limited,Q4 FY26,2026-03-31,198900000000.0,1080000000.0,4970000000.0,2.31,-0.3241130895745548,-0.1777933942375263,0.1889952153110047,0.0463157894736842,DECLARED,2026-05-14T17:54:47.375545+00:00,202604.0,announced_with_numbers,2026-05-21,2026-05-21T19:12:07.866767,0.006069615546691504,241910000000.0,4750000000.0,3770000000.0,294280000000.0,4180000000.0,2710000000.0,-17.779339423752635,4.631578947368421,-71.3527851458886,-32.41130895745549,18.899521531100476,-60.147601476014756,1207246532.2369401,1468300696.9001417,1786166463.080376,30165989.267056774,28830673.846784644,25370992.985170487,6555184.790426824,22882450.61102697,16448658.131533977,NIFTY 50
HINDUNILVR.NS,Hindustan Unilever Limited,Q4 FY26,2026-03-31,163510000000.0,38370000000.0,29940000000.0,12.73,-0.005474119579101,0.0764318630678077,-0.546569741026806,0.2096969696969697,DECLARED,2026-05-14T17:57:07.872201+00:00,202604.0,announced_with_numbers,2026-05-21,2026-05-21T19:12:07.866767,0.017956775530491704,151900000000.0,24750000000.0,36180000000.0,164410000000.0,66030000000.0,37810000000.0,7.643186306780776,20.96969696969697,6.053067993366501,-0.5474119579101028,-54.6569741026806,1.4810896588204179,2936112366.9906983,2727634203.08169,2952273464.968141,537625859.3829216,444430194.37966967,1185685888.2783673,689001477.1049666,649676138.6931899,678945682.8078914,NIFTY 50
ICICIBANK.NS,ICICI Bank Limited,Q4 FY26,2026-03-31,495940000000.0,,156810000000.0,20.61,0.0254321396079728,0.0249447165560997,0.163192641495438,0.0924480980911244,DECLARED,2026-05-01T16:38:27.680064+00:00,202604.0,announced_with_numbers,2026-05-21,2026-05-21T19:12:07.866767,0.08326345692075193,483870000000.0,143540000000.0,,483640000000.0,134810000000.0,,2.4944716556099777,9.244809809112443,,2.5432139607972872,16.319264149543802,,41293678825.27771,40288688900.24424,40269538305.152466,13056542679.74311,11951636606.404732,11224746627.486568,,,,NIFTY 50
INFY.NS,Infosys Limited,Q4 FY26,2026-03-31,464020000000.0,111670000000.0,85090000000.0,20.96,0.0202950812462894,0.1338301771533292,0.2764776477647764,0.2090082409775504,DECLARED,2026-05-11T12:59:28.541677+00:00,202604.0,announced_with_numbers,2026-05-21,2026-05-21T19:12:07.866767,0.03780826281837844,409250000000.0,70380000000.0,98740000000.0,454790000000.0,66660000000.0,106340000000.0,13.383017715332926,20.900824097755045,13.094996961717642,2.0295081246289497,27.647764776477647,5.012224938875306,17543790112.983963,15473031558.421375,17194819847.17033,3217105083.2158213,2660945537.1574745,2520298799.4731064,4222048708.92832,3733187870.686687,4020530668.106363,NIFTY 50
ITC.NS,ITC Limited,Q4 FY26,2026-03-31,178250000000.0,69240000000.0,54700000000.0,4.3,-0.1108395271112884,-0.0500932587263522,0.0900757273814268,-0.7238489499192245,DECLARED,2026-05-21T12:40:41.450245+00:00,202604.0,announced_with_numbers,2026-05-21,2026-05-21T19:12:07.866767,0.026716838954467574,187650000000.0,198080000000.0,65190000000.0,200470000000.0,50180000000.0,68830000000.0,-5.009325872635225,-72.38489499192245,6.212609295904279,-11.083952711128847,9.007572738142686,0.5956704925177975,4762276543.633845,5013414829.8058405,5355924705.202115,1461411090.8093762,5292071460.100937,1340650978.7351828,1849873929.2073348,1741670731.4417412,1838920025.2360032,NIFTY 50
JIOFIN.NS,Jio Financial Services Limited,Q4 FY26,2026-03-31,10190000000.0,6050000000.0,2720000000.0,0.43,0.1309655937846837,1.0669371196754565,0.0111524163568773,-0.1392405063291139,DECLARED,2026-05-12T18:10:43.141077+00:00,202604.0,announced_with_numbers,2026-05-21,2026-05-21T19:12:07.866767,0.007472606634889047,4930000000.0,3160000000.0,3380000000.0,9010000000.0,2690000000.0,5550000000.0,106.69371196754565,-13.924050632911392,78.99408284023669,13.09655937846837,1.1152416356877324,9.00900900900901,76145861.60951939,36839950.710003,67328185.78035031,20325490.04689821,23613436.966249388,20101311.847851537,45209270.14107873,25257410.42592498,41472966.823634215,NIFTY 50
JSWSTEEL.NS,JSW Steel Limited,Q4 FY26,2026-03-31,511800000000.0,84640000000.0,192430000000.0,66.94,0.1128264225609358,0.1419264151364376,6.984647302904564,11.820119920053298,DECLARED,2026-05-21T12:41:23.656697+00:00,202604.0,announced_with_numbers,2026-05-21,2026-05-21T19:12:07.866767,0.011077760597565088,448190000000.0,15010000000.0,61350000000.0,459910000000.0,24100000000.0,63790000000.0,14.192641513643768,1182.0119920053298,37.96251018744906,11.282642256093583,698.4647302904565,32.68537388305377,5669597873.833813,4964941522.222697,5094772876.42616,2131693471.78945,166277186.569452,266974030.40131864,937621656.9779091,679620612.6606182,706650348.518677,NIFTY 50
KOTAKBANK.NS,Kotak Mahindra Bank Limited,Q4 FY26,2026-03-31,178270000000.0,,54230000000.0,5.45,0.0182784029245444,0.0629024564750775,0.101340373679935,0.0993310358808027,DECLARED,2026-05-15T17:21:11.87757+00:00,202604.0,announced_with_numbers,2026-05-21,2026-05-21T19:12:07.866767,0.025983773332084823,167720000000.0,49330000000.0,,175070000000.0,49240000000.0,,6.290245647507751,9.933103588080277,,1.8278402924544468,10.134037367993502,,4632127271.910762,4357998463.257267,4548979197.24809,1409100027.79896,1281779538.4717443,1279440998.8718567,,,,NIFTY 50
LT.NS,Larsen & Toubro Limited,Q4 FY26,2026-03-31,827620000000.0,104190000000.0,61330000000.0,38.71,0.1583205038488453,0.1125120980750618,0.6033986928104575,-0.0037361923326835,DECLARED,2026-05-19T17:55:58.447778+00:00,202604.0,announced_with_numbers,2026-05-21,2026-05-21T19:12:07.866767,0.04238063876904699,743920000000.0,61560000000.0,98760000000.0,714500000000.0,38250000000.0,91900000000.0,11.251209807506184,-0.37361923326835605,5.498177399756987,15.832050384884536,60.33986928104576,13.37323177366703,35075064258.03867,31527804793.06944,30280966400.484074,2599204575.7056518,2608952122.622533,1621059432.9160473,4415638753.347006,4185511884.831081,3894780702.8754187,NIFTY 50
MARUTI.NS,Maruti Suzuki India Limited,Q4 FY26,2026-03-31,524620000000.0,61580000000.0,36590000000.0,116.38,0.0512584161590253,0.2820625610948191,-0.0567156483629801,-0.0644336486832012,DECLARED,2026-05-12T06:17:03.862117+00:00,202604.0,announced_with_numbers,2026-05-21,2026-05-21T19:12:07.866767,0.01564798101650948,409200000000.0,39110000000.0,48440000000.0,499040000000.0,38790000000.0,55730000000.0,28.206256109481913,-6.443364868320122,27.126341866226262,5.125841615902533,-5.671564836298015,10.497039296608648,8209243800.881204,6403153831.955679,7808968446.47889,572559625.3940818,611992537.5556858,606985183.6304027,963602670.9966538,757988200.4397192,872061982.0500733,NIFTY 50
NESTLEIND.NS,Nestle India Limited,Q4 FY26,2026-03-31,67480000000.0,17680000000.0,11110000000.0,5.76,0.1907534850891124,0.2260174418604651,0.1132264529058116,0.27262313860252,DECLARED,2026-05-05T17:19:18.734532+00:00,202604.0,announced_with_numbers,2026-05-21,2026-05-21T19:12:07.866767,0.0093681633960598,55040000000.0,8730000000.0,13760000000.0,56670000000.0,9980000000.0,11810000000.0,22.601744186046513,27.262313860252004,28.488372093023255,19.07534850891124,11.322645290581162,49.70364098221846,632163665.9661154,515623713.3191314,530893819.65470886,104080295.33022438,81784066.44760205,93494270.6926768,165629128.84233725,128905928.32978284,110638009.70746624,NIFTY 50
POWERGRID.NS,Power Grid Corporation of India Limited,Q4 FY26,2026-03-31,116660000000.0,53030000000.0,45460000000.0,4.89,-0.0588140379185155,-0.0496130346232179,0.0862604540023894,0.097272507844557,DECLARED,2026-05-21T12:45:44.069118+00:00,202604.0,announced_with_numbers,2026-05-21,2026-05-21T19:12:07.866767,0.012225636131201987,122750000000.0,41430000000.0,101940000000.0,123950000000.0,41850000000.0,106070000000.0,-4.961303462321792,9.727250784455709,-47.97920345301158,-5.881403791851553,8.626045400238949,-50.00471386820025,1426242711.0660238,1500696835.105044,1515367598.4624863,555777418.5244423,506508104.9156983,511642872.09080315,648325484.0376414,1246281347.2147305,1296773224.4365947,NIFTY 50
RELIANCE.NS,Reliance Industries Limited,Q4 FY26,2026-03-31,2940590000000.0,441410000000.0,205890000000.0,12.54,0.1100545478567788,0.1249904356741702,-0.0763122476446837,-0.0894255008624121,DECLARED,2026-05-08T17:06:52.434824+00:00,202604.0,announced_with_numbers,2026-05-21,2026-05-21T19:12:07.866767,0.08417448015757209,2613880000000.0,226110000000.0,438320000000.0,2649050000000.0,222900000000.0,460180000000.0,12.49904356741702,-8.94255008624121,0.704964409563789,11.005454785677884,-7.631224764468371,-4.078838715285324,247522634606.5549,220021990194.27454,222982406661.41635,17330683719.642517,19032691708.428627,18762491627.122818,37155457286.3539,36895358142.667,38735412278.91152,NIFTY 50
SBIN.NS,State Bank of India,Q4 FY26,2026-03-31,1310800000000.0,,205080000000.0,21.28,0.005322657340512,0.0334279407127089,-0.0752164502164502,0.0063300456352127,DECLARED,2026-05-21T12:47:05.162544+00:00,202604.0,announced_with_numbers,2026-05-21,2026-05-21T19:12:07.866767,0.036162362430509645,1268400000000.0,203790000000.0,,1303860000000.0,221760000000.0,,3.3427940712708923,0.6330045635212719,,0.5322657340512018,-7.521645021645022,,47401624673.91204,45868340506.85844,47150657878.6443,7416177287.248918,7369527839.713561,8019365492.589819,,,,NIFTY 50
SHRIRAMFIN.NS,Shriram Finance Limited,Q4 FY26,2026-03-31,125130000000.0,,30210000000.0,16.06,0.0280995809711609,0.0924567836563645,0.1940711462450592,0.4090485074626865,DECLARED,2026-05-08T17:07:39.719415+00:00,202604.0,announced_with_numbers,2026-05-21,2026-05-21T19:12:07.866767,0.01210669832099744,114540000000.0,21440000000.0,,121710000000.0,25300000000.0,,9.24567836563646,40.90485074626866,,2.8099580971160956,19.40711462450593,,1514911160.9064095,1386701225.6870468,1473506252.6485984,365743356.27733266,259567612.0021851,306299467.5212352,,,,NIFTY 50
TATACONSUM.NS,TATA CONSUMER PRODUCTS LIMITED,Q4 FY26,2026-03-31,54340000000.0,7920000000.0,4240000000.0,4.24,0.0629890453834115,0.1792534722222222,0.1012987012987013,0.2148997134670487,DECLARED,2026-05-21T12:48:22.586942+00:00,202604.0,announced_with_numbers,2026-05-21,2026-05-21T19:12:07.866767,0.007122666413972,46080000000.0,3490000000.0,6210000000.0,51120000000.0,3850000000.0,7210000000.0,17.92534722222222,21.48997134670487,27.536231884057973,6.298904538341158,10.129870129870131,9.847434119278779,387045692.9352385,328212468.3558297,364110707.0822486,30200105.59524128,24858105.78476228,27422265.693792198,56411517.99865824,44231758.43076612,51354424.84473812,NIFTY 50
TATASTEEL.NS,Tata Steel Limited,Q4 FY26,2026-03-31,632700000000.0,98290000000.0,29650000000.0,2.34,0.1099610539981053,0.1254402504535914,0.086080586080586,1.4687760199833473,DECLARED,2026-05-21T12:48:33.854877+00:00,202604.0,announced_with_numbers,2026-05-21,2026-05-21T19:12:07.866767,0.01587916882002708,562180000000.0,12010000000.0,65590000000.0,570020000000.0,27300000000.0,82000000000.0,12.544025045359138,146.87760199833474,49.85516084769019,10.996105399810533,8.608058608058608,19.865853658536587,10046750112.431133,8926951127.242825,9051443810.791836,470817355.51380295,190708817.52852523,433501308.7867393,1560763503.3204618,1041514682.9055762,1302091843.2422206,NIFTY 50
TCS.NS,Tata Consultancy Services Limited,Q4 FY26,2026-03-31,706980000000.0,192760000000.0,137840000000.0,37.92,0.0538256294065914,0.0964500069790164,0.285820895522388,0.1212885381924672,DECLARED,2026-04-23T17:06:39.970202+00:00,202604.0,announced_with_numbers,2026-05-21,2026-05-21T19:12:07.866767,0.021721598742139418,644790000000.0,122930000000.0,169800000000.0,670870000000.0,107200000000.0,182690000000.0,9.645000697901644,12.128853819246725,13.521790341578328,5.382562940659144,28.582089552238806,5.512069626142646,15356735878.717726,14005869652.944075,14572368948.13907,2994105170.6164975,2670236133.3711987,2328555385.157346,4187055373.5347943,3688327466.415273,3968318874.2014503,NIFTY 50
TECHM.NS,Tech Mahindra Limited,Q4 FY26,2026-03-31,150760000000.0,25650000000.0,13560000000.0,13.82,0.0474536232890988,0.1264196054991034,0.2117962466487935,0.1873905429071803,DECLARED,2026-05-06T17:17:44.725258+00:00,202604.0,announced_with_numbers,2026-05-21,2026-05-21T19:12:07.866767,0.008298807855121722,133840000000.0,11420000000.0,18390000000.0,143930000000.0,11190000000.0,23660000000.0,12.641960549910342,18.739054290718038,39.47797716150082,4.745362328909887,21.179624664879356,8.410819949281487,1251128272.2381508,1110712443.3294911,1194447414.5876694,112531834.51545055,94772385.70549007,92863659.89881207,212864421.48387218,152615076.45568848,196349793.85217994,NIFTY 50
TITAN.NS,Titan Company Limited,Q4 FY26,2026-03-31,269200000000.0,19380000000.0,11790000000.0,13.28,0.0591753226314132,0.8047733976937517,-0.2998812351543943,0.3536165327210103,DECLARED,2026-05-21T12:48:59.882846+00:00,202604.0,announced_with_numbers,2026-05-21,2026-05-21T19:12:07.866767,0.015522005665251826,149160000000.0,8710000000.0,15370000000.0,254160000000.0,16840000000.0,27130000000.0,80.47733976937516,35.36165327210104,26.08978529603123,5.917532263141329,-29.98812351543943,-28.566162919277556,4178523925.0857916,2315262365.028962,3945072959.880404,183004446.79331902,135196669.3443434,261390575.40284076,300816469.79258037,238573227.07492056,421112013.69828206,NIFTY 50
TMPV.NS,Tata Motors Passenger Vehicles Limited,Q4 FY26,2026-03-31,1054470000000.0,112590000000.0,58780000000.0,15.7,0.5040651566155075,0.0718663915346066,9999.0,-0.3129967274427302,DECLARED,2026-05-21T12:49:09.6233+00:00,202604.0,announced_with_numbers,2026-05-21,2026-05-21T19:12:07.866767,0.0069950521411873785,1195030000000.0,85560000000.0,168180000000.0,701080000000.0,-34830000000.0,8790000000.0,-11.762047814699212,-31.29967274427303,-33.053870852657866,50.406515661550756,,1180.8873720136519,7376072631.317855,8359297160.283153,4904091155.143647,411169164.8589941,598496661.1999921,-243637666.0775564,787572920.5762869,1176427869.1048932,61486508.321037054,NIFTY 50
TRENT.NS,Trent Limited,Q4 FY26,2026-03-31,50280000000.0,9110000000.0,4130000000.0,11.26,-0.0593077642656688,0.192316812900166,-0.1901960784313725,0.3237179487179487,DECLARED,2026-05-06T17:17:59.322813+00:00,202604.0,announced_with_numbers,2026-05-21,2026-05-21T19:12:07.866767,0.008761667800018018,42170000000.0,3120000000.0,6510000000.0,53450000000.0,5100000000.0,10810000000.0,19.2316812900166,32.371794871794876,39.93855606758833,-5.930776426566885,-19.019607843137255,-15.726179463459761,440536656.98490596,369479531.1267598,468311143.91096306,36185688.014074415,27336403.536056217,44684505.78009189,79818793.65816414,57038457.37811729,94713628.91819477,NIFTY 50
ULTRACEMCO.NS,UltraTech Cement Limited,Q4 FY26,2026-03-31,257990000000.0,55990000000.0,30000000000.0,101.22,0.1818140174072377,0.1186315743832112,0.735106998264893,0.2121212121212121,DECLARED,2026-05-11T06:39:11.598864+00:00,202604.0,announced_with_numbers,2026-05-21,2026-05-21T19:12:07.866767,0.012593210756966637,230630000000.0,24750000000.0,46080000000.0,218300000000.0,17290000000.0,39110000000.0,11.863157438321121,21.21212121212121,21.50607638888889,18.181401740723775,73.5106998264893,43.16031705446177,3248922443.1898227,2904372196.8792157,2749097908.245817,377796322.7089991,311681966.23492426,217736613.98795316,705093870.282562,580295151.6810226,492520472.7049652,NIFTY 50
WIPRO.NS,Wipro Limited,Q4 FY26,2026-03-31,242360000000.0,49090000000.0,35220000000.0,3.34,0.0288673798607573,0.0769640952719516,0.119872813990461,-0.0183946488294314,DECLARED,2026-04-30T17:10:52.101435+00:00,202604.0,announced_with_numbers,2026-05-21,2026-05-21T19:12:07.866767,0.005327478734969258,225040000000.0,35880000000.0,46240000000.0,235560000000.0,31450000000.0,42960000000.0,7.696409527195165,-1.839464882943144,6.163494809688581,2.8867379860757345,11.987281399046106,14.269087523277468,1291167746.2071495,1198895814.5174818,1254940890.8093586,187633801.04561728,191149937.01069698,167549206.21478316,261525931.09964088,246342616.7049785,228868486.45427933,NIFTY 50
360ONE.NS,360 ONE WAM LIMITED,Q4 FY26,2026-03-31,11150000000.0,6630000000.0,2890000000.0,7.11,-0.0558848433530906,0.3580998781973203,-0.1162079510703364,0.156,DECLARED,2026-05-05T17:10:12.177932+00:00,202604.0,announced_with_numbers,2026-05-21,2026-05-21T19:12:07.866767,0.008749302791683755,8210000000.0,2500000000.0,4610000000.0,11810000000.0,3270000000.0,7250000000.0,35.80998781973204,15.6,43.817787418655094,-5.58848433530906,-11.62079510703364,-8.551724137931034,97554726.12727387,71831775.91972363,103329265.96978515,25285485.067966055,21873256.97920939,28610220.12880588,58007877.5088633,40334285.86966211,63432445.239707224,NIFTY MIDCAP 100
ABCAPITAL.NS,Aditya Birla Capital Limited,Q4 FY26,2026-03-31,134590000000.0,,11650000000.0,4.31,0.1260876840696118,0.10193220894056,0.2060041407867494,0.3148984198645598,DECLARED,2026-05-18T17:41:17.484747+00:00,202604.0,announced_with_numbers,2026-05-21,2026-05-21T19:12:07.866767,0.00890775966798501,122140000000.0,8860000000.0,,119520000000.0,9660000000.0,,10.193220894056001,31.48984198645598,,12.608768406961179,20.600414078674948,,1198895373.7141025,1087993765.8476892,1064655435.5175685,103775400.13202538,78922750.65834719,86048958.3927352,,,,NIFTY MIDCAP 100
ASTRAL.NS,Astral Limited,Q4 FY26,2026-03-31,20880000000.0,3830000000.0,2130000000.0,7.93,0.3540856031128405,0.2421177870315288,0.9722222222222222,0.196629213483146,DECLARED,2026-05-21T12:33:33.976242+00:00,202604.0,announced_with_numbers,2026-05-21,2026-05-21T19:12:07.866767,0.005710477968138831,16810000000.0,1780000000.0,3020000000.0,15420000000.0,1080000000.0,2370000000.0,24.211778703152888,19.662921348314608,26.82119205298013,35.40856031128405,97.22222222222221,61.60337552742617,119234779.97473878,95993134.64441374,88055570.26870076,12163318.07213571,10164650.78328712,6167316.205589937,21871130.617971722,17245643.463779267,13533832.784489028,NIFTY MIDCAP 100
ATGL.NS,Adani Total Gas Limited,Q4 FY26,2026-03-31,15570000000.0,3010000000.0,1680000000.0,1.53,0.033178500331785,0.1610738255033557,0.0566037735849056,0.0838709677419354,DECLARED,2026-05-11T06:25:04.460481+00:00,202604.0,announced_with_numbers,2026-05-21,2026-05-21T19:12:07.866767,0.005453205747168941,13410000000.0,1550000000.0,2660000000.0,15070000000.0,1590000000.0,3050000000.0,16.10738255033557,8.38709677419355,13.157894736842104,3.3178500331785004,5.660377358490567,-1.3114754098360655,84906413.48342042,73127489.06953551,82179810.60983595,9161385.655243821,8452468.90811186,8670597.137998616,16414149.298978513,14505527.287469383,16632277.52886527,NIFTY MIDCAP 100
AUBANK.NS,AU Small Finance Bank Limited,Q4 FY26,2026-03-31,50191467000.0,10820812000.0,-1200000.0,11.13,0.2201718337776332,0.773863724879127,,,DECLARED,2026-04-28T05:51:51.398581+00:00,202604.0,announced_with_numbers,2026-05-21,2026-05-21T19:12:07.866767,0.0167799553525791,,,,,,,,,,,,,842210575.3404473,,,-20135.94642309492,,,181572742.23865217,,,NIFTY MIDCAP 100
BANKINDIA.NS,Bank of India,Q4 FY26,2026-03-31,195730000000.0,,30890000000.0,6.78,0.0273462103716145,0.0592023377888413,0.0977256574271499,0.187163720215219,DECLARED,2026-05-21T12:34:08.810902+00:00,202604.0,announced_with_numbers,2026-05-21,2026-05-21T19:12:07.866767,0.005131840054612581,184790000000.0,26020000000.0,,190520000000.0,28140000000.0,,5.920233778884139,18.716372021521906,,2.734621037161453,9.772565742714995,,1004455053.8893205,948312723.6918589,977718167.204789,158522539.28698263,133530478.22101937,144409979.13679802,,,,NIFTY MIDCAP 100
BIOCON.NS,Biocon Limited,Q4 FY26,2026-03-31,45170000000.0,10200000000.0,1990000000.0,0.78,0.0824346992571291,0.0226398007697532,9999.0,-0.5664488017429193,DECLARED,2026-05-21T12:34:40.618534+00:00,202604.0,announced_with_numbers,2026-05-21,2026-05-21T19:12:07.866767,0.009264972717123489,44170000000.0,4590000000.0,10780000000.0,41730000000.0,-520000000.0,8340000000.0,2.2639800769753227,-56.644880174291934,-5.380333951762523,8.243469925712917,,22.302158273381295,418498817.632468,409233844.9153445,386627311.4855632,18437295.70707574,42526224.77159681,-4817785.8129042145,94502721.71465959,99876405.8905912,77269872.4608099,NIFTY MIDCAP 100
BLUESTARCO.NS,Blue Star Limited,Q4 FY26,2026-03-31,40720000000.0,3260000000.0,2270000000.0,11.04,0.3921367521367521,0.0131873600398108,1.8024691358024687,0.1701030927835051,DECLARED,2026-05-20T18:09:04.850816+00:00,202604.0,announced_with_numbers,2026-05-21,2026-05-21T19:12:07.866767,0.0064952494672281215,40190000000.0,1940000000.0,2790000000.0,29250000000.0,810000000.0,2200000000.0,1.3187360039810898,17.010309278350515,16.845878136200717,39.21367521367522,180.2469135802469,48.18181818181818,264486558.30552912,261044076.0878982,189986046.91642255,14744216.290607836,12600783.966422556,5261152.068454779,21174513.263163675,18121746.01356646,14289548.827901866,NIFTY MIDCAP 100
BSE.NS,BSE Ltd.,Q4 FY26,2026-03-31,15640000000.0,10410000000.0,7950000000.0,19.58,0.2572347266881029,0.846517119244392,0.3316582914572864,0.6093117408906883,DECLARED,2026-05-21T12:35:28.483271+00:00,202604.0,announced_with_numbers,2026-05-21,2026-05-21T19:12:07.866767,0.051753786114950566,8470000000.0,4940000000.0,4840000000.0,12440000000.0,5970000000.0,7320000000.0,84.6517119244392,60.93117408906883,115.08264462809919,25.723472668810288,33.165829145728644,42.21311475409836,809429214.8378268,438354568.3936313,643817099.2699851,411442599.613857,255663703.4078558,308970103.1062549,538756913.4566354,250488324.79636073,378837714.36143816,NIFTY MIDCAP 100
COCHINSHIP.NS,Cochin Shipyard Limited,Q4 FY26,2026-03-31,14840000000.0,3100000000.0,2760000000.0,10.51,0.0992592592592592,-0.1558589306029579,0.903448275862069,-0.0383275261324041,DECLARED,2026-05-21T12:35:58.204594+00:00,202604.0,announced_with_numbers,2026-05-21,2026-05-21T19:12:07.866767,0.003915659191269045,17580000000.0,2870000000.0,2660000000.0,13500000000.0,1450000000.0,1870000000.0,-15.585893060295792,-3.8327526132404177,16.541353383458645,9.925925925925926,90.3448275862069,65.77540106951871,58108382.39843263,68837288.58250982,52861399.08213211,10807219.367902564,11237941.87894216,5677705.827340115,12138543.492934039,10415653.44877566,7322282.687673114,NIFTY MIDCAP 100
COFORGE.NS,Coforge Limited,Q4 FY26,2026-03-31,44500000000.0,8760000000.0,6660000000.0,18.23,0.0515122873345935,0.3004091174751607,1.2424242424242424,1.1693811074918568,DECLARED,2026-05-19T17:49:46.754697+00:00,202604.0,announced_with_numbers,2026-05-21,2026-05-21T19:12:07.866767,0.014002526761221533,34220000000.0,3070000000.0,5270000000.0,42320000000.0,2970000000.0,7230000000.0,30.040911747516073,116.93811074918568,66.22390891840607,5.151228733459357,124.24242424242425,21.16182572614108,623112440.8743582,479166465.7690009,592586932.5348953,93256828.2297354,42987757.15695011,41587504.48082796,122662134.42830063,73793316.03163747,101238268.48363169,NIFTY MIDCAP 100
COROMANDEL.NS,Coromandel International Limited,Q4 FY26,2026-03-31,60040000000.0,4880000000.0,1150000000.0,4.74,-0.316095227246839,0.2036888532477947,-0.764344262295082,-0.801038062283737,DECLARED,2026-05-21T12:36:09.244137+00:00,202604.0,announced_with_numbers,2026-05-21,2026-05-21T19:12:07.866767,0.006507181400721084,49880000000.0,5780000000.0,4090000000.0,87790000000.0,4880000000.0,8000000000.0,20.36888532477947,-80.1038062283737,19.315403422982886,-31.609522724683902,-76.4344262295082,-39.0,390691171.2992939,324578208.26796764,571265455.1693039,7483258.610829246,37611508.49616786,31755045.235518888,31755045.235518888,26614371.928949233,52057451.20576867,NIFTY MIDCAP 100
DABUR.NS,Dabur India Limited,Q4 FY26,2026-03-31,30380000000.0,4610000000.0,3620000000.0,2.08,-0.1463894352346164,0.0734982332155477,-0.3465703971119133,0.1565495207667731,DECLARED,2026-05-21T12:36:42.37462+00:00,202604.0,announced_with_numbers,2026-05-21,2026-05-21T19:12:07.866767,0.008034162467802555,28300000000.0,3130000000.0,4270000000.0,35590000000.0,5540000000.0,7340000000.0,7.34982332155477,15.654952076677317,7.962529274004685,-14.638943523461649,-34.65703971119133,-37.19346049046322,244077855.77184162,227366797.8388123,285935842.2290929,29083668.133445248,25146928.524221994,44509260.07162615,37037488.97656978,34305873.73751691,58970752.51367075,NIFTY MIDCAP 100
DIXON.NS,Dixon Technologies (India) Limited,Q4 FY26,2026-03-31,105110000000.0,4080000000.0,2980000000.0,42.17,-0.0150862068965517,0.021179442339454,-0.0716510903426791,-0.3591397849462365,DECLARED,2026-05-21T12:37:06.47774+00:00,202604.0,announced_with_numbers,2026-05-21,2026-05-21T19:12:07.866767,0.014602784688781718,102930000000.0,4650000000.0,4430000000.0,106720000000.0,3210000000.0,4140000000.0,2.1179442339454,-35.913978494623656,-7.900677200902935,-1.5086206896551724,-7.165109034267912,-1.4492753623188406,1534898698.6378465,1503064628.0163023,1558409181.986785,43516298.37256952,67902948.80283499,46874938.85098931,59579361.53022941,64690336.17130301,60455528.611556314,NIFTY MIDCAP 100
EXIDEIND.NS,Exide Industries Limited,Q4 FY26,2026-03-31,47350000000.0,4880000000.0,2170000000.0,2.53,0.1271125922399428,0.0922722029988466,0.1128205128205128,0.1542553191489361,DECLARED,2026-05-18T17:46:21.873562+00:00,202604.0,announced_with_numbers,2026-05-21,2026-05-21T19:12:07.866767,0.004657331870262136,43350000000.0,1880000000.0,4280000000.0,42010000000.0,1950000000.0,4520000000.0,9.22722029988466,15.425531914893616,14.018691588785046,12.711259223994286,11.282051282051283,7.964601769911504,220524664.05691212,201895336.57586357,195654511.86971232,10106410.158468835,8755783.916092815,9081797.147011165,22727779.52687922,19933380.40472194,21051140.05358485,NIFTY MIDCAP 100
FEDERALBNK.NS,The Federal Bank  Limited,Q4 FY26,2026-03-31,79470000000.0,,13920000000.0,5.44,0.0797554347826087,0.1180360157568936,0.2373333333333333,0.2428571428571428,DECLARED,2026-05-13T17:42:33.090039+00:00,202604.0,announced_with_numbers,2026-05-21,2026-05-21T19:12:07.866767,0.021325998968491945,71080000000.0,11200000000.0,,73600000000.0,11250000000.0,,11.803601575689363,24.285714285714285,,7.97554347826087,23.733333333333334,,1694777138.0260549,1515852006.6804075,1569593524.0810072,296857905.64140785,238851188.4471098,239917488.3955344,,,,NIFTY MIDCAP 100
GODFRYPHLP.NS,Godfrey Phillips India Limited,Q4 FY26,2026-03-31,17870000000.0,5530000000.0,5210000000.0,33.43,-0.0229633679606342,0.1360457724094087,0.5189504373177842,0.8607142857142858,DECLARED,2026-05-21T12:38:54.009971+00:00,202604.0,announced_with_numbers,2026-05-21,2026-05-21T19:12:07.866767,0.002848174083180676,15730000000.0,2800000000.0,2690000000.0,18290000000.0,3430000000.0,3800000000.0,13.604577240940877,86.07142857142858,105.57620817843866,-2.296336796063423,51.89504373177842,45.526315789473685,50896870.86643868,44801778.32843204,52093103.98137457,14838986.973371323,7974887.432905893,9769237.10530972,15750402.679989139,7661588.283756019,10823061.516086569,NIFTY MIDCAP 100
GODREJPROP.NS,Godrej Properties Limited,Q4 FY26,2026-03-31,34580000000.0,5220000000.0,6450000000.0,21.58,5.943775100401607,0.6295947219604147,2.3247422680412373,0.7063492063492064,DECLARED,2026-05-18T17:47:16.777322+00:00,202604.0,announced_with_numbers,2026-05-21,2026-05-21T19:12:07.866767,0.007841628893773246,21220000000.0,3780000000.0,750000000.0,4980000000.0,1940000000.0,-1970000000.0,62.95947219604147,70.63492063492063,596.0,594.3775100401607,232.47422680412373,,271163527.14667886,166399365.1258683,39051311.890990764,50578506.36483744,29641357.21846287,15212760.053920098,40933302.825496346,5881221.670329935,-15448008.920733295,NIFTY MIDCAP 100
GROWW.NS,Billionbrains Garage Ventures Limited,Q4 FY26,2026-03-31,15050000000.0,9380000000.0,6860000000.0,1.09,0.2376644736842105,0.8789013732833958,0.2541133455210237,1.220064724919094,DECLARED,2026-05-14T17:54:13.885181+00:00,202604.0,announced_with_numbers,2026-05-21,2026-05-21T19:12:07.866767,0.0034673133762278,8010000000.0,3090000000.0,3880000000.0,12160000000.0,5470000000.0,7200000000.0,87.89013732833958,122.00647249190939,141.75257731958763,23.766447368421055,25.411334552102378,30.277777777777775,52183066.31222839,27773180.143584676,42162530.65493005,23785769.760922708,10713998.332543902,18966204.167966064,32523399.469016764,13453175.899763864,24964656.30884016,NIFTY MIDCAP 100
HAVELLS.NS,Havells India Limited,Q4 FY26,2026-03-31,67050000000.0,7290000000.0,7230000000.0,11.53,0.1998926270579814,0.0246026894865525,1.41,0.3984526112185687,DECLARED,2026-05-06T17:09:38.85428+00:00,202604.0,announced_with_numbers,2026-05-21,2026-05-21T19:12:07.866767,0.009147162291839508,65440000000.0,5170000000.0,7570000000.0,55880000000.0,3000000000.0,5160000000.0,2.4602689486552567,39.845261121856865,-3.6988110964332894,19.98926270579814,141.0,41.27906976744186,613317231.667839,598590300.3779774,511143428.8679917,66133983.36999964,47290829.04881026,27441486.875518523,66682813.10751001,69244018.54922508,47199357.42589186,NIFTY MIDCAP 100
HEROMOTOCO.NS,Hero MotoCorp Limited,Q4 FY26,2026-03-31,129780000000.0,18700000000.0,14740000000.0,72.97,0.0393208937294786,0.3017051153460381,0.156078431372549,0.2609067579127459,DECLARED,2026-05-19T17:52:53.964352+00:00,202604.0,announced_with_numbers,2026-05-21,2026-05-21T19:12:07.866767,0.01949321559159744,99700000000.0,11690000000.0,14410000000.0,124870000000.0,12750000000.0,17520000000.0,30.17051153460381,26.09067579127459,29.770992366412212,3.932089372947866,15.607843137254902,6.735159817351597,2529829519.4775157,1943473594.4822648,2434117830.9227724,287329997.82014626,227875690.26577407,248538498.79286733,364523131.5628721,280897236.67491907,341521137.1647871,NIFTY MIDCAP 100
HINDPETRO.NS,Hindustan Petroleum Corporation Limited,Q4 FY26,2026-03-31,1149370000000.0,92110000000.0,60650000000.0,28.5,-0.0018757652861844,0.0483795937354628,0.5120917476938419,0.7759882869692533,DECLARED,2026-05-21T12:39:36.399796+00:00,202604.0,announced_with_numbers,2026-05-21,2026-05-21T19:12:07.866767,0.011303448377657234,1096330000000.0,34150000000.0,57950000000.0,1151530000000.0,40110000000.0,69980000000.0,4.837959373546286,77.59882869692532,58.94736842105262,-0.18757652861844676,51.20917476938419,31.623320948842526,12991844461.827896,12392309559.876955,13016259910.323635,685554144.1049112,386012762.0969946,453381314.42783165,1041160630.0660079,655034833.4852368,791015317.4684533,NIFTY MIDCAP 100
HUDCO.NS,Housing & Urban Development Corporation Limited,Q4 FY26,2026-03-31,35630000000.0,,19810000000.0,9.9,0.0384727484698338,0.2523725834797891,1.7784011220196354,1.7211538461538465,DECLARED,2026-05-21T12:39:51.675817+00:00,202604.0,announced_with_numbers,2026-05-21,2026-05-21T19:12:07.866767,0.0031369733101095244,28450000000.0,7280000000.0,,34310000000.0,7130000000.0,,25.23725834797891,172.1153846153846,,3.8472748469833866,177.84011220196354,,111770359.03920235,89246890.67261598,107629554.26985778,62143441.273269676,22837165.697597336,22366619.701080907,,,,NIFTY MIDCAP 100
ICICIAMC.NS,ICICI Prudential Asset Management Company Limited,Q4 FY26,2026-03-31,15170100000.0,10385700000.0,7634200000.0,15.45,-0.4855849440488301,,-0.5281705809641533,,DECLARED,2026-04-21T18:21:12.712+00:00,202604.0,announced_with_numbers,2026-05-21,2026-05-21T19:12:07.866767,0.0033971586764300643,,,,,,,,,,,,,51535236.837311715,,,25934588.767602395,,,35281870.86579972,,,NIFTY MIDCAP 100
IDEA.NS,Vodafone Idea Limited,Q4 FY26,2026-03-31,113320000000.0,48890000000.0,519700000000.0,4.8,0.000794842356266,0.0287789378120744,9999.0,9999.0,DECLARED,2026-05-21T12:40:02.414069+00:00,202604.0,announced_with_numbers,2026-05-21,2026-05-21T19:12:07.866767,0.011430354021403548,110140000000.0,-71660000000.0,46600000000.0,113230000000.0,-52860000000.0,48170000000.0,2.8872344289086618,,4.914163090128755,0.07948423562660073,,1.4947062487025118,1295287717.70545,1258939191.9173868,1294258985.8435237,5940354984.923424,-819099169.1737782,-604208513.5713916,558830008.1064194,532654497.3974053,550600153.2110089,NIFTY MIDCAP 100
IDFCFIRSTB.NS,IDFC First Bank Limited,Q4 FY26,2026-03-31,105530000000.0,,3310000000.0,0.38,0.0130555822213689,0.1211091044300435,-0.3089770354906054,0.1182432432432432,DECLARED,2026-05-08T17:01:15.811972+00:00,202604.0,announced_with_numbers,2026-05-21,2026-05-21T19:12:07.866767,0.013803841576871949,94130000000.0,2960000000.0,,104170000000.0,4790000000.0,,12.110910443004355,11.824324324324325,,1.3055582221368915,-30.89770354906054,,1456719401.6072967,1299355607.6309564,1437946177.0627508,45690715.61944615,40859371.067540966,66120401.15321663,,,,NIFTY MIDCAP 100
INDIANB.NS,Indian Bank,Q4 FY26,2026-03-31,174880000000.0,,31740000000.0,23.56,0.0225704595953689,0.1026481715006305,0.008259212198221,0.0643863179074446,DECLARED,2026-05-13T17:44:37.061893+00:00,202604.0,announced_with_numbers,2026-05-21,2026-05-21T19:12:07.866767,0.008798592366370322,158600000000.0,29820000000.0,,171020000000.0,31480000000.0,,10.264817150063053,6.438631790744467,,2.2570459595368964,0.8259212198221092,,1538697833.0308418,1395456749.306333,1504735266.4966526,279267321.708594,262374024.365163,276979687.69333774,,,,NIFTY MIDCAP 100
INDUSINDBK.NS,IndusInd Bank Limited,Q4 FY26,2026-03-31,110050000000.0,,5940000000.0,7.63,-0.0323573375538556,0.0348880947902952,3.640625,9999.0,DECLARED,2026-05-08T17:01:54.509838+00:00,202604.0,announced_with_numbers,2026-05-21,2026-05-21T19:12:07.866767,0.018099402455992925,106340000000.0,-23290000000.0,,113730000000.0,1280000000.0,,3.4888094790295283,,,-3.2357337553855623,364.0625,,1991839240.2820213,1924690457.1702876,2058445041.3200753,107510450.58859797,-421535083.2000752,23167235.143670943,,,,NIFTY MIDCAP 100
INDUSTOWER.NS,Indus Towers Limited,Q4 FY26,2026-03-31,81010000000.0,44240000000.0,17930000000.0,6.8,-0.0055241836484164,0.0484017082955869,0.009572072072072,0.0078695896571107,DECLARED,2026-05-14T11:36:10.186456+00:00,202604.0,announced_with_numbers,2026-05-21,2026-05-21T19:12:07.866767,0.01688490476519382,77270000000.0,17790000000.0,43950000000.0,81460000000.0,17760000000.0,44680000000.0,4.840170829558691,0.7869589657110737,0.6598407281001137,-0.5524183648416401,0.9572072072072071,-0.9847806624888094,1367846135.0283513,1304696591.2065265,1375444342.1726887,302746342.4399252,300382455.77279806,299875908.6298423,746988186.8121747,742091564.4302684,754417544.9088598,NIFTY MIDCAP 100
JSWENERGY.NS,JSW Energy Limited,Q4 FY26,2026-03-31,44990000000.0,22500000000.0,5740000000.0,2.11,0.102155805977462,0.4107870805895265,0.0850661625708884,0.3831325301204819,DECLARED,2026-05-21T12:41:12.586099+00:00,202604.0,announced_with_numbers,2026-05-21,2026-05-21T19:12:07.866767,0.008968597023739734,31890000000.0,4150000000.0,12040000000.0,40820000000.0,5290000000.0,20300000000.0,41.07870805895265,38.31325301204819,86.87707641196013,10.215580597746204,8.506616257088846,10.83743842364532,403497180.09805065,286008559.0870601,366098130.509056,51479746.916266076,37219677.648519896,47443878.2555832,201793433.034144,107981908.1658264,182062519.5819166,NIFTY MIDCAP 100
JUBLFOOD.NS,Jubilant Foodworks Limited,Q4 FY26,2026-03-31,24990000000.0,4850000000.0,820000000.0,1.21,0.0288184438040345,0.1928400954653938,0.1232876712328767,0.673469387755102,DECLARED,2026-05-21T12:41:29.07089+00:00,202604.0,announced_with_numbers,2026-05-21,2026-05-21T19:12:07.866767,0.005152542936473671,21030000000.0,490000000.0,3890000000.0,24370000000.0,730000000.0,4820000000.0,18.830242510699,67.3469387755102,24.67866323907455,2.5441116126384897,12.32876712328767,0.6224066390041494,128762047.98247702,108357977.9540413,125567471.36186336,4225085.20790841,2524746.0388720986,3761356.3436257797,24989833.241897304,20043392.02288258,24835256.953803092,NIFTY MIDCAP 100
KALYANKJIL.NS,Kalyan Jewellers India Limited,Q4 FY26,2026-03-31,102750000000.0,7360000000.0,4100000000.0,3.97,-0.0065744948274195,0.6620834681332902,-0.0144230769230769,1.180851063829787,DECLARED,2026-05-21T12:41:34.679881+00:00,202604.0,announced_with_numbers,2026-05-21,2026-05-21T19:12:07.866767,0.004096155424053368,61820000000.0,1880000000.0,3990000000.0,103430000000.0,4160000000.0,7500000000.0,66.20834681332902,118.08510638297874,84.46115288220551,-0.657449482741951,-1.4423076923076923,-1.866666666666667,420879969.82148355,253224328.3149792,423665355.50983983,16794237.238618806,7700772.197220331,17040006.56406201,30147703.921032786,16343660.141972937,30721165.680400256,NIFTY MIDCAP 100
KEI.NS,KEI Industries Limited,Q4 FY26,2026-03-31,34760000000.0,3820000000.0,2840000000.0,29.74,0.176311336717428,0.1924528301886792,0.2085106382978723,0.2511013215859031,DECLARED,2026-05-18T17:49:55.616825+00:00,202604.0,announced_with_numbers,2026-05-21,2026-05-21T19:12:07.866767,0.00984893645264482,29150000000.0,2270000000.0,3010000000.0,29550000000.0,2350000000.0,3200000000.0,19.245283018867926,25.11013215859031,26.910299003322258,17.63113367174281,20.851063829787233,19.375,342349031.09393394,287096497.5945965,291036072.1756544,27970979.525511287,22357085.747503743,23145000.663715325,37622937.24910321,29645298.722460907,31516596.648463424,NIFTY MIDCAP 100
KPITTECH.NS,KPIT Technologies Limited,Q4 FY26,2026-03-31,17110000000.0,3170000000.0,1630000000.0,5.95,0.0581323438466295,0.1197643979057591,0.225563909774436,-0.3346938775510204,DECLARED,2026-05-20T18:16:22.737044+00:00,202604.0,announced_with_numbers,2026-05-21,2026-05-21T19:12:07.866767,0.0037223107903906322,15280000000.0,2450000000.0,3230000000.0,16170000000.0,1330000000.0,3110000000.0,11.976439790575915,-33.46938775510204,-1.8575851393188854,5.813234384662956,22.55639097744361,1.929260450160772,63688737.62358372,56876908.877168864,60189765.480616525,6067366.58833673,9119661.43645705,4950673.35121954,11799725.205538305,12023063.852961741,11576386.558114866,NIFTY MIDCAP 100
LAURUSLABS.NS,Laurus Labs Limited,Q4 FY26,2026-03-31,18120000000.0,5120000000.0,2820000000.0,5.17,0.0191226096737907,0.0534883720930232,0.119047619047619,0.2103004291845493,DECLARED,2026-05-14T11:38:01.492501+00:00,202604.0,announced_with_numbers,2026-05-21,2026-05-21T19:12:07.866767,0.01574365176421945,17200000000.0,2330000000.0,4210000000.0,17780000000.0,2520000000.0,4800000000.0,5.348837209302325,21.030042918454935,21.61520190023753,1.9122609673790776,11.904761904761903,6.666666666666667,285274969.96765643,270790810.3445745,279922128.3678218,44397097.97509885,36682708.61063132,39674002.44583301,80607497.03280358,66280773.92736388,75569528.46825336,NIFTY MIDCAP 100
LENSKART.NS,Lenskart Solutions Limited,Q4 FY26,2026-03-31,25160000000.0,5360000000.0,2040000000.0,1.15,0.0901213171577123,0.4560185185185185,0.5338345864661654,-0.0727272727272727,DECLARED,2026-05-21T12:42:26.480183+00:00,202604.0,announced_with_numbers,2026-05-21,2026-05-21T19:12:07.866767,0.004534160276555122,,,,23080000000.0,1330000000.0,4620000000.0,,,,9.01213171577123,53.383458646616546,16.017316017316016,114079472.55812688,,104648419.18289222,9249686.964172449,,6030433.1678183125,24303099.082335457,,20947820.477684665,NIFTY MIDCAP 100
LICHSGFIN.NS,LIC Housing Finance Limited,Q4 FY26,2026-03-31,72120000000.0,,14930000000.0,27.13,0.0008326394671107,-0.0124606326167328,0.0679542203147353,0.086608442503639,DECLARED,2026-05-21T12:42:34.177193+00:00,202604.0,announced_with_numbers,2026-05-21,2026-05-21T19:12:07.866767,0.004886451235245419,73060000000.0,13740000000.0,,72090000000.0,13980000000.0,,-1.2866137421297563,8.660844250363901,,0.04161464835622139,6.795422031473533,,352410863.0858996,357004127.24703026,352264269.54884225,72954716.9422141,67139839.97227205,68312588.26873095,,,,NIFTY MIDCAP 100
LTF.NS,L&T Finance Limited,Q4 FY26,2026-03-31,47710000000.0,,8090000000.0,3.22,0.0421581476627348,0.1859308973402933,0.0962059620596205,0.2720125786163522,DECLARED,2026-05-08T17:03:59.396427+00:00,202604.0,announced_with_numbers,2026-05-21,2026-05-21T19:12:07.866767,0.006958494266806179,40230000000.0,6360000000.0,,45780000000.0,7380000000.0,,18.59308973402933,27.20125786163522,,4.215814766273482,9.620596205962059,,331989761.4693228,279940224.35361254,318559867.5343869,56294218.61846199,44256023.536887296,51353687.6890296,,,,NIFTY MIDCAP 100
LUPIN.NS,Lupin Limited,Q4 FY26,2026-03-31,74750000000.0,24860000000.0,14690000000.0,31.94,0.0428292410714285,0.3190400564672666,0.2438611346316681,0.8785166240409207,DECLARED,2026-05-21T12:42:50.921025+00:00,202604.0,announced_with_numbers,2026-05-21,2026-05-21T19:12:07.866767,0.016636684738192593,56670000000.0,7820000000.0,13210000000.0,71680000000.0,11810000000.0,22620000000.0,31.904005646726663,87.85166240409207,88.19076457229372,4.282924107142857,24.386113463166808,9.902740937223696,1243592184.1798964,942800924.1133742,1192517562.0336452,244392898.8040492,130098874.65266608,196479246.75805452,413587982.59146786,219770605.39152414,376321808.77791643,NIFTY MIDCAP 100
M&MFIN.NS,Mahindra & Mahindra Financial Services Limited,Q4 FY26,2026-03-31,55387300000.0,12590700000.0,9404800000.0,33.0,0.0162807339449541,0.1335918952108064,0.1385956416464891,1.0624561403508772,DECLARED,2026-04-28T02:42:48.73661+00:00,202604.0,announced_with_numbers,2026-05-21,2026-05-21T19:12:07.866767,0.005981812396190671,48860000000.0,4560000000.0,,54500000000.0,8260000000.0,,13.359189521080639,106.24561403508773,,1.6280733944954127,13.85956416464891,,331316437.73153156,292271353.6778762,326008775.59239155,56257749.22369402,27277064.52662946,49409770.39253494,75315205.33671787,,,NIFTY MIDCAP 100
MANKIND.NS,Mankind Pharma Limited,Q4 FY26,2026-03-31,34430000000.0,9300000000.0,5590000000.0,13.43,-0.0347631062517521,0.1182202013640792,0.3502415458937198,0.3152941176470588,DECLARED,2026-05-21T12:42:59.186553+00:00,202604.0,announced_with_numbers,2026-05-21,2026-05-21T19:12:07.866767,0.008477120192396577,30790000000.0,4250000000.0,6830000000.0,35670000000.0,4140000000.0,9190000000.0,11.822020136407925,31.529411764705884,36.16398243045388,-3.476310625175217,35.02415458937198,1.1969532100108813,291867248.22421414,261010530.7238906,302378877.2627859,47387101.875496864,36027760.817685455,35095277.59652183,78837217.78928816,57898730.914068624,77904734.56812455,NIFTY MIDCAP 100
MARICO.NS,Marico Limited,Q4 FY26,2026-03-31,33330000000.0,5210000000.0,4080000000.0,3.01,-0.0576759966072943,0.2208791208791208,-0.1130434782608695,0.1826086956521739,DECLARED,2026-05-19T17:56:21.43937+00:00,202604.0,announced_with_numbers,2026-05-21,2026-05-21T19:12:07.866767,0.013190001837048326,27300000000.0,3450000000.0,4580000000.0,35370000000.0,4600000000.0,5920000000.0,22.087912087912088,18.26086956521739,13.755458515283841,-5.767599660729432,-11.304347826086957,-11.993243243243242,439622761.22882074,360087050.1514193,466530364.9763993,53815207.495157175,45505506.33781672,60674008.4504223,68719909.57102178,60410208.413681336,78084810.8753261,NIFTY MIDCAP 100
MCX.NS,Multi Commodity Exchange of India Limited,Q4 FY26,2026-03-31,8890000000.0,6650000000.0,5300000000.0,20.78,0.3348348348348348,2.054982817869416,0.3216957605985037,2.925925925925926,DECLARED,2026-05-21T12:43:14.610188+00:00,202604.0,announced_with_numbers,2026-05-21,2026-05-21T19:12:07.866767,0.02523041161798445,2910000000.0,1350000000.0,1600000000.0,6660000000.0,4010000000.0,4940000000.0,205.49828178694156,292.5925925925926,315.625,33.48348348348348,32.16957605985037,34.61538461538461,224298359.28388175,73420497.80833475,168034541.37577644,133721181.57531758,34061055.68427901,101173950.58811764,167782237.2595966,40368658.58877512,124638233.39284319,NIFTY MIDCAP 100
MFSL.NS,Max Financial Services Limited,Q4 FY26,2026-03-31,108020000000.0,-60000000.0,-320000000.0,-0.76,-0.2424433691002174,-0.1271816418875242,-9999.0,-9999.0,DECLARED,2026-05-21T12:43:31.218263+00:00,202604.0,announced_with_numbers,2026-05-21,2026-05-21T19:12:07.866767,0.013495513768030522,123760000000.0,380000000.0,200000000.0,142590000000.0,450000000.0,780000000.0,-12.718164188752423,-184.21052631578948,-130.0,-24.24433691002174,-171.11111111111111,-107.6923076923077,1457785397.222657,1670204783.9314573,1924325308.1834722,-4318564.405769767,5128295.231851598,6072981.195613734,-809730.8260818314,2699102.7536061043,10526500.739063807,NIFTY MIDCAP 100
MPHASIS.NS,MphasiS Limited,Q4 FY26,2026-03-31,42430000000.0,8040000000.0,5100000000.0,26.71,0.0599550337247064,0.1436657681940701,0.1538461538461538,0.1434977578475336,DECLARED,2026-05-13T17:47:17.953029+00:00,202604.0,announced_with_numbers,2026-05-21,2026-05-21T19:12:07.866767,0.008916928956986687,37100000000.0,4460000000.0,7030000000.0,40030000000.0,4420000000.0,7500000000.0,14.36657681940701,14.349775784753364,14.366998577524893,5.9955033724706475,15.384615384615385,7.199999999999999,378345295.64494514,330818064.3042061,356944666.1481771,45476337.68063211,39769503.14816062,39412825.98988116,71692108.81417297,62686010.56761641,66876967.17740016,NIFTY MIDCAP 100
MRF.NS,MRF Limited,Q4 FY26,2026-03-31,80440000000.0,13050000000.0,7020000000.0,1655.82,-0.0007453416149068,0.1369611307420494,0.0100719424460431,0.3764705882352941,DECLARED,2026-05-21T12:43:42.299242+00:00,202604.0,announced_with_numbers,2026-05-21,2026-05-21T19:12:07.866767,0.007760760337057479,70750000000.0,5100000000.0,10740000000.0,80500000000.0,6950000000.0,14000000000.0,13.696113074204947,37.64705882352941,21.508379888268156,-0.07453416149068323,1.0071942446043165,-6.785714285714286,624275561.5129037,549073793.8468167,624741207.1331271,54480537.566143505,39579877.71899314,53937284.34254948,101277922.3986001,83350566.01999733,108650644.71880472,NIFTY MIDCAP 100
NATIONALUM.NS,National Aluminium Company Limited,Q4 FY26,2026-03-31,50130000000.0,23490000000.0,17220000000.0,9.38,0.0596068484464172,-0.0484054669703872,0.0796238244514106,-0.1669085631349782,DECLARED,2026-05-14T11:39:30.151009+00:00,202604.0,announced_with_numbers,2026-05-21,2026-05-21T19:12:07.866767,0.011075336577363686,52680000000.0,20670000000.0,27430000000.0,47310000000.0,15950000000.0,21730000000.0,-4.840546697038724,-16.69085631349782,-14.363835216915785,5.960684844641725,7.962382445141065,8.099401748734468,555206622.6232415,583448730.895519,523974173.475076,190717295.86220267,228927207.0541074,176651618.4089508,260159656.20227298,303796482.3170859,240667063.8261129,NIFTY MIDCAP 100
NHPC.NS,NHPC Limited,Q4 FY26,2026-03-31,28160000000.0,6370000000.0,15490000000.0,1.45,0.2678973435389464,0.1998295696634001,3.825545171339564,0.683695652173913,DECLARED,2026-05-21T12:44:15.500977+00:00,202604.0,announced_with_numbers,2026-05-21,2026-05-21T19:12:07.866767,0.007494223331845726,23470000000.0,9200000000.0,10900000000.0,22210000000.0,3210000000.0,2120000000.0,19.98295696634001,68.3695652173913,-41.559633027522935,26.78973435389464,382.5545171339564,200.47169811320754,211037329.02477562,175889421.5984192,166446700.20029357,116085519.41029029,68946854.65298067,24056456.89522478,47738202.623857275,81687034.3171184,15887753.463512938,NIFTY MIDCAP 100
OBEROIRLTY.NS,Oberoi Realty Limited,Q4 FY26,2026-03-31,17500000000.0,9490000000.0,7030000000.0,19.34,0.1721366376423308,0.5217391304347826,0.1284109149277688,0.6235565819861432,DECLARED,2026-05-21T12:44:45.71224+00:00,202604.0,announced_with_numbers,2026-05-21,2026-05-21T19:12:07.866767,0.005899556677823816,11500000000.0,4330000000.0,6180000000.0,14930000000.0,6230000000.0,8570000000.0,52.17391304347826,62.355658198614314,53.55987055016181,17.213663764233086,12.841091492776885,10.73512252042007,103242241.86191678,67844901.7949739,88080381.19990958,41473883.44510143,25545080.414977126,36754238.102842376,55986792.87254802,36459260.268951185,50559200.728950106,NIFTY MIDCAP 100
OFSS.NS,Oracle Financial Services Software Limited,Q4 FY26,2026-03-31,20650000000.0,10560000000.0,8420000000.0,96.71,0.0503560528992878,0.2033799533799533,0.380327868852459,0.3074534161490683,DECLARED,2026-05-06T17:14:30.490802+00:00,202604.0,announced_with_numbers,2026-05-21,2026-05-21T19:12:07.866767,0.006849885550632091,17160000000.0,6440000000.0,7650000000.0,19660000000.0,6100000000.0,8200000000.0,20.337995337995338,30.745341614906835,38.03921568627451,5.035605289928789,38.0327868852459,28.780487804878046,141450136.6205527,117544036.04884668,134668749.9254269,57676036.33632221,44113262.94607066,41784301.858855754,72334791.41467488,52401624.4623355,56169061.51518315,NIFTY MIDCAP 100
OIL.NS,Oil India Limited,Q4 FY26,2026-03-31,92930000000.0,32810000000.0,24240000000.0,12.91,0.1156062424969988,0.0550635785649409,0.6880222841225627,0.6192384769539078,DECLARED,2026-05-21T12:44:51.242889+00:00,202604.0,announced_with_numbers,2026-05-21,2026-05-21T19:12:07.866767,0.008242457492587656,88080000000.0,14970000000.0,25880000000.0,83300000000.0,14360000000.0,22870000000.0,5.5063578564940965,61.923847695390776,26.777434312210204,11.560624249699881,68.80222841225627,43.46305203323131,765971574.786171,725995655.9471208,686596709.1325518,199797169.6203248,123389588.66403721,118361689.59355874,270435030.331801,213314799.90816855,188505002.8554797,NIFTY MIDCAP 100
PAYTM.NS,One 97 Communications Limited,Q4 FY26,2026-03-31,22640000000.0,1320000000.0,1830000000.0,2.87,0.031905195989061,0.1841004184100418,-0.1866666666666666,9999.0,DECLARED,2026-05-20T18:19:30.750979+00:00,202604.0,announced_with_numbers,2026-05-21,2026-05-21T19:12:07.866767,0.014154354546482326,19120000000.0,-5450000000.0,-880000000.0,21940000000.0,2250000000.0,1550000000.0,18.410041841004183,,,3.1905195989061075,-18.666666666666668,-14.838709677419354,320454586.9323599,270631258.92874205,310546538.7498222,25902468.820062656,-77141232.27832867,31847297.729585234,18683748.00135667,-12455832.000904446,21939249.547047604,NIFTY MIDCAP 100
PERSISTENT.NS,Persistent Systems Limited,Q4 FY26,2026-03-31,40560000000.0,7680000000.0,5290000000.0,33.55,0.07358390682901,0.2510795805058606,0.20501138952164,0.3358585858585858,DECLARED,2026-05-05T17:19:32.102013+00:00,202604.0,announced_with_numbers,2026-05-21,2026-05-21T19:12:07.866767,0.016378074899714355,32420000000.0,3960000000.0,5840000000.0,37780000000.0,4390000000.0,7330000000.0,25.10795805058606,33.58585858585859,31.506849315068493,7.358390682901006,20.50113895216401,4.774897680763983,664294717.9324142,530977188.24873936,618763669.7112083,86640016.21948893,64857176.60286885,71899748.80974601,125783615.22980624,95647957.41433182,120051289.01490621,NIFTY MIDCAP 100
PHOENIXLTD.NS,The Phoenix Mills Limited,Q4 FY26,2026-03-31,12330000000.0,7500000000.0,4850000000.0,11.28,0.0999107939339875,0.2135826771653543,0.3251366120218579,0.3936781609195402,DECLARED,2026-05-11T06:35:26.377876+00:00,202604.0,announced_with_numbers,2026-05-21,2026-05-21T19:12:07.866767,0.01004809688250477,10160000000.0,3480000000.0,5600000000.0,11210000000.0,3660000000.0,6560000000.0,21.358267716535433,39.36781609195402,33.92857142857143,9.991079393398751,32.51366120218579,14.329268292682926,123893034.56128381,102088664.32624847,112639166.05287847,48733269.880148135,34967377.1511166,36776034.58996746,75360726.61878577,56269342.54202671,65915515.54923129,NIFTY MIDCAP 100
PIIND.NS,PI Industries Limited,Q4 FY26,2026-03-31,15650000000.0,3370000000.0,2000000000.0,13.2,0.1373546511627907,-0.1242305540011192,-0.3569131832797427,-0.3939393939393939,DECLARED,2026-05-21T12:45:38.658599+00:00,202604.0,announced_with_numbers,2026-05-21,2026-05-21T19:12:07.866767,0.006800592719567962,17870000000.0,3300000000.0,4560000000.0,13760000000.0,3110000000.0,3020000000.0,-12.42305540011192,-39.39393939393939,-26.096491228070175,13.73546511627907,-35.69131832797427,11.589403973509933,106429276.0612386,121526591.89867948,93576155.82125516,13601185.439135924,22441955.974574275,21149843.357856363,22917997.46494403,31010702.801229905,20537790.013095245,NIFTY MIDCAP 100
POLICYBZR.NS,PB Fintech Limited,Q4 FY26,2026-03-31,20610000000.0,2120000000.0,2610000000.0,5.64,0.1637492941840768,0.366710875331565,0.3809523809523809,0.5352941176470588,DECLARED,2026-05-20T18:20:01.081872+00:00,202604.0,announced_with_numbers,2026-05-21,2026-05-21T19:12:07.866767,0.018498792891533278,15080000000.0,1700000000.0,1120000000.0,17710000000.0,1890000000.0,1590000000.0,36.6710875331565,53.529411764705884,89.28571428571429,16.37492941840768,38.095238095238095,33.33333333333333,381260121.4945009,278961796.8043218,327613622.1090543,48281849.44690186,31447947.915606573,34962718.5649979,39217440.93005055,20718648.03851727,29413080.69753791,NIFTY MIDCAP 100
POLYCAB.NS,Polycab India Limited,Q4 FY26,2026-03-31,88640000000.0,11610000000.0,7860000000.0,51.33,0.1608171817705605,0.2688233610077297,0.2476190476190476,0.0708446866485013,DECLARED,2026-05-20T18:20:06.907586+00:00,202604.0,announced_with_numbers,2026-05-21,2026-05-21T19:12:07.866767,0.01480471952185854,69860000000.0,7340000000.0,10250000000.0,76360000000.0,6300000000.0,9660000000.0,26.882336100772974,7.084468664850137,13.26829268292683,16.08171817705605,24.761904761904763,20.18633540372671,1312290338.417541,1034257705.7970376,1130488382.6891181,116365095.44180812,108666641.29044168,93269732.9877088,171882793.64877763,151748375.09905005,143013590.58115348,NIFTY MIDCAP 100
PREMIERENE.NS,Premier Energies Limited,Q4 FY26,2026-03-31,22300000000.0,6750000000.0,4570000000.0,10.08,0.1518595041322314,0.3756940160394818,0.1658163265306122,0.6438848920863309,DECLARED,2026-05-21T12:45:49.208267+00:00,202604.0,announced_with_numbers,2026-05-21,2026-05-21T19:12:07.866767,0.0034228133561069723,16210000000.0,2780000000.0,5280000000.0,19360000000.0,3920000000.0,5930000000.0,37.56940160394818,64.38848920863309,27.84090909090909,15.18595041322314,16.581632653061224,13.827993254637436,76328737.84118548,55483804.50249402,66265666.574230984,15642257.037408864,9515421.129977383,13417428.35593933,23103990.153722063,18072454.520244814,20297283.201714344,NIFTY MIDCAP 100
RADICO.NS,Radico Khaitan Limited,Q4 FY26,2026-03-31,15040000000.0,2840000000.0,1790000000.0,13.4,-0.0277957336780866,0.1533742331288343,0.1548387096774193,0.9456521739130436,DECLARED,2026-05-20T18:20:40.290809+00:00,202604.0,announced_with_numbers,2026-05-21,2026-05-21T19:12:07.866767,0.008370494690657492,13040000000.0,920000000.0,1780000000.0,15470000000.0,1550000000.0,2670000000.0,15.337423312883436,94.56521739130434,59.55056179775281,-2.779573367808662,15.483870967741936,6.367041198501873,125892240.14748868,109151250.76617369,129491552.8644714,14983185.496276911,7700855.115404893,12974266.770519113,23772204.92146728,14899480.549370335,22349220.824055504,NIFTY MIDCAP 100
SAIL.NS,Steel Authority of India Limited,Q4 FY26,2026-03-31,308130000000.0,44090000000.0,18350000000.0,4.44,0.1257535347630704,0.0510642652476463,3.906417112299465,0.4668265387689848,DECLARED,2026-05-21T12:46:41.109395+00:00,202604.0,announced_with_numbers,2026-05-21,2026-05-21T19:12:07.866767,0.008763325617271278,293160000000.0,12510000000.0,34840000000.0,273710000000.0,3740000000.0,22940000000.0,5.106426524764633,46.682653876898485,26.54994259471871,12.575353476307042,390.6417112299465,92.19703574542284,2700243522.449799,2569056537.959248,2398609854.7033215,160807025.07692796,109629203.47206369,32774837.80859458,386375026.46549064,305314264.50573134,201030689.66020313,NIFTY MIDCAP 100
SRF.NS,SRF Limited,Q4 FY26,2026-03-31,46150000000.0,10260000000.0,5820000000.0,19.63,0.242930245084837,0.0700208671458381,0.3441108545034642,0.1064638783269961,DECLARED,2026-05-19T18:01:11.758482+00:00,202604.0,announced_with_numbers,2026-05-21,2026-05-21T19:12:07.866767,0.011620970291200716,43130000000.0,5260000000.0,9570000000.0,37130000000.0,4330000000.0,7800000000.0,7.002086714583816,10.646387832699618,7.210031347962382,24.293024508483708,34.41108545034642,31.538461538461537,536307778.93891305,501212448.6594869,431486626.9122826,67634047.09478816,61126303.73171577,50318801.3608991,119231155.18771935,111212685.68679085,90643568.27136558,NIFTY MIDCAP 100
SUPREMEIND.NS,Supreme Industries Limited,Q4 FY26,2026-03-31,35280000000.0,6230000000.0,4340000000.0,34.13,0.3129884629698548,0.1655104063429137,1.8366013071895424,0.4761904761904761,DECLARED,2026-05-11T06:38:05.914814+00:00,202604.0,announced_with_numbers,2026-05-21,2026-05-21T19:12:07.866767,0.0068838671402555165,30270000000.0,2940000000.0,4160000000.0,26870000000.0,1530000000.0,3140000000.0,16.55104063429138,47.61904761904761,49.75961538461539,31.298846296985484,183.66013071895424,98.40764331210191,242862832.7082146,208374658.33553448,184969510.05866572,29875983.38870894,20238569.392351218,10532316.72459094,42886492.28379187,28636887.30346295,21615342.82040232,NIFTY MIDCAP 100
SWIGGY.NS,Swiggy Limited,Q4 FY26,2026-03-31,63830000000.0,-6980000000.0,-8000000000.0,-2.9,0.0382238126219908,0.4473922902494331,0.2488262910798122,0.2599444958371878,DECLARED,2026-05-21T12:48:11.111362+00:00,202604.0,announced_with_numbers,2026-05-21,2026-05-21T19:12:07.866767,0.010363172543154015,44100000000.0,-10810000000.0,-9640000000.0,61480000000.0,-10650000000.0,-7830000000.0,44.73922902494331,,,3.822381262199089,,,661481303.4295208,457015909.1530921,637127847.9531089,-82905380.34523211,-112025895.1914949,-110367787.58459026,-72334944.35121502,-99900983.31600471,-81143641.01289594,NIFTY MIDCAP 100
TATACOMM.NS,Tata Communications Limited,Q4 FY26,2026-03-31,65540000000.0,12840000000.0,2590000000.0,9.24,0.0589756018742931,0.0941569282136894,-0.2884615384615384,-0.7512007684918348,DECLARED,2026-05-06T17:17:33.455696+00:00,202604.0,announced_with_numbers,2026-05-21,2026-05-21T19:12:07.866767,0.006940445979056272,59900000000.0,10410000000.0,11220000000.0,61890000000.0,3640000000.0,12280000000.0,9.415692821368948,-75.12007684918348,14.43850267379679,5.89756018742931,-28.846153846153843,4.5602605863192185,454876829.46734804,415732714.1454707,429544201.6437927,17975755.085755743,72250042.64197579,25263223.36376483,89115326.37108253,77871803.88501137,85228676.62281102,NIFTY MIDCAP 100
TATAELXSI.NS,Tata Elxsi Limited,Q4 FY26,2026-03-31,9937512000.0,2677725000.0,2203513000.0,35.37,0.0581150699680739,0.0969241566305356,0.1072573545373415,0.1189071081537811,DECLARED,2026-04-21T17:28:00.269633+00:00,202604.0,announced_with_numbers,2026-05-21,2026-05-21T19:12:07.866767,0.004483957751289726,,,,,,,,,,,,,44559383.96093467,,,9880459.196417678,,,12006805.769572282,,,NIFTY MIDCAP 100
TATAINVEST.NS,Tata Investment Corporation Limited,Q4 FY26,2026-03-31,400000000.0,300000000.0,640000000.0,1.26,-0.3103448275862069,1.5,-0.1466666666666666,0.6842105263157895,DECLARED,2026-05-05T17:22:32.012561+00:00,202604.0,announced_with_numbers,2026-05-21,2026-05-21T19:12:07.866767,0.002630884489598587,160000000.0,380000000.0,70000000.0,580000000.0,750000000.0,480000000.0,150.0,68.42105263157895,328.57142857142856,-31.03448275862069,-14.666666666666666,-37.5,1052353.7958394347,420941.5183357739,1525913.0039671804,1683766.0733430956,999736.106047463,1973163.3671989401,789265.3468795761,184161.9142719011,1262824.5550073218,NIFTY MIDCAP 100
TIINDIA.NS,Tube Investments of India Limited,Q4 FY26,2026-03-31,62150000000.0,5830000000.0,2340000000.0,4.41,0.0713670056886743,0.2067961165048543,-0.1612903225806451,0.4810126582278481,DECLARED,2026-05-21T12:48:50.70516+00:00,202604.0,announced_with_numbers,2026-05-21,2026-05-21T19:12:07.866767,0.009700880181756338,51500000000.0,1580000000.0,3370000000.0,58010000000.0,2790000000.0,5850000000.0,20.679611650485437,48.10126582278481,72.99703264094956,7.136700568867436,-16.129032258064516,-0.3418803418803419,602909703.2961564,499595329.3604514,562748059.3436852,22700059.62530983,15327390.687175013,27065455.707100183,56556131.459639445,32691966.21251886,56750149.06327458,NIFTY MIDCAP 100
UPL.NS,UPL Limited,Q4 FY26,2026-03-31,183350000000.0,34810000000.0,12940000000.0,12.57,0.4944168228869508,0.1773582482501766,1.6408163265306122,0.1992585727525486,DECLARED,2026-05-21T12:49:54.311297+00:00,202604.0,announced_with_numbers,2026-05-21,2026-05-21T19:12:07.866767,0.010682365981278735,155730000000.0,10790000000.0,31640000000.0,122690000000.0,4900000000.0,22360000000.0,17.73582482501766,19.925857275254867,10.018963337547408,49.441682288695084,164.0816326530612,55.679785330948114,1958611802.667456,1663564854.2645373,1310619482.243088,138229815.79774684,115262728.93799755,52343593.3082658,371853159.8083128,337990059.6476592,238857703.34139252,NIFTY MIDCAP 100
VMM.NS,Vishal Mega Mart Limited,Q4 FY26,2026-03-31,31140000000.0,4250000000.0,1680000000.0,0.36,-0.1514986376021798,0.2221350078492935,-0.463258785942492,0.4608695652173913,DECLARED,2026-05-21T12:50:24.41394+00:00,202604.0,announced_with_numbers,2026-05-21,2026-05-21T19:12:07.866767,0.007804045441958994,25480000000.0,1150000000.0,3570000000.0,36700000000.0,3130000000.0,6050000000.0,22.21350078492936,46.08695652173913,19.047619047619047,-15.149863760217983,-46.325878594249204,-29.75206611570248,243017975.06260306,198847077.86111516,286408467.71989506,13110796.342491109,8974652.258252842,24426662.23333165,33167193.128325723,27860442.227793608,47214474.923851915,NIFTY MIDCAP 100
VOLTAS.NS,Voltas Limited,Q4 FY26,2026-03-31,48880000000.0,1850000000.0,1130000000.0,3.51,0.5916639531097363,0.0251677852348993,0.3452380952380952,-0.5211864406779662,DECLARED,2026-05-21T12:50:29.996649+00:00,202604.0,announced_with_numbers,2026-05-21,2026-05-21T19:12:07.866767,0.008725979667911528,47680000000.0,2360000000.0,3010000000.0,30710000000.0,840000000.0,1450000000.0,2.5167785234899327,-52.118644067796616,-38.53820598006645,59.16639531097363,34.523809523809526,27.586206896551722,426525886.1675155,416054710.5660217,267974835.60156304,9860357.024740027,20593312.016271207,7329822.921045683,16143062.385636328,26265198.8004137,12652670.518471716,NIFTY MIDCAP 100
WAAREEENER.NS,Waaree Energies Limited,Q4 FY26,2026-03-31,84800000000.0,15770000000.0,11260000000.0,36.89,0.1209517514871117,1.117882117882118,0.017163504968383,0.7484472049689441,DECLARED,2026-05-13T17:52:43.32253+00:00,202604.0,announced_with_numbers,2026-05-21,2026-05-21T19:12:07.866767,0.0086745237415863,40040000000.0,6440000000.0,9230000000.0,75650000000.0,11070000000.0,19280000000.0,111.78821178821178,74.84472049689441,70.85590465872156,12.095175148711169,1.7163504968383017,-18.205394190871367,735599613.2865182,347327930.61311543,656227721.0510036,97675137.33026174,55863932.89581577,96026977.81936033,136797239.40481594,80065854.13484155,167244817.73778385,NIFTY MIDCAP 100
YESBANK.NS,Yes Bank Limited,Q4 FY26,2026-03-31,76620000000.0,,10820000000.0,0.34,0.0144313517807493,0.0051160960251869,0.1306165099268547,0.4523489932885906,DECLARED,2026-05-01T16:46:08.15949+00:00,202604.0,announced_with_numbers,2026-05-21,2026-05-21T19:12:07.866767,0.011602915521857092,76230000000.0,7450000000.0,,75530000000.0,9570000000.0,,0.5116096025186935,45.234899328859065,,1.443135178074937,13.061650992685475,,889015387.2846904,884490250.2311661,876368209.3658662,125543545.94649374,86441720.63783534,111039901.54417238,,,,NIFTY MIDCAP 100
AARTIIND.NS,Aarti Industries Limited,Q4 FY26,2026-03-31,22050000000.0,3410000000.0,1370000000.0,3.78,-0.0487489214840379,0.1313494099538224,0.0300751879699248,0.4270833333333333,DECLARED,2026-05-18T17:41:02.265431+00:00,202604.0,announced_with_numbers,2026-05-21,2026-05-21T19:12:07.866767,0.00908587509571715,19490000000.0,960000000.0,2620000000.0,23180000000.0,1330000000.0,3210000000.0,13.134940995382246,42.70833333333333,30.15267175572519,-4.874892148403796,3.007518796992481,6.230529595015576,200343545.86056316,177083705.61552724,210610584.71872354,12447648.881132495,8722440.091888463,12084213.877303809,30982834.07639548,23804992.750778932,29165659.05725205,NIFTY SMALLCAP 100
ABREL.NS,Aditya Birla Real Estate Limited,Q4 FY26,2026-03-31,826100000.0,-1655600000.0,53900000.0,0.97,0.0177405445361586,-0.7907336102948627,9999.0,9999.0,DECLARED,2026-05-20T18:06:09.391636+00:00,202604.0,announced_with_numbers,2026-05-21,2026-05-21T19:12:07.866767,0.006054967851894586,3947600000.0,-1352000000.0,-306300000.0,811700000.0,-753100000.0,-906400000.0,-79.07336102948626,,,1.774054453615868,,,5002008.942450117,23902591.092139065,4914817.405382835,326362.7672171182,-8186316.53576148,-4559996.289261812,-10024604.775596676,-1854636.6530353117,-5488222.860957253,NIFTY SMALLCAP 100
AFCONS.NS,Afcons Infrastructure Limited,Q4 FY26,2026-03-31,26140000000.0,430000000.0,-890000000.0,-2.4,-0.1216397849462365,-0.188954390319578,-9999.0,-9999.0,DECLARED,2026-05-21T12:32:31.912337+00:00,202604.0,announced_with_numbers,2026-05-21,2026-05-21T19:12:07.866767,0.004276609794525734,32230000000.0,1110000000.0,2940000000.0,29760000000.0,970000000.0,4100000000.0,-18.895439031957803,-180.18018018018017,-85.37414965986395,-12.163978494623656,-191.75257731958763,-89.51219512195122,111790580.0289027,137835133.6775644,127271907.48508584,-3806182.7171279034,4747036.871923565,4148311.500689962,1838942.2116460656,12573232.795905659,17534100.15755551,NIFTY SMALLCAP 100
AFFLE.NS,Affle 3i Limited,Q4 FY26,2026-03-31,7240000000.0,1610000000.0,1200000000.0,8.49,0.00976290097629,0.2026578073089701,0.0084033613445378,0.1650485436893204,DECLARED,2026-05-21T12:32:37.530646+00:00,202604.0,announced_with_numbers,2026-05-21,2026-05-21T19:12:07.866767,0.008371470560428017,6020000000.0,1030000000.0,1340000000.0,7170000000.0,1190000000.0,1630000000.0,20.26578073089701,16.50485436893204,20.149253731343283,0.9762900976290098,0.8403361344537815,-1.2269938650306749,60609446.85749885,50396252.773776665,60023443.91826888,10045764.67251362,8622614.677240858,9962049.96690934,13478067.602289107,11217770.550973544,13645497.013497667,NIFTY SMALLCAP 100
AMBER.NS,Amber Enterprises India Limited,Q4 FY26,2026-03-31,41480000000.0,2910000000.0,1620000000.0,38.04,0.4094461433910975,0.1049547149706979,9999.0,0.3728813559322034,DECLARED,2026-05-21T12:32:49.839127+00:00,202604.0,announced_with_numbers,2026-05-21,2026-05-21T19:12:07.866767,0.014915918164718735,37537000000.0,1184200000.0,2820600000.0,29428200000.0,-93400000.0,2374700000.0,10.504302421610676,36.801216010808986,3.1695383960859393,40.953235332096426,,22.541794753021435,618712285.4725331,559898820.1490471,438948622.93497586,24163787.42684435,17663430.290659927,-1393146.75658473,43405321.85933152,42071838.77540567,35420830.865757585,NIFTY SMALLCAP 100
ANANDRATHI.NS,Anand Rathi Wealth Limited,Q4 FY26,2026-03-31,2880000000.0,850000000.0,1030000000.0,12.42,-0.0068965517241379,0.2972972972972973,0.03,0.3918918918918919,DECLARED,2026-04-23T17:02:02.559322+00:00,202604.0,announced_with_numbers,2026-05-21,2026-05-21T19:12:07.866767,0.014103536040255748,2220000000.0,740000000.0,910000000.0,2900000000.0,1000000000.0,1310000000.0,29.72972972972973,39.189189189189186,-6.593406593406594,-0.6896551724137931,3.0,-35.11450381679389,40618183.795936555,31309850.00936776,40900254.51674167,14526642.12146342,10436616.669789253,14103536.040255748,11988005.634217385,12834217.796632731,18475632.21273503,NIFTY SMALLCAP 100
ANANTRAJ.NS,Anant Raj Limited,Q4 FY26,2026-03-31,6470000000.0,1670000000.0,1490000000.0,4.07,0.0077881619937694,0.1959334565619223,0.0347222222222222,0.2521008403361344,DECLARED,2026-05-21T12:32:55.386428+00:00,202604.0,announced_with_numbers,2026-05-21,2026-05-21T19:12:07.866767,0.007124893387833463,5410000000.0,1190000000.0,1420000000.0,6420000000.0,1440000000.0,1700000000.0,19.593345656192238,25.210084033613445,17.6056338028169,0.778816199376947,3.4722222222222223,-1.7647058823529411,46098060.2192825,38545673.22817903,45741815.54989083,10616091.14787186,8478623.131521821,10259846.478480186,11898571.957681883,10117348.610723516,12112318.759316886,NIFTY SMALLCAP 100
ANGELONE.NS,Angel One Limited,Q4 FY26,2026-03-31,14590000000.0,5990000000.0,3200000000.0,3.52,0.0928838951310861,0.3816287878787879,0.1895910780669145,0.8285714285714286,DECLARED,2026-04-30T16:59:29.848149+00:00,202604.0,announced_with_numbers,2026-05-21,2026-05-21T19:12:07.866767,0.020427684397121833,10560000000.0,1750000000.0,3430000000.0,13350000000.0,2690000000.0,5290000000.0,38.16287878787879,82.85714285714286,74.63556851311954,9.288389513108614,18.95910780669145,13.23251417769376,298039915.35400754,215716347.23360655,272709586.7015765,65368590.070789866,35748447.69496321,54950471.028257735,122361829.53875978,70066957.48212789,108062450.4607745,NIFTY SMALLCAP 100
APTUS.NS,Aptus Value Housing Finance India Limited,Q4 FY26,2026-03-31,5740000000.0,,2610000000.0,5.21,0.0361010830324909,0.1859504132231405,0.1059322033898305,0.2608695652173913,DECLARED,2026-05-20T18:07:24.93767+00:00,202604.0,announced_with_numbers,2026-05-21,2026-05-21T19:12:07.866767,0.008549447620229984,4840000000.0,2070000000.0,,5540000000.0,2360000000.0,,18.59504132231405,26.08695652173913,,3.6101083032490973,10.59322033898305,,49073829.34012011,41379326.48191312,47363939.81607411,22314058.28880026,17697356.573876068,20176696.38374276,,,,NIFTY SMALLCAP 100
ASTERDM.NS,Aster DM Healthcare Limited,Q4 FY26,2026-03-31,11820000000.0,2240000000.0,1540000000.0,2.71,-0.0033726812816188,0.182,1.6101694915254237,0.7906976744186046,DECLARED,2026-05-14T11:29:51.918608+00:00,202604.0,announced_with_numbers,2026-05-21,2026-05-21T19:12:07.866767,0.017717253719400784,10000000000.0,860000000.0,1820000000.0,11860000000.0,590000000.0,2020000000.0,18.2,79.06976744186046,23.076923076923077,-0.33726812816188867,161.01694915254237,10.891089108910892,209417938.96331728,177172537.19400784,210126629.1120933,27284570.727877207,15236838.198684674,10453179.694446463,39686648.33145776,32245401.769309428,35788852.513189584,NIFTY SMALLCAP 100
BLS.NS,BLS International Services Limited,Q4 FY26,2026-03-31,8150000000.0,2040000000.0,1870000000.0,4.32,0.1073369565217391,0.176046176046176,0.1,0.2896551724137931,DECLARED,2026-05-21T12:34:59.912613+00:00,202604.0,announced_with_numbers,2026-05-21,2026-05-21T19:12:07.866767,0.002994004707446243,6930000000.0,1450000000.0,1740000000.0,7360000000.0,1700000000.0,1980000000.0,17.604617604617605,28.965517241379313,17.24137931034483,10.733695652173914,10.0,3.0303030303030303,24401138.36568688,20748452.622602463,22035874.646804348,5598788.802924474,4341306.825797052,5089808.002658613,6107769.603190335,5209568.190956462,5928129.320743561,NIFTY SMALLCAP 100
BRIGADE.NS,Brigade Enterprises Limited,Q4 FY26,2026-03-31,14580000000.0,3650000000.0,1910000000.0,5.95,-0.0742857142857142,-0.0013698630136986,-0.0728155339805825,-0.2329317269076305,DECLARED,2026-05-20T18:09:21.654708+00:00,202604.0,announced_with_numbers,2026-05-21,2026-05-21T19:12:07.866767,0.008689123126868932,14600000000.0,2490000000.0,4160000000.0,15750000000.0,2060000000.0,4110000000.0,-0.136986301369863,-23.293172690763054,-12.259615384615383,-7.428571428571429,-7.281553398058252,-11.19221411192214,126687415.18974903,126861197.65228641,136853689.24818566,16596225.17231966,21635916.58590364,17899593.64135,31715299.413071603,36146752.20777476,35712296.05143131,NIFTY SMALLCAP 100
CAMS.NS,Computer Age Management Services Limited,Q4 FY26,2026-03-31,3950000000.0,1830000000.0,1250000000.0,5.1,0.0128205128205128,0.1095505617977528,0.0,0.1061946902654867,DECLARED,2026-05-18T17:43:54.976999+00:00,202604.0,announced_with_numbers,2026-05-21,2026-05-21T19:12:07.866767,0.016860688867626258,3560000000.0,1130000000.0,1590000000.0,3900000000.0,1250000000.0,1790000000.0,10.955056179775282,10.619469026548673,15.09433962264151,1.282051282051282,0.0,2.2346368715083798,66599721.02712372,60024052.36874948,65756686.5837424,21075861.084532823,19052578.42041767,21075861.084532823,30855060.62775605,26808495.29952575,30180633.073051002,NIFTY SMALLCAP 100
CASTROLIND.NS,Castrol India Limited,Q4 FY26,2026-03-31,15452400000.0,3231100000.0,2421800000.0,,0.1413334909039877,0.1660076665358727,-0.1076310844172593,0.1199593044765075,DECLARED,2026-04-28T09:30:39.308081+00:00,202604.0,announced_with_numbers,2026-05-21,2026-05-21T19:12:07.866767,0.008145173933940741,,,,,,,,,,,,,125862485.6968259,,,19725982.233217686,,,26317871.49795593,,,NIFTY SMALLCAP 100
CDSL.NS,Central Depository Services (India) Limited,Q4 FY26,2026-03-31,2630000000.0,1160000000.0,800000000.0,3.84,-0.1348684210526315,0.1741071428571428,-0.3984962406015037,-0.2,DECLARED,2026-05-15T17:14:54.453683+00:00,202604.0,announced_with_numbers,2026-05-21,2026-05-21T19:12:07.866767,0.01988339292450048,2240000000.0,1000000000.0,1090000000.0,3040000000.0,1330000000.0,1600000000.0,17.410714285714285,-20.0,6.422018348623854,-13.486842105263158,-39.849624060150376,-27.500000000000004,52293323.391436264,44538800.150881074,60445514.49048146,15906714.339600384,19883392.92450048,26444912.589585636,23064735.792420555,21672898.287705522,31813428.67920077,NIFTY SMALLCAP 100
CESC.NS,CESC Limited,Q4 FY26,2026-03-31,40960000000.0,7430000000.0,4590000000.0,3.31,0.0227215980024968,0.0564869744647923,0.5098684210526315,0.1922077922077922,DECLARED,2026-05-20T18:09:55.867318+00:00,202604.0,announced_with_numbers,2026-05-21,2026-05-21T19:12:07.866767,0.010335530790888028,38770000000.0,3850000000.0,8120000000.0,40050000000.0,3040000000.0,7790000000.0,5.648697446479237,19.22077922077922,-8.497536945812808,2.272159800249688,50.98684210526315,-4.621309370988447,423343341.1947736,400708528.7627288,413938008.1750655,47440086.33017605,39791793.54491891,31420013.604299605,76792993.77629805,83924510.02201079,80513784.86101773,NIFTY SMALLCAP 100
CHAMBLFERT.NS,Chambal Fertilizers & Chemicals Limited,Q4 FY26,2026-03-31,27850300000.0,2150400000.0,1692400000.0,,-0.5278009494743982,0.1372111065741119,-0.7111945392491468,0.3018461538461538,DECLARED,2026-05-14T17:40:13.359407+00:00,202604.0,announced_with_numbers,2026-05-21,2026-05-21T19:12:07.866767,0.006320808297520086,24490000000.0,1300000000.0,1630000000.0,58980000000.0,5860000000.0,8210000000.0,13.72111065741119,30.18461538461538,31.92638036809816,-52.780094947439814,-71.11945392491468,-73.80755176613886,176036407.32842365,154796595.2062669,372801273.38773465,10697335.962722993,8217050.786776111,37039936.6234677,13592266.162987191,10302917.524957739,51893836.1226399,NIFTY SMALLCAP 100
CHOLAHLDNG.NS,Cholamandalam Financial Holdings Limited,Q4 FY26,2026-03-31,103660000000.0,,16260000000.0,36.59,0.0419137601769022,0.1630203074161337,0.1731601731601731,0.1938325991189427,DECLARED,2026-05-21T12:35:44.971974+00:00,202604.0,announced_with_numbers,2026-05-21,2026-05-21T19:12:07.866767,0.014593169060335842,89130000000.0,13620000000.0,,99490000000.0,13860000000.0,,16.302030741613375,19.383259911894275,,4.19137601769022,17.316017316017316,,1512727904.7944133,1300689158.3477335,1451874389.8128128,237284928.9210608,198758962.60177416,202261323.17625478,,,,NIFTY SMALLCAP 100
COHANCE.NS,Cohance Lifesciences Limited,Q4 FY26,2026-03-31,6191200000.0,986800000.0,83100000.0,0.51,0.1369387567716463,-0.2633207205920849,-0.7136457615437629,-0.9290653008962868,DECLARED,2026-05-21T12:36:03.713001+00:00,202604.0,announced_with_numbers,2026-05-21,2026-05-21T19:12:07.866767,0.0063002634210955226,8400000000.0,1170000000.0,2290000000.0,5450000000.0,290000000.0,950000000.0,-26.295238095238094,-92.8974358974359,-56.90829694323144,13.600000000000001,-71.34482758620689,3.873684210526316,39006190.8926866,52922212.73720239,34336435.644970596,523551.8902930379,7371308.202681761,1827076.3921177015,6217099.943937061,14427603.234308748,5985250.250040746,NIFTY SMALLCAP 100
CREDITACC.NS,CREDITACCESS GRAMEEN LIMITED,Q4 FY26,2026-03-31,15970000000.0,,3400000000.0,21.2,0.0718120805369127,0.1350390902629708,0.3492063492063492,6.23404255319149,DECLARED,2026-05-21T12:36:25.717302+00:00,202604.0,announced_with_numbers,2026-05-21,2026-05-21T19:12:07.866767,0.006399536624733063,14070000000.0,470000000.0,,14900000000.0,2520000000.0,,13.503909026297087,623.404255319149,,7.181208053691275,34.92063492063492,,102200599.89698702,90041480.30999419,95353095.70852263,21758424.524092413,3007782.21362454,16126832.294327319,,,,NIFTY SMALLCAP 100
CROMPTON.NS,Crompton Greaves Consumer Electricals Limited,Q4 FY26,2026-03-31,22830000000.0,2710000000.0,-5310000000.0,-8.29,0.202845100105374,0.1077147016011644,-9999.0,-9999.0,DECLARED,2026-05-21T12:36:31.173205+00:00,202604.0,announced_with_numbers,2026-05-21,2026-05-21T19:12:07.866767,0.017528467907109595,20610000000.0,1720000000.0,2640000000.0,18980000000.0,1010000000.0,1950000000.0,10.771470160116449,-408.7209302325581,2.6515151515151514,20.284510010537407,-625.7425742574258,38.97435897435898,400174922.31931204,361261723.56552875,332690320.87694013,-93076164.58675195,30148964.800228503,17703752.58618069,47502148.028267,46275155.27476933,34180512.41886371,NIFTY SMALLCAP 100
DATAPATTNS.NS,Data Patterns (India) Limited,Q4 FY26,2026-03-31,3448500000.0,1879600000.0,1383800000.0,,1.9464285714285716,0.8917658675736464,2.0985221674876846,0.9462728551336146,DECLARED,2026-05-14T17:40:06.662617+00:00,202604.0,announced_with_numbers,2026-05-21,2026-05-21T19:12:07.866767,0.010861094018043345,,,,,,,,,,,,,37454482.721222475,,,15029581.90216838,,,20414512.31631427,,,NIFTY SMALLCAP 100
DELHIVERY.NS,Delhivery Limited,Q4 FY26,2026-03-31,28500000000.0,2140000000.0,720000000.0,0.97,0.0160427807486631,0.3001824817518248,0.8,-0.0136986301369863,DECLARED,2026-05-21T12:37:01.004607+00:00,202604.0,announced_with_numbers,2026-05-21,2026-05-21T19:12:07.866767,0.02317818184820599,21920000000.0,730000000.0,1190000000.0,28050000000.0,400000000.0,2090000000.0,30.01824817518248,-1.36986301369863,79.83193277310924,1.6042780748663104,80.0,2.3923444976076556,660578182.6738707,508065746.1126753,650148000.842178,16688290.930708313,16920072.74919037,9271272.739282396,49601309.15516082,27582036.399365127,48442400.06275052,NIFTY SMALLCAP 100
FORCEMOT.NS,FORCE MOTORS LTD,Q4 FY26,2026-03-31,25500000000.0,4140000000.0,2790000000.0,211.38,0.1977454203851573,0.0823429541595925,-0.312807881773399,-0.3586206896551724,DECLARED,2026-05-13T17:42:38.567528+00:00,202604.0,announced_with_numbers,2026-05-21,2026-05-21T19:12:07.866767,0.008865472024231704,23560000000.0,4350000000.0,3290000000.0,21290000000.0,4060000000.0,3740000000.0,8.234295415959252,-35.86206896551724,25.835866261398177,19.774542038515737,-31.2807881773399,10.695187165775401,226069536.61790845,208870520.89089894,188745899.39589298,24734666.947606456,38564803.30540791,35993816.41838072,36703054.18031926,29167402.959722307,33156865.370626576,NIFTY SMALLCAP 100
FSL.NS,Firstsource Solutions Limited,Q4 FY26,2026-03-31,25830000000.0,4300000000.0,2050000000.0,2.9,0.0573065902578796,0.1952799629801018,0.7083333333333334,0.2732919254658385,DECLARED,2026-05-20T18:12:20.471314+00:00,202604.0,announced_with_numbers,2026-05-21,2026-05-21T19:12:07.866767,0.007948615743425123,21610000000.0,1610000000.0,3330000000.0,24430000000.0,1200000000.0,4030000000.0,19.52799629801018,27.32919254658385,29.129129129129126,5.730659025787966,70.83333333333334,6.699751861042183,205312744.65267092,171769586.2154169,194184682.61187574,16294662.2740215,12797271.346914448,9538338.892110147,34179047.69672803,26468890.42560566,32032921.446003243,NIFTY SMALLCAP 100
GESHIP.NS,The Great Eastern Shipping Company Limited,Q4 FY26,2026-03-31,15110000000.0,9410000000.0,10440000000.0,73.13,0.0392022008253094,0.2354865085854456,0.2841328413284132,1.87603305785124,DECLARED,2026-05-21T12:38:26.736318+00:00,202604.0,announced_with_numbers,2026-05-21,2026-05-21T19:12:07.866767,0.015213832178815131,12230000000.0,3630000000.0,5020000000.0,14540000000.0,8130000000.0,8360000000.0,23.548650858544562,187.60330578512395,87.45019920318725,3.9202200825309492,28.413284132841326,12.55980861244019,229881004.22189662,186065167.54690906,221209119.879972,158832407.94682997,55226210.80909893,123688455.61376701,143162160.8026504,76373437.53765196,127187637.0148945,NIFTY SMALLCAP 100
GLAND.NS,Gland Pharma Limited,Q4 FY26,2026-03-31,17430000000.0,5130000000.0,3670000000.0,22.26,0.0283185840707964,0.2231578947368421,0.4061302681992337,0.962566844919786,DECLARED,2026-05-21T12:38:32.294752+00:00,202604.0,announced_with_numbers,2026-05-21,2026-05-21T19:12:07.866767,0.017140796334627305,14250000000.0,1870000000.0,3480000000.0,16950000000.0,2610000000.0,4350000000.0,22.315789473684212,96.2566844919786,47.41379310344828,2.831858407079646,40.61302681992337,17.93103448275862,298764080.1125539,244256347.76843908,290536497.8719328,62906722.54808221,32053289.14575306,44737478.433377266,87932285.19663808,59649971.24450302,74562464.05562878,NIFTY SMALLCAP 100
GMDCLTD.NS,Gujarat Mineral Development Corporation Limited,Q4 FY26,2026-03-31,8140000000.0,1040000000.0,1940000000.0,6.1,0.4058721934369603,0.0356234096692111,0.4586466165413533,-0.1415929203539823,DECLARED,2026-05-21T12:38:43.174302+00:00,202604.0,announced_with_numbers,2026-05-21,2026-05-21T19:12:07.866767,0.0050053443806587095,7860000000.0,2260000000.0,1940000000.0,5790000000.0,1330000000.0,1010000000.0,3.5623409669211195,-14.15929203539823,-46.391752577319586,40.58721934369603,45.86466165413533,2.9702970297029703,40743503.258561894,39342006.83197746,28980943.964013927,9710368.098477896,11312078.300288683,6657108.026276084,5205558.1558850575,9710368.098477896,5055397.824465296,NIFTY SMALLCAP 100
HINDCOPPER.NS,Hindustan Copper Limited,Q4 FY26,2026-03-31,11560000000.0,6280000000.0,4440000000.0,4.59,0.6826783114992722,0.5813953488372093,1.8461538461538465,1.374331550802139,DECLARED,2026-05-21T12:39:30.927695+00:00,202604.0,announced_with_numbers,2026-05-21,2026-05-21T19:12:07.866767,0.0166292632574004,7310000000.0,1870000000.0,2670000000.0,6870000000.0,1560000000.0,2450000000.0,58.139534883720934,137.4331550802139,135.20599250936328,68.26783114992722,184.6153846153846,156.3265306122449,192234283.25554863,121559914.41159694,114243038.57834075,73833928.86285779,31096722.29133875,25941650.681544628,104431773.25647452,44400132.89725907,40741694.98063099,NIFTY SMALLCAP 100
HSCL.NS,Himadri Speciality Chemical Limited,Q4 FY26,2026-03-31,12880000000.0,2420000000.0,2080000000.0,3.98,0.0878378378378378,0.1348017621145374,0.0833333333333333,0.3419354838709677,DECLARED,2026-05-07T17:25:29.466467+00:00,202604.0,announced_with_numbers,2026-05-21,2026-05-21T19:12:07.866767,0.012657290438204691,11350000000.0,1550000000.0,2330000000.0,11840000000.0,1920000000.0,2430000000.0,13.480176211453745,34.193548387096776,3.862660944206009,8.783783783783784,8.333333333333332,-0.411522633744856,163025900.84407642,143660246.47362325,149862318.78834355,26327164.111465756,19618800.17921727,24301997.641353007,30630642.860455353,29491486.72101693,30757215.7648374,NIFTY SMALLCAP 100
IDBI.NS,IDBI Bank Limited,Q4 FY26,2026-03-31,78040000000.0,,20130000000.0,1.87,0.1022598870056497,0.1175712444508091,0.0275650842266462,-0.0386819484240687,DECLARED,2026-05-14T11:35:47.959877+00:00,202604.0,announced_with_numbers,2026-05-21,2026-05-21T19:12:07.866767,0.003770508747809959,69830000000.0,20940000000.0,,70800000000.0,19590000000.0,,11.75712444508091,-3.8681948424068766,,10.225988700564972,2.756508422664625,,294250502.6790892,263294625.85956943,266952019.3449451,75900341.09341447,78954453.17914054,73864266.36959709,,,,NIFTY SMALLCAP 100
IFCI.NS,IFCI Limited,Q4 FY26,2026-03-31,4700000000.0,,340000000.0,0.05,0.0307017543859649,0.1352657004830917,0.6190476190476191,-0.8692307692307693,DECLARED,2026-05-12T06:13:58.915469+00:00,202604.0,announced_with_numbers,2026-05-21,2026-05-21T19:12:07.866767,0.0037359131054323664,4140000000.0,2600000000.0,,4560000000.0,210000000.0,,13.526570048309178,-86.92307692307692,,3.070175438596491,61.904761904761905,,17558791.595532123,15466680.256489998,17035763.76077159,1270210.4558470047,9713374.074124152,784541.752140797,,,,NIFTY SMALLCAP 100
IGL.NS,Indraprastha Gas Limited,Q4 FY26,2026-03-31,41630000000.0,4210000000.0,3390000000.0,2.43,0.0233529990167158,0.0544579533941236,-0.135204081632653,-0.2516556291390728,DECLARED,2026-05-21T12:40:07.9242+00:00,202604.0,announced_with_numbers,2026-05-21,2026-05-21T19:12:07.866767,0.01004249048814574,39480000000.0,4530000000.0,4930000000.0,40680000000.0,3920000000.0,4710000000.0,5.445795339412361,-25.165562913907287,-14.60446247464503,2.3352999016715827,-13.520408163265307,-10.615711252653929,418068879.02150714,396477524.4719938,408528513.0577687,34044042.75481406,45492481.911300205,39366562.7135313,42278884.95509357,49509478.1065585,47300130.19916644,NIFTY SMALLCAP 100
IIFL.NS,IIFL Finance Limited,Q4 FY26,2026-03-31,36920000000.0,,6230000000.0,13.8,0.0773271082579515,0.4249324585102277,0.2435129740518962,1.4820717131474104,DECLARED,2026-05-13T17:44:20.569102+00:00,202604.0,announced_with_numbers,2026-05-21,2026-05-21T19:12:07.866767,0.009947206130315458,25910000000.0,2510000000.0,,34270000000.0,5010000000.0,,42.49324585102277,148.20717131474103,,7.732710825795156,24.35129740518962,,367250850.33124673,257732110.83647352,340890754.08591074,61971094.1918653,24967487.3870918,49835502.71288045,,,,NIFTY SMALLCAP 100
JBMA.NS,JBM Auto Limited,Q4 FY26,2026-03-31,18520000000.0,2290000000.0,840000000.0,3.14,0.1474597273853779,0.1251518833535844,0.4,0.1666666666666666,DECLARED,2026-05-21T12:40:55.386647+00:00,202604.0,announced_with_numbers,2026-05-21,2026-05-21T19:12:07.866767,0.002344909385624943,16460000000.0,720000000.0,1850000000.0,16140000000.0,600000000.0,1730000000.0,12.515188335358445,16.666666666666664,23.783783783783786,14.745972738537795,40.0,32.369942196531795,43427721.82177395,38597208.48738656,37846837.48398658,1969723.8839249522,1688334.757649959,1406945.631374966,5369842.49308112,4338082.363406145,4056693.2371311514,NIFTY SMALLCAP 100
JSWCEMENT.NS,JSW Cement Limited,Q4 FY26,2026-03-31,18950000000.0,3650000000.0,3620000000.0,2.72,0.1690314620604565,0.1088355763604447,1.763358778625954,21.625,DECLARED,2026-05-21T12:41:05.081592+00:00,202604.0,announced_with_numbers,2026-05-21,2026-05-21T19:12:07.866767,0.00320904134600354,17090000000.0,160000000.0,2400000000.0,16210000000.0,1310000000.0,2850000000.0,10.88355763604447,2162.5,52.083333333333336,16.90314620604565,176.33587786259542,28.07017543859649,60811333.50676709,54842516.6032005,52018560.21871739,11616729.672532815,513446.6153605664,4203844.163264638,11713000.912912922,7701699.230408496,9145767.836110089,NIFTY SMALLCAP 100
KAYNES.NS,Kaynes Technology India Limited,Q4 FY26,2026-03-31,12430000000.0,1940000000.0,910000000.0,13.61,0.5460199004975125,0.2632113821138211,0.1818181818181818,-0.2155172413793103,DECLARED,2026-05-21T12:41:43.800327+00:00,202604.0,announced_with_numbers,2026-05-21,2026-05-21T19:12:07.866767,0.009637387826417066,9840000000.0,1160000000.0,1680000000.0,8040000000.0,770000000.0,1190000000.0,26.321138211382113,-21.551724137931032,15.476190476190476,54.60199004975125,18.181818181818183,63.02521008403361,119792730.68236412,94831896.21194392,77484598.12439321,8770022.92203953,11179369.878643796,7420788.626341141,18696532.383249108,16190811.548380671,11468491.513436308,NIFTY SMALLCAP 100
KEC.NS,KEC International Limited,Q4 FY26,2026-03-31,63900000000.0,4480000000.0,1930000000.0,7.24,0.0648225295784035,-0.0701396973224679,0.5196850393700787,-0.2798507462686567,DECLARED,2026-05-21T12:41:49.23642+00:00,202604.0,announced_with_numbers,2026-05-21,2026-05-21T19:12:07.866767,0.005826815436118883,68720000000.0,2680000000.0,5390000000.0,60010000000.0,1270000000.0,4300000000.0,-7.013969732246799,-27.985074626865668,-16.883116883116884,6.482252957840359,51.96850393700787,4.186046511627907,372333506.36799663,400418756.7700896,349667194.32149416,11245753.791709444,15615865.368798606,7400055.603870981,26104133.153812595,31406535.20068078,25055306.375311196,NIFTY SMALLCAP 100
KFINTECH.NS,Kfin Technologies Limited,Q4 FY26,2026-03-31,3470000000.0,1280000000.0,810000000.0,4.7,-0.0646900269541779,0.2261484098939929,-0.1195652173913043,-0.0470588235294117,DECLARED,2026-05-13T17:45:52.040516+00:00,202604.0,announced_with_numbers,2026-05-21,2026-05-21T19:12:07.866767,0.010106336687279924,2830000000.0,850000000.0,1220000000.0,3710000000.0,920000000.0,1520000000.0,22.614840989399294,-4.705882352941177,4.918032786885246,-6.46900269541779,-11.956521739130435,-15.789473684210526,35068988.30486134,28600932.825002186,37494509.10980852,8186132.716696739,8590386.184187936,9297829.75229753,12936110.959718304,12329730.758481508,15361631.764665484,NIFTY SMALLCAP 100
LALPATHLAB.NS,Dr. Lal Path Labs Ltd.,Q4 FY26,2026-03-31,7027000000.0,1601000000.0,1322000000.0,,0.0646969696969697,0.1653399668325041,0.4527472527472527,-0.1525641025641025,DECLARED,2026-04-30T11:33:36.953228+00:00,202604.0,announced_with_numbers,2026-05-21,2026-05-21T19:12:07.866767,0.011707896366457162,6030000000.0,1560000000.0,1690000000.0,6600000000.0,910000000.0,1790000000.0,16.533996683250415,-15.256410256410257,-5.266272189349112,6.46969696969697,45.27472527472528,-10.558659217877095,82271387.76709448,70598615.08973669,77272116.01861727,15477838.996456368,18264318.33167317,10654185.693476018,18744342.082697917,19786344.859312605,20957134.49595832,NIFTY SMALLCAP 100
MANAPPURAM.NS,Manappuram Finance Limited,Q4 FY26,2026-03-31,26140000000.0,,4050000000.0,4.77,0.1104502973661852,0.1071579839051249,0.694560669456067,9999.0,DECLARED,2026-05-18T17:50:54.597855+00:00,202604.0,announced_with_numbers,2026-05-21,2026-05-21T19:12:07.866767,0.018306561848600588,23610000000.0,-2030000000.0,,23540000000.0,2390000000.0,,10.715798390512495,,,11.04502973661852,69.4560669456067,,478533526.7224194,432217925.2454599,430936465.9160578,74141575.48683238,-37162320.55265919,43752682.81815541,,,,NIFTY SMALLCAP 100
MEESHO.NS,Meesho Limited,Q4 FY26,2026-03-31,35310000000.0,-2550000000.0,-1660000000.0,-0.36,0.0036952814098919,0.47125,0.6619144602851323,0.8806613946800863,DECLARED,2026-05-20T18:17:36.038067+00:00,202604.0,announced_with_numbers,2026-05-21,2026-05-21T19:12:07.866767,0.005248048065136904,24000000000.0,-13910000000.0,-2310000000.0,35180000000.0,-4910000000.0,-5390000000.0,47.125,,,0.3695281409891984,,,185308577.17998406,125953153.5632857,184626330.93151626,-8711759.78812726,-73000348.58605433,-25767915.999822196,-13382522.566099104,-12122991.030466247,-28286979.07108791,NIFTY SMALLCAP 100
MRPL.NS,Mangalore Refinery and Petrochemicals Limited,Q4 FY26,2026-03-31,239500000000.0,17810000000.0,1170000000.0,0.67,-0.0308352217546131,-0.0262644332411774,-0.9193659545141282,-0.6846361185983828,DECLARED,2026-05-08T17:04:55.343743+00:00,202604.0,announced_with_numbers,2026-05-21,2026-05-21T19:12:07.866767,0.0024320177009666227,245960000000.0,3710000000.0,11300000000.0,247120000000.0,14510000000.0,27850000000.0,-2.626443324117743,-68.46361185983828,57.610619469026545,-3.0835221754613142,-91.93659545141281,-36.050269299820464,582468239.3815061,598179073.7297505,601000214.2628719,2845460.7101309486,9022785.67058617,35288576.841025695,43314235.25421555,27481800.020922836,67731692.97192045,NIFTY SMALLCAP 100
NAVINFLUOR.NS,Navin Fluorine International Limited,Q4 FY26,2026-03-31,9380000000.0,3210000000.0,2130000000.0,41.48,0.0515695067264574,0.3380884450784593,0.1513513513513513,1.2421052631578948,DECLARED,2026-05-13T17:47:39.685342+00:00,202604.0,announced_with_numbers,2026-05-21,2026-05-21T19:12:07.866767,0.02432864970924891,7010000000.0,950000000.0,1790000000.0,8920000000.0,1850000000.0,3080000000.0,33.80884450784593,124.21052631578948,79.3296089385475,5.15695067264574,15.135135135135137,4.220779220779221,228202734.2727548,170543834.46183485,217011555.40650028,51820023.88070018,23112217.223786466,45008001.96211048,78094965.566689,43548282.97955555,74932241.10448664,NIFTY SMALLCAP 100
NEULANDLAB.NS,Neuland Laboratories Limited,Q4 FY26,2026-03-31,7760000000.0,3070000000.0,2130000000.0,165.76,0.7636363636363637,1.3658536585365857,4.195121951219512,6.607142857142857,DECLARED,2026-05-21T12:44:09.913641+00:00,202604.0,announced_with_numbers,2026-05-21,2026-05-21T19:12:07.866767,0.013323563045109392,3280000000.0,280000000.0,510000000.0,4400000000.0,410000000.0,770000000.0,136.58536585365854,660.7142857142857,501.96078431372547,76.36363636363637,419.5121951219512,298.7012987012987,103390849.23004888,43701286.78795881,58623677.398481324,28379189.286083005,3730597.65263063,5462660.848494851,40903338.54848583,6795017.15300579,10259143.544734232,NIFTY SMALLCAP 100
NUVAMA.NS,Nuvama Wealth Management Limited,Q4 FY26,2026-03-31,12690000000.0,6290000000.0,2690000000.0,14.79,0.1494565217391304,0.1330357142857142,0.0590551181102362,0.0549019607843137,DECLARED,2026-05-21T12:44:34.299415+00:00,202604.0,announced_with_numbers,2026-05-21,2026-05-21T19:12:07.866767,0.010544743822806691,11200000000.0,2550000000.0,5750000000.0,11040000000.0,2540000000.0,6070000000.0,13.303571428571429,5.490196078431373,9.391304347826086,14.945652173913043,5.905511811023622,3.6243822075782535,133812799.1114169,118101130.81543495,116413971.80378588,28365360.88335,26889096.74815706,26783649.309928995,66326438.64545409,60632276.981138475,64006595.00443662,NIFTY SMALLCAP 100
OLAELEC.NS,Ola Electric Mobility Limited,Q4 FY26,2026-03-31,2650000000.0,-2810000000.0,-5000000000.0,-1.13,-0.4361702127659574,-0.5662847790507365,-0.0266940451745379,0.425287356321839,DECLARED,2026-05-21T12:44:56.467092+00:00,202604.0,announced_with_numbers,2026-05-21,2026-05-21T19:12:07.866767,0.006685096258730405,6110000000.0,-8700000000.0,-6950000000.0,4700000000.0,-4870000000.0,-2710000000.0,-56.62847790507365,,,-43.61702127659575,,,17715505.085635573,40845938.14084277,31419952.416032903,-33425481.293652024,-58160337.45095452,-32556418.78001707,-18785120.48703244,-46461418.998176314,-18116610.861159395,NIFTY SMALLCAP 100
PIRAMALFIN.NS,Piramal Finance Limited,Q4 FY26,2026-03-31,34240000000.0,14460000000.0,5020000000.0,22.14,0.1734064427690198,0.1997196916608269,0.2518703241895262,3.92156862745098,DECLARED,2026-05-12T12:08:02.638222+00:00,202604.0,announced_with_numbers,2026-05-21,2026-05-21T19:12:07.866767,0.021774179450855836,28540000000.0,1020000000.0,13170000000.0,29180000000.0,4010000000.0,19350000000.0,19.97196916608269,392.156862745098,9.79498861047836,17.340644276901987,25.187032418952622,-25.271317829457363,745547904.3973038,621435081.5274255,635370556.3759733,109306380.8432963,22209663.03987295,87314459.5979319,314854634.8593754,286765943.3677714,421330372.37406045,NIFTY SMALLCAP 100
PNBHOUSING.NS,PNB Housing Finance Limited,Q4 FY26,2026-03-31,21820000000.0,,6560000000.0,25.17,0.0297310051911278,0.0791295746785361,0.2615384615384615,0.1927272727272727,DECLARED,2026-05-04T17:23:41.5413+00:00,202604.0,announced_with_numbers,2026-05-21,2026-05-21T19:12:07.866767,0.018312223065783298,20220000000.0,5500000000.0,,21190000000.0,5200000000.0,,7.91295746785361,19.272727272727273,,2.973100519112789,26.153846153846157,,399572707.29539156,370273150.39013827,388036006.7639481,120128183.31153843,100717226.86180814,95223559.94207315,,,,NIFTY SMALLCAP 100
POONAWALLA.NS,Poonawalla Fincorp Limited,Q4 FY26,2026-03-31,21150000000.0,,2550000000.0,3.13,0.1633663366336633,0.8138936535162951,0.7,3.1129032258064515,DECLARED,2026-05-19T17:59:07.540373+00:00,202604.0,announced_with_numbers,2026-05-21,2026-05-21T19:12:07.866767,0.013181462835039333,11660000000.0,620000000.0,,18180000000.0,1500000000.0,,81.38936535162951,311.2903225806451,,16.33663366336634,70.0,,278787938.96108186,153695856.6565586,239638994.34101507,33612730.2293503,8172506.957724386,19772194.252559,,,,NIFTY SMALLCAP 100
PPLPHARMA.NS,Piramal Pharma Limited,Q4 FY26,2026-03-31,27517700000.0,4605100000.0,-88300000.0,-0.07,0.2859519503521242,-0.0008351276474454,0.935164108965416,-9999.0,DECLARED,2026-05-12T06:19:32.847807+00:00,202604.0,announced_with_numbers,2026-05-21,2026-05-21T19:12:07.866767,0.010045908509403725,27540700000.0,1535000000.0,5609900000.0,21398700000.0,-1361900000.0,1957300000.0,-0.08351276474454171,-105.75244299674267,-17.91119271288258,28.595195035212416,,135.27818934246156,276440296.58921885,276671352.48493516,214969382.4201775,-887053.7213803489,15420469.561934717,-13681522.798956933,46262413.27665509,56356542.146903954,19662856.72545591,NIFTY SMALLCAP 100
RBLBANK.NS,RBL Bank Limited,Q4 FY26,2026-03-31,37210000000.0,,2440000000.0,3.95,0.0147259340059994,0.0701754385964912,0.0701754385964912,1.8045977011494247,DECLARED,2026-05-08T17:06:41.493918+00:00,202604.0,announced_with_numbers,2026-05-21,2026-05-21T19:12:07.866767,0.018776206205337258,34770000000.0,870000000.0,,36670000000.0,2280000000.0,,7.017543859649122,180.45977011494253,,1.4725934005999455,7.017543859649122,,698662632.9005994,652848689.7595764,688523481.5497172,45813943.141022906,16335299.398643414,42809750.14816895,,,,NIFTY SMALLCAP 100
REDINGTON.NS,Redington Limited,Q4 FY26,2026-03-31,332130000000.0,6140000000.0,2880000000.0,5.01,0.0740896449130069,0.2561649016641452,-0.3026634382566586,-0.6862745098039216,DECLARED,2026-05-20T18:20:45.882232+00:00,202604.0,announced_with_numbers,2026-05-21,2026-05-21T19:12:07.866767,0.012152920734080511,264400000000.0,9180000000.0,5970000000.0,309220000000.0,4130000000.0,6260000000.0,25.616490166414525,-68.62745098039215,2.8475711892797317,7.408964491300692,-30.26634382566586,-1.9169329073482428,4036349563.41016,3213232242.090887,3757926149.3923755,35000411.714151874,111563812.3388591,50191562.63175251,74618933.30725434,72552936.78246064,76077283.795344,NIFTY SMALLCAP 100
SAGILITY.NS,SAGILITY LIMITED,Q4 FY26,2026-03-31,20240000000.0,4850000000.0,2580000000.0,0.55,0.0268899036022323,0.2908163265306122,-0.0373134328358208,0.4098360655737705,DECLARED,2026-05-21T12:46:35.350296+00:00,202604.0,announced_with_numbers,2026-05-21,2026-05-21T19:12:07.866767,0.008820265446611849,15680000000.0,1830000000.0,3730000000.0,19710000000.0,2680000000.0,5110000000.0,29.081632653061224,40.98360655737705,30.02680965147453,2.6889903602232366,-3.731343283582089,-5.088062622309197,178522172.63942382,138301762.2028738,173847431.95271954,22756284.85225857,16141085.767299684,23638311.396919753,42778287.416067466,32899590.1158622,45071556.43218655,NIFTY SMALLCAP 100
SAILIFE.NS,Sai Life Sciences Limited,Q4 FY26,2026-03-31,6020000000.0,1770000000.0,1040000000.0,4.92,0.0827338129496402,0.0379310344827586,0.04,0.1818181818181818,DECLARED,2026-05-21T12:46:45.870191+00:00,202604.0,announced_with_numbers,2026-05-21,2026-05-21T19:12:07.866767,0.014114848805294213,5800000000.0,880000000.0,1580000000.0,5560000000.0,1000000000.0,1880000000.0,3.793103448275862,18.181818181818183,12.025316455696203,8.273381294964029,4.0,-5.851063829787234,84971389.80787116,81866123.07070643,78478559.35743582,14679442.757505981,12421066.948658908,14114848.805294212,24983282.385370757,22301461.112364855,26535915.753953118,NIFTY SMALLCAP 100
SIGNATURE.NS,Signatureglobal (India) Limited,Q4 FY26,2026-03-31,11072660000.0,13101690000.0,524080000.0,,2.898823943661972,1.1293576923076922,9999.0,-0.1408524590163934,DECLARED,2026-05-13T18:11:42.859571+00:00,202604.0,announced_with_numbers,2026-05-21,2026-05-21T19:12:07.866767,0.0029894932996305467,5200000000.0,610000000.0,440000000.0,2840000000.0,-450000000.0,-630000000.0,112.93576923076922,-14.085245901639345,2877.656818181818,289.88239436619716,,,33101642.87908717,15545365.158078842,8490160.970950752,1566733.6484703769,1823590.9127746334,-1345271.984833746,39167414.46883654,1315377.0518374406,-1883380.7787672444,NIFTY SMALLCAP 100
SONACOMS.NS,Sona BLW Precision Forgings Limited,Q4 FY26,2026-03-31,12580000000.0,2960000000.0,1870000000.0,3.09,0.0483333333333333,0.4543352601156069,0.2466666666666666,0.1402439024390244,DECLARED,2026-05-14T11:42:51.853315+00:00,202604.0,announced_with_numbers,2026-05-21,2026-05-21T19:12:07.866767,0.024685625655417,8650000000.0,1640000000.0,2310000000.0,12000000000.0,1500000000.0,2960000000.0,45.433526011560694,14.02439024390244,28.13852813852814,4.833333333333333,24.666666666666668,0.0,310545170.74514586,213530661.91935706,296227507.865004,46162119.97562979,40484426.07488388,37028438.4831255,73069451.94003433,57023795.264013276,73069451.94003433,NIFTY SMALLCAP 100
SYNGENE.NS,Syngene International Limited,Q4 FY26,2026-03-31,10360000000.0,3030000000.0,1480000000.0,3.67,0.1297709923664122,0.0176817288801571,8.866666666666667,-0.1912568306010929,DECLARED,2026-05-13T17:51:02.77939+00:00,202604.0,announced_with_numbers,2026-05-21,2026-05-21T19:12:07.866767,0.008128053323546275,10180000000.0,1830000000.0,3440000000.0,9170000000.0,150000000.0,2090000000.0,1.768172888015717,-19.12568306010929,-11.918604651162791,12.977099236641221,886.6666666666667,44.97607655502392,84206632.43193941,82743582.83370107,74534248.97691934,12029518.918848487,14874337.582089683,1219207.998531941,24628001.57034521,27960503.432999182,16987631.446211714,NIFTY SMALLCAP 100
TATACHEM.NS,Tata Chemicals Limited,Q4 FY26,2026-03-31,34380000000.0,2740000000.0,-21160000000.0,-83.67,-0.0315492957746478,-0.0202336848104873,-29.666666666666668,-42.18367346938776,DECLARED,2026-05-18T17:55:47.330521+00:00,202604.0,announced_with_numbers,2026-05-21,2026-05-21T19:12:07.866767,0.010871333745193569,35090000000.0,-490000000.0,3270000000.0,35500000000.0,-690000000.0,3450000000.0,-2.023368481048732,,-16.207951070336392,-3.1549295774647885,,-20.579710144927535,373756454.1597549,381475101.1188423,385932347.9543717,-230037422.04829592,-5326953.535144849,-7501220.284183563,29787454.461830378,35549261.34678297,37506101.42091781,NIFTY SMALLCAP 100
TATATECH.NS,Tata Technologies Limited,Q4 FY26,2026-03-31,15720000000.0,2520000000.0,2040000000.0,5.03,0.150805270863836,0.2223950233281493,28.142857142857142,0.0793650793650793,DECLARED,2026-05-18T17:56:07.58025+00:00,202604.0,announced_with_numbers,2026-05-21,2026-05-21T19:12:07.866767,0.010661310150375495,12860000000.0,1890000000.0,2330000000.0,13660000000.0,70000000.0,1930000000.0,22.23950233281493,7.936507936507936,8.15450643776824,15.080527086383603,2814.285714285714,30.569948186528496,167595795.5639028,137104448.53382885,145633496.65412927,21749072.70676601,20149876.184209686,746291.7105262846,26866501.578946248,24840852.650374904,20576328.590224706,NIFTY SMALLCAP 100
TRITURBINE.NS,Triveni Turbine Limited,Q4 FY26,2026-03-31,6800000000.0,1280000000.0,1020000000.0,3.21,0.0897435897435897,0.2639405204460966,0.108695652173913,0.0736842105263157,DECLARED,2026-05-21T12:49:26.398062+00:00,202604.0,announced_with_numbers,2026-05-21,2026-05-21T19:12:07.866767,0.007466204765427288,5380000000.0,950000000.0,1200000000.0,6240000000.0,920000000.0,1330000000.0,26.394052044609666,7.368421052631578,6.666666666666667,8.974358974358974,10.869565217391305,-3.7593984962406015,50770192.40490556,40168181.63799881,46589117.73626628,7615528.860735834,7092894.527155924,6868908.384193105,9556742.09974693,8959445.718512746,9930052.338018293,NIFTY SMALLCAP 100
URBANCO.NS,Urban Company Limited,Q4 FY26,2026-03-31,4260000000.0,-1200000000.0,-1610000000.0,-1.05,0.1122715404699739,0.4295302013422818,-6.666666666666667,-52.66666666666666,DECLARED,2026-05-21T12:49:58.357347+00:00,202604.0,announced_with_numbers,2026-05-21,2026-05-21T19:12:07.866767,0.003756749378123235,2980000000.0,-30000000.0,-190000000.0,3830000000.0,-210000000.0,-420000000.0,42.95302013422819,,,11.22715404699739,,,16003752.350804983,11195113.14680724,14388350.11821199,-6048366.498778408,-112702.48134369706,-788917.3694058794,-4508099.253747882,-713782.3818434147,-1577834.7388117588,NIFTY SMALLCAP 100
WHIRLPOOL.NS,Whirlpool of India Limited,Q4 FY26,2026-03-31,21810000000.0,1210000000.0,800000000.0,6.32,0.2294250281848929,0.0877805486284289,1.962962962962963,-0.3277310924369748,DECLARED,2026-05-21T12:50:46.760659+00:00,202604.0,announced_with_numbers,2026-05-21,2026-05-21T19:12:07.866767,0.0059664603274346695,20050000000.0,1190000000.0,1830000000.0,17740000000.0,270000000.0,910000000.0,8.778054862842893,-32.773109243697476,-33.87978142076503,22.94250281848929,196.2962962962963,32.967032967032964,130128499.74135014,119627529.56506512,105845006.20869103,4773168.261947735,7100087.789647257,1610944.2884073607,7219416.99619595,10918622.399205444,5429478.8979655495,NIFTY SMALLCAP 100
WOCKPHARMA.NS,Wockhardt Limited,Q4 FY26,2026-03-31,9650000000.0,2250000000.0,1640000000.0,10.22,0.0867117117117117,0.2987886944818304,1.6885245901639343,9999.0,DECLARED,2026-05-18T17:57:56.399174+00:00,202604.0,announced_with_numbers,2026-05-21,2026-05-21T19:12:07.866767,0.012067799222480163,7430000000.0,-450000000.0,640000000.0,8880000000.0,610000000.0,1770000000.0,29.878869448183043,,251.5625,8.67117117117117,168.85245901639345,27.11864406779661,116454262.49693358,89663748.22302762,107162057.09562385,19791190.724867467,-5430509.650116074,7361357.5257129,27152548.250580367,7723391.502387305,21360004.623789888,NIFTY SMALLCAP 100
ZENSARTECH.NS,Zensar Technologies Limited,Q4 FY26,2026-03-31,14500000000.0,2360000000.0,2110000000.0,9.26,0.0132774283717679,0.0669610007358351,0.055,0.1988636363636363,DECLARED,2026-05-08T17:10:15.139282+00:00,202604.0,announced_with_numbers,2026-05-21,2026-05-21T19:12:07.866767,0.005158578946516285,13590000000.0,1760000000.0,2120000000.0,14310000000.0,2000000000.0,2500000000.0,6.696100073583517,19.886363636363637,11.320754716981133,1.3277428371767994,5.5,-5.6000000000000005,74799394.72448613,70105087.88315631,73819264.72464804,10884601.577149361,9079098.945868662,10317157.89303257,12174246.313778432,10936187.366614524,12896447.366290713,NIFTY SMALLCAP 100
