symbol,date,eps,sales,net_profit,op_profit
20MICRONS,2022-12-31,2.09,155.0,7.0,17.0
20MICRONS,2023-03-31,2.64,173.0,9.0,21.0
20MICRONS,2023-06-30,4.23,191.0,15.0,26.0
20MICRONS,2023-09-30,4.54,200.0,16.0,30.0
20MICRONS,2023-12-31,3.25,175.0,12.0,22.0
20MICRONS,2024-03-31,3.87,212.0,14.0,27.0
20MICRONS,2024-06-30,5.06,231.0,18.0,30.0
20MICRONS,2024-09-30,4.65,240.0,16.0,31.0
20MICRONS,2024-12-31,3.65,215.0,13.0,26.0
20MICRONS,2025-03-31,4.31,227.0,15.0,29.0
20MICRONS,2025-06-30,4.78,247.0,17.0,32.0
20MICRONS,2025-09-30,4.93,231.0,17.0,32.0
20MICRONS,2025-12-31,4.24,215.0,15.0,28.0
21STCENMGM,2022-12-31,-3.87,-3.6,-4.06,-4.08
21STCENMGM,2023-03-31,-7.47,-0.35,-7.84,-7.71
21STCENMGM,2023-06-30,-2.64,1.01,-2.77,-2.76
21STCENMGM,2023-09-30,2.19,2.79,2.3,2.31
21STCENMGM,2023-12-31,15.27,16.58,16.03,16.03
21STCENMGM,2024-03-31,15.83,18.18,16.62,17.38
21STCENMGM,2024-06-30,23.29,108.58,24.45,27.05
21STCENMGM,2024-09-30,2.3,14.01,2.41,4.14
21STCENMGM,2024-12-31,-3.1,-2.18,-3.26,-2.76
21STCENMGM,2025-03-31,-10.3,-7.53,-10.81,-8.95
21STCENMGM,2025-06-30,2.2,3.33,2.31,2.31
21STCENMGM,2025-09-30,-7.51,-7.21,-7.89,-7.88
21STCENMGM,2025-12-31,-5.34,-3.37,-5.61,-5.6
360ONE,2023-03-31,4.37,482.0,155.0,272.0
360ONE,2023-06-30,5.15,573.0,184.0,353.0
360ONE,2023-09-30,5.2,550.0,186.0,313.0
360ONE,2023-12-31,5.36,630.0,192.0,375.0
360ONE,2024-03-31,6.76,791.0,243.0,286.0
360ONE,2024-06-30,6.72,849.0,244.0,577.0
360ONE,2024-09-30,6.73,865.0,245.0,541.0
360ONE,2024-12-31,7.12,780.0,276.0,444.0
360ONE,2025-03-31,6.35,821.0,250.0,461.0
360ONE,2025-06-30,7.04,911.0,285.0,566.0
360ONE,2025-09-30,7.79,1098.0,315.0,697.0
360ONE,2025-12-31,8.08,1181.0,327.0,725.0
360ONE,2026-03-31,7.11,1115.0,289.0,663.0
3BBLACKBIO,2022-12-31,8.96,15.0,8.0,7.0
3BBLACKBIO,2023-03-31,7.72,18.0,5.0,7.0
3BBLACKBIO,2023-06-30,9.71,14.0,7.0,6.0
3BBLACKBIO,2023-09-30,10.46,19.0,8.0,8.0
3BBLACKBIO,2023-12-31,10.16,18.0,9.0,9.0
3BBLACKBIO,2024-03-31,10.33,23.0,9.0,10.0
3BBLACKBIO,2024-06-30,12.97,19.0,11.0,11.0
3BBLACKBIO,2024-09-30,17.07,29.0,15.0,16.0
3BBLACKBIO,2024-12-31,15.61,25.0,13.0,15.0
3BBLACKBIO,2025-03-31,9.79,22.0,8.0,8.0
3BBLACKBIO,2025-06-30,14.67,22.0,13.0,12.0
3BBLACKBIO,2025-09-30,17.14,34.0,15.0,15.0
3BBLACKBIO,2025-12-31,25.32,50.0,22.0,22.0
3IINFOLTD,2022-12-31,0.63,182.3,13.05,13.47
3IINFOLTD,2023-03-31,-1.32,190.46,-27.27,-17.0
3IINFOLTD,2023-06-30,-0.76,194.38,-15.59,-3.5
3IINFOLTD,2023-09-30,-7.48,210.28,-154.16,34.78
3IINFOLTD,2023-12-31,-1.43,212.18,-29.45,-8.82
3IINFOLTD,2024-03-31,-4.83,197.04,-99.93,-37.87
3IINFOLTD,2024-06-30,-0.43,179.75,-8.82,-1.02
3IINFOLTD,2024-09-30,-0.48,177.6,-10.0,0.77
3IINFOLTD,2024-12-31,0.83,181.41,17.26,23.12
3IINFOLTD,2025-03-31,1.3,187.0,26.9,8.35
3IINFOLTD,2025-06-30,0.37,170.55,7.55,-3.46
3IINFOLTD,2025-09-30,0.89,174.89,18.2,-5.29
3IINFOLTD,2025-12-31,0.1,172.14,2.09,0.38
3MINDIA,2021-06-30,26.72,744.0,30.0,48.0
3MINDIA,2021-09-30,57.01,840.0,64.0,92.0
3MINDIA,2021-12-31,59.24,826.0,67.0,95.0
3MINDIA,2022-03-31,98.46,926.0,111.0,158.0
3MINDIA,2022-06-30,74.8,944.0,84.0,116.0
3MINDIA,2022-09-30,94.3,977.0,106.0,123.0
3MINDIA,2022-12-31,110.79,993.0,125.0,171.0
3MINDIA,2023-03-31,120.48,1046.0,136.0,194.0
3MINDIA,2023-06-30,114.7,1050.0,129.0,173.0
3MINDIA,2023-09-30,129.7,1040.0,146.0,192.0
3MINDIA,2023-12-31,120.05,1006.0,135.0,179.0
3MINDIA,2024-03-31,153.44,1095.0,173.0,214.0
3MINDIA,2024-06-30,139.5,1047.0,157.0,205.0
3PLAND,2022-12-31,0.16,0.48,0.28,0.39
3PLAND,2023-03-31,0.15,0.47,0.27,0.38
3PLAND,2023-06-30,0.14,0.47,0.26,0.37
3PLAND,2023-09-30,0.44,1.31,0.8,1.09
3PLAND,2023-12-31,0.22,0.89,0.39,0.54
3PLAND,2024-03-31,0.2,0.89,0.36,0.5
3PLAND,2024-06-30,0.21,0.89,0.38,0.52
3PLAND,2024-09-30,0.53,1.74,0.95,1.29
3PLAND,2024-12-31,0.21,0.93,0.38,0.53
3PLAND,2025-03-31,0.21,0.91,0.37,0.45
3PLAND,2025-06-30,0.21,0.91,0.37,0.5
3PLAND,2025-09-30,0.55,1.78,0.99,1.35
3PLAND,2025-12-31,0.22,0.97,0.4,0.55
5PAISA,2023-03-31,3.13,91.0,14.0,25.0
5PAISA,2023-06-30,3.16,85.0,15.0,26.0
5PAISA,2023-09-30,4.13,97.0,19.0,34.0
5PAISA,2023-12-31,3.23,100.0,15.0,30.0
5PAISA,2024-03-31,1.24,113.0,6.0,21.0
5PAISA,2024-06-30,4.29,102.0,20.0,37.0
5PAISA,2024-09-30,4.68,101.0,22.0,38.0
5PAISA,2024-12-31,3.46,85.0,16.0,30.0
5PAISA,2025-03-31,2.15,71.0,10.0,21.0
5PAISA,2025-06-30,2.46,78.0,12.0,25.0
5PAISA,2025-09-30,2.02,77.0,9.0,23.0
5PAISA,2025-12-31,2.62,79.0,12.0,27.0
5PAISA,2026-03-31,2.32,85.0,11.0,26.0
63MOONS,2022-12-31,4.77,93.0,20.0,15.0
63MOONS,2023-03-31,-5.16,112.0,-26.0,28.0
63MOONS,2023-06-30,8.54,115.0,37.0,26.0
63MOONS,2023-09-30,17.88,159.0,79.0,68.0
63MOONS,2023-12-31,20.12,135.0,89.0,63.0
63MOONS,2024-03-31,1.74,10.0,4.0,-68.0
63MOONS,2024-06-30,-1.86,12.0,-11.0,-55.0
63MOONS,2024-09-30,-4.1,10.0,-24.0,-60.0
63MOONS,2024-12-31,-3.62,12.0,-23.0,-61.0
63MOONS,2025-03-31,2.39,14.0,11.0,-62.0
63MOONS,2025-06-30,0.67,30.0,-3.0,-55.0
63MOONS,2025-09-30,-6.13,21.0,-45.0,-87.0
63MOONS,2025-12-31,-4.29,27.0,-32.0,-64.0
AADHARHFC,2023-03-31,3.56,,141.0,
AADHARHFC,2023-06-30,3.71,,146.0,
AADHARHFC,2023-09-30,5.0,,197.0,
AADHARHFC,2023-12-31,5.17,,204.0,
AADHARHFC,2024-03-31,5.11,,202.0,
AADHARHFC,2024-06-30,4.69,,200.0,
AADHARHFC,2024-09-30,5.29,,228.0,
AADHARHFC,2024-12-31,5.56,,239.0,
AADHARHFC,2025-03-31,5.68,,245.0,
AADHARHFC,2025-06-30,5.49,,237.0,
AADHARHFC,2025-09-30,6.15,,266.0,
AADHARHFC,2025-12-31,6.48,,281.0,
AARTECH,2022-12-31,0.3,3.9,0.95,0.49
AARTECH,2023-03-31,-0.1,2.83,-0.31,-0.43
AARTECH,2023-06-30,0.23,6.38,0.73,0.37
AARTECH,2023-09-30,0.14,9.05,0.45,0.06
AARTECH,2023-12-31,0.19,7.34,0.59,-0.47
AARTECH,2024-03-31,-0.13,9.98,-0.38,0.52
AARTECH,2024-06-30,0.33,6.61,1.04,-0.31
AARTECH,2024-09-30,0.48,9.41,1.51,1.0
AARTECH,2024-12-31,0.58,9.78,1.84,1.09
AARTECH,2025-03-31,-0.53,10.55,-1.63,-1.98
AARTECH,2025-06-30,0.3,4.34,0.63,-0.09
AARTECH,2025-09-30,0.68,11.7,2.15,2.39
AARTECH,2025-12-31,0.19,7.38,0.62,3.56
AARTIDRUGS,2022-12-31,3.96,664.0,37.0,71.0
AARTIDRUGS,2023-03-31,6.06,742.0,56.0,94.0
AARTIDRUGS,2023-06-30,5.17,661.0,48.0,84.0
AARTIDRUGS,2023-09-30,4.31,642.0,40.0,76.0
AARTIDRUGS,2023-12-31,3.99,606.0,37.0,70.0
AARTIDRUGS,2024-03-31,5.15,620.0,47.0,86.0
AARTIDRUGS,2024-06-30,3.62,555.0,33.0,65.0
AARTIDRUGS,2024-09-30,3.84,598.0,35.0,67.0
AARTIDRUGS,2024-12-31,4.06,557.0,37.0,62.0
AARTIDRUGS,2025-03-31,6.89,677.0,63.0,93.0
AARTIDRUGS,2025-06-30,5.91,591.0,54.0,74.0
AARTIDRUGS,2025-09-30,4.96,653.0,45.0,84.0
AARTIDRUGS,2025-12-31,4.44,602.0,41.0,55.0
AARTIIND,2022-12-31,3.77,1668.0,137.0,289.0
AARTIIND,2023-03-31,4.11,1656.0,149.0,253.0
AARTIIND,2023-06-30,1.93,1414.0,70.0,200.0
AARTIIND,2023-09-30,2.51,1454.0,91.0,233.0
AARTIIND,2023-12-31,3.42,1732.0,124.0,259.0
AARTIIND,2024-03-31,3.64,1773.0,132.0,284.0
AARTIIND,2024-06-30,3.78,1851.0,137.0,305.0
AARTIIND,2024-09-30,1.43,1628.0,52.0,197.0
AARTIIND,2024-12-31,1.27,1843.0,46.0,231.0
AARTIIND,2025-03-31,2.65,1949.0,96.0,262.0
AARTIIND,2025-06-30,1.19,1675.0,43.0,212.0
AARTIIND,2025-09-30,2.92,2100.0,106.0,291.0
AARTIIND,2025-12-31,3.67,2318.0,133.0,321.0
AARTIPHARM,2022-12-31,5.26,472.0,48.0,86.0
AARTIPHARM,2023-03-31,4.73,485.0,43.0,80.0
AARTIPHARM,2023-06-30,5.2,458.0,47.0,85.0
AARTIPHARM,2023-09-30,5.72,440.0,52.0,88.0
AARTIPHARM,2023-12-31,5.82,449.0,53.0,96.0
AARTIPHARM,2024-03-31,7.2,506.0,65.0,118.0
AARTIPHARM,2024-06-30,6.12,555.0,55.0,96.0
AARTIPHARM,2024-09-30,6.03,458.0,55.0,94.0
AARTIPHARM,2024-12-31,8.16,538.0,74.0,129.0
AARTIPHARM,2025-03-31,9.75,564.0,88.0,146.0
AARTIPHARM,2025-06-30,5.46,386.0,50.0,93.0
AARTIPHARM,2025-09-30,3.08,418.0,28.0,74.0
AARTIPHARM,2025-12-31,5.29,432.0,48.0,102.0
AARTISURF,2022-12-31,4.68,133.55,3.98,13.57
AARTISURF,2023-03-31,5.52,157.84,4.69,13.9
AARTISURF,2023-06-30,6.18,148.7,5.25,14.8
AARTISURF,2023-09-30,5.58,143.86,4.74,16.26
AARTISURF,2023-12-31,7.86,138.75,6.68,16.73
AARTISURF,2024-03-31,5.5,158.55,4.65,14.34
AARTISURF,2024-06-30,2.62,143.41,2.22,9.62
AARTISURF,2024-09-30,2.14,150.84,1.81,3.72
AARTISURF,2024-12-31,0.95,162.78,0.8,8.89
AARTISURF,2025-03-31,11.49,202.05,9.72,19.69
AARTISURF,2025-06-30,3.48,215.9,2.94,11.63
AARTISURF,2025-09-30,1.84,179.17,1.56,9.34
AARTISURF,2025-12-31,4.32,207.79,3.66,12.69
AARVI,2022-12-31,1.79,110.94,2.65,3.59
AARVI,2023-03-31,2.33,106.3,3.45,4.63
AARVI,2023-06-30,2.25,100.87,3.32,4.14
AARVI,2023-09-30,1.77,102.29,2.61,3.18
AARVI,2023-12-31,1.61,99.88,2.38,2.22
AARVI,2024-03-31,2.06,103.11,3.04,2.97
AARVI,2024-06-30,1.77,113.33,2.61,3.31
AARVI,2024-09-30,1.43,120.96,2.11,2.0
AARVI,2024-12-31,1.6,131.64,2.37,3.64
AARVI,2025-03-31,1.99,144.45,2.95,4.45
AARVI,2025-06-30,2.85,151.3,4.22,4.93
AARVI,2025-09-30,3.24,158.85,4.8,5.58
AARVI,2025-12-31,2.71,167.45,4.01,5.36
AAVAS,2021-03-31,11.14,,87.0,
AAVAS,2021-06-30,7.52,,59.0,
AAVAS,2021-09-30,11.65,,92.0,
AAVAS,2021-12-31,11.25,,89.0,
AAVAS,2022-03-31,14.63,,115.0,
AAVAS,2022-06-30,11.28,,89.0,
AAVAS,2022-09-30,13.49,,107.0,
AAVAS,2022-12-31,13.55,,107.0,
AAVAS,2023-03-31,16.04,,127.0,
AAVAS,2023-06-30,13.89,,110.0,
AAVAS,2023-09-30,15.38,,122.0,
AAVAS,2023-12-31,14.75,,117.0,
AAVAS,2024-03-31,18.0,,142.0,
ABANSENT,2022-12-31,0.55,445.15,4.01,6.42
ABANSENT,2023-03-31,0.19,343.21,1.44,2.55
ABANSENT,2023-06-30,0.48,279.88,3.59,6.59
ABANSENT,2023-09-30,0.32,437.41,2.32,4.42
ABANSENT,2023-12-31,0.73,488.56,5.37,12.71
ABANSENT,2024-03-31,-0.19,565.61,-1.52,7.72
ABANSENT,2024-06-30,0.64,257.22,4.44,6.96
ABANSENT,2024-09-30,0.74,905.72,5.16,19.69
ABANSENT,2024-12-31,0.71,712.94,4.97,5.51
ABANSENT,2025-03-31,0.61,1973.88,4.28,-8.82
ABANSENT,2025-06-30,0.67,1356.72,4.68,14.02
ABANSENT,2025-09-30,0.7,2562.51,4.87,3.52
ABANSENT,2025-12-31,0.34,3456.52,2.36,-20.3
ABB,2011-12-31,3.03,2203.0,64.0,108.0
ABB,2019-03-31,5.48,1850.0,116.0,146.0
ABB,2019-06-30,6.15,1726.0,130.0,124.0
ABB,2019-09-30,6.38,1746.0,135.0,123.0
ABB,2022-03-31,3.76,1975.0,80.0,188.0
ABB,2022-06-30,6.87,2098.0,146.0,200.0
ABB,2024-09-30,20.79,2912.0,440.0,540.0
ABB,2024-12-31,24.94,3365.0,528.0,657.0
ABB,2025-06-30,16.6,3175.0,352.0,414.0
ABB,2025-09-30,19.3,3311.0,409.0,500.0
ABB,2025-12-31,20.43,3557.0,433.0,546.0
ABCAPITAL,2022-12-31,13.53,,3285.0,
ABCAPITAL,2023-03-31,2.52,,636.0,
ABCAPITAL,2023-06-30,2.5,,666.0,
ABCAPITAL,2023-09-30,2.71,,725.0,
ABCAPITAL,2023-12-31,2.83,,760.0,
ABCAPITAL,2024-03-31,4.79,,1288.0,
ABCAPITAL,2024-06-30,2.92,,779.0,
ABCAPITAL,2024-09-30,3.84,,1021.0,
ABCAPITAL,2024-12-31,2.72,,724.0,
ABCAPITAL,2025-03-31,3.32,,886.0,
ABCAPITAL,2025-06-30,3.2,,851.0,
ABCAPITAL,2025-09-30,3.27,,882.0,
ABCAPITAL,2025-12-31,3.61,,966.0,
ABCOTS,2023-12-31,2.75,68.53,2.83,8.25
ABCOTS,2024-03-31,1.84,76.22,1.89,6.88
ABCOTS,2024-06-30,2.21,72.51,2.27,7.55
ABCOTS,2024-09-30,1.71,81.36,1.76,6.32
ABCOTS,2024-12-31,3.95,59.24,4.07,8.88
ABCOTS,2025-03-31,1.29,85.07,2.11,7.39
ABCOTS,2025-06-30,1.9,66.69,4.18,9.98
ABCOTS,2025-09-30,1.65,50.74,3.62,11.26
ABCOTS,2025-12-31,1.49,77.23,3.27,9.43
ABDL,2023-03-31,-0.05,771.0,-1.0,50.0
ABDL,2023-06-30,-0.11,814.0,-3.0,52.0
ABDL,2023-09-30,0.46,851.0,11.0,71.0
ABDL,2023-12-31,-0.18,895.0,-4.0,59.0
ABDL,2024-03-31,-0.1,768.0,-2.0,60.0
ABDL,2024-06-30,0.4,758.0,11.0,74.0
ABDL,2024-09-30,1.7,868.0,48.0,103.0
ABDL,2024-12-31,2.05,974.0,57.0,117.0
ABDL,2025-03-31,2.81,921.0,79.0,136.0
ABDL,2025-06-30,2.02,923.0,56.0,112.0
ABDL,2025-09-30,2.3,990.0,63.0,125.0
ABDL,2025-12-31,2.38,1003.0,64.0,136.0
ABFRL,2022-12-31,0.17,3589.0,11.0,436.0
ABFRL,2023-03-31,-1.97,2880.0,-195.0,193.0
ABFRL,2023-06-30,-1.49,3196.0,-162.0,292.0
ABFRL,2023-09-30,-1.89,3226.0,-200.0,323.0
ABFRL,2023-12-31,-0.82,4167.0,-108.0,553.0
ABFRL,2024-03-31,-2.26,1575.0,-266.0,35.0
ABFRL,2024-06-30,-1.59,1674.0,-215.0,89.0
ABFRL,2024-09-30,-1.36,1761.0,-175.0,77.0
ABFRL,2024-12-31,-0.48,2201.0,-42.0,293.0
ABFRL,2025-03-31,-0.14,1719.0,-24.0,199.0
ABFRL,2025-06-30,-1.74,1831.0,-234.0,106.0
ABFRL,2025-09-30,-2.16,1982.0,-295.0,62.0
ABFRL,2025-12-31,-1.25,2374.0,-137.0,302.0
ABLBL,2024-06-30,,1784.0,23.0,279.0
ABLBL,2024-09-30,,1965.0,-59.0,281.0
ABLBL,2024-12-31,,2138.0,60.0,333.0
ABLBL,2025-03-31,,1942.0,29.0,309.0
ABLBL,2025-06-30,0.2,1841.0,24.0,263.0
ABLBL,2025-09-30,0.19,2038.0,23.0,317.0
ABLBL,2025-12-31,0.57,2343.0,69.0,412.0
ABMKNO,2022-12-31,1.72,21.64,4.38,4.78
ABMKNO,2023-03-31,1.6,19.16,3.42,2.91
ABMKNO,2023-06-30,1.56,20.54,3.39,3.52
ABMKNO,2023-09-30,1.74,23.19,3.86,4.35
ABMKNO,2023-12-31,1.26,20.87,2.35,2.33
ABMKNO,2024-03-31,2.66,26.55,5.73,6.89
ABMKNO,2024-06-30,1.68,21.63,3.35,3.33
ABMKNO,2024-09-30,1.9,22.42,4.4,4.37
ABMKNO,2024-12-31,1.75,28.24,6.11,7.39
ABMKNO,2025-03-31,1.85,24.38,3.24,2.82
ABMKNO,2025-06-30,1.86,25.11,4.89,4.79
ABMKNO,2025-09-30,1.01,22.08,1.4,2.39
ABMKNO,2025-12-31,0.96,30.74,3.14,4.26
ABREL,2022-12-31,0.78,1169.0,7.0,87.0
ABREL,2023-03-31,13.01,982.0,142.0,147.0
ABREL,2023-06-30,-0.53,894.0,-7.0,136.0
ABREL,2023-09-30,-2.73,863.0,-33.0,49.0
ABREL,2023-12-31,7.46,1070.0,80.0,191.0
ABREL,2024-03-31,0.34,814.0,21.0,199.0
ABREL,2024-06-30,0.7,353.0,17.0,38.0
ABREL,2024-09-30,0.23,266.0,3.0,27.0
ABREL,2024-12-31,-3.63,204.0,-42.0,-18.0
ABREL,2025-03-31,-11.73,395.0,-135.0,-31.0
ABREL,2025-06-30,-2.28,146.0,-27.0,-42.0
ABREL,2025-09-30,-1.41,98.0,-18.0,-74.0
ABREL,2025-12-31,-6.52,81.0,-75.0,-91.0
ABSLAMC,2023-03-31,4.71,297.0,136.0,158.0
ABSLAMC,2023-06-30,6.41,311.0,185.0,170.0
ABSLAMC,2023-09-30,6.18,335.0,178.0,192.0
ABSLAMC,2023-12-31,7.27,341.0,209.0,194.0
ABSLAMC,2024-03-31,7.23,366.0,208.0,205.0
ABSLAMC,2024-06-30,8.18,387.0,236.0,220.0
ABSLAMC,2024-09-30,8.41,424.0,242.0,250.0
ABSLAMC,2024-12-31,7.78,445.0,224.0,274.0
ABSLAMC,2025-03-31,7.91,429.0,228.0,244.0
ABSLAMC,2025-06-30,9.6,447.0,277.0,266.0
ABSLAMC,2025-09-30,8.36,461.0,241.0,283.0
ABSLAMC,2025-12-31,9.33,478.0,270.0,290.0
ABSLAMC,2026-03-31,6.48,458.0,187.0,266.0
ACC,2023-03-31,12.55,4791.0,236.0,469.0
ACC,2023-06-30,24.82,5201.0,466.0,771.0
ACC,2023-09-30,20.65,4435.0,388.0,549.0
ACC,2023-12-31,28.63,4914.0,538.0,905.0
ACC,2024-03-31,50.23,5409.0,943.0,837.0
ACC,2024-06-30,19.15,5199.0,360.0,679.0
ACC,2024-09-30,10.63,4634.0,200.0,436.0
ACC,2024-12-31,58.14,5972.0,1092.0,1116.0
ACC,2025-03-31,39.99,6115.0,751.0,830.0
ACC,2025-06-30,19.99,6087.0,375.0,778.0
ACC,2025-09-30,59.6,6005.0,1119.0,846.0
ACC,2025-12-31,21.52,6483.0,404.0,700.0
ACC,2026-03-31,12.69,7146.0,238.0,626.0
ACCELYA,2023-03-31,24.31,119.0,36.0,45.0
ACCELYA,2023-06-30,21.51,122.0,32.0,49.0
ACCELYA,2023-09-30,21.12,127.0,32.0,48.0
ACCELYA,2023-12-31,20.72,125.0,31.0,45.0
ACCELYA,2024-03-31,0.13,131.0,0.0,50.0
ACCELYA,2024-06-30,20.9,128.0,31.0,48.0
ACCELYA,2024-09-30,21.75,127.0,32.0,49.0
ACCELYA,2024-12-31,21.68,133.0,32.0,48.0
ACCELYA,2025-03-31,20.27,137.0,30.0,46.0
ACCELYA,2025-06-30,22.75,132.0,34.0,51.0
ACCELYA,2025-09-30,19.84,136.0,30.0,48.0
ACCELYA,2025-12-31,9.34,133.0,14.0,45.0
ACCELYA,2026-03-31,14.32,136.0,21.0,34.0
ACE,2022-12-31,3.9,556.0,47.0,62.0
ACE,2023-03-31,4.0,614.0,47.0,73.0
ACE,2023-06-30,5.67,652.0,68.0,82.0
ACE,2023-09-30,6.21,673.0,74.0,89.0
ACE,2023-12-31,7.41,753.0,88.0,103.0
ACE,2024-03-31,8.27,836.0,98.0,130.0
ACE,2024-06-30,7.07,734.0,84.0,99.0
ACE,2024-09-30,7.96,757.0,95.0,109.0
ACE,2024-12-31,9.38,875.0,112.0,135.0
ACE,2025-03-31,9.96,961.0,119.0,164.0
ACE,2025-06-30,8.21,652.0,98.0,93.0
ACE,2025-09-30,7.56,744.0,90.0,109.0
ACE,2025-12-31,9.78,855.0,116.0,130.0
ACEINTEG,2022-09-30,0.39,2.47,0.4,0.43
ACEINTEG,2022-12-31,0.05,1.25,0.05,0.09
ACEINTEG,2023-03-31,0.24,2.21,0.24,0.38
ACEINTEG,2023-06-30,0.03,1.57,0.03,-0.07
ACEINTEG,2023-09-30,-0.19,1.88,-0.19,-0.22
ACEINTEG,2023-12-31,-0.16,2.37,-0.16,-0.14
ACEINTEG,2024-03-31,0.73,3.32,0.74,0.53
ACEINTEG,2024-06-30,0.05,2.52,0.05,0.04
ACEINTEG,2024-09-30,-0.01,3.16,-0.01,-0.05
ACEINTEG,2024-12-31,-0.21,1.43,-0.21,-0.29
ACEINTEG,2025-03-31,-1.35,1.44,-1.38,-2.1
ACI,2022-12-31,7.97,365.0,98.0,160.0
ACI,2023-03-31,11.09,382.0,137.0,194.0
ACI,2023-06-30,7.63,343.0,94.0,135.0
ACI,2023-09-30,5.36,290.0,66.0,95.0
ACI,2023-12-31,8.23,413.0,102.0,145.0
ACI,2024-03-31,4.67,284.0,58.0,87.0
ACI,2024-06-30,3.64,213.0,45.0,71.0
ACI,2024-09-30,1.28,240.0,16.0,75.0
ACI,2024-12-31,3.89,242.0,48.0,80.0
ACI,2025-03-31,4.34,346.0,54.0,88.0
ACI,2025-06-30,3.26,292.0,40.0,78.0
ACI,2025-09-30,2.36,233.0,29.0,63.0
ACI,2025-12-31,1.91,255.0,24.0,54.0
ACMESOLAR,2023-06-30,7.88,369.0,82.0,322.0
ACMESOLAR,2023-09-30,3.7,323.0,39.0,290.0
ACMESOLAR,2023-12-31,4.26,332.0,44.0,277.0
ACMESOLAR,2024-03-31,50.97,295.0,532.0,201.0
ACMESOLAR,2024-06-30,0.03,310.0,1.0,272.0
ACMESOLAR,2024-09-30,0.29,260.0,15.0,221.0
ACMESOLAR,2024-12-31,1.85,349.0,112.0,307.0
ACMESOLAR,2025-03-31,2.04,487.0,122.0,436.0
ACMESOLAR,2025-06-30,2.16,511.0,131.0,458.0
ACMESOLAR,2025-09-30,1.9,468.0,115.0,400.0
ACMESOLAR,2025-12-31,1.88,497.0,114.0,444.0
ACSTECH,2022-12-31,0.01,3.49,0.1,0.79
ACSTECH,2023-03-31,0.22,53.42,2.24,2.97
ACSTECH,2023-06-30,0.05,11.23,0.5,1.43
ACSTECH,2023-09-30,0.01,17.06,0.16,2.25
ACSTECH,2023-12-31,0.13,24.93,1.29,2.92
ACSTECH,2024-03-31,0.38,28.77,2.32,4.16
ACSTECH,2024-06-30,0.13,16.42,0.78,2.34
ACSTECH,2024-09-30,0.25,33.16,1.55,3.01
ACSTECH,2024-12-31,0.09,36.09,0.64,2.77
ACSTECH,2025-03-31,0.31,40.92,1.86,2.13
ACSTECH,2025-06-30,0.12,27.63,0.82,2.49
ACSTECH,2025-09-30,0.36,48.25,2.37,5.22
ACSTECH,2025-12-31,0.47,67.14,3.09,7.32
ACUTAAS,2023-03-31,3.73,186.0,27.0,41.0
ACUTAAS,2023-06-30,2.71,154.0,22.0,34.0
ACUTAAS,2023-09-30,-2.55,172.0,-17.0,25.0
ACUTAAS,2023-12-31,2.27,166.0,18.0,27.0
ACUTAAS,2024-03-31,3.41,225.0,26.0,43.0
ACUTAAS,2024-06-30,1.71,177.0,15.0,30.0
ACUTAAS,2024-09-30,4.56,247.0,38.0,49.0
ACUTAAS,2024-12-31,5.49,275.0,45.0,69.0
ACUTAAS,2025-03-31,7.63,308.0,63.0,85.0
ACUTAAS,2025-06-30,5.41,207.0,44.0,51.0
ACUTAAS,2025-09-30,8.82,306.0,72.0,95.0
ACUTAAS,2025-12-31,13.19,393.0,106.0,151.0
ACUTAAS,2026-03-31,16.09,433.0,134.0,184.0
ADANIENSOL,2023-03-31,3.49,3358.0,440.0,1203.0
ADANIENSOL,2023-06-30,1.57,3664.0,182.0,1269.0
ADANIENSOL,2023-09-30,2.47,3674.0,284.0,1350.0
ADANIENSOL,2023-12-31,2.91,4563.0,348.0,1471.0
ADANIENSOL,2024-03-31,3.24,4707.0,381.0,1566.0
ADANIENSOL,2024-06-30,-7.39,5379.0,-1191.0,1651.0
ADANIENSOL,2024-09-30,5.62,6184.0,773.0,1715.0
ADANIENSOL,2024-12-31,4.68,5830.0,625.0,1661.0
ADANIENSOL,2025-03-31,5.39,6375.0,714.0,2040.0
ADANIENSOL,2025-06-30,4.27,6819.0,539.0,1811.0
ADANIENSOL,2025-09-30,4.44,6596.0,557.0,1955.0
ADANIENSOL,2025-12-31,4.6,6730.0,574.0,1995.0
ADANIENSOL,2026-03-31,5.69,7443.0,723.0,2145.0
ADANIENT,2023-03-31,5.66,28944.0,781.0,3607.0
ADANIENT,2023-06-30,5.28,22644.0,677.0,2525.0
ADANIENT,2023-09-30,1.78,19546.0,333.0,2430.0
ADANIENT,2023-12-31,14.79,25050.0,1973.0,3226.0
ADANIENT,2024-03-31,3.53,29180.0,352.0,3195.0
ADANIENT,2024-06-30,11.39,25472.0,1772.0,3706.0
ADANIENT,2024-09-30,13.64,22608.0,1989.0,3766.0
ADANIENT,2024-12-31,0.45,22848.0,229.0,3070.0
ADANIENT,2025-03-31,29.74,26966.0,4015.0,3710.0
ADANIENT,2025-06-30,5.68,21961.0,976.0,3310.0
ADANIENT,2025-09-30,24.74,21249.0,3414.0,3307.0
ADANIENT,2025-12-31,43.53,24820.0,5727.0,3642.0
ADANIENT,2026-03-31,-1.71,32439.0,-167.0,3731.0
ADANIGREEN,2023-03-31,3.21,2598.0,507.0,2264.0
ADANIGREEN,2023-06-30,2.03,2162.0,323.0,2081.0
ADANIGREEN,2023-09-30,2.35,2220.0,371.0,1699.0
ADANIGREEN,2023-12-31,1.62,2311.0,256.0,1666.0
ADANIGREEN,2024-03-31,0.95,2527.0,310.0,1834.0
ADANIGREEN,2024-06-30,2.82,2794.0,629.0,2379.0
ADANIGREEN,2024-09-30,1.74,3005.0,515.0,2217.0
ADANIGREEN,2024-12-31,3.11,2340.0,474.0,1880.0
ADANIGREEN,2025-03-31,1.45,3073.0,383.0,2402.0
ADANIGREEN,2025-06-30,4.39,3800.0,824.0,3042.0
ADANIGREEN,2025-09-30,3.54,3008.0,644.0,2603.0
ADANIGREEN,2025-12-31,-0.25,2618.0,5.0,2241.0
ADANIGREEN,2026-03-31,2.41,3502.0,514.0,2882.0
ADANIPORTS,2023-03-31,5.36,5797.0,1139.0,3271.0
ADANIPORTS,2023-06-30,9.79,6248.0,2119.0,3689.0
ADANIPORTS,2023-09-30,8.09,6646.0,1762.0,3664.0
ADANIPORTS,2023-12-31,10.22,6920.0,2208.0,4196.0
ADANIPORTS,2024-03-31,9.44,6896.0,2015.0,4009.0
ADANIPORTS,2024-06-30,14.41,7560.0,3107.0,4739.0
ADANIPORTS,2024-09-30,11.32,7067.0,2413.0,4367.0
ADANIPORTS,2024-12-31,11.67,7964.0,2518.0,4802.0
ADANIPORTS,2025-03-31,13.95,8488.0,3023.0,5006.0
ADANIPORTS,2025-06-30,15.34,9126.0,3311.0,5495.0
ADANIPORTS,2025-09-30,14.39,9167.0,3120.0,5340.0
ADANIPORTS,2025-12-31,13.25,9705.0,3043.0,5786.0
ADANIPORTS,2026-03-31,14.45,10738.0,3308.0,6020.0
ADANIPOWER,2023-03-31,2.72,10242.0,5242.0,1907.0
ADANIPOWER,2023-06-30,4.54,11006.0,8759.0,3514.0
ADANIPOWER,2023-09-30,3.42,12991.0,6594.0,5171.0
ADANIPOWER,2023-12-31,1.42,12991.0,2738.0,4645.0
ADANIPOWER,2024-03-31,1.42,13364.0,2737.0,4850.0
ADANIPOWER,2024-06-30,2.03,14956.0,3913.0,6194.0
ADANIPOWER,2024-09-30,1.73,13339.0,3298.0,5276.0
ADANIPOWER,2024-12-31,1.59,13671.0,2940.0,5023.0
ADANIPOWER,2025-03-31,1.37,14237.0,2599.0,4813.0
ADANIPOWER,2025-06-30,1.76,14109.0,3305.0,5685.0
ADANIPOWER,2025-09-30,1.53,13457.0,2906.0,5150.0
ADANIPOWER,2025-12-31,1.29,12451.0,2488.0,4238.0
ADANIPOWER,2026-03-31,2.08,14223.0,4271.0,4732.0
ADFFOODS,2022-12-31,1.69,123.0,19.0,27.0
ADFFOODS,2023-03-31,1.49,123.0,16.0,26.0
ADFFOODS,2023-06-30,1.37,112.0,15.0,22.0
ADFFOODS,2023-09-30,1.37,125.0,15.0,22.0
ADFFOODS,2023-12-31,1.76,130.0,19.0,27.0
ADFFOODS,2024-03-31,2.35,154.0,25.0,34.0
ADFFOODS,2024-06-30,1.37,122.0,14.0,20.0
ADFFOODS,2024-09-30,1.79,161.0,20.0,28.0
ADFFOODS,2024-12-31,1.71,147.0,19.0,26.0
ADFFOODS,2025-03-31,1.5,159.0,16.0,25.0
ADFFOODS,2025-06-30,1.39,133.0,15.0,24.0
ADFFOODS,2025-09-30,2.4,163.0,26.0,36.0
ADFFOODS,2025-12-31,2.04,191.0,22.0,37.0
ADOR,2022-09-30,7.34,185.0,10.0,15.0
ADOR,2022-12-31,12.03,199.0,16.0,24.0
ADOR,2023-09-30,19.08,277.0,26.0,36.0
ADOR,2023-12-31,13.76,261.0,19.0,27.0
ADOR,2024-03-31,18.66,297.0,25.0,32.0
ADOR,2024-06-30,14.6,269.0,20.0,27.0
ADOR,2024-09-30,4.93,269.0,7.0,20.0
ADOR,2024-12-31,8.85,274.0,15.0,23.0
ADOR,2025-03-31,10.39,310.0,18.0,31.0
ADOR,2025-06-30,-2.27,252.0,-4.0,-4.0
ADOR,2025-09-30,14.37,281.0,25.0,35.0
ADOR,2025-12-31,15.35,288.0,27.0,44.0
ADOR,2026-03-31,19.65,319.0,34.0,47.0
ADROITINFO,2022-12-31,0.21,5.63,1.09,1.77
ADROITINFO,2023-03-31,-0.37,4.54,-1.86,-1.72
ADROITINFO,2023-06-30,0.08,5.92,0.43,0.86
ADROITINFO,2023-09-30,-0.13,4.14,-0.72,-0.79
ADROITINFO,2023-12-31,0.29,7.08,1.57,2.4
ADROITINFO,2024-03-31,0.34,7.71,1.83,2.21
ADROITINFO,2024-06-30,0.2,6.56,0.49,0.63
ADROITINFO,2024-09-30,0.18,7.07,0.45,0.83
ADROITINFO,2024-12-31,0.22,7.68,0.54,0.95
ADROITINFO,2025-03-31,-0.15,10.4,-0.79,-4.05
ADROITINFO,2025-06-30,0.16,9.83,0.84,1.34
ADROITINFO,2025-09-30,0.14,11.44,0.77,1.26
ADROITINFO,2025-12-31,0.28,14.33,1.52,2.07
ADSL,2022-12-31,3.53,174.0,19.0,30.0
ADSL,2023-03-31,-6.81,166.0,-37.0,19.0
ADSL,2023-06-30,1.56,169.0,9.0,18.0
ADSL,2023-09-30,2.08,170.0,11.0,21.0
ADSL,2023-12-31,2.12,171.0,12.0,21.0
ADSL,2024-03-31,2.55,177.0,14.0,24.0
ADSL,2024-06-30,1.88,179.0,10.0,19.0
ADSL,2024-09-30,2.08,203.0,12.0,19.0
ADSL,2024-12-31,3.15,221.0,18.0,25.0
ADSL,2025-03-31,-1.35,204.0,-8.0,-9.0
ADSL,2025-06-30,2.56,219.0,14.0,19.0
ADSL,2025-09-30,2.73,234.0,15.0,21.0
ADSL,2025-12-31,2.46,247.0,14.0,26.0
ADVAIT,2022-12-31,2.69,26.0,3.0,5.0
ADVAIT,2023-03-31,3.43,41.0,4.0,6.0
ADVAIT,2023-06-30,1.44,27.0,1.0,4.0
ADVAIT,2023-09-30,5.39,49.0,6.0,9.0
ADVAIT,2023-12-31,7.54,73.0,8.0,12.0
ADVAIT,2024-03-31,7.09,60.0,7.0,11.0
ADVAIT,2024-06-30,5.33,60.0,5.0,8.0
ADVAIT,2024-09-30,4.02,46.0,4.0,9.0
ADVAIT,2024-12-31,9.06,98.0,10.0,15.0
ADVAIT,2025-03-31,10.5,193.0,13.0,19.0
ADVAIT,2025-06-30,7.73,118.0,9.0,14.0
ADVAIT,2025-09-30,8.78,157.0,10.0,17.0
ADVAIT,2025-12-31,15.17,211.0,17.0,24.0
ADVANIHOTR,2006-03-31,0.43,19.15,4.41,7.55
ADVANIHOTR,2006-06-30,0.15,13.14,3.5,4.96
ADVANIHOTR,2006-09-30,-0.09,8.77,0.16,1.09
ADVANIHOTR,2006-12-31,0.38,20.62,5.19,9.25
ADVANIHOTR,2007-03-31,0.67,20.52,7.09,7.98
ADVANIHOTR,2007-06-30,0.25,16.01,3.61,5.18
ADVANIHOTR,2007-09-30,-0.06,12.8,0.7,2.69
ADVANIHOTR,2007-12-31,0.17,16.62,1.59,1.13
ADVANIHOTR,2008-03-31,0.9,25.96,9.18,11.46
ADVANIHOTR,2008-06-30,0.43,15.47,4.77,2.92
ADVANIHOTR,2008-09-30,-0.52,10.14,-4.52,-2.43
ADVANIHOTR,2008-12-31,0.19,12.24,1.27,-0.55
ADVANIHOTR,2009-03-31,0.22,13.6,0.99,1.2
ADVENTHTL,2024-09-30,-5290.0,76.0,-11.0,21.0
ADVENTHTL,2024-12-31,5175.0,110.0,11.0,35.0
ADVENTHTL,2025-06-30,16255.0,80.0,33.0,21.0
ADVENTHTL,2025-09-30,0.06,77.0,-1.0,11.0
ADVENTHTL,2025-12-31,5.28,115.0,30.0,49.0
ADVENZYMES,2022-12-31,2.63,142.0,28.0,42.0
ADVENZYMES,2023-03-31,2.87,139.0,32.0,44.0
ADVENZYMES,2023-06-30,2.58,147.0,29.0,44.0
ADVENZYMES,2023-09-30,3.08,158.0,35.0,51.0
ADVENZYMES,2023-12-31,3.74,161.0,42.0,54.0
ADVENZYMES,2024-03-31,2.53,158.0,30.0,55.0
ADVENZYMES,2024-06-30,3.05,155.0,35.0,51.0
ADVENZYMES,2024-09-30,2.94,146.0,33.0,42.0
ADVENZYMES,2024-12-31,3.37,169.0,39.0,55.0
ADVENZYMES,2025-03-31,2.37,167.0,27.0,46.0
ADVENZYMES,2025-06-30,3.57,186.0,40.0,56.0
ADVENZYMES,2025-09-30,3.87,185.0,45.0,60.0
ADVENZYMES,2025-12-31,3.8,172.0,43.0,49.0
AEGISLOG,2022-12-31,3.57,2087.0,143.0,216.0
AEGISLOG,2023-03-31,4.01,2154.0,159.0,203.0
AEGISLOG,2023-06-30,3.3,2101.0,133.0,196.0
AEGISLOG,2023-09-30,3.62,1235.0,150.0,208.0
AEGISLOG,2023-12-31,3.71,1873.0,152.0,212.0
AEGISLOG,2024-03-31,5.59,1837.0,237.0,307.0
AEGISLOG,2024-06-30,3.75,1601.0,158.0,232.0
AEGISLOG,2024-09-30,3.59,1750.0,152.0,224.0
AEGISLOG,2024-12-31,3.54,1707.0,160.0,233.0
AEGISLOG,2025-03-31,8.02,1705.0,318.0,409.0
AEGISLOG,2025-06-30,3.74,1719.0,175.0,240.0
AEGISLOG,2025-09-30,5.12,2294.0,244.0,291.0
AEGISLOG,2025-12-31,5.04,1725.0,233.0,297.0
AEGISVOPAK,2024-06-30,234.36,154.0,26.0,114.0
AEGISVOPAK,2024-09-30,0.23,149.0,22.0,109.0
AEGISVOPAK,2024-12-31,0.38,162.0,38.0,119.0
AEGISVOPAK,2025-03-31,0.42,157.0,41.0,116.0
AEGISVOPAK,2025-06-30,0.43,164.0,48.0,120.0
AEGISVOPAK,2025-09-30,0.49,188.0,54.0,137.0
AEGISVOPAK,2025-12-31,0.56,197.0,62.0,146.0
AEQUS,2024-12-31,-0.94,216.0,-40.0,7.0
AEQUS,2025-09-30,-0.34,282.0,-21.0,29.0
AEQUS,2025-12-31,-0.64,326.0,-43.0,29.0
AEROENTER,2022-12-31,0.83,116.0,10.0,13.0
AEROENTER,2023-03-31,0.85,107.0,11.0,11.0
AEROENTER,2023-06-30,5.73,130.0,70.0,21.0
AEROENTER,2023-09-30,15.5,137.0,175.0,20.0
AEROENTER,2023-12-31,1.06,118.0,15.0,16.0
AEROENTER,2024-03-31,0.53,115.0,14.0,17.0
AEROENTER,2024-06-30,1.16,123.0,18.0,21.0
AEROENTER,2024-09-30,1.31,138.0,22.0,25.0
AEROENTER,2024-12-31,1.24,157.0,22.0,29.0
AEROENTER,2025-03-31,0.98,161.0,19.0,27.0
AEROENTER,2025-06-30,0.9,134.0,14.0,18.0
AEROENTER,2025-09-30,1.24,172.0,20.0,30.0
AEROENTER,2025-12-31,1.42,191.0,25.0,38.0
AEROFLEX,2022-12-31,2.25,66.0,5.0,9.0
AEROFLEX,2023-03-31,1.1,70.0,13.0,19.0
AEROFLEX,2023-06-30,0.97,83.0,11.0,16.0
AEROFLEX,2023-09-30,0.9,84.0,12.0,18.0
AEROFLEX,2023-12-31,0.7,73.0,9.0,14.0
AEROFLEX,2024-03-31,0.78,78.0,10.0,14.0
AEROFLEX,2024-06-30,0.96,90.0,12.0,18.0
AEROFLEX,2024-09-30,1.06,95.0,14.0,20.0
AEROFLEX,2024-12-31,1.18,100.0,15.0,22.0
AEROFLEX,2025-03-31,0.87,92.0,11.0,19.0
AEROFLEX,2025-06-30,0.55,84.0,7.0,15.0
AEROFLEX,2025-09-30,1.1,111.0,14.0,26.0
AEROFLEX,2025-12-31,1.28,121.0,16.0,28.0
AERONEU,2022-12-31,0.58,21.87,1.01,1.55
AERONEU,2023-03-31,0.22,19.89,0.5,1.53
AERONEU,2023-06-30,0.2,23.29,0.61,1.7
AERONEU,2023-09-30,0.04,27.54,0.11,1.0
AERONEU,2023-12-31,0.02,25.95,0.07,0.79
AERONEU,2024-03-31,0.04,32.4,0.13,1.2
AERONEU,2024-06-30,0.11,29.11,0.3,1.58
AERONEU,2024-09-30,0.1,33.91,0.26,0.9
AERONEU,2024-12-31,0.0,32.33,0.0,1.4
AERONEU,2025-03-31,-0.14,33.89,-0.34,0.19
AERONEU,2025-06-30,0.31,29.7,0.81,0.71
AERONEU,2025-09-30,0.4,34.52,1.07,0.71
AERONEU,2025-12-31,0.29,30.88,0.74,2.0
AETHER,2022-12-31,2.81,167.0,35.0,47.0
AETHER,2023-03-31,3.02,184.0,38.0,60.0
AETHER,2023-06-30,2.25,161.0,30.0,45.0
AETHER,2023-09-30,2.77,164.0,37.0,46.0
AETHER,2023-12-31,1.31,155.0,17.0,31.0
AETHER,2024-03-31,-0.11,118.0,-1.0,10.0
AETHER,2024-06-30,2.26,180.0,30.0,43.0
AETHER,2024-09-30,2.63,199.0,35.0,54.0
AETHER,2024-12-31,3.27,220.0,43.0,65.0
AETHER,2025-03-31,3.79,240.0,50.0,80.0
AETHER,2025-06-30,3.55,256.0,47.0,81.0
AETHER,2025-09-30,4.07,280.0,54.0,88.0
AETHER,2025-12-31,4.86,317.0,64.0,111.0
AFCONS,2023-06-30,12.64,3171.0,91.0,304.0
AFCONS,2023-09-30,14.47,3334.0,104.0,332.0
AFCONS,2023-12-31,15.24,3126.0,110.0,374.0
AFCONS,2024-03-31,4.25,3636.0,145.0,355.0
AFCONS,2024-06-30,2.69,3154.0,92.0,353.0
AFCONS,2024-09-30,3.97,2960.0,135.0,344.0
AFCONS,2024-12-31,4.05,3211.0,149.0,364.0
AFCONS,2025-03-31,3.02,3223.0,111.0,294.0
AFCONS,2025-06-30,3.74,3370.0,137.0,435.0
AFCONS,2025-09-30,2.87,2988.0,105.0,329.0
AFCONS,2025-12-31,2.64,2976.0,97.0,410.0
AFFLE,2022-12-31,5.18,376.0,69.0,80.0
AFFLE,2023-03-31,4.68,356.0,62.0,69.0
AFFLE,2023-06-30,4.97,407.0,66.0,78.0
AFFLE,2023-09-30,5.01,431.0,67.0,87.0
AFFLE,2023-12-31,5.48,499.0,77.0,97.0
AFFLE,2024-03-31,6.24,506.0,87.0,98.0
AFFLE,2024-06-30,6.18,520.0,87.0,104.0
AFFLE,2024-09-30,6.56,543.0,92.0,113.0
AFFLE,2024-12-31,7.13,602.0,100.0,131.0
AFFLE,2025-03-31,7.34,602.0,103.0,134.0
AFFLE,2025-06-30,7.5,621.0,106.0,140.0
AFFLE,2025-09-30,7.86,647.0,111.0,146.0
AFFLE,2025-12-31,8.48,717.0,119.0,163.0
AFSL,2022-12-31,2.78,259.0,15.0,15.0
AFSL,2023-03-31,4.19,572.0,23.0,27.0
AFSL,2023-06-30,3.84,252.0,21.0,33.0
AFSL,2023-09-30,4.26,365.0,23.0,39.0
AFSL,2023-12-31,4.32,506.0,24.0,38.0
AFSL,2024-03-31,3.89,252.0,21.0,37.0
AFSL,2024-06-30,4.43,296.0,24.0,44.0
AFSL,2024-09-30,5.06,641.0,27.0,46.0
AFSL,2024-12-31,5.13,1280.0,27.0,52.0
AFSL,2025-03-31,5.61,1063.0,30.0,48.0
AFSL,2025-06-30,5.92,1894.0,33.0,51.0
AFSL,2025-09-30,7.55,6832.0,42.0,48.0
AFSL,2025-12-31,6.33,6495.0,34.0,44.0
AGARIND,2022-12-31,16.85,552.09,25.21,38.0
AGARIND,2023-03-31,18.92,659.54,28.3,42.55
AGARIND,2023-06-30,18.43,628.76,27.57,41.5
AGARIND,2023-09-30,10.7,231.91,16.01,26.84
AGARIND,2023-12-31,18.47,488.18,27.63,44.34
AGARIND,2024-03-31,25.41,776.44,38.01,60.15
AGARIND,2024-06-30,26.07,707.71,39.0,60.18
AGARIND,2024-09-30,12.33,325.66,18.44,35.17
AGARIND,2024-12-31,18.52,542.11,27.7,53.27
AGARIND,2025-03-31,20.42,823.44,30.54,53.52
AGARIND,2025-06-30,8.71,593.61,13.03,36.13
AGARIND,2025-09-30,8.02,244.8,11.99,28.01
AGARIND,2025-12-31,1.87,408.44,2.8,20.63
AGARWALEYE,2023-12-31,,333.0,23.0,89.0
AGARWALEYE,2024-03-31,,349.0,41.0,108.0
AGARWALEYE,2024-06-30,,403.0,18.0,104.0
AGARWALEYE,2024-09-30,,417.0,21.0,107.0
AGARWALEYE,2024-12-31,0.72,431.0,28.0,115.0
AGARWALEYE,2025-03-31,1.03,460.0,43.0,131.0
AGARWALEYE,2025-06-30,0.95,487.0,38.0,128.0
AGARWALEYE,2025-09-30,0.94,499.0,36.0,136.0
AGARWALEYE,2025-12-31,1.07,530.0,44.0,144.0
AGI,2024-09-30,11.14,599.0,72.0,154.0
AGI,2024-12-31,13.99,658.0,91.0,169.0
AGI,2025-03-31,14.93,705.0,97.0,154.0
AGI,2025-06-30,13.73,688.0,89.0,142.0
AGI,2025-09-30,11.74,602.0,76.0,150.0
AGI,2025-12-31,11.04,634.0,71.0,150.0
AGI,2026-03-31,17.83,742.0,115.0,153.0
AGIIL,2022-12-31,1.0,61.0,12.0,16.0
AGIIL,2023-03-31,1.09,66.0,13.0,12.0
AGIIL,2023-06-30,1.09,69.0,13.0,17.0
AGIIL,2023-09-30,1.19,71.0,14.0,20.0
AGIIL,2023-12-31,1.22,73.0,15.0,19.0
AGIIL,2024-03-31,0.76,80.0,9.0,19.0
AGIIL,2024-06-30,1.18,73.0,14.0,22.0
AGIIL,2024-09-30,1.43,78.0,17.0,27.0
AGIIL,2024-12-31,1.56,91.0,19.0,29.0
AGIIL,2025-03-31,1.29,83.0,16.0,16.0
AGIIL,2025-06-30,1.64,92.0,20.0,30.0
AGIIL,2025-09-30,1.8,85.0,22.0,34.0
AGIIL,2025-12-31,2.14,88.0,26.0,38.0
AGRITECH,2018-12-31,-0.72,-0.0,-0.43,-0.23
AGRITECH,2019-03-31,0.19,-0.0,0.11,-0.13
AGRITECH,2019-06-30,0.37,0.38,0.22,-0.11
AGRITECH,2019-09-30,-1.55,-0.0,-0.92,-0.92
AGRITECH,2019-12-31,-1.01,-0.0,-0.6,-0.6
AGRITECH,2020-03-31,1.63,-0.0,0.97,0.33
AGRITECH,2020-06-30,-1.28,0.19,-0.76,-0.75
AGRITECH,2020-09-30,-1.3,-0.0,-0.77,-0.76
AGRITECH,2020-12-31,-1.57,-0.0,-0.93,-0.91
AGRITECH,2021-03-31,-4.19,-0.0,-2.49,0.02
AGRITECH,2021-06-30,1.75,0.28,1.04,0.06
AGRITECH,2021-09-30,-1.28,0.01,-0.76,-1.53
AGRITECH,2021-12-31,-0.61,-0.0,-0.36,-0.88
AGROPHOS,2022-12-31,0.73,34.22,1.49,3.02
AGROPHOS,2023-09-30,2.17,39.15,4.39,7.29
AGROPHOS,2023-12-31,-7.17,11.21,-14.53,-14.09
AGROPHOS,2024-03-31,-2.11,2.75,-4.27,-4.2
AGROPHOS,2024-06-30,-0.1,23.92,-0.2,-1.81
AGROPHOS,2024-09-30,0.21,31.5,0.43,3.16
AGROPHOS,2024-12-31,1.22,22.81,2.47,4.15
AGROPHOS,2025-03-31,1.15,30.11,2.34,3.73
AGROPHOS,2025-06-30,2.16,39.8,4.37,7.93
AGROPHOS,2025-09-30,1.03,40.08,2.08,3.8
AGROPHOS,2025-12-31,0.45,35.84,0.92,2.79
AHLEAST,2022-12-31,2.9,26.0,5.0,7.0
AHLEAST,2023-03-31,3.31,28.0,6.0,8.0
AHLEAST,2023-06-30,1.64,22.0,3.0,4.0
AHLEAST,2023-09-30,4.54,21.0,8.0,2.0
AHLEAST,2023-12-31,1.01,32.0,2.0,11.0
AHLEAST,2024-03-31,11.15,34.0,19.0,13.0
AHLEAST,2024-06-30,-0.23,22.0,0.0,1.0
AHLEAST,2024-09-30,1.75,23.0,3.0,4.0
AHLEAST,2024-12-31,2.79,33.0,5.0,11.0
AHLEAST,2025-03-31,5.82,35.0,10.0,14.0
AHLEAST,2025-06-30,-3.78,25.0,-7.0,6.0
AHLEAST,2025-09-30,-4.04,26.0,-7.0,6.0
AHLEAST,2025-12-31,-30.44,37.0,-53.0,14.0
AHLUCONT,2022-12-31,6.72,743.0,45.0,71.0
AHLUCONT,2023-03-31,10.77,863.0,72.0,110.0
AHLUCONT,2023-06-30,7.42,764.0,50.0,83.0
AHLUCONT,2023-09-30,8.22,902.0,55.0,90.0
AHLUCONT,2023-12-31,10.55,1026.0,71.0,112.0
AHLUCONT,2024-03-31,29.83,1164.0,200.0,104.0
AHLUCONT,2024-06-30,4.56,919.0,31.0,60.0
AHLUCONT,2024-09-30,5.73,1011.0,38.0,73.0
AHLUCONT,2024-12-31,7.39,952.0,50.0,84.0
AHLUCONT,2025-03-31,12.44,1216.0,83.0,124.0
AHLUCONT,2025-06-30,7.64,1005.0,51.0,86.0
AHLUCONT,2025-09-30,11.73,1177.0,79.0,128.0
AHLUCONT,2025-12-31,8.07,1061.0,54.0,96.0
AIAENG,2022-12-31,37.37,1227.0,352.0,366.0
AIAENG,2023-03-31,28.43,1274.0,268.0,316.0
AIAENG,2023-06-30,28.87,1240.0,273.0,343.0
AIAENG,2023-09-30,34.25,1295.0,324.0,382.0
AIAENG,2023-12-31,29.64,1169.0,280.0,311.0
AIAENG,2024-03-31,27.62,1150.0,260.0,297.0
AIAENG,2024-06-30,27.52,1020.0,259.0,289.0
AIAENG,2024-09-30,27.51,1044.0,256.0,276.0
AIAENG,2024-12-31,27.78,1066.0,259.0,283.0
AIAENG,2025-03-31,30.56,1157.0,285.0,302.0
AIAENG,2025-06-30,32.69,1039.0,305.0,306.0
AIAENG,2025-09-30,29.73,1048.0,277.0,297.0
AIAENG,2025-12-31,31.55,1067.0,293.0,290.0
AIIL,2022-12-31,24.42,,2074.0,
AIIL,2023-03-31,22.82,,1938.0,
AIIL,2023-06-30,2.29,,195.0,
AIIL,2023-09-30,22.84,,1940.0,
AIIL,2023-12-31,7.08,,601.0,
AIIL,2024-03-31,18.1,,1537.0,
AIIL,2024-06-30,12.91,,1097.0,
AIIL,2024-09-30,9.92,,843.0,
AIIL,2024-12-31,6.35,,539.0,
AIIL,2025-03-31,20.76,,1763.0,
AIIL,2025-06-30,11.1,,943.0,
AIIL,2025-09-30,9.03,,767.0,
AIIL,2025-12-31,1.9,,161.0,
AIRAN,2022-12-31,0.28,26.4,3.64,5.15
AIRAN,2023-03-31,0.22,25.7,2.86,5.07
AIRAN,2023-06-30,0.15,23.87,1.83,2.78
AIRAN,2023-09-30,0.24,26.64,3.12,4.66
AIRAN,2023-12-31,0.24,25.25,3.16,4.47
AIRAN,2024-03-31,0.37,29.74,4.8,7.88
AIRAN,2024-06-30,1.74,26.16,21.78,5.17
AIRAN,2024-09-30,-0.13,26.23,-1.54,2.75
AIRAN,2024-12-31,0.15,26.8,1.99,5.6
AIRAN,2025-03-31,-0.28,27.31,-3.44,4.58
AIRAN,2025-06-30,0.25,25.7,3.23,3.9
AIRAN,2025-09-30,0.06,26.27,0.77,2.61
AIRAN,2025-12-31,0.62,29.3,7.77,2.7
AIROLAM,2022-12-31,1.13,47.66,1.69,3.84
AIROLAM,2023-03-31,1.63,52.21,2.45,5.54
AIROLAM,2023-06-30,1.75,48.64,2.62,5.41
AIROLAM,2023-09-30,1.11,49.95,1.66,4.06
AIROLAM,2023-12-31,1.25,56.86,1.88,5.06
AIROLAM,2024-03-31,1.11,50.92,1.67,4.7
AIROLAM,2024-06-30,1.41,52.28,2.07,4.51
AIROLAM,2024-09-30,-2.16,51.79,-3.24,18.22
AIROLAM,2024-12-31,0.7,53.99,1.09,3.39
AIROLAM,2025-03-31,1.87,56.17,2.78,5.99
AIROLAM,2025-06-30,0.86,53.68,1.23,4.76
AIROLAM,2025-09-30,1.64,61.85,2.37,6.12
AIROLAM,2025-12-31,0.97,69.76,1.4,5.21
AJANTPHARM,2022-12-31,10.5,972.0,135.0,170.0
AJANTPHARM,2023-03-31,9.54,882.0,122.0,149.0
AJANTPHARM,2023-06-30,16.24,1021.0,208.0,271.0
AJANTPHARM,2023-09-30,15.24,1028.0,195.0,291.0
AJANTPHARM,2023-12-31,16.39,1105.0,210.0,314.0
AJANTPHARM,2024-03-31,15.82,1054.0,203.0,278.0
AJANTPHARM,2024-06-30,19.68,1145.0,246.0,330.0
AJANTPHARM,2024-09-30,17.33,1187.0,216.0,311.0
AJANTPHARM,2024-12-31,18.64,1146.0,233.0,321.0
AJANTPHARM,2025-03-31,18.03,1170.0,225.0,297.0
AJANTPHARM,2025-06-30,20.44,1303.0,255.0,351.0
AJANTPHARM,2025-09-30,20.83,1354.0,260.0,328.0
AJANTPHARM,2025-12-31,21.91,1375.0,274.0,382.0
AJMERA,2022-12-31,0.6,79.0,11.0,22.0
AJMERA,2023-03-31,0.85,114.0,15.0,31.0
AJMERA,2023-06-30,1.19,116.0,22.0,37.0
AJMERA,2023-09-30,1.27,145.0,23.0,38.0
AJMERA,2023-12-31,1.72,207.0,30.0,60.0
AJMERA,2024-03-31,1.62,232.0,29.0,66.0
AJMERA,2024-06-30,1.77,194.0,33.0,64.0
AJMERA,2024-09-30,1.95,200.0,36.0,60.0
AJMERA,2024-12-31,1.72,193.0,33.0,63.0
AJMERA,2025-03-31,1.28,151.0,24.0,43.0
AJMERA,2025-06-30,1.95,258.0,39.0,78.0
AJMERA,2025-09-30,1.54,219.0,31.0,58.0
AJMERA,2025-12-31,1.3,182.0,28.0,55.0
AKASH,2022-12-31,0.15,14.88,0.35,1.65
AKASH,2023-03-31,0.01,13.29,0.01,1.89
AKASH,2023-06-30,-0.72,24.31,-1.21,-0.2
AKASH,2023-09-30,0.27,14.71,0.45,0.92
AKASH,2023-12-31,-1.27,5.28,-2.14,-1.23
AKASH,2024-03-31,1.86,15.23,3.14,3.74
AKASH,2024-06-30,0.21,14.69,0.35,1.47
AKASH,2024-09-30,-1.13,9.2,-1.9,-0.88
AKASH,2024-12-31,0.04,13.87,0.06,1.15
AKASH,2025-03-31,0.47,20.23,2.39,4.42
AKASH,2025-06-30,0.1,21.21,0.17,1.32
AKASH,2025-09-30,-0.65,12.06,-1.09,0.27
AKASH,2025-12-31,0.54,10.88,0.91,1.78
AKCAPIT,2022-12-31,33.26,,22.0,
AKCAPIT,2023-03-31,37.18,,25.0,
AKCAPIT,2023-06-30,33.77,,22.0,
AKCAPIT,2023-09-30,29.77,,20.0,
AKCAPIT,2023-12-31,30.02,,20.0,
AKCAPIT,2024-03-31,45.38,,30.0,
AKCAPIT,2024-06-30,34.39,,23.0,
AKCAPIT,2024-09-30,30.08,,20.0,
AKCAPIT,2024-12-31,25.0,,17.0,
AKCAPIT,2025-03-31,38.91,,27.0,
AKCAPIT,2025-06-30,35.0,,24.0,
AKCAPIT,2025-09-30,45.65,,31.0,
AKCAPIT,2025-12-31,37.92,,26.0,
AKG,2022-12-31,0.18,67.9,0.54,0.48
AKG,2023-03-31,0.31,58.2,0.97,1.28
AKG,2023-06-30,0.16,56.09,0.46,0.8
AKG,2023-09-30,0.1,36.59,0.28,0.6
AKG,2023-12-31,0.15,44.76,0.47,0.83
AKG,2024-03-31,0.09,46.3,0.27,0.32
AKG,2024-06-30,0.08,40.38,0.22,0.6
AKG,2024-09-30,0.05,33.75,0.15,0.37
AKG,2024-12-31,0.05,29.61,0.15,0.14
AKG,2025-03-31,0.08,29.56,0.27,0.5
AKG,2025-06-30,0.03,28.56,0.08,0.04
AKG,2025-09-30,0.03,23.23,0.11,0.39
AKG,2025-12-31,0.03,18.19,0.1,-0.49
AKI,2022-12-31,0.04,12.23,0.29,0.71
AKI,2023-03-31,0.03,14.52,0.23,0.86
AKI,2023-06-30,0.05,14.4,0.32,0.67
AKI,2023-09-30,0.07,17.12,0.45,0.62
AKI,2023-12-31,0.04,19.28,0.25,0.42
AKI,2024-03-31,0.07,20.12,0.57,0.64
AKI,2024-06-30,0.05,20.77,0.43,0.5
AKI,2024-09-30,0.04,13.56,0.39,-0.37
AKI,2024-12-31,0.08,22.61,0.72,0.54
AKI,2025-03-31,0.02,24.02,0.16,-0.82
AKI,2025-06-30,0.02,17.66,0.25,-0.67
AKI,2025-09-30,0.06,27.52,0.62,0.46
AKI,2025-12-31,0.11,25.56,1.09,-1.69
AKSHARCHEM,2014-12-31,4.91,45.97,2.43,5.07
AKSHARCHEM,2015-03-31,3.53,50.26,2.58,6.06
AKSHARCHEM,2015-06-30,4.43,47.9,3.24,7.03
AKSHARCHEM,2015-09-30,5.88,41.83,4.3,7.47
AKSHARCHEM,2015-12-31,6.92,49.63,5.06,9.76
AKSHARCHEM,2016-03-31,5.51,48.47,4.03,8.09
AKSHARCHEM,2016-06-30,12.92,59.32,9.45,16.5
AKUMS,2023-06-30,-13.16,970.0,-187.0,-125.0
AKUMS,2023-09-30,2.22,1181.0,33.0,152.0
AKUMS,2023-12-31,13.54,1083.0,195.0,93.0
AKUMS,2024-03-31,-2.89,944.0,-39.0,3.0
AKUMS,2024-06-30,4.08,1019.0,61.0,128.0
AKUMS,2024-09-30,4.14,1033.0,67.0,121.0
AKUMS,2024-12-31,4.14,1010.0,66.0,121.0
AKUMS,2025-03-31,9.38,1056.0,150.0,94.0
AKUMS,2025-06-30,4.03,1024.0,65.0,129.0
AKUMS,2025-09-30,2.59,1018.0,43.0,94.0
AKUMS,2025-12-31,4.21,1160.0,68.0,147.0
ALANKIT,2022-12-31,0.24,116.1,4.31,10.95
ALANKIT,2023-03-31,0.21,148.18,5.6,8.26
ALANKIT,2023-06-30,0.21,48.62,4.85,5.36
ALANKIT,2023-09-30,0.09,43.32,2.54,4.62
ALANKIT,2023-12-31,0.36,52.61,8.12,3.56
ALANKIT,2024-03-31,0.24,91.16,6.47,10.37
ALANKIT,2024-06-30,0.27,61.93,7.53,8.21
ALANKIT,2024-09-30,0.12,64.35,3.67,5.41
ALANKIT,2024-12-31,0.19,72.77,5.2,6.63
ALANKIT,2025-03-31,0.16,102.01,5.27,12.48
ALANKIT,2025-06-30,0.19,90.78,5.96,-4.55
ALANKIT,2025-09-30,0.16,80.09,4.49,3.42
ALANKIT,2025-12-31,0.28,71.7,8.03,5.77
ALEMBICLTD,2022-12-31,1.78,31.0,46.0,10.0
ALEMBICLTD,2023-03-31,1.88,37.0,48.0,13.0
ALEMBICLTD,2023-06-30,1.73,37.0,44.0,11.0
ALEMBICLTD,2023-09-30,3.53,32.0,91.0,10.0
ALEMBICLTD,2023-12-31,2.39,39.0,61.0,12.0
ALEMBICLTD,2024-03-31,2.81,49.0,72.0,24.0
ALEMBICLTD,2024-06-30,2.17,51.0,56.0,20.0
ALEMBICLTD,2024-09-30,4.71,53.0,121.0,20.0
ALEMBICLTD,2024-12-31,2.55,58.0,65.0,26.0
ALEMBICLTD,2025-03-31,2.67,60.0,68.0,27.0
ALEMBICLTD,2025-06-30,2.4,50.0,62.0,20.0
ALEMBICLTD,2025-09-30,5.0,56.0,128.0,23.0
ALEMBICLTD,2025-12-31,2.34,74.0,60.0,27.0
ALGOQUANT,2023-12-31,0.34,43.3,7.45,14.35
ALGOQUANT,2024-03-31,0.29,55.54,6.19,12.87
ALGOQUANT,2024-06-30,0.64,65.63,13.92,22.03
ALGOQUANT,2024-09-30,0.57,65.22,12.27,20.03
ALGOQUANT,2024-12-31,0.18,49.84,5.09,3.37
ALGOQUANT,2025-03-31,0.02,54.02,0.61,2.8
ALGOQUANT,2025-06-30,0.16,54.5,4.44,9.37
ALGOQUANT,2025-09-30,0.22,51.29,6.29,10.48
ALGOQUANT,2025-12-31,0.21,52.4,5.87,11.18
ALICON,2022-12-31,9.69,361.31,15.61,41.63
ALICON,2023-03-31,6.02,319.25,9.7,31.72
ALICON,2023-06-30,5.89,354.06,9.49,39.23
ALICON,2023-09-30,9.01,381.04,14.51,46.28
ALICON,2023-12-31,10.39,404.97,16.74,52.2
ALICON,2024-03-31,12.75,419.3,20.54,57.61
ALICON,2024-06-30,11.71,439.98,19.04,57.53
ALICON,2024-09-30,10.34,463.75,16.81,56.03
ALICON,2024-12-31,0.48,392.1,0.78,34.26
ALICON,2025-03-31,5.8,424.53,9.43,46.67
ALICON,2025-06-30,5.7,417.95,9.31,49.1
ALICON,2025-09-30,8.5,428.18,13.89,54.77
ALICON,2025-12-31,2.02,430.09,3.3,46.44
ALKEM,2022-12-31,38.03,3041.0,460.0,599.0
ALKEM,2023-03-31,5.94,2903.0,68.0,353.0
ALKEM,2023-06-30,23.98,2968.0,288.0,389.0
ALKEM,2023-09-30,51.9,3440.0,615.0,747.0
ALKEM,2023-12-31,49.76,3324.0,604.0,708.0
ALKEM,2024-03-31,24.55,2936.0,304.0,402.0
ALKEM,2024-06-30,45.6,3032.0,550.0,609.0
ALKEM,2024-09-30,57.6,3415.0,702.0,753.0
ALKEM,2024-12-31,52.34,3374.0,641.0,759.0
ALKEM,2025-03-31,25.58,3144.0,322.0,391.0
ALKEM,2025-06-30,55.56,3371.0,668.0,739.0
ALKEM,2025-09-30,63.99,4001.0,779.0,921.0
ALKEM,2025-12-31,53.19,3737.0,653.0,828.0
ALKYLAMINE,2018-06-30,3.78,178.0,19.0,37.0
ALKYLAMINE,2018-09-30,5.23,218.0,27.0,49.0
ALKYLAMINE,2018-12-31,4.36,213.0,22.0,39.0
ALKYLAMINE,2019-03-31,3.71,237.0,19.0,38.0
ALKYLAMINE,2019-06-30,7.19,266.0,37.0,59.0
ALKYLAMINE,2019-09-30,10.77,235.0,55.0,58.0
ALKYLAMINE,2019-12-31,11.85,257.0,60.0,73.0
ALKYLAMINE,2020-03-31,9.65,235.0,49.0,68.0
ALLCARGO,2022-12-31,1.47,4127.03,145.64,246.52
ALLCARGO,2023-03-31,0.63,3395.1,51.9,140.27
ALLCARGO,2023-06-30,1.25,3271.06,118.94,137.19
ALLCARGO,2023-09-30,0.22,3306.86,16.19,118.02
ALLCARGO,2023-12-31,0.11,3211.59,17.36,100.28
ALLCARGO,2024-03-31,-0.06,3347.56,-12.46,98.43
ALLCARGO,2024-06-30,0.05,3762.69,4.28,130.32
ALLCARGO,2024-09-30,0.17,483.0,14.0,49.0
ALLCARGO,2024-12-31,-0.06,519.0,-6.0,62.0
ALLCARGO,2025-03-31,-0.13,3952.44,-3.16,114.66
ALLCARGO,2025-06-30,-0.09,491.0,-12.0,51.0
ALLCARGO,2025-09-30,0.09,537.0,9.0,62.0
ALLCARGO,2025-12-31,0.0,516.0,0.0,61.0
ALLDIGI,2022-12-31,4.74,100.0,7.0,21.0
ALLDIGI,2023-03-31,7.95,108.0,12.0,24.0
ALLDIGI,2023-06-30,10.35,108.0,16.0,25.0
ALLDIGI,2023-09-30,10.66,112.0,16.0,25.0
ALLDIGI,2023-12-31,7.39,120.0,11.0,31.0
ALLDIGI,2024-03-31,13.6,130.0,21.0,35.0
ALLDIGI,2024-06-30,20.97,129.0,32.0,31.0
ALLDIGI,2024-09-30,7.97,131.0,12.0,31.0
ALLDIGI,2024-12-31,13.07,139.0,20.0,32.0
ALLDIGI,2025-03-31,12.66,146.0,19.0,35.0
ALLDIGI,2025-06-30,9.77,144.0,15.0,37.0
ALLDIGI,2025-09-30,11.56,147.0,18.0,36.0
ALLDIGI,2025-12-31,13.68,153.0,21.0,46.0
ALLTIME,2024-06-30,23.22,130.06,12.19,24.93
ALLTIME,2024-09-30,2.56,131.04,13.42,25.73
ALLTIME,2024-12-31,2.29,148.82,12.01,26.06
ALLTIME,2025-03-31,1.84,148.25,9.68,24.31
ALLTIME,2025-06-30,2.32,157.98,12.81,28.75
ALLTIME,2025-09-30,0.62,147.4,4.09,16.15
ALLTIME,2025-12-31,1.4,159.4,9.17,23.53
ALMONDZ,2022-12-31,0.26,19.0,4.0,3.0
ALMONDZ,2023-03-31,0.26,27.0,4.0,3.0
ALMONDZ,2023-06-30,0.24,18.0,4.0,3.0
ALMONDZ,2023-09-30,0.28,23.0,4.0,4.0
ALMONDZ,2023-12-31,1.23,30.0,20.0,4.0
ALMONDZ,2024-03-31,0.37,45.0,6.0,5.0
ALMONDZ,2024-06-30,0.37,30.0,6.0,4.0
ALMONDZ,2024-09-30,0.16,34.0,3.0,4.0
ALMONDZ,2024-12-31,0.14,33.0,2.0,4.0
ALMONDZ,2025-03-31,0.36,53.0,6.0,5.0
ALMONDZ,2025-06-30,0.4,32.0,7.0,6.0
ALMONDZ,2025-09-30,0.21,34.0,4.0,5.0
ALMONDZ,2025-12-31,0.71,52.0,13.0,11.0
ALOKINDS,2023-03-31,-0.6,1570.0,-298.0,-70.0
ALOKINDS,2023-06-30,-0.46,1415.0,-226.0,12.0
ALOKINDS,2023-09-30,-0.35,1372.0,-175.0,36.0
ALOKINDS,2023-12-31,-0.46,1253.0,-230.0,-6.0
ALOKINDS,2024-03-31,-0.43,1469.0,-216.0,5.0
ALOKINDS,2024-06-30,-0.42,1006.0,-207.0,20.0
ALOKINDS,2024-09-30,-0.53,886.0,-262.0,-46.0
ALOKINDS,2024-12-31,-0.55,864.0,-273.0,-42.0
ALOKINDS,2025-03-31,-0.15,953.0,-74.0,-23.0
ALOKINDS,2025-06-30,-0.35,932.0,-172.0,20.0
ALOKINDS,2025-09-30,-0.33,941.0,-162.0,4.0
ALOKINDS,2025-12-31,-0.44,858.0,-218.0,0.0
ALOKINDS,2026-03-31,-0.39,983.0,-193.0,4.0
ALPA,2022-12-31,2.43,27.31,5.12,2.62
ALPA,2023-03-31,2.21,29.16,4.65,9.22
ALPA,2023-06-30,1.44,25.43,3.03,-1.14
ALPA,2023-09-30,2.75,32.39,5.79,3.35
ALPA,2023-12-31,2.14,27.31,4.51,2.43
ALPA,2024-03-31,1.69,23.61,3.55,3.51
ALPA,2024-06-30,2.42,21.44,5.1,0.53
ALPA,2024-09-30,3.65,24.94,7.69,3.32
ALPA,2024-12-31,4.23,26.15,8.9,0.74
ALPA,2025-03-31,-1.01,39.92,-2.12,0.2
ALPA,2025-06-30,5.59,19.11,11.77,0.43
ALPA,2025-09-30,0.05,26.26,0.11,-2.25
ALPA,2025-12-31,0.9,29.05,1.9,1.51
ALPHAGEO,2022-12-31,17.39,4.63,11.06,-1.41
ALPHAGEO,2023-03-31,-1.62,14.12,-1.03,1.06
ALPHAGEO,2023-06-30,-5.09,5.15,-3.24,-3.28
ALPHAGEO,2023-09-30,-6.77,2.39,-4.33,-3.96
ALPHAGEO,2023-12-31,6.22,39.24,4.55,3.56
ALPHAGEO,2024-03-31,6.24,51.89,4.07,14.76
ALPHAGEO,2024-06-30,5.89,25.26,4.02,2.9
ALPHAGEO,2024-09-30,2.78,18.69,1.67,1.51
ALPHAGEO,2024-12-31,-12.33,11.16,-7.96,-6.99
ALPHAGEO,2025-03-31,-5.94,70.56,-3.54,-0.54
ALPHAGEO,2025-06-30,1.27,40.84,0.74,2.37
ALPHAGEO,2025-09-30,-8.99,5.2,-5.74,-4.07
ALPHAGEO,2025-12-31,-9.27,16.84,-5.97,-5.68
AMAGI,2024-12-31,2.31,330.0,8.0,-1.0
AMAGI,2025-09-30,0.73,375.0,3.0,-3.0
AMAGI,2025-12-31,1.6,404.0,31.0,31.0
AMBALALSA,2022-12-31,0.39,35.36,3.01,1.57
AMBALALSA,2023-03-31,0.75,44.44,5.71,3.35
AMBALALSA,2023-06-30,-0.64,36.1,-4.87,-3.97
AMBALALSA,2023-09-30,0.14,40.01,1.08,1.01
AMBALALSA,2023-12-31,0.17,43.11,1.33,2.53
AMBALALSA,2024-03-31,1.18,54.35,9.02,4.65
AMBALALSA,2024-06-30,0.05,40.7,0.35,0.47
AMBALALSA,2024-09-30,0.34,44.7,2.62,2.54
AMBALALSA,2024-12-31,0.29,45.97,2.23,-0.7
AMBALALSA,2025-03-31,-0.04,64.81,-0.27,5.3
AMBALALSA,2025-06-30,1.07,40.34,8.22,1.46
AMBALALSA,2025-09-30,-0.07,44.45,-0.56,0.36
AMBALALSA,2025-12-31,0.47,52.0,3.64,4.08
AMBER,2022-12-31,4.2,1348.31,15.08,78.52
AMBER,2023-03-31,30.86,3002.62,108.09,203.51
AMBER,2023-06-30,13.55,1701.99,46.61,131.92
AMBER,2023-09-30,-2.06,927.06,-5.65,59.56
AMBER,2023-12-31,-0.14,1294.76,-0.51,78.5
AMBER,2024-03-31,28.1,2805.46,99.03,219.55
AMBER,2024-06-30,21.48,2401.29,74.72,190.58
AMBER,2024-09-30,5.69,1684.7,20.96,111.06
AMBER,2024-12-31,10.61,2133.33,37.05,149.73
AMBER,2025-03-31,34.32,3753.7,118.42,282.06
AMBER,2025-06-30,30.66,3449.13,105.98,249.81
AMBER,2025-09-30,-9.35,1647.01,-32.15,83.77
AMBER,2025-12-31,-7.74,2942.82,-9.34,237.47
AMBICAAGAR,2016-03-31,-0.19,29.88,-0.33,5.17
AMBUJACEM,2022-12-31,2.19,7907.0,488.0,1021.0
AMBUJACEM,2023-03-31,3.25,7966.0,763.0,1239.0
AMBUJACEM,2023-06-30,4.56,8713.0,1135.0,1667.0
AMBUJACEM,2023-09-30,3.99,7424.0,987.0,1302.0
AMBUJACEM,2023-12-31,4.15,8129.0,1091.0,1732.0
AMBUJACEM,2024-03-31,4.78,8894.0,1521.0,1699.0
AMBUJACEM,2024-06-30,2.6,8392.0,783.0,1280.0
AMBUJACEM,2024-09-30,1.95,7552.0,496.0,1111.0
AMBUJACEM,2024-12-31,8.76,9411.0,2663.0,1712.0
AMBUJACEM,2025-03-31,3.88,9981.0,1282.0,1868.0
AMBUJACEM,2025-06-30,3.39,10289.0,1017.0,1961.0
AMBUJACEM,2025-09-30,7.14,9174.0,2302.0,1761.0
AMBUJACEM,2025-12-31,0.82,10277.0,367.0,1353.0
AMIRCHAND,2024-12-31,2.18,497.0,18.0,45.0
AMIRCHAND,2025-09-30,3.93,593.0,33.0,61.0
AMIRCHAND,2025-12-31,4.19,571.0,35.0,75.0
AMJLAND,2022-12-31,0.07,5.34,0.31,0.7
AMJLAND,2023-03-31,0.38,13.43,1.66,2.93
AMJLAND,2023-06-30,0.59,10.39,2.5,3.47
AMJLAND,2023-09-30,0.84,17.01,3.57,4.4
AMJLAND,2023-12-31,0.14,20.99,0.59,0.62
AMJLAND,2024-03-31,1.14,8.06,4.87,5.45
AMJLAND,2024-06-30,0.96,25.69,4.12,5.37
AMJLAND,2024-09-30,0.93,11.1,3.95,3.87
AMJLAND,2024-12-31,0.55,15.36,2.37,2.35
AMJLAND,2025-03-31,2.54,25.49,10.98,15.53
AMJLAND,2025-06-30,0.85,14.27,3.61,3.98
AMJLAND,2025-09-30,1.18,11.06,4.94,2.97
AMJLAND,2025-12-31,0.32,11.82,1.36,0.56
AMNPLST,2022-09-30,0.66,131.39,3.61,8.53
AMNPLST,2022-12-31,0.89,160.63,4.92,9.21
AMNPLST,2023-03-31,1.55,166.88,8.55,13.87
AMNPLST,2023-06-30,1.44,137.0,7.92,14.14
AMNPLST,2023-09-30,1.65,157.4,9.09,15.92
AMNPLST,2023-12-31,1.8,175.27,9.88,17.02
AMNPLST,2024-03-31,2.35,177.34,12.94,22.04
AMNPLST,2024-06-30,1.57,137.48,8.66,14.8
AMNPLST,2024-09-30,1.78,166.64,9.78,16.28
AMNPLST,2024-12-31,1.77,190.79,9.76,16.96
AMNPLST,2025-03-31,2.33,165.81,12.81,20.97
AMNPLST,2025-06-30,1.35,140.29,7.43,12.99
AMNPLST,2025-09-30,1.12,133.14,6.17,10.79
ANANDRATHI,2023-03-31,5.11,143.0,43.0,61.0
ANANDRATHI,2023-06-30,6.36,175.0,53.0,73.0
ANANDRATHI,2023-09-30,6.89,183.0,58.0,77.0
ANANDRATHI,2023-12-31,6.92,182.0,58.0,80.0
ANANDRATHI,2024-03-31,6.76,184.0,57.0,73.0
ANANDRATHI,2024-06-30,8.83,238.0,73.0,98.0
ANANDRATHI,2024-09-30,9.17,242.0,76.0,104.0
ANANDRATHI,2024-12-31,9.28,237.0,77.0,107.0
ANANDRATHI,2025-03-31,8.85,222.0,74.0,91.0
ANANDRATHI,2025-06-30,11.28,274.0,94.0,128.0
ANANDRATHI,2025-09-30,11.97,297.0,100.0,137.0
ANANDRATHI,2025-12-31,12.03,290.0,100.0,131.0
ANANDRATHI,2026-03-31,12.42,288.0,103.0,85.0
ANANTRAJ,2022-12-31,1.41,266.0,45.0,53.0
ANANTRAJ,2023-03-31,1.52,280.0,48.0,74.0
ANANTRAJ,2023-06-30,1.56,316.0,50.0,60.0
ANANTRAJ,2023-09-30,1.85,332.0,60.0,80.0
ANANTRAJ,2023-12-31,2.22,392.0,71.0,90.0
ANANTRAJ,2024-03-31,2.29,443.0,84.0,104.0
ANANTRAJ,2024-06-30,2.66,472.0,91.0,103.0
ANANTRAJ,2024-09-30,3.09,513.0,106.0,113.0
ANANTRAJ,2024-12-31,3.23,535.0,110.0,134.0
ANANTRAJ,2025-03-31,3.46,541.0,119.0,142.0
ANANTRAJ,2025-06-30,3.67,592.0,126.0,151.0
ANANTRAJ,2025-09-30,4.02,631.0,138.0,168.0
ANANTRAJ,2025-12-31,4.01,642.0,144.0,170.0
ANDHRSUGAR,2022-12-31,2.9,559.0,40.0,66.0
ANDHRSUGAR,2023-03-31,2.38,539.0,34.0,53.0
ANDHRSUGAR,2023-06-30,1.55,492.0,22.0,40.0
ANDHRSUGAR,2023-09-30,1.38,518.0,20.0,28.0
ANDHRSUGAR,2023-12-31,0.74,451.0,9.0,15.0
ANDHRSUGAR,2024-03-31,1.87,433.0,26.0,30.0
ANDHRSUGAR,2024-06-30,1.09,480.0,16.0,11.0
ANDHRSUGAR,2024-09-30,0.33,528.0,5.0,20.0
ANDHRSUGAR,2024-12-31,0.06,511.0,0.0,16.0
ANDHRSUGAR,2025-03-31,0.43,500.0,6.0,46.0
ANDHRSUGAR,2025-06-30,1.73,600.0,25.0,51.0
ANDHRSUGAR,2025-09-30,2.41,597.0,34.0,55.0
ANDHRSUGAR,2025-12-31,1.65,631.0,23.0,48.0
ANGELONE,2023-03-31,3.2,826.0,267.0,386.0
ANGELONE,2023-06-30,2.63,808.0,221.0,320.0
ANGELONE,2023-09-30,3.63,1048.0,304.0,443.0
ANGELONE,2023-12-31,3.1,1059.0,260.0,398.0
ANGELONE,2024-03-31,4.05,1357.0,340.0,530.0
ANGELONE,2024-06-30,3.25,1405.0,293.0,470.0
ANGELONE,2024-09-30,4.7,1515.0,423.0,672.0
ANGELONE,2024-12-31,3.12,1262.0,281.0,496.0
ANGELONE,2025-03-31,1.93,1056.0,175.0,343.0
ANGELONE,2025-06-30,1.26,1141.0,114.0,275.0
ANGELONE,2025-09-30,2.33,1202.0,212.0,415.0
ANGELONE,2025-12-31,2.96,1335.0,269.0,529.0
ANGELONE,2026-03-31,3.52,1459.0,320.0,599.0
ANTHEM,2024-06-30,1.47,339.0,82.0,121.0
ANTHEM,2024-09-30,2.9,525.0,162.0,195.0
ANTHEM,2024-12-31,2.22,498.0,124.0,160.0
ANTHEM,2025-03-31,1.48,483.0,83.0,195.0
ANTHEM,2025-06-30,2.42,540.0,136.0,191.0
ANTHEM,2025-09-30,3.09,550.0,173.0,218.0
ANTHEM,2025-12-31,1.65,423.0,93.0,157.0
ANUP,2022-06-30,2.61,52.0,5.0,9.0
ANUP,2022-09-30,6.53,101.0,13.0,20.0
ANUP,2022-12-31,7.01,114.0,14.0,23.0
ANUP,2023-03-31,9.83,144.0,19.0,30.0
ANUP,2023-06-30,9.37,125.0,19.0,28.0
ANUP,2023-09-30,10.97,140.0,22.0,31.0
ANUP,2024-06-30,12.07,146.0,24.0,33.0
ANUP,2024-09-30,16.26,193.0,33.0,43.0
ANUP,2024-12-31,15.09,172.0,30.0,39.0
ANUP,2025-03-31,15.75,222.0,32.0,50.0
ANUP,2025-06-30,13.11,175.0,26.0,40.0
ANUP,2025-09-30,16.0,232.0,32.0,51.0
ANUP,2025-12-31,12.74,207.0,26.0,44.0
ANURAS,2022-12-31,4.0,392.0,54.0,111.0
ANURAS,2023-03-31,5.27,480.0,73.0,117.0
ANURAS,2023-06-30,3.59,386.0,52.0,101.0
ANURAS,2023-09-30,3.78,392.0,49.0,107.0
ANURAS,2023-12-31,1.68,296.0,26.0,79.0
ANURAS,2024-03-31,2.82,401.0,40.0,93.0
ANURAS,2024-06-30,0.36,254.0,12.0,53.0
ANURAS,2024-09-30,1.52,294.0,31.0,80.0
ANURAS,2024-12-31,2.56,390.0,54.0,124.0
ANURAS,2025-03-31,4.05,500.0,63.0,144.0
ANURAS,2025-06-30,3.1,486.0,48.0,124.0
ANURAS,2025-09-30,3.9,731.0,57.0,136.0
ANURAS,2025-12-31,4.31,512.0,61.0,127.0
APARINDS,2022-12-31,44.4,3939.0,170.0,343.0
APARINDS,2023-03-31,63.43,4084.0,243.0,424.0
APARINDS,2023-06-30,51.59,3767.0,197.0,346.0
APARINDS,2023-09-30,45.44,3925.0,174.0,349.0
APARINDS,2023-12-31,54.16,4009.0,218.0,405.0
APARINDS,2024-03-31,58.81,4455.0,236.0,427.0
APARINDS,2024-06-30,50.42,4011.0,203.0,377.0
APARINDS,2024-09-30,48.27,4645.0,194.0,357.0
APARINDS,2024-12-31,43.55,4716.0,175.0,356.0
APARINDS,2025-03-31,62.23,5210.0,250.0,458.0
APARINDS,2025-06-30,65.45,5104.0,263.0,452.0
APARINDS,2025-09-30,62.66,5715.0,252.0,465.0
APARINDS,2025-12-31,52.01,5480.0,209.0,444.0
APCL,2022-12-31,-4.78,151.0,-14.0,6.0
APCL,2023-03-31,-5.7,133.0,-17.0,2.0
APCL,2023-06-30,-4.58,156.0,-14.0,4.0
APCL,2023-09-30,-5.21,143.0,-15.0,3.0
APCL,2023-12-31,-2.02,167.0,-6.0,11.0
APCL,2024-03-31,-1.49,158.0,-5.0,10.0
APCL,2024-06-30,-6.47,116.0,-19.0,-2.0
APCL,2024-09-30,-9.62,70.0,-28.0,-9.0
APCL,2024-12-31,-7.0,105.0,-21.0,-4.0
APCL,2025-03-31,-4.42,139.0,-13.0,-5.0
APCL,2025-06-30,-1.16,140.0,-3.0,12.0
APCL,2025-09-30,-1.67,112.0,-5.0,9.0
APCL,2025-12-31,-6.66,80.0,-20.0,-1.0
APCOTEXIND,2015-03-31,1.11,77.13,5.77,10.95
APCOTEXIND,2015-06-30,1.18,66.86,6.1,9.52
APCOTEXIND,2015-09-30,1.03,67.84,5.33,9.53
APCOTEXIND,2015-12-31,0.9,65.69,4.68,9.53
APCOTEXIND,2016-03-31,4.33,96.06,22.42,10.87
APCOTEXIND,2016-06-30,1.32,106.45,6.85,10.69
APCOTEXIND,2016-09-30,0.69,92.46,3.56,4.62
APLAPOLLO,2022-12-31,6.1,4327.0,169.0,273.0
APLAPOLLO,2023-03-31,7.28,4431.0,202.0,323.0
APLAPOLLO,2023-06-30,6.98,4545.0,194.0,307.0
APLAPOLLO,2023-09-30,7.32,4630.0,203.0,325.0
APLAPOLLO,2023-12-31,5.96,4178.0,166.0,280.0
APLAPOLLO,2024-03-31,6.14,4766.0,170.0,280.0
APLAPOLLO,2024-06-30,6.96,4974.0,193.0,302.0
APLAPOLLO,2024-09-30,1.94,4774.0,54.0,138.0
APLAPOLLO,2024-12-31,7.82,5433.0,217.0,346.0
APLAPOLLO,2025-03-31,10.56,5509.0,293.0,414.0
APLAPOLLO,2025-06-30,8.55,5170.0,237.0,372.0
APLAPOLLO,2025-09-30,10.86,5206.0,302.0,447.0
APLAPOLLO,2025-12-31,11.17,5815.0,310.0,472.0
APLLTD,2022-12-31,6.2,1509.0,122.0,235.0
APLLTD,2023-03-31,7.76,1406.0,153.0,204.0
APLLTD,2023-06-30,6.14,1486.0,121.0,199.0
APLLTD,2023-09-30,6.95,1595.0,137.0,208.0
APLLTD,2023-12-31,9.18,1631.0,180.0,266.0
APLLTD,2024-03-31,9.07,1517.0,178.0,260.0
APLLTD,2024-06-30,6.85,1562.0,135.0,237.0
APLLTD,2024-09-30,7.8,1648.0,153.0,239.0
APLLTD,2024-12-31,7.04,1693.0,138.0,260.0
APLLTD,2025-03-31,7.98,1770.0,157.0,271.0
APLLTD,2025-06-30,7.85,1711.0,154.0,281.0
APLLTD,2025-09-30,9.4,1910.0,184.0,316.0
APLLTD,2025-12-31,6.76,1876.0,132.0,292.0
APOLLO,2022-12-31,0.32,82.0,7.0,20.0
APOLLO,2023-03-31,0.35,107.0,7.0,23.0
APOLLO,2023-06-30,0.08,58.0,2.0,13.0
APOLLO,2023-09-30,0.28,87.0,7.0,18.0
APOLLO,2023-12-31,0.35,91.0,10.0,24.0
APOLLO,2024-03-31,0.46,135.0,13.0,29.0
APOLLO,2024-06-30,0.28,91.0,8.0,22.0
APOLLO,2024-09-30,0.51,161.0,16.0,33.0
APOLLO,2024-12-31,0.6,148.0,18.0,38.0
APOLLO,2025-03-31,0.46,162.0,14.0,36.0
APOLLO,2025-06-30,0.55,134.0,18.0,41.0
APOLLO,2025-09-30,0.93,225.0,30.0,59.0
APOLLO,2025-12-31,0.72,252.0,23.0,50.0
APOLLOHOSP,2022-12-31,10.68,4264.0,162.0,484.0
APOLLOHOSP,2023-03-31,10.05,4302.0,146.0,488.0
APOLLOHOSP,2023-06-30,11.59,4418.0,173.0,509.0
APOLLOHOSP,2023-09-30,16.2,4847.0,249.0,628.0
APOLLOHOSP,2023-12-31,17.06,4851.0,254.0,614.0
APOLLOHOSP,2024-03-31,17.65,4944.0,258.0,640.0
APOLLOHOSP,2024-06-30,21.23,5086.0,316.0,675.0
APOLLOHOSP,2024-09-30,26.34,5589.0,396.0,816.0
APOLLOHOSP,2024-12-31,25.89,5527.0,379.0,762.0
APOLLOHOSP,2025-03-31,27.1,5592.0,414.0,770.0
APOLLOHOSP,2025-06-30,30.1,5842.0,441.0,852.0
APOLLOHOSP,2025-09-30,33.19,6304.0,494.0,941.0
APOLLOHOSP,2025-12-31,34.93,6477.0,516.0,965.0
APOLLOPIPE,2016-06-30,3.44,79.82,5.16,9.71
APOLLOPIPE,2016-09-30,1.05,56.27,3.15,6.96
APOLLOPIPE,2016-12-31,0.67,50.05,1.99,5.08
APOLLOPIPE,2017-03-31,3.62,70.67,5.43,9.48
APOLLOPIPE,2017-06-30,2.11,83.14,3.17,6.27
APOLLOPIPE,2024-03-31,1.71,255.6,6.9,25.41
APOLLOPIPE,2024-06-30,3.02,308.5,13.88,28.96
APOLLOPIPE,2024-09-30,1.01,250.44,3.95,19.41
APOLLOPIPE,2024-12-31,1.41,307.93,6.39,23.27
APOLLOPIPE,2025-03-31,2.22,314.78,9.87,24.04
APOLLOPIPE,2025-06-30,1.85,275.0,8.16,20.68
APOLLOPIPE,2025-09-30,0.37,235.71,1.39,15.77
APOLLOPIPE,2025-12-31,-0.74,247.18,-4.75,12.01
APOLLOTYRE,2022-12-31,4.6,6423.0,292.0,913.0
APOLLOTYRE,2023-03-31,6.46,6247.0,410.0,998.0
APOLLOTYRE,2023-06-30,6.25,6245.0,397.0,1051.0
APOLLOTYRE,2023-09-30,7.47,6280.0,474.0,1160.0
APOLLOTYRE,2023-12-31,7.82,6595.0,497.0,1208.0
APOLLOTYRE,2024-03-31,5.58,6258.0,354.0,1028.0
APOLLOTYRE,2024-06-30,4.76,6335.0,302.0,909.0
APOLLOTYRE,2024-09-30,4.68,6437.0,297.0,878.0
APOLLOTYRE,2024-12-31,5.31,6928.0,337.0,947.0
APOLLOTYRE,2025-03-31,2.91,6424.0,185.0,837.0
APOLLOTYRE,2025-06-30,0.2,6561.0,13.0,868.0
APOLLOTYRE,2025-09-30,4.06,6831.0,258.0,1021.0
APOLLOTYRE,2025-12-31,7.41,7743.0,471.0,1186.0
APOLSINHOT,2022-12-31,31.11,109.82,8.09,3.32
APOLSINHOT,2023-03-31,7.84,134.44,2.04,4.37
APOLSINHOT,2023-06-30,14.73,121.04,3.83,7.01
APOLSINHOT,2023-09-30,6.92,127.59,1.8,5.63
APOLSINHOT,2023-12-31,14.31,135.48,3.72,6.92
APOLSINHOT,2024-03-31,6.61,135.3,1.72,4.6
APOLSINHOT,2024-06-30,5.73,127.7,1.49,5.12
APOLSINHOT,2024-09-30,8.54,135.06,2.22,5.63
APOLSINHOT,2024-12-31,7.15,140.98,1.86,4.99
APOLSINHOT,2025-03-31,8.31,138.06,2.16,2.98
APOLSINHOT,2025-06-30,15.19,138.28,3.95,4.98
APOLSINHOT,2025-09-30,11.88,149.63,3.09,6.34
APOLSINHOT,2025-12-31,2.92,161.4,0.76,9.58
APTECHT,2022-12-31,3.06,117.46,17.77,22.67
APTECHT,2023-03-31,5.75,178.46,33.35,34.98
APTECHT,2023-06-30,1.4,122.78,8.11,13.88
APTECHT,2023-09-30,1.97,109.32,11.43,13.6
APTECHT,2023-12-31,1.16,100.64,6.75,9.09
APTECHT,2024-03-31,0.47,104.06,2.75,4.78
APTECHT,2024-06-30,0.87,104.71,5.06,7.02
APTECHT,2024-09-30,0.95,126.5,5.5,7.76
APTECHT,2024-12-31,0.62,110.21,3.58,6.44
APTECHT,2025-03-31,0.85,118.69,4.94,7.78
APTECHT,2025-06-30,1.16,120.43,6.73,7.33
APTECHT,2025-09-30,1.11,134.88,6.46,7.64
APTECHT,2025-12-31,1.48,137.11,8.56,13.63
APTUS,2022-12-31,2.52,,126.0,
APTUS,2023-03-31,2.72,,135.0,
APTUS,2023-06-30,2.86,,142.0,
APTUS,2023-09-30,2.97,,148.0,
APTUS,2023-12-31,3.16,,158.0,
APTUS,2024-03-31,3.29,,164.0,
APTUS,2024-06-30,3.44,,172.0,
APTUS,2024-09-30,3.64,,182.0,
APTUS,2024-12-31,3.81,,190.0,
APTUS,2025-03-31,4.14,,207.0,
APTUS,2025-06-30,4.39,,219.0,
APTUS,2025-09-30,4.53,,227.0,
APTUS,2025-12-31,4.72,,236.0,
AQYLON,2022-06-30,-0.15,0.0,-5.26,-0.16
AQYLON,2022-09-30,-0.15,0.0,-5.3,-0.19
AQYLON,2022-12-31,-0.15,0.0,-5.28,-0.17
AQYLON,2023-03-31,-0.16,0.0,-5.43,-0.32
AQYLON,2023-06-30,-0.15,0.0,-5.29,-0.18
AQYLON,2023-09-30,-0.15,0.0,-5.41,-0.3
AQYLON,2023-12-31,-0.15,0.32,-5.22,-0.11
AQYLON,2024-03-31,-0.21,2.45,-5.35,-2.27
AQYLON,2024-06-30,0.0,1.09,0.05,0.12
AQYLON,2024-09-30,-0.0,1.27,-0.09,-0.04
AQYLON,2024-12-31,-0.9,2.36,-22.79,-0.08
AQYLON,2025-03-31,0.02,1.39,0.44,0.37
AQYLON,2025-06-30,-0.07,0.03,-1.86,-0.71
ARCHIDPLY,2022-12-31,1.16,105.99,2.31,5.41
ARCHIDPLY,2023-03-31,1.29,114.09,2.56,6.4
ARCHIDPLY,2023-06-30,1.16,100.47,2.31,5.34
ARCHIDPLY,2023-09-30,1.45,109.09,2.89,6.34
ARCHIDPLY,2023-12-31,0.73,104.72,1.46,3.79
ARCHIDPLY,2024-03-31,0.22,121.39,0.43,6.12
ARCHIDPLY,2024-06-30,-1.26,113.18,-2.5,3.62
ARCHIDPLY,2024-09-30,-1.51,130.17,-3.0,3.75
ARCHIDPLY,2024-12-31,-0.88,150.76,-1.75,5.68
ARCHIDPLY,2025-03-31,-0.05,161.81,-0.1,8.83
ARCHIDPLY,2025-06-30,0.29,147.85,0.57,8.61
ARCHIDPLY,2025-09-30,1.33,175.72,2.65,10.66
ARCHIDPLY,2025-12-31,0.81,168.0,1.61,11.18
ARE&M,2022-12-31,12.99,2638.0,222.0,395.0
ARE&M,2023-03-31,8.34,2433.0,142.0,353.0
ARE&M,2023-06-30,11.61,2796.0,198.0,367.0
ARE&M,2023-09-30,13.96,2960.0,238.0,425.0
ARE&M,2023-12-31,15.68,3045.0,268.0,456.0
ARE&M,2024-03-31,12.55,2908.0,230.0,410.0
ARE&M,2024-06-30,13.61,3263.0,249.0,437.0
ARE&M,2024-09-30,12.87,3251.0,236.0,433.0
ARE&M,2024-12-31,16.3,3272.0,298.0,406.0
ARE&M,2025-03-31,8.83,3060.0,162.0,341.0
ARE&M,2025-06-30,9.0,3401.0,165.0,364.0
ARE&M,2025-09-30,15.11,3467.0,276.0,374.0
ARE&M,2025-12-31,7.66,3410.0,140.0,374.0
ARENTERP,2022-12-31,0.13,0.4,0.04,0.03
ARENTERP,2023-03-31,0.29,0.44,0.09,-0.04
ARENTERP,2023-06-30,0.26,0.48,0.08,-0.1
ARENTERP,2023-09-30,0.61,-0.0,0.19,-0.05
ARENTERP,2023-12-31,1.03,0.68,0.32,-0.01
ARENTERP,2024-03-31,0.45,0.42,0.14,-0.04
ARENTERP,2024-06-30,1.25,1.12,0.39,-0.06
ARENTERP,2024-09-30,0.68,0.38,0.21,-0.03
ARENTERP,2024-12-31,-0.26,-0.0,-0.08,-0.07
ARENTERP,2025-03-31,-0.93,0.07,-0.29,-0.17
ARENTERP,2025-06-30,0.77,0.3,0.24,-0.1
ARENTERP,2025-09-30,-0.23,0.09,-0.07,-0.04
ARENTERP,2025-12-31,0.29,0.07,0.09,-0.05
ARFIN,2024-03-31,0.14,136.8,2.18,8.28
ARFIN,2024-06-30,0.18,132.9,3.01,9.09
ARFIN,2024-09-30,0.15,149.11,2.58,9.68
ARFIN,2024-12-31,0.18,180.37,3.03,10.94
ARFIN,2025-03-31,0.03,153.37,0.53,6.58
ARFIN,2025-06-30,0.06,108.86,1.08,6.6
ARFIN,2025-09-30,0.15,127.94,2.45,9.35
ARFIN,2025-12-31,0.3,187.96,5.09,13.88
ARIES,2022-12-31,3.94,133.0,5.0,15.0
ARIES,2023-03-31,-7.21,93.0,-10.0,0.0
ARIES,2023-06-30,3.65,107.0,5.0,13.0
ARIES,2023-09-30,9.6,158.0,12.0,29.0
ARIES,2023-12-31,6.01,147.0,8.0,17.0
ARIES,2024-03-31,-4.32,107.0,-6.0,-1.0
ARIES,2024-06-30,5.59,135.0,7.0,15.0
ARIES,2024-09-30,14.51,194.0,19.0,34.0
ARIES,2024-12-31,8.9,170.0,11.0,22.0
ARIES,2025-03-31,-2.84,128.0,-4.0,1.0
ARIES,2025-06-30,7.71,161.0,10.0,22.0
ARIES,2025-09-30,15.39,204.0,20.0,38.0
ARIES,2025-12-31,13.26,202.0,17.0,29.0
ARIHANT,2022-12-31,1.08,10.0,1.0,4.0
ARIHANT,2023-03-31,1.0,14.0,1.0,-3.0
ARIHANT,2023-06-30,2.76,37.0,2.0,5.0
ARIHANT,2023-09-30,1.35,9.0,1.0,3.0
ARIHANT,2023-12-31,10.55,32.0,9.0,13.0
ARIHANT,2024-03-31,1.05,45.0,1.0,4.0
ARIHANT,2024-06-30,11.06,39.0,10.0,14.0
ARIHANT,2024-09-30,12.28,48.0,11.0,16.0
ARIHANT,2024-12-31,11.21,52.0,11.0,18.0
ARIHANT,2025-03-31,11.5,67.0,11.0,17.0
ARIHANT,2025-06-30,16.41,83.0,16.0,22.0
ARIHANT,2025-09-30,20.11,88.0,20.0,24.0
ARIHANT,2025-12-31,20.01,102.0,20.0,27.0
ARIHANTCAP,2022-12-31,0.69,33.55,7.16,12.56
ARIHANTCAP,2023-03-31,0.19,29.3,1.95,5.72
ARIHANTCAP,2023-06-30,1.11,42.79,11.58,17.39
ARIHANTCAP,2023-09-30,1.41,55.97,14.69,21.37
ARIHANTCAP,2023-12-31,1.88,72.66,19.59,29.49
ARIHANTCAP,2024-03-31,2.37,63.73,24.66,36.84
ARIHANTCAP,2024-06-30,1.81,72.81,18.81,29.91
ARIHANTCAP,2024-09-30,1.92,76.38,19.94,30.66
ARIHANTCAP,2024-12-31,1.18,51.79,12.25,16.64
ARIHANTCAP,2025-03-31,0.74,46.34,7.7,14.85
ARIHANTCAP,2025-06-30,1.22,50.77,12.7,20.3
ARIHANTCAP,2025-09-30,1.25,56.98,13.08,23.8
ARIHANTCAP,2025-12-31,0.47,49.05,5.18,13.93
ARIHANTSUP,2022-12-31,4.85,114.71,19.95,29.42
ARIHANTSUP,2023-03-31,0.05,65.39,0.21,9.94
ARIHANTSUP,2023-06-30,4.2,120.96,17.29,27.37
ARIHANTSUP,2023-09-30,3.9,108.91,16.06,25.35
ARIHANTSUP,2023-12-31,3.79,119.23,15.61,25.99
ARIHANTSUP,2024-03-31,4.24,155.37,17.44,30.9
ARIHANTSUP,2024-06-30,0.48,83.69,1.99,10.58
ARIHANTSUP,2024-09-30,3.88,111.8,15.97,28.9
ARIHANTSUP,2024-12-31,6.18,150.77,25.45,42.53
ARIHANTSUP,2025-03-31,2.74,152.58,11.27,22.26
ARIHANTSUP,2025-06-30,3.68,120.96,15.91,36.9
ARIHANTSUP,2025-09-30,2.3,122.65,9.96,29.96
ARIHANTSUP,2025-12-31,1.91,126.04,8.27,28.93
ARIS,2024-03-31,-171.62,206.0,-18.0,-10.0
ARIS,2024-06-30,52.16,190.0,6.0,15.0
ARIS,2024-09-30,-0.65,174.0,-2.0,13.0
ARIS,2024-12-31,0.08,182.0,2.0,12.0
ARIS,2025-03-31,-0.23,221.0,-1.0,10.0
ARIS,2025-06-30,0.41,212.0,5.0,18.0
ARIS,2025-09-30,1.76,241.0,15.0,23.0
ARIS,2025-12-31,1.88,271.0,18.0,30.0
ARKADE,2023-06-30,32.9,62.0,7.0,10.0
ARKADE,2023-09-30,3.15,211.0,48.0,65.0
ARKADE,2023-12-31,3.22,239.0,49.0,66.0
ARKADE,2024-03-31,1.29,123.0,20.0,27.0
ARKADE,2024-06-30,1.99,125.0,30.0,42.0
ARKADE,2024-09-30,2.34,202.0,43.0,59.0
ARKADE,2024-12-31,2.7,225.0,50.0,61.0
ARKADE,2025-03-31,1.79,131.0,33.0,44.0
ARKADE,2025-06-30,1.55,159.0,29.0,34.0
ARKADE,2025-09-30,2.47,264.0,46.0,63.0
ARKADE,2025-12-31,2.17,197.0,40.0,54.0
ARMANFIN,2022-12-31,25.88,,22.0,
ARMANFIN,2023-03-31,42.63,,36.0,
ARMANFIN,2023-06-30,47.02,,40.0,
ARMANFIN,2023-09-30,46.86,,41.0,
ARMANFIN,2023-12-31,42.91,,42.0,
ARMANFIN,2024-03-31,48.51,,51.0,
ARMANFIN,2024-06-30,29.87,,31.0,
ARMANFIN,2024-09-30,14.56,,15.0,
ARMANFIN,2024-12-31,-6.92,,-7.0,
ARMANFIN,2025-03-31,12.16,,13.0,
ARMANFIN,2025-06-30,-13.9,,-15.0,
ARMANFIN,2025-09-30,7.6,,8.0,
ARMANFIN,2025-12-31,21.1,,22.0,
ARROWGREEN,2022-12-31,2.43,31.0,4.0,8.0
ARROWGREEN,2023-03-31,8.46,48.0,13.0,19.0
ARROWGREEN,2023-06-30,6.19,44.0,9.0,14.0
ARROWGREEN,2023-09-30,3.38,29.0,5.0,9.0
ARROWGREEN,2023-12-31,3.25,25.0,5.0,7.0
ARROWGREEN,2024-03-31,6.71,51.0,10.0,16.0
ARROWGREEN,2024-06-30,13.36,66.0,20.0,28.0
ARROWGREEN,2024-09-30,12.37,65.0,19.0,26.0
ARROWGREEN,2024-12-31,8.52,55.0,13.0,18.0
ARROWGREEN,2025-03-31,7.58,57.0,11.0,16.0
ARROWGREEN,2025-06-30,7.22,42.0,11.0,14.0
ARROWGREEN,2025-09-30,10.43,61.0,16.0,21.0
ARROWGREEN,2025-12-31,8.82,56.0,13.0,19.0
ARSSBL,2024-06-30,6.9,211.0,31.0,76.0
ARSSBL,2024-09-30,7.45,231.0,33.0,86.0
ARSSBL,2024-12-31,4.86,204.0,22.0,77.0
ARSSBL,2025-03-31,4.15,200.0,18.0,73.0
ARSSBL,2025-06-30,5.14,201.0,23.0,75.0
ARSSBL,2025-09-30,4.45,227.0,28.0,93.0
ARSSBL,2025-12-31,5.9,248.0,37.0,101.0
ARSSBL,2026-03-31,6.63,256.0,42.0,110.0
ARTEMISMED,2022-12-31,0.78,187.0,10.0,26.0
ARTEMISMED,2023-03-31,0.79,195.0,11.0,26.0
ARTEMISMED,2023-06-30,0.72,210.0,10.0,28.0
ARTEMISMED,2023-09-30,1.0,225.0,14.0,34.0
ARTEMISMED,2023-12-31,0.85,219.0,12.0,33.0
ARTEMISMED,2024-03-31,1.04,225.0,14.0,38.0
ARTEMISMED,2024-06-30,1.22,223.0,17.0,36.0
ARTEMISMED,2024-09-30,1.62,241.0,22.0,42.0
ARTEMISMED,2024-12-31,1.5,232.0,21.0,37.0
ARTEMISMED,2025-03-31,1.67,240.0,23.0,36.0
ARTEMISMED,2025-06-30,1.53,255.0,21.0,41.0
ARTEMISMED,2025-09-30,2.16,275.0,30.0,51.0
ARTEMISMED,2025-12-31,1.41,272.0,22.0,45.0
ARVIND,2022-12-31,3.22,1980.0,87.0,186.0
ARVIND,2023-03-31,3.71,1881.0,97.0,191.0
ARVIND,2023-06-30,2.52,1853.0,70.0,180.0
ARVIND,2023-09-30,3.06,1922.0,84.0,206.0
ARVIND,2023-12-31,3.51,1888.0,94.0,216.0
ARVIND,2024-03-31,3.79,2075.0,104.0,243.0
ARVIND,2024-06-30,1.5,1831.0,44.0,150.0
ARVIND,2024-09-30,2.28,2188.0,63.0,221.0
ARVIND,2024-12-31,3.95,2089.0,106.0,236.0
ARVIND,2025-03-31,5.77,2221.0,155.0,245.0
ARVIND,2025-06-30,2.03,2006.0,55.0,177.0
ARVIND,2025-09-30,3.94,2371.0,107.0,247.0
ARVIND,2025-12-31,3.72,2373.0,101.0,273.0
ARVINDFASN,2022-12-31,0.61,1073.0,22.0,112.0
ARVINDFASN,2023-03-31,0.82,1055.0,29.0,113.0
ARVINDFASN,2023-06-30,-1.24,867.0,-5.0,93.0
ARVINDFASN,2023-09-30,1.63,1174.0,37.0,139.0
ARVINDFASN,2023-12-31,3.84,1125.0,65.0,143.0
ARVINDFASN,2024-03-31,1.83,1094.0,40.0,135.0
ARVINDFASN,2024-06-30,0.1,955.0,14.0,116.0
ARVINDFASN,2024-09-30,2.22,1273.0,45.0,162.0
ARVINDFASN,2024-12-31,2.0,1203.0,47.0,166.0
ARVINDFASN,2025-03-31,-6.99,1189.0,-72.0,159.0
ARVINDFASN,2025-06-30,0.94,1107.0,25.0,133.0
ARVINDFASN,2025-09-30,2.81,1418.0,56.0,187.0
ARVINDFASN,2025-12-31,1.91,1377.0,36.0,195.0
ARVSMART,2022-12-31,0.94,53.0,5.0,9.0
ARVSMART,2023-03-31,2.05,93.0,10.0,20.0
ARVSMART,2023-06-30,1.77,67.0,9.0,26.0
ARVSMART,2023-09-30,1.91,73.0,11.0,34.0
ARVSMART,2023-12-31,2.07,84.0,12.0,20.0
ARVSMART,2024-03-31,3.42,117.0,20.0,31.0
ARVSMART,2024-06-30,0.64,74.0,5.0,9.0
ARVSMART,2024-09-30,8.93,266.0,43.0,66.0
ARVSMART,2024-12-31,10.48,210.0,50.0,59.0
ARVSMART,2025-03-31,4.2,163.0,22.0,34.0
ARVSMART,2025-06-30,2.44,102.0,12.0,21.0
ARVSMART,2025-09-30,3.09,141.0,18.0,30.0
ARVSMART,2025-12-31,6.27,166.0,29.0,42.0
ASAHIINDIA,2022-12-31,3.45,1010.0,83.0,188.0
ASAHIINDIA,2023-03-31,2.84,1072.0,68.0,170.0
ASAHIINDIA,2023-06-30,4.27,1089.0,103.0,209.0
ASAHIINDIA,2023-09-30,3.57,1120.0,86.0,186.0
ASAHIINDIA,2023-12-31,2.61,1044.0,63.0,163.0
ASAHIINDIA,2024-03-31,3.04,1105.0,73.0,178.0
ASAHIINDIA,2024-06-30,3.21,1133.0,77.0,181.0
ASAHIINDIA,2024-09-30,3.93,1158.0,95.0,213.0
ASAHIINDIA,2024-12-31,4.34,1124.0,105.0,175.0
ASAHIINDIA,2025-03-31,3.8,1180.0,92.0,197.0
ASAHIINDIA,2025-06-30,2.31,1229.0,55.0,192.0
ASAHIINDIA,2025-09-30,2.22,1151.0,58.0,188.0
ASAHIINDIA,2025-12-31,3.9,1256.0,99.0,250.0
ASAHISONG,2022-12-31,-6.24,93.87,-8.98,-2.3
ASAHISONG,2023-03-31,-8.69,123.78,-11.68,-8.49
ASAHISONG,2023-06-30,-3.95,102.79,-5.85,-0.89
ASAHISONG,2023-09-30,20.0,95.33,22.71,5.4
ASAHISONG,2023-12-31,-0.87,102.15,-2.12,4.97
ASAHISONG,2024-03-31,1.83,125.97,0.91,8.78
ASAHISONG,2024-06-30,4.39,134.28,4.37,13.73
ASAHISONG,2024-09-30,3.26,141.61,3.31,13.49
ASAHISONG,2024-12-31,2.63,133.72,2.3,11.88
ASAHISONG,2025-03-31,6.48,152.75,6.87,17.07
ASAHISONG,2025-06-30,2.68,149.88,2.59,10.54
ASAHISONG,2025-09-30,1.91,120.9,2.09,9.5
ASAHISONG,2025-12-31,2.1,120.65,2.26,10.26
ASALCBR,2014-03-31,1.9,53.0,3.0,7.0
ASALCBR,2014-06-30,2.2,80.0,4.0,9.0
ASALCBR,2014-09-30,1.37,67.0,2.0,10.0
ASALCBR,2014-12-31,1.5,77.0,3.0,7.0
ASALCBR,2015-03-31,1.74,75.0,3.0,6.0
ASALCBR,2015-06-30,1.31,73.0,2.0,10.0
ASALCBR,2024-06-30,9.78,252.0,18.0,28.0
ASALCBR,2024-09-30,8.47,255.0,15.0,25.0
ASALCBR,2024-12-31,14.43,327.0,26.0,40.0
ASALCBR,2025-03-31,12.35,242.0,22.0,35.0
ASALCBR,2025-06-30,13.08,267.0,24.0,37.0
ASALCBR,2025-09-30,7.38,254.0,14.0,24.0
ASALCBR,2025-12-31,14.38,260.0,27.0,42.0
ASHAPURMIN,2022-12-31,3.58,535.0,29.0,58.0
ASHAPURMIN,2023-03-31,4.37,696.0,40.0,59.0
ASHAPURMIN,2023-06-30,11.24,1018.0,102.0,110.0
ASHAPURMIN,2023-09-30,6.49,554.0,58.0,30.0
ASHAPURMIN,2023-12-31,6.16,713.0,54.0,58.0
ASHAPURMIN,2024-03-31,7.49,440.0,67.0,48.0
ASHAPURMIN,2024-06-30,6.51,714.0,60.0,87.0
ASHAPURMIN,2024-09-30,4.64,604.0,43.0,64.0
ASHAPURMIN,2024-12-31,11.04,865.0,108.0,135.0
ASHAPURMIN,2025-03-31,9.05,555.0,79.0,84.0
ASHAPURMIN,2025-06-30,11.5,1356.0,114.0,182.0
ASHAPURMIN,2025-09-30,10.11,952.0,106.0,131.0
ASHAPURMIN,2025-12-31,8.82,960.0,76.0,114.0
ASHIANA,2022-12-31,0.88,130.0,9.0,10.0
ASHIANA,2023-03-31,1.01,111.0,10.0,9.0
ASHIANA,2023-06-30,1.06,121.0,11.0,8.0
ASHIANA,2023-09-30,2.72,346.0,27.0,33.0
ASHIANA,2023-12-31,2.77,184.0,28.0,33.0
ASHIANA,2024-03-31,1.73,290.0,17.0,20.0
ASHIANA,2024-06-30,-0.54,123.0,-5.0,-6.0
ASHIANA,2024-09-30,-0.75,55.0,-8.0,-12.0
ASHIANA,2024-12-31,1.08,133.0,11.0,17.0
ASHIANA,2025-03-31,2.02,218.0,20.0,18.0
ASHIANA,2025-06-30,1.27,293.0,13.0,12.0
ASHIANA,2025-09-30,2.74,166.0,28.0,29.0
ASHIANA,2025-12-31,5.64,362.0,57.0,68.0
ASHIKA,2025-06-30,13.2,,50.21,
ASHIKA,2025-09-30,3.31,,12.49,
ASHIKA,2025-12-31,-0.02,,-0.31,
ASHIMASYN,2021-12-31,-0.1,68.15,-1.95,-0.39
ASHIMASYN,2022-03-31,1.53,58.66,29.37,-6.38
ASHIMASYN,2023-06-30,-0.08,53.35,-1.57,-0.35
ASHIMASYN,2023-09-30,-0.07,3.36,-1.27,3.21
ASHIMASYN,2023-12-31,0.18,6.26,3.44,4.22
ASHIMASYN,2024-03-31,5.0,78.66,95.82,63.3
ASHIMASYN,2024-06-30,0.07,7.84,1.35,5.88
ASHIMASYN,2024-09-30,-0.62,5.28,-11.92,3.39
ASHIMASYN,2024-12-31,-0.6,2.17,-11.55,-3.89
ASHIMASYN,2025-03-31,0.17,0.81,3.25,-1.19
ASHIMASYN,2025-06-30,-0.13,2.77,-2.53,0.08
ASHIMASYN,2025-09-30,-0.42,4.01,-8.08,-2.17
ASHIMASYN,2025-12-31,-0.14,0.78,-2.74,-1.98
ASHOKA,2022-12-31,4.85,1956.0,138.0,490.0
ASHOKA,2023-03-31,-1.49,2448.0,-45.0,556.0
ASHOKA,2023-06-30,2.41,1935.0,72.0,473.0
ASHOKA,2023-09-30,4.0,2154.0,119.0,546.0
ASHOKA,2023-12-31,3.43,2657.0,99.0,587.0
ASHOKA,2024-03-31,8.89,3052.0,254.0,626.0
ASHOKA,2024-06-30,5.36,2465.0,158.0,599.0
ASHOKA,2024-09-30,16.28,2489.0,462.0,905.0
ASHOKA,2024-12-31,23.32,2388.0,662.0,639.0
ASHOKA,2025-03-31,15.4,2694.0,452.0,777.0
ASHOKA,2025-06-30,7.74,1887.0,227.0,599.0
ASHOKA,2025-09-30,2.78,1851.0,91.0,585.0
ASHOKA,2025-12-31,75.21,1827.0,2111.0,435.0
ASHOKAMET,2022-09-30,0.45,18.45,1.12,0.73
ASHOKAMET,2023-03-31,0.5,19.25,1.25,1.87
ASHOKAMET,2023-06-30,0.28,14.22,0.71,1.22
ASHOKAMET,2023-09-30,0.14,5.91,0.35,0.22
ASHOKAMET,2023-12-31,0.15,6.73,0.38,0.44
ASHOKAMET,2024-03-31,1.43,39.39,3.57,5.13
ASHOKAMET,2024-06-30,0.61,11.26,1.52,0.88
ASHOKAMET,2024-09-30,1.39,14.33,3.48,3.85
ASHOKAMET,2024-12-31,0.72,6.88,1.79,2.17
ASHOKAMET,2025-03-31,0.22,6.49,0.54,-3.17
ASHOKAMET,2025-06-30,0.45,5.45,1.13,0.52
ASHOKAMET,2025-09-30,1.18,5.21,2.96,1.12
ASHOKAMET,2025-12-31,1.8,6.69,4.49,2.44
ASHOKLEY,2022-12-31,0.54,10400.0,351.0,1344.0
ASHOKLEY,2023-03-31,1.28,13203.0,803.0,1958.0
ASHOKLEY,2023-06-30,0.93,9691.0,584.0,1509.0
ASHOKLEY,2023-09-30,0.9,11429.0,569.0,1870.0
ASHOKLEY,2023-12-31,0.95,11093.0,609.0,1961.0
ASHOKLEY,2024-03-31,1.45,13542.0,934.0,2567.0
ASHOKLEY,2024-06-30,0.87,10724.0,551.0,1868.0
ASHOKLEY,2024-09-30,1.2,11148.0,767.0,2040.0
ASHOKLEY,2024-12-31,1.3,11995.0,820.0,2336.0
ASHOKLEY,2025-03-31,1.92,14696.0,1246.0,2991.0
ASHOKLEY,2025-06-30,1.04,11709.0,658.0,2173.0
ASHOKLEY,2025-09-30,1.29,12577.0,820.0,2441.0
ASHOKLEY,2025-12-31,1.38,14830.0,862.0,2822.0
ASIANENE,2022-12-31,-2.75,29.0,-10.0,-3.0
ASIANENE,2023-03-31,-1.72,29.0,-7.0,-3.0
ASIANENE,2023-06-30,-0.8,46.0,-3.0,-1.0
ASIANENE,2023-09-30,0.27,45.0,1.0,4.0
ASIANENE,2023-12-31,3.3,95.0,13.0,15.0
ASIANENE,2024-03-31,3.56,119.0,15.0,25.0
ASIANENE,2024-06-30,0.5,60.0,2.0,6.0
ASIANENE,2024-09-30,2.07,98.0,9.0,15.0
ASIANENE,2024-12-31,1.84,92.0,8.0,13.0
ASIANENE,2025-03-31,5.03,215.0,23.0,31.0
ASIANENE,2025-06-30,1.24,115.0,6.0,11.0
ASIANENE,2025-09-30,-0.85,102.0,-4.0,8.0
ASIANENE,2025-12-31,3.9,235.0,18.0,28.0
ASIANHOTNR,2019-12-31,-4.56,75.0,-9.0,20.0
ASIANHOTNR,2020-03-31,-14.19,55.0,-30.0,7.0
ASIANHOTNR,2020-06-30,-13.67,8.0,-29.0,-11.0
ASIANHOTNR,2020-09-30,-16.83,11.0,-36.0,-8.0
ASIANHOTNR,2020-12-31,-5.77,22.0,-12.0,-2.0
ASIANHOTNR,2021-03-31,-320.61,32.0,-618.0,-2.0
ASIANHOTNR,2021-06-30,-20.65,13.0,-40.0,-10.0
ASIANHOTNR,2021-09-30,-162.14,35.0,-344.0,4.0
ASIANHOTNR,2021-12-31,-12.38,47.0,-25.0,11.0
ASIANHOTNR,2022-03-31,-23.49,36.0,-45.0,1.0
ASIANHOTNR,2022-06-30,-17.18,53.0,-33.0,3.0
ASIANHOTNR,2022-09-30,-15.34,60.0,-30.0,9.0
ASIANHOTNR,2022-12-31,-8.68,69.0,-17.0,19.0
ASIANPAINT,2022-12-31,11.18,8637.0,1097.0,1611.0
ASIANPAINT,2023-03-31,12.87,8787.0,1258.0,1865.0
ASIANPAINT,2023-06-30,16.16,9182.0,1575.0,2121.0
ASIANPAINT,2023-09-30,12.57,8479.0,1232.0,1716.0
ASIANPAINT,2023-12-31,15.09,9103.0,1475.0,2056.0
ASIANPAINT,2024-03-31,13.1,8731.0,1275.0,1691.0
ASIANPAINT,2024-06-30,12.2,8970.0,1187.0,1694.0
ASIANPAINT,2024-09-30,7.24,8028.0,694.0,1240.0
ASIANPAINT,2024-12-31,11.58,8549.0,1128.0,1637.0
ASIANPAINT,2025-03-31,7.22,8359.0,701.0,1436.0
ASIANPAINT,2025-06-30,11.47,8939.0,1117.0,1625.0
ASIANPAINT,2025-09-30,10.36,8531.0,1018.0,1503.0
ASIANPAINT,2025-12-31,11.05,8867.0,1074.0,1781.0
ASIANTILES,2022-12-31,-1.78,399.0,-27.0,-29.0
ASIANTILES,2023-03-31,-3.53,456.0,-48.0,-44.0
ASIANTILES,2023-06-30,-0.19,335.0,-4.0,10.0
ASIANTILES,2023-09-30,-0.1,401.0,-3.0,20.0
ASIANTILES,2023-12-31,-0.49,371.0,-8.0,2.0
ASIANTILES,2024-03-31,-0.19,424.0,-5.0,20.0
ASIANTILES,2024-06-30,-0.15,360.0,-2.0,16.0
ASIANTILES,2024-09-30,0.51,384.0,5.0,15.0
ASIANTILES,2024-12-31,-0.31,366.0,-4.0,13.0
ASIANTILES,2025-03-31,0.53,493.0,7.0,22.0
ASIANTILES,2025-06-30,0.51,388.0,7.0,25.0
ASIANTILES,2025-09-30,0.7,407.0,17.0,37.0
ASIANTILES,2025-12-31,0.87,424.0,19.0,41.0
ASKAUTOLTD,2022-12-31,1.48,637.0,29.0,55.0
ASKAUTOLTD,2023-03-31,1.14,569.0,23.0,48.0
ASKAUTOLTD,2023-06-30,1.77,657.0,35.0,64.0
ASKAUTOLTD,2023-09-30,2.09,794.0,41.0,74.0
ASKAUTOLTD,2023-12-31,2.53,762.0,50.0,80.0
ASKAUTOLTD,2024-03-31,2.42,783.0,48.0,82.0
ASKAUTOLTD,2024-06-30,2.88,862.0,57.0,101.0
ASKAUTOLTD,2024-09-30,3.41,974.0,67.0,117.0
ASKAUTOLTD,2024-12-31,3.34,915.0,66.0,111.0
ASKAUTOLTD,2025-03-31,2.92,850.0,58.0,104.0
ASKAUTOLTD,2025-06-30,3.35,891.0,66.0,120.0
ASKAUTOLTD,2025-09-30,4.05,1054.0,80.0,137.0
ASKAUTOLTD,2025-12-31,4.05,1084.0,80.0,141.0
ASMS,2020-03-31,-3.87,15.0,-13.0,1.0
ASMS,2020-06-30,-3.75,14.0,-13.0,1.0
ASMS,2020-09-30,-3.71,16.0,-13.0,1.0
ASMS,2020-12-31,-3.81,15.0,-13.0,1.0
ASMS,2021-03-31,-3.19,18.0,-11.0,2.0
ASMS,2021-06-30,-3.87,15.0,-13.0,1.0
ASMS,2021-09-30,-3.68,16.0,-13.0,2.0
ASMS,2021-12-31,-3.66,16.0,-12.0,2.0
ASMS,2022-03-31,-3.57,18.0,-12.0,2.0
ASMS,2022-06-30,-3.99,15.0,-14.0,1.0
ASMS,2022-09-30,-3.79,14.0,-13.0,1.0
ASMS,2022-12-31,-0.33,11.0,-1.0,0.0
ASMS,2023-03-31,14.44,12.0,440.0,0.0
ASPINWALL,2022-12-31,2.37,65.05,1.85,4.27
ASPINWALL,2023-03-31,1.93,65.53,1.51,2.24
ASPINWALL,2023-06-30,1.94,72.4,1.52,0.75
ASPINWALL,2023-09-30,1.14,59.26,0.89,2.66
ASPINWALL,2023-12-31,3.36,86.09,2.63,3.21
ASPINWALL,2024-03-31,7.21,77.89,5.64,2.48
ASPINWALL,2024-06-30,4.69,82.98,3.67,4.26
ASPINWALL,2024-09-30,4.83,74.0,3.78,4.67
ASPINWALL,2024-12-31,6.17,89.77,4.82,6.22
ASPINWALL,2025-03-31,2.89,89.21,2.26,3.72
ASPINWALL,2025-06-30,-4.18,90.0,-3.27,-1.78
ASPINWALL,2025-09-30,3.58,83.19,2.8,0.09
ASPINWALL,2025-12-31,9.75,113.66,7.62,10.17
ASTAR,2022-12-31,8.31,808.26,13.31,29.23
ASTAR,2023-03-31,10.86,1078.35,17.17,37.61
ASTAR,2023-06-30,14.29,924.49,23.54,30.14
ASTAR,2023-09-30,11.03,921.51,17.21,31.96
ASTAR,2023-12-31,11.26,690.96,18.25,27.32
ASTAR,2024-03-31,11.66,986.34,18.58,28.42
ASTAR,2024-06-30,11.54,759.2,17.49,27.32
ASTAR,2024-09-30,10.73,654.0,18.99,26.34
ASTAR,2024-12-31,7.52,688.25,11.15,22.62
ASTAR,2025-03-31,-2.8,854.31,-6.13,4.62
ASTAR,2025-06-30,12.08,716.54,19.34,21.74
ASTAR,2025-09-30,7.31,759.4,12.13,24.45
ASTAR,2025-12-31,6.11,660.09,9.41,12.06
ASTEC,2023-03-31,-2.22,126.97,-4.97,5.41
ASTEC,2023-06-30,-3.66,142.85,-8.18,3.13
ASTEC,2023-09-30,-6.0,110.79,-13.42,-3.43
ASTEC,2023-12-31,-10.86,50.79,-24.32,-18.34
ASTEC,2024-03-31,-0.43,153.75,-0.96,12.7
ASTEC,2024-06-30,-17.73,69.37,-39.71,-46.25
ASTEC,2024-09-30,-17.21,98.55,-38.55,-19.74
ASTEC,2024-12-31,-18.03,93.86,-40.37,-5.74
ASTEC,2025-03-31,-7.18,119.53,-16.08,5.53
ASTEC,2025-06-30,-14.75,91.08,-33.03,-10.99
ASTEC,2025-09-30,-10.96,73.72,-24.42,-6.69
ASTEC,2025-12-31,-7.05,124.72,-15.69,3.98
ASTEC,2026-03-31,-3.48,158.62,-7.75,9.16
ASTERDM,2023-03-31,3.42,807.0,183.0,120.0
ASTERDM,2023-06-30,0.1,841.0,20.0,119.0
ASTERDM,2023-09-30,-0.62,929.0,-15.0,142.0
ASTERDM,2023-12-31,3.59,955.0,209.0,149.0
ASTERDM,2024-03-31,-0.48,974.0,-2.0,156.0
ASTERDM,2024-06-30,103.0,1002.0,5152.0,161.0
ASTERDM,2024-09-30,1.94,1086.0,106.0,217.0
ASTERDM,2024-12-31,1.14,1050.0,64.0,186.0
ASTERDM,2025-03-31,1.58,1000.0,86.0,182.0
ASTERDM,2025-06-30,1.65,1078.0,94.0,202.0
ASTERDM,2025-09-30,2.12,1197.0,121.0,236.0
ASTERDM,2025-12-31,1.01,1186.0,59.0,202.0
ASTERDM,2026-03-31,2.71,1182.0,154.0,224.0
ASTRAL,2022-12-31,3.46,1268.0,95.0,186.0
ASTRAL,2023-03-31,7.66,1506.0,206.0,307.0
ASTRAL,2023-06-30,4.46,1283.0,119.0,202.0
ASTRAL,2023-09-30,4.88,1363.0,132.0,220.0
ASTRAL,2023-12-31,4.23,1370.0,113.0,205.0
ASTRAL,2024-03-31,6.76,1625.0,181.0,291.0
ASTRAL,2024-06-30,4.48,1384.0,120.0,214.0
ASTRAL,2024-09-30,4.09,1370.0,109.0,210.0
ASTRAL,2024-12-31,4.25,1397.0,113.0,219.0
ASTRAL,2025-03-31,6.67,1681.0,178.0,302.0
ASTRAL,2025-06-30,3.02,1361.0,79.0,185.0
ASTRAL,2025-09-30,5.02,1577.0,135.0,257.0
ASTRAL,2025-12-31,4.01,1542.0,108.0,237.0
ASTRAMICRO,2022-12-31,3.2,220.0,28.0,51.0
ASTRAMICRO,2023-03-31,1.56,258.0,14.0,33.0
ASTRAMICRO,2023-06-30,-0.71,134.0,-7.0,3.0
ASTRAMICRO,2023-09-30,3.16,190.0,30.0,42.0
ASTRAMICRO,2023-12-31,4.57,231.0,43.0,66.0
ASTRAMICRO,2024-03-31,5.73,354.0,54.0,81.0
ASTRAMICRO,2024-06-30,0.76,155.0,7.0,24.0
ASTRAMICRO,2024-09-30,2.67,230.0,25.0,49.0
ASTRAMICRO,2024-12-31,5.0,259.0,47.0,76.0
ASTRAMICRO,2025-03-31,7.74,408.0,73.0,118.0
ASTRAMICRO,2025-06-30,1.71,200.0,16.0,41.0
ASTRAMICRO,2025-09-30,2.52,215.0,24.0,48.0
ASTRAMICRO,2025-12-31,4.93,260.0,47.0,83.0
ATALREAL,2024-06-30,0.02,3.49,0.2,0.62
ATALREAL,2024-09-30,0.16,28.42,1.81,2.9
ATALREAL,2024-12-31,0.09,20.12,1.03,1.98
ATALREAL,2025-03-31,0.04,43.69,0.49,2.12
ATALREAL,2025-06-30,0.06,10.6,0.66,1.11
ATALREAL,2025-09-30,0.09,19.74,1.04,2.54
ATALREAL,2025-12-31,0.14,29.51,1.71,2.86
ATGL,2023-03-31,0.89,1115.0,98.0,189.0
ATGL,2023-06-30,1.37,1056.0,150.0,248.0
ATGL,2023-09-30,1.57,1096.0,173.0,280.0
ATGL,2023-12-31,1.61,1156.0,177.0,288.0
ATGL,2024-03-31,1.53,1167.0,168.0,288.0
ATGL,2024-06-30,1.56,1145.0,172.0,295.0
ATGL,2024-09-30,1.69,1219.0,186.0,306.0
ATGL,2024-12-31,1.29,1294.0,142.0,265.0
ATGL,2025-03-31,1.41,1341.0,155.0,266.0
ATGL,2025-06-30,1.5,1379.0,165.0,293.0
ATGL,2025-09-30,1.49,1451.0,163.0,295.0
ATGL,2025-12-31,1.44,1507.0,159.0,305.0
ATGL,2026-03-31,1.53,1557.0,168.0,301.0
ATL,2022-12-31,,175.0,13.0,36.0
ATL,2023-03-31,,184.0,13.0,26.0
ATL,2023-06-30,0.32,181.0,9.0,29.0
ATL,2023-09-30,0.42,185.0,12.0,32.0
ATL,2023-12-31,0.51,185.0,15.0,29.0
ATL,2024-03-31,0.31,182.0,9.0,27.0
ATL,2024-06-30,0.33,190.0,10.0,30.0
ATL,2024-09-30,0.39,195.0,11.0,32.0
ATL,2024-12-31,0.41,187.0,12.0,32.0
ATL,2025-03-31,-0.06,186.0,-2.0,34.0
ATL,2025-06-30,0.31,187.0,9.0,35.0
ATL,2025-09-30,0.39,207.0,11.0,40.0
ATL,2025-12-31,0.51,218.0,15.0,43.0
ATLANTAA,2022-12-31,0.7,23.43,5.7,14.08
ATLANTAA,2023-03-31,-4.42,3.87,-36.06,-4.07
ATLANTAA,2023-06-30,0.16,13.82,1.32,8.4
ATLANTAA,2023-09-30,38.07,13.01,311.16,7.38
ATLANTAA,2023-12-31,0.29,14.57,2.4,10.5
ATLANTAA,2024-03-31,18.76,91.37,152.96,26.96
ATLANTAA,2024-06-30,1.63,15.41,13.29,7.26
ATLANTAA,2024-09-30,-0.21,13.43,-1.69,6.31
ATLANTAA,2024-12-31,2.66,14.07,21.65,5.04
ATLANTAA,2025-03-31,1.14,25.18,9.33,14.15
ATLANTAA,2025-06-30,-0.21,14.54,-1.71,8.0
ATLANTAA,2025-09-30,-2.55,12.11,-20.81,-16.36
ATLANTAA,2025-12-31,-0.1,16.73,-0.8,6.22
ATLASCYCLE,2021-03-31,-16.74,4.63,-10.89,-10.24
ATLASCYCLE,2021-06-30,-7.75,0.74,-5.04,-4.13
ATLASCYCLE,2021-09-30,-10.61,1.56,-6.9,-6.09
ATLASCYCLE,2021-12-31,-9.86,0.19,-6.41,-5.67
ATLASCYCLE,2022-03-31,-17.56,0.93,-11.42,-10.83
ATLASCYCLE,2022-06-30,-8.63,0.9,-5.61,-5.0
ATLASCYCLE,2022-09-30,-13.28,0.66,-8.64,-8.07
ATLASCYCLE,2022-12-31,-5.6,0.18,-3.64,-3.06
ATLASCYCLE,2023-03-31,-12.35,0.0,-8.03,-7.47
ATLASCYCLE,2023-06-30,-0.62,0.0,-0.4,-0.92
ATLASCYCLE,2023-09-30,-4.17,1.63,-2.71,-2.7
ATLASCYCLE,2023-12-31,-4.41,1.3,-2.87,-2.44
ATLASCYCLE,2024-03-31,10.19,3.3,6.63,-43.26
ATUL,2023-03-31,31.7,1195.0,92.0,149.0
ATUL,2023-06-30,35.02,1182.0,102.0,182.0
ATUL,2023-09-30,30.6,1194.0,91.0,155.0
ATUL,2023-12-31,24.04,1138.0,72.0,152.0
ATUL,2024-03-31,19.84,1212.0,59.0,148.0
ATUL,2024-06-30,38.0,1322.0,112.0,223.0
ATUL,2024-09-30,46.47,1393.0,140.0,243.0
ATUL,2024-12-31,36.93,1417.0,117.0,224.0
ATUL,2025-03-31,42.97,1452.0,130.0,223.0
ATUL,2025-06-30,43.4,1478.0,132.0,236.0
ATUL,2025-09-30,60.88,1552.0,182.0,267.0
ATUL,2025-12-31,54.6,1574.0,164.0,247.0
ATUL,2026-03-31,71.38,1670.0,211.0,281.0
ATULAUTO,2022-12-31,1.75,133.0,4.0,14.0
ATULAUTO,2023-03-31,1.61,150.0,3.0,14.0
ATULAUTO,2023-06-30,-3.47,60.0,-9.0,-4.0
ATULAUTO,2023-09-30,2.74,153.0,7.0,17.0
ATULAUTO,2023-12-31,1.83,154.0,4.0,14.0
ATULAUTO,2024-03-31,1.92,160.0,5.0,13.0
ATULAUTO,2024-06-30,0.48,135.0,1.0,8.0
ATULAUTO,2024-09-30,1.95,182.0,5.0,13.0
ATULAUTO,2024-12-31,2.79,195.0,7.0,17.0
ATULAUTO,2025-03-31,2.58,211.0,6.0,15.0
ATULAUTO,2025-06-30,1.06,153.0,2.0,10.0
ATULAUTO,2025-09-30,3.3,200.0,8.0,19.0
ATULAUTO,2025-12-31,5.53,231.0,15.0,28.0
AURIONPRO,2022-12-31,5.48,168.0,26.0,37.0
AURIONPRO,2023-03-31,5.5,191.0,27.0,40.0
AURIONPRO,2023-06-30,6.68,199.0,32.0,44.0
AURIONPRO,2023-09-30,6.87,211.0,34.0,46.0
AURIONPRO,2023-12-31,7.57,231.0,38.0,51.0
AURIONPRO,2024-03-31,7.49,247.0,39.0,53.0
AURIONPRO,2024-06-30,7.87,262.0,45.0,56.0
AURIONPRO,2024-09-30,8.16,278.0,46.0,56.0
AURIONPRO,2024-12-31,8.57,306.0,48.0,64.0
AURIONPRO,2025-03-31,9.12,327.0,51.0,66.0
AURIONPRO,2025-06-30,9.29,337.0,51.0,68.0
AURIONPRO,2025-09-30,9.84,358.0,56.0,72.0
AURIONPRO,2025-12-31,7.63,371.0,44.0,75.0
AUROPHARMA,2022-12-31,8.38,6407.0,491.0,954.0
AUROPHARMA,2023-03-31,8.64,6473.0,506.0,996.0
AUROPHARMA,2023-06-30,9.74,6851.0,570.0,1149.0
AUROPHARMA,2023-09-30,12.92,7219.0,752.0,1373.0
AUROPHARMA,2023-12-31,15.98,7352.0,940.0,1599.0
AUROPHARMA,2024-03-31,15.51,7580.0,907.0,1660.0
AUROPHARMA,2024-06-30,15.69,7567.0,918.0,1618.0
AUROPHARMA,2024-09-30,14.07,7796.0,817.0,1566.0
AUROPHARMA,2024-12-31,14.56,7979.0,846.0,1578.0
AUROPHARMA,2025-03-31,15.56,8382.0,903.0,1760.0
AUROPHARMA,2025-06-30,14.2,7868.0,824.0,1603.0
AUROPHARMA,2025-09-30,14.61,8286.0,848.0,1678.0
AUROPHARMA,2025-12-31,15.67,8646.0,910.0,1773.0
AURUM,2023-03-31,-0.82,45.0,-10.0,-2.0
AURUM,2023-06-30,-1.76,44.0,-16.0,-2.0
AURUM,2023-09-30,-2.81,53.0,-24.0,-8.0
AURUM,2023-12-31,-2.59,57.0,-21.0,-2.0
AURUM,2024-03-31,-1.55,60.0,-5.0,15.0
AURUM,2024-06-30,-3.67,65.0,-11.0,8.0
AURUM,2024-09-30,-3.27,64.0,-12.0,11.0
AURUM,2024-12-31,-2.26,65.0,-9.0,12.0
AURUM,2025-03-31,-2.46,68.0,-10.0,14.0
AURUM,2025-06-30,-1.33,68.0,-10.0,13.0
AURUM,2025-09-30,-1.19,82.0,-8.0,21.0
AURUM,2025-12-31,0.45,112.0,3.0,27.0
AURUM,2026-03-31,2.31,124.0,16.0,28.0
AUSOMENT,2022-12-31,-0.17,0.96,-0.23,-1.22
AUSOMENT,2023-03-31,-3.19,129.44,-4.35,-5.71
AUSOMENT,2023-06-30,3.04,0.11,4.14,1.99
AUSOMENT,2023-09-30,0.96,65.13,1.31,-0.29
AUSOMENT,2023-12-31,0.65,195.43,0.88,-0.11
AUSOMENT,2024-03-31,2.07,707.68,2.82,2.11
AUSOMENT,2024-06-30,4.71,865.52,6.41,4.61
AUSOMENT,2024-09-30,1.42,0.17,1.94,-0.01
AUSOMENT,2024-12-31,0.12,0.2,0.16,-1.05
AUSOMENT,2025-03-31,8.1,1526.64,11.04,4.49
AUSOMENT,2025-06-30,10.85,471.05,14.78,12.42
AUSOMENT,2025-09-30,1.33,119.1,1.81,-0.13
AUSOMENT,2025-12-31,1.51,54.34,2.06,0.58
AUTOIND,2022-12-31,1.17,153.4,4.48,13.02
AUTOIND,2023-03-31,-1.44,148.74,-5.97,6.65
AUTOIND,2023-06-30,0.36,149.39,1.26,10.52
AUTOIND,2023-09-30,0.9,161.57,3.31,12.31
AUTOIND,2023-12-31,1.1,153.77,4.19,12.5
AUTOIND,2024-03-31,1.98,189.42,7.72,17.67
AUTOIND,2024-06-30,1.38,151.13,5.29,15.88
AUTOIND,2024-09-30,1.26,156.36,4.9,15.32
AUTOIND,2024-12-31,0.24,156.07,1.02,16.87
AUTOIND,2025-03-31,1.51,194.99,6.52,20.21
AUTOIND,2025-06-30,0.11,151.98,0.51,13.58
AUTOIND,2025-09-30,0.61,173.31,2.78,16.99
AUTOIND,2025-12-31,1.06,209.46,4.83,19.68
AVAILFC,2022-12-31,26.51,0.0,27.0,0.0
AVAILFC,2023-03-31,37.75,0.0,39.0,0.0
AVAILFC,2023-06-30,21.34,0.0,22.0,0.0
AVAILFC,2023-09-30,15.23,0.0,16.0,0.0
AVAILFC,2023-12-31,47.63,0.0,49.0,0.0
AVAILFC,2024-03-31,32.25,0.0,33.0,0.0
AVAILFC,2024-06-30,34.75,0.0,35.0,0.0
AVAILFC,2024-09-30,15.72,0.0,16.0,0.0
AVAILFC,2024-12-31,20.23,0.0,21.0,0.0
AVAILFC,2025-03-31,31.42,0.0,32.0,0.0
AVAILFC,2025-06-30,36.74,0.0,37.0,0.0
AVAILFC,2025-09-30,22.88,0.0,23.0,0.0
AVAILFC,2025-12-31,26.09,0.0,27.0,0.0
AVALON,2022-12-31,1.01,233.0,6.0,20.0
AVALON,2023-03-31,3.92,272.0,23.0,41.0
AVALON,2023-06-30,1.08,235.0,7.0,16.0
AVALON,2023-09-30,1.11,201.0,7.0,13.0
AVALON,2023-12-31,1.0,214.0,7.0,17.0
AVALON,2024-03-31,1.07,217.0,7.0,17.0
AVALON,2024-06-30,-0.35,199.0,-2.0,4.0
AVALON,2024-09-30,2.65,275.0,17.0,30.0
AVALON,2024-12-31,3.63,281.0,24.0,35.0
AVALON,2025-03-31,3.67,343.0,24.0,41.0
AVALON,2025-06-30,2.14,323.0,14.0,30.0
AVALON,2025-09-30,3.74,382.0,25.0,39.0
AVALON,2025-12-31,4.88,418.0,33.0,48.0
AVANTEL,2023-03-31,0.36,52.53,9.63,18.14
AVANTEL,2023-06-30,0.3,68.95,8.01,14.25
AVANTEL,2023-09-30,0.61,54.33,16.07,24.95
AVANTEL,2023-12-31,0.62,59.33,16.32,24.44
AVANTEL,2024-03-31,0.46,41.76,12.15,18.16
AVANTEL,2024-06-30,0.28,51.76,7.38,14.16
AVANTEL,2024-09-30,0.87,77.42,22.9,34.69
AVANTEL,2024-12-31,0.76,70.68,20.08,32.05
AVANTEL,2025-03-31,0.23,49.26,6.08,11.61
AVANTEL,2025-06-30,0.12,51.91,3.23,10.45
AVANTEL,2025-09-30,0.16,55.42,4.27,11.32
AVANTEL,2025-12-31,0.1,51.72,2.74,12.54
AVANTEL,2026-03-31,0.18,63.83,4.77,13.59
AVANTIFEED,2022-12-31,4.58,1103.0,71.0,80.0
AVANTIFEED,2023-03-31,6.85,1093.0,101.0,134.0
AVANTIFEED,2023-06-30,7.81,1554.0,115.0,138.0
AVANTIFEED,2023-09-30,5.45,1278.0,83.0,94.0
AVANTIFEED,2023-12-31,5.32,1253.0,83.0,97.0
AVANTIFEED,2024-03-31,7.64,1284.0,113.0,130.0
AVANTIFEED,2024-06-30,9.41,1506.0,138.0,160.0
AVANTIFEED,2024-09-30,8.34,1355.0,121.0,136.0
AVANTIFEED,2024-12-31,9.92,1366.0,141.0,160.0
AVANTIFEED,2025-03-31,11.14,1382.0,157.0,177.0
AVANTIFEED,2025-06-30,13.09,1606.0,186.0,214.0
AVANTIFEED,2025-09-30,11.25,1609.0,169.0,193.0
AVANTIFEED,2025-12-31,10.96,1384.0,163.0,176.0
AVG,2022-12-31,1.15,106.46,1.35,18.73
AVG,2023-03-31,9.4,112.87,11.07,26.45
AVG,2023-06-30,2.15,100.34,2.53,18.57
AVG,2023-09-30,1.46,117.43,1.72,20.85
AVG,2023-12-31,4.08,124.77,4.8,22.65
AVG,2024-03-31,16.75,136.95,22.87,21.21
AVG,2024-06-30,3.81,122.91,5.21,22.84
AVG,2024-09-30,3.86,138.46,5.38,23.32
AVG,2024-12-31,3.71,142.44,5.51,25.7
AVG,2025-03-31,3.47,147.71,5.23,23.71
AVG,2025-06-30,3.3,125.02,4.97,23.63
AVG,2025-09-30,3.37,143.03,5.08,24.27
AVG,2025-12-31,3.59,134.08,5.4,26.08
AVONMORE,2022-12-31,0.13,,5.0,
AVONMORE,2023-03-31,0.1,,4.0,
AVONMORE,2023-06-30,0.1,,4.0,
AVONMORE,2023-09-30,0.09,,4.0,
AVONMORE,2023-12-31,0.15,,6.0,
AVONMORE,2024-03-31,0.03,,6.0,
AVONMORE,2024-06-30,0.1,,9.0,
AVONMORE,2024-09-30,0.61,,19.0,
AVONMORE,2024-12-31,0.01,,1.0,
AVONMORE,2025-03-31,0.2,,9.0,
AVONMORE,2025-06-30,0.14,,7.0,
AVONMORE,2025-09-30,0.16,,6.0,
AVONMORE,2025-12-31,0.32,,15.0,
AVROIND,2025-06-30,0.79,21.67,1.05,1.28
AVROIND,2025-09-30,0.91,20.9,1.21,0.9
AVROIND,2025-12-31,1.02,24.91,1.36,0.53
AVTNPL,2022-12-31,0.88,139.0,13.0,27.0
AVTNPL,2023-03-31,0.93,134.0,14.0,24.0
AVTNPL,2023-06-30,0.55,103.0,8.0,11.0
AVTNPL,2023-09-30,0.76,135.0,12.0,17.0
AVTNPL,2023-12-31,1.47,154.0,22.0,36.0
AVTNPL,2024-03-31,0.72,125.0,11.0,16.0
AVTNPL,2024-06-30,0.39,105.0,6.0,8.0
AVTNPL,2024-09-30,0.41,122.0,6.0,8.0
AVTNPL,2024-12-31,1.42,173.0,22.0,30.0
AVTNPL,2025-03-31,0.94,157.0,14.0,25.0
AVTNPL,2025-06-30,0.8,132.0,12.0,16.0
AVTNPL,2025-09-30,0.87,160.0,13.0,15.0
AVTNPL,2025-12-31,1.14,194.0,17.0,23.0
AWFIS,2023-03-31,,160.0,-14.0,48.0
AWFIS,2023-06-30,,188.0,-8.0,51.0
AWFIS,2023-09-30,,208.0,-4.0,60.0
AWFIS,2023-12-31,,221.0,-6.0,67.0
AWFIS,2024-03-31,,232.0,1.0,67.0
AWFIS,2024-06-30,0.4,258.0,3.0,79.0
AWFIS,2024-09-30,5.51,292.0,39.0,100.0
AWFIS,2024-12-31,2.14,318.0,15.0,107.0
AWFIS,2025-03-31,1.58,340.0,11.0,116.0
AWFIS,2025-06-30,1.4,335.0,10.0,127.0
AWFIS,2025-09-30,2.23,367.0,16.0,132.0
AWFIS,2025-12-31,3.03,382.0,22.0,139.0
AWHCL,2022-12-31,4.24,218.0,16.0,29.0
AWHCL,2023-03-31,3.38,202.0,12.0,32.0
AWHCL,2023-06-30,6.46,222.0,23.0,47.0
AWHCL,2023-09-30,9.77,224.0,32.0,51.0
AWHCL,2023-12-31,4.51,217.0,16.0,44.0
AWHCL,2024-03-31,9.69,210.0,30.0,36.0
AWHCL,2024-06-30,6.17,227.0,21.0,49.0
AWHCL,2024-09-30,4.26,221.0,15.0,43.0
AWHCL,2024-12-31,5.55,243.0,18.0,52.0
AWHCL,2025-03-31,14.09,243.0,46.0,51.0
AWHCL,2025-06-30,6.26,247.0,23.0,55.0
AWHCL,2025-09-30,4.81,258.0,17.0,51.0
AWHCL,2025-12-31,4.05,262.0,15.0,43.0
AWL,2023-03-31,0.72,13873.0,94.0,118.0
AWL,2023-06-30,-0.61,12928.0,-79.0,130.0
AWL,2023-09-30,-1.01,12267.0,-131.0,144.0
AWL,2023-12-31,1.55,12828.0,201.0,505.0
AWL,2024-03-31,1.21,13223.0,157.0,357.0
AWL,2024-06-30,2.41,14154.0,313.0,626.0
AWL,2024-09-30,2.39,14460.0,311.0,615.0
AWL,2024-12-31,3.16,16839.0,411.0,792.0
AWL,2025-03-31,1.46,18230.0,191.0,448.0
AWL,2025-06-30,1.82,17059.0,238.0,366.0
AWL,2025-09-30,1.88,17605.0,245.0,688.0
AWL,2025-12-31,2.07,18603.0,269.0,553.0
AWL,2026-03-31,2.25,21465.0,293.0,524.0
AXISBANK,2023-03-31,-17.43,,-5334.0,
AXISBANK,2023-06-30,19.78,,6113.0,
AXISBANK,2023-09-30,20.13,,6230.0,
AXISBANK,2023-12-31,21.05,,6520.0,
AXISBANK,2024-03-31,24.62,,7630.0,
AXISBANK,2024-06-30,20.83,,6467.0,
AXISBANK,2024-09-30,23.93,,7436.0,
AXISBANK,2024-12-31,21.78,,6779.0,
AXISBANK,2025-03-31,24.13,,7509.0,
AXISBANK,2025-06-30,20.13,,6279.0,
AXISBANK,2025-09-30,17.82,,5567.0,
AXISBANK,2025-12-31,22.58,,7060.0,
AXISBANK,2026-03-31,24.46,,7642.0,
AXISCADES,2022-12-31,-2.71,216.0,-10.0,32.0
AXISCADES,2023-03-31,4.16,226.0,16.0,47.0
AXISCADES,2023-06-30,1.47,215.0,6.0,34.0
AXISCADES,2023-09-30,2.88,252.0,11.0,37.0
AXISCADES,2023-12-31,1.93,232.0,8.0,30.0
AXISCADES,2024-03-31,2.08,256.0,9.0,32.0
AXISCADES,2024-06-30,4.07,224.0,17.0,31.0
AXISCADES,2024-09-30,2.91,265.0,12.0,33.0
AXISCADES,2024-12-31,3.49,275.0,15.0,40.0
AXISCADES,2025-03-31,7.24,268.0,32.0,37.0
AXISCADES,2025-06-30,4.88,244.0,21.0,34.0
AXISCADES,2025-09-30,5.42,299.0,23.0,47.0
AXISCADES,2025-12-31,6.52,343.0,28.0,63.0
AXITA,2024-06-30,0.09,154.93,3.43,5.59
AXITA,2024-09-30,0.01,129.89,0.44,0.78
AXITA,2024-12-31,-0.03,228.04,-1.24,-2.77
AXITA,2025-03-31,-0.05,139.86,-1.85,-2.51
AXITA,2025-06-30,0.03,156.7,1.33,-0.5
AYMSYNTEX,2022-12-31,0.11,347.1,0.54,22.78
AYMSYNTEX,2023-03-31,0.18,329.6,0.9,20.8
AYMSYNTEX,2023-06-30,-2.27,319.53,-11.46,14.01
AYMSYNTEX,2023-09-30,-0.98,333.35,-4.94,21.3
AYMSYNTEX,2023-12-31,-0.18,331.39,-0.92,25.45
AYMSYNTEX,2024-03-31,3.82,373.89,19.35,40.18
AYMSYNTEX,2024-06-30,0.45,347.19,2.27,29.45
AYMSYNTEX,2024-09-30,0.78,403.52,3.94,33.06
AYMSYNTEX,2024-12-31,0.58,377.67,3.4,28.92
AYMSYNTEX,2025-03-31,0.35,360.62,2.02,26.7
AYMSYNTEX,2025-06-30,-0.61,326.48,-3.56,16.67
AYMSYNTEX,2025-09-30,-0.07,349.15,-0.39,19.42
AYMSYNTEX,2025-12-31,0.25,323.72,1.48,23.42
AZAD,2022-12-31,23.31,60.0,4.0,17.0
AZAD,2023-03-31,89.78,85.0,15.0,30.0
AZAD,2023-06-30,44.8,76.0,7.0,26.0
AZAD,2023-09-30,3.92,83.0,19.0,26.0
AZAD,2023-12-31,2.84,89.0,17.0,33.0
AZAD,2024-03-31,2.53,93.0,15.0,31.0
AZAD,2024-06-30,2.9,98.0,17.0,33.0
AZAD,2024-09-30,3.55,112.0,21.0,40.0
AZAD,2024-12-31,4.05,120.0,24.0,43.0
AZAD,2025-03-31,3.91,127.0,25.0,46.0
AZAD,2025-06-30,4.6,137.0,29.0,49.0
AZAD,2025-09-30,5.07,146.0,33.0,53.0
AZAD,2025-12-31,5.34,159.0,35.0,62.0
BAGFILMS,2022-12-31,0.16,29.31,6.21,9.84
BAGFILMS,2023-03-31,0.11,37.21,3.84,7.35
BAGFILMS,2023-06-30,0.03,24.89,0.7,4.16
BAGFILMS,2023-09-30,0.23,43.43,8.9,12.58
BAGFILMS,2023-12-31,-0.03,23.19,-1.01,2.77
BAGFILMS,2024-03-31,0.04,40.35,-0.49,2.05
BAGFILMS,2024-06-30,0.06,28.48,1.59,2.36
BAGFILMS,2024-09-30,0.03,34.47,0.57,3.6
BAGFILMS,2024-12-31,0.05,31.12,1.33,4.65
BAGFILMS,2025-03-31,0.18,41.89,6.49,10.11
BAGFILMS,2025-06-30,0.08,31.47,2.25,5.36
BAGFILMS,2025-09-30,0.02,35.75,0.34,3.38
BAGFILMS,2025-12-31,0.04,39.93,0.11,2.86
BAJAJ-AUTO,2022-12-31,52.05,9319.0,1473.0,1757.0
BAJAJ-AUTO,2023-03-31,60.25,8929.0,1705.0,1657.0
BAJAJ-AUTO,2023-06-30,58.11,10312.0,1644.0,1932.0
BAJAJ-AUTO,2023-09-30,71.39,10838.0,2020.0,2130.0
BAJAJ-AUTO,2023-12-31,71.78,12165.0,2033.0,2415.0
BAJAJ-AUTO,2024-03-31,72.05,11555.0,2011.0,2284.0
BAJAJ-AUTO,2024-06-30,69.55,11932.0,1942.0,2370.0
BAJAJ-AUTO,2024-09-30,49.61,13247.0,1385.0,2073.0
BAJAJ-AUTO,2024-12-31,78.62,13169.0,2196.0,2751.0
BAJAJ-AUTO,2025-03-31,64.52,12646.0,1802.0,2358.0
BAJAJ-AUTO,2025-06-30,79.15,13133.0,2210.0,2793.0
BAJAJ-AUTO,2025-09-30,75.99,15735.0,2122.0,2829.0
BAJAJ-AUTO,2025-12-31,98.38,16204.0,2750.0,3730.0
BAJAJCON,2023-03-31,2.8,249.0,40.0,42.0
BAJAJCON,2023-06-30,3.24,270.0,46.0,48.0
BAJAJCON,2023-09-30,2.61,235.0,37.0,37.0
BAJAJCON,2023-12-31,2.55,239.0,36.0,36.0
BAJAJCON,2024-03-31,2.49,240.0,36.0,35.0
BAJAJCON,2024-06-30,2.6,246.0,37.0,37.0
BAJAJCON,2024-09-30,2.32,234.0,32.0,33.0
BAJAJCON,2024-12-31,1.85,234.0,25.0,26.0
BAJAJCON,2025-03-31,2.26,250.0,31.0,32.0
BAJAJCON,2025-06-30,2.77,267.0,38.0,40.0
BAJAJCON,2025-09-30,3.24,265.0,42.0,48.0
BAJAJCON,2025-12-31,3.55,306.0,46.0,56.0
BAJAJCON,2026-03-31,4.87,327.0,64.0,77.0
BAJAJELEC,2022-12-31,5.31,1309.0,61.0,106.0
BAJAJELEC,2023-03-31,4.52,1292.0,52.0,95.0
BAJAJELEC,2023-06-30,3.23,1112.0,37.0,68.0
BAJAJELEC,2023-09-30,2.37,1113.0,27.0,75.0
BAJAJELEC,2023-12-31,3.25,1228.0,37.0,58.0
BAJAJELEC,2024-03-31,2.54,1188.0,29.0,50.0
BAJAJELEC,2024-06-30,2.44,1155.0,28.0,75.0
BAJAJELEC,2024-09-30,1.12,1118.0,13.0,52.0
BAJAJELEC,2024-12-31,2.89,1290.0,33.0,87.0
BAJAJELEC,2025-03-31,5.12,1265.0,59.0,93.0
BAJAJELEC,2025-06-30,0.08,1065.0,1.0,33.0
BAJAJELEC,2025-09-30,0.85,1107.0,10.0,57.0
BAJAJELEC,2025-12-31,-2.96,1051.0,-34.0,8.0
BAJAJFINSV,2023-03-31,11.11,23625.0,3335.0,8154.0
BAJAJFINSV,2023-06-30,12.2,23280.0,3709.0,9345.0
BAJAJFINSV,2023-09-30,12.09,26023.0,3756.0,9950.0
BAJAJFINSV,2023-12-31,13.52,29038.0,4045.0,10438.0
BAJAJFINSV,2024-03-31,13.28,32041.0,4085.0,10933.0
BAJAJFINSV,2024-06-30,13.39,31480.0,4209.0,11825.0
BAJAJFINSV,2024-09-30,13.07,33704.0,4180.0,12283.0
BAJAJFINSV,2024-12-31,13.97,32042.0,4412.0,12373.0
BAJAJFINSV,2025-03-31,15.14,36595.0,4756.0,12728.0
BAJAJFINSV,2025-06-30,17.46,35439.0,5329.0,14315.0
BAJAJFINSV,2025-09-30,14.04,37403.0,4746.0,14050.0
BAJAJFINSV,2025-12-31,13.95,39708.0,4368.0,13866.0
BAJAJFINSV,2026-03-31,15.86,38494.0,5226.0,14511.0
BAJAJHIND,2022-12-31,-0.46,1431.0,-58.0,88.0
BAJAJHIND,2023-03-31,1.02,2054.0,131.0,225.0
BAJAJHIND,2023-06-30,-0.58,1360.0,-75.0,22.0
BAJAJHIND,2023-09-30,-0.96,1133.0,-123.0,-55.0
BAJAJHIND,2023-12-31,0.16,1741.0,20.0,111.0
BAJAJHIND,2024-03-31,0.71,1870.0,91.0,170.0
BAJAJHIND,2024-06-30,-0.52,1386.0,-67.0,28.0
BAJAJHIND,2024-09-30,-0.59,1160.0,-76.0,1.0
BAJAJHIND,2024-12-31,-0.8,1476.0,-102.0,-24.0
BAJAJHIND,2025-03-31,1.72,1554.0,220.0,286.0
BAJAJHIND,2025-06-30,-1.36,1248.0,-174.0,-27.0
BAJAJHIND,2025-09-30,-0.82,1157.0,-105.0,-54.0
BAJAJHIND,2025-12-31,0.12,1380.0,15.0,73.0
BAJAJHLDNG,2022-12-31,115.52,98.0,1287.0,62.0
BAJAJHLDNG,2023-03-31,121.55,87.0,1353.0,55.0
BAJAJHLDNG,2023-06-30,127.19,104.0,1416.0,68.0
BAJAJHLDNG,2023-09-30,133.98,225.0,1588.0,192.0
BAJAJHLDNG,2023-12-31,147.76,108.0,1645.0,72.0
BAJAJHLDNG,2024-03-31,244.05,1212.0,2716.0,1177.0
BAJAJHLDNG,2024-06-30,144.7,134.0,1615.0,73.0
BAJAJHLDNG,2024-09-30,129.06,279.0,1510.0,233.0
BAJAJHLDNG,2024-12-31,157.09,126.0,1750.0,96.0
BAJAJHLDNG,2025-03-31,155.04,145.0,1751.0,103.0
BAJAJHLDNG,2025-06-30,313.27,325.0,3504.0,284.0
BAJAJHLDNG,2025-09-30,140.08,397.0,1690.0,353.0
BAJAJHLDNG,2025-12-31,181.16,288.0,2018.0,247.0
BAJAJINDEF,2024-09-30,,42.77,11.28,6.8
BAJAJINDEF,2024-12-31,2.19,44.74,7.02,7.47
BAJAJINDEF,2025-03-31,3.17,52.98,10.13,10.68
BAJAJINDEF,2025-06-30,1.77,39.71,5.65,3.71
BAJAJINDEF,2025-09-30,1.96,49.31,6.26,6.28
BAJAJINDEF,2025-12-31,1.53,50.64,4.9,4.1
BAJAJST,2022-12-31,9.7,153.29,20.17,27.84
BAJAJST,2023-03-31,7.66,108.52,15.93,17.65
BAJAJST,2023-06-30,2.56,76.37,5.33,8.71
BAJAJST,2023-09-30,5.22,128.0,10.86,16.79
BAJAJST,2023-12-31,4.74,122.99,9.86,15.22
BAJAJST,2024-03-31,10.32,166.35,21.46,25.08
BAJAJST,2024-06-30,14.02,115.26,29.16,15.11
BAJAJST,2024-09-30,6.86,137.69,14.26,21.34
BAJAJST,2024-12-31,6.23,130.96,12.95,19.79
BAJAJST,2025-03-31,9.5,150.75,19.77,26.28
BAJAJST,2025-06-30,2.39,92.95,4.98,10.34
BAJAJST,2025-09-30,7.12,150.46,14.82,23.51
BAJAJST,2025-12-31,3.23,117.96,6.71,10.32
BAJEL,2024-03-31,0.61,489.16,7.07,7.85
BAJEL,2024-06-30,0.48,512.01,5.52,7.1
BAJEL,2024-09-30,0.32,662.41,3.66,16.8
BAJEL,2024-12-31,0.13,622.39,1.46,14.64
BAJEL,2025-03-31,0.42,801.42,4.82,20.74
BAJEL,2025-06-30,0.26,607.64,2.96,16.19
BAJEL,2025-09-30,0.31,613.83,3.6,20.49
BAJEL,2025-12-31,-0.04,562.34,-0.42,24.77
BAJFINANCE,2023-03-31,5.22,,3158.0,
BAJFINANCE,2023-06-30,5.67,,3437.0,
BAJFINANCE,2023-09-30,5.86,,3551.0,
BAJFINANCE,2023-12-31,5.89,,3639.0,
BAJFINANCE,2024-03-31,6.18,,3825.0,
BAJFINANCE,2024-06-30,6.32,,3912.0,
BAJFINANCE,2024-09-30,6.46,,4014.0,
BAJFINANCE,2024-12-31,6.86,,4308.0,
BAJFINANCE,2025-03-31,7.21,,4546.0,
BAJFINANCE,2025-06-30,7.56,,4765.0,
BAJFINANCE,2025-09-30,7.84,,4948.0,
BAJFINANCE,2025-12-31,6.39,,4066.0,
BAJFINANCE,2026-03-31,8.78,,5553.0,
BALAJEE,2023-09-30,1.47,115.32,13.3,21.4
BALAJEE,2023-12-31,0.72,157.2,4.83,8.83
BALAJEE,2024-03-31,1.41,181.69,10.99,19.8
BALAJEE,2024-06-30,0.97,143.52,7.92,15.6
BALAJEE,2024-09-30,0.87,155.57,9.07,16.76
BALAJEE,2024-12-31,0.75,142.66,8.15,16.56
BALAJEE,2025-03-31,0.69,137.65,6.96,8.78
BALAJEE,2025-06-30,0.63,125.41,6.36,10.49
BALAJEE,2025-09-30,0.26,142.65,1.7,6.17
BALAJEE,2025-12-31,0.01,170.94,0.55,6.02
BALAJITELE,2022-12-31,-0.14,165.0,-3.0,5.0
BALAJITELE,2023-03-31,0.69,145.0,8.0,11.0
BALAJITELE,2023-06-30,1.04,152.0,11.0,21.0
BALAJITELE,2023-09-30,1.17,200.0,12.0,18.0
BALAJITELE,2023-12-31,-0.01,138.0,0.0,4.0
BALAJITELE,2024-03-31,-0.25,135.0,-3.0,2.0
BALAJITELE,2024-06-30,-0.07,149.0,-2.0,4.0
BALAJITELE,2024-09-30,0.56,144.0,5.0,12.0
BALAJITELE,2024-12-31,-1.16,93.0,-12.0,-11.0
BALAJITELE,2025-03-31,7.85,66.0,94.0,-19.0
BALAJITELE,2025-06-30,-0.48,73.0,-6.0,-10.0
BALAJITELE,2025-09-30,-0.4,49.0,-5.0,-7.0
BALAJITELE,2025-12-31,-2.04,42.0,-25.0,-32.0
BALAMINES,2022-12-31,19.31,586.0,84.0,128.0
BALAMINES,2023-03-31,14.63,471.0,55.0,93.0
BALAMINES,2023-06-30,16.27,464.0,68.0,98.0
BALAMINES,2023-09-30,10.71,381.0,36.0,54.0
BALAMINES,2023-12-31,15.24,383.0,56.0,74.0
BALAMINES,2024-03-31,21.0,414.0,72.0,98.0
BALAMINES,2024-06-30,13.36,385.0,46.0,66.0
BALAMINES,2024-09-30,12.65,347.0,41.0,61.0
BALAMINES,2024-12-31,10.24,313.0,31.0,46.0
BALAMINES,2025-03-31,12.36,353.0,40.0,60.0
BALAMINES,2025-06-30,11.73,358.0,37.0,55.0
BALAMINES,2025-09-30,10.67,341.0,37.0,60.0
BALAMINES,2025-12-31,9.7,331.0,31.0,57.0
BALMLAWRIE,2022-12-31,2.11,514.0,35.0,50.0
BALMLAWRIE,2023-03-31,2.61,608.0,43.0,52.0
BALMLAWRIE,2023-06-30,3.35,592.0,56.0,65.0
BALMLAWRIE,2023-09-30,3.73,586.0,63.0,75.0
BALMLAWRIE,2023-12-31,3.9,585.0,66.0,74.0
BALMLAWRIE,2024-03-31,4.31,577.0,73.0,91.0
BALMLAWRIE,2024-06-30,3.73,638.0,63.0,64.0
BALMLAWRIE,2024-09-30,3.66,639.0,61.0,70.0
BALMLAWRIE,2024-12-31,3.77,630.0,62.0,84.0
BALMLAWRIE,2025-03-31,4.39,608.0,74.0,95.0
BALMLAWRIE,2025-06-30,4.03,681.0,67.0,83.0
BALMLAWRIE,2025-09-30,3.31,635.0,55.0,67.0
BALMLAWRIE,2025-12-31,3.89,657.0,65.0,86.0
BALPHARMA,2022-12-31,0.36,76.62,0.59,6.15
BALPHARMA,2023-03-31,1.02,82.45,1.62,8.16
BALPHARMA,2023-06-30,0.05,70.39,0.09,6.44
BALPHARMA,2023-09-30,0.61,92.54,0.97,7.7
BALPHARMA,2023-12-31,0.56,81.66,0.85,7.79
BALPHARMA,2024-03-31,3.46,94.63,5.53,9.6
BALPHARMA,2024-06-30,0.16,74.36,0.26,6.47
BALPHARMA,2024-09-30,0.65,73.69,1.04,7.69
BALPHARMA,2024-12-31,0.3,73.15,0.52,7.75
BALPHARMA,2025-03-31,3.41,81.88,5.41,7.64
BALPHARMA,2025-06-30,0.13,65.87,0.21,6.06
BALPHARMA,2025-09-30,0.45,74.02,0.72,5.73
BALPHARMA,2025-12-31,1.12,87.69,1.79,9.54
BALRAMCHIN,2022-12-31,2.27,981.0,46.0,80.0
BALRAMCHIN,2023-03-31,12.61,1492.0,254.0,404.0
BALRAMCHIN,2023-06-30,3.64,1390.0,74.0,163.0
BALRAMCHIN,2023-09-30,8.24,1539.0,166.0,165.0
BALRAMCHIN,2023-12-31,4.53,1230.0,91.0,113.0
BALRAMCHIN,2024-03-31,10.08,1434.0,203.0,345.0
BALRAMCHIN,2024-06-30,3.48,1422.0,70.0,166.0
BALRAMCHIN,2024-09-30,3.33,1298.0,67.0,49.0
BALRAMCHIN,2024-12-31,3.49,1192.0,70.0,124.0
BALRAMCHIN,2025-03-31,11.35,1504.0,229.0,365.0
BALRAMCHIN,2025-06-30,2.55,1542.0,52.0,134.0
BALRAMCHIN,2025-09-30,2.67,1671.0,54.0,120.0
BALRAMCHIN,2025-12-31,5.62,1454.0,113.0,202.0
BALUFORGE,2022-12-31,1.37,89.0,11.0,18.0
BALUFORGE,2023-03-31,1.83,124.0,15.0,21.0
BALUFORGE,2023-06-30,2.0,112.0,17.0,22.0
BALUFORGE,2023-09-30,2.32,139.0,23.0,30.0
BALUFORGE,2023-12-31,2.46,147.0,25.0,33.0
BALUFORGE,2024-03-31,2.76,161.0,28.0,34.0
BALUFORGE,2024-06-30,3.33,175.0,34.0,43.0
BALUFORGE,2024-09-30,4.39,223.0,48.0,65.0
BALUFORGE,2024-12-31,5.39,256.0,59.0,68.0
BALUFORGE,2025-03-31,5.73,270.0,63.0,75.0
BALUFORGE,2025-06-30,5.0,233.0,57.0,72.0
BALUFORGE,2025-09-30,5.71,300.0,65.0,83.0
BALUFORGE,2025-12-31,6.18,311.0,71.0,85.0
BANCOINDIA,2022-12-31,6.87,509.0,98.0,140.0
BANCOINDIA,2023-03-31,3.57,609.0,51.0,98.0
BANCOINDIA,2023-06-30,4.81,749.0,69.0,97.0
BANCOINDIA,2023-09-30,4.62,725.0,66.0,122.0
BANCOINDIA,2023-12-31,4.78,571.0,68.0,89.0
BANCOINDIA,2024-03-31,4.77,724.0,68.0,114.0
BANCOINDIA,2024-06-30,4.8,804.0,69.0,133.0
BANCOINDIA,2024-09-30,9.7,895.0,139.0,206.0
BANCOINDIA,2024-12-31,2.16,639.0,31.0,58.0
BANCOINDIA,2025-03-31,10.73,875.0,154.0,214.0
BANCOINDIA,2025-06-30,7.66,970.0,110.0,182.0
BANCOINDIA,2025-09-30,9.71,1038.0,139.0,149.0
BANCOINDIA,2025-12-31,6.0,789.0,86.0,125.0
BANG,2022-12-31,0.07,30.19,0.1,0.22
BANG,2023-03-31,0.01,32.77,0.01,0.66
BANG,2023-06-30,-0.84,29.68,-1.14,-1.14
BANG,2023-09-30,-2.68,30.42,-3.64,-3.91
BANG,2023-12-31,-2.37,36.82,-3.22,-3.31
BANG,2024-03-31,-0.28,36.8,-0.38,-0.12
BANG,2024-06-30,-3.22,41.94,-4.37,-6.4
BANG,2024-09-30,0.01,48.44,0.02,0.45
BANG,2024-12-31,0.34,50.2,0.46,0.81
BANG,2025-03-31,1.28,48.25,1.73,2.1
BANG,2025-06-30,1.25,48.56,1.69,1.26
BANG,2025-09-30,1.11,58.1,1.5,1.76
BANG,2025-12-31,0.18,59.21,0.24,1.02
BANKBARODA,2022-12-31,8.33,,4356.0,
BANKBARODA,2023-03-31,10.16,,5315.0,
BANKBARODA,2023-06-30,8.61,,4468.0,
BANKBARODA,2023-09-30,8.5,,4426.0,
BANKBARODA,2023-12-31,9.26,,4815.0,
BANKBARODA,2024-03-31,9.92,,5160.0,
BANKBARODA,2024-06-30,9.14,,4764.0,
BANKBARODA,2024-09-30,10.36,,5405.0,
BANKBARODA,2024-12-31,10.08,,5250.0,
BANKBARODA,2025-03-31,10.48,,5447.0,
BANKBARODA,2025-06-30,6.71,,3517.0,
BANKBARODA,2025-09-30,9.93,,5181.0,
BANKBARODA,2025-12-31,10.53,,5501.0,
BANKINDIA,2022-12-31,2.23,,915.0,
BANKINDIA,2023-03-31,3.44,,1413.0,
BANKINDIA,2023-06-30,3.81,,1562.0,
BANKINDIA,2023-09-30,3.65,,1499.0,
BANKINDIA,2023-12-31,4.24,,1931.0,
BANKINDIA,2024-03-31,3.46,,1574.0,
BANKINDIA,2024-06-30,4.15,,1890.0,
BANKINDIA,2024-09-30,5.32,,2422.0,
BANKINDIA,2024-12-31,5.79,,2638.0,
BANKINDIA,2025-03-31,5.72,,2602.0,
BANKINDIA,2025-06-30,4.02,,1831.0,
BANKINDIA,2025-09-30,5.66,,2576.0,
BANKINDIA,2025-12-31,6.18,,2814.0,
BANSALWIRE,2023-06-30,19.0,548.0,17.0,26.0
BANSALWIRE,2023-09-30,19.94,603.0,18.0,36.0
BANSALWIRE,2023-12-31,1.16,606.0,15.0,36.0
BANSALWIRE,2024-03-31,1.83,709.0,24.0,46.0
BANSALWIRE,2024-06-30,2.37,817.0,32.0,61.0
BANSALWIRE,2024-09-30,2.53,825.0,40.0,64.0
BANSALWIRE,2024-12-31,2.66,925.0,42.0,72.0
BANSALWIRE,2025-03-31,2.11,940.0,33.0,70.0
BANSALWIRE,2025-06-30,2.51,939.0,39.0,72.0
BANSALWIRE,2025-09-30,2.45,1055.0,38.0,77.0
BANSALWIRE,2025-12-31,2.76,1029.0,43.0,85.0
BANSALWIRE,2026-03-31,2.56,1136.0,40.0,76.0
BANSWRAS,2022-12-31,8.67,368.0,30.0,53.0
BANSWRAS,2023-03-31,8.42,369.0,29.0,50.0
BANSWRAS,2023-06-30,2.8,302.0,10.0,26.0
BANSWRAS,2023-09-30,2.67,316.0,9.0,27.0
BANSWRAS,2023-12-31,2.44,302.0,8.0,25.0
BANSWRAS,2024-03-31,2.48,343.0,8.0,22.0
BANSWRAS,2024-06-30,0.33,271.0,1.0,17.0
BANSWRAS,2024-09-30,1.47,343.0,5.0,26.0
BANSWRAS,2024-12-31,2.96,339.0,10.0,34.0
BANSWRAS,2025-03-31,1.71,340.0,6.0,25.0
BANSWRAS,2025-06-30,-0.4,306.0,-1.0,18.0
BANSWRAS,2025-09-30,2.07,345.0,7.0,30.0
BANSWRAS,2025-12-31,4.09,340.0,14.0,38.0
BASF,2020-03-31,10.33,1892.0,45.0,82.0
BASF,2020-06-30,-7.2,1786.0,-31.0,13.0
BASF,2020-09-30,95.37,2460.0,413.0,161.0
BASF,2020-12-31,26.6,2507.0,115.0,240.0
BASF,2023-12-31,32.36,3326.0,140.0,212.0
BASF,2024-03-31,37.29,3360.0,161.0,246.0
BASF,2024-06-30,50.96,3967.0,221.0,312.0
BASF,2024-09-30,29.55,4248.0,128.0,201.0
BASF,2024-12-31,23.92,3635.0,104.0,170.0
BASF,2025-03-31,6.24,3287.0,27.0,50.0
BASF,2025-06-30,31.74,3875.0,137.0,214.0
BASF,2025-09-30,24.75,3896.0,107.0,155.0
BASF,2025-12-31,24.64,3863.0,107.0,170.0
BASML,2022-12-31,-1.68,289.46,-11.1,5.23
BASML,2023-03-31,-1.29,328.46,-10.17,3.78
BASML,2023-06-30,-0.6,194.19,-3.2,13.95
BASML,2023-09-30,-0.29,279.14,-0.12,4.92
BASML,2023-12-31,-0.25,197.84,-0.07,16.32
BASML,2024-03-31,-1.61,248.25,-10.76,-9.12
BASML,2024-06-30,0.39,215.86,3.12,3.33
BASML,2024-09-30,0.15,232.87,1.17,19.9
BASML,2024-12-31,0.13,213.11,1.06,20.24
BASML,2025-03-31,0.23,225.52,1.84,21.09
BASML,2025-06-30,0.57,217.39,4.56,22.84
BASML,2025-09-30,0.69,228.32,5.55,22.54
BASML,2025-12-31,0.28,203.9,2.26,20.1
BATAINDIA,2022-12-31,6.47,900.0,83.0,206.0
BATAINDIA,2023-03-31,5.11,779.0,66.0,182.0
BATAINDIA,2023-06-30,8.32,958.0,107.0,240.0
BATAINDIA,2023-09-30,2.64,819.0,34.0,182.0
BATAINDIA,2023-12-31,4.51,903.0,58.0,182.0
BATAINDIA,2024-03-31,4.95,798.0,64.0,182.0
BATAINDIA,2024-06-30,13.54,945.0,174.0,185.0
BATAINDIA,2024-09-30,4.04,837.0,52.0,174.0
BATAINDIA,2024-12-31,4.57,919.0,59.0,200.0
BATAINDIA,2025-03-31,3.57,788.0,46.0,178.0
BATAINDIA,2025-06-30,4.05,942.0,52.0,199.0
BATAINDIA,2025-09-30,1.08,801.0,14.0,145.0
BATAINDIA,2025-12-31,5.14,945.0,66.0,212.0
BATLIBOI,2022-12-31,2.65,69.6,7.6,8.94
BATLIBOI,2023-03-31,0.68,66.58,1.96,2.19
BATLIBOI,2023-06-30,0.67,63.34,1.94,3.46
BATLIBOI,2023-09-30,0.83,69.88,2.42,4.28
BATLIBOI,2023-12-31,1.27,78.05,3.68,6.26
BATLIBOI,2024-03-31,0.62,115.47,1.79,5.48
BATLIBOI,2024-06-30,0.85,94.16,2.92,5.08
BATLIBOI,2024-09-30,1.64,104.21,5.63,7.88
BATLIBOI,2024-12-31,-0.15,95.54,-0.51,2.11
BATLIBOI,2025-03-31,1.59,119.04,5.45,7.33
BATLIBOI,2025-06-30,-0.55,69.54,-2.44,-1.63
BATLIBOI,2025-09-30,1.21,120.94,6.1,9.05
BATLIBOI,2025-12-31,-0.52,124.32,-1.83,7.08
BAYERCROP,2005-12-31,1.97,223.0,8.0,29.0
BAYERCROP,2006-12-31,4.37,242.0,17.0,18.0
BBOX,2022-12-31,0.46,1672.0,8.0,72.0
BBOX,2023-03-31,1.38,1682.0,23.0,97.0
BBOX,2023-06-30,1.43,1571.0,24.0,87.0
BBOX,2023-09-30,1.9,1574.0,32.0,99.0
BBOX,2023-12-31,2.43,1655.0,41.0,114.0
BBOX,2024-03-31,2.43,1480.0,41.0,125.0
BBOX,2024-06-30,2.21,1423.0,37.0,115.0
BBOX,2024-09-30,3.04,1497.0,51.0,133.0
BBOX,2024-12-31,3.31,1502.0,56.0,134.0
BBOX,2025-03-31,3.57,1545.0,60.0,143.0
BBOX,2025-06-30,2.79,1387.0,47.0,105.0
BBOX,2025-09-30,3.27,1585.0,56.0,143.0
BBOX,2025-12-31,2.92,1660.0,50.0,147.0
BBTC,2022-12-31,22.6,4280.0,618.0,524.0
BBTC,2023-03-31,-230.58,4108.0,-1334.0,678.0
BBTC,2023-06-30,-22.38,4087.0,68.0,339.0
BBTC,2023-09-30,17.49,4524.0,412.0,787.0
BBTC,2023-12-31,65.46,4337.0,731.0,799.0
BBTC,2024-03-31,40.73,4162.0,549.0,763.0
BBTC,2024-06-30,31.86,4333.0,472.0,736.0
BBTC,2024-09-30,36.22,4761.0,516.0,724.0
BBTC,2024-12-31,48.58,4685.0,627.0,873.0
BBTC,2025-03-31,44.24,4519.0,585.0,802.0
BBTC,2025-06-30,34.5,4712.0,498.0,724.0
BBTC,2025-09-30,34.64,4943.0,566.0,936.0
BBTC,2025-12-31,45.34,5066.0,655.0,943.0
BBTCL,2022-12-31,2.28,85.49,4.68,9.95
BBTCL,2023-03-31,2.72,80.29,5.57,11.06
BBTCL,2023-06-30,2.2,85.61,4.51,9.51
BBTCL,2023-09-30,2.56,95.36,5.05,10.52
BBTCL,2023-12-31,1.76,91.56,3.6,9.47
BBTCL,2024-03-31,1.77,102.87,3.63,10.58
BBTCL,2024-06-30,1.31,106.24,2.5,8.12
BBTCL,2024-09-30,0.11,120.51,0.11,8.79
BBTCL,2024-12-31,-3.22,123.44,-6.73,7.26
BBTCL,2025-03-31,-0.89,141.57,-1.98,15.81
BBTCL,2025-06-30,0.95,152.25,1.74,18.25
BBTCL,2025-09-30,2.28,146.33,4.36,21.5
BBTCL,2025-12-31,2.41,155.43,4.7,22.52
BCLIND,2022-12-31,0.97,534.0,23.0,40.0
BCLIND,2023-03-31,1.01,457.0,25.0,47.0
BCLIND,2023-06-30,0.77,429.0,20.0,39.0
BCLIND,2023-09-30,0.71,481.0,20.0,47.0
BCLIND,2023-12-31,1.14,622.0,33.0,55.0
BCLIND,2024-03-31,0.85,598.0,24.0,50.0
BCLIND,2024-06-30,0.77,636.0,25.0,54.0
BCLIND,2024-09-30,0.94,721.0,30.0,55.0
BCLIND,2024-12-31,0.65,735.0,21.0,46.0
BCLIND,2025-03-31,0.86,723.0,28.0,49.0
BCLIND,2025-06-30,1.04,792.0,33.0,53.0
BCLIND,2025-09-30,0.98,691.0,32.0,67.0
BCLIND,2025-12-31,1.09,726.0,35.0,67.0
BCONCEPTS,2022-12-31,2.67,45.36,2.83,6.42
BCONCEPTS,2023-03-31,1.91,41.67,2.02,5.23
BCONCEPTS,2023-06-30,2.91,58.06,3.08,6.49
BCONCEPTS,2023-09-30,3.28,68.93,3.64,8.38
BCONCEPTS,2023-12-31,2.66,65.51,2.96,7.61
BCONCEPTS,2024-03-31,1.74,66.65,1.94,5.93
BCONCEPTS,2024-06-30,1.58,76.91,1.76,8.21
BCONCEPTS,2024-09-30,2.29,77.24,2.57,8.25
BCONCEPTS,2024-12-31,0.77,71.94,0.86,7.54
BCONCEPTS,2025-03-31,1.39,72.32,1.56,7.52
BCONCEPTS,2025-06-30,-2.19,71.69,-2.72,3.0
BCONCEPTS,2025-09-30,1.87,97.62,2.34,11.0
BCONCEPTS,2025-12-31,0.51,88.33,0.64,6.5
BCPL,2022-12-31,0.65,29.65,1.07,2.6
BCPL,2023-03-31,1.74,34.48,2.9,3.07
BCPL,2023-06-30,1.03,19.83,1.73,1.71
BCPL,2023-09-30,1.26,22.97,2.05,3.33
BCPL,2023-12-31,0.61,19.27,0.97,2.04
BCPL,2024-03-31,0.36,25.87,0.62,0.53
BCPL,2024-06-30,1.17,18.27,1.94,2.13
BCPL,2024-09-30,1.15,26.74,1.83,1.81
BCPL,2024-12-31,0.57,38.14,0.47,2.92
BCPL,2025-03-31,1.08,77.71,0.81,2.82
BCPL,2025-06-30,0.74,66.79,0.53,1.58
BCPL,2025-09-30,1.93,58.26,3.1,4.81
BCPL,2025-12-31,0.69,27.2,0.56,2.81
BEARDSELL,2022-12-31,0.73,57.02,2.75,3.41
BEARDSELL,2023-03-31,0.86,59.96,3.24,5.88
BEARDSELL,2023-06-30,0.61,57.17,2.41,5.28
BEARDSELL,2023-09-30,0.78,60.15,3.06,5.79
BEARDSELL,2023-12-31,0.46,59.76,1.81,4.99
BEARDSELL,2024-03-31,0.24,67.87,0.95,4.44
BEARDSELL,2024-06-30,0.58,59.65,2.28,5.65
BEARDSELL,2024-09-30,0.8,68.49,3.16,6.49
BEARDSELL,2024-12-31,0.64,64.79,2.52,5.8
BEARDSELL,2025-03-31,0.47,75.42,1.87,4.76
BEARDSELL,2025-06-30,0.74,65.66,2.9,5.53
BEARDSELL,2025-09-30,0.52,71.01,2.05,5.93
BEARDSELL,2025-12-31,0.53,66.59,2.1,6.18
BECTORFOOD,2022-12-31,0.94,368.0,28.0,51.0
BECTORFOOD,2023-03-31,0.94,346.0,28.0,48.0
BECTORFOOD,2023-06-30,1.18,374.0,35.0,58.0
BECTORFOOD,2023-09-30,1.27,415.0,37.0,65.0
BECTORFOOD,2023-12-31,1.18,429.0,35.0,61.0
BECTORFOOD,2024-03-31,1.14,406.0,34.0,59.0
BECTORFOOD,2024-06-30,1.2,439.0,35.0,64.0
BECTORFOOD,2024-09-30,1.27,496.0,39.0,70.0
BECTORFOOD,2024-12-31,1.13,492.0,35.0,61.0
BECTORFOOD,2025-03-31,1.12,446.0,34.0,56.0
BECTORFOOD,2025-06-30,1.01,473.0,31.0,58.0
BECTORFOOD,2025-09-30,1.19,551.0,37.0,69.0
BECTORFOOD,2025-12-31,1.24,533.0,38.0,68.0
BEEKAY,2022-12-31,8.93,249.0,17.0,26.0
BEEKAY,2023-03-31,10.39,286.0,20.0,41.0
BEEKAY,2023-06-30,20.76,269.0,40.0,41.0
BEEKAY,2023-09-30,14.39,248.0,27.0,27.0
BEEKAY,2023-12-31,13.92,230.0,27.0,35.0
BEEKAY,2024-03-31,19.25,253.0,37.0,34.0
BEEKAY,2024-06-30,16.11,246.0,31.0,32.0
BEEKAY,2024-09-30,17.18,229.0,33.0,27.0
BEEKAY,2024-12-31,10.76,271.0,21.0,34.0
BEEKAY,2025-03-31,2.85,330.0,5.0,30.0
BEEKAY,2025-06-30,16.34,283.0,31.0,18.0
BEEKAY,2025-09-30,6.1,266.0,12.0,21.0
BEEKAY,2025-12-31,7.26,288.0,14.0,32.0
BEL,2022-12-31,0.84,4153.0,614.0,863.0
BEL,2023-03-31,1.89,6479.0,1382.0,1832.0
BEL,2023-06-30,0.74,3533.0,539.0,673.0
BEL,2023-09-30,1.08,4009.0,790.0,1014.0
BEL,2023-12-31,1.18,4162.0,860.0,1072.0
BEL,2024-03-31,2.46,8564.0,1797.0,2287.0
BEL,2024-06-30,1.08,4244.0,791.0,948.0
BEL,2024-09-30,1.49,4605.0,1093.0,1400.0
BEL,2024-12-31,1.79,5771.0,1312.0,1669.0
BEL,2025-03-31,2.91,9150.0,2127.0,2816.0
BEL,2025-06-30,1.33,4440.0,969.0,1238.0
BEL,2025-09-30,1.76,5792.0,1287.0,1702.0
BEL,2025-12-31,2.16,7154.0,1580.0,2127.0
BELRISE,2024-03-31,0.25,1526.0,16.0,179.0
BELRISE,2024-06-30,1.1,1781.0,72.0,240.0
BELRISE,2024-09-30,1.13,2069.0,73.0,243.0
BELRISE,2024-12-31,1.55,2167.0,101.0,262.0
BELRISE,2025-03-31,1.69,2274.0,110.0,276.0
BELRISE,2025-06-30,1.26,2262.0,112.0,281.0
BELRISE,2025-09-30,1.49,2354.0,133.0,296.0
BELRISE,2025-12-31,1.37,2341.0,122.0,287.0
BEML,2022-12-31,7.96,1037.0,66.0,89.0
BEML,2023-03-31,18.93,1388.0,158.0,287.0
BEML,2023-06-30,-9.0,577.0,-75.0,-51.0
BEML,2023-09-30,6.22,917.0,52.0,59.0
BEML,2023-12-31,5.79,1047.0,48.0,56.0
BEML,2024-03-31,30.83,1514.0,257.0,370.0
BEML,2024-06-30,-8.46,634.0,-70.0,-50.0
BEML,2024-09-30,6.13,860.0,51.0,73.0
BEML,2024-12-31,2.93,876.0,24.0,60.0
BEML,2025-03-31,34.52,1653.0,288.0,422.0
BEML,2025-06-30,-7.7,634.0,-64.0,-49.0
BEML,2025-09-30,5.77,839.0,48.0,73.0
BEML,2025-12-31,-2.69,1083.0,-22.0,4.0
BENGALASM,2022-12-31,212.38,,272.0,
BENGALASM,2023-03-31,253.91,,345.0,
BENGALASM,2023-06-30,263.66,,378.0,
BENGALASM,2023-09-30,283.68,,437.0,
BENGALASM,2023-12-31,2622.08,,3062.0,
BENGALASM,2024-03-31,275.57,,317.0,
BENGALASM,2024-06-30,219.9,,256.0,
BENGALASM,2024-09-30,112.86,,128.0,
BENGALASM,2024-12-31,117.57,,140.0,
BENGALASM,2025-03-31,197.56,,231.0,
BENGALASM,2025-06-30,219.05,,258.0,
BENGALASM,2025-09-30,191.94,,226.0,
BENGALASM,2025-12-31,134.98,,156.0,
BEPL,2023-03-31,0.57,328.0,14.0,22.0
BEPL,2023-06-30,2.03,294.0,51.0,57.0
BEPL,2023-09-30,1.94,314.0,48.0,58.0
BEPL,2023-12-31,1.62,292.0,40.0,47.0
BEPL,2024-03-31,1.62,321.0,40.0,51.0
BEPL,2024-06-30,2.14,340.0,53.0,62.0
BEPL,2024-09-30,1.86,367.0,46.0,53.0
BEPL,2024-12-31,1.64,346.0,41.0,52.0
BEPL,2025-03-31,1.59,345.0,40.0,48.0
BEPL,2025-06-30,1.84,308.0,46.0,53.0
BEPL,2025-09-30,1.63,325.0,40.0,49.0
BEPL,2025-12-31,1.7,301.0,42.0,51.0
BEPL,2026-03-31,2.07,342.0,52.0,64.0
BERGEPAINT,2022-12-31,1.72,2694.0,201.0,350.0
BERGEPAINT,2023-03-31,1.59,2444.0,186.0,347.0
BERGEPAINT,2023-06-30,3.04,3030.0,355.0,557.0
BERGEPAINT,2023-09-30,2.5,2767.0,292.0,474.0
BERGEPAINT,2023-12-31,2.57,2882.0,300.0,480.0
BERGEPAINT,2024-03-31,1.91,2520.0,223.0,351.0
BERGEPAINT,2024-06-30,3.03,3091.0,354.0,522.0
BERGEPAINT,2024-09-30,2.31,2775.0,270.0,434.0
BERGEPAINT,2024-12-31,2.53,2975.0,296.0,472.0
BERGEPAINT,2025-03-31,2.25,2704.0,263.0,428.0
BERGEPAINT,2025-06-30,2.7,3201.0,315.0,528.0
BERGEPAINT,2025-09-30,1.77,2827.0,206.0,352.0
BERGEPAINT,2025-12-31,2.33,2984.0,271.0,471.0
BESTAGRO,2022-12-31,0.86,328.0,31.0,58.0
BESTAGRO,2023-03-31,-0.24,254.0,-8.0,7.0
BESTAGRO,2023-06-30,2.55,612.0,90.0,130.0
BESTAGRO,2023-09-30,2.67,811.0,95.0,144.0
BESTAGRO,2023-12-31,-0.19,314.0,-7.0,19.0
BESTAGRO,2024-03-31,-2.04,135.0,-72.0,-67.0
BESTAGRO,2024-06-30,0.6,519.0,21.0,55.0
BESTAGRO,2024-09-30,2.67,747.0,95.0,147.0
BESTAGRO,2024-12-31,-0.68,274.0,-24.0,-6.0
BESTAGRO,2025-03-31,-0.62,274.0,-22.0,4.0
BESTAGRO,2025-06-30,0.56,381.0,20.0,46.0
BESTAGRO,2025-09-30,1.1,517.0,39.0,78.0
BESTAGRO,2025-12-31,-0.36,203.0,-13.0,4.0
BETA,2024-12-31,8.86,88.29,8.95,18.46
BETA,2025-09-30,12.11,103.39,12.22,21.3
BETA,2025-12-31,8.4,87.27,8.52,16.98
BFINVEST,2022-12-31,15.68,8.0,59.0,7.0
BFINVEST,2023-03-31,30.29,5.0,114.0,2.0
BFINVEST,2023-06-30,14.95,6.0,56.0,5.0
BFINVEST,2023-09-30,18.39,15.0,69.0,14.0
BFINVEST,2023-12-31,15.38,9.0,58.0,8.0
BFINVEST,2024-03-31,66.43,13.0,250.0,9.0
BFINVEST,2024-06-30,48.48,8.0,183.0,7.0
BFINVEST,2024-09-30,9.56,19.0,36.0,17.0
BFINVEST,2024-12-31,1.86,9.0,7.0,9.0
BFINVEST,2025-03-31,-0.88,26.0,-3.0,-5.0
BFINVEST,2025-06-30,10.21,9.0,38.0,8.0
BFINVEST,2025-09-30,10.61,19.0,40.0,17.0
BFINVEST,2025-12-31,23.73,10.0,89.0,9.0
BFUTILITIE,2022-06-30,9.94,194.0,81.0,141.0
BFUTILITIE,2022-09-30,7.14,161.0,55.0,111.0
BFUTILITIE,2022-12-31,8.49,166.0,67.0,118.0
BFUTILITIE,2023-03-31,7.43,232.0,53.0,122.0
BFUTILITIE,2023-06-30,8.02,263.0,61.0,129.0
BFUTILITIE,2023-09-30,11.26,218.0,87.0,149.0
BFUTILITIE,2023-12-31,9.9,246.0,76.0,149.0
BFUTILITIE,2024-03-31,9.9,242.0,80.0,154.0
BFUTILITIE,2024-06-30,9.81,197.0,79.0,152.0
BFUTILITIE,2024-09-30,10.38,221.0,91.0,167.0
BFUTILITIE,2024-12-31,9.2,210.0,84.0,153.0
BFUTILITIE,2025-09-30,11.27,232.0,98.0,177.0
BFUTILITIE,2025-12-31,11.05,235.0,103.0,179.0
BHAGCHEM,2022-12-31,1.12,126.0,11.65,19.32
BHAGCHEM,2023-03-31,0.9,122.57,9.39,18.22
BHAGCHEM,2023-06-30,0.19,100.01,1.97,7.1
BHAGCHEM,2023-09-30,0.55,122.01,5.72,13.46
BHAGCHEM,2023-12-31,0.32,74.37,3.32,8.28
BHAGCHEM,2024-03-31,0.69,111.25,7.22,14.08
BHAGCHEM,2024-06-30,0.46,111.39,5.71,11.99
BHAGCHEM,2024-09-30,0.44,103.73,5.44,9.71
BHAGCHEM,2024-12-31,0.29,102.73,3.59,9.16
BHAGCHEM,2025-03-31,-0.07,122.62,-0.88,6.07
BHAGCHEM,2025-06-30,0.31,123.78,3.98,8.99
BHAGCHEM,2025-09-30,0.42,140.1,5.5,15.06
BHAGCHEM,2025-12-31,0.36,113.97,4.62,13.67
BHAGERIA,2022-12-31,0.85,94.0,4.0,13.0
BHAGERIA,2023-03-31,1.14,145.0,5.0,18.0
BHAGERIA,2023-06-30,0.29,98.0,1.0,6.0
BHAGERIA,2023-09-30,0.63,103.0,3.0,8.0
BHAGERIA,2023-12-31,1.89,112.0,8.0,14.0
BHAGERIA,2024-03-31,1.55,182.0,6.0,14.0
BHAGERIA,2024-06-30,1.36,113.0,6.0,12.0
BHAGERIA,2024-09-30,1.5,129.0,6.0,14.0
BHAGERIA,2024-12-31,2.78,170.0,11.0,27.0
BHAGERIA,2025-03-31,3.61,183.0,15.0,29.0
BHAGERIA,2025-06-30,2.58,157.0,11.0,18.0
BHAGERIA,2025-09-30,2.7,204.0,11.0,23.0
BHAGERIA,2025-12-31,2.56,242.0,11.0,20.0
BHARATFORG,2022-12-31,1.77,3353.0,79.0,439.0
BHARATFORG,2023-03-31,2.91,3629.0,128.0,438.0
BHARATFORG,2023-06-30,4.8,3877.0,214.0,595.0
BHARATFORG,2023-09-30,4.88,3774.0,215.0,621.0
BHARATFORG,2023-12-31,5.68,3866.0,254.0,698.0
BHARATFORG,2024-03-31,5.07,4164.0,227.0,643.0
BHARATFORG,2024-06-30,4.36,4106.0,175.0,741.0
BHARATFORG,2024-09-30,5.23,3689.0,243.0,647.0
BHARATFORG,2024-12-31,4.45,3476.0,213.0,623.0
BHARATFORG,2025-03-31,5.9,3853.0,283.0,679.0
BHARATFORG,2025-06-30,5.93,3909.0,284.0,670.0
BHARATFORG,2025-09-30,6.26,4032.0,299.0,724.0
BHARATFORG,2025-12-31,5.53,4343.0,273.0,746.0
BHARATRAS,2022-12-31,20.34,309.0,34.0,49.0
BHARATRAS,2023-03-31,18.22,306.0,30.0,56.0
BHARATRAS,2023-06-30,4.27,239.0,7.0,6.0
BHARATRAS,2023-09-30,3.61,263.0,6.0,13.0
BHARATRAS,2023-12-31,9.22,233.0,15.0,26.0
BHARATRAS,2024-03-31,40.43,310.0,67.0,69.0
BHARATRAS,2024-06-30,25.98,282.0,43.0,38.0
BHARATRAS,2024-09-30,19.36,328.0,32.0,47.0
BHARATRAS,2024-12-31,24.42,256.0,41.0,42.0
BHARATRAS,2025-03-31,15.14,307.0,25.0,37.0
BHARATRAS,2025-06-30,23.89,377.0,40.0,69.0
BHARATRAS,2025-09-30,16.8,286.0,28.0,33.0
BHARATRAS,2025-12-31,24.08,270.0,40.0,43.0
BHARATWIRE,2022-03-31,1.21,134.0,8.0,21.0
BHARATWIRE,2022-12-31,2.93,144.0,19.0,37.0
BHARATWIRE,2023-03-31,2.35,162.0,16.0,46.0
BHARATWIRE,2023-06-30,3.5,158.0,24.0,41.0
BHARATWIRE,2023-09-30,3.59,159.0,24.0,42.0
BHARATWIRE,2023-12-31,3.87,157.0,26.0,44.0
BHARATWIRE,2024-03-31,3.19,147.0,22.0,37.0
BHARTIARTL,2022-12-31,2.85,35804.0,2614.0,18085.0
BHARTIARTL,2023-03-31,5.39,36009.0,4226.0,18697.0
BHARTIARTL,2023-06-30,2.89,37440.0,1520.0,19598.0
BHARTIARTL,2023-09-30,2.39,37044.0,2093.0,19514.0
BHARTIARTL,2023-12-31,4.34,37900.0,2876.0,19815.0
BHARTIARTL,2024-03-31,3.66,37599.0,2068.0,19365.0
BHARTIARTL,2024-06-30,7.31,38506.0,4718.0,19708.0
BHARTIARTL,2024-09-30,6.31,41473.0,4153.0,21846.0
BHARTIARTL,2024-12-31,25.95,45129.0,16135.0,24597.0
BHARTIARTL,2025-03-31,19.33,47876.0,12476.0,27009.0
BHARTIARTL,2025-06-30,10.43,49463.0,7422.0,27839.0
BHARTIARTL,2025-09-30,11.91,52145.0,8651.0,29561.0
BHARTIARTL,2025-12-31,11.63,53982.0,8503.0,30783.0
BHEL,2022-12-31,0.12,5263.0,42.0,144.0
BHEL,2023-03-31,1.89,8227.0,658.0,1049.0
BHEL,2023-06-30,-0.59,5003.0,-205.0,-178.0
BHEL,2023-09-30,-0.18,5125.0,-63.0,-154.0
BHEL,2023-12-31,0.17,5504.0,60.0,217.0
BHEL,2024-03-31,1.41,8260.0,490.0,728.0
BHEL,2024-06-30,-0.61,5485.0,-211.0,-169.0
BHEL,2024-09-30,0.3,6584.0,106.0,275.0
BHEL,2024-12-31,0.39,7277.0,135.0,304.0
BHEL,2025-03-31,1.45,8993.0,504.0,832.0
BHEL,2025-06-30,-1.31,5487.0,-456.0,-537.0
BHEL,2025-09-30,1.08,7512.0,375.0,581.0
BHEL,2025-12-31,1.12,8473.0,390.0,545.0
BI,2022-12-31,-7.98,246.0,-19.0,12.0
BI,2023-03-31,19.63,234.0,78.0,14.0
BI,2023-06-30,-3.36,182.0,-13.0,13.0
BI,2023-09-30,-3.22,190.0,-12.0,17.0
BI,2023-12-31,-2.91,175.0,-14.0,17.0
BI,2024-03-31,-4.63,200.0,-20.0,-8.0
BI,2024-06-30,-2.71,194.0,-15.0,19.0
BI,2024-09-30,-6.81,202.0,-30.0,8.0
BI,2024-12-31,-3.04,198.0,-16.0,11.0
BI,2025-03-31,4.48,194.0,5.0,7.0
BI,2025-06-30,-1.61,186.0,-10.0,11.0
BI,2025-09-30,-5.25,178.0,-23.0,3.0
BI,2025-12-31,-2.53,181.0,-13.0,13.0
BIGBLOC,2022-12-31,0.54,49.54,7.68,13.29
BIGBLOC,2023-03-31,0.4,46.55,5.56,10.61
BIGBLOC,2023-06-30,0.43,54.87,5.9,12.64
BIGBLOC,2023-09-30,0.53,58.9,7.52,14.86
BIGBLOC,2023-12-31,0.61,61.49,8.62,16.1
BIGBLOC,2024-03-31,0.61,67.95,8.65,12.55
BIGBLOC,2024-06-30,0.31,51.57,3.03,9.64
BIGBLOC,2024-09-30,0.15,51.66,0.19,7.67
BIGBLOC,2024-12-31,0.15,56.82,0.29,6.11
BIGBLOC,2025-03-31,0.07,64.59,-0.31,5.75
BIGBLOC,2025-06-30,-0.23,56.36,-4.96,1.3
BIGBLOC,2025-09-30,-0.08,67.32,-3.15,1.89
BIGBLOC,2025-12-31,0.13,72.81,0.45,8.06
BIKAJI,2022-12-31,1.63,508.0,40.0,55.0
BIKAJI,2023-03-31,1.51,462.0,38.0,62.0
BIKAJI,2023-06-30,1.67,482.0,41.0,66.0
BIKAJI,2023-09-30,2.45,609.0,60.0,88.0
BIKAJI,2023-12-31,1.86,624.0,46.0,75.0
BIKAJI,2024-03-31,4.64,614.0,116.0,161.0
BIKAJI,2024-06-30,2.33,572.0,58.0,92.0
BIKAJI,2024-09-30,2.76,721.0,69.0,107.0
BIKAJI,2024-12-31,1.14,715.0,28.0,55.0
BIKAJI,2025-03-31,1.78,611.0,40.0,74.0
BIKAJI,2025-06-30,2.39,653.0,59.0,96.0
BIKAJI,2025-09-30,3.18,830.0,78.0,128.0
BIKAJI,2025-12-31,2.48,790.0,62.0,98.0
BIL,2022-12-31,0.77,191.91,0.93,19.1
BIL,2023-03-31,44.85,146.78,54.73,15.69
BIL,2023-06-30,-2.89,171.87,-3.54,13.33
BIL,2023-09-30,4.58,227.65,5.58,25.85
BIL,2023-12-31,-2.66,198.35,-3.26,14.06
BIL,2024-03-31,1.16,179.66,1.41,13.68
BIL,2024-06-30,-4.44,229.24,-5.43,12.3
BIL,2024-09-30,6.29,295.91,7.67,28.47
BIL,2024-12-31,-1.24,262.97,-1.52,17.41
BIL,2025-03-31,11.49,241.14,14.91,18.8
BIL,2025-06-30,4.3,279.96,5.58,25.85
BIL,2025-09-30,7.4,399.4,9.93,35.44
BIL,2025-12-31,5.0,365.95,6.7,28.68
BIMETAL,2022-12-31,7.53,54.01,2.88,4.25
BIMETAL,2023-03-31,3.95,59.63,1.51,2.86
BIMETAL,2023-06-30,9.52,58.83,3.64,4.11
BIMETAL,2023-09-30,7.01,59.0,2.68,3.46
BIMETAL,2023-12-31,1.93,55.03,0.74,1.08
BIMETAL,2024-03-31,7.45,60.81,2.85,3.24
BIMETAL,2024-06-30,10.56,58.28,4.04,4.68
BIMETAL,2024-09-30,5.12,62.61,1.96,3.14
BIMETAL,2024-12-31,6.85,54.08,2.62,2.21
BIMETAL,2025-03-31,6.9,64.11,2.64,4.02
BIMETAL,2025-06-30,11.08,71.66,4.24,5.4
BIMETAL,2025-09-30,5.18,67.14,1.98,3.33
BIMETAL,2025-12-31,4.47,63.91,1.71,2.22
BIOCON,2022-12-31,-0.35,2941.0,-21.0,589.0
BIOCON,2023-03-31,2.61,3774.0,414.0,957.0
BIOCON,2023-06-30,0.84,3423.0,149.0,681.0
BIOCON,2023-09-30,1.05,3462.0,173.0,717.0
BIOCON,2023-12-31,5.5,3954.0,753.0,903.0
BIOCON,2024-03-31,1.13,3917.0,223.0,913.0
BIOCON,2024-06-30,5.49,3433.0,862.0,620.0
BIOCON,2024-09-30,-0.13,3590.0,27.0,685.0
BIOCON,2024-12-31,0.21,3821.0,81.0,752.0
BIOCON,2025-03-31,2.87,4417.0,459.0,1078.0
BIOCON,2025-06-30,0.23,3942.0,89.0,749.0
BIOCON,2025-09-30,0.63,4296.0,133.0,835.0
BIOCON,2025-12-31,1.08,4173.0,-52.0,834.0
BIRLACORPN,2022-12-31,-6.48,2016.0,-50.0,144.0
BIRLACORPN,2023-03-31,11.03,2463.0,85.0,274.0
BIRLACORPN,2023-06-30,7.75,2407.0,60.0,298.0
BIRLACORPN,2023-09-30,7.58,2286.0,58.0,289.0
BIRLACORPN,2023-12-31,14.17,2310.0,109.0,378.0
BIRLACORPN,2024-03-31,25.11,2654.0,193.0,472.0
BIRLACORPN,2024-06-30,4.24,2190.0,33.0,258.0
BIRLACORPN,2024-09-30,-3.27,1953.0,-25.0,177.0
BIRLACORPN,2024-12-31,4.05,2257.0,31.0,248.0
BIRLACORPN,2025-03-31,33.32,2815.0,257.0,534.0
BIRLACORPN,2025-06-30,15.53,2454.0,120.0,347.0
BIRLACORPN,2025-09-30,11.75,2207.0,90.0,305.0
BIRLACORPN,2025-12-31,6.85,2159.0,53.0,293.0
BIRLAMONEY,2015-09-30,0.31,32.39,1.71,2.03
BIRLAMONEY,2015-12-31,0.08,28.46,0.42,0.84
BIRLAMONEY,2016-03-31,-0.01,28.42,-0.06,1.51
BIRLAMONEY,2016-06-30,-0.23,27.5,-1.28,-0.55
BIRLAMONEY,2016-09-30,0.47,32.79,2.61,2.0
BIRLAMONEY,2016-12-31,0.54,33.04,3.0,5.25
BIRLAMONEY,2017-03-31,0.53,34.38,2.95,4.63
BIRLAMONEY,2017-06-30,0.23,35.9,1.28,2.66
BIRLAMONEY,2017-09-30,0.26,39.26,1.45,4.71
BIRLAMONEY,2017-12-31,0.51,43.13,2.85,6.09
BIRLAMONEY,2018-03-31,0.41,43.82,2.29,7.22
BIRLAMONEY,2018-06-30,0.36,42.14,2.02,8.07
BIRLAMONEY,2018-09-30,0.42,43.11,2.36,10.52
BIRLANU,2022-12-31,16.63,767.0,13.0,50.0
BIRLANU,2023-03-31,6.13,863.0,5.0,37.0
BIRLANU,2023-06-30,76.76,1016.0,58.0,87.0
BIRLANU,2023-09-30,-20.94,723.0,-16.0,3.0
BIRLANU,2023-12-31,-9.52,784.0,-7.0,17.0
BIRLANU,2024-03-31,-0.15,852.0,0.0,17.0
BIRLANU,2024-06-30,16.74,1107.0,13.0,69.0
BIRLANU,2024-09-30,19.45,774.0,15.0,-42.0
BIRLANU,2024-12-31,-47.05,805.0,-35.0,-1.0
BIRLANU,2025-03-31,-32.77,929.0,-25.0,22.0
BIRLANU,2025-06-30,-1.75,1052.0,-1.0,40.0
BIRLANU,2025-09-30,-56.84,810.0,-43.0,-10.0
BIRLANU,2025-12-31,-70.32,858.0,-53.0,-13.0
BIRLAPREC,2022-12-31,0.54,58.98,3.54,5.24
BIRLAPREC,2023-03-31,-0.11,64.75,-0.7,2.76
BIRLAPREC,2023-06-30,0.25,40.72,1.64,4.44
BIRLAPREC,2023-09-30,0.35,56.95,2.3,5.63
BIRLAPREC,2023-12-31,1.06,66.97,6.93,11.11
BIRLAPREC,2024-03-31,-0.22,60.91,-1.43,3.59
BIRLAPREC,2024-06-30,0.1,46.94,0.68,3.69
BIRLAPREC,2024-09-30,0.08,55.65,0.56,4.25
BIRLAPREC,2024-12-31,0.14,56.8,0.94,4.11
BIRLAPREC,2025-03-31,0.56,54.17,3.67,6.26
BIRLAPREC,2025-06-30,0.44,59.62,2.88,6.61
BIRLAPREC,2025-09-30,0.68,63.76,4.66,7.93
BIRLAPREC,2025-12-31,0.22,57.55,1.51,0.01
BLACKBUCK,2023-06-30,-3558.42,59.0,-36.0,-31.0
BLACKBUCK,2023-09-30,-4719.8,63.0,-48.0,-37.0
BLACKBUCK,2023-12-31,-1939.6,81.0,-20.0,-11.0
BLACKBUCK,2024-03-31,-8985.15,93.0,-91.0,-87.0
BLACKBUCK,2024-06-30,2838.61,92.0,29.0,8.0
BLACKBUCK,2024-09-30,-26680.2,99.0,-269.0,15.0
BLACKBUCK,2024-12-31,-2.72,114.0,-48.0,30.0
BLACKBUCK,2025-03-31,15.79,122.0,280.0,40.0
BLACKBUCK,2025-06-30,1.88,144.0,34.0,40.0
BLACKBUCK,2025-09-30,1.62,151.0,29.0,37.0
BLACKBUCK,2025-12-31,1.75,172.0,32.0,45.0
BLACKROSE,2022-12-31,0.05,97.5,0.27,1.18
BLACKROSE,2023-03-31,0.35,111.17,1.81,3.04
BLACKROSE,2023-06-30,0.79,87.62,4.05,5.63
BLACKROSE,2023-09-30,1.18,83.86,6.04,7.99
BLACKROSE,2023-12-31,1.07,93.62,5.44,7.28
BLACKROSE,2024-03-31,1.12,115.36,5.7,7.16
BLACKROSE,2024-06-30,0.93,98.27,4.72,6.18
BLACKROSE,2024-09-30,0.92,93.05,4.71,6.61
BLACKROSE,2024-12-31,1.12,87.7,5.7,8.08
BLACKROSE,2025-03-31,1.14,82.89,5.81,8.53
BLACKROSE,2025-06-30,0.82,59.85,4.19,5.86
BLACKROSE,2025-09-30,0.87,83.98,4.43,7.21
BLACKROSE,2025-12-31,0.86,75.15,4.4,6.53
BLIL,2022-12-31,1.1,,37.0,
BLIL,2023-03-31,1.27,,44.0,
BLIL,2023-06-30,1.66,,57.0,
BLIL,2023-09-30,1.83,,64.0,
BLIL,2023-12-31,1.94,,68.0,
BLIL,2024-03-31,2.14,,75.0,
BLIL,2024-06-30,1.86,,65.0,
BLIL,2024-09-30,1.82,,63.0,
BLIL,2024-12-31,1.88,,64.0,
BLIL,2025-03-31,2.17,,75.0,
BLIL,2025-06-30,2.01,,69.0,
BLIL,2025-09-30,1.66,,57.0,
BLIL,2025-12-31,1.93,,67.0,
BLISSGVS,2022-12-31,2.68,206.0,30.0,48.0
BLISSGVS,2023-03-31,0.32,185.0,3.0,6.0
BLISSGVS,2023-06-30,1.41,160.0,14.0,24.0
BLISSGVS,2023-09-30,4.05,212.0,43.0,54.0
BLISSGVS,2023-12-31,2.64,201.0,29.0,44.0
BLISSGVS,2024-03-31,-0.87,198.0,-5.0,28.0
BLISSGVS,2024-06-30,1.97,184.0,22.0,34.0
BLISSGVS,2024-09-30,2.31,218.0,26.0,41.0
BLISSGVS,2024-12-31,2.26,210.0,26.0,30.0
BLISSGVS,2025-03-31,1.47,198.0,17.0,21.0
BLISSGVS,2025-06-30,4.08,207.0,44.0,41.0
BLISSGVS,2025-09-30,2.58,244.0,29.0,43.0
BLISSGVS,2025-12-31,2.2,218.0,25.0,35.0
BLKASHYAP,2022-12-31,1.62,253.0,37.0,22.0
BLKASHYAP,2023-03-31,-1.42,276.0,-32.0,23.0
BLKASHYAP,2023-06-30,0.44,253.0,10.0,25.0
BLKASHYAP,2023-09-30,0.53,327.0,12.0,29.0
BLKASHYAP,2023-12-31,0.31,324.0,7.0,24.0
BLKASHYAP,2024-03-31,1.05,341.0,24.0,33.0
BLKASHYAP,2024-06-30,0.9,350.0,20.0,32.0
BLKASHYAP,2024-09-30,0.42,267.0,9.0,20.0
BLKASHYAP,2024-12-31,0.05,242.0,1.0,6.0
BLKASHYAP,2025-03-31,-0.14,294.0,-3.0,7.0
BLKASHYAP,2025-06-30,0.48,336.0,11.0,26.0
BLKASHYAP,2025-09-30,-0.38,355.0,-9.0,20.0
BLKASHYAP,2025-12-31,0.52,324.0,12.0,29.0
BLS,2022-12-31,1.23,438.0,46.0,66.0
BLS,2023-03-31,1.68,449.0,77.0,67.0
BLS,2023-06-30,1.68,383.0,71.0,80.0
BLS,2023-09-30,1.91,408.0,82.0,87.0
BLS,2023-12-31,2.05,438.0,87.0,89.0
BLS,2024-03-31,1.96,448.0,85.0,90.0
BLS,2024-06-30,2.77,493.0,121.0,133.0
BLS,2024-09-30,3.36,495.0,146.0,164.0
BLS,2024-12-31,2.93,513.0,128.0,158.0
BLS,2025-03-31,3.28,693.0,145.0,174.0
BLS,2025-06-30,4.15,711.0,181.0,204.0
BLS,2025-09-30,4.26,737.0,186.0,213.0
BLS,2025-12-31,3.95,736.0,170.0,198.0
BLSE,2022-12-31,-1.88,69.0,-12.0,9.0
BLSE,2023-03-31,3.73,73.0,25.0,12.0
BLSE,2023-06-30,0.77,75.0,6.0,9.0
BLSE,2023-09-30,1.27,81.0,9.0,12.0
BLSE,2023-12-31,1.12,72.0,8.0,10.0
BLSE,2024-03-31,1.13,74.0,11.0,11.0
BLSE,2024-06-30,1.32,75.0,13.0,12.0
BLSE,2024-09-30,1.58,77.0,15.0,14.0
BLSE,2024-12-31,1.44,128.0,14.0,16.0
BLSE,2025-03-31,1.45,239.0,17.0,19.0
BLSE,2025-06-30,1.62,244.0,18.0,18.0
BLSE,2025-09-30,1.7,270.0,18.0,20.0
BLSE,2025-12-31,1.39,281.0,15.0,17.0
BLUEDART,2022-12-31,37.37,1337.0,89.0,228.0
BLUEDART,2023-03-31,29.27,1217.0,69.0,199.0
BLUEDART,2023-06-30,25.83,1238.0,61.0,191.0
BLUEDART,2023-09-30,30.79,1324.0,73.0,223.0
BLUEDART,2023-12-31,37.46,1383.0,89.0,213.0
BLUEDART,2024-03-31,32.78,1323.0,78.0,226.0
BLUEDART,2024-06-30,22.51,1343.0,53.0,202.0
BLUEDART,2024-09-30,26.48,1448.0,63.0,218.0
BLUEDART,2024-12-31,34.14,1512.0,81.0,239.0
BLUEDART,2025-03-31,23.24,1417.0,55.0,213.0
BLUEDART,2025-06-30,20.58,1442.0,49.0,196.0
BLUEDART,2025-09-30,34.3,1549.0,81.0,252.0
BLUEDART,2025-12-31,28.8,1616.0,68.0,281.0
BLUESTARCO,2022-12-31,3.03,1794.0,58.0,104.0
BLUESTARCO,2023-03-31,11.7,2624.0,225.0,179.0
BLUESTARCO,2023-06-30,4.33,2226.0,83.0,145.0
BLUESTARCO,2023-09-30,3.44,1890.0,71.0,123.0
BLUESTARCO,2023-12-31,4.88,2241.0,100.0,155.0
BLUESTARCO,2024-03-31,7.81,3328.0,160.0,242.0
BLUESTARCO,2024-06-30,8.21,2865.0,169.0,238.0
BLUESTARCO,2024-09-30,4.68,2276.0,96.0,149.0
BLUESTARCO,2024-12-31,6.45,2807.0,132.0,209.0
BLUESTARCO,2025-03-31,9.42,4019.0,194.0,279.0
BLUESTARCO,2025-06-30,5.88,2982.0,121.0,199.0
BLUESTARCO,2025-09-30,4.82,2422.0,99.0,182.0
BLUESTARCO,2025-12-31,3.92,2925.0,81.0,220.0
BLUESTONE,2024-06-30,-27.61,348.0,-59.0,2.0
BLUESTONE,2024-09-30,-25.96,373.0,-84.0,-4.0
BLUESTONE,2024-12-31,-7.94,587.0,-27.0,50.0
BLUESTONE,2025-03-31,-14.51,461.0,-51.0,25.0
BLUESTONE,2025-06-30,-9.8,493.0,-35.0,55.0
BLUESTONE,2025-09-30,-3.42,514.0,-52.0,40.0
BLUESTONE,2025-12-31,4.57,749.0,69.0,165.0
BLUESTONE,2026-03-31,2.1,681.0,31.0,124.0
BLUSPRING,2024-09-30,,770.0,2.0,23.0
BLUSPRING,2024-12-31,,791.0,-158.0,21.0
BLUSPRING,2025-03-31,,802.0,-23.0,5.0
BLUSPRING,2025-06-30,-0.32,797.0,-7.0,12.0
BLUSPRING,2025-09-30,0.35,857.0,4.0,17.0
BLUSPRING,2025-12-31,-1.34,863.0,-23.0,24.0
BNAGROCHEM,2016-03-31,-0.02,0.0,-0.02,-0.01
BNAGROCHEM,2023-03-31,-0.09,0.0,-0.09,-0.07
BNAGROCHEM,2023-06-30,-0.34,0.0,-0.34,-0.3
BNAGROCHEM,2023-09-30,-0.62,0.0,-0.61,-0.61
BNAGROCHEM,2023-12-31,-1.27,0.0,-1.26,-1.26
BNAGROCHEM,2024-03-31,-0.92,7.09,-0.91,-0.9
BNAGROCHEM,2024-06-30,-1.94,0.0,-1.92,-1.07
BNAGROCHEM,2024-09-30,-5.75,0.0,-5.69,-3.51
BNAGROCHEM,2024-12-31,9.61,85.22,10.09,7.82
BNAGROCHEM,2025-03-31,1.97,214.19,19.25,-40.55
BNAGROCHEM,2025-06-30,2.05,203.31,20.08,23.81
BNAGROCHEM,2025-09-30,1.83,216.49,17.92,1.28
BNAGROCHEM,2025-12-31,-0.69,192.12,-6.78,-16.15
BNALTD,2022-12-31,10.58,80.3,3.84,3.71
BNALTD,2023-03-31,-44.94,38.42,-13.81,-10.85
BNALTD,2023-06-30,-25.19,54.33,-7.39,-4.38
BNALTD,2023-09-30,82.26,101.81,26.78,24.69
BNALTD,2023-12-31,29.94,96.26,9.83,11.84
BNALTD,2024-03-31,-52.42,37.71,-15.26,-14.63
BNALTD,2024-06-30,-13.97,50.51,-3.35,-1.26
BNALTD,2024-09-30,82.0,97.38,26.27,29.73
BNALTD,2024-12-31,-6.97,73.44,-1.58,1.23
BNALTD,2025-03-31,-36.06,43.02,-10.8,-20.34
BNALTD,2025-06-30,-8.97,55.63,-2.29,-0.01
BNALTD,2025-09-30,82.23,102.9,26.38,30.05
BNALTD,2025-12-31,-18.84,80.88,-5.51,-3.02
BODALCHEM,2022-12-31,0.19,320.73,2.43,24.55
BODALCHEM,2023-03-31,0.22,389.58,2.81,26.91
BODALCHEM,2023-06-30,0.18,332.49,2.21,22.21
BODALCHEM,2023-09-30,0.1,330.0,1.24,23.49
BODALCHEM,2023-12-31,0.08,338.55,0.98,23.87
BODALCHEM,2024-03-31,0.16,393.59,2.04,25.11
BODALCHEM,2024-06-30,-0.09,421.96,-1.18,34.46
BODALCHEM,2024-09-30,-0.02,428.63,-0.24,32.66
BODALCHEM,2024-12-31,0.43,443.47,5.42,44.5
BODALCHEM,2025-03-31,1.15,450.87,14.5,47.26
BODALCHEM,2025-06-30,0.76,454.2,9.53,47.61
BODALCHEM,2025-09-30,0.48,480.45,5.99,22.99
BODALCHEM,2025-12-31,0.02,489.57,0.24,22.04
BOMDYEING,2022-12-31,-4.88,651.97,-100.78,39.78
BOMDYEING,2023-03-31,-11.92,670.17,-246.09,-95.33
BOMDYEING,2023-06-30,-5.8,498.01,-119.81,3.36
BOMDYEING,2023-09-30,-2.52,440.6,-51.99,15.49
BOMDYEING,2023-12-31,147.87,369.22,3053.97,-24.21
BOMDYEING,2024-03-31,3.22,380.65,66.46,-43.86
BOMDYEING,2024-06-30,0.75,450.97,15.54,11.95
BOMDYEING,2024-09-30,19.03,380.63,393.02,-41.8
BOMDYEING,2024-12-31,3.39,414.81,70.06,15.9
BOMDYEING,2025-03-31,0.56,359.02,11.54,-12.85
BOMDYEING,2025-06-30,0.67,377.84,13.81,-14.04
BOMDYEING,2025-09-30,0.09,362.63,1.92,-12.71
BOMDYEING,2025-12-31,-0.48,324.02,-9.85,-27.48
BONLON,2023-12-31,0.49,92.63,0.69,1.9
BONLON,2024-03-31,0.58,118.64,0.82,1.82
BONLON,2024-06-30,0.6,133.98,0.85,1.95
BONLON,2024-09-30,0.33,204.65,0.47,1.67
BONLON,2024-12-31,0.66,138.38,0.94,2.06
BONLON,2025-03-31,0.3,146.08,0.42,1.15
BONLON,2025-06-30,2.49,180.3,3.53,5.29
BONLON,2025-09-30,-1.55,242.0,-2.2,-2.17
BONLON,2025-12-31,0.34,128.25,0.48,1.31
BOROLTD,2022-12-31,1.39,207.0,16.0,9.0
BOROLTD,2023-03-31,0.28,177.0,3.0,11.0
BOROLTD,2023-06-30,0.63,251.0,6.0,26.0
BOROLTD,2023-09-30,1.62,235.0,19.0,37.0
BOROLTD,2023-12-31,3.25,304.0,37.0,58.0
BOROLTD,2024-03-31,0.44,229.0,5.0,19.0
BOROLTD,2024-06-30,0.78,217.0,9.0,29.0
BOROLTD,2024-09-30,1.53,278.0,18.0,45.0
BOROLTD,2024-12-31,2.97,338.0,35.0,54.0
BOROLTD,2025-03-31,0.93,270.0,11.0,37.0
BOROLTD,2025-06-30,1.46,233.0,17.0,37.0
BOROLTD,2025-09-30,1.9,340.0,23.0,48.0
BOROLTD,2025-12-31,2.0,339.0,24.0,53.0
BORORENEW,2022-12-31,0.4,246.0,6.0,19.0
BORORENEW,2023-03-31,0.77,309.0,10.0,34.0
BORORENEW,2023-06-30,-0.64,354.0,-12.0,26.0
BORORENEW,2023-09-30,1.92,402.0,30.0,32.0
BORORENEW,2023-12-31,-1.19,330.0,-16.0,20.0
BORORENEW,2024-03-31,-3.68,283.0,-53.0,-26.0
BORORENEW,2024-06-30,-0.99,371.0,-14.0,22.0
BORORENEW,2024-09-30,-0.75,373.0,-13.0,29.0
BORORENEW,2024-12-31,-2.05,361.0,-30.0,-10.0
BORORENEW,2025-03-31,-1.52,374.0,-30.0,15.0
BORORENEW,2025-06-30,-12.52,347.0,-203.0,63.0
BORORENEW,2025-09-30,1.98,379.0,62.0,118.0
BORORENEW,2025-12-31,7.14,390.0,100.0,123.0
BOROSCI,2023-06-30,,87.54,3.29,5.72
BOROSCI,2023-09-30,,91.97,5.05,9.47
BOROSCI,2023-12-31,0.65,99.68,5.69,12.15
BOROSCI,2024-03-31,1.05,115.71,9.46,18.27
BOROSCI,2024-06-30,0.57,104.2,5.03,9.83
BOROSCI,2024-09-30,0.99,102.98,8.8,15.82
BOROSCI,2024-12-31,0.48,101.45,4.28,10.01
BOROSCI,2025-03-31,0.97,129.48,8.62,16.57
BOROSCI,2025-06-30,-0.47,95.98,-4.21,4.86
BOROSCI,2025-09-30,0.32,106.9,2.84,8.03
BOROSCI,2025-12-31,0.98,121.3,8.7,17.19
BOSCHLTD,2022-12-31,108.4,3660.0,320.0,404.0
BOSCHLTD,2023-03-31,134.98,4063.0,398.0,522.0
BOSCHLTD,2023-06-30,138.78,4158.0,409.0,468.0
BOSCHLTD,2023-09-30,338.99,4130.0,1000.0,491.0
BOSCHLTD,2023-12-31,175.7,4205.0,518.0,578.0
BOSCHLTD,2024-03-31,191.23,4233.0,564.0,557.0
BOSCHLTD,2024-06-30,158.1,4317.0,466.0,520.0
BOSCHLTD,2024-09-30,181.97,4394.0,537.0,560.0
BOSCHLTD,2024-12-31,155.53,4466.0,459.0,583.0
BOSCHLTD,2025-03-31,187.67,4911.0,554.0,647.0
BOSCHLTD,2025-06-30,378.42,4789.0,1116.0,639.0
BOSCHLTD,2025-09-30,188.01,4795.0,554.0,617.0
BOSCHLTD,2025-12-31,180.58,4886.0,533.0,612.0
BPCL,2022-12-31,4.03,119170.0,1747.0,4213.0
BPCL,2023-03-31,15.84,118115.0,6870.0,11085.0
BPCL,2023-06-30,24.53,112985.0,10644.0,15785.0
BPCL,2023-09-30,19.0,103044.0,8244.0,12941.0
BPCL,2023-12-31,7.33,115499.0,3181.0,6199.0
BPCL,2024-03-31,11.04,116555.0,4790.0,8955.0
BPCL,2024-06-30,6.55,113095.0,2842.0,5627.0
BPCL,2024-09-30,5.29,102785.0,2297.0,4517.0
BPCL,2024-12-31,8.77,113166.0,3806.0,7456.0
BPCL,2025-03-31,10.12,111230.0,4392.0,7737.0
BPCL,2025-06-30,15.76,112551.0,6839.0,9678.0
BPCL,2025-09-30,14.27,104946.0,6191.0,9761.0
BPCL,2025-12-31,16.57,119029.0,7188.0,11687.0
BPL,2022-12-31,0.13,12.88,0.66,1.33
BPL,2023-03-31,0.3,15.34,1.49,1.08
BPL,2023-06-30,0.52,14.45,2.55,3.05
BPL,2023-09-30,2.0,21.49,9.78,9.93
BPL,2023-12-31,0.3,14.42,1.46,1.93
BPL,2024-03-31,0.06,16.18,0.31,0.49
BPL,2024-06-30,2.73,19.39,13.38,4.74
BPL,2024-09-30,0.83,20.92,4.07,4.79
BPL,2024-12-31,0.06,19.32,0.31,0.89
BPL,2025-03-31,-3.61,18.74,-17.66,1.75
BPL,2025-06-30,0.56,19.48,2.73,3.27
BPL,2025-09-30,-0.04,19.84,-0.19,0.49
BPL,2025-12-31,0.03,19.19,0.17,0.45
BRIGADE,2022-12-31,3.03,514.0,70.0,107.0
BRIGADE,2023-03-31,4.74,485.0,109.0,91.0
BRIGADE,2023-06-30,1.67,316.0,39.0,59.0
BRIGADE,2023-09-30,3.12,438.0,72.0,90.0
BRIGADE,2023-12-31,2.04,414.0,47.0,87.0
BRIGADE,2024-03-31,6.94,857.0,160.0,216.0
BRIGADE,2024-06-30,2.84,534.0,66.0,111.0
BRIGADE,2024-09-30,3.71,422.0,91.0,72.0
BRIGADE,2024-12-31,3.73,543.0,91.0,107.0
BRIGADE,2025-03-31,8.51,619.0,208.0,145.0
BRIGADE,2025-06-30,2.25,436.0,55.0,47.0
BRIGADE,2025-09-30,2.05,661.0,50.0,31.0
BRIGADE,2025-12-31,3.39,712.0,83.0,106.0
BRIGHOTEL,2024-06-30,-0.17,102.0,-6.0,33.0
BRIGHOTEL,2024-09-30,0.19,108.0,7.0,37.0
BRIGHOTEL,2024-12-31,0.3,124.0,10.0,43.0
BRIGHOTEL,2025-03-31,0.4,134.0,13.0,50.0
BRIGHOTEL,2025-06-30,0.22,124.0,7.0,41.0
BRIGHOTEL,2025-09-30,0.24,126.0,11.0,37.0
BRIGHOTEL,2025-12-31,0.53,139.0,22.0,47.0
BRIGHOTEL,2026-03-31,0.6,136.0,25.0,49.0
BRITANNIA,2022-12-31,38.71,4197.0,932.0,818.0
BRITANNIA,2023-03-31,23.19,4023.0,558.0,801.0
BRITANNIA,2023-06-30,19.0,4011.0,455.0,689.0
BRITANNIA,2023-09-30,24.39,4433.0,586.0,871.0
BRITANNIA,2023-12-31,23.1,4256.0,556.0,820.0
BRITANNIA,2024-03-31,22.35,4069.0,537.0,784.0
BRITANNIA,2024-06-30,20.99,4250.0,505.0,753.0
BRITANNIA,2024-09-30,22.06,4668.0,532.0,780.0
BRITANNIA,2024-12-31,24.15,4593.0,582.0,843.0
BRITANNIA,2025-03-31,23.25,4432.0,559.0,801.0
BRITANNIA,2025-06-30,21.62,4622.0,520.0,752.0
BRITANNIA,2025-09-30,27.17,4841.0,655.0,951.0
BRITANNIA,2025-12-31,28.23,4970.0,682.0,977.0
BRNL,2022-12-31,-15.83,97.0,-128.0,-70.0
BRNL,2023-03-31,-7.2,94.0,-69.0,-15.0
BRNL,2023-06-30,-1.4,99.0,-7.0,52.0
BRNL,2023-09-30,-6.64,91.0,-66.0,-7.0
BRNL,2023-12-31,-1.87,97.0,-10.0,49.0
BRNL,2024-03-31,-3.42,93.0,-30.0,44.0
BRNL,2024-06-30,-1.85,103.0,-11.0,50.0
BRNL,2024-09-30,-0.85,76.0,-10.0,8.0
BRNL,2024-12-31,20.2,232.0,164.0,177.0
BRNL,2025-03-31,-0.57,47.0,-7.0,5.0
BRNL,2025-06-30,1.22,46.0,13.0,28.0
BRNL,2025-09-30,0.57,17.0,12.0,-47.0
BRNL,2025-12-31,2.19,42.0,25.0,34.0
BSE,2022-12-31,1.27,239.0,48.0,74.0
BSE,2023-03-31,2.24,259.0,89.0,127.0
BSE,2023-06-30,10.89,260.0,440.0,114.0
BSE,2023-09-30,2.97,362.0,118.0,189.0
BSE,2023-12-31,2.66,426.0,106.0,146.0
BSE,2024-03-31,2.64,539.0,107.0,151.0
BSE,2024-06-30,6.53,602.0,264.0,282.0
BSE,2024-09-30,8.54,813.0,346.0,456.0
BSE,2024-12-31,5.41,768.0,219.0,236.0
BSE,2025-03-31,12.17,847.0,494.0,484.0
BSE,2025-06-30,13.28,958.0,538.0,625.0
BSE,2025-09-30,13.73,1068.0,557.0,680.0
BSE,2025-12-31,14.78,1244.0,597.0,732.0
BSOFT,2022-12-31,-0.6,1222.0,-16.0,7.0
BSOFT,2023-03-31,4.08,1226.0,112.0,167.0
BSOFT,2023-06-30,5.0,1263.0,138.0,193.0
BSOFT,2023-09-30,5.27,1310.0,145.0,207.0
BSOFT,2023-12-31,5.84,1343.0,161.0,214.0
BSOFT,2024-03-31,6.53,1363.0,180.0,222.0
BSOFT,2024-06-30,5.44,1327.0,150.0,195.0
BSOFT,2024-09-30,4.61,1368.0,128.0,165.0
BSOFT,2024-12-31,4.23,1363.0,117.0,163.0
BSOFT,2025-03-31,4.39,1317.0,122.0,174.0
BSOFT,2025-06-30,3.83,1285.0,106.0,159.0
BSOFT,2025-09-30,4.17,1329.0,116.0,213.0
BSOFT,2025-12-31,4.3,1348.0,120.0,245.0
BTML,2022-12-31,0.05,11.13,0.93,0.99
BTML,2023-03-31,0.18,21.97,3.26,4.61
BTML,2023-06-30,0.07,16.21,1.26,1.81
BTML,2023-09-30,0.04,13.02,0.98,1.64
BTML,2023-12-31,-0.01,12.9,0.28,0.96
BTML,2024-03-31,0.09,21.86,1.06,1.37
BTML,2024-06-30,-0.03,18.01,-1.02,-0.61
BTML,2024-09-30,0.1,14.01,2.25,2.39
BTML,2024-12-31,0.08,16.87,1.81,2.48
BTML,2025-03-31,0.12,40.21,1.88,4.74
BTML,2025-06-30,0.02,18.12,0.48,1.28
BTML,2025-09-30,0.15,23.4,3.05,3.91
BTML,2025-12-31,0.08,39.02,2.35,4.07
BTTL,2022-12-31,-0.42,3.59,-2.46,-2.66
BTTL,2023-03-31,-0.39,1.31,-2.29,-2.66
BTTL,2023-06-30,0.68,4.0,3.98,0.24
BTTL,2023-09-30,0.9,3.15,5.26,-0.02
BTTL,2023-12-31,0.09,3.11,0.54,-0.09
BTTL,2024-03-31,0.53,4.12,3.1,-0.08
BTTL,2024-06-30,0.78,1.27,4.58,-0.02
BTTL,2024-09-30,0.57,2.61,3.34,0.06
BTTL,2024-12-31,-0.46,2.8,-2.71,-3.31
BTTL,2025-03-31,0.36,1.51,2.08,-0.42
BTTL,2025-06-30,0.05,5.32,0.31,-1.0
BTTL,2025-09-30,-0.73,5.22,-4.26,-4.9
BTTL,2025-12-31,0.52,8.6,3.02,0.25
BUILDPRO,2024-09-30,14330.0,1239.0,14.0,31.0
BUILDPRO,2024-12-31,18010.0,1291.0,18.0,35.0
BUILDPRO,2025-06-30,32070.0,1568.0,32.0,53.0
BUILDPRO,2025-09-30,12.11,1595.0,29.0,50.0
BUILDPRO,2025-12-31,10.29,1666.0,25.0,54.0
BVCL,2022-12-31,0.68,45.17,1.51,5.98
BVCL,2023-03-31,0.58,60.68,1.28,6.47
BVCL,2023-06-30,1.47,55.57,3.26,6.52
BVCL,2023-09-30,1.25,50.76,2.76,6.89
BVCL,2023-12-31,1.08,59.09,2.4,6.29
BVCL,2024-03-31,-0.53,68.59,-1.17,4.44
BVCL,2024-06-30,1.43,53.54,3.17,6.93
BVCL,2024-09-30,-0.24,41.71,-0.54,2.47
BVCL,2024-12-31,0.61,54.72,1.36,5.81
BVCL,2025-03-31,0.53,57.96,1.18,4.31
BVCL,2025-06-30,0.6,57.52,1.33,4.58
BVCL,2025-09-30,-0.08,47.35,-0.18,2.41
BVCL,2025-12-31,-1.04,47.65,-2.31,0.65
CALSOFT,2023-03-31,-0.07,0.02,-0.45,-0.4
CALSOFT,2023-06-30,0.03,0.98,0.21,0.39
CALSOFT,2023-09-30,0.01,1.03,0.04,0.22
CALSOFT,2023-12-31,0.04,1.26,0.22,0.57
CALSOFT,2024-03-31,0.02,1.01,0.15,0.39
CALSOFT,2024-06-30,0.03,1.08,0.17,0.38
CALSOFT,2024-09-30,0.01,1.07,0.08,0.25
CALSOFT,2024-12-31,0.03,1.31,0.2,0.42
CALSOFT,2025-03-31,0.05,1.99,0.3,0.52
CALSOFT,2025-06-30,0.03,1.55,0.19,0.4
CALSOFT,2025-09-30,0.04,1.54,0.23,0.45
CALSOFT,2025-12-31,0.16,2.54,1.01,1.5
CALSOFT,2026-03-31,3.9,14.03,9.2,12.63
CAMLINFINE,2022-12-31,1.36,388.0,23.0,50.0
CAMLINFINE,2023-03-31,0.52,427.0,3.0,44.0
CAMLINFINE,2023-06-30,0.83,420.0,12.0,39.0
CAMLINFINE,2023-09-30,-1.03,406.0,-21.0,25.0
CAMLINFINE,2023-12-31,-0.63,386.0,-14.0,23.0
CAMLINFINE,2024-03-31,-4.11,377.0,-82.0,31.0
CAMLINFINE,2024-06-30,-1.81,381.0,-35.0,29.0
CAMLINFINE,2024-09-30,-5.33,417.0,-116.0,52.0
CAMLINFINE,2024-12-31,-0.22,431.0,-7.0,56.0
CAMLINFINE,2025-03-31,-0.04,437.0,0.0,59.0
CAMLINFINE,2025-06-30,-0.53,424.0,-11.0,19.0
CAMLINFINE,2025-09-30,-0.76,460.0,-15.0,33.0
CAMLINFINE,2025-12-31,-1.89,457.0,-37.0,22.0
CAMPUS,2021-03-31,0.66,275.0,10.0,65.0
CAMPUS,2021-06-30,0.13,135.0,2.0,15.0
CAMPUS,2021-12-31,1.8,434.0,55.0,93.0
CAMPUS,2022-03-31,1.3,352.0,40.0,78.0
CAMPUS,2022-06-30,0.94,338.0,29.0,62.0
CAMS,2022-12-31,3.01,244.0,74.0,108.0
CAMS,2023-03-31,3.05,249.0,74.0,109.0
CAMS,2023-06-30,3.11,261.0,76.0,110.0
CAMS,2023-09-30,3.44,275.0,84.0,122.0
CAMS,2023-12-31,3.63,290.0,89.0,129.0
CAMS,2024-03-31,4.21,310.0,103.0,143.0
CAMS,2024-06-30,4.4,331.0,107.0,150.0
CAMS,2024-09-30,4.97,365.0,121.0,170.0
CAMS,2024-12-31,5.08,370.0,124.0,173.0
CAMS,2025-03-31,4.61,356.0,113.0,159.0
CAMS,2025-06-30,4.41,354.0,108.0,154.0
CAMS,2025-09-30,4.64,377.0,114.0,168.0
CAMS,2025-12-31,5.07,390.0,125.0,179.0
CANBK,2022-12-31,3.34,,3058.0,
CANBK,2023-03-31,3.68,,3364.0,
CANBK,2023-06-30,4.12,,3755.0,
CANBK,2023-09-30,4.19,,3829.0,
CANBK,2023-12-31,4.18,,3827.0,
CANBK,2024-03-31,4.36,,3991.0,
CANBK,2024-06-30,4.48,,4098.0,
CANBK,2024-09-30,4.62,,4227.0,
CANBK,2024-12-31,4.65,,4256.0,
CANBK,2025-03-31,5.59,,5111.0,
CANBK,2025-06-30,3.52,,3233.0,
CANBK,2025-09-30,5.35,,4896.0,
CANBK,2025-12-31,5.79,,5174.0,
CAPACITE,2022-12-31,3.37,443.0,23.0,87.0
CAPACITE,2023-03-31,3.19,447.0,22.0,84.0
CAPACITE,2023-06-30,2.81,430.0,19.0,71.0
CAPACITE,2023-09-30,2.7,422.0,20.0,62.0
CAPACITE,2023-12-31,3.85,481.0,30.0,87.0
CAPACITE,2024-03-31,6.12,599.0,52.0,109.0
CAPACITE,2024-06-30,6.31,570.0,53.0,108.0
CAPACITE,2024-09-30,5.27,518.0,45.0,95.0
CAPACITE,2024-12-31,6.15,590.0,52.0,90.0
CAPACITE,2025-03-31,6.21,671.0,53.0,86.0
CAPACITE,2025-06-30,5.4,589.0,47.0,102.0
CAPACITE,2025-09-30,5.8,646.0,51.0,108.0
CAPACITE,2025-12-31,5.91,675.0,50.0,108.0
CAPILLARY,2024-12-31,1.4,159.0,10.26,22.96
CAPILLARY,2025-09-30,0.04,179.33,0.29,18.65
CAPILLARY,2025-12-31,1.01,184.04,7.99,24.98
CAPLIPOINT,2022-12-31,12.84,372.0,97.0,109.0
CAPLIPOINT,2023-03-31,13.45,389.0,101.0,124.0
CAPLIPOINT,2023-06-30,13.62,395.0,104.0,127.0
CAPLIPOINT,2023-09-30,15.13,410.0,116.0,137.0
CAPLIPOINT,2023-12-31,15.43,436.0,120.0,142.0
CAPLIPOINT,2024-03-31,16.01,453.0,121.0,145.0
CAPLIPOINT,2024-06-30,16.31,459.0,125.0,152.0
CAPLIPOINT,2024-09-30,17.21,483.0,131.0,165.0
CAPLIPOINT,2024-12-31,18.28,493.0,140.0,162.0
CAPLIPOINT,2025-03-31,18.76,502.0,145.0,168.0
CAPLIPOINT,2025-06-30,20.1,510.0,151.0,178.0
CAPLIPOINT,2025-09-30,20.32,534.0,160.0,189.0
CAPLIPOINT,2025-12-31,21.56,543.0,166.0,190.0
CARBORUNIV,2022-12-31,5.75,1187.0,113.0,171.0
CARBORUNIV,2023-03-31,7.22,1200.0,149.0,190.0
CARBORUNIV,2023-06-30,5.96,1203.0,118.0,169.0
CARBORUNIV,2023-09-30,5.36,1146.0,104.0,168.0
CARBORUNIV,2023-12-31,5.86,1151.0,112.0,191.0
CARBORUNIV,2024-03-31,7.09,1201.0,143.0,209.0
CARBORUNIV,2024-06-30,5.94,1198.0,115.0,194.0
CARBORUNIV,2024-09-30,6.09,1224.0,116.0,195.0
CARBORUNIV,2024-12-31,1.83,1255.0,38.0,177.0
CARBORUNIV,2025-03-31,1.53,1217.0,30.0,146.0
CARBORUNIV,2025-06-30,3.25,1219.0,60.0,121.0
CARBORUNIV,2025-09-30,3.91,1298.0,74.0,156.0
CARBORUNIV,2025-12-31,3.99,1291.0,73.0,157.0
CARERATING,2022-12-31,5.38,62.0,16.0,14.0
CARERATING,2023-03-31,6.6,78.0,20.0,27.0
CARERATING,2023-06-30,5.99,66.0,18.0,18.0
CARERATING,2023-09-30,11.81,96.0,36.0,42.0
CARERATING,2023-12-31,7.88,79.0,24.0,23.0
CARERATING,2024-03-31,8.07,90.0,25.0,29.0
CARERATING,2024-06-30,6.94,79.0,21.0,22.0
CARERATING,2024-09-30,15.41,117.0,47.0,56.0
CARERATING,2024-12-31,9.29,96.0,28.0,30.0
CARERATING,2025-03-31,14.24,110.0,43.0,47.0
CARERATING,2025-06-30,8.61,94.0,26.0,28.0
CARERATING,2025-09-30,18.89,136.0,57.0,68.0
CARERATING,2025-12-31,11.96,112.0,37.0,40.0
CARRARO,2023-12-31,3.41,435.0,19.0,38.0
CARRARO,2024-03-31,3.2,393.0,18.0,38.0
CARRARO,2024-06-30,4.88,474.0,28.0,50.0
CARRARO,2024-09-30,3.86,441.0,22.0,43.0
CARRARO,2024-12-31,2.58,449.0,15.0,32.0
CARRARO,2025-03-31,4.17,444.0,24.0,45.0
CARRARO,2025-06-30,5.12,493.0,29.0,48.0
CARRARO,2025-09-30,5.58,586.0,32.0,52.0
CARRARO,2025-12-31,4.94,570.0,28.0,55.0
CARTRADE,2022-12-31,2.79,97.0,14.0,11.0
CARTRADE,2023-03-31,3.19,96.0,18.0,12.0
CARTRADE,2023-06-30,2.77,86.0,14.0,5.0
CARTRADE,2023-09-30,0.64,120.0,5.0,21.0
CARTRADE,2023-12-31,-5.17,139.0,-24.0,25.0
CARTRADE,2024-03-31,4.8,145.0,25.0,27.0
CARTRADE,2024-06-30,4.72,142.0,23.0,22.0
CARTRADE,2024-09-30,5.89,154.0,31.0,33.0
CARTRADE,2024-12-31,9.01,176.0,46.0,50.0
CARTRADE,2025-03-31,8.82,170.0,46.0,46.0
CARTRADE,2025-06-30,9.03,173.0,47.0,44.0
CARTRADE,2025-09-30,12.53,193.0,64.0,64.0
CARTRADE,2025-12-31,11.68,210.0,62.0,78.0
CARYSIL,2022-12-31,4.5,138.0,12.0,25.0
CARYSIL,2023-03-31,4.64,146.0,12.0,26.0
CARYSIL,2023-06-30,4.32,142.0,12.0,26.0
CARYSIL,2023-09-30,5.76,164.0,16.0,33.0
CARYSIL,2023-12-31,5.72,188.0,15.0,35.0
CARYSIL,2024-03-31,5.79,191.0,16.0,35.0
CARYSIL,2024-06-30,5.91,201.0,16.0,36.0
CARYSIL,2024-09-30,5.91,207.0,17.0,37.0
CARYSIL,2024-12-31,4.4,203.0,13.0,29.0
CARYSIL,2025-03-31,6.54,204.0,19.0,35.0
CARYSIL,2025-06-30,8.02,227.0,23.0,44.0
CARYSIL,2025-09-30,9.56,241.0,27.0,46.0
CARYSIL,2025-12-31,7.41,223.0,21.0,42.0
CCAVENUE,2022-12-31,0.11,415.0,35.0,48.0
CCAVENUE,2023-03-31,0.12,653.0,38.0,47.0
CCAVENUE,2023-06-30,0.08,742.0,25.0,49.0
CCAVENUE,2023-09-30,0.12,787.0,41.0,70.0
CCAVENUE,2023-12-31,0.13,907.0,43.0,65.0
CCAVENUE,2024-03-31,0.13,716.0,46.0,67.0
CCAVENUE,2024-06-30,0.2,745.0,69.0,69.0
CCAVENUE,2024-09-30,0.13,1017.0,47.0,78.0
CCAVENUE,2024-12-31,0.18,1070.0,64.0,78.0
CCAVENUE,2025-03-31,0.14,1161.0,55.0,75.0
CCAVENUE,2025-06-30,0.18,1280.0,58.0,71.0
CCAVENUE,2025-09-30,0.24,1965.0,68.0,90.0
CCAVENUE,2025-12-31,0.21,2381.0,80.0,96.0
CCCL,2023-03-31,-0.52,35.51,-20.61,-1.01
CCCL,2023-06-30,-0.63,22.28,-25.25,-4.74
CCCL,2023-09-30,-0.51,35.06,-20.25,-0.6
CCCL,2023-12-31,-15.5,43.63,-617.82,-598.68
CCCL,2024-03-31,33.52,29.86,1335.89,-47.7
CCCL,2024-06-30,-0.06,28.23,-2.57,-4.18
CCCL,2024-09-30,1.16,56.63,46.08,-13.58
CCCL,2024-12-31,-0.28,52.17,-11.79,-28.49
CCCL,2025-03-31,1.25,44.96,55.92,-7.57
CCCL,2025-06-30,1.74,51.31,77.94,-21.69
CCCL,2025-09-30,-0.01,66.06,-0.43,-3.87
CCCL,2025-12-31,0.08,74.14,3.52,0.93
CCCL,2026-03-31,-0.04,103.2,-2.0,-8.28
CCHHL,2022-12-31,-0.36,15.99,-5.94,0.48
CCHHL,2023-03-31,1.69,13.78,27.69,-37.08
CCHHL,2023-06-30,-0.22,14.24,-3.65,1.35
CCHHL,2023-09-30,-0.25,12.79,-4.05,-0.31
CCHHL,2023-12-31,-0.2,12.87,-3.3,-0.5
CCHHL,2024-03-31,0.38,12.46,6.15,-4.18
CCHHL,2024-06-30,-0.02,12.27,-0.3,0.25
CCHHL,2024-09-30,-0.2,9.49,-3.28,-1.12
CCHHL,2024-12-31,-0.07,11.43,-1.12,2.09
CCHHL,2025-03-31,0.56,12.83,9.08,-9.44
CCHHL,2025-06-30,0.02,24.03,0.26,2.38
CCHHL,2025-09-30,0.01,20.08,0.13,1.67
CCHHL,2025-12-31,-0.08,15.88,-1.31,0.72
CCL,2022-12-31,5.49,535.0,73.0,101.0
CCL,2023-03-31,6.41,520.0,85.0,113.0
CCL,2023-06-30,4.56,655.0,61.0,106.0
CCL,2023-09-30,4.57,608.0,61.0,110.0
CCL,2023-12-31,4.76,664.0,63.0,111.0
CCL,2024-03-31,4.88,727.0,65.0,118.0
CCL,2024-06-30,5.35,773.0,71.0,130.0
CCL,2024-09-30,5.54,738.0,74.0,137.0
CCL,2024-12-31,4.72,758.0,63.0,124.0
CCL,2025-03-31,7.63,836.0,102.0,163.0
CCL,2025-06-30,5.43,1056.0,72.0,159.0
CCL,2025-09-30,7.55,1127.0,101.0,197.0
CCL,2025-12-31,7.51,1051.0,100.0,185.0
CDSL,2022-12-31,3.57,141.0,75.0,85.0
CDSL,2023-03-31,3.02,125.0,63.0,68.0
CDSL,2023-06-30,3.52,150.0,74.0,80.0
CDSL,2023-09-30,5.21,207.0,109.0,128.0
CDSL,2023-12-31,5.14,214.0,107.0,130.0
CDSL,2024-03-31,6.18,241.0,129.0,148.0
CDSL,2024-06-30,6.42,257.0,134.0,154.0
CDSL,2024-09-30,7.75,322.0,162.0,200.0
CDSL,2024-12-31,6.22,278.0,130.0,161.0
CDSL,2025-03-31,4.8,224.0,100.0,109.0
CDSL,2025-06-30,4.9,259.0,102.0,130.0
CDSL,2025-09-30,6.71,319.0,140.0,176.0
CDSL,2025-12-31,6.38,304.0,133.0,160.0
CEATLTD,2023-03-31,33.05,2875.0,132.0,368.0
CEATLTD,2023-06-30,35.75,2935.0,144.0,387.0
CEATLTD,2023-09-30,51.42,3053.0,208.0,456.0
CEATLTD,2023-12-31,44.87,2963.0,181.0,418.0
CEATLTD,2024-03-31,26.84,2992.0,102.0,392.0
CEATLTD,2024-06-30,38.11,3193.0,154.0,383.0
CEATLTD,2024-09-30,30.13,3305.0,121.0,362.0
CEATLTD,2024-12-31,24.01,3300.0,97.0,341.0
CEATLTD,2025-03-31,24.6,3421.0,99.0,388.0
CEATLTD,2025-06-30,27.8,3529.0,112.0,388.0
CEATLTD,2025-09-30,45.97,3773.0,186.0,503.0
CEATLTD,2025-12-31,38.51,4157.0,155.0,563.0
CEATLTD,2026-03-31,60.28,4219.0,244.0,593.0
CEIGALL,2023-06-30,5.63,650.0,44.0,87.0
CEIGALL,2023-09-30,4.7,741.0,74.0,127.0
CEIGALL,2023-12-31,5.04,695.0,78.0,140.0
CEIGALL,2024-03-31,6.93,944.0,108.0,164.0
CEIGALL,2024-06-30,5.05,822.0,78.0,144.0
CEIGALL,2024-09-30,3.86,772.0,66.0,123.0
CEIGALL,2024-12-31,4.2,831.0,71.0,123.0
CEIGALL,2025-03-31,4.25,1012.0,72.0,128.0
CEIGALL,2025-06-30,3.05,838.0,51.0,109.0
CEIGALL,2025-09-30,3.33,807.0,56.0,114.0
CEIGALL,2025-12-31,4.25,991.0,72.0,139.0
CEINSYS,2022-12-31,1.76,52.0,3.0,2.0
CEINSYS,2023-03-31,13.76,73.0,21.0,22.0
CEINSYS,2023-06-30,5.42,54.0,8.0,11.0
CEINSYS,2023-09-30,3.02,58.0,5.0,10.0
CEINSYS,2023-12-31,6.71,63.0,10.0,11.0
CEINSYS,2024-03-31,7.11,78.0,12.0,12.0
CEINSYS,2024-06-30,7.29,74.0,12.0,13.0
CEINSYS,2024-09-30,6.68,90.0,12.0,17.0
CEINSYS,2024-12-31,10.21,112.0,18.0,21.0
CEINSYS,2025-03-31,12.54,142.0,22.0,27.0
CEINSYS,2025-06-30,18.14,157.0,32.0,30.0
CEINSYS,2025-09-30,14.43,163.0,26.0,36.0
CEINSYS,2025-12-31,21.79,170.0,39.0,40.0
CELLO,2022-06-30,61880.0,433.0,66.0,97.0
CELLO,2023-06-30,3.97,472.0,83.0,119.0
CELLO,2023-09-30,4.1,489.0,87.0,120.0
CELLO,2023-12-31,4.0,527.0,91.0,132.0
CELLO,2024-03-31,4.18,512.0,96.0,133.0
CELLO,2024-06-30,3.89,501.0,89.0,129.0
CELLO,2024-09-30,3.7,490.0,87.0,119.0
CELLO,2024-12-31,3.91,557.0,92.0,127.0
CELLO,2025-03-31,3.99,589.0,96.0,135.0
CELLO,2025-06-30,3.31,529.0,81.0,109.0
CELLO,2025-09-30,3.88,587.0,91.0,128.0
CELLO,2025-12-31,2.88,554.0,69.0,106.0
CEMPRO,2023-03-31,2.2,1631.0,38.0,140.0
CEMPRO,2023-06-30,3.04,1833.0,52.0,162.0
CEMPRO,2023-09-30,3.12,1610.0,54.0,158.0
CEMPRO,2023-12-31,4.56,2017.0,79.0,205.0
CEMPRO,2024-03-31,5.21,2258.0,90.0,221.0
CEMPRO,2024-06-30,5.83,2381.0,100.0,221.0
CEMPRO,2024-09-30,4.19,1991.0,72.0,182.0
CEMPRO,2024-12-31,5.07,2270.0,87.0,207.0
CEMPRO,2025-03-31,6.6,2532.0,113.0,255.0
CEMPRO,2025-06-30,7.99,2542.0,137.0,233.0
CEMPRO,2025-09-30,6.27,2195.0,108.0,202.0
CEMPRO,2025-12-31,6.46,2315.0,111.0,222.0
CEMPRO,2026-03-31,14.1,2973.0,242.0,358.0
CENTENKA,2022-12-31,4.56,468.0,10.0,21.0
CENTENKA,2023-03-31,6.63,473.0,14.0,23.0
CENTENKA,2023-06-30,6.19,428.0,14.0,21.0
CENTENKA,2023-09-30,1.96,396.0,4.0,9.0
CENTENKA,2023-12-31,2.14,451.0,5.0,16.0
CENTENKA,2024-03-31,9.28,469.0,20.0,34.0
CENTENKA,2024-06-30,11.13,528.0,24.0,41.0
CENTENKA,2024-09-30,9.79,536.0,21.0,38.0
CENTENKA,2024-12-31,6.4,493.0,14.0,27.0
CENTENKA,2025-03-31,3.09,444.0,7.0,9.0
CENTENKA,2025-06-30,7.04,402.0,15.0,20.0
CENTENKA,2025-09-30,10.22,409.0,22.0,31.0
CENTENKA,2025-12-31,10.86,412.0,24.0,41.0
CENTRALBK,2023-03-31,0.68,,592.0,
CENTRALBK,2023-06-30,0.57,,498.0,
CENTRALBK,2023-09-30,0.72,,623.0,
CENTRALBK,2023-12-31,0.85,,738.0,
CENTRALBK,2024-03-31,0.94,,817.0,
CENTRALBK,2024-06-30,1.09,,945.0,
CENTRALBK,2024-09-30,1.06,,926.0,
CENTRALBK,2024-12-31,1.11,,966.0,
CENTRALBK,2025-03-31,1.22,,1106.0,
CENTRALBK,2025-06-30,1.42,,1284.0,
CENTRALBK,2025-09-30,1.36,,1234.0,
CENTRALBK,2025-12-31,1.4,,1265.0,
CENTRALBK,2026-03-31,0.82,,748.0,
CENTRUM,2022-12-31,-0.69,334.0,-39.0,125.0
CENTRUM,2023-03-31,-0.78,394.0,-21.0,135.0
CENTRUM,2023-06-30,-1.19,443.0,-64.0,150.0
CENTRUM,2023-09-30,-0.56,533.0,-28.0,234.0
CENTRUM,2023-12-31,-0.67,560.0,-18.0,212.0
CENTRUM,2024-03-31,0.04,655.0,39.0,341.0
CENTRUM,2024-06-30,-2.19,716.0,-122.0,233.0
CENTRUM,2024-09-30,-0.57,784.0,8.0,317.0
CENTRUM,2024-12-31,-1.26,877.0,-59.0,326.0
CENTRUM,2025-03-31,-0.49,1116.0,24.0,443.0
CENTRUM,2025-06-30,-0.33,846.0,-107.0,205.0
CENTRUM,2025-09-30,-0.88,823.0,-8.0,176.0
CENTRUM,2025-12-31,-2.12,878.0,-135.0,252.0
CENTUM,2022-12-31,-7.5,197.0,-10.0,6.0
CENTUM,2023-03-31,20.02,316.0,26.0,50.0
CENTUM,2023-06-30,1.13,248.0,1.0,21.0
CENTUM,2023-09-30,-3.54,248.0,-5.0,17.0
CENTUM,2023-12-31,5.63,298.0,7.0,29.0
CENTUM,2024-03-31,-5.35,297.0,-7.0,18.0
CENTUM,2024-06-30,-2.98,246.0,-4.0,16.0
CENTUM,2024-09-30,-0.24,260.0,0.0,20.0
CENTUM,2024-12-31,-14.96,273.0,-19.0,27.0
CENTUM,2025-03-31,14.64,369.0,22.0,42.0
CENTUM,2025-06-30,3.05,273.0,4.0,23.0
CENTUM,2025-09-30,2.88,277.0,4.0,20.0
CENTUM,2025-12-31,-41.9,331.0,-62.0,31.0
CENTURYPLY,2022-12-31,3.7,884.0,82.0,129.0
CENTURYPLY,2023-03-31,5.16,965.0,115.0,164.0
CENTURYPLY,2023-06-30,3.91,891.0,87.0,133.0
CENTURYPLY,2023-09-30,4.36,997.0,97.0,144.0
CENTURYPLY,2023-12-31,2.84,937.0,63.0,106.0
CENTURYPLY,2024-03-31,3.58,1061.0,78.0,137.0
CENTURYPLY,2024-06-30,1.55,1005.0,34.0,111.0
CENTURYPLY,2024-09-30,1.8,1184.0,40.0,111.0
CENTURYPLY,2024-12-31,2.63,1140.0,59.0,130.0
CENTURYPLY,2025-03-31,2.36,1198.0,53.0,135.0
CENTURYPLY,2025-06-30,2.33,1169.0,53.0,128.0
CENTURYPLY,2025-09-30,3.1,1386.0,71.0,175.0
CENTURYPLY,2025-12-31,2.87,1350.0,65.0,170.0
CERA,2022-06-30,30.36,397.0,40.0,63.0
CERA,2022-09-30,39.02,416.0,51.0,68.0
CERA,2022-12-31,43.38,458.0,57.0,75.0
CERA,2023-03-31,48.25,536.0,63.0,90.0
CERA,2023-06-30,43.27,429.0,57.0,70.0
CERA,2023-09-30,43.75,463.0,57.0,76.0
CERA,2023-12-31,39.12,439.0,52.0,61.0
CERA,2024-03-31,57.61,549.0,76.0,95.0
CERA,2024-06-30,36.18,401.0,47.0,58.0
CERA,2024-09-30,52.71,493.0,69.0,72.0
CERA,2024-12-31,35.52,452.0,46.0,62.0
CERA,2025-03-31,66.39,581.0,86.0,108.0
CERA,2025-06-30,36.1,422.0,47.0,55.0
CESC,2022-12-31,2.41,3129.0,336.0,496.0
CESC,2023-03-31,3.27,3102.0,445.0,513.0
CESC,2023-06-30,2.62,4310.0,368.0,724.0
CESC,2023-09-30,2.63,4352.0,363.0,646.0
CESC,2023-12-31,2.12,3244.0,301.0,346.0
CESC,2024-03-31,3.02,3387.0,415.0,410.0
CESC,2024-06-30,2.85,4863.0,388.0,371.0
CESC,2024-09-30,2.66,4700.0,373.0,896.0
CESC,2024-12-31,2.0,3561.0,282.0,610.0
CESC,2025-03-31,2.81,3877.0,385.0,812.0
CESC,2025-06-30,2.92,5202.0,404.0,864.0
CESC,2025-09-30,3.23,5267.0,448.0,1061.0
CESC,2025-12-31,2.15,4005.0,304.0,779.0
CEWATER,2023-09-30,6.81,97.35,12.4,22.79
CEWATER,2023-12-31,10.21,123.16,18.58,23.24
CEWATER,2024-03-31,15.42,200.21,28.06,39.12
CEWATER,2024-06-30,-2.4,102.73,-4.37,3.21
CEWATER,2024-09-30,9.51,161.89,17.3,26.82
CEWATER,2024-12-31,-4.14,122.82,-8.56,3.41
CEWATER,2025-03-31,22.77,206.99,47.13,58.23
CEWATER,2025-06-30,1.99,102.39,4.12,-1.19
CEWATER,2025-09-30,2.17,124.85,4.49,7.49
CEWATER,2025-12-31,-3.95,124.58,-8.18,3.45
CGCL,2023-03-31,0.79,,65.0,
CGCL,2023-06-30,0.77,,64.0,
CGCL,2023-09-30,0.79,,65.0,
CGCL,2023-12-31,0.82,,68.0,
CGCL,2024-03-31,1.0,,83.0,
CGCL,2024-06-30,0.92,,76.0,
CGCL,2024-09-30,1.18,,97.0,
CGCL,2024-12-31,1.55,,128.0,
CGCL,2025-03-31,2.15,,178.0,
CGCL,2025-06-30,1.82,,175.0,
CGCL,2025-09-30,2.45,,236.0,
CGCL,2025-12-31,2.65,,255.0,
CGCL,2026-03-31,2.94,,283.0,
CGPOWER,2022-12-31,1.49,1752.0,228.0,277.0
CGPOWER,2023-03-31,2.79,1903.0,426.0,275.0
CGPOWER,2023-06-30,1.33,1874.0,204.0,265.0
CGPOWER,2023-09-30,1.59,2002.0,242.0,309.0
CGPOWER,2023-12-31,4.89,1979.0,748.0,261.0
CGPOWER,2024-03-31,1.53,2192.0,234.0,284.0
CGPOWER,2024-06-30,1.58,2228.0,241.0,327.0
CGPOWER,2024-09-30,1.45,2413.0,220.0,295.0
CGPOWER,2024-12-31,1.57,2516.0,238.0,331.0
CGPOWER,2025-03-31,1.78,2753.0,274.0,347.0
CGPOWER,2025-06-30,1.76,2878.0,267.0,381.0
CGPOWER,2025-09-30,1.82,2923.0,284.0,377.0
CGPOWER,2025-12-31,1.81,3175.0,284.0,362.0
CHALET,2022-12-31,4.99,290.0,102.0,113.0
CHALET,2023-03-31,1.79,338.0,37.0,152.0
CHALET,2023-06-30,4.32,311.0,89.0,110.0
CHALET,2023-09-30,1.77,315.0,36.0,126.0
CHALET,2023-12-31,3.44,374.0,71.0,166.0
CHALET,2024-03-31,4.01,418.0,82.0,183.0
CHALET,2024-06-30,2.78,361.0,61.0,140.0
CHALET,2024-09-30,-6.35,377.0,-139.0,150.0
CHALET,2024-12-31,4.42,458.0,97.0,205.0
CHALET,2025-03-31,5.67,522.0,124.0,241.0
CHALET,2025-06-30,9.3,895.0,203.0,357.0
CHALET,2025-09-30,7.08,735.0,155.0,299.0
CHALET,2025-12-31,5.67,582.0,124.0,265.0
CHAMBLFERT,2022-12-31,7.79,8296.0,324.0,670.0
CHAMBLFERT,2023-03-31,2.26,3599.0,94.0,108.0
CHAMBLFERT,2023-06-30,8.14,5589.0,339.0,633.0
CHAMBLFERT,2023-09-30,9.15,5386.0,381.0,615.0
CHAMBLFERT,2023-12-31,11.04,4349.0,459.0,628.0
CHAMBLFERT,2024-03-31,2.42,2643.0,97.0,166.0
CHAMBLFERT,2024-06-30,11.19,4933.0,448.0,752.0
CHAMBLFERT,2024-09-30,13.39,4346.0,536.0,790.0
CHAMBLFERT,2024-12-31,13.34,4918.0,534.0,778.0
CHAMBLFERT,2025-03-31,3.25,2449.0,130.0,163.0
CHAMBLFERT,2025-06-30,13.7,5698.0,549.0,761.0
CHAMBLFERT,2025-09-30,16.19,6413.0,649.0,842.0
CHAMBLFERT,2025-12-31,14.64,5898.0,586.0,821.0
CHEMBOND,2022-12-31,6.16,110.62,8.25,11.16
CHEMBOND,2023-03-31,7.61,122.03,10.19,13.22
CHEMBOND,2023-06-30,6.54,113.54,8.78,8.95
CHEMBOND,2023-09-30,11.52,112.02,15.35,14.51
CHEMBOND,2023-12-31,10.07,114.6,13.49,14.16
CHEMBOND,2024-03-31,1.13,47.09,1.51,3.08
CHEMBOND,2024-06-30,3.49,46.27,4.68,3.44
CHEMBOND,2024-09-30,4.69,49.78,6.29,2.77
CHEMBOND,2024-12-31,2.42,53.05,3.24,3.78
CHEMBOND,2025-03-31,2.51,52.21,3.36,3.6
CHEMBOND,2025-06-30,2.98,57.68,3.99,3.47
CHEMBOND,2025-09-30,2.86,57.75,3.83,4.02
CHEMBOND,2025-12-31,1.19,62.9,1.59,4.15
CHEMBONDCH,2024-06-30,,64.36,5.6,7.33
CHEMBONDCH,2024-09-30,,75.03,6.89,7.91
CHEMBONDCH,2024-12-31,,74.88,9.97,14.41
CHEMBONDCH,2025-03-31,,78.01,8.69,12.27
CHEMBONDCH,2025-06-30,2.33,65.38,6.27,8.42
CHEMBONDCH,2025-09-30,2.7,73.04,7.2,10.67
CHEMBONDCH,2025-12-31,3.62,86.35,9.71,12.35
CHEMFAB,2022-12-31,10.56,83.94,14.94,24.72
CHEMFAB,2023-03-31,10.76,73.3,15.26,24.53
CHEMFAB,2023-06-30,6.7,79.08,9.51,15.49
CHEMFAB,2023-09-30,3.03,79.58,4.3,10.88
CHEMFAB,2023-12-31,4.99,86.33,7.1,15.2
CHEMFAB,2024-03-31,3.8,82.31,5.41,12.33
CHEMFAB,2024-06-30,0.63,76.53,0.9,8.33
CHEMFAB,2024-09-30,-0.37,81.9,-0.53,10.15
CHEMFAB,2024-12-31,1.32,83.62,1.88,11.91
CHEMFAB,2025-03-31,-6.4,92.32,-9.19,13.34
CHEMFAB,2025-06-30,1.78,91.54,2.55,11.3
CHEMFAB,2025-09-30,-1.4,76.56,-2.01,5.46
CHEMFAB,2025-12-31,-3.1,68.14,-4.45,1.93
CHEMPLASTS,2022-12-31,1.72,1189.0,27.0,78.0
CHEMPLASTS,2023-03-31,2.91,1147.0,46.0,97.0
CHEMPLASTS,2023-06-30,-4.05,996.0,-64.0,-35.0
CHEMPLASTS,2023-09-30,1.65,988.0,26.0,46.0
CHEMPLASTS,2023-12-31,-5.65,888.0,-89.0,-7.0
CHEMPLASTS,2024-03-31,-1.97,1051.0,-31.0,21.0
CHEMPLASTS,2024-06-30,1.51,1145.0,24.0,124.0
CHEMPLASTS,2024-09-30,-1.98,993.0,-31.0,26.0
CHEMPLASTS,2024-12-31,-3.09,1058.0,-49.0,32.0
CHEMPLASTS,2025-03-31,-3.43,1151.0,-54.0,37.0
CHEMPLASTS,2025-06-30,-4.06,1100.0,-64.0,17.0
CHEMPLASTS,2025-09-30,-3.23,1033.0,-51.0,43.0
CHEMPLASTS,2025-12-31,-7.54,835.0,-119.0,-57.0
CHENNPETRO,2023-03-31,68.01,18009.0,1013.0,1627.0
CHENNPETRO,2023-06-30,37.37,14745.0,556.0,950.0
CHENNPETRO,2023-09-30,80.28,16545.0,1195.0,1804.0
CHENNPETRO,2023-12-31,24.53,17376.0,365.0,680.0
CHENNPETRO,2024-03-31,42.17,17720.0,628.0,1042.0
CHENNPETRO,2024-06-30,23.98,17095.0,357.0,663.0
CHENNPETRO,2024-09-30,-42.55,12086.0,-634.0,-675.0
CHENNPETRO,2024-12-31,1.4,12925.0,21.0,242.0
CHENNPETRO,2025-03-31,31.56,17249.0,470.0,785.0
CHENNPETRO,2025-06-30,-2.69,14812.0,-40.0,99.0
CHENNPETRO,2025-09-30,48.3,16327.0,719.0,1144.0
CHENNPETRO,2025-12-31,67.26,15683.0,1002.0,1478.0
CHENNPETRO,2026-03-31,95.48,16817.0,1422.0,2036.0
CHOICEIN,2023-03-31,1.52,137.0,30.0,45.0
CHOICEIN,2023-06-30,1.08,138.0,21.0,36.0
CHOICEIN,2023-09-30,1.48,191.0,30.0,49.0
CHOICEIN,2023-12-31,1.98,207.0,40.0,67.0
CHOICEIN,2024-03-31,1.93,215.0,39.0,67.0
CHOICEIN,2024-06-30,1.48,201.0,32.0,53.0
CHOICEIN,2024-09-30,2.31,247.0,46.0,76.0
CHOICEIN,2024-12-31,1.47,209.0,31.0,60.0
CHOICEIN,2025-03-31,2.59,253.0,54.0,96.0
CHOICEIN,2025-06-30,2.19,235.0,48.0,83.0
CHOICEIN,2025-09-30,2.69,274.0,56.0,89.0
CHOICEIN,2025-12-31,2.56,303.0,66.0,112.0
CHOICEIN,2026-03-31,2.71,307.0,68.0,116.0
CHOLAFIN,2023-03-31,10.4,,855.0,
CHOLAFIN,2023-06-30,8.64,,710.0,
CHOLAFIN,2023-09-30,9.4,,773.0,
CHOLAFIN,2023-12-31,10.39,,872.0,
CHOLAFIN,2024-03-31,12.68,,1065.0,
CHOLAFIN,2024-06-30,11.27,,947.0,
CHOLAFIN,2024-09-30,11.52,,968.0,
CHOLAFIN,2024-12-31,12.94,,1088.0,
CHOLAFIN,2025-03-31,14.98,,1260.0,
CHOLAFIN,2025-06-30,13.53,,1138.0,
CHOLAFIN,2025-09-30,13.78,,1160.0,
CHOLAFIN,2025-12-31,15.28,,1290.0,
CHOLAFIN,2026-03-31,19.31,,1645.0,
CHOLAHLDNG,2022-12-31,17.69,,720.0,
CHOLAHLDNG,2023-03-31,21.72,,901.0,
CHOLAHLDNG,2023-06-30,19.78,,792.0,
CHOLAHLDNG,2023-09-30,22.41,,888.0,
CHOLAHLDNG,2023-12-31,24.88,,1027.0,
CHOLAHLDNG,2024-03-31,27.32,,1144.0,
CHOLAHLDNG,2024-06-30,29.2,,1160.0,
CHOLAHLDNG,2024-09-30,27.99,,1125.0,
CHOLAHLDNG,2024-12-31,25.89,,1093.0,
CHOLAHLDNG,2025-03-31,32.68,,1362.0,
CHOLAHLDNG,2025-06-30,30.81,,1260.0,
CHOLAHLDNG,2025-09-30,29.29,,1214.0,
CHOLAHLDNG,2025-12-31,33.32,,1386.0,
CIEINDIA,2023-03-31,7.36,2440.0,279.0,381.0
CIEINDIA,2023-06-30,7.95,2320.0,302.0,370.0
CIEINDIA,2023-09-30,9.9,2279.0,375.0,345.0
CIEINDIA,2023-12-31,4.45,2240.0,169.0,327.0
CIEINDIA,2024-03-31,6.08,2427.0,230.0,361.0
CIEINDIA,2024-06-30,5.72,2293.0,217.0,360.0
CIEINDIA,2024-09-30,5.15,2135.0,195.0,331.0
CIEINDIA,2024-12-31,4.88,2110.0,185.0,299.0
CIEINDIA,2025-03-31,5.44,2273.0,206.0,335.0
CIEINDIA,2025-06-30,5.37,2369.0,204.0,337.0
CIEINDIA,2025-09-30,5.64,2372.0,214.0,356.0
CIEINDIA,2025-12-31,5.39,2393.0,204.0,335.0
CIEINDIA,2026-03-31,6.57,2612.0,249.0,402.0
CIFL,2022-12-31,-0.25,,-21.68,
CIFL,2023-03-31,-0.3,,-23.94,
CIFL,2023-06-30,0.27,,4.85,
CIFL,2023-09-30,0.0,,-5.11,
CIFL,2023-12-31,0.01,,-2.37,
CIFL,2024-03-31,0.02,,-3.8,
CIFL,2024-06-30,-0.04,,-6.35,
CIFL,2024-09-30,0.08,,0.6,
CIFL,2024-12-31,0.02,,-1.91,
CIFL,2025-03-31,-0.02,,-2.56,
CIFL,2025-06-30,-0.07,,-5.64,
CIFL,2025-09-30,1.15,,44.69,
CIFL,2025-12-31,-0.07,,-5.19,
CIGNITITEC,2022-12-31,16.57,428.0,47.0,64.0
CIGNITITEC,2023-03-31,17.53,425.0,49.0,68.0
CIGNITITEC,2023-06-30,15.85,440.0,45.0,62.0
CIGNITITEC,2023-09-30,16.8,452.0,46.0,65.0
CIGNITITEC,2023-12-31,17.6,468.0,48.0,65.0
CIGNITITEC,2024-03-31,9.94,456.0,27.0,30.0
CIGNITITEC,2024-06-30,3.85,468.0,10.0,50.0
CIGNITITEC,2024-09-30,19.38,499.0,53.0,65.0
CIGNITITEC,2024-12-31,23.3,516.0,64.0,85.0
CIGNITITEC,2025-03-31,26.72,530.0,73.0,90.0
CIGNITITEC,2025-06-30,24.05,534.0,66.0,89.0
CIGNITITEC,2025-09-30,30.08,567.0,83.0,96.0
CIGNITITEC,2025-12-31,29.15,579.0,80.0,104.0
CINELINE,2022-03-31,-2.44,15.0,-7.0,5.0
CINELINE,2022-06-30,-1.1,30.0,-3.0,8.0
CINELINE,2022-09-30,5.37,24.0,17.0,2.0
CINELINE,2022-12-31,-1.5,42.0,-5.0,9.0
CINELINE,2023-03-31,-2.22,45.0,-7.0,6.0
CINELINE,2023-06-30,-1.49,37.0,-5.0,6.0
CINELINE,2023-09-30,1.59,64.0,5.0,20.0
CINELINE,2023-12-31,0.48,52.0,2.0,12.0
CINELINE,2024-03-31,-1.92,37.0,-7.0,4.0
CINELINE,2024-06-30,-3.08,36.0,-11.0,3.0
CINELINE,2024-09-30,0.27,56.0,1.0,13.0
CINELINE,2024-12-31,1.32,63.0,5.0,15.0
CINELINE,2025-03-31,-3.64,55.0,-12.0,9.0
CINEVISTA,2022-12-31,-0.54,0.8,-3.09,-1.12
CINEVISTA,2023-03-31,-3.79,-0.0,-21.77,-38.3
CINEVISTA,2023-06-30,-0.49,-0.0,-2.8,-1.8
CINEVISTA,2023-09-30,-0.18,0.43,-1.03,-0.77
CINEVISTA,2023-12-31,-0.29,-0.0,-1.69,-1.06
CINEVISTA,2024-03-31,-0.34,0.01,-1.97,-0.28
CINEVISTA,2024-06-30,-0.27,0.02,-1.57,-0.71
CINEVISTA,2024-09-30,-0.34,0.02,-1.93,-0.95
CINEVISTA,2024-12-31,-0.39,0.03,-2.25,-1.27
CINEVISTA,2025-03-31,-4.5,11.47,-25.87,-15.13
CINEVISTA,2025-06-30,0.17,4.63,0.99,1.94
CINEVISTA,2025-09-30,0.13,3.79,0.77,1.56
CINEVISTA,2025-12-31,0.61,8.25,3.52,4.19
CIPLA,2022-12-31,9.92,5810.0,808.0,1408.0
CIPLA,2023-03-31,6.51,5739.0,522.0,1174.0
CIPLA,2023-06-30,12.33,6329.0,998.0,1494.0
CIPLA,2023-09-30,14.01,6678.0,1155.0,1734.0
CIPLA,2023-12-31,13.08,6604.0,1068.0,1748.0
CIPLA,2024-03-31,11.63,6163.0,932.0,1316.0
CIPLA,2024-06-30,14.58,6694.0,1175.0,1716.0
CIPLA,2024-09-30,16.13,7051.0,1305.0,1886.0
CIPLA,2024-12-31,19.45,7073.0,1575.0,1989.0
CIPLA,2025-03-31,15.13,6730.0,1214.0,1538.0
CIPLA,2025-06-30,16.06,6957.0,1292.0,1778.0
CIPLA,2025-09-30,16.73,7589.0,1353.0,1895.0
CIPLA,2025-12-31,8.37,7074.0,674.0,1255.0
CLEAN,2022-12-31,7.89,237.0,84.0,108.0
CLEAN,2023-03-31,7.58,217.0,81.0,105.0
CLEAN,2023-06-30,5.55,188.0,59.0,76.0
CLEAN,2023-09-30,4.91,181.0,52.0,75.0
CLEAN,2023-12-31,5.89,195.0,63.0,87.0
CLEAN,2024-03-31,6.61,228.0,70.0,95.0
CLEAN,2024-06-30,6.2,224.0,66.0,95.0
CLEAN,2024-09-30,5.53,238.0,59.0,90.0
CLEAN,2024-12-31,6.18,241.0,66.0,98.0
CLEAN,2025-03-31,6.97,264.0,74.0,105.0
CLEAN,2025-06-30,6.59,243.0,70.0,100.0
CLEAN,2025-09-30,5.22,245.0,55.0,87.0
CLEAN,2025-12-31,4.32,220.0,46.0,72.0
CLEANMAX,2024-12-31,4.85,374.0,-4.0,184.0
CLEANMAX,2025-09-30,2.49,531.0,36.0,335.0
CLEANMAX,2025-12-31,2.69,422.0,21.0,263.0
CMSINFO,2022-12-31,4.91,488.0,76.0,135.0
CMSINFO,2023-03-31,5.18,501.0,80.0,144.0
CMSINFO,2023-06-30,5.46,512.0,84.0,148.0
CMSINFO,2023-09-30,5.39,544.0,84.0,146.0
CMSINFO,2023-12-31,5.56,582.0,87.0,151.0
CMSINFO,2024-03-31,5.62,627.0,91.0,155.0
CMSINFO,2024-06-30,5.58,599.0,91.0,152.0
CMSINFO,2024-09-30,5.57,625.0,91.0,153.0
CMSINFO,2024-12-31,5.67,581.0,93.0,159.0
CMSINFO,2025-03-31,5.94,619.0,98.0,162.0
CMSINFO,2025-06-30,5.69,627.0,94.0,158.0
CMSINFO,2025-09-30,4.46,609.0,73.0,137.0
CMSINFO,2025-12-31,3.49,618.0,57.0,140.0
CNL,2022-12-31,6.1,421.0,8.0,5.0
CNL,2023-03-31,5.12,397.0,6.0,6.0
CNL,2023-06-30,4.67,468.0,6.0,7.0
CNL,2023-09-30,7.44,430.0,10.0,12.0
CNL,2023-12-31,8.22,511.0,12.0,11.0
CNL,2024-03-31,14.43,304.0,20.0,12.0
CNL,2024-06-30,6.44,301.0,9.0,8.0
CNL,2024-09-30,9.28,411.0,13.0,12.0
CNL,2024-12-31,11.99,659.0,17.0,12.0
CNL,2025-03-31,9.14,403.0,14.0,13.0
CNL,2025-06-30,6.78,393.0,10.0,11.0
CNL,2025-09-30,12.62,656.0,19.0,23.0
CNL,2025-12-31,15.56,914.0,23.0,26.0
COALINDIA,2023-03-31,11.16,38152.0,6869.0,9333.0
COALINDIA,2023-06-30,17.08,35983.0,10498.0,13552.0
COALINDIA,2023-09-30,13.06,32776.0,8049.0,10038.0
COALINDIA,2023-12-31,16.64,36154.0,10292.0,12971.0
COALINDIA,2024-03-31,13.91,38213.0,8530.0,11388.0
COALINDIA,2024-06-30,17.78,36465.0,10944.0,14339.0
COALINDIA,2024-09-30,10.21,31182.0,6275.0,8617.0
COALINDIA,2024-12-31,13.8,36859.0,8491.0,12317.0
COALINDIA,2025-03-31,15.58,37825.0,9593.0,11790.0
COALINDIA,2025-06-30,14.19,35842.0,8734.0,12521.0
COALINDIA,2025-09-30,7.07,30187.0,4263.0,6716.0
COALINDIA,2025-12-31,11.61,34924.0,7166.0,9331.0
COALINDIA,2026-03-31,17.59,46490.0,10908.0,12673.0
COASTCORP,2022-12-31,0.06,56.13,0.41,5.55
COASTCORP,2023-03-31,-1.37,73.03,-9.23,-5.44
COASTCORP,2023-06-30,0.49,100.58,3.28,9.81
COASTCORP,2023-09-30,0.67,111.36,4.48,10.48
COASTCORP,2023-12-31,0.44,107.0,2.94,9.35
COASTCORP,2024-03-31,-0.92,116.62,-6.19,-1.39
COASTCORP,2024-06-30,0.46,132.81,3.05,9.52
COASTCORP,2024-09-30,0.08,154.77,0.51,7.54
COASTCORP,2024-12-31,0.29,183.55,1.95,8.99
COASTCORP,2025-03-31,-0.15,157.08,-1.03,4.48
COASTCORP,2025-06-30,0.86,183.66,5.76,16.09
COASTCORP,2025-09-30,0.55,159.68,3.67,11.14
COASTCORP,2025-12-31,1.06,302.65,7.09,17.12
COCHINSHIP,2022-12-31,4.2,642.0,110.0,148.0
COCHINSHIP,2023-03-31,1.5,600.0,39.0,-67.0
COCHINSHIP,2023-06-30,3.75,476.0,99.0,79.0
COCHINSHIP,2023-09-30,6.9,1012.0,182.0,191.0
COCHINSHIP,2023-12-31,9.29,1056.0,244.0,310.0
COCHINSHIP,2024-03-31,9.84,1286.0,259.0,288.0
COCHINSHIP,2024-06-30,6.62,771.0,174.0,177.0
COCHINSHIP,2024-09-30,7.18,1143.0,189.0,197.0
COCHINSHIP,2024-12-31,6.73,1148.0,177.0,237.0
COCHINSHIP,2025-03-31,10.92,1758.0,287.0,266.0
COCHINSHIP,2025-06-30,7.14,1069.0,188.0,241.0
COCHINSHIP,2025-09-30,4.09,1119.0,108.0,74.0
COCHINSHIP,2025-12-31,5.5,1350.0,145.0,187.0
COFFEEDAY,2022-12-31,-19.03,244.0,-408.0,-351.0
COFFEEDAY,2023-03-31,1.58,240.0,35.0,52.0
COFFEEDAY,2023-06-30,0.97,247.0,23.0,47.0
COFFEEDAY,2023-09-30,-5.19,258.0,-109.0,41.0
COFFEEDAY,2023-12-31,3.28,257.0,76.0,45.0
COFFEEDAY,2024-03-31,-14.33,251.0,-296.0,32.0
COFFEEDAY,2024-06-30,-0.54,260.0,-13.0,37.0
COFFEEDAY,2024-09-30,-0.16,269.0,-4.0,24.0
COFFEEDAY,2024-12-31,-0.49,280.0,-11.0,36.0
COFFEEDAY,2025-03-31,-1.56,268.0,-114.0,28.0
COFFEEDAY,2025-06-30,1.33,269.0,23.0,32.0
COFFEEDAY,2025-09-30,-0.59,280.0,-16.0,32.0
COFFEEDAY,2025-12-31,2.62,286.0,70.0,35.0
COFORGE,2022-12-31,7.47,2056.0,236.0,360.0
COFORGE,2023-03-31,3.76,2170.0,117.0,296.0
COFORGE,2023-06-30,5.41,2221.0,176.0,306.0
COFORGE,2023-09-30,5.88,2276.0,188.0,341.0
COFORGE,2023-12-31,7.71,2323.0,243.0,395.0
COFORGE,2024-03-31,7.24,2318.0,229.0,390.0
COFORGE,2024-06-30,3.99,2357.0,139.0,309.0
COFORGE,2024-09-30,6.06,3026.0,234.0,423.0
COFORGE,2024-12-31,6.45,3258.0,256.0,435.0
COFORGE,2025-03-31,7.99,3410.0,307.0,527.0
COFORGE,2025-06-30,9.49,3689.0,356.0,577.0
COFORGE,2025-09-30,11.23,3986.0,425.0,732.0
COFORGE,2025-12-31,7.47,4188.0,297.0,730.0
COHANCE,2022-12-31,4.23,354.0,108.0,147.0
COHANCE,2023-03-31,4.87,369.0,124.0,172.0
COHANCE,2023-06-30,4.74,348.0,121.0,167.0
COHANCE,2023-09-30,3.13,231.0,80.0,98.0
COHANCE,2023-12-31,1.84,220.0,47.0,66.0
COHANCE,2024-03-31,2.1,253.0,53.0,73.0
COHANCE,2024-06-30,2.96,488.0,75.0,125.0
COHANCE,2024-09-30,5.44,604.0,138.0,205.0
COHANCE,2024-12-31,6.01,676.0,153.0,237.0
COHANCE,2025-03-31,4.73,840.0,117.0,229.0
COHANCE,2025-06-30,1.28,549.0,46.0,112.0
COHANCE,2025-09-30,1.94,556.0,66.0,121.0
COHANCE,2025-12-31,0.96,545.0,29.0,95.0
COMFINTE,2022-12-31,0.08,36.26,2.51,3.08
COMFINTE,2023-03-31,-0.04,31.18,-1.13,0.63
COMFINTE,2023-06-30,0.07,23.41,2.32,2.05
COMFINTE,2023-09-30,0.16,26.63,5.16,3.63
COMFINTE,2023-12-31,0.16,24.67,5.15,1.67
COMFINTE,2024-03-31,0.1,62.24,2.87,1.82
COMFINTE,2024-06-30,0.26,38.92,8.29,2.03
COMFINTE,2024-09-30,0.15,44.07,4.86,2.28
COMFINTE,2024-12-31,0.13,46.16,4.21,2.6
COMFINTE,2025-03-31,-0.18,24.68,-5.87,2.46
COMFINTE,2025-06-30,0.16,20.3,5.1,1.62
COMFINTE,2025-09-30,-0.07,38.17,-1.92,2.87
COMFINTE,2025-12-31,-0.01,61.37,-0.32,3.38
COMPUSOFT,2022-12-31,0.07,9.29,0.52,1.87
COMPUSOFT,2023-03-31,0.31,24.43,2.66,5.55
COMPUSOFT,2023-06-30,0.1,9.7,0.73,2.58
COMPUSOFT,2023-09-30,0.43,29.48,3.7,5.72
COMPUSOFT,2023-12-31,0.13,22.69,1.07,2.5
COMPUSOFT,2024-03-31,0.02,8.45,0.18,0.98
COMPUSOFT,2024-06-30,-0.1,7.38,-0.76,0.98
COMPUSOFT,2024-09-30,0.13,8.57,1.06,1.84
COMPUSOFT,2024-12-31,0.04,8.11,0.33,1.52
COMPUSOFT,2025-03-31,0.11,9.61,0.85,1.52
COMPUSOFT,2025-06-30,0.17,8.78,1.34,2.28
COMPUSOFT,2025-09-30,0.09,8.47,0.69,1.55
COMPUSOFT,2025-12-31,-0.03,8.96,-0.24,1.19
COMSYN,2022-12-31,0.38,64.86,1.52,5.02
COMSYN,2023-03-31,0.6,60.58,2.39,6.8
COMSYN,2023-06-30,0.64,79.47,2.54,6.58
COMSYN,2023-09-30,0.59,68.26,2.35,7.42
COMSYN,2023-12-31,-0.06,71.07,-0.25,4.0
COMSYN,2024-03-31,0.81,69.63,3.22,8.74
COMSYN,2024-06-30,0.48,76.89,1.93,6.87
COMSYN,2024-09-30,0.9,86.65,3.6,7.86
COMSYN,2024-12-31,0.88,86.49,3.52,9.45
COMSYN,2025-03-31,2.02,97.79,8.07,11.38
COMSYN,2025-06-30,1.39,90.51,5.55,11.02
COMSYN,2025-09-30,2.11,98.45,8.42,13.0
COMSYN,2025-12-31,1.5,97.48,6.0,12.09
CONCOR,2022-12-31,3.86,2004.0,293.0,432.0
CONCOR,2023-03-31,3.66,2184.0,279.0,451.0
CONCOR,2023-06-30,3.22,1923.0,245.0,396.0
CONCOR,2023-09-30,4.82,2195.0,368.0,546.0
CONCOR,2023-12-31,4.34,2211.0,331.0,517.0
CONCOR,2024-03-31,4.16,2325.0,318.0,498.0
CONCOR,2024-06-30,3.39,2103.0,259.0,442.0
CONCOR,2024-09-30,4.8,2288.0,366.0,582.0
CONCOR,2024-12-31,4.81,2208.0,367.0,465.0
CONCOR,2025-03-31,3.92,2288.0,299.0,441.0
CONCOR,2025-06-30,3.5,2154.0,267.0,433.0
CONCOR,2025-09-30,4.97,2355.0,380.0,576.0
CONCOR,2025-12-31,4.38,2308.0,335.0,514.0
CONCORDBIO,2022-12-31,7.4,241.0,77.0,110.0
CONCORDBIO,2023-03-31,8.75,273.0,91.0,127.0
CONCORDBIO,2023-06-30,5.21,195.0,54.0,72.0
CONCORDBIO,2023-09-30,7.74,262.0,81.0,116.0
CONCORDBIO,2023-12-31,7.41,241.0,78.0,106.0
CONCORDBIO,2024-03-31,9.08,319.0,95.0,132.0
CONCORDBIO,2024-06-30,5.7,216.0,60.0,81.0
CONCORDBIO,2024-09-30,9.15,310.0,96.0,134.0
CONCORDBIO,2024-12-31,7.26,244.0,76.0,98.0
CONCORDBIO,2025-03-31,13.42,430.0,140.0,189.0
CONCORDBIO,2025-06-30,4.21,204.0,44.0,61.0
CONCORDBIO,2025-09-30,6.08,247.0,63.0,88.0
CONCORDBIO,2025-12-31,6.16,278.0,64.0,98.0
CONFIPET,2022-12-31,0.97,720.0,28.0,58.0
CONFIPET,2023-03-31,0.68,669.0,21.0,63.0
CONFIPET,2023-06-30,1.12,875.0,33.0,76.0
CONFIPET,2023-09-30,0.94,639.0,31.0,89.0
CONFIPET,2023-12-31,0.96,554.0,27.0,84.0
CONFIPET,2024-03-31,0.31,631.0,14.0,110.0
CONFIPET,2024-06-30,0.45,778.0,15.0,75.0
CONFIPET,2024-09-30,0.53,746.0,22.0,78.0
CONFIPET,2024-12-31,0.92,697.0,26.0,81.0
CONFIPET,2025-03-31,0.69,925.0,27.0,91.0
CONFIPET,2025-06-30,0.61,1112.0,20.0,83.0
CONFIPET,2025-09-30,0.61,983.0,20.0,82.0
CONFIPET,2025-12-31,0.63,1394.0,21.0,86.0
CONTROLPR,2022-12-31,8.2,78.05,13.48,19.57
CONTROLPR,2023-03-31,9.71,88.48,16.01,20.9
CONTROLPR,2023-06-30,8.81,83.61,14.48,20.72
CONTROLPR,2023-09-30,8.99,86.43,14.12,20.47
CONTROLPR,2023-12-31,8.33,88.63,13.45,21.82
CONTROLPR,2024-03-31,8.14,100.61,12.47,22.99
CONTROLPR,2024-06-30,7.29,97.83,11.66,20.46
CONTROLPR,2024-09-30,8.62,101.79,13.48,20.25
CONTROLPR,2024-12-31,5.17,103.34,8.27,17.29
CONTROLPR,2025-03-31,41.67,122.07,66.64,22.11
CONTROLPR,2025-06-30,5.21,111.29,8.57,18.58
CONTROLPR,2025-09-30,11.62,111.96,18.59,25.92
CONTROLPR,2025-12-31,3.29,118.84,5.26,17.83
COROMANDEL,2022-12-31,17.92,8310.0,527.0,771.0
COROMANDEL,2023-03-31,8.38,5476.0,246.0,387.0
COROMANDEL,2023-06-30,16.8,5693.0,494.0,706.0
COROMANDEL,2023-09-30,25.71,6988.0,755.0,1055.0
COROMANDEL,2023-12-31,7.85,5464.0,228.0,349.0
COROMANDEL,2024-03-31,5.45,3913.0,164.0,263.0
COROMANDEL,2024-06-30,10.56,4729.0,309.0,490.0
COROMANDEL,2024-09-30,22.55,7433.0,659.0,962.0
COROMANDEL,2024-12-31,17.37,6935.0,508.0,713.0
COROMANDEL,2025-03-31,19.67,4988.0,578.0,409.0
COROMANDEL,2025-06-30,17.13,7042.0,502.0,782.0
COROMANDEL,2025-09-30,27.31,9654.0,793.0,1147.0
COROMANDEL,2025-12-31,17.15,8779.0,488.0,800.0
CORONA,2024-09-30,7.03,314.0,43.0,67.0
CORONA,2024-12-31,7.35,298.0,45.0,69.0
CORONA,2025-06-30,7.55,347.0,46.0,70.0
CORONA,2025-09-30,8.55,361.0,52.0,78.0
CORONA,2025-12-31,6.75,342.0,41.0,83.0
COSMOFIRST,2022-12-31,16.74,730.0,46.0,65.0
COSMOFIRST,2023-03-31,12.12,715.0,32.0,61.0
COSMOFIRST,2023-06-30,5.3,658.0,14.0,35.0
COSMOFIRST,2023-09-30,8.21,664.0,22.0,61.0
COSMOFIRST,2023-12-31,4.33,625.0,11.0,42.0
COSMOFIRST,2024-03-31,5.86,641.0,15.0,44.0
COSMOFIRST,2024-06-30,11.79,690.0,31.0,68.0
COSMOFIRST,2024-09-30,17.43,759.0,46.0,87.0
COSMOFIRST,2024-12-31,11.26,701.0,30.0,63.0
COSMOFIRST,2025-03-31,10.32,746.0,27.0,70.0
COSMOFIRST,2025-06-30,16.33,800.0,43.0,92.0
COSMOFIRST,2025-09-30,17.79,919.0,47.0,103.0
COSMOFIRST,2025-12-31,11.24,899.0,30.0,68.0
CPCAP,2022-12-31,5.93,,11.0,
CPCAP,2023-03-31,-8.99,,-16.0,
CPCAP,2023-06-30,8.93,,16.0,
CPCAP,2023-09-30,6.33,,12.0,
CPCAP,2023-12-31,8.27,,15.0,
CPCAP,2024-03-31,6.88,,13.0,
CPCAP,2024-06-30,6.81,,12.0,
CPCAP,2024-09-30,4.63,,8.0,
CPCAP,2024-12-31,4.59,,8.0,
CPCAP,2025-03-31,4.73,,9.0,
CPCAP,2025-06-30,5.92,,11.0,
CPCAP,2025-09-30,5.58,,10.0,
CPCAP,2025-12-31,6.87,,12.0,
CPEDU,2024-09-30,68.04,12.13,4.19,5.15
CPEDU,2024-12-31,93.82,13.51,5.76,6.7
CPEDU,2025-03-31,62.98,11.21,3.86,3.81
CPEDU,2025-06-30,3.95,14.52,7.18,9.07
CPEDU,2025-09-30,2.78,11.42,5.07,5.26
CPEDU,2025-12-31,2.81,14.63,5.11,5.63
CPPLUS,2024-06-30,2.2,636.0,23.0,41.0
CPPLUS,2024-09-30,21.28,669.0,234.0,39.0
CPPLUS,2024-12-31,3.66,830.0,40.0,69.0
CPPLUS,2025-03-31,5.01,977.0,55.0,98.0
CPPLUS,2025-06-30,2.99,740.0,33.0,61.0
CPPLUS,2025-09-30,5.97,920.0,70.0,109.0
CPPLUS,2025-12-31,8.17,1139.0,96.0,140.0
CRAFTSMAN,2022-12-31,24.43,749.0,52.0,158.0
CRAFTSMAN,2023-03-31,36.76,980.0,80.0,188.0
CRAFTSMAN,2023-06-30,35.25,1038.0,81.0,214.0
CRAFTSMAN,2023-09-30,44.75,1179.0,104.0,238.0
CRAFTSMAN,2023-12-31,34.61,1130.0,81.0,220.0
CRAFTSMAN,2024-03-31,29.5,1105.0,71.0,207.0
CRAFTSMAN,2024-06-30,22.3,1151.0,59.0,197.0
CRAFTSMAN,2024-09-30,25.86,1214.0,62.0,193.0
CRAFTSMAN,2024-12-31,5.42,1576.0,13.0,199.0
CRAFTSMAN,2025-03-31,27.99,1749.0,67.0,244.0
CRAFTSMAN,2025-06-30,29.18,1784.0,70.0,265.0
CRAFTSMAN,2025-09-30,38.09,2002.0,91.0,302.0
CRAFTSMAN,2025-12-31,44.9,2057.0,107.0,312.0
CREDITACC,2022-12-31,13.59,,217.0,
CREDITACC,2023-03-31,18.98,,297.0,
CREDITACC,2023-06-30,22.3,,348.0,
CREDITACC,2023-09-30,21.81,,347.0,
CREDITACC,2023-12-31,22.2,,353.0,
CREDITACC,2024-03-31,24.91,,397.0,
CREDITACC,2024-06-30,24.95,,398.0,
CREDITACC,2024-09-30,11.67,,186.0,
CREDITACC,2024-12-31,-6.24,,-100.0,
CREDITACC,2025-03-31,2.96,,47.0,
CREDITACC,2025-06-30,3.77,,60.0,
CREDITACC,2025-09-30,7.87,,126.0,
CREDITACC,2025-12-31,15.75,,252.0,
CREST,2022-12-31,3.25,,9.0,
CREST,2023-03-31,4.3,,12.0,
CREST,2023-06-30,2.06,,6.0,
CREST,2023-09-30,11.31,,32.0,
CREST,2023-12-31,4.32,,12.0,
CREST,2024-03-31,4.13,,12.0,
CREST,2024-06-30,17.31,,50.0,
CREST,2024-09-30,6.02,,18.0,
CREST,2024-12-31,5.06,,15.0,
CREST,2025-03-31,2.72,,8.0,
CREST,2025-06-30,8.85,,26.0,
CREST,2025-09-30,1.31,,4.0,
CREST,2025-12-31,3.88,,11.0,
CRISIL,2023-03-31,19.94,715.0,146.0,203.0
CRISIL,2023-06-30,20.6,771.0,151.0,204.0
CRISIL,2023-09-30,20.79,736.0,152.0,192.0
CRISIL,2023-12-31,28.74,918.0,210.0,269.0
CRISIL,2024-03-31,18.84,738.0,138.0,192.0
CRISIL,2024-06-30,20.53,797.0,150.0,207.0
CRISIL,2024-09-30,23.46,812.0,172.0,224.0
CRISIL,2024-12-31,30.72,913.0,225.0,287.0
CRISIL,2025-03-31,21.86,813.0,160.0,232.0
CRISIL,2025-06-30,23.46,843.0,172.0,239.0
CRISIL,2025-09-30,26.41,911.0,193.0,263.0
CRISIL,2025-12-31,33.02,1082.0,242.0,340.0
CRISIL,2026-03-31,31.9,1058.0,233.0,319.0
CRIZAC,2024-06-30,2.37,161.0,42.0,51.0
CRIZAC,2024-09-30,1.16,130.0,20.0,32.0
CRIZAC,2024-12-31,2.47,218.0,43.0,63.0
CRIZAC,2025-03-31,2.85,341.0,50.0,65.0
CRIZAC,2025-06-30,2.62,210.0,46.0,61.0
CRIZAC,2025-09-30,2.76,162.0,48.0,63.0
CRIZAC,2025-12-31,2.85,279.0,51.0,66.0
CUMMINSIND,2022-12-31,14.93,2185.0,414.0,413.0
CUMMINSIND,2023-03-31,12.59,1934.0,349.0,330.0
CUMMINSIND,2023-06-30,12.76,2218.0,354.0,342.0
CUMMINSIND,2023-09-30,11.87,1922.0,329.0,346.0
CUMMINSIND,2023-12-31,18.0,2541.0,499.0,543.0
CUMMINSIND,2024-03-31,19.44,2319.0,539.0,539.0
CUMMINSIND,2024-06-30,16.69,2316.0,463.0,473.0
CUMMINSIND,2024-09-30,16.21,2509.0,449.0,484.0
CUMMINSIND,2024-12-31,20.15,3096.0,558.0,598.0
CUMMINSIND,2025-03-31,19.1,2470.0,530.0,525.0
CUMMINSIND,2025-06-30,21.79,2907.0,604.0,624.0
CUMMINSIND,2025-09-30,22.45,3170.0,622.0,695.0
CUMMINSIND,2025-12-31,17.53,3055.0,486.0,634.0
CUPID,2021-03-31,0.05,42.0,6.0,9.0
CUPID,2021-06-30,0.04,34.0,6.0,9.0
CUPID,2021-09-30,0.03,34.0,4.0,7.0
CUPID,2021-12-31,0.02,37.0,2.0,4.0
CUPID,2023-12-31,0.07,40.0,9.0,12.0
CUPID,2024-03-31,0.18,63.0,24.0,31.0
CUPID,2024-06-30,0.06,39.0,8.0,7.0
CUPID,2024-09-30,0.07,42.0,10.0,10.0
CUPID,2024-12-31,0.08,46.0,11.0,11.0
CUPID,2025-03-31,0.09,56.0,12.0,13.0
CUPID,2025-06-30,0.11,60.0,15.0,16.0
CUPID,2025-09-30,0.18,84.0,24.0,28.0
CUPID,2025-12-31,0.24,94.0,33.0,34.0
CYBERMEDIA,2022-12-31,1.42,19.53,3.1,1.17
CYBERMEDIA,2023-03-31,0.3,23.0,0.65,1.34
CYBERMEDIA,2023-06-30,0.28,21.77,0.61,0.8
CYBERMEDIA,2023-09-30,0.38,29.47,0.84,1.07
CYBERMEDIA,2023-12-31,0.45,24.88,0.99,1.26
CYBERMEDIA,2024-03-31,0.44,25.68,0.96,2.12
CYBERMEDIA,2024-06-30,-0.06,20.65,-0.14,0.15
CYBERMEDIA,2024-09-30,0.02,20.65,0.04,-0.02
CYBERMEDIA,2024-12-31,-4.16,23.79,-9.12,0.22
CYBERMEDIA,2025-03-31,-0.23,21.63,-0.51,-0.45
CYBERMEDIA,2025-06-30,0.51,25.85,1.11,1.35
CYBERMEDIA,2025-09-30,0.42,24.21,0.93,1.18
CYBERMEDIA,2025-12-31,0.09,25.01,0.2,1.22
CYBERTECH,2022-12-31,1.96,42.63,5.57,7.62
CYBERTECH,2023-03-31,1.88,54.11,5.36,7.66
CYBERTECH,2023-06-30,1.87,55.31,5.33,6.74
CYBERTECH,2023-09-30,1.7,55.3,4.85,5.82
CYBERTECH,2023-12-31,1.76,54.62,5.49,5.54
CYBERTECH,2024-03-31,2.27,56.51,7.06,7.34
CYBERTECH,2024-06-30,2.36,57.88,7.36,7.47
CYBERTECH,2024-09-30,2.87,57.95,8.94,8.22
CYBERTECH,2024-12-31,2.9,58.57,9.04,8.18
CYBERTECH,2025-03-31,3.08,61.49,9.6,7.82
CYBERTECH,2025-06-30,2.62,58.19,8.17,4.93
CYBERTECH,2025-09-30,2.78,58.79,8.66,4.62
CYBERTECH,2025-12-31,2.1,57.84,6.53,3.48
CYIENT,2023-03-31,14.76,1751.0,163.0,322.0
CYIENT,2023-06-30,15.2,1686.0,169.0,316.0
CYIENT,2023-09-30,16.1,1778.0,184.0,326.0
CYIENT,2023-12-31,13.28,1821.0,153.0,326.0
CYIENT,2024-03-31,17.06,1861.0,197.0,335.0
CYIENT,2024-06-30,12.97,1676.0,148.0,265.0
CYIENT,2024-09-30,16.14,1849.0,187.0,297.0
CYIENT,2024-12-31,11.02,1926.0,128.0,278.0
CYIENT,2025-03-31,15.35,1909.0,186.0,298.0
CYIENT,2025-06-30,13.85,1712.0,157.0,228.0
CYIENT,2025-09-30,11.48,1781.0,143.0,214.0
CYIENT,2025-12-31,8.26,1848.0,97.0,235.0
CYIENT,2026-03-31,4.93,1927.0,66.0,222.0
CYIENTDLM,2023-03-31,2.38,277.0,13.0,32.0
CYIENTDLM,2023-06-30,0.94,217.0,5.0,20.0
CYIENTDLM,2023-09-30,1.85,292.0,15.0,24.0
CYIENTDLM,2023-12-31,2.33,321.0,18.0,29.0
CYIENTDLM,2024-03-31,2.87,362.0,23.0,38.0
CYIENTDLM,2024-06-30,1.34,258.0,11.0,20.0
CYIENTDLM,2024-09-30,1.95,389.0,15.0,32.0
CYIENTDLM,2024-12-31,1.39,444.0,11.0,28.0
CYIENTDLM,2025-03-31,3.91,428.0,31.0,57.0
CYIENTDLM,2025-06-30,0.94,278.0,7.0,25.0
CYIENTDLM,2025-09-30,4.05,311.0,32.0,31.0
CYIENTDLM,2025-12-31,1.41,303.0,11.0,28.0
CYIENTDLM,2026-03-31,2.83,369.0,22.0,43.0
DABUR,2022-12-31,2.69,3043.0,477.0,609.0
DABUR,2023-03-31,1.7,2678.0,293.0,410.0
DABUR,2023-06-30,2.62,3130.0,457.0,605.0
DABUR,2023-09-30,2.91,3204.0,507.0,661.0
DABUR,2023-12-31,2.9,3255.0,506.0,667.0
DABUR,2024-03-31,1.97,2815.0,341.0,466.0
DABUR,2024-06-30,2.82,3349.0,494.0,655.0
DABUR,2024-09-30,2.4,3029.0,418.0,553.0
DABUR,2024-12-31,2.95,3355.0,516.0,682.0
DABUR,2025-03-31,1.81,2830.0,313.0,427.0
DABUR,2025-06-30,2.9,3405.0,508.0,667.0
DABUR,2025-09-30,2.55,3191.0,445.0,588.0
DABUR,2025-12-31,3.16,3559.0,554.0,734.0
DAICHI,2022-12-31,12.32,48.88,9.18,6.63
DAICHI,2023-03-31,0.76,42.46,0.57,5.08
DAICHI,2023-06-30,-3.89,27.86,-2.9,-0.58
DAICHI,2023-09-30,19.59,35.05,14.6,1.63
DAICHI,2023-12-31,1.49,35.27,1.11,2.45
DAICHI,2024-03-31,1.46,33.4,1.09,2.79
DAICHI,2024-06-30,0.58,33.86,0.43,1.94
DAICHI,2024-09-30,-0.31,36.75,-0.23,1.71
DAICHI,2024-12-31,3.52,40.71,2.62,2.74
DAICHI,2025-03-31,8.32,70.06,6.2,8.07
DAICHI,2025-06-30,0.03,39.45,0.02,1.28
DAICHI,2025-09-30,0.01,42.79,0.01,1.79
DAICHI,2025-12-31,-1.15,37.81,-0.86,-0.29
DALBHARAT,2023-03-31,31.42,3915.0,609.0,710.0
DALBHARAT,2023-06-30,6.93,3627.0,144.0,613.0
DALBHARAT,2023-09-30,6.29,3153.0,123.0,593.0
DALBHARAT,2023-12-31,14.02,3604.0,266.0,779.0
DALBHARAT,2024-03-31,16.8,4307.0,320.0,654.0
DALBHARAT,2024-06-30,7.52,3621.0,145.0,669.0
DALBHARAT,2024-09-30,2.45,3087.0,49.0,434.0
DALBHARAT,2024-12-31,3.25,3181.0,66.0,511.0
DALBHARAT,2025-03-31,23.19,4091.0,439.0,793.0
DALBHARAT,2025-06-30,20.95,3636.0,395.0,883.0
DALBHARAT,2025-09-30,12.58,3417.0,239.0,696.0
DALBHARAT,2025-12-31,6.5,3506.0,128.0,602.0
DALBHARAT,2026-03-31,20.63,4245.0,394.0,902.0
DALMIASUG,2021-12-31,6.99,616.0,57.0,88.0
DALMIASUG,2022-03-31,6.87,856.0,56.0,130.0
DALMIASUG,2022-12-31,8.02,600.0,65.0,112.0
DALMIASUG,2023-03-31,15.35,1149.0,124.0,208.0
DALMIASUG,2023-06-30,7.58,834.0,61.0,118.0
DALMIASUG,2023-09-30,6.79,732.0,55.0,65.0
DALMIASUG,2023-12-31,8.02,584.0,65.0,109.0
DALMIASUG,2024-03-31,11.29,750.0,91.0,119.0
DALMIASUG,2024-06-30,6.77,960.0,55.0,111.0
DALMIASUG,2024-09-30,8.18,926.0,66.0,66.0
DALMIASUG,2024-12-31,7.33,838.0,59.0,101.0
DALMIASUG,2025-09-30,2.88,989.0,23.0,56.0
DALMIASUG,2025-12-31,8.61,698.0,70.0,109.0
DAMCAPITAL,2023-12-31,,45.0,21.0,30.0
DAMCAPITAL,2024-03-31,,84.0,33.0,49.0
DAMCAPITAL,2024-06-30,,44.0,22.0,27.0
DAMCAPITAL,2024-12-31,7.29,104.0,52.0,71.0
DAMCAPITAL,2025-03-31,1.2,37.0,8.0,13.0
DAMCAPITAL,2025-06-30,0.03,31.0,0.0,6.0
DAMCAPITAL,2025-09-30,7.38,107.0,52.0,76.0
DAMCAPITAL,2025-12-31,2.84,70.0,20.0,33.0
DATAMATICS,2022-12-31,7.78,373.0,45.0,59.0
DATAMATICS,2023-03-31,10.13,416.0,58.0,84.0
DATAMATICS,2023-06-30,9.34,391.0,55.0,68.0
DATAMATICS,2023-09-30,8.35,377.0,49.0,59.0
DATAMATICS,2023-12-31,7.0,369.0,41.0,53.0
DATAMATICS,2024-03-31,8.9,413.0,52.0,65.0
DATAMATICS,2024-06-30,7.37,394.0,44.0,51.0
DATAMATICS,2024-09-30,7.18,407.0,42.0,49.0
DATAMATICS,2024-12-31,12.57,425.0,75.0,55.0
DATAMATICS,2025-03-31,7.59,497.0,45.0,75.0
DATAMATICS,2025-06-30,8.52,468.0,50.0,76.0
DATAMATICS,2025-09-30,10.7,490.0,63.0,89.0
DATAMATICS,2025-12-31,6.16,510.0,36.0,96.0
DBCORP,2022-12-31,2.71,566.0,48.0,92.0
DBCORP,2023-03-31,2.31,531.0,41.0,75.0
DBCORP,2023-06-30,4.42,554.0,79.0,116.0
DBCORP,2023-09-30,5.63,586.0,100.0,152.0
DBCORP,2023-12-31,6.96,645.0,124.0,183.0
DBCORP,2024-03-31,6.88,617.0,123.0,172.0
DBCORP,2024-06-30,6.62,590.0,118.0,164.0
DBCORP,2024-09-30,4.63,559.0,83.0,121.0
DBCORP,2024-12-31,6.63,643.0,118.0,177.0
DBCORP,2025-03-31,2.94,548.0,52.0,83.0
DBCORP,2025-06-30,4.54,559.0,81.0,111.0
DBCORP,2025-09-30,5.24,614.0,93.0,138.0
DBCORP,2025-12-31,5.36,605.0,96.0,135.0
DBL,2022-12-31,7.59,2322.0,110.0,157.0
DBL,2023-03-31,-5.0,2841.0,-70.0,170.0
DBL,2023-06-30,0.87,2921.0,12.0,394.0
DBL,2023-09-30,4.69,2849.0,73.0,341.0
DBL,2023-12-31,7.34,2877.0,113.0,357.0
DBL,2024-03-31,0.37,3366.0,3.0,330.0
DBL,2024-06-30,8.17,3134.0,140.0,478.0
DBL,2024-09-30,16.09,2497.0,266.0,535.0
DBL,2024-12-31,7.88,2590.0,158.0,477.0
DBL,2025-03-31,11.68,3096.0,277.0,661.0
DBL,2025-06-30,14.1,2620.0,271.0,521.0
DBL,2025-09-30,11.17,1926.0,214.0,471.0
DBL,2025-12-31,51.09,2138.0,789.0,382.0
DBREALTY,2022-12-31,-18.11,623.0,-623.0,-649.0
DBREALTY,2023-03-31,-1.47,58.0,-42.0,-44.0
DBREALTY,2023-06-30,-0.64,2.0,-26.0,-9.0
DBREALTY,2023-09-30,17.63,68.0,894.0,49.0
DBREALTY,2023-12-31,9.26,143.0,463.0,80.0
DBREALTY,2024-03-31,-0.12,144.0,-13.0,30.0
DBREALTY,2024-06-30,-0.25,7.0,-13.0,-8.0
DBREALTY,2024-09-30,-2.12,3.0,-111.0,-178.0
DBREALTY,2024-12-31,0.08,330.0,8.0,18.0
DBREALTY,2025-03-31,-0.04,537.0,-2.0,-23.0
DBREALTY,2025-06-30,0.23,840.0,14.0,-30.0
DBREALTY,2025-09-30,0.19,137.0,10.0,42.0
DBREALTY,2025-12-31,1.15,529.0,62.0,90.0
DBSTOCKBRO,2023-03-31,0.27,5.34,0.94,2.03
DBSTOCKBRO,2023-06-30,0.57,10.44,1.99,3.27
DBSTOCKBRO,2023-09-30,0.51,9.87,1.8,3.48
DBSTOCKBRO,2023-12-31,0.92,13.23,3.21,5.51
DBSTOCKBRO,2024-03-31,0.59,14.71,2.05,3.8
DBSTOCKBRO,2024-06-30,0.56,12.76,1.96,3.71
DBSTOCKBRO,2024-09-30,0.41,12.37,1.45,2.82
DBSTOCKBRO,2024-12-31,0.29,9.15,1.03,1.62
DBSTOCKBRO,2025-03-31,0.38,7.78,1.34,2.4
DBSTOCKBRO,2025-06-30,0.29,6.96,1.01,1.91
DBSTOCKBRO,2025-09-30,0.28,8.01,0.98,1.87
DBSTOCKBRO,2025-12-31,0.25,6.61,0.89,1.8
DBSTOCKBRO,2026-03-31,0.07,6.08,0.23,1.18
DCAL,2022-12-31,3.0,640.0,47.0,114.0
DCAL,2023-03-31,-4.51,619.0,-71.0,51.0
DCAL,2023-06-30,1.08,723.0,17.0,122.0
DCAL,2023-09-30,-2.61,587.0,-41.0,61.0
DCAL,2023-12-31,-3.8,651.0,-60.0,41.0
DCAL,2024-03-31,-4.46,655.0,-70.0,63.0
DCAL,2024-06-30,-4.95,524.0,-78.0,29.0
DCAL,2024-09-30,2.11,789.0,33.0,147.0
DCAL,2024-12-31,0.3,682.0,5.0,140.0
DCAL,2025-03-31,2.75,716.0,43.0,153.0
DCAL,2025-06-30,1.49,708.0,23.0,141.0
DCAL,2025-09-30,4.16,653.0,65.0,149.0
DCAL,2025-12-31,-0.83,720.0,-13.0,113.0
DCM,2022-12-31,-0.77,16.79,-1.44,0.36
DCM,2023-03-31,-1.19,17.07,-2.22,-0.42
DCM,2023-06-30,-0.33,17.87,-0.61,1.26
DCM,2023-09-30,-0.37,17.82,-0.69,0.77
DCM,2023-12-31,-0.03,18.68,-0.06,1.72
DCM,2024-03-31,3.5,16.47,6.55,-0.53
DCM,2024-06-30,-0.16,18.44,-0.29,1.04
DCM,2024-09-30,0.38,16.63,0.71,0.56
DCM,2024-12-31,10.99,17.34,20.56,1.66
DCM,2025-03-31,0.5,16.63,0.94,-0.3
DCM,2025-06-30,1.73,17.61,3.24,1.27
DCM,2025-09-30,0.78,17.62,1.45,-0.2
DCM,2025-12-31,-0.16,17.68,-0.3,-0.53
DCMNVL,2022-12-31,-1.62,209.52,-3.17,-2.18
DCMNVL,2023-03-31,0.72,236.58,1.13,11.02
DCMNVL,2023-06-30,-0.36,255.43,-0.89,8.82
DCMNVL,2023-09-30,-2.61,294.27,-5.12,3.33
DCMNVL,2023-12-31,-1.34,266.86,-2.81,7.52
DCMNVL,2024-03-31,2.56,264.38,4.72,18.92
DCMNVL,2024-06-30,-1.37,268.88,-3.49,16.89
DCMNVL,2024-09-30,4.11,259.66,6.71,12.8
DCMNVL,2024-12-31,-0.92,266.02,-2.52,10.31
DCMNVL,2025-03-31,2.96,281.33,5.3,18.58
DCMNVL,2025-06-30,1.2,252.62,1.6,15.68
DCMNVL,2025-09-30,-1.04,238.88,-2.42,9.12
DCMNVL,2025-12-31,-0.59,272.53,-1.51,12.12
DCMSHRIRAM,2022-12-31,21.94,3236.0,342.0,554.0
DCMSHRIRAM,2023-03-31,11.97,2720.0,187.0,346.0
DCMSHRIRAM,2023-06-30,3.63,2780.0,57.0,166.0
DCMSHRIRAM,2023-09-30,2.07,2708.0,32.0,114.0
DCMSHRIRAM,2023-12-31,15.42,3035.0,240.0,445.0
DCMSHRIRAM,2024-03-31,7.55,2399.0,118.0,265.0
DCMSHRIRAM,2024-06-30,6.43,2876.0,100.0,248.0
DCMSHRIRAM,2024-09-30,4.03,2957.0,63.0,181.0
DCMSHRIRAM,2024-12-31,16.81,3367.0,262.0,496.0
DCMSHRIRAM,2025-03-31,11.47,2877.0,179.0,405.0
DCMSHRIRAM,2025-06-30,7.27,3262.0,114.0,304.0
DCMSHRIRAM,2025-09-30,10.13,3272.0,159.0,309.0
DCMSHRIRAM,2025-12-31,13.6,3811.0,213.0,532.0
DCMSRIND,2022-09-30,0.11,532.7,0.93,14.75
DCMSRIND,2022-12-31,1.3,574.33,11.32,27.47
DCMSRIND,2023-03-31,3.62,534.72,31.53,58.48
DCMSRIND,2023-06-30,3.11,522.45,27.08,57.0
DCMSRIND,2023-09-30,2.37,580.46,20.61,45.66
DCMSRIND,2023-12-31,3.34,468.3,29.05,51.94
DCMSRIND,2024-03-31,4.44,511.69,38.64,69.08
DCMSRIND,2024-06-30,3.6,553.93,31.36,61.72
DCMSRIND,2024-09-30,2.63,533.08,22.91,45.92
DCMSRIND,2024-12-31,2.7,492.98,23.5,42.86
DCMSRIND,2025-03-31,2.72,471.6,23.7,48.28
DCMSRIND,2025-06-30,1.94,498.59,16.87,43.59
DCMSRIND,2025-09-30,-0.36,526.85,-3.12,9.57
DCXINDIA,2022-12-31,1.77,355.95,17.11,23.01
DCXINDIA,2023-03-31,4.25,510.55,41.13,45.85
DCXINDIA,2023-06-30,0.99,170.1,9.6,7.61
DCXINDIA,2023-09-30,2.05,309.12,19.85,18.44
DCXINDIA,2023-12-31,1.38,198.16,13.38,14.61
DCXINDIA,2024-03-31,2.96,746.2,32.95,37.88
DCXINDIA,2024-06-30,0.26,138.08,2.94,-4.81
DCXINDIA,2024-09-30,0.47,195.62,5.22,-3.8
DCXINDIA,2024-12-31,0.9,200.01,10.01,3.0
DCXINDIA,2025-03-31,1.86,549.96,20.7,10.22
DCXINDIA,2025-06-30,0.36,222.16,4.06,1.12
DCXINDIA,2025-09-30,-0.81,192.85,-9.04,-12.81
DCXINDIA,2025-12-31,-0.22,121.06,-2.43,-5.13
DECCANCE,2024-06-30,2.01,172.15,2.81,11.32
DECCANCE,2024-09-30,-2.89,120.46,-4.05,2.18
DECCANCE,2024-12-31,0.58,115.45,0.81,8.74
DECCANCE,2025-03-31,5.68,118.92,7.95,13.12
DECCANCE,2025-06-30,10.96,150.56,15.35,27.88
DECCANCE,2025-09-30,6.48,140.31,9.07,20.16
DECCANCE,2025-12-31,-0.4,130.85,-0.56,11.38
DECNGOLD,2022-12-31,-0.07,0.0,-1.0,-1.0
DECNGOLD,2023-03-31,-0.06,0.0,-1.0,-1.0
DECNGOLD,2023-06-30,-0.02,1.0,0.0,0.0
DECNGOLD,2023-09-30,-0.24,0.0,-4.0,-2.0
DECNGOLD,2023-12-31,0.28,0.0,5.0,-6.0
DECNGOLD,2024-03-31,-3.66,3.0,-68.0,-4.0
DECNGOLD,2024-06-30,2.07,3.0,38.0,-4.0
DECNGOLD,2024-09-30,-3.35,4.0,-68.0,-21.0
DECNGOLD,2024-12-31,-1.09,1.0,-25.0,-22.0
DECNGOLD,2025-03-31,0.74,0.0,12.0,-21.0
DECNGOLD,2025-06-30,-1.25,0.0,-28.0,-24.0
DECNGOLD,2025-09-30,-0.84,3.0,-20.0,-9.0
DECNGOLD,2025-12-31,-0.96,1.0,-22.0,-10.0
DEEDEV,2023-03-31,11.36,165.0,12.0,23.0
DEEDEV,2023-06-30,-4.32,157.0,-5.0,14.0
DEEDEV,2023-09-30,1.86,179.0,10.0,24.0
DEEDEV,2023-12-31,1.7,210.0,9.0,30.0
DEEDEV,2024-03-31,2.24,243.0,12.0,35.0
DEEDEV,2024-06-30,0.46,185.0,3.0,25.0
DEEDEV,2024-09-30,3.22,194.0,22.0,30.0
DEEDEV,2024-12-31,-1.93,162.0,-13.0,6.0
DEEDEV,2025-03-31,4.56,286.0,32.0,64.0
DEEDEV,2025-06-30,1.91,224.0,13.0,36.0
DEEDEV,2025-09-30,2.58,270.0,18.0,44.0
DEEDEV,2025-12-31,2.64,287.0,19.0,48.0
DEEPAKFERT,2022-12-31,19.76,2755.0,252.0,461.0
DEEPAKFERT,2023-03-31,20.19,2796.0,257.0,469.0
DEEPAKFERT,2023-06-30,8.72,2313.0,114.0,281.0
DEEPAKFERT,2023-09-30,4.76,2424.0,63.0,286.0
DEEPAKFERT,2023-12-31,4.56,1853.0,61.0,282.0
DEEPAKFERT,2024-03-31,17.83,2086.0,230.0,438.0
DEEPAKFERT,2024-06-30,15.49,2281.0,200.0,464.0
DEEPAKFERT,2024-09-30,16.64,2747.0,214.0,494.0
DEEPAKFERT,2024-12-31,19.86,2579.0,253.0,486.0
DEEPAKFERT,2025-03-31,21.96,2667.0,278.0,480.0
DEEPAKFERT,2025-06-30,19.26,2659.0,244.0,513.0
DEEPAKFERT,2025-09-30,16.89,3006.0,214.0,464.0
DEEPAKFERT,2025-12-31,11.21,2830.0,141.0,353.0
DEEPAKNTR,2022-12-31,15.33,1991.0,209.0,315.0
DEEPAKNTR,2023-03-31,17.15,1961.0,234.0,348.0
DEEPAKNTR,2023-06-30,10.99,1768.0,150.0,210.0
DEEPAKNTR,2023-09-30,15.04,1778.0,205.0,302.0
DEEPAKNTR,2023-12-31,14.81,2009.0,202.0,305.0
DEEPAKNTR,2024-03-31,18.61,2126.0,254.0,301.0
DEEPAKNTR,2024-06-30,14.85,2167.0,203.0,309.0
DEEPAKNTR,2024-09-30,14.24,2032.0,194.0,298.0
DEEPAKNTR,2024-12-31,7.19,1903.0,98.0,169.0
DEEPAKNTR,2025-03-31,14.84,2180.0,202.0,317.0
DEEPAKNTR,2025-06-30,8.23,1890.0,112.0,190.0
DEEPAKNTR,2025-09-30,8.7,1902.0,119.0,204.0
DEEPAKNTR,2025-12-31,7.32,1975.0,100.0,211.0
DEEPINDS,2022-12-31,3.85,98.0,25.0,40.0
DEEPINDS,2023-03-31,11.29,103.0,72.0,42.0
DEEPINDS,2023-06-30,4.88,101.0,31.0,43.0
DEEPINDS,2023-09-30,4.59,101.0,30.0,39.0
DEEPINDS,2023-12-31,4.25,105.0,28.0,40.0
DEEPINDS,2024-03-31,5.64,120.0,37.0,38.0
DEEPINDS,2024-06-30,5.79,123.0,39.0,51.0
DEEPINDS,2024-09-30,6.0,131.0,42.0,57.0
DEEPINDS,2024-12-31,6.81,155.0,48.0,67.0
DEEPINDS,2025-03-31,-32.68,167.0,-207.0,57.0
DEEPINDS,2025-06-30,9.19,200.0,62.0,82.0
DEEPINDS,2025-09-30,10.53,221.0,71.0,92.0
DEEPINDS,2025-12-31,10.63,222.0,71.0,100.0
DELHIVERY,2022-12-31,-2.69,1824.0,-196.0,-75.0
DELHIVERY,2023-03-31,-2.18,1860.0,-159.0,13.0
DELHIVERY,2023-06-30,-1.22,1930.0,-89.0,-13.0
DELHIVERY,2023-09-30,-1.4,1942.0,-103.0,-16.0
DELHIVERY,2023-12-31,0.16,2194.0,12.0,105.0
DELHIVERY,2024-03-31,-0.93,2076.0,-68.0,46.0
DELHIVERY,2024-06-30,0.74,2172.0,54.0,96.0
DELHIVERY,2024-09-30,0.14,2190.0,10.0,51.0
DELHIVERY,2024-12-31,0.34,2378.0,25.0,100.0
DELHIVERY,2025-03-31,0.97,2192.0,73.0,119.0
DELHIVERY,2025-06-30,1.22,2294.0,91.0,141.0
DELHIVERY,2025-09-30,-0.67,2559.0,-50.0,68.0
DELHIVERY,2025-12-31,0.53,2805.0,40.0,209.0
DELPHIFX,2024-09-30,0.01,14.29,0.17,-3.93
DELPHIFX,2024-12-31,-0.24,12.58,-5.83,-0.65
DELPHIFX,2025-06-30,0.18,11.94,4.51,2.28
DELPHIFX,2025-09-30,0.07,49.66,-0.16,2.72
DELPHIFX,2025-12-31,0.01,63.92,0.4,2.67
DELTACORP,2023-03-31,1.91,214.0,51.0,60.0
DELTACORP,2023-06-30,2.54,273.0,68.0,96.0
DELTACORP,2023-09-30,2.59,261.0,69.0,100.0
DELTACORP,2023-12-31,1.29,210.0,35.0,56.0
DELTACORP,2024-03-31,2.7,185.0,72.0,48.0
DELTACORP,2024-06-30,0.81,178.0,22.0,47.0
DELTACORP,2024-09-30,1.01,188.0,27.0,34.0
DELTACORP,2024-12-31,1.33,187.0,36.0,49.0
DELTACORP,2025-03-31,6.15,183.0,165.0,41.0
DELTACORP,2025-06-30,1.1,184.0,29.0,39.0
DELTACORP,2025-09-30,0.94,183.0,25.0,40.0
DELTACORP,2025-12-31,0.53,160.0,14.0,22.0
DELTACORP,2026-03-31,0.61,161.0,16.0,28.0
DELTAMAGNT,2022-12-31,-2.61,21.39,-2.83,-1.08
DELTAMAGNT,2023-03-31,-2.26,19.72,-2.45,-1.1
DELTAMAGNT,2023-06-30,-2.32,21.08,-2.52,-0.64
DELTAMAGNT,2023-09-30,-2.32,20.72,-2.52,-0.49
DELTAMAGNT,2023-12-31,-2.23,17.03,-2.42,-0.8
DELTAMAGNT,2024-03-31,-2.69,18.03,-2.92,0.15
DELTAMAGNT,2024-06-30,-2.68,15.78,-2.91,-1.42
DELTAMAGNT,2024-09-30,-2.73,14.38,-2.96,-1.54
DELTAMAGNT,2024-12-31,-5.39,15.0,-5.85,1.77
DELTAMAGNT,2025-03-31,-0.34,15.72,-0.37,-0.53
DELTAMAGNT,2025-06-30,-2.01,14.32,-2.18,-1.05
DELTAMAGNT,2025-09-30,-2.22,13.8,-2.41,0.17
DELTAMAGNT,2025-12-31,-4.79,15.53,-5.2,-0.02
DEN,2023-03-31,2.8,283.0,126.0,34.0
DEN,2023-06-30,0.89,273.0,42.0,29.0
DEN,2023-09-30,0.96,277.0,46.0,42.0
DEN,2023-12-31,0.99,273.0,48.0,40.0
DEN,2024-03-31,1.66,258.0,77.0,40.0
DEN,2024-06-30,0.95,248.0,43.0,27.0
DEN,2024-09-30,1.09,249.0,52.0,28.0
DEN,2024-12-31,0.84,261.0,42.0,27.0
DEN,2025-03-31,1.3,248.0,60.0,28.0
DEN,2025-06-30,1.14,241.0,54.0,19.0
DEN,2025-09-30,0.74,241.0,35.0,18.0
DEN,2025-12-31,0.8,251.0,40.0,13.0
DEN,2026-03-31,0.8,241.0,36.0,15.0
DENTA,2023-12-31,3.45,46.0,7.0,8.0
DENTA,2024-03-31,14.08,104.0,27.0,35.0
DENTA,2024-06-30,6.85,49.0,13.0,18.0
DENTA,2024-09-30,5.76,48.0,11.0,15.0
DENTA,2024-12-31,7.79,51.0,15.0,18.0
DENTA,2025-03-31,5.14,54.0,14.0,17.0
DENTA,2025-06-30,6.95,67.0,19.0,22.0
DENTA,2025-09-30,7.09,74.0,19.0,24.0
DENTA,2025-12-31,5.36,54.0,14.0,17.0
DEVIT,2022-12-31,0.52,27.34,2.66,-1.73
DEVIT,2023-03-31,0.6,44.26,3.59,4.85
DEVIT,2023-06-30,0.33,60.46,1.83,3.07
DEVIT,2023-09-30,0.3,27.95,1.66,2.05
DEVIT,2023-12-31,0.31,31.74,1.71,2.45
DEVIT,2024-03-31,0.74,43.44,4.28,6.2
DEVIT,2024-06-30,0.63,35.46,3.71,5.79
DEVIT,2024-09-30,1.49,35.94,8.11,-1.08
DEVIT,2024-12-31,0.31,47.71,1.82,3.0
DEVIT,2025-03-31,0.22,51.55,1.13,2.76
DEVIT,2025-06-30,0.37,42.99,2.18,3.56
DEVIT,2025-09-30,12.75,48.51,71.88,3.14
DEVIT,2025-12-31,-1.29,44.14,-7.42,-6.37
DEVX,2024-06-30,-4294.96,24.91,-5.97,14.01
DEVX,2024-09-30,0.93,34.47,6.24,18.13
DEVX,2024-12-31,0.1,49.75,0.69,24.08
DEVX,2025-03-31,0.31,65.4,2.12,31.31
DEVX,2025-06-30,0.02,55.63,0.14,26.39
DEVX,2025-09-30,0.2,51.84,1.76,26.42
DEVX,2025-12-31,-0.11,59.2,-1.01,23.91
DEVYANI,2022-12-31,0.59,791.0,71.0,174.0
DEVYANI,2023-03-31,0.5,755.0,60.0,151.0
DEVYANI,2023-06-30,0.1,847.0,-2.0,126.0
DEVYANI,2023-09-30,0.28,819.0,36.0,154.0
DEVYANI,2023-12-31,0.08,843.0,5.0,146.0
DEVYANI,2024-03-31,-0.06,1047.0,-49.0,130.0
DEVYANI,2024-06-30,0.25,1222.0,22.0,216.0
DEVYANI,2024-09-30,0.0,1222.0,-5.0,196.0
DEVYANI,2024-12-31,-0.0,1294.0,-8.0,213.0
DEVYANI,2025-03-31,-0.12,1213.0,-17.0,186.0
DEVYANI,2025-06-30,0.03,1357.0,2.0,206.0
DEVYANI,2025-09-30,-0.18,1377.0,-24.0,192.0
DEVYANI,2025-12-31,-0.08,1441.0,-11.0,231.0
DGCONTENT,2022-12-31,0.04,92.3,0.26,9.34
DGCONTENT,2023-03-31,-0.36,91.37,-2.12,5.61
DGCONTENT,2023-06-30,0.18,90.17,1.02,10.35
DGCONTENT,2023-09-30,-0.13,98.39,-0.76,8.07
DGCONTENT,2023-12-31,-0.09,108.0,-0.55,9.34
DGCONTENT,2024-03-31,1.04,118.0,6.06,18.23
DGCONTENT,2024-06-30,0.12,104.27,0.69,9.91
DGCONTENT,2024-09-30,1.86,114.58,10.81,20.97
DGCONTENT,2024-12-31,1.13,109.48,6.59,13.71
DGCONTENT,2025-03-31,1.07,114.52,6.22,13.2
DGCONTENT,2025-06-30,-0.4,110.45,-2.33,2.34
DGCONTENT,2025-09-30,1.64,131.79,9.52,16.33
DGCONTENT,2025-12-31,-1.25,128.14,-7.28,10.51
DHAMPURSUG,2022-12-31,6.98,544.0,46.0,86.0
DHAMPURSUG,2023-03-31,9.09,671.0,61.0,104.0
DHAMPURSUG,2023-06-30,6.83,783.0,45.0,94.0
DHAMPURSUG,2023-09-30,0.81,459.0,5.0,22.0
DHAMPURSUG,2023-12-31,4.78,364.0,32.0,54.0
DHAMPURSUG,2024-03-31,7.93,562.0,52.0,96.0
DHAMPURSUG,2024-06-30,0.24,504.0,2.0,27.0
DHAMPURSUG,2024-09-30,-2.06,421.0,-13.0,0.0
DHAMPURSUG,2024-12-31,2.31,412.0,15.0,42.0
DHAMPURSUG,2025-03-31,7.5,619.0,49.0,101.0
DHAMPURSUG,2025-06-30,0.13,521.0,1.0,23.0
DHAMPURSUG,2025-09-30,-1.23,504.0,-8.0,10.0
DHAMPURSUG,2025-12-31,4.12,451.0,27.0,56.0
DHANUKA,2022-03-31,11.68,318.0,54.0,65.0
DHANUKA,2022-06-30,10.54,393.0,49.0,51.0
DHANUKA,2022-09-30,15.68,543.0,73.0,98.0
DHANUKA,2022-12-31,9.89,393.0,46.0,52.0
DHANUKA,2023-03-31,14.33,371.0,65.0,78.0
DHANUKA,2023-06-30,7.23,369.0,33.0,44.0
DHANUKA,2023-09-30,22.33,618.0,102.0,142.0
DHANUKA,2023-12-31,9.95,403.0,45.0,62.0
DHANUKA,2024-03-31,12.95,368.0,59.0,80.0
DHANUKA,2024-06-30,10.73,494.0,49.0,72.0
DHANUKA,2024-09-30,26.07,654.0,118.0,160.0
DHANUKA,2024-12-31,12.21,445.0,55.0,76.0
DHANUKA,2025-03-31,16.75,442.0,76.0,110.0
DHARMAJ,2024-06-30,4.46,255.28,15.07,26.95
DHARMAJ,2024-09-30,6.22,311.33,21.03,34.48
DHARMAJ,2024-12-31,0.35,174.51,1.18,9.5
DHARMAJ,2025-03-31,-0.72,209.93,-2.45,3.84
DHARMAJ,2025-06-30,9.64,367.38,32.59,50.73
DHARMAJ,2025-09-30,5.13,347.26,17.33,31.79
DHARMAJ,2025-12-31,0.22,189.54,0.76,7.32
DHRUV,2023-03-31,0.06,21.0,0.0,1.0
DHRUV,2023-06-30,0.58,11.0,1.0,3.0
DHRUV,2023-12-31,1.78,23.0,3.0,5.0
DHRUV,2024-03-31,0.27,25.0,0.0,2.0
DHRUV,2024-06-30,0.55,20.0,1.0,2.0
DHRUV,2024-09-30,1.0,33.0,2.0,4.0
DHRUV,2024-12-31,1.13,22.0,2.0,4.0
DHRUV,2025-03-31,1.05,28.0,2.0,4.0
DHRUV,2025-06-30,0.84,21.0,2.0,3.0
DHRUV,2025-09-30,0.53,19.0,1.0,2.0
DHRUV,2025-12-31,-16.35,-6.0,-31.0,-29.0
DHUNINV,2022-12-31,86.81,,89.71,
DHUNINV,2023-03-31,26.68,,44.79,
DHUNINV,2023-06-30,38.38,,40.77,
DHUNINV,2023-09-30,74.92,,78.56,
DHUNINV,2023-12-31,-9.86,,-0.86,
DHUNINV,2024-03-31,-23.29,,-3.9,
DHUNINV,2024-06-30,76.51,,76.93,
DHUNINV,2024-09-30,87.3,,82.65,
DHUNINV,2024-12-31,80.51,,89.3,
DHUNINV,2025-03-31,-95.45,,-109.18,
DHUNINV,2025-06-30,86.89,,77.3,
DHUNINV,2025-09-30,-43.89,,-33.06,
DHUNINV,2025-12-31,-5.38,,-1.18,
DIACABS,2017-09-30,-0.11,198.0,-31.0,-8.0
DIACABS,2017-12-31,-0.11,105.0,-30.0,-12.0
DIACABS,2023-06-30,0.1,74.0,6.0,11.0
DIACABS,2023-09-30,0.04,75.0,2.0,10.0
DIACABS,2023-12-31,-0.1,60.0,-5.0,3.0
DIACABS,2024-03-31,0.27,134.0,14.0,18.0
DIACABS,2024-06-30,0.31,224.0,17.0,24.0
DIACABS,2024-09-30,0.08,250.0,4.0,13.0
DIACABS,2024-12-31,0.12,307.0,6.0,16.0
DIACABS,2025-03-31,0.15,334.0,8.0,14.0
DIACABS,2025-06-30,0.38,302.0,20.0,31.0
DIACABS,2025-09-30,0.53,438.0,28.0,46.0
DIACABS,2025-12-31,0.94,474.0,50.0,69.0
DIAMINESQ,2022-12-31,9.13,24.87,8.93,12.12
DIAMINESQ,2023-03-31,9.78,35.69,9.57,12.37
DIAMINESQ,2023-06-30,7.17,31.7,7.01,9.59
DIAMINESQ,2023-09-30,3.49,19.92,3.41,4.99
DIAMINESQ,2023-12-31,2.86,23.03,2.8,4.72
DIAMINESQ,2024-03-31,2.3,29.38,2.25,3.38
DIAMINESQ,2024-06-30,-1.79,16.84,-1.75,-1.36
DIAMINESQ,2024-09-30,2.51,19.19,2.46,3.61
DIAMINESQ,2024-12-31,0.77,17.51,0.75,1.52
DIAMINESQ,2025-03-31,1.29,17.93,1.26,1.69
DIAMINESQ,2025-06-30,-2.87,12.25,-2.81,-3.95
DIAMINESQ,2025-09-30,-4.24,9.3,-4.15,-3.89
DIAMINESQ,2025-12-31,-3.48,7.64,-3.4,-2.86
DIAMONDYD,2020-03-31,8.43,314.0,20.0,14.0
DIAMONDYD,2020-06-30,-2.54,196.0,-6.0,8.0
DIAMONDYD,2020-09-30,3.6,327.0,8.0,23.0
DIAMONDYD,2020-12-31,1.94,339.0,5.0,18.0
DIAMONDYD,2021-03-31,3.04,310.0,7.0,14.0
DIAMONDYD,2021-06-30,-0.68,280.0,-2.0,11.0
DIAMONDYD,2021-09-30,6.26,371.0,15.0,24.0
DIAMONDYD,2021-12-31,-3.09,385.0,-7.0,18.0
DIAMONDYD,2022-03-31,-1.26,361.0,-3.0,5.0
DIAMONDYD,2022-06-30,-4.86,383.0,-11.0,-2.0
DIAMONDYD,2022-09-30,1.81,457.0,4.0,22.0
DIAMONDYD,2022-12-31,2.24,426.0,5.0,23.0
DIAMONDYD,2023-03-31,9.21,387.0,22.0,19.0
DIFFNKG,2024-03-31,3.27,74.0,9.0,8.0
DIFFNKG,2024-06-30,2.58,71.0,7.0,9.0
DIFFNKG,2024-09-30,3.01,82.0,9.0,11.0
DIFFNKG,2024-12-31,1.89,79.0,7.0,10.0
DIFFNKG,2025-03-31,3.48,102.0,13.0,15.0
DIFFNKG,2025-06-30,3.26,81.0,12.0,11.0
DIFFNKG,2025-09-30,2.7,84.0,10.0,12.0
DIFFNKG,2025-12-31,3.22,101.0,12.0,14.0
DIGIDRIVE,2022-12-31,,12.74,0.63,0.77
DIGIDRIVE,2023-03-31,,10.26,5.71,0.08
DIGIDRIVE,2023-06-30,,10.55,0.5,0.58
DIGIDRIVE,2023-09-30,-0.13,13.25,-0.49,-0.39
DIGIDRIVE,2023-12-31,0.02,13.21,0.07,0.04
DIGIDRIVE,2024-03-31,1.03,10.62,3.98,-1.52
DIGIDRIVE,2024-06-30,0.35,13.86,1.36,1.33
DIGIDRIVE,2024-09-30,0.06,11.09,0.25,0.18
DIGIDRIVE,2024-12-31,0.31,14.39,1.2,1.15
DIGIDRIVE,2025-03-31,1.32,10.44,5.08,-0.74
DIGIDRIVE,2025-06-30,-0.03,9.59,-0.1,-0.19
DIGIDRIVE,2025-09-30,0.45,15.15,1.75,1.05
DIGIDRIVE,2025-12-31,1.48,11.73,5.72,-0.72
DIGITIDE,2024-06-30,,696.01,55.3,105.55
DIGITIDE,2024-12-31,,732.63,29.07,110.48
DIGITIDE,2025-03-31,,732.52,-1.39,81.93
DIGITIDE,2025-06-30,0.38,735.74,9.69,82.58
DIGITIDE,2025-09-30,-0.12,764.19,2.91,85.14
DIGITIDE,2025-12-31,-0.51,780.3,-2.05,87.55
DISAQ,2022-12-31,16.09,53.0,2.0,2.0
DISAQ,2023-03-31,71.04,76.0,10.0,12.0
DISAQ,2023-06-30,107.69,91.0,16.0,19.0
DISAQ,2023-09-30,57.14,80.0,8.0,11.0
DISAQ,2023-12-31,39.54,61.0,6.0,5.0
DISAQ,2024-03-31,90.5,96.0,13.0,16.0
DISAQ,2024-06-30,104.46,96.0,15.0,17.0
DISAQ,2024-09-30,85.89,87.0,12.0,12.0
DISAQ,2024-12-31,68.9,99.0,10.0,12.0
DISAQ,2025-03-31,87.47,108.0,13.0,18.0
DISAQ,2025-06-30,89.67,102.0,13.0,15.0
DISAQ,2025-09-30,83.89,104.0,12.0,14.0
DISAQ,2025-12-31,104.52,129.0,15.0,22.0
DIVISLAB,2022-12-31,11.53,1708.0,306.0,409.0
DIVISLAB,2023-03-31,12.09,1951.0,321.0,487.0
DIVISLAB,2023-06-30,13.41,1778.0,356.0,504.0
DIVISLAB,2023-09-30,13.11,1909.0,348.0,479.0
DIVISLAB,2023-12-31,13.49,1855.0,358.0,489.0
DIVISLAB,2024-03-31,20.27,2303.0,538.0,731.0
DIVISLAB,2024-06-30,16.2,2118.0,430.0,622.0
DIVISLAB,2024-09-30,19.21,2338.0,510.0,716.0
DIVISLAB,2024-12-31,22.19,2319.0,589.0,743.0
DIVISLAB,2025-03-31,24.94,2585.0,662.0,886.0
DIVISLAB,2025-06-30,20.53,2410.0,545.0,729.0
DIVISLAB,2025-09-30,25.95,2715.0,689.0,888.0
DIVISLAB,2025-12-31,21.96,2604.0,583.0,890.0
DIXON,2022-12-31,8.72,2405.0,52.0,111.0
DIXON,2023-03-31,13.54,3065.0,81.0,156.0
DIXON,2023-06-30,11.55,3272.0,67.0,132.0
DIXON,2023-09-30,18.02,4943.0,113.0,199.0
DIXON,2023-12-31,16.12,4818.0,97.0,184.0
DIXON,2024-03-31,15.91,4658.0,97.0,182.0
DIXON,2024-06-30,22.34,6580.0,140.0,248.0
DIXON,2024-09-30,65.15,11534.0,412.0,426.0
DIXON,2024-12-31,28.5,10454.0,216.0,391.0
DIXON,2025-03-31,66.54,10293.0,465.0,443.0
DIXON,2025-06-30,37.2,12836.0,280.0,482.0
DIXON,2025-09-30,110.72,14855.0,746.0,561.0
DIXON,2025-12-31,47.34,10672.0,321.0,414.0
DLF,2022-12-31,2.1,1495.0,518.0,477.0
DLF,2023-03-31,2.3,1456.0,570.0,398.0
DLF,2023-06-30,2.13,1423.0,526.0,396.0
DLF,2023-09-30,2.52,1348.0,622.0,462.0
DLF,2023-12-31,2.65,1521.0,656.0,511.0
DLF,2024-03-31,3.72,2135.0,920.0,754.0
DLF,2024-06-30,2.61,1362.0,645.0,229.0
DLF,2024-09-30,5.58,1975.0,1381.0,502.0
DLF,2024-12-31,4.28,1529.0,1059.0,400.0
DLF,2025-03-31,5.18,3128.0,1282.0,978.0
DLF,2025-06-30,3.08,2717.0,763.0,364.0
DLF,2025-09-30,4.77,1643.0,1180.0,284.0
DLF,2025-12-31,4.86,2020.0,1203.0,390.0
DLINKINDIA,2022-12-31,7.68,280.0,27.0,36.0
DLINKINDIA,2023-03-31,5.69,311.0,20.0,27.0
DLINKINDIA,2023-06-30,5.9,300.0,21.0,27.0
DLINKINDIA,2023-09-30,6.65,308.0,24.0,30.0
DLINKINDIA,2023-12-31,6.46,294.0,23.0,29.0
DLINKINDIA,2024-03-31,7.07,334.0,25.0,31.0
DLINKINDIA,2024-06-30,6.65,346.0,24.0,28.0
DLINKINDIA,2024-09-30,7.53,337.0,27.0,33.0
DLINKINDIA,2024-12-31,7.46,331.0,26.0,33.0
DLINKINDIA,2025-03-31,7.73,370.0,27.0,32.0
DLINKINDIA,2025-06-30,6.87,350.0,24.0,29.0
DLINKINDIA,2025-09-30,7.15,377.0,25.0,33.0
DLINKINDIA,2025-12-31,7.52,395.0,27.0,35.0
DMART,2022-12-31,9.1,11569.0,590.0,965.0
DMART,2023-03-31,7.1,10594.0,460.0,772.0
DMART,2023-06-30,10.12,11865.0,659.0,1035.0
DMART,2023-09-30,9.58,12624.0,623.0,1005.0
DMART,2023-12-31,10.61,13572.0,690.0,1120.0
DMART,2024-03-31,8.66,12727.0,563.0,944.0
DMART,2024-06-30,11.89,14069.0,774.0,1221.0
DMART,2024-09-30,10.14,14444.0,659.0,1094.0
DMART,2024-12-31,11.12,15973.0,724.0,1217.0
DMART,2025-03-31,8.47,14872.0,551.0,955.0
DMART,2025-06-30,11.88,16360.0,773.0,1299.0
DMART,2025-09-30,10.53,16676.0,685.0,1214.0
DMART,2025-12-31,13.15,18101.0,856.0,1463.0
DMCC,2022-12-31,-1.27,72.04,-3.16,1.19
DMCC,2023-03-31,2.68,96.5,6.69,16.28
DMCC,2023-06-30,1.26,85.59,3.14,10.94
DMCC,2023-09-30,0.95,76.52,2.37,9.49
DMCC,2023-12-31,0.12,80.53,0.31,7.09
DMCC,2024-03-31,2.31,83.96,5.77,7.4
DMCC,2024-06-30,0.55,85.32,1.37,8.84
DMCC,2024-09-30,2.33,102.73,5.81,15.32
DMCC,2024-12-31,3.16,118.04,7.87,17.73
DMCC,2025-03-31,2.59,125.22,6.47,15.13
DMCC,2025-06-30,3.11,127.04,7.76,16.89
DMCC,2025-09-30,2.31,126.03,5.75,14.01
DMCC,2025-12-31,2.47,150.87,6.17,14.72
DODLA,2022-12-31,5.95,675.0,35.0,54.0
DODLA,2023-03-31,3.79,724.0,23.0,34.0
DODLA,2023-06-30,5.88,823.0,35.0,60.0
DODLA,2023-09-30,7.33,768.0,44.0,70.0
DODLA,2023-12-31,6.95,747.0,41.0,83.0
DODLA,2024-03-31,7.87,787.0,47.0,75.0
DODLA,2024-06-30,10.93,912.0,65.0,105.0
DODLA,2024-09-30,10.51,998.0,63.0,96.0
DODLA,2024-12-31,10.54,901.0,64.0,96.0
DODLA,2025-03-31,11.27,910.0,68.0,84.0
DODLA,2025-06-30,10.42,1007.0,63.0,83.0
DODLA,2025-09-30,10.89,1019.0,66.0,93.0
DODLA,2025-12-31,11.39,1025.0,69.0,79.0
DOLATALGO,2022-12-31,1.68,60.0,30.0,39.0
DOLATALGO,2023-03-31,0.34,30.0,6.0,6.0
DOLATALGO,2023-06-30,0.73,47.0,13.0,25.0
DOLATALGO,2023-09-30,1.99,86.0,35.0,55.0
DOLATALGO,2023-12-31,2.35,99.0,42.0,64.0
DOLATALGO,2024-03-31,3.87,144.0,68.0,104.0
DOLATALGO,2024-06-30,4.07,152.0,72.0,110.0
DOLATALGO,2024-09-30,3.79,146.0,67.0,104.0
DOLATALGO,2024-12-31,2.12,119.0,38.0,65.0
DOLATALGO,2025-03-31,2.25,114.0,40.0,69.0
DOLATALGO,2025-06-30,2.21,111.0,39.0,65.0
DOLATALGO,2025-09-30,0.26,59.0,5.0,20.0
DOLATALGO,2025-12-31,2.21,108.0,39.0,65.0
DOLLAR,2022-12-31,1.36,285.0,8.0,19.0
DOLLAR,2023-03-31,0.1,406.0,0.0,8.0
DOLLAR,2023-06-30,2.56,328.0,15.0,26.0
DOLLAR,2023-09-30,4.38,413.0,25.0,41.0
DOLLAR,2023-12-31,3.12,332.0,18.0,32.0
DOLLAR,2024-03-31,5.83,500.0,34.0,57.0
DOLLAR,2024-06-30,2.7,334.0,16.0,36.0
DOLLAR,2024-09-30,4.67,447.0,26.0,49.0
DOLLAR,2024-12-31,3.52,381.0,20.0,42.0
DOLLAR,2025-03-31,5.16,549.0,30.0,57.0
DOLLAR,2025-06-30,3.76,399.0,22.0,43.0
DOLLAR,2025-09-30,6.2,472.0,35.0,60.0
DOLLAR,2025-12-31,3.24,388.0,18.0,39.0
DOLPHIN,2022-12-31,-0.16,0.0,-3.0,-1.0
DOLPHIN,2023-03-31,13.4,0.0,42.0,0.0
DOLPHIN,2023-06-30,0.04,1.0,0.0,0.0
DOLPHIN,2023-09-30,1.12,2.0,4.0,1.0
DOLPHIN,2023-12-31,0.11,2.0,0.0,1.0
DOLPHIN,2024-03-31,0.36,2.0,1.0,-5.0
DOLPHIN,2024-06-30,1.89,8.0,8.0,6.0
DOLPHIN,2024-09-30,3.23,17.0,13.0,13.0
DOLPHIN,2024-12-31,3.89,28.0,16.0,16.0
DOLPHIN,2025-03-31,2.61,20.0,10.0,11.0
DOLPHIN,2025-06-30,2.83,16.0,11.0,16.0
DOLPHIN,2025-09-30,3.9,25.0,16.0,22.0
DOLPHIN,2025-12-31,3.32,30.0,13.0,22.0
DOMS,2022-12-31,685.1,304.0,27.0,49.0
DOMS,2023-03-31,912.21,336.0,36.0,62.0
DOMS,2023-06-30,929.13,379.0,36.0,62.0
DOMS,2023-09-30,6.4,382.0,38.0,65.0
DOMS,2023-12-31,6.15,372.0,39.0,69.0
DOMS,2024-03-31,7.44,404.0,47.0,76.0
DOMS,2024-06-30,8.54,445.0,54.0,86.0
DOMS,2024-09-30,8.46,458.0,54.0,86.0
DOMS,2024-12-31,8.36,501.0,54.0,88.0
DOMS,2025-03-31,7.98,509.0,51.0,88.0
DOMS,2025-06-30,9.44,562.0,59.0,99.0
DOMS,2025-09-30,9.6,568.0,61.0,100.0
DOMS,2025-12-31,9.54,592.0,61.0,103.0
DONEAR,2024-03-31,3.06,243.0,16.0,29.0
DONEAR,2024-06-30,1.69,199.0,9.0,21.0
DONEAR,2024-09-30,2.03,210.0,11.0,22.0
DONEAR,2024-12-31,2.1,247.0,11.0,27.0
DONEAR,2025-03-31,0.31,258.0,2.0,13.0
DONEAR,2025-06-30,1.69,196.0,9.0,21.0
DONEAR,2025-09-30,2.38,237.0,12.0,30.0
DONEAR,2025-12-31,3.29,240.0,17.0,28.0
DPABHUSHAN,2019-12-31,1.86,236.14,4.14,8.72
DPABHUSHAN,2020-03-31,2.54,233.53,5.66,10.54
DPABHUSHAN,2020-06-30,1.46,41.56,3.25,6.79
DPABHUSHAN,2020-09-30,3.2,172.15,7.12,12.27
DPABHUSHAN,2020-12-31,3.92,414.28,8.72,15.55
DPABHUSHAN,2021-03-31,3.72,590.18,8.28,16.22
DPABHUSHAN,2021-06-30,1.91,175.34,4.26,10.38
DPABHUSHAN,2021-09-30,4.87,448.27,10.84,19.28
DPABHUSHAN,2021-12-31,7.1,668.11,15.79,26.25
DPABHUSHAN,2022-03-31,4.34,439.66,9.65,19.11
DPSCLTD,2022-12-31,0.03,148.8,3.12,2.87
DPSCLTD,2023-03-31,0.07,160.08,6.33,4.61
DPSCLTD,2023-06-30,0.03,178.76,2.75,14.76
DPSCLTD,2023-09-30,0.03,165.21,2.89,6.51
DPSCLTD,2023-12-31,0.04,143.46,3.98,12.54
DPSCLTD,2024-03-31,0.08,162.26,7.56,8.29
DPSCLTD,2024-06-30,0.03,171.67,3.1,7.87
DPSCLTD,2024-09-30,0.03,152.92,3.15,4.15
DPSCLTD,2024-12-31,0.03,159.06,2.65,8.62
DPSCLTD,2025-03-31,-0.02,136.72,-1.87,-91.75
DPSCLTD,2025-06-30,0.03,163.67,3.05,5.77
DPSCLTD,2025-09-30,0.04,197.94,3.78,6.78
DPSCLTD,2025-12-31,0.02,155.32,1.85,-6.31
DRCSYSTEMS,2022-12-31,0.3,8.64,3.93,4.66
DRCSYSTEMS,2023-03-31,0.09,6.77,1.19,-2.16
DRCSYSTEMS,2023-06-30,0.08,7.11,1.11,1.84
DRCSYSTEMS,2023-09-30,0.11,9.89,1.48,2.47
DRCSYSTEMS,2023-12-31,0.38,13.56,5.1,5.71
DRCSYSTEMS,2024-03-31,0.3,17.12,3.96,4.8
DRCSYSTEMS,2024-06-30,0.29,15.36,3.85,5.23
DRCSYSTEMS,2024-09-30,0.25,16.14,3.27,4.47
DRCSYSTEMS,2024-12-31,0.27,16.95,3.55,5.02
DRCSYSTEMS,2025-03-31,0.33,16.93,4.41,6.01
DRCSYSTEMS,2025-06-30,0.33,18.29,4.35,6.39
DRCSYSTEMS,2025-09-30,0.32,22.83,4.17,6.18
DRCSYSTEMS,2025-12-31,0.38,27.18,4.99,7.45
DREAMFOLKS,2022-12-31,3.63,204.0,18.98,26.05
DREAMFOLKS,2023-03-31,4.84,237.75,25.3,33.71
DREAMFOLKS,2023-06-30,2.45,266.32,12.96,17.62
DREAMFOLKS,2023-09-30,3.37,282.49,17.67,24.3
DREAMFOLKS,2023-12-31,3.8,305.06,20.03,27.37
DREAMFOLKS,2024-03-31,3.4,281.14,17.98,24.64
DREAMFOLKS,2024-06-30,3.24,320.8,17.15,22.88
DREAMFOLKS,2024-09-30,3.03,316.86,16.03,23.08
DREAMFOLKS,2024-12-31,3.23,340.07,16.94,22.95
DREAMFOLKS,2025-03-31,2.8,314.16,14.93,20.03
DREAMFOLKS,2025-06-30,3.99,348.95,21.27,26.94
DREAMFOLKS,2025-09-30,2.11,205.52,11.22,11.96
DREAMFOLKS,2025-12-31,-1.48,53.45,-7.86,-14.14
DRREDDY,2022-12-31,14.94,6790.0,1244.0,1939.0
DRREDDY,2023-03-31,11.53,6315.0,960.0,1534.0
DRREDDY,2023-06-30,16.87,6758.0,1405.0,2062.0
DRREDDY,2023-09-30,17.77,6903.0,1482.0,2008.0
DRREDDY,2023-12-31,16.56,7237.0,1381.0,2023.0
DRREDDY,2024-03-31,15.7,7114.0,1310.0,1831.0
DRREDDY,2024-06-30,16.69,7696.0,1392.0,2130.0
DRREDDY,2024-09-30,15.05,8038.0,1342.0,2076.0
DRREDDY,2024-12-31,16.94,8381.0,1404.0,2273.0
DRREDDY,2025-03-31,19.09,8528.0,1587.0,1998.0
DRREDDY,2025-06-30,16.99,8572.0,1410.0,2174.0
DRREDDY,2025-09-30,16.14,8828.0,1337.0,2010.0
DRREDDY,2025-12-31,14.5,8753.0,1190.0,1888.0
DSFCL,2024-12-31,0.24,93.35,2.39,4.88
DSFCL,2025-09-30,-0.25,96.9,-2.53,-1.49
DSFCL,2025-12-31,-0.17,96.95,-1.49,0.32
DSSL,2022-12-31,5.93,172.0,8.0,12.0
DSSL,2023-03-31,9.71,227.0,12.0,19.0
DSSL,2023-06-30,11.04,296.0,14.0,20.0
DSSL,2023-09-30,9.9,220.0,13.0,19.0
DSSL,2023-12-31,10.36,227.0,13.0,19.0
DSSL,2024-03-31,11.09,282.0,14.0,20.0
DSSL,2024-06-30,13.85,321.0,18.0,25.0
DSSL,2024-09-30,14.35,306.0,18.0,26.0
DSSL,2024-12-31,14.43,311.0,18.0,27.0
DSSL,2025-03-31,14.3,329.0,18.0,29.0
DSSL,2025-06-30,15.42,329.0,20.0,32.0
DSSL,2025-09-30,17.81,352.0,23.0,37.0
DSSL,2025-12-31,18.45,341.0,24.0,41.0
DTIL,2022-12-31,9.04,91.09,9.5,3.48
DTIL,2023-03-31,-40.66,41.16,-42.72,-42.48
DTIL,2023-06-30,-9.02,91.67,-9.48,-6.35
DTIL,2023-09-30,-3.65,142.78,-3.84,-0.24
DTIL,2023-12-31,-42.18,115.33,-44.32,-37.58
DTIL,2024-03-31,-79.44,45.64,-83.47,-104.3
DTIL,2024-06-30,-2.81,97.92,-2.95,6.64
DTIL,2024-09-30,24.73,167.57,25.99,46.67
DTIL,2024-12-31,-0.91,122.45,-0.96,-13.46
DTIL,2025-03-31,-40.09,68.44,-42.12,-60.83
DTIL,2025-06-30,13.66,114.98,14.35,24.06
DTIL,2025-09-30,20.14,170.99,21.16,29.61
DTIL,2025-12-31,-6.78,141.21,-7.12,-1.67
DVL,2022-12-31,24.27,36.1,84.71,-14.42
DVL,2023-03-31,18.82,140.05,65.69,3.92
DVL,2023-06-30,11.57,40.32,40.21,15.48
DVL,2023-09-30,21.67,42.88,75.69,16.73
DVL,2023-12-31,3.55,56.77,12.16,12.67
DVL,2024-03-31,6.95,263.51,24.04,8.85
DVL,2024-06-30,19.99,161.28,69.78,40.97
DVL,2024-09-30,19.36,148.3,67.67,47.0
DVL,2024-12-31,26.7,112.62,92.95,34.32
DVL,2025-03-31,-24.87,147.23,-87.42,-107.77
DVL,2025-06-30,20.36,173.48,70.81,83.47
DVL,2025-09-30,-3.05,69.23,-13.26,-41.02
DVL,2025-12-31,1.73,71.68,6.04,-42.31
DWARKESH,2008-12-31,0.28,122.0,5.0,30.0
DWARKESH,2009-03-31,0.47,91.0,8.0,31.0
DWARKESH,2009-06-30,0.88,154.0,14.0,38.0
DWARKESH,2009-09-30,-0.09,95.0,-1.0,26.0
DWARKESH,2009-12-31,2.05,165.0,33.0,50.0
DWARKESH,2010-03-31,-1.42,159.0,-23.0,-1.0
DWARKESH,2010-06-30,0.45,144.0,7.0,28.0
DWARKESH,2010-09-30,-1.64,87.0,-27.0,-14.0
DYNAMATECH,2022-12-31,11.07,313.21,7.02,41.95
DYNAMATECH,2023-03-31,27.69,367.88,17.56,49.46
DYNAMATECH,2023-06-30,65.22,362.51,41.36,37.0
DYNAMATECH,2023-09-30,19.08,350.9,12.1,38.87
DYNAMATECH,2023-12-31,17.72,345.51,11.24,40.69
DYNAMATECH,2024-03-31,90.06,370.41,57.11,42.85
DYNAMATECH,2024-06-30,17.96,346.28,11.39,40.05
DYNAMATECH,2024-09-30,18.97,361.42,12.03,41.04
DYNAMATECH,2024-12-31,5.57,315.43,3.53,39.29
DYNAMATECH,2025-03-31,25.37,380.67,16.09,37.94
DYNAMATECH,2025-06-30,16.98,370.93,10.77,37.78
DYNAMATECH,2025-09-30,5.22,392.38,3.31,46.24
DYNAMATECH,2025-12-31,9.1,424.87,5.77,50.05
DYNPRO,2022-12-31,0.27,73.84,0.32,8.23
DYNPRO,2023-03-31,3.37,72.43,3.94,10.6
DYNPRO,2023-06-30,1.64,68.16,1.91,9.41
DYNPRO,2023-09-30,-2.98,65.39,-3.59,4.29
DYNPRO,2023-12-31,1.02,71.55,1.23,7.89
DYNPRO,2024-03-31,3.38,78.95,4.06,10.41
DYNPRO,2024-06-30,2.31,80.05,2.78,10.01
DYNPRO,2024-09-30,3.23,97.85,3.89,12.5
DYNPRO,2024-12-31,3.65,95.54,4.39,12.9
DYNPRO,2025-03-31,3.17,94.09,3.94,12.45
DYNPRO,2025-06-30,3.87,94.43,4.81,12.77
DYNPRO,2025-09-30,3.57,89.31,4.44,12.29
DYNPRO,2025-12-31,3.71,90.67,4.61,12.66
EASEMYTRIP,2022-12-31,0.12,136.15,41.69,55.21
EASEMYTRIP,2023-03-31,0.09,116.6,31.05,42.43
EASEMYTRIP,2023-06-30,0.07,124.05,25.9,34.91
EASEMYTRIP,2023-09-30,0.13,141.69,46.96,64.78
EASEMYTRIP,2023-12-31,0.13,160.79,45.69,60.86
EASEMYTRIP,2024-03-31,-0.04,164.04,-15.08,49.15
EASEMYTRIP,2024-06-30,0.09,152.6,33.93,46.97
EASEMYTRIP,2024-09-30,0.07,144.67,26.8,37.02
EASEMYTRIP,2024-12-31,0.09,150.57,34.03,47.79
EASEMYTRIP,2025-03-31,0.04,139.48,13.9,13.52
EASEMYTRIP,2025-06-30,0.0,113.79,0.44,0.32
EASEMYTRIP,2025-09-30,-0.09,118.34,-36.04,3.24
EASEMYTRIP,2025-12-31,0.02,151.66,3.41,4.27
EBGNG,2024-06-30,3131.44,255.0,12.0,26.0
EBGNG,2024-09-30,5943.3,353.0,23.0,33.0
EBGNG,2024-12-31,1.96,347.0,19.0,31.0
EBGNG,2025-03-31,1.52,456.0,15.0,28.0
EBGNG,2025-06-30,1.91,312.0,19.0,32.0
EBGNG,2025-09-30,2.86,440.0,33.0,47.0
EBGNG,2025-12-31,3.39,487.0,39.0,54.0
ECLERX,2022-12-31,12.92,687.0,131.0,191.0
ECLERX,2023-03-31,13.51,693.0,132.0,207.0
ECLERX,2023-06-30,10.84,684.0,107.0,167.0
ECLERX,2023-09-30,13.86,722.0,136.0,205.0
ECLERX,2023-12-31,14.13,753.0,139.0,207.0
ECLERX,2024-03-31,13.31,767.0,130.0,196.0
ECLERX,2024-06-30,11.38,782.0,112.0,166.0
ECLERX,2024-09-30,14.72,832.0,140.0,216.0
ECLERX,2024-12-31,14.38,854.0,137.0,207.0
ECLERX,2025-03-31,15.97,898.0,153.0,219.0
ECLERX,2025-06-30,14.87,935.0,142.0,221.0
ECLERX,2025-09-30,19.22,1005.0,183.0,271.0
ECLERX,2025-12-31,20.4,1070.0,192.0,276.0
ECOSMOBLTY,2023-06-30,23233.33,131.0,14.0,22.0
ECOSMOBLTY,2023-09-30,27450.0,138.0,16.0,25.0
ECOSMOBLTY,2023-12-31,2.36,137.0,14.0,21.0
ECOSMOBLTY,2024-03-31,3.0,149.0,18.0,22.0
ECOSMOBLTY,2024-06-30,2.25,149.0,14.0,21.0
ECOSMOBLTY,2024-09-30,2.62,160.0,16.0,24.0
ECOSMOBLTY,2024-12-31,2.13,168.0,13.0,22.0
ECOSMOBLTY,2025-03-31,3.01,177.0,18.0,26.0
ECOSMOBLTY,2025-06-30,2.22,181.0,13.0,22.0
ECOSMOBLTY,2025-09-30,2.44,214.0,15.0,25.0
ECOSMOBLTY,2025-12-31,2.32,206.0,14.0,23.0
EDELWEISS,2023-03-31,1.58,3012.0,172.0,803.0
EDELWEISS,2023-06-30,0.54,1979.0,78.0,717.0
EDELWEISS,2023-09-30,0.81,2156.0,95.0,790.0
EDELWEISS,2023-12-31,1.33,2398.0,152.0,832.0
EDELWEISS,2024-03-31,1.79,2926.0,203.0,869.0
EDELWEISS,2024-06-30,0.62,2293.0,85.0,796.0
EDELWEISS,2024-09-30,1.17,2795.0,137.0,981.0
EDELWEISS,2024-12-31,1.32,1898.0,155.0,730.0
EDELWEISS,2025-03-31,1.11,2280.0,158.0,727.0
EDELWEISS,2025-06-30,0.71,2246.0,103.0,797.0
EDELWEISS,2025-09-30,1.36,1861.0,175.0,606.0
EDELWEISS,2025-12-31,2.79,4400.0,270.0,1198.0
EDELWEISS,2026-03-31,0.93,1918.0,132.0,498.0
EFCIL,2022-12-31,0.32,26.0,2.0,5.0
EFCIL,2023-03-31,1.29,60.0,9.0,35.0
EFCIL,2023-06-30,0.67,56.0,3.0,29.0
EFCIL,2023-09-30,1.04,98.0,11.0,40.0
EFCIL,2023-12-31,2.01,172.0,21.0,61.0
EFCIL,2024-03-31,2.81,93.0,28.0,52.0
EFCIL,2024-06-30,1.52,102.0,16.0,46.0
EFCIL,2024-09-30,2.9,166.0,37.0,79.0
EFCIL,2024-12-31,4.43,177.0,40.0,93.0
EFCIL,2025-03-31,3.09,211.0,48.0,109.0
EFCIL,2025-06-30,3.46,220.0,47.0,102.0
EFCIL,2025-09-30,5.57,255.0,57.0,111.0
EFCIL,2025-12-31,4.61,270.0,62.0,112.0
EICHERMOT,2022-12-31,27.09,3721.0,741.0,857.0
EICHERMOT,2023-03-31,33.11,3804.0,906.0,934.0
EICHERMOT,2023-06-30,33.58,3986.0,918.0,1021.0
EICHERMOT,2023-09-30,37.12,4115.0,1016.0,1087.0
EICHERMOT,2023-12-31,36.38,4179.0,996.0,1090.0
EICHERMOT,2024-03-31,39.1,4256.0,1070.0,1129.0
EICHERMOT,2024-06-30,40.2,4393.0,1101.0,1165.0
EICHERMOT,2024-09-30,40.15,4263.0,1100.0,1088.0
EICHERMOT,2024-12-31,42.7,4973.0,1170.0,1201.0
EICHERMOT,2025-03-31,49.68,5241.0,1362.0,1258.0
EICHERMOT,2025-06-30,43.95,5042.0,1205.0,1203.0
EICHERMOT,2025-09-30,49.93,6172.0,1369.0,1512.0
EICHERMOT,2025-12-31,51.79,6114.0,1421.0,1557.0
EIDPARRY,2022-12-31,14.13,9914.0,482.0,901.0
EIDPARRY,2023-03-31,10.08,6860.0,287.0,615.0
EIDPARRY,2023-06-30,6.13,7026.0,325.0,664.0
EIDPARRY,2023-09-30,25.48,9059.0,782.0,1053.0
EIDPARRY,2023-12-31,6.66,7770.0,217.0,412.0
EIDPARRY,2024-03-31,12.41,5557.0,294.0,459.0
EIDPARRY,2024-06-30,5.14,6747.0,226.0,468.0
EIDPARRY,2024-09-30,17.21,9330.0,592.0,959.0
EIDPARRY,2024-12-31,10.97,8720.0,416.0,694.0
EIDPARRY,2025-03-31,16.12,6811.0,539.0,513.0
EIDPARRY,2025-06-30,13.85,8724.0,464.0,805.0
EIDPARRY,2025-09-30,23.86,11624.0,766.0,1198.0
EIDPARRY,2025-12-31,13.05,10316.0,437.0,835.0
EIEL,2023-09-30,4.64,120.0,12.0,22.0
EIEL,2023-12-31,6.54,150.0,17.0,28.0
EIEL,2024-03-31,4.21,300.0,57.0,86.0
EIEL,2024-06-30,2.25,205.0,30.0,51.0
EIEL,2024-09-30,2.6,213.0,36.0,56.0
EIEL,2024-12-31,2.09,247.0,37.0,54.0
EIEL,2025-03-31,4.17,393.0,74.0,99.0
EIEL,2025-06-30,2.39,241.0,42.0,64.0
EIEL,2025-09-30,2.78,227.0,50.0,65.0
EIEL,2025-12-31,2.3,250.0,42.0,68.0
EIHOTEL,2022-12-31,2.28,586.0,149.0,209.0
EIHOTEL,2023-03-31,1.35,637.0,92.0,204.0
EIHOTEL,2023-06-30,1.66,498.0,106.0,155.0
EIHOTEL,2023-09-30,1.49,531.0,94.0,143.0
EIHOTEL,2023-12-31,3.51,741.0,230.0,324.0
EIHOTEL,2024-03-31,3.56,741.0,248.0,304.0
EIHOTEL,2024-06-30,1.47,527.0,97.0,135.0
EIHOTEL,2024-09-30,2.08,589.0,133.0,175.0
EIHOTEL,2024-12-31,4.23,800.0,279.0,357.0
EIHOTEL,2025-03-31,4.04,827.0,262.0,351.0
EIHOTEL,2025-06-30,0.54,574.0,37.0,160.0
EIHOTEL,2025-09-30,1.82,598.0,117.0,154.0
EIHOTEL,2025-12-31,3.89,873.0,255.0,376.0
EIMCOELECO,2021-03-31,0.43,38.0,0.0,1.0
EIMCOELECO,2021-06-30,3.02,15.0,2.0,1.0
EIMCOELECO,2021-09-30,2.17,11.0,1.0,1.0
EIMCOELECO,2021-12-31,3.29,23.0,2.0,3.0
EIMCOELECO,2022-03-31,6.57,36.0,4.0,5.0
EIMCOELECO,2022-06-30,-2.25,33.0,-1.0,-1.0
EIMCOELECO,2022-09-30,10.57,37.0,6.0,6.0
EIMCOELECO,2022-12-31,8.51,38.0,5.0,6.0
EIMCOELECO,2023-03-31,17.01,64.0,10.0,13.0
EIMCOELECO,2023-06-30,9.29,44.0,5.0,2.0
EIMCOELECO,2023-09-30,18.72,51.0,11.0,13.0
EIMCOELECO,2023-12-31,13.09,48.0,8.0,8.0
EIMCOELECO,2024-03-31,25.73,84.0,15.0,17.0
EKC,2022-12-31,-1.56,256.0,-18.0,14.0
EKC,2023-03-31,3.24,298.0,36.0,50.0
EKC,2023-06-30,1.94,268.0,22.0,37.0
EKC,2023-09-30,2.35,299.0,26.0,41.0
EKC,2023-12-31,3.27,329.0,36.0,52.0
EKC,2024-03-31,1.29,326.0,13.0,31.0
EKC,2024-06-30,2.5,343.0,28.0,41.0
EKC,2024-09-30,3.43,367.0,39.0,53.0
EKC,2024-12-31,1.61,367.0,18.0,40.0
EKC,2025-03-31,1.19,422.0,13.0,38.0
EKC,2025-06-30,4.6,387.0,52.0,61.0
EKC,2025-09-30,1.22,360.0,14.0,43.0
EKC,2025-12-31,3.18,365.0,36.0,59.0
ELCIDIN,2022-12-31,958.0,28.0,19.0,26.0
ELCIDIN,2023-03-31,-18.5,3.0,0.0,1.0
ELCIDIN,2023-06-30,4870.5,128.0,97.0,128.0
ELCIDIN,2023-09-30,778.0,23.0,16.0,22.0
ELCIDIN,2023-12-31,2311.0,60.0,46.0,59.0
ELCIDIN,2024-03-31,796.0,23.0,16.0,22.0
ELCIDIN,2024-06-30,6797.5,178.0,136.0,176.0
ELCIDIN,2024-09-30,2173.5,56.0,43.0,55.0
ELCIDIN,2024-12-31,-344.5,-5.0,-7.0,-6.0
ELCIDIN,2025-03-31,-977.0,-17.0,-20.0,-21.0
ELCIDIN,2025-06-30,3531.0,92.0,71.0,91.0
ELCIDIN,2025-09-30,1587.0,44.0,32.0,42.0
ELCIDIN,2025-12-31,2369.0,62.0,47.0,61.0
ELDEHSG,2022-12-31,10.67,30.0,10.0,12.0
ELDEHSG,2023-03-31,15.15,39.0,15.0,18.0
ELDEHSG,2023-06-30,7.76,25.0,8.0,8.0
ELDEHSG,2023-09-30,6.53,17.0,6.0,7.0
ELDEHSG,2023-12-31,8.26,22.0,8.0,9.0
ELDEHSG,2024-03-31,11.9,49.0,12.0,15.0
ELDEHSG,2024-06-30,8.13,29.0,8.0,9.0
ELDEHSG,2024-09-30,4.59,33.0,5.0,5.0
ELDEHSG,2024-12-31,5.87,35.0,6.0,6.0
ELDEHSG,2025-03-31,3.3,37.0,3.0,6.0
ELDEHSG,2025-06-30,3.18,29.0,3.0,3.0
ELDEHSG,2025-09-30,2.67,33.0,3.0,3.0
ELDEHSG,2025-12-31,13.9,43.0,14.0,18.0
ELECON,2023-03-31,3.03,424.54,67.94,92.85
ELECON,2023-06-30,3.25,414.34,72.96,99.97
ELECON,2023-09-30,3.95,484.9,88.57,118.74
ELECON,2023-12-31,4.03,473.56,90.4,120.39
ELECON,2024-03-31,4.62,564.62,103.65,135.36
ELECON,2024-06-30,3.27,392.36,73.36,92.38
ELECON,2024-09-30,3.91,508.14,87.72,112.3
ELECON,2024-12-31,4.79,528.89,107.54,142.58
ELECON,2025-03-31,6.53,797.57,146.48,195.33
ELECON,2025-06-30,7.82,490.57,175.44,130.3
ELECON,2025-09-30,3.91,578.13,87.72,125.64
ELECON,2025-12-31,3.21,551.74,71.99,109.18
ELECON,2026-03-31,0.27,745.61,6.0,158.02
ELECTCAST,2022-12-31,1.32,1852.0,79.0,187.0
ELECTCAST,2023-03-31,1.5,1872.0,89.0,193.0
ELECTCAST,2023-06-30,1.26,1685.0,75.0,160.0
ELECTCAST,2023-09-30,2.94,1919.0,175.0,300.0
ELECTCAST,2023-12-31,4.43,1869.0,263.0,406.0
ELECTCAST,2024-03-31,3.67,2004.0,227.0,311.0
ELECTCAST,2024-06-30,3.65,2012.0,226.0,354.0
ELECTCAST,2024-09-30,2.51,1828.0,155.0,268.0
ELECTCAST,2024-12-31,2.59,1780.0,160.0,255.0
ELECTCAST,2025-03-31,2.72,1701.0,168.0,160.0
ELECTCAST,2025-06-30,1.44,1558.0,89.0,170.0
ELECTCAST,2025-09-30,1.27,1396.0,78.0,93.0
ELECTCAST,2025-12-31,-0.35,1472.0,-22.0,34.0
ELECTHERM,2022-12-31,5.74,615.0,7.0,38.0
ELECTHERM,2023-03-31,32.62,1033.0,42.0,107.0
ELECTHERM,2023-06-30,30.36,931.0,39.0,72.0
ELECTHERM,2023-09-30,52.99,985.0,68.0,91.0
ELECTHERM,2023-12-31,84.03,1137.0,107.0,126.0
ELECTHERM,2024-03-31,81.64,1218.0,104.0,131.0
ELECTHERM,2024-06-30,85.41,1059.0,109.0,132.0
ELECTHERM,2024-09-30,46.67,814.0,59.0,67.0
ELECTHERM,2024-12-31,69.33,1081.0,88.0,107.0
ELECTHERM,2025-03-31,145.57,1161.0,186.0,64.0
ELECTHERM,2025-06-30,21.78,834.0,28.0,52.0
ELECTHERM,2025-09-30,-16.97,814.0,-22.0,-12.0
ELECTHERM,2025-12-31,-27.8,904.0,-35.0,-31.0
ELGIEQUIP,2022-12-31,2.53,772.0,80.0,113.0
ELGIEQUIP,2023-03-31,5.37,836.0,170.0,127.0
ELGIEQUIP,2023-06-30,1.91,724.0,60.0,89.0
ELGIEQUIP,2023-09-30,2.88,806.0,91.0,143.0
ELGIEQUIP,2023-12-31,2.65,822.0,84.0,129.0
ELGIEQUIP,2024-03-31,2.41,866.0,76.0,125.0
ELGIEQUIP,2024-06-30,2.3,801.0,73.0,114.0
ELGIEQUIP,2024-09-30,2.99,869.0,95.0,142.0
ELGIEQUIP,2024-12-31,2.54,848.0,81.0,119.0
ELGIEQUIP,2025-03-31,3.22,993.0,102.0,150.0
ELGIEQUIP,2025-06-30,2.7,867.0,86.0,121.0
ELGIEQUIP,2025-09-30,3.83,968.0,121.0,140.0
ELGIEQUIP,2025-12-31,3.0,1003.0,95.0,144.0
ELGIRUBCO,2022-12-31,3.39,104.0,17.0,11.0
ELGIRUBCO,2023-03-31,-3.21,96.0,-16.0,3.0
ELGIRUBCO,2023-06-30,1.01,95.0,5.0,6.0
ELGIRUBCO,2023-09-30,2.04,101.0,10.0,13.0
ELGIRUBCO,2023-12-31,-0.38,95.0,-2.0,5.0
ELGIRUBCO,2024-03-31,-0.34,95.0,-2.0,2.0
ELGIRUBCO,2024-06-30,4.05,97.0,20.0,5.0
ELGIRUBCO,2024-09-30,-0.83,99.0,-4.0,6.0
ELGIRUBCO,2024-12-31,-0.7,91.0,-4.0,10.0
ELGIRUBCO,2025-03-31,-3.4,97.0,-17.0,-15.0
ELGIRUBCO,2025-06-30,-0.3,86.0,-2.0,2.0
ELGIRUBCO,2025-09-30,-1.2,94.0,-6.0,2.0
ELGIRUBCO,2025-12-31,-5.73,100.0,-29.0,-24.0
ELIN,2022-12-31,0.92,202.25,4.59,13.2
ELIN,2023-03-31,0.32,268.72,1.6,8.84
ELIN,2023-06-30,0.76,253.83,3.77,9.8
ELIN,2023-09-30,0.79,273.34,3.92,9.85
ELIN,2023-12-31,0.53,236.71,2.64,8.49
ELIN,2024-03-31,0.71,277.83,3.54,12.4
ELIN,2024-06-30,1.19,293.58,5.92,13.25
ELIN,2024-09-30,0.96,304.56,4.78,11.3
ELIN,2024-12-31,0.28,266.32,1.4,7.56
ELIN,2025-03-31,3.47,315.75,17.22,20.25
ELIN,2025-06-30,1.89,295.48,9.39,17.56
ELIN,2025-09-30,2.07,374.54,10.3,20.36
ELIN,2025-12-31,0.74,293.52,3.66,11.69
ELITECON,2015-03-31,,1.0,-0.0,-0.0
ELITECON,2015-06-30,,0.0,0.0,0.0
ELITECON,2015-09-30,0.01,0.0,0.0,0.0
ELITECON,2015-12-31,0.0,0.0,0.0,0.0
ELITECON,2016-03-31,0.0,-0.0,0.0,0.0
ELITECON,2016-06-30,0.02,0.0,0.0,0.0
ELITECON,2016-09-30,0.0,0.0,0.0,0.0
ELITECON,2016-12-31,0.02,0.0,0.0,0.0
ELITECON,2024-12-31,11.02,94.0,13.0,13.0
ELITECON,2025-03-31,0.27,313.0,43.0,43.0
ELITECON,2025-06-30,0.45,525.0,72.0,73.0
ELITECON,2025-09-30,0.64,2192.0,117.0,154.0
ELITECON,2025-12-31,0.65,1741.0,104.0,134.0
ELPROINTL,2023-03-31,-0.02,43.0,0.0,10.0
ELPROINTL,2023-06-30,1.15,52.0,20.0,34.0
ELPROINTL,2023-09-30,1.08,35.0,18.0,19.0
ELPROINTL,2023-12-31,1.4,52.0,24.0,35.0
ELPROINTL,2024-03-31,1.42,116.0,24.0,18.0
ELPROINTL,2024-06-30,2.81,139.0,48.0,68.0
ELPROINTL,2024-09-30,1.9,207.0,32.0,28.0
ELPROINTL,2024-12-31,-1.24,-7.0,-21.0,-28.0
ELPROINTL,2025-03-31,0.43,70.0,7.0,32.0
ELPROINTL,2025-06-30,4.39,100.0,74.0,71.0
ELPROINTL,2025-09-30,0.66,54.0,11.0,22.0
ELPROINTL,2025-12-31,5.53,189.0,94.0,135.0
ELPROINTL,2026-03-31,-5.43,185.0,-92.0,-71.0
EMAMILTD,2022-12-31,5.38,983.0,233.0,294.0
EMAMILTD,2023-03-31,3.27,836.0,142.0,199.0
EMAMILTD,2023-06-30,3.14,826.0,137.0,190.0
EMAMILTD,2023-09-30,4.09,865.0,180.0,233.0
EMAMILTD,2023-12-31,5.92,996.0,261.0,314.0
EMAMILTD,2024-03-31,3.41,891.0,147.0,209.0
EMAMILTD,2024-06-30,3.5,906.0,151.0,214.0
EMAMILTD,2024-09-30,4.87,891.0,211.0,246.0
EMAMILTD,2024-12-31,6.39,1049.0,279.0,334.0
EMAMILTD,2025-03-31,3.72,963.0,162.0,219.0
EMAMILTD,2025-06-30,3.76,904.0,164.0,212.0
EMAMILTD,2025-09-30,3.4,799.0,148.0,177.0
EMAMILTD,2025-12-31,7.32,1152.0,319.0,384.0
EMCURE,2023-06-30,7.21,1556.0,141.0,296.0
EMCURE,2023-09-30,7.69,1663.0,146.0,329.0
EMCURE,2023-12-31,6.27,1668.0,120.0,294.0
EMCURE,2024-03-31,6.36,1771.0,121.0,311.0
EMCURE,2024-06-30,7.95,1815.0,153.0,336.0
EMCURE,2024-09-30,10.29,2002.0,202.0,381.0
EMCURE,2024-12-31,8.11,1963.0,156.0,355.0
EMCURE,2025-03-31,9.97,2116.0,197.0,402.0
EMCURE,2025-06-30,10.92,2101.0,215.0,417.0
EMCURE,2025-09-30,12.84,2270.0,251.0,475.0
EMCURE,2025-12-31,12.16,2363.0,231.0,493.0
EMIL,2022-12-31,0.57,1482.0,22.0,73.0
EMIL,2023-03-31,0.94,1328.0,36.0,91.0
EMIL,2023-06-30,1.57,1684.0,60.0,130.0
EMIL,2023-09-30,0.97,1313.0,37.0,97.0
EMIL,2023-12-31,1.19,1775.0,46.0,115.0
EMIL,2024-03-31,1.05,1524.0,41.0,108.0
EMIL,2024-06-30,2.0,1927.0,77.0,160.0
EMIL,2024-09-30,0.61,1335.0,23.0,82.0
EMIL,2024-12-31,0.87,1805.0,34.0,102.0
EMIL,2025-03-31,0.69,1664.0,27.0,107.0
EMIL,2025-06-30,0.56,1739.0,22.0,110.0
EMIL,2025-09-30,0.42,1591.0,16.0,82.0
EMIL,2025-12-31,0.77,1940.0,30.0,119.0
EMKAY,2022-12-31,3.55,54.32,8.74,6.41
EMKAY,2023-03-31,-2.18,42.15,-5.37,-11.84
EMKAY,2023-06-30,0.14,46.65,0.34,-5.56
EMKAY,2023-09-30,3.76,70.54,9.27,7.56
EMKAY,2023-12-31,4.97,75.2,12.26,10.5
EMKAY,2024-03-31,4.28,90.98,10.56,12.88
EMKAY,2024-06-30,5.61,82.69,13.87,15.08
EMKAY,2024-09-30,10.43,108.02,25.91,29.09
EMKAY,2024-12-31,3.43,77.3,8.57,9.43
EMKAY,2025-03-31,3.35,71.04,8.49,0.11
EMKAY,2025-06-30,1.88,72.97,4.78,5.83
EMKAY,2025-09-30,0.18,72.09,0.46,1.41
EMKAY,2025-12-31,1.66,87.08,4.3,8.26
EMMBI,2024-09-30,0.89,102.53,1.58,9.64
EMMBI,2024-12-31,0.92,102.89,1.7,9.74
EMMBI,2025-03-31,0.8,107.52,1.47,9.83
EMMBI,2025-06-30,0.77,104.16,1.48,9.63
EMMBI,2025-09-30,1.49,122.13,2.86,11.77
EMMBI,2025-12-31,0.58,112.24,1.12,11.15
EMMVEE,2024-09-30,32.54,402.0,35.0,93.0
EMMVEE,2024-12-31,91.92,528.0,99.0,202.0
EMMVEE,2025-03-31,38.39,1072.0,207.0,361.0
EMMVEE,2025-06-30,3.16,1028.0,188.0,350.0
EMMVEE,2025-09-30,4.01,1131.0,238.0,399.0
EMMVEE,2025-12-31,3.81,1152.0,264.0,413.0
EMMVEE,2026-03-31,5.67,1739.0,392.0,571.0
EMSLIMITED,2022-12-31,25.11,151.0,30.0,43.0
EMSLIMITED,2023-03-31,7.54,190.0,36.0,48.0
EMSLIMITED,2023-06-30,4.82,138.0,23.0,32.0
EMSLIMITED,2023-09-30,8.15,211.0,45.0,57.0
EMSLIMITED,2023-12-31,6.72,200.0,37.0,47.0
EMSLIMITED,2024-03-31,8.53,245.0,47.0,68.0
EMSLIMITED,2024-06-30,6.68,206.0,37.0,50.0
EMSLIMITED,2024-09-30,8.94,233.0,50.0,69.0
EMSLIMITED,2024-12-31,9.09,245.0,51.0,71.0
EMSLIMITED,2025-03-31,8.39,270.0,47.0,65.0
EMSLIMITED,2025-06-30,6.82,239.0,38.0,54.0
EMSLIMITED,2025-09-30,5.09,173.0,28.0,37.0
EMSLIMITED,2025-12-31,3.39,200.0,19.0,31.0
EMUDHRA,2022-12-31,1.96,61.0,15.0,21.0
EMUDHRA,2023-03-31,2.03,77.0,16.0,24.0
EMUDHRA,2023-06-30,2.0,80.0,16.0,24.0
EMUDHRA,2023-09-30,2.35,96.0,19.0,28.0
EMUDHRA,2023-12-31,2.58,97.0,20.0,25.0
EMUDHRA,2024-03-31,2.54,100.0,21.0,33.0
EMUDHRA,2024-06-30,2.16,92.0,18.0,27.0
EMUDHRA,2024-09-30,2.65,141.0,22.0,32.0
EMUDHRA,2024-12-31,2.53,139.0,22.0,30.0
EMUDHRA,2025-03-31,2.88,147.0,24.0,35.0
EMUDHRA,2025-06-30,3.0,147.0,25.0,35.0
EMUDHRA,2025-09-30,3.05,173.0,26.0,41.0
EMUDHRA,2025-12-31,3.46,188.0,29.0,41.0
ENDURANCE,2022-12-31,7.69,2095.0,108.0,240.0
ENDURANCE,2023-03-31,9.7,2234.0,136.0,285.0
ENDURANCE,2023-06-30,11.62,2450.0,164.0,321.0
ENDURANCE,2023-09-30,10.99,2545.0,155.0,318.0
ENDURANCE,2023-12-31,10.83,2561.0,152.0,299.0
ENDURANCE,2024-03-31,14.94,2685.0,210.0,389.0
ENDURANCE,2024-06-30,14.49,2826.0,204.0,374.0
ENDURANCE,2024-09-30,14.43,2913.0,203.0,382.0
ENDURANCE,2024-12-31,13.11,2859.0,184.0,373.0
ENDURANCE,2025-03-31,17.43,2963.0,245.0,422.0
ENDURANCE,2025-06-30,16.09,3319.0,226.0,444.0
ENDURANCE,2025-09-30,16.16,3583.0,227.0,477.0
ENDURANCE,2025-12-31,15.76,3608.0,222.0,477.0
ENERGYDEV,2022-12-31,0.34,9.64,1.24,6.79
ENERGYDEV,2023-03-31,-1.35,3.55,-5.27,-0.75
ENERGYDEV,2023-06-30,-0.34,5.85,-1.61,3.11
ENERGYDEV,2023-09-30,0.62,11.03,2.94,7.74
ENERGYDEV,2023-12-31,0.35,9.18,1.64,6.37
ENERGYDEV,2024-03-31,-1.08,3.94,-5.14,-0.99
ENERGYDEV,2024-06-30,-0.1,6.78,-0.46,4.02
ENERGYDEV,2024-09-30,1.38,15.09,6.55,10.98
ENERGYDEV,2024-12-31,-16.08,8.07,-76.39,4.2
ENERGYDEV,2025-03-31,-5.68,2.82,-26.97,-3.09
ENERGYDEV,2025-06-30,0.35,10.29,1.65,6.16
ENERGYDEV,2025-09-30,2.23,20.66,10.57,15.39
ENERGYDEV,2025-12-31,0.27,11.14,1.3,6.15
ENGINERSIN,2022-12-31,0.29,842.0,16.0,50.0
ENGINERSIN,2023-03-31,3.38,880.0,190.0,167.0
ENGINERSIN,2023-06-30,2.47,818.0,139.0,71.0
ENGINERSIN,2023-09-30,2.27,790.0,127.0,99.0
ENGINERSIN,2023-12-31,1.13,868.0,63.0,50.0
ENGINERSIN,2024-03-31,2.06,805.0,116.0,77.0
ENGINERSIN,2024-06-30,1.63,624.0,92.0,51.0
ENGINERSIN,2024-09-30,1.77,689.0,100.0,62.0
ENGINERSIN,2024-12-31,1.93,765.0,109.0,98.0
ENGINERSIN,2025-03-31,4.98,1010.0,280.0,301.0
ENGINERSIN,2025-06-30,1.16,870.0,65.0,72.0
ENGINERSIN,2025-09-30,1.49,921.0,83.0,120.0
ENGINERSIN,2025-12-31,6.18,1210.0,347.0,352.0
ENIL,2022-12-31,-1.77,133.68,-8.37,12.25
ENIL,2023-03-31,-1.54,125.51,-7.3,11.35
ENIL,2023-06-30,-0.72,104.22,-3.23,10.54
ENIL,2023-09-30,0.69,117.45,3.4,21.84
ENIL,2023-12-31,5.01,160.61,23.94,45.8
ENIL,2024-03-31,1.82,150.66,8.85,27.69
ENIL,2024-06-30,-1.15,113.5,-5.45,7.51
ENIL,2024-09-30,-0.87,113.54,-4.03,11.14
ENIL,2024-12-31,1.92,158.9,9.26,30.48
ENIL,2025-03-31,2.53,158.21,12.17,29.44
ENIL,2025-06-30,-1.13,116.95,-5.26,7.57
ENIL,2025-09-30,-0.86,141.14,-4.09,11.37
ENIL,2025-12-31,-1.35,164.96,-6.3,15.35
ENTERO,2022-12-31,8.05,829.0,4.0,19.0
ENTERO,2023-03-31,-9.05,887.0,-4.0,20.0
ENTERO,2023-06-30,15.18,899.0,6.0,26.0
ENTERO,2023-09-30,3.19,996.0,5.0,29.0
ENTERO,2023-12-31,4.22,993.0,7.0,29.0
ENTERO,2024-03-31,4.82,1034.0,21.0,29.0
ENTERO,2024-06-30,4.62,1097.0,21.0,30.0
ENTERO,2024-09-30,5.43,1301.0,26.0,42.0
ENTERO,2024-12-31,5.85,1359.0,29.0,50.0
ENTERO,2025-03-31,5.9,1339.0,31.0,49.0
ENTERO,2025-06-30,6.39,1404.0,30.0,50.0
ENTERO,2025-09-30,7.26,1571.0,37.0,62.0
ENTERO,2025-12-31,6.35,1707.0,34.0,68.0
EPACK,2022-12-31,-1.2,275.62,-6.25,4.08
EPACK,2023-03-31,6.4,639.08,33.35,61.16
EPACK,2023-06-30,1.68,436.7,8.73,28.99
EPACK,2023-09-30,-1.17,178.1,-6.08,7.42
EPACK,2023-12-31,0.62,279.06,4.89,23.39
EPACK,2024-03-31,2.91,525.7,27.83,54.89
EPACK,2024-06-30,2.44,773.68,23.41,51.51
EPACK,2024-09-30,-0.88,377.1,-8.49,8.91
EPACK,2024-12-31,0.26,376.84,2.51,23.18
EPACK,2025-03-31,3.93,643.25,37.72,70.89
EPACK,2025-06-30,2.39,662.39,22.89,54.35
EPACK,2025-09-30,-2.31,213.26,-22.25,-1.1
EPACK,2025-12-31,0.27,427.75,2.59,29.36
EPACKPEB,2024-06-30,34.19,269.0,13.0,26.0
EPACKPEB,2024-09-30,1.86,268.0,14.0,27.0
EPACKPEB,2024-12-31,1.5,266.0,12.0,27.0
EPACKPEB,2025-03-31,2.58,331.0,20.0,35.0
EPACKPEB,2025-06-30,2.07,295.0,16.0,31.0
EPACKPEB,2025-09-30,2.93,434.0,29.0,50.0
EPACKPEB,2025-12-31,1.68,325.0,17.0,33.0
EPIGRAL,2022-12-31,18.58,538.0,77.0,167.0
EPIGRAL,2023-03-31,18.47,562.0,77.0,155.0
EPIGRAL,2023-06-30,7.58,455.0,32.0,95.0
EPIGRAL,2023-09-30,9.14,478.0,38.0,108.0
EPIGRAL,2023-12-31,11.81,472.0,49.0,123.0
EPIGRAL,2024-03-31,18.6,525.0,77.0,155.0
EPIGRAL,2024-06-30,20.67,651.0,86.0,176.0
EPIGRAL,2024-09-30,19.57,626.0,81.0,178.0
EPIGRAL,2024-12-31,24.02,645.0,104.0,183.0
EPIGRAL,2025-03-31,20.14,628.0,87.0,173.0
EPIGRAL,2025-06-30,37.25,607.0,161.0,163.0
EPIGRAL,2025-09-30,11.87,587.0,51.0,132.0
EPIGRAL,2025-12-31,9.07,597.0,39.0,103.0
EPL,2022-12-31,1.97,945.0,63.0,148.0
EPL,2023-03-31,2.65,969.0,85.0,155.0
EPL,2023-06-30,1.71,910.0,56.0,159.0
EPL,2023-09-30,1.59,1002.0,52.0,181.0
EPL,2023-12-31,2.71,975.0,87.0,183.0
EPL,2024-03-31,0.7,1029.0,15.0,191.0
EPL,2024-06-30,2.02,1007.0,66.0,186.0
EPL,2024-09-30,2.73,1086.0,88.0,219.0
EPL,2024-12-31,2.93,1014.0,94.0,202.0
EPL,2025-03-31,3.58,1105.0,116.0,228.0
EPL,2025-06-30,3.13,1108.0,101.0,227.0
EPL,2025-09-30,3.26,1206.0,106.0,252.0
EPL,2025-12-31,2.55,1149.0,83.0,230.0
ERIS,2022-12-31,7.49,423.0,100.0,137.0
ERIS,2023-03-31,4.81,403.0,61.0,119.0
ERIS,2023-06-30,6.98,467.0,94.0,170.0
ERIS,2023-09-30,9.07,505.0,122.0,181.0
ERIS,2023-12-31,7.55,486.0,101.0,176.0
ERIS,2024-03-31,5.22,551.0,80.0,148.0
ERIS,2024-06-30,6.12,720.0,90.0,250.0
ERIS,2024-09-30,6.73,741.0,96.0,265.0
ERIS,2024-12-31,6.15,727.0,87.0,250.0
ERIS,2025-03-31,6.89,705.0,102.0,252.0
ERIS,2025-06-30,8.66,773.0,125.0,277.0
ERIS,2025-09-30,8.82,792.0,134.0,288.0
ERIS,2025-12-31,7.32,807.0,109.0,282.0
ESCORTS,2022-12-31,13.7,2291.0,181.0,185.0
ESCORTS,2023-03-31,16.41,2214.0,216.0,233.0
ESCORTS,2023-06-30,26.24,2355.0,290.0,331.0
ESCORTS,2023-09-30,19.05,2478.0,211.0,264.0
ESCORTS,2023-12-31,27.01,2728.0,299.0,325.0
ESCORTS,2024-03-31,24.43,2301.0,270.0,285.0
ESCORTS,2024-06-30,27.3,2574.0,302.0,315.0
ESCORTS,2024-09-30,28.98,2277.0,324.0,230.0
ESCORTS,2024-12-31,28.66,2948.0,321.0,332.0
ESCORTS,2025-03-31,28.46,2445.0,318.0,287.0
ESCORTS,2025-06-30,124.88,2500.0,1397.0,321.0
ESCORTS,2025-09-30,28.44,2792.0,318.0,360.0
ESCORTS,2025-12-31,32.03,3280.0,358.0,435.0
ESSARSHPNG,2022-12-31,64.89,14.0,1343.0,7.0
ESSARSHPNG,2023-03-31,17.56,14.0,363.0,9.0
ESSARSHPNG,2023-06-30,1.26,11.0,26.0,3.0
ESSARSHPNG,2023-09-30,-1.74,12.0,-36.0,-13.0
ESSARSHPNG,2023-12-31,-2.12,3.0,-41.0,-17.0
ESSARSHPNG,2024-03-31,-3.11,3.0,-53.0,-32.0
ESSARSHPNG,2024-06-30,-1.69,3.0,-35.0,-4.0
ESSARSHPNG,2024-09-30,31.04,148.0,642.0,-6.0
ESSARSHPNG,2024-12-31,1.92,3.0,40.0,-8.0
ESSARSHPNG,2025-03-31,0.62,-143.0,13.0,-30.0
ESSARSHPNG,2025-06-30,1.32,2.0,27.0,-5.0
ESSARSHPNG,2025-09-30,-0.76,0.0,-16.0,-3.0
ESSARSHPNG,2025-12-31,-4.26,0.0,-88.0,-4.0
ESSENTIA,2022-12-31,0.02,61.05,2.24,1.14
ESSENTIA,2023-03-31,0.02,67.27,1.69,1.39
ESSENTIA,2023-06-30,0.01,55.0,1.18,1.28
ESSENTIA,2023-09-30,0.07,66.9,7.59,3.14
ESSENTIA,2023-12-31,0.01,62.06,0.71,0.25
ESSENTIA,2024-03-31,0.06,93.31,5.93,0.21
ESSENTIA,2024-06-30,0.02,86.06,2.45,2.05
ESSENTIA,2024-09-30,0.0,131.1,0.28,1.41
ESSENTIA,2024-12-31,0.01,124.63,1.24,1.62
ESSENTIA,2025-03-31,-0.0,99.94,-0.05,0.04
ESSENTIA,2025-06-30,0.01,78.73,0.54,1.03
ESSENTIA,2025-09-30,0.01,120.67,1.09,2.38
ESSENTIA,2025-12-31,0.01,140.05,1.24,2.3
ESTER,2022-12-31,-1.11,193.0,-9.0,-1.0
ESTER,2023-03-31,-2.13,295.0,-18.0,10.0
ESTER,2023-06-30,-2.65,258.0,-22.0,0.0
ESTER,2023-09-30,-3.65,261.0,-30.0,-10.0
ESTER,2023-12-31,-5.37,268.0,-45.0,-20.0
ESTER,2024-03-31,-2.52,277.0,-24.0,6.0
ESTER,2024-06-30,-1.71,286.0,-16.0,11.0
ESTER,2024-09-30,0.32,331.0,3.0,40.0
ESTER,2024-12-31,2.64,346.0,25.0,60.0
ESTER,2025-03-31,0.21,319.0,2.0,36.0
ESTER,2025-06-30,-0.73,338.0,-7.0,20.0
ESTER,2025-09-30,-1.62,354.0,-16.0,14.0
ESTER,2025-12-31,-1.27,339.0,-12.0,16.0
ETERNAL,2023-03-31,-0.22,2056.0,-188.0,-226.0
ETERNAL,2023-06-30,0.0,2416.0,2.0,-48.0
ETERNAL,2023-09-30,0.04,2848.0,36.0,-47.0
ETERNAL,2023-12-31,0.16,3288.0,138.0,51.0
ETERNAL,2024-03-31,0.2,3562.0,175.0,86.0
ETERNAL,2024-06-30,0.29,4206.0,253.0,177.0
ETERNAL,2024-09-30,0.2,4799.0,176.0,226.0
ETERNAL,2024-12-31,0.06,5405.0,59.0,162.0
ETERNAL,2025-03-31,0.04,5833.0,39.0,72.0
ETERNAL,2025-06-30,0.03,7167.0,25.0,115.0
ETERNAL,2025-09-30,0.07,13590.0,65.0,239.0
ETERNAL,2025-12-31,0.11,16315.0,102.0,368.0
ETERNAL,2026-03-31,0.18,17292.0,174.0,486.0
ETHOSLTD,2022-12-31,8.1,230.0,21.0,36.0
ETHOSLTD,2023-03-31,5.21,208.0,13.0,26.0
ETHOSLTD,2023-06-30,7.12,230.0,18.0,34.0
ETHOSLTD,2023-09-30,7.29,235.0,19.0,37.0
ETHOSLTD,2023-12-31,9.52,281.0,26.0,45.0
ETHOSLTD,2024-03-31,7.85,253.0,21.0,36.0
ETHOSLTD,2024-06-30,8.51,273.0,23.0,43.0
ETHOSLTD,2024-09-30,7.93,297.0,21.0,42.0
ETHOSLTD,2024-12-31,11.0,370.0,29.0,57.0
ETHOSLTD,2025-03-31,8.49,311.0,23.0,46.0
ETHOSLTD,2025-06-30,7.11,346.0,19.0,45.0
ETHOSLTD,2025-09-30,8.89,383.0,24.0,48.0
ETHOSLTD,2025-12-31,11.37,469.0,31.0,61.0
EUREKAFORB,2022-12-31,0.36,473.52,6.85,38.62
EUREKAFORB,2023-03-31,1.06,508.58,20.58,52.85
EUREKAFORB,2023-06-30,1.32,504.81,25.45,50.49
EUREKAFORB,2023-09-30,1.34,591.45,25.85,52.13
EUREKAFORB,2023-12-31,1.19,539.43,22.97,42.72
EUREKAFORB,2024-03-31,1.11,553.56,21.38,53.29
EUREKAFORB,2024-06-30,1.66,553.38,32.16,56.3
EUREKAFORB,2024-09-30,2.47,673.14,47.74,73.08
EUREKAFORB,2024-12-31,1.81,597.74,35.04,59.14
EUREKAFORB,2025-03-31,2.56,612.65,49.49,77.07
EUREKAFORB,2025-06-30,2.0,607.87,38.7,61.49
EUREKAFORB,2025-09-30,3.25,772.08,62.92,97.66
EUREKAFORB,2025-12-31,0.52,645.4,9.98,68.59
EUROBOND,2024-09-30,1.86,99.43,4.56,9.38
EUROBOND,2024-12-31,1.82,105.91,4.46,11.52
EUROBOND,2025-06-30,2.33,104.84,5.72,11.88
EUROBOND,2025-09-30,2.7,129.86,6.62,14.87
EUROBOND,2025-12-31,2.33,127.42,5.7,13.05
EUROPRATIK,2024-06-30,16.6,48.0,15.0,14.0
EUROPRATIK,2024-09-30,2.6,88.0,26.0,39.0
EUROPRATIK,2024-12-31,1.96,75.0,20.0,27.0
EUROPRATIK,2025-03-31,1.18,73.0,14.0,19.0
EUROPRATIK,2025-06-30,0.95,65.0,9.0,22.0
EUROPRATIK,2025-09-30,2.25,97.0,23.0,31.0
EUROPRATIK,2025-12-31,2.28,80.0,24.0,35.0
EVEREADY,2023-03-31,-1.98,286.0,-14.0,1.0
EVEREADY,2023-06-30,3.42,364.0,25.0,44.0
EVEREADY,2023-09-30,3.5,365.0,25.0,46.0
EVEREADY,2023-12-31,1.16,305.0,8.0,25.0
EVEREADY,2024-03-31,1.11,281.0,8.0,26.0
EVEREADY,2024-06-30,4.04,349.0,29.0,50.0
EVEREADY,2024-09-30,4.07,363.0,30.0,48.0
EVEREADY,2024-12-31,1.8,334.0,13.0,29.0
EVEREADY,2025-03-31,1.43,299.0,10.0,26.0
EVEREADY,2025-06-30,4.16,374.0,30.0,54.0
EVEREADY,2025-09-30,-1.09,387.0,-8.0,49.0
EVEREADY,2025-12-31,1.02,367.0,7.0,33.0
EVEREADY,2026-03-31,19.5,327.0,142.0,28.0
EVERESTIND,2022-12-31,3.16,392.0,5.0,18.0
EVERESTIND,2023-03-31,8.24,446.0,13.0,10.0
EVERESTIND,2023-06-30,11.17,484.0,18.0,20.0
EVERESTIND,2023-09-30,-3.7,308.0,-6.0,-2.0
EVERESTIND,2023-12-31,0.51,352.0,1.0,8.0
EVERESTIND,2024-03-31,3.45,432.0,5.0,15.0
EVERESTIND,2024-06-30,10.07,522.0,16.0,27.0
EVERESTIND,2024-09-30,-7.38,377.0,-12.0,-2.0
EVERESTIND,2024-12-31,-9.79,371.0,-15.0,-6.0
EVERESTIND,2025-03-31,4.83,453.0,8.0,10.0
EVERESTIND,2025-06-30,1.03,501.0,2.0,16.0
EVERESTIND,2025-09-30,-11.46,306.0,-18.0,-9.0
EVERESTIND,2025-12-31,-23.95,283.0,-38.0,-19.0
EXCELINDUS,2022-12-31,14.86,222.97,18.68,27.99
EXCELINDUS,2023-03-31,1.72,226.09,2.16,10.7
EXCELINDUS,2023-06-30,4.68,214.28,5.88,7.75
EXCELINDUS,2023-09-30,1.42,198.04,1.79,2.58
EXCELINDUS,2023-12-31,2.13,180.28,2.68,1.37
EXCELINDUS,2024-03-31,5.31,233.54,6.67,12.21
EXCELINDUS,2024-06-30,24.68,264.91,31.02,38.55
EXCELINDUS,2024-09-30,28.38,268.91,35.68,48.97
EXCELINDUS,2024-12-31,4.93,196.41,6.2,12.07
EXCELINDUS,2025-03-31,9.87,247.84,12.41,19.57
EXCELINDUS,2025-06-30,26.86,309.52,33.76,42.21
EXCELINDUS,2025-09-30,16.86,270.23,21.19,29.91
EXCELINDUS,2025-12-31,6.71,233.54,8.44,15.74
EXCELSOFT,2024-09-30,54.49,54.0,9.0,14.0
EXCELSOFT,2024-12-31,0.96,55.0,10.0,18.0
EXCELSOFT,2025-06-30,0.59,56.0,6.0,10.0
EXCELSOFT,2025-09-30,1.06,65.0,11.0,18.0
EXCELSOFT,2025-12-31,0.89,71.0,10.0,20.0
EXICOM,2022-12-31,7.8,146.0,6.0,16.0
EXICOM,2023-03-31,33.27,346.0,28.0,31.0
EXICOM,2023-06-30,11.61,265.0,10.0,18.0
EXICOM,2023-09-30,1.68,190.0,18.0,23.0
EXICOM,2023-12-31,0.85,264.0,9.0,31.0
EXICOM,2024-03-31,1.98,301.0,27.0,40.0
EXICOM,2024-06-30,1.31,252.0,18.0,25.0
EXICOM,2024-09-30,-1.23,153.0,-17.0,-15.0
EXICOM,2024-12-31,-3.53,197.0,-49.0,-31.0
EXICOM,2025-03-31,-4.48,266.0,-62.0,-16.0
EXICOM,2025-06-30,-5.98,205.0,-83.0,-39.0
EXICOM,2025-09-30,-4.95,282.0,-69.0,-33.0
EXICOM,2025-12-31,-4.88,277.0,-68.0,-32.0
EXIDEIND,2022-12-31,2.34,3538.0,198.0,398.0
EXIDEIND,2023-03-31,2.12,3677.0,181.0,372.0
EXIDEIND,2023-06-30,2.62,4245.0,224.0,438.0
EXIDEIND,2023-09-30,3.17,4372.0,270.0,499.0
EXIDEIND,2023-12-31,2.36,3980.0,203.0,432.0
EXIDEIND,2024-03-31,2.17,4173.0,186.0,448.0
EXIDEIND,2024-06-30,2.59,4436.0,221.0,473.0
EXIDEIND,2024-09-30,2.72,4450.0,233.0,472.0
EXIDEIND,2024-12-31,1.84,4017.0,158.0,425.0
EXIDEIND,2025-03-31,2.2,4335.0,188.0,428.0
EXIDEIND,2025-06-30,3.21,4695.0,275.0,538.0
EXIDEIND,2025-09-30,2.02,4365.0,174.0,391.0
EXIDEIND,2025-12-31,2.28,4201.0,195.0,452.0
EXPLEOSOL,2022-12-31,54.0,240.0,55.0,72.0
EXPLEOSOL,2023-03-31,28.34,231.0,29.0,43.0
EXPLEOSOL,2023-06-30,13.01,225.0,20.0,33.0
EXPLEOSOL,2023-09-30,13.22,234.0,21.0,34.0
EXPLEOSOL,2023-12-31,21.93,250.0,34.0,38.0
EXPLEOSOL,2024-03-31,10.12,255.0,16.0,34.0
EXPLEOSOL,2024-06-30,15.4,252.0,24.0,39.0
EXPLEOSOL,2024-09-30,22.87,259.0,35.0,42.0
EXPLEOSOL,2024-12-31,12.75,258.0,20.0,39.0
EXPLEOSOL,2025-03-31,15.52,256.0,24.0,40.0
EXPLEOSOL,2025-06-30,13.16,260.0,20.0,30.0
EXPLEOSOL,2025-09-30,25.62,283.0,40.0,47.0
EXPLEOSOL,2025-12-31,14.26,279.0,22.0,46.0
EXXARO,2022-12-31,0.08,81.05,3.72,8.27
EXXARO,2023-03-31,0.02,93.79,1.1,9.47
EXXARO,2023-06-30,0.0,74.13,0.16,7.89
EXXARO,2023-09-30,0.0,82.53,0.22,7.69
EXXARO,2023-12-31,0.01,65.26,0.67,1.4
EXXARO,2024-03-31,0.03,79.77,1.2,7.54
EXXARO,2024-06-30,-0.09,59.89,-4.24,0.19
EXXARO,2024-09-30,-0.01,69.9,-0.63,5.92
EXXARO,2024-12-31,0.03,79.44,1.24,6.88
EXXARO,2025-03-31,0.08,94.98,3.51,9.71
EXXARO,2025-06-30,0.02,64.93,0.81,6.11
EXXARO,2025-09-30,0.03,68.96,1.2,6.36
EXXARO,2025-12-31,0.01,71.11,0.63,6.77
FABTECH,2024-09-30,1.58,59.0,5.0,5.0
FABTECH,2024-12-31,6.32,104.0,20.0,23.0
FABTECH,2025-03-31,4.66,135.0,15.0,18.0
FABTECH,2025-06-30,-1.89,68.0,-6.0,-6.0
FABTECH,2025-09-30,8.68,121.0,28.0,30.0
FABTECH,2025-12-31,-1.28,63.0,-6.0,-12.0
FABTECH,2026-03-31,4.96,159.0,22.0,22.0
FACT,2022-12-31,2.56,1722.0,166.0,199.0
FACT,2023-03-31,2.56,1249.0,165.0,184.0
FACT,2023-06-30,1.11,1233.0,72.0,147.0
FACT,2023-09-30,1.63,1663.0,105.0,132.0
FACT,2023-12-31,0.47,1097.0,30.0,43.0
FACT,2024-03-31,-0.95,1062.0,-61.0,37.0
FACT,2024-06-30,-0.75,600.0,-49.0,-57.0
FACT,2024-09-30,0.17,1449.0,11.0,35.0
FACT,2024-12-31,0.12,949.0,8.0,32.0
FACT,2025-03-31,1.09,1053.0,71.0,85.0
FACT,2025-06-30,0.07,1043.0,4.0,24.0
FACT,2025-09-30,0.32,1629.0,21.0,39.0
FACT,2025-12-31,-1.05,1568.0,-68.0,-43.0
FCL,2022-12-31,0.2,109.0,22.0,29.0
FCL,2023-03-31,0.23,138.0,26.0,33.0
FCL,2023-06-30,0.23,132.0,26.0,32.0
FCL,2023-09-30,0.28,145.0,31.0,38.0
FCL,2023-12-31,0.29,138.0,33.0,40.0
FCL,2024-03-31,0.27,153.0,30.0,38.0
FCL,2024-06-30,0.26,142.0,29.0,35.0
FCL,2024-09-30,0.28,146.0,32.0,36.0
FCL,2024-12-31,0.24,126.0,28.0,34.0
FCL,2025-03-31,0.17,120.0,20.0,21.0
FCL,2025-06-30,0.22,137.0,25.0,25.0
FCL,2025-09-30,0.23,138.0,26.0,31.0
FCL,2025-12-31,0.23,184.0,30.0,35.0
FDC,2022-12-31,2.46,409.0,41.0,49.0
FDC,2023-03-31,1.85,435.0,31.0,49.0
FDC,2023-06-30,6.62,536.0,110.0,122.0
FDC,2023-09-30,4.29,486.0,70.0,76.0
FDC,2023-12-31,4.87,458.0,79.0,84.0
FDC,2024-03-31,2.84,462.0,46.0,56.0
FDC,2024-06-30,7.31,638.0,119.0,147.0
FDC,2024-09-30,4.42,514.0,72.0,70.0
FDC,2024-12-31,2.28,464.0,37.0,47.0
FDC,2025-03-31,2.38,492.0,39.0,54.0
FDC,2025-06-30,7.45,648.0,121.0,140.0
FDC,2025-09-30,1.74,473.0,28.0,34.0
FDC,2025-12-31,1.74,465.0,28.0,52.0
FEDDERSHOL,2022-12-31,0.51,,2.0,
FEDDERSHOL,2023-03-31,3.54,,12.0,
FEDDERSHOL,2023-06-30,0.64,,5.0,
FEDDERSHOL,2023-09-30,3.48,,34.0,
FEDDERSHOL,2023-12-31,4.23,,42.0,
FEDDERSHOL,2024-03-31,1.23,,12.0,
FEDDERSHOL,2024-06-30,1.69,,20.0,
FEDDERSHOL,2024-09-30,0.34,,7.0,
FEDDERSHOL,2024-12-31,0.2,,4.0,
FEDDERSHOL,2025-03-31,0.33,,7.0,
FEDDERSHOL,2025-06-30,0.82,,16.0,
FEDDERSHOL,2025-09-30,0.72,,14.0,
FEDDERSHOL,2025-12-31,1.82,,37.0,
FEDERALBNK,2023-03-31,4.51,,964.0,
FEDERALBNK,2023-06-30,4.16,,894.0,
FEDERALBNK,2023-09-30,4.23,,1007.0,
FEDERALBNK,2023-12-31,4.26,,1067.0,
FEDERALBNK,2024-03-31,3.99,,996.0,
FEDERALBNK,2024-06-30,4.2,,1047.0,
FEDERALBNK,2024-09-30,4.47,,1115.0,
FEDERALBNK,2024-12-31,3.85,,951.0,
FEDERALBNK,2025-03-31,4.44,,1120.0,
FEDERALBNK,2025-06-30,3.74,,951.0,
FEDERALBNK,2025-09-30,4.03,,1023.0,
FEDERALBNK,2025-12-31,4.44,,1125.0,
FEDERALBNK,2026-03-31,5.44,,1392.0,
FERMENTA,2022-12-31,-12.7,55.0,-38.0,-10.0
FERMENTA,2023-03-31,-1.4,105.0,-5.0,19.0
FERMENTA,2023-06-30,0.62,82.0,2.0,11.0
FERMENTA,2023-09-30,-9.7,57.0,-29.0,-14.0
FERMENTA,2023-12-31,3.35,99.0,10.0,25.0
FERMENTA,2024-03-31,-2.36,97.0,-7.0,5.0
FERMENTA,2024-06-30,-1.98,78.0,-6.0,1.0
FERMENTA,2024-09-30,3.87,95.0,11.0,19.0
FERMENTA,2024-12-31,12.54,156.0,38.0,53.0
FERMENTA,2025-03-31,11.68,140.0,33.0,37.0
FERMENTA,2025-06-30,7.42,136.0,22.0,28.0
FERMENTA,2025-09-30,6.14,130.0,18.0,27.0
FERMENTA,2025-12-31,4.31,137.0,12.0,25.0
FIEMIND,2022-12-31,12.14,442.0,32.0,60.0
FIEMIND,2023-03-31,14.46,436.0,38.0,60.0
FIEMIND,2023-06-30,13.5,475.0,36.0,61.0
FIEMIND,2023-09-30,16.53,509.0,43.0,68.0
FIEMIND,2023-12-31,15.4,487.0,40.0,65.0
FIEMIND,2024-03-31,17.56,558.0,46.0,75.0
FIEMIND,2024-06-30,18.58,578.0,49.0,79.0
FIEMIND,2024-09-30,19.06,612.0,50.0,81.0
FIEMIND,2024-12-31,17.86,593.0,47.0,78.0
FIEMIND,2025-03-31,22.36,639.0,59.0,85.0
FIEMIND,2025-06-30,21.85,659.0,58.0,89.0
FIEMIND,2025-09-30,24.19,715.0,64.0,99.0
FIEMIND,2025-12-31,24.08,690.0,63.0,98.0
FILATEX,2024-06-30,0.73,1054.0,32.0,63.0
FILATEX,2024-09-30,0.3,1049.0,13.0,41.0
FILATEX,2024-12-31,1.06,1069.0,47.0,78.0
FILATEX,2025-03-31,0.93,1080.0,41.0,71.0
FILATEX,2025-06-30,0.92,1049.0,41.0,68.0
FILATEX,2025-09-30,1.07,1076.0,48.0,83.0
FILATEX,2025-12-31,1.24,1050.0,55.0,90.0
FILATEX,2026-03-31,0.9,985.0,40.0,73.0
FINCABLES,2022-12-31,10.09,1150.0,154.0,146.0
FINCABLES,2023-03-31,11.44,1224.0,175.0,146.0
FINCABLES,2023-06-30,10.49,1204.0,160.0,146.0
FINCABLES,2023-09-30,10.08,1187.0,154.0,146.0
FINCABLES,2023-12-31,9.87,1222.0,151.0,134.0
FINCABLES,2024-03-31,12.17,1401.0,186.0,162.0
FINCABLES,2024-06-30,15.95,1230.0,244.0,127.0
FINCABLES,2024-09-30,7.71,1312.0,118.0,106.0
FINCABLES,2024-12-31,9.63,1182.0,147.0,138.0
FINCABLES,2025-03-31,12.54,1595.0,192.0,171.0
FINCABLES,2025-06-30,10.63,1396.0,163.0,136.0
FINCABLES,2025-09-30,10.63,1376.0,163.0,145.0
FINCABLES,2025-12-31,10.73,1599.0,164.0,158.0
FINEORG,2022-12-31,34.65,760.0,106.0,159.0
FINEORG,2023-03-31,48.74,597.0,149.0,202.0
FINEORG,2023-06-30,32.54,547.0,100.0,140.0
FINEORG,2023-09-30,33.71,540.0,103.0,130.0
FINEORG,2023-12-31,30.73,488.0,94.0,117.0
FINEORG,2024-03-31,37.36,547.0,115.0,144.0
FINEORG,2024-06-30,36.94,550.0,113.0,139.0
FINEORG,2024-09-30,38.3,596.0,117.0,150.0
FINEORG,2024-12-31,26.97,517.0,83.0,103.0
FINEORG,2025-03-31,31.68,607.0,97.0,120.0
FINEORG,2025-06-30,38.19,588.0,117.0,123.0
FINEORG,2025-09-30,35.4,597.0,109.0,134.0
FINEORG,2025-12-31,24.11,555.0,74.0,94.0
FINKURVE,2019-06-30,0.06,,0.7,
FINKURVE,2019-09-30,0.04,,0.42,
FINKURVE,2019-12-31,0.14,,1.68,
FINKURVE,2020-03-31,0.11,,1.27,
FINKURVE,2020-06-30,0.12,,1.53,
FINKURVE,2020-09-30,0.2,,2.49,
FINKURVE,2020-12-31,-0.04,,-0.43,
FINKURVE,2021-03-31,0.08,,0.95,
FINKURVE,2021-06-30,0.15,,1.87,
FINKURVE,2021-09-30,0.12,,1.54,
FINKURVE,2021-12-31,-0.05,,-0.68,
FINKURVE,2022-03-31,1.34,,17.01,
FINKURVE,2023-12-31,0.39,,4.91,
FINPIPE,2022-12-31,1.28,1125.0,80.0,92.0
FINPIPE,2023-03-31,2.68,1141.0,166.0,217.0
FINPIPE,2023-06-30,1.86,1179.0,115.0,152.0
FINPIPE,2023-09-30,1.58,883.0,98.0,103.0
FINPIPE,2023-12-31,1.54,1020.0,95.0,120.0
FINPIPE,2024-03-31,2.66,1235.0,165.0,209.0
FINPIPE,2024-06-30,8.07,1140.0,501.0,207.0
FINPIPE,2024-09-30,0.66,828.0,41.0,11.0
FINPIPE,2024-12-31,1.52,1001.0,94.0,83.0
FINPIPE,2025-03-31,2.65,1172.0,165.0,171.0
FINPIPE,2025-06-30,1.58,1043.0,98.0,94.0
FINPIPE,2025-09-30,1.99,859.0,124.0,130.0
FINPIPE,2025-12-31,1.87,898.0,116.0,123.0
FIRSTCRY,2023-06-30,,1407.0,-110.0,-16.0
FIRSTCRY,2023-09-30,,1507.0,-119.0,-6.0
FIRSTCRY,2023-12-31,,1900.0,-48.0,59.0
FIRSTCRY,2024-03-31,,1667.0,-43.0,33.0
FIRSTCRY,2024-06-30,,1652.0,-76.0,49.0
FIRSTCRY,2024-09-30,-0.97,1905.0,-63.0,57.0
FIRSTCRY,2024-12-31,-0.15,2172.0,-15.0,108.0
FIRSTCRY,2025-03-31,-1.47,1930.0,-112.0,16.0
FIRSTCRY,2025-06-30,-0.89,1863.0,-67.0,33.0
FIRSTCRY,2025-09-30,-0.67,2099.0,-51.0,62.0
FIRSTCRY,2025-12-31,-0.55,2424.0,-39.0,97.0
FISCHER,2023-09-30,0.0,0.0,0.0,0.0
FISCHER,2024-03-31,0.05,21.0,3.0,3.0
FISCHER,2024-06-30,-0.0,10.0,-0.0,-0.0
FISCHER,2024-09-30,0.01,40.0,0.0,0.0
FISCHER,2024-12-31,-0.01,12.0,-0.0,0.0
FISCHER,2025-03-31,0.02,49.0,1.0,2.0
FISCHER,2025-06-30,0.08,23.0,5.0,4.0
FISCHER,2025-09-30,0.21,86.0,14.0,16.0
FISCHER,2025-12-31,0.3,101.0,19.0,22.0
FLAIR,2022-12-31,14.25,232.0,33.0,53.0
FLAIR,2023-03-31,3.55,260.0,33.0,53.0
FLAIR,2023-06-30,3.44,247.0,32.0,52.0
FLAIR,2023-09-30,3.57,257.0,33.0,54.0
FLAIR,2023-12-31,1.82,225.0,19.0,35.0
FLAIR,2024-03-31,3.26,250.0,34.0,51.0
FLAIR,2024-06-30,2.51,247.0,26.0,42.0
FLAIR,2024-09-30,3.12,270.0,33.0,51.0
FLAIR,2024-12-31,2.78,265.0,29.0,45.0
FLAIR,2025-03-31,2.93,298.0,31.0,47.0
FLAIR,2025-06-30,2.72,289.0,29.0,50.0
FLAIR,2025-09-30,4.04,321.0,43.0,60.0
FLAIR,2025-12-31,3.11,318.0,33.0,57.0
FLEXITUFF,2022-12-31,-20.32,225.0,-58.0,-31.0
FLEXITUFF,2023-03-31,-8.14,184.0,-20.0,-20.0
FLEXITUFF,2023-06-30,-14.23,161.0,-38.0,-23.0
FLEXITUFF,2023-09-30,-10.24,177.0,-28.0,-14.0
FLEXITUFF,2023-12-31,-17.64,147.0,-54.0,-30.0
FLEXITUFF,2024-03-31,-20.69,113.0,-64.0,-50.0
FLEXITUFF,2024-06-30,90.14,80.0,277.0,-77.0
FLEXITUFF,2024-09-30,-3.62,85.0,-12.0,8.0
FLEXITUFF,2024-12-31,-4.76,63.0,-16.0,-9.0
FLEXITUFF,2025-03-31,-3.52,61.0,-12.0,-28.0
FLEXITUFF,2025-06-30,-5.58,11.0,-18.0,-11.0
FLEXITUFF,2025-09-30,-5.49,6.0,-18.0,-3.0
FLEXITUFF,2025-12-31,-8.93,0.0,-29.0,-14.0
FLUOROCHEM,2022-12-31,29.99,1418.0,331.0,523.0
FLUOROCHEM,2023-03-31,30.21,1471.0,332.0,529.0
FLUOROCHEM,2023-06-30,18.3,1209.0,201.0,348.0
FLUOROCHEM,2023-09-30,4.82,947.0,53.0,164.0
FLUOROCHEM,2023-12-31,7.28,992.0,80.0,206.0
FLUOROCHEM,2024-03-31,9.19,1133.0,101.0,238.0
FLUOROCHEM,2024-06-30,9.83,1176.0,108.0,262.0
FLUOROCHEM,2024-09-30,11.02,1188.0,121.0,295.0
FLUOROCHEM,2024-12-31,11.47,1148.0,126.0,294.0
FLUOROCHEM,2025-03-31,17.39,1225.0,191.0,306.0
FLUOROCHEM,2025-06-30,16.75,1281.0,184.0,344.0
FLUOROCHEM,2025-09-30,16.29,1210.0,179.0,364.0
FLUOROCHEM,2025-12-31,9.29,1136.0,102.0,275.0
FMGOETZE,2022-12-31,4.4,393.0,26.0,55.0
FMGOETZE,2023-03-31,5.7,410.0,34.0,53.0
FMGOETZE,2023-06-30,5.38,411.0,31.0,56.0
FMGOETZE,2023-09-30,5.78,442.0,33.0,63.0
FMGOETZE,2023-12-31,4.4,415.0,26.0,48.0
FMGOETZE,2024-03-31,7.25,428.0,43.0,72.0
FMGOETZE,2024-06-30,6.38,445.0,37.0,63.0
FMGOETZE,2024-09-30,6.87,464.0,41.0,69.0
FMGOETZE,2024-12-31,5.2,433.0,31.0,55.0
FMGOETZE,2025-03-31,10.68,459.0,61.0,97.0
FMGOETZE,2025-06-30,7.77,484.0,45.0,71.0
FMGOETZE,2025-09-30,8.85,490.0,51.0,82.0
FMGOETZE,2025-12-31,5.22,496.0,31.0,68.0
FMNL,2022-12-31,0.74,22.07,4.38,12.64
FMNL,2023-03-31,-3.76,25.22,-22.35,10.38
FMNL,2023-06-30,1.61,22.4,8.95,8.88
FMNL,2023-09-30,-2.65,24.13,-15.65,-8.64
FMNL,2023-12-31,0.82,23.42,4.22,11.2
FMNL,2024-03-31,-0.85,23.09,-5.72,5.85
FMNL,2024-06-30,14.34,24.57,82.23,12.45
FMNL,2024-09-30,1.15,26.16,6.08,12.56
FMNL,2024-12-31,1.06,26.07,6.07,11.08
FMNL,2025-03-31,-4.87,24.2,-29.78,3.26
FMNL,2025-06-30,0.26,24.44,1.47,12.05
FMNL,2025-09-30,0.44,24.34,2.41,9.06
FMNL,2025-12-31,0.32,24.32,1.81,11.73
FOCUS,2022-12-31,2.01,60.84,10.29,14.82
FOCUS,2023-03-31,0.82,40.89,5.16,7.86
FOCUS,2023-06-30,1.39,51.37,9.03,11.16
FOCUS,2023-09-30,1.48,56.18,9.59,11.43
FOCUS,2023-12-31,1.46,56.64,9.68,10.51
FOCUS,2024-03-31,1.62,59.62,10.41,13.18
FOCUS,2024-06-30,1.37,54.95,9.07,11.72
FOCUS,2024-09-30,0.73,45.37,4.89,8.01
FOCUS,2024-12-31,0.0,41.51,-0.02,2.59
FOCUS,2025-03-31,0.18,41.5,1.22,3.85
FOCUS,2025-06-30,0.32,41.45,2.16,4.28
FOCUS,2025-09-30,0.25,48.77,1.71,4.29
FOCUS,2025-12-31,-0.21,37.65,-1.4,1.09
FOODSIN,2022-12-31,2.23,200.98,11.25,20.14
FOODSIN,2023-03-31,2.98,332.74,15.2,33.22
FOODSIN,2023-06-30,2.68,288.41,14.34,31.77
FOODSIN,2023-09-30,2.51,236.79,13.45,32.86
FOODSIN,2023-12-31,0.7,149.86,3.75,17.85
FOODSIN,2024-03-31,0.92,345.22,5.23,37.73
FOODSIN,2024-06-30,0.96,247.28,7.01,26.27
FOODSIN,2024-09-30,1.53,168.7,11.19,23.55
FOODSIN,2024-12-31,0.11,189.43,0.79,18.56
FOODSIN,2025-03-31,3.12,397.33,22.93,47.74
FOODSIN,2025-06-30,0.97,236.15,7.1,25.66
FOODSIN,2025-09-30,0.09,192.51,0.67,17.59
FOODSIN,2025-12-31,0.06,150.47,0.43,16.87
FORCEMOT,2023-03-31,111.25,1490.0,147.0,118.0
FORCEMOT,2023-06-30,52.06,1488.0,69.0,177.0
FORCEMOT,2023-09-30,71.24,1802.0,94.0,221.0
FORCEMOT,2023-12-31,64.81,1692.0,85.0,215.0
FORCEMOT,2024-03-31,106.45,2011.0,140.0,279.0
FORCEMOT,2024-06-30,87.81,1885.0,116.0,245.0
FORCEMOT,2024-09-30,102.47,1941.0,135.0,277.0
FORCEMOT,2024-12-31,87.51,1889.0,115.0,232.0
FORCEMOT,2025-03-31,329.92,2356.0,435.0,329.0
FORCEMOT,2025-06-30,133.82,2297.0,176.0,323.0
FORCEMOT,2025-09-30,266.14,2081.0,351.0,363.0
FORCEMOT,2025-12-31,308.21,2129.0,406.0,374.0
FORCEMOT,2026-03-31,211.38,2550.0,279.0,414.0
FORTIS,2022-12-31,1.72,1560.0,142.0,276.0
FORTIS,2023-03-31,1.76,1643.0,138.0,271.0
FORTIS,2023-06-30,1.48,1657.0,124.0,272.0
FORTIS,2023-09-30,2.3,1770.0,184.0,330.0
FORTIS,2023-12-31,1.78,1680.0,134.0,284.0
FORTIS,2024-03-31,2.37,1786.0,203.0,381.0
FORTIS,2024-06-30,2.2,1859.0,174.0,343.0
FORTIS,2024-09-30,2.34,1988.0,193.0,435.0
FORTIS,2024-12-31,3.28,1928.0,254.0,375.0
FORTIS,2025-03-31,2.44,2007.0,188.0,435.0
FORTIS,2025-06-30,3.45,2167.0,267.0,491.0
FORTIS,2025-09-30,4.26,2331.0,329.0,556.0
FORTIS,2025-12-31,2.57,2265.0,197.0,506.0
FOSECOIND,2024-12-31,30.61,136.0,20.0,23.0
FOSECOIND,2025-09-30,25.82,151.0,16.0,28.0
FOSECOIND,2025-12-31,16.72,187.0,15.0,42.0
FRACTAL,2024-12-31,27.78,707.0,92.0,86.0
FRACTAL,2025-09-30,2.5,798.0,33.0,75.0
FRACTAL,2025-12-31,7.44,854.0,100.0,110.0
FRONTSP,2014-03-31,0.9,11.49,1.06,1.78
FRONTSP,2014-12-31,-0.08,8.6,-0.09,0.44
FRONTSP,2015-03-31,1.03,12.64,1.22,1.7
FSL,2022-12-31,2.26,1505.0,158.0,210.0
FSL,2023-03-31,2.02,1557.0,141.0,244.0
FSL,2023-06-30,1.79,1529.0,126.0,240.0
FSL,2023-09-30,1.8,1540.0,127.0,229.0
FSL,2023-12-31,1.83,1597.0,129.0,237.0
FSL,2024-03-31,1.9,1670.0,134.0,250.0
FSL,2024-06-30,1.92,1791.0,135.0,270.0
FSL,2024-09-30,1.96,1925.0,138.0,287.0
FSL,2024-12-31,2.27,2102.0,160.0,318.0
FSL,2025-03-31,2.27,2161.0,161.0,333.0
FSL,2025-06-30,2.39,2218.0,169.0,347.0
FSL,2025-09-30,2.54,2312.0,180.0,376.0
FSL,2025-12-31,1.7,2443.0,120.0,403.0
GABRIEL,2023-06-30,2.93,806.0,42.0,69.0
GABRIEL,2023-09-30,3.23,864.0,46.0,74.0
GABRIEL,2023-12-31,2.87,815.0,41.0,70.0
GABRIEL,2024-03-31,3.41,917.0,49.0,80.0
GABRIEL,2024-06-30,4.01,947.0,58.0,91.0
GABRIEL,2024-09-30,4.38,1027.0,63.0,99.0
GABRIEL,2024-12-31,4.18,1017.0,60.0,91.0
GABRIEL,2025-03-31,4.48,1073.0,64.0,109.0
GABRIEL,2025-06-30,4.31,1098.0,62.0,105.0
GABRIEL,2025-09-30,4.81,1180.0,69.0,113.0
GABRIEL,2025-12-31,3.81,1179.0,55.0,107.0
GAEL,2022-12-31,1.79,1130.0,82.0,108.0
GAEL,2023-03-31,1.51,1428.0,69.0,107.0
GAEL,2023-06-30,1.55,1163.0,71.0,102.0
GAEL,2023-09-30,1.8,1116.0,83.0,103.0
GAEL,2023-12-31,2.2,1302.0,101.0,126.0
GAEL,2024-03-31,1.99,1346.0,91.0,111.0
GAEL,2024-06-30,1.67,1090.0,77.0,106.0
GAEL,2024-09-30,1.51,1125.0,69.0,110.0
GAEL,2024-12-31,1.56,1131.0,71.0,123.0
GAEL,2025-03-31,0.7,1267.0,32.0,62.0
GAEL,2025-06-30,1.42,1291.0,65.0,96.0
GAEL,2025-09-30,0.83,1487.0,38.0,76.0
GAEL,2025-12-31,1.44,1484.0,66.0,99.0
GAIL,2022-12-31,0.63,35885.0,398.0,482.0
GAIL,2023-03-31,0.96,33207.0,643.0,556.0
GAIL,2023-06-30,2.73,32789.0,1793.0,2660.0
GAIL,2023-09-30,3.72,32986.0,2442.0,3580.0
GAIL,2023-12-31,4.86,34698.0,3193.0,4208.0
GAIL,2024-03-31,3.75,32756.0,2474.0,3849.0
GAIL,2024-06-30,4.84,34738.0,3183.0,4790.0
GAIL,2024-09-30,4.1,33889.0,2690.0,3937.0
GAIL,2024-12-31,6.21,36835.0,4084.0,3169.0
GAIL,2025-03-31,3.79,36442.0,2506.0,3535.0
GAIL,2025-06-30,3.6,35311.0,2382.0,3669.0
GAIL,2025-09-30,3.0,35537.0,1989.0,3460.0
GAIL,2025-12-31,2.67,35173.0,1729.0,2927.0
GALAPREC,2023-06-30,17.96,46.38,4.54,8.51
GALAPREC,2023-09-30,5.16,49.3,5.22,9.33
GALAPREC,2023-12-31,5.83,49.46,5.77,7.39
GALAPREC,2024-03-31,6.77,57.4,6.64,13.53
GALAPREC,2024-06-30,6.23,53.17,6.3,10.88
GALAPREC,2024-09-30,4.14,51.23,5.24,9.38
GALAPREC,2024-12-31,4.18,58.12,5.28,7.72
GALAPREC,2025-03-31,7.88,75.31,9.99,12.81
GALAPREC,2025-06-30,5.14,63.08,6.53,9.63
GALAPREC,2025-09-30,6.58,71.41,8.39,11.11
GALAPREC,2025-12-31,6.52,85.25,8.3,14.57
GALAXYSURF,2022-12-31,29.96,1085.0,106.0,154.0
GALAXYSURF,2023-03-31,25.53,980.0,91.0,135.0
GALAXYSURF,2023-06-30,21.2,942.0,75.0,123.0
GALAXYSURF,2023-09-30,21.84,983.0,77.0,125.0
GALAXYSURF,2023-12-31,20.13,940.0,71.0,112.0
GALAXYSURF,2024-03-31,21.86,929.0,78.0,102.0
GALAXYSURF,2024-06-30,22.48,974.0,80.0,124.0
GALAXYSURF,2024-09-30,23.89,1063.0,85.0,128.0
GALAXYSURF,2024-12-31,18.22,1042.0,65.0,106.0
GALAXYSURF,2025-03-31,21.4,1145.0,76.0,127.0
GALAXYSURF,2025-06-30,22.42,1278.0,79.0,124.0
GALAXYSURF,2025-09-30,18.75,1326.0,66.0,110.0
GALAXYSURF,2025-12-31,16.63,1329.0,59.0,119.0
GALLANTT,2022-12-31,0.87,1006.0,21.0,86.0
GALLANTT,2023-03-31,2.81,1094.0,68.0,124.0
GALLANTT,2023-06-30,1.27,1036.0,31.0,71.0
GALLANTT,2023-09-30,1.96,950.0,47.0,86.0
GALLANTT,2023-12-31,2.15,1063.0,52.0,107.0
GALLANTT,2024-03-31,3.95,1177.0,95.0,184.0
GALLANTT,2024-06-30,5.05,1160.0,122.0,215.0
GALLANTT,2024-09-30,2.03,943.0,49.0,98.0
GALLANTT,2024-12-31,4.71,1118.0,114.0,199.0
GALLANTT,2025-03-31,4.82,1072.0,116.0,183.0
GALLANTT,2025-06-30,7.2,1128.0,174.0,247.0
GALLANTT,2025-09-30,3.69,1013.0,89.0,132.0
GALLANTT,2025-12-31,4.16,1074.0,100.0,154.0
GANDHAR,2022-12-31,5.42,1098.0,49.0,70.0
GANDHAR,2023-03-31,2.77,987.0,28.0,47.0
GANDHAR,2023-06-30,5.59,1070.0,54.0,84.0
GANDHAR,2023-09-30,4.91,1001.0,48.0,76.0
GANDHAR,2023-12-31,4.83,1103.0,51.0,85.0
GANDHAR,2024-03-31,0.93,939.0,12.0,34.0
GANDHAR,2024-06-30,3.15,995.0,33.0,60.0
GANDHAR,2024-09-30,1.86,935.0,18.0,40.0
GANDHAR,2024-12-31,1.98,1005.0,20.0,42.0
GANDHAR,2025-03-31,1.19,962.0,12.0,34.0
GANDHAR,2025-06-30,2.68,903.0,26.0,46.0
GANDHAR,2025-09-30,3.68,1060.0,40.0,66.0
GANDHAR,2025-12-31,3.31,1167.0,34.0,59.0
GANECOS,2022-12-31,9.67,272.56,21.11,32.05
GANECOS,2023-03-31,7.05,301.55,15.38,33.71
GANECOS,2023-06-30,1.58,254.12,3.45,25.5
GANECOS,2023-09-30,1.28,278.45,2.8,25.32
GANECOS,2023-12-31,5.83,284.83,12.73,39.97
GANECOS,2024-03-31,8.52,305.53,21.6,47.06
GANECOS,2024-06-30,8.9,336.55,22.55,47.69
GANECOS,2024-09-30,10.7,386.81,27.11,55.28
GANECOS,2024-12-31,11.72,397.8,29.71,56.51
GANECOS,2025-03-31,9.33,344.38,23.76,51.06
GANECOS,2025-06-30,4.22,337.12,10.75,36.28
GANECOS,2025-09-30,-0.19,363.38,-0.5,22.31
GANECOS,2025-12-31,1.77,357.22,4.75,30.73
GANESHBE,2022-12-31,2.23,99.0,15.0,24.0
GANESHBE,2023-03-31,2.26,134.0,15.0,23.0
GANESHBE,2023-06-30,2.38,122.0,15.0,25.0
GANESHBE,2023-09-30,2.29,103.0,16.0,25.0
GANESHBE,2023-12-31,2.36,106.0,16.0,24.0
GANESHBE,2024-03-31,1.99,146.0,14.0,21.0
GANESHBE,2024-06-30,2.28,88.0,16.0,25.0
GANESHBE,2024-09-30,2.29,98.0,16.0,25.0
GANESHBE,2024-12-31,2.55,89.0,18.0,27.0
GANESHBE,2025-03-31,-1.83,100.0,-13.0,32.0
GANESHBE,2025-06-30,2.52,96.0,18.0,29.0
GANESHBE,2025-09-30,3.3,99.0,24.0,22.0
GANESHBE,2025-12-31,2.24,105.0,16.0,22.0
GANESHHOU,2022-12-31,0.82,17.62,6.81,9.18
GANESHHOU,2023-03-31,9.55,199.31,79.64,130.12
GANESHHOU,2023-06-30,-0.01,25.8,-0.09,-0.95
GANESHHOU,2023-09-30,7.04,118.9,58.71,85.44
GANESHHOU,2023-12-31,12.17,181.47,101.46,137.71
GANESHHOU,2024-03-31,13.29,268.24,110.86,147.74
GANESHHOU,2024-06-30,7.07,139.69,58.99,80.43
GANESHHOU,2024-09-30,18.58,242.31,154.94,208.54
GANESHHOU,2024-12-31,18.71,255.49,155.98,210.74
GANESHHOU,2025-03-31,1.26,38.81,10.54,16.73
GANESHHOU,2025-06-30,-1.25,4.08,-10.42,-11.88
GANESHHOU,2025-09-30,6.84,103.95,57.04,78.62
GANESHHOU,2025-12-31,-1.13,0.04,-9.43,-10.51
GANGESSECU,2022-12-31,0.63,9.27,0.63,-0.34
GANGESSECU,2023-03-31,-2.74,4.47,-2.74,-3.3
GANGESSECU,2023-06-30,-0.52,5.89,-0.52,-0.32
GANGESSECU,2023-09-30,6.67,13.33,6.67,8.84
GANGESSECU,2023-12-31,1.34,12.97,1.34,1.31
GANGESSECU,2024-03-31,-4.01,2.64,-4.01,-4.27
GANGESSECU,2024-06-30,1.05,7.72,1.05,1.75
GANGESSECU,2024-09-30,7.22,15.16,7.22,8.93
GANGESSECU,2024-12-31,0.8,13.1,0.8,1.5
GANGESSECU,2025-03-31,-3.71,2.0,-3.71,-5.67
GANGESSECU,2025-06-30,1.03,6.36,1.03,0.88
GANGESSECU,2025-09-30,2.91,15.51,2.91,4.95
GANGESSECU,2025-12-31,1.46,11.24,1.46,2.23
GARFIBRES,2022-12-31,3.59,275.0,37.0,47.0
GARFIBRES,2023-03-31,5.86,370.0,60.0,80.0
GARFIBRES,2023-06-30,4.22,326.0,43.0,58.0
GARFIBRES,2023-09-30,5.15,328.0,52.0,69.0
GARFIBRES,2023-12-31,4.25,289.0,43.0,53.0
GARFIBRES,2024-03-31,6.88,382.0,70.0,91.0
GARFIBRES,2024-06-30,4.71,336.0,47.0,64.0
GARFIBRES,2024-09-30,6.64,421.0,66.0,91.0
GARFIBRES,2024-12-31,4.81,351.0,48.0,65.0
GARFIBRES,2025-03-31,7.16,433.0,71.0,98.0
GARFIBRES,2025-06-30,5.35,367.0,53.0,68.0
GARFIBRES,2025-09-30,3.22,348.0,32.0,48.0
GARFIBRES,2025-12-31,5.66,387.0,56.0,71.0
GARUDA,2024-06-30,1.16,35.0,9.0,12.0
GARUDA,2024-09-30,1.37,47.0,10.0,13.0
GARUDA,2024-12-31,1.38,62.0,13.0,17.0
GARUDA,2025-03-31,1.94,82.0,18.0,24.0
GARUDA,2025-06-30,3.01,125.0,28.0,36.0
GARUDA,2025-09-30,2.92,116.0,27.0,34.0
GARUDA,2025-12-31,3.54,140.0,33.0,45.0
GATECH,2022-12-31,0.0,2.18,0.15,0.48
GATECH,2023-03-31,0.0,3.61,0.26,1.19
GATECH,2023-06-30,0.0,1.87,0.23,0.55
GATECH,2023-09-30,0.0,1.91,0.28,0.57
GATECH,2023-12-31,0.0,1.49,0.3,0.59
GATECH,2024-03-31,0.0,2.2,0.33,0.76
GATECH,2024-06-30,0.0,1.64,0.35,0.68
GATECH,2024-09-30,0.0,3.32,0.41,0.73
GATECH,2024-12-31,0.01,3.86,1.61,1.79
GATECH,2025-03-31,0.02,4.84,1.75,2.74
GATECH,2025-06-30,0.03,6.7,3.24,3.86
GATECH,2025-09-30,0.02,5.13,2.51,3.41
GATECH,2025-12-31,0.01,4.05,1.18,2.47
GATECHDVR,2024-09-30,0.02,3.32,0.41,0.73
GATECHDVR,2024-12-31,0.08,3.86,1.61,1.79
GATECHDVR,2025-06-30,0.17,6.7,3.24,3.86
GATECHDVR,2025-09-30,0.13,5.13,2.51,3.41
GATECHDVR,2025-12-31,0.06,4.05,1.18,2.47
GATEWAY,2022-12-31,1.1,341.0,55.0,91.0
GATEWAY,2023-03-31,1.37,377.0,69.0,93.0
GATEWAY,2023-06-30,1.26,370.0,64.0,95.0
GATEWAY,2023-09-30,1.46,399.0,74.0,103.0
GATEWAY,2023-12-31,1.27,393.0,65.0,98.0
GATEWAY,2024-03-31,1.1,375.0,56.0,83.0
GATEWAY,2024-06-30,0.97,353.0,49.0,85.0
GATEWAY,2024-09-30,1.2,390.0,60.0,97.0
GATEWAY,2024-12-31,9.11,403.0,456.0,97.0
GATEWAY,2025-03-31,-3.86,535.0,-191.0,108.0
GATEWAY,2025-06-30,1.21,550.0,62.0,119.0
GATEWAY,2025-09-30,1.34,567.0,66.0,120.0
GATEWAY,2025-12-31,1.36,560.0,67.0,122.0
GAYAHWS,2022-12-31,-4.0,1.87,-95.79,1.33
GAYAHWS,2023-03-31,4.83,1.48,115.65,-0.47
GAYAHWS,2023-06-30,-3.74,0.18,-89.74,-0.09
GAYAHWS,2023-09-30,-4.13,0.18,-98.96,-0.05
GAYAHWS,2023-12-31,-3.18,0.18,-76.22,-1.21
GAYAHWS,2024-03-31,-7.02,1.18,-168.26,-6.03
GAYAHWS,2024-06-30,-3.13,1.68,-74.93,1.09
GAYAHWS,2024-09-30,-1.89,0.65,-45.24,-0.58
GAYAHWS,2024-12-31,-4.1,2.18,-98.17,-3.16
GAYAHWS,2025-03-31,56.22,1.18,1347.3,-2.08
GAYAHWS,2025-06-30,-0.09,0.0,-2.12,-0.21
GAYAHWS,2025-09-30,-0.14,0.0,-3.24,-1.88
GAYAHWS,2025-12-31,-0.12,0.0,-2.76,-0.28
GCSL,2022-12-31,0.35,0.96,0.76,-0.35
GCSL,2023-03-31,9.83,7.07,19.9,4.99
GCSL,2023-06-30,0.94,5.31,2.06,1.56
GCSL,2023-12-31,8.55,43.75,18.72,23.05
GCSL,2024-03-31,4.1,53.86,11.75,15.99
GCSL,2024-06-30,2.29,39.61,6.97,9.41
GCSL,2024-09-30,4.39,93.68,14.56,16.67
GCSL,2024-12-31,1.53,65.7,1.28,-12.45
GCSL,2025-03-31,-7.57,59.87,-21.0,-12.27
GCSL,2025-06-30,0.34,21.98,0.96,1.72
GCSL,2025-09-30,5.06,79.56,12.92,31.75
GCSL,2025-12-31,0.71,42.16,6.86,-0.34
GEECEE,2022-12-31,1.03,8.1,2.13,3.06
GEECEE,2023-03-31,-5.32,4.33,-11.08,-14.88
GEECEE,2023-06-30,2.72,11.19,5.68,7.29
GEECEE,2023-09-30,2.13,8.63,4.44,5.18
GEECEE,2023-12-31,4.4,13.72,9.19,10.29
GEECEE,2024-03-31,8.56,63.14,17.9,22.22
GEECEE,2024-06-30,5.17,31.26,10.81,14.27
GEECEE,2024-09-30,6.0,29.22,12.55,15.85
GEECEE,2024-12-31,9.33,58.74,19.51,26.23
GEECEE,2025-03-31,1.86,15.8,3.89,4.48
GEECEE,2025-06-30,1.6,7.63,3.34,4.09
GEECEE,2025-09-30,4.9,17.67,10.24,12.24
GEECEE,2025-12-31,2.36,16.33,4.94,6.9
GENCON,2024-12-31,0.32,93.29,1.82,8.08
GENCON,2025-03-31,1.09,106.8,6.21,11.19
GENCON,2025-06-30,0.35,51.96,2.0,8.59
GENCON,2025-09-30,0.38,61.59,2.15,8.28
GENCON,2025-12-31,0.43,80.59,2.46,9.94
GENESYS,2022-12-31,2.13,54.43,7.73,19.36
GENESYS,2023-03-31,0.57,46.62,2.0,16.32
GENESYS,2023-06-30,-1.41,34.55,-5.46,5.8
GENESYS,2023-09-30,-0.87,33.19,-3.43,7.7
GENESYS,2023-12-31,4.19,59.34,15.73,30.78
GENESYS,2024-03-31,3.76,71.17,14.79,36.25
GENESYS,2024-06-30,1.36,55.76,5.3,20.41
GENESYS,2024-09-30,2.83,72.02,11.09,29.38
GENESYS,2024-12-31,5.2,89.09,20.71,42.57
GENESYS,2025-03-31,4.76,94.16,19.0,49.77
GENESYS,2025-06-30,1.71,70.87,6.98,29.5
GENESYS,2025-09-30,2.88,76.95,12.05,29.99
GENESYS,2025-12-31,0.26,75.78,1.05,15.75
GENUSPAPER,2022-12-31,-0.19,141.64,-4.94,6.52
GENUSPAPER,2023-03-31,-0.01,223.35,-0.17,12.92
GENUSPAPER,2023-06-30,-0.04,178.18,-1.06,12.5
GENUSPAPER,2023-09-30,0.16,193.98,4.14,18.77
GENUSPAPER,2023-12-31,-0.0,155.26,-0.09,14.01
GENUSPAPER,2024-03-31,0.02,184.42,0.47,13.5
GENUSPAPER,2024-06-30,0.11,210.86,2.83,18.82
GENUSPAPER,2024-09-30,-0.02,211.09,-0.42,14.89
GENUSPAPER,2024-12-31,0.02,213.09,0.54,17.11
GENUSPAPER,2025-03-31,-0.0,228.21,-0.02,17.38
GENUSPAPER,2025-06-30,0.11,255.45,2.74,20.17
GENUSPAPER,2025-09-30,0.15,244.49,3.82,22.24
GENUSPAPER,2025-12-31,0.11,237.52,2.88,18.29
GENUSPOWER,2022-12-31,0.85,200.0,22.0,20.0
GENUSPOWER,2023-03-31,-0.44,202.0,-11.0,27.0
GENUSPOWER,2023-06-30,0.89,261.0,23.0,28.0
GENUSPOWER,2023-09-30,1.91,259.0,49.0,26.0
GENUSPOWER,2023-12-31,-0.38,260.0,-10.0,13.0
GENUSPOWER,2024-03-31,0.8,420.0,24.0,54.0
GENUSPOWER,2024-06-30,1.59,414.0,48.0,63.0
GENUSPOWER,2024-09-30,2.73,487.0,83.0,81.0
GENUSPOWER,2024-12-31,1.86,604.0,57.0,93.0
GENUSPOWER,2025-03-31,4.06,937.0,123.0,196.0
GENUSPOWER,2025-06-30,4.52,942.0,137.0,199.0
GENUSPOWER,2025-09-30,4.7,1149.0,143.0,234.0
GENUSPOWER,2025-12-31,4.61,1122.0,140.0,212.0
GEOJITFSL,2023-03-31,1.02,111.0,30.0,33.0
GEOJITFSL,2023-06-30,0.75,110.0,22.0,32.0
GEOJITFSL,2023-09-30,1.3,144.0,37.0,57.0
GEOJITFSL,2023-12-31,1.32,152.0,38.0,58.0
GEOJITFSL,2024-03-31,1.81,208.0,52.0,81.0
GEOJITFSL,2024-06-30,1.6,181.0,46.0,76.0
GEOJITFSL,2024-09-30,2.01,218.0,57.0,94.0
GEOJITFSL,2024-12-31,1.29,172.0,37.0,63.0
GEOJITFSL,2025-03-31,1.12,177.0,32.0,52.0
GEOJITFSL,2025-06-30,0.99,153.0,29.0,48.0
GEOJITFSL,2025-09-30,0.8,170.0,23.0,39.0
GEOJITFSL,2025-12-31,0.46,160.0,14.0,38.0
GEOJITFSL,2026-03-31,0.63,188.0,17.0,37.0
GESHIP,2022-12-31,43.93,1421.0,627.0,796.0
GESHIP,2023-03-31,50.57,1456.0,722.0,847.0
GESHIP,2023-06-30,40.36,1284.0,576.0,792.0
GESHIP,2023-09-30,41.65,1229.0,595.0,643.0
GESHIP,2023-12-31,37.7,1245.0,538.0,650.0
GESHIP,2024-03-31,63.4,1497.0,905.0,937.0
GESHIP,2024-06-30,56.87,1508.0,812.0,911.0
GESHIP,2024-09-30,40.32,1354.0,576.0,654.0
GESHIP,2024-12-31,41.58,1237.0,594.0,611.0
GESHIP,2025-03-31,25.43,1223.0,363.0,502.0
GESHIP,2025-06-30,35.34,1201.0,504.0,643.0
GESHIP,2025-09-30,40.72,1242.0,581.0,728.0
GESHIP,2025-12-31,56.91,1454.0,813.0,836.0
GFLLIMITED,2022-12-31,-1.6,1.0,-40.0,0.0
GFLLIMITED,2023-03-31,205.48,1.0,2258.0,-55.0
GFLLIMITED,2023-06-30,-1.11,1.0,-12.0,-14.0
GFLLIMITED,2023-09-30,2.16,1.0,24.0,0.0
GFLLIMITED,2023-12-31,0.13,1.0,1.0,0.0
GFLLIMITED,2024-03-31,-1.86,1.0,-20.0,-23.0
GFLLIMITED,2024-06-30,-2.41,1.0,-27.0,-30.0
GFLLIMITED,2024-09-30,-3.22,1.0,-35.0,-3.0
GFLLIMITED,2024-12-31,0.42,1.0,5.0,0.0
GFLLIMITED,2025-03-31,-1.66,1.0,-18.0,-21.0
GFLLIMITED,2025-06-30,-0.74,1.0,-8.0,-10.0
GFLLIMITED,2025-09-30,1.33,1.0,15.0,1.0
GFLLIMITED,2025-12-31,1.18,1.0,13.0,1.0
GHCL,2022-12-31,26.38,1102.0,252.0,367.0
GHCL,2023-03-31,23.7,1120.0,227.0,349.0
GHCL,2023-06-30,44.6,1019.0,426.0,299.0
GHCL,2023-09-30,14.94,805.0,143.0,213.0
GHCL,2023-12-31,10.43,798.0,100.0,150.0
GHCL,2024-03-31,13.04,823.0,125.0,184.0
GHCL,2024-06-30,15.73,830.0,151.0,217.0
GHCL,2024-09-30,16.17,793.0,155.0,211.0
GHCL,2024-12-31,17.59,779.0,168.0,230.0
GHCL,2025-03-31,15.69,781.0,150.0,218.0
GHCL,2025-06-30,15.0,796.0,144.0,197.0
GHCL,2025-09-30,11.11,721.0,107.0,157.0
GHCL,2025-12-31,11.53,757.0,106.0,159.0
GICHSGFIN,2022-12-31,12.15,,65.0,
GICHSGFIN,2023-03-31,9.72,,52.0,
GICHSGFIN,2023-06-30,5.91,,32.0,
GICHSGFIN,2023-09-30,5.61,,30.0,
GICHSGFIN,2023-12-31,6.62,,36.0,
GICHSGFIN,2024-03-31,9.97,,54.0,
GICHSGFIN,2024-06-30,7.24,,39.0,
GICHSGFIN,2024-09-30,6.78,,37.0,
GICHSGFIN,2024-12-31,9.23,,50.0,
GICHSGFIN,2025-03-31,6.54,,35.0,
GICHSGFIN,2025-06-30,1.38,,7.0,
GICHSGFIN,2025-09-30,9.29,,50.0,
GICHSGFIN,2025-12-31,8.11,,44.0,
GICL,2024-06-30,0.09,30.73,0.89,1.58
GICL,2024-09-30,0.05,39.49,0.45,1.31
GICL,2024-12-31,0.15,38.31,1.53,2.7
GICL,2025-03-31,0.19,48.13,1.93,3.51
GICL,2025-06-30,0.16,35.4,1.45,3.16
GICL,2025-09-30,0.16,37.57,1.71,3.55
GICL,2025-12-31,0.39,47.31,6.92,10.17
GICRE,2022-12-31,7.02,11275.0,1232.0,986.0
GICRE,2023-03-31,15.56,10656.0,2729.0,3233.0
GICRE,2023-06-30,5.57,11166.0,978.0,966.0
GICRE,2023-09-30,9.63,13075.0,1689.0,1465.0
GICRE,2023-12-31,8.2,11148.0,1439.0,1625.0
GICRE,2024-03-31,14.71,10254.0,2580.0,2964.0
GICRE,2024-06-30,7.98,12886.0,1401.0,1473.0
GICRE,2024-09-30,10.58,12378.0,1856.0,2380.0
GICRE,2024-12-31,9.56,11144.0,1677.0,1929.0
GICRE,2025-03-31,14.24,13209.0,2499.0,2998.0
GICRE,2025-06-30,14.42,14623.0,2531.0,2605.0
GICRE,2025-09-30,16.38,12755.0,2874.0,2762.0
GICRE,2025-12-31,9.84,12589.0,1726.0,2366.0
GILLANDERS,2022-12-31,0.35,103.24,0.74,1.42
GILLANDERS,2023-03-31,-5.07,77.42,-10.81,-16.62
GILLANDERS,2023-06-30,-2.46,87.68,-5.26,-2.62
GILLANDERS,2023-09-30,1.71,105.42,3.64,9.0
GILLANDERS,2023-12-31,-10.47,101.43,-22.35,-24.33
GILLANDERS,2024-03-31,-11.55,68.75,-24.65,-15.66
GILLANDERS,2024-06-30,-4.6,84.85,-9.82,-5.26
GILLANDERS,2024-09-30,10.06,126.75,21.47,25.29
GILLANDERS,2024-12-31,6.11,127.64,13.03,7.77
GILLANDERS,2025-03-31,0.96,103.94,2.04,-2.09
GILLANDERS,2025-06-30,-2.56,88.37,-5.46,-0.12
GILLANDERS,2025-09-30,6.68,132.28,14.26,19.52
GILLANDERS,2025-12-31,2.13,106.83,4.54,8.34
GKENERGY,2024-12-31,2.19,320.0,37.0,55.0
GKENERGY,2025-03-31,2.54,353.0,43.0,66.0
GKENERGY,2025-06-30,2.19,325.0,37.0,57.0
GKENERGY,2025-09-30,2.31,404.0,47.0,73.0
GKENERGY,2025-12-31,3.0,510.0,61.0,95.0
GKSL,2024-09-30,18.39,9.41,2.96,4.86
GKSL,2024-12-31,15.53,11.79,2.53,4.6
GKSL,2025-06-30,0.85,15.26,5.4,8.62
GKSL,2025-09-30,0.47,12.93,2.88,5.12
GKSL,2025-12-31,0.37,23.25,3.7,6.9
GLAND,2022-12-31,14.08,938.0,232.0,290.0
GLAND,2023-03-31,4.78,785.0,79.0,168.0
GLAND,2023-06-30,11.79,1209.0,194.0,294.0
GLAND,2023-09-30,11.78,1373.0,194.0,324.0
GLAND,2023-12-31,11.65,1545.0,192.0,356.0
GLAND,2024-03-31,11.68,1537.0,192.0,359.0
GLAND,2024-06-30,8.73,1402.0,144.0,264.0
GLAND,2024-09-30,9.93,1406.0,164.0,297.0
GLAND,2024-12-31,12.42,1384.0,205.0,360.0
GLAND,2025-03-31,11.32,1425.0,187.0,348.0
GLAND,2025-06-30,13.08,1506.0,215.0,368.0
GLAND,2025-09-30,11.15,1487.0,184.0,314.0
GLAND,2025-12-31,15.87,1695.0,261.0,435.0
GLAXO,2022-12-31,9.71,802.0,165.0,229.0
GLAXO,2023-03-31,7.88,787.0,133.0,170.0
GLAXO,2023-06-30,7.81,762.0,132.0,144.0
GLAXO,2023-09-30,12.84,957.0,218.0,289.0
GLAXO,2023-12-31,2.7,805.0,46.0,218.0
GLAXO,2024-03-31,11.48,930.0,194.0,257.0
GLAXO,2024-06-30,10.76,815.0,182.0,231.0
GLAXO,2024-09-30,14.91,1011.0,252.0,322.0
GLAXO,2024-12-31,13.57,949.0,230.0,292.0
GLAXO,2025-03-31,15.52,974.0,263.0,333.0
GLAXO,2025-06-30,12.1,805.0,205.0,251.0
GLAXO,2025-09-30,15.2,980.0,257.0,336.0
GLAXO,2025-12-31,17.45,1041.0,296.0,371.0
GLENMARK,2022-12-31,9.66,3100.0,291.0,474.0
GLENMARK,2023-03-31,-15.18,3001.0,-403.0,398.0
GLENMARK,2023-06-30,5.31,3036.0,173.0,437.0
GLENMARK,2023-09-30,-2.9,3207.0,-62.0,462.0
GLENMARK,2023-12-31,-12.45,2507.0,-331.0,-209.0
GLENMARK,2024-03-31,-43.17,3063.0,-1214.0,504.0
GLENMARK,2024-06-30,12.06,3244.0,340.0,588.0
GLENMARK,2024-09-30,12.55,3434.0,354.0,602.0
GLENMARK,2024-12-31,12.33,3388.0,348.0,600.0
GLENMARK,2025-03-31,0.16,3256.0,4.0,561.0
GLENMARK,2025-06-30,1.66,3264.0,47.0,581.0
GLENMARK,2025-09-30,21.63,6047.0,610.0,2360.0
GLENMARK,2025-12-31,14.29,3901.0,403.0,870.0
GLOBAL,2022-12-31,0.82,11.39,4.18,6.4
GLOBAL,2023-03-31,1.94,21.98,9.84,14.85
GLOBAL,2023-06-30,1.68,14.68,8.54,9.29
GLOBAL,2023-09-30,2.15,23.25,10.93,14.44
GLOBAL,2023-12-31,1.8,18.5,9.15,11.99
GLOBAL,2024-03-31,1.05,18.44,5.25,7.76
GLOBAL,2024-06-30,1.39,14.48,7.07,7.8
GLOBAL,2024-09-30,2.1,24.63,10.65,13.69
GLOBAL,2024-12-31,1.2,16.7,6.06,6.24
GLOBAL,2025-03-31,0.83,16.48,4.27,6.52
GLOBAL,2025-06-30,0.83,14.83,4.22,6.03
GLOBAL,2025-09-30,1.45,25.92,7.38,8.6
GLOBAL,2025-12-31,1.31,29.0,6.68,9.83
GLOBE,2023-06-30,0.04,136.4,2.24,2.88
GLOBE,2023-09-30,0.04,110.88,1.88,6.97
GLOBE,2023-12-31,0.04,103.67,1.9,4.67
GLOBE,2024-03-31,0.07,107.94,2.84,2.03
GLOBE,2024-06-30,0.06,124.42,2.71,5.43
GLOBE,2024-09-30,0.08,147.96,3.8,7.08
GLOBE,2024-12-31,0.06,151.59,2.92,5.88
GLOBE,2025-03-31,0.0,130.02,0.06,6.79
GLOBE,2025-06-30,0.03,148.28,1.4,7.87
GLOBE,2025-09-30,0.1,156.56,4.46,7.45
GLOBE,2025-12-31,0.04,159.46,2.02,9.12
GLOBUSSPR,2021-03-31,17.58,357.0,51.0,88.0
GLOBUSSPR,2021-06-30,19.33,371.0,56.0,98.0
GLOBUSSPR,2023-06-30,13.46,570.0,39.0,72.0
GLOBUSSPR,2023-09-30,4.53,567.0,13.0,38.0
GLOBUSSPR,2023-12-31,15.41,687.0,44.0,40.0
GLOBUSSPR,2024-03-31,0.09,590.0,0.0,20.0
GLOBUSSPR,2024-06-30,5.48,642.0,15.0,48.0
GLOBUSSPR,2024-09-30,0.49,638.0,1.0,30.0
GLOBUSSPR,2024-12-31,0.19,602.0,0.0,34.0
GLOBUSSPR,2025-03-31,1.92,655.0,5.0,39.0
GLOBUSSPR,2025-06-30,6.16,700.0,18.0,57.0
GLOBUSSPR,2025-09-30,7.58,661.0,22.0,59.0
GLOBUSSPR,2025-12-31,10.58,717.0,30.0,75.0
GLOSTERLTD,2022-12-31,11.38,158.19,12.45,22.01
GLOSTERLTD,2023-03-31,7.64,178.3,8.36,15.84
GLOSTERLTD,2023-06-30,7.13,162.04,7.8,15.98
GLOSTERLTD,2023-09-30,6.11,162.43,6.69,17.78
GLOSTERLTD,2023-12-31,1.99,136.95,2.18,11.01
GLOSTERLTD,2024-03-31,7.02,184.98,7.68,20.12
GLOSTERLTD,2024-06-30,-7.72,135.9,-8.45,5.93
GLOSTERLTD,2024-09-30,-3.12,142.85,-3.41,11.14
GLOSTERLTD,2024-12-31,0.76,177.69,0.83,14.99
GLOSTERLTD,2025-03-31,-2.12,278.34,-2.32,14.43
GLOSTERLTD,2025-06-30,2.74,305.63,3.0,30.04
GLOSTERLTD,2025-09-30,7.01,360.11,7.67,39.52
GLOSTERLTD,2025-12-31,-0.68,382.59,-0.74,36.85
GMBREW,2025-03-31,26.46,169.0,60.0,29.0
GMBREW,2025-12-31,18.39,202.0,42.0,53.0
GMBREW,2026-03-31,23.67,202.0,54.0,52.0
GMDCLTD,2022-12-31,8.37,855.0,266.0,336.0
GMDCLTD,2023-03-31,13.9,948.0,442.0,390.0
GMDCLTD,2023-06-30,6.88,766.0,219.0,247.0
GMDCLTD,2023-09-30,2.35,383.0,75.0,51.0
GMDCLTD,2023-12-31,3.67,564.0,117.0,121.0
GMDCLTD,2024-03-31,5.89,750.0,187.0,189.0
GMDCLTD,2024-06-30,5.79,818.0,184.0,211.0
GMDCLTD,2024-09-30,4.02,593.0,128.0,140.0
GMDCLTD,2024-12-31,4.64,653.0,148.0,92.0
GMDCLTD,2025-03-31,7.11,786.0,226.0,194.0
GMDCLTD,2025-06-30,5.15,733.0,164.0,169.0
GMDCLTD,2025-09-30,14.65,528.0,466.0,69.0
GMDCLTD,2025-12-31,4.18,579.0,133.0,101.0
GMMPFAUDLR,2022-12-31,4.15,792.31,18.67,118.36
GMMPFAUDLR,2023-03-31,7.86,865.95,33.34,94.37
GMMPFAUDLR,2023-06-30,11.27,912.27,49.99,130.17
GMMPFAUDLR,2023-09-30,15.19,937.48,67.47,142.01
GMMPFAUDLR,2023-12-31,6.43,856.0,27.93,113.87
GMMPFAUDLR,2024-03-31,6.15,740.73,25.27,89.79
GMMPFAUDLR,2024-06-30,5.16,785.2,21.84,88.53
GMMPFAUDLR,2024-09-30,3.39,805.42,15.24,93.49
GMMPFAUDLR,2024-12-31,9.23,801.48,40.03,95.87
GMMPFAUDLR,2025-03-31,-5.99,806.59,-27.94,83.23
GMMPFAUDLR,2025-06-30,2.48,794.55,10.15,100.99
GMMPFAUDLR,2025-09-30,9.22,902.34,39.38,121.56
GMMPFAUDLR,2025-12-31,-1.78,883.5,-8.89,104.96
GMRAIRPORT,2022-12-31,0.32,1761.0,105.0,526.0
GMRAIRPORT,2023-03-31,-0.73,1890.0,-637.0,254.0
GMRAIRPORT,2023-06-30,0.03,2018.0,17.0,753.0
GMRAIRPORT,2023-09-30,-0.15,2064.0,-190.0,726.0
GMRAIRPORT,2023-12-31,-0.53,2227.0,-486.0,669.0
GMRAIRPORT,2024-03-31,-0.2,2447.0,-168.0,817.0
GMRAIRPORT,2024-06-30,-0.23,2402.0,-338.0,896.0
GMRAIRPORT,2024-09-30,-0.27,2495.0,-429.0,859.0
GMRAIRPORT,2024-12-31,0.25,2653.0,202.0,992.0
GMRAIRPORT,2025-03-31,-0.23,2863.0,-253.0,1009.0
GMRAIRPORT,2025-06-30,-0.2,3205.0,-137.0,1165.0
GMRAIRPORT,2025-09-30,-0.04,3670.0,35.0,1447.0
GMRAIRPORT,2025-12-31,0.12,3994.0,174.0,1701.0
GMRP&UI,2022-12-31,5.97,1447.0,339.0,71.0
GMRP&UI,2023-03-31,-7.84,1423.0,-471.0,-78.0
GMRP&UI,2023-06-30,-3.4,1124.0,-218.0,191.0
GMRP&UI,2023-09-30,-1.74,627.0,-123.0,108.0
GMRP&UI,2023-12-31,0.75,1103.0,43.0,222.0
GMRP&UI,2024-03-31,2.69,1634.0,170.0,368.0
GMRP&UI,2024-06-30,20.3,1612.0,1362.0,518.0
GMRP&UI,2024-09-30,3.57,1384.0,250.0,416.0
GMRP&UI,2024-12-31,-1.49,1611.0,-108.0,275.0
GMRP&UI,2025-03-31,0.61,1737.0,49.0,290.0
GMRP&UI,2025-06-30,-0.11,1648.0,-7.0,401.0
GMRP&UI,2025-09-30,12.43,1810.0,895.0,341.0
GMRP&UI,2025-12-31,-2.36,1869.0,-160.0,369.0
GNA,2022-12-31,8.34,404.0,36.0,63.0
GNA,2023-03-31,7.93,384.0,34.0,59.0
GNA,2023-06-30,7.72,374.0,33.0,59.0
GNA,2023-09-30,6.43,404.0,28.0,55.0
GNA,2023-12-31,5.23,357.0,22.0,47.0
GNA,2024-03-31,3.9,371.0,17.0,36.0
GNA,2024-06-30,6.47,400.0,28.0,55.0
GNA,2024-09-30,6.65,388.0,29.0,53.0
GNA,2024-12-31,5.91,375.0,25.0,52.0
GNA,2025-03-31,5.93,378.0,25.0,50.0
GNA,2025-06-30,5.36,344.0,23.0,50.0
GNA,2025-09-30,7.27,348.0,31.0,61.0
GNA,2025-12-31,7.44,375.0,32.0,69.0
GNFC,2022-12-31,20.98,2673.0,326.0,438.0
GNFC,2023-03-31,21.62,2271.0,336.0,369.0
GNFC,2023-06-30,5.66,1652.0,88.0,105.0
GNFC,2023-09-30,11.71,2080.0,182.0,169.0
GNFC,2023-12-31,6.6,2088.0,97.0,84.0
GNFC,2024-03-31,8.85,2110.0,130.0,145.0
GNFC,2024-06-30,8.03,2021.0,118.0,153.0
GNFC,2024-09-30,7.15,1917.0,105.0,90.0
GNFC,2024-12-31,11.09,1899.0,163.0,132.0
GNFC,2025-03-31,14.36,2055.0,211.0,240.0
GNFC,2025-06-30,5.65,1601.0,83.0,31.0
GNFC,2025-09-30,12.18,1968.0,179.0,185.0
GNFC,2025-12-31,10.21,1996.0,150.0,181.0
GNRL,2022-12-31,-0.15,3.26,-1.98,0.53
GNRL,2023-03-31,-0.1,3.36,-1.28,-0.01
GNRL,2023-06-30,0.09,6.13,1.2,2.75
GNRL,2023-09-30,-0.23,7.0,-3.01,-0.37
GNRL,2023-12-31,0.05,6.42,0.7,2.25
GNRL,2024-03-31,-0.22,7.84,-2.77,0.89
GNRL,2024-06-30,0.06,6.41,0.8,2.56
GNRL,2024-09-30,-0.04,4.93,-0.46,1.7
GNRL,2024-12-31,-0.2,4.38,-2.59,0.12
GNRL,2025-03-31,-0.12,4.33,-1.59,-2.85
GNRL,2025-06-30,0.15,3.35,1.93,0.27
GNRL,2025-09-30,0.3,8.65,3.84,4.84
GNRL,2025-12-31,0.24,7.32,3.07,3.55
GOCLCORP,2022-12-31,6.45,248.0,32.0,14.0
GOCLCORP,2023-03-31,2.78,242.0,14.0,-3.0
GOCLCORP,2023-06-30,2.45,197.0,12.0,-4.0
GOCLCORP,2023-09-30,3.17,163.0,16.0,8.0
GOCLCORP,2023-12-31,3.11,167.0,15.0,-9.0
GOCLCORP,2024-03-31,1.0,158.0,5.0,-11.0
GOCLCORP,2024-06-30,7.31,4.0,36.0,-14.0
GOCLCORP,2024-09-30,1.1,3.0,5.0,-4.0
GOCLCORP,2024-12-31,18.64,5.0,92.0,-7.0
GOCLCORP,2025-03-31,4.66,3.0,23.0,-5.0
GOCLCORP,2025-06-30,246.62,3.0,1223.0,-6.0
GOCLCORP,2025-09-30,2.83,2.0,14.0,-7.0
GOCLCORP,2025-12-31,42.42,2.0,210.0,-10.0
GODAVARIB,2023-09-30,-15.53,239.31,-65.15,-31.55
GODAVARIB,2023-12-31,9.16,398.02,38.43,44.78
GODAVARIB,2024-03-31,15.54,615.19,65.17,113.83
GODAVARIB,2024-06-30,-6.23,522.53,-26.11,-12.24
GODAVARIB,2024-09-30,-17.88,320.95,-75.0,-32.62
GODAVARIB,2024-12-31,1.13,447.27,5.76,36.1
GODAVARIB,2025-03-31,14.06,579.5,71.93,112.4
GODAVARIB,2025-06-30,-3.13,533.24,-16.02,5.76
GODAVARIB,2025-09-30,-8.13,430.75,-41.59,-7.92
GODAVARIB,2025-12-31,1.61,459.85,8.25,43.07
GODFRYPHLP,2022-12-31,12.77,920.0,199.0,210.0
GODFRYPHLP,2023-03-31,9.43,796.0,147.0,152.0
GODFRYPHLP,2023-06-30,16.31,1046.0,254.0,253.0
GODFRYPHLP,2023-09-30,12.95,1158.0,202.0,224.0
GODFRYPHLP,2023-12-31,13.61,1250.0,212.0,228.0
GODFRYPHLP,2024-03-31,13.73,875.0,215.0,191.0
GODFRYPHLP,2024-06-30,14.65,1088.0,229.0,270.0
GODFRYPHLP,2024-09-30,15.92,1360.0,248.0,277.0
GODFRYPHLP,2024-12-31,20.25,1589.0,316.0,361.0
GODFRYPHLP,2025-03-31,17.9,1573.0,280.0,269.0
GODFRYPHLP,2025-06-30,22.84,1486.0,356.0,338.0
GODFRYPHLP,2025-09-30,19.56,1289.0,305.0,314.0
GODFRYPHLP,2025-12-31,22.01,1829.0,343.0,380.0
GODREJAGRO,2023-03-31,1.61,2095.0,23.0,75.0
GODREJAGRO,2023-06-30,5.48,2510.0,107.0,193.0
GODREJAGRO,2023-09-30,5.48,2571.0,104.0,201.0
GODREJAGRO,2023-12-31,4.78,2345.0,83.0,159.0
GODREJAGRO,2024-03-31,2.97,2134.0,65.0,148.0
GODREJAGRO,2024-06-30,7.03,2351.0,132.0,226.0
GODREJAGRO,2024-09-30,5.84,2449.0,96.0,223.0
GODREJAGRO,2024-12-31,5.8,2450.0,110.0,220.0
GODREJAGRO,2025-03-31,3.68,2134.0,66.0,147.0
GODREJAGRO,2025-06-30,8.35,2614.0,149.0,270.0
GODREJAGRO,2025-09-30,4.81,2567.0,84.0,213.0
GODREJAGRO,2025-12-31,5.97,2718.0,110.0,242.0
GODREJAGRO,2026-03-31,5.45,2333.0,102.0,139.0
GODREJCP,2022-12-31,5.34,3599.0,546.0,727.0
GODREJCP,2023-03-31,4.42,3200.0,452.0,641.0
GODREJCP,2023-06-30,3.12,3449.0,319.0,643.0
GODREJCP,2023-09-30,4.23,3602.0,433.0,704.0
GODREJCP,2023-12-31,5.68,3660.0,581.0,841.0
GODREJCP,2024-03-31,-18.51,3386.0,-1893.0,756.0
GODREJCP,2024-06-30,4.41,3332.0,451.0,724.0
GODREJCP,2024-09-30,4.8,3666.0,491.0,760.0
GODREJCP,2024-12-31,4.87,3768.0,498.0,756.0
GODREJCP,2025-03-31,4.03,3598.0,412.0,759.0
GODREJCP,2025-06-30,4.42,3662.0,452.0,695.0
GODREJCP,2025-09-30,4.49,3825.0,459.0,733.0
GODREJCP,2025-12-31,4.87,4099.0,498.0,880.0
GODREJIND,2022-12-31,9.34,3843.0,382.0,373.0
GODREJIND,2023-03-31,8.91,4852.0,562.0,600.0
GODREJIND,2023-06-30,5.29,4506.0,291.0,242.0
GODREJIND,2023-09-30,2.59,3938.0,164.0,266.0
GODREJIND,2023-12-31,3.16,3590.0,165.0,279.0
GODREJIND,2024-03-31,-9.26,4567.0,-25.0,56.0
GODREJIND,2024-06-30,9.58,4248.0,641.0,334.0
GODREJIND,2024-09-30,8.54,4805.0,489.0,575.0
GODREJIND,2024-12-31,5.59,4825.0,312.0,597.0
GODREJIND,2025-03-31,5.44,5780.0,416.0,593.0
GODREJIND,2025-06-30,10.37,4460.0,725.0,397.0
GODREJIND,2025-09-30,7.2,5032.0,493.0,134.0
GODREJIND,2025-12-31,6.07,5051.0,353.0,544.0
GODREJPROP,2022-12-31,2.11,196.0,56.0,-55.0
GODREJPROP,2023-03-31,14.82,1646.0,454.0,346.0
GODREJPROP,2023-06-30,4.49,936.0,134.0,-149.0
GODREJPROP,2023-09-30,2.4,343.0,73.0,-95.0
GODREJPROP,2023-12-31,2.24,330.0,63.0,-66.0
GODREJPROP,2024-03-31,16.95,1426.0,478.0,123.0
GODREJPROP,2024-06-30,18.7,739.0,519.0,-187.0
GODREJPROP,2024-09-30,12.06,1093.0,334.0,29.0
GODREJPROP,2024-12-31,5.4,969.0,158.0,9.0
GODREJPROP,2025-03-31,12.68,2122.0,378.0,75.0
GODREJPROP,2025-06-30,19.92,435.0,598.0,-270.0
GODREJPROP,2025-09-30,13.45,740.0,403.0,-596.0
GODREJPROP,2025-12-31,6.48,498.0,194.0,-197.0
GOKEX,2022-12-31,6.7,519.0,41.0,63.0
GOKEX,2023-03-31,7.79,523.0,47.0,70.0
GOKEX,2023-06-30,5.37,515.0,33.0,60.0
GOKEX,2023-09-30,3.91,500.0,24.0,47.0
GOKEX,2023-12-31,5.02,552.0,30.0,62.0
GOKEX,2024-03-31,6.99,812.0,44.0,84.0
GOKEX,2024-06-30,3.82,932.0,27.0,75.0
GOKEX,2024-09-30,3.94,929.0,28.0,70.0
GOKEX,2024-12-31,7.04,988.0,50.0,104.0
GOKEX,2025-03-31,7.4,1015.0,53.0,123.0
GOKEX,2025-06-30,5.67,956.0,41.0,97.0
GOKEX,2025-09-30,1.1,984.0,8.0,65.0
GOKEX,2025-12-31,1.99,979.0,15.0,77.0
GOKUL,2022-12-31,0.34,545.61,3.4,10.06
GOKUL,2023-03-31,0.6,863.25,5.97,17.53
GOKUL,2023-06-30,0.26,588.02,2.53,11.26
GOKUL,2023-09-30,-0.47,927.43,-4.7,17.92
GOKUL,2023-12-31,0.2,807.13,2.02,12.76
GOKUL,2024-03-31,0.2,697.41,1.96,4.25
GOKUL,2024-06-30,0.25,788.05,2.44,8.41
GOKUL,2024-09-30,0.52,855.97,5.14,11.58
GOKUL,2024-12-31,0.06,1006.76,0.58,7.03
GOKUL,2025-03-31,0.67,860.07,6.64,9.33
GOKUL,2025-06-30,0.39,926.43,3.86,13.85
GOKUL,2025-09-30,0.36,1062.65,3.52,8.36
GOKUL,2025-12-31,0.53,1075.61,5.25,10.61
GOKULAGRO,2022-12-31,1.25,2743.0,37.0,78.0
GOKULAGRO,2023-03-31,1.28,2639.0,38.0,74.0
GOKULAGRO,2023-06-30,0.81,2464.0,24.0,54.0
GOKULAGRO,2023-09-30,1.15,4119.0,34.0,81.0
GOKULAGRO,2023-12-31,1.14,3340.0,34.0,72.0
GOKULAGRO,2024-03-31,1.5,3938.0,44.0,94.0
GOKULAGRO,2024-06-30,1.79,4290.0,53.0,116.0
GOKULAGRO,2024-09-30,2.42,4810.0,71.0,150.0
GOKULAGRO,2024-12-31,2.46,4988.0,72.0,140.0
GOKULAGRO,2025-03-31,1.65,5462.0,49.0,122.0
GOKULAGRO,2025-06-30,2.43,4924.0,72.0,134.0
GOKULAGRO,2025-09-30,3.43,6638.0,101.0,186.0
GOKULAGRO,2025-12-31,2.63,6314.0,78.0,162.0
GOLDIAM,2022-12-31,2.62,178.0,29.0,33.0
GOLDIAM,2023-03-31,1.48,135.0,16.0,23.0
GOLDIAM,2023-06-30,1.58,120.0,17.0,22.0
GOLDIAM,2023-09-30,2.19,133.0,23.0,27.0
GOLDIAM,2023-12-31,3.04,202.0,32.0,41.0
GOLDIAM,2024-03-31,1.66,148.0,18.0,24.0
GOLDIAM,2024-06-30,2.06,166.0,22.0,30.0
GOLDIAM,2024-09-30,2.07,137.0,22.0,31.0
GOLDIAM,2024-12-31,4.66,280.0,50.0,63.0
GOLDIAM,2025-03-31,2.16,199.0,23.0,36.0
GOLDIAM,2025-06-30,3.15,230.0,34.0,41.0
GOLDIAM,2025-09-30,2.78,193.0,31.0,38.0
GOLDIAM,2025-12-31,6.06,320.0,68.0,71.0
GOLDTECH,2022-12-31,0.15,27.45,0.51,0.96
GOLDTECH,2023-03-31,-0.21,26.39,-0.72,-0.21
GOLDTECH,2023-06-30,-0.09,18.81,-0.32,0.13
GOLDTECH,2023-09-30,-0.06,24.97,-0.2,0.16
GOLDTECH,2023-12-31,-0.27,26.28,-0.92,0.06
GOLDTECH,2024-03-31,-0.21,23.22,-0.74,-0.51
GOLDTECH,2024-06-30,-0.1,17.8,-0.33,0.47
GOLDTECH,2024-09-30,2.87,20.19,9.93,-3.23
GOLDTECH,2024-12-31,-0.12,22.11,-0.43,-0.11
GOLDTECH,2025-03-31,0.21,28.8,0.73,0.22
GOLDTECH,2025-06-30,1.5,19.24,5.93,-3.48
GOLDTECH,2025-09-30,-0.03,33.48,-0.48,3.43
GOLDTECH,2025-12-31,0.0,40.59,-1.76,3.26
GOODLUCK,2022-12-31,6.75,706.0,18.0,48.0
GOODLUCK,2023-03-31,10.26,765.0,28.0,58.0
GOODLUCK,2023-06-30,10.49,858.0,29.0,70.0
GOODLUCK,2023-09-30,12.73,886.0,35.0,72.0
GOODLUCK,2023-12-31,11.2,878.0,32.0,74.0
GOODLUCK,2024-03-31,11.6,902.0,37.0,66.0
GOODLUCK,2024-06-30,10.91,913.0,36.0,75.0
GOODLUCK,2024-09-30,14.11,976.0,47.0,71.0
GOODLUCK,2024-12-31,12.51,942.0,41.0,80.0
GOODLUCK,2025-03-31,12.81,1105.0,42.0,85.0
GOODLUCK,2025-06-30,12.08,983.0,40.0,92.0
GOODLUCK,2025-09-30,12.75,991.0,43.0,92.0
GOODLUCK,2025-12-31,13.13,1037.0,44.0,101.0
GOYALALUM,2022-12-31,0.04,19.85,0.52,1.58
GOYALALUM,2023-03-31,0.04,9.46,0.6,0.43
GOYALALUM,2023-06-30,0.05,16.24,0.65,0.91
GOYALALUM,2023-09-30,0.04,12.39,0.54,0.79
GOYALALUM,2023-12-31,0.06,14.85,0.79,0.99
GOYALALUM,2024-03-31,0.04,24.98,0.58,0.56
GOYALALUM,2024-06-30,0.04,19.22,0.62,0.69
GOYALALUM,2024-09-30,0.04,21.68,0.61,0.73
GOYALALUM,2024-12-31,0.06,19.86,0.9,0.62
GOYALALUM,2025-03-31,0.01,15.76,0.16,0.17
GOYALALUM,2025-06-30,0.04,17.87,0.5,0.25
GOYALALUM,2025-09-30,0.1,12.14,1.44,0.67
GOYALALUM,2025-12-31,0.03,17.03,0.44,1.05
GPIL,2022-12-31,1.82,1463.0,128.0,183.0
GPIL,2023-03-31,2.41,1317.0,170.0,276.0
GPIL,2023-06-30,3.4,1326.0,231.0,307.0
GPIL,2023-09-30,3.78,1291.0,257.0,361.0
GPIL,2023-12-31,3.37,1309.0,229.0,331.0
GPIL,2024-03-31,3.21,1530.0,219.0,329.0
GPIL,2024-06-30,4.22,1342.0,287.0,408.0
GPIL,2024-09-30,2.38,1268.0,159.0,247.0
GPIL,2024-12-31,2.16,1298.0,145.0,221.0
GPIL,2025-03-31,3.31,1468.0,222.0,318.0
GPIL,2025-06-30,3.23,1323.0,216.0,324.0
GPIL,2025-09-30,2.41,1308.0,162.0,260.0
GPIL,2025-12-31,2.14,1139.0,143.0,218.0
GPPL,2022-12-31,1.74,249.0,84.0,140.0
GPPL,2023-03-31,2.01,235.0,97.0,130.0
GPPL,2023-06-30,1.4,215.0,68.0,106.0
GPPL,2023-09-30,1.91,253.0,92.0,151.0
GPPL,2023-12-31,2.4,270.0,116.0,159.0
GPPL,2024-03-31,1.36,251.0,66.0,154.0
GPPL,2024-06-30,2.27,246.0,110.0,150.0
GPPL,2024-09-30,1.56,227.0,75.0,133.0
GPPL,2024-12-31,2.06,263.0,99.0,139.0
GPPL,2025-03-31,2.32,252.0,112.0,157.0
GPPL,2025-06-30,2.16,250.0,104.0,148.0
GPPL,2025-09-30,3.32,299.0,161.0,178.0
GPPL,2025-12-31,2.23,292.0,108.0,160.0
GPTINFRA,2022-12-31,0.65,200.0,7.0,21.0
GPTINFRA,2023-03-31,0.89,268.0,10.0,24.0
GPTINFRA,2023-06-30,1.14,236.0,12.0,26.0
GPTINFRA,2023-09-30,1.16,234.0,14.0,31.0
GPTINFRA,2023-12-31,1.28,254.0,15.0,30.0
GPTINFRA,2024-03-31,1.39,295.0,15.0,34.0
GPTINFRA,2024-06-30,1.44,242.0,16.0,32.0
GPTINFRA,2024-09-30,1.4,288.0,15.0,31.0
GPTINFRA,2024-12-31,1.7,278.0,21.0,34.0
GPTINFRA,2025-03-31,1.92,381.0,22.0,39.0
GPTINFRA,2025-06-30,1.86,313.0,25.0,37.0
GPTINFRA,2025-09-30,1.73,279.0,21.0,40.0
GPTINFRA,2025-12-31,1.59,284.0,20.0,38.0
GRANDOAK,2019-03-31,-0.72,,-0.27,
GRANDOAK,2019-06-30,0.38,,0.14,
GRANDOAK,2019-09-30,0.43,,0.16,
GRANDOAK,2019-12-31,0.27,,0.1,
GRANDOAK,2023-09-30,0.0,,0.0,
GRANDOAK,2023-12-31,0.0,,0.0,
GRANDOAK,2024-06-30,0.05,,0.02,
GRANDOAK,2024-09-30,-0.09,,-4.7,
GRANDOAK,2024-12-31,-0.01,,-0.34,
GRANDOAK,2025-03-31,-0.0,,-0.09,
GRANDOAK,2025-06-30,-0.0,,-0.04,
GRANDOAK,2025-09-30,0.09,,4.86,
GRANDOAK,2025-12-31,0.0,,0.06,
GRANULES,2023-03-31,4.94,1196.0,120.0,228.0
GRANULES,2023-06-30,1.98,986.0,48.0,137.0
GRANULES,2023-09-30,4.21,1189.0,102.0,213.0
GRANULES,2023-12-31,5.18,1156.0,126.0,250.0
GRANULES,2024-03-31,5.35,1176.0,130.0,256.0
GRANULES,2024-06-30,5.56,1180.0,135.0,259.0
GRANULES,2024-09-30,4.01,967.0,97.0,203.0
GRANULES,2024-12-31,4.85,1138.0,118.0,230.0
GRANULES,2025-03-31,6.27,1197.0,152.0,252.0
GRANULES,2025-06-30,4.64,1210.0,113.0,247.0
GRANULES,2025-09-30,5.38,1297.0,131.0,278.0
GRANULES,2025-12-31,6.19,1388.0,150.0,308.0
GRANULES,2026-03-31,8.13,1471.0,202.0,352.0
GRAPHITE,2022-12-31,2.71,701.0,53.0,72.0
GRAPHITE,2023-03-31,1.48,815.0,29.0,62.0
GRAPHITE,2023-06-30,-1.54,747.0,-30.0,-91.0
GRAPHITE,2023-09-30,41.15,793.0,802.0,-30.0
GRAPHITE,2023-12-31,0.92,690.0,17.0,-13.0
GRAPHITE,2024-03-31,0.82,720.0,16.0,-10.0
GRAPHITE,2024-06-30,12.13,728.0,236.0,113.0
GRAPHITE,2024-09-30,9.98,643.0,194.0,110.0
GRAPHITE,2024-12-31,-1.02,523.0,-21.0,-8.0
GRAPHITE,2025-03-31,2.56,666.0,49.0,39.0
GRAPHITE,2025-06-30,6.86,665.0,133.0,43.0
GRAPHITE,2025-09-30,3.94,729.0,76.0,43.0
GRAPHITE,2025-12-31,3.48,642.0,67.0,42.0
GRASIM,2022-12-31,36.97,28638.0,4455.0,4863.0
GRASIM,2023-03-31,20.12,33462.0,2356.0,6131.0
GRASIM,2023-06-30,23.17,31065.0,2576.0,6357.0
GRASIM,2023-09-30,17.1,30221.0,2024.0,6048.0
GRASIM,2023-12-31,22.25,31965.0,2603.0,6893.0
GRASIM,2024-03-31,20.8,37727.0,2722.0,7892.0
GRASIM,2024-06-30,16.33,34610.0,2066.0,6682.0
GRASIM,2024-09-30,4.78,34223.0,983.0,6026.0
GRASIM,2024-12-31,12.45,35378.0,1734.0,6804.0
GRASIM,2025-03-31,21.98,44267.0,2973.0,8750.0
GRASIM,2025-06-30,20.85,40118.0,2767.0,8822.0
GRASIM,2025-09-30,8.13,39900.0,1498.0,7671.0
GRASIM,2025-12-31,15.23,44312.0,2233.0,8870.0
GRAUWEIL,2022-12-31,0.76,251.0,34.0,47.0
GRAUWEIL,2023-03-31,0.48,327.0,22.0,30.0
GRAUWEIL,2023-06-30,0.81,200.0,37.0,48.0
GRAUWEIL,2023-09-30,0.83,250.0,37.0,49.0
GRAUWEIL,2023-12-31,0.94,285.0,43.0,55.0
GRAUWEIL,2024-03-31,0.64,333.0,29.0,39.0
GRAUWEIL,2024-06-30,1.12,264.0,51.0,64.0
GRAUWEIL,2024-09-30,0.83,255.0,38.0,43.0
GRAUWEIL,2024-12-31,0.95,275.0,43.0,52.0
GRAUWEIL,2025-03-31,0.57,340.0,26.0,30.0
GRAUWEIL,2025-06-30,0.96,253.0,44.0,53.0
GRAUWEIL,2025-09-30,0.85,291.0,39.0,43.0
GRAUWEIL,2025-12-31,0.71,291.0,32.0,39.0
GRAVISSHO,2022-12-31,0.39,15.28,2.74,4.16
GRAVISSHO,2023-03-31,0.48,18.2,3.35,4.03
GRAVISSHO,2023-06-30,0.04,11.39,0.25,1.25
GRAVISSHO,2023-09-30,-0.33,9.59,-2.3,-2.01
GRAVISSHO,2023-12-31,0.57,16.35,4.05,5.68
GRAVISSHO,2024-03-31,0.14,16.82,1.01,1.75
GRAVISSHO,2024-06-30,-0.1,11.12,-0.7,0.18
GRAVISSHO,2024-09-30,1.26,12.6,8.91,0.91
GRAVISSHO,2024-12-31,0.2,17.98,1.41,3.79
GRAVISSHO,2025-03-31,-0.03,19.44,-0.23,2.13
GRAVISSHO,2025-06-30,-0.32,11.7,-2.23,-1.36
GRAVISSHO,2025-09-30,-0.18,12.26,-1.3,-0.35
GRAVISSHO,2025-12-31,0.43,19.11,3.0,5.03
GRAVITA,2022-12-31,7.27,789.0,50.0,78.0
GRAVITA,2023-03-31,9.24,749.0,64.0,63.0
GRAVITA,2023-06-30,7.54,703.0,53.0,58.0
GRAVITA,2023-09-30,8.38,836.0,59.0,73.0
GRAVITA,2023-12-31,8.73,758.0,61.0,80.0
GRAVITA,2024-03-31,9.99,863.0,69.0,72.0
GRAVITA,2024-06-30,9.75,908.0,68.0,88.0
GRAVITA,2024-09-30,10.43,927.0,72.0,63.0
GRAVITA,2024-12-31,10.56,996.0,78.0,81.0
GRAVITA,2025-03-31,12.89,1037.0,95.0,92.0
GRAVITA,2025-06-30,12.64,1040.0,93.0,101.0
GRAVITA,2025-09-30,13.01,1036.0,96.0,102.0
GRAVITA,2025-12-31,13.23,1017.0,97.0,120.0
GREAVESCOT,2022-12-31,0.28,513.51,-5.71,1.56
GREAVESCOT,2023-03-31,1.15,826.94,27.22,47.16
GREAVESCOT,2023-06-30,-0.22,568.59,-24.93,-14.41
GREAVESCOT,2023-09-30,-8.22,726.69,-374.59,45.9
GREAVESCOT,2023-12-31,2.5,665.38,45.6,35.36
GREAVESCOT,2024-03-31,0.11,672.53,-13.35,23.74
GREAVESCOT,2024-06-30,0.44,639.7,-0.16,27.29
GREAVESCOT,2024-09-30,0.14,705.31,-14.33,23.03
GREAVESCOT,2024-12-31,0.9,750.6,6.68,39.67
GREAVESCOT,2025-03-31,1.03,822.83,1.53,45.74
GREAVESCOT,2025-06-30,1.42,745.43,20.85,56.93
GREAVESCOT,2025-09-30,1.12,815.46,6.32,51.88
GREAVESCOT,2025-12-31,1.1,875.47,5.92,62.12
GREENLAM,2022-12-31,1.13,503.5,28.62,54.81
GREENLAM,2023-03-31,1.82,533.81,46.1,74.05
GREENLAM,2023-06-30,1.3,515.24,33.0,64.37
GREENLAM,2023-09-30,1.54,603.64,38.97,75.61
GREENLAM,2023-12-31,0.99,563.37,25.26,71.14
GREENLAM,2024-03-31,1.61,624.09,40.79,83.53
GREENLAM,2024-06-30,0.79,604.71,19.89,64.02
GREENLAM,2024-09-30,1.36,680.81,34.45,81.43
GREENLAM,2024-12-31,0.5,602.04,12.54,63.54
GREENLAM,2025-03-31,0.08,681.77,1.47,64.0
GREENLAM,2025-06-30,-0.6,673.79,-15.71,44.08
GREENLAM,2025-09-30,1.27,808.26,31.77,104.39
GREENLAM,2025-12-31,-0.01,706.37,-0.59,68.23
GREENPANEL,2021-03-31,4.6,389.0,56.0,97.0
GREENPANEL,2021-06-30,2.43,308.0,30.0,69.0
GREENPANEL,2021-09-30,5.47,422.0,67.0,113.0
GREENPANEL,2021-12-31,5.14,424.0,63.0,111.0
GREENPANEL,2022-03-31,6.57,470.0,81.0,138.0
GREENPANEL,2022-06-30,6.33,464.0,78.0,132.0
GREENPANEL,2022-09-30,5.91,457.0,72.0,117.0
GREENPANEL,2022-12-31,3.06,420.0,38.0,92.0
GREENPANEL,2023-03-31,5.62,441.0,69.0,76.0
GREENPANEL,2023-06-30,3.04,386.0,37.0,66.0
GREENPANEL,2023-09-30,3.34,399.0,41.0,69.0
GREENPANEL,2023-12-31,2.82,386.0,35.0,60.0
GREENPANEL,2024-03-31,2.43,397.0,30.0,51.0
GREENPLY,2023-03-31,0.9,427.0,11.0,28.0
GREENPLY,2023-06-30,0.07,430.0,1.0,27.0
GREENPLY,2023-09-30,1.13,568.0,14.0,48.0
GREENPLY,2023-12-31,2.17,582.0,27.0,50.0
GREENPLY,2024-03-31,2.29,600.0,28.0,57.0
GREENPLY,2024-06-30,2.67,584.0,33.0,53.0
GREENPLY,2024-09-30,1.42,640.0,18.0,53.0
GREENPLY,2024-12-31,1.96,614.0,24.0,51.0
GREENPLY,2025-03-31,1.32,649.0,17.0,46.0
GREENPLY,2025-06-30,2.28,601.0,28.0,52.0
GREENPLY,2025-09-30,1.28,689.0,16.0,51.0
GREENPLY,2025-12-31,1.15,673.0,14.0,51.0
GREENPLY,2026-03-31,2.46,776.0,31.0,87.0
GREENPOWER,2022-12-31,0.09,28.0,10.0,9.0
GREENPOWER,2023-03-31,-0.17,44.0,-19.0,22.0
GREENPOWER,2023-06-30,0.07,79.0,9.0,58.0
GREENPOWER,2023-09-30,0.64,122.0,75.0,100.0
GREENPOWER,2023-12-31,-0.18,34.0,-21.0,14.0
GREENPOWER,2024-03-31,-0.22,36.0,-25.0,14.0
GREENPOWER,2024-06-30,0.06,63.0,6.0,41.0
GREENPOWER,2024-09-30,0.57,121.0,66.0,100.0
GREENPOWER,2024-12-31,-0.2,35.0,-22.0,11.0
GREENPOWER,2025-03-31,-0.14,41.0,-15.0,16.0
GREENPOWER,2025-06-30,0.25,87.0,29.0,60.0
GREENPOWER,2025-09-30,0.69,131.0,81.0,100.0
GREENPOWER,2025-12-31,-0.19,36.0,-21.0,13.0
GRINDWELL,2022-12-31,7.24,604.0,80.0,119.0
GRINDWELL,2023-03-31,8.96,665.0,98.0,129.0
GRINDWELL,2023-06-30,8.76,668.0,97.0,135.0
GRINDWELL,2023-09-30,9.2,667.0,102.0,131.0
GRINDWELL,2023-12-31,8.32,660.0,92.0,128.0
GRINDWELL,2024-03-31,8.36,691.0,93.0,125.0
GRINDWELL,2024-06-30,8.41,706.0,93.0,133.0
GRINDWELL,2024-09-30,8.69,694.0,97.0,129.0
GRINDWELL,2024-12-31,7.84,703.0,88.0,123.0
GRINDWELL,2025-03-31,8.36,710.0,93.0,127.0
GRINDWELL,2025-06-30,8.53,703.0,94.0,130.0
GRINDWELL,2025-09-30,9.65,775.0,107.0,141.0
GRINDWELL,2025-12-31,8.6,753.0,96.0,139.0
GRINFRA,2022-12-31,33.47,2192.0,324.0,595.0
GRINFRA,2023-03-31,40.3,2461.0,390.0,670.0
GRINFRA,2023-06-30,32.05,2478.0,310.0,607.0
GRINFRA,2023-09-30,22.46,1883.0,217.0,467.0
GRINFRA,2023-12-31,25.1,2134.0,243.0,508.0
GRINFRA,2024-03-31,57.29,2485.0,553.0,540.0
GRINFRA,2024-06-30,16.08,2030.0,156.0,368.0
GRINFRA,2024-09-30,19.98,1394.0,194.0,353.0
GRINFRA,2024-12-31,27.05,1694.0,263.0,370.0
GRINFRA,2025-03-31,41.75,2276.0,403.0,545.0
GRINFRA,2025-06-30,25.23,1988.0,244.0,398.0
GRINFRA,2025-09-30,19.91,1602.0,190.0,387.0
GRINFRA,2025-12-31,26.79,2308.0,259.0,468.0
GRMOVER,2022-12-31,1.09,357.0,20.0,25.0
GRMOVER,2023-03-31,0.63,434.0,11.0,21.0
GRMOVER,2023-06-30,0.97,320.0,17.0,24.0
GRMOVER,2023-09-30,0.37,204.0,7.0,8.0
GRMOVER,2023-12-31,0.86,382.0,15.0,18.0
GRMOVER,2024-03-31,1.18,406.0,21.0,22.0
GRMOVER,2024-06-30,1.0,370.0,18.0,23.0
GRMOVER,2024-09-30,0.51,315.0,9.0,11.0
GRMOVER,2024-12-31,0.75,371.0,14.0,12.0
GRMOVER,2025-03-31,1.14,291.0,20.0,33.0
GRMOVER,2025-06-30,1.04,327.0,19.0,24.0
GRMOVER,2025-09-30,0.8,362.0,15.0,15.0
GRMOVER,2025-12-31,1.04,483.0,19.0,21.0
GROWW,2024-09-30,13.51,1125.0,420.0,550.0
GROWW,2024-12-31,20.71,975.0,757.0,1014.0
GROWW,2025-03-31,1.69,801.0,309.0,388.0
GROWW,2025-06-30,1.81,904.0,378.0,483.0
GROWW,2025-09-30,0.79,1019.0,471.0,603.0
GROWW,2025-12-31,0.89,1216.0,547.0,720.0
GROWW,2026-03-31,1.09,1505.0,686.0,938.0
GRPLTD,2022-12-31,7.45,114.29,3.95,6.85
GRPLTD,2023-03-31,5.19,95.54,2.75,5.84
GRPLTD,2023-06-30,3.72,99.34,1.97,6.51
GRPLTD,2023-09-30,8.85,114.41,4.69,11.08
GRPLTD,2023-12-31,8.13,109.69,4.31,10.42
GRPLTD,2024-03-31,22.02,137.94,11.67,22.72
GRPLTD,2024-06-30,8.25,126.2,4.37,12.78
GRPLTD,2024-09-30,4.71,131.65,2.51,9.8
GRPLTD,2024-12-31,8.21,132.26,4.38,12.64
GRPLTD,2025-03-31,36.47,160.34,19.45,32.85
GRPLTD,2025-06-30,3.28,123.75,1.75,9.93
GRPLTD,2025-09-30,3.68,132.36,1.96,10.62
GRPLTD,2025-12-31,1.59,134.71,0.85,10.74
GRWRHITECH,2022-12-31,13.09,324.0,30.0,45.0
GRWRHITECH,2023-03-31,18.54,349.0,43.0,53.0
GRWRHITECH,2023-06-30,18.81,380.0,44.0,64.0
GRWRHITECH,2023-09-30,19.76,397.0,46.0,65.0
GRWRHITECH,2023-12-31,24.05,454.0,56.0,75.0
GRWRHITECH,2024-03-31,24.88,447.0,58.0,78.0
GRWRHITECH,2024-06-30,38.03,474.0,88.0,119.0
GRWRHITECH,2024-09-30,44.88,621.0,104.0,137.0
GRWRHITECH,2024-12-31,26.17,466.0,61.0,81.0
GRWRHITECH,2025-03-31,33.49,548.0,78.0,104.0
GRWRHITECH,2025-06-30,35.73,495.0,83.0,110.0
GRWRHITECH,2025-09-30,39.27,570.0,91.0,119.0
GRWRHITECH,2025-12-31,24.01,459.0,56.0,70.0
GSFC,2022-12-31,10.29,3479.0,410.0,346.0
GSFC,2023-03-31,5.64,2384.0,225.0,326.0
GSFC,2023-06-30,2.82,2063.0,112.0,142.0
GSFC,2023-09-30,7.75,3119.0,309.0,237.0
GSFC,2023-12-31,2.96,2008.0,118.0,108.0
GSFC,2024-03-31,0.62,1965.0,24.0,26.0
GSFC,2024-06-30,2.19,2163.0,87.0,110.0
GSFC,2024-09-30,7.48,2635.0,298.0,284.0
GSFC,2024-12-31,3.36,2814.0,134.0,158.0
GSFC,2025-03-31,1.8,1922.0,72.0,80.0
GSFC,2025-06-30,3.48,2184.0,139.0,193.0
GSFC,2025-09-30,8.13,3187.0,324.0,337.0
GSFC,2025-12-31,3.97,2941.0,158.0,178.0
GSLSU,2022-12-31,1.45,40.49,4.9,8.38
GSLSU,2023-03-31,1.36,39.6,5.75,7.91
GSLSU,2023-06-30,0.51,36.37,2.18,5.25
GSLSU,2023-09-30,0.64,40.23,3.36,6.8
GSLSU,2023-12-31,0.77,40.07,3.41,6.72
GSLSU,2024-03-31,2.48,108.62,10.83,16.2
GSLSU,2024-06-30,-0.29,57.15,-1.26,7.45
GSLSU,2024-09-30,-1.51,46.97,-6.2,1.73
GSLSU,2024-12-31,-2.45,46.06,-10.42,-5.31
GSLSU,2025-03-31,-2.48,57.47,-11.01,-1.92
GSLSU,2025-06-30,-0.1,74.5,-0.57,7.94
GSLSU,2025-09-30,-1.1,54.08,-4.56,-3.56
GSLSU,2025-12-31,-0.71,59.27,-3.34,3.24
GSPCROP,2024-12-31,-1.49,275.94,-6.24,2.7
GSPCROP,2025-09-30,15.2,467.29,58.5,93.18
GSPCROP,2025-12-31,-1.38,270.35,-6.0,13.31
GSPL,2022-12-31,6.37,3998.0,530.0,849.0
GSPL,2023-03-31,6.61,4270.0,543.0,837.0
GSPL,2023-06-30,5.94,4108.0,434.0,715.0
GSPL,2023-09-30,8.06,4265.0,590.0,914.0
GSPL,2023-12-31,7.0,4389.0,496.0,781.0
GSPL,2024-03-31,8.42,4532.0,663.0,962.0
GSPL,2024-06-30,6.65,4727.0,527.0,822.0
GSPL,2024-09-30,4.99,3992.0,423.0,688.0
GSPL,2024-12-31,4.15,4360.0,335.0,553.0
GSPL,2025-03-31,3.9,4291.0,352.0,567.0
GSPL,2025-06-30,5.58,4107.0,465.0,718.0
GSPL,2025-09-30,4.62,4008.0,389.0,609.0
GSPL,2025-12-31,4.55,3885.0,379.0,612.0
GTECJAINX,2022-12-31,0.01,1.72,0.01,-0.02
GTECJAINX,2023-03-31,0.57,2.2,0.58,0.43
GTECJAINX,2023-06-30,0.25,2.57,0.25,0.38
GTECJAINX,2023-09-30,0.08,1.97,0.08,0.16
GTECJAINX,2023-12-31,0.02,2.01,0.02,0.1
GTECJAINX,2024-03-31,-0.46,1.76,-0.47,-0.28
GTECJAINX,2024-06-30,0.17,2.46,0.17,0.28
GTECJAINX,2024-09-30,0.01,2.17,0.01,0.01
GTECJAINX,2024-12-31,-2.81,1.37,-2.86,-2.62
GTECJAINX,2025-03-31,-0.7,1.73,-0.71,-0.69
GTECJAINX,2025-06-30,0.15,2.51,0.15,0.19
GTECJAINX,2025-09-30,0.16,2.14,0.16,0.15
GTECJAINX,2025-12-31,-0.46,2.92,-0.47,-0.37
GTPL,2023-03-31,-1.04,692.0,-11.0,101.0
GTPL,2023-06-30,3.19,774.0,35.0,120.0
GTPL,2023-09-30,3.04,779.0,36.0,124.0
GTPL,2023-12-31,2.11,851.0,25.0,121.0
GTPL,2024-03-31,1.17,808.0,16.0,113.0
GTPL,2024-06-30,1.27,843.0,15.0,113.0
GTPL,2024-09-30,1.14,856.0,14.0,107.0
GTPL,2024-12-31,0.9,887.0,10.0,105.0
GTPL,2025-03-31,0.95,891.0,11.0,105.0
GTPL,2025-06-30,0.94,904.0,7.0,107.0
GTPL,2025-09-30,0.82,959.0,7.0,104.0
GTPL,2025-12-31,0.98,933.0,12.0,113.0
GTPL,2026-03-31,-1.34,924.0,-14.0,80.0
GUFICBIO,2023-09-30,2.39,215.0,23.0,39.0
GUFICBIO,2023-12-31,2.22,202.0,22.0,36.0
GUFICBIO,2024-03-31,2.0,195.0,20.0,34.0
GUFICBIO,2024-06-30,2.08,203.0,21.0,36.0
GUFICBIO,2024-09-30,2.17,204.0,22.0,39.0
GUFICBIO,2024-12-31,1.93,208.0,19.0,34.0
GUFICBIO,2025-03-31,0.77,205.0,8.0,26.0
GUFICBIO,2025-06-30,1.3,224.0,13.0,33.0
GUFICBIO,2025-09-30,1.68,237.0,17.0,38.0
GUFICBIO,2025-12-31,1.24,231.0,12.0,33.0
GUJALKALI,2022-12-31,11.87,1123.0,87.0,238.0
GUJALKALI,2023-03-31,9.67,1138.0,71.0,202.0
GUJALKALI,2023-06-30,-7.78,913.0,-57.0,31.0
GUJALKALI,2023-09-30,-2.5,971.0,-18.0,16.0
GUJALKALI,2023-12-31,-15.68,921.0,-115.0,-20.0
GUJALKALI,2024-03-31,-6.29,1002.0,-46.0,4.0
GUJALKALI,2024-06-30,-6.06,977.0,-45.0,54.0
GUJALKALI,2024-09-30,-2.48,991.0,-18.0,46.0
GUJALKALI,2024-12-31,-1.53,1029.0,-11.0,78.0
GUJALKALI,2025-03-31,1.2,1075.0,9.0,101.0
GUJALKALI,2025-06-30,-1.88,1105.0,-14.0,95.0
GUJALKALI,2025-09-30,2.23,1083.0,16.0,74.0
GUJALKALI,2025-12-31,-2.72,1044.0,-20.0,96.0
GUJAPOLLO,2022-12-31,2.1,10.48,2.48,-0.57
GUJAPOLLO,2023-03-31,-0.57,18.28,-0.67,-2.25
GUJAPOLLO,2023-06-30,2.75,13.21,3.24,-0.22
GUJAPOLLO,2023-09-30,4.42,17.18,5.21,-0.96
GUJAPOLLO,2023-12-31,3.75,13.68,4.42,0.38
GUJAPOLLO,2024-03-31,-1.53,13.0,-1.81,-2.19
GUJAPOLLO,2024-06-30,3.37,8.53,3.98,-2.08
GUJAPOLLO,2024-09-30,4.06,9.83,4.79,-1.17
GUJAPOLLO,2024-12-31,1.97,6.23,2.33,-1.9
GUJAPOLLO,2025-03-31,-7.42,16.95,-8.76,-8.56
GUJAPOLLO,2025-06-30,0.97,11.08,1.15,-2.34
GUJAPOLLO,2025-09-30,1.98,12.89,2.34,-2.34
GUJAPOLLO,2025-12-31,0.49,16.17,0.63,-3.92
GUJGASLTD,2022-12-31,5.4,3684.0,372.0,582.0
GUJGASLTD,2023-03-31,5.38,3929.0,370.0,560.0
GUJGASLTD,2023-06-30,3.14,3782.0,216.0,388.0
GUJGASLTD,2023-09-30,4.3,3845.0,296.0,497.0
GUJGASLTD,2023-12-31,3.21,3929.0,221.0,401.0
GUJGASLTD,2024-03-31,5.96,4134.0,410.0,591.0
GUJGASLTD,2024-06-30,4.8,4450.0,331.0,536.0
GUJGASLTD,2024-09-30,4.48,3782.0,309.0,514.0
GUJGASLTD,2024-12-31,3.21,4153.0,221.0,380.0
GUJGASLTD,2025-03-31,4.18,4102.0,288.0,450.0
GUJGASLTD,2025-06-30,4.76,3871.0,328.0,520.0
GUJGASLTD,2025-09-30,4.06,3780.0,280.0,447.0
GUJGASLTD,2025-12-31,3.88,3658.0,267.0,447.0
GULFOILLUB,2022-12-31,12.78,781.0,63.0,90.0
GULFOILLUB,2023-03-31,12.68,792.0,62.0,88.0
GULFOILLUB,2023-06-30,13.87,812.0,68.0,93.0
GULFOILLUB,2023-09-30,15.0,802.0,74.0,100.0
GULFOILLUB,2023-12-31,16.32,818.0,79.0,110.0
GULFOILLUB,2024-03-31,17.54,870.0,87.0,117.0
GULFOILLUB,2024-06-30,17.49,894.0,84.0,113.0
GULFOILLUB,2024-09-30,17.0,864.0,83.0,107.0
GULFOILLUB,2024-12-31,19.86,920.0,97.0,123.0
GULFOILLUB,2025-03-31,18.7,953.0,93.0,129.0
GULFOILLUB,2025-06-30,19.45,1016.0,95.0,127.0
GULFOILLUB,2025-09-30,17.35,967.0,84.0,117.0
GULFOILLUB,2025-12-31,15.5,1018.0,76.0,132.0
GULPOLY,2022-09-30,1.46,276.0,9.0,19.0
GULPOLY,2022-12-31,1.9,332.0,12.0,22.0
GULPOLY,2023-03-31,2.3,302.0,14.0,26.0
GULPOLY,2023-06-30,0.7,293.0,4.0,12.0
GULPOLY,2023-09-30,0.35,308.0,2.0,16.0
GULPOLY,2023-12-31,0.74,371.0,5.0,11.0
GULPOLY,2024-03-31,1.05,406.0,7.0,19.0
GULPOLY,2024-06-30,1.55,455.0,10.0,24.0
GULPOLY,2024-09-30,0.2,440.0,1.0,16.0
GULPOLY,2024-12-31,1.08,610.0,7.0,27.0
GULPOLY,2025-03-31,1.12,515.0,7.0,29.0
GULPOLY,2025-06-30,2.11,593.0,13.0,37.0
GULPOLY,2025-09-30,2.53,542.0,16.0,42.0
HAL,2022-12-31,17.27,5666.0,1155.0,985.0
HAL,2023-03-31,42.33,12495.0,2831.0,3232.0
HAL,2023-06-30,12.17,3915.0,814.0,877.0
HAL,2023-09-30,18.49,5636.0,1237.0,1528.0
HAL,2023-12-31,18.86,6061.0,1262.0,1435.0
HAL,2024-03-31,64.43,14769.0,4309.0,5901.0
HAL,2024-06-30,21.49,4348.0,1437.0,991.0
HAL,2024-09-30,22.59,5976.0,1510.0,1640.0
HAL,2024-12-31,21.53,6957.0,1440.0,1683.0
HAL,2025-03-31,59.46,13700.0,3977.0,5295.0
HAL,2025-06-30,20.69,4819.0,1384.0,1282.0
HAL,2025-09-30,24.96,6629.0,1669.0,1558.0
HAL,2025-12-31,27.91,7699.0,1867.0,1871.0
HALDER,2022-12-31,1.09,48.0,2.0,5.0
HALDER,2023-03-31,0.19,159.0,0.0,5.0
HALDER,2023-06-30,1.03,136.0,1.0,6.0
HALDER,2023-09-30,2.12,121.0,2.0,7.0
HALDER,2023-12-31,-2.04,134.0,-2.0,4.0
HALDER,2024-03-31,10.95,253.0,10.0,17.0
HALDER,2024-06-30,4.2,166.0,4.0,10.0
HALDER,2024-09-30,3.95,175.0,4.0,12.0
HALDER,2024-12-31,22.4,356.0,21.0,20.0
HALDER,2025-03-31,-6.78,147.0,-8.0,0.0
HALDER,2025-06-30,2.28,103.0,3.0,6.0
HALDER,2025-09-30,-8.77,98.0,-11.0,-10.0
HALDER,2025-12-31,16.59,145.0,21.0,11.0
HALDYNGL,2022-12-31,1.07,88.57,5.73,9.43
HALDYNGL,2023-03-31,1.22,73.81,6.56,5.83
HALDYNGL,2023-06-30,1.7,72.92,9.15,11.32
HALDYNGL,2023-09-30,0.54,46.43,2.89,-1.29
HALDYNGL,2023-12-31,1.07,95.22,5.77,16.18
HALDYNGL,2024-03-31,1.26,84.21,6.76,13.58
HALDYNGL,2024-06-30,0.95,86.84,5.1,12.29
HALDYNGL,2024-09-30,0.97,105.9,5.23,15.38
HALDYNGL,2024-12-31,0.74,105.25,3.98,12.34
HALDYNGL,2025-03-31,0.84,83.61,4.5,13.67
HALDYNGL,2025-06-30,1.0,115.02,5.4,16.72
HALDYNGL,2025-09-30,1.27,115.71,6.8,13.54
HALDYNGL,2025-12-31,0.98,124.7,5.27,16.32
HALEOSLABS,2022-12-31,13.2,88.29,3.82,9.37
HALEOSLABS,2023-03-31,5.66,63.73,2.11,2.28
HALEOSLABS,2023-06-30,-5.95,74.65,-3.83,2.54
HALEOSLABS,2023-09-30,2.25,69.26,-0.44,7.93
HALEOSLABS,2023-12-31,14.22,72.05,4.12,9.3
HALEOSLABS,2024-03-31,19.52,89.99,6.47,11.36
HALEOSLABS,2024-06-30,23.15,92.55,7.1,16.28
HALEOSLABS,2024-09-30,15.45,78.46,3.3,8.57
HALEOSLABS,2024-12-31,18.09,84.6,4.86,12.75
HALEOSLABS,2025-03-31,9.82,89.11,3.48,7.42
HALEOSLABS,2025-06-30,13.76,82.5,4.39,11.71
HALEOSLABS,2025-09-30,20.18,81.37,6.42,13.58
HALEOSLABS,2025-12-31,21.9,94.78,6.65,14.05
HAPPSTMNDS,2022-12-31,3.92,367.0,58.0,89.0
HAPPSTMNDS,2023-03-31,3.93,378.0,58.0,92.0
HAPPSTMNDS,2023-06-30,3.97,391.0,58.0,89.0
HAPPSTMNDS,2023-09-30,3.84,407.0,58.0,83.0
HAPPSTMNDS,2023-12-31,3.92,410.0,60.0,81.0
HAPPSTMNDS,2024-03-31,4.73,417.0,72.0,83.0
HAPPSTMNDS,2024-06-30,3.35,464.0,51.0,85.0
HAPPSTMNDS,2024-09-30,3.25,522.0,50.0,92.0
HAPPSTMNDS,2024-12-31,3.29,531.0,50.0,94.0
HAPPSTMNDS,2025-03-31,2.23,545.0,34.0,84.0
HAPPSTMNDS,2025-06-30,3.75,550.0,57.0,94.0
HAPPSTMNDS,2025-09-30,3.55,574.0,54.0,99.0
HAPPSTMNDS,2025-12-31,2.65,588.0,40.0,107.0
HAPPYFORGE,2023-03-31,5.66,302.0,51.0,86.0
HAPPYFORGE,2023-06-30,7.16,330.0,64.0,100.0
HAPPYFORGE,2023-09-30,6.17,343.0,55.0,94.0
HAPPYFORGE,2023-12-31,6.15,342.0,58.0,95.0
HAPPYFORGE,2024-03-31,6.98,343.0,66.0,97.0
HAPPYFORGE,2024-06-30,6.77,341.0,64.0,98.0
HAPPYFORGE,2024-09-30,7.58,361.0,71.0,105.0
HAPPYFORGE,2024-12-31,6.85,354.0,65.0,101.0
HAPPYFORGE,2025-03-31,7.18,352.0,68.0,102.0
HAPPYFORGE,2025-06-30,6.97,354.0,66.0,101.0
HAPPYFORGE,2025-09-30,7.79,377.0,73.0,116.0
HAPPYFORGE,2025-12-31,8.37,391.0,79.0,120.0
HARDWYN,2023-06-30,0.02,36.86,1.11,1.59
HARDWYN,2023-09-30,0.03,31.94,1.48,2.27
HARDWYN,2023-12-31,0.09,39.9,4.31,6.65
HARDWYN,2024-03-31,0.07,44.15,3.33,5.97
HARDWYN,2024-06-30,0.03,40.93,1.34,2.44
HARDWYN,2024-09-30,0.08,51.65,4.04,6.22
HARDWYN,2024-12-31,0.08,46.39,3.99,6.4
HARDWYN,2025-03-31,0.04,45.64,1.86,2.98
HARDWYN,2025-06-30,0.07,42.94,3.63,5.69
HARDWYN,2025-09-30,0.09,50.69,4.35,6.78
HARDWYN,2025-12-31,0.04,49.08,1.79,3.02
HARIOMPIPE,2024-03-31,5.81,331.0,17.0,42.0
HARIOMPIPE,2024-06-30,5.66,343.0,18.0,45.0
HARIOMPIPE,2024-09-30,5.09,314.0,16.0,42.0
HARIOMPIPE,2024-12-31,3.63,300.0,11.0,40.0
HARIOMPIPE,2025-03-31,5.57,400.0,17.0,49.0
HARIOMPIPE,2025-06-30,7.62,461.0,24.0,58.0
HARIOMPIPE,2025-09-30,3.36,336.0,10.0,43.0
HARIOMPIPE,2025-12-31,3.74,363.0,12.0,45.0
HARRMALAYA,2022-12-31,3.64,132.06,6.73,9.41
HARRMALAYA,2023-03-31,0.24,117.92,0.44,2.48
HARRMALAYA,2023-06-30,-1.23,95.85,-2.28,-0.3
HARRMALAYA,2023-09-30,-1.16,121.73,-2.15,1.03
HARRMALAYA,2023-12-31,3.61,129.55,6.68,8.8
HARRMALAYA,2024-03-31,-5.17,140.98,-9.56,0.91
HARRMALAYA,2024-06-30,-3.03,97.66,-5.61,-4.26
HARRMALAYA,2024-09-30,2.22,137.3,4.11,7.35
HARRMALAYA,2024-12-31,6.05,142.25,11.2,13.83
HARRMALAYA,2025-03-31,2.81,136.71,5.19,6.57
HARRMALAYA,2025-06-30,3.22,116.46,5.96,8.21
HARRMALAYA,2025-09-30,3.47,134.4,6.42,-0.68
HARRMALAYA,2025-12-31,4.13,141.09,7.64,8.77
HARSHA,2022-12-31,3.49,301.0,32.0,41.0
HARSHA,2023-03-31,3.58,344.0,33.0,51.0
HARSHA,2023-06-30,2.7,348.0,25.0,42.0
HARSHA,2023-09-30,2.24,339.0,20.0,35.0
HARSHA,2023-12-31,3.26,324.0,30.0,40.0
HARSHA,2024-03-31,4.04,380.0,37.0,55.0
HARSHA,2024-06-30,3.96,343.0,36.0,55.0
HARSHA,2024-09-30,3.18,353.0,29.0,42.0
HARSHA,2024-12-31,2.93,339.0,27.0,43.0
HARSHA,2025-03-31,-0.26,373.0,-2.0,35.0
HARSHA,2025-06-30,4.17,365.0,38.0,55.0
HARSHA,2025-09-30,4.0,378.0,36.0,54.0
HARSHA,2025-12-31,3.69,409.0,34.0,57.0
HATHWAY,2023-03-31,-0.08,460.0,-15.0,58.0
HATHWAY,2023-06-30,0.13,499.0,22.0,78.0
HATHWAY,2023-09-30,0.11,484.0,20.0,83.0
HATHWAY,2023-12-31,0.13,505.0,22.0,82.0
HATHWAY,2024-03-31,0.2,493.0,35.0,80.0
HATHWAY,2024-06-30,0.1,503.0,18.0,81.0
HATHWAY,2024-09-30,0.15,513.0,26.0,86.0
HATHWAY,2024-12-31,0.08,511.0,14.0,83.0
HATHWAY,2025-03-31,0.2,513.0,35.0,91.0
HATHWAY,2025-06-30,0.18,530.0,31.0,88.0
HATHWAY,2025-09-30,0.1,537.0,18.0,81.0
HATHWAY,2025-12-31,0.12,537.0,22.0,77.0
HATHWAY,2026-03-31,0.06,546.0,11.0,71.0
HATSUN,2008-09-30,,533.0,10.0,33.0
HATSUN,2009-06-30,,250.0,5.0,17.0
HATSUN,2009-09-30,,283.0,5.0,16.0
HATSUN,2024-03-31,2.34,2047.0,52.0,230.0
HATSUN,2024-06-30,5.86,2375.0,131.0,330.0
HATSUN,2024-09-30,2.89,2072.0,64.0,241.0
HATSUN,2024-12-31,1.84,2010.0,41.0,214.0
HATSUN,2025-03-31,1.93,2243.0,43.0,224.0
HATSUN,2025-06-30,6.07,2590.0,135.0,361.0
HATSUN,2025-09-30,4.92,2428.0,110.0,325.0
HATSUN,2025-12-31,2.72,2364.0,61.0,256.0
HAVELLS,2023-03-31,5.71,4859.0,358.0,527.0
HAVELLS,2023-06-30,4.58,4834.0,287.0,402.0
HAVELLS,2023-09-30,3.97,3900.0,249.0,373.0
HAVELLS,2023-12-31,4.59,4414.0,288.0,433.0
HAVELLS,2024-03-31,7.13,5442.0,447.0,635.0
HAVELLS,2024-06-30,6.51,5806.0,408.0,572.0
HAVELLS,2024-09-30,4.28,4539.0,268.0,375.0
HAVELLS,2024-12-31,4.44,4889.0,278.0,426.0
HAVELLS,2025-03-31,8.26,6544.0,517.0,757.0
HAVELLS,2025-06-30,5.55,5455.0,348.0,516.0
HAVELLS,2025-09-30,5.09,4779.0,318.0,438.0
HAVELLS,2025-12-31,4.8,5588.0,300.0,516.0
HAVELLS,2026-03-31,11.53,6705.0,723.0,729.0
HBESD,2022-12-31,1.09,27.7,2.13,10.57
HBESD,2023-03-31,-5.87,27.8,-11.42,9.2
HBESD,2023-06-30,-0.62,23.93,-1.21,7.18
HBESD,2023-09-30,-0.48,24.38,-0.93,7.17
HBESD,2023-12-31,0.78,29.73,1.51,11.67
HBESD,2024-03-31,2.32,31.36,4.52,12.83
HBESD,2024-06-30,0.47,25.64,0.91,8.62
HBESD,2024-09-30,0.25,27.41,0.49,8.43
HBESD,2024-12-31,2.48,31.41,4.82,12.76
HBESD,2025-03-31,2.13,33.23,4.58,13.26
HBESD,2025-06-30,0.18,23.76,0.38,6.54
HBESD,2025-09-30,0.57,26.73,1.27,8.07
HBESD,2025-12-31,2.83,33.46,6.5,15.24
HBLENGINE,2022-12-31,0.86,332.0,24.0,38.0
HBLENGINE,2023-03-31,1.26,403.0,35.0,45.0
HBLENGINE,2023-06-30,1.87,467.0,52.0,78.0
HBLENGINE,2023-09-30,2.48,557.0,68.0,101.0
HBLENGINE,2023-12-31,2.85,599.0,79.0,113.0
HBLENGINE,2024-03-31,2.94,610.0,81.0,131.0
HBLENGINE,2024-06-30,2.89,520.0,80.0,110.0
HBLENGINE,2024-09-30,3.15,521.0,87.0,109.0
HBLENGINE,2024-12-31,2.33,451.0,65.0,94.0
HBLENGINE,2025-03-31,1.62,476.0,45.0,79.0
HBLENGINE,2025-06-30,5.17,602.0,143.0,192.0
HBLENGINE,2025-09-30,13.97,1223.0,387.0,544.0
HBLENGINE,2025-12-31,7.96,874.0,220.0,302.0
HCC,2022-12-31,-1.07,1357.62,-257.85,-144.31
HCC,2023-03-31,0.79,3094.09,189.84,314.92
HCC,2023-06-30,0.22,1926.52,52.73,296.2
HCC,2023-09-30,-0.01,1832.59,-2.8,253.84
HCC,2023-12-31,0.75,1474.47,182.3,238.72
HCC,2024-03-31,1.02,1773.13,245.93,-117.51
HCC,2024-06-30,-0.01,1815.95,-2.46,152.42
HCC,2024-09-30,0.26,1406.91,63.93,242.39
HCC,2024-12-31,-0.15,1006.81,-38.92,-82.74
HCC,2025-03-31,0.34,1373.7,90.08,288.45
HCC,2025-06-30,0.19,1091.33,50.73,179.47
HCC,2025-09-30,0.18,960.74,47.78,145.52
HCC,2025-12-31,0.03,925.32,8.07,67.19
HCG,2022-12-31,0.51,424.68,4.2,75.5
HCG,2023-03-31,0.57,441.71,5.65,76.31
HCG,2023-06-30,0.52,460.68,3.65,74.31
HCG,2023-09-30,0.92,486.94,10.78,84.62
HCG,2023-12-31,0.39,469.87,3.43,78.61
HCG,2024-03-31,1.44,494.63,23.46,92.03
HCG,2024-06-30,0.82,525.58,13.63,90.9
HCG,2024-09-30,1.22,553.54,20.68,102.24
HCG,2024-12-31,0.47,558.57,7.75,88.38
HCG,2025-03-31,0.5,585.16,6.77,105.63
HCG,2025-06-30,0.32,613.16,5.98,107.79
HCG,2025-09-30,1.09,646.85,20.66,123.31
HCG,2025-12-31,-0.63,633.07,-7.9,109.56
HCL-INSYS,2022-12-31,-0.4,7.1,-13.07,-16.8
HCL-INSYS,2023-03-31,-0.17,8.26,-5.65,-22.15
HCL-INSYS,2023-06-30,-0.18,11.3,-5.89,-11.02
HCL-INSYS,2023-09-30,0.15,5.99,4.84,-15.4
HCL-INSYS,2023-12-31,-0.28,8.16,-9.3,-16.7
HCL-INSYS,2024-03-31,-0.17,6.72,-5.53,-13.57
HCL-INSYS,2024-06-30,-0.13,7.47,-4.13,-10.31
HCL-INSYS,2024-09-30,-0.24,6.79,-7.84,-13.19
HCL-INSYS,2024-12-31,-0.16,5.7,-5.25,-14.15
HCL-INSYS,2025-03-31,-0.12,4.65,-3.9,-14.12
HCL-INSYS,2025-06-30,-0.14,7.03,-4.5,-10.13
HCL-INSYS,2025-09-30,-0.17,5.07,-5.5,-17.41
HCL-INSYS,2025-12-31,-0.3,4.22,-9.75,-14.87
HCLTECH,2023-03-31,14.68,26606.0,3981.0,5863.0
HCLTECH,2023-06-30,13.02,26296.0,3531.0,5365.0
HCLTECH,2023-09-30,14.12,26672.0,3833.0,5929.0
HCLTECH,2023-12-31,16.03,28446.0,4351.0,6787.0
HCLTECH,2024-03-31,14.69,28499.0,3995.0,6117.0
HCLTECH,2024-06-30,15.69,28057.0,4259.0,5793.0
HCLTECH,2024-09-30,15.61,28862.0,4237.0,6369.0
HCLTECH,2024-12-31,16.92,29890.0,4594.0,6860.0
HCLTECH,2025-03-31,15.87,30246.0,4309.0,6482.0
HCLTECH,2025-06-30,14.16,30349.0,3844.0,6035.0
HCLTECH,2025-09-30,15.61,31942.0,4236.0,6545.0
HCLTECH,2025-12-31,15.02,33872.0,4082.0,7412.0
HCLTECH,2026-03-31,16.54,33981.0,4490.0,6712.0
HDBFS,2024-03-31,8.27,,656.0,
HDBFS,2024-12-31,5.95,,472.0,
HDBFS,2025-03-31,6.67,,531.0,
HDFCAMC,2023-03-31,8.81,541.0,376.0,410.0
HDFCAMC,2023-06-30,11.18,575.0,477.0,428.0
HDFCAMC,2023-09-30,10.22,643.0,437.0,481.0
HDFCAMC,2023-12-31,11.43,671.0,488.0,509.0
HDFCAMC,2024-03-31,12.67,695.0,541.0,539.0
HDFCAMC,2024-06-30,14.13,775.0,604.0,594.0
HDFCAMC,2024-09-30,13.5,887.0,577.0,703.0
HDFCAMC,2024-12-31,15.0,935.0,641.0,764.0
HDFCAMC,2025-03-31,14.93,901.0,638.0,730.0
HDFCAMC,2025-06-30,17.47,968.0,748.0,773.0
HDFCAMC,2025-09-30,16.79,1027.0,718.0,801.0
HDFCAMC,2025-12-31,17.96,1075.0,769.0,876.0
HDFCAMC,2026-03-31,14.53,1052.0,623.0,845.0
HDFCBANK,2023-03-31,11.29,,12634.0,
HDFCBANK,2023-06-30,11.06,,12403.0,
HDFCBANK,2023-09-30,11.09,,17312.0,
HDFCBANK,2023-12-31,11.37,,17718.0,
HDFCBANK,2024-03-31,11.6,,18013.0,
HDFCBANK,2024-06-30,10.83,,17188.0,
HDFCBANK,2024-09-30,11.68,,18627.0,
HDFCBANK,2024-12-31,11.54,,18340.0,
HDFCBANK,2025-03-31,12.31,,19285.0,
HDFCBANK,2025-06-30,10.6,,17090.0,
HDFCBANK,2025-09-30,12.76,,20364.0,
HDFCBANK,2025-12-31,12.87,,20691.0,
HDFCBANK,2026-03-31,13.22,,21074.0,
HDFCLIFE,2023-03-31,1.68,20857.0,362.0,-358.0
HDFCLIFE,2023-06-30,1.94,23371.0,417.0,326.0
HDFCLIFE,2023-09-30,1.76,23142.0,378.0,-415.0
HDFCLIFE,2023-12-31,1.71,26927.0,368.0,264.0
HDFCLIFE,2024-03-31,1.91,28041.0,412.0,275.0
HDFCLIFE,2024-06-30,2.23,26934.0,479.0,311.0
HDFCLIFE,2024-09-30,2.02,28497.0,435.0,-310.0
HDFCLIFE,2024-12-31,1.96,17300.0,421.0,448.0
HDFCLIFE,2025-03-31,2.21,24191.0,475.0,377.0
HDFCLIFE,2025-06-30,2.54,29463.0,548.0,439.0
HDFCLIFE,2025-09-30,2.08,20651.0,448.0,315.0
HDFCLIFE,2025-12-31,1.94,29428.0,418.0,271.0
HDFCLIFE,2026-03-31,2.31,19890.0,497.0,108.0
HEADSUP,2024-06-30,-0.1,0.0,-0.23,-0.41
HEADSUP,2025-03-31,0.5,1.27,1.1,1.13
HEADSUP,2025-06-30,1.32,11.5,2.91,2.16
HEADSUP,2025-12-31,-0.28,0.0,-0.61,-0.61
HEALTHX,2022-12-31,-6.0,280.63,-26.37,-10.08
HEALTHX,2023-03-31,-10.75,313.15,-48.0,-11.17
HEALTHX,2023-06-30,0.41,336.05,-0.28,9.26
HEALTHX,2023-09-30,-2.55,358.49,-12.2,3.37
HEALTHX,2023-12-31,-0.24,374.5,-3.23,3.43
HEALTHX,2024-03-31,5.17,306.67,21.58,-10.65
HEALTHX,2024-06-30,9.79,270.29,40.96,-2.4
HEALTHX,2024-09-30,-34.39,273.53,-154.78,-4.72
HEALTHX,2024-12-31,-8.47,281.29,-37.8,-23.7
HEALTHX,2025-03-31,4.3,285.84,17.57,-25.2
HEALTHX,2025-06-30,7.52,298.43,26.59,6.06
HEALTHX,2025-09-30,-3.99,301.32,-15.44,-22.61
HEALTHX,2025-12-31,0.36,345.74,0.37,-10.36
HEG,2023-03-31,5.17,617.0,100.0,123.0
HEG,2023-06-30,7.21,671.0,139.0,151.0
HEG,2023-09-30,4.97,614.0,96.0,102.0
HEG,2023-12-31,2.26,562.0,44.0,87.0
HEG,2024-03-31,1.71,547.0,33.0,41.0
HEG,2024-06-30,1.19,571.0,23.0,39.0
HEG,2024-09-30,4.26,568.0,82.0,97.0
HEG,2024-12-31,4.32,478.0,83.0,67.0
HEG,2025-03-31,-3.82,537.0,-74.0,-61.0
HEG,2025-06-30,5.43,617.0,105.0,105.0
HEG,2025-09-30,7.43,699.0,143.0,118.0
HEG,2025-12-31,10.73,656.0,207.0,143.0
HEG,2026-03-31,-5.9,603.0,-114.0,-148.0
HERANBA,2022-12-31,3.16,276.0,13.0,24.0
HERANBA,2023-03-31,2.79,260.0,11.0,20.0
HERANBA,2023-06-30,-1.4,275.0,-6.0,-4.0
HERANBA,2023-09-30,6.73,424.0,27.0,44.0
HERANBA,2023-12-31,3.48,300.0,14.0,24.0
HERANBA,2024-03-31,-0.08,258.0,-1.0,12.0
HERANBA,2024-06-30,4.19,296.0,17.0,40.0
HERANBA,2024-09-30,9.49,437.0,38.0,60.0
HERANBA,2024-12-31,-2.55,341.0,-10.0,13.0
HERANBA,2025-03-31,-10.37,335.0,-42.0,-14.0
HERANBA,2025-06-30,1.52,452.0,6.0,31.0
HERANBA,2025-09-30,-0.36,522.0,-2.0,49.0
HERANBA,2025-12-31,-5.81,301.0,-23.0,12.0
HERITGFOOD,2022-12-31,1.48,786.0,14.0,31.0
HERITGFOOD,2023-03-31,1.93,818.0,18.0,40.0
HERITGFOOD,2023-06-30,1.8,924.0,17.0,39.0
HERITGFOOD,2023-09-30,2.41,979.0,22.0,45.0
HERITGFOOD,2023-12-31,2.9,941.0,27.0,50.0
HERITGFOOD,2024-03-31,4.36,951.0,40.0,69.0
HERITGFOOD,2024-06-30,6.3,1033.0,58.0,92.0
HERITGFOOD,2024-09-30,5.24,1020.0,49.0,81.0
HERITGFOOD,2024-12-31,4.64,1034.0,43.0,72.0
HERITGFOOD,2025-03-31,4.11,1048.0,38.0,78.0
HERITGFOOD,2025-06-30,4.37,1137.0,41.0,73.0
HERITGFOOD,2025-09-30,5.5,1113.0,51.0,77.0
HERITGFOOD,2025-12-31,3.73,1119.0,35.0,63.0
HEROMOTOCO,2022-12-31,36.33,8118.0,721.0,942.0
HEROMOTOCO,2023-03-31,40.29,8434.0,811.0,1089.0
HEROMOTOCO,2023-06-30,35.53,8851.0,701.0,1117.0
HEROMOTOCO,2023-09-30,50.35,9533.0,1007.0,1360.0
HEROMOTOCO,2023-12-31,54.7,9788.0,1091.0,1385.0
HEROMOTOCO,2024-03-31,46.77,9617.0,943.0,1319.0
HEROMOTOCO,2024-06-30,52.31,10211.0,1032.0,1407.0
HEROMOTOCO,2024-09-30,53.19,10483.0,1066.0,1450.0
HEROMOTOCO,2024-12-31,55.38,10260.0,1108.0,1416.0
HEROMOTOCO,2025-03-31,58.06,9970.0,1169.0,1441.0
HEROMOTOCO,2025-06-30,85.26,9728.0,1706.0,1413.0
HEROMOTOCO,2025-09-30,65.42,12218.0,1321.0,1766.0
HEROMOTOCO,2025-12-31,63.35,12487.0,1275.0,1752.0
HESTERBIO,2022-12-31,13.15,74.94,12.16,18.76
HESTERBIO,2023-03-31,5.33,67.3,5.71,11.67
HESTERBIO,2023-06-30,6.9,87.85,6.71,14.36
HESTERBIO,2023-09-30,4.81,70.46,4.04,13.22
HESTERBIO,2023-12-31,4.68,66.98,4.02,10.15
HESTERBIO,2024-03-31,5.82,79.26,6.4,15.92
HESTERBIO,2024-06-30,7.45,82.27,7.49,17.65
HESTERBIO,2024-09-30,9.64,83.69,8.39,19.16
HESTERBIO,2024-12-31,13.71,63.22,11.41,5.07
HESTERBIO,2025-03-31,1.52,81.93,1.54,19.18
HESTERBIO,2025-06-30,19.33,84.11,17.29,22.81
HESTERBIO,2025-09-30,16.99,70.97,14.33,11.72
HESTERBIO,2025-12-31,10.31,77.42,9.32,17.8
HEXATRADEX,2022-12-31,-0.67,-7.15,-3.68,-12.91
HEXATRADEX,2023-03-31,-1.02,0.39,-5.63,0.35
HEXATRADEX,2023-06-30,11.37,92.74,62.81,92.13
HEXATRADEX,2023-09-30,0.28,3.85,1.56,2.99
HEXATRADEX,2023-12-31,5.32,40.28,29.39,39.5
HEXATRADEX,2024-03-31,-0.27,-3.63,-1.47,-4.7
HEXATRADEX,2024-06-30,-0.34,0.0,-1.87,-0.75
HEXATRADEX,2024-09-30,-8.25,3.06,-45.57,2.36
HEXATRADEX,2024-12-31,4.74,0.0,26.19,-1.82
HEXATRADEX,2025-03-31,-0.67,1.5,-3.69,-3.08
HEXATRADEX,2025-06-30,-0.03,0.0,-0.16,0.39
HEXATRADEX,2025-09-30,-0.16,3.11,-0.89,0.12
HEXATRADEX,2025-12-31,-0.79,0.02,-4.35,-4.19
HEXT,2019-12-31,5.62,1529.0,168.0,240.0
HEXT,2020-03-31,5.86,1542.0,175.0,234.0
HEXT,2020-06-30,5.1,1569.0,152.0,271.0
HEXT,2020-09-30,5.42,1586.0,163.0,277.0
HEXT,2023-12-31,6.42,2616.0,193.0,331.0
HEXT,2024-03-31,9.31,2749.0,279.0,418.0
HEXT,2024-06-30,4.53,2936.0,275.0,431.0
HEXT,2024-09-30,4.98,3136.0,300.0,491.0
HEXT,2024-12-31,5.25,3154.0,321.0,490.0
HEXT,2025-03-31,5.38,3208.0,327.0,528.0
HEXT,2025-06-30,6.24,3261.0,380.0,404.0
HEXT,2025-09-30,6.08,3484.0,370.0,601.0
HEXT,2025-12-31,4.78,3478.0,292.0,378.0
HFCL,2023-03-31,0.52,1433.0,79.0,154.0
HFCL,2023-06-30,0.49,995.0,76.0,146.0
HFCL,2023-09-30,0.49,1111.0,70.0,133.0
HFCL,2023-12-31,0.58,1032.0,82.0,117.0
HFCL,2024-03-31,0.76,1326.0,109.0,196.0
HFCL,2024-06-30,0.77,1158.0,111.0,175.0
HFCL,2024-09-30,0.51,1094.0,73.0,158.0
HFCL,2024-12-31,0.51,1012.0,73.0,152.0
HFCL,2025-03-31,-0.56,801.0,-83.0,-37.0
HFCL,2025-06-30,-0.22,871.0,-29.0,28.0
HFCL,2025-09-30,0.47,1043.0,72.0,190.0
HFCL,2025-12-31,0.64,1211.0,102.0,228.0
HFCL,2026-03-31,1.17,1824.0,184.0,314.0
HGINFRA,2022-12-31,20.08,1185.0,131.0,238.0
HGINFRA,2023-03-31,26.23,1535.0,171.0,297.0
HGINFRA,2023-06-30,23.08,1351.0,150.0,281.0
HGINFRA,2023-09-30,14.75,955.0,96.0,220.0
HGINFRA,2023-12-31,15.66,1365.0,102.0,228.0
HGINFRA,2024-03-31,29.16,1708.0,190.0,333.0
HGINFRA,2024-06-30,24.95,1528.0,163.0,312.0
HGINFRA,2024-09-30,12.39,902.0,81.0,220.0
HGINFRA,2024-12-31,17.67,1265.0,115.0,287.0
HGINFRA,2025-03-31,22.55,1361.0,147.0,239.0
HGINFRA,2025-06-30,15.16,1482.0,99.0,259.0
HGINFRA,2025-09-30,8.01,904.0,52.0,206.0
HGINFRA,2025-12-31,14.47,1421.0,94.0,309.0
HGM,2022-12-31,0.39,3.02,0.49,0.66
HGM,2023-03-31,0.67,3.13,0.84,0.5
HGM,2023-06-30,0.41,3.57,0.52,0.54
HGM,2023-09-30,0.58,4.29,0.73,0.7
HGM,2023-12-31,0.5,3.99,0.63,0.64
HGM,2024-03-31,0.64,4.27,0.81,0.81
HGM,2024-06-30,0.62,5.57,0.78,0.92
HGM,2024-09-30,0.64,5.58,0.8,0.9
HGM,2024-12-31,1.05,5.8,1.32,0.84
HGM,2025-03-31,1.05,5.51,1.32,1.03
HGM,2025-06-30,1.37,13.61,1.73,2.37
HGM,2025-09-30,0.4,18.95,0.5,1.09
HGM,2025-12-31,-2.48,14.25,-3.12,-2.42
HGS,2022-12-31,9.68,1119.0,52.0,82.0
HGS,2023-03-31,4.82,1070.0,26.0,36.0
HGS,2023-06-30,3.2,1133.0,17.0,77.0
HGS,2023-09-30,3.81,1180.0,18.0,98.0
HGS,2023-12-31,2.18,1204.0,8.0,115.0
HGS,2024-03-31,19.45,1099.0,88.0,66.0
HGS,2024-06-30,35.59,1092.0,162.0,17.0
HGS,2024-09-30,-9.74,1087.0,-51.0,34.0
HGS,2024-12-31,-0.57,1064.0,-9.0,64.0
HGS,2025-03-31,0.82,1161.0,-2.0,142.0
HGS,2025-06-30,3.75,1056.0,11.0,29.0
HGS,2025-09-30,-4.2,1091.0,-27.0,26.0
HGS,2025-12-31,9.15,1075.0,34.0,17.0
HIKAL,2022-12-31,2.14,540.2,26.41,74.58
HIKAL,2023-03-31,2.92,545.29,36.0,88.01
HIKAL,2023-06-30,0.56,388.0,6.9,50.3
HIKAL,2023-09-30,1.02,434.88,12.57,57.52
HIKAL,2023-12-31,1.31,447.5,16.1,64.7
HIKAL,2024-03-31,2.75,514.1,33.9,94.4
HIKAL,2024-06-30,0.41,406.8,5.1,58.0
HIKAL,2024-09-30,1.48,452.9,18.3,74.9
HIKAL,2024-12-31,1.39,447.7,17.2,72.1
HIKAL,2025-03-31,4.07,552.4,50.2,123.4
HIKAL,2025-06-30,-1.82,380.4,-22.4,25.1
HIKAL,2025-09-30,-2.83,318.5,-34.9,7.2
HIKAL,2025-12-31,-0.48,494.3,-5.9,82.7
HIMATSEIDE,2022-12-31,0.22,736.78,2.2,103.78
HIMATSEIDE,2023-03-31,2.27,689.65,22.35,122.07
HIMATSEIDE,2023-06-30,2.96,682.14,29.15,147.69
HIMATSEIDE,2023-09-30,2.92,739.14,28.78,147.29
HIMATSEIDE,2023-12-31,3.16,723.31,31.16,156.6
HIMATSEIDE,2024-03-31,2.41,696.87,23.74,144.61
HIMATSEIDE,2024-06-30,2.09,735.46,20.56,146.28
HIMATSEIDE,2024-09-30,2.2,694.33,21.7,138.57
HIMATSEIDE,2024-12-31,1.74,691.5,21.84,111.52
HIMATSEIDE,2025-03-31,0.95,656.91,11.94,117.78
HIMATSEIDE,2025-06-30,0.87,656.94,10.9,120.67
HIMATSEIDE,2025-09-30,3.34,629.57,42.0,99.07
HIMATSEIDE,2025-12-31,0.61,611.37,7.66,95.08
HINDALCO,2022-12-31,6.06,53151.0,1362.0,3548.0
HINDALCO,2023-03-31,10.73,55857.0,2411.0,5327.0
HINDALCO,2023-06-30,10.92,52991.0,2454.0,5714.0
HINDALCO,2023-09-30,9.77,54169.0,2196.0,5612.0
HINDALCO,2023-12-31,10.37,52808.0,2331.0,5865.0
HINDALCO,2024-03-31,14.12,55994.0,3174.0,6680.0
HINDALCO,2024-06-30,13.68,57013.0,3074.0,7503.0
HINDALCO,2024-09-30,17.39,58203.0,3909.0,7883.0
HINDALCO,2024-12-31,16.62,58390.0,3735.0,7583.0
HINDALCO,2025-03-31,23.51,64890.0,5284.0,8836.0
HINDALCO,2025-06-30,17.82,64232.0,4004.0,7906.0
HINDALCO,2025-09-30,21.1,66058.0,4741.0,8966.0
HINDALCO,2025-12-31,9.12,66521.0,2049.0,7991.0
HINDCOMPOS,2023-03-31,6.43,78.0,10.0,13.0
HINDCOMPOS,2023-06-30,6.8,76.0,10.0,15.0
HINDCOMPOS,2023-09-30,6.73,72.0,10.0,14.0
HINDCOMPOS,2023-12-31,4.37,72.0,6.0,11.0
HINDCOMPOS,2024-03-31,5.4,79.0,8.0,12.0
HINDCOMPOS,2024-06-30,5.87,77.0,9.0,14.0
HINDCOMPOS,2024-09-30,6.29,77.0,9.0,13.0
HINDCOMPOS,2024-12-31,7.43,82.0,11.0,16.0
HINDCOMPOS,2025-03-31,4.11,89.0,6.0,16.0
HINDCOMPOS,2025-06-30,5.05,87.0,7.0,14.0
HINDCOMPOS,2025-09-30,3.58,89.0,5.0,11.0
HINDCOMPOS,2025-12-31,4.52,95.0,7.0,15.0
HINDCOMPOS,2026-03-31,7.92,105.0,12.0,16.0
HINDCOPPER,2022-12-31,0.83,557.0,80.0,114.0
HINDCOPPER,2023-03-31,1.37,560.0,132.0,186.0
HINDCOPPER,2023-06-30,0.49,371.0,47.0,93.0
HINDCOPPER,2023-09-30,0.63,381.0,61.0,121.0
HINDCOPPER,2023-12-31,0.65,399.0,63.0,107.0
HINDCOPPER,2024-03-31,1.29,565.0,124.0,226.0
HINDCOPPER,2024-06-30,1.17,494.0,113.0,188.0
HINDCOPPER,2024-09-30,1.05,518.0,102.0,152.0
HINDCOPPER,2024-12-31,0.65,328.0,63.0,108.0
HINDCOPPER,2025-03-31,1.94,731.0,187.0,267.0
HINDCOPPER,2025-06-30,1.39,516.0,134.0,212.0
HINDCOPPER,2025-09-30,1.9,718.0,184.0,282.0
HINDCOPPER,2025-12-31,1.62,687.0,156.0,245.0
HINDOILEXP,2022-12-31,2.82,169.83,37.34,79.61
HINDOILEXP,2023-03-31,8.06,175.09,106.65,135.46
HINDOILEXP,2023-06-30,5.0,167.61,66.07,90.18
HINDOILEXP,2023-09-30,3.27,112.83,43.18,67.98
HINDOILEXP,2023-12-31,3.52,179.08,46.57,70.64
HINDOILEXP,2024-03-31,5.34,289.61,70.61,74.67
HINDOILEXP,2024-06-30,3.17,136.15,41.92,62.38
HINDOILEXP,2024-09-30,0.82,94.81,10.81,31.7
HINDOILEXP,2024-12-31,3.28,146.52,43.32,74.02
HINDOILEXP,2025-03-31,3.87,43.39,51.16,4.78
HINDOILEXP,2025-06-30,3.32,78.65,43.87,32.18
HINDOILEXP,2025-09-30,0.21,315.01,2.83,22.75
HINDOILEXP,2025-12-31,0.63,75.38,8.28,27.26
HINDPETRO,2022-12-31,2.09,109688.0,444.0,1674.0
HINDPETRO,2023-03-31,16.96,108056.0,3608.0,5130.0
HINDPETRO,2023-06-30,31.8,112079.0,6766.0,9646.0
HINDPETRO,2023-09-30,27.38,95752.0,5827.0,8240.0
HINDPETRO,2023-12-31,3.35,111348.0,713.0,2160.0
HINDPETRO,2024-03-31,12.73,114678.0,2709.0,4882.0
HINDPETRO,2024-06-30,2.98,113888.0,634.0,2089.0
HINDPETRO,2024-09-30,0.67,99957.0,143.0,2296.0
HINDPETRO,2024-12-31,11.95,110608.0,2544.0,5495.0
HINDPETRO,2025-03-31,16.05,109633.0,3415.0,5795.0
HINDPETRO,2025-06-30,19.32,110825.0,4111.0,7461.0
HINDPETRO,2025-09-30,18.14,100856.0,3859.0,6852.0
HINDPETRO,2025-12-31,18.85,115153.0,4011.0,6998.0
HINDUNILVR,2023-03-31,11.07,15215.0,2601.0,3572.0
HINDUNILVR,2023-06-30,10.87,15496.0,2556.0,3664.0
HINDUNILVR,2023-09-30,11.3,15623.0,2657.0,3795.0
HINDUNILVR,2023-12-31,10.68,15567.0,2508.0,3665.0
HINDUNILVR,2024-03-31,10.89,15210.0,2561.0,3535.0
HINDUNILVR,2024-06-30,11.11,15707.0,2612.0,3742.0
HINDUNILVR,2024-09-30,11.03,15926.0,2595.0,3787.0
HINDUNILVR,2024-12-31,12.7,15556.0,2989.0,3689.0
HINDUNILVR,2025-03-31,10.49,15190.0,2475.0,3618.0
HINDUNILVR,2025-06-30,11.73,16514.0,2768.0,3717.0
HINDUNILVR,2025-09-30,11.43,15919.0,2694.0,3782.0
HINDUNILVR,2025-12-31,28.12,16441.0,6603.0,3781.0
HINDUNILVR,2026-03-31,12.73,16351.0,2994.0,3837.0
HINDWAREAP,2022-12-31,0.93,712.53,7.78,49.69
HINDWAREAP,2023-03-31,2.72,767.85,22.75,82.61
HINDWAREAP,2023-06-30,0.03,622.96,0.67,62.54
HINDWAREAP,2023-09-30,2.29,693.21,19.7,74.41
HINDWAREAP,2023-12-31,0.54,692.93,4.53,50.63
HINDWAREAP,2024-03-31,0.26,772.43,2.73,74.85
HINDWAREAP,2024-06-30,-0.48,599.91,-3.91,43.01
HINDWAREAP,2024-09-30,-1.86,629.83,-15.55,29.71
HINDWAREAP,2024-12-31,-2.12,594.23,-17.73,29.41
HINDWAREAP,2025-03-31,-3.7,699.02,-30.82,40.89
HINDWAREAP,2025-06-30,-3.48,531.16,-29.07,48.75
HINDWAREAP,2025-09-30,0.59,676.31,5.04,56.41
HINDWAREAP,2025-12-31,0.42,640.08,3.6,48.17
HINDZINC,2023-03-31,6.11,8509.0,2583.0,4255.0
HINDZINC,2023-06-30,4.65,7282.0,1964.0,3347.0
HINDZINC,2023-09-30,4.09,6791.0,1729.0,3139.0
HINDZINC,2023-12-31,4.8,7310.0,2028.0,3521.0
HINDZINC,2024-03-31,4.82,7549.0,2038.0,3649.0
HINDZINC,2024-06-30,5.55,8130.0,2345.0,3946.0
HINDZINC,2024-09-30,5.51,8252.0,2327.0,4123.0
HINDZINC,2024-12-31,6.34,8614.0,2678.0,4499.0
HINDZINC,2025-03-31,7.11,9087.0,3003.0,4820.0
HINDZINC,2025-06-30,5.29,7771.0,2234.0,3859.0
HINDZINC,2025-09-30,6.27,8549.0,2649.0,4445.0
HINDZINC,2025-12-31,9.27,10980.0,3916.0,6054.0
HINDZINC,2026-03-31,11.91,13544.0,5033.0,7706.0
HIRECT,2023-12-31,0.44,137.0,2.0,13.0
HIRECT,2024-03-31,1.49,151.0,5.0,14.0
HIRECT,2024-06-30,2.02,136.0,7.0,14.0
HIRECT,2024-09-30,2.97,166.0,10.0,18.0
HIRECT,2024-12-31,2.92,169.0,10.0,18.0
HIRECT,2025-03-31,2.91,185.0,10.0,20.0
HIRECT,2025-06-30,3.72,215.0,13.0,24.0
HIRECT,2025-09-30,4.28,227.0,15.0,26.0
HIRECT,2025-12-31,3.69,277.0,13.0,26.0
HITECH,2022-12-31,1.06,569.0,13.0,28.0
HITECH,2023-03-31,1.24,702.0,16.0,34.0
HITECH,2023-06-30,0.61,642.0,8.0,21.0
HITECH,2023-09-30,0.8,746.0,11.0,27.0
HITECH,2023-12-31,1.05,630.0,14.0,32.0
HITECH,2024-03-31,0.74,681.0,11.0,35.0
HITECH,2024-06-30,1.14,867.0,18.0,43.0
HITECH,2024-09-30,1.03,706.0,18.0,42.0
HITECH,2024-12-31,0.94,761.0,19.0,40.0
HITECH,2025-03-31,0.87,734.0,18.0,35.0
HITECH,2025-06-30,1.03,791.0,21.0,41.0
HITECH,2025-09-30,1.0,859.0,20.0,44.0
HITECH,2025-12-31,0.86,1070.0,17.0,42.0
HITECHCORP,2014-06-30,1.53,116.32,2.38,11.42
HITECHCORP,2014-09-30,1.63,136.92,2.49,12.12
HITECHCORP,2014-12-31,1.54,115.74,2.2,10.83
HITECHCORP,2015-03-31,0.11,95.84,-0.17,5.89
HITECHCORP,2015-06-30,2.11,102.87,3.03,11.04
HITECHCORP,2015-09-30,3.24,107.96,5.24,13.23
HITECHCORP,2024-06-30,2.26,142.62,3.89,16.15
HITECHCORP,2024-09-30,1.62,146.51,2.78,16.77
HITECHCORP,2024-12-31,0.73,123.0,1.26,13.04
HITECHCORP,2025-03-31,0.59,149.29,1.01,15.77
HITECHCORP,2025-06-30,2.77,164.9,4.75,20.48
HITECHCORP,2025-09-30,2.43,164.38,4.17,19.93
HITECHCORP,2025-12-31,-1.53,145.12,-2.62,12.79
HLEGLAS,2022-12-31,1.8,214.23,12.28,25.81
HLEGLAS,2023-03-31,3.34,298.34,22.79,44.36
HLEGLAS,2023-06-30,1.36,197.19,9.29,23.19
HLEGLAS,2023-09-30,1.47,224.42,10.82,26.46
HLEGLAS,2023-12-31,0.44,239.23,5.97,24.68
HLEGLAS,2024-03-31,1.45,306.9,14.8,36.49
HLEGLAS,2024-06-30,0.5,227.07,5.42,21.85
HLEGLAS,2024-09-30,1.86,235.78,14.42,34.1
HLEGLAS,2024-12-31,1.24,231.03,10.28,25.64
HLEGLAS,2025-03-31,2.98,333.71,31.64,52.0
HLEGLAS,2025-06-30,2.16,283.95,17.86,37.6
HLEGLAS,2025-09-30,1.73,350.78,13.96,38.24
HLEGLAS,2025-12-31,0.41,326.57,4.6,21.1
HLVLTD,2006-06-30,0.33,85.0,62.0,40.0
HLVLTD,2018-06-30,-1.06,35.0,-67.0,-71.0
HLVLTD,2018-09-30,-1.06,36.0,-67.0,-73.0
HLVLTD,2019-03-31,-0.47,43.0,-30.0,1.0
HLVLTD,2019-06-30,-0.12,32.0,-8.0,-11.0
HLVLTD,2019-09-30,0.26,33.0,17.0,-7.0
HLVLTD,2019-12-31,3.19,44.0,201.0,-11.0
HLVLTD,2020-03-31,-0.27,38.0,-17.0,-15.0
HMAAGRO,2022-12-31,0.62,768.0,29.0,40.0
HMAAGRO,2023-03-31,0.22,839.0,10.0,38.0
HMAAGRO,2023-06-30,0.88,971.0,44.0,64.0
HMAAGRO,2023-09-30,0.19,1200.0,6.0,23.0
HMAAGRO,2023-12-31,0.92,1252.0,49.0,49.0
HMAAGRO,2024-03-31,0.02,1390.0,2.0,-3.0
HMAAGRO,2024-06-30,0.03,713.0,1.0,8.0
HMAAGRO,2024-09-30,1.04,1466.0,53.0,58.0
HMAAGRO,2024-12-31,0.41,1455.0,21.0,32.0
HMAAGRO,2025-03-31,0.26,1500.0,12.0,5.0
HMAAGRO,2025-06-30,0.02,1123.0,1.0,5.0
HMAAGRO,2025-09-30,1.79,2155.0,90.0,95.0
HMAAGRO,2025-12-31,1.32,2059.0,67.0,64.0
HMVL,2022-12-31,-0.09,181.57,-0.68,-14.68
HMVL,2023-03-31,1.64,188.13,12.08,-10.02
HMVL,2023-06-30,0.86,168.56,6.36,-11.91
HMVL,2023-09-30,-0.86,164.53,-6.33,-26.18
HMVL,2023-12-31,-0.11,182.95,-0.82,-15.24
HMVL,2024-03-31,1.46,188.05,10.74,-21.4
HMVL,2024-06-30,0.07,162.18,0.52,-18.25
HMVL,2024-09-30,1.88,171.99,13.87,-14.48
HMVL,2024-12-31,2.44,197.47,17.99,1.81
HMVL,2025-03-31,6.16,201.25,45.4,-1.13
HMVL,2025-06-30,1.39,182.99,10.24,-9.0
HMVL,2025-09-30,1.37,196.87,10.08,-9.7
HMVL,2025-12-31,0.12,212.24,0.89,-0.76
HNDFDS,2022-12-31,1.51,679.0,17.0,44.0
HNDFDS,2023-03-31,1.79,660.0,20.0,49.0
HNDFDS,2023-06-30,2.07,619.0,23.0,50.0
HNDFDS,2023-09-30,2.19,675.0,25.0,54.0
HNDFDS,2023-12-31,1.95,729.0,22.0,57.0
HNDFDS,2024-03-31,2.0,731.0,23.0,61.0
HNDFDS,2024-06-30,2.38,868.0,27.0,73.0
HNDFDS,2024-09-30,2.0,883.0,23.0,70.0
HNDFDS,2024-12-31,2.44,880.0,29.0,73.0
HNDFDS,2025-03-31,2.62,933.0,31.0,77.0
HNDFDS,2025-06-30,2.66,995.0,32.0,80.0
HNDFDS,2025-09-30,2.95,1039.0,35.0,86.0
HNDFDS,2025-12-31,3.02,998.0,36.0,91.0
HONASA,2022-12-31,0.69,382.0,7.0,12.0
HONASA,2023-03-31,-11.73,388.0,-162.0,-3.0
HONASA,2023-06-30,1.9,464.0,25.0,29.0
HONASA,2023-09-30,2.16,496.0,29.0,40.0
HONASA,2023-12-31,0.8,488.0,26.0,34.0
HONASA,2024-03-31,0.94,471.0,30.0,33.0
HONASA,2024-06-30,1.24,554.0,40.0,46.0
HONASA,2024-09-30,-0.57,462.0,-19.0,-31.0
HONASA,2024-12-31,0.8,518.0,26.0,26.0
HONASA,2025-03-31,0.77,534.0,25.0,27.0
HONASA,2025-06-30,1.27,595.0,41.0,46.0
HONASA,2025-09-30,1.21,538.0,39.0,48.0
HONASA,2025-12-31,1.54,602.0,50.0,65.0
HPAL,2023-06-30,0.49,59.32,4.51,6.28
HPAL,2023-09-30,0.57,62.6,5.24,7.34
HPAL,2023-12-31,0.57,54.75,5.21,7.78
HPAL,2024-03-31,0.61,59.31,5.61,8.81
HPAL,2024-06-30,0.61,60.52,5.61,7.54
HPAL,2024-09-30,0.45,58.93,4.17,6.53
HPAL,2024-12-31,0.46,66.65,4.21,6.25
HPAL,2025-03-31,0.46,66.83,4.25,5.77
HPAL,2025-06-30,0.46,66.1,4.19,6.52
HPAL,2025-09-30,0.38,65.06,3.53,6.37
HPAL,2025-12-31,0.18,65.37,1.62,3.95
HPIL,2022-03-31,0.78,30.94,0.81,0.8
HPIL,2022-06-30,-0.14,18.35,-0.15,0.04
HPIL,2022-09-30,0.58,23.12,0.6,0.62
HPIL,2022-12-31,0.19,15.62,0.2,0.5
HPIL,2023-03-31,1.75,43.69,1.82,2.65
HPIL,2023-06-30,0.58,27.49,0.6,1.31
HPIL,2023-09-30,0.0,30.04,0.0,0.44
HPIL,2023-12-31,0.66,15.21,0.69,1.38
HPIL,2024-03-31,0.22,26.76,0.25,0.77
HPL,2022-12-31,0.99,302.0,6.0,37.0
HPL,2023-03-31,1.75,363.0,11.0,45.0
HPL,2023-06-30,1.08,321.0,7.0,40.0
HPL,2023-09-30,1.71,350.0,11.0,47.0
HPL,2023-12-31,1.86,366.0,12.0,50.0
HPL,2024-03-31,2.13,424.0,14.0,55.0
HPL,2024-06-30,2.65,393.0,17.0,56.0
HPL,2024-09-30,3.35,422.0,22.0,61.0
HPL,2024-12-31,2.81,392.0,18.0,56.0
HPL,2025-03-31,5.78,493.0,37.0,82.0
HPL,2025-06-30,2.87,383.0,18.0,58.0
HPL,2025-09-30,3.46,434.0,22.0,66.0
HPL,2025-12-31,3.02,474.0,20.0,72.0
HSCL,2023-03-31,1.76,1029.0,76.0,126.0
HSCL,2023-06-30,1.96,951.0,86.0,134.0
HSCL,2023-09-30,2.29,1005.0,101.0,158.0
HSCL,2023-12-31,2.47,1053.0,109.0,174.0
HSCL,2024-03-31,2.34,1177.0,115.0,180.0
HSCL,2024-06-30,2.48,1200.0,123.0,192.0
HSCL,2024-09-30,2.74,1137.0,136.0,208.0
HSCL,2024-12-31,2.88,1141.0,141.0,221.0
HSCL,2025-03-31,3.15,1135.0,155.0,233.0
HSCL,2025-06-30,3.68,1118.0,179.0,245.0
HSCL,2025-09-30,3.57,1071.0,176.0,233.0
HSCL,2025-12-31,3.81,1184.0,192.0,243.0
HSCL,2026-03-31,3.98,1288.0,208.0,242.0
HTMEDIA,2022-12-31,-0.94,440.0,-24.0,-20.0
HTMEDIA,2023-03-31,-0.64,441.0,-21.0,-39.0
HTMEDIA,2023-06-30,-0.79,393.0,-19.0,-25.0
HTMEDIA,2023-09-30,-2.16,394.0,-57.0,-34.0
HTMEDIA,2023-12-31,-0.56,443.0,-15.0,-15.0
HTMEDIA,2024-03-31,0.05,464.0,0.0,1.0
HTMEDIA,2024-06-30,-1.1,379.0,-28.0,-41.0
HTMEDIA,2024-09-30,-0.33,424.0,-6.0,-23.0
HTMEDIA,2024-12-31,-0.26,490.0,-3.0,6.0
HTMEDIA,2025-03-31,1.76,514.0,51.0,26.0
HTMEDIA,2025-06-30,-0.57,412.0,-11.0,-30.0
HTMEDIA,2025-09-30,-0.17,452.0,-4.0,-4.0
HTMEDIA,2025-12-31,-1.0,497.0,-24.0,15.0
HUBTOWN,2022-12-31,1.52,120.0,14.0,30.0
HUBTOWN,2023-03-31,0.64,82.0,5.0,13.0
HUBTOWN,2023-06-30,-0.19,65.0,-1.0,24.0
HUBTOWN,2023-09-30,0.34,56.0,3.0,21.0
HUBTOWN,2023-12-31,0.28,31.0,3.0,8.0
HUBTOWN,2024-03-31,-11.08,106.0,-90.0,-155.0
HUBTOWN,2024-06-30,0.68,120.0,5.0,14.0
HUBTOWN,2024-09-30,1.29,99.0,19.0,61.0
HUBTOWN,2024-12-31,1.61,92.0,20.0,33.0
HUBTOWN,2025-03-31,0.26,97.0,2.0,8.0
HUBTOWN,2025-06-30,5.85,187.0,82.0,41.0
HUBTOWN,2025-09-30,1.69,209.0,32.0,31.0
HUBTOWN,2025-12-31,1.57,88.0,23.0,2.0
HUDCO,2022-12-31,1.27,,254.0,
HUDCO,2023-03-31,3.19,,639.0,
HUDCO,2023-06-30,2.23,,446.0,
HUDCO,2023-09-30,2.26,,452.0,
HUDCO,2023-12-31,2.59,,519.0,
HUDCO,2024-03-31,3.5,,700.0,
HUDCO,2024-06-30,2.79,,558.0,
HUDCO,2024-09-30,3.44,,689.0,
HUDCO,2024-12-31,3.67,,735.0,
HUDCO,2025-03-31,3.64,,728.0,
HUDCO,2025-06-30,3.15,,630.0,
HUDCO,2025-09-30,3.55,,710.0,
HUDCO,2025-12-31,3.56,,713.0,
HUHTAMAKI,2013-12-31,2.66,281.0,17.0,27.0
HUHTAMAKI,2014-03-31,2.7,292.0,17.0,32.0
HUHTAMAKI,2014-06-30,2.98,309.0,19.0,32.0
HUHTAMAKI,2014-09-30,1.82,314.0,14.0,27.0
HUHTAMAKI,2014-12-31,2.45,310.0,18.0,29.0
HUHTAMAKI,2015-03-31,2.82,442.0,21.0,54.0
HUHTAMAKI,2015-06-30,2.74,545.0,21.0,63.0
HUHTAMAKI,2015-09-30,2.2,522.0,16.0,50.0
HUHTAMAKI,2015-12-31,2.83,528.0,20.0,65.0
HUHTAMAKI,2016-03-31,4.71,526.0,35.0,79.0
HUHTAMAKI,2016-06-30,2.51,572.0,20.0,59.0
HUHTAMAKI,2016-09-30,2.31,557.0,18.0,56.0
HUHTAMAKI,2016-12-31,2.1,523.0,16.0,53.0
HYBRIDFIN,2022-09-30,0.13,0.96,0.39,0.45
HYBRIDFIN,2022-12-31,-0.05,0.89,-0.14,0.34
HYBRIDFIN,2023-03-31,0.03,0.71,0.09,0.01
HYBRIDFIN,2023-06-30,0.07,0.91,0.22,0.22
HYBRIDFIN,2023-09-30,0.18,1.11,0.52,0.52
HYBRIDFIN,2023-12-31,0.11,1.06,0.32,0.36
HYBRIDFIN,2024-03-31,0.3,2.02,0.88,1.13
HYBRIDFIN,2024-06-30,0.46,1.39,1.34,0.66
HYBRIDFIN,2024-09-30,0.38,1.79,1.11,1.14
HYBRIDFIN,2024-12-31,0.11,1.28,0.32,0.51
HYBRIDFIN,2025-03-31,0.36,1.96,1.07,1.09
HYBRIDFIN,2025-06-30,0.25,1.48,0.74,0.74
HYBRIDFIN,2025-09-30,0.37,1.8,1.09,1.07
HYUNDAI,2023-06-30,,16624.0,1329.0,1997.0
HYUNDAI,2023-09-30,,18660.0,1628.0,2440.0
HYUNDAI,2023-12-31,,16875.0,1425.0,2173.0
HYUNDAI,2024-03-31,,17671.0,1677.0,2522.0
HYUNDAI,2024-06-30,18.33,17344.0,1490.0,2340.0
HYUNDAI,2024-09-30,16.93,17260.0,1375.0,2205.0
HYUNDAI,2024-12-31,14.29,16648.0,1161.0,1876.0
HYUNDAI,2025-03-31,19.87,17940.0,1614.0,2533.0
HYUNDAI,2025-06-30,16.85,16413.0,1369.0,2185.0
HYUNDAI,2025-09-30,19.35,17461.0,1572.0,2429.0
HYUNDAI,2025-12-31,15.19,17973.0,1234.0,2018.0
IBULLSLTD,2023-03-31,-7.05,0.0,-71.0,-4.0
IBULLSLTD,2023-06-30,-0.55,0.0,-6.0,-1.0
IBULLSLTD,2023-09-30,-0.57,0.0,-6.0,-1.0
IBULLSLTD,2023-12-31,-0.37,0.0,-4.0,-2.0
IBULLSLTD,2024-03-31,-0.67,0.0,-7.0,-1.0
IBULLSLTD,2024-06-30,-0.53,0.0,-5.0,0.0
IBULLSLTD,2024-09-30,-1.17,115.0,-13.0,12.0
IBULLSLTD,2024-12-31,-0.37,106.0,-3.0,24.0
IBULLSLTD,2025-03-31,-16.26,102.0,-164.0,-182.0
IBULLSLTD,2025-06-30,0.04,92.0,-2.0,14.0
IBULLSLTD,2025-09-30,0.07,236.0,75.0,107.0
IBULLSLTD,2025-12-31,0.34,97.0,78.0,-14.0
IBULLSLTD,2026-03-31,0.84,409.0,194.0,170.0
ICEMAKE,2022-12-31,2.81,66.68,4.43,7.31
ICEMAKE,2023-03-31,5.47,113.56,8.63,12.15
ICEMAKE,2023-06-30,3.4,79.14,5.36,8.18
ICEMAKE,2023-09-30,2.86,76.89,4.49,7.58
ICEMAKE,2023-12-31,1.28,82.43,2.02,4.3
ICEMAKE,2024-03-31,9.06,139.92,14.26,20.69
ICEMAKE,2024-06-30,2.35,85.23,3.64,6.04
ICEMAKE,2024-09-30,3.05,103.39,4.79,8.45
ICEMAKE,2024-12-31,1.82,110.56,2.81,6.67
ICEMAKE,2025-03-31,7.42,180.35,11.67,21.39
ICEMAKE,2025-06-30,-0.9,111.5,-1.47,4.4
ICEMAKE,2025-09-30,1.29,147.49,2.03,9.61
ICEMAKE,2025-12-31,0.93,153.36,1.45,9.9
ICICIAMC,2024-09-30,751.81,2458.0,1327.0,1838.0
ICICIAMC,2025-09-30,91.65,2949.0,1618.0,2210.0
ICICIBANK,2023-03-31,14.11,,10236.0,
ICICIBANK,2023-06-30,15.2,,11014.0,
ICICIBANK,2023-09-30,15.56,,11351.0,
ICICIBANK,2023-12-31,15.76,,11515.0,
ICICIBANK,2024-03-31,16.62,,12200.0,
ICICIBANK,2024-06-30,16.62,,12463.0,
ICICIBANK,2024-09-30,18.38,,13906.0,
ICICIBANK,2024-12-31,18.25,,13847.0,
ICICIBANK,2025-03-31,18.96,,14354.0,
ICICIBANK,2025-06-30,19.0,,14456.0,
ICICIBANK,2025-09-30,18.7,,14318.0,
ICICIBANK,2025-12-31,17.53,,13481.0,
ICICIBANK,2026-03-31,20.61,,15681.0,
ICICIPRULI,2023-03-31,1.64,10984.0,235.0,-416.0
ICICIPRULI,2023-06-30,1.43,23384.0,206.0,-280.0
ICICIPRULI,2023-09-30,1.69,17388.0,244.0,-293.0
ICICIPRULI,2023-12-31,1.58,26430.0,227.0,-155.0
ICICIPRULI,2024-03-31,1.21,22482.0,174.0,-278.0
ICICIPRULI,2024-06-30,1.56,25396.0,224.0,34.0
ICICIPRULI,2024-09-30,1.74,25158.0,251.0,319.0
ICICIPRULI,2024-12-31,2.25,4536.0,325.0,241.0
ICICIPRULI,2025-03-31,2.67,15687.0,385.0,415.0
ICICIPRULI,2025-06-30,2.08,25401.0,301.0,213.0
ICICIPRULI,2025-09-30,2.04,11936.0,296.0,-19.0
ICICIPRULI,2025-12-31,2.67,22834.0,387.0,741.0
ICICIPRULI,2026-03-31,4.3,3185.0,624.0,-754.0
ICIL,2022-12-31,1.9,657.0,38.0,73.0
ICIL,2023-03-31,4.78,807.0,95.0,144.0
ICIL,2023-06-30,3.72,741.0,74.0,125.0
ICIL,2023-09-30,5.77,1009.0,114.0,165.0
ICIL,2023-12-31,2.93,713.0,58.0,104.0
ICIL,2024-03-31,4.64,1093.0,92.0,165.0
ICIL,2024-06-30,3.93,941.0,78.0,145.0
ICIL,2024-09-30,4.06,1036.0,80.0,157.0
ICIL,2024-12-31,3.57,1152.0,71.0,146.0
ICIL,2025-03-31,0.57,1023.0,11.0,82.0
ICIL,2025-06-30,1.97,959.0,39.0,111.0
ICIL,2025-09-30,1.97,1062.0,39.0,104.0
ICIL,2025-12-31,1.23,1063.0,24.0,91.0
ICRA,2022-12-31,40.29,103.0,39.0,36.0
ICRA,2023-03-31,39.76,109.0,39.0,38.0
ICRA,2023-06-30,41.77,103.0,41.0,35.0
ICRA,2023-09-30,32.92,105.0,32.0,34.0
ICRA,2023-12-31,33.31,115.0,32.0,30.0
ICRA,2024-03-31,48.56,124.0,47.0,50.0
ICRA,2024-06-30,36.8,115.0,36.0,35.0
ICRA,2024-09-30,38.05,126.0,37.0,41.0
ICRA,2024-12-31,43.55,121.0,42.0,42.0
ICRA,2025-03-31,57.75,136.0,56.0,59.0
ICRA,2025-06-30,43.97,124.0,43.0,40.0
ICRA,2025-09-30,49.54,137.0,48.0,49.0
ICRA,2025-12-31,40.22,164.0,39.0,57.0
IDBI,2023-03-31,1.13,,1223.0,
IDBI,2023-06-30,1.14,,1234.0,
IDBI,2023-09-30,1.29,,1393.0,
IDBI,2023-12-31,1.4,,1515.0,
IDBI,2024-03-31,1.55,,1672.0,
IDBI,2024-06-30,1.61,,1739.0,
IDBI,2024-09-30,1.73,,1869.0,
IDBI,2024-12-31,1.81,,1954.0,
IDBI,2025-03-31,1.94,,2094.0,
IDBI,2025-06-30,1.88,,2024.0,
IDBI,2025-09-30,3.0,,3241.0,
IDBI,2025-12-31,1.82,,1959.0,
IDBI,2026-03-31,1.87,,2013.0,
IDEA,2022-12-31,-2.49,10621.0,-7990.0,4181.0
IDEA,2023-03-31,-1.32,10532.0,-6419.0,4210.0
IDEA,2023-06-30,-1.61,10656.0,-7840.0,4156.0
IDEA,2023-09-30,-1.79,10716.0,-8738.0,4282.0
IDEA,2023-12-31,-1.44,10673.0,-6986.0,4349.0
IDEA,2024-03-31,-1.53,10607.0,-7675.0,4333.0
IDEA,2024-06-30,-0.95,10508.0,-6432.0,4205.0
IDEA,2024-09-30,-1.03,10932.0,-7176.0,4550.0
IDEA,2024-12-31,-0.95,11117.0,-6609.0,4712.0
IDEA,2025-03-31,-1.0,11014.0,-7166.0,4660.0
IDEA,2025-06-30,-0.61,11022.0,-6608.0,4612.0
IDEA,2025-09-30,-0.51,11195.0,-5524.0,4684.0
IDEA,2025-12-31,-0.49,11323.0,-5286.0,4817.0
IDEAFORGE,2023-03-31,-2.54,39.0,-5.0,1.0
IDEAFORGE,2023-06-30,4.95,97.0,19.0,28.0
IDEAFORGE,2023-09-30,0.21,24.0,1.0,-8.0
IDEAFORGE,2023-12-31,3.45,91.0,15.0,20.0
IDEAFORGE,2024-03-31,2.41,102.0,10.0,15.0
IDEAFORGE,2024-06-30,0.27,86.0,1.0,2.0
IDEAFORGE,2024-09-30,-3.19,37.0,-14.0,-16.0
IDEAFORGE,2024-12-31,-5.58,18.0,-24.0,-17.0
IDEAFORGE,2025-03-31,-5.97,20.0,-26.0,-22.0
IDEAFORGE,2025-06-30,-5.45,13.0,-24.0,-19.0
IDEAFORGE,2025-09-30,-4.54,41.0,-20.0,-11.0
IDEAFORGE,2025-12-31,-7.83,32.0,-34.0,-27.0
IDEAFORGE,2026-03-31,13.86,141.0,60.0,62.0
IDFCFIRSTB,2023-03-31,1.23,,816.0,
IDFCFIRSTB,2023-06-30,1.1,,732.0,
IDFCFIRSTB,2023-09-30,1.11,,747.0,
IDFCFIRSTB,2023-12-31,1.04,,732.0,
IDFCFIRSTB,2024-03-31,1.04,,732.0,
IDFCFIRSTB,2024-06-30,0.91,,643.0,
IDFCFIRSTB,2024-09-30,0.28,,212.0,
IDFCFIRSTB,2024-12-31,0.46,,340.0,
IDFCFIRSTB,2025-03-31,0.4,,296.0,
IDFCFIRSTB,2025-06-30,0.62,,453.0,
IDFCFIRSTB,2025-09-30,0.47,,348.0,
IDFCFIRSTB,2025-12-31,0.56,,479.0,
IDFCFIRSTB,2026-03-31,0.38,,331.0,
IEX,2023-03-31,0.99,107.0,88.0,93.0
IEX,2023-06-30,0.85,104.0,76.0,82.0
IEX,2023-09-30,0.97,109.0,86.0,92.0
IEX,2023-12-31,1.03,115.0,92.0,99.0
IEX,2024-03-31,1.08,121.0,97.0,105.0
IEX,2024-06-30,1.08,124.0,96.0,99.0
IEX,2024-09-30,1.21,139.0,108.0,120.0
IEX,2024-12-31,1.2,132.0,107.0,113.0
IEX,2025-03-31,1.31,142.0,117.0,121.0
IEX,2025-06-30,1.35,142.0,121.0,115.0
IEX,2025-09-30,1.38,154.0,123.0,133.0
IEX,2025-12-31,1.34,146.0,119.0,122.0
IEX,2026-03-31,1.46,174.0,130.0,149.0
IFBAGRO,2022-12-31,8.72,280.68,8.17,14.8
IFBAGRO,2023-03-31,10.85,226.11,10.16,16.45
IFBAGRO,2023-06-30,2.03,231.86,1.9,1.38
IFBAGRO,2023-09-30,-2.24,239.24,-2.1,-0.58
IFBAGRO,2023-12-31,-5.39,244.49,-5.05,-5.02
IFBAGRO,2024-03-31,-3.02,216.05,-2.83,-6.26
IFBAGRO,2024-06-30,8.9,265.23,8.34,9.34
IFBAGRO,2024-09-30,2.23,266.79,2.09,4.99
IFBAGRO,2024-12-31,12.04,294.97,11.28,13.22
IFBAGRO,2025-03-31,0.67,232.23,0.63,8.8
IFBAGRO,2025-06-30,18.34,292.78,17.18,21.82
IFBAGRO,2025-09-30,24.23,401.98,22.7,37.31
IFBAGRO,2025-12-31,7.79,341.73,7.3,18.21
IFBIND,2022-12-31,-0.28,999.0,-1.0,30.0
IFBIND,2023-03-31,-2.45,1010.0,-10.0,26.0
IFBIND,2023-06-30,-0.15,1086.0,-1.0,30.0
IFBIND,2023-09-30,5.31,1101.0,22.0,63.0
IFBIND,2023-12-31,4.31,1161.0,17.0,58.0
IFBIND,2024-03-31,2.96,1090.0,12.0,42.0
IFBIND,2024-06-30,9.26,1269.0,38.0,79.0
IFBIND,2024-09-30,7.75,1219.0,31.0,66.0
IFBIND,2024-12-31,7.67,1270.0,31.0,83.0
IFBIND,2025-03-31,4.66,1334.0,19.0,56.0
IFBIND,2025-06-30,6.46,1338.0,26.0,62.0
IFBIND,2025-09-30,12.53,1370.0,51.0,98.0
IFBIND,2025-12-31,5.91,1413.0,24.0,74.0
IFCI,2023-03-31,-1.16,,-241.0,
IFCI,2023-06-30,-0.64,,-129.0,
IFCI,2023-09-30,0.44,,174.0,
IFCI,2023-12-31,0.08,,39.0,
IFCI,2024-03-31,0.61,,157.0,
IFCI,2024-06-30,-0.41,,-88.0,
IFCI,2024-09-30,0.32,,185.0,
IFCI,2024-12-31,-0.12,,-9.0,
IFCI,2025-03-31,0.84,,260.0,
IFCI,2025-06-30,0.15,,62.0,
IFCI,2025-09-30,0.53,,317.0,
IFCI,2025-12-31,-0.06,,21.0,
IFCI,2026-03-31,0.05,,34.0,
IFGLEXPOR,2022-12-31,2.19,315.97,15.79,34.32
IFGLEXPOR,2023-03-31,4.08,368.13,29.42,48.37
IFGLEXPOR,2023-06-30,4.11,423.85,29.61,55.99
IFGLEXPOR,2023-09-30,5.27,455.52,38.0,67.78
IFGLEXPOR,2023-12-31,0.21,366.18,1.52,-4.18
IFGLEXPOR,2024-03-31,1.74,393.94,12.54,34.78
IFGLEXPOR,2024-06-30,3.42,414.54,24.65,46.1
IFGLEXPOR,2024-09-30,1.68,411.12,12.08,32.61
IFGLEXPOR,2024-12-31,-0.3,378.84,-2.18,16.68
IFGLEXPOR,2025-03-31,1.17,448.53,8.43,33.23
IFGLEXPOR,2025-06-30,1.5,454.01,10.81,36.0
IFGLEXPOR,2025-09-30,1.76,488.63,12.69,37.99
IFGLEXPOR,2025-12-31,-0.43,468.64,-3.08,23.08
IGCL,2024-03-31,5.5,138.83,12.94,20.31
IGCL,2024-06-30,0.28,132.13,1.35,5.96
IGCL,2024-09-30,3.42,232.85,16.67,27.43
IGCL,2024-12-31,0.75,99.21,3.66,10.06
IGCL,2025-03-31,2.01,126.23,9.8,20.85
IGCL,2025-06-30,0.79,189.37,3.87,9.93
IGCL,2025-09-30,3.27,248.34,20.69,32.01
IGCL,2025-12-31,0.61,116.1,3.86,11.71
IGIL,2023-12-31,,250.0,78.0,128.0
IGIL,2024-03-31,,278.0,126.0,173.0
IGIL,2024-06-30,1.96,260.0,78.0,127.0
IGIL,2024-09-30,2.76,250.0,110.0,147.0
IGIL,2024-12-31,2.63,265.0,114.0,152.0
IGIL,2025-03-31,3.26,305.0,141.0,196.0
IGIL,2025-06-30,2.93,301.0,127.0,174.0
IGIL,2025-09-30,3.0,304.0,130.0,176.0
IGIL,2025-12-31,3.11,320.0,135.0,191.0
IGL,2022-12-31,2.39,3711.0,334.0,428.0
IGL,2023-03-31,2.84,3682.0,398.0,461.0
IGL,2023-06-30,3.73,3407.0,522.0,642.0
IGL,2023-09-30,3.95,3459.0,553.0,657.0
IGL,2023-12-31,3.4,3556.0,475.0,562.0
IGL,2024-03-31,3.1,3597.0,433.0,521.0
IGL,2024-06-30,3.44,3517.0,480.0,576.0
IGL,2024-09-30,3.25,3698.0,454.0,535.0
IGL,2024-12-31,2.33,3759.0,325.0,362.0
IGL,2025-03-31,3.25,3948.0,453.0,493.0
IGL,2025-06-30,3.06,3914.0,428.0,511.0
IGL,2025-09-30,2.76,4023.0,385.0,441.0
IGL,2025-12-31,2.81,4068.0,392.0,471.0
IGPL,2022-12-31,8.28,518.0,25.0,49.0
IGPL,2023-03-31,12.39,605.0,38.0,64.0
IGPL,2023-06-30,11.57,555.0,36.0,59.0
IGPL,2023-09-30,3.27,502.0,10.0,26.0
IGPL,2023-12-31,-4.95,488.0,-15.0,-6.0
IGPL,2024-03-31,2.94,554.0,9.0,26.0
IGPL,2024-06-30,11.37,585.0,35.0,62.0
IGPL,2024-09-30,8.5,583.0,26.0,63.0
IGPL,2024-12-31,9.27,558.0,29.0,47.0
IGPL,2025-03-31,6.16,480.0,19.0,47.0
IGPL,2025-06-30,-4.22,470.0,-13.0,-1.0
IGPL,2025-09-30,-0.65,465.0,-2.0,20.0
IGPL,2025-12-31,-3.53,465.0,-11.0,8.0
IIFL,2023-03-31,9.76,,458.0,
IIFL,2023-06-30,10.06,,473.0,
IIFL,2023-09-30,11.2,,526.0,
IIFL,2023-12-31,11.58,,545.0,
IIFL,2024-03-31,8.81,,431.0,
IIFL,2024-06-30,6.79,,338.0,
IIFL,2024-09-30,-3.72,,-93.0,
IIFL,2024-12-31,0.96,,82.0,
IIFL,2025-03-31,4.89,,251.0,
IIFL,2025-06-30,5.49,,274.0,
IIFL,2025-09-30,8.86,,418.0,
IIFL,2025-12-31,10.92,,501.0,
IIFL,2026-03-31,13.8,,623.0,
IIFLCAPS,2022-12-31,2.12,342.0,65.0,116.0
IIFLCAPS,2023-03-31,2.83,402.0,86.0,152.0
IIFLCAPS,2023-06-30,2.45,409.0,75.0,138.0
IIFLCAPS,2023-09-30,3.52,507.0,108.0,159.0
IIFLCAPS,2023-12-31,4.88,559.0,151.0,240.0
IIFLCAPS,2024-03-31,5.84,686.0,181.0,337.0
IIFLCAPS,2024-06-30,5.91,640.0,182.0,300.0
IIFLCAPS,2024-09-30,6.64,645.0,205.0,266.0
IIFLCAPS,2024-12-31,6.36,583.0,197.0,245.0
IIFLCAPS,2025-03-31,4.13,537.0,128.0,186.0
IIFLCAPS,2025-06-30,5.66,617.0,176.0,221.0
IIFLCAPS,2025-09-30,2.72,572.0,85.0,213.0
IIFLCAPS,2025-12-31,6.01,586.0,188.0,190.0
IITL,2022-12-31,11.88,6.46,27.28,30.68
IITL,2023-03-31,-2.88,0.18,-7.46,-8.17
IITL,2023-06-30,1.08,5.31,1.99,3.09
IITL,2023-09-30,0.9,6.01,1.52,2.87
IITL,2023-12-31,15.58,7.42,41.06,23.75
IITL,2024-03-31,11.2,17.73,26.65,25.39
IITL,2024-06-30,3.26,11.65,7.04,9.49
IITL,2024-09-30,4.15,14.48,9.0,12.08
IITL,2024-12-31,-2.29,-4.19,-5.5,-6.82
IITL,2025-03-31,-3.34,-5.37,-6.2,-7.71
IITL,2025-06-30,4.56,15.53,10.33,13.44
IITL,2025-09-30,-1.46,-0.82,-3.22,-3.41
IITL,2025-12-31,2.71,11.1,6.28,8.57
IKIO,2022-12-31,2.75,115.0,18.0,29.0
IKIO,2023-03-31,2.13,115.0,14.0,23.0
IKIO,2023-06-30,1.79,108.0,14.0,23.0
IKIO,2023-09-30,2.36,118.0,18.0,27.0
IKIO,2023-12-31,2.45,117.0,19.0,26.0
IKIO,2024-03-31,1.23,95.0,10.0,17.0
IKIO,2024-06-30,1.6,127.0,12.0,17.0
IKIO,2024-09-30,1.68,125.0,13.0,22.0
IKIO,2024-12-31,1.02,122.0,8.0,15.0
IKIO,2025-03-31,-0.3,112.0,-1.0,6.0
IKIO,2025-06-30,0.27,120.0,2.0,11.0
IKIO,2025-09-30,1.3,164.0,11.0,18.0
IKIO,2025-12-31,1.19,146.0,11.0,22.0
IKS,2023-12-31,5.94,567.0,102.0,162.0
IKS,2024-03-31,3.72,620.0,64.0,126.0
IKS,2024-06-30,5.57,640.0,95.0,173.0
IKS,2024-09-30,6.59,643.0,113.0,189.0
IKS,2024-12-31,7.56,657.0,130.0,181.0
IKS,2025-03-31,8.61,724.0,148.0,226.0
IKS,2025-06-30,8.83,740.0,152.0,238.0
IKS,2025-09-30,10.53,781.0,181.0,270.0
IKS,2025-12-31,10.68,815.0,183.0,279.0
IMAGICAA,2022-12-31,0.17,72.01,6.99,29.18
IMAGICAA,2023-03-31,-3.88,53.89,-159.88,14.47
IMAGICAA,2023-06-30,12.23,100.33,589.15,49.98
IMAGICAA,2023-09-30,-1.19,35.84,-57.37,4.28
IMAGICAA,2023-12-31,0.09,67.56,4.32,25.17
IMAGICAA,2024-03-31,0.1,56.63,4.95,17.24
IMAGICAA,2024-06-30,1.21,183.98,65.84,110.13
IMAGICAA,2024-09-30,-0.12,39.97,-6.28,-3.48
IMAGICAA,2024-12-31,0.06,91.86,3.22,29.61
IMAGICAA,2025-03-31,0.28,94.4,15.73,40.46
IMAGICAA,2025-06-30,0.78,148.1,44.31,72.6
IMAGICAA,2025-09-30,-0.69,41.81,-38.91,-9.1
IMAGICAA,2025-12-31,-0.09,92.08,-5.17,22.19
IMFA,2022-12-31,2.01,624.0,11.0,59.0
IMFA,2023-03-31,11.87,637.0,64.0,139.0
IMFA,2023-06-30,20.46,702.0,111.0,173.0
IMFA,2023-09-30,16.53,693.0,89.0,150.0
IMFA,2023-12-31,20.14,685.0,109.0,159.0
IMFA,2024-03-31,6.54,701.0,36.0,105.0
IMFA,2024-06-30,20.95,662.0,113.0,161.0
IMFA,2024-09-30,23.17,692.0,125.0,170.0
IMFA,2024-12-31,17.3,643.0,93.0,128.0
IMFA,2025-03-31,8.77,567.0,47.0,71.0
IMFA,2025-06-30,17.11,642.0,93.0,125.0
IMFA,2025-09-30,18.07,719.0,98.0,138.0
IMFA,2025-12-31,24.33,703.0,131.0,164.0
IMPAL,2021-12-31,10.58,183.0,13.0,15.0
IMPAL,2022-03-31,17.82,177.0,22.0,20.0
IMPAL,2022-06-30,12.47,189.0,16.0,16.0
IMPAL,2022-09-30,17.12,176.0,21.0,14.0
IMPAL,2022-12-31,10.21,191.0,13.0,15.0
IMPAL,2023-03-31,20.38,170.0,25.0,19.0
IMPAL,2023-06-30,14.29,195.0,18.0,15.0
IMPAL,2023-09-30,16.88,182.0,21.0,14.0
IMPAL,2023-12-31,12.17,186.0,15.0,14.0
IMPAL,2024-03-31,15.88,179.0,20.0,15.0
IMPAL,2024-06-30,16.7,198.0,21.0,15.0
IMPAL,2024-09-30,18.11,190.0,23.0,14.0
INA,2024-12-31,0.84,325.0,19.0,24.0
INA,2025-09-30,1.68,415.0,37.0,45.0
INA,2025-12-31,2.3,575.0,51.0,75.0
INDGN,2023-03-31,2.2,632.0,49.0,97.0
INDGN,2023-06-30,3.08,608.0,68.0,97.0
INDGN,2023-09-30,3.38,636.0,75.0,121.0
INDGN,2023-12-31,4.45,673.0,99.0,149.0
INDGN,2024-03-31,4.26,673.0,95.0,139.0
INDGN,2024-06-30,3.67,676.0,88.0,129.0
INDGN,2024-09-30,3.83,687.0,92.0,126.0
INDGN,2024-12-31,4.58,720.0,110.0,132.0
INDGN,2025-03-31,4.9,756.0,118.0,148.0
INDGN,2025-06-30,4.85,761.0,116.0,155.0
INDGN,2025-09-30,4.25,804.0,102.0,141.0
INDGN,2025-12-31,4.28,942.0,103.0,160.0
INDGN,2026-03-31,3.31,1003.0,80.0,164.0
INDHOTEL,2022-12-31,2.69,1686.0,404.0,597.0
INDHOTEL,2023-03-31,2.31,1625.0,339.0,535.0
INDHOTEL,2023-06-30,1.57,1466.0,236.0,410.0
INDHOTEL,2023-09-30,1.18,1433.0,179.0,355.0
INDHOTEL,2023-12-31,3.18,1964.0,477.0,732.0
INDHOTEL,2024-03-31,2.93,1905.0,438.0,660.0
INDHOTEL,2024-06-30,1.75,1550.0,260.0,450.0
INDHOTEL,2024-09-30,3.9,1826.0,583.0,501.0
INDHOTEL,2024-12-31,4.09,2533.0,633.0,962.0
INDHOTEL,2025-03-31,3.67,2425.0,563.0,857.0
INDHOTEL,2025-06-30,2.08,2041.0,329.0,576.0
INDHOTEL,2025-09-30,2.0,2041.0,318.0,570.0
INDHOTEL,2025-12-31,6.35,2842.0,954.0,1076.0
INDIACEM,2023-03-31,-7.32,1486.0,-229.0,-47.0
INDIACEM,2023-06-30,-2.82,1437.0,-87.0,8.0
INDIACEM,2023-09-30,-2.58,1264.0,-80.0,4.0
INDIACEM,2023-12-31,0.02,1113.0,1.0,46.0
INDIACEM,2024-03-31,-1.95,1236.0,-61.0,37.0
INDIACEM,2024-06-30,1.89,1027.0,58.0,-25.0
INDIACEM,2024-09-30,-10.94,1022.0,-339.0,-163.0
INDIACEM,2024-12-31,3.95,940.0,119.0,-190.0
INDIACEM,2025-03-31,0.47,1198.0,18.0,-2.0
INDIACEM,2025-06-30,-4.29,1025.0,-133.0,83.0
INDIACEM,2025-09-30,0.28,1117.0,9.0,81.0
INDIACEM,2025-12-31,-0.09,1114.0,-3.0,79.0
INDIACEM,2026-03-31,1.92,1229.0,60.0,153.0
INDIAGLYCO,2022-12-31,4.96,554.0,50.0,67.0
INDIAGLYCO,2023-03-31,6.51,619.0,40.0,96.0
INDIAGLYCO,2023-06-30,8.26,689.0,51.0,100.0
INDIAGLYCO,2023-09-30,6.14,775.0,38.0,96.0
INDIAGLYCO,2023-12-31,6.73,904.0,42.0,102.0
INDIAGLYCO,2024-03-31,6.82,926.0,42.0,105.0
INDIAGLYCO,2024-06-30,9.75,969.0,60.0,126.0
INDIAGLYCO,2024-09-30,8.03,961.0,50.0,116.0
INDIAGLYCO,2024-12-31,9.18,975.0,57.0,124.0
INDIAGLYCO,2025-03-31,10.34,863.0,64.0,146.0
INDIAGLYCO,2025-06-30,11.83,1040.0,73.0,150.0
INDIAGLYCO,2025-09-30,10.51,1092.0,65.0,158.0
INDIAGLYCO,2025-12-31,10.08,1102.0,68.0,175.0
INDIAMART,2023-03-31,9.12,269.0,56.0,56.0
INDIAMART,2023-06-30,13.57,282.0,83.0,67.0
INDIAMART,2023-09-30,11.57,295.0,69.0,69.0
INDIAMART,2023-12-31,13.65,305.0,82.0,78.0
INDIAMART,2024-03-31,16.61,315.0,100.0,77.0
INDIAMART,2024-06-30,19.01,331.0,114.0,108.0
INDIAMART,2024-09-30,22.52,348.0,135.0,122.0
INDIAMART,2024-12-31,20.16,354.0,121.0,124.0
INDIAMART,2025-03-31,30.08,355.0,181.0,119.0
INDIAMART,2025-06-30,25.57,372.0,154.0,119.0
INDIAMART,2025-09-30,13.78,391.0,83.0,116.0
INDIAMART,2025-12-31,31.34,402.0,188.0,120.0
INDIAMART,2026-03-31,8.35,404.0,50.0,120.0
INDIASHLTR,2023-03-31,12.1,,53.0,
INDIASHLTR,2023-06-30,10.73,,47.0,
INDIASHLTR,2023-09-30,6.69,,60.0,
INDIASHLTR,2023-12-31,5.82,,62.0,
INDIASHLTR,2024-03-31,7.28,,78.0,
INDIASHLTR,2024-06-30,7.79,,84.0,
INDIASHLTR,2024-09-30,8.39,,90.0,
INDIASHLTR,2024-12-31,8.92,,96.0,
INDIASHLTR,2025-03-31,10.02,,108.0,
INDIASHLTR,2025-06-30,11.07,,119.0,
INDIASHLTR,2025-09-30,11.26,,122.0,
INDIASHLTR,2025-12-31,11.42,,124.0,
INDIASHLTR,2026-03-31,12.65,,138.0,
INDIGO,2022-12-31,36.91,14933.0,1423.0,3118.0
INDIGO,2023-03-31,23.84,14161.0,919.0,2752.0
INDIGO,2023-06-30,80.16,16683.0,3091.0,4974.0
INDIGO,2023-09-30,4.9,14944.0,189.0,2200.0
INDIGO,2023-12-31,77.68,19452.0,2998.0,5149.0
INDIGO,2024-03-31,49.09,17825.0,1895.0,3994.0
INDIGO,2024-06-30,70.7,19571.0,2729.0,5159.0
INDIGO,2024-09-30,-25.54,16970.0,-987.0,1631.0
INDIGO,2024-12-31,63.38,22111.0,2449.0,5179.0
INDIGO,2025-03-31,79.38,22152.0,3068.0,6089.0
INDIGO,2025-06-30,56.31,20496.0,2176.0,5226.0
INDIGO,2025-09-30,-66.79,18555.0,-2582.0,580.0
INDIGO,2025-12-31,14.22,23472.0,549.0,5367.0
INDIGOPNTS,2022-12-31,5.52,281.0,26.0,41.0
INDIGOPNTS,2023-03-31,10.23,325.0,49.0,72.0
INDIGOPNTS,2023-06-30,6.52,288.0,32.0,49.0
INDIGOPNTS,2023-09-30,5.32,279.0,25.0,42.0
INDIGOPNTS,2023-12-31,7.82,354.0,38.0,62.0
INDIGOPNTS,2024-03-31,11.27,385.0,54.0,85.0
INDIGOPNTS,2024-06-30,5.5,311.0,27.0,47.0
INDIGOPNTS,2024-09-30,4.75,300.0,22.0,42.0
INDIGOPNTS,2024-12-31,7.56,343.0,36.0,57.0
INDIGOPNTS,2025-03-31,11.95,388.0,57.0,87.0
INDIGOPNTS,2025-06-30,5.44,309.0,26.0,44.0
INDIGOPNTS,2025-09-30,5.27,312.0,25.0,47.0
INDIGOPNTS,2025-12-31,7.63,359.0,37.0,68.0
INDNIPPON,2022-12-31,5.99,156.0,14.0,12.0
INDNIPPON,2023-03-31,6.28,158.0,14.0,15.0
INDNIPPON,2023-06-30,4.09,160.0,9.0,10.0
INDNIPPON,2023-09-30,7.75,190.0,18.0,20.0
INDNIPPON,2023-12-31,5.34,179.0,12.0,15.0
INDNIPPON,2024-03-31,9.03,196.0,20.0,22.0
INDNIPPON,2024-06-30,8.02,187.0,18.0,17.0
INDNIPPON,2024-09-30,9.35,210.0,21.0,24.0
INDNIPPON,2024-12-31,7.06,215.0,16.0,26.0
INDNIPPON,2025-03-31,11.94,234.0,27.0,28.0
INDNIPPON,2025-06-30,10.26,225.0,23.0,23.0
INDNIPPON,2025-09-30,10.26,273.0,23.0,30.0
INDNIPPON,2025-12-31,11.02,272.0,25.0,29.0
INDOAMIN,2022-12-31,1.47,211.0,10.0,21.0
INDOAMIN,2023-03-31,2.42,235.0,17.0,31.0
INDOAMIN,2023-06-30,1.72,244.0,12.0,22.0
INDOAMIN,2023-09-30,1.69,253.0,12.0,20.0
INDOAMIN,2023-12-31,1.39,194.0,10.0,21.0
INDOAMIN,2024-03-31,1.29,253.0,9.0,17.0
INDOAMIN,2024-06-30,2.73,265.0,19.0,28.0
INDOAMIN,2024-09-30,1.95,269.0,14.0,24.0
INDOAMIN,2024-12-31,1.56,259.0,11.0,24.0
INDOAMIN,2025-03-31,1.63,285.0,12.0,25.0
INDOAMIN,2025-06-30,3.97,288.0,29.0,31.0
INDOAMIN,2025-09-30,2.49,277.0,18.0,32.0
INDOAMIN,2025-12-31,1.64,277.0,12.0,25.0
INDOBORAX,2022-12-31,4.27,55.36,13.7,17.87
INDOBORAX,2023-03-31,3.94,55.94,12.65,15.4
INDOBORAX,2023-06-30,3.23,54.98,10.38,11.83
INDOBORAX,2023-09-30,2.78,46.8,8.93,10.16
INDOBORAX,2023-12-31,2.56,44.06,8.23,9.18
INDOBORAX,2024-03-31,3.56,45.46,11.44,11.57
INDOBORAX,2024-06-30,4.37,49.76,14.01,16.45
INDOBORAX,2024-09-30,2.86,37.87,9.18,9.16
INDOBORAX,2024-12-31,2.83,37.51,9.07,10.07
INDOBORAX,2025-03-31,3.19,50.12,10.24,10.2
INDOBORAX,2025-06-30,3.18,53.57,10.2,12.21
INDOBORAX,2025-09-30,5.07,57.85,16.26,10.5
INDOBORAX,2025-12-31,2.89,41.02,9.27,8.62
INDOCO,2022-12-31,3.05,399.0,28.0,62.0
INDOCO,2023-03-31,2.8,428.0,26.0,65.0
INDOCO,2023-06-30,2.65,426.0,24.0,61.0
INDOCO,2023-09-30,3.81,482.0,35.0,71.0
INDOCO,2023-12-31,1.77,459.0,16.0,63.0
INDOCO,2024-03-31,2.46,450.0,22.0,49.0
INDOCO,2024-06-30,0.28,431.0,2.0,48.0
INDOCO,2024-09-30,-1.04,433.0,-10.0,40.0
INDOCO,2024-12-31,-2.86,411.0,-28.0,12.0
INDOCO,2025-03-31,-4.38,390.0,-41.0,-1.0
INDOCO,2025-06-30,-3.88,440.0,-36.0,18.0
INDOCO,2025-09-30,-0.86,485.0,-9.0,43.0
INDOCO,2025-12-31,-3.23,445.0,-29.0,32.0
INDOFARM,2024-06-30,0.62,74.96,2.45,12.08
INDOFARM,2024-09-30,0.91,86.09,3.6,12.94
INDOFARM,2024-12-31,1.01,96.17,3.98,14.83
INDOFARM,2025-03-31,2.81,129.97,13.51,18.43
INDOFARM,2025-06-30,1.13,96.26,5.43,13.17
INDOFARM,2025-09-30,1.04,103.89,4.98,12.76
INDOFARM,2025-12-31,1.16,105.87,5.56,13.52
INDORAMA,2022-12-31,-2.52,889.68,-65.93,-42.38
INDORAMA,2023-03-31,0.06,880.01,1.62,22.81
INDORAMA,2023-06-30,-2.11,769.62,-55.18,-23.94
INDORAMA,2023-09-30,-0.34,1259.42,-8.77,31.34
INDORAMA,2023-12-31,-3.79,940.1,-99.01,-56.5
INDORAMA,2024-03-31,-1.55,904.14,-40.48,9.6
INDORAMA,2024-06-30,-0.73,944.3,-19.18,29.3
INDORAMA,2024-09-30,-1.69,950.53,-44.08,3.02
INDORAMA,2024-12-31,0.52,1165.63,13.59,63.25
INDORAMA,2025-03-31,1.96,1198.47,51.07,82.23
INDORAMA,2025-06-30,2.02,1305.71,52.75,90.86
INDORAMA,2025-09-30,0.94,1220.64,24.55,68.39
INDORAMA,2025-12-31,0.34,1182.05,8.78,50.45
INDOSTAR,2022-12-31,2.69,,36.66,
INDOSTAR,2023-03-31,5.58,,75.96,
INDOSTAR,2023-06-30,2.86,,38.93,
INDOSTAR,2023-09-30,1.82,,24.77,
INDOSTAR,2023-12-31,1.24,,16.87,
INDOSTAR,2024-03-31,2.59,,35.27,
INDOSTAR,2024-06-30,1.83,,24.93,
INDOSTAR,2024-09-30,2.33,,31.68,
INDOSTAR,2024-12-31,2.04,,27.72,
INDOSTAR,2025-03-31,2.66,,36.19,
INDOSTAR,2025-06-30,39.92,,545.58,
INDOSTAR,2025-09-30,0.77,,10.49,
INDOSTAR,2025-12-31,0.51,,8.3,
INDOTHAI,2022-12-31,-0.02,3.0,0.0,0.0
INDOTHAI,2023-03-31,-0.76,2.0,-8.0,-10.0
INDOTHAI,2023-06-30,0.31,7.0,3.0,4.0
INDOTHAI,2023-09-30,0.43,8.0,4.0,6.0
INDOTHAI,2023-12-31,0.54,9.0,5.0,6.0
INDOTHAI,2024-03-31,0.25,7.0,2.0,4.0
INDOTHAI,2024-06-30,0.5,9.0,5.0,6.0
INDOTHAI,2024-09-30,0.45,9.0,5.0,6.0
INDOTHAI,2024-12-31,0.09,6.0,1.0,2.0
INDOTHAI,2025-03-31,-0.22,6.0,-3.0,-2.0
INDOTHAI,2025-06-30,0.72,14.0,9.0,10.0
INDOTHAI,2025-09-30,1.19,24.0,14.0,20.0
INDOTHAI,2025-12-31,1.33,28.0,17.0,23.0
INDOWIND,2022-12-31,0.01,7.1,0.06,0.88
INDOWIND,2023-03-31,-1.55,4.51,-24.93,0.24
INDOWIND,2023-06-30,0.09,7.63,1.75,5.81
INDOWIND,2023-09-30,0.31,17.91,4.96,10.27
INDOWIND,2023-12-31,0.0,9.73,-0.07,0.73
INDOWIND,2024-03-31,0.04,4.44,0.63,-0.95
INDOWIND,2024-06-30,0.1,7.35,1.69,2.9
INDOWIND,2024-09-30,0.27,15.81,4.42,8.99
INDOWIND,2024-12-31,0.0,5.56,-0.07,0.76
INDOWIND,2025-03-31,-0.3,4.8,-4.77,-2.12
INDOWIND,2025-06-30,0.14,11.54,2.57,5.2
INDOWIND,2025-09-30,0.29,17.55,4.57,10.33
INDOWIND,2025-12-31,0.03,6.01,0.36,-0.6
INDPRUD,2022-12-31,59.91,3.0,10.0,3.0
INDPRUD,2023-03-31,80.56,1.0,14.0,0.0
INDPRUD,2023-06-30,57.94,2.0,10.0,2.0
INDPRUD,2023-09-30,93.57,2.0,16.0,1.0
INDPRUD,2023-12-31,71.25,2.0,12.0,1.0
INDPRUD,2024-03-31,72.32,1.0,12.0,0.0
INDPRUD,2024-06-30,63.13,1.0,11.0,1.0
INDPRUD,2024-09-30,108.72,4.0,18.0,4.0
INDPRUD,2024-12-31,87.0,2.0,15.0,1.0
INDPRUD,2025-03-31,97.39,1.0,16.0,0.0
INDPRUD,2025-06-30,82.11,3.0,14.0,3.0
INDPRUD,2025-09-30,99.71,2.0,17.0,2.0
INDPRUD,2025-12-31,94.1,1.0,16.0,1.0
INDSWFTLAB,2022-12-31,4.65,312.69,27.5,53.76
INDSWFTLAB,2023-03-31,-4.25,304.25,-25.12,63.67
INDSWFTLAB,2023-06-30,2.92,310.34,17.24,60.29
INDSWFTLAB,2023-09-30,5.36,289.71,31.66,65.69
INDSWFTLAB,2023-12-31,3.29,287.51,19.42,51.69
INDSWFTLAB,2024-03-31,83.55,528.57,493.68,91.21
INDSWFTLAB,2024-06-30,0.16,33.17,0.94,-9.74
INDSWFTLAB,2024-09-30,0.07,11.96,0.41,-11.8
INDSWFTLAB,2024-12-31,-0.93,128.8,-5.49,-6.65
INDSWFTLAB,2025-03-31,36.67,138.24,222.27,-9.2
INDSWFTLAB,2025-06-30,1.45,152.73,8.77,3.6
INDSWFTLAB,2025-09-30,0.98,152.64,7.99,1.47
INDSWFTLAB,2025-12-31,1.17,150.85,9.54,4.17
INDUSINDBK,2023-03-31,26.34,,2043.0,
INDUSINDBK,2023-06-30,27.38,,2124.0,
INDUSINDBK,2023-09-30,28.34,,2202.0,
INDUSINDBK,2023-12-31,29.59,,2301.0,
INDUSINDBK,2024-03-31,30.18,,2349.0,
INDUSINDBK,2024-06-30,27.88,,2171.0,
INDUSINDBK,2024-09-30,17.09,,1331.0,
INDUSINDBK,2024-12-31,18.0,,1402.0,
INDUSINDBK,2025-03-31,-29.89,,-2329.0,
INDUSINDBK,2025-06-30,7.75,,604.0,
INDUSINDBK,2025-09-30,-5.61,,-437.0,
INDUSINDBK,2025-12-31,1.64,,128.0,
INDUSINDBK,2026-03-31,7.63,,594.0,
INDUSTOWER,2023-03-31,5.19,6753.0,1399.0,3433.0
INDUSTOWER,2023-06-30,5.0,7076.0,1348.0,3480.0
INDUSTOWER,2023-09-30,4.8,7132.0,1295.0,3422.0
INDUSTOWER,2023-12-31,5.72,7199.0,1540.0,3584.0
INDUSTOWER,2024-03-31,6.88,7193.0,1853.0,4072.0
INDUSTOWER,2024-06-30,7.15,7383.0,1926.0,4504.0
INDUSTOWER,2024-09-30,8.43,7465.0,2224.0,4864.0
INDUSTOWER,2024-12-31,15.17,7547.0,4003.0,6958.0
INDUSTOWER,2025-03-31,6.74,7727.0,1779.0,4395.0
INDUSTOWER,2025-06-30,6.58,8058.0,1737.0,4390.0
INDUSTOWER,2025-09-30,6.97,8188.0,1839.0,4572.0
INDUSTOWER,2025-12-31,6.73,8146.0,1776.0,4468.0
INDUSTOWER,2026-03-31,6.8,8101.0,1793.0,4424.0
INFOBEAN,2023-03-31,0.49,92.0,5.0,11.0
INFOBEAN,2023-06-30,0.36,92.0,3.0,12.0
INFOBEAN,2023-09-30,0.43,91.0,4.0,11.0
INFOBEAN,2023-12-31,0.57,89.0,6.0,11.0
INFOBEAN,2024-03-31,0.95,97.0,9.0,17.0
INFOBEAN,2024-06-30,0.79,97.0,8.0,16.0
INFOBEAN,2024-09-30,1.3,98.0,13.0,19.0
INFOBEAN,2024-12-31,0.72,96.0,7.0,14.0
INFOBEAN,2025-03-31,1.08,103.0,10.0,19.0
INFOBEAN,2025-06-30,2.4,112.0,23.0,23.0
INFOBEAN,2025-09-30,2.33,125.0,23.0,31.0
INFOBEAN,2025-12-31,1.99,134.0,19.0,30.0
INFOBEAN,2026-03-31,2.21,142.0,21.0,28.0
INFOMEDIA,2005-03-31,,35.47,49.4,4.03
INFOMEDIA,2005-06-30,,21.26,1.28,2.4
INFOMEDIA,2005-09-30,,41.84,4.12,6.47
INFOMEDIA,2005-12-31,,22.76,0.78,-0.2
INFOMEDIA,2006-03-31,,40.62,0.9,4.14
INFOMEDIA,2006-06-30,,32.65,2.67,2.33
INFOMEDIA,2006-09-30,0.74,60.71,4.3,10.52
INFOMEDIA,2006-12-31,0.5,41.62,3.17,6.16
INFOMEDIA,2007-03-31,0.8,53.68,4.96,3.16
INFOMEDIA,2007-06-30,-0.17,36.56,-0.85,2.13
INFOMEDIA,2007-09-30,0.69,62.5,3.38,8.07
INFOMEDIA,2007-12-31,-0.99,39.83,-4.88,-2.49
INFOMEDIA,2008-03-31,-0.56,47.77,-2.78,1.89
INFY,2023-03-31,14.77,37441.0,6134.0,8998.0
INFY,2023-06-30,14.32,37933.0,5945.0,9064.0
INFY,2023-09-30,14.97,38994.0,6215.0,9440.0
INFY,2023-12-31,14.71,38821.0,6113.0,9137.0
INFY,2024-03-31,19.2,37923.0,7975.0,8784.0
INFY,2024-06-30,15.34,39315.0,6374.0,9437.0
INFY,2024-09-30,15.67,40986.0,6516.0,9809.0
INFY,2024-12-31,16.39,41764.0,6822.0,10115.0
INFY,2025-03-31,16.93,40925.0,7038.0,9874.0
INFY,2025-06-30,16.66,42279.0,6924.0,9943.0
INFY,2025-09-30,17.73,44490.0,7375.0,10535.0
INFY,2025-12-31,16.41,45479.0,6666.0,10634.0
INFY,2026-03-31,20.96,46402.0,8509.0,11167.0
INNOVACAP,2022-12-31,4.08,242.0,20.0,34.0
INNOVACAP,2023-03-31,3.59,241.0,17.0,27.0
INNOVACAP,2023-06-30,3.66,233.0,18.0,31.0
INNOVACAP,2023-09-30,4.77,283.0,23.0,40.0
INNOVACAP,2023-12-31,4.39,302.0,25.0,45.0
INNOVACAP,2024-03-31,5.02,263.0,29.0,38.0
INNOVACAP,2024-06-30,5.15,294.0,29.0,42.0
INNOVACAP,2024-09-30,6.12,318.0,35.0,50.0
INNOVACAP,2024-12-31,5.98,316.0,34.0,47.0
INNOVACAP,2025-03-31,5.17,315.0,30.0,48.0
INNOVACAP,2025-06-30,5.42,352.0,31.0,52.0
INNOVACAP,2025-09-30,5.18,380.0,30.0,52.0
INNOVACAP,2025-12-31,7.37,450.0,42.0,69.0
INNOVANA,2022-12-31,5.23,23.98,10.72,12.3
INNOVANA,2023-03-31,4.86,26.19,9.96,11.08
INNOVANA,2023-06-30,4.89,27.8,10.02,13.37
INNOVANA,2023-09-30,5.41,25.47,11.09,11.43
INNOVANA,2023-12-31,5.51,25.79,11.3,12.61
INNOVANA,2024-03-31,4.17,21.74,8.84,7.47
INNOVANA,2024-06-30,4.95,25.12,10.32,12.36
INNOVANA,2024-09-30,5.32,22.85,11.04,12.3
INNOVANA,2024-12-31,5.7,28.92,11.83,16.6
INNOVANA,2025-03-31,5.56,26.59,11.51,14.94
INNOVANA,2025-06-30,6.32,32.09,13.12,16.08
INNOVANA,2025-09-30,6.19,32.72,12.66,14.22
INNOVANA,2025-12-31,4.63,34.89,8.97,12.25
INNOVISION,2024-12-31,1.65,228.42,3.04,7.55
INNOVISION,2025-09-30,4.16,256.97,7.64,11.41
INNOVISION,2025-12-31,2.37,233.26,4.37,10.7
INOXGREEN,2022-12-31,0.16,72.0,5.0,16.0
INOXGREEN,2023-03-31,-0.02,57.0,-2.0,6.0
INOXGREEN,2023-06-30,0.08,57.0,3.0,23.0
INOXGREEN,2023-09-30,0.2,47.0,6.0,13.0
INOXGREEN,2023-12-31,-0.05,60.0,-1.0,20.0
INOXGREEN,2024-03-31,0.73,52.0,21.0,12.0
INOXGREEN,2024-06-30,0.13,51.0,4.0,17.0
INOXGREEN,2024-09-30,0.18,55.0,6.0,19.0
INOXGREEN,2024-12-31,0.11,61.0,5.0,16.0
INOXGREEN,2025-03-31,0.15,68.0,6.0,1.0
INOXGREEN,2025-06-30,0.6,56.0,22.0,6.0
INOXGREEN,2025-09-30,0.76,86.0,28.0,9.0
INOXGREEN,2025-12-31,0.66,82.0,25.0,23.0
INOXINDIA,2022-12-31,4.48,244.0,41.0,52.0
INOXINDIA,2023-03-31,3.37,235.0,31.0,40.0
INOXINDIA,2023-06-30,6.29,308.0,57.0,72.0
INOXINDIA,2023-09-30,5.1,258.0,46.0,59.0
INOXINDIA,2023-12-31,5.35,291.0,49.0,67.0
INOXINDIA,2024-03-31,4.86,277.0,44.0,53.0
INOXINDIA,2024-06-30,5.8,296.0,53.0,70.0
INOXINDIA,2024-09-30,5.45,307.0,49.0,64.0
INOXINDIA,2024-12-31,6.43,334.0,58.0,69.0
INOXINDIA,2025-03-31,7.22,369.0,66.0,81.0
INOXINDIA,2025-06-30,6.73,340.0,61.0,76.0
INOXINDIA,2025-09-30,6.7,358.0,61.0,78.0
INOXINDIA,2025-12-31,6.69,429.0,61.0,94.0
INOXWIND,2022-12-31,-2.43,226.0,-288.0,-175.0
INOXWIND,2023-03-31,-0.85,191.0,-119.0,-27.0
INOXWIND,2023-06-30,-0.46,349.0,-65.0,31.0
INOXWIND,2023-09-30,-0.17,371.0,-27.0,48.0
INOXWIND,2023-12-31,0.01,503.0,2.0,93.0
INOXWIND,2024-03-31,0.34,528.0,33.0,99.0
INOXWIND,2024-06-30,0.07,640.0,42.0,135.0
INOXWIND,2024-09-30,0.19,733.0,84.0,166.0
INOXWIND,2024-12-31,0.84,911.0,110.0,204.0
INOXWIND,2025-03-31,1.35,1275.0,190.0,254.0
INOXWIND,2025-06-30,0.61,826.0,97.0,184.0
INOXWIND,2025-09-30,0.53,1119.0,121.0,228.0
INOXWIND,2025-12-31,0.68,1207.0,127.0,282.0
INSECTICID,2022-12-31,3.17,357.0,9.0,23.0
INSECTICID,2023-03-31,-9.9,302.0,-29.0,-29.0
INSECTICID,2023-06-30,9.85,640.0,29.0,46.0
INSECTICID,2023-09-30,17.96,696.0,53.0,82.0
INSECTICID,2023-12-31,4.16,358.0,12.0,26.0
INSECTICID,2024-03-31,2.62,272.0,8.0,9.0
INSECTICID,2024-06-30,16.68,657.0,49.0,72.0
INSECTICID,2024-09-30,21.13,627.0,61.0,90.0
INSECTICID,2024-12-31,5.97,358.0,17.0,31.0
INSECTICID,2025-03-31,4.77,359.0,14.0,28.0
INSECTICID,2025-06-30,19.97,691.0,58.0,85.0
INSECTICID,2025-09-30,20.31,638.0,59.0,89.0
INSECTICID,2025-12-31,3.61,385.0,10.0,27.0
INTELLECT,2022-12-31,4.58,547.0,63.0,96.0
INTELLECT,2023-03-31,6.68,616.0,91.0,137.0
INTELLECT,2023-06-30,6.87,639.0,94.0,148.0
INTELLECT,2023-09-30,5.16,619.0,71.0,118.0
INTELLECT,2023-12-31,6.17,634.0,85.0,131.0
INTELLECT,2024-03-31,5.33,614.0,73.0,136.0
INTELLECT,2024-06-30,5.43,606.0,75.0,119.0
INTELLECT,2024-09-30,3.82,558.0,52.0,81.0
INTELLECT,2024-12-31,5.06,610.0,71.0,119.0
INTELLECT,2025-03-31,9.75,726.0,136.0,202.0
INTELLECT,2025-06-30,6.8,702.0,94.0,142.0
INTELLECT,2025-09-30,7.35,758.0,102.0,153.0
INTELLECT,2025-12-31,2.04,731.0,27.0,100.0
INTENTECH,2022-12-31,1.54,20.85,3.45,4.35
INTENTECH,2023-03-31,1.94,33.34,4.55,4.97
INTENTECH,2023-06-30,1.36,23.6,3.18,4.25
INTENTECH,2023-09-30,2.19,32.61,5.15,6.89
INTENTECH,2023-12-31,1.83,27.14,4.3,5.74
INTENTECH,2024-03-31,1.28,31.14,3.0,3.8
INTENTECH,2024-06-30,2.34,39.36,5.5,7.59
INTENTECH,2024-09-30,2.13,41.85,5.01,6.81
INTENTECH,2024-12-31,1.31,33.26,3.09,3.48
INTENTECH,2025-03-31,1.16,35.32,2.72,3.74
INTENTECH,2025-06-30,0.53,30.52,1.25,2.18
INTENTECH,2025-09-30,1.34,33.48,3.17,3.59
INTENTECH,2025-12-31,0.98,33.3,2.32,3.38
INTLCONV,2022-12-31,0.99,44.0,7.0,7.0
INTLCONV,2023-03-31,1.19,49.0,8.0,9.0
INTLCONV,2023-06-30,2.23,43.0,14.0,6.0
INTLCONV,2023-09-30,3.61,43.0,23.0,9.0
INTLCONV,2023-12-31,3.05,23.0,19.0,4.0
INTLCONV,2024-03-31,0.96,26.0,6.0,2.0
INTLCONV,2024-06-30,5.03,40.0,32.0,6.0
INTLCONV,2024-09-30,4.23,31.0,27.0,5.0
INTLCONV,2024-12-31,3.16,26.0,20.0,0.0
INTLCONV,2025-03-31,2.06,55.0,13.0,11.0
INTLCONV,2025-06-30,8.22,35.0,52.0,5.0
INTLCONV,2025-09-30,-2.74,45.0,-17.0,11.0
INTLCONV,2025-12-31,4.65,35.0,30.0,5.0
INVENTURE,2022-12-31,0.01,12.93,1.44,2.29
INVENTURE,2023-03-31,0.04,12.07,4.2,5.91
INVENTURE,2023-06-30,0.01,9.91,0.73,1.39
INVENTURE,2023-09-30,0.02,15.58,1.59,1.62
INVENTURE,2023-12-31,0.03,16.02,2.67,7.31
INVENTURE,2024-03-31,0.07,22.21,6.92,11.57
INVENTURE,2024-06-30,0.06,18.26,6.43,9.7
INVENTURE,2024-09-30,-0.02,15.29,-2.12,-1.59
INVENTURE,2024-12-31,0.0,11.58,0.01,1.66
INVENTURE,2025-03-31,-0.02,17.59,-2.26,-0.53
INVENTURE,2025-06-30,0.05,17.31,5.31,8.12
INVENTURE,2025-09-30,0.01,13.22,0.8,1.73
INVENTURE,2025-12-31,0.03,16.32,3.08,5.22
INVPRECQ,2022-12-31,1.93,42.22,1.93,6.36
INVPRECQ,2023-03-31,2.89,44.47,2.89,7.7
INVPRECQ,2023-06-30,3.26,46.22,3.26,7.63
INVPRECQ,2023-09-30,2.53,44.86,2.53,7.0
INVPRECQ,2023-12-31,1.31,40.12,1.31,5.46
INVPRECQ,2024-03-31,0.7,39.76,0.7,5.21
INVPRECQ,2024-06-30,2.26,41.05,2.26,6.85
INVPRECQ,2024-09-30,1.54,41.9,1.54,5.54
INVPRECQ,2024-12-31,0.37,39.6,0.37,4.05
INVPRECQ,2025-03-31,1.9,42.51,1.9,6.05
INVPRECQ,2025-06-30,2.17,44.9,2.17,6.4
INVPRECQ,2025-09-30,3.03,45.03,3.03,7.33
INVPRECQ,2025-12-31,2.79,47.36,2.79,7.96
IOB,2023-03-31,0.35,,656.0,
IOB,2023-06-30,0.27,,504.0,
IOB,2023-09-30,0.33,,627.0,
IOB,2023-12-31,0.38,,724.0,
IOB,2024-03-31,0.43,,810.0,
IOB,2024-06-30,0.34,,649.0,
IOB,2024-09-30,0.41,,780.0,
IOB,2024-12-31,0.46,,875.0,
IOB,2025-03-31,0.57,,1092.0,
IOB,2025-06-30,0.61,,1178.0,
IOB,2025-09-30,0.65,,1259.0,
IOB,2025-12-31,0.74,,1427.0,
IOB,2026-03-31,0.81,,1556.0,
IOC,2022-12-31,0.55,205715.0,890.0,4304.0
IOC,2023-03-31,7.29,203872.0,10841.0,17637.0
IOC,2023-06-30,10.22,198551.0,14735.0,23700.0
IOC,2023-09-30,9.29,179246.0,13713.0,23171.0
IOC,2023-12-31,6.39,199906.0,9225.0,16733.0
IOC,2024-03-31,3.65,198650.0,5488.0,11975.0
IOC,2024-06-30,2.5,193845.0,3723.0,9921.0
IOC,2024-09-30,-0.12,174976.0,-449.0,3467.0
IOC,2024-12-31,1.5,194014.0,2147.0,7573.0
IOC,2025-03-31,5.75,195270.0,8368.0,15029.0
IOC,2025-06-30,4.83,192341.0,6808.0,13267.0
IOC,2025-09-30,5.54,178628.0,8191.0,16245.0
IOC,2025-12-31,9.21,205157.0,13502.0,22745.0
IOLCP,2022-12-31,0.81,523.0,24.0,43.0
IOLCP,2023-03-31,2.21,587.0,65.0,95.0
IOLCP,2023-06-30,1.56,563.0,46.0,73.0
IOLCP,2023-09-30,1.29,545.0,38.0,64.0
IOLCP,2023-12-31,0.79,520.0,23.0,44.0
IOLCP,2024-03-31,0.94,504.0,28.0,50.0
IOLCP,2024-06-30,1.02,502.0,30.0,51.0
IOLCP,2024-09-30,0.65,526.0,19.0,42.0
IOLCP,2024-12-31,0.7,523.0,21.0,47.0
IOLCP,2025-03-31,1.07,528.0,31.0,63.0
IOLCP,2025-06-30,1.16,552.0,34.0,62.0
IOLCP,2025-09-30,1.02,568.0,30.0,57.0
IOLCP,2025-12-31,0.7,580.0,21.0,57.0
IONEXCHANG,2022-12-31,3.28,512.0,48.0,62.0
IONEXCHANG,2023-03-31,5.57,647.0,81.0,106.0
IONEXCHANG,2023-06-30,2.27,479.0,33.0,49.0
IONEXCHANG,2023-09-30,2.9,533.0,42.0,60.0
IONEXCHANG,2023-12-31,3.24,554.0,47.0,71.0
IONEXCHANG,2024-03-31,4.96,782.0,72.0,92.0
IONEXCHANG,2024-06-30,3.07,568.0,45.0,64.0
IONEXCHANG,2024-09-30,3.47,644.0,51.0,68.0
IONEXCHANG,2024-12-31,3.31,691.0,50.0,75.0
IONEXCHANG,2025-03-31,4.32,835.0,63.0,86.0
IONEXCHANG,2025-06-30,3.32,583.0,48.0,63.0
IONEXCHANG,2025-09-30,3.38,734.0,50.0,68.0
IONEXCHANG,2025-12-31,1.38,734.0,21.0,59.0
IPCALAB,2022-12-31,4.25,1546.0,110.0,216.0
IPCALAB,2023-03-31,3.02,1512.0,78.0,181.0
IPCALAB,2023-06-30,6.42,1585.0,164.0,308.0
IPCALAB,2023-09-30,5.72,2034.0,136.0,361.0
IPCALAB,2023-12-31,7.09,2053.0,221.0,331.0
IPCALAB,2024-03-31,2.35,2033.0,1.0,322.0
IPCALAB,2024-06-30,7.58,2093.0,199.0,393.0
IPCALAB,2024-09-30,9.05,2355.0,246.0,441.0
IPCALAB,2024-12-31,9.78,2245.0,276.0,463.0
IPCALAB,2025-03-31,2.67,2247.0,64.0,429.0
IPCALAB,2025-06-30,9.19,2309.0,233.0,416.0
IPCALAB,2025-09-30,11.14,2556.0,281.0,545.0
IPCALAB,2025-12-31,12.86,2392.0,364.0,533.0
IPL,2022-12-31,3.02,218.0,35.0,47.0
IPL,2023-03-31,2.6,198.0,30.0,42.0
IPL,2023-06-30,1.35,201.0,16.0,23.0
IPL,2023-09-30,1.69,202.0,20.0,27.0
IPL,2023-12-31,2.08,151.0,24.0,33.0
IPL,2024-03-31,0.09,126.0,1.0,4.0
IPL,2024-06-30,1.69,220.0,19.0,28.0
IPL,2024-09-30,2.25,229.0,26.0,34.0
IPL,2024-12-31,1.4,172.0,16.0,27.0
IPL,2025-03-31,1.89,207.0,22.0,32.0
IPL,2025-06-30,3.03,275.0,35.0,45.0
IPL,2025-09-30,2.74,290.0,32.0,49.0
IPL,2025-12-31,1.97,225.0,23.0,38.0
IRB,2022-12-31,0.12,1514.0,141.0,732.0
IRB,2023-03-31,0.11,1620.0,130.0,722.0
IRB,2023-06-30,0.11,1634.0,134.0,724.0
IRB,2023-09-30,0.08,1745.0,96.0,719.0
IRB,2023-12-31,0.16,1969.0,187.0,819.0
IRB,2024-03-31,0.16,2061.0,189.0,755.0
IRB,2024-06-30,0.12,1853.0,140.0,804.0
IRB,2024-09-30,0.08,1586.0,100.0,683.0
IRB,2024-12-31,4.99,2025.0,6026.0,984.0
IRB,2025-03-31,0.18,2149.0,215.0,998.0
IRB,2025-06-30,0.17,2099.0,202.0,952.0
IRB,2025-09-30,0.12,1751.0,141.0,925.0
IRB,2025-12-31,0.17,1871.0,211.0,1022.0
IRCON,2022-12-31,2.02,2347.0,190.0,156.0
IRCON,2023-03-31,2.73,3781.0,256.0,183.0
IRCON,2023-06-30,1.99,2764.0,187.0,251.0
IRCON,2023-09-30,2.67,2987.0,251.0,216.0
IRCON,2023-12-31,2.6,2930.0,245.0,259.0
IRCON,2024-03-31,2.62,3787.0,247.0,317.0
IRCON,2024-06-30,2.38,2287.0,224.0,251.0
IRCON,2024-09-30,2.19,2448.0,206.0,201.0
IRCON,2024-12-31,0.92,2613.0,86.0,132.0
IRCON,2025-03-31,2.24,3412.0,212.0,254.0
IRCON,2025-06-30,1.75,1786.0,164.0,200.0
IRCON,2025-09-30,1.47,1977.0,137.0,141.0
IRCON,2025-12-31,1.07,2119.0,100.0,158.0
IRCTC,2023-03-31,3.48,965.0,279.0,325.0
IRCTC,2023-06-30,2.9,1002.0,232.0,343.0
IRCTC,2023-09-30,3.68,991.0,295.0,367.0
IRCTC,2023-12-31,3.75,1118.0,300.0,394.0
IRCTC,2024-03-31,3.55,1155.0,284.0,362.0
IRCTC,2024-06-30,3.85,1118.0,308.0,375.0
IRCTC,2024-09-30,3.85,1064.0,308.0,373.0
IRCTC,2024-12-31,4.26,1225.0,341.0,417.0
IRCTC,2025-03-31,4.48,1269.0,358.0,385.0
IRCTC,2025-06-30,4.13,1160.0,331.0,397.0
IRCTC,2025-09-30,4.28,1146.0,342.0,404.0
IRCTC,2025-12-31,4.93,1449.0,394.0,465.0
IREDA,2024-03-31,1.26,,337.0,
IREDA,2024-06-30,1.43,,384.0,
IREDA,2024-09-30,1.44,,388.0,
IREDA,2024-12-31,1.58,,425.0,
IREDA,2025-03-31,1.87,,502.0,
IREDA,2025-06-30,0.88,,247.0,
IREDA,2025-09-30,1.96,,549.0,
IREDA,2025-12-31,2.08,,585.0,
IRIS,2022-12-31,0.76,18.89,1.48,2.7
IRIS,2023-03-31,0.82,20.56,1.58,2.85
IRIS,2023-06-30,0.48,20.63,0.93,2.44
IRIS,2023-09-30,0.69,23.97,1.37,2.86
IRIS,2023-12-31,0.89,27.34,1.76,3.51
IRIS,2024-03-31,2.43,30.35,4.73,6.41
IRIS,2024-06-30,1.46,27.65,2.89,3.75
IRIS,2024-09-30,1.93,26.91,3.89,4.73
IRIS,2024-12-31,1.77,32.83,3.59,5.2
IRIS,2025-03-31,1.37,34.64,2.88,5.02
IRIS,2025-06-30,0.09,25.19,0.23,0.25
IRIS,2025-09-30,56.84,28.56,116.85,0.14
IRIS,2025-12-31,2.58,35.59,5.31,5.07
IRMENERGY,2022-12-31,6.56,266.0,20.0,37.0
IRMENERGY,2023-03-31,1.34,243.0,4.0,15.0
IRMENERGY,2023-06-30,8.89,230.0,27.0,42.0
IRMENERGY,2023-09-30,8.6,220.0,26.0,42.0
IRMENERGY,2023-12-31,5.79,226.0,24.0,42.0
IRMENERGY,2024-03-31,2.19,214.0,9.0,23.0
IRMENERGY,2024-06-30,4.55,225.0,19.0,30.0
IRMENERGY,2024-09-30,2.93,232.0,12.0,26.0
IRMENERGY,2024-12-31,2.46,251.0,10.0,22.0
IRMENERGY,2025-03-31,1.07,268.0,4.0,17.0
IRMENERGY,2025-06-30,3.39,262.0,14.0,26.0
IRMENERGY,2025-09-30,3.06,259.0,13.0,27.0
IRMENERGY,2025-12-31,3.4,265.0,14.0,30.0
ISFT,2022-12-31,1.18,122.44,1.74,4.56
ISFT,2023-03-31,1.66,118.01,2.45,4.09
ISFT,2023-06-30,1.88,120.42,2.77,4.82
ISFT,2023-09-30,1.66,120.55,2.45,4.84
ISFT,2023-12-31,1.51,122.99,2.22,4.97
ISFT,2024-03-31,1.45,121.5,2.36,4.85
ISFT,2024-06-30,2.27,123.24,3.71,4.76
ISFT,2024-09-30,2.4,125.57,3.92,4.6
ISFT,2024-12-31,1.66,128.34,2.7,4.38
ISFT,2025-03-31,1.44,130.04,2.35,3.66
ISFT,2025-06-30,2.51,128.99,4.1,4.82
ISFT,2025-09-30,2.09,132.51,3.41,4.05
ISFT,2025-12-31,1.61,136.67,2.62,3.9
ISGEC,2022-12-31,8.56,1597.0,66.0,128.0
ISGEC,2023-03-31,11.71,2043.0,93.0,164.0
ISGEC,2023-06-30,6.89,1386.0,53.0,104.0
ISGEC,2023-09-30,8.13,1473.0,64.0,134.0
ISGEC,2023-12-31,8.42,1493.0,67.0,123.0
ISGEC,2024-03-31,9.7,1868.0,72.0,138.0
ISGEC,2024-06-30,8.9,1540.0,67.0,125.0
ISGEC,2024-09-30,12.59,1644.0,96.0,127.0
ISGEC,2024-12-31,2.73,1495.0,23.0,132.0
ISGEC,2025-03-31,12.4,1744.0,98.0,152.0
ISGEC,2025-06-30,7.11,1341.0,59.0,120.0
ISGEC,2025-09-30,5.98,1691.0,56.0,147.0
ISGEC,2025-12-31,9.49,1739.0,84.0,194.0
ITC,2022-12-31,4.03,17705.0,5080.0,6705.0
ITC,2023-03-31,4.16,17635.0,5243.0,6624.0
ITC,2023-06-30,4.1,17164.0,5190.0,6670.0
ITC,2023-09-30,3.93,17774.0,4965.0,6454.0
ITC,2023-12-31,4.28,17195.0,5407.0,6210.0
ITC,2024-03-31,4.1,17038.0,5191.0,6302.0
ITC,2024-06-30,4.08,17778.0,5177.0,6545.0
ITC,2024-09-30,3.99,19990.0,5054.0,6552.0
ITC,2024-12-31,3.94,18790.0,5013.0,6362.0
ITC,2025-03-31,15.76,18765.0,19808.0,6519.0
ITC,2025-06-30,4.19,21495.0,5343.0,6816.0
ITC,2025-09-30,4.09,19502.0,5187.0,6695.0
ITC,2025-12-31,3.94,20047.0,5018.0,6883.0
ITCHOTELS,2024-06-30,,706.0,87.0,206.0
ITCHOTELS,2024-09-30,,778.0,77.0,212.0
ITCHOTELS,2024-12-31,,1015.0,216.0,381.0
ITCHOTELS,2025-03-31,1.23,1061.0,258.0,412.0
ITCHOTELS,2025-06-30,0.64,816.0,134.0,245.0
ITCHOTELS,2025-09-30,0.64,839.0,133.0,246.0
ITCHOTELS,2025-12-31,1.13,1231.0,237.0,467.0
ITDC,2022-12-31,2.64,118.0,23.0,23.0
ITDC,2023-03-31,1.17,154.0,10.0,20.0
ITDC,2023-06-30,2.03,118.0,17.0,22.0
ITDC,2023-09-30,2.24,131.0,19.0,24.0
ITDC,2023-12-31,2.1,135.0,18.0,23.0
ITDC,2024-03-31,1.16,141.0,10.0,25.0
ITDC,2024-06-30,1.38,85.0,12.0,8.0
ITDC,2024-09-30,2.78,146.0,24.0,20.0
ITDC,2024-12-31,2.42,144.0,21.0,25.0
ITDC,2025-03-31,2.93,200.0,25.0,32.0
ITDC,2025-06-30,1.15,88.0,10.0,9.0
ITDC,2025-09-30,1.92,118.0,16.0,19.0
ITDC,2025-12-31,3.27,185.0,28.0,33.0
ITI,2022-12-31,-0.92,256.0,-88.0,-35.0
ITI,2023-03-31,-0.76,775.0,-72.0,-6.0
ITI,2023-06-30,-1.07,157.0,-103.0,-49.0
ITI,2023-09-30,-1.31,246.0,-126.0,-53.0
ITI,2023-12-31,-1.05,259.0,-101.0,-43.0
ITI,2024-03-31,-2.49,601.0,-239.0,-174.0
ITI,2024-06-30,-0.95,520.0,-91.0,-13.0
ITI,2024-09-30,-0.73,1016.0,-70.0,-9.0
ITI,2024-12-31,-0.51,1035.0,-49.0,-11.0
ITI,2025-03-31,-0.05,1046.0,-4.0,-28.0
ITI,2025-06-30,-0.66,498.0,-64.0,-8.0
ITI,2025-09-30,-0.56,543.0,-54.0,-1.0
ITI,2025-12-31,-0.26,515.0,-25.0,25.0
IVALUE,2024-06-30,4.4,196.0,9.0,15.0
IVALUE,2024-09-30,4.56,217.0,19.0,27.0
IVALUE,2024-12-31,4.5,250.0,19.0,27.0
IVALUE,2025-03-31,9.07,261.0,38.0,46.0
IVALUE,2025-06-30,2.47,228.0,10.0,10.0
IVALUE,2025-09-30,5.53,329.0,30.0,41.0
IVALUE,2025-12-31,2.87,226.0,16.0,29.0
IVC,2022-09-30,0.14,15.8,4.91,1.97
IVC,2022-12-31,0.14,14.11,5.53,1.63
IVC,2023-03-31,0.08,17.51,3.63,0.58
IVC,2023-06-30,0.05,13.3,3.08,0.51
IVC,2023-09-30,0.07,11.63,1.75,-1.39
IVC,2023-12-31,0.04,13.81,2.28,-0.57
IVC,2024-03-31,0.15,13.18,4.94,2.82
IVC,2024-06-30,-0.11,7.77,-3.72,-4.09
IVC,2024-09-30,0.03,5.2,1.59,-0.13
IVC,2024-12-31,0.1,8.52,3.7,-0.57
IVC,2025-03-31,0.39,7.58,12.68,1.25
IVC,2025-09-30,0.09,7.17,3.53,1.09
IVC,2025-12-31,-0.06,6.73,-2.93,-4.63
IWP,2022-12-31,0.1,44.51,0.65,3.31
IWP,2023-03-31,0.05,44.15,0.33,1.41
IWP,2023-06-30,0.16,50.24,1.0,3.67
IWP,2023-09-30,0.1,48.42,0.64,3.07
IWP,2023-12-31,0.1,44.5,0.62,3.33
IWP,2024-03-31,0.22,48.58,1.4,4.13
IWP,2024-06-30,0.2,56.34,1.26,4.33
IWP,2024-09-30,0.31,60.02,1.96,3.87
IWP,2024-12-31,0.19,55.0,1.23,3.88
IWP,2025-03-31,0.13,54.45,0.85,3.68
IWP,2025-06-30,0.18,51.43,1.15,3.95
IWP,2025-09-30,0.36,55.28,2.28,3.93
IWP,2025-12-31,0.16,53.32,1.0,3.96
IXIGO,2023-03-31,0.12,137.0,5.0,13.0
IXIGO,2023-06-30,0.24,157.0,8.0,10.0
IXIGO,2023-09-30,0.75,164.0,27.0,0.0
IXIGO,2023-12-31,0.81,171.0,31.0,15.0
IXIGO,2024-03-31,0.24,165.0,7.0,13.0
IXIGO,2024-06-30,0.38,182.0,15.0,15.0
IXIGO,2024-09-30,0.34,206.0,13.0,16.0
IXIGO,2024-12-31,0.4,242.0,16.0,19.0
IXIGO,2025-03-31,0.43,284.0,17.0,21.0
IXIGO,2025-06-30,0.49,314.0,19.0,23.0
IXIGO,2025-09-30,-0.08,283.0,-3.0,-5.0
IXIGO,2025-12-31,0.55,318.0,24.0,24.0
J&KBANK,2022-12-31,3.19,,307.0,
J&KBANK,2023-03-31,4.58,,473.0,
J&KBANK,2023-06-30,3.21,,331.0,
J&KBANK,2023-09-30,3.72,,384.0,
J&KBANK,2023-12-31,3.84,,423.0,
J&KBANK,2024-03-31,5.75,,633.0,
J&KBANK,2024-06-30,3.8,,418.0,
J&KBANK,2024-09-30,5.02,,553.0,
J&KBANK,2024-12-31,4.8,,529.0,
J&KBANK,2025-03-31,5.28,,582.0,
J&KBANK,2025-06-30,4.4,,485.0,
J&KBANK,2025-09-30,4.49,,495.0,
J&KBANK,2025-12-31,5.28,,581.0,
JAGRAN,2022-12-31,3.12,488.0,82.0,82.0
JAGRAN,2023-03-31,0.93,459.0,23.0,9.0
JAGRAN,2023-06-30,2.05,455.0,44.0,69.0
JAGRAN,2023-09-30,1.95,459.0,42.0,72.0
JAGRAN,2023-12-31,3.39,511.0,73.0,105.0
JAGRAN,2024-03-31,1.05,510.0,6.0,25.0
JAGRAN,2024-06-30,1.89,444.0,41.0,66.0
JAGRAN,2024-09-30,1.97,447.0,42.0,75.0
JAGRAN,2024-12-31,2.88,516.0,63.0,93.0
JAGRAN,2025-03-31,-0.73,481.0,-51.0,-66.0
JAGRAN,2025-06-30,3.09,460.0,67.0,64.0
JAGRAN,2025-09-30,2.69,467.0,57.0,67.0
JAGRAN,2025-12-31,2.49,477.0,55.0,71.0
JAIBALAJI,2022-09-30,0.33,1369.0,21.0,63.0
JAIBALAJI,2022-12-31,0.38,1537.0,28.0,70.0
JAIBALAJI,2023-03-31,-0.18,1724.0,-13.0,63.0
JAIBALAJI,2023-06-30,2.19,1483.0,170.0,205.0
JAIBALAJI,2023-09-30,2.51,1547.0,202.0,213.0
JAIBALAJI,2023-12-31,2.92,1539.0,235.0,247.0
JAIBALAJI,2024-03-31,3.34,1846.0,273.0,241.0
JAIBALAJI,2024-06-30,2.35,1718.0,209.0,316.0
JAIBALAJI,2024-09-30,1.68,1557.0,153.0,228.0
JAIBALAJI,2024-12-31,1.32,1486.0,120.0,190.0
JAIBALAJI,2025-03-31,0.83,1590.0,75.0,133.0
JAIBALAJI,2025-06-30,0.77,1357.0,71.0,127.0
JAIBALAJI,2025-09-30,0.29,1353.0,26.0,72.0
JAICORPLTD,2022-12-31,0.47,130.0,8.0,10.0
JAICORPLTD,2023-03-31,-2.19,125.0,-39.0,11.0
JAICORPLTD,2023-06-30,0.31,116.0,6.0,7.0
JAICORPLTD,2023-09-30,0.65,118.0,12.0,13.0
JAICORPLTD,2023-12-31,0.67,107.0,12.0,12.0
JAICORPLTD,2024-03-31,1.31,123.0,23.0,16.0
JAICORPLTD,2024-06-30,0.77,121.0,14.0,14.0
JAICORPLTD,2024-09-30,0.98,135.0,17.0,16.0
JAICORPLTD,2024-12-31,0.71,126.0,12.0,12.0
JAICORPLTD,2025-03-31,1.32,135.0,23.0,10.0
JAICORPLTD,2025-06-30,5.94,131.0,104.0,8.0
JAICORPLTD,2025-09-30,1.52,146.0,27.0,17.0
JAICORPLTD,2025-12-31,1.0,116.0,17.0,13.0
JAINREC,2024-06-30,14.53,1496.0,60.0,94.0
JAINREC,2024-09-30,12.81,1392.0,53.0,88.0
JAINREC,2024-12-31,14.29,1781.0,59.0,89.0
JAINREC,2025-03-31,1.62,1760.0,53.0,93.0
JAINREC,2025-06-30,1.75,1549.0,57.0,90.0
JAINREC,2025-09-30,2.86,2114.0,99.0,160.0
JAINREC,2025-12-31,3.66,2775.0,126.0,199.0
JAIPURKURT,2022-12-31,-1.0,9.54,-1.65,-0.66
JAIPURKURT,2023-03-31,0.67,10.63,1.1,1.66
JAIPURKURT,2023-06-30,-0.55,7.54,-0.9,-0.32
JAIPURKURT,2023-09-30,-1.06,9.58,-1.75,-1.57
JAIPURKURT,2023-12-31,0.27,8.39,0.45,1.69
JAIPURKURT,2024-03-31,1.65,19.59,2.74,4.49
JAIPURKURT,2024-06-30,0.66,18.04,1.14,2.62
JAIPURKURT,2024-09-30,0.71,18.4,1.22,2.71
JAIPURKURT,2024-12-31,0.38,13.42,0.66,2.04
JAIPURKURT,2025-03-31,0.39,19.78,0.68,1.77
JAIPURKURT,2025-06-30,0.38,27.16,0.72,2.12
JAIPURKURT,2025-09-30,0.15,28.35,0.28,1.95
JAIPURKURT,2025-12-31,0.12,26.87,0.23,1.8
JAMNAAUTO,2022-12-31,1.03,591.0,41.0,66.0
JAMNAAUTO,2023-03-31,1.32,634.0,52.0,79.0
JAMNAAUTO,2023-06-30,1.14,575.0,46.0,73.0
JAMNAAUTO,2023-09-30,1.26,607.0,50.0,79.0
JAMNAAUTO,2023-12-31,1.38,604.0,55.0,86.0
JAMNAAUTO,2024-03-31,1.37,640.0,55.0,89.0
JAMNAAUTO,2024-06-30,1.16,557.0,46.0,75.0
JAMNAAUTO,2024-09-30,1.0,513.0,40.0,66.0
JAMNAAUTO,2024-12-31,1.1,562.0,44.0,77.0
JAMNAAUTO,2025-03-31,1.26,638.0,50.0,84.0
JAMNAAUTO,2025-06-30,1.15,573.0,46.0,76.0
JAMNAAUTO,2025-09-30,1.0,531.0,40.0,69.0
JAMNAAUTO,2025-12-31,1.46,668.0,58.0,114.0
JASH,2022-12-31,2.84,114.0,17.0,20.0
JASH,2023-03-31,5.52,169.0,33.0,36.0
JASH,2023-06-30,-0.56,64.0,-3.0,0.0
JASH,2023-09-30,1.42,95.0,9.0,14.0
JASH,2023-12-31,3.76,139.0,23.0,32.0
JASH,2024-03-31,6.29,217.0,39.0,53.0
JASH,2024-06-30,0.08,115.0,0.0,3.0
JASH,2024-09-30,2.56,140.0,16.0,25.0
JASH,2024-12-31,5.6,181.0,35.0,41.0
JASH,2025-03-31,5.76,300.0,36.0,59.0
JASH,2025-06-30,-0.81,128.0,-5.0,-4.0
JASH,2025-09-30,1.77,158.0,11.0,20.0
JASH,2025-12-31,2.13,160.0,13.0,17.0
JAYAGROGN,2022-12-31,1.52,525.05,4.55,13.35
JAYAGROGN,2023-03-31,4.59,606.66,14.35,24.39
JAYAGROGN,2023-06-30,3.56,555.07,11.61,20.88
JAYAGROGN,2023-09-30,5.25,540.05,16.42,27.3
JAYAGROGN,2023-12-31,3.16,428.88,9.57,18.07
JAYAGROGN,2024-03-31,5.16,626.05,16.53,30.89
JAYAGROGN,2024-06-30,5.18,716.32,15.68,30.92
JAYAGROGN,2024-09-30,4.57,598.05,13.3,28.27
JAYAGROGN,2024-12-31,4.72,579.79,13.83,26.91
JAYAGROGN,2025-03-31,3.83,634.0,11.02,22.69
JAYAGROGN,2025-06-30,5.38,672.17,16.36,30.37
JAYAGROGN,2025-09-30,3.22,499.6,9.21,22.53
JAYAGROGN,2025-12-31,2.31,587.3,6.33,17.57
JAYBARMARU,2022-12-31,0.62,536.0,7.0,40.0
JAYBARMARU,2023-03-31,1.32,673.0,14.0,51.0
JAYBARMARU,2023-06-30,0.48,533.0,5.0,37.0
JAYBARMARU,2023-09-30,0.84,613.0,9.0,45.0
JAYBARMARU,2023-12-31,0.62,548.0,7.0,41.0
JAYBARMARU,2024-03-31,1.04,598.0,11.0,43.0
JAYBARMARU,2024-06-30,0.5,533.0,5.0,38.0
JAYBARMARU,2024-09-30,0.28,555.0,3.0,34.0
JAYBARMARU,2024-12-31,0.36,591.0,4.0,35.0
JAYBARMARU,2025-03-31,1.9,611.0,21.0,58.0
JAYBARMARU,2025-06-30,2.15,557.0,23.0,66.0
JAYBARMARU,2025-09-30,1.7,583.0,18.0,61.0
JAYBARMARU,2025-12-31,1.7,645.0,18.0,71.0
JAYKAY,2022-12-31,0.86,13.37,9.68,1.77
JAYKAY,2023-03-31,-0.2,10.34,-1.99,0.48
JAYKAY,2023-06-30,0.04,6.95,0.75,0.62
JAYKAY,2023-09-30,0.22,8.14,3.24,2.49
JAYKAY,2023-12-31,0.04,7.54,0.72,0.4
JAYKAY,2024-03-31,0.44,30.03,4.89,-0.1
JAYKAY,2024-06-30,0.39,17.14,5.03,1.33
JAYKAY,2024-09-30,0.04,30.81,0.51,1.39
JAYKAY,2024-12-31,0.44,21.73,5.39,1.38
JAYKAY,2025-03-31,-0.31,10.96,-4.42,-4.77
JAYKAY,2025-06-30,1.65,55.45,20.2,6.88
JAYKAY,2025-09-30,0.65,63.07,8.77,11.03
JAYKAY,2025-12-31,0.51,59.97,6.78,12.03
JAYSREETEA,2022-12-31,-2.84,267.26,-8.2,3.26
JAYSREETEA,2023-03-31,-3.79,146.8,-10.95,-47.86
JAYSREETEA,2023-06-30,5.65,179.76,16.32,-8.04
JAYSREETEA,2023-09-30,4.01,231.31,11.59,24.23
JAYSREETEA,2023-12-31,0.07,206.23,0.19,-14.54
JAYSREETEA,2024-03-31,-5.2,134.22,-15.03,-49.21
JAYSREETEA,2024-06-30,-3.11,160.5,-8.99,2.8
JAYSREETEA,2024-09-30,10.54,301.35,30.45,51.11
JAYSREETEA,2024-12-31,25.48,234.77,73.59,7.12
JAYSREETEA,2025-03-31,10.89,161.52,31.46,-23.2
JAYSREETEA,2025-06-30,-3.11,189.82,-8.98,-0.43
JAYSREETEA,2025-09-30,6.78,267.45,19.58,33.81
JAYSREETEA,2025-12-31,-0.52,295.17,-1.5,11.54
JBCHEPHARM,2022-12-31,6.86,793.0,106.0,175.0
JBCHEPHARM,2023-03-31,5.66,762.0,88.0,164.0
JBCHEPHARM,2023-06-30,9.19,896.0,142.0,232.0
JBCHEPHARM,2023-09-30,9.72,882.0,151.0,244.0
JBCHEPHARM,2023-12-31,8.61,845.0,134.0,223.0
JBCHEPHARM,2024-03-31,8.13,862.0,126.0,198.0
JBCHEPHARM,2024-06-30,11.39,1004.0,177.0,280.0
JBCHEPHARM,2024-09-30,11.24,1001.0,175.0,271.0
JBCHEPHARM,2024-12-31,10.45,963.0,162.0,255.0
JBCHEPHARM,2025-03-31,9.36,949.0,146.0,226.0
JBCHEPHARM,2025-06-30,12.97,1094.0,202.0,301.0
JBCHEPHARM,2025-09-30,13.27,1085.0,208.0,310.0
JBCHEPHARM,2025-12-31,12.63,1065.0,198.0,296.0
JBMA,2022-12-31,1.45,953.0,35.0,106.0
JBMA,2023-03-31,1.19,1010.0,28.0,107.0
JBMA,2023-06-30,1.28,946.0,30.0,114.0
JBMA,2023-09-30,1.87,1231.0,49.0,140.0
JBMA,2023-12-31,2.06,1346.0,52.0,157.0
JBMA,2024-03-31,2.36,1486.0,62.0,172.0
JBMA,2024-06-30,1.41,1144.0,34.0,130.0
JBMA,2024-09-30,2.09,1286.0,53.0,158.0
JBMA,2024-12-31,2.23,1396.0,56.0,168.0
JBMA,2025-03-31,2.81,1646.0,72.0,185.0
JBMA,2025-06-30,1.56,1254.0,39.0,120.0
JBMA,2025-09-30,2.23,1368.0,55.0,150.0
JBMA,2025-12-31,2.33,1614.0,60.0,173.0
JETFREIGHT,2022-12-31,-0.42,89.98,-1.95,-0.37
JETFREIGHT,2023-03-31,0.21,95.95,0.99,4.36
JETFREIGHT,2023-06-30,-0.66,116.7,-3.08,-1.15
JETFREIGHT,2023-09-30,-0.77,91.68,-3.57,0.27
JETFREIGHT,2023-12-31,0.9,94.56,4.18,2.96
JETFREIGHT,2024-03-31,0.58,98.31,2.67,3.95
JETFREIGHT,2024-06-30,0.23,147.28,1.06,3.42
JETFREIGHT,2024-09-30,0.13,87.47,0.59,3.01
JETFREIGHT,2024-12-31,0.38,94.47,1.75,4.18
JETFREIGHT,2025-03-31,0.07,114.53,0.34,3.48
JETFREIGHT,2025-06-30,0.38,119.72,1.78,3.05
JETFREIGHT,2025-09-30,0.19,83.78,0.87,2.79
JETFREIGHT,2025-12-31,0.23,113.2,1.08,4.01
JGCHEM,2023-03-31,3.57,194.0,12.0,16.0
JGCHEM,2023-06-30,1.2,172.0,4.0,5.0
JGCHEM,2023-09-30,1.18,153.0,4.0,8.0
JGCHEM,2023-12-31,3.22,161.0,11.0,15.0
JGCHEM,2024-03-31,3.34,181.0,14.0,17.0
JGCHEM,2024-06-30,3.88,203.0,16.0,22.0
JGCHEM,2024-09-30,4.21,212.0,17.0,21.0
JGCHEM,2024-12-31,4.33,209.0,18.0,23.0
JGCHEM,2025-03-31,3.92,224.0,16.0,19.0
JGCHEM,2025-06-30,4.02,218.0,16.0,20.0
JGCHEM,2025-09-30,3.67,220.0,15.0,18.0
JGCHEM,2025-12-31,4.47,248.0,18.0,23.0
JINDALPHOT,2022-12-31,41.35,0.0,43.0,0.0
JINDALPHOT,2023-03-31,50.4,8.0,52.0,8.0
JINDALPHOT,2023-06-30,32.55,0.0,34.0,0.0
JINDALPHOT,2023-09-30,44.49,0.0,46.0,0.0
JINDALPHOT,2023-12-31,87.43,0.0,90.0,0.0
JINDALPHOT,2024-03-31,93.35,19.0,96.0,19.0
JINDALPHOT,2024-06-30,46.04,1.0,47.0,1.0
JINDALPHOT,2024-09-30,121.06,1.0,125.0,1.0
JINDALPHOT,2024-12-31,23.89,0.0,25.0,0.0
JINDALPHOT,2025-03-31,28.37,1.0,29.0,0.0
JINDALPHOT,2025-06-30,50.85,1.0,52.0,0.0
JINDALPHOT,2025-09-30,46.06,11.0,47.0,11.0
JINDALPHOT,2025-12-31,-113.53,1.0,-117.0,-116.0
JINDALPOLY,2022-12-31,-22.06,887.0,-97.0,-83.0
JINDALPOLY,2023-03-31,-87.9,810.0,-385.0,25.0
JINDALPOLY,2023-06-30,22.29,832.0,98.0,13.0
JINDALPOLY,2023-09-30,2.78,1034.0,12.0,25.0
JINDALPOLY,2023-12-31,-4.44,984.0,-19.0,-33.0
JINDALPOLY,2024-03-31,-4.31,1077.0,-19.0,-7.0
JINDALPOLY,2024-06-30,38.38,1233.0,168.0,35.0
JINDALPOLY,2024-09-30,26.62,1135.0,117.0,67.0
JINDALPOLY,2024-12-31,0.94,1186.0,4.0,76.0
JINDALPOLY,2025-03-31,-40.87,1420.0,-179.0,56.0
JINDALPOLY,2025-06-30,8.42,914.0,36.0,15.0
JINDALPOLY,2025-09-30,-2.92,410.0,-13.0,11.0
JINDALPOLY,2025-12-31,-22.01,372.0,-97.0,-77.0
JINDALSAW,2023-03-31,5.58,5188.0,298.0,600.0
JINDALSAW,2023-06-30,4.14,4410.0,244.0,608.0
JINDALSAW,2023-09-30,5.9,5466.0,356.0,804.0
JINDALSAW,2023-12-31,8.34,5656.0,512.0,988.0
JINDALSAW,2024-03-31,7.85,5425.0,480.0,920.0
JINDALSAW,2024-06-30,6.9,4939.0,416.0,840.0
JINDALSAW,2024-09-30,7.81,5572.0,475.0,914.0
JINDALSAW,2024-12-31,7.92,5271.0,479.0,939.0
JINDALSAW,2025-03-31,4.55,5047.0,87.0,736.0
JINDALSAW,2025-06-30,6.63,4085.0,415.0,670.0
JINDALSAW,2025-09-30,2.38,4234.0,139.0,451.0
JINDALSAW,2025-12-31,4.03,4943.0,248.0,613.0
JINDALSAW,2026-03-31,2.18,4633.0,124.0,478.0
JINDALSTEL,2023-03-31,4.53,13692.0,466.0,2187.0
JINDALSTEL,2023-06-30,16.54,12588.0,1692.0,2628.0
JINDALSTEL,2023-09-30,13.6,12250.0,1390.0,2285.0
JINDALSTEL,2023-12-31,18.9,11701.0,1928.0,2843.0
JINDALSTEL,2024-03-31,9.17,13487.0,933.0,2444.0
JINDALSTEL,2024-06-30,13.14,13618.0,1338.0,2839.0
JINDALSTEL,2024-09-30,8.44,11213.0,860.0,2200.0
JINDALSTEL,2024-12-31,9.32,11751.0,951.0,2184.0
JINDALSTEL,2025-03-31,-3.33,13183.0,-304.0,2262.0
JINDALSTEL,2025-06-30,14.65,12294.0,1496.0,3006.0
JINDALSTEL,2025-09-30,6.26,11686.0,635.0,2081.0
JINDALSTEL,2025-12-31,1.87,13027.0,189.0,1629.0
JINDALSTEL,2026-03-31,10.24,16218.0,1041.0,2929.0
JINDRILL,2022-12-31,8.58,138.0,25.0,44.0
JINDRILL,2023-03-31,3.51,103.0,10.0,31.0
JINDRILL,2023-06-30,4.16,94.0,12.0,33.0
JINDRILL,2023-09-30,7.63,142.0,22.0,44.0
JINDRILL,2023-12-31,11.02,183.0,32.0,55.0
JINDRILL,2024-03-31,-5.18,198.0,-15.0,3.0
JINDRILL,2024-06-30,15.13,171.0,44.0,39.0
JINDRILL,2024-09-30,11.89,172.0,34.0,31.0
JINDRILL,2024-12-31,22.76,239.0,66.0,81.0
JINDRILL,2025-03-31,24.71,245.0,72.0,87.0
JINDRILL,2025-06-30,22.81,254.0,66.0,107.0
JINDRILL,2025-09-30,45.73,238.0,133.0,93.0
JINDRILL,2025-12-31,-11.52,242.0,-33.0,72.0
JINDWORLD,2022-12-31,0.15,404.0,15.0,43.0
JINDWORLD,2023-03-31,0.26,549.0,27.0,57.0
JINDWORLD,2023-06-30,0.14,411.0,14.0,42.0
JINDWORLD,2023-09-30,0.13,392.0,13.0,35.0
JINDWORLD,2023-12-31,0.21,438.0,21.0,51.0
JINDWORLD,2024-03-31,0.28,574.0,28.0,56.0
JINDWORLD,2024-06-30,0.18,492.0,18.0,47.0
JINDWORLD,2024-09-30,0.17,571.0,17.0,48.0
JINDWORLD,2024-12-31,0.18,624.0,18.0,51.0
JINDWORLD,2025-03-31,0.22,606.0,22.0,49.0
JINDWORLD,2025-06-30,0.17,540.0,17.0,40.0
JINDWORLD,2025-09-30,0.12,573.0,12.0,31.0
JINDWORLD,2025-12-31,0.14,532.0,14.0,22.0
JIOFIN,2023-06-30,,414.0,332.0,376.0
JIOFIN,2023-09-30,1.05,608.0,668.0,542.0
JIOFIN,2023-12-31,0.46,414.0,294.0,320.0
JIOFIN,2024-03-31,0.49,418.0,311.0,320.0
JIOFIN,2024-06-30,0.49,418.0,313.0,344.0
JIOFIN,2024-09-30,1.08,694.0,689.0,553.0
JIOFIN,2024-12-31,0.46,438.0,295.0,313.0
JIOFIN,2025-03-31,0.5,493.0,316.0,338.0
JIOFIN,2025-06-30,0.51,612.0,325.0,457.0
JIOFIN,2025-09-30,1.09,981.0,695.0,688.0
JIOFIN,2025-12-31,0.42,901.0,269.0,555.0
JIOFIN,2026-03-31,0.43,1019.0,272.0,605.0
JISLJALEQS,2022-12-31,-0.81,1504.0,-50.0,177.0
JISLJALEQS,2023-03-31,16.16,1745.0,977.0,136.0
JISLJALEQS,2023-06-30,0.57,1701.0,37.0,215.0
JISLJALEQS,2023-09-30,0.13,1362.0,8.0,173.0
JISLJALEQS,2023-12-31,0.15,1358.0,9.0,171.0
JISLJALEQS,2024-03-31,-0.13,1727.0,-11.0,216.0
JISLJALEQS,2024-06-30,0.2,1478.0,12.0,178.0
JISLJALEQS,2024-09-30,-0.15,1192.0,-13.0,139.0
JISLJALEQS,2024-12-31,0.01,1361.0,-1.0,176.0
JISLJALEQS,2025-03-31,0.43,1749.0,28.0,223.0
JISLJALEQS,2025-06-30,0.19,1546.0,11.0,201.0
JISLJALEQS,2025-09-30,0.21,1432.0,15.0,198.0
JISLJALEQS,2025-12-31,-0.59,1598.0,-47.0,166.0
JKCEMENT,2022-12-31,5.05,2436.0,37.0,247.0
JKCEMENT,2023-03-31,14.17,2778.0,107.0,350.0
JKCEMENT,2023-06-30,14.84,2763.0,113.0,408.0
JKCEMENT,2023-09-30,22.69,2753.0,176.0,467.0
JKCEMENT,2023-12-31,36.73,2935.0,284.0,625.0
JKCEMENT,2024-03-31,28.44,3106.0,220.0,560.0
JKCEMENT,2024-06-30,23.98,2808.0,185.0,486.0
JKCEMENT,2024-09-30,16.28,2560.0,136.0,284.0
JKCEMENT,2024-12-31,24.54,2930.0,190.0,492.0
JKCEMENT,2025-03-31,46.64,3581.0,361.0,765.0
JKCEMENT,2025-06-30,41.99,3353.0,324.0,688.0
JKCEMENT,2025-09-30,20.78,3019.0,159.0,447.0
JKCEMENT,2025-12-31,22.6,3463.0,174.0,557.0
JKIL,2023-03-31,9.76,1134.0,74.0,159.0
JKIL,2023-06-30,9.63,1131.0,73.0,162.0
JKIL,2023-09-30,9.71,1104.0,73.0,160.0
JKIL,2023-12-31,10.92,1219.0,83.0,179.0
JKIL,2024-03-31,13.46,1425.0,102.0,203.0
JKIL,2024-06-30,11.48,1282.0,87.0,184.0
JKIL,2024-09-30,11.92,1292.0,90.0,188.0
JKIL,2024-12-31,13.21,1487.0,100.0,219.0
JKIL,2025-03-31,15.09,1633.0,114.0,235.0
JKIL,2025-06-30,13.67,1484.0,103.0,217.0
JKIL,2025-09-30,11.99,1343.0,91.0,195.0
JKIL,2025-12-31,10.95,1311.0,83.0,188.0
JKLAKSHMI,2022-12-31,6.49,1562.0,77.0,185.0
JKLAKSHMI,2023-03-31,9.35,1862.0,115.0,233.0
JKLAKSHMI,2023-06-30,6.67,1730.0,80.0,196.0
JKLAKSHMI,2023-09-30,7.88,1575.0,96.0,217.0
JKLAKSHMI,2023-12-31,12.21,1703.0,150.0,302.0
JKLAKSHMI,2024-03-31,13.34,1781.0,162.0,336.0
JKLAKSHMI,2024-06-30,4.83,1564.0,57.0,222.0
JKLAKSHMI,2024-09-30,-2.61,1234.0,-31.0,81.0
JKLAKSHMI,2024-12-31,6.37,1497.0,75.0,199.0
JKLAKSHMI,2025-03-31,14.93,1898.0,175.0,351.0
JKLAKSHMI,2025-06-30,12.76,1741.0,150.0,311.0
JKLAKSHMI,2025-09-30,6.52,1532.0,81.0,208.0
JKLAKSHMI,2025-12-31,4.58,1588.0,57.0,205.0
JKPAPER,2022-12-31,19.44,1643.0,334.0,565.0
JKPAPER,2023-03-31,16.54,1719.0,284.0,484.0
JKPAPER,2023-06-30,18.22,1584.0,313.0,477.0
JKPAPER,2023-09-30,17.85,1650.0,306.0,407.0
JKPAPER,2023-12-31,13.88,1706.0,236.0,372.0
JKPAPER,2024-03-31,16.27,1719.0,279.0,359.0
JKPAPER,2024-06-30,8.25,1714.0,141.0,280.0
JKPAPER,2024-09-30,7.59,1683.0,129.0,264.0
JKPAPER,2024-12-31,3.86,1632.0,65.0,168.0
JKPAPER,2025-03-31,4.5,1690.0,77.0,217.0
JKPAPER,2025-06-30,4.8,1674.0,85.0,247.0
JKPAPER,2025-09-30,4.41,1749.0,78.0,224.0
JKPAPER,2025-12-31,1.62,1763.0,28.0,177.0
JKTYRE,2022-12-31,2.66,3613.0,67.0,339.0
JKTYRE,2023-03-31,4.4,3632.0,112.0,376.0
JKTYRE,2023-06-30,6.25,3718.0,159.0,457.0
JKTYRE,2023-09-30,9.83,3898.0,249.0,589.0
JKTYRE,2023-12-31,8.47,3688.0,227.0,550.0
JKTYRE,2024-03-31,6.49,3698.0,172.0,481.0
JKTYRE,2024-06-30,8.11,3639.0,218.0,500.0
JKTYRE,2024-09-30,4.93,3622.0,140.0,421.0
JKTYRE,2024-12-31,1.92,3674.0,53.0,314.0
JKTYRE,2025-03-31,3.54,3759.0,99.0,363.0
JKTYRE,2025-06-30,6.03,3869.0,163.0,402.0
JKTYRE,2025-09-30,8.28,4011.0,227.0,521.0
JKTYRE,2025-12-31,7.21,4223.0,208.0,571.0
JLHL,2022-12-31,-0.07,228.0,0.0,45.0
JLHL,2023-03-31,2.79,242.0,16.0,52.0
JLHL,2023-06-30,9.55,243.0,54.0,53.0
JLHL,2023-09-30,5.14,263.0,34.0,61.0
JLHL,2023-12-31,6.66,273.0,44.0,62.0
JLHL,2024-03-31,6.87,291.0,45.0,63.0
JLHL,2024-06-30,6.78,289.0,45.0,65.0
JLHL,2024-09-30,7.88,335.0,52.0,78.0
JLHL,2024-12-31,7.94,333.0,52.0,76.0
JLHL,2025-03-31,6.84,327.0,45.0,78.0
JLHL,2025-06-30,6.69,353.0,44.0,78.0
JLHL,2025-09-30,8.75,394.0,57.0,92.0
JLHL,2025-12-31,6.49,365.0,42.0,83.0
JMA,2022-12-31,2.97,128.67,6.86,8.33
JMA,2023-03-31,4.07,143.98,9.5,11.27
JMA,2023-06-30,2.06,118.21,4.78,5.25
JMA,2023-09-30,2.34,127.2,5.44,6.13
JMA,2023-12-31,2.71,135.93,6.28,7.0
JMA,2024-03-31,4.1,152.61,9.51,11.06
JMA,2024-06-30,2.21,128.93,5.13,5.39
JMA,2024-09-30,1.82,126.74,4.24,4.38
JMA,2024-12-31,2.93,141.05,6.81,7.55
JMA,2025-03-31,4.31,159.01,10.03,11.46
JMA,2025-06-30,2.41,139.04,5.61,5.39
JMA,2025-09-30,2.57,141.65,5.98,6.32
JMA,2025-12-31,3.84,168.59,8.93,10.14
JMFINANCIL,2022-12-31,1.26,108.0,121.0,46.0
JMFINANCIL,2023-03-31,0.12,84.0,12.0,21.0
JMFINANCIL,2023-06-30,0.52,142.0,50.0,64.0
JMFINANCIL,2023-09-30,1.49,167.0,142.0,68.0
JMFINANCIL,2023-12-31,0.94,218.0,90.0,120.0
JMFINANCIL,2024-03-31,0.29,191.0,27.0,70.0
JMFINANCIL,2024-06-30,0.36,119.0,35.0,49.0
JMFINANCIL,2024-09-30,3.13,226.0,299.0,87.0
JMFINANCIL,2024-12-31,0.74,195.0,70.0,99.0
JMFINANCIL,2025-03-31,1.41,225.0,135.0,150.0
JMFINANCIL,2025-06-30,1.4,246.0,133.0,165.0
JMFINANCIL,2025-09-30,2.57,275.0,246.0,166.0
JMFINANCIL,2025-12-31,3.01,195.0,288.0,97.0
JNKINDIA,2023-03-31,11.1,107.0,11.0,18.0
JNKINDIA,2023-06-30,0.81,37.0,4.0,8.0
JNKINDIA,2023-09-30,2.52,97.0,12.0,22.0
JNKINDIA,2023-12-31,6.18,120.0,30.0,40.0
JNKINDIA,2024-03-31,3.44,227.0,17.0,35.0
JNKINDIA,2024-06-30,1.15,88.0,6.0,9.0
JNKINDIA,2024-09-30,1.39,104.0,8.0,12.0
JNKINDIA,2024-12-31,0.51,94.0,3.0,7.0
JNKINDIA,2025-03-31,2.37,191.0,13.0,19.0
JNKINDIA,2025-06-30,0.2,99.0,1.0,3.0
JNKINDIA,2025-09-30,2.36,178.0,13.0,17.0
JNKINDIA,2025-12-31,3.25,203.0,18.0,26.0
JPOLYINVST,2022-12-31,47.57,813.0,104.0,233.0
JPOLYINVST,2023-03-31,150.57,905.0,227.0,395.0
JPOLYINVST,2023-06-30,39.52,7.0,42.0,7.0
JPOLYINVST,2023-09-30,51.84,7.0,54.0,7.0
JPOLYINVST,2023-12-31,96.13,7.0,101.0,7.0
JPOLYINVST,2024-03-31,93.69,14.0,98.0,14.0
JPOLYINVST,2024-06-30,53.23,8.0,56.0,8.0
JPOLYINVST,2024-09-30,133.0,8.0,140.0,8.0
JPOLYINVST,2024-12-31,31.8,8.0,33.0,8.0
JPOLYINVST,2025-03-31,63.4,8.0,67.0,8.0
JPOLYINVST,2025-06-30,59.7,8.0,63.0,8.0
JPOLYINVST,2025-09-30,54.74,19.0,58.0,19.0
JPOLYINVST,2025-12-31,667.86,962.0,702.0,840.0
JPPOWER,2022-12-31,-0.32,1201.05,-217.97,9.81
JPPOWER,2023-03-31,-0.06,1379.88,-43.99,226.69
JPPOWER,2023-06-30,0.28,1707.82,191.65,521.32
JPPOWER,2023-09-30,0.1,1349.81,68.66,410.81
JPPOWER,2023-12-31,0.25,2190.32,172.85,577.26
JPPOWER,2024-03-31,0.86,1514.83,588.79,726.77
JPPOWER,2024-06-30,0.51,1754.7,348.54,789.9
JPPOWER,2024-09-30,0.27,1226.41,182.66,386.32
JPPOWER,2024-12-31,0.18,1140.17,126.68,289.96
JPPOWER,2025-03-31,0.23,1340.91,155.67,388.44
JPPOWER,2025-06-30,0.41,1583.16,278.13,601.36
JPPOWER,2025-09-30,0.27,1438.3,182.1,470.73
JPPOWER,2025-12-31,0.01,1155.57,3.77,173.56
JSL,2022-12-31,9.47,9062.0,513.0,868.0
JSL,2023-03-31,9.3,9765.0,716.0,1144.0
JSL,2023-06-30,9.06,10184.0,738.0,1192.0
JSL,2023-09-30,9.4,9797.0,764.0,1231.0
JSL,2023-12-31,8.41,9127.0,691.0,1246.0
JSL,2024-03-31,6.08,9454.0,501.0,1035.0
JSL,2024-06-30,7.87,9430.0,646.0,1210.0
JSL,2024-09-30,7.42,9777.0,609.0,1186.0
JSL,2024-12-31,7.95,9907.0,654.0,1193.0
JSL,2025-03-31,7.17,10198.0,590.0,1033.0
JSL,2025-06-30,8.67,10207.0,715.0,1296.0
JSL,2025-09-30,9.79,10893.0,808.0,1374.0
JSL,2025-12-31,10.05,10518.0,828.0,1408.0
JSLL,2024-09-30,2.14,114.0,27.0,40.0
JSLL,2024-12-31,1.06,116.0,13.0,30.0
JSLL,2025-06-30,4.12,174.0,51.0,79.0
JSLL,2025-09-30,4.73,190.0,59.0,92.0
JSLL,2025-12-31,5.36,222.0,67.0,101.0
JSWCEMENT,2024-06-30,-0.15,1447.0,-24.0,168.0
JSWCEMENT,2024-09-30,-0.63,1224.0,-76.0,84.0
JSWCEMENT,2024-12-31,-0.68,1433.0,-80.0,116.0
JSWCEMENT,2025-03-31,0.34,1709.0,16.0,240.0
JSWCEMENT,2025-06-30,-13.31,1560.0,-1366.0,323.0
JSWCEMENT,2025-09-30,0.63,1436.0,75.0,268.0
JSWCEMENT,2025-12-31,1.04,1621.0,131.0,285.0
JSWDULUX,2022-12-31,21.39,987.0,97.0,143.0
JSWDULUX,2023-03-31,20.95,951.0,95.0,155.0
JSWDULUX,2023-06-30,24.13,999.0,110.0,162.0
JSWDULUX,2023-09-30,20.68,956.0,94.0,142.0
JSWDULUX,2023-12-31,24.99,1033.0,114.0,166.0
JSWDULUX,2024-03-31,23.87,973.0,109.0,162.0
JSWDULUX,2024-06-30,25.16,1036.0,115.0,169.0
JSWDULUX,2024-09-30,21.5,982.0,98.0,146.0
JSWDULUX,2024-12-31,23.85,1050.0,109.0,167.0
JSWDULUX,2025-03-31,23.8,1022.0,108.0,159.0
JSWDULUX,2025-06-30,19.98,995.0,91.0,134.0
JSWDULUX,2025-09-30,369.52,835.0,1683.0,111.0
JSWDULUX,2025-12-31,16.32,908.0,74.0,136.0
JSWENERGY,2022-12-31,1.09,2248.0,187.0,625.0
JSWENERGY,2023-03-31,1.65,2670.0,282.0,739.0
JSWENERGY,2023-06-30,1.76,2928.0,290.0,1222.0
JSWENERGY,2023-09-30,5.17,3259.0,857.0,1880.0
JSWENERGY,2023-12-31,1.41,2543.0,232.0,1111.0
JSWENERGY,2024-03-31,2.14,2756.0,345.0,1169.0
JSWENERGY,2024-06-30,2.99,2879.0,534.0,1418.0
JSWENERGY,2024-09-30,4.88,3238.0,877.0,1685.0
JSWENERGY,2024-12-31,0.96,2439.0,157.0,914.0
JSWENERGY,2025-03-31,2.33,3189.0,415.0,1204.0
JSWENERGY,2025-06-30,4.25,5143.0,836.0,2789.0
JSWENERGY,2025-09-30,4.03,5177.0,824.0,2996.0
JSWENERGY,2025-12-31,2.4,4082.0,529.0,2030.0
JSWHL,2022-12-31,26.97,26.0,30.0,25.0
JSWHL,2023-03-31,37.35,24.0,41.0,23.0
JSWHL,2023-06-30,21.95,26.0,24.0,23.0
JSWHL,2023-09-30,56.94,89.0,63.0,86.0
JSWHL,2023-12-31,31.27,27.0,35.0,25.0
JSWHL,2024-03-31,29.99,27.0,33.0,24.0
JSWHL,2024-06-30,47.37,27.0,53.0,24.0
JSWHL,2024-09-30,107.79,162.0,120.0,158.0
JSWHL,2024-12-31,12.51,29.0,14.0,26.0
JSWHL,2025-03-31,8.76,29.0,10.0,26.0
JSWHL,2025-06-30,30.46,30.0,34.0,26.0
JSWHL,2025-09-30,60.52,84.0,67.0,80.0
JSWHL,2025-12-31,28.94,33.0,32.0,29.0
JSWINFRA,2022-12-31,3.7,798.0,116.0,376.0
JSWINFRA,2023-03-31,1.61,915.0,302.0,472.0
JSWINFRA,2023-06-30,1.72,878.0,322.0,451.0
JSWINFRA,2023-09-30,1.21,848.0,256.0,452.0
JSWINFRA,2023-12-31,1.19,940.0,254.0,480.0
JSWINFRA,2024-03-31,1.57,1096.0,329.0,581.0
JSWINFRA,2024-06-30,1.39,1010.0,297.0,515.0
JSWINFRA,2024-09-30,1.77,1001.0,374.0,521.0
JSWINFRA,2024-12-31,1.57,1182.0,336.0,586.0
JSWINFRA,2025-03-31,2.43,1283.0,516.0,641.0
JSWINFRA,2025-06-30,1.83,1224.0,390.0,581.0
JSWINFRA,2025-09-30,1.72,1266.0,369.0,610.0
JSWINFRA,2025-12-31,1.71,1350.0,365.0,644.0
JSWSTEEL,2022-12-31,2.03,39134.0,474.0,4491.0
JSWSTEEL,2023-03-31,15.16,46962.0,3741.0,7931.0
JSWSTEEL,2023-06-30,9.67,42213.0,2428.0,7012.0
JSWSTEEL,2023-09-30,11.29,44584.0,2773.0,7862.0
JSWSTEEL,2023-12-31,9.88,41940.0,2450.0,7164.0
JSWSTEEL,2024-03-31,5.31,46269.0,1322.0,6026.0
JSWSTEEL,2024-06-30,3.46,42943.0,867.0,5498.0
JSWSTEEL,2024-09-30,1.8,39684.0,404.0,5375.0
JSWSTEEL,2024-12-31,2.93,41378.0,719.0,5579.0
JSWSTEEL,2025-03-31,6.15,44819.0,1501.0,6135.0
JSWSTEEL,2025-06-30,8.93,43147.0,2209.0,7476.0
JSWSTEEL,2025-09-30,6.64,45152.0,1646.0,7027.0
JSWSTEEL,2025-12-31,8.75,45991.0,2410.0,6379.0
JTEKTINDIA,2020-09-30,0.3,355.0,9.0,34.0
JTEKTINDIA,2020-12-31,0.59,432.0,17.0,44.0
JTEKTINDIA,2021-03-31,0.95,470.0,27.0,56.0
JTEKTINDIA,2021-06-30,-0.05,321.0,-1.0,18.0
JTEKTINDIA,2021-09-30,0.36,385.0,11.0,30.0
JTEKTINDIA,2021-12-31,0.54,413.0,16.0,37.0
JTEKTINDIA,2022-03-31,0.53,470.0,15.0,42.0
JTEKTINDIA,2022-06-30,0.53,472.0,16.0,40.0
JTEKTINDIA,2022-09-30,1.04,571.0,30.0,58.0
JTEKTINDIA,2022-12-31,0.54,471.0,15.0,38.0
JTEKTINDIA,2023-03-31,0.94,530.0,26.0,50.0
JTEKTINDIA,2023-06-30,0.64,478.0,19.0,34.0
JTEKTINDIA,2023-09-30,1.01,584.0,30.0,60.0
JTLIND,2022-12-31,0.78,343.0,20.0,29.0
JTLIND,2023-03-31,1.09,473.0,37.0,53.0
JTLIND,2023-06-30,0.75,505.0,25.0,36.0
JTLIND,2023-09-30,0.82,502.0,28.0,37.0
JTLIND,2023-12-31,0.88,567.0,30.0,43.0
JTLIND,2024-03-31,0.86,466.0,30.0,37.0
JTLIND,2024-06-30,0.89,516.0,31.0,40.0
JTLIND,2024-09-30,0.69,480.0,26.0,30.0
JTLIND,2024-12-31,0.65,452.0,25.0,35.0
JTLIND,2025-03-31,0.44,469.0,17.0,18.0
JTLIND,2025-06-30,0.43,544.0,17.0,23.0
JTLIND,2025-09-30,0.56,429.0,22.0,35.0
JTLIND,2025-12-31,0.69,471.0,26.0,39.0
JUBLCPL,2023-12-31,,293.0,-21.0,27.0
JUBLCPL,2024-06-30,,358.0,26.0,42.0
JUBLCPL,2024-09-30,,407.0,25.0,42.0
JUBLCPL,2024-12-31,14.16,398.0,21.0,34.0
JUBLCPL,2025-03-31,10.63,398.0,16.0,27.0
JUBLCPL,2025-06-30,29.29,442.0,44.0,63.0
JUBLCPL,2025-09-30,28.06,513.0,42.0,64.0
JUBLCPL,2025-12-31,14.21,451.0,22.0,39.0
JUBLFOOD,2022-12-31,1.22,1332.0,80.0,286.0
JUBLFOOD,2023-03-31,0.43,1270.0,29.0,218.0
JUBLFOOD,2023-06-30,0.44,1335.0,29.0,235.0
JUBLFOOD,2023-09-30,1.47,1369.0,97.0,277.0
JUBLFOOD,2023-12-31,1.0,1378.0,66.0,280.0
JUBLFOOD,2024-03-31,3.14,1574.0,208.0,311.0
JUBLFOOD,2024-06-30,0.85,1933.0,58.0,380.0
JUBLFOOD,2024-09-30,0.97,1955.0,67.0,396.0
JUBLFOOD,2024-12-31,0.65,2151.0,43.0,402.0
JUBLFOOD,2025-03-31,0.73,2103.0,49.0,389.0
JUBLFOOD,2025-06-30,1.39,2261.0,94.0,438.0
JUBLFOOD,2025-09-30,2.82,2340.0,195.0,476.0
JUBLFOOD,2025-12-31,1.07,2437.0,73.0,482.0
JUBLINGREA,2022-12-31,5.75,1158.0,92.0,151.0
JUBLINGREA,2023-03-31,3.28,1145.0,52.0,102.0
JUBLINGREA,2023-06-30,3.62,1075.0,58.0,117.0
JUBLINGREA,2023-09-30,3.61,1020.0,57.0,118.0
JUBLINGREA,2023-12-31,2.42,966.0,39.0,96.0
JUBLINGREA,2024-03-31,1.84,1074.0,29.0,91.0
JUBLINGREA,2024-06-30,3.06,1024.0,49.0,110.0
JUBLINGREA,2024-09-30,3.7,1045.0,59.0,124.0
JUBLINGREA,2024-12-31,4.36,1057.0,69.0,138.0
JUBLINGREA,2025-03-31,4.65,1051.0,74.0,147.0
JUBLINGREA,2025-06-30,4.71,1038.0,75.0,142.0
JUBLINGREA,2025-09-30,4.36,1121.0,69.0,135.0
JUBLINGREA,2025-12-31,2.94,1051.0,47.0,127.0
JUBLPHARMA,2022-12-31,-0.98,1552.0,-16.0,144.0
JUBLPHARMA,2023-03-31,-6.15,1678.0,-100.0,219.0
JUBLPHARMA,2023-06-30,0.4,1587.0,6.0,168.0
JUBLPHARMA,2023-09-30,3.92,1680.0,62.0,242.0
JUBLPHARMA,2023-12-31,4.19,1677.0,66.0,218.0
JUBLPHARMA,2024-03-31,-3.68,1759.0,-62.0,271.0
JUBLPHARMA,2024-06-30,30.26,1732.0,482.0,252.0
JUBLPHARMA,2024-09-30,6.45,1752.0,102.0,289.0
JUBLPHARMA,2024-12-31,6.33,1822.0,101.0,287.0
JUBLPHARMA,2025-03-31,9.64,1929.0,151.0,345.0
JUBLPHARMA,2025-06-30,6.46,1901.0,102.0,290.0
JUBLPHARMA,2025-09-30,7.55,1966.0,120.0,341.0
JUBLPHARMA,2025-12-31,3.51,2122.0,56.0,289.0
JUNIPER,2022-12-31,,179.0,1.0,72.0
JUNIPER,2023-03-31,,194.0,15.0,87.0
JUNIPER,2023-06-30,,168.0,-11.0,63.0
JUNIPER,2023-09-30,-0.91,168.0,-16.0,60.0
JUNIPER,2023-12-31,0.21,236.0,4.0,97.0
JUNIPER,2024-03-31,2.1,245.0,47.0,91.0
JUNIPER,2024-06-30,0.52,200.0,12.0,63.0
JUNIPER,2024-09-30,-1.25,215.0,-28.0,64.0
JUNIPER,2024-12-31,1.46,252.0,32.0,93.0
JUNIPER,2025-03-31,2.47,278.0,55.0,117.0
JUNIPER,2025-06-30,0.4,221.0,9.0,80.0
JUNIPER,2025-09-30,0.76,230.0,17.0,83.0
JUNIPER,2025-12-31,2.94,295.0,65.0,128.0
JUSTDIAL,2021-03-31,5.43,176.0,34.0,35.0
JUSTDIAL,2021-06-30,-0.57,165.0,-4.0,-17.0
JUSTDIAL,2021-09-30,3.94,156.0,33.0,16.0
JUSTDIAL,2021-12-31,2.32,159.0,19.0,5.0
JUSTDIAL,2022-03-31,2.64,167.0,22.0,-6.0
JUSTDIAL,2022-06-30,-5.74,186.0,-48.0,8.0
JUSTDIAL,2022-09-30,6.19,205.0,52.0,17.0
JUSTDIAL,2022-12-31,8.93,221.0,75.0,27.0
JUSTDIAL,2023-03-31,9.91,233.0,84.0,33.0
JUSTDIAL,2023-06-30,9.81,247.0,83.0,37.0
JUSTDIAL,2023-09-30,8.44,261.0,72.0,49.0
JUSTDIAL,2023-12-31,10.82,265.0,92.0,60.0
JUSTDIAL,2024-03-31,13.61,270.0,116.0,71.0
JWL,2022-12-31,1.15,644.0,45.0,79.0
JWL,2023-03-31,1.01,712.0,39.0,91.0
JWL,2023-06-30,1.57,753.0,63.0,97.0
JWL,2023-09-30,2.05,879.0,82.0,121.0
JWL,2023-12-31,1.98,896.0,81.0,123.0
JWL,2024-03-31,2.55,1115.0,105.0,146.0
JWL,2024-06-30,2.23,880.0,92.0,137.0
JWL,2024-09-30,2.11,1009.0,89.0,139.0
JWL,2024-12-31,2.29,1030.0,96.0,143.0
JWL,2025-03-31,2.43,1045.0,103.0,147.0
JWL,2025-06-30,0.77,459.0,31.0,59.0
JWL,2025-09-30,1.1,786.0,45.0,103.0
JWL,2025-12-31,1.47,890.0,62.0,113.0
JYOTHYLAB,2022-03-31,1.03,547.0,37.0,57.0
JYOTHYLAB,2022-06-30,1.32,597.0,48.0,60.0
JYOTHYLAB,2022-09-30,1.76,659.0,65.0,80.0
JYOTHYLAB,2022-12-31,1.84,613.0,67.0,84.0
JYOTHYLAB,2023-03-31,1.61,617.0,59.0,91.0
JYOTHYLAB,2023-06-30,2.62,687.0,96.0,117.0
JYOTHYLAB,2023-09-30,2.84,732.0,104.0,135.0
JYOTHYLAB,2023-12-31,2.48,678.0,91.0,119.0
JYOTHYLAB,2024-03-31,2.13,660.0,78.0,108.0
JYOTHYLAB,2024-06-30,2.77,742.0,102.0,133.0
JYOTHYLAB,2024-09-30,2.86,734.0,105.0,138.0
JYOTHYLAB,2024-12-31,2.38,704.0,87.0,116.0
JYOTHYLAB,2025-03-31,2.08,667.0,76.0,112.0
JYOTICNC,2022-12-31,-8.51,239.0,-25.0,3.0
JYOTICNC,2023-03-31,21.1,446.0,69.0,84.0
JYOTICNC,2023-06-30,-4.1,208.0,-14.0,16.0
JYOTICNC,2023-09-30,0.86,302.0,17.0,55.0
JYOTICNC,2023-12-31,2.44,378.0,48.0,96.0
JYOTICNC,2024-03-31,4.38,450.0,100.0,134.0
JYOTICNC,2024-06-30,2.24,362.0,51.0,85.0
JYOTICNC,2024-09-30,3.34,431.0,76.0,107.0
JYOTICNC,2024-12-31,3.53,450.0,80.0,113.0
JYOTICNC,2025-03-31,4.79,576.0,109.0,178.0
JYOTICNC,2025-06-30,3.14,410.0,71.0,100.0
JYOTICNC,2025-09-30,3.76,508.0,86.0,125.0
JYOTICNC,2025-12-31,3.89,576.0,89.0,155.0
JYOTISTRUC,2023-03-31,0.06,156.0,6.0,7.0
JYOTISTRUC,2023-06-30,0.02,185.0,2.0,4.0
JYOTISTRUC,2023-09-30,0.1,81.0,11.0,10.0
JYOTISTRUC,2023-12-31,0.01,56.0,1.0,-4.0
JYOTISTRUC,2024-03-31,0.12,129.0,14.0,6.0
JYOTISTRUC,2024-06-30,0.04,88.0,5.0,6.0
JYOTISTRUC,2024-09-30,0.06,107.0,7.0,7.0
JYOTISTRUC,2024-12-31,0.09,137.0,11.0,12.0
JYOTISTRUC,2025-03-31,0.1,165.0,12.0,13.0
JYOTISTRUC,2025-06-30,0.09,156.0,11.0,7.0
JYOTISTRUC,2025-09-30,0.08,151.0,10.0,9.0
JYOTISTRUC,2025-12-31,0.14,209.0,17.0,15.0
JYOTISTRUC,2026-03-31,0.15,234.0,18.0,17.0
KABRAEXTRU,2022-12-31,3.58,206.85,11.47,21.76
KABRAEXTRU,2023-03-31,3.69,177.96,12.39,23.38
KABRAEXTRU,2023-06-30,1.72,133.64,5.78,12.41
KABRAEXTRU,2023-09-30,1.61,182.39,5.63,11.39
KABRAEXTRU,2023-12-31,0.99,123.86,3.45,8.63
KABRAEXTRU,2024-03-31,5.42,167.98,18.97,27.94
KABRAEXTRU,2024-06-30,0.57,88.2,2.01,4.94
KABRAEXTRU,2024-09-30,3.53,128.0,12.33,21.96
KABRAEXTRU,2024-12-31,2.01,121.17,7.04,14.03
KABRAEXTRU,2025-03-31,3.1,139.54,10.83,4.35
KABRAEXTRU,2025-06-30,-2.18,85.97,-7.61,-2.97
KABRAEXTRU,2025-09-30,0.09,134.6,0.33,8.97
KABRAEXTRU,2025-12-31,-1.42,110.34,-4.98,1.49
KAJARIACER,2023-03-31,6.78,1205.0,111.0,176.0
KAJARIACER,2023-06-30,6.75,1064.0,109.0,169.0
KAJARIACER,2023-09-30,6.78,1122.0,111.0,179.0
KAJARIACER,2023-12-31,6.54,1152.0,108.0,178.0
KAJARIACER,2024-03-31,6.43,1208.0,104.0,172.0
KAJARIACER,2024-06-30,5.64,1096.0,92.0,169.0
KAJARIACER,2024-09-30,5.29,1179.0,86.0,156.0
KAJARIACER,2024-12-31,4.88,1156.0,79.0,152.0
KAJARIACER,2025-03-31,2.67,1222.0,43.0,138.0
KAJARIACER,2025-06-30,6.84,1103.0,110.0,187.0
KAJARIACER,2025-09-30,8.35,1186.0,134.0,213.0
KAJARIACER,2025-12-31,5.51,1168.0,86.0,200.0
KAJARIACER,2026-03-31,9.78,1373.0,157.0,263.0
KALPATARU,2024-03-31,1.74,492.0,18.0,8.0
KALPATARU,2024-06-30,-0.05,530.0,0.0,3.0
KALPATARU,2024-09-30,2.16,506.0,28.0,35.0
KALPATARU,2024-12-31,-1.57,588.0,-23.0,38.0
KALPATARU,2025-03-31,0.84,597.0,20.0,-20.0
KALPATARU,2025-06-30,-2.4,443.0,-52.0,-28.0
KALPATARU,2025-09-30,0.26,794.0,5.0,6.0
KALPATARU,2025-12-31,-3.05,505.0,-67.0,-75.0
KALYANKJIL,2022-12-31,1.44,3884.0,148.0,327.0
KALYANKJIL,2023-03-31,0.68,3382.0,70.0,257.0
KALYANKJIL,2023-06-30,1.4,4376.0,144.0,323.0
KALYANKJIL,2023-09-30,1.31,4415.0,135.0,314.0
KALYANKJIL,2023-12-31,1.75,5223.0,180.0,370.0
KALYANKJIL,2024-03-31,1.34,4525.0,137.0,296.0
KALYANKJIL,2024-06-30,1.72,5528.0,178.0,368.0
KALYANKJIL,2024-09-30,1.27,6065.0,130.0,327.0
KALYANKJIL,2024-12-31,2.12,7278.0,219.0,430.0
KALYANKJIL,2025-03-31,1.82,6182.0,188.0,399.0
KALYANKJIL,2025-06-30,2.56,7268.0,264.0,508.0
KALYANKJIL,2025-09-30,2.52,7856.0,261.0,497.0
KALYANKJIL,2025-12-31,4.03,10343.0,416.0,750.0
KAMAHOLD,2022-12-31,84.06,3503.0,524.0,857.0
KAMAHOLD,2023-03-31,89.5,3768.0,566.0,911.0
KAMAHOLD,2023-06-30,57.25,3363.0,362.0,710.0
KAMAHOLD,2023-09-30,46.97,3206.0,300.0,644.0
KAMAHOLD,2023-12-31,40.25,3076.0,255.0,577.0
KAMAHOLD,2024-03-31,127.78,3796.0,623.0,907.0
KAMAHOLD,2024-06-30,39.15,3501.0,251.0,623.0
KAMAHOLD,2024-09-30,32.3,3452.0,204.0,552.0
KAMAHOLD,2024-12-31,42.78,3526.0,272.0,641.0
KAMAHOLD,2025-03-31,82.63,4350.0,527.0,975.0
KAMAHOLD,2025-06-30,68.89,3857.0,436.0,855.0
KAMAHOLD,2025-09-30,61.39,3672.0,390.0,792.0
KAMAHOLD,2025-12-31,68.06,3743.0,434.0,795.0
KAMATHOTEL,2022-12-31,11.77,84.0,28.0,33.0
KAMATHOTEL,2023-03-31,109.99,80.0,271.0,27.0
KAMATHOTEL,2023-06-30,0.45,70.0,1.0,23.0
KAMATHOTEL,2023-09-30,0.01,64.0,0.0,19.0
KAMATHOTEL,2023-12-31,16.86,86.0,42.0,26.0
KAMATHOTEL,2024-03-31,0.82,85.0,2.0,23.0
KAMATHOTEL,2024-06-30,0.4,74.0,1.0,13.0
KAMATHOTEL,2024-09-30,2.83,85.0,8.0,22.0
KAMATHOTEL,2024-12-31,8.88,105.0,26.0,44.0
KAMATHOTEL,2025-03-31,3.73,92.0,11.0,25.0
KAMATHOTEL,2025-06-30,1.23,83.0,4.0,18.0
KAMATHOTEL,2025-09-30,-1.0,75.0,-2.0,8.0
KAMATHOTEL,2025-12-31,5.87,118.0,19.0,39.0
KAMDHENU,2020-03-31,0.09,235.64,2.31,8.67
KAMDHENU,2020-06-30,0.05,83.29,1.44,6.92
KAMDHENU,2020-09-30,0.09,136.14,2.51,8.74
KAMDHENU,2020-12-31,0.27,183.42,7.18,13.65
KAMDHENU,2021-03-31,0.15,222.37,3.94,20.43
KAMDHENU,2021-06-30,0.21,145.86,5.58,11.58
KAMDHENU,2021-09-30,0.28,215.53,7.65,14.0
KAMDHENU,2021-12-31,0.29,226.54,7.68,14.46
KAMDHENU,2022-03-31,0.2,252.83,5.41,18.24
KANANIIND,2022-12-31,0.02,47.65,0.41,0.5
KANANIIND,2023-03-31,-0.0,61.86,-0.01,0.2
KANANIIND,2023-06-30,0.02,81.73,0.32,0.29
KANANIIND,2023-09-30,0.02,65.79,0.34,0.58
KANANIIND,2023-12-31,-0.0,22.0,-0.08,-0.13
KANANIIND,2024-03-31,0.0,53.29,0.03,-0.22
KANANIIND,2024-06-30,0.01,66.54,0.26,0.23
KANANIIND,2024-09-30,0.0,47.35,0.05,-0.07
KANANIIND,2024-12-31,0.04,20.87,0.71,0.42
KANANIIND,2025-03-31,-0.01,33.71,-0.24,-0.26
KANANIIND,2025-06-30,0.01,83.69,0.28,0.3
KANANIIND,2025-09-30,0.07,48.72,1.36,0.51
KANANIIND,2025-12-31,0.02,28.47,0.39,0.08
KANORICHEM,2022-12-31,-0.29,385.41,-3.97,16.63
KANORICHEM,2023-03-31,-0.35,444.86,-0.9,23.11
KANORICHEM,2023-06-30,-0.6,400.97,-3.84,10.46
KANORICHEM,2023-09-30,-4.2,371.39,-20.52,6.1
KANORICHEM,2023-12-31,-1.86,341.76,-15.23,2.77
KANORICHEM,2024-03-31,-2.12,361.35,-15.69,28.63
KANORICHEM,2024-06-30,-3.81,384.13,-22.93,1.8
KANORICHEM,2024-09-30,-3.18,176.57,-16.48,0.19
KANORICHEM,2024-12-31,-3.82,180.35,-28.63,15.12
KANORICHEM,2025-03-31,-8.33,431.42,-40.11,16.99
KANORICHEM,2025-06-30,-1.79,201.38,-13.78,18.13
KANORICHEM,2025-09-30,21.39,209.84,91.81,6.23
KANORICHEM,2025-12-31,0.81,265.82,3.55,19.88
KANPRPLA,2022-12-31,-2.11,95.0,-5.0,1.0
KANPRPLA,2023-03-31,3.38,110.0,7.0,6.0
KANPRPLA,2023-06-30,0.96,100.0,2.0,7.0
KANPRPLA,2023-09-30,1.04,120.0,2.0,8.0
KANPRPLA,2023-12-31,-3.15,124.0,-7.0,-4.0
KANPRPLA,2024-03-31,1.52,153.0,3.0,8.0
KANPRPLA,2024-06-30,-0.64,132.0,-1.0,3.0
KANPRPLA,2024-09-30,0.77,152.0,2.0,10.0
KANPRPLA,2024-12-31,3.48,161.0,8.0,15.0
KANPRPLA,2025-03-31,1.33,184.0,3.0,18.0
KANPRPLA,2025-06-30,2.6,180.0,6.0,13.0
KANPRPLA,2025-09-30,3.28,165.0,8.0,15.0
KANPRPLA,2025-12-31,4.47,192.0,11.0,15.0
KANSAINER,2022-12-31,1.36,1827.0,109.0,195.0
KANSAINER,2023-03-31,1.16,1734.0,96.0,168.0
KANSAINER,2023-06-30,9.13,2157.0,734.0,332.0
KANSAINER,2023-09-30,2.19,1957.0,175.0,273.0
KANSAINER,2023-12-31,1.91,1919.0,152.0,244.0
KANSAINER,2024-03-31,1.44,1769.0,114.0,179.0
KANSAINER,2024-06-30,2.86,2133.0,225.0,330.0
KANSAINER,2024-09-30,1.52,1951.0,120.0,212.0
KANSAINER,2024-12-31,8.42,1922.0,662.0,235.0
KANSAINER,2025-03-31,1.34,1817.0,102.0,166.0
KANSAINER,2025-06-30,2.73,2162.0,216.0,303.0
KANSAINER,2025-09-30,1.67,1954.0,133.0,215.0
KANSAINER,2025-12-31,1.5,1982.0,117.0,240.0
KARMAENG,2019-03-31,-2.96,5.92,-4.69,-0.39
KARMAENG,2019-06-30,-0.53,9.38,-0.55,2.82
KARMAENG,2019-09-30,2.44,18.69,3.04,6.86
KARMAENG,2019-12-31,-1.34,7.73,-1.39,1.45
KARMAENG,2020-03-31,-0.81,6.08,-0.94,1.86
KARMAENG,2020-06-30,-2.43,7.08,-2.81,0.23
KARMAENG,2020-09-30,-0.52,11.35,-0.6,2.32
KARMAENG,2020-12-31,-2.56,4.41,-2.96,-1.01
KARMAENG,2021-03-31,-5.98,2.44,-6.92,-2.82
KARMAENG,2021-06-30,-1.56,7.17,-1.8,0.75
KARMAENG,2021-09-30,0.52,12.43,0.6,3.13
KARMAENG,2021-12-31,1.97,10.03,2.28,5.12
KARMAENG,2022-03-31,-2.33,2.03,-2.7,-0.75
KAUSHALYA,2022-12-31,0.0,0.04,0.03,-0.26
KAUSHALYA,2023-03-31,504.67,0.03,15.17,-1.12
KAUSHALYA,2023-06-30,35.33,0.02,1.09,-0.81
KAUSHALYA,2023-09-30,22.67,0.03,0.72,-1.11
KAUSHALYA,2023-12-31,-21.33,0.04,-0.6,-0.67
KAUSHALYA,2024-03-31,400.81,0.05,13.88,-0.43
KAUSHALYA,2024-06-30,-6.35,0.02,-0.22,-0.4
KAUSHALYA,2024-09-30,124.46,0.04,4.31,-0.24
KAUSHALYA,2024-12-31,15.88,0.04,0.55,-0.22
KAUSHALYA,2025-03-31,20.21,0.04,0.7,-0.34
KAUSHALYA,2025-06-30,11.84,0.02,0.41,-0.55
KAUSHALYA,2025-09-30,-7.22,0.03,-0.25,-0.33
KAUSHALYA,2025-12-31,15.3,0.79,0.53,0.59
KAYA,2022-12-31,-13.62,100.0,-18.0,2.0
KAYA,2023-03-31,-43.15,93.0,-56.0,-25.0
KAYA,2023-06-30,-7.88,60.0,-10.0,6.0
KAYA,2023-09-30,-8.91,51.0,-12.0,10.0
KAYA,2023-12-31,-6.86,54.0,-9.0,11.0
KAYA,2024-03-31,-75.96,52.0,-99.0,-65.0
KAYA,2024-06-30,78.61,52.0,103.0,6.0
KAYA,2024-09-30,-11.96,53.0,-16.0,6.0
KAYA,2024-12-31,2.81,58.0,4.0,5.0
KAYA,2025-03-31,-5.36,55.0,-7.0,2.0
KAYA,2025-06-30,-10.76,53.0,-14.0,4.0
KAYA,2025-09-30,-12.35,54.0,-19.0,-3.0
KAYA,2025-12-31,-23.41,60.0,-36.0,-11.0
KAYNES,2022-12-31,3.93,289.0,23.0,41.0
KAYNES,2023-03-31,7.1,365.0,41.0,59.0
KAYNES,2023-06-30,4.24,297.0,25.0,40.0
KAYNES,2023-09-30,5.56,361.0,32.0,49.0
KAYNES,2023-12-31,7.07,509.0,45.0,70.0
KAYNES,2024-03-31,12.71,637.0,81.0,95.0
KAYNES,2024-06-30,7.94,504.0,51.0,67.0
KAYNES,2024-09-30,9.41,572.0,60.0,82.0
KAYNES,2024-12-31,10.38,661.0,66.0,94.0
KAYNES,2025-03-31,18.15,984.0,116.0,168.0
KAYNES,2025-06-30,11.14,673.0,75.0,113.0
KAYNES,2025-09-30,18.11,906.0,121.0,148.0
KAYNES,2025-12-31,11.43,804.0,77.0,119.0
KCP,2022-12-31,-0.78,551.0,-11.0,2.0
KCP,2023-03-31,2.48,598.0,56.0,87.0
KCP,2023-06-30,2.35,744.0,50.0,67.0
KCP,2023-09-30,2.53,700.0,50.0,74.0
KCP,2023-12-31,5.44,777.0,96.0,99.0
KCP,2024-03-31,4.31,625.0,85.0,114.0
KCP,2024-06-30,2.49,691.0,51.0,67.0
KCP,2024-09-30,4.76,602.0,100.0,113.0
KCP,2024-12-31,1.24,601.0,32.0,49.0
KCP,2025-03-31,2.92,635.0,71.0,102.0
KCP,2025-06-30,4.92,677.0,89.0,111.0
KCP,2025-09-30,2.56,602.0,49.0,82.0
KCP,2025-12-31,1.2,614.0,17.0,32.0
KCPSUGIND,2022-12-31,3.36,74.43,38.11,-14.05
KCPSUGIND,2023-03-31,-0.75,59.06,-8.47,5.44
KCPSUGIND,2023-06-30,2.71,95.84,30.68,11.05
KCPSUGIND,2023-09-30,2.47,93.51,27.95,11.52
KCPSUGIND,2023-12-31,-0.38,82.65,-4.32,-3.61
KCPSUGIND,2024-03-31,1.04,73.69,11.84,0.36
KCPSUGIND,2024-06-30,4.77,88.67,54.12,15.92
KCPSUGIND,2024-09-30,1.79,73.74,20.26,-1.37
KCPSUGIND,2024-12-31,-3.33,84.06,-37.77,-32.84
KCPSUGIND,2025-03-31,-1.96,63.99,-22.22,30.13
KCPSUGIND,2025-06-30,1.69,59.37,19.15,-0.26
KCPSUGIND,2025-09-30,0.04,67.2,0.42,2.91
KCPSUGIND,2025-12-31,0.6,64.58,6.75,3.07
KDDL,2022-12-31,17.92,313.0,31.0,56.0
KDDL,2023-03-31,12.88,299.0,21.0,42.0
KDDL,2023-06-30,20.58,332.0,33.0,59.0
KDDL,2023-09-30,20.28,340.0,33.0,62.0
KDDL,2023-12-31,20.64,372.0,37.0,66.0
KDDL,2024-03-31,20.4,348.0,35.0,61.0
KDDL,2024-06-30,13.78,360.0,28.0,55.0
KDDL,2024-09-30,19.97,396.0,36.0,63.0
KDDL,2024-12-31,26.4,472.0,47.0,78.0
KDDL,2025-03-31,16.51,420.0,32.0,64.0
KDDL,2025-06-30,16.61,465.0,30.0,68.0
KDDL,2025-09-30,15.76,517.0,33.0,72.0
KDDL,2025-12-31,18.69,597.0,38.0,83.0
KEC,2022-12-31,0.68,4375.0,18.0,200.0
KEC,2023-03-31,2.81,5525.0,72.0,283.0
KEC,2023-06-30,1.65,4244.0,42.0,244.0
KEC,2023-09-30,2.17,4499.0,56.0,274.0
KEC,2023-12-31,3.77,5007.0,97.0,308.0
KEC,2024-03-31,5.9,6165.0,152.0,388.0
KEC,2024-06-30,3.41,4512.0,88.0,270.0
KEC,2024-09-30,3.21,5113.0,85.0,320.0
KEC,2024-12-31,4.87,5349.0,130.0,374.0
KEC,2025-03-31,10.08,6872.0,268.0,539.0
KEC,2025-06-30,4.68,5023.0,125.0,350.0
KEC,2025-09-30,6.04,6092.0,161.0,430.0
KEC,2025-12-31,4.79,6001.0,127.0,430.0
KEI,2022-12-31,14.26,1784.0,129.0,182.0
KEI,2023-03-31,15.31,1953.0,138.0,202.0
KEI,2023-06-30,13.46,1783.0,121.0,178.0
KEI,2023-09-30,15.54,1945.0,140.0,202.0
KEI,2023-12-31,16.7,2059.0,151.0,215.0
KEI,2024-03-31,18.67,2330.0,168.0,255.0
KEI,2024-06-30,16.65,2065.0,150.0,219.0
KEI,2024-09-30,17.15,2284.0,155.0,225.0
KEI,2024-12-31,17.25,2472.0,165.0,246.0
KEI,2025-03-31,23.71,2915.0,227.0,301.0
KEI,2025-06-30,20.49,2590.0,196.0,258.0
KEI,2025-09-30,21.29,2726.0,204.0,269.0
KEI,2025-12-31,24.57,2955.0,235.0,320.0
KELLTONTEC,2022-12-31,0.34,231.0,17.0,25.0
KELLTONTEC,2023-03-31,-3.66,243.0,-176.0,17.0
KELLTONTEC,2023-06-30,0.32,249.0,15.0,27.0
KELLTONTEC,2023-09-30,0.34,241.0,17.0,26.0
KELLTONTEC,2023-12-31,0.17,245.0,8.0,18.0
KELLTONTEC,2024-03-31,0.49,248.0,24.0,32.0
KELLTONTEC,2024-06-30,0.41,262.0,20.0,32.0
KELLTONTEC,2024-09-30,0.4,271.0,20.0,32.0
KELLTONTEC,2024-12-31,0.43,279.0,21.0,34.0
KELLTONTEC,2025-03-31,0.39,286.0,19.0,29.0
KELLTONTEC,2025-06-30,0.46,295.0,23.0,35.0
KELLTONTEC,2025-09-30,0.46,300.0,24.0,37.0
KELLTONTEC,2025-12-31,0.48,308.0,25.0,39.0
KENNAMET,2019-09-30,9.33,217.0,20.0,33.0
KENNAMET,2019-12-31,6.01,208.0,13.0,29.0
KENNAMET,2020-03-31,4.41,184.0,10.0,22.0
KENNAMET,2020-06-30,-4.32,96.0,-10.0,-13.0
KENNAMET,2020-09-30,6.01,197.0,13.0,27.0
KENNAMET,2020-12-31,7.51,217.0,16.0,31.0
KENNAMET,2021-03-31,10.01,228.0,22.0,35.0
KENNAMET,2021-06-30,9.83,212.0,22.0,37.0
KENNAMET,2021-09-30,12.88,238.0,28.0,45.0
KENNAMET,2021-12-31,13.92,239.0,31.0,46.0
KENNAMET,2022-03-31,12.24,246.0,27.0,43.0
KENNAMET,2022-06-30,12.79,269.0,28.0,45.0
KENNAMET,2022-09-30,14.33,267.0,32.0,47.0
KERNEX,2022-12-31,-2.63,2.11,-3.66,-4.27
KERNEX,2023-03-31,-5.33,0.52,-8.37,-6.6
KERNEX,2023-06-30,-0.57,0.96,-0.94,-0.5
KERNEX,2023-09-30,-2.85,1.41,-4.53,-3.41
KERNEX,2023-12-31,-5.07,8.31,-8.57,-4.5
KERNEX,2024-03-31,-7.53,8.91,-12.67,-12.35
KERNEX,2024-06-30,2.16,28.68,3.57,4.85
KERNEX,2024-09-30,4.09,41.22,6.82,10.25
KERNEX,2024-12-31,4.28,36.81,7.13,8.58
KERNEX,2025-03-31,19.45,83.07,32.53,17.12
KERNEX,2025-06-30,4.45,55.93,7.41,12.58
KERNEX,2025-09-30,3.92,47.12,6.52,14.27
KERNEX,2025-12-31,3.59,72.6,6.06,16.79
KESORAMIND,2022-12-31,-1.54,986.12,-47.98,79.7
KESORAMIND,2023-03-31,-0.84,1055.43,-26.13,108.26
KESORAMIND,2023-06-30,-1.04,998.87,-32.44,104.58
KESORAMIND,2023-09-30,-1.89,59.9,-58.72,-16.42
KESORAMIND,2023-12-31,-1.58,66.41,-49.18,-8.69
KESORAMIND,2024-03-31,-7.75,69.94,-240.67,-10.68
KESORAMIND,2024-06-30,-1.98,67.28,-61.37,-8.41
KESORAMIND,2024-09-30,-2.25,58.71,-69.92,-11.42
KESORAMIND,2024-12-31,-2.23,65.49,-69.17,-6.21
KESORAMIND,2025-03-31,185.57,67.28,5765.62,-25.63
KESORAMIND,2025-06-30,-3.2,61.05,-99.34,-10.52
KESORAMIND,2025-09-30,-0.83,55.17,-25.87,-18.5
KESORAMIND,2025-12-31,0.19,64.79,6.02,-16.05
KEYFINSERV,2022-12-31,4.0,5.55,2.81,2.99
KEYFINSERV,2023-03-31,-5.0,5.4,-3.51,-1.94
KEYFINSERV,2023-06-30,10.22,11.05,7.17,8.22
KEYFINSERV,2023-09-30,7.82,8.52,5.49,5.88
KEYFINSERV,2023-12-31,13.92,13.95,9.77,10.76
KEYFINSERV,2024-03-31,6.2,13.56,4.35,9.41
KEYFINSERV,2024-06-30,11.27,12.22,7.91,8.64
KEYFINSERV,2024-09-30,12.41,11.28,8.71,7.73
KEYFINSERV,2024-12-31,8.02,6.65,5.63,3.47
KEYFINSERV,2025-03-31,-13.81,-1.8,-7.69,-9.08
KEYFINSERV,2025-06-30,22.56,15.67,12.56,11.85
KEYFINSERV,2025-09-30,-1.63,-1.59,-0.91,-5.79
KEYFINSERV,2025-12-31,8.07,12.46,4.49,8.38
KFINTECH,2023-03-31,3.37,183.0,57.0,84.0
KFINTECH,2023-06-30,2.55,182.0,43.0,70.0
KFINTECH,2023-09-30,3.61,209.0,61.0,93.0
KFINTECH,2023-12-31,3.92,219.0,67.0,98.0
KFINTECH,2024-03-31,4.36,228.0,74.0,104.0
KFINTECH,2024-06-30,3.97,238.0,68.0,100.0
KFINTECH,2024-09-30,5.21,280.0,89.0,127.0
KFINTECH,2024-12-31,5.25,290.0,90.0,131.0
KFINTECH,2025-03-31,4.94,283.0,85.0,122.0
KFINTECH,2025-06-30,4.49,274.0,77.0,114.0
KFINTECH,2025-09-30,5.42,309.0,93.0,136.0
KFINTECH,2025-12-31,5.33,371.0,92.0,152.0
KFINTECH,2026-03-31,4.7,347.0,81.0,128.0
KHADIM,2022-12-31,2.68,148.95,4.82,16.75
KHADIM,2023-03-31,2.38,159.21,4.29,16.39
KHADIM,2023-06-30,0.92,157.98,1.65,18.27
KHADIM,2023-09-30,0.99,157.09,1.79,17.65
KHADIM,2023-12-31,1.01,156.2,1.82,18.21
KHADIM,2024-03-31,0.57,93.55,1.03,20.13
KHADIM,2024-06-30,0.36,104.1,0.65,17.44
KHADIM,2024-09-30,1.27,160.58,2.33,19.29
KHADIM,2024-12-31,0.63,110.24,1.16,16.05
KHADIM,2025-03-31,0.5,93.8,0.92,15.92
KHADIM,2025-06-30,0.46,95.7,0.85,12.32
KHADIM,2025-09-30,0.91,101.6,1.67,13.78
KHADIM,2025-12-31,-0.1,86.24,-0.18,11.06
KHANDSE,2022-12-31,1.29,3.38,1.97,2.04
KHANDSE,2023-03-31,-1.13,1.36,-1.72,-0.36
KHANDSE,2023-06-30,0.09,1.93,0.14,0.2
KHANDSE,2023-09-30,0.07,1.6,0.11,0.24
KHANDSE,2023-12-31,0.18,2.16,0.27,0.35
KHANDSE,2024-03-31,-0.22,2.83,-0.34,-0.22
KHANDSE,2024-06-30,0.31,2.52,0.48,0.55
KHANDSE,2024-09-30,0.16,3.14,0.24,-4.5
KHANDSE,2024-12-31,0.35,2.7,0.54,0.26
KHANDSE,2025-03-31,-1.34,1.18,-2.05,-1.23
KHANDSE,2025-06-30,-0.39,1.14,-0.59,-0.64
KHANDSE,2025-09-30,0.16,3.4,0.24,0.17
KHANDSE,2025-12-31,-0.32,1.06,-0.49,-1.01
KICL,2022-12-31,36.03,12.57,15.73,12.09
KICL,2023-03-31,21.76,3.24,9.5,1.65
KICL,2023-06-30,8.52,3.48,3.72,2.86
KICL,2023-09-30,71.2,38.68,31.08,37.52
KICL,2023-12-31,13.93,4.36,6.08,3.05
KICL,2024-03-31,66.82,20.29,29.17,18.86
KICL,2024-06-30,9.55,4.81,4.17,4.04
KICL,2024-09-30,88.13,46.35,38.47,45.55
KICL,2024-12-31,7.4,5.62,3.23,0.49
KICL,2025-03-31,58.83,21.44,25.68,19.04
KICL,2025-06-30,-7.28,5.78,-3.18,-4.04
KICL,2025-09-30,43.36,43.93,18.93,27.06
KICL,2025-12-31,3.92,6.54,1.71,2.34
KILITCH,2022-12-31,0.7,29.97,1.71,3.98
KILITCH,2023-03-31,1.05,45.48,2.9,6.22
KILITCH,2023-06-30,0.99,36.56,3.06,6.18
KILITCH,2023-09-30,1.35,41.2,5.09,8.62
KILITCH,2023-12-31,0.83,31.79,1.74,2.28
KILITCH,2024-03-31,1.03,44.82,3.68,7.08
KILITCH,2024-06-30,0.38,33.45,0.11,1.66
KILITCH,2024-09-30,2.46,47.47,8.61,6.1
KILITCH,2024-12-31,1.7,56.17,5.61,8.73
KILITCH,2025-03-31,2.97,61.23,10.22,14.59
KILITCH,2025-06-30,0.87,43.14,2.27,3.26
KILITCH,2025-09-30,2.34,48.92,8.04,5.04
KILITCH,2025-12-31,1.27,53.81,4.31,6.15
KIMS,2022-12-31,1.9,562.0,82.0,151.0
KIMS,2023-03-31,2.33,576.0,99.0,163.0
KIMS,2023-06-30,2.02,606.0,87.0,157.0
KIMS,2023-09-30,2.3,652.0,101.0,177.0
KIMS,2023-12-31,1.8,606.0,77.0,147.0
KIMS,2024-03-31,1.64,634.0,72.0,159.0
KIMS,2024-06-30,2.16,688.0,95.0,179.0
KIMS,2024-09-30,2.68,777.0,121.0,218.0
KIMS,2024-12-31,2.22,772.0,92.0,187.0
KIMS,2025-03-31,2.54,797.0,106.0,198.0
KIMS,2025-06-30,1.96,872.0,85.0,193.0
KIMS,2025-09-30,1.67,961.0,72.0,204.0
KIMS,2025-12-31,1.33,998.0,52.0,199.0
KIRANVYPAR,2022-12-31,7.69,,21.26,
KIRANVYPAR,2023-03-31,-0.63,,-1.79,
KIRANVYPAR,2023-06-30,9.06,,24.68,
KIRANVYPAR,2023-09-30,3.09,,8.36,
KIRANVYPAR,2023-12-31,4.95,,13.35,
KIRANVYPAR,2024-03-31,2.85,,7.49,
KIRANVYPAR,2024-06-30,12.31,,33.44,
KIRANVYPAR,2024-09-30,11.46,,30.82,
KIRANVYPAR,2024-12-31,2.96,,7.83,
KIRANVYPAR,2025-03-31,-4.67,,-12.99,
KIRANVYPAR,2025-06-30,6.01,,16.22,
KIRANVYPAR,2025-09-30,0.03,,-0.03,
KIRANVYPAR,2025-12-31,-0.9,,-2.54,
KIRIINDUS,2022-12-31,10.42,204.0,54.0,-17.0
KIRIINDUS,2023-03-31,-11.86,222.0,-61.0,-5.0
KIRIINDUS,2023-06-30,-0.49,227.0,-3.0,2.0
KIRIINDUS,2023-09-30,3.63,231.0,19.0,-10.0
KIRIINDUS,2023-12-31,25.96,160.0,135.0,-21.0
KIRIINDUS,2024-03-31,-1.85,269.0,-10.0,5.0
KIRIINDUS,2024-06-30,17.79,183.0,92.0,0.0
KIRIINDUS,2024-09-30,15.49,173.0,80.0,-5.0
KIRIINDUS,2024-12-31,31.8,179.0,177.0,-44.0
KIRIINDUS,2025-03-31,-15.22,205.0,-85.0,-5.0
KIRIINDUS,2025-06-30,1.82,202.0,10.0,-16.0
KIRIINDUS,2025-09-30,3.27,213.0,20.0,-14.0
KIRIINDUS,2025-12-31,836.69,174.0,5023.0,-49.0
KIRLFER,2022-12-31,8.4,1601.0,130.0,241.0
KIRLFER,2023-03-31,6.35,1566.0,95.0,221.0
KIRLFER,2023-06-30,5.32,1502.0,93.0,207.0
KIRLFER,2023-09-30,5.87,1560.0,82.0,253.0
KIRLFER,2023-12-31,7.56,1548.0,105.0,232.0
KIRLFER,2024-03-31,1.28,1536.0,18.0,165.0
KIRLFER,2024-06-30,5.0,1554.0,70.0,187.0
KIRLFER,2024-09-30,4.72,1666.0,78.0,194.0
KIRLFER,2024-12-31,3.3,1608.0,54.0,174.0
KIRLFER,2025-03-31,5.61,1737.0,92.0,201.0
KIRLFER,2025-06-30,5.78,1698.0,95.0,217.0
KIRLFER,2025-09-30,5.24,1755.0,86.0,214.0
KIRLFER,2025-12-31,3.23,1618.0,53.0,186.0
KIRLOSBROS,2022-12-31,11.17,958.0,89.0,149.0
KIRLOSBROS,2023-03-31,12.62,1125.0,101.0,145.0
KIRLOSBROS,2023-06-30,8.02,900.0,64.0,110.0
KIRLOSBROS,2023-09-30,6.35,913.0,51.0,95.0
KIRLOSBROS,2023-12-31,10.31,965.0,82.0,124.0
KIRLOSBROS,2024-03-31,19.17,1224.0,153.0,191.0
KIRLOSBROS,2024-06-30,8.2,1031.0,66.0,112.0
KIRLOSBROS,2024-09-30,12.05,1036.0,97.0,142.0
KIRLOSBROS,2024-12-31,14.76,1144.0,118.0,166.0
KIRLOSBROS,2025-03-31,17.27,1281.0,138.0,190.0
KIRLOSBROS,2025-06-30,8.4,979.0,68.0,112.0
KIRLOSBROS,2025-09-30,8.94,1028.0,72.0,108.0
KIRLOSBROS,2025-12-31,15.65,1116.0,125.0,142.0
KIRLOSENG,2022-12-31,6.09,1220.0,88.0,192.0
KIRLOSENG,2023-03-31,5.45,1384.0,79.0,188.0
KIRLOSENG,2023-06-30,8.67,1543.0,126.0,266.0
KIRLOSENG,2023-09-30,5.38,1305.0,78.0,201.0
KIRLOSENG,2023-12-31,6.2,1391.0,89.0,258.0
KIRLOSENG,2024-03-31,10.25,1660.0,147.0,303.0
KIRLOSENG,2024-06-30,10.98,1632.0,156.0,325.0
KIRLOSENG,2024-09-30,8.79,1505.0,125.0,298.0
KIRLOSENG,2024-12-31,4.91,1454.0,68.0,255.0
KIRLOSENG,2025-03-31,9.03,1749.0,127.0,312.0
KIRLOSENG,2025-06-30,9.77,1764.0,139.0,327.0
KIRLOSENG,2025-09-30,11.18,1948.0,159.0,382.0
KIRLOSENG,2025-12-31,7.66,1873.0,109.0,331.0
KIRLOSIND,2022-12-31,64.18,1606.0,133.0,242.0
KIRLOSIND,2023-03-31,44.39,1574.0,93.0,222.0
KIRLOSIND,2023-06-30,41.13,1508.0,94.0,209.0
KIRLOSIND,2023-09-30,46.0,1578.0,91.0,263.0
KIRLOSIND,2023-12-31,51.06,1554.0,105.0,228.0
KIRLOSIND,2024-03-31,61.67,1729.0,71.0,240.0
KIRLOSIND,2024-06-30,28.72,1559.0,66.0,179.0
KIRLOSIND,2024-09-30,47.75,1688.0,92.0,212.0
KIRLOSIND,2024-12-31,23.09,1614.0,53.0,172.0
KIRLOSIND,2025-03-31,44.94,1748.0,97.0,206.0
KIRLOSIND,2025-06-30,42.1,1705.0,95.0,219.0
KIRLOSIND,2025-09-30,49.17,1782.0,98.0,233.0
KIRLOSIND,2025-12-31,19.35,1624.0,49.0,184.0
KIRLPNU,2013-12-31,0.29,92.0,2.0,5.0
KIRLPNU,2014-03-31,2.21,138.0,14.0,24.0
KIRLPNU,2014-12-31,0.39,102.0,3.0,8.0
KIRLPNU,2015-03-31,3.32,178.0,21.0,28.0
KIRLPNU,2015-12-31,0.8,104.0,5.0,7.0
KIRLPNU,2016-03-31,3.32,184.0,21.0,31.0
KIRLPNU,2024-06-30,4.15,275.0,27.0,39.0
KIRLPNU,2024-12-31,5.61,343.0,37.0,49.0
KIRLPNU,2025-03-31,12.37,592.0,80.0,110.0
KIRLPNU,2025-06-30,4.1,282.0,25.0,33.0
KIRLPNU,2025-09-30,6.7,386.0,44.0,58.0
KIRLPNU,2025-12-31,6.5,407.0,42.0,61.0
KIRLPNU,2026-03-31,22.14,712.0,144.0,186.0
KITEX,2022-12-31,-0.2,68.0,-4.0,-2.0
KITEX,2023-03-31,0.17,98.0,3.0,-6.0
KITEX,2023-06-30,0.39,146.0,8.0,14.0
KITEX,2023-09-30,0.67,134.0,13.0,19.0
KITEX,2023-12-31,0.76,164.0,15.0,33.0
KITEX,2024-03-31,1.01,173.0,20.0,35.0
KITEX,2024-06-30,1.37,190.0,27.0,40.0
KITEX,2024-09-30,1.87,216.0,37.0,55.0
KITEX,2024-12-31,2.06,276.0,41.0,54.0
KITEX,2025-03-31,1.66,300.0,32.0,51.0
KITEX,2025-06-30,1.04,197.0,19.0,34.0
KITEX,2025-09-30,-0.08,122.0,-6.0,-16.0
KITEX,2025-12-31,-0.47,182.0,-17.0,8.0
KKCL,2022-12-31,4.37,199.0,27.0,34.0
KKCL,2023-03-31,5.11,199.0,31.0,39.0
KKCL,2023-06-30,5.47,178.0,34.0,34.0
KKCL,2023-09-30,8.06,262.0,50.0,62.0
KKCL,2023-12-31,5.39,200.0,33.0,39.0
KKCL,2024-03-31,6.14,219.0,38.0,42.0
KKCL,2024-06-30,4.09,151.0,25.0,28.0
KKCL,2024-09-30,10.63,308.0,68.0,64.0
KKCL,2024-12-31,3.99,255.0,26.0,47.0
KKCL,2025-03-31,4.73,288.0,30.0,52.0
KKCL,2025-06-30,5.08,234.0,32.0,42.0
KKCL,2025-09-30,7.28,354.0,47.0,71.0
KKCL,2025-12-31,5.54,301.0,38.0,63.0
KLBRENG-B,2024-03-31,5.53,122.0,23.0,31.0
KLBRENG-B,2024-06-30,2.77,85.0,12.0,18.0
KLBRENG-B,2024-09-30,3.36,104.0,15.0,23.0
KLBRENG-B,2024-12-31,3.19,108.0,15.0,23.0
KLBRENG-B,2025-03-31,4.3,127.0,20.0,36.0
KLBRENG-B,2025-06-30,4.4,129.0,21.0,33.0
KLBRENG-B,2025-09-30,5.23,154.0,27.0,40.0
KLBRENG-B,2025-12-31,4.46,157.0,23.0,36.0
KMEW,2022-09-30,11.52,123.0,24.0,35.0
KMEW,2023-12-31,0.68,16.0,1.0,4.0
KMEW,2024-03-31,3.38,41.0,7.0,10.0
KMEW,2024-06-30,4.77,43.0,10.0,16.0
KMEW,2024-09-30,5.82,52.0,13.0,21.0
KMEW,2024-12-31,7.38,58.0,16.0,25.0
KMEW,2025-03-31,5.04,47.0,11.0,17.0
KMEW,2025-06-30,5.22,48.0,11.0,20.0
KMEW,2025-09-30,5.19,50.0,12.0,20.0
KMEW,2025-12-31,12.45,90.0,33.0,39.0
KMSUGAR,2022-12-31,1.92,188.0,18.0,27.0
KMSUGAR,2023-03-31,0.07,91.0,1.0,5.0
KMSUGAR,2023-06-30,1.32,251.0,12.0,27.0
KMSUGAR,2023-09-30,0.6,169.0,6.0,15.0
KMSUGAR,2023-12-31,0.29,114.0,3.0,9.0
KMSUGAR,2024-03-31,0.83,123.0,8.0,20.0
KMSUGAR,2024-06-30,0.76,170.0,7.0,19.0
KMSUGAR,2024-09-30,0.53,170.0,5.0,15.0
KMSUGAR,2024-12-31,1.37,166.0,13.0,24.0
KMSUGAR,2025-03-31,1.2,153.0,11.0,24.0
KMSUGAR,2025-06-30,1.43,208.0,13.0,26.0
KMSUGAR,2025-09-30,1.14,175.0,10.0,18.0
KMSUGAR,2025-12-31,2.24,169.0,21.0,23.0
KNAGRI,2024-12-31,2.74,475.11,6.86,13.39
KNAGRI,2025-09-30,1.82,442.06,4.55,7.51
KNAGRI,2025-12-31,2.02,512.65,5.05,10.15
KNRCON,2022-12-31,3.76,875.0,108.0,197.0
KNRCON,2023-03-31,5.24,1245.0,142.0,246.0
KNRCON,2023-06-30,4.88,981.0,133.0,216.0
KNRCON,2023-09-30,5.24,1038.0,143.0,232.0
KNRCON,2023-12-31,4.96,996.0,136.0,226.0
KNRCON,2024-03-31,12.56,1414.0,341.0,375.0
KNRCON,2024-06-30,6.14,985.0,166.0,279.0
KNRCON,2024-09-30,15.7,1945.0,580.0,870.0
KNRCON,2024-12-31,8.84,848.0,248.0,256.0
KNRCON,2025-03-31,4.95,975.0,8.0,221.0
KNRCON,2025-06-30,4.39,613.0,123.0,183.0
KNRCON,2025-09-30,3.72,646.0,105.0,193.0
KNRCON,2025-12-31,3.66,743.0,103.0,167.0
KOHINOOR,2022-12-31,-3.74,16.81,-13.86,1.77
KOHINOOR,2023-03-31,-0.38,15.99,-1.4,3.13
KOHINOOR,2023-06-30,-0.28,25.62,-1.04,4.83
KOHINOOR,2023-09-30,-0.97,22.03,-3.6,2.35
KOHINOOR,2023-12-31,-0.12,23.27,-0.46,5.76
KOHINOOR,2024-03-31,0.15,24.18,0.55,1.76
KOHINOOR,2024-06-30,-0.67,23.85,-2.5,3.22
KOHINOOR,2024-09-30,-0.02,23.39,-0.09,3.79
KOHINOOR,2024-12-31,-2.24,19.49,-8.3,-2.49
KOHINOOR,2025-03-31,101.33,19.66,375.63,-0.4
KOHINOOR,2025-06-30,-0.55,16.28,-2.05,-0.38
KOHINOOR,2025-09-30,-0.19,48.29,-0.7,-0.91
KOHINOOR,2025-12-31,-1.15,55.29,-4.25,-1.28
KOLTEPATIL,2022-12-31,-3.39,368.08,-27.01,-25.87
KOLTEPATIL,2023-03-31,15.45,796.93,121.33,173.09
KOLTEPATIL,2023-06-30,6.05,571.16,47.97,90.27
KOLTEPATIL,2023-09-30,-3.33,198.15,-26.23,-11.12
KOLTEPATIL,2023-12-31,-8.27,75.79,-63.04,-40.15
KOLTEPATIL,2024-03-31,-3.57,526.38,-26.18,-21.12
KOLTEPATIL,2024-06-30,0.82,340.75,6.37,27.78
KOLTEPATIL,2024-09-30,1.28,308.29,10.34,16.17
KOLTEPATIL,2024-12-31,3.33,349.67,26.33,25.55
KOLTEPATIL,2025-03-31,8.59,718.67,66.29,106.38
KOLTEPATIL,2025-06-30,-1.92,82.36,-16.88,-25.95
KOLTEPATIL,2025-09-30,-1.18,138.66,-11.14,-37.23
KOLTEPATIL,2025-12-31,0.51,265.33,4.23,8.08
KOPRAN,2022-12-31,1.44,158.0,6.95,12.32
KOPRAN,2023-03-31,1.67,148.88,8.04,12.16
KOPRAN,2023-06-30,0.57,117.0,2.77,6.31
KOPRAN,2023-09-30,2.86,152.59,13.77,22.83
KOPRAN,2023-12-31,3.28,158.92,15.79,23.58
KOPRAN,2024-03-31,3.86,186.08,18.62,21.69
KOPRAN,2024-06-30,2.3,139.44,11.1,18.16
KOPRAN,2024-09-30,1.53,151.56,7.38,14.73
KOPRAN,2024-12-31,2.16,166.24,10.4,19.85
KOPRAN,2025-03-31,2.01,172.36,9.68,17.09
KOPRAN,2025-06-30,1.54,135.22,7.45,14.13
KOPRAN,2025-09-30,-2.06,117.91,-9.92,-5.28
KOPRAN,2025-12-31,1.94,194.28,9.34,17.76
KOTAKBANK,2023-03-31,4.6,,4566.0,
KOTAKBANK,2023-06-30,4.18,,4150.0,
KOTAKBANK,2023-09-30,4.49,,4461.0,
KOTAKBANK,2023-12-31,4.29,,4265.0,
KOTAKBANK,2024-03-31,5.37,,5337.0,
KOTAKBANK,2024-06-30,7.49,,7448.0,
KOTAKBANK,2024-09-30,5.07,,5044.0,
KOTAKBANK,2024-12-31,4.73,,4701.0,
KOTAKBANK,2025-03-31,4.96,,4933.0,
KOTAKBANK,2025-06-30,4.5,,4472.0,
KOTAKBANK,2025-09-30,4.49,,4468.0,
KOTAKBANK,2025-12-31,4.95,,4924.0,
KOTAKBANK,2026-03-31,5.45,,5423.0,
KOTHARIPRO,2022-12-31,0.86,326.21,5.16,2.09
KOTHARIPRO,2023-03-31,-0.51,323.08,-3.02,-21.18
KOTHARIPRO,2023-06-30,1.96,224.33,11.71,0.81
KOTHARIPRO,2023-09-30,0.07,265.79,0.44,-2.67
KOTHARIPRO,2023-12-31,1.49,225.95,8.9,0.02
KOTHARIPRO,2024-03-31,1.92,276.3,11.44,-1.63
KOTHARIPRO,2024-06-30,0.88,247.64,5.27,0.43
KOTHARIPRO,2024-09-30,-20.12,265.9,-120.12,-128.47
KOTHARIPRO,2024-12-31,1.77,221.49,10.59,-11.57
KOTHARIPRO,2025-03-31,1.72,222.83,10.27,1.82
KOTHARIPRO,2025-06-30,3.56,248.41,21.25,0.22
KOTHARIPRO,2025-09-30,0.81,282.86,3.99,-18.9
KOTHARIPRO,2025-12-31,1.66,161.9,9.91,-13.73
KOTIC,2022-09-30,-2.99,2.0,-4.0,-1.0
KOTIC,2022-12-31,-3.51,2.0,-4.0,-2.0
KOTIC,2023-03-31,-6.4,4.0,-8.0,-3.0
KOTIC,2023-06-30,-3.55,2.0,-4.0,-2.0
KOTIC,2023-09-30,51.54,6.0,64.0,-1.0
KOTIC,2023-12-31,-3.26,2.0,-4.0,-4.0
KOTIC,2024-03-31,-12.43,4.0,-16.0,-13.0
KOTIC,2024-06-30,0.22,13.0,0.0,0.0
KOTIC,2024-09-30,0.02,22.0,0.0,0.0
KOTIC,2024-12-31,-0.83,25.0,-4.0,-1.0
KOTIC,2025-06-30,-0.2,39.0,-2.0,0.0
KOTIC,2025-09-30,-0.61,49.0,-7.0,-5.0
KOTIC,2025-12-31,-1.72,51.0,-19.0,-16.0
KOTYARK,2022-09-30,0.37,14.32,0.32,0.89
KOTYARK,2022-12-31,4.87,35.65,4.25,6.24
KOTYARK,2023-03-31,14.68,78.16,12.82,19.38
KOTYARK,2024-03-31,11.09,143.76,11.4,24.49
KOTYARK,2025-03-31,1.41,19.86,1.51,5.61
KOTYARK,2025-12-31,3.04,103.89,3.16,9.88
KOTYARK,2026-03-31,9.08,63.66,9.38,19.15
KPEL,2022-12-31,1.76,108.0,12.0,20.0
KPEL,2023-03-31,2.32,148.0,15.0,23.0
KPEL,2023-06-30,2.28,113.0,15.0,21.0
KPEL,2023-09-30,1.23,70.0,8.0,16.0
KPEL,2023-12-31,1.39,82.0,9.0,17.0
KPEL,2024-03-31,3.73,207.0,25.0,30.0
KPEL,2024-06-30,2.73,127.0,18.0,22.0
KPEL,2024-09-30,3.74,199.0,25.0,40.0
KPEL,2024-12-31,3.96,212.0,26.0,43.0
KPEL,2025-03-31,6.87,401.0,46.0,70.0
KPEL,2025-06-30,3.8,219.0,25.0,48.0
KPEL,2025-09-30,5.37,301.0,36.0,66.0
KPEL,2025-12-31,6.18,345.0,41.0,75.0
KPIGREEN,2022-12-31,2.12,179.0,34.0,60.0
KPIGREEN,2023-03-31,1.95,182.0,32.0,54.0
KPIGREEN,2023-06-30,2.05,189.0,33.0,69.0
KPIGREEN,2023-09-30,2.14,215.0,35.0,71.0
KPIGREEN,2023-12-31,2.8,330.0,51.0,104.0
KPIGREEN,2024-03-31,2.38,289.0,43.0,93.0
KPIGREEN,2024-06-30,3.66,348.0,66.0,132.0
KPIGREEN,2024-09-30,3.55,360.0,70.0,134.0
KPIGREEN,2024-12-31,4.29,458.0,85.0,137.0
KPIGREEN,2025-03-31,5.04,569.0,104.0,161.0
KPIGREEN,2025-06-30,5.27,603.0,111.0,206.0
KPIGREEN,2025-09-30,5.53,634.0,117.0,226.0
KPIGREEN,2025-12-31,5.97,663.0,126.0,236.0
KPIL,2022-12-31,7.92,4004.0,109.0,374.0
KPIL,2023-03-31,9.6,4882.0,140.0,332.0
KPIL,2023-06-30,7.08,4241.0,113.0,382.0
KPIL,2023-09-30,5.47,4518.0,90.0,371.0
KPIL,2023-12-31,8.68,4896.0,144.0,424.0
KPIL,2024-03-31,10.12,5971.0,169.0,452.0
KPIL,2024-06-30,5.71,4587.0,84.0,379.0
KPIL,2024-09-30,7.73,4930.0,126.0,438.0
KPIL,2024-12-31,8.31,5732.0,140.0,479.0
KPIL,2025-03-31,13.2,7067.0,218.0,538.0
KPIL,2025-06-30,12.51,6171.0,214.0,525.0
KPIL,2025-09-30,14.06,6529.0,237.0,561.0
KPIL,2025-12-31,8.91,6665.0,149.0,513.0
KPITTECH,2022-12-31,3.67,917.0,104.0,170.0
KPITTECH,2023-03-31,4.07,1017.0,112.0,182.0
KPITTECH,2023-06-30,4.89,1098.0,134.0,214.0
KPITTECH,2023-09-30,5.14,1199.0,141.0,240.0
KPITTECH,2023-12-31,5.67,1257.0,157.0,259.0
KPITTECH,2024-03-31,6.0,1318.0,166.0,272.0
KPITTECH,2024-06-30,7.45,1365.0,204.0,288.0
KPITTECH,2024-09-30,7.43,1471.0,204.0,297.0
KPITTECH,2024-12-31,6.82,1478.0,187.0,306.0
KPITTECH,2025-03-31,8.93,1528.0,245.0,323.0
KPITTECH,2025-06-30,6.27,1539.0,172.0,295.0
KPITTECH,2025-09-30,6.17,1588.0,169.0,298.0
KPITTECH,2025-12-31,4.86,1617.0,133.0,311.0
KPL,2022-12-31,6.84,56.0,7.0,15.0
KPL,2023-03-31,-7.11,69.0,-7.0,11.0
KPL,2023-06-30,5.22,67.0,5.0,14.0
KPL,2023-09-30,6.01,70.0,6.0,15.0
KPL,2023-12-31,7.41,78.0,8.0,17.0
KPL,2024-03-31,4.2,92.0,4.0,21.0
KPL,2024-06-30,8.06,80.0,8.0,17.0
KPL,2024-09-30,8.16,90.0,8.0,20.0
KPL,2024-12-31,8.22,84.0,9.0,18.0
KPL,2025-03-31,13.96,116.0,14.0,26.0
KPL,2025-06-30,11.5,111.0,12.0,24.0
KPL,2025-09-30,13.61,111.0,14.0,25.0
KPL,2025-12-31,15.43,123.0,16.0,30.0
KPRMILL,2022-12-31,5.11,1431.0,175.0,269.0
KPRMILL,2023-03-31,6.13,1950.0,210.0,320.0
KPRMILL,2023-06-30,5.93,1611.0,203.0,332.0
KPRMILL,2023-09-30,5.9,1511.0,202.0,298.0
KPRMILL,2023-12-31,5.47,1241.0,187.0,272.0
KPRMILL,2024-03-31,6.25,1697.0,214.0,335.0
KPRMILL,2024-06-30,5.95,1610.0,203.0,315.0
KPRMILL,2024-09-30,6.0,1480.0,205.0,296.0
KPRMILL,2024-12-31,5.92,1529.0,202.0,302.0
KPRMILL,2025-03-31,5.98,1769.0,205.0,333.0
KPRMILL,2025-06-30,6.22,1766.0,213.0,310.0
KPRMILL,2025-09-30,6.38,1632.0,218.0,314.0
KPRMILL,2025-12-31,6.1,1467.0,209.0,295.0
KRBL,2022-12-31,8.73,1536.0,205.0,279.0
KRBL,2023-03-31,5.01,1280.0,118.0,144.0
KRBL,2023-06-30,8.27,1414.0,195.0,252.0
KRBL,2023-09-30,6.7,1214.0,153.0,195.0
KRBL,2023-12-31,5.85,1438.0,134.0,178.0
KRBL,2024-03-31,4.98,1318.0,114.0,178.0
KRBL,2024-06-30,3.78,1199.0,87.0,117.0
KRBL,2024-09-30,4.49,1270.0,103.0,123.0
KRBL,2024-12-31,5.79,1682.0,133.0,195.0
KRBL,2025-03-31,6.74,1442.0,154.0,224.0
KRBL,2025-06-30,6.58,1584.0,151.0,193.0
KRBL,2025-09-30,7.52,1511.0,172.0,226.0
KRBL,2025-12-31,7.43,1477.0,170.0,229.0
KRIDHANINF,2022-12-31,-3.8,-0.0,-36.0,-0.32
KRIDHANINF,2023-03-31,-2.07,2.08,-19.65,0.72
KRIDHANINF,2023-06-30,0.29,-0.0,2.74,-0.18
KRIDHANINF,2023-09-30,0.36,-0.0,3.41,-0.12
KRIDHANINF,2023-12-31,-0.86,-0.0,-8.14,-0.15
KRIDHANINF,2024-03-31,-22.94,0.85,-217.47,0.63
KRIDHANINF,2024-06-30,-0.01,-0.0,-0.05,-0.16
KRIDHANINF,2024-09-30,7.1,-0.0,67.29,-0.31
KRIDHANINF,2024-12-31,-0.02,-0.0,-0.16,-0.15
KRIDHANINF,2025-03-31,0.55,2.58,5.21,2.4
KRIDHANINF,2025-06-30,0.13,1.54,1.23,0.91
KRIDHANINF,2025-09-30,0.03,1.25,0.26,0.84
KRIDHANINF,2025-12-31,-0.03,0.22,-0.27,0.01
KRISHIVAL,2021-03-31,0.04,6.01,0.06,1.1
KRISHIVAL,2021-12-31,0.87,19.91,1.46,2.36
KRISHIVAL,2022-03-31,0.37,12.37,0.85,1.78
KRISHIVAL,2024-06-30,1.31,29.2,3.35,5.5
KRISHIVAL,2024-09-30,1.93,44.59,4.94,6.04
KRISHIVAL,2024-12-31,0.45,54.7,0.05,3.0
KRISHIVAL,2025-03-31,1.64,73.78,5.36,6.7
KRISHIVAL,2025-06-30,1.67,49.52,4.4,5.41
KRISHIVAL,2025-09-30,2.2,66.67,5.8,7.41
KRISHIVAL,2025-12-31,2.4,74.41,6.41,9.09
KRISHNADEF,2024-12-31,2.85,52.0,4.0,6.0
KRISHNADEF,2025-09-30,5.98,48.0,9.0,9.0
KRISHNADEF,2025-12-31,6.78,64.0,10.0,14.0
KRITI,2022-12-31,0.92,256.15,4.55,10.29
KRITI,2023-03-31,3.22,188.35,15.99,15.65
KRITI,2023-06-30,1.58,279.55,7.86,17.49
KRITI,2023-09-30,0.51,149.66,2.51,10.35
KRITI,2023-12-31,1.6,242.8,7.96,17.85
KRITI,2024-03-31,0.73,194.62,3.6,13.79
KRITI,2024-06-30,2.79,257.16,13.84,24.3
KRITI,2024-09-30,-0.72,117.36,-3.56,5.16
KRITI,2024-12-31,-2.2,209.88,-10.89,-1.37
KRITI,2025-03-31,-0.72,137.51,-3.66,0.23
KRITI,2025-06-30,1.38,224.06,7.26,15.1
KRITI,2025-09-30,-1.84,85.73,-9.68,-4.07
KRITI,2025-12-31,-0.09,135.79,-0.47,5.55
KRN,2023-09-30,1.96,71.0,9.0,13.0
KRN,2023-12-31,1.71,66.0,8.0,12.0
KRN,2024-03-31,2.61,82.0,12.0,18.0
KRN,2024-06-30,2.59,96.0,12.0,18.0
KRN,2024-09-30,1.98,91.0,12.0,18.0
KRN,2024-12-31,2.21,111.0,14.0,16.0
KRN,2025-03-31,2.39,132.0,15.0,19.0
KRN,2025-06-30,2.0,115.0,12.0,18.0
KRN,2025-09-30,2.9,152.0,18.0,30.0
KRN,2025-12-31,3.65,153.0,23.0,31.0
KRSNAA,2022-12-31,4.34,118.0,14.0,29.0
KRSNAA,2023-03-31,6.03,133.0,19.0,34.0
KRSNAA,2023-06-30,4.66,140.0,15.0,31.0
KRSNAA,2023-09-30,3.34,155.0,10.0,32.0
KRSNAA,2023-12-31,4.02,158.0,13.0,37.0
KRSNAA,2024-03-31,5.8,166.0,19.0,44.0
KRSNAA,2024-06-30,5.55,170.0,18.0,43.0
KRSNAA,2024-09-30,6.07,186.0,20.0,49.0
KRSNAA,2024-12-31,6.01,175.0,19.0,45.0
KRSNAA,2025-03-31,6.4,186.0,21.0,53.0
KRSNAA,2025-06-30,6.33,193.0,21.0,51.0
KRSNAA,2025-09-30,7.38,206.0,24.0,59.0
KRSNAA,2025-12-31,4.7,181.0,15.0,46.0
KRYSTAL,2022-12-31,11.47,191.0,9.0,15.0
KRYSTAL,2023-03-31,11.23,192.0,9.0,10.0
KRYSTAL,2023-06-30,15.12,217.0,9.0,14.0
KRYSTAL,2023-09-30,7.21,235.0,12.0,17.0
KRYSTAL,2023-12-31,7.78,283.0,13.0,19.0
KRYSTAL,2024-03-31,7.84,292.0,16.0,19.0
KRYSTAL,2024-06-30,7.66,257.0,15.0,16.0
KRYSTAL,2024-09-30,7.58,266.0,15.0,17.0
KRYSTAL,2024-12-31,10.84,276.0,15.0,18.0
KRYSTAL,2025-03-31,8.48,413.0,17.0,27.0
KRYSTAL,2025-06-30,8.23,323.0,16.0,21.0
KRYSTAL,2025-09-30,9.43,283.0,13.0,18.0
KRYSTAL,2025-12-31,11.38,306.0,16.0,20.0
KSB,2023-03-31,2.35,490.0,41.0,57.0
KSB,2023-06-30,3.61,591.0,63.0,85.0
KSB,2023-09-30,2.88,564.0,50.0,70.0
KSB,2023-12-31,3.16,603.0,55.0,81.0
KSB,2024-03-31,2.56,544.0,45.0,61.0
KSB,2024-06-30,3.91,646.0,68.0,91.0
KSB,2024-09-30,3.55,616.0,62.0,88.0
KSB,2024-12-31,4.2,726.0,73.0,98.0
KSB,2025-03-31,2.96,595.0,52.0,68.0
KSB,2025-06-30,4.05,667.0,70.0,91.0
KSB,2025-09-30,3.88,650.0,68.0,85.0
KSB,2025-12-31,4.65,784.0,81.0,130.0
KSB,2026-03-31,2.29,601.0,40.0,51.0
KSCL,2022-12-31,6.81,144.0,38.0,13.0
KSCL,2023-03-31,-2.77,74.0,-16.0,-17.0
KSCL,2023-06-30,48.91,736.0,275.0,278.0
KSCL,2023-09-30,2.45,171.0,14.0,11.0
KSCL,2023-12-31,2.11,143.0,11.0,9.0
KSCL,2024-03-31,-0.05,98.0,0.0,-12.0
KSCL,2024-06-30,56.28,803.0,291.0,295.0
KSCL,2024-09-30,-0.13,137.0,-1.0,-2.0
KSCL,2024-12-31,3.0,174.0,15.0,14.0
KSCL,2025-03-31,-4.46,90.0,-23.0,-17.0
KSCL,2025-06-30,63.39,859.0,327.0,338.0
KSCL,2025-09-30,-3.0,219.0,-16.0,-6.0
KSCL,2025-12-31,2.53,210.0,13.0,21.0
KSL,2020-12-31,13.86,368.0,60.0,84.0
KSL,2021-03-31,17.34,377.0,76.0,104.0
KSL,2021-06-30,16.02,390.0,70.0,96.0
KSL,2021-09-30,14.15,461.0,62.0,86.0
KSL,2021-12-31,9.8,407.0,43.0,61.0
KSL,2022-03-31,15.95,449.0,73.0,97.0
KSL,2024-06-30,11.96,461.0,52.0,79.0
KSL,2024-09-30,15.44,492.0,67.0,96.0
KSL,2024-12-31,12.93,484.0,56.0,83.0
KSL,2025-03-31,18.37,544.0,80.0,114.0
KSL,2025-06-30,14.13,443.0,62.0,85.0
KSL,2025-09-30,14.33,456.0,63.0,85.0
KSL,2025-12-31,14.19,462.0,62.0,92.0
KSOLVES,2023-03-31,3.1,22.74,7.34,9.28
KSOLVES,2023-06-30,3.2,23.79,7.59,10.2
KSOLVES,2023-09-30,3.47,25.98,8.23,11.23
KSOLVES,2023-12-31,3.77,28.42,8.94,12.02
KSOLVES,2024-03-31,3.97,30.45,9.4,12.95
KSOLVES,2024-06-30,3.78,31.57,8.95,12.01
KSOLVES,2024-09-30,3.88,34.82,9.19,13.21
KSOLVES,2024-12-31,4.35,37.7,10.32,14.08
KSOLVES,2025-03-31,2.47,33.34,5.86,8.55
KSOLVES,2025-06-30,2.71,37.67,6.43,9.94
KSOLVES,2025-09-30,3.55,39.67,8.41,12.07
KSOLVES,2025-12-31,4.13,42.3,9.8,13.7
KSOLVES,2026-03-31,4.09,43.03,9.69,12.6
KTKBANK,2022-12-31,9.64,,301.0,
KTKBANK,2023-03-31,11.32,,354.0,
KTKBANK,2023-06-30,11.87,,371.0,
KTKBANK,2023-09-30,10.56,,330.0,
KTKBANK,2023-12-31,9.55,,331.0,
KTKBANK,2024-03-31,7.27,,274.0,
KTKBANK,2024-06-30,10.61,,400.0,
KTKBANK,2024-09-30,8.9,,336.0,
KTKBANK,2024-12-31,7.5,,284.0,
KTKBANK,2025-03-31,6.68,,253.0,
KTKBANK,2025-06-30,7.74,,292.0,
KTKBANK,2025-09-30,8.44,,319.0,
KTKBANK,2025-12-31,7.69,,291.0,
LAHOTIOV,2022-12-31,1.4,66.3,4.09,5.43
LAHOTIOV,2023-03-31,0.49,84.03,1.43,0.93
LAHOTIOV,2023-06-30,1.06,121.56,3.09,2.62
LAHOTIOV,2023-09-30,2.13,144.83,6.2,7.61
LAHOTIOV,2023-12-31,1.26,119.52,3.67,3.86
LAHOTIOV,2024-03-31,-0.3,101.62,-0.88,-0.49
LAHOTIOV,2024-06-30,1.57,119.69,4.59,3.76
LAHOTIOV,2024-09-30,-0.1,157.23,-0.3,1.04
LAHOTIOV,2024-12-31,1.57,121.04,4.57,7.3
LAHOTIOV,2025-03-31,1.47,123.64,4.28,5.75
LAHOTIOV,2025-06-30,0.56,85.9,1.63,-0.09
LAHOTIOV,2025-09-30,2.39,108.8,6.97,0.83
LAHOTIOV,2025-12-31,1.48,99.87,4.32,4.46
LALPATHLAB,2023-03-31,3.4,491.0,57.0,116.0
LALPATHLAB,2023-06-30,4.95,541.0,84.0,146.0
LALPATHLAB,2023-09-30,6.55,601.0,111.0,178.0
LALPATHLAB,2023-12-31,4.87,539.0,82.0,141.0
LALPATHLAB,2024-03-31,5.06,545.0,86.0,145.0
LALPATHLAB,2024-06-30,6.37,602.0,108.0,170.0
LALPATHLAB,2024-09-30,7.73,660.0,131.0,202.0
LALPATHLAB,2024-12-31,5.78,597.0,98.0,154.0
LALPATHLAB,2025-03-31,9.26,603.0,156.0,169.0
LALPATHLAB,2025-06-30,7.9,670.0,134.0,192.0
LALPATHLAB,2025-09-30,8.99,731.0,152.0,224.0
LALPATHLAB,2025-12-31,5.4,660.0,91.0,179.0
LALPATHLAB,2026-03-31,7.84,703.0,132.0,187.0
LANDMARK,2022-12-31,6.54,876.0,26.0,65.0
LANDMARK,2023-03-31,6.07,854.0,24.0,61.0
LANDMARK,2023-06-30,1.75,694.0,7.0,44.0
LANDMARK,2023-09-30,5.0,771.0,20.0,54.0
LANDMARK,2023-12-31,4.44,959.0,18.0,65.0
LANDMARK,2024-03-31,2.56,864.0,11.0,54.0
LANDMARK,2024-06-30,0.77,832.0,3.0,49.0
LANDMARK,2024-09-30,-0.0,907.0,0.0,52.0
LANDMARK,2024-12-31,2.75,1195.0,12.0,66.0
LANDMARK,2025-03-31,0.34,1091.0,2.0,55.0
LANDMARK,2025-06-30,1.67,1062.0,7.0,61.0
LANDMARK,2025-09-30,0.29,1211.0,2.0,54.0
LANDMARK,2025-12-31,3.42,1345.0,14.0,74.0
LANDSMILL,2022-12-31,0.02,0.49,2.42,-0.18
LANDSMILL,2023-03-31,-0.01,0.84,-1.93,-2.47
LANDSMILL,2023-06-30,0.0,0.64,0.16,-0.29
LANDSMILL,2023-09-30,0.0,0.71,0.22,-0.42
LANDSMILL,2023-12-31,0.0,0.64,0.42,-0.38
LANDSMILL,2024-03-31,0.0,0.58,0.17,-0.99
LANDSMILL,2024-06-30,0.0,0.49,0.55,-0.51
LANDSMILL,2024-09-30,0.01,4.09,1.1,-0.34
LANDSMILL,2024-12-31,0.01,5.1,0.96,-0.31
LANDSMILL,2025-03-31,-0.01,3.95,-1.91,-3.11
LANDSMILL,2025-06-30,0.0,5.79,0.02,-1.24
LANDSMILL,2025-09-30,0.01,1.51,1.09,-0.67
LANDSMILL,2025-12-31,-0.0,-0.0,-0.26,-1.85
LATENTVIEW,2022-12-31,2.58,145.0,52.0,43.0
LATENTVIEW,2023-03-31,1.67,141.0,34.0,30.0
LATENTVIEW,2023-06-30,1.6,148.0,33.0,28.0
LATENTVIEW,2023-09-30,1.66,156.0,34.0,31.0
LATENTVIEW,2023-12-31,2.26,166.0,47.0,37.0
LATENTVIEW,2024-03-31,2.2,172.0,45.0,40.0
LATENTVIEW,2024-06-30,1.89,179.0,39.0,38.0
LATENTVIEW,2024-09-30,1.94,209.0,41.0,45.0
LATENTVIEW,2024-12-31,2.03,228.0,43.0,50.0
LATENTVIEW,2025-03-31,2.59,232.0,51.0,55.0
LATENTVIEW,2025-06-30,2.46,236.0,51.0,50.0
LATENTVIEW,2025-09-30,2.15,258.0,46.0,56.0
LATENTVIEW,2025-12-31,2.42,278.0,51.0,62.0
LATTEYS,2022-12-31,0.16,18.1,0.91,1.77
LATTEYS,2023-06-30,0.16,18.1,0.91,1.77
LATTEYS,2023-09-30,0.04,15.76,0.25,0.89
LATTEYS,2023-12-31,0.03,12.51,0.17,1.13
LATTEYS,2024-03-31,0.03,17.28,0.16,1.17
LATTEYS,2024-06-30,0.07,19.7,0.38,1.13
LATTEYS,2024-09-30,0.12,18.73,0.7,1.42
LATTEYS,2024-12-31,0.04,17.39,0.24,0.79
LATTEYS,2025-03-31,0.09,24.44,0.49,1.1
LATTEYS,2025-06-30,0.11,23.56,0.66,1.23
LATTEYS,2025-09-30,0.1,20.49,0.58,1.05
LATTEYS,2025-12-31,0.16,33.92,0.94,1.89
LAURUSLABS,2023-03-31,1.91,1381.0,105.0,286.0
LAURUSLABS,2023-06-30,0.46,1182.0,27.0,167.0
LAURUSLABS,2023-09-30,0.69,1224.0,37.0,188.0
LAURUSLABS,2023-12-31,0.43,1195.0,23.0,181.0
LAURUSLABS,2024-03-31,1.4,1440.0,75.0,241.0
LAURUSLABS,2024-06-30,0.23,1195.0,13.0,171.0
LAURUSLABS,2024-09-30,0.37,1224.0,20.0,178.0
LAURUSLABS,2024-12-31,1.71,1415.0,93.0,285.0
LAURUSLABS,2025-03-31,4.33,1720.0,233.0,421.0
LAURUSLABS,2025-06-30,3.02,1570.0,162.0,382.0
LAURUSLABS,2025-09-30,3.61,1653.0,194.0,403.0
LAURUSLABS,2025-12-31,4.66,1778.0,252.0,480.0
LAURUSLABS,2026-03-31,5.17,1812.0,282.0,512.0
LAXMIDENTL,2023-12-31,74.05,47.79,2.35,3.93
LAXMIDENTL,2024-03-31,243.91,55.05,7.71,11.68
LAXMIDENTL,2024-06-30,6.04,59.67,16.85,14.01
LAXMIDENTL,2024-09-30,2.12,57.12,5.9,8.73
LAXMIDENTL,2024-12-31,0.93,61.67,4.82,9.62
LAXMIDENTL,2025-03-31,0.78,60.67,4.27,9.53
LAXMIDENTL,2025-06-30,1.53,65.6,8.33,11.91
LAXMIDENTL,2025-09-30,1.55,72.27,8.53,11.02
LAXMIDENTL,2025-12-31,0.36,66.04,1.96,6.96
LEMERITE,2024-12-31,0.11,95.51,0.25,1.79
LEMERITE,2025-09-30,1.8,98.21,4.35,5.61
LEMERITE,2025-12-31,0.85,73.49,2.05,2.03
LEMONTREE,2022-12-31,0.5,234.0,49.0,126.0
LEMONTREE,2023-03-31,0.56,253.0,59.0,140.0
LEMONTREE,2023-06-30,0.3,224.0,28.0,106.0
LEMONTREE,2023-09-30,0.29,227.0,26.0,102.0
LEMONTREE,2023-12-31,0.45,290.0,44.0,141.0
LEMONTREE,2024-03-31,0.85,327.0,84.0,171.0
LEMONTREE,2024-06-30,0.25,268.0,20.0,115.0
LEMONTREE,2024-09-30,0.37,284.0,35.0,131.0
LEMONTREE,2024-12-31,0.79,355.0,80.0,184.0
LEMONTREE,2025-03-31,1.07,379.0,108.0,203.0
LEMONTREE,2025-06-30,0.48,316.0,48.0,140.0
LEMONTREE,2025-09-30,0.44,306.0,42.0,131.0
LEMONTREE,2025-12-31,0.79,406.0,82.0,205.0
LENSKART,2024-09-30,11.08,1736.0,86.0,286.0
LENSKART,2024-12-31,0.02,1669.0,2.0,210.0
LENSKART,2025-06-30,0.78,1894.0,61.0,336.0
LENSKART,2025-09-30,1.24,2096.0,103.0,413.0
LENSKART,2025-12-31,0.76,2308.0,133.0,462.0
LGBBROSLTD,2022-12-31,22.98,581.0,72.0,107.0
LGBBROSLTD,2023-03-31,17.33,523.0,55.0,89.0
LGBBROSLTD,2023-06-30,17.66,539.0,55.0,87.0
LGBBROSLTD,2023-09-30,24.05,600.0,75.0,104.0
LGBBROSLTD,2023-12-31,23.11,600.0,73.0,107.0
LGBBROSLTD,2024-03-31,21.62,607.0,68.0,101.0
LGBBROSLTD,2024-06-30,20.78,571.0,65.0,89.0
LGBBROSLTD,2024-09-30,24.31,661.0,78.0,110.0
LGBBROSLTD,2024-12-31,23.61,677.0,75.0,114.0
LGBBROSLTD,2025-03-31,26.35,669.0,84.0,102.0
LGBBROSLTD,2025-06-30,21.0,657.0,67.0,97.0
LGBBROSLTD,2025-09-30,29.35,787.0,94.0,137.0
LGBBROSLTD,2025-12-31,27.73,817.0,88.0,135.0
LGHL,2024-03-31,1.09,127.28,5.45,8.8
LGHL,2024-06-30,0.23,15.85,1.17,3.12
LGHL,2024-12-31,0.71,22.16,3.54,6.75
LGHL,2025-03-31,0.14,27.72,0.68,5.28
LGHL,2025-06-30,0.44,28.67,2.22,5.21
LIBAS,2022-12-31,0.36,16.68,0.95,1.11
LIBAS,2023-03-31,0.68,22.39,1.8,1.49
LIBAS,2023-06-30,-0.87,17.9,-2.3,-2.05
LIBAS,2023-09-30,0.76,15.82,2.01,2.22
LIBAS,2023-12-31,0.54,18.12,1.42,1.74
LIBAS,2024-03-31,1.55,22.44,4.09,-2.49
LIBAS,2024-06-30,0.63,18.74,1.66,2.08
LIBAS,2024-09-30,0.66,20.33,1.75,2.26
LIBAS,2024-12-31,-0.86,21.5,-2.27,-2.0
LIBAS,2025-03-31,0.28,31.34,0.74,1.11
LIBAS,2025-06-30,-0.63,18.2,-1.65,1.08
LIBAS,2025-09-30,0.41,20.85,1.09,1.45
LIBAS,2025-12-31,0.53,21.88,1.39,1.37
LIBERTSHOE,2005-03-31,,45.19,3.06,6.62
LIBERTSHOE,2005-06-30,,48.74,4.56,7.59
LIBERTSHOE,2005-09-30,,49.18,4.62,8.03
LIBERTSHOE,2005-12-31,,50.18,4.98,8.15
LIBERTSHOE,2006-03-31,2.85,58.88,4.88,8.25
LIBERTSHOE,2006-06-30,2.03,46.34,3.49,6.1
LIBERTSHOE,2006-09-30,1.99,44.78,3.36,6.21
LIBERTSHOE,2006-12-31,2.71,62.64,4.61,9.21
LIBERTSHOE,2007-03-31,2.07,66.36,3.52,8.77
LICHSGFIN,2022-12-31,8.4,,462.0,
LICHSGFIN,2023-03-31,21.65,,1191.0,
LICHSGFIN,2023-06-30,23.98,,1319.0,
LICHSGFIN,2023-09-30,21.67,,1192.0,
LICHSGFIN,2023-12-31,21.25,,1169.0,
LICHSGFIN,2024-03-31,19.66,,1082.0,
LICHSGFIN,2024-06-30,23.75,,1306.0,
LICHSGFIN,2024-09-30,24.14,,1328.0,
LICHSGFIN,2024-12-31,26.09,,1435.0,
LICHSGFIN,2025-03-31,24.97,,1374.0,
LICHSGFIN,2025-06-30,24.8,,1364.0,
LICHSGFIN,2025-09-30,24.53,,1349.0,
LICHSGFIN,2025-12-31,25.42,,1398.0,
LICI,2022-12-31,11.56,197714.0,7306.0,3620.0
LICI,2023-03-31,20.86,201231.0,13189.0,11539.0
LICI,2023-06-30,15.23,190163.0,9634.0,9994.0
LICI,2023-09-30,12.7,203033.0,8032.0,8475.0
LICI,2023-12-31,14.97,214054.0,9434.0,9239.0
LICI,2024-03-31,21.88,238717.0,13842.0,1564.0
LICI,2024-06-30,16.67,211952.0,10527.0,9773.0
LICI,2024-09-30,12.22,231132.0,7723.0,6588.0
LICI,2024-12-31,17.4,203751.0,11009.0,11934.0
LICI,2025-03-31,30.1,243134.0,19039.0,21514.0
LICI,2025-06-30,17.32,224671.0,10955.0,10474.0
LICI,2025-09-30,15.97,241524.0,10096.0,9492.0
LICI,2025-12-31,20.44,235954.0,12908.0,12366.0
LINC,2023-12-31,1.27,123.96,7.62,13.93
LINC,2024-03-31,1.94,140.8,11.67,16.76
LINC,2024-06-30,1.42,130.11,8.38,14.25
LINC,2024-09-30,1.48,137.28,8.81,16.3
LINC,2024-12-31,1.47,122.16,8.64,14.62
LINC,2025-03-31,2.04,153.93,11.92,19.24
LINC,2025-06-30,1.19,136.98,7.07,13.14
LINC,2025-09-30,1.42,139.07,8.43,15.67
LINC,2025-12-31,1.14,129.29,6.91,12.9
LINCOLN,2022-12-31,10.79,134.0,22.0,27.0
LINCOLN,2023-03-31,6.27,112.0,13.0,17.0
LINCOLN,2023-06-30,9.49,136.0,19.0,21.0
LINCOLN,2023-09-30,13.8,156.0,28.0,31.0
LINCOLN,2023-12-31,14.0,146.0,28.0,30.0
LINCOLN,2024-03-31,9.29,142.0,19.0,18.0
LINCOLN,2024-06-30,11.82,147.0,24.0,23.0
LINCOLN,2024-09-30,13.15,161.0,26.0,28.0
LINCOLN,2024-12-31,10.37,147.0,21.0,24.0
LINCOLN,2025-03-31,5.78,168.0,12.0,27.0
LINCOLN,2025-06-30,13.82,154.0,28.0,24.0
LINCOLN,2025-09-30,9.98,163.0,20.0,25.0
LINCOLN,2025-12-31,14.28,166.0,29.0,24.0
LINDEINDIA,2022-12-31,12.9,697.0,110.0,168.0
LINDEINDIA,2023-03-31,11.64,630.0,99.0,186.0
LINDEINDIA,2023-06-30,11.71,721.0,100.0,164.0
LINDEINDIA,2023-09-30,12.75,711.0,109.0,174.0
LINDEINDIA,2023-12-31,14.08,706.0,120.0,186.0
LINDEINDIA,2024-03-31,12.36,630.0,105.0,179.0
LINDEINDIA,2024-06-30,13.33,653.0,114.0,184.0
LINDEINDIA,2024-09-30,12.48,634.0,106.0,179.0
LINDEINDIA,2024-12-31,13.64,606.0,116.0,192.0
LINDEINDIA,2025-03-31,13.88,592.0,118.0,210.0
LINDEINDIA,2025-06-30,12.57,571.0,107.0,197.0
LINDEINDIA,2025-09-30,20.05,644.0,171.0,282.0
LINDEINDIA,2025-12-31,22.67,701.0,193.0,257.0
LLOYDSENGG,2023-09-30,0.13,122.0,19.0,24.0
LLOYDSENGG,2023-12-31,0.19,201.0,27.0,36.0
LLOYDSENGG,2024-12-31,0.24,266.0,36.0,44.0
LLOYDSENGG,2025-03-31,0.12,232.0,20.0,35.0
LLOYDSENGG,2025-06-30,0.2,217.0,30.0,27.0
LLOYDSENGG,2025-09-30,0.44,317.0,54.0,49.0
LLOYDSENGG,2025-12-31,0.52,272.0,67.0,53.0
LLOYDSENT,2022-12-31,0.05,58.0,14.0,19.0
LLOYDSENT,2023-03-31,0.2,242.0,34.0,18.0
LLOYDSENT,2023-06-30,0.05,151.0,15.0,11.0
LLOYDSENT,2023-09-30,0.19,149.0,39.0,25.0
LLOYDSENT,2023-12-31,0.39,324.0,75.0,38.0
LLOYDSENT,2024-03-31,0.14,334.0,46.0,15.0
LLOYDSENT,2024-06-30,0.04,323.0,17.0,23.0
LLOYDSENT,2024-09-30,0.14,385.0,40.0,29.0
LLOYDSENT,2024-12-31,0.13,290.0,41.0,41.0
LLOYDSENT,2025-03-31,0.06,489.0,25.0,25.0
LLOYDSENT,2025-06-30,1.5,331.0,249.0,22.0
LLOYDSENT,2025-09-30,0.15,407.0,62.0,24.0
LLOYDSENT,2025-12-31,-0.05,299.0,38.0,25.0
LLOYDSME,2022-12-31,5.17,1000.0,230.0,227.0
LLOYDSME,2023-03-31,5.33,876.0,269.0,165.0
LLOYDSME,2023-06-30,7.99,1966.0,403.0,536.0
LLOYDSME,2023-09-30,4.58,1091.0,231.0,286.0
LLOYDSME,2023-12-31,6.56,1912.0,332.0,449.0
LLOYDSME,2024-03-31,5.48,1554.0,277.0,458.0
LLOYDSME,2024-06-30,11.03,2417.0,557.0,719.0
LLOYDSME,2024-09-30,5.76,1436.0,301.0,411.0
LLOYDSME,2024-12-31,7.44,1675.0,389.0,536.0
LLOYDSME,2025-03-31,3.86,1193.0,202.0,261.0
LLOYDSME,2025-06-30,12.26,2384.0,642.0,794.0
LLOYDSME,2025-09-30,10.87,3651.0,567.0,1043.0
LLOYDSME,2025-12-31,19.24,5058.0,1090.0,1757.0
LMW,2022-12-31,105.77,1222.0,113.0,125.0
LMW,2023-03-31,88.09,1303.0,94.0,118.0
LMW,2023-06-30,87.8,1191.0,94.0,109.0
LMW,2023-09-30,107.75,1320.0,115.0,136.0
LMW,2023-12-31,92.46,1214.0,99.0,117.0
LMW,2024-03-31,61.76,971.0,66.0,74.0
LMW,2024-06-30,10.32,673.0,11.0,13.0
LMW,2024-09-30,22.9,769.0,24.0,32.0
LMW,2024-12-31,18.07,766.0,19.0,36.0
LMW,2025-03-31,44.76,804.0,48.0,58.0
LMW,2025-06-30,10.74,694.0,11.0,14.0
LMW,2025-09-30,38.3,822.0,41.0,44.0
LMW,2025-12-31,13.72,758.0,15.0,42.0
LODHA,2023-03-31,7.73,3255.0,746.0,769.0
LODHA,2023-06-30,1.85,1617.0,179.0,328.0
LODHA,2023-09-30,2.09,1750.0,203.0,412.0
LODHA,2023-12-31,5.22,2931.0,505.0,876.0
LODHA,2024-03-31,6.69,4018.0,667.0,1046.0
LODHA,2024-06-30,4.78,2846.0,476.0,756.0
LODHA,2024-09-30,4.25,2626.0,423.0,704.0
LODHA,2024-12-31,9.47,4083.0,945.0,1306.0
LODHA,2025-03-31,9.24,4224.0,923.0,1220.0
LODHA,2025-06-30,6.76,3492.0,675.0,984.0
LODHA,2025-09-30,7.9,3798.0,790.0,1108.0
LODHA,2025-12-31,9.58,4672.0,958.0,1415.0
LODHA,2026-03-31,10.09,4714.0,1008.0,1413.0
LOTUSDEV,2024-06-30,,121.0,40.0,53.0
LOTUSDEV,2024-09-30,,123.0,50.0,66.0
LOTUSDEV,2024-12-31,1.17,116.0,51.0,62.0
LOTUSDEV,2025-03-31,1.97,190.0,86.0,109.0
LOTUSDEV,2025-06-30,0.59,61.0,26.0,29.0
LOTUSDEV,2025-09-30,0.94,176.0,46.0,50.0
LOTUSDEV,2025-12-31,1.43,224.0,70.0,79.0
LT,2022-12-31,18.17,46390.0,3058.0,6653.0
LT,2023-03-31,28.37,58335.0,4459.0,8354.0
LT,2023-06-30,17.74,47882.0,3096.0,6316.0
LT,2023-09-30,23.45,51024.0,3846.0,7040.0
LT,2023-12-31,21.44,55128.0,3593.0,7199.0
LT,2024-03-31,31.98,67079.0,5013.0,8653.0
LT,2024-06-30,20.26,55120.0,3445.0,7046.0
LT,2024-09-30,24.69,61555.0,4099.0,7917.0
LT,2024-12-31,24.43,64668.0,3974.0,7898.0
LT,2025-03-31,39.97,74392.0,6156.0,9876.0
LT,2025-06-30,26.3,63679.0,4318.0,8024.0
LT,2025-09-30,28.54,67984.0,4678.0,8513.0
LT,2025-12-31,23.37,71450.0,3825.0,9190.0
LTF,2023-03-31,2.02,,417.0,
LTF,2023-06-30,2.14,,531.0,
LTF,2023-09-30,2.4,,594.0,
LTF,2023-12-31,2.57,,639.0,
LTF,2024-03-31,2.23,,553.0,
LTF,2024-06-30,2.75,,685.0,
LTF,2024-09-30,2.79,,697.0,
LTF,2024-12-31,2.51,,626.0,
LTF,2025-03-31,2.55,,636.0,
LTF,2025-06-30,2.81,,701.0,
LTF,2025-09-30,2.94,,735.0,
LTF,2025-12-31,2.95,,738.0,
LTF,2026-03-31,3.22,,809.0,
LTFOODS,2022-12-31,2.98,1778.0,100.0,166.0
LTFOODS,2023-03-31,3.69,1821.0,132.0,196.0
LTFOODS,2023-06-30,3.96,1778.0,137.0,214.0
LTFOODS,2023-09-30,4.49,1978.0,157.0,240.0
LTFOODS,2023-12-31,4.35,1942.0,153.0,239.0
LTFOODS,2024-03-31,4.28,2075.0,150.0,245.0
LTFOODS,2024-06-30,4.41,2071.0,155.0,241.0
LTFOODS,2024-09-30,4.27,2108.0,151.0,229.0
LTFOODS,2024-12-31,4.13,2275.0,145.0,250.0
LTFOODS,2025-03-31,4.62,2228.0,161.0,258.0
LTFOODS,2025-06-30,4.85,2464.0,168.0,265.0
LTFOODS,2025-09-30,4.72,2766.0,164.0,309.0
LTFOODS,2025-12-31,4.53,2809.0,157.0,314.0
LTM,2023-03-31,37.65,8691.0,1114.0,1604.0
LTM,2023-06-30,38.92,8702.0,1152.0,1636.0
LTM,2023-09-30,39.26,8905.0,1162.0,1631.0
LTM,2023-12-31,39.49,9017.0,1169.0,1585.0
LTM,2024-03-31,37.14,8893.0,1101.0,1536.0
LTM,2024-06-30,38.28,9143.0,1135.0,1606.0
LTM,2024-09-30,42.24,9433.0,1252.0,1699.0
LTM,2024-12-31,36.63,9661.0,1087.0,1593.0
LTM,2025-03-31,38.09,9772.0,1129.0,1596.0
LTM,2025-06-30,42.32,9841.0,1255.0,1649.0
LTM,2025-09-30,47.27,10394.0,1381.0,1930.0
LTM,2025-12-31,32.74,10781.0,960.0,2003.0
LTM,2026-03-31,46.96,11292.0,1387.0,1973.0
LTTS,2023-03-31,32.2,2371.0,341.0,480.0
LTTS,2023-06-30,29.44,2301.0,312.0,453.0
LTTS,2023-09-30,29.84,2386.0,316.0,476.0
LTTS,2023-12-31,31.79,2422.0,337.0,488.0
LTTS,2024-03-31,32.24,2538.0,341.0,503.0
LTTS,2024-06-30,29.63,2462.0,314.0,456.0
LTTS,2024-09-30,30.2,2573.0,320.0,466.0
LTTS,2024-12-31,30.45,2653.0,320.0,495.0
LTTS,2025-03-31,29.38,2638.0,310.0,433.0
LTTS,2025-06-30,29.79,2866.0,316.0,462.0
LTTS,2025-09-30,31.01,2980.0,329.0,491.0
LTTS,2025-12-31,28.55,2787.0,303.0,498.0
LTTS,2026-03-31,31.33,2858.0,333.0,521.0
LUMAXIND,2022-12-31,31.6,579.0,30.0,56.0
LUMAXIND,2023-03-31,22.2,608.0,21.0,49.0
LUMAXIND,2023-06-30,24.73,618.0,23.0,51.0
LUMAXIND,2023-09-30,28.08,644.0,26.0,55.0
LUMAXIND,2023-12-31,27.37,632.0,26.0,58.0
LUMAXIND,2024-03-31,38.59,743.0,36.0,66.0
LUMAXIND,2024-06-30,36.57,766.0,34.0,58.0
LUMAXIND,2024-09-30,30.25,812.0,28.0,60.0
LUMAXIND,2024-12-31,35.82,887.0,33.0,70.0
LUMAXIND,2025-03-31,47.04,923.0,44.0,79.0
LUMAXIND,2025-06-30,38.72,923.0,36.0,82.0
LUMAXIND,2025-09-30,38.13,1009.0,36.0,89.0
LUMAXIND,2025-12-31,49.8,1053.0,47.0,111.0
LUMAXTECH,2022-12-31,3.43,445.0,28.0,47.0
LUMAXTECH,2023-03-31,2.74,493.0,24.0,57.0
LUMAXTECH,2023-06-30,3.25,632.0,30.0,80.0
LUMAXTECH,2023-09-30,4.02,700.0,38.0,90.0
LUMAXTECH,2023-12-31,5.35,732.0,48.0,106.0
LUMAXTECH,2024-03-31,6.49,757.0,51.0,92.0
LUMAXTECH,2024-06-30,4.65,756.0,42.0,88.0
LUMAXTECH,2024-09-30,6.29,842.0,52.0,102.0
LUMAXTECH,2024-12-31,6.58,906.0,56.0,118.0
LUMAXTECH,2025-03-31,8.57,1133.0,80.0,157.0
LUMAXTECH,2025-06-30,6.08,1026.0,54.0,125.0
LUMAXTECH,2025-09-30,9.81,1156.0,78.0,155.0
LUMAXTECH,2025-12-31,12.1,1271.0,108.0,176.0
LUPIN,2022-12-31,3.37,4322.0,158.0,533.0
LUPIN,2023-03-31,5.19,4430.0,242.0,578.0
LUPIN,2023-06-30,9.94,4814.0,453.0,856.0
LUPIN,2023-09-30,10.76,5039.0,495.0,918.0
LUPIN,2023-12-31,13.47,5197.0,619.0,1038.0
LUPIN,2024-03-31,7.89,4961.0,368.0,997.0
LUPIN,2024-06-30,17.58,5600.0,806.0,1241.0
LUPIN,2024-09-30,18.69,5673.0,859.0,1340.0
LUPIN,2024-12-31,18.74,5768.0,859.0,1356.0
LUPIN,2025-03-31,16.92,5667.0,782.0,1321.0
LUPIN,2025-06-30,26.69,6268.0,1221.0,1727.0
LUPIN,2025-09-30,32.36,7048.0,1485.0,2341.0
LUPIN,2025-12-31,25.73,7168.0,1181.0,2262.0
LUXIND,2022-12-31,6.01,459.0,17.0,33.0
LUXIND,2023-03-31,10.38,717.0,30.0,42.0
LUXIND,2023-06-30,5.55,521.0,15.0,28.0
LUXIND,2023-09-30,12.33,639.0,36.0,55.0
LUXIND,2023-12-31,6.72,451.0,19.0,34.0
LUXIND,2024-03-31,18.47,708.0,55.0,76.0
LUXIND,2024-06-30,11.3,535.0,33.0,45.0
LUXIND,2024-09-30,17.02,677.0,52.0,65.0
LUXIND,2024-12-31,10.66,553.0,32.0,50.0
LUXIND,2025-03-31,15.99,818.0,48.0,77.0
LUXIND,2025-06-30,7.84,604.0,23.0,35.0
LUXIND,2025-09-30,7.8,779.0,23.0,44.0
LUXIND,2025-12-31,4.29,673.0,13.0,36.0
LXCHEM,2022-12-31,1.03,655.0,27.0,55.0
LXCHEM,2023-03-31,0.92,730.0,24.0,58.0
LXCHEM,2023-06-30,1.44,729.0,38.0,77.0
LXCHEM,2023-09-30,0.4,652.0,11.0,39.0
LXCHEM,2023-12-31,0.99,694.0,27.0,52.0
LXCHEM,2024-03-31,1.61,792.0,44.0,90.0
LXCHEM,2024-06-30,1.24,718.0,34.0,71.0
LXCHEM,2024-09-30,1.02,771.0,28.0,75.0
LXCHEM,2024-12-31,1.06,786.0,29.0,75.0
LXCHEM,2025-03-31,0.79,710.0,22.0,59.0
LXCHEM,2025-06-30,0.77,693.0,21.0,31.0
LXCHEM,2025-09-30,0.4,700.0,11.0,37.0
LXCHEM,2025-12-31,0.92,719.0,25.0,50.0
LYPSAGEMS,2022-03-31,-0.0,4.0,0.0,0.0
LYPSAGEMS,2022-06-30,0.02,1.0,0.0,0.0
LYPSAGEMS,2022-09-30,0.01,0.0,0.0,0.0
LYPSAGEMS,2022-12-31,0.01,4.0,0.0,0.0
LYPSAGEMS,2023-03-31,-15.0,8.0,-44.0,-44.0
LYPSAGEMS,2023-06-30,0.0,2.0,0.0,0.0
LYPSAGEMS,2023-09-30,0.0,4.0,0.0,0.0
LYPSAGEMS,2023-12-31,0.0,0.0,0.0,0.0
LYPSAGEMS,2024-03-31,-11.1,3.0,-33.0,-33.0
LYPSAGEMS,2024-06-30,0.02,1.0,0.0,0.0
LYPSAGEMS,2024-09-30,0.0,3.0,0.0,0.0
LYPSAGEMS,2024-12-31,0.0,6.0,0.0,0.0
LYPSAGEMS,2025-03-31,-5.18,7.0,-15.0,-15.0
M&M,2022-12-31,21.53,30621.0,2994.0,5254.0
M&M,2023-03-31,21.2,32456.0,2998.0,5658.0
M&M,2023-06-30,28.21,33892.0,3684.0,6249.0
M&M,2023-09-30,18.88,34436.0,2484.0,5730.0
M&M,2023-12-31,21.38,35299.0,2977.0,6224.0
M&M,2024-03-31,22.15,35452.0,3125.0,6604.0
M&M,2024-06-30,26.4,37218.0,3546.0,7243.0
M&M,2024-09-30,25.5,37924.0,3361.0,7133.0
M&M,2024-12-31,25.58,41470.0,3624.0,8231.0
M&M,2025-03-31,26.5,42599.0,3542.0,7911.0
M&M,2025-06-30,32.84,45529.0,4377.0,8228.0
M&M,2025-09-30,29.54,46106.0,3964.0,8940.0
M&M,2025-12-31,37.59,52100.0,5021.0,10160.0
M&MFIN,2023-03-31,4.9,,675.0,
M&MFIN,2023-06-30,2.58,,362.0,
M&MFIN,2023-09-30,2.02,,287.0,
M&MFIN,2023-12-31,4.48,,623.0,
M&MFIN,2024-03-31,4.82,,671.0,
M&MFIN,2024-06-30,3.58,,497.0,
M&MFIN,2024-09-30,2.8,,390.0,
M&MFIN,2024-12-31,6.6,,918.0,
M&MFIN,2025-03-31,3.29,,456.0,
M&MFIN,2025-06-30,3.8,,529.0,
M&MFIN,2025-09-30,4.06,,566.0,
M&MFIN,2025-12-31,5.93,,826.0,
M&MFIN,2026-03-31,6.75,,940.0,
MAANALU,2008-12-31,0.03,10.83,0.16,0.66
MAANALU,2009-03-31,-0.04,7.6,-0.24,-0.01
MACPOWER,2021-12-31,-1152.78,6896.91,-1153.26,-3049.58
MADHAV,2022-12-31,-1.9,9.2,-1.7,-0.92
MADHAV,2023-03-31,0.47,11.61,0.42,0.59
MADHAV,2023-06-30,0.02,11.14,0.02,0.73
MADHAV,2023-09-30,-0.86,10.66,-0.77,-0.67
MADHAV,2023-12-31,-2.4,6.5,-2.15,-1.62
MADHAV,2024-03-31,1.62,11.59,1.45,0.63
MADHAV,2024-06-30,-0.03,10.6,-0.03,0.52
MADHAV,2024-09-30,-0.38,5.93,-0.34,-0.81
MADHAV,2024-12-31,-0.36,6.85,-0.32,1.06
MADHAV,2025-03-31,0.02,7.67,0.02,-0.86
MADHAV,2025-06-30,-0.2,8.03,-0.18,-0.02
MADHAV,2025-09-30,-0.49,6.84,-0.44,-0.78
MADHAV,2025-12-31,-0.55,6.6,-0.49,-0.18
MADHAVIPL,2022-12-31,0.11,138.99,4.3,13.22
MADHAVIPL,2023-03-31,0.19,204.31,5.92,23.58
MADHAVIPL,2023-06-30,0.31,124.26,7.55,18.79
MADHAVIPL,2023-09-30,0.26,97.57,7.96,14.13
MADHAVIPL,2023-12-31,0.13,87.78,4.62,16.22
MADHAVIPL,2024-03-31,0.1,150.77,2.76,9.18
MADHAVIPL,2024-06-30,0.25,67.89,6.8,16.53
MADHAVIPL,2024-09-30,0.15,86.77,4.18,12.69
MADHAVIPL,2024-12-31,0.1,147.26,2.51,15.13
MADHAVIPL,2025-03-31,0.45,308.31,11.43,22.43
MADHAVIPL,2025-06-30,0.28,87.54,7.48,17.08
MADHAVIPL,2025-09-30,0.47,106.82,12.46,16.27
MADHAVIPL,2025-12-31,-0.16,53.7,-4.26,4.69
MAFATIND,2022-12-31,0.13,292.5,0.89,5.92
MAFATIND,2023-03-31,1.66,338.42,11.76,7.18
MAFATIND,2023-06-30,3.89,585.61,27.48,12.33
MAFATIND,2023-09-30,2.96,308.61,20.93,7.23
MAFATIND,2023-12-31,2.39,420.16,17.07,5.5
MAFATIND,2024-03-31,4.65,764.26,33.27,15.38
MAFATIND,2024-06-30,4.23,451.88,30.38,24.73
MAFATIND,2024-09-30,2.78,995.52,19.97,18.45
MAFATIND,2024-12-31,3.4,910.28,24.34,14.01
MAFATIND,2025-03-31,3.23,449.79,23.24,11.11
MAFATIND,2025-06-30,6.35,1240.28,45.56,43.4
MAFATIND,2025-09-30,3.03,1029.69,21.52,24.38
MAFATIND,2025-12-31,0.62,717.4,4.05,13.71
MAHABANK,2023-03-31,1.25,,841.0,
MAHABANK,2023-06-30,1.25,,884.0,
MAHABANK,2023-09-30,1.3,,920.0,
MAHABANK,2023-12-31,1.47,,1038.0,
MAHABANK,2024-03-31,1.74,,1230.0,
MAHABANK,2024-06-30,1.83,,1295.0,
MAHABANK,2024-09-30,1.88,,1333.0,
MAHABANK,2024-12-31,1.84,,1412.0,
MAHABANK,2025-03-31,1.95,,1502.0,
MAHABANK,2025-06-30,1.96,,1504.0,
MAHABANK,2025-09-30,2.17,,1669.0,
MAHABANK,2025-12-31,2.34,,1799.0,
MAHABANK,2026-03-31,2.66,,2045.0,
MAHAPEXLTD,2022-12-31,0.14,1.08,0.39,0.04
MAHAPEXLTD,2023-03-31,0.09,0.57,0.25,-2.43
MAHAPEXLTD,2023-06-30,0.13,0.48,0.38,-0.45
MAHAPEXLTD,2023-09-30,0.86,0.73,2.42,-0.14
MAHAPEXLTD,2023-12-31,-31.81,0.63,-89.7,-90.18
MAHAPEXLTD,2024-03-31,148.37,6.88,418.39,5.63
MAHAPEXLTD,2024-06-30,0.1,0.53,0.28,-0.49
MAHAPEXLTD,2024-09-30,-2.83,0.48,-7.97,-8.8
MAHAPEXLTD,2024-12-31,-2.41,0.05,-6.8,-12.96
MAHAPEXLTD,2025-03-31,7.94,0.3,22.4,-0.15
MAHAPEXLTD,2025-06-30,8.46,0.05,23.86,-0.42
MAHAPEXLTD,2025-09-30,-10.88,0.06,-30.69,-31.0
MAHAPEXLTD,2025-12-31,1.74,1.97,4.91,1.41
MAHLIFE,2023-03-31,0.02,255.0,1.0,-27.0
MAHLIFE,2023-06-30,-0.2,98.0,-4.0,-43.0
MAHLIFE,2023-09-30,-0.89,18.0,-19.0,-35.0
MAHLIFE,2023-12-31,2.35,82.0,50.0,-39.0
MAHLIFE,2024-03-31,3.36,14.0,71.0,-54.0
MAHLIFE,2024-06-30,0.6,188.0,13.0,-42.0
MAHLIFE,2024-09-30,-0.66,8.0,-14.0,-48.0
MAHLIFE,2024-12-31,-1.05,167.0,-22.0,-25.0
MAHLIFE,2025-03-31,3.99,9.0,85.0,-55.0
MAHLIFE,2025-06-30,2.4,32.0,51.0,-55.0
MAHLIFE,2025-09-30,2.25,18.0,48.0,-52.0
MAHLIFE,2025-12-31,5.1,459.0,109.0,30.0
MAHLIFE,2026-03-31,4.22,670.0,90.0,-44.0
MAHLOG,2023-03-31,-0.08,1273.0,-1.0,64.0
MAHLOG,2023-06-30,-0.86,1293.0,-8.0,67.0
MAHLOG,2023-09-30,-1.61,1365.0,-16.0,54.0
MAHLOG,2023-12-31,-1.76,1397.0,-17.0,52.0
MAHLOG,2024-03-31,-1.3,1451.0,-12.0,57.0
MAHLOG,2024-06-30,-0.94,1420.0,-8.0,66.0
MAHLOG,2024-09-30,-1.08,1521.0,-10.0,66.0
MAHLOG,2024-12-31,-0.91,1594.0,-7.0,74.0
MAHLOG,2025-03-31,-0.68,1570.0,-5.0,78.0
MAHLOG,2025-06-30,-1.09,1625.0,-9.0,76.0
MAHLOG,2025-09-30,-1.04,1685.0,-8.0,85.0
MAHLOG,2025-12-31,0.33,1898.0,6.0,103.0
MAHLOG,2026-03-31,2.03,1791.0,22.0,112.0
MAHSEAMLES,2022-12-31,11.91,1339.0,160.0,239.0
MAHSEAMLES,2023-03-31,27.62,1633.0,373.0,314.0
MAHSEAMLES,2023-06-30,15.42,1223.0,207.0,235.0
MAHSEAMLES,2023-09-30,18.69,1535.0,251.0,328.0
MAHSEAMLES,2023-12-31,20.59,1431.0,276.0,366.0
MAHSEAMLES,2024-03-31,16.3,1215.0,218.0,270.0
MAHSEAMLES,2024-06-30,9.65,1151.0,129.0,119.0
MAHSEAMLES,2024-09-30,16.42,1292.0,220.0,227.0
MAHSEAMLES,2024-12-31,13.89,1408.0,186.0,276.0
MAHSEAMLES,2025-03-31,18.06,1418.0,242.0,285.0
MAHSEAMLES,2025-06-30,17.19,1145.0,230.0,165.0
MAHSEAMLES,2025-09-30,9.35,1159.0,125.0,119.0
MAHSEAMLES,2025-12-31,18.13,1090.0,243.0,149.0
MAITHANALL,2022-12-31,25.0,685.0,73.0,46.0
MAITHANALL,2023-03-31,33.71,535.0,98.0,90.0
MAITHANALL,2023-06-30,20.47,404.0,60.0,41.0
MAITHANALL,2023-09-30,21.28,444.0,62.0,32.0
MAITHANALL,2023-12-31,29.31,448.0,85.0,35.0
MAITHANALL,2024-03-31,48.81,433.0,142.0,7.0
MAITHANALL,2024-06-30,156.82,375.0,456.0,21.0
MAITHANALL,2024-09-30,49.41,464.0,143.0,49.0
MAITHANALL,2024-12-31,31.2,531.0,90.0,29.0
MAITHANALL,2025-03-31,-20.96,435.0,-58.0,76.0
MAITHANALL,2025-06-30,184.17,632.0,538.0,65.0
MAITHANALL,2025-09-30,-41.55,491.0,-119.0,32.0
MAITHANALL,2025-12-31,30.54,490.0,93.0,55.0
MAJESAUT,2022-12-31,1.01,12.07,1.21,5.96
MAJESAUT,2023-03-31,-0.71,12.97,-0.51,5.0
MAJESAUT,2023-06-30,2.29,13.32,2.5,5.57
MAJESAUT,2023-09-30,22.05,39.6,23.14,30.59
MAJESAUT,2023-12-31,7.03,14.97,7.62,8.49
MAJESAUT,2024-03-31,-0.59,15.52,-0.16,9.22
MAJESAUT,2024-06-30,9.69,16.06,10.34,6.88
MAJESAUT,2024-09-30,7.22,16.15,7.9,7.27
MAJESAUT,2024-12-31,-2.9,17.24,-2.25,10.15
MAJESAUT,2025-03-31,-7.45,14.87,-7.18,3.79
MAJESAUT,2025-06-30,12.61,15.39,13.82,8.92
MAJESAUT,2025-09-30,72.82,13.12,76.14,1.66
MAJESAUT,2025-12-31,5.24,3.4,5.45,-1.5
MALLCOM,2022-12-31,16.86,100.0,11.0,14.0
MALLCOM,2023-03-31,15.66,113.0,10.0,17.0
MALLCOM,2023-06-30,13.65,94.0,9.0,14.0
MALLCOM,2023-09-30,14.66,108.0,9.0,15.0
MALLCOM,2023-12-31,10.95,96.0,7.0,12.0
MALLCOM,2024-03-31,18.93,122.0,12.0,16.0
MALLCOM,2024-06-30,13.67,102.0,9.0,14.0
MALLCOM,2024-09-30,16.19,129.0,10.0,16.0
MALLCOM,2024-12-31,14.47,118.0,9.0,15.0
MALLCOM,2025-03-31,47.71,138.0,30.0,15.0
MALLCOM,2025-06-30,15.79,122.0,10.0,18.0
MALLCOM,2025-09-30,5.99,139.0,4.0,10.0
MALLCOM,2025-12-31,16.27,131.0,10.0,19.0
MAMATA,2023-09-30,7.1,45.13,1.94,17.87
MAMATA,2023-12-31,30.28,51.42,8.28,12.8
MAMATA,2024-03-31,76.66,88.36,20.96,25.86
MAMATA,2024-06-30,0.09,27.62,0.22,-0.32
MAMATA,2024-09-30,1.89,42.79,4.65,5.22
MAMATA,2024-12-31,3.56,73.44,8.77,12.72
MAMATA,2025-03-31,11.02,111.04,27.12,36.67
MAMATA,2025-06-30,1.08,38.66,2.65,3.09
MAMATA,2025-09-30,1.84,53.37,4.53,6.62
MAMATA,2025-12-31,3.2,67.22,7.87,8.43
MANAKCOAT,2022-12-31,0.03,176.92,0.21,8.92
MANAKCOAT,2023-03-31,1.18,186.85,7.74,9.07
MANAKCOAT,2023-06-30,0.02,171.7,0.12,7.48
MANAKCOAT,2023-09-30,0.31,194.53,2.01,12.49
MANAKCOAT,2023-12-31,0.62,190.86,4.05,12.33
MANAKCOAT,2024-03-31,0.68,182.56,5.06,15.04
MANAKCOAT,2024-06-30,0.4,193.78,2.98,13.2
MANAKCOAT,2024-09-30,0.32,174.91,2.36,10.93
MANAKCOAT,2024-12-31,0.67,205.05,5.01,14.47
MANAKCOAT,2025-03-31,0.63,207.89,5.03,15.17
MANAKCOAT,2025-06-30,1.34,249.8,14.01,24.47
MANAKCOAT,2025-09-30,1.32,220.33,13.96,26.1
MANAKCOAT,2025-12-31,0.69,186.9,7.35,15.5
MANAKSIA,2022-12-31,4.74,289.0,32.0,27.0
MANAKSIA,2023-03-31,5.75,306.0,38.0,39.0
MANAKSIA,2023-06-30,3.36,236.0,22.0,30.0
MANAKSIA,2023-09-30,3.53,199.0,24.0,25.0
MANAKSIA,2023-12-31,2.49,152.0,17.0,21.0
MANAKSIA,2024-03-31,2.16,115.0,15.0,19.0
MANAKSIA,2024-06-30,2.6,105.0,19.0,14.0
MANAKSIA,2024-09-30,2.23,169.0,15.0,9.0
MANAKSIA,2024-12-31,1.95,188.0,13.0,17.0
MANAKSIA,2025-03-31,1.76,269.0,11.0,15.0
MANAKSIA,2025-06-30,2.29,173.0,15.0,10.0
MANAKSIA,2025-09-30,1.68,190.0,10.0,7.0
MANAKSIA,2025-12-31,2.22,184.0,15.0,7.0
MANALIPETC,2022-12-31,0.18,238.0,3.0,4.0
MANALIPETC,2023-03-31,-0.03,334.0,0.0,6.0
MANALIPETC,2023-06-30,0.24,301.0,4.0,8.0
MANALIPETC,2023-09-30,0.63,270.0,11.0,15.0
MANALIPETC,2023-12-31,0.17,205.0,3.0,5.0
MANALIPETC,2024-03-31,0.08,256.0,1.0,17.0
MANALIPETC,2024-06-30,0.76,240.0,13.0,21.0
MANALIPETC,2024-09-30,0.01,230.0,0.0,4.0
MANALIPETC,2024-12-31,0.31,196.0,5.0,13.0
MANALIPETC,2025-03-31,0.63,230.0,11.0,21.0
MANALIPETC,2025-06-30,0.83,235.0,14.0,23.0
MANALIPETC,2025-09-30,1.06,248.0,18.0,20.0
MANALIPETC,2025-12-31,3.98,247.0,68.0,14.0
MANAPPURAM,2022-12-31,4.63,,393.0,
MANAPPURAM,2023-03-31,4.88,,415.0,
MANAPPURAM,2023-06-30,5.86,,498.0,
MANAPPURAM,2023-09-30,6.6,,561.0,
MANAPPURAM,2023-12-31,6.77,,575.0,
MANAPPURAM,2024-03-31,6.63,,564.0,
MANAPPURAM,2024-06-30,6.55,,557.0,
MANAPPURAM,2024-09-30,6.74,,572.0,
MANAPPURAM,2024-12-31,3.33,,278.0,
MANAPPURAM,2025-03-31,-2.26,,-203.0,
MANAPPURAM,2025-06-30,1.63,,132.0,
MANAPPURAM,2025-09-30,2.6,,217.0,
MANAPPURAM,2025-12-31,2.85,,239.0,
MANCREDIT,2013-06-30,0.48,,0.29,
MANCREDIT,2018-06-30,1.31,,2.78,
MANCREDIT,2018-09-30,-2.56,,-10.39,
MANCREDIT,2018-12-31,2.65,,7.93,
MANCREDIT,2019-03-31,2.32,,7.22,
MANCREDIT,2019-06-30,0.68,,1.03,
MANCREDIT,2019-09-30,-0.14,,-1.92,
MANCREDIT,2019-12-31,0.76,,1.96,
MANINDS,2022-12-31,6.19,658.0,37.0,59.0
MANINDS,2023-03-31,4.96,598.0,30.0,41.0
MANINDS,2023-06-30,1.87,490.0,11.0,47.0
MANINDS,2023-09-30,6.5,1018.0,39.0,70.0
MANINDS,2023-12-31,5.09,833.0,31.0,65.0
MANINDS,2024-03-31,3.73,811.0,24.0,58.0
MANINDS,2024-06-30,2.94,749.0,19.0,38.0
MANINDS,2024-09-30,4.92,806.0,32.0,64.0
MANINDS,2024-12-31,5.27,732.0,34.0,79.0
MANINDS,2025-03-31,10.53,1218.0,68.0,121.0
MANINDS,2025-06-30,4.11,742.0,28.0,49.0
MANINDS,2025-09-30,4.93,834.0,37.0,121.0
MANINDS,2025-12-31,7.34,830.0,55.0,128.0
MANINFRA,2022-12-31,2.28,457.0,91.0,129.0
MANINFRA,2023-03-31,2.2,680.0,92.0,124.0
MANINFRA,2023-06-30,2.22,510.0,87.0,109.0
MANINFRA,2023-09-30,1.88,215.0,65.0,64.0
MANINFRA,2023-12-31,2.24,242.0,87.0,103.0
MANINFRA,2024-03-31,1.76,297.0,65.0,50.0
MANINFRA,2024-06-30,2.09,342.0,84.0,84.0
MANINFRA,2024-09-30,1.2,230.0,47.0,28.0
MANINFRA,2024-12-31,2.23,242.0,84.0,61.0
MANINFRA,2025-03-31,2.05,294.0,97.0,106.0
MANINFRA,2025-06-30,1.44,183.0,58.0,41.0
MANINFRA,2025-09-30,1.37,149.0,60.0,37.0
MANINFRA,2025-12-31,1.16,153.0,52.0,33.0
MANKIND,2022-12-31,7.09,2091.0,296.0,437.0
MANKIND,2023-03-31,7.13,2053.0,294.0,417.0
MANKIND,2023-06-30,12.15,2579.0,494.0,655.0
MANKIND,2023-09-30,12.51,2708.0,511.0,683.0
MANKIND,2023-12-31,11.33,2607.0,460.0,606.0
MANKIND,2024-03-31,11.76,2422.0,477.0,586.0
MANKIND,2024-06-30,13.39,2868.0,543.0,672.0
MANKIND,2024-09-30,16.31,3061.0,659.0,847.0
MANKIND,2024-12-31,9.22,3199.0,385.0,816.0
MANKIND,2025-03-31,10.2,3079.0,425.0,683.0
MANKIND,2025-06-30,10.62,3570.0,445.0,847.0
MANKIND,2025-09-30,12.39,3697.0,520.0,921.0
MANKIND,2025-12-31,9.9,3567.0,414.0,919.0
MANORAMA,2024-09-30,4.32,195.0,26.0,44.0
MANORAMA,2024-12-31,5.11,209.0,30.0,54.0
MANORAMA,2025-03-31,6.72,233.0,40.0,61.0
MANORAMA,2025-06-30,7.87,290.0,47.0,75.0
MANORAMA,2025-09-30,9.19,323.0,55.0,88.0
MANORAMA,2025-12-31,12.1,363.0,72.0,104.0
MANORG,2022-12-31,0.57,129.7,0.49,8.46
MANORG,2023-03-31,0.67,104.17,0.57,10.34
MANORG,2023-06-30,0.36,108.91,0.31,8.85
MANORG,2023-09-30,0.74,168.9,0.63,9.61
MANORG,2023-12-31,1.05,110.61,0.9,9.99
MANORG,2024-03-31,2.86,105.1,2.45,10.21
MANORG,2024-06-30,1.95,117.99,1.67,10.87
MANORG,2024-09-30,2.51,138.32,2.15,12.34
MANORG,2024-12-31,4.25,123.92,3.64,15.71
MANORG,2025-03-31,6.0,149.79,5.14,19.66
MANORG,2025-06-30,14.28,146.55,12.23,21.61
MANORG,2025-09-30,3.75,158.1,3.21,0.28
MANORG,2025-12-31,5.06,164.3,4.33,19.3
MANUGRAPH,2020-03-31,-2.64,35.05,-8.04,-7.79
MANUGRAPH,2020-06-30,-1.31,3.75,-3.97,-3.8
MANUGRAPH,2020-09-30,-5.57,3.76,-16.93,-6.23
MANUGRAPH,2020-12-31,-1.86,6.18,-5.66,-3.51
MANUGRAPH,2021-03-31,-0.7,16.0,-2.13,-2.13
MANUGRAPH,2021-06-30,-1.3,4.45,-3.94,-3.61
MANUGRAPH,2021-09-30,-1.05,16.15,-3.19,-2.9
MANUGRAPH,2021-12-31,-1.47,12.93,-4.46,-3.59
MANUGRAPH,2022-03-31,-0.78,12.52,-2.36,-2.71
MANUGRAPH,2022-06-30,-1.78,6.02,-5.42,-4.35
MANUGRAPH,2022-09-30,-1.15,25.43,-3.5,-2.74
MANUGRAPH,2022-12-31,-0.02,13.02,-0.07,-6.66
MANUGRAPH,2023-03-31,-0.67,35.1,-2.04,-1.27
MANYAVAR,2021-09-30,2.2,200.0,53.0,91.0
MANYAVAR,2021-12-31,5.27,385.0,128.0,191.0
MANYAVAR,2022-03-31,3.65,296.0,89.0,144.0
MANYAVAR,2022-06-30,4.16,325.0,101.0,163.0
MANYAVAR,2022-09-30,2.84,247.0,69.0,115.0
MANYAVAR,2022-12-31,6.19,441.0,150.0,224.0
MANYAVAR,2023-03-31,4.48,342.0,109.0,168.0
MANYAVAR,2023-06-30,3.79,312.0,92.0,148.0
MANYAVAR,2023-09-30,2.01,218.0,49.0,93.0
MANYAVAR,2023-12-31,6.49,474.0,158.0,242.0
MANYAVAR,2024-03-31,4.77,363.0,116.0,175.0
MANYAVAR,2024-06-30,2.57,240.0,62.0,113.0
MANYAVAR,2024-09-30,2.75,268.0,67.0,122.0
MAPMYINDIA,2022-12-31,5.52,68.0,30.0,28.0
MAPMYINDIA,2023-03-31,5.22,72.0,28.0,29.0
MAPMYINDIA,2023-06-30,6.0,89.0,32.0,37.0
MAPMYINDIA,2023-09-30,6.11,91.0,33.0,40.0
MAPMYINDIA,2023-12-31,5.69,92.0,31.0,35.0
MAPMYINDIA,2024-03-31,7.02,107.0,38.0,40.0
MAPMYINDIA,2024-06-30,6.62,101.0,36.0,42.0
MAPMYINDIA,2024-09-30,5.58,104.0,30.0,37.0
MAPMYINDIA,2024-12-31,5.96,115.0,32.0,41.0
MAPMYINDIA,2025-03-31,8.93,144.0,49.0,55.0
MAPMYINDIA,2025-06-30,8.47,122.0,46.0,54.0
MAPMYINDIA,2025-09-30,3.38,114.0,19.0,26.0
MAPMYINDIA,2025-12-31,3.43,94.0,19.0,25.0
MARATHON,2022-12-31,17.0,278.0,80.0,126.0
MARATHON,2023-03-31,3.5,170.0,16.0,41.0
MARATHON,2023-06-30,9.11,210.0,43.0,61.0
MARATHON,2023-09-30,7.29,129.0,34.0,48.0
MARATHON,2023-12-31,9.8,210.0,51.0,76.0
MARATHON,2024-03-31,7.78,155.0,40.0,47.0
MARATHON,2024-06-30,7.22,162.0,38.0,53.0
MARATHON,2024-09-30,9.46,146.0,49.0,42.0
MARATHON,2024-12-31,9.35,123.0,49.0,36.0
MARATHON,2025-03-31,10.41,149.0,54.0,41.0
MARATHON,2025-06-30,11.69,141.0,62.0,31.0
MARATHON,2025-09-30,9.8,117.0,67.0,42.0
MARATHON,2025-12-31,4.8,125.0,33.0,25.0
MARICO,2022-12-31,2.54,2470.0,333.0,456.0
MARICO,2023-03-31,2.34,2240.0,305.0,393.0
MARICO,2023-06-30,3.3,2477.0,436.0,574.0
MARICO,2023-09-30,2.73,2476.0,360.0,497.0
MARICO,2023-12-31,2.96,2422.0,386.0,513.0
MARICO,2024-03-31,2.46,2278.0,320.0,442.0
MARICO,2024-06-30,3.58,2643.0,474.0,626.0
MARICO,2024-09-30,3.27,2664.0,433.0,522.0
MARICO,2024-12-31,3.08,2794.0,406.0,533.0
MARICO,2025-03-31,2.65,2730.0,345.0,458.0
MARICO,2025-06-30,3.89,3259.0,513.0,655.0
MARICO,2025-09-30,3.24,3482.0,432.0,560.0
MARICO,2025-12-31,3.44,3537.0,460.0,592.0
MARINE,2022-12-31,0.6,127.0,7.0,14.0
MARINE,2023-03-31,0.33,143.0,4.0,11.0
MARINE,2023-06-30,0.28,101.0,4.0,10.0
MARINE,2023-09-30,0.37,137.0,5.0,10.0
MARINE,2023-12-31,0.38,147.0,5.0,11.0
MARINE,2024-03-31,0.96,237.0,12.0,20.0
MARINE,2024-06-30,0.54,138.0,7.0,13.0
MARINE,2024-09-30,0.92,184.0,13.0,21.0
MARINE,2024-12-31,0.38,194.0,5.0,11.0
MARINE,2025-03-31,0.97,251.0,14.0,22.0
MARINE,2025-06-30,0.84,167.0,12.0,17.0
MARINE,2025-09-30,1.2,222.0,17.0,26.0
MARINE,2025-12-31,0.85,210.0,12.0,20.0
MARKOLINES,2024-06-30,0.78,50.36,1.73,4.8
MARKOLINES,2024-09-30,1.1,55.5,2.41,6.07
MARKOLINES,2024-12-31,2.86,80.06,6.29,7.54
MARKOLINES,2025-03-31,5.59,121.51,12.29,19.72
MARKOLINES,2025-06-30,1.72,72.72,3.79,6.83
MARKOLINES,2025-09-30,1.85,77.67,4.08,7.13
MARKOLINES,2025-12-31,3.18,92.95,7.0,10.09
MARKSANS,2022-12-31,1.57,480.0,62.0,77.0
MARKSANS,2023-03-31,1.81,486.0,83.0,110.0
MARKSANS,2023-06-30,1.52,500.0,70.0,102.0
MARKSANS,2023-09-30,1.84,531.0,84.0,114.0
MARKSANS,2023-12-31,1.84,586.0,83.0,133.0
MARKSANS,2024-03-31,1.73,560.0,78.0,110.0
MARKSANS,2024-06-30,1.96,591.0,89.0,128.0
MARKSANS,2024-09-30,2.13,642.0,98.0,147.0
MARKSANS,2024-12-31,2.31,682.0,105.0,139.0
MARKSANS,2025-03-31,2.0,708.0,91.0,127.0
MARKSANS,2025-06-30,1.29,620.0,58.0,100.0
MARKSANS,2025-09-30,2.17,720.0,99.0,144.0
MARKSANS,2025-12-31,2.5,754.0,114.0,161.0
MARSONS,2018-06-30,-0.32,0.24,-0.79,-0.71
MARSONS,2018-09-30,-7.92,0.11,-19.79,-20.08
MARSONS,2018-12-31,0.32,0.0,0.79,0.0
MARSONS,2019-03-31,0.12,0.0,0.3,-0.68
MARSONS,2023-12-31,0.01,0.65,0.15,0.32
MARSONS,2024-03-31,0.03,3.77,0.45,0.6
MARSONS,2024-06-30,0.3,29.88,5.24,5.05
MARSONS,2024-09-30,0.43,38.51,7.47,5.81
MARSONS,2024-12-31,0.37,44.17,6.32,4.17
MARSONS,2025-03-31,0.52,55.8,8.99,10.13
MARSONS,2025-06-30,0.47,47.03,8.03,7.31
MARSONS,2025-09-30,0.53,59.8,9.2,8.57
MARSONS,2025-12-31,0.38,45.94,6.48,6.87
MARUTI,2023-03-31,88.97,32214.0,2688.0,3894.0
MARUTI,2023-06-30,84.18,32535.0,2543.0,3520.0
MARUTI,2023-09-30,125.34,37339.0,3786.0,5312.0
MARUTI,2023-12-31,102.0,33513.0,3207.0,4440.0
MARUTI,2024-03-31,125.71,38471.0,3952.0,5221.0
MARUTI,2024-06-30,119.58,35779.0,3760.0,5107.0
MARUTI,2024-09-30,98.68,37449.0,3102.0,4999.0
MARUTI,2024-12-31,118.54,38764.0,3727.0,5076.0
MARUTI,2025-03-31,124.4,40920.0,3911.0,4844.0
MARUTI,2025-06-30,120.62,38605.0,3792.0,4623.0
MARUTI,2025-09-30,106.52,42344.0,3349.0,5086.0
MARUTI,2025-12-31,123.38,49904.0,3879.0,5573.0
MARUTI,2026-03-31,116.38,52462.0,3659.0,6158.0
MASFIN,2023-03-31,3.43,,57.0,
MASFIN,2023-06-30,3.47,,58.0,
MASFIN,2023-09-30,3.73,,62.0,
MASFIN,2023-12-31,3.88,,64.0,
MASFIN,2024-03-31,4.23,,70.0,
MASFIN,2024-06-30,3.95,,73.0,
MASFIN,2024-09-30,4.23,,78.0,
MASFIN,2024-12-31,4.38,,80.0,
MASFIN,2025-03-31,4.54,,83.0,
MASFIN,2025-06-30,4.71,,87.0,
MASFIN,2025-09-30,4.98,,91.0,
MASFIN,2025-12-31,5.08,,93.0,
MASFIN,2026-03-31,5.68,,104.0,
MASTEK,2023-03-31,23.77,709.0,73.0,126.0
MASTEK,2023-06-30,22.91,725.0,74.0,127.0
MASTEK,2023-09-30,20.5,766.0,65.0,123.0
MASTEK,2023-12-31,24.56,784.0,78.0,134.0
MASTEK,2024-03-31,29.85,780.0,94.0,125.0
MASTEK,2024-06-30,23.18,813.0,72.0,124.0
MASTEK,2024-09-30,41.68,867.0,129.0,143.0
MASTEK,2024-12-31,30.67,870.0,95.0,141.0
MASTEK,2025-03-31,26.2,905.0,81.0,139.0
MASTEK,2025-06-30,29.75,915.0,92.0,137.0
MASTEK,2025-09-30,31.46,940.0,97.0,146.0
MASTEK,2025-12-31,34.96,906.0,108.0,152.0
MASTEK,2026-03-31,34.24,938.0,106.0,151.0
MASTERTR,2022-12-31,1.72,87.0,19.0,32.0
MASTERTR,2023-03-31,1.53,91.0,17.0,33.0
MASTERTR,2023-06-30,1.76,92.0,19.0,37.0
MASTERTR,2023-09-30,2.14,120.0,23.0,46.0
MASTERTR,2023-12-31,2.55,124.0,28.0,53.0
MASTERTR,2024-03-31,3.48,164.0,38.0,69.0
MASTERTR,2024-06-30,3.14,160.0,35.0,62.0
MASTERTR,2024-09-30,3.28,154.0,37.0,64.0
MASTERTR,2024-12-31,3.13,148.0,35.0,64.0
MASTERTR,2025-03-31,2.19,122.0,25.0,53.0
MASTERTR,2025-06-30,2.41,132.0,27.0,52.0
MASTERTR,2025-09-30,2.55,127.0,31.0,59.0
MASTERTR,2025-12-31,2.56,137.0,32.0,61.0
MATRIMONY,2022-12-31,5.21,110.38,11.6,12.47
MATRIMONY,2023-03-31,5.12,114.51,11.4,16.69
MATRIMONY,2023-06-30,6.37,123.28,14.17,20.49
MATRIMONY,2023-09-30,5.63,121.6,12.53,18.12
MATRIMONY,2023-12-31,4.99,117.26,11.11,16.61
MATRIMONY,2024-03-31,5.27,119.23,11.73,16.82
MATRIMONY,2024-06-30,6.28,120.59,13.97,20.14
MATRIMONY,2024-09-30,5.91,115.5,13.16,17.31
MATRIMONY,2024-12-31,4.62,111.43,9.97,13.65
MATRIMONY,2025-03-31,3.79,108.32,8.18,7.05
MATRIMONY,2025-06-30,3.9,115.33,8.4,12.43
MATRIMONY,2025-09-30,3.6,114.59,7.76,12.04
MATRIMONY,2025-12-31,3.85,113.24,8.3,12.38
MAWANASUG,2022-12-31,1.36,481.84,5.31,19.49
MAWANASUG,2023-03-31,13.33,350.33,52.14,81.13
MAWANASUG,2023-06-30,-3.99,326.14,-15.62,-3.47
MAWANASUG,2023-09-30,-2.92,380.77,-11.42,-28.65
MAWANASUG,2023-12-31,4.5,325.99,17.61,41.12
MAWANASUG,2024-03-31,12.04,322.19,47.08,81.4
MAWANASUG,2024-06-30,-1.17,386.69,-4.57,14.58
MAWANASUG,2024-09-30,-5.16,382.5,-20.19,-10.46
MAWANASUG,2024-12-31,18.54,334.44,72.51,29.08
MAWANASUG,2025-03-31,15.77,342.86,61.67,88.83
MAWANASUG,2025-06-30,-3.46,400.53,-13.54,-0.59
MAWANASUG,2025-09-30,-4.12,428.97,-16.13,-10.13
MAWANASUG,2025-12-31,1.0,367.03,3.93,27.78
MAXESTATES,2022-12-31,,29.28,3.88,7.08
MAXESTATES,2023-03-31,,23.31,4.6,7.6
MAXESTATES,2023-06-30,,18.28,-38.37,3.15
MAXESTATES,2023-09-30,0.01,20.49,-4.51,0.57
MAXESTATES,2023-12-31,-0.21,24.17,-7.51,6.27
MAXESTATES,2024-03-31,-0.1,30.01,-4.73,7.81
MAXESTATES,2024-06-30,0.11,40.49,-2.0,15.23
MAXESTATES,2024-09-30,0.13,40.18,-1.38,8.54
MAXESTATES,2024-12-31,1.23,40.04,15.82,11.57
MAXESTATES,2025-03-31,1.08,39.78,13.99,9.06
MAXESTATES,2025-06-30,0.71,51.47,11.94,13.91
MAXESTATES,2025-09-30,0.45,48.77,7.82,10.09
MAXESTATES,2025-12-31,-0.07,49.77,0.0,2.93
MAXHEALTH,2022-12-31,2.29,1142.0,222.0,314.0
MAXHEALTH,2023-03-31,2.58,1215.0,251.0,340.0
MAXHEALTH,2023-06-30,2.47,1285.0,240.0,337.0
MAXHEALTH,2023-09-30,2.85,1363.0,277.0,387.0
MAXHEALTH,2023-12-31,2.98,1335.0,289.0,386.0
MAXHEALTH,2024-03-31,2.59,1423.0,252.0,382.0
MAXHEALTH,2024-06-30,2.43,1543.0,236.0,387.0
MAXHEALTH,2024-09-30,2.9,1707.0,282.0,451.0
MAXHEALTH,2024-12-31,2.46,1868.0,239.0,499.0
MAXHEALTH,2025-03-31,3.28,1910.0,319.0,512.0
MAXHEALTH,2025-06-30,3.17,2028.0,308.0,523.0
MAXHEALTH,2025-09-30,5.05,2135.0,491.0,575.0
MAXHEALTH,2025-12-31,3.09,2068.0,301.0,538.0
MAXIND,2022-12-31,-0.05,43.0,0.0,-3.0
MAXIND,2023-03-31,-0.82,56.0,-4.0,1.0
MAXIND,2023-06-30,-2.38,41.0,-12.0,-12.0
MAXIND,2023-09-30,-0.91,49.0,-5.0,-5.0
MAXIND,2023-12-31,-3.48,41.0,-18.0,-17.0
MAXIND,2024-03-31,-4.2,45.0,-22.0,-21.0
MAXIND,2024-06-30,-5.25,26.0,-27.0,-28.0
MAXIND,2024-09-30,-4.42,43.0,-23.0,-21.0
MAXIND,2024-12-31,-8.68,35.0,-45.0,-30.0
MAXIND,2025-03-31,-8.88,42.0,-46.0,-41.0
MAXIND,2025-06-30,-4.91,37.0,-26.0,-28.0
MAXIND,2025-09-30,-6.52,45.0,-34.0,-31.0
MAXIND,2025-12-31,-8.17,43.0,-43.0,-36.0
MAYURUNIQ,2022-12-31,6.04,178.0,27.0,34.0
MAYURUNIQ,2023-03-31,5.32,193.0,23.0,35.0
MAYURUNIQ,2023-06-30,6.95,201.0,31.0,39.0
MAYURUNIQ,2023-09-30,7.38,203.0,32.0,43.0
MAYURUNIQ,2023-12-31,6.21,178.0,27.0,35.0
MAYURUNIQ,2024-03-31,7.33,221.0,32.0,41.0
MAYURUNIQ,2024-06-30,8.5,213.0,37.0,48.0
MAYURUNIQ,2024-09-30,9.17,208.0,40.0,43.0
MAYURUNIQ,2024-12-31,7.04,208.0,31.0,47.0
MAYURUNIQ,2025-03-31,9.55,251.0,42.0,53.0
MAYURUNIQ,2025-06-30,9.37,216.0,41.0,43.0
MAYURUNIQ,2025-09-30,9.4,240.0,41.0,50.0
MAYURUNIQ,2025-12-31,11.67,237.0,51.0,56.0
MAZDOCK,2023-03-31,8.09,2079.0,326.0,211.0
MAZDOCK,2023-06-30,7.79,2173.0,314.0,172.0
MAZDOCK,2023-09-30,8.25,1828.0,333.0,177.0
MAZDOCK,2023-12-31,15.54,2362.0,627.0,539.0
MAZDOCK,2024-03-31,16.43,3104.0,663.0,524.0
MAZDOCK,2024-06-30,17.26,2357.0,696.0,642.0
MAZDOCK,2024-09-30,14.5,2757.0,585.0,511.0
MAZDOCK,2024-12-31,20.01,3144.0,807.0,817.0
MAZDOCK,2025-03-31,8.06,3174.0,325.0,119.0
MAZDOCK,2025-06-30,11.21,2626.0,452.0,302.0
MAZDOCK,2025-09-30,18.58,2929.0,749.0,695.0
MAZDOCK,2025-12-31,21.81,3601.0,880.0,887.0
MAZDOCK,2026-03-31,16.84,3850.0,674.0,543.0
MBEL,2024-06-30,1.39,140.0,7.0,13.0
MBEL,2024-09-30,4.77,207.0,24.0,39.0
MBEL,2024-12-31,3.55,328.0,18.0,33.0
MBEL,2025-03-31,5.7,314.0,29.0,42.0
MBEL,2025-06-30,3.59,238.0,18.0,29.0
MBEL,2025-09-30,3.88,307.0,22.0,34.0
MBEL,2025-12-31,4.46,352.0,25.0,40.0
MCCHRLS-B,2022-12-31,-4.93,2.0,-6.0,-1.0
MCCHRLS-B,2023-03-31,-8.42,2.0,-11.0,-1.0
MCCHRLS-B,2023-06-30,-8.12,2.0,-11.0,-1.0
MCCHRLS-B,2023-09-30,-9.38,4.0,-12.0,1.0
MCCHRLS-B,2023-12-31,-16.76,2.0,-22.0,-7.0
MCCHRLS-B,2024-03-31,-16.26,2.0,-21.0,-6.0
MCCHRLS-B,2024-06-30,-17.47,2.0,-23.0,-7.0
MCCHRLS-B,2024-09-30,-18.21,3.0,-24.0,-6.0
MCCHRLS-B,2024-12-31,-17.19,3.0,-23.0,-7.0
MCCHRLS-B,2025-03-31,-27.87,2.0,-37.0,-9.0
MCCHRLS-B,2025-06-30,-15.98,22.0,-21.0,13.0
MCCHRLS-B,2025-09-30,-12.64,24.0,-17.0,17.0
MCCHRLS-B,2025-12-31,-48.43,33.0,-63.0,24.0
MCLOUD,2022-12-31,0.31,133.0,17.0,34.0
MCLOUD,2023-03-31,0.31,115.0,18.0,32.0
MCLOUD,2023-06-30,0.33,138.0,19.0,39.0
MCLOUD,2023-09-30,0.38,154.0,22.0,41.0
MCLOUD,2023-12-31,0.39,131.0,23.0,51.0
MCLOUD,2024-03-31,0.67,137.0,39.0,54.0
MCLOUD,2024-06-30,0.45,132.0,27.0,53.0
MCLOUD,2024-09-30,0.42,157.0,24.0,52.0
MCLOUD,2024-12-31,0.5,151.0,29.0,56.0
MCLOUD,2025-03-31,0.38,156.0,23.0,45.0
MCLOUD,2025-06-30,0.47,164.0,28.0,57.0
MCLOUD,2025-09-30,0.48,164.0,28.0,54.0
MCLOUD,2025-12-31,0.5,164.0,29.0,53.0
MCX,2022-12-31,1.52,144.0,39.0,32.0
MCX,2023-03-31,0.21,134.0,5.0,0.0
MCX,2023-06-30,0.77,146.0,20.0,9.0
MCX,2023-09-30,-0.75,165.0,-19.0,-30.0
MCX,2023-12-31,-0.21,192.0,-5.0,-21.0
MCX,2024-03-31,3.45,181.0,88.0,102.0
MCX,2024-06-30,4.35,234.0,111.0,133.0
MCX,2024-09-30,6.02,286.0,154.0,179.0
MCX,2024-12-31,6.28,301.0,160.0,193.0
MCX,2025-03-31,5.31,291.0,135.0,160.0
MCX,2025-06-30,7.97,373.0,203.0,241.0
MCX,2025-09-30,7.74,374.0,197.0,242.0
MCX,2025-12-31,15.73,666.0,401.0,494.0
MEDANTA,2022-12-31,3.01,694.0,81.0,160.0
MEDANTA,2023-03-31,3.77,707.0,101.0,167.0
MEDANTA,2023-06-30,3.8,780.0,102.0,184.0
MEDANTA,2023-09-30,4.66,844.0,125.0,213.0
MEDANTA,2023-12-31,4.61,836.0,124.0,216.0
MEDANTA,2024-03-31,4.74,809.0,127.0,179.0
MEDANTA,2024-06-30,3.96,861.0,106.0,186.0
MEDANTA,2024-09-30,4.87,957.0,131.0,228.0
MEDANTA,2024-12-31,5.32,943.0,143.0,238.0
MEDANTA,2025-03-31,3.78,931.0,101.0,225.0
MEDANTA,2025-06-30,5.92,1031.0,159.0,247.0
MEDANTA,2025-09-30,5.89,1099.0,158.0,231.0
MEDANTA,2025-12-31,3.54,1121.0,95.0,217.0
MEDIASSIST,2022-12-31,3.13,125.47,21.53,30.69
MEDIASSIST,2023-03-31,2.3,136.01,15.84,30.67
MEDIASSIST,2023-06-30,2.58,140.82,17.86,22.45
MEDIASSIST,2023-12-31,2.98,165.98,21.19,33.9
MEDIASSIST,2024-03-31,3.58,166.79,25.52,37.01
MEDIASSIST,2024-06-30,2.68,167.71,18.95,35.22
MEDIASSIST,2024-09-30,2.99,180.77,21.01,38.45
MEDIASSIST,2024-12-31,4.19,185.97,29.97,39.69
MEDIASSIST,2025-03-31,3.05,188.87,21.59,40.75
MEDIASSIST,2025-06-30,3.18,190.56,22.63,42.01
MEDIASSIST,2025-09-30,1.13,232.55,8.07,39.71
MEDIASSIST,2025-12-31,0.56,239.68,4.14,44.63
MEDICAMEQ,2022-12-31,2.97,35.58,3.77,5.87
MEDICAMEQ,2023-03-31,3.07,38.67,3.77,6.49
MEDICAMEQ,2023-06-30,3.3,41.94,3.95,6.95
MEDICAMEQ,2023-09-30,1.19,43.54,1.47,4.65
MEDICAMEQ,2023-12-31,1.9,46.5,2.03,4.9
MEDICAMEQ,2024-03-31,1.68,47.32,2.04,5.75
MEDICAMEQ,2024-06-30,1.06,43.05,0.8,3.45
MEDICAMEQ,2024-09-30,1.15,44.74,0.91,5.31
MEDICAMEQ,2024-12-31,2.73,45.14,2.92,6.71
MEDICAMEQ,2025-03-31,1.89,29.61,1.85,-1.61
MEDICAMEQ,2025-06-30,1.59,43.04,1.6,4.61
MEDICAMEQ,2025-09-30,1.97,47.17,2.12,5.16
MEDICAMEQ,2025-12-31,1.61,46.91,1.64,4.38
MEDPLUS,2022-12-31,1.12,1190.0,13.0,72.0
MEDPLUS,2023-03-31,2.23,1253.0,27.0,82.0
MEDPLUS,2023-06-30,0.32,1284.0,4.0,71.0
MEDPLUS,2023-09-30,1.22,1409.0,15.0,85.0
MEDPLUS,2023-12-31,1.15,1441.0,14.0,92.0
MEDPLUS,2024-03-31,2.79,1490.0,34.0,106.0
MEDPLUS,2024-06-30,1.2,1489.0,14.0,94.0
MEDPLUS,2024-09-30,3.24,1576.0,39.0,124.0
MEDPLUS,2024-12-31,3.83,1561.0,46.0,133.0
MEDPLUS,2025-03-31,4.29,1510.0,51.0,136.0
MEDPLUS,2025-06-30,3.54,1543.0,42.0,131.0
MEDPLUS,2025-09-30,4.63,1679.0,56.0,149.0
MEDPLUS,2025-12-31,4.82,1806.0,58.0,159.0
MEESHO,2024-12-31,-4.44,2679.0,-37.0,-131.0
MEESHO,2025-06-30,-1.49,2504.0,-289.0,-264.0
MEESHO,2025-09-30,-2.11,3074.0,-411.0,-456.0
MEESHO,2025-12-31,-1.09,3518.0,-491.0,-539.0
MEGASTAR,2022-12-31,3.24,66.57,3.24,6.52
MEGASTAR,2023-03-31,3.97,114.5,3.97,6.7
MEGASTAR,2023-06-30,2.08,70.85,2.08,3.68
MEGASTAR,2023-09-30,2.03,68.87,2.03,3.7
MEGASTAR,2023-12-31,1.36,72.57,1.36,3.73
MEGASTAR,2024-03-31,0.75,62.64,0.85,2.28
MEGASTAR,2024-06-30,0.38,56.92,0.43,1.93
MEGASTAR,2024-09-30,1.3,84.77,1.47,4.24
MEGASTAR,2024-12-31,0.4,92.7,0.45,5.91
MEGASTAR,2025-03-31,1.16,121.38,1.31,9.71
MEGASTAR,2025-06-30,1.41,107.34,1.59,6.79
MEGASTAR,2025-09-30,2.11,137.97,2.38,9.15
MEGASTAR,2025-12-31,2.71,141.21,3.06,9.47
MENNPIS,2022-12-31,1.32,63.84,6.71,11.47
MENNPIS,2023-03-31,1.07,62.77,5.47,11.11
MENNPIS,2023-06-30,1.52,72.35,7.74,13.23
MENNPIS,2023-09-30,1.4,64.4,7.12,12.07
MENNPIS,2023-12-31,0.85,59.22,4.35,9.99
MENNPIS,2024-03-31,1.42,60.74,7.24,11.27
MENNPIS,2024-06-30,1.39,69.4,7.07,13.2
MENNPIS,2024-09-30,1.32,65.39,6.71,11.9
MENNPIS,2024-12-31,1.14,63.11,5.82,10.53
MENNPIS,2025-03-31,0.83,55.76,4.25,8.7
MENNPIS,2025-06-30,1.52,80.29,7.77,13.52
MENNPIS,2025-09-30,1.36,74.54,6.95,12.6
MENNPIS,2025-12-31,1.26,76.1,6.43,12.54
MENONBE,2022-12-31,1.38,49.65,7.75,12.49
MENONBE,2023-03-31,1.62,53.87,9.06,13.61
MENONBE,2023-06-30,1.29,55.53,7.24,12.37
MENONBE,2023-09-30,1.07,50.72,5.97,10.16
MENONBE,2023-12-31,0.98,51.49,5.47,9.51
MENONBE,2024-03-31,1.0,53.62,5.62,9.96
MENONBE,2024-06-30,1.1,57.69,6.16,10.67
MENONBE,2024-09-30,1.2,59.39,6.7,11.5
MENONBE,2024-12-31,0.98,58.39,5.47,9.75
MENONBE,2025-03-31,1.18,63.82,6.61,10.01
MENONBE,2025-06-30,1.5,67.21,8.43,12.92
MENONBE,2025-09-30,1.21,62.51,6.79,9.79
MENONBE,2025-12-31,1.65,76.91,9.25,14.46
MERCANTILE,2022-12-31,0.22,12.47,2.27,0.93
MERCANTILE,2023-03-31,0.85,13.06,10.74,0.31
MERCANTILE,2023-06-30,-1.05,13.68,-7.32,0.88
MERCANTILE,2023-09-30,0.13,15.19,1.26,0.97
MERCANTILE,2023-12-31,-0.45,16.13,-9.08,1.0
MERCANTILE,2024-03-31,-0.12,15.39,-1.28,-2.76
MERCANTILE,2024-06-30,0.5,16.74,6.76,-0.05
MERCANTILE,2024-09-30,0.07,17.84,0.96,0.68
MERCANTILE,2024-12-31,0.17,18.34,1.59,0.66
MERCANTILE,2025-03-31,0.81,19.26,6.99,0.05
MERCANTILE,2025-06-30,-0.08,21.08,-0.7,-0.31
MERCANTILE,2025-09-30,0.13,23.51,-0.06,0.55
MERCANTILE,2025-12-31,0.26,25.07,0.81,0.44
METROBRAND,2022-12-31,4.12,599.0,113.0,205.0
METROBRAND,2023-03-31,2.52,544.0,69.0,144.0
METROBRAND,2023-06-30,3.42,583.0,94.0,187.0
METROBRAND,2023-09-30,2.45,556.0,68.0,155.0
METROBRAND,2023-12-31,3.6,636.0,99.0,199.0
METROBRAND,2024-03-31,5.71,583.0,156.0,159.0
METROBRAND,2024-06-30,3.37,576.0,92.0,180.0
METROBRAND,2024-09-30,2.56,585.0,72.0,155.0
METROBRAND,2024-12-31,3.48,703.0,95.0,225.0
METROBRAND,2025-03-31,3.48,643.0,95.0,197.0
METROBRAND,2025-06-30,3.62,628.0,99.0,194.0
METROBRAND,2025-09-30,2.49,651.0,69.0,171.0
METROBRAND,2025-12-31,4.71,811.0,130.0,265.0
METROGLOBL,2022-12-31,2.68,40.18,3.3,4.17
METROGLOBL,2023-03-31,5.83,75.85,7.19,5.33
METROGLOBL,2023-06-30,1.56,47.04,1.92,2.84
METROGLOBL,2023-09-30,1.78,61.26,2.2,2.43
METROGLOBL,2023-12-31,3.25,68.24,4.01,2.44
METROGLOBL,2024-03-31,6.61,58.25,8.15,3.25
METROGLOBL,2024-06-30,5.78,69.91,7.13,4.68
METROGLOBL,2024-09-30,3.2,69.14,3.95,2.77
METROGLOBL,2024-12-31,1.77,56.79,2.18,2.84
METROGLOBL,2025-03-31,-3.09,43.56,-3.81,5.18
METROGLOBL,2025-06-30,3.22,64.63,3.97,3.3
METROGLOBL,2025-09-30,4.18,69.39,3.78,4.23
METROGLOBL,2025-12-31,3.9,64.89,5.89,4.88
METROPOLIS,2022-12-31,1.75,285.0,36.0,70.0
METROPOLIS,2023-03-31,1.63,283.0,33.0,70.0
METROPOLIS,2023-06-30,1.41,277.0,29.0,63.0
METROPOLIS,2023-09-30,1.73,308.0,36.0,75.0
METROPOLIS,2023-12-31,1.33,291.0,27.0,65.0
METROPOLIS,2024-03-31,1.78,331.0,37.0,80.0
METROPOLIS,2024-06-30,1.85,313.0,38.0,79.0
METROPOLIS,2024-09-30,2.27,350.0,47.0,90.0
METROPOLIS,2024-12-31,1.53,323.0,31.0,72.0
METROPOLIS,2025-03-31,1.41,345.0,29.0,62.0
METROPOLIS,2025-06-30,2.17,386.0,45.0,90.0
METROPOLIS,2025-09-30,2.54,429.0,53.0,108.0
METROPOLIS,2025-12-31,2.0,406.0,42.0,95.0
MFML,2023-06-30,,34.33,-1.95,-0.81
MFML,2023-09-30,,39.39,0.1,0.72
MFML,2023-12-31,,48.71,0.33,1.71
MFML,2024-03-31,,43.07,2.94,3.21
MFML,2024-06-30,0.16,39.16,0.17,1.16
MFML,2024-09-30,1.49,47.85,1.58,3.7
MFML,2024-12-31,-1.01,39.16,-1.07,-1.7
MFML,2025-03-31,6.81,26.36,7.23,-1.7
MFML,2025-06-30,2.44,33.52,2.59,2.78
MFML,2025-09-30,-3.2,31.62,-3.4,2.21
MFML,2025-12-31,-0.72,31.53,-0.76,2.67
MFSL,2022-12-31,6.52,8896.0,269.0,322.0
MFSL,2023-03-31,1.33,9929.0,52.0,64.0
MFSL,2023-06-30,2.54,9168.0,101.0,125.0
MFSL,2023-09-30,4.29,10165.0,170.0,144.0
MFSL,2023-12-31,4.3,12356.0,171.0,209.0
MFSL,2024-03-31,-1.28,14888.0,-50.0,-57.0
MFSL,2024-06-30,3.69,11799.0,156.0,190.0
MFSL,2024-09-30,3.26,13372.0,139.0,173.0
MFSL,2024-12-31,1.62,8923.0,70.0,89.0
MFSL,2025-03-31,0.91,12376.0,38.0,20.0
MFSL,2025-06-30,2.02,12822.0,86.0,119.0
MFSL,2025-09-30,0.12,9792.0,6.0,21.0
MFSL,2025-12-31,1.06,14259.0,45.0,78.0
MGEL,2023-03-31,0.24,333.0,8.0,13.0
MGEL,2023-06-30,0.14,324.0,5.0,10.0
MGEL,2023-09-30,0.03,440.0,1.0,4.0
MGEL,2023-12-31,0.09,532.0,3.0,6.0
MGEL,2024-03-31,0.36,542.0,12.0,16.0
MGEL,2024-06-30,0.18,680.0,6.0,11.0
MGEL,2024-09-30,0.17,563.0,6.0,14.0
MGEL,2024-12-31,0.19,502.0,6.0,11.0
MGEL,2025-03-31,0.16,537.0,5.0,8.0
MGEL,2025-06-30,0.2,859.0,6.0,13.0
MGEL,2025-09-30,0.54,706.0,18.0,11.0
MGEL,2025-12-31,0.26,756.0,9.0,13.0
MGEL,2026-03-31,0.38,1064.0,12.0,24.0
MGL,2022-12-31,17.42,1671.0,172.0,256.0
MGL,2023-03-31,27.21,1610.0,269.0,390.0
MGL,2023-06-30,37.3,1538.0,368.0,521.0
MGL,2023-09-30,34.27,1571.0,338.0,479.0
MGL,2023-12-31,32.11,1569.0,317.0,449.0
MGL,2024-03-31,26.38,1613.0,261.0,395.0
MGL,2024-06-30,29.24,1666.0,289.0,437.0
MGL,2024-09-30,29.03,1786.0,287.0,413.0
MGL,2024-12-31,22.4,1847.0,221.0,325.0
MGL,2025-03-31,25.01,1964.0,247.0,394.0
MGL,2025-06-30,32.26,2083.0,319.0,500.0
MGL,2025-09-30,19.37,2050.0,191.0,336.0
MGL,2025-12-31,20.36,2060.0,201.0,351.0
MHLXMIRU,2020-12-31,1.44,39.13,1.92,5.08
MHLXMIRU,2021-03-31,1.9,56.29,2.53,5.64
MHLXMIRU,2021-06-30,1.1,35.24,1.46,3.61
MHLXMIRU,2021-09-30,1.03,45.98,1.37,4.03
MHLXMIRU,2021-12-31,1.35,50.0,1.43,3.97
MHLXMIRU,2022-03-31,2.86,66.09,3.03,6.11
MHLXMIRU,2022-06-30,1.9,59.54,2.01,3.26
MHLXMIRU,2022-09-30,1.75,66.77,1.86,4.75
MHLXMIRU,2022-12-31,1.99,66.25,2.11,5.35
MHLXMIRU,2023-03-31,2.33,74.93,2.47,5.36
MHLXMIRU,2023-06-30,1.48,65.19,1.57,4.19
MHLXMIRU,2023-09-30,2.65,70.03,2.81,4.98
MHLXMIRU,2023-12-31,2.13,74.76,2.26,5.19
MHRIL,2023-03-31,2.8,712.0,56.0,165.0
MHRIL,2023-06-30,0.01,614.0,1.0,84.0
MHRIL,2023-09-30,1.06,655.0,21.0,136.0
MHRIL,2023-12-31,0.58,635.0,11.0,105.0
MHRIL,2024-03-31,4.08,800.0,83.0,187.0
MHRIL,2024-06-30,0.29,653.0,6.0,105.0
MHRIL,2024-09-30,0.68,671.0,11.0,123.0
MHRIL,2024-12-31,1.72,678.0,35.0,146.0
MHRIL,2025-03-31,3.62,779.0,73.0,204.0
MHRIL,2025-06-30,0.39,701.0,7.0,122.0
MHRIL,2025-09-30,0.88,717.0,17.0,152.0
MHRIL,2025-12-31,0.11,753.0,1.0,144.0
MHRIL,2026-03-31,2.06,820.0,41.0,197.0
MICEL,2023-03-31,0.11,11.0,2.0,2.0
MICEL,2023-06-30,0.06,8.0,1.0,2.0
MICEL,2023-09-30,0.39,10.0,9.0,3.0
MICEL,2023-12-31,0.12,17.0,3.0,3.0
MICEL,2024-03-31,2.24,23.0,50.0,5.0
MICEL,2024-06-30,0.08,11.0,2.0,3.0
MICEL,2024-09-30,0.09,27.0,2.0,4.0
MICEL,2024-12-31,0.09,12.0,2.0,3.0
MICEL,2025-03-31,0.15,45.0,4.0,8.0
MICEL,2025-06-30,0.07,12.0,2.0,4.0
MICEL,2025-09-30,0.09,38.0,2.0,4.0
MICEL,2025-12-31,0.08,90.0,2.0,4.0
MICEL,2026-03-31,-0.76,51.0,-18.0,13.0
MIDHANI,2022-12-31,2.06,231.0,39.0,66.0
MIDHANI,2023-03-31,3.54,345.0,66.0,100.0
MIDHANI,2023-06-30,1.0,188.0,19.0,42.0
MIDHANI,2023-09-30,0.74,227.0,14.0,36.0
MIDHANI,2023-12-31,0.68,252.0,13.0,36.0
MIDHANI,2024-03-31,2.47,406.0,46.0,80.0
MIDHANI,2024-06-30,0.28,163.0,5.0,23.0
MIDHANI,2024-09-30,1.27,262.0,24.0,49.0
MIDHANI,2024-12-31,1.36,238.0,26.0,52.0
MIDHANI,2025-03-31,3.0,411.0,56.0,93.0
MIDHANI,2025-06-30,0.69,170.0,13.0,34.0
MIDHANI,2025-09-30,0.69,210.0,13.0,33.0
MIDHANI,2025-12-31,1.48,276.0,28.0,55.0
MIDWESTLTD,2024-09-30,4.4,141.0,15.0,31.0
MIDWESTLTD,2024-12-31,4.18,117.0,15.0,23.0
MIDWESTLTD,2025-06-30,6.86,142.0,24.0,39.0
MIDWESTLTD,2025-09-30,8.22,159.0,28.0,47.0
MIDWESTLTD,2025-12-31,5.06,129.0,17.0,31.0
MINDACORP,2022-12-31,2.19,1068.0,52.0,114.0
MINDACORP,2023-03-31,5.1,1075.0,122.0,117.0
MINDACORP,2023-06-30,1.89,1075.0,45.0,115.0
MINDACORP,2023-09-30,2.46,1196.0,59.0,131.0
MINDACORP,2023-12-31,2.2,1166.0,52.0,130.0
MINDACORP,2024-03-31,2.96,1215.0,71.0,139.0
MINDACORP,2024-06-30,2.69,1192.0,64.0,132.0
MINDACORP,2024-09-30,3.11,1290.0,74.0,147.0
MINDACORP,2024-12-31,2.71,1253.0,65.0,144.0
MINDACORP,2025-03-31,2.18,1321.0,52.0,153.0
MINDACORP,2025-06-30,2.73,1386.0,65.0,156.0
MINDACORP,2025-09-30,3.54,1535.0,85.0,178.0
MINDACORP,2025-12-31,3.58,1560.0,84.0,184.0
MINDTECK,2022-12-31,1.71,82.66,5.51,7.48
MINDTECK,2023-03-31,1.71,88.74,5.41,6.86
MINDTECK,2023-06-30,1.97,93.41,6.23,7.6
MINDTECK,2023-09-30,2.34,98.47,7.41,8.76
MINDTECK,2023-12-31,2.28,95.75,7.19,8.54
MINDTECK,2024-03-31,2.04,97.9,6.48,7.53
MINDTECK,2024-06-30,2.01,108.15,6.38,9.0
MINDTECK,2024-09-30,2.38,108.23,7.57,8.59
MINDTECK,2024-12-31,2.49,104.02,7.93,9.1
MINDTECK,2025-03-31,2.13,104.02,6.8,8.57
MINDTECK,2025-06-30,2.74,101.3,8.75,9.62
MINDTECK,2025-09-30,2.37,101.63,7.56,7.21
MINDTECK,2025-12-31,1.58,100.46,5.05,10.45
MIRZAINT,2022-12-31,0.32,129.87,3.83,13.96
MIRZAINT,2023-03-31,0.23,160.87,3.22,9.14
MIRZAINT,2023-06-30,0.18,127.6,2.44,9.21
MIRZAINT,2023-09-30,0.29,208.7,4.01,12.04
MIRZAINT,2023-12-31,0.32,141.67,4.4,15.42
MIRZAINT,2024-03-31,0.09,152.39,1.22,12.03
MIRZAINT,2024-06-30,0.05,143.51,0.64,10.52
MIRZAINT,2024-09-30,0.43,201.39,5.9,16.88
MIRZAINT,2024-12-31,-0.41,114.38,-5.69,3.13
MIRZAINT,2025-03-31,-0.32,121.95,-4.4,5.62
MIRZAINT,2025-06-30,1.29,142.11,17.81,12.69
MIRZAINT,2025-09-30,0.16,164.36,2.15,12.67
MIRZAINT,2025-12-31,-0.53,118.21,-7.31,-1.3
MITCON,2022-12-31,0.28,19.23,0.29,4.33
MITCON,2023-03-31,0.55,27.98,0.65,4.53
MITCON,2023-06-30,0.88,29.55,1.64,7.33
MITCON,2023-09-30,0.62,35.76,0.8,7.14
MITCON,2023-12-31,0.59,24.15,0.7,6.2
MITCON,2024-03-31,0.93,39.96,2.49,7.17
MITCON,2024-06-30,1.53,24.44,2.92,7.22
MITCON,2024-09-30,0.68,27.84,1.53,7.37
MITCON,2024-12-31,0.19,22.31,0.39,6.07
MITCON,2025-03-31,1.26,38.13,1.7,7.33
MITCON,2025-06-30,0.81,24.43,1.2,6.41
MITCON,2025-09-30,0.53,29.46,0.98,5.78
MITCON,2025-12-31,0.78,26.55,1.6,6.56
MITTAL,2024-06-30,0.02,13.29,0.7,0.4
MITTAL,2024-09-30,0.01,19.49,0.44,1.01
MITTAL,2024-12-31,0.01,18.08,0.34,0.88
MITTAL,2025-03-31,0.01,21.27,0.58,0.77
MITTAL,2025-06-30,0.0,21.48,0.03,0.34
MITTAL,2025-09-30,0.02,24.95,0.97,1.96
MITTAL,2025-12-31,0.02,21.51,0.83,2.53
MMFL,2022-12-31,7.41,372.0,36.0,73.0
MMFL,2023-03-31,6.37,388.0,31.0,70.0
MMFL,2023-06-30,6.0,370.0,29.0,65.0
MMFL,2023-09-30,7.34,397.0,35.0,75.0
MMFL,2023-12-31,6.94,399.0,34.0,75.0
MMFL,2024-03-31,7.62,398.0,37.0,78.0
MMFL,2024-06-30,6.23,382.0,30.0,73.0
MMFL,2024-09-30,6.61,398.0,32.0,77.0
MMFL,2024-12-31,5.5,374.0,27.0,73.0
MMFL,2025-03-31,6.89,371.0,33.0,73.0
MMFL,2025-06-30,3.97,362.0,19.0,63.0
MMFL,2025-09-30,3.43,385.0,17.0,67.0
MMFL,2025-12-31,3.64,414.0,18.0,69.0
MMP,2022-12-31,2.48,128.0,6.0,10.0
MMP,2023-03-31,2.71,144.0,7.0,11.0
MMP,2023-06-30,3.16,151.0,8.0,12.0
MMP,2023-09-30,1.84,126.0,5.0,7.0
MMP,2023-12-31,3.52,141.0,9.0,13.0
MMP,2024-03-31,3.94,160.0,10.0,14.0
MMP,2024-06-30,4.46,156.0,11.0,17.0
MMP,2024-09-30,2.3,145.0,6.0,11.0
MMP,2024-12-31,4.27,168.0,11.0,17.0
MMP,2025-03-31,4.28,223.0,11.0,18.0
MMP,2025-06-30,-2.13,183.0,-5.0,13.0
MMP,2025-09-30,2.76,188.0,7.0,13.0
MMP,2025-12-31,4.5,203.0,11.0,18.0
MMTC,2022-12-31,0.65,763.0,98.0,-34.0
MMTC,2023-03-31,0.07,708.0,10.0,-21.0
MMTC,2023-06-30,0.1,214.0,15.0,-63.0
MMTC,2023-09-30,0.35,-210.0,52.0,-30.0
MMTC,2023-12-31,0.37,1.0,56.0,-36.0
MMTC,2024-03-31,0.47,1.0,70.0,-33.0
MMTC,2024-06-30,0.22,1.0,33.0,-51.0
MMTC,2024-09-30,0.32,2.0,48.0,-30.0
MMTC,2024-12-31,0.02,0.0,4.0,-31.0
MMTC,2025-03-31,0.01,0.0,2.0,-27.0
MMTC,2025-06-30,0.3,1.0,44.0,-23.0
MMTC,2025-09-30,1.14,1.0,171.0,-22.0
MMTC,2025-12-31,0.31,0.0,46.0,-23.0
MMWL,2023-03-31,-0.0,260.44,-0.13,2.57
MMWL,2023-06-30,0.01,301.26,1.24,3.87
MMWL,2023-09-30,0.01,636.31,1.83,4.21
MMWL,2023-12-31,0.01,197.43,1.64,1.87
MMWL,2024-03-31,0.02,280.31,2.34,4.24
MMWL,2024-06-30,0.01,231.29,1.83,4.36
MMWL,2024-09-30,0.01,1125.6,2.05,5.04
MMWL,2024-12-31,0.01,258.36,1.04,4.15
MMWL,2025-03-31,-0.0,271.78,-0.48,5.38
MMWL,2025-06-30,0.01,233.65,1.81,4.72
MMWL,2025-09-30,0.01,386.22,2.04,6.32
MMWL,2025-12-31,0.01,336.42,2.07,4.08
MMWL,2026-03-31,0.01,300.67,2.08,5.41
MOBIKWIK,2023-09-30,0.91,203.45,5.23,7.43
MOBIKWIK,2023-12-31,0.92,228.93,5.27,8.38
MOBIKWIK,2024-03-31,-0.12,264.98,-0.67,-0.72
MOBIKWIK,2024-06-30,-1.16,342.27,-6.62,-1.33
MOBIKWIK,2024-09-30,-0.63,290.65,-3.59,3.78
MOBIKWIK,2024-12-31,-7.12,269.48,-55.28,-47.67
MOBIKWIK,2025-03-31,-7.21,267.78,-56.04,-56.5
MOBIKWIK,2025-06-30,-5.36,271.36,-41.92,-41.45
MOBIKWIK,2025-09-30,-3.64,270.21,-28.62,-15.49
MOBIKWIK,2025-12-31,0.51,288.95,4.05,6.7
MODINATUR,2022-12-31,0.01,114.0,0.0,1.0
MODINATUR,2023-03-31,-1.83,110.0,-2.0,-2.0
MODINATUR,2023-06-30,0.62,84.0,1.0,2.0
MODINATUR,2023-09-30,0.6,92.0,1.0,2.0
MODINATUR,2023-12-31,-3.15,104.0,-4.0,-1.0
MODINATUR,2024-03-31,0.95,120.0,1.0,6.0
MODINATUR,2024-06-30,5.61,148.0,7.0,13.0
MODINATUR,2024-09-30,5.7,147.0,8.0,13.0
MODINATUR,2024-12-31,5.88,179.0,8.0,13.0
MODINATUR,2025-03-31,6.13,190.0,8.0,16.0
MODINATUR,2025-06-30,7.88,155.0,10.0,18.0
MODINATUR,2025-09-30,7.57,147.0,10.0,15.0
MODINATUR,2025-12-31,7.55,174.0,10.0,16.0
MODIRUBBER,2022-12-31,3.33,1.4,8.35,-5.45
MODIRUBBER,2023-03-31,1.29,2.86,3.22,-4.46
MODIRUBBER,2023-06-30,1.44,4.79,3.61,-3.31
MODIRUBBER,2023-09-30,1.27,4.99,3.18,-3.19
MODIRUBBER,2023-12-31,2.23,7.22,5.59,-4.03
MODIRUBBER,2024-03-31,1.26,5.44,3.16,-7.65
MODIRUBBER,2024-06-30,2.71,5.34,6.79,-3.63
MODIRUBBER,2024-09-30,2.52,6.5,6.32,-3.91
MODIRUBBER,2024-12-31,2.47,10.32,6.19,-5.64
MODIRUBBER,2025-03-31,0.46,7.04,1.16,-7.36
MODIRUBBER,2025-06-30,1.95,7.1,4.88,-5.09
MODIRUBBER,2025-09-30,1.82,7.81,4.56,-4.17
MODIRUBBER,2025-12-31,2.03,7.32,5.08,-7.63
MODIS,2021-09-30,,5.57,-2.34,-2.34
MODIS,2022-03-31,2.0,3.42,2.38,3.18
MODIS,2022-09-30,1.71,18.84,2.89,4.53
MODIS,2023-03-31,1.7,22.75,2.87,2.52
MODIS,2023-09-30,1.67,24.31,2.83,3.33
MODIS,2024-03-31,2.02,32.53,3.86,4.72
MODIS,2024-09-30,2.32,36.62,4.54,5.22
MODIS,2025-03-31,3.95,49.92,7.74,9.49
MODISONLTD,2022-12-31,-0.63,77.0,-2.0,7.0
MODISONLTD,2023-03-31,2.36,87.0,8.0,11.0
MODISONLTD,2023-06-30,1.7,86.0,6.0,7.0
MODISONLTD,2023-09-30,1.73,97.0,6.0,7.0
MODISONLTD,2023-12-31,1.26,108.0,4.0,9.0
MODISONLTD,2024-03-31,1.9,114.0,6.0,9.0
MODISONLTD,2024-06-30,0.35,116.0,1.0,8.0
MODISONLTD,2024-09-30,2.52,122.0,8.0,10.0
MODISONLTD,2024-12-31,1.79,121.0,6.0,11.0
MODISONLTD,2025-03-31,2.94,130.0,10.0,15.0
MODISONLTD,2025-06-30,1.48,134.0,5.0,9.0
MODISONLTD,2025-09-30,3.59,145.0,12.0,18.0
MODISONLTD,2025-12-31,6.18,144.0,20.0,19.0
MODTHREAD,2025-12-31,,72.71,5.9,6.42
MOHITIND,2022-12-31,-0.33,41.88,-0.47,0.6
MOHITIND,2023-03-31,-0.47,45.44,-0.67,-0.25
MOHITIND,2023-06-30,-0.46,36.76,-0.66,0.5
MOHITIND,2023-09-30,-0.68,38.79,-0.96,-0.24
MOHITIND,2023-12-31,-0.3,29.54,-0.42,0.49
MOHITIND,2024-03-31,0.09,26.52,0.13,0.85
MOHITIND,2024-06-30,-0.29,21.18,-0.41,0.47
MOHITIND,2024-09-30,-0.72,25.71,-1.02,-0.92
MOHITIND,2024-12-31,-0.4,29.58,-0.57,-0.75
MOHITIND,2025-03-31,-0.3,35.93,-0.42,0.74
MOHITIND,2025-06-30,-0.3,32.24,-0.43,0.34
MOHITIND,2025-09-30,-0.1,34.54,-0.14,1.24
MOHITIND,2025-12-31,-0.2,36.29,-0.28,-0.06
MOIL,2018-06-30,3.52,280.0,91.0,111.0
MOIL,2018-09-30,4.08,358.0,105.0,146.0
MOIL,2018-12-31,4.67,333.0,120.0,155.0
MOIL,2019-03-31,5.42,437.0,140.0,163.0
MOIL,2019-06-30,3.52,280.0,91.0,111.0
MOIL,2019-09-30,3.44,253.0,89.0,83.0
MOIL,2019-12-31,2.15,256.0,55.0,55.0
MOIL,2020-03-31,0.57,249.0,13.0,6.0
MOIL,2020-06-30,0.08,152.0,2.0,48.0
MOIL,2020-09-30,0.31,307.0,7.0,7.0
MOIL,2020-12-31,2.16,268.0,51.0,76.0
MOL,2022-12-31,0.33,549.43,8.35,52.89
MOL,2023-03-31,2.13,574.08,54.15,77.9
MOL,2023-06-30,-1.36,425.78,-34.5,-22.09
MOL,2023-09-30,-0.6,378.72,-15.34,7.59
MOL,2023-12-31,-1.5,351.75,-38.23,-7.8
MOL,2024-03-31,-0.71,410.03,-17.96,2.02
MOL,2024-06-30,-0.66,413.88,-16.76,5.87
MOL,2024-09-30,-0.36,543.89,-9.27,30.57
MOL,2024-12-31,-0.17,568.51,-4.39,40.82
MOL,2025-03-31,0.78,553.46,19.82,65.48
MOL,2025-06-30,0.5,613.62,12.68,66.89
MOL,2025-09-30,0.45,577.26,11.55,52.09
MOL,2025-12-31,-0.14,508.74,-3.53,37.73
MOLDTECH,2022-12-31,3.26,40.71,9.21,13.18
MOLDTECH,2023-03-31,3.58,42.56,10.11,13.98
MOLDTECH,2023-06-30,2.21,36.68,6.28,9.0
MOLDTECH,2023-09-30,2.86,40.07,8.13,12.38
MOLDTECH,2023-12-31,2.47,41.75,7.01,11.04
MOLDTECH,2024-03-31,2.26,42.24,6.42,9.55
MOLDTECH,2024-06-30,1.81,39.29,5.18,7.48
MOLDTECH,2024-09-30,2.8,43.08,8.0,12.34
MOLDTECH,2024-12-31,0.19,33.6,0.54,2.74
MOLDTECH,2025-03-31,-0.55,29.88,-1.56,-3.04
MOLDTECH,2025-06-30,0.24,33.29,0.68,0.47
MOLDTECH,2025-09-30,1.12,40.23,3.24,4.44
MOLDTECH,2025-12-31,1.35,52.67,3.89,5.44
MOLDTKPAC,2019-03-31,3.13,104.0,9.0,19.0
MOLDTKPAC,2019-06-30,3.32,117.0,9.0,19.0
MOLDTKPAC,2019-09-30,3.72,114.0,10.0,20.0
MOLDTKPAC,2019-12-31,3.13,101.0,9.0,19.0
MOLDTKPAC,2020-03-31,3.09,106.0,9.0,18.0
MOLDTKPAC,2020-06-30,0.53,65.0,2.0,9.0
MOLDTKPAC,2020-09-30,4.76,119.0,13.0,26.0
MOLDTKPAC,2020-12-31,5.28,134.0,15.0,28.0
MOLDTKPAC,2021-03-31,6.5,161.0,18.0,32.0
MOLDTKPAC,2021-06-30,4.32,134.0,12.0,25.0
MOLDTKPAC,2021-09-30,6.24,160.0,18.0,32.0
MOLDTKPAC,2021-12-31,5.51,160.0,17.0,32.0
MOLDTKPAC,2022-03-31,5.54,178.0,17.0,32.0
MONARCH,2022-12-31,2.26,48.0,14.0,18.0
MONARCH,2023-03-31,0.66,40.0,4.0,7.0
MONARCH,2023-06-30,2.52,42.0,17.0,22.0
MONARCH,2023-09-30,5.47,78.0,37.0,53.0
MONARCH,2023-12-31,5.7,83.0,39.0,57.0
MONARCH,2024-03-31,4.51,68.0,31.0,38.0
MONARCH,2024-06-30,5.92,85.0,40.0,57.0
MONARCH,2024-09-30,5.61,104.0,44.0,66.0
MONARCH,2024-12-31,5.16,77.0,41.0,55.0
MONARCH,2025-03-31,3.15,61.0,25.0,38.0
MONARCH,2025-06-30,5.71,98.0,45.0,63.0
MONARCH,2025-09-30,5.67,83.0,45.0,64.0
MONARCH,2025-12-31,5.73,91.0,45.0,64.0
MONTECARLO,2022-12-31,41.63,520.0,86.0,130.0
MONTECARLO,2023-03-31,9.56,237.0,20.0,32.0
MONTECARLO,2023-06-30,-5.6,139.0,-12.0,-4.0
MONTECARLO,2023-09-30,6.4,212.0,13.0,34.0
MONTECARLO,2023-12-31,37.27,504.0,77.0,122.0
MONTECARLO,2024-03-31,-8.57,207.0,-18.0,-10.0
MONTECARLO,2024-06-30,-6.4,126.0,-13.0,-2.0
MONTECARLO,2024-09-30,3.88,220.0,8.0,28.0
MONTECARLO,2024-12-31,46.66,549.0,97.0,155.0
MONTECARLO,2025-03-31,-4.99,206.0,-10.0,6.0
MONTECARLO,2025-06-30,-7.82,139.0,-16.0,-6.0
MONTECARLO,2025-09-30,7.84,249.0,16.0,42.0
MONTECARLO,2025-12-31,51.61,608.0,107.0,166.0
MOREPENLAB,2022-12-31,0.18,348.0,9.0,21.0
MOREPENLAB,2023-03-31,0.16,364.0,8.0,16.0
MOREPENLAB,2023-06-30,0.29,401.0,15.0,26.0
MOREPENLAB,2023-09-30,0.42,422.0,21.0,34.0
MOREPENLAB,2023-12-31,0.63,445.0,32.0,51.0
MOREPENLAB,2024-03-31,0.55,423.0,29.0,48.0
MOREPENLAB,2024-06-30,0.71,455.0,36.0,52.0
MOREPENLAB,2024-09-30,0.64,438.0,35.0,44.0
MOREPENLAB,2024-12-31,0.49,453.0,27.0,36.0
MOREPENLAB,2025-03-31,0.37,466.0,20.0,42.0
MOREPENLAB,2025-06-30,0.2,425.0,11.0,24.0
MOREPENLAB,2025-09-30,0.75,412.0,41.0,31.0
MOREPENLAB,2025-12-31,0.5,484.0,28.0,46.0
MOSCHIP,2022-12-31,0.11,53.7,1.86,7.52
MOSCHIP,2023-03-31,0.09,53.83,1.52,7.45
MOSCHIP,2023-06-30,0.18,57.01,3.21,7.73
MOSCHIP,2023-09-30,0.2,71.85,3.63,10.22
MOSCHIP,2023-12-31,0.12,89.63,2.19,8.8
MOSCHIP,2024-03-31,0.05,75.42,0.87,7.37
MOSCHIP,2024-06-30,0.21,80.35,3.98,8.86
MOSCHIP,2024-09-30,0.51,125.63,9.73,15.81
MOSCHIP,2024-12-31,0.58,126.16,11.06,17.06
MOSCHIP,2025-03-31,0.45,134.71,8.69,14.35
MOSCHIP,2025-06-30,0.57,135.59,10.9,16.58
MOSCHIP,2025-09-30,0.63,146.94,12.15,16.82
MOSCHIP,2025-12-31,0.22,149.39,4.34,15.13
MOTHERSON,2022-12-31,0.45,20267.0,501.0,1602.0
MOTHERSON,2023-03-31,0.64,22517.0,699.0,2036.0
MOTHERSON,2023-06-30,0.59,22462.0,648.0,1925.0
MOTHERSON,2023-09-30,0.2,23474.0,294.0,1889.0
MOTHERSON,2023-12-31,0.53,25644.0,633.0,2370.0
MOTHERSON,2024-03-31,1.35,27058.0,1444.0,2935.0
MOTHERSON,2024-06-30,0.98,28868.0,1097.0,2775.0
MOTHERSON,2024-09-30,0.83,27812.0,949.0,2448.0
MOTHERSON,2024-12-31,0.83,27666.0,984.0,2686.0
MOTHERSON,2025-03-31,1.0,29317.0,1115.0,2643.0
MOTHERSON,2025-06-30,0.48,30212.0,606.0,2458.0
MOTHERSON,2025-09-30,0.78,30173.0,846.0,2611.0
MOTHERSON,2025-12-31,0.97,31409.0,1072.0,3043.0
MOTILALOFS,2023-03-31,2.78,1027.0,165.0,444.0
MOTILALOFS,2023-06-30,8.9,1502.0,528.0,837.0
MOTILALOFS,2023-09-30,8.96,1655.0,532.0,915.0
MOTILALOFS,2023-12-31,11.11,1791.0,661.0,1089.0
MOTILALOFS,2024-03-31,12.13,2154.0,725.0,1238.0
MOTILALOFS,2024-06-30,14.77,2314.0,884.0,1388.0
MOTILALOFS,2024-09-30,18.71,2841.0,1122.0,1816.0
MOTILALOFS,2024-12-31,9.42,1993.0,566.0,1061.0
MOTILALOFS,2025-03-31,-1.08,1190.0,-63.0,280.0
MOTILALOFS,2025-06-30,19.38,2737.0,1163.0,1720.0
MOTILALOFS,2025-09-30,6.04,1849.0,363.0,840.0
MOTILALOFS,2025-12-31,9.42,2112.0,566.0,1105.0
MOTILALOFS,2026-03-31,-3.68,2676.0,-219.0,205.0
MOTOGENFIN,2022-12-31,-0.12,1.35,-0.47,-0.59
MOTOGENFIN,2023-03-31,-0.51,1.36,-1.98,-3.21
MOTOGENFIN,2023-06-30,0.0,1.49,0.0,-0.22
MOTOGENFIN,2023-09-30,-0.08,1.53,-0.31,-0.53
MOTOGENFIN,2023-12-31,0.01,1.53,0.02,-0.2
MOTOGENFIN,2024-03-31,0.37,1.65,1.45,1.11
MOTOGENFIN,2024-06-30,0.08,1.74,0.31,-0.02
MOTOGENFIN,2024-09-30,0.08,1.74,0.31,-0.16
MOTOGENFIN,2024-12-31,0.04,1.74,0.17,-0.24
MOTOGENFIN,2025-03-31,0.0,1.74,0.01,-0.42
MOTOGENFIN,2025-06-30,0.06,1.79,0.23,-0.03
MOTOGENFIN,2025-09-30,0.29,1.68,1.11,-0.13
MOTOGENFIN,2025-12-31,-0.01,1.63,-0.03,-0.22
MPHASIS,2023-03-31,21.51,3361.0,405.0,599.0
MPHASIS,2023-06-30,21.01,3252.0,396.0,587.0
MPHASIS,2023-09-30,20.78,3276.0,392.0,596.0
MPHASIS,2023-12-31,19.79,3338.0,374.0,601.0
MPHASIS,2024-03-31,20.81,3412.0,393.0,639.0
MPHASIS,2024-06-30,21.39,3422.0,405.0,619.0
MPHASIS,2024-09-30,22.37,3536.0,423.0,648.0
MPHASIS,2024-12-31,22.56,3561.0,428.0,678.0
MPHASIS,2025-03-31,23.49,3710.0,446.0,703.0
MPHASIS,2025-06-30,23.22,3732.0,442.0,703.0
MPHASIS,2025-09-30,24.65,3902.0,469.0,722.0
MPHASIS,2025-12-31,23.21,4003.0,442.0,750.0
MPHASIS,2026-03-31,26.71,4243.0,510.0,804.0
MPSLTD,2022-12-31,17.29,132.0,30.0,41.0
MPSLTD,2023-03-31,18.78,127.0,32.0,46.0
MPSLTD,2023-06-30,17.71,133.0,30.0,42.0
MPSLTD,2023-09-30,17.56,130.0,30.0,41.0
MPSLTD,2023-12-31,17.38,134.0,30.0,45.0
MPSLTD,2024-03-31,16.78,149.0,29.0,43.0
MPSLTD,2024-06-30,15.14,181.0,26.0,41.0
MPSLTD,2024-09-30,20.6,178.0,35.0,54.0
MPSLTD,2024-12-31,23.8,186.0,41.0,60.0
MPSLTD,2025-03-31,27.52,182.0,47.0,56.0
MPSLTD,2025-06-30,20.6,186.0,35.0,50.0
MPSLTD,2025-09-30,32.41,194.0,55.0,60.0
MPSLTD,2025-12-31,20.75,182.0,36.0,58.0
MRF,2022-12-31,412.23,5645.0,175.0,562.0
MRF,2023-03-31,803.19,5842.0,341.0,854.0
MRF,2023-06-30,1388.2,6440.0,589.0,1130.0
MRF,2023-09-30,1383.27,6217.0,587.0,1157.0
MRF,2023-12-31,1201.83,6162.0,510.0,1055.0
MRF,2024-03-31,933.96,6349.0,396.0,912.0
MRF,2024-06-30,1346.4,7196.0,571.0,1160.0
MRF,2024-09-30,1109.85,6881.0,471.0,1011.0
MRF,2024-12-31,743.79,7001.0,315.0,835.0
MRF,2025-03-31,1207.49,7075.0,512.0,1079.0
MRF,2025-06-30,1180.05,7676.0,500.0,1071.0
MRF,2025-09-30,1239.4,7379.0,526.0,1126.0
MRF,2025-12-31,1631.25,8050.0,692.0,1399.0
MRPL,2023-03-31,10.92,25365.0,1913.0,3490.0
MRPL,2023-06-30,5.79,21058.0,1015.0,2068.0
MRPL,2023-09-30,6.0,19353.0,1052.0,2138.0
MRPL,2023-12-31,2.24,24667.0,392.0,1159.0
MRPL,2024-03-31,6.5,25329.0,1138.0,2339.0
MRPL,2024-06-30,0.42,23247.0,73.0,606.0
MRPL,2024-09-30,-3.98,24968.0,-697.0,-474.0
MRPL,2024-12-31,1.76,21871.0,309.0,1031.0
MRPL,2025-03-31,2.11,24596.0,371.0,1130.0
MRPL,2025-06-30,-1.54,17356.0,-271.0,180.0
MRPL,2025-09-30,3.58,22649.0,627.0,1489.0
MRPL,2025-12-31,8.28,24712.0,1451.0,2785.0
MRPL,2026-03-31,0.67,23950.0,117.0,1781.0
MSPL,2022-12-31,0.06,661.65,2.5,30.09
MSPL,2023-03-31,0.51,677.42,19.8,53.9
MSPL,2023-06-30,-0.05,671.12,-1.81,29.59
MSPL,2023-09-30,-0.04,673.59,-1.64,28.7
MSPL,2023-12-31,0.12,780.74,4.78,39.2
MSPL,2024-03-31,0.34,748.41,13.02,24.65
MSPL,2024-06-30,0.18,772.0,6.78,43.27
MSPL,2024-09-30,-0.2,656.32,-9.53,26.68
MSPL,2024-12-31,0.15,716.85,8.22,19.21
MSPL,2025-03-31,-0.6,760.07,-33.83,44.7
MSPL,2025-06-30,0.31,710.86,17.84,44.9
MSPL,2025-09-30,-1.32,676.86,-74.76,22.77
MSPL,2025-12-31,0.1,638.92,5.49,32.52
MSTCLTD,2022-12-31,6.68,169.0,47.0,55.0
MSTCLTD,2023-03-31,10.93,197.0,77.0,81.0
MSTCLTD,2023-06-30,7.19,179.0,51.0,65.0
MSTCLTD,2023-09-30,7.86,81.0,55.0,48.0
MSTCLTD,2023-12-31,7.1,185.0,50.0,62.0
MSTCLTD,2024-03-31,6.88,199.0,48.0,-33.0
MSTCLTD,2024-06-30,5.58,69.0,39.0,39.0
MSTCLTD,2024-09-30,5.89,72.0,41.0,39.0
MSTCLTD,2024-12-31,35.63,81.0,251.0,47.0
MSTCLTD,2025-03-31,10.73,89.0,76.0,53.0
MSTCLTD,2025-06-30,6.01,77.0,42.0,44.0
MSTCLTD,2025-09-30,6.75,85.0,48.0,50.0
MSTCLTD,2025-12-31,7.3,88.0,51.0,50.0
MTARTECH,2022-12-31,10.22,160.0,31.0,45.0
MTARTECH,2023-03-31,10.1,196.0,31.0,49.0
MTARTECH,2023-06-30,6.61,153.0,20.0,35.0
MTARTECH,2023-09-30,6.65,167.0,20.0,36.0
MTARTECH,2023-12-31,3.4,118.0,10.0,24.0
MTARTECH,2024-03-31,1.58,143.0,5.0,18.0
MTARTECH,2024-06-30,1.44,128.0,4.0,17.0
MTARTECH,2024-09-30,6.1,190.0,19.0,37.0
MTARTECH,2024-12-31,5.19,174.0,16.0,33.0
MTARTECH,2025-03-31,4.46,183.0,14.0,34.0
MTARTECH,2025-06-30,3.51,157.0,11.0,28.0
MTARTECH,2025-09-30,1.38,136.0,4.0,17.0
MTARTECH,2025-12-31,11.28,278.0,35.0,64.0
MTNL,2022-12-31,-12.31,227.0,-776.0,-129.0
MTNL,2023-03-31,-11.88,219.0,-749.0,-126.0
MTNL,2023-06-30,-13.52,199.0,-852.0,-154.0
MTNL,2023-09-30,-12.58,198.0,-793.0,-133.0
MTNL,2023-12-31,-13.32,192.0,-839.0,-126.0
MTNL,2024-03-31,-12.44,209.0,-784.0,-75.0
MTNL,2024-06-30,-12.28,184.0,-773.0,-111.0
MTNL,2024-09-30,-14.13,267.0,-890.0,-27.0
MTNL,2024-12-31,-13.27,261.0,-836.0,-37.0
MTNL,2025-03-31,-13.14,170.0,-828.0,-122.0
MTNL,2025-06-30,-14.97,159.0,-943.0,-92.0
MTNL,2025-09-30,-15.24,190.0,-960.0,-108.0
MTNL,2025-12-31,-14.24,198.0,-897.0,-41.0
MUFIN,2023-09-30,0.27,,4.01,
MUFIN,2023-12-31,0.3,,4.55,
MUFIN,2024-03-31,0.25,,4.05,
MUFIN,2024-06-30,0.27,,4.39,
MUFIN,2024-09-30,0.35,,5.68,
MUFIN,2024-12-31,0.36,,5.74,
MUFIN,2025-03-31,0.22,,3.44,
MUFIN,2025-06-30,0.2,,3.14,
MUFIN,2025-09-30,0.33,,5.58,
MUFIN,2025-12-31,0.4,,7.01,
MUFTI,2022-09-30,80.9,143.0,26.0,51.0
MUFTI,2022-12-31,60.25,130.0,19.0,43.0
MUFTI,2023-03-31,67.43,133.0,22.0,41.0
MUFTI,2023-06-30,1.33,118.0,9.0,30.0
MUFTI,2023-09-30,4.35,166.0,28.0,57.0
MUFTI,2023-12-31,2.42,150.0,16.0,43.0
MUFTI,2024-03-31,1.1,133.0,7.0,31.0
MUFTI,2024-06-30,1.51,124.0,10.0,33.0
MUFTI,2024-09-30,4.07,186.0,26.0,58.0
MUFTI,2024-12-31,2.81,156.0,18.0,48.0
MUFTI,2025-03-31,2.12,153.0,14.0,41.0
MUKANDLTD,2022-12-31,1.3,1330.0,19.0,75.0
MUKANDLTD,2023-03-31,8.68,1312.0,125.0,-379.0
MUKANDLTD,2023-06-30,2.14,1382.0,31.0,77.0
MUKANDLTD,2023-09-30,1.61,1377.0,23.0,70.0
MUKANDLTD,2023-12-31,1.34,1177.0,19.0,62.0
MUKANDLTD,2024-03-31,2.01,1239.0,29.0,83.0
MUKANDLTD,2024-06-30,1.68,1258.0,24.0,71.0
MUKANDLTD,2024-09-30,1.75,1263.0,25.0,76.0
MUKANDLTD,2024-12-31,1.03,1262.0,15.0,72.0
MUKANDLTD,2025-03-31,0.75,1107.0,11.0,65.0
MUKANDLTD,2025-06-30,2.01,1129.0,29.0,47.0
MUKANDLTD,2025-09-30,0.68,1161.0,10.0,69.0
MUKANDLTD,2025-12-31,0.71,1331.0,10.0,72.0
MUKKA,2022-12-31,1.03,397.0,27.0,35.0
MUKKA,2023-03-31,0.99,421.0,22.0,43.0
MUKKA,2023-06-30,0.16,274.0,4.0,14.0
MUKKA,2023-09-30,1.28,332.0,29.0,38.0
MUKKA,2023-12-31,0.48,517.0,12.0,19.0
MUKKA,2024-03-31,0.91,257.0,29.0,32.0
MUKKA,2024-06-30,0.14,172.0,5.0,14.0
MUKKA,2024-09-30,0.07,149.0,1.0,10.0
MUKKA,2024-12-31,0.88,303.0,27.0,41.0
MUKKA,2025-03-31,0.45,382.0,14.0,29.0
MUKKA,2025-06-30,0.05,171.0,2.0,14.0
MUKKA,2025-09-30,0.2,245.0,7.0,20.0
MUKKA,2025-12-31,0.79,654.0,27.0,45.0
MUKTAARTS,2022-12-31,-1.3,41.99,-2.94,4.31
MUKTAARTS,2023-03-31,-3.04,41.3,-6.86,-2.88
MUKTAARTS,2023-06-30,-1.68,40.43,-3.8,2.02
MUKTAARTS,2023-09-30,1.91,61.1,4.32,11.45
MUKTAARTS,2023-12-31,-0.08,53.82,-0.19,7.65
MUKTAARTS,2024-03-31,-3.09,39.2,-6.99,-7.0
MUKTAARTS,2024-06-30,-3.0,38.77,-6.78,-1.34
MUKTAARTS,2024-09-30,-1.84,41.74,-4.15,1.84
MUKTAARTS,2024-12-31,-0.96,48.1,-2.17,4.56
MUKTAARTS,2025-03-31,-1.86,38.11,-4.2,-0.77
MUKTAARTS,2025-06-30,-2.7,36.73,-6.09,-1.04
MUKTAARTS,2025-09-30,-1.58,45.33,-3.56,4.03
MUKTAARTS,2025-12-31,-0.65,46.46,-1.46,6.53
MUNJALAU,2022-12-31,-0.07,477.0,-4.0,17.0
MUNJALAU,2023-03-31,0.36,483.0,2.0,21.0
MUNJALAU,2023-06-30,0.99,509.0,10.0,25.0
MUNJALAU,2023-09-30,1.38,545.0,15.0,36.0
MUNJALAU,2023-12-31,-1.22,422.0,-23.0,26.0
MUNJALAU,2024-03-31,2.72,406.0,36.0,34.0
MUNJALAU,2024-06-30,1.17,510.0,10.0,30.0
MUNJALAU,2024-09-30,1.86,522.0,20.0,31.0
MUNJALAU,2024-12-31,-0.22,522.0,-2.0,22.0
MUNJALAU,2025-03-31,0.83,512.0,10.0,35.0
MUNJALAU,2025-06-30,1.58,491.0,19.0,28.0
MUNJALAU,2025-09-30,1.12,584.0,13.0,26.0
MUNJALAU,2025-12-31,1.35,606.0,15.0,42.0
MURUDCERA,2022-12-31,0.25,43.85,1.47,7.18
MURUDCERA,2023-03-31,0.45,57.15,2.62,9.53
MURUDCERA,2023-06-30,0.2,37.9,1.13,7.51
MURUDCERA,2023-09-30,0.22,45.71,1.26,7.15
MURUDCERA,2023-12-31,0.29,51.04,1.67,7.42
MURUDCERA,2024-03-31,0.19,51.66,1.17,8.01
MURUDCERA,2024-06-30,0.33,43.47,2.01,8.19
MURUDCERA,2024-09-30,0.48,42.85,2.91,7.4
MURUDCERA,2024-12-31,0.28,50.15,1.67,7.98
MURUDCERA,2025-03-31,0.54,66.4,3.25,11.04
MURUDCERA,2025-06-30,0.32,46.15,1.93,8.05
MURUDCERA,2025-09-30,0.53,45.57,3.19,7.0
MURUDCERA,2025-12-31,0.68,51.11,4.09,6.71
MUTHOOTFIN,2022-12-31,23.11,,934.0,
MUTHOOTFIN,2023-03-31,24.25,,1009.0,
MUTHOOTFIN,2023-06-30,25.46,,1045.0,
MUTHOOTFIN,2023-09-30,26.39,,1095.0,
MUTHOOTFIN,2023-12-31,27.49,,1145.0,
MUTHOOTFIN,2024-03-31,28.37,,1182.0,
MUTHOOTFIN,2024-06-30,28.99,,1196.0,
MUTHOOTFIN,2024-09-30,31.67,,1321.0,
MUTHOOTFIN,2024-12-31,34.6,,1392.0,
MUTHOOTFIN,2025-03-31,36.81,,1444.0,
MUTHOOTFIN,2025-06-30,50.22,,1974.0,
MUTHOOTFIN,2025-09-30,60.29,,2412.0,
MUTHOOTFIN,2025-12-31,69.84,,2823.0,
MWL,2023-03-31,2.75,214.0,7.0,10.0
MWL,2023-06-30,1.01,201.0,2.0,6.0
MWL,2023-09-30,0.87,199.0,2.0,9.0
MWL,2023-12-31,2.47,181.0,6.0,11.0
MWL,2024-03-31,4.1,237.0,12.0,12.0
MWL,2024-06-30,2.31,229.0,6.0,12.0
MWL,2024-09-30,2.67,238.0,7.0,13.0
MWL,2024-12-31,2.71,270.0,8.0,15.0
MWL,2025-03-31,2.86,324.0,8.0,15.0
MWL,2025-06-30,3.41,276.0,10.0,16.0
MWL,2025-09-30,3.55,317.0,11.0,21.0
MWL,2025-12-31,4.74,350.0,14.0,26.0
MWL,2026-03-31,5.17,265.0,15.0,28.0
NACLIND,2022-12-31,0.72,480.0,17.0,38.0
NACLIND,2023-03-31,1.45,599.0,34.0,67.0
NACLIND,2023-06-30,-1.65,376.0,-38.0,-29.0
NACLIND,2023-09-30,0.18,580.0,4.0,31.0
NACLIND,2023-12-31,-0.69,365.0,-16.0,4.0
NACLIND,2024-03-31,-0.39,457.0,-9.0,11.0
NACLIND,2024-06-30,-0.9,325.0,-21.0,-4.0
NACLIND,2024-09-30,0.64,440.0,15.0,41.0
NACLIND,2024-12-31,-1.56,268.0,-36.0,-26.0
NACLIND,2025-03-31,-2.14,201.0,-50.0,-74.0
NACLIND,2025-06-30,0.56,448.0,13.0,38.0
NACLIND,2025-09-30,0.11,457.0,3.0,45.0
NACLIND,2025-12-31,-0.43,318.0,-10.0,7.0
NAHARCAP,2022-12-31,2.96,6.0,5.0,-1.0
NAHARCAP,2023-03-31,9.35,5.0,16.0,3.0
NAHARCAP,2023-06-30,-1.29,6.0,-2.0,-7.0
NAHARCAP,2023-09-30,3.11,8.0,5.0,1.0
NAHARCAP,2023-12-31,-0.09,4.0,0.0,-9.0
NAHARCAP,2024-03-31,5.3,6.0,9.0,3.0
NAHARCAP,2024-06-30,6.97,7.0,12.0,4.0
NAHARCAP,2024-09-30,6.23,12.0,10.0,7.0
NAHARCAP,2024-12-31,3.88,5.0,6.0,2.0
NAHARCAP,2025-03-31,12.67,3.0,21.0,1.0
NAHARCAP,2025-06-30,6.86,6.0,11.0,3.0
NAHARCAP,2025-09-30,12.17,10.0,20.0,6.0
NAHARCAP,2025-12-31,7.81,5.0,13.0,2.0
NAHARINDUS,2022-12-31,2.46,451.92,9.79,27.68
NAHARINDUS,2023-03-31,3.35,398.01,14.49,16.9
NAHARINDUS,2023-06-30,-1.36,391.54,-5.88,6.58
NAHARINDUS,2023-09-30,-1.97,343.75,-8.51,2.57
NAHARINDUS,2023-12-31,1.16,363.75,5.01,17.46
NAHARINDUS,2024-03-31,4.43,372.72,19.12,29.31
NAHARINDUS,2024-06-30,0.18,354.38,0.78,15.0
NAHARINDUS,2024-09-30,-0.75,355.91,-3.23,8.51
NAHARINDUS,2024-12-31,1.07,429.66,4.63,15.8
NAHARINDUS,2025-03-31,3.74,390.14,16.18,32.03
NAHARINDUS,2025-06-30,0.95,388.52,4.09,15.2
NAHARINDUS,2025-09-30,3.82,340.24,16.49,-3.32
NAHARINDUS,2025-12-31,1.34,340.2,5.79,15.24
NAHARPOLY,2022-12-31,0.59,160.0,1.0,11.0
NAHARPOLY,2023-03-31,1.62,149.0,4.0,12.0
NAHARPOLY,2023-06-30,-0.91,156.0,-2.0,3.0
NAHARPOLY,2023-09-30,4.95,137.0,12.0,16.0
NAHARPOLY,2023-12-31,-2.11,154.0,-5.0,0.0
NAHARPOLY,2024-03-31,0.37,153.0,1.0,2.0
NAHARPOLY,2024-06-30,3.38,168.0,8.0,15.0
NAHARPOLY,2024-09-30,7.08,169.0,17.0,23.0
NAHARPOLY,2024-12-31,3.05,173.0,8.0,15.0
NAHARPOLY,2025-03-31,5.75,157.0,14.0,23.0
NAHARPOLY,2025-06-30,7.42,197.0,18.0,28.0
NAHARPOLY,2025-09-30,8.45,172.0,21.0,28.0
NAHARPOLY,2025-12-31,7.86,167.0,19.0,20.0
NAM-INDIA,2023-03-31,3.18,348.0,198.0,209.0
NAM-INDIA,2023-06-30,3.78,354.0,236.0,202.0
NAM-INDIA,2023-09-30,3.91,397.0,244.0,241.0
NAM-INDIA,2023-12-31,4.53,423.0,284.0,259.0
NAM-INDIA,2024-03-31,5.44,468.0,343.0,291.0
NAM-INDIA,2024-06-30,5.26,505.0,332.0,316.0
NAM-INDIA,2024-09-30,5.69,571.0,360.0,374.0
NAM-INDIA,2024-12-31,4.66,588.0,295.0,386.0
NAM-INDIA,2025-03-31,4.7,567.0,299.0,365.0
NAM-INDIA,2025-06-30,6.23,607.0,396.0,388.0
NAM-INDIA,2025-09-30,5.41,658.0,345.0,430.0
NAM-INDIA,2025-12-31,6.34,705.0,404.0,470.0
NAM-INDIA,2026-03-31,6.03,739.0,385.0,507.0
NATCAPSUQ,2022-12-31,5.65,45.5,5.25,9.66
NATCAPSUQ,2023-03-31,1.94,37.62,1.79,5.77
NATCAPSUQ,2023-06-30,1.96,37.7,1.82,5.96
NATCAPSUQ,2023-09-30,1.68,37.52,1.56,5.12
NATCAPSUQ,2023-12-31,1.3,39.98,1.21,4.72
NATCAPSUQ,2024-03-31,1.04,40.22,0.97,4.11
NATCAPSUQ,2024-06-30,0.64,39.18,0.6,4.37
NATCAPSUQ,2024-09-30,-0.6,41.22,-0.61,4.5
NATCAPSUQ,2024-12-31,0.11,43.83,0.11,4.27
NATCAPSUQ,2025-03-31,0.5,44.97,0.52,4.39
NATCAPSUQ,2025-06-30,-5.4,45.2,-5.58,0.32
NATCAPSUQ,2025-09-30,-6.76,45.8,-6.99,-0.89
NATCAPSUQ,2025-12-31,-6.89,37.75,-7.12,-2.32
NATCOPHARM,2022-12-31,3.41,492.0,62.0,106.0
NATCOPHARM,2023-03-31,15.11,898.0,276.0,339.0
NATCOPHARM,2023-06-30,23.47,1140.0,420.0,528.0
NATCOPHARM,2023-09-30,20.6,1031.0,369.0,458.0
NATCOPHARM,2023-12-31,11.88,759.0,213.0,268.0
NATCOPHARM,2024-03-31,21.57,1068.0,386.0,497.0
NATCOPHARM,2024-06-30,37.32,1363.0,668.0,805.0
NATCOPHARM,2024-09-30,37.81,1371.0,676.0,804.0
NATCOPHARM,2024-12-31,7.43,475.0,132.0,39.0
NATCOPHARM,2025-03-31,22.7,1221.0,406.0,548.0
NATCOPHARM,2025-06-30,26.84,1329.0,480.0,571.0
NATCOPHARM,2025-09-30,28.94,1363.0,518.0,579.0
NATCOPHARM,2025-12-31,8.46,647.0,151.0,159.0
NATHBIOGEN,2022-12-31,0.71,25.3,1.35,5.62
NATHBIOGEN,2023-03-31,0.76,44.99,1.43,3.93
NATHBIOGEN,2023-06-30,17.59,235.28,33.41,37.02
NATHBIOGEN,2023-09-30,0.79,22.57,1.5,4.99
NATHBIOGEN,2023-12-31,2.02,31.74,3.82,5.65
NATHBIOGEN,2024-03-31,1.38,43.04,2.62,3.93
NATHBIOGEN,2024-06-30,17.55,243.88,33.35,36.54
NATHBIOGEN,2024-09-30,0.58,32.19,1.11,4.81
NATHBIOGEN,2024-12-31,1.39,36.87,2.65,8.04
NATHBIOGEN,2025-03-31,0.78,51.97,1.48,0.42
NATHBIOGEN,2025-06-30,19.62,283.7,37.28,38.29
NATHBIOGEN,2025-09-30,2.54,43.85,4.82,6.11
NATHBIOGEN,2025-12-31,0.84,65.96,1.6,3.57
NATIONALUM,2023-03-31,2.7,3671.0,495.0,740.0
NATIONALUM,2023-06-30,1.82,3179.0,334.0,579.0
NATIONALUM,2023-09-30,1.02,3043.0,187.0,378.0
NATIONALUM,2023-12-31,2.56,3348.0,471.0,756.0
NATIONALUM,2024-03-31,5.43,3579.0,997.0,1088.0
NATIONALUM,2024-06-30,3.2,2856.0,588.0,921.0
NATIONALUM,2024-09-30,5.7,4001.0,1046.0,1533.0
NATIONALUM,2024-12-31,8.53,4662.0,1566.0,2311.0
NATIONALUM,2025-03-31,11.26,5268.0,2067.0,2743.0
NATIONALUM,2025-06-30,5.71,3807.0,1049.0,1478.0
NATIONALUM,2025-09-30,7.79,4292.0,1430.0,1923.0
NATIONALUM,2025-12-31,8.69,4731.0,1595.0,2173.0
NATIONALUM,2026-03-31,9.38,5013.0,1722.0,2349.0
NAUKRI,2022-12-31,-1.8,590.0,46.0,155.0
NAUKRI,2023-03-31,-4.22,605.0,-503.0,107.0
NAUKRI,2023-06-30,2.46,626.0,147.0,181.0
NAUKRI,2023-09-30,3.18,626.0,240.0,130.0
NAUKRI,2023-12-31,2.34,627.0,119.0,183.0
NAUKRI,2024-03-31,0.93,657.0,88.0,204.0
NAUKRI,2024-06-30,3.6,677.0,259.0,210.0
NAUKRI,2024-09-30,0.36,701.0,85.0,154.0
NAUKRI,2024-12-31,3.74,722.0,288.0,266.0
NAUKRI,2025-03-31,7.15,750.0,678.0,232.0
NAUKRI,2025-06-30,4.57,791.0,343.0,260.0
NAUKRI,2025-09-30,4.88,805.0,348.0,280.0
NAUKRI,2025-12-31,4.19,819.0,317.0,294.0
NAVA,2022-12-31,8.44,880.0,363.0,399.0
NAVA,2023-03-31,8.5,881.0,341.0,347.0
NAVA,2023-06-30,9.0,1042.0,343.0,536.0
NAVA,2023-09-30,5.11,922.0,193.0,359.0
NAVA,2023-12-31,11.31,930.0,465.0,410.0
NAVA,2024-03-31,7.11,924.0,255.0,382.0
NAVA,2024-06-30,12.26,1222.0,446.0,590.0
NAVA,2024-09-30,8.65,900.0,332.0,414.0
NAVA,2024-12-31,8.63,842.0,353.0,450.0
NAVA,2025-03-31,8.28,1018.0,303.0,382.0
NAVA,2025-06-30,10.88,1193.0,399.0,588.0
NAVA,2025-09-30,4.58,964.0,178.0,315.0
NAVA,2025-12-31,7.84,991.0,326.0,443.0
NAVINFLUOR,2023-03-31,27.5,697.0,136.0,202.0
NAVINFLUOR,2023-06-30,12.41,491.0,62.0,114.0
NAVINFLUOR,2023-09-30,12.22,472.0,61.0,98.0
NAVINFLUOR,2023-12-31,15.74,500.0,78.0,76.0
NAVINFLUOR,2024-03-31,14.19,602.0,70.0,110.0
NAVINFLUOR,2024-06-30,10.32,524.0,51.0,100.0
NAVINFLUOR,2024-09-30,11.86,519.0,59.0,107.0
NAVINFLUOR,2024-12-31,16.86,606.0,84.0,147.0
NAVINFLUOR,2025-03-31,19.15,701.0,95.0,179.0
NAVINFLUOR,2025-06-30,23.62,725.0,117.0,207.0
NAVINFLUOR,2025-09-30,28.96,758.0,148.0,246.0
NAVINFLUOR,2025-12-31,36.18,892.0,185.0,308.0
NAVINFLUOR,2026-03-31,41.48,938.0,213.0,321.0
NAVKARCORP,2014-12-31,8.6,84.0,16.0,28.0
NAVKARCORP,2015-03-31,1.13,84.0,12.0,31.0
NAVKARCORP,2015-06-30,1.52,82.0,17.0,31.0
NAVKARCORP,2015-09-30,1.4,86.0,20.0,30.0
NAVKARCORP,2015-12-31,1.87,88.0,27.0,34.0
NAVKARCORP,2016-06-30,1.65,90.0,24.0,35.0
NAVKARCORP,2016-09-30,1.57,90.0,22.0,34.0
NAVKARCORP,2016-12-31,1.36,92.0,19.0,33.0
NAVKARCORP,2017-03-31,1.42,99.0,20.0,35.0
NAVKARCORP,2017-06-30,1.52,99.0,22.0,39.0
NAVKARCORP,2017-09-30,1.74,108.0,25.0,40.0
NAVKARCORP,2017-12-31,1.56,106.0,23.0,38.0
NAVNETEDUL,2022-12-31,1.36,264.0,31.0,-1.0
NAVNETEDUL,2023-03-31,1.01,409.0,23.0,53.0
NAVNETEDUL,2023-06-30,6.41,791.0,145.0,209.0
NAVNETEDUL,2023-09-30,1.57,266.0,36.0,-4.0
NAVNETEDUL,2023-12-31,-0.58,259.0,-13.0,-2.0
NAVNETEDUL,2024-03-31,2.11,435.0,48.0,80.0
NAVNETEDUL,2024-06-30,31.08,798.0,747.0,221.0
NAVNETEDUL,2024-09-30,-0.23,272.0,-5.0,2.0
NAVNETEDUL,2024-12-31,0.63,282.0,15.0,18.0
NAVNETEDUL,2025-03-31,2.17,434.0,48.0,79.0
NAVNETEDUL,2025-06-30,7.1,794.0,157.0,227.0
NAVNETEDUL,2025-09-30,-0.68,247.0,-15.0,1.0
NAVNETEDUL,2025-12-31,7.78,250.0,188.0,-8.0
NAZARA,2022-12-31,0.62,314.83,20.12,30.01
NAZARA,2023-03-31,0.1,289.32,9.37,27.31
NAZARA,2023-06-30,0.74,254.43,20.86,33.02
NAZARA,2023-09-30,0.75,297.24,24.18,26.68
NAZARA,2023-12-31,0.88,320.4,29.52,36.33
NAZARA,2024-03-31,0.28,266.21,0.18,1.56
NAZARA,2024-06-30,0.74,250.08,23.62,24.23
NAZARA,2024-09-30,0.72,318.94,16.24,23.93
NAZARA,2024-12-31,0.9,534.69,13.68,36.71
NAZARA,2025-03-31,0.18,520.2,4.07,29.12
NAZARA,2025-06-30,1.85,498.77,51.34,23.19
NAZARA,2025-09-30,-0.79,526.46,-33.93,-163.88
NAZARA,2025-12-31,0.27,405.97,8.84,67.7
NBCC,2022-12-31,0.26,2136.0,71.0,95.0
NBCC,2023-03-31,0.4,2813.0,114.0,104.0
NBCC,2023-06-30,0.28,1918.0,77.0,57.0
NBCC,2023-09-30,0.29,2059.0,82.0,96.0
NBCC,2023-12-31,0.41,2424.0,114.0,117.0
NBCC,2024-03-31,0.5,3996.0,141.0,243.0
NBCC,2024-06-30,0.39,2143.0,107.0,92.0
NBCC,2024-09-30,0.45,2446.0,125.0,100.0
NBCC,2024-12-31,0.51,2809.0,142.0,144.0
NBCC,2025-03-31,0.65,4643.0,183.0,290.0
NBCC,2025-06-30,0.49,2391.0,135.0,110.0
NBCC,2025-09-30,0.57,2914.0,157.0,104.0
NBCC,2025-12-31,0.71,3022.0,197.0,114.0
NBIFIN,2024-12-31,1.38,,0.34,
NBIFIN,2025-03-31,13.57,,4.01,
NBIFIN,2025-06-30,-1.18,,-0.35,
NBIFIN,2025-09-30,20.41,,6.03,
NBIFIN,2025-12-31,21.96,,6.49,
NCC,2022-12-31,2.51,3910.0,168.0,376.0
NCC,2023-03-31,3.04,4949.0,203.0,465.0
NCC,2023-06-30,2.76,4380.0,184.0,409.0
NCC,2023-09-30,1.23,4720.0,86.0,304.0
NCC,2023-12-31,3.51,5260.0,231.0,505.0
NCC,2024-03-31,3.81,6485.0,239.0,551.0
NCC,2024-06-30,3.34,5528.0,223.0,478.0
NCC,2024-09-30,2.6,5196.0,175.0,443.0
NCC,2024-12-31,3.08,5345.0,206.0,441.0
NCC,2025-03-31,4.04,6131.0,265.0,555.0
NCC,2025-06-30,3.06,5179.0,205.0,456.0
NCC,2025-09-30,2.46,4543.0,167.0,393.0
NCC,2025-12-31,1.95,4868.0,135.0,436.0
NCLIND,2022-12-31,4.46,419.0,20.0,53.0
NCLIND,2023-03-31,2.17,435.0,10.0,38.0
NCLIND,2023-06-30,6.82,441.0,31.0,63.0
NCLIND,2023-09-30,3.02,391.0,14.0,39.0
NCLIND,2023-12-31,5.47,505.0,25.0,57.0
NCLIND,2024-03-31,5.3,419.0,24.0,48.0
NCLIND,2024-06-30,2.82,355.0,13.0,36.0
NCLIND,2024-09-30,0.55,330.0,3.0,34.0
NCLIND,2024-12-31,0.66,341.0,3.0,19.0
NCLIND,2025-03-31,1.53,383.0,7.0,20.0
NCLIND,2025-06-30,4.48,338.0,20.0,51.0
NCLIND,2025-09-30,4.4,345.0,20.0,49.0
NCLIND,2025-12-31,2.93,343.0,13.0,36.0
NDGL,2022-12-31,145.1,,15.0,
NDGL,2023-03-31,27.9,,3.0,
NDGL,2023-06-30,90.3,,9.0,
NDGL,2023-09-30,166.8,,17.0,
NDGL,2023-12-31,84.5,,8.0,
NDGL,2024-03-31,-3.1,,0.0,
NDGL,2024-06-30,173.3,,17.0,
NDGL,2024-09-30,115.0,,12.0,
NDGL,2024-12-31,110.2,,11.0,
NDGL,2025-03-31,-53.6,,-13.0,
NDGL,2025-06-30,273.5,,34.0,
NDGL,2025-09-30,-20.1,,7.0,
NDGL,2025-12-31,-79.3,,-11.0,
NDLVENTURE,2019-09-30,32.09,257.0,124.0,32.0
NDLVENTURE,2019-12-31,16.88,298.0,53.0,78.0
NDLVENTURE,2020-03-31,-80.78,215.0,-234.0,-177.0
NDLVENTURE,2020-06-30,-7.96,228.0,-30.0,44.0
NDLVENTURE,2020-09-30,-3.41,230.0,0.0,46.0
NDLVENTURE,2020-12-31,-1.58,251.0,2.0,54.0
NDLVENTURE,2021-03-31,3.15,265.0,14.0,55.0
NDLVENTURE,2021-06-30,-9.39,247.0,-29.0,31.0
NDLVENTURE,2021-09-30,-8.87,271.0,-27.0,45.0
NDLVENTURE,2021-12-31,-8.97,250.0,-27.0,37.0
NDLVENTURE,2022-03-31,23.46,313.0,84.0,69.0
NDLVENTURE,2022-06-30,-11.53,237.0,-39.0,12.0
NDLVENTURE,2022-09-30,-14.23,245.0,-46.0,31.0
NDRAUTO,2022-12-31,2.39,106.0,6.0,7.0
NDRAUTO,2023-03-31,4.18,130.0,10.0,11.0
NDRAUTO,2023-06-30,3.46,128.0,8.0,11.0
NDRAUTO,2023-09-30,4.34,158.0,10.0,15.0
NDRAUTO,2023-12-31,3.59,140.0,9.0,13.0
NDRAUTO,2024-03-31,4.88,176.0,12.0,16.0
NDRAUTO,2024-06-30,4.84,171.0,12.0,17.0
NDRAUTO,2024-09-30,5.02,174.0,12.0,17.0
NDRAUTO,2024-12-31,5.63,175.0,13.0,19.0
NDRAUTO,2025-03-31,6.89,192.0,16.0,21.0
NDRAUTO,2025-06-30,5.72,185.0,14.0,20.0
NDRAUTO,2025-09-30,6.24,200.0,15.0,22.0
NDRAUTO,2025-12-31,6.39,208.0,15.0,23.0
NDTV,2023-03-31,0.05,67.0,-1.0,-15.0
NDTV,2023-06-30,-0.72,70.0,-8.0,-10.0
NDTV,2023-09-30,0.52,96.0,6.0,5.0
NDTV,2023-12-31,-0.85,98.0,-10.0,-9.0
NDTV,2024-03-31,-0.75,107.0,-9.0,-16.0
NDTV,2024-06-30,-4.14,94.0,-47.0,-46.0
NDTV,2024-09-30,-4.68,111.0,-53.0,-43.0
NDTV,2024-12-31,-4.94,133.0,-55.0,-42.0
NDTV,2025-03-31,-5.4,127.0,-62.0,-49.0
NDTV,2025-06-30,-6.24,108.0,-70.0,-58.0
NDTV,2025-09-30,-6.57,122.0,-74.0,-57.0
NDTV,2025-12-31,-7.11,150.0,-80.0,-61.0
NDTV,2026-03-31,-8.67,148.0,-99.0,-85.0
NEAGI,2022-12-31,95.8,5.59,5.96,-1.51
NEAGI,2023-03-31,36.81,5.54,2.29,-2.61
NEAGI,2023-06-30,55.62,5.22,3.46,-0.9
NEAGI,2023-09-30,287.9,7.82,17.91,0.19
NEAGI,2023-12-31,159.78,7.1,9.94,-0.93
NEAGI,2024-03-31,124.1,5.21,7.72,-2.18
NEAGI,2024-06-30,65.58,6.53,4.08,-0.23
NEAGI,2024-09-30,98.38,6.3,6.12,-0.03
NEAGI,2024-12-31,141.78,5.86,8.82,-1.78
NEAGI,2025-03-31,67.19,4.56,4.18,-2.25
NEAGI,2025-06-30,123.77,6.43,7.7,-0.2
NEAGI,2025-09-30,86.48,4.87,5.38,-0.97
NEAGI,2025-12-31,151.42,7.17,9.42,-0.19
NECCLTD,2014-09-30,0.14,118.22,1.33,4.5
NECCLTD,2014-12-31,0.04,130.64,0.34,3.79
NECCLTD,2015-03-31,0.2,139.47,1.91,4.89
NECCLTD,2015-06-30,0.14,130.47,1.35,4.6
NECCLTD,2015-09-30,0.17,128.18,1.65,4.97
NECCLTD,2015-12-31,0.07,134.25,0.64,4.17
NECCLTD,2016-03-31,0.21,145.46,1.99,5.53
NECCLTD,2016-06-30,0.14,136.74,1.29,4.4
NECCLTD,2016-09-30,0.18,124.24,1.7,4.61
NECCLTD,2016-12-31,0.12,144.73,1.11,4.28
NECCLTD,2017-03-31,0.16,142.29,1.5,5.77
NECCLTD,2017-06-30,0.14,140.31,1.32,5.22
NECCLTD,2017-09-30,0.05,76.04,0.51,1.98
NECLIFE,2022-12-31,-0.41,344.0,-9.0,1.0
NECLIFE,2023-03-31,0.16,389.0,4.0,18.0
NECLIFE,2023-06-30,0.08,394.0,2.0,36.0
NECLIFE,2023-09-30,0.05,398.0,1.0,27.0
NECLIFE,2023-12-31,0.07,452.0,2.0,42.0
NECLIFE,2024-03-31,0.03,441.0,1.0,48.0
NECLIFE,2024-06-30,0.13,359.0,3.0,40.0
NECLIFE,2024-09-30,0.25,6.0,6.0,-1.0
NECLIFE,2024-12-31,0.35,0.0,8.0,0.0
NECLIFE,2025-03-31,-5.8,431.0,-130.0,-154.0
NECLIFE,2025-06-30,-2.82,5.0,-63.0,-1.0
NECLIFE,2025-09-30,-7.85,1.0,-176.0,1.0
NECLIFE,2025-12-31,0.64,0.0,14.0,-2.0
NELCAST,2022-12-31,0.61,327.0,5.0,15.0
NELCAST,2023-03-31,0.51,313.0,4.0,19.0
NELCAST,2023-06-30,0.83,293.0,7.0,19.0
NELCAST,2023-09-30,1.91,358.0,17.0,32.0
NELCAST,2023-12-31,2.93,320.0,26.0,26.0
NELCAST,2024-03-31,0.58,295.0,5.0,16.0
NELCAST,2024-06-30,0.91,300.0,8.0,20.0
NELCAST,2024-09-30,1.13,330.0,10.0,21.0
NELCAST,2024-12-31,0.69,291.0,6.0,17.0
NELCAST,2025-03-31,1.56,330.0,14.0,30.0
NELCAST,2025-06-30,1.44,332.0,12.0,28.0
NELCAST,2025-09-30,0.55,299.0,5.0,17.0
NELCAST,2025-12-31,1.83,330.0,16.0,33.0
NELCO,2023-03-31,2.48,81.98,5.66,16.82
NELCO,2023-06-30,2.51,78.8,5.73,14.44
NELCO,2023-09-30,2.49,76.65,5.69,13.91
NELCO,2023-12-31,2.7,83.24,6.15,16.32
NELCO,2024-03-31,2.67,81.61,6.1,14.72
NELCO,2024-06-30,2.0,74.08,4.56,12.32
NELCO,2024-09-30,1.8,82.55,4.1,10.84
NELCO,2024-12-31,2.17,80.72,4.95,12.18
NELCO,2025-03-31,-1.79,67.52,-4.08,6.44
NELCO,2025-06-30,0.79,74.79,1.8,7.74
NELCO,2025-09-30,0.71,74.33,1.62,7.47
NELCO,2025-12-31,-0.52,78.3,-1.19,7.82
NELCO,2026-03-31,0.48,79.18,1.09,5.47
NEOGEN,2022-12-31,5.89,186.25,14.69,30.12
NEOGEN,2023-03-31,5.74,203.92,14.31,32.59
NEOGEN,2023-06-30,3.91,164.88,9.75,28.06
NEOGEN,2023-09-30,3.18,161.71,7.92,25.92
NEOGEN,2023-12-31,0.4,164.44,1.06,20.29
NEOGEN,2024-03-31,6.42,199.65,16.93,35.79
NEOGEN,2024-06-30,4.35,179.95,11.47,30.8
NEOGEN,2024-09-30,4.15,193.36,10.96,34.51
NEOGEN,2024-12-31,3.79,201.43,10.01,34.64
NEOGEN,2025-03-31,0.91,202.82,2.41,36.38
NEOGEN,2025-06-30,3.89,186.73,10.26,31.51
NEOGEN,2025-09-30,1.28,208.66,3.37,29.96
NEOGEN,2025-12-31,1.4,220.02,3.69,31.9
NEPHROPLUS,2024-12-31,96.5,197.0,20.0,44.0
NEPHROPLUS,2025-09-30,-5.24,246.0,-9.0,64.0
NEPHROPLUS,2025-12-31,3.21,260.0,32.0,61.0
NESCO,2022-12-31,9.95,143.0,70.0,82.0
NESCO,2023-03-31,12.05,157.0,85.0,99.0
NESCO,2023-06-30,10.8,137.0,76.0,86.0
NESCO,2023-09-30,12.46,175.0,88.0,109.0
NESCO,2023-12-31,13.31,178.0,94.0,114.0
NESCO,2024-03-31,14.92,189.0,105.0,117.0
NESCO,2024-06-30,9.9,141.0,70.0,86.0
NESCO,2024-09-30,15.17,192.0,107.0,120.0
NESCO,2024-12-31,15.6,207.0,110.0,125.0
NESCO,2025-03-31,12.58,192.0,89.0,107.0
NESCO,2025-06-30,13.64,193.0,96.0,110.0
NESCO,2025-09-30,16.88,239.0,119.0,136.0
NESCO,2025-12-31,14.85,248.0,105.0,126.0
NESTLEIND,2023-12-31,3.4,4600.0,656.0,1095.0
NESTLEIND,2024-06-30,3.87,4814.0,747.0,1114.0
NESTLEIND,2024-09-30,4.66,5104.0,899.0,1164.0
NESTLEIND,2024-12-31,3.57,4780.0,688.0,1095.0
NESTLEIND,2025-03-31,4.53,5504.0,873.0,1376.0
NESTLEIND,2025-06-30,3.35,5096.0,647.0,1088.0
NESTLEIND,2025-09-30,3.85,5644.0,743.0,1227.0
NESTLEIND,2025-12-31,5.18,5667.0,998.0,1181.0
NESTLEIND,2026-03-31,5.76,6748.0,1111.0,1768.0
NETWORK18,2023-03-31,-0.35,1484.0,-35.0,57.0
NETWORK18,2023-06-30,-0.37,3239.0,29.0,-84.0
NETWORK18,2023-09-30,-0.79,1866.0,-119.0,-218.0
NETWORK18,2023-12-31,-0.56,1774.0,-102.0,-172.0
NETWORK18,2024-03-31,-1.05,2419.0,-196.0,-190.0
NETWORK18,2024-06-30,-1.2,3141.0,-195.0,-148.0
NETWORK18,2024-09-30,-0.92,1825.0,-152.0,-179.0
NETWORK18,2024-12-31,-9.31,1360.0,-1400.0,-22.0
NETWORK18,2025-03-31,-0.2,561.0,-29.0,19.0
NETWORK18,2025-06-30,0.96,468.0,149.0,4.0
NETWORK18,2025-09-30,0.26,498.0,41.0,0.0
NETWORK18,2025-12-31,-0.04,539.0,-5.0,10.0
NETWORK18,2026-03-31,-0.2,616.0,-30.0,30.0
NEULANDLAB,2022-12-31,23.81,269.0,31.0,54.0
NEULANDLAB,2023-03-31,65.89,407.0,85.0,120.0
NEULANDLAB,2023-06-30,48.23,363.0,62.0,97.0
NEULANDLAB,2023-09-30,69.56,418.0,89.0,137.0
NEULANDLAB,2023-12-31,63.44,393.0,81.0,121.0
NEULANDLAB,2024-03-31,52.66,385.0,68.0,107.0
NEULANDLAB,2024-06-30,76.28,440.0,98.0,123.0
NEULANDLAB,2024-09-30,25.6,311.0,33.0,62.0
NEULANDLAB,2024-12-31,79.18,398.0,102.0,87.0
NEULANDLAB,2025-03-31,21.68,328.0,28.0,51.0
NEULANDLAB,2025-06-30,10.83,293.0,14.0,34.0
NEULANDLAB,2025-09-30,75.49,514.0,97.0,156.0
NEULANDLAB,2025-12-31,31.62,440.0,41.0,77.0
NEWGEN,2023-03-31,5.71,305.0,80.0,96.0
NEWGEN,2023-06-30,2.16,252.0,30.0,32.0
NEWGEN,2023-09-30,3.41,293.0,48.0,57.0
NEWGEN,2023-12-31,4.88,324.0,68.0,77.0
NEWGEN,2024-03-31,7.5,375.0,105.0,123.0
NEWGEN,2024-06-30,3.39,315.0,48.0,48.0
NEWGEN,2024-09-30,5.01,361.0,70.0,83.0
NEWGEN,2024-12-31,6.34,381.0,89.0,108.0
NEWGEN,2025-03-31,7.65,430.0,108.0,137.0
NEWGEN,2025-06-30,3.51,321.0,50.0,45.0
NEWGEN,2025-09-30,5.77,401.0,82.0,102.0
NEWGEN,2025-12-31,4.41,400.0,63.0,106.0
NEWGEN,2026-03-31,7.47,453.0,106.0,152.0
NEXTMEDIA,2022-03-31,-0.61,8.0,-7.0,-2.0
NEXTMEDIA,2022-06-30,-0.53,8.0,-6.0,0.0
NEXTMEDIA,2022-09-30,-0.58,8.0,-7.0,-1.0
NEXTMEDIA,2022-12-31,-0.45,10.0,-5.0,1.0
NEXTMEDIA,2023-03-31,-0.55,10.0,-6.0,-1.0
NEXTMEDIA,2023-06-30,-0.6,9.0,-7.0,-1.0
NEXTMEDIA,2023-09-30,-0.97,8.0,-12.0,-1.0
NEXTMEDIA,2023-12-31,-0.54,11.0,-6.0,0.0
NEXTMEDIA,2024-03-31,-1.21,11.0,-14.0,-1.0
NEXTMEDIA,2024-06-30,-0.67,9.0,-7.0,-1.0
NEXTMEDIA,2024-09-30,-0.68,8.0,-8.0,-1.0
NEXTMEDIA,2024-12-31,-0.56,10.0,-6.0,0.0
NEXTMEDIA,2025-03-31,11.42,3.0,75.0,0.0
NFL,2022-12-31,11.29,10137.0,554.0,902.0
NFL,2023-03-31,-4.81,6257.0,-236.0,-333.0
NFL,2023-06-30,-2.48,5048.0,-121.0,-12.0
NFL,2023-09-30,-1.78,5660.0,-87.0,-55.0
NFL,2023-12-31,3.08,7584.0,151.0,318.0
NFL,2024-03-31,4.23,5284.0,208.0,379.0
NFL,2024-06-30,-0.18,5092.0,-9.0,107.0
NFL,2024-09-30,0.25,4390.0,12.0,125.0
NFL,2024-12-31,0.93,5856.0,46.0,146.0
NFL,2025-03-31,2.75,4457.0,135.0,234.0
NFL,2025-06-30,-0.8,3534.0,-39.0,81.0
NFL,2025-09-30,-0.73,6763.0,-36.0,103.0
NFL,2025-12-31,2.76,6870.0,135.0,296.0
NGLFINE,2022-12-31,10.51,72.0,6.0,10.0
NGLFINE,2023-03-31,15.09,75.0,9.0,14.0
NGLFINE,2023-06-30,13.77,71.0,9.0,10.0
NGLFINE,2023-09-30,16.96,80.0,10.0,14.0
NGLFINE,2023-12-31,16.24,88.0,10.0,14.0
NGLFINE,2024-03-31,19.94,100.0,12.0,16.0
NGLFINE,2024-06-30,14.92,91.0,9.0,9.0
NGLFINE,2024-09-30,15.88,93.0,10.0,12.0
NGLFINE,2024-12-31,2.07,89.0,1.0,5.0
NGLFINE,2025-03-31,0.87,95.0,1.0,6.0
NGLFINE,2025-06-30,14.96,104.0,9.0,11.0
NGLFINE,2025-09-30,15.59,120.0,10.0,17.0
NGLFINE,2025-12-31,25.4,128.0,16.0,22.0
NH,2022-12-31,7.52,1128.0,154.0,254.0
NH,2023-03-31,8.47,1222.0,173.0,276.0
NH,2023-06-30,9.0,1233.0,184.0,271.0
NH,2023-09-30,11.09,1305.0,227.0,308.0
NH,2023-12-31,9.2,1204.0,188.0,279.0
NH,2024-03-31,9.33,1246.0,191.0,291.0
NH,2024-06-30,9.85,1306.0,202.0,302.0
NH,2024-09-30,9.72,1367.0,199.0,309.0
NH,2024-12-31,9.44,1335.0,193.0,307.0
NH,2025-03-31,9.65,1475.0,197.0,358.0
NH,2025-06-30,9.62,1507.0,197.0,337.0
NH,2025-09-30,12.64,1644.0,258.0,401.0
NH,2025-12-31,6.2,2151.0,127.0,365.0
NHPC,2022-12-31,0.67,2583.0,776.0,1200.0
NHPC,2023-03-31,0.65,2029.0,745.0,888.0
NHPC,2023-06-30,1.03,2757.0,1095.0,1505.0
NHPC,2023-09-30,1.54,2931.0,1693.0,1768.0
NHPC,2023-12-31,0.48,2056.0,623.0,752.0
NHPC,2024-03-31,0.54,1887.0,605.0,1152.0
NHPC,2024-06-30,1.02,2694.0,1102.0,1609.0
NHPC,2024-09-30,0.9,3052.0,1060.0,1805.0
NHPC,2024-12-31,0.23,2287.0,330.0,1015.0
NHPC,2025-03-31,0.85,2347.0,920.0,1090.0
NHPC,2025-06-30,1.06,3214.0,1131.0,1802.0
NHPC,2025-09-30,1.02,3365.0,1219.0,2027.0
NHPC,2025-12-31,0.22,2221.0,321.0,212.0
NIACL,2022-12-31,4.47,10558.0,736.0,891.0
NIACL,2023-03-31,0.77,10182.0,124.0,109.0
NIACL,2023-06-30,1.58,9900.0,261.0,343.0
NIACL,2023-09-30,-1.07,10567.0,-175.0,-246.0
NIACL,2023-12-31,4.38,11366.0,722.0,866.0
NIACL,2024-03-31,1.89,11686.0,313.0,434.0
NIACL,2024-06-30,1.45,10418.0,243.0,270.0
NIACL,2024-09-30,0.54,10786.0,91.0,140.0
NIACL,2024-12-31,2.12,10703.0,349.0,98.0
NIACL,2025-03-31,2.18,11664.0,356.0,426.0
NIACL,2025-06-30,2.43,11719.0,402.0,189.0
NIACL,2025-09-30,0.33,13450.0,55.0,-74.0
NIACL,2025-12-31,2.31,12069.0,380.0,206.0
NIBE,2022-12-31,0.7,15.0,1.0,3.0
NIBE,2023-03-31,-0.38,63.0,0.0,5.0
NIBE,2023-06-30,0.69,26.0,1.0,3.0
NIBE,2023-09-30,2.39,41.0,3.0,6.0
NIBE,2023-12-31,3.34,63.0,4.0,7.0
NIBE,2024-03-31,8.31,152.0,10.0,19.0
NIBE,2024-06-30,6.02,110.0,8.0,15.0
NIBE,2024-09-30,6.38,136.0,9.0,18.0
NIBE,2024-12-31,1.45,149.0,2.0,7.0
NIBE,2025-03-31,5.34,113.0,9.0,19.0
NIBE,2025-06-30,1.31,82.0,1.0,8.0
NIBE,2025-09-30,-5.82,73.0,-10.0,-4.0
NIBE,2025-12-31,-11.76,59.0,-19.0,-10.0
NIBL,2022-12-31,-0.77,22.0,-2.0,2.0
NIBL,2023-03-31,-1.47,22.0,-4.0,1.0
NIBL,2023-06-30,-2.63,17.0,-6.0,-2.0
NIBL,2023-09-30,-2.48,19.0,-6.0,-1.0
NIBL,2023-12-31,-2.61,18.0,-6.0,-2.0
NIBL,2024-03-31,-3.0,19.0,-7.0,-4.0
NIBL,2024-06-30,-3.31,14.0,-8.0,-3.0
NIBL,2024-09-30,-3.04,16.0,-7.0,-3.0
NIBL,2024-12-31,-2.26,17.0,-5.0,-1.0
NIBL,2025-03-31,16.31,16.0,40.0,-3.0
NIBL,2025-06-30,-2.1,19.0,-5.0,-1.0
NIBL,2025-09-30,-2.78,18.0,-7.0,-3.0
NIBL,2025-12-31,-4.49,19.0,-11.0,-4.0
NIITLTD,2022-12-31,1.06,93.19,15.69,6.89
NIITLTD,2023-03-31,-0.7,60.05,-9.45,-10.68
NIITLTD,2023-06-30,0.16,62.55,2.43,-7.86
NIITLTD,2023-09-30,0.79,81.41,10.61,1.43
NIITLTD,2023-12-31,1.06,85.18,15.06,7.12
NIITLTD,2024-03-31,0.83,74.34,11.39,0.5
NIITLTD,2024-06-30,0.57,82.48,8.2,-1.1
NIITLTD,2024-09-30,0.87,90.71,12.14,-1.05
NIITLTD,2024-12-31,0.99,98.11,13.99,6.89
NIITLTD,2025-03-31,0.97,86.29,13.7,-1.49
NIITLTD,2025-06-30,0.32,84.12,4.19,-9.84
NIITLTD,2025-09-30,0.1,104.95,0.65,-1.18
NIITLTD,2025-12-31,0.29,101.37,4.57,-0.9
NIITMTS,2022-12-31,,363.0,46.0,80.0
NIITMTS,2023-03-31,,386.0,54.0,87.0
NIITMTS,2023-06-30,4.1,382.0,55.0,85.0
NIITMTS,2023-09-30,3.48,382.0,47.0,90.0
NIITMTS,2023-12-31,4.2,391.0,57.0,90.0
NIITMTS,2024-03-31,4.02,398.0,54.0,97.0
NIITMTS,2024-06-30,4.42,407.0,60.0,96.0
NIITMTS,2024-09-30,4.2,397.0,57.0,88.0
NIITMTS,2024-12-31,4.54,419.0,62.0,92.0
NIITMTS,2025-03-31,3.58,430.0,49.0,80.0
NIITMTS,2025-06-30,3.61,451.0,49.0,90.0
NIITMTS,2025-09-30,3.43,476.0,47.0,93.0
NIITMTS,2025-12-31,5.42,500.0,74.0,96.0
NILAINFRA,2023-03-31,0.0,43.15,0.02,0.57
NILAINFRA,2023-06-30,0.01,24.43,0.23,-0.29
NILAINFRA,2023-09-30,0.06,39.16,2.48,2.37
NILAINFRA,2023-12-31,0.08,34.31,3.21,4.06
NILAINFRA,2024-03-31,0.14,86.75,5.33,5.15
NILAINFRA,2024-06-30,0.13,41.31,4.99,4.22
NILAINFRA,2024-09-30,0.13,39.81,5.24,5.41
NILAINFRA,2024-12-31,0.12,52.34,4.91,5.4
NILAINFRA,2025-03-31,0.14,113.42,5.36,7.1
NILAINFRA,2025-06-30,0.17,92.6,6.71,8.82
NILAINFRA,2025-09-30,0.15,74.04,6.08,8.1
NILAINFRA,2025-12-31,0.12,75.03,4.65,6.97
NILAINFRA,2026-03-31,0.15,81.04,5.85,8.47
NILASPACES,2022-12-31,-0.04,0.0,-1.39,-2.55
NILASPACES,2023-03-31,-0.07,0.0,-2.77,-4.13
NILASPACES,2023-06-30,-0.01,0.0,-0.25,-1.03
NILASPACES,2023-09-30,-0.0,0.0,-0.14,-1.14
NILASPACES,2023-12-31,0.3,58.42,11.63,7.31
NILASPACES,2024-03-31,0.06,32.29,2.18,5.71
NILASPACES,2024-06-30,0.06,31.11,2.56,6.26
NILASPACES,2024-09-30,0.09,31.91,3.68,7.65
NILASPACES,2024-12-31,0.1,33.02,3.75,9.1
NILASPACES,2025-03-31,0.12,39.76,4.69,10.12
NILASPACES,2025-06-30,0.15,40.83,5.84,12.09
NILASPACES,2025-09-30,0.14,42.18,5.34,9.88
NILASPACES,2025-12-31,0.2,52.2,8.18,18.01
NILE,2022-12-31,16.32,216.0,5.0,8.0
NILE,2023-03-31,28.45,217.0,9.0,13.0
NILE,2023-06-30,16.82,161.0,5.0,8.0
NILE,2023-09-30,27.25,251.0,8.0,12.0
NILE,2023-12-31,39.54,252.0,12.0,17.0
NILE,2024-03-31,20.19,174.0,6.0,9.0
NILE,2024-06-30,27.02,245.0,8.0,13.0
NILE,2024-09-30,27.88,252.0,8.0,13.0
NILE,2024-12-31,33.85,233.0,10.0,16.0
NILE,2025-03-31,32.35,190.0,10.0,15.0
NILE,2025-06-30,49.7,245.0,15.0,22.0
NILE,2025-09-30,38.64,274.0,12.0,18.0
NILE,2025-12-31,49.77,291.0,15.0,22.0
NILKAMAL,2022-12-31,22.23,754.0,33.0,76.0
NILKAMAL,2023-03-31,32.31,829.0,48.0,97.0
NILKAMAL,2023-06-30,21.73,783.0,32.0,74.0
NILKAMAL,2023-09-30,16.76,776.0,25.0,62.0
NILKAMAL,2023-12-31,19.63,803.0,29.0,73.0
NILKAMAL,2024-03-31,23.8,834.0,36.0,81.0
NILKAMAL,2024-06-30,12.25,743.0,18.0,56.0
NILKAMAL,2024-09-30,21.8,822.0,33.0,77.0
NILKAMAL,2024-12-31,14.4,854.0,22.0,63.0
NILKAMAL,2025-03-31,22.87,894.0,34.0,85.0
NILKAMAL,2025-06-30,10.21,883.0,15.0,58.0
NILKAMAL,2025-09-30,22.5,968.0,34.0,85.0
NILKAMAL,2025-12-31,16.93,962.0,25.0,90.0
NIMBSPROJ,2022-12-31,7.4,1.0,8.0,0.0
NIMBSPROJ,2023-03-31,-8.09,1.0,-9.0,-3.0
NIMBSPROJ,2023-06-30,0.42,1.0,0.0,-1.0
NIMBSPROJ,2023-09-30,-2.14,0.0,-2.0,-1.0
NIMBSPROJ,2023-12-31,-2.9,0.0,-3.0,-2.0
NIMBSPROJ,2024-03-31,21.01,5.0,23.0,-2.0
NIMBSPROJ,2024-06-30,32.55,169.0,27.0,-10.0
NIMBSPROJ,2024-09-30,60.41,6.0,96.0,-17.0
NIMBSPROJ,2024-12-31,49.34,2.0,53.0,108.0
NIMBSPROJ,2025-03-31,-104.92,1.0,-114.0,-147.0
NIMBSPROJ,2025-06-30,-14.9,4.0,-36.0,-47.0
NIMBSPROJ,2025-09-30,9.04,4.0,20.0,6.0
NIMBSPROJ,2025-12-31,-21.2,2.0,-41.0,-23.0
NIPPOBATRY,2022-12-31,-1.49,149.19,-1.25,6.46
NIPPOBATRY,2023-03-31,-3.47,143.19,-1.62,4.56
NIPPOBATRY,2023-06-30,-0.71,131.85,-3.33,2.13
NIPPOBATRY,2023-09-30,5.73,171.5,3.04,7.69
NIPPOBATRY,2023-12-31,4.59,168.32,5.84,13.23
NIPPOBATRY,2024-03-31,3.2,168.93,9.08,17.65
NIPPOBATRY,2024-06-30,178.12,121.15,131.77,-10.06
NIPPOBATRY,2024-09-30,2.89,127.57,2.17,0.89
NIPPOBATRY,2024-12-31,-16.09,121.63,-12.07,-11.16
NIPPOBATRY,2025-03-31,0.11,97.11,0.08,-1.94
NIPPOBATRY,2025-06-30,1.36,119.44,1.02,2.79
NIPPOBATRY,2025-09-30,1.84,119.6,1.13,3.96
NIPPOBATRY,2025-12-31,-10.45,106.31,-7.85,-6.82
NIRAJ,2022-12-31,0.16,105.0,0.66,0.74
NIRAJ,2023-03-31,0.63,314.26,2.52,6.51
NIRAJ,2023-06-30,0.09,99.07,0.36,-0.64
NIRAJ,2023-09-30,0.2,111.07,0.8,2.11
NIRAJ,2023-12-31,0.33,126.66,1.31,3.76
NIRAJ,2024-03-31,1.86,133.99,7.47,8.31
NIRAJ,2024-06-30,0.21,82.61,0.83,0.32
NIRAJ,2024-09-30,0.98,138.09,3.92,5.25
NIRAJ,2024-12-31,0.5,119.77,2.17,2.36
NIRAJ,2025-03-31,1.42,167.03,8.47,8.23
NIRAJ,2025-06-30,0.17,94.54,1.0,-0.98
NIRAJ,2025-09-30,1.48,171.74,8.81,9.63
NIRAJ,2025-12-31,0.95,139.88,5.67,6.33
NITCO,2022-12-31,-4.8,113.0,-34.0,-2.0
NITCO,2023-03-31,-5.86,106.0,-42.0,-16.0
NITCO,2023-06-30,-4.56,92.0,-33.0,-5.0
NITCO,2023-09-30,-4.4,81.0,-32.0,-2.0
NITCO,2023-12-31,-6.07,80.0,-45.0,-14.0
NITCO,2024-03-31,-7.65,72.0,-53.0,-22.0
NITCO,2024-06-30,-6.06,70.0,-44.0,-11.0
NITCO,2024-09-30,-4.81,66.0,-35.0,-13.0
NITCO,2024-12-31,-91.87,85.0,-660.0,-5.0
NITCO,2025-03-31,-0.12,94.0,-3.0,-6.0
NITCO,2025-06-30,2.08,150.0,47.0,50.0
NITCO,2025-09-30,0.04,108.0,1.0,-14.0
NITCO,2025-12-31,-0.52,132.0,-12.0,-6.0
NITIRAJ,2019-12-31,1.11,26.0,1.14,2.25
NITIRAJ,2020-03-31,1.24,21.87,1.27,1.35
NITIRAJ,2020-06-30,-0.51,7.07,-0.52,0.3
NITIRAJ,2020-09-30,0.67,11.64,0.69,1.57
NITIRAJ,2021-03-31,0.64,15.19,0.66,1.62
NITIRAJ,2021-06-30,-0.4,4.99,-0.41,0.31
NITIRAJ,2021-09-30,-0.09,8.78,-0.09,0.67
NITIRAJ,2021-12-31,0.08,12.27,0.08,0.96
NITIRAJ,2022-03-31,-3.03,13.59,-3.11,-0.34
NITIRAJ,2022-06-30,-0.29,7.5,-0.3,0.6
NITIRAJ,2022-09-30,-0.27,15.85,-0.28,0.81
NITIRAJ,2022-12-31,0.35,11.36,0.36,1.08
NITIRAJ,2023-03-31,-0.0,11.37,-0.0,0.95
NITTAGELA,2023-03-31,17.82,146.0,17.0,27.0
NITTAGELA,2023-06-30,30.32,128.0,28.0,39.0
NITTAGELA,2023-09-30,23.45,140.0,22.0,31.0
NITTAGELA,2023-12-31,21.9,134.0,21.0,32.0
NITTAGELA,2024-03-31,15.36,130.0,13.0,20.0
NITTAGELA,2024-06-30,21.65,130.0,20.0,29.0
NITTAGELA,2024-09-30,22.26,132.0,20.0,26.0
NITTAGELA,2024-12-31,26.92,135.0,24.0,27.0
NITTAGELA,2025-03-31,21.62,129.0,20.0,23.0
NITTAGELA,2025-06-30,21.11,139.0,19.0,27.0
NITTAGELA,2025-09-30,20.3,138.0,18.0,26.0
NITTAGELA,2025-12-31,28.16,150.0,26.0,38.0
NITTAGELA,2026-03-31,37.54,162.0,34.0,45.0
NKIND,2022-12-31,-0.33,4.77,-0.2,0.55
NKIND,2023-03-31,0.63,8.63,0.38,0.73
NKIND,2023-06-30,-1.13,4.88,-0.68,0.12
NKIND,2023-09-30,-1.31,4.45,-0.79,-0.1
NKIND,2023-12-31,-0.67,4.44,-0.4,0.25
NKIND,2024-03-31,1.4,5.96,0.84,1.72
NKIND,2024-06-30,0.15,4.38,0.09,0.83
NKIND,2024-09-30,-0.92,4.0,-0.55,-0.01
NKIND,2024-12-31,-0.72,3.86,-0.43,0.18
NKIND,2025-03-31,-4.43,4.58,-2.66,-2.07
NKIND,2025-06-30,-1.15,3.92,-0.69,-0.23
NKIND,2025-09-30,-3.38,3.58,-2.03,-1.29
NKIND,2025-12-31,-1.35,2.72,-0.81,-0.1
NLCINDIA,2022-12-31,-2.93,3679.0,-396.0,-278.0
NLCINDIA,2023-03-31,5.98,5134.0,837.0,1236.0
NLCINDIA,2023-06-30,2.92,3316.0,414.0,1194.0
NLCINDIA,2023-09-30,7.82,2978.0,1086.0,835.0
NLCINDIA,2023-12-31,1.81,3164.0,254.0,905.0
NLCINDIA,2024-03-31,0.82,3541.0,114.0,333.0
NLCINDIA,2024-06-30,4.03,3376.0,567.0,1082.0
NLCINDIA,2024-09-30,6.58,3657.0,982.0,1013.0
NLCINDIA,2024-12-31,4.82,4411.0,696.0,1035.0
NLCINDIA,2025-03-31,3.48,3836.0,468.0,861.0
NLCINDIA,2025-06-30,5.75,3826.0,839.0,935.0
NLCINDIA,2025-09-30,4.8,4178.0,725.0,1400.0
NLCINDIA,2025-12-31,4.8,4443.0,724.0,1344.0
NMDC,2022-12-31,1.04,3720.0,914.0,1141.0
NMDC,2023-03-31,2.58,5851.0,2272.0,2162.0
NMDC,2023-06-30,1.88,5395.0,1653.0,1994.0
NMDC,2023-09-30,1.17,4014.0,1026.0,1190.0
NMDC,2023-12-31,1.69,5410.0,1482.0,2007.0
NMDC,2024-03-31,1.61,6489.0,1410.0,2102.0
NMDC,2024-06-30,2.24,5414.0,1969.0,2340.0
NMDC,2024-09-30,1.38,4919.0,1205.0,1386.0
NMDC,2024-12-31,2.14,6568.0,1880.0,2372.0
NMDC,2025-03-31,1.68,7005.0,1477.0,2051.0
NMDC,2025-06-30,2.24,6739.0,1968.0,2478.0
NMDC,2025-09-30,1.93,6378.0,1698.0,1993.0
NMDC,2025-12-31,2.0,7611.0,1757.0,2144.0
NOCIL,2022-12-31,1.12,325.72,18.62,37.58
NOCIL,2023-03-31,1.7,392.72,28.32,49.73
NOCIL,2023-06-30,2.06,396.67,34.3,55.83
NOCIL,2023-09-30,1.63,350.88,27.16,45.29
NOCIL,2023-12-31,1.8,340.62,30.0,48.85
NOCIL,2024-03-31,2.49,356.5,41.54,44.62
NOCIL,2024-06-30,1.62,372.17,27.06,41.05
NOCIL,2024-09-30,2.52,362.7,42.13,37.8
NOCIL,2024-12-31,0.77,318.13,12.9,24.03
NOCIL,2025-03-31,1.24,339.69,20.79,34.2
NOCIL,2025-06-30,1.03,336.22,17.26,30.58
NOCIL,2025-09-30,0.73,320.56,12.12,22.32
NOCIL,2025-12-31,0.55,315.84,9.25,26.82
NOIDATOLL,2022-12-31,-0.45,7.0,-8.0,1.0
NOIDATOLL,2023-03-31,-0.54,5.0,-10.0,-1.0
NOIDATOLL,2023-06-30,-0.49,3.0,-9.0,0.0
NOIDATOLL,2023-09-30,-0.48,4.0,-9.0,0.0
NOIDATOLL,2023-12-31,-0.44,4.0,-8.0,1.0
NOIDATOLL,2024-03-31,-0.29,10.0,-5.0,3.0
NOIDATOLL,2024-06-30,-0.29,10.0,-5.0,3.0
NOIDATOLL,2024-09-30,-0.31,10.0,-6.0,3.0
NOIDATOLL,2024-12-31,-12.74,10.0,-237.0,3.0
NOIDATOLL,2025-03-31,0.22,10.0,4.0,4.0
NOIDATOLL,2025-06-30,0.22,11.0,4.0,4.0
NOIDATOLL,2025-09-30,0.2,11.0,4.0,3.0
NOIDATOLL,2025-12-31,0.82,11.0,15.0,3.0
NORTHARC,2023-06-30,9.85,,91.0,
NORTHARC,2023-09-30,8.59,,79.0,
NORTHARC,2023-12-31,8.45,,82.0,
NORTHARC,2024-03-31,9.94,,86.0,
NORTHARC,2024-06-30,10.45,,94.0,
NORTHARC,2024-09-30,6.05,,96.0,
NORTHARC,2024-12-31,4.69,,73.0,
NORTHARC,2025-03-31,2.34,,38.0,
NORTHARC,2025-06-30,5.02,,78.0,
NORTHARC,2025-09-30,5.68,,91.0,
NORTHARC,2025-12-31,6.24,,102.0,
NOVAAGRI,2022-12-31,4.43,55.73,5.56,10.28
NOVAAGRI,2023-03-31,1.24,73.17,8.07,15.41
NOVAAGRI,2023-06-30,0.53,34.92,3.44,7.09
NOVAAGRI,2023-09-30,1.06,68.29,6.94,12.25
NOVAAGRI,2023-12-31,1.48,78.48,9.64,15.05
NOVAAGRI,2024-03-31,0.89,70.77,8.28,9.91
NOVAAGRI,2024-06-30,0.46,41.91,4.28,5.89
NOVAAGRI,2024-09-30,0.73,82.69,6.77,11.87
NOVAAGRI,2024-12-31,1.14,88.19,10.56,15.36
NOVAAGRI,2025-03-31,0.63,81.34,5.81,9.57
NOVAAGRI,2025-06-30,0.35,46.75,3.25,5.37
NOVAAGRI,2025-09-30,0.73,92.39,6.76,11.99
NOVAAGRI,2025-12-31,0.28,66.55,2.61,6.42
NPST,2022-12-31,0.93,10.0,2.0,3.0
NPST,2023-03-31,1.98,21.0,4.0,7.0
NPST,2023-06-30,2.66,24.0,5.0,8.0
NPST,2023-09-30,2.58,28.0,5.0,9.0
NPST,2023-12-31,3.37,31.0,7.0,10.0
NPST,2024-03-31,5.18,44.0,10.0,15.0
NPST,2024-06-30,8.06,59.0,16.0,21.0
NPST,2024-09-30,9.36,67.0,18.0,23.0
NPST,2024-12-31,2.65,21.0,5.0,7.0
NPST,2025-03-31,3.1,26.0,6.0,9.0
NPST,2025-06-30,3.71,34.0,7.0,10.0
NPST,2025-09-30,4.72,47.0,10.0,14.0
NPST,2025-12-31,5.53,53.0,12.0,14.0
NRBBEARING,2022-12-31,2.36,251.0,23.0,34.0
NRBBEARING,2023-03-31,3.57,312.0,35.0,64.0
NRBBEARING,2023-06-30,1.91,272.0,19.0,45.0
NRBBEARING,2023-09-30,2.48,279.0,25.0,46.0
NRBBEARING,2023-12-31,17.09,258.0,166.0,36.0
NRBBEARING,2024-03-31,3.22,285.0,32.0,47.0
NRBBEARING,2024-06-30,2.57,289.0,26.0,42.0
NRBBEARING,2024-09-30,3.64,302.0,36.0,52.0
NRBBEARING,2024-12-31,2.2,279.0,22.0,45.0
NRBBEARING,2025-03-31,-0.21,329.0,-1.0,60.0
NRBBEARING,2025-06-30,3.31,310.0,33.0,51.0
NRBBEARING,2025-09-30,4.19,325.0,41.0,54.0
NRBBEARING,2025-12-31,2.95,328.0,29.0,60.0
NRL,2022-12-31,0.35,51.34,3.42,3.23
NRL,2023-03-31,0.38,49.44,3.49,2.61
NRL,2023-06-30,0.33,46.62,2.91,2.0
NRL,2023-09-30,0.35,75.18,3.09,2.3
NRL,2023-12-31,0.13,74.57,0.89,1.79
NRL,2024-03-31,0.24,43.71,1.73,0.94
NRL,2024-06-30,0.65,35.61,5.06,4.81
NRL,2024-09-30,0.69,51.18,5.44,5.9
NRL,2024-12-31,0.46,34.31,3.47,2.92
NRL,2025-03-31,0.3,37.22,2.31,2.0
NRL,2025-06-30,0.52,50.99,4.05,4.03
NRL,2025-09-30,0.56,48.76,4.33,3.42
NRL,2025-12-31,0.58,58.88,4.76,5.97
NSIL,2022-12-31,11.41,18.11,5.55,6.53
NSIL,2023-03-31,11.29,9.58,5.57,8.37
NSIL,2023-06-30,33.88,25.17,16.59,23.85
NSIL,2023-09-30,38.88,26.65,20.66,25.56
NSIL,2023-12-31,33.55,25.66,17.28,20.37
NSIL,2024-03-31,3.25,10.92,1.75,4.72
NSIL,2024-06-30,56.77,39.65,29.2,38.75
NSIL,2024-09-30,68.14,59.75,35.05,44.48
NSIL,2024-12-31,15.89,13.55,8.18,11.16
NSIL,2025-03-31,-49.86,12.28,-26.45,-30.77
NSIL,2025-06-30,50.21,37.09,25.78,32.76
NSIL,2025-09-30,30.61,24.73,17.86,21.39
NSIL,2025-12-31,14.58,11.94,7.52,11.29
NTPC,2022-12-31,4.93,44602.0,4854.0,12819.0
NTPC,2023-03-31,5.01,44253.0,4872.0,11942.0
NTPC,2023-06-30,5.03,43075.0,4907.0,12411.0
NTPC,2023-09-30,4.76,44983.0,4726.0,12680.0
NTPC,2023-12-31,5.32,42820.0,5209.0,11362.0
NTPC,2024-03-31,6.36,47628.0,6490.0,13990.0
NTPC,2024-06-30,5.65,48529.0,5506.0,13438.0
NTPC,2024-09-30,5.44,44706.0,5380.0,11665.0
NTPC,2024-12-31,5.22,45069.0,5170.0,13341.0
NTPC,2025-03-31,7.85,49834.0,7897.0,14754.0
NTPC,2025-06-30,6.2,47065.0,6108.0,12580.0
NTPC,2025-09-30,5.23,44786.0,5225.0,12816.0
NTPC,2025-12-31,5.66,45846.0,5597.0,14570.0
NTPCGREEN,2023-12-31,0.12,446.0,56.0,395.0
NTPCGREEN,2024-03-31,0.14,508.0,81.0,437.0
NTPCGREEN,2024-06-30,0.24,578.0,139.0,513.0
NTPCGREEN,2024-09-30,0.05,504.0,37.0,419.0
NTPCGREEN,2024-12-31,0.08,505.0,66.0,424.0
NTPCGREEN,2025-03-31,0.28,622.0,233.0,560.0
NTPCGREEN,2025-06-30,0.26,680.0,220.0,604.0
NTPCGREEN,2025-09-30,0.1,612.0,86.0,530.0
NTPCGREEN,2025-12-31,0.02,653.0,17.0,535.0
NUCLEUS,2022-12-31,14.32,169.0,38.0,48.0
NUCLEUS,2023-03-31,25.27,206.0,68.0,83.0
NUCLEUS,2023-06-30,20.01,207.0,54.0,63.0
NUCLEUS,2023-09-30,16.65,205.0,45.0,52.0
NUCLEUS,2023-12-31,15.43,204.0,41.0,48.0
NUCLEUS,2024-03-31,19.47,210.0,52.0,58.0
NUCLEUS,2024-06-30,11.28,195.0,30.0,29.0
NUCLEUS,2024-09-30,12.56,202.0,33.0,32.0
NUCLEUS,2024-12-31,13.28,206.0,35.0,33.0
NUCLEUS,2025-03-31,24.6,229.0,65.0,74.0
NUCLEUS,2025-06-30,13.37,218.0,35.0,34.0
NUCLEUS,2025-09-30,9.99,214.0,26.0,23.0
NUCLEUS,2025-12-31,7.86,220.0,21.0,33.0
NURECA,2022-12-31,0.3,27.79,0.3,-0.92
NURECA,2023-03-31,-1.53,21.23,-1.53,-3.46
NURECA,2023-06-30,-0.71,21.23,-0.71,-2.9
NURECA,2023-09-30,2.89,31.35,2.89,1.38
NURECA,2023-12-31,0.17,22.37,0.17,-4.25
NURECA,2024-03-31,-4.15,16.97,-4.15,-4.43
NURECA,2024-06-30,1.66,20.27,1.66,-2.36
NURECA,2024-09-30,-0.48,31.19,-0.48,-2.35
NURECA,2024-12-31,-2.8,26.46,-2.8,-4.01
NURECA,2025-03-31,2.47,31.74,2.47,1.2
NURECA,2025-06-30,0.81,34.18,0.81,-0.56
NURECA,2025-09-30,3.63,37.74,3.63,3.27
NURECA,2025-12-31,3.91,39.64,3.73,3.25
NUVAMA,2022-12-31,,579.0,87.0,243.0
NUVAMA,2023-03-31,,613.0,85.0,235.0
NUVAMA,2023-06-30,7.02,648.0,123.0,290.0
NUVAMA,2023-09-30,8.28,735.0,145.0,360.0
NUVAMA,2023-12-31,10.01,841.0,176.0,445.0
NUVAMA,2024-03-31,10.24,929.0,181.0,465.0
NUVAMA,2024-06-30,12.49,949.0,221.0,493.0
NUVAMA,2024-09-30,14.43,1053.0,257.0,565.0
NUVAMA,2024-12-31,14.05,1034.0,252.0,582.0
NUVAMA,2025-03-31,14.2,1120.0,255.0,575.0
NUVAMA,2025-06-30,14.66,1123.0,264.0,612.0
NUVAMA,2025-09-30,14.09,1135.0,254.0,593.0
NUVAMA,2025-12-31,13.96,1104.0,254.0,607.0
NUVOCO,2023-03-31,4.67,2321.0,167.0,229.0
NUVOCO,2023-06-30,0.17,2265.0,6.0,249.0
NUVOCO,2023-09-30,0.9,2185.0,32.0,236.0
NUVOCO,2023-12-31,0.85,1996.0,30.0,271.0
NUVOCO,2024-03-31,2.37,2493.0,84.0,345.0
NUVOCO,2024-06-30,0.61,2202.0,22.0,273.0
NUVOCO,2024-09-30,-1.47,1971.0,-53.0,166.0
NUVOCO,2024-12-31,-1.24,2017.0,-44.0,181.0
NUVOCO,2025-03-31,3.23,2534.0,116.0,381.0
NUVOCO,2025-06-30,2.55,2404.0,91.0,352.0
NUVOCO,2025-09-30,0.91,2143.0,33.0,280.0
NUVOCO,2025-12-31,1.57,2378.0,56.0,322.0
NUVOCO,2026-03-31,2.24,2836.0,80.0,394.0
NYKAA,2022-12-31,0.03,1463.0,8.0,78.0
NYKAA,2023-03-31,0.01,1302.0,2.0,71.0
NYKAA,2023-06-30,0.01,1422.0,5.0,73.0
NYKAA,2023-09-30,0.02,1507.0,8.0,81.0
NYKAA,2023-12-31,0.06,1789.0,17.0,99.0
NYKAA,2024-03-31,0.02,1668.0,9.0,93.0
NYKAA,2024-06-30,0.03,1746.0,14.0,96.0
NYKAA,2024-09-30,0.04,1875.0,13.0,104.0
NYKAA,2024-12-31,0.09,2267.0,26.0,141.0
NYKAA,2025-03-31,0.07,2062.0,19.0,133.0
NYKAA,2025-06-30,0.08,2155.0,24.0,141.0
NYKAA,2025-09-30,0.12,2346.0,33.0,159.0
NYKAA,2025-12-31,0.22,2873.0,68.0,230.0
OAL,2022-12-31,1.13,199.42,3.8,14.03
OAL,2023-03-31,0.35,195.34,1.19,9.18
OAL,2023-06-30,-1.8,195.69,-6.05,0.93
OAL,2023-09-30,0.72,226.82,2.42,11.01
OAL,2023-12-31,0.78,197.41,2.61,14.11
OAL,2024-03-31,3.01,216.48,10.12,20.88
OAL,2024-06-30,3.26,215.76,10.98,22.11
OAL,2024-09-30,4.39,236.77,14.78,28.62
OAL,2024-12-31,2.12,222.57,7.14,22.55
OAL,2025-03-31,0.42,253.16,1.42,19.27
OAL,2025-06-30,0.15,225.52,0.5,18.06
OAL,2025-09-30,0.22,271.33,0.74,17.24
OAL,2025-12-31,-0.57,251.56,-1.92,13.22
OBCL,2023-06-30,1.09,78.41,2.29,3.08
OBCL,2024-03-31,-0.91,71.68,-1.92,-2.2
OBCL,2024-06-30,0.48,75.43,1.02,2.35
OBCL,2024-09-30,0.55,79.78,1.17,2.53
OBCL,2024-12-31,0.38,92.49,0.8,4.78
OBCL,2025-03-31,-0.32,91.15,-0.67,2.44
OBCL,2025-06-30,0.89,85.22,1.87,2.01
OBCL,2025-09-30,-1.02,86.25,-2.15,0.15
OBCL,2025-12-31,-1.13,77.55,-2.39,0.73
OBEROIRLTY,2022-12-31,19.32,1629.0,703.0,940.0
OBEROIRLTY,2023-03-31,13.21,961.0,480.0,369.0
OBEROIRLTY,2023-06-30,8.85,910.0,322.0,474.0
OBEROIRLTY,2023-09-30,12.56,1217.0,457.0,638.0
OBEROIRLTY,2023-12-31,9.91,1054.0,360.0,509.0
OBEROIRLTY,2024-03-31,21.67,1315.0,788.0,789.0
OBEROIRLTY,2024-06-30,16.08,1405.0,585.0,815.0
OBEROIRLTY,2024-09-30,16.21,1320.0,589.0,814.0
OBEROIRLTY,2024-12-31,17.01,1411.0,618.0,856.0
OBEROIRLTY,2025-03-31,11.91,1150.0,433.0,618.0
OBEROIRLTY,2025-06-30,11.59,988.0,421.0,520.0
OBEROIRLTY,2025-09-30,20.91,1779.0,760.0,1020.0
OBEROIRLTY,2025-12-31,17.12,1493.0,623.0,857.0
OFSS,2023-03-31,55.48,1471.0,479.0,651.0
OFSS,2023-06-30,57.92,1462.0,501.0,622.0
OFSS,2023-09-30,48.2,1444.0,417.0,558.0
OFSS,2023-12-31,85.51,1824.0,741.0,868.0
OFSS,2024-03-31,64.62,1642.0,560.0,734.0
OFSS,2024-06-30,71.12,1741.0,617.0,847.0
OFSS,2024-09-30,66.6,1674.0,578.0,751.0
OFSS,2024-12-31,62.35,1715.0,541.0,714.0
OFSS,2025-03-31,74.13,1716.0,644.0,765.0
OFSS,2025-06-30,73.87,1852.0,642.0,846.0
OFSS,2025-09-30,62.82,1789.0,546.0,755.0
OFSS,2025-12-31,70.06,1966.0,610.0,820.0
OFSS,2026-03-31,96.71,2065.0,842.0,1056.0
OIL,2022-12-31,14.04,9302.0,2529.0,3908.0
OIL,2023-03-31,10.71,7852.0,1980.0,3303.0
OIL,2023-06-30,8.77,6208.0,1399.0,2277.0
OIL,2023-09-30,2.59,7497.0,640.0,3469.0
OIL,2023-12-31,14.43,9614.0,2608.0,3443.0
OIL,2024-03-31,13.16,9147.0,2333.0,3261.0
OIL,2024-06-30,11.59,8120.0,2016.0,3142.0
OIL,2024-09-30,12.4,7247.0,2069.0,2536.0
OIL,2024-12-31,8.23,8337.0,1457.0,2542.0
OIL,2025-03-31,8.05,8808.0,1497.0,2588.0
OIL,2025-06-30,11.66,7929.0,2047.0,2351.0
OIL,2025-09-30,8.78,8394.0,1644.0,2303.0
OIL,2025-12-31,7.35,8330.0,1436.0,2287.0
OLAELEC,2023-06-30,-1.37,1243.0,-267.0,-218.0
OLAELEC,2023-09-30,-2.68,873.0,-524.0,-435.0
OLAELEC,2023-12-31,-1.92,1296.0,-376.0,-301.0
OLAELEC,2024-03-31,-2.13,1598.0,-416.0,-312.0
OLAELEC,2024-06-30,-1.45,1644.0,-347.0,-205.0
OLAELEC,2024-09-30,-1.12,1214.0,-495.0,-379.0
OLAELEC,2024-12-31,-1.28,1045.0,-564.0,-460.0
OLAELEC,2025-03-31,-1.97,611.0,-870.0,-695.0
OLAELEC,2025-06-30,-0.97,828.0,-428.0,-237.0
OLAELEC,2025-09-30,-0.95,690.0,-418.0,-203.0
OLAELEC,2025-12-31,-1.1,470.0,-487.0,-271.0
OLECTRA,2022-12-31,1.75,256.0,15.0,35.0
OLECTRA,2023-03-31,3.29,376.0,28.0,50.0
OLECTRA,2023-06-30,2.2,216.0,18.0,40.0
OLECTRA,2023-09-30,2.2,307.0,19.0,41.0
OLECTRA,2023-12-31,3.29,342.0,27.0,49.0
OLECTRA,2024-03-31,1.67,289.0,15.0,34.0
OLECTRA,2024-06-30,2.92,314.0,24.0,44.0
OLECTRA,2024-09-30,5.79,524.0,48.0,81.0
OLECTRA,2024-12-31,5.64,515.0,47.0,79.0
OLECTRA,2025-03-31,2.56,449.0,21.0,54.0
OLECTRA,2025-06-30,3.17,347.0,26.0,48.0
OLECTRA,2025-09-30,6.04,657.0,49.0,89.0
OLECTRA,2025-12-31,5.65,664.0,47.0,93.0
OMAXE,2022-12-31,-5.79,244.0,-109.0,-102.0
OMAXE,2023-03-31,-5.77,289.0,-104.0,-109.0
OMAXE,2023-06-30,-5.81,213.0,-106.0,-93.0
OMAXE,2023-09-30,-4.61,266.0,-84.0,-67.0
OMAXE,2023-12-31,-3.66,599.0,-72.0,-37.0
OMAXE,2024-03-31,-7.93,536.0,-144.0,-146.0
OMAXE,2024-06-30,-8.06,342.0,-147.0,-151.0
OMAXE,2024-09-30,-13.1,389.0,-239.0,-224.0
OMAXE,2024-12-31,-8.23,289.0,-150.0,-127.0
OMAXE,2025-03-31,-8.11,541.0,-149.0,-106.0
OMAXE,2025-06-30,-10.16,282.0,-186.0,-170.0
OMAXE,2025-09-30,-9.11,321.0,-166.0,-169.0
OMAXE,2025-12-31,-8.38,302.0,-153.0,-155.0
OMFREIGHT,2024-06-30,2.81,120.33,8.94,14.73
OMFREIGHT,2024-09-30,1.35,129.96,4.29,7.34
OMFREIGHT,2024-12-31,0.52,116.48,1.65,4.32
OMFREIGHT,2025-03-31,2.24,123.38,7.14,11.35
OMFREIGHT,2025-06-30,1.02,94.43,3.25,5.53
OMFREIGHT,2025-09-30,1.27,113.84,4.06,7.82
OMFREIGHT,2025-12-31,1.38,119.11,4.64,7.47
OMINFRAL,2022-12-31,0.91,209.23,8.73,9.92
OMINFRAL,2023-03-31,0.79,346.66,7.64,20.94
OMINFRAL,2023-06-30,1.48,266.8,14.29,20.22
OMINFRAL,2023-09-30,2.46,279.8,23.68,41.28
OMINFRAL,2023-12-31,0.64,271.51,6.14,2.18
OMINFRAL,2024-03-31,0.32,295.71,3.15,25.63
OMINFRAL,2024-06-30,1.3,169.49,12.53,17.27
OMINFRAL,2024-09-30,0.41,238.43,3.93,17.35
OMINFRAL,2024-12-31,0.48,132.8,4.64,1.86
OMINFRAL,2025-03-31,1.54,171.94,14.79,-16.29
OMINFRAL,2025-06-30,-0.1,104.34,-0.98,-0.75
OMINFRAL,2025-09-30,0.65,123.79,7.01,6.71
OMINFRAL,2025-12-31,0.84,111.82,8.08,6.54
OMNI,2024-12-31,0.79,74.0,8.0,24.0
OMNI,2025-09-30,2.15,125.0,23.0,44.0
OMNI,2025-12-31,2.12,134.0,22.0,51.0
ONELIFECAP,2022-12-31,-0.21,1.3,-0.79,-0.72
ONELIFECAP,2023-03-31,-0.32,1.37,-1.21,-0.82
ONELIFECAP,2023-06-30,-0.12,1.82,-0.45,-0.26
ONELIFECAP,2023-09-30,-0.06,1.3,-0.21,-0.05
ONELIFECAP,2023-12-31,-0.13,1.47,-0.5,-0.33
ONELIFECAP,2024-03-31,0.41,32.41,1.8,6.18
ONELIFECAP,2024-06-30,0.16,7.21,0.65,1.19
ONELIFECAP,2024-09-30,-1.8,1.52,-6.8,-32.05
ONELIFECAP,2024-12-31,-0.73,1.33,-2.88,-1.24
ONELIFECAP,2025-03-31,1.0,1.23,4.15,-5.82
ONELIFECAP,2025-06-30,-0.14,0.85,-0.52,-1.2
ONELIFECAP,2025-09-30,-1.21,3.86,-4.83,-4.55
ONELIFECAP,2025-12-31,-0.45,0.51,-1.87,-2.99
ONEPOINT,2022-12-31,0.11,35.03,2.14,7.66
ONEPOINT,2023-03-31,0.16,35.68,2.95,8.62
ONEPOINT,2023-06-30,0.14,35.73,2.83,8.3
ONEPOINT,2023-09-30,0.3,39.88,5.93,13.7
ONEPOINT,2023-12-31,0.29,41.8,5.97,14.78
ONEPOINT,2024-03-31,0.32,52.36,6.66,14.59
ONEPOINT,2024-06-30,0.35,61.15,7.6,16.84
ONEPOINT,2024-09-30,0.33,62.48,8.38,17.04
ONEPOINT,2024-12-31,0.33,65.68,8.43,15.79
ONEPOINT,2025-03-31,0.33,67.05,8.74,12.27
ONEPOINT,2025-06-30,0.36,69.01,9.44,15.08
ONEPOINT,2025-09-30,0.37,70.87,9.85,17.03
ONEPOINT,2025-12-31,0.33,77.3,8.64,18.85
ONESOURCE,2023-09-30,,34.0,-114.0,-39.0
ONESOURCE,2023-12-31,,56.0,-130.0,-10.0
ONESOURCE,2024-03-31,,73.0,-40.0,-3.0
ONESOURCE,2024-06-30,,292.0,-6.0,64.0
ONESOURCE,2024-09-30,,334.0,-42.0,77.0
ONESOURCE,2024-12-31,-6.02,393.0,-69.0,142.0
ONESOURCE,2025-03-31,8.61,426.0,98.0,183.0
ONESOURCE,2025-06-30,-0.02,327.0,0.0,88.0
ONESOURCE,2025-09-30,0.92,376.0,10.0,106.0
ONESOURCE,2025-12-31,-7.74,290.0,-89.0,17.0
ONGC,2022-12-31,9.13,169213.0,11665.0,21867.0
ONGC,2023-03-31,3.57,164067.0,6478.0,20539.0
ONGC,2023-06-30,11.64,163824.0,17893.0,30795.0
ONGC,2023-09-30,10.89,147614.0,16171.0,28080.0
ONGC,2023-12-31,8.51,167357.0,10511.0,20360.0
ONGC,2024-03-31,7.97,172137.0,11096.0,23224.0
ONGC,2024-06-30,7.93,168968.0,9776.0,21785.0
ONGC,2024-09-30,8.14,159331.0,9841.0,20574.0
ONGC,2024-12-31,6.82,167213.0,9747.0,24354.0
ONGC,2025-03-31,5.82,170812.0,8856.0,22085.0
ONGC,2025-06-30,7.79,163108.0,11554.0,25679.0
ONGC,2025-09-30,8.57,157911.0,12615.0,26521.0
ONGC,2025-12-31,7.96,167423.0,11946.0,25335.0
ONMOBILE,2022-12-31,0.38,130.89,4.09,2.5
ONMOBILE,2023-03-31,-0.2,128.2,-2.12,2.03
ONMOBILE,2023-06-30,0.93,137.06,9.85,11.36
ONMOBILE,2023-09-30,0.8,133.77,8.54,7.93
ONMOBILE,2023-12-31,-0.24,119.73,-2.4,0.16
ONMOBILE,2024-03-31,-0.06,122.68,-0.68,2.65
ONMOBILE,2024-06-30,-1.44,123.5,-15.3,-0.79
ONMOBILE,2024-09-30,-1.11,129.3,-12.1,0.61
ONMOBILE,2024-12-31,-0.48,164.01,-5.22,10.01
ONMOBILE,2025-03-31,-0.75,156.22,-7.93,0.82
ONMOBILE,2025-06-30,1.47,125.33,15.59,6.26
ONMOBILE,2025-09-30,0.57,128.16,5.95,8.43
ONMOBILE,2025-12-31,0.34,135.69,3.51,5.6
ONWARDTEC,2022-12-31,1.11,116.0,2.0,7.0
ONWARDTEC,2023-03-31,3.25,121.0,7.0,15.0
ONWARDTEC,2023-06-30,4.86,120.0,11.0,17.0
ONWARDTEC,2023-09-30,4.27,120.0,10.0,15.0
ONWARDTEC,2023-12-31,3.02,114.0,7.0,11.0
ONWARDTEC,2024-03-31,2.97,118.0,7.0,10.0
ONWARDTEC,2024-06-30,3.14,118.0,7.0,12.0
ONWARDTEC,2024-09-30,1.56,123.0,4.0,8.0
ONWARDTEC,2024-12-31,2.66,123.0,6.0,11.0
ONWARDTEC,2025-03-31,4.59,127.0,10.0,14.0
ONWARDTEC,2025-06-30,5.6,133.0,13.0,17.0
ONWARDTEC,2025-09-30,5.25,139.0,12.0,20.0
ONWARDTEC,2025-12-31,4.44,135.0,10.0,20.0
OPTIEMUS,2022-12-31,1.46,327.0,13.0,15.0
OPTIEMUS,2023-03-31,2.01,340.0,17.0,-5.0
OPTIEMUS,2023-06-30,1.09,282.0,9.0,13.0
OPTIEMUS,2023-09-30,0.63,274.0,5.0,13.0
OPTIEMUS,2023-12-31,2.09,482.0,18.0,22.0
OPTIEMUS,2024-03-31,2.8,490.0,24.0,29.0
OPTIEMUS,2024-06-30,1.41,493.0,12.0,23.0
OPTIEMUS,2024-09-30,1.6,477.0,14.0,29.0
OPTIEMUS,2024-12-31,1.75,472.0,15.0,34.0
OPTIEMUS,2025-03-31,2.57,449.0,22.0,23.0
OPTIEMUS,2025-06-30,1.67,435.0,15.0,27.0
OPTIEMUS,2025-09-30,1.9,418.0,17.0,34.0
OPTIEMUS,2025-12-31,1.38,430.0,12.0,30.0
ORBTEXP,2022-12-31,2.56,48.6,7.0,12.05
ORBTEXP,2023-03-31,1.91,41.79,5.15,8.82
ORBTEXP,2023-06-30,4.73,58.35,12.77,18.79
ORBTEXP,2023-09-30,3.81,52.64,10.29,15.82
ORBTEXP,2023-12-31,1.99,44.74,5.39,8.99
ORBTEXP,2024-03-31,2.13,44.33,5.63,8.23
ORBTEXP,2024-06-30,3.71,52.84,9.81,15.07
ORBTEXP,2024-09-30,6.05,60.17,16.0,15.96
ORBTEXP,2024-12-31,2.49,53.98,6.6,11.64
ORBTEXP,2025-03-31,2.5,50.78,6.61,11.48
ORBTEXP,2025-06-30,5.66,67.04,15.01,18.94
ORBTEXP,2025-09-30,3.79,58.28,10.05,11.87
ORBTEXP,2025-12-31,2.47,56.36,6.56,11.78
ORCHASP,2022-12-31,0.09,4.46,0.95,1.51
ORCHASP,2023-03-31,-0.15,9.71,-1.66,-6.57
ORCHASP,2023-06-30,0.02,3.03,0.25,0.45
ORCHASP,2023-09-30,0.03,3.5,0.34,0.6
ORCHASP,2023-12-31,0.02,3.42,0.27,0.39
ORCHASP,2024-03-31,0.0,3.5,0.01,-0.54
ORCHASP,2024-06-30,0.01,3.48,0.23,0.4
ORCHASP,2024-09-30,-0.45,4.59,-14.28,-14.77
ORCHASP,2024-12-31,0.02,6.01,0.5,0.48
ORCHASP,2025-03-31,0.09,7.01,3.02,3.0
ORCHASP,2025-06-30,0.02,7.75,0.54,0.7
ORCHASP,2025-09-30,0.01,7.54,0.21,0.28
ORCHASP,2025-12-31,0.01,4.35,0.19,0.23
ORCHPHARMA,2022-12-31,1.86,160.0,8.0,14.0
ORCHPHARMA,2023-03-31,14.49,210.0,59.0,40.0
ORCHPHARMA,2023-06-30,1.85,183.0,9.0,22.0
ORCHPHARMA,2023-09-30,3.9,199.0,20.0,23.0
ORCHPHARMA,2023-12-31,5.8,221.0,29.0,35.0
ORCHPHARMA,2024-03-31,6.5,217.0,33.0,29.0
ORCHPHARMA,2024-06-30,5.79,244.0,29.0,32.0
ORCHPHARMA,2024-09-30,5.37,223.0,27.0,30.0
ORCHPHARMA,2024-12-31,4.1,217.0,21.0,26.0
ORCHPHARMA,2025-03-31,4.39,237.0,22.0,28.0
ORCHPHARMA,2025-06-30,2.94,173.0,15.0,14.0
ORCHPHARMA,2025-09-30,-1.13,194.0,-6.0,-1.0
ORCHPHARMA,2025-12-31,-2.49,207.0,-13.0,2.0
ORICONENT,2022-12-31,-0.44,124.61,-6.9,-1.39
ORICONENT,2023-03-31,0.15,17.86,2.41,-12.05
ORICONENT,2023-06-30,0.55,139.16,8.6,14.51
ORICONENT,2023-09-30,0.45,29.08,7.05,-6.82
ORICONENT,2023-12-31,0.07,64.98,1.06,-8.01
ORICONENT,2024-03-31,0.85,31.37,13.31,-9.4
ORICONENT,2024-06-30,0.47,31.5,7.41,-8.14
ORICONENT,2024-09-30,8.19,17.61,128.6,-7.08
ORICONENT,2024-12-31,0.2,24.25,3.2,-7.21
ORICONENT,2025-03-31,-0.0,47.51,-0.01,-8.21
ORICONENT,2025-06-30,0.78,7.78,12.31,-10.69
ORICONENT,2025-09-30,0.56,5.26,8.79,-8.4
ORICONENT,2025-12-31,0.56,17.66,8.83,-7.28
ORIENTBELL,2022-12-31,2.17,177.26,3.14,9.75
ORIENTBELL,2023-03-31,4.38,200.33,6.34,13.16
ORIENTBELL,2023-06-30,-0.9,144.12,-1.31,2.93
ORIENTBELL,2023-09-30,0.48,159.73,0.69,5.29
ORIENTBELL,2023-12-31,-2.31,162.28,-3.36,0.95
ORIENTBELL,2024-03-31,3.38,208.33,4.93,11.78
ORIENTBELL,2024-06-30,-1.28,148.14,-1.87,4.38
ORIENTBELL,2024-09-30,0.66,160.35,0.97,7.36
ORIENTBELL,2024-12-31,0.67,163.02,0.98,7.5
ORIENTBELL,2025-03-31,1.88,198.26,2.75,8.68
ORIENTBELL,2025-06-30,-0.25,142.91,-0.37,4.97
ORIENTBELL,2025-09-30,2.17,165.09,3.19,9.27
ORIENTBELL,2025-12-31,2.3,168.82,3.39,10.26
ORIENTCER,2022-12-31,0.21,55.05,2.5,4.46
ORIENTCER,2023-03-31,0.49,87.18,5.89,9.46
ORIENTCER,2023-06-30,0.35,72.81,4.23,6.83
ORIENTCER,2023-09-30,0.44,82.89,5.25,11.09
ORIENTCER,2023-12-31,0.44,75.05,5.25,8.14
ORIENTCER,2024-03-31,0.36,82.61,4.29,7.94
ORIENTCER,2024-06-30,0.24,98.09,2.91,8.32
ORIENTCER,2024-09-30,0.15,70.33,1.85,7.09
ORIENTCER,2024-12-31,0.14,74.12,1.7,6.25
ORIENTCER,2025-03-31,0.29,84.57,3.47,9.18
ORIENTCER,2025-06-30,0.36,98.45,4.3,9.31
ORIENTCER,2025-09-30,0.63,113.55,7.49,12.71
ORIENTCER,2025-12-31,0.37,93.35,4.41,11.63
ORIENTHOT,2022-12-31,0.87,106.0,16.0,32.0
ORIENTHOT,2023-03-31,1.16,111.0,21.0,32.0
ORIENTHOT,2023-06-30,0.41,93.0,7.0,22.0
ORIENTHOT,2023-09-30,0.24,91.0,4.0,20.0
ORIENTHOT,2023-12-31,1.04,102.0,19.0,29.0
ORIENTHOT,2024-03-31,1.08,107.0,19.0,27.0
ORIENTHOT,2024-06-30,-0.08,82.0,-1.0,12.0
ORIENTHOT,2024-09-30,0.32,103.0,6.0,25.0
ORIENTHOT,2024-12-31,0.86,122.0,15.0,35.0
ORIENTHOT,2025-03-31,1.09,133.0,19.0,39.0
ORIENTHOT,2025-06-30,0.37,108.0,7.0,26.0
ORIENTHOT,2025-09-30,0.45,110.0,8.0,26.0
ORIENTHOT,2025-12-31,1.17,139.0,21.0,42.0
ORIENTTECH,2025-12-31,-3.2,200.0,-15.0,3.0
ORKLAINDIA,2024-09-30,61.74,620.0,83.0,113.0
ORKLAINDIA,2024-12-31,49.17,615.0,66.0,86.0
ORKLAINDIA,2025-06-30,5.76,597.0,79.0,112.0
ORKLAINDIA,2025-09-30,5.6,650.0,77.0,106.0
ORKLAINDIA,2025-12-31,4.13,636.0,57.0,103.0
OSWALPUMPS,2024-03-31,48.86,230.0,29.0,45.0
OSWALPUMPS,2024-06-30,12.06,376.0,71.0,101.0
OSWALPUMPS,2024-09-30,6.61,310.0,66.0,101.0
OSWALPUMPS,2024-12-31,8.08,380.0,80.0,118.0
OSWALPUMPS,2025-03-31,6.42,365.0,64.0,99.0
OSWALPUMPS,2025-06-30,8.31,514.0,95.0,141.0
OSWALPUMPS,2025-09-30,8.55,540.0,98.0,128.0
OSWALPUMPS,2025-12-31,8.03,501.0,92.0,127.0
OSWALSEEDS,2022-12-31,0.18,86.62,1.66,3.7
OSWALSEEDS,2023-03-31,-0.03,26.27,-0.23,0.45
OSWALSEEDS,2023-06-30,0.22,83.32,2.03,4.42
OSWALSEEDS,2023-09-30,0.07,65.55,0.64,2.4
OSWALSEEDS,2023-12-31,-0.36,76.74,-3.32,-1.18
OSWALSEEDS,2024-03-31,-0.38,43.42,-3.51,-4.63
OSWALSEEDS,2024-06-30,-0.3,76.95,-2.72,-2.03
OSWALSEEDS,2024-09-30,0.03,67.69,0.32,1.53
OSWALSEEDS,2024-12-31,0.59,75.42,5.37,8.12
OSWALSEEDS,2025-03-31,0.06,25.85,0.55,1.94
OSWALSEEDS,2025-06-30,0.8,97.95,7.28,11.23
OSWALSEEDS,2025-09-30,-0.35,39.44,-3.2,-3.5
OSWALSEEDS,2025-12-31,0.11,54.75,1.03,2.77
PACEDIGITK,2024-06-30,89.94,342.0,50.0,97.0
PACEDIGITK,2024-09-30,170.68,846.0,102.0,187.0
PACEDIGITK,2024-12-31,24.08,567.0,71.0,121.0
PACEDIGITK,2025-03-31,3.21,683.0,56.0,76.0
PACEDIGITK,2025-06-30,3.03,367.0,55.0,80.0
PACEDIGITK,2025-09-30,3.59,533.0,68.0,94.0
PACEDIGITK,2025-12-31,3.51,644.0,79.0,118.0
PAISALO,2022-12-31,0.31,,28.0,
PAISALO,2023-03-31,0.23,,21.0,
PAISALO,2023-06-30,0.43,,38.0,
PAISALO,2023-09-30,0.53,,47.0,
PAISALO,2023-12-31,0.63,,56.0,
PAISALO,2024-03-31,0.41,,37.0,
PAISALO,2024-06-30,0.46,,41.0,
PAISALO,2024-09-30,0.56,,50.0,
PAISALO,2024-12-31,0.7,,62.0,
PAISALO,2025-03-31,0.51,,46.0,
PAISALO,2025-06-30,0.52,,47.0,
PAISALO,2025-09-30,0.57,,52.0,
PAISALO,2025-12-31,0.73,,66.0,
PAKKA,2022-12-31,3.73,114.88,14.18,25.19
PAKKA,2023-03-31,3.1,111.1,11.82,20.17
PAKKA,2023-06-30,3.76,105.76,14.33,24.95
PAKKA,2023-09-30,2.83,105.07,11.1,20.34
PAKKA,2023-12-31,2.53,99.34,9.9,18.29
PAKKA,2024-03-31,2.06,94.58,8.07,18.26
PAKKA,2024-06-30,2.17,96.79,8.56,18.35
PAKKA,2024-09-30,4.28,111.09,16.88,20.47
PAKKA,2024-12-31,1.98,106.01,8.89,15.16
PAKKA,2025-03-31,0.71,92.16,3.19,5.73
PAKKA,2025-06-30,-0.34,81.97,-1.53,5.93
PAKKA,2025-09-30,-0.47,76.32,-2.11,1.73
PAKKA,2025-12-31,1.58,96.58,7.08,13.95
PALASHSECU,2022-12-31,-5.67,12.0,-6.0,-5.0
PALASHSECU,2023-03-31,-5.54,11.0,-6.0,-5.0
PALASHSECU,2023-06-30,-4.27,8.0,-6.0,-5.0
PALASHSECU,2023-09-30,0.26,14.0,-1.0,1.0
PALASHSECU,2023-12-31,-2.31,9.0,-3.0,-3.0
PALASHSECU,2024-03-31,-3.29,10.0,-5.0,-4.0
PALASHSECU,2024-06-30,-2.22,6.0,-3.0,-2.0
PALASHSECU,2024-09-30,-1.65,16.0,-3.0,0.0
PALASHSECU,2024-12-31,-1.28,13.0,-3.0,-3.0
PALASHSECU,2025-03-31,-7.51,14.0,-9.0,-9.0
PALASHSECU,2025-06-30,-1.57,14.0,-3.0,-2.0
PALASHSECU,2025-09-30,-0.66,25.0,-3.0,0.0
PALASHSECU,2025-12-31,22.42,10.0,22.0,-2.0
PANACEABIO,2022-12-31,3.16,115.2,19.37,-8.64
PANACEABIO,2023-03-31,-2.07,128.93,-12.68,-5.67
PANACEABIO,2023-06-30,1.79,129.19,10.98,-10.31
PANACEABIO,2023-09-30,-1.35,143.02,-8.29,-3.56
PANACEABIO,2023-12-31,-0.37,150.5,-2.2,-0.15
PANACEABIO,2024-03-31,-0.32,136.46,-1.99,-6.04
PANACEABIO,2024-06-30,-2.58,115.72,-15.88,-13.99
PANACEABIO,2024-09-30,0.78,147.35,4.71,7.0
PANACEABIO,2024-12-31,0.74,163.49,4.44,7.96
PANACEABIO,2025-03-31,-0.31,132.53,-1.99,-26.88
PANACEABIO,2025-06-30,0.66,166.7,3.96,-1.18
PANACEABIO,2025-09-30,-2.27,141.13,-14.01,-17.79
PANACEABIO,2025-12-31,0.65,165.19,3.89,11.74
PANAMAPET,2022-12-31,8.29,573.0,50.0,68.0
PANAMAPET,2023-03-31,8.4,510.0,51.0,66.0
PANAMAPET,2023-06-30,7.59,530.0,46.0,58.0
PANAMAPET,2023-09-30,7.76,574.0,47.0,61.0
PANAMAPET,2023-12-31,6.84,512.0,41.0,56.0
PANAMAPET,2024-03-31,10.08,741.0,61.0,77.0
PANAMAPET,2024-06-30,8.29,671.0,50.0,66.0
PANAMAPET,2024-09-30,7.29,699.0,44.0,58.0
PANAMAPET,2024-12-31,8.02,728.0,48.0,63.0
PANAMAPET,2025-03-31,7.32,695.0,44.0,59.0
PANAMAPET,2025-06-30,7.05,693.0,43.0,55.0
PANAMAPET,2025-09-30,8.76,773.0,53.0,69.0
PANAMAPET,2025-12-31,7.57,775.0,46.0,61.0
PANSARI,2022-09-30,0.26,5.44,0.46,1.22
PANSARI,2022-12-31,0.35,8.58,0.61,1.16
PANSARI,2023-03-31,0.28,4.55,0.48,1.19
PANSARI,2023-06-30,0.48,8.04,0.83,2.0
PANSARI,2023-09-30,0.47,6.01,0.82,1.3
PANSARI,2023-12-31,1.19,30.22,2.07,3.28
PANSARI,2024-03-31,0.85,12.22,1.49,0.74
PANSARI,2024-06-30,0.54,7.63,0.94,2.34
PANSARI,2024-12-31,1.21,21.3,2.11,5.85
PANSARI,2025-03-31,3.09,18.68,5.39,6.75
PANSARI,2025-06-30,2.37,17.74,4.14,5.64
PANSARI,2025-09-30,1.87,27.57,3.26,4.04
PANSARI,2025-12-31,2.43,37.21,4.24,5.46
PARACABLES,2022-12-31,0.74,218.09,14.32,15.03
PARACABLES,2023-03-31,0.71,202.08,13.8,11.25
PARACABLES,2023-06-30,0.62,210.54,14.53,16.78
PARACABLES,2023-09-30,0.82,252.44,19.49,21.32
PARACABLES,2023-12-31,0.79,284.25,22.03,24.07
PARACABLES,2024-03-31,0.97,323.37,29.49,27.11
PARACABLES,2024-06-30,0.83,321.05,25.3,26.76
PARACABLES,2024-09-30,0.67,355.89,20.33,31.31
PARACABLES,2024-12-31,0.74,391.64,22.6,33.62
PARACABLES,2025-03-31,0.61,507.02,18.74,31.69
PARACABLES,2025-06-30,0.61,451.12,18.5,15.16
PARACABLES,2025-09-30,0.43,428.0,13.25,6.2
PARACABLES,2025-12-31,0.25,460.92,7.48,15.11
PARADEEP,2022-12-31,2.21,4398.0,180.0,371.0
PARADEEP,2023-03-31,0.12,3644.0,10.0,91.0
PARADEEP,2023-06-30,-1.47,3054.0,-120.0,-39.0
PARADEEP,2023-09-30,1.1,3683.0,89.0,256.0
PARADEEP,2023-12-31,1.34,2595.0,109.0,282.0
PARADEEP,2024-03-31,0.26,2243.0,22.0,148.0
PARADEEP,2024-06-30,0.07,2377.0,5.0,146.0
PARADEEP,2024-09-30,3.13,4619.0,255.0,507.0
PARADEEP,2024-12-31,2.57,4990.0,209.0,438.0
PARADEEP,2025-03-31,1.96,3494.0,160.0,347.0
PARADEEP,2025-06-30,3.88,4504.0,317.0,580.0
PARADEEP,2025-09-30,4.19,6872.0,342.0,657.0
PARADEEP,2025-12-31,1.75,5749.0,182.0,472.0
PARAGMILK,2022-12-31,0.79,736.0,9.0,34.0
PARAGMILK,2023-03-31,1.9,801.0,22.0,37.0
PARAGMILK,2023-06-30,1.82,750.0,21.0,40.0
PARAGMILK,2023-09-30,2.15,798.0,25.0,56.0
PARAGMILK,2023-12-31,2.91,801.0,34.0,65.0
PARAGMILK,2024-03-31,0.82,790.0,10.0,37.0
PARAGMILK,2024-06-30,2.29,758.0,27.0,56.0
PARAGMILK,2024-09-30,2.45,871.0,29.0,69.0
PARAGMILK,2024-12-31,3.02,885.0,36.0,74.0
PARAGMILK,2025-03-31,2.2,918.0,26.0,62.0
PARAGMILK,2025-06-30,2.31,852.0,28.0,58.0
PARAGMILK,2025-09-30,3.65,1008.0,46.0,71.0
PARAGMILK,2025-12-31,2.36,1013.0,30.0,68.0
PARAS,2022-12-31,1.25,61.0,9.0,14.0
PARAS,2023-03-31,1.38,65.0,12.0,17.0
PARAS,2023-06-30,0.77,48.0,6.0,11.0
PARAS,2023-09-30,1.21,61.0,9.0,16.0
PARAS,2023-12-31,0.85,64.0,6.0,12.0
PARAS,2024-03-31,1.28,80.0,10.0,12.0
PARAS,2024-06-30,1.9,84.0,14.0,24.0
PARAS,2024-09-30,1.78,87.0,13.0,23.0
PARAS,2024-12-31,1.87,86.0,14.0,22.0
PARAS,2025-03-31,2.45,108.0,21.0,28.0
PARAS,2025-06-30,1.84,93.0,14.0,22.0
PARAS,2025-09-30,2.56,106.0,19.0,30.0
PARAS,2025-12-31,2.26,106.0,17.0,26.0
PARKHOSPS,2024-12-31,2.97,348.0,46.0,83.0
PARKHOSPS,2025-09-30,1.91,410.0,79.0,113.0
PARKHOSPS,2025-12-31,1.18,410.0,53.0,99.0
PARKHOTELS,2022-12-31,1.07,140.0,19.0,51.0
PARKHOTELS,2023-03-31,0.61,144.0,11.0,45.0
PARKHOTELS,2023-06-30,0.46,131.0,8.0,40.0
PARKHOTELS,2023-09-30,0.85,135.0,15.0,44.0
PARKHOTELS,2023-12-31,1.57,159.0,27.0,56.0
PARKHOTELS,2024-03-31,0.86,152.0,18.0,50.0
PARKHOTELS,2024-06-30,-0.09,135.0,-2.0,39.0
PARKHOTELS,2024-09-30,1.25,142.0,27.0,43.0
PARKHOTELS,2024-12-31,1.51,177.0,32.0,64.0
PARKHOTELS,2025-03-31,1.24,177.0,27.0,62.0
PARKHOTELS,2025-06-30,0.63,154.0,13.0,45.0
PARKHOTELS,2025-09-30,0.76,167.0,16.0,49.0
PARKHOTELS,2025-12-31,1.13,200.0,24.0,71.0
PASHUPATI,2024-06-30,0.15,155.72,2.29,7.74
PASHUPATI,2024-09-30,0.35,344.69,5.32,15.93
PASHUPATI,2024-12-31,0.06,164.54,0.95,4.57
PASHUPATI,2025-03-31,0.46,128.26,7.19,6.22
PASHUPATI,2025-06-30,0.13,118.5,1.92,4.57
PASHUPATI,2025-09-30,0.26,240.21,4.05,9.39
PASHUPATI,2025-12-31,0.17,158.84,2.73,5.12
PATANJALI,2018-06-30,0.11,2967.0,-6.0,15.0
PATANJALI,2018-09-30,-0.06,3143.0,-24.0,15.0
PATANJALI,2018-12-31,-0.95,3474.0,-36.0,19.0
PATANJALI,2019-03-31,0.02,3146.0,-22.0,23.0
PATANJALI,2019-06-30,-0.04,3113.0,-25.0,36.0
PATANJALI,2019-09-30,0.58,3102.0,40.0,95.0
PATANJALI,2024-06-30,2.42,7177.0,263.0,410.0
PATANJALI,2024-09-30,2.84,8102.0,309.0,462.0
PATANJALI,2024-12-31,3.42,8997.0,371.0,558.0
PATANJALI,2025-03-31,3.3,9692.0,359.0,516.0
PATANJALI,2025-06-30,1.66,8766.0,180.0,321.0
PATANJALI,2025-09-30,4.75,9777.0,517.0,552.0
PATANJALI,2025-12-31,5.46,10484.0,593.0,434.0
PATELENG,2022-12-31,0.27,955.0,24.0,140.0
PATELENG,2023-03-31,0.9,1205.0,82.0,169.0
PATELENG,2023-06-30,0.43,1119.0,43.0,171.0
PATELENG,2023-09-30,0.41,1021.0,38.0,140.0
PATELENG,2023-12-31,0.76,1061.0,69.0,142.0
PATELENG,2024-03-31,1.38,1343.0,140.0,238.0
PATELENG,2024-06-30,0.54,1102.0,55.0,169.0
PATELENG,2024-09-30,0.74,1174.0,73.0,162.0
PATELENG,2024-12-31,0.8,1206.0,82.0,184.0
PATELENG,2025-03-31,0.36,1612.0,38.0,218.0
PATELENG,2025-06-30,0.78,1233.0,81.0,165.0
PATELENG,2025-09-30,0.72,1208.0,73.0,159.0
PATELENG,2025-12-31,0.71,1239.0,72.0,145.0
PATINTLOG,2024-12-31,0.31,89.74,2.18,2.35
PATINTLOG,2025-09-30,0.33,94.13,2.28,2.57
PATINTLOG,2025-12-31,0.39,88.39,2.69,2.12
PAYTM,2022-12-31,-6.04,2062.0,-392.0,-331.0
PAYTM,2023-03-31,-2.66,2334.0,-168.0,-131.0
PAYTM,2023-06-30,-5.63,2342.0,-358.0,-311.0
PAYTM,2023-09-30,-4.58,2519.0,-292.0,-231.0
PAYTM,2023-12-31,-3.46,2850.0,-222.0,-163.0
PAYTM,2024-03-31,-8.65,2267.0,-550.0,-467.0
PAYTM,2024-06-30,-13.19,1502.0,-840.0,-794.0
PAYTM,2024-09-30,14.58,1659.0,930.0,-404.0
PAYTM,2024-12-31,-3.26,1828.0,-208.0,-223.0
PAYTM,2025-03-31,-8.46,1912.0,-545.0,-89.0
PAYTM,2025-06-30,1.93,1918.0,123.0,72.0
PAYTM,2025-09-30,0.33,2061.0,21.0,140.0
PAYTM,2025-12-31,3.52,2194.0,225.0,155.0
PCBL,2023-03-31,2.71,1374.0,102.0,184.0
PCBL,2023-06-30,2.89,1348.0,109.0,211.0
PCBL,2023-09-30,3.25,1487.0,123.0,238.0
PCBL,2023-12-31,3.92,1657.0,148.0,279.0
PCBL,2024-03-31,2.95,1929.0,111.0,310.0
PCBL,2024-06-30,3.13,2144.0,118.0,358.0
PCBL,2024-09-30,3.27,2163.0,123.0,364.0
PCBL,2024-12-31,2.47,2010.0,93.0,317.0
PCBL,2025-03-31,2.65,2087.0,100.0,298.0
PCBL,2025-06-30,2.49,2114.0,94.0,319.0
PCBL,2025-09-30,1.63,2164.0,62.0,266.0
PCBL,2025-12-31,0.05,1846.0,2.0,215.0
PCBL,2026-03-31,1.02,2066.0,40.0,243.0
PCJEWELLER,2022-12-31,-0.13,854.0,-61.0,36.0
PCJEWELLER,2023-03-31,-0.65,173.0,-302.0,-20.0
PCJEWELLER,2023-06-30,-0.37,68.0,-172.0,-43.0
PCJEWELLER,2023-09-30,-0.3,449.0,-138.0,-54.0
PCJEWELLER,2023-12-31,-0.43,40.0,-198.0,-73.0
PCJEWELLER,2024-03-31,-0.26,48.0,-122.0,-2.0
PCJEWELLER,2024-06-30,0.34,401.0,156.0,52.0
PCJEWELLER,2024-09-30,0.38,505.0,179.0,86.0
PCJEWELLER,2024-12-31,0.25,639.0,148.0,112.0
PCJEWELLER,2025-03-31,0.15,699.0,95.0,145.0
PCJEWELLER,2025-06-30,0.25,725.0,162.0,127.0
PCJEWELLER,2025-09-30,0.29,825.0,210.0,178.0
PCJEWELLER,2025-12-31,0.26,875.0,190.0,202.0
PDSL,2022-12-31,5.93,2574.0,93.0,131.0
PDSL,2023-03-31,4.32,2742.0,77.0,133.0
PDSL,2023-06-30,1.44,2115.0,23.0,67.0
PDSL,2023-09-30,4.95,2463.0,88.0,136.0
PDSL,2023-12-31,1.11,2580.0,26.0,75.0
PDSL,2024-03-31,3.47,3215.0,65.0,114.0
PDSL,2024-06-30,1.51,2621.0,31.0,72.0
PDSL,2024-09-30,4.8,3306.0,89.0,144.0
PDSL,2024-12-31,1.96,3125.0,45.0,98.0
PDSL,2025-03-31,2.85,3526.0,75.0,139.0
PDSL,2025-06-30,0.92,2999.0,20.0,51.0
PDSL,2025-09-30,2.12,3419.0,48.0,103.0
PDSL,2025-12-31,1.39,3172.0,37.0,108.0
PENIND,2022-12-31,1.58,692.0,21.0,58.0
PENIND,2023-03-31,1.73,668.0,24.0,68.0
PENIND,2023-06-30,1.62,749.0,22.0,62.0
PENIND,2023-09-30,1.67,814.0,22.0,70.0
PENIND,2023-12-31,1.88,745.0,25.0,76.0
PENIND,2024-03-31,2.12,823.0,29.0,65.0
PENIND,2024-06-30,1.96,733.0,26.0,72.0
PENIND,2024-09-30,1.99,748.0,27.0,75.0
PENIND,2024-12-31,2.26,840.0,30.0,72.0
PENIND,2025-03-31,2.64,906.0,36.0,91.0
PENIND,2025-06-30,2.37,846.0,32.0,86.0
PENIND,2025-09-30,2.39,907.0,32.0,81.0
PENIND,2025-12-31,2.49,943.0,34.0,82.0
PERSISTENT,2023-03-31,16.45,2254.0,252.0,416.0
PERSISTENT,2023-06-30,14.86,2321.0,229.0,374.0
PERSISTENT,2023-09-30,17.11,2412.0,263.0,405.0
PERSISTENT,2023-12-31,18.59,2498.0,286.0,442.0
PERSISTENT,2024-03-31,20.47,2591.0,315.0,454.0
PERSISTENT,2024-06-30,19.89,2737.0,306.0,455.0
PERSISTENT,2024-09-30,21.02,2897.0,325.0,481.0
PERSISTENT,2024-12-31,24.12,3062.0,373.0,538.0
PERSISTENT,2025-03-31,25.59,3242.0,396.0,584.0
PERSISTENT,2025-06-30,27.17,3334.0,425.0,612.0
PERSISTENT,2025-09-30,30.15,3581.0,471.0,683.0
PERSISTENT,2025-12-31,27.86,3778.0,439.0,733.0
PERSISTENT,2026-03-31,33.55,4056.0,529.0,768.0
PETRONET,2022-12-31,7.98,15776.0,1196.0,1675.0
PETRONET,2023-03-31,4.13,13874.0,619.0,943.0
PETRONET,2023-06-30,5.46,11656.0,819.0,1182.0
PETRONET,2023-09-30,5.7,12533.0,856.0,1215.0
PETRONET,2023-12-31,8.09,14747.0,1213.0,1705.0
PETRONET,2024-03-31,5.1,13793.0,764.0,1104.0
PETRONET,2024-06-30,7.37,13415.0,1105.0,1562.0
PETRONET,2024-09-30,5.8,13024.0,871.0,1202.0
PETRONET,2024-12-31,6.01,12227.0,902.0,1247.0
PETRONET,2025-03-31,7.3,12316.0,1095.0,1512.0
PETRONET,2025-06-30,5.61,11880.0,842.0,1159.0
PETRONET,2025-09-30,5.54,11009.0,830.0,1117.0
PETRONET,2025-12-31,5.8,11164.0,870.0,1198.0
PFC,2022-12-31,11.7,,5241.0,
PFC,2023-03-31,14.17,,6129.0,
PFC,2023-06-30,13.87,,5982.0,
PFC,2023-09-30,14.65,,6628.0,
PFC,2023-12-31,14.33,,6294.0,
PFC,2024-03-31,17.04,,7556.0,
PFC,2024-06-30,16.8,,7182.0,
PFC,2024-09-30,16.07,,7215.0,
PFC,2024-12-31,17.66,,7760.0,
PFC,2025-03-31,19.14,,8358.0,
PFC,2025-06-30,20.81,,8981.0,
PFC,2025-09-30,17.4,,7834.0,
PFC,2025-12-31,19.07,,8212.0,
PFOCUS,2022-12-31,0.55,1106.0,42.0,189.0
PFOCUS,2023-03-31,5.48,1435.0,190.0,437.0
PFOCUS,2023-06-30,-2.27,1210.0,-72.0,153.0
PFOCUS,2023-09-30,-7.37,1026.0,-257.0,-7.0
PFOCUS,2023-12-31,-1.85,841.0,-79.0,26.0
PFOCUS,2024-03-31,-2.01,873.0,-80.0,42.0
PFOCUS,2024-06-30,-3.98,813.0,-158.0,75.0
PFOCUS,2024-09-30,1.11,897.0,50.0,211.0
PFOCUS,2024-12-31,-2.01,909.0,-99.0,268.0
PFOCUS,2025-03-31,-7.7,979.0,-252.0,232.0
PFOCUS,2025-06-30,2.0,1023.0,110.0,244.0
PFOCUS,2025-09-30,0.05,1061.0,4.0,296.0
PFOCUS,2025-12-31,0.91,1207.0,69.0,394.0
PFS,2022-12-31,0.56,,36.0,
PFS,2023-03-31,0.57,,36.0,
PFS,2023-06-30,0.57,,37.0,
PFS,2023-09-30,0.93,,60.0,
PFS,2023-12-31,0.78,,50.0,
PFS,2024-03-31,0.22,,14.0,
PFS,2024-06-30,0.69,,44.0,
PFS,2024-09-30,0.74,,47.0,
PFS,2024-12-31,1.05,,67.0,
PFS,2025-03-31,0.91,,58.0,
PFS,2025-06-30,2.13,,137.0,
PFS,2025-09-30,1.37,,88.0,
PFS,2025-12-31,0.76,,49.0,
PGEL,2022-12-31,0.6,459.0,14.0,37.0
PGEL,2023-03-31,1.77,828.0,40.0,76.0
PGEL,2023-06-30,1.49,678.0,34.0,66.0
PGEL,2023-09-30,0.48,460.0,12.0,38.0
PGEL,2023-12-31,0.74,532.0,19.0,42.0
PGEL,2024-03-31,2.67,1077.0,70.0,116.0
PGEL,2024-06-30,3.21,1321.0,84.0,131.0
PGEL,2024-09-30,0.74,671.0,19.0,56.0
PGEL,2024-12-31,1.4,968.0,40.0,85.0
PGEL,2025-03-31,5.13,1910.0,145.0,212.0
PGEL,2025-06-30,2.36,1504.0,67.0,121.0
PGEL,2025-09-30,0.1,655.0,3.0,30.0
PGEL,2025-12-31,2.17,1412.0,62.0,117.0
PGIL,2022-12-31,7.71,717.0,37.0,73.0
PGIL,2023-03-31,11.99,730.0,53.0,63.0
PGIL,2023-06-30,11.1,894.0,47.0,83.0
PGIL,2023-09-30,9.16,961.0,39.0,77.0
PGIL,2023-12-31,8.2,704.0,34.0,65.0
PGIL,2024-03-31,11.78,877.0,49.0,81.0
PGIL,2024-06-30,14.99,1053.0,62.0,98.0
PGIL,2024-09-30,12.75,1202.0,56.0,97.0
PGIL,2024-12-31,12.25,1023.0,48.0,91.0
PGIL,2025-03-31,14.86,1229.0,65.0,117.0
PGIL,2025-06-30,14.76,1228.0,66.0,112.0
PGIL,2025-09-30,15.95,1313.0,72.0,121.0
PGIL,2025-12-31,11.56,1170.0,52.0,96.0
PHOENIXLTD,2023-03-31,7.11,729.0,292.0,431.0
PHOENIXLTD,2023-06-30,6.73,811.0,291.0,492.0
PHOENIXLTD,2023-09-30,7.07,875.0,305.0,506.0
PHOENIXLTD,2023-12-31,7.82,986.0,345.0,552.0
PHOENIXLTD,2024-03-31,9.14,1306.0,392.0,627.0
PHOENIXLTD,2024-06-30,6.5,904.0,315.0,531.0
PHOENIXLTD,2024-09-30,6.1,918.0,292.0,518.0
PHOENIXLTD,2024-12-31,7.41,975.0,353.0,553.0
PHOENIXLTD,2025-03-31,7.52,1016.0,348.0,560.0
PHOENIXLTD,2025-06-30,6.73,953.0,321.0,564.0
PHOENIXLTD,2025-09-30,8.5,1115.0,384.0,667.0
PHOENIXLTD,2025-12-31,7.71,1121.0,366.0,656.0
PHOENIXLTD,2026-03-31,11.28,1233.0,485.0,750.0
PICCADIL,2023-03-31,0.5,200.0,5.0,15.0
PICCADIL,2023-06-30,1.16,219.0,11.0,25.0
PICCADIL,2023-09-30,1.18,114.0,11.0,24.0
PICCADIL,2023-12-31,4.7,178.0,44.0,34.0
PICCADIL,2024-03-31,4.59,269.0,43.0,67.0
PICCADIL,2024-06-30,1.39,196.0,13.0,28.0
PICCADIL,2024-09-30,2.61,185.0,25.0,42.0
PICCADIL,2024-12-31,2.63,182.0,25.0,48.0
PICCADIL,2025-03-31,4.23,255.0,40.0,66.0
PICCADIL,2025-06-30,1.94,214.0,18.0,38.0
PICCADIL,2025-09-30,2.71,212.0,27.0,46.0
PICCADIL,2025-12-31,4.84,276.0,48.0,78.0
PICCADIL,2026-03-31,4.53,335.0,45.0,71.0
PIDILITIND,2022-12-31,2.99,2998.0,308.0,496.0
PIDILITIND,2023-03-31,2.78,2689.0,286.0,458.0
PIDILITIND,2023-06-30,4.6,3275.0,474.0,706.0
PIDILITIND,2023-09-30,4.43,3076.0,459.0,678.0
PIDILITIND,2023-12-31,5.02,3130.0,511.0,742.0
PIDILITIND,2024-03-31,2.96,2902.0,304.0,575.0
PIDILITIND,2024-06-30,5.57,3395.0,571.0,812.0
PIDILITIND,2024-09-30,5.26,3235.0,540.0,768.0
PIDILITIND,2024-12-31,5.43,3369.0,557.0,798.0
PIDILITIND,2025-03-31,4.15,3141.0,428.0,632.0
PIDILITIND,2025-06-30,6.61,3753.0,678.0,941.0
PIDILITIND,2025-09-30,5.69,3554.0,585.0,850.0
PIDILITIND,2025-12-31,6.07,3710.0,624.0,894.0
PIGL,2022-12-31,0.52,10.69,0.66,2.17
PIGL,2023-03-31,0.98,44.67,1.24,1.35
PIGL,2023-06-30,0.79,21.82,1.0,2.55
PIGL,2023-09-30,1.1,24.33,1.39,2.71
PIGL,2023-12-31,0.66,15.13,0.83,1.82
PIGL,2024-03-31,2.12,36.92,2.68,3.89
PIGL,2024-06-30,1.48,25.47,1.87,3.12
PIGL,2024-09-30,2.42,54.93,3.89,5.22
PIGL,2024-12-31,1.98,33.37,3.19,3.69
PIGL,2025-03-31,1.61,55.09,2.81,5.14
PIGL,2025-06-30,1.5,41.3,2.62,4.03
PIGL,2025-09-30,2.65,70.27,4.71,6.58
PIGL,2025-12-31,1.84,48.66,3.57,5.92
PIIND,2022-12-31,23.19,1613.0,352.0,415.0
PIIND,2023-03-31,18.49,1566.0,281.0,343.0
PIIND,2023-06-30,25.24,1910.0,383.0,468.0
PIIND,2023-09-30,31.67,2117.0,480.0,551.0
PIIND,2023-12-31,29.57,1898.0,449.0,554.0
PIIND,2024-03-31,24.35,1741.0,370.0,442.0
PIIND,2024-06-30,29.58,2069.0,449.0,583.0
PIIND,2024-09-30,33.5,2221.0,508.0,628.0
PIIND,2024-12-31,24.57,1901.0,373.0,512.0
PIIND,2025-03-31,21.78,1787.0,330.0,456.0
PIIND,2025-06-30,26.36,1900.0,400.0,519.0
PIIND,2025-09-30,26.98,1872.0,409.0,541.0
PIIND,2025-12-31,20.52,1376.0,311.0,302.0
PILANIINVS,2022-12-31,32.56,52.0,36.0,51.0
PILANIINVS,2023-03-31,67.81,54.0,75.0,51.0
PILANIINVS,2023-06-30,22.85,55.0,25.0,53.0
PILANIINVS,2023-09-30,48.95,107.0,54.0,104.0
PILANIINVS,2023-12-31,50.14,62.0,56.0,57.0
PILANIINVS,2024-03-31,28.4,63.0,31.0,62.0
PILANIINVS,2024-06-30,29.36,62.0,33.0,60.0
PILANIINVS,2024-09-30,70.18,123.0,78.0,121.0
PILANIINVS,2024-12-31,12.08,61.0,13.0,56.0
PILANIINVS,2025-03-31,-22.66,57.0,-25.0,51.0
PILANIINVS,2025-06-30,-3.63,50.0,-4.0,46.0
PILANIINVS,2025-09-30,40.38,129.0,45.0,108.0
PILANIINVS,2025-12-31,-13.0,60.0,-14.0,55.0
PINELABS,2024-09-30,-0.38,552.0,-32.0,32.0
PINELABS,2024-12-31,-0.67,602.0,-57.0,77.0
PINELABS,2025-06-30,0.11,616.0,5.0,45.0
PINELABS,2025-09-30,0.13,650.0,6.0,75.0
PINELABS,2025-12-31,0.37,744.0,42.0,132.0
PIONEEREMB,2022-12-31,0.07,65.97,0.17,2.52
PIONEEREMB,2023-03-31,0.42,74.41,0.92,4.66
PIONEEREMB,2023-06-30,0.39,73.72,1.02,4.14
PIONEEREMB,2023-09-30,0.05,82.51,0.02,4.56
PIONEEREMB,2023-12-31,0.01,85.32,0.02,5.98
PIONEEREMB,2024-03-31,0.85,94.65,2.5,7.39
PIONEEREMB,2024-06-30,0.07,96.4,0.21,6.25
PIONEEREMB,2024-09-30,0.22,93.81,0.68,7.28
PIONEEREMB,2024-12-31,0.71,96.1,2.19,7.63
PIONEEREMB,2025-03-31,0.45,88.76,1.38,4.05
PIONEEREMB,2025-06-30,0.35,86.12,1.07,3.31
PIONEEREMB,2025-09-30,-1.23,82.7,-3.8,0.77
PIONEEREMB,2025-12-31,-0.27,81.21,-0.83,4.2
PIONRINV,2022-12-31,-0.85,6.44,-1.05,0.84
PIONRINV,2023-03-31,0.22,9.66,0.27,4.07
PIONRINV,2023-06-30,0.26,8.35,0.32,3.09
PIONRINV,2023-09-30,0.09,7.34,0.11,2.27
PIONRINV,2023-12-31,0.24,8.43,0.3,2.96
PIONRINV,2024-03-31,2.72,11.45,3.34,2.82
PIONRINV,2024-06-30,2.68,8.64,3.29,3.54
PIONRINV,2024-09-30,0.23,8.0,0.28,0.94
PIONRINV,2024-12-31,1.21,9.66,1.49,4.09
PIONRINV,2025-03-31,2.31,9.91,2.84,1.95
PIONRINV,2025-06-30,2.94,15.31,3.61,6.88
PIONRINV,2025-09-30,3.94,15.57,4.85,7.85
PIONRINV,2025-12-31,4.68,11.93,5.76,7.34
PIRAMALFIN,2021-06-30,10.02,2001.0,314.0,514.0
PIRAMALFIN,2022-06-30,0.17,1672.0,370.0,1306.0
PIRAMALFIN,2022-12-31,1.32,1751.0,2824.0,181.0
PIRAMALFIN,2023-03-31,-4.2,1640.0,-8982.0,674.0
PIRAMALFIN,2023-12-31,-0.6,1689.0,-1282.0,960.0
PIRAMALFIN,2024-03-31,-0.32,1717.0,-752.0,-1063.0
PIRAMALFIN,2024-09-30,0.07,2365.0,163.0,1429.0
PIRAMALFIN,2024-12-31,0.02,2825.0,39.0,1451.0
PIRAMALFIN,2025-03-31,0.04,2854.0,102.0,1317.0
PIRAMALFIN,2025-06-30,0.11,2639.0,276.0,1721.0
PIRAMALFIN,2025-09-30,14.42,2872.0,327.0,1949.0
PIRAMALFIN,2025-12-31,17.69,2918.0,401.0,1935.0
PIRAMALFIN,2026-03-31,22.14,3424.0,502.0,1446.0
PITTIENG,2022-12-31,3.78,238.0,12.0,39.0
PITTIENG,2023-03-31,7.75,248.0,25.0,41.0
PITTIENG,2023-06-30,4.36,290.0,14.0,42.0
PITTIENG,2023-09-30,6.87,303.0,22.0,45.0
PITTIENG,2023-12-31,4.9,302.0,16.0,51.0
PITTIENG,2024-03-31,14.35,336.0,46.0,52.0
PITTIENG,2024-06-30,6.04,391.0,19.0,58.0
PITTIENG,2024-09-30,10.72,429.0,38.0,66.0
PITTIENG,2024-12-31,7.64,415.0,29.0,67.0
PITTIENG,2025-03-31,9.6,469.0,36.0,80.0
PITTIENG,2025-06-30,6.08,457.0,23.0,75.0
PITTIENG,2025-09-30,10.65,478.0,40.0,78.0
PITTIENG,2025-12-31,7.49,477.0,28.0,81.0
PIXTRANS,2022-12-31,8.68,112.0,12.0,22.0
PIXTRANS,2023-03-31,14.02,134.0,19.0,33.0
PIXTRANS,2023-06-30,11.62,112.0,16.0,25.0
PIXTRANS,2023-09-30,15.19,124.0,21.0,31.0
PIXTRANS,2023-12-31,16.17,128.0,22.0,32.0
PIXTRANS,2024-03-31,17.93,129.0,24.0,31.0
PIXTRANS,2024-06-30,20.15,130.0,27.0,34.0
PIXTRANS,2024-09-30,29.75,160.0,41.0,52.0
PIXTRANS,2024-12-31,16.33,140.0,22.0,34.0
PIXTRANS,2025-03-31,16.62,163.0,23.0,34.0
PIXTRANS,2025-06-30,20.45,122.0,28.0,28.0
PIXTRANS,2025-09-30,17.28,139.0,24.0,34.0
PIXTRANS,2025-12-31,25.88,151.0,35.0,44.0
PKTEA,2021-03-31,4.88,13.16,1.51,3.8
PKTEA,2021-06-30,13.18,13.45,4.08,5.71
PKTEA,2021-09-30,6.14,11.44,1.9,3.53
PKTEA,2021-12-31,-7.14,10.87,-2.21,-0.05
PKTEA,2022-03-31,-10.56,11.44,-3.27,-2.04
PKTEA,2022-06-30,-8.75,8.23,-2.71,-1.07
PKTEA,2022-09-30,2.2,17.94,0.68,1.94
PKTEA,2022-12-31,0.1,13.64,0.03,0.96
PKTEA,2023-03-31,-4.39,11.73,-1.36,-0.58
PKTEA,2023-06-30,6.33,11.1,1.96,4.06
PKTEA,2023-09-30,-3.65,13.21,-1.13,-0.65
PKTEA,2023-12-31,2.84,17.79,0.88,1.99
PKTEA,2024-03-31,11.92,11.6,3.69,0.59
PLATIND,2022-12-31,107.64,65.0,11.0,16.0
PLATIND,2023-03-31,2.48,60.0,10.0,14.0
PLATIND,2023-06-30,2.85,62.0,11.0,16.0
PLATIND,2023-09-30,2.87,61.0,11.0,16.0
PLATIND,2023-12-31,2.5,61.0,10.0,14.0
PLATIND,2024-03-31,1.93,80.0,11.0,15.0
PLATIND,2024-06-30,3.19,103.0,18.0,20.0
PLATIND,2024-09-30,2.6,100.0,15.0,15.0
PLATIND,2024-12-31,2.12,93.0,12.0,14.0
PLATIND,2025-03-31,1.16,97.0,6.0,8.0
PLATIND,2025-06-30,2.32,115.0,13.0,15.0
PLATIND,2025-09-30,2.11,98.0,11.0,14.0
PLATIND,2025-12-31,2.29,105.0,12.0,16.0
PML,2022-12-31,39.52,1718.0,12.0,23.0
PML,2023-03-31,27.19,1698.0,8.0,18.0
PML,2023-06-30,44.1,1836.0,14.0,27.0
PML,2023-09-30,46.87,1839.0,15.0,29.0
PML,2023-12-31,55.42,2090.0,17.0,33.0
PML,2024-03-31,30.29,854.0,9.0,-6.0
PML,2024-06-30,43.19,1016.0,13.0,0.0
PML,2024-09-30,52.2,986.0,16.0,-1.0
PML,2024-12-31,57.46,750.0,18.0,-3.0
PML,2025-03-31,54.12,582.0,17.0,-3.0
PML,2025-06-30,932.1,493.0,287.0,-4.0
PML,2025-09-30,-21.43,593.0,-7.0,-8.0
PML,2025-12-31,-46.69,505.0,-14.0,-3.0
PNB,2022-12-31,0.64,,715.0,
PNB,2023-03-31,1.69,,1876.0,
PNB,2023-06-30,1.22,,1363.0,
PNB,2023-09-30,1.81,,1990.0,
PNB,2023-12-31,2.21,,2441.0,
PNB,2024-03-31,3.04,,3363.0,
PNB,2024-06-30,3.61,,3991.0,
PNB,2024-09-30,4.1,,4739.0,
PNB,2024-12-31,4.18,,4811.0,
PNB,2025-03-31,4.34,,5011.0,
PNB,2025-06-30,1.84,,2167.0,
PNB,2025-09-30,4.46,,5121.0,
PNB,2025-12-31,4.83,,5577.0,
PNBHOUSING,2023-03-31,10.76,,279.0,
PNBHOUSING,2023-06-30,13.38,,347.0,
PNBHOUSING,2023-09-30,14.75,,383.0,
PNBHOUSING,2023-12-31,13.03,,338.0,
PNBHOUSING,2024-03-31,16.91,,439.0,
PNBHOUSING,2024-06-30,16.66,,433.0,
PNBHOUSING,2024-09-30,18.08,,470.0,
PNBHOUSING,2024-12-31,18.6,,483.0,
PNBHOUSING,2025-03-31,21.17,,550.0,
PNBHOUSING,2025-06-30,20.51,,534.0,
PNBHOUSING,2025-09-30,22.33,,582.0,
PNBHOUSING,2025-12-31,19.97,,520.0,
PNBHOUSING,2026-03-31,25.17,,656.0,
PNCINFRA,2022-12-31,5.45,1803.0,140.0,345.0
PNCINFRA,2023-03-31,5.69,2305.0,146.0,411.0
PNCINFRA,2023-06-30,7.04,2092.0,181.0,436.0
PNCINFRA,2023-09-30,5.77,1911.0,148.0,400.0
PNCINFRA,2023-12-31,7.21,2047.0,185.0,432.0
PNCINFRA,2024-03-31,15.43,2600.0,396.0,736.0
PNCINFRA,2024-06-30,22.42,2168.0,575.0,969.0
PNCINFRA,2024-09-30,3.25,1427.0,83.0,356.0
PNCINFRA,2024-12-31,3.17,1470.0,81.0,379.0
PNCINFRA,2025-03-31,2.94,1704.0,75.0,362.0
PNCINFRA,2025-06-30,16.82,1423.0,431.0,367.0
PNCINFRA,2025-09-30,8.41,1128.0,216.0,253.0
PNCINFRA,2025-12-31,2.99,1201.0,77.0,239.0
PNGJL,2023-06-30,4.01,1257.0,22.0,45.0
PNGJL,2023-09-30,3.98,1372.0,22.0,45.0
PNGJL,2023-12-31,10.43,1972.0,58.0,92.0
PNGJL,2024-03-31,4.66,1512.0,55.0,89.0
PNGJL,2024-06-30,2.99,1668.0,35.0,64.0
PNGJL,2024-09-30,2.57,2001.0,35.0,54.0
PNGJL,2024-12-31,6.34,2436.0,86.0,123.0
PNGJL,2025-03-31,4.57,1588.0,62.0,94.0
PNGJL,2025-06-30,5.11,1715.0,69.0,110.0
PNGJL,2025-09-30,5.84,2178.0,79.0,107.0
PNGJL,2025-12-31,12.59,3303.0,171.0,244.0
POCL,2022-12-31,4.67,374.0,11.0,18.0
POCL,2023-03-31,17.62,437.0,41.0,23.0
POCL,2023-06-30,1.77,325.0,4.0,13.0
POCL,2023-09-30,2.45,397.0,6.0,16.0
POCL,2023-12-31,4.37,457.0,10.0,25.0
POCL,2024-03-31,4.74,363.0,12.0,18.0
POCL,2024-06-30,5.14,445.0,13.0,23.0
POCL,2024-09-30,5.85,579.0,15.0,29.0
POCL,2024-12-31,4.71,509.0,13.0,25.0
POCL,2025-03-31,5.91,524.0,17.0,28.0
POCL,2025-06-30,8.37,603.0,25.0,41.0
POCL,2025-09-30,11.1,640.0,34.0,54.0
POCL,2025-12-31,11.57,780.0,35.0,57.0
POKARNA,2022-12-31,0.85,113.0,3.0,26.0
POKARNA,2023-03-31,3.45,161.0,11.0,32.0
POKARNA,2023-06-30,5.78,162.0,18.0,46.0
POKARNA,2023-09-30,10.55,200.0,33.0,68.0
POKARNA,2023-12-31,6.85,165.0,21.0,53.0
POKARNA,2024-03-31,5.0,162.0,16.0,41.0
POKARNA,2024-06-30,10.67,193.0,33.0,61.0
POKARNA,2024-09-30,14.5,251.0,45.0,86.0
POKARNA,2024-12-31,16.32,224.0,51.0,78.0
POKARNA,2025-03-31,19.0,263.0,59.0,101.0
POKARNA,2025-06-30,9.12,171.0,28.0,58.0
POKARNA,2025-09-30,2.04,118.0,6.0,24.0
POKARNA,2025-12-31,6.57,135.0,20.0,41.0
POLICYBZR,2022-12-31,-1.94,610.0,-88.0,-133.0
POLICYBZR,2023-03-31,-0.2,869.0,-9.0,-68.0
POLICYBZR,2023-06-30,-0.25,666.0,-12.0,-77.0
POLICYBZR,2023-09-30,-0.45,812.0,-21.0,-89.0
POLICYBZR,2023-12-31,0.84,871.0,37.0,-27.0
POLICYBZR,2024-03-31,1.34,1090.0,60.0,5.0
POLICYBZR,2024-06-30,1.32,1010.0,60.0,-39.0
POLICYBZR,2024-09-30,1.11,1167.0,51.0,-8.0
POLICYBZR,2024-12-31,1.56,1292.0,72.0,28.0
POLICYBZR,2025-03-31,3.72,1508.0,171.0,113.0
POLICYBZR,2025-06-30,1.84,1348.0,85.0,34.0
POLICYBZR,2025-09-30,2.94,1614.0,135.0,98.0
POLICYBZR,2025-12-31,4.09,1771.0,189.0,159.0
POLYCAB,2022-12-31,23.89,3715.0,361.0,503.0
POLYCAB,2023-03-31,28.38,4324.0,429.0,603.0
POLYCAB,2023-06-30,26.67,3889.0,403.0,549.0
POLYCAB,2023-09-30,28.37,4218.0,430.0,609.0
POLYCAB,2023-12-31,27.49,4340.0,417.0,570.0
POLYCAB,2024-03-31,36.34,5592.0,553.0,762.0
POLYCAB,2024-06-30,26.34,4698.0,402.0,583.0
POLYCAB,2024-09-30,29.24,5498.0,445.0,632.0
POLYCAB,2024-12-31,30.42,5226.0,464.0,720.0
POLYCAB,2025-03-31,48.31,6986.0,734.0,1025.0
POLYCAB,2025-06-30,39.34,5906.0,600.0,858.0
POLYCAB,2025-09-30,45.54,6477.0,693.0,1021.0
POLYCAB,2025-12-31,41.3,7636.0,630.0,966.0
POLYMED,2022-12-31,5.21,285.0,50.0,71.0
POLYMED,2023-03-31,6.13,307.0,59.0,83.0
POLYMED,2023-06-30,6.54,321.0,63.0,87.0
POLYMED,2023-09-30,6.48,337.0,62.0,84.0
POLYMED,2023-12-31,6.78,340.0,65.0,90.0
POLYMED,2024-03-31,7.12,378.0,68.0,96.0
POLYMED,2024-06-30,7.71,385.0,74.0,104.0
POLYMED,2024-09-30,8.63,420.0,87.0,115.0
POLYMED,2024-12-31,8.41,424.0,85.0,114.0
POLYMED,2025-03-31,9.06,441.0,92.0,119.0
POLYMED,2025-06-30,9.19,403.0,93.0,106.0
POLYMED,2025-09-30,9.06,444.0,92.0,115.0
POLYMED,2025-12-31,7.0,494.0,71.0,111.0
POLYPLEX,2022-12-31,12.32,1863.0,84.0,104.0
POLYPLEX,2023-03-31,2.42,1667.0,20.0,55.0
POLYPLEX,2023-06-30,-0.99,1561.0,-10.0,61.0
POLYPLEX,2023-09-30,8.9,1572.0,48.0,121.0
POLYPLEX,2023-12-31,1.47,1496.0,17.0,50.0
POLYPLEX,2024-03-31,2.68,1679.0,31.0,97.0
POLYPLEX,2024-06-30,17.05,1686.0,97.0,164.0
POLYPLEX,2024-09-30,27.97,1739.0,164.0,191.0
POLYPLEX,2024-12-31,18.4,1721.0,105.0,121.0
POLYPLEX,2025-03-31,3.22,1740.0,-9.0,64.0
POLYPLEX,2025-06-30,-6.15,1739.0,-60.0,-1.0
POLYPLEX,2025-09-30,7.87,1794.0,34.0,103.0
POLYPLEX,2025-12-31,4.7,1682.0,30.0,105.0
POONAWALLA,2022-12-31,2.38,,182.0,
POONAWALLA,2023-03-31,2.58,,199.0,
POONAWALLA,2023-06-30,2.94,,226.0,
POONAWALLA,2023-09-30,11.19,,860.0,
POONAWALLA,2023-12-31,3.45,,265.0,
POONAWALLA,2024-03-31,4.28,,332.0,
POONAWALLA,2024-06-30,3.76,,292.0,
POONAWALLA,2024-09-30,-6.06,,-471.0,
POONAWALLA,2024-12-31,0.24,,19.0,
POONAWALLA,2025-03-31,0.8,,62.0,
POONAWALLA,2025-06-30,0.8,,63.0,
POONAWALLA,2025-09-30,0.91,,74.0,
POONAWALLA,2025-12-31,1.85,,150.0,
POWERGRID,2022-12-31,3.92,11262.0,3645.0,9893.0
POWERGRID,2023-03-31,4.65,12264.0,4323.0,10831.0
POWERGRID,2023-06-30,3.87,11048.0,3597.0,9332.0
POWERGRID,2023-09-30,4.07,11267.0,3781.0,9710.0
POWERGRID,2023-12-31,4.33,11550.0,4028.0,10175.0
POWERGRID,2024-03-31,4.48,11978.0,4166.0,9923.0
POWERGRID,2024-06-30,4.0,11006.0,3724.0,9540.0
POWERGRID,2024-09-30,4.08,11278.0,3793.0,9597.0
POWERGRID,2024-12-31,4.15,11233.0,3862.0,9533.0
POWERGRID,2025-03-31,4.45,12275.0,4143.0,10194.0
POWERGRID,2025-06-30,3.9,11196.0,3631.0,9102.0
POWERGRID,2025-09-30,3.83,11476.0,3566.0,9055.0
POWERGRID,2025-12-31,4.5,12395.0,4185.0,10607.0
POWERICA,2024-12-31,10.2,704.0,30.0,82.0
POWERICA,2025-09-30,7.32,832.0,84.0,129.0
POWERICA,2025-12-31,8.81,763.0,98.0,78.0
POWERMECH,2022-12-31,16.99,909.0,51.0,101.0
POWERMECH,2023-03-31,25.23,1174.0,75.0,127.0
POWERMECH,2023-06-30,17.11,865.0,51.0,99.0
POWERMECH,2023-09-30,17.2,932.0,51.0,111.0
POWERMECH,2023-12-31,19.47,1108.0,62.0,133.0
POWERMECH,2024-03-31,26.74,1302.0,84.0,150.0
POWERMECH,2024-06-30,19.03,1007.0,62.0,113.0
POWERMECH,2024-09-30,21.22,1035.0,70.0,123.0
POWERMECH,2024-12-31,25.95,1338.0,87.0,151.0
POWERMECH,2025-03-31,37.08,1853.0,130.0,214.0
POWERMECH,2025-06-30,16.61,1293.0,81.0,170.0
POWERMECH,2025-09-30,23.7,1238.0,78.0,146.0
POWERMECH,2025-12-31,29.73,1420.0,100.0,160.0
PPAP,2022-12-31,-2.62,127.12,-3.67,6.52
PPAP,2023-03-31,-1.63,132.27,-2.28,8.36
PPAP,2023-06-30,-1.96,116.45,-2.75,6.27
PPAP,2023-09-30,0.39,148.4,0.54,12.05
PPAP,2023-12-31,-1.91,122.36,-2.67,8.62
PPAP,2024-03-31,-5.83,135.7,-8.16,11.32
PPAP,2024-06-30,0.07,122.68,0.1,11.82
PPAP,2024-09-30,2.03,144.86,2.86,16.28
PPAP,2024-12-31,1.15,139.25,1.62,13.99
PPAP,2025-03-31,1.72,147.22,2.42,15.0
PPAP,2025-06-30,-1.61,116.63,-2.27,9.3
PPAP,2025-09-30,-0.04,136.96,-0.05,12.72
PPAP,2025-12-31,0.05,138.88,0.07,12.54
PPLPHARMA,2023-03-31,0.38,2163.58,50.11,351.27
PPLPHARMA,2023-06-30,-0.75,1748.85,-98.58,132.32
PPLPHARMA,2023-09-30,0.04,1911.38,5.02,265.64
PPLPHARMA,2023-12-31,0.08,1958.57,10.11,268.37
PPLPHARMA,2024-03-31,0.77,2552.36,101.27,529.93
PPLPHARMA,2024-06-30,-0.67,1951.14,-88.64,204.49
PPLPHARMA,2024-09-30,0.17,2241.75,22.59,341.61
PPLPHARMA,2024-12-31,0.03,2204.22,3.68,337.74
PPLPHARMA,2025-03-31,1.16,2754.07,153.5,560.99
PPLPHARMA,2025-06-30,-0.61,1933.71,-81.7,106.7
PPLPHARMA,2025-09-30,-0.75,2043.72,-99.22,158.69
PPLPHARMA,2025-12-31,-1.02,2139.87,-136.19,195.73
PPLPHARMA,2026-03-31,-0.07,2751.77,-8.83,460.51
PRABHA,2023-12-31,,0.63,-0.09,-0.13
PRABHA,2024-03-31,,1.02,-0.11,-0.11
PRABHA,2024-06-30,,0.94,-0.23,-0.11
PRABHA,2024-09-30,,0.97,-0.07,-0.05
PRABHA,2024-12-31,-0.01,1.02,-0.16,-0.04
PRABHA,2025-03-31,-0.05,1.02,-0.94,-1.66
PRABHA,2025-06-30,-0.01,1.13,-0.22,-0.27
PRABHA,2025-09-30,-0.01,1.77,-0.18,-0.31
PRABHA,2025-12-31,0.05,1.76,0.92,-0.06
PRADPME,2022-12-31,4.2,67.16,7.25,12.61
PRADPME,2023-03-31,2.36,63.05,4.07,9.04
PRADPME,2023-06-30,1.18,59.43,2.03,5.9
PRADPME,2023-09-30,3.23,70.01,5.58,10.46
PRADPME,2023-12-31,3.96,67.74,6.84,11.88
PRADPME,2024-03-31,4.53,79.49,7.83,13.24
PRADPME,2024-06-30,4.05,71.5,6.99,10.8
PRADPME,2024-09-30,3.75,74.18,6.47,11.85
PRADPME,2024-12-31,3.83,79.15,6.62,11.48
PRADPME,2025-03-31,4.11,87.03,7.09,13.0
PRADPME,2025-06-30,3.23,77.53,5.57,10.25
PRADPME,2025-09-30,4.28,85.66,7.39,14.42
PRADPME,2025-12-31,4.09,83.87,7.06,12.53
PRAENG,2022-12-31,-0.68,5.79,-4.8,-3.39
PRAENG,2023-03-31,0.07,11.58,0.41,-14.49
PRAENG,2023-06-30,-0.32,7.51,-2.26,-1.15
PRAENG,2023-09-30,-0.95,2.78,-6.63,-4.94
PRAENG,2023-12-31,-0.92,20.8,-6.84,-6.3
PRAENG,2024-03-31,-3.38,26.37,-24.12,-24.2
PRAENG,2024-06-30,-0.67,4.71,-5.37,-5.03
PRAENG,2024-09-30,-0.83,25.67,-6.21,-5.52
PRAENG,2024-12-31,-0.47,11.52,-4.04,-3.93
PRAENG,2025-03-31,-1.99,15.56,-14.34,-14.23
PRAENG,2025-06-30,-0.43,14.71,-3.2,-5.69
PRAENG,2025-09-30,-0.93,8.55,-6.47,-6.7
PRAENG,2025-12-31,-0.16,8.07,-1.02,-1.48
PRAJIND,2022-12-31,3.39,911.0,62.0,86.0
PRAJIND,2023-03-31,4.8,1004.0,88.0,108.0
PRAJIND,2023-06-30,3.19,737.0,59.0,75.0
PRAJIND,2023-09-30,3.39,882.0,62.0,84.0
PRAJIND,2023-12-31,3.83,829.0,70.0,98.0
PRAJIND,2024-03-31,5.0,1019.0,92.0,131.0
PRAJIND,2024-06-30,4.58,699.0,84.0,92.0
PRAJIND,2024-09-30,2.93,816.0,54.0,86.0
PRAJIND,2024-12-31,2.24,853.0,41.0,73.0
PRAJIND,2025-03-31,2.17,860.0,40.0,74.0
PRAJIND,2025-06-30,0.29,640.0,5.0,31.0
PRAJIND,2025-09-30,1.05,842.0,19.0,56.0
PRAJIND,2025-12-31,-0.67,841.0,-12.0,47.0
PRAVEG,2022-12-31,5.53,28.38,11.56,17.08
PRAVEG,2023-03-31,2.47,18.72,5.17,9.64
PRAVEG,2023-06-30,0.53,11.97,1.17,4.46
PRAVEG,2023-09-30,0.93,14.03,2.1,3.87
PRAVEG,2023-12-31,3.55,33.07,8.1,12.37
PRAVEG,2024-03-31,0.67,32.52,1.64,8.5
PRAVEG,2024-06-30,0.29,23.4,0.76,6.33
PRAVEG,2024-09-30,0.55,31.44,1.41,6.45
PRAVEG,2024-12-31,3.52,54.28,10.55,21.47
PRAVEG,2025-03-31,1.55,58.06,3.33,15.37
PRAVEG,2025-06-30,-2.35,39.39,-5.75,5.75
PRAVEG,2025-09-30,-3.7,37.5,-9.22,3.61
PRAVEG,2025-12-31,3.55,90.45,9.93,26.25
PRECAM,2022-12-31,1.87,277.88,17.8,26.4
PRECAM,2023-03-31,1.17,278.57,11.11,24.52
PRECAM,2023-06-30,0.43,262.77,4.11,22.57
PRECAM,2023-09-30,0.89,254.46,8.43,27.71
PRECAM,2023-12-31,2.58,257.71,24.46,28.23
PRECAM,2024-03-31,0.35,256.19,3.35,21.67
PRECAM,2024-06-30,1.22,255.32,11.62,24.26
PRECAM,2024-09-30,0.88,225.07,8.4,22.81
PRECAM,2024-12-31,-0.67,194.55,-6.36,8.15
PRECAM,2025-03-31,4.26,190.43,40.44,25.64
PRECAM,2025-06-30,1.98,195.0,18.82,14.57
PRECAM,2025-09-30,1.39,198.18,13.16,13.14
PRECAM,2025-12-31,0.97,178.68,9.21,14.42
PRECWIRE,2015-03-31,0.11,207.76,1.9,9.97
PRECWIRE,2015-12-31,0.19,190.05,3.34,11.99
PRECWIRE,2016-03-31,0.28,210.05,4.88,14.05
PREMCO,2022-12-31,13.65,25.05,4.74,3.7
PREMCO,2023-03-31,5.57,25.99,1.59,5.4
PREMCO,2023-06-30,9.26,24.64,3.06,4.11
PREMCO,2023-09-30,6.45,24.01,2.13,3.33
PREMCO,2023-12-31,6.38,21.84,2.11,2.6
PREMCO,2024-03-31,8.87,27.4,2.93,4.74
PREMCO,2024-06-30,9.05,27.21,2.99,4.14
PREMCO,2024-09-30,5.42,25.97,1.79,2.93
PREMCO,2024-12-31,5.87,27.95,1.94,3.7
PREMCO,2025-03-31,8.44,28.34,2.79,4.77
PREMCO,2025-06-30,10.95,29.68,3.62,5.89
PREMCO,2025-09-30,5.17,25.71,1.71,2.93
PREMCO,2025-12-31,5.14,16.87,1.7,0.15
PREMEXPLN,2022-12-31,0.12,37.3,0.64,4.69
PREMEXPLN,2023-03-31,0.45,52.32,2.43,8.21
PREMEXPLN,2023-06-30,1.53,61.95,8.26,16.66
PREMEXPLN,2023-09-30,2.17,78.42,11.66,21.87
PREMEXPLN,2023-12-31,0.32,44.56,1.72,4.88
PREMEXPLN,2024-03-31,1.25,86.79,6.78,15.09
PREMEXPLN,2024-06-30,1.36,82.86,7.33,15.5
PREMEXPLN,2024-09-30,1.57,94.6,8.43,16.63
PREMEXPLN,2024-12-31,1.71,165.92,9.23,15.45
PREMEXPLN,2025-03-31,0.7,74.08,3.75,9.56
PREMEXPLN,2025-06-30,2.86,142.15,15.36,20.87
PREMEXPLN,2025-09-30,3.31,75.58,17.8,6.49
PREMEXPLN,2025-12-31,1.13,81.41,6.09,11.65
PREMIERENE,2023-06-30,1.19,611.0,31.0,71.0
PREMIERENE,2023-09-30,2.01,694.0,53.0,99.0
PREMIERENE,2023-12-31,1.64,712.0,43.0,123.0
PREMIERENE,2024-03-31,3.95,1127.0,104.0,184.0
PREMIERENE,2024-06-30,5.93,1657.0,198.0,358.0
PREMIERENE,2024-09-30,4.57,1527.0,206.0,381.0
PREMIERENE,2024-12-31,5.66,1713.0,255.0,514.0
PREMIERENE,2025-03-31,6.16,1621.0,278.0,528.0
PREMIERENE,2025-06-30,6.83,1821.0,308.0,548.0
PREMIERENE,2025-09-30,7.8,1837.0,353.0,561.0
PREMIERENE,2025-12-31,8.65,1936.0,392.0,593.0
PRESTIGE,2022-12-31,3.19,2317.0,162.0,572.0
PRESTIGE,2023-03-31,11.68,2632.0,505.0,682.0
PRESTIGE,2023-06-30,6.66,1681.0,318.0,522.0
PRESTIGE,2023-09-30,21.23,2236.0,910.0,585.0
PRESTIGE,2023-12-31,2.9,1796.0,165.0,535.0
PRESTIGE,2024-03-31,3.49,2164.0,236.0,828.0
PRESTIGE,2024-06-30,5.8,1862.0,307.0,784.0
PRESTIGE,2024-09-30,4.46,2304.0,235.0,620.0
PRESTIGE,2024-12-31,0.41,1654.0,32.0,583.0
PRESTIGE,2025-03-31,0.58,1528.0,43.0,529.0
PRESTIGE,2025-06-30,6.79,2307.0,312.0,877.0
PRESTIGE,2025-09-30,9.99,2432.0,457.0,910.0
PRESTIGE,2025-12-31,5.17,3873.0,245.0,860.0
PRICOLLTD,2022-12-31,2.2,474.0,27.0,51.0
PRICOLLTD,2023-03-31,2.44,523.0,30.0,61.0
PRICOLLTD,2023-06-30,2.62,537.0,32.0,65.0
PRICOLLTD,2023-09-30,2.72,578.0,33.0,66.0
PRICOLLTD,2023-12-31,2.79,573.0,34.0,68.0
PRICOLLTD,2024-03-31,3.4,584.0,42.0,74.0
PRICOLLTD,2024-06-30,3.74,620.0,46.0,80.0
PRICOLLTD,2024-09-30,3.7,669.0,45.0,77.0
PRICOLLTD,2024-12-31,3.4,634.0,41.0,75.0
PRICOLLTD,2025-03-31,2.87,769.0,35.0,80.0
PRICOLLTD,2025-06-30,4.09,895.0,50.0,99.0
PRICOLLTD,2025-09-30,5.25,1007.0,64.0,118.0
PRICOLLTD,2025-12-31,5.23,1039.0,64.0,121.0
PRIMESECU,2022-12-31,1.2,15.87,3.86,5.27
PRIMESECU,2023-03-31,1.25,12.12,4.06,5.17
PRIMESECU,2023-06-30,1.54,20.68,5.03,6.93
PRIMESECU,2023-09-30,1.2,15.4,3.95,4.86
PRIMESECU,2023-12-31,2.41,17.91,7.93,10.15
PRIMESECU,2024-03-31,0.5,12.82,1.65,2.56
PRIMESECU,2024-06-30,3.61,29.14,12.1,12.61
PRIMESECU,2024-09-30,5.13,29.83,17.2,18.23
PRIMESECU,2024-12-31,2.44,21.18,8.2,10.45
PRIMESECU,2025-03-31,0.24,12.71,0.8,1.17
PRIMESECU,2025-06-30,3.12,46.91,10.48,17.07
PRIMESECU,2025-09-30,4.09,31.23,13.77,6.24
PRIMESECU,2025-12-31,0.62,30.19,2.1,4.01
PRIMO,2022-12-31,1.24,187.64,30.03,46.29
PRIMO,2023-03-31,0.73,147.8,17.6,28.59
PRIMO,2023-06-30,-0.18,109.88,-4.29,7.05
PRIMO,2023-09-30,-0.53,93.2,-12.94,-4.35
PRIMO,2023-12-31,-0.63,91.43,-15.19,2.79
PRIMO,2024-03-31,0.29,102.48,7.09,1.43
PRIMO,2024-06-30,-0.46,121.93,-11.25,15.11
PRIMO,2024-09-30,0.53,134.36,12.93,10.6
PRIMO,2024-12-31,0.09,143.85,2.29,18.65
PRIMO,2025-03-31,-0.02,155.42,-0.41,23.98
PRIMO,2025-06-30,0.17,141.94,4.08,20.39
PRIMO,2025-09-30,0.17,134.74,4.16,15.3
PRIMO,2025-12-31,0.04,140.14,1.05,13.58
PRITIKAUTO,2022-12-31,0.32,77.82,2.86,8.42
PRITIKAUTO,2023-03-31,0.21,88.16,2.7,8.91
PRITIKAUTO,2023-06-30,0.42,94.72,5.29,12.0
PRITIKAUTO,2023-09-30,0.43,93.7,4.75,12.21
PRITIKAUTO,2023-12-31,0.19,70.83,3.98,11.62
PRITIKAUTO,2024-03-31,0.12,82.58,2.59,11.39
PRITIKAUTO,2024-06-30,0.21,88.8,4.48,14.42
PRITIKAUTO,2024-09-30,0.61,85.77,10.58,15.02
PRITIKAUTO,2024-12-31,0.19,80.65,4.42,13.38
PRITIKAUTO,2025-03-31,0.19,101.66,4.43,14.33
PRITIKAUTO,2025-06-30,0.33,114.61,6.09,17.44
PRITIKAUTO,2025-09-30,0.36,116.45,6.61,18.62
PRITIKAUTO,2025-12-31,0.31,113.43,5.73,18.34
PRIVISCL,2022-12-31,1.44,420.0,6.0,52.0
PRIVISCL,2023-03-31,-3.5,399.0,-15.0,32.0
PRIVISCL,2023-06-30,1.18,409.0,5.0,55.0
PRIVISCL,2023-09-30,7.8,455.0,30.0,89.0
PRIVISCL,2023-12-31,7.36,404.0,29.0,90.0
PRIVISCL,2024-03-31,7.93,484.0,32.0,91.0
PRIVISCL,2024-06-30,8.02,464.0,31.0,94.0
PRIVISCL,2024-09-30,11.42,533.0,45.0,110.0
PRIVISCL,2024-12-31,11.37,491.0,44.0,113.0
PRIVISCL,2025-03-31,17.01,614.0,64.0,133.0
PRIVISCL,2025-06-30,15.84,559.0,58.0,132.0
PRIVISCL,2025-09-30,24.02,679.0,90.0,182.0
PRIVISCL,2025-12-31,19.95,605.0,75.0,151.0
PROSTARM,2024-09-30,3.27,98.0,14.0,21.0
PROSTARM,2024-12-31,1.78,76.0,7.0,11.0
PROSTARM,2025-03-31,1.58,82.0,7.0,11.0
PROSTARM,2025-06-30,0.31,55.0,2.0,4.0
PROSTARM,2025-09-30,1.4,66.0,8.0,11.0
PROSTARM,2025-12-31,2.53,160.0,15.0,20.0
PROTEAN,2022-12-31,7.06,176.0,28.0,32.0
PROTEAN,2023-03-31,7.82,232.0,32.0,35.0
PROTEAN,2023-06-30,7.96,220.0,32.0,34.0
PROTEAN,2023-09-30,8.1,236.0,33.0,36.0
PROTEAN,2023-12-31,3.77,204.0,15.0,-3.0
PROTEAN,2024-03-31,4.77,222.0,19.0,22.0
PROTEAN,2024-06-30,5.21,197.0,21.0,15.0
PROTEAN,2024-09-30,6.92,220.0,28.0,32.0
PROTEAN,2024-12-31,5.66,202.0,23.0,16.0
PROTEAN,2025-03-31,5.03,222.0,20.0,18.0
PROTEAN,2025-06-30,5.88,211.0,24.0,16.0
PROTEAN,2025-09-30,5.88,250.0,24.0,29.0
PROTEAN,2025-12-31,5.54,229.0,22.0,32.0
PROZONER,2022-12-31,0.62,62.17,12.82,11.59
PROZONER,2023-03-31,0.15,55.66,5.7,14.19
PROZONER,2023-06-30,0.58,53.56,13.05,18.19
PROZONER,2023-09-30,0.09,38.0,3.58,15.8
PROZONER,2023-12-31,-0.03,41.38,-0.52,14.65
PROZONER,2024-03-31,-0.35,51.58,-13.26,6.11
PROZONER,2024-06-30,-0.3,32.19,-5.68,6.99
PROZONER,2024-09-30,-0.09,48.86,0.39,14.64
PROZONER,2024-12-31,0.05,44.85,3.88,17.41
PROZONER,2025-03-31,-2.15,52.83,-52.95,6.07
PROZONER,2025-06-30,0.05,38.24,3.78,18.35
PROZONER,2025-09-30,0.1,46.19,3.42,17.48
PROZONER,2025-12-31,0.12,58.23,6.79,22.75
PRSMJOHNSN,2022-12-31,-1.06,1774.0,-63.0,60.0
PRSMJOHNSN,2023-03-31,0.14,2112.0,4.0,147.0
PRSMJOHNSN,2023-06-30,0.36,1942.0,21.0,152.0
PRSMJOHNSN,2023-09-30,3.63,1838.0,183.0,92.0
PRSMJOHNSN,2023-12-31,-0.07,1728.0,-11.0,134.0
PRSMJOHNSN,2024-03-31,-0.32,2066.0,-30.0,111.0
PRSMJOHNSN,2024-06-30,-0.15,1763.0,-18.0,132.0
PRSMJOHNSN,2024-09-30,-1.78,1640.0,-104.0,46.0
PRSMJOHNSN,2024-12-31,0.96,1821.0,46.0,52.0
PRSMJOHNSN,2025-03-31,2.57,2102.0,121.0,188.0
PRSMJOHNSN,2025-06-30,0.05,1922.0,-6.0,168.0
PRSMJOHNSN,2025-09-30,0.06,1855.0,2.0,186.0
PRSMJOHNSN,2025-12-31,1.21,1844.0,50.0,140.0
PRUDENT,2022-12-31,6.88,158.0,28.0,43.0
PRUDENT,2023-03-31,9.96,177.0,41.0,58.0
PRUDENT,2023-06-30,6.78,165.0,28.0,39.0
PRUDENT,2023-09-30,7.35,190.0,30.0,43.0
PRUDENT,2023-12-31,8.62,210.0,36.0,50.0
PRUDENT,2024-03-31,10.76,240.0,45.0,61.0
PRUDENT,2024-06-30,10.67,249.0,44.0,59.0
PRUDENT,2024-09-30,12.44,286.0,52.0,69.0
PRUDENT,2024-12-31,11.64,285.0,48.0,66.0
PRUDENT,2025-03-31,12.5,283.0,52.0,69.0
PRUDENT,2025-06-30,12.51,294.0,52.0,67.0
PRUDENT,2025-09-30,12.93,320.0,54.0,72.0
PRUDENT,2025-12-31,13.92,343.0,58.0,78.0
PRUDMOULI,2022-12-31,0.32,31.13,1.14,-0.2
PRUDMOULI,2023-03-31,0.16,17.11,0.51,-1.73
PRUDMOULI,2023-06-30,0.52,7.18,1.67,0.29
PRUDMOULI,2023-09-30,0.51,1.0,1.66,0.3
PRUDMOULI,2023-12-31,0.75,25.69,2.42,1.03
PRUDMOULI,2024-03-31,0.16,70.96,0.5,-0.04
PRUDMOULI,2024-06-30,0.42,34.04,1.35,-0.26
PRUDMOULI,2024-09-30,0.68,19.12,2.18,-0.19
PRUDMOULI,2024-12-31,0.34,32.3,1.11,-0.39
PRUDMOULI,2025-03-31,0.34,6.94,1.09,-0.76
PRUDMOULI,2025-06-30,0.43,5.21,1.4,-0.43
PRUDMOULI,2025-09-30,0.46,9.04,1.49,-0.31
PRUDMOULI,2025-12-31,0.55,66.66,1.77,0.34
PSPPROJECT,2023-03-31,12.78,730.0,46.0,81.0
PSPPROJECT,2023-06-30,10.51,514.0,38.0,66.0
PSPPROJECT,2023-09-30,10.7,620.0,39.0,72.0
PSPPROJECT,2023-12-31,8.63,705.0,31.0,70.0
PSPPROJECT,2024-03-31,4.31,668.0,16.0,53.0
PSPPROJECT,2024-06-30,8.75,623.0,35.0,74.0
PSPPROJECT,2024-09-30,2.58,586.0,10.0,38.0
PSPPROJECT,2024-12-31,1.27,630.0,5.0,36.0
PSPPROJECT,2025-03-31,1.63,673.0,6.0,32.0
PSPPROJECT,2025-06-30,0.11,518.0,0.0,25.0
PSPPROJECT,2025-09-30,4.08,703.0,16.0,50.0
PSPPROJECT,2025-12-31,4.5,813.0,18.0,55.0
PSPPROJECT,2026-03-31,5.32,1115.0,21.0,60.0
PTC,2022-12-31,3.1,3139.0,104.0,310.0
PTC,2023-03-31,4.29,3573.0,140.0,278.0
PTC,2023-06-30,3.79,4758.0,125.0,267.0
PTC,2023-09-30,6.13,5070.0,202.0,295.0
PTC,2023-12-31,2.68,3428.0,97.0,250.0
PTC,2024-03-31,2.91,3507.0,91.0,251.0
PTC,2024-06-30,5.87,4555.0,189.0,244.0
PTC,2024-09-30,7.34,5128.0,234.0,306.0
PTC,2024-12-31,5.32,3421.0,181.0,310.0
PTC,2025-03-31,11.88,2924.0,372.0,156.0
PTC,2025-06-30,6.59,4009.0,243.0,288.0
PTC,2025-09-30,6.46,5459.0,222.0,275.0
PTC,2025-12-31,3.85,3405.0,131.0,173.0
PUNJABCHEM,2023-03-31,2.61,195.0,3.0,21.0
PUNJABCHEM,2023-06-30,17.83,281.0,22.0,38.0
PUNJABCHEM,2023-09-30,14.78,242.0,18.0,35.0
PUNJABCHEM,2023-12-31,9.13,214.0,11.0,26.0
PUNJABCHEM,2024-03-31,1.97,197.0,2.0,13.0
PUNJABCHEM,2024-06-30,10.96,242.0,13.0,28.0
PUNJABCHEM,2024-09-30,10.09,242.0,12.0,26.0
PUNJABCHEM,2024-12-31,4.95,214.0,6.0,19.0
PUNJABCHEM,2025-03-31,5.75,202.0,7.0,26.0
PUNJABCHEM,2025-06-30,16.82,320.0,21.0,34.0
PUNJABCHEM,2025-09-30,15.12,255.0,19.0,26.0
PUNJABCHEM,2025-12-31,11.26,247.0,14.0,30.0
PUNJABCHEM,2026-03-31,8.95,209.0,11.0,28.0
PURVA,2022-12-31,0.95,392.0,23.0,110.0
PURVA,2023-03-31,1.12,389.0,27.0,16.0
PURVA,2023-06-30,-0.75,323.0,-18.0,63.0
PURVA,2023-09-30,-0.47,368.0,-11.0,85.0
PURVA,2023-12-31,3.29,574.0,78.0,196.0
PURVA,2024-03-31,-0.28,920.0,-7.0,112.0
PURVA,2024-06-30,0.64,658.0,15.0,130.0
PURVA,2024-09-30,-0.71,496.0,-17.0,112.0
PURVA,2024-12-31,-3.9,318.0,-93.0,16.0
PURVA,2025-03-31,-3.62,542.0,-88.0,30.0
PURVA,2025-06-30,-2.85,524.0,-69.0,67.0
PURVA,2025-09-30,-1.76,644.0,-43.0,104.0
PURVA,2025-12-31,2.53,1069.0,58.0,219.0
PVP,2022-12-31,-0.35,13.13,-8.59,-8.59
PVP,2023-03-31,-4.99,1.79,-128.33,-4.21
PVP,2023-06-30,-0.16,0.45,-3.95,-2.81
PVP,2023-09-30,-0.01,0.03,-4.07,-3.26
PVP,2023-12-31,2.59,4.32,67.16,-2.55
PVP,2024-03-31,0.28,3.67,7.42,-3.21
PVP,2024-06-30,-0.08,2.52,-2.25,-3.61
PVP,2024-09-30,-0.1,3.18,-3.01,-4.89
PVP,2024-12-31,-0.02,2.48,-0.74,-4.26
PVP,2025-03-31,-0.06,19.03,-2.57,5.21
PVP,2025-06-30,0.01,17.21,-0.11,5.04
PVP,2025-09-30,-0.12,17.09,-2.6,2.39
PVP,2025-12-31,-0.14,13.96,-4.06,5.0
PVRINOX,2022-12-31,2.63,940.0,16.0,288.0
PVRINOX,2023-03-31,-34.03,1143.0,-334.0,264.0
PVRINOX,2023-06-30,-8.33,1305.0,-82.0,352.0
PVRINOX,2023-09-30,16.95,2000.0,166.0,707.0
PVRINOX,2023-12-31,1.3,1546.0,13.0,472.0
PVRINOX,2024-03-31,-13.2,1256.0,-130.0,278.0
PVRINOX,2024-06-30,-18.21,1191.0,-179.0,252.0
PVRINOX,2024-09-30,-1.2,1622.0,-12.0,479.0
PVRINOX,2024-12-31,3.66,1717.0,36.0,528.0
PVRINOX,2025-03-31,-12.73,1250.0,-125.0,283.0
PVRINOX,2025-06-30,-5.5,1469.0,-54.0,397.0
PVRINOX,2025-09-30,10.76,1823.0,106.0,612.0
PVRINOX,2025-12-31,9.75,1880.0,95.0,622.0
PVSL,2022-12-31,8.45,1217.53,10.6,49.48
PVSL,2023-03-31,11.42,1304.88,14.33,52.54
PVSL,2023-09-30,5.15,1628.96,32.29,81.41
PVSL,2023-12-31,2.54,1416.82,15.92,61.12
PVSL,2024-03-31,2.82,1363.71,20.11,62.7
PVSL,2024-06-30,0.77,1291.45,5.45,44.98
PVSL,2024-09-30,1.06,1512.75,7.57,53.62
PVSL,2024-12-31,-1.37,1364.67,-9.76,30.63
PVSL,2025-03-31,-1.93,1372.36,-13.72,25.82
PVSL,2025-06-30,-1.23,1310.9,-8.76,33.21
PVSL,2025-09-30,0.08,1530.38,0.57,45.25
PVSL,2025-12-31,0.09,1785.36,0.67,51.8
PWL,2024-09-30,7.42,832.0,41.0,134.0
PWL,2024-12-31,15.11,810.0,77.0,184.0
PWL,2025-06-30,-0.55,847.0,-127.0,-76.0
PWL,2025-09-30,0.33,1051.0,70.0,181.0
PWL,2025-12-31,0.35,1082.0,102.0,236.0
QPOWER,2023-12-31,74933.33,142.0,14.0,11.0
QPOWER,2024-03-31,2.11,39.0,18.0,14.0
QPOWER,2024-06-30,4.34,61.0,33.0,24.0
QPOWER,2024-09-30,1.62,94.0,13.0,8.0
QPOWER,2024-12-31,1.92,73.0,20.0,17.0
QPOWER,2025-03-31,2.51,108.0,30.0,16.0
QPOWER,2025-06-30,3.12,177.0,37.0,31.0
QPOWER,2025-09-30,3.14,206.0,35.0,36.0
QPOWER,2025-12-31,5.03,284.0,63.0,79.0
QUESS,2022-12-31,5.92,4466.0,85.0,145.0
QUESS,2023-03-31,2.23,4440.0,30.0,152.0
QUESS,2023-06-30,3.23,4600.0,48.0,154.0
QUESS,2023-09-30,4.83,4748.0,71.0,164.0
QUESS,2023-12-31,4.3,4842.0,64.0,186.0
QUESS,2024-03-31,6.36,3537.0,98.0,60.0
QUESS,2024-06-30,3.3,3587.0,49.0,63.0
QUESS,2024-09-30,3.4,3705.0,51.0,69.0
QUESS,2024-12-31,2.8,4019.0,42.0,62.0
QUESS,2025-03-31,-6.41,3656.0,-95.0,67.0
QUESS,2025-06-30,3.42,3651.0,51.0,70.0
QUESS,2025-09-30,3.46,3832.0,52.0,77.0
QUESS,2025-12-31,3.68,3930.0,55.0,80.0
QUICKHEAL,2022-12-31,-1.75,66.8,-9.29,-11.37
QUICKHEAL,2023-03-31,-1.25,49.28,-6.64,-16.17
QUICKHEAL,2023-06-30,-2.4,51.44,-12.76,-15.08
QUICKHEAL,2023-09-30,2.43,78.36,12.9,10.97
QUICKHEAL,2023-12-31,1.89,81.92,10.06,11.62
QUICKHEAL,2024-03-31,2.62,80.03,14.04,10.04
QUICKHEAL,2024-06-30,0.75,70.29,4.03,2.59
QUICKHEAL,2024-09-30,0.77,73.49,4.15,3.07
QUICKHEAL,2024-12-31,0.02,70.61,0.11,-3.77
QUICKHEAL,2025-03-31,-0.6,65.14,-3.25,-8.48
QUICKHEAL,2025-06-30,-1.02,57.23,-5.51,-9.73
QUICKHEAL,2025-09-30,1.46,83.52,7.91,9.23
QUICKHEAL,2025-12-31,1.22,71.54,6.61,0.45
QUINT,2022-12-31,-1.06,18.0,-7.0,-3.0
QUINT,2023-03-31,-1.99,20.0,-10.0,-8.0
QUINT,2023-06-30,-0.79,16.0,-9.0,-8.0
QUINT,2023-09-30,-1.08,19.0,-11.0,-7.0
QUINT,2023-12-31,17.61,16.0,76.0,-8.0
QUINT,2024-03-31,0.11,15.0,0.0,1.0
QUINT,2024-06-30,-5.54,8.0,-27.0,-5.0
QUINT,2024-09-30,-0.21,9.0,-1.0,-4.0
QUINT,2024-12-31,-0.66,9.0,-3.0,-4.0
QUINT,2025-03-31,-0.5,8.0,-2.0,-4.0
QUINT,2025-06-30,0.97,8.0,4.0,-2.0
QUINT,2025-09-30,0.01,8.0,0.0,-3.0
QUINT,2025-12-31,8.29,31.0,39.0,-4.0
RACLGEAR,2022-12-31,11.1,97.0,12.0,23.0
RACLGEAR,2023-03-31,8.87,95.0,10.0,23.0
RACLGEAR,2023-06-30,8.12,88.0,9.0,22.0
RACLGEAR,2023-09-30,9.47,102.0,10.0,24.0
RACLGEAR,2023-12-31,11.15,113.0,12.0,27.0
RACLGEAR,2024-03-31,7.8,106.0,8.0,23.0
RACLGEAR,2024-06-30,3.85,109.0,4.0,20.0
RACLGEAR,2024-09-30,6.07,106.0,7.0,20.0
RACLGEAR,2024-12-31,6.07,113.0,7.0,24.0
RACLGEAR,2025-03-31,6.03,87.0,6.0,19.0
RACLGEAR,2025-06-30,7.01,101.0,8.0,19.0
RACLGEAR,2025-09-30,10.22,120.0,12.0,24.0
RACLGEAR,2025-12-31,13.82,137.0,16.0,31.0
RADAAN,2022-12-31,-0.27,3.23,-1.45,-0.75
RADAAN,2023-03-31,0.41,5.91,2.2,2.85
RADAAN,2023-06-30,-0.18,2.08,-0.98,-0.26
RADAAN,2023-09-30,-0.3,3.33,-1.6,-0.84
RADAAN,2023-12-31,-0.2,4.06,-1.11,-0.27
RADAAN,2024-03-31,0.6,11.87,3.24,3.97
RADAAN,2024-06-30,0.1,14.79,0.53,1.2
RADAAN,2024-09-30,0.05,3.42,0.25,0.82
RADAAN,2024-12-31,0.01,2.36,0.03,0.7
RADAAN,2025-03-31,-0.09,2.3,-0.49,0.07
RADAAN,2025-06-30,-0.28,0.29,-1.49,-0.94
RADAAN,2025-09-30,-0.28,1.89,-1.54,-2.12
RADAAN,2025-12-31,-0.18,1.57,-0.99,-0.66
RADIANTCMS,2022-12-31,1.68,93.0,17.0,23.0
RADIANTCMS,2023-09-30,0.95,93.0,10.0,13.0
RADIANTCMS,2023-12-31,1.11,101.0,12.0,17.0
RADIANTCMS,2024-03-31,0.79,99.0,8.0,14.0
RADIANTCMS,2024-06-30,1.02,100.0,11.0,17.0
RADIANTCMS,2024-09-30,1.17,107.0,13.0,19.0
RADIANTCMS,2024-12-31,1.25,116.0,15.0,22.0
RADIANTCMS,2025-03-31,0.92,104.0,8.0,13.0
RADIANTCMS,2025-06-30,0.69,100.0,6.0,10.0
RADIANTCMS,2025-09-30,0.8,105.0,8.0,12.0
RADIANTCMS,2025-12-31,1.03,124.0,12.0,15.0
RADICO,2022-12-31,4.58,792.0,61.0,97.0
RADICO,2023-03-31,3.19,832.0,43.0,79.0
RADICO,2023-06-30,5.11,954.0,68.0,120.0
RADICO,2023-09-30,4.85,925.0,65.0,121.0
RADICO,2023-12-31,5.62,1161.0,75.0,143.0
RADICO,2024-03-31,4.03,1079.0,54.0,120.0
RADICO,2024-06-30,5.64,1137.0,75.0,147.0
RADICO,2024-09-30,6.03,1116.0,81.0,162.0
RADICO,2024-12-31,7.14,1294.0,95.0,183.0
RADICO,2025-03-31,6.88,1304.0,92.0,178.0
RADICO,2025-06-30,9.75,1506.0,131.0,232.0
RADICO,2025-09-30,10.42,1494.0,140.0,238.0
RADICO,2025-12-31,11.57,1547.0,155.0,267.0
RAILTEL,2020-09-30,0.91,283.0,29.0,72.0
RAILTEL,2020-12-31,2.17,411.0,70.0,125.0
RAILTEL,2021-03-31,0.85,430.0,27.0,73.0
RAILTEL,2021-06-30,0.66,307.0,21.0,60.0
RAILTEL,2021-09-30,2.1,358.0,68.0,110.0
RAILTEL,2021-12-31,2.06,418.0,66.0,71.0
RAILTEL,2022-03-31,1.69,466.0,54.0,96.0
RAILTEL,2022-06-30,0.81,377.0,26.0,67.0
RAILTEL,2022-09-30,1.72,429.0,55.0,100.0
RAILTEL,2022-12-31,1.0,454.0,32.0,74.0
RAILTEL,2023-03-31,2.37,704.0,76.0,98.0
RAILTEL,2023-06-30,1.2,468.0,38.0,74.0
RAILTEL,2023-09-30,2.12,599.0,68.0,115.0
RAIN,2022-12-31,2.66,5457.0,126.0,627.0
RAIN,2023-03-31,3.13,5253.0,142.0,534.0
RAIN,2023-06-30,4.92,4627.0,207.0,645.0
RAIN,2023-09-30,-2.68,4160.0,-66.0,366.0
RAIN,2023-12-31,-33.26,4101.0,-1079.0,-612.0
RAIN,2024-03-31,-4.34,3670.0,-116.0,342.0
RAIN,2024-06-30,-2.32,4094.0,-45.0,369.0
RAIN,2024-09-30,-5.33,3934.0,-155.0,216.0
RAIN,2024-12-31,-4.8,3676.0,-134.0,346.0
RAIN,2025-03-31,-4.09,3768.0,-115.0,380.0
RAIN,2025-06-30,1.8,4401.0,83.0,629.0
RAIN,2025-09-30,3.15,4476.0,130.0,627.0
RAIN,2025-12-31,0.4,4301.0,38.0,501.0
RAINBOW,2022-12-31,5.71,306.0,58.0,107.0
RAINBOW,2023-03-31,5.28,317.0,54.0,98.0
RAINBOW,2023-06-30,4.04,287.0,42.0,88.0
RAINBOW,2023-09-30,6.2,333.0,63.0,118.0
RAINBOW,2023-12-31,6.12,336.0,63.0,118.0
RAINBOW,2024-03-31,5.02,341.0,51.0,106.0
RAINBOW,2024-06-30,3.89,330.0,40.0,94.0
RAINBOW,2024-09-30,7.77,417.0,79.0,147.0
RAINBOW,2024-12-31,6.76,398.0,69.0,134.0
RAINBOW,2025-03-31,5.55,370.0,57.0,115.0
RAINBOW,2025-06-30,5.27,353.0,54.0,104.0
RAINBOW,2025-09-30,7.41,445.0,76.0,149.0
RAINBOW,2025-12-31,7.14,445.0,74.0,147.0
RAJOOENG,2023-03-31,0.33,71.43,5.39,6.48
RAJOOENG,2023-06-30,0.15,31.21,2.46,2.92
RAJOOENG,2023-09-30,0.33,53.53,5.37,7.17
RAJOOENG,2023-12-31,0.37,60.08,6.09,7.69
RAJOOENG,2024-03-31,0.43,52.68,7.08,8.96
RAJOOENG,2024-06-30,0.33,50.87,5.47,7.12
RAJOOENG,2024-09-30,0.48,56.81,7.93,9.14
RAJOOENG,2024-12-31,0.57,56.08,9.4,10.83
RAJOOENG,2025-03-31,0.93,89.9,15.31,18.49
RAJOOENG,2025-06-30,0.92,85.07,15.02,18.57
RAJOOENG,2025-09-30,0.79,92.25,14.09,18.31
RAJOOENG,2025-12-31,0.94,87.54,17.88,22.68
RAJOOENG,2026-03-31,0.09,79.4,1.83,1.56
RAJPALAYAM,2022-12-31,8.52,223.0,8.0,32.0
RAJPALAYAM,2023-03-31,31.17,221.0,29.0,22.0
RAJPALAYAM,2023-06-30,25.78,201.0,24.0,12.0
RAJPALAYAM,2023-09-30,10.6,232.0,10.0,38.0
RAJPALAYAM,2023-12-31,2.74,203.0,3.0,19.0
RAJPALAYAM,2024-03-31,8.99,223.0,8.0,21.0
RAJPALAYAM,2024-06-30,-7.49,218.0,-7.0,16.0
RAJPALAYAM,2024-09-30,-6.18,229.0,-6.0,27.0
RAJPALAYAM,2024-12-31,37.2,229.0,34.0,11.0
RAJPALAYAM,2025-03-31,-5.03,222.0,-5.0,19.0
RAJPALAYAM,2025-06-30,8.81,189.0,8.0,23.0
RAJPALAYAM,2025-09-30,18.55,241.0,17.0,42.0
RAJPALAYAM,2025-12-31,64.56,243.0,60.0,27.0
RAJRATAN,2023-03-31,3.99,219.0,20.0,34.0
RAJRATAN,2023-06-30,2.45,204.0,12.0,25.0
RAJRATAN,2023-09-30,3.84,214.0,19.0,34.0
RAJRATAN,2023-12-31,3.88,233.0,20.0,34.0
RAJRATAN,2024-03-31,3.99,240.0,20.0,34.0
RAJRATAN,2024-06-30,3.0,220.0,15.0,30.0
RAJRATAN,2024-09-30,3.75,245.0,19.0,38.0
RAJRATAN,2024-12-31,1.83,218.0,9.0,26.0
RAJRATAN,2025-03-31,2.99,251.0,15.0,33.0
RAJRATAN,2025-06-30,2.66,247.0,14.0,31.0
RAJRATAN,2025-09-30,4.05,294.0,21.0,40.0
RAJRATAN,2025-12-31,4.08,302.0,21.0,40.0
RAJRATAN,2026-03-31,3.04,314.0,15.0,29.0
RALLIS,2019-03-31,0.08,340.0,1.0,7.0
RALLIS,2019-06-30,3.48,623.0,68.0,95.0
RALLIS,2019-09-30,4.41,749.0,85.0,119.0
RALLIS,2019-12-31,1.96,534.0,38.0,56.0
RALLIS,2020-03-31,0.03,346.0,1.0,-10.0
RALLIS,2020-06-30,4.72,663.0,92.0,128.0
RALLIS,2020-09-30,4.27,725.0,83.0,117.0
RALLIS,2020-12-31,2.35,570.0,46.0,60.0
RALLIS,2021-03-31,0.42,471.0,8.0,18.0
RALLIS,2021-06-30,4.23,741.0,82.0,122.0
RALLIS,2021-09-30,2.9,728.0,56.0,88.0
RALLIS,2021-12-31,2.03,628.0,40.0,67.0
RALLIS,2022-03-31,-0.73,508.0,-14.0,-3.0
RAMASTEEL,2022-12-31,0.05,350.25,7.8,9.57
RAMASTEEL,2023-03-31,0.08,399.24,11.67,27.65
RAMASTEEL,2023-06-30,0.05,312.52,7.46,16.14
RAMASTEEL,2023-09-30,0.04,203.33,6.58,12.15
RAMASTEEL,2023-12-31,0.06,262.39,8.92,17.23
RAMASTEEL,2024-03-31,0.05,268.27,7.65,13.46
RAMASTEEL,2024-06-30,0.04,216.64,6.2,11.41
RAMASTEEL,2024-09-30,0.03,263.05,4.31,0.58
RAMASTEEL,2024-12-31,0.04,275.17,5.55,4.97
RAMASTEEL,2025-03-31,0.04,293.2,6.67,12.06
RAMASTEEL,2025-06-30,0.03,268.13,4.95,1.57
RAMASTEEL,2025-09-30,0.01,320.45,1.0,4.91
RAMASTEEL,2025-12-31,0.01,289.38,1.78,6.24
RAMCOCEM,2022-12-31,2.18,2012.0,51.0,283.0
RAMCOCEM,2023-03-31,6.38,2573.0,151.0,412.0
RAMCOCEM,2023-06-30,3.15,2247.0,74.0,343.0
RAMCOCEM,2023-09-30,3.05,2341.0,72.0,406.0
RAMCOCEM,2023-12-31,3.58,2111.0,82.0,397.0
RAMCOCEM,2024-03-31,5.46,2678.0,129.0,419.0
RAMCOCEM,2024-06-30,1.57,2094.0,37.0,320.0
RAMCOCEM,2024-09-30,1.09,2044.0,26.0,314.0
RAMCOCEM,2024-12-31,7.72,1983.0,182.0,279.0
RAMCOCEM,2025-03-31,1.16,2397.0,26.0,319.0
RAMCOCEM,2025-06-30,3.6,2074.0,85.0,398.0
RAMCOCEM,2025-09-30,3.27,2239.0,78.0,388.0
RAMCOCEM,2025-12-31,16.32,2106.0,386.0,280.0
RAMCOIND,2022-12-31,0.1,304.0,1.0,11.0
RAMCOIND,2023-03-31,6.73,350.0,58.0,34.0
RAMCOIND,2023-06-30,4.56,487.0,40.0,54.0
RAMCOIND,2023-09-30,-0.48,316.0,-4.0,29.0
RAMCOIND,2023-12-31,3.04,334.0,26.0,34.0
RAMCOIND,2024-03-31,5.05,365.0,44.0,40.0
RAMCOIND,2024-06-30,4.54,543.0,39.0,57.0
RAMCOIND,2024-09-30,1.94,353.0,17.0,41.0
RAMCOIND,2024-12-31,10.24,344.0,89.0,37.0
RAMCOIND,2025-03-31,4.11,419.0,36.0,44.0
RAMCOIND,2025-06-30,7.56,527.0,66.0,68.0
RAMCOIND,2025-09-30,4.71,365.0,41.0,52.0
RAMCOIND,2025-12-31,12.91,389.0,112.0,47.0
RAMCOSYS,2022-12-31,-16.31,127.5,-50.29,-28.59
RAMCOSYS,2023-03-31,-12.94,126.22,-45.41,-35.79
RAMCOSYS,2023-06-30,-13.27,139.54,-46.8,-25.46
RAMCOSYS,2023-09-30,-41.3,126.83,-145.76,-126.63
RAMCOSYS,2023-12-31,-7.45,128.26,-26.12,-4.42
RAMCOSYS,2024-03-31,-6.5,131.2,-22.99,2.12
RAMCOSYS,2024-06-30,-5.54,136.98,-19.55,3.45
RAMCOSYS,2024-09-30,-2.62,142.51,-9.64,16.6
RAMCOSYS,2024-12-31,-2.74,156.59,-10.1,14.06
RAMCOSYS,2025-03-31,1.42,155.26,5.08,41.52
RAMCOSYS,2025-06-30,0.25,161.32,1.08,29.06
RAMCOSYS,2025-09-30,3.37,175.78,12.59,39.4
RAMCOSYS,2025-12-31,0.87,178.5,3.21,44.91
RAMKY,2022-12-31,0.98,417.0,11.0,89.0
RAMKY,2023-03-31,155.65,576.0,1078.0,96.0
RAMKY,2023-06-30,14.64,557.0,105.0,157.0
RAMKY,2023-09-30,16.28,582.0,121.0,181.0
RAMKY,2023-12-31,5.27,441.0,38.0,77.0
RAMKY,2024-03-31,8.29,581.0,58.0,96.0
RAMKY,2024-06-30,9.77,569.0,71.0,116.0
RAMKY,2024-09-30,11.3,527.0,83.0,129.0
RAMKY,2024-12-31,8.15,459.0,60.0,90.0
RAMKY,2025-03-31,-0.67,489.0,-3.0,2.0
RAMKY,2025-06-30,10.75,379.0,77.0,76.0
RAMKY,2025-09-30,10.87,472.0,76.0,83.0
RAMKY,2025-12-31,11.35,489.0,78.0,76.0
RAMRAT,2022-12-31,1.4,612.0,13.0,29.0
RAMRAT,2023-03-31,1.71,724.0,16.0,32.0
RAMRAT,2023-06-30,1.07,724.0,9.0,25.0
RAMRAT,2023-09-30,1.56,757.0,14.0,32.0
RAMRAT,2023-12-31,1.31,698.0,12.0,26.0
RAMRAT,2024-03-31,2.0,803.0,19.0,37.0
RAMRAT,2024-06-30,1.89,892.0,16.0,36.0
RAMRAT,2024-09-30,1.91,940.0,17.0,36.0
RAMRAT,2024-12-31,1.87,889.0,18.0,38.0
RAMRAT,2025-03-31,2.04,957.0,19.0,45.0
RAMRAT,2025-06-30,1.75,982.0,16.0,43.0
RAMRAT,2025-09-30,2.28,1163.0,22.0,54.0
RAMRAT,2025-12-31,3.35,1278.0,32.0,71.0
RANEHOLDIN,2022-12-31,28.69,874.0,51.0,78.0
RANEHOLDIN,2023-03-31,-13.2,938.0,-8.0,61.0
RANEHOLDIN,2023-06-30,8.94,894.0,12.0,78.0
RANEHOLDIN,2023-09-30,28.46,928.0,51.0,70.0
RANEHOLDIN,2023-12-31,27.29,837.0,48.0,90.0
RANEHOLDIN,2024-03-31,21.99,870.0,38.0,83.0
RANEHOLDIN,2024-06-30,9.19,831.0,20.0,73.0
RANEHOLDIN,2024-09-30,124.44,916.0,185.0,81.0
RANEHOLDIN,2024-12-31,2.27,1241.0,4.0,78.0
RANEHOLDIN,2025-03-31,6.58,1374.0,12.0,95.0
RANEHOLDIN,2025-06-30,35.57,1341.0,57.0,102.0
RANEHOLDIN,2025-09-30,16.45,1399.0,31.0,97.0
RANEHOLDIN,2025-12-31,-35.41,1535.0,-40.0,42.0
RATEGAIN,2022-12-31,1.22,138.0,13.0,23.0
RATEGAIN,2023-03-31,3.12,183.0,34.0,32.0
RATEGAIN,2023-06-30,2.3,214.0,25.0,38.0
RATEGAIN,2023-09-30,2.77,235.0,30.0,46.0
RATEGAIN,2023-12-31,3.43,252.0,40.0,51.0
RATEGAIN,2024-03-31,4.24,256.0,50.0,54.0
RATEGAIN,2024-06-30,3.85,260.0,45.0,50.0
RATEGAIN,2024-09-30,4.43,277.0,52.0,60.0
RATEGAIN,2024-12-31,4.79,279.0,57.0,61.0
RATEGAIN,2025-03-31,4.64,261.0,55.0,61.0
RATEGAIN,2025-06-30,3.97,273.0,47.0,50.0
RATEGAIN,2025-09-30,4.32,295.0,51.0,54.0
RATEGAIN,2025-12-31,2.24,540.0,26.0,87.0
RATNAMANI,2022-12-31,19.02,1099.0,134.0,199.0
RATNAMANI,2023-03-31,27.33,1499.0,193.0,301.0
RATNAMANI,2023-06-30,19.1,1175.0,135.0,206.0
RATNAMANI,2023-09-30,23.38,1131.0,164.0,245.0
RATNAMANI,2023-12-31,18.96,1257.0,133.0,200.0
RATNAMANI,2024-03-31,27.42,1496.0,193.0,246.0
RATNAMANI,2024-06-30,15.0,1184.0,106.0,164.0
RATNAMANI,2024-09-30,14.32,971.0,99.0,154.0
RATNAMANI,2024-12-31,18.73,1316.0,133.0,204.0
RATNAMANI,2025-03-31,29.55,1715.0,203.0,302.0
RATNAMANI,2025-06-30,18.81,1152.0,127.0,188.0
RATNAMANI,2025-09-30,19.43,1192.0,156.0,211.0
RATNAMANI,2025-12-31,15.67,1066.0,135.0,205.0
RAYMOND,2022-12-31,14.24,2168.16,96.6,314.13
RAYMOND,2023-03-31,29.18,2150.18,196.48,336.79
RAYMOND,2023-06-30,159.95,473.37,1066.74,42.22
RAYMOND,2023-09-30,23.99,470.08,161.16,43.55
RAYMOND,2023-12-31,27.55,678.46,185.39,56.85
RAYMOND,2024-03-31,34.42,265.88,229.79,9.74
RAYMOND,2024-06-30,1106.08,449.81,7366.88,31.59
RAYMOND,2024-09-30,9.02,473.58,59.03,24.9
RAYMOND,2024-12-31,10.83,466.11,72.28,31.28
RAYMOND,2025-03-31,19.93,557.46,137.47,44.48
RAYMOND,2025-06-30,799.58,524.29,5328.15,54.24
RAYMOND,2025-09-30,1.71,527.69,13.89,43.03
RAYMOND,2025-12-31,0.54,557.21,7.1,59.81
RAYMONDLSL,2023-09-30,,1803.0,139.0,260.0
RAYMONDLSL,2023-12-31,,1726.0,162.0,283.0
RAYMONDLSL,2024-03-31,,1685.0,236.0,246.0
RAYMONDLSL,2024-06-30,,1220.0,-23.0,60.0
RAYMONDLSL,2024-09-30,6.92,1708.0,42.0,215.0
RAYMONDLSL,2024-12-31,10.53,1754.0,64.0,180.0
RAYMONDLSL,2025-03-31,-7.38,1494.0,-45.0,14.0
RAYMONDLSL,2025-06-30,-3.25,1430.0,-20.0,77.0
RAYMONDLSL,2025-09-30,12.34,1832.0,75.0,226.0
RAYMONDLSL,2025-12-31,7.04,1849.0,43.0,237.0
RAYMONDREL,2024-06-30,,130.0,7.0,18.0
RAYMONDREL,2024-09-30,,226.0,5.0,15.0
RAYMONDREL,2024-12-31,,92.0,3.0,14.0
RAYMONDREL,2025-03-31,,117.0,2.0,15.0
RAYMONDREL,2025-06-30,2.48,374.0,16.0,24.0
RAYMONDREL,2025-09-30,9.04,696.0,60.0,91.0
RAYMONDREL,2025-12-31,10.03,758.0,67.0,91.0
RBA,2022-12-31,-1.02,526.0,-56.0,30.0
RBA,2023-03-31,-1.48,514.0,-80.0,27.0
RBA,2023-06-30,-1.02,611.0,-54.0,48.0
RBA,2023-09-30,-0.93,625.0,-51.0,56.0
RBA,2023-12-31,-0.73,604.0,-40.0,68.0
RBA,2024-03-31,-1.72,597.0,-92.0,69.0
RBA,2024-06-30,-0.99,647.0,-52.0,63.0
RBA,2024-09-30,-1.21,632.0,-65.0,63.0
RBA,2024-12-31,-1.01,639.0,-55.0,70.0
RBA,2025-03-31,-0.97,633.0,-60.0,73.0
RBA,2025-06-30,-0.72,698.0,-45.0,73.0
RBA,2025-09-30,-1.01,703.0,-63.0,71.0
RBA,2025-12-31,-0.75,715.0,-48.0,90.0
RBLBANK,2023-03-31,4.98,,299.0,
RBLBANK,2023-06-30,5.33,,319.0,
RBLBANK,2023-09-30,5.51,,331.0,
RBLBANK,2023-12-31,4.06,,245.0,
RBLBANK,2024-03-31,6.02,,364.0,
RBLBANK,2024-06-30,5.79,,351.0,
RBLBANK,2024-09-30,3.81,,232.0,
RBLBANK,2024-12-31,0.78,,47.0,
RBLBANK,2025-03-31,1.43,,87.0,
RBLBANK,2025-06-30,3.52,,214.0,
RBLBANK,2025-09-30,3.14,,192.0,
RBLBANK,2025-12-31,3.69,,228.0,
RBLBANK,2026-03-31,3.95,,244.0,
RCF,2022-12-31,4.44,6235.0,245.0,438.0
RCF,2023-03-31,2.89,4684.0,160.0,185.0
RCF,2023-06-30,1.23,4043.0,68.0,129.0
RCF,2023-09-30,0.92,4155.0,51.0,105.0
RCF,2023-12-31,0.2,4904.0,11.0,84.0
RCF,2024-03-31,1.73,3880.0,95.0,193.0
RCF,2024-06-30,0.2,4396.0,11.0,116.0
RCF,2024-09-30,1.43,4290.0,79.0,202.0
RCF,2024-12-31,1.45,4518.0,80.0,179.0
RCF,2025-03-31,1.31,3730.0,72.0,178.0
RCF,2025-06-30,0.99,3371.0,54.0,158.0
RCF,2025-09-30,1.91,5293.0,105.0,214.0
RCF,2025-12-31,1.47,4236.0,81.0,244.0
RECLTD,2023-03-31,11.64,,3065.0,
RECLTD,2023-06-30,11.27,,2968.0,
RECLTD,2023-09-30,14.39,,3790.0,
RECLTD,2023-12-31,12.56,,3308.0,
RECLTD,2024-03-31,15.49,,4079.0,
RECLTD,2024-06-30,13.14,,3460.0,
RECLTD,2024-09-30,15.33,,4038.0,
RECLTD,2024-12-31,15.48,,4076.0,
RECLTD,2025-03-31,16.37,,4310.0,
RECLTD,2025-06-30,16.96,,4466.0,
RECLTD,2025-09-30,16.77,,4415.0,
RECLTD,2025-12-31,15.39,,4052.0,
RECLTD,2026-03-31,12.82,,3375.0,
REDINGTON,2022-12-31,4.86,21674.0,393.0,581.0
REDINGTON,2023-03-31,3.97,21849.0,328.0,543.0
REDINGTON,2023-06-30,3.18,21187.0,255.0,419.0
REDINGTON,2023-09-30,3.88,22220.0,312.0,481.0
REDINGTON,2023-12-31,4.36,23505.0,348.0,517.0
REDINGTON,2024-03-31,4.16,22433.0,324.0,459.0
REDINGTON,2024-06-30,3.15,21282.0,217.0,371.0
REDINGTON,2024-09-30,3.75,24896.0,283.0,458.0
REDINGTON,2024-12-31,5.12,26716.0,403.0,602.0
REDINGTON,2025-03-31,8.51,26440.0,918.0,597.0
REDINGTON,2025-06-30,3.52,25952.0,233.0,400.0
REDINGTON,2025-09-30,4.96,29076.0,350.0,589.0
REDINGTON,2025-12-31,5.57,30922.0,413.0,626.0
REDTAPE,2022-12-31,,478.0,53.0,87.0
REDTAPE,2023-03-31,0.62,379.0,35.0,60.0
REDTAPE,2023-06-30,0.85,395.0,47.0,82.0
REDTAPE,2023-09-30,0.5,325.0,28.0,58.0
REDTAPE,2023-12-31,1.1,618.0,61.0,105.0
REDTAPE,2024-03-31,0.74,507.0,41.0,75.0
REDTAPE,2024-06-30,0.55,442.0,31.0,69.0
REDTAPE,2024-09-30,0.45,416.0,25.0,64.0
REDTAPE,2024-12-31,1.32,661.0,73.0,125.0
REDTAPE,2025-03-31,0.75,505.0,41.0,81.0
REDTAPE,2025-06-30,0.7,464.0,39.0,77.0
REDTAPE,2025-09-30,0.5,492.0,28.0,73.0
REDTAPE,2025-12-31,1.89,787.0,105.0,171.0
REFEX,2021-12-31,0.65,90.0,7.0,12.0
REFEX,2023-03-31,4.59,630.0,51.0,74.0
REFEX,2023-06-30,1.92,382.0,21.0,36.0
REFEX,2023-09-30,1.94,352.0,21.0,34.0
REFEX,2023-12-31,1.53,306.0,17.0,34.0
REFEX,2024-03-31,2.96,342.0,33.0,41.0
REFEX,2024-06-30,2.6,591.0,29.0,48.0
REFEX,2024-09-30,2.57,428.0,31.0,43.0
REFEX,2024-12-31,3.88,686.0,50.0,53.0
REFEX,2025-03-31,3.74,627.0,48.0,64.0
REFEX,2025-06-30,1.64,366.0,20.0,37.0
REFEX,2025-09-30,2.9,415.0,36.0,71.0
REFEX,2025-12-31,3.93,576.0,53.0,90.0
RELIABLE,2022-12-31,0.71,18.25,1.1,2.37
RELIABLE,2023-03-31,1.62,24.62,1.91,3.36
RELIABLE,2023-06-30,0.94,12.97,1.16,3.06
RELIABLE,2023-09-30,1.2,18.06,1.33,2.59
RELIABLE,2023-12-31,0.71,20.53,1.06,2.71
RELIABLE,2024-03-31,1.52,27.82,1.73,4.73
RELIABLE,2024-06-30,1.24,20.46,1.45,3.68
RELIABLE,2024-09-30,1.24,23.71,1.37,2.98
RELIABLE,2024-12-31,3.99,33.41,4.12,6.93
RELIABLE,2025-03-31,3.65,53.01,3.77,3.39
RELIABLE,2025-06-30,1.63,39.45,1.68,4.27
RELIABLE,2025-09-30,2.17,69.13,2.24,5.73
RELIABLE,2025-12-31,3.05,23.46,3.15,5.88
RELIANCE,2023-03-31,14.26,212834.0,21327.0,38356.0
RELIANCE,2023-06-30,11.83,207559.0,18258.0,38093.0
RELIANCE,2023-09-30,12.85,231886.0,19878.0,40968.0
RELIANCE,2023-12-31,12.76,225086.0,19641.0,40656.0
RELIANCE,2024-03-31,14.01,236533.0,21243.0,42516.0
RELIANCE,2024-06-30,11.19,231784.0,17445.0,38765.0
RELIANCE,2024-09-30,12.24,231535.0,19323.0,39058.0
RELIANCE,2024-12-31,13.7,239986.0,21930.0,43789.0
RELIANCE,2025-03-31,14.34,261388.0,22611.0,43832.0
RELIANCE,2025-06-30,19.95,243632.0,30783.0,42905.0
RELIANCE,2025-09-30,13.42,254623.0,22092.0,45885.0
RELIANCE,2025-12-31,13.78,264905.0,22290.0,46018.0
RELIANCE,2026-03-31,12.54,294059.0,20589.0,44141.0
RELIGARE,2022-12-31,-3.62,1165.0,-96.0,145.0
RELIGARE,2023-03-31,107.61,1396.0,3517.0,247.0
RELIGARE,2023-06-30,1.94,1285.0,93.0,138.0
RELIGARE,2023-09-30,0.78,1584.0,40.0,101.0
RELIGARE,2023-12-31,0.59,1511.0,34.0,56.0
RELIGARE,2024-03-31,3.8,1856.0,181.0,23.0
RELIGARE,2024-06-30,0.55,1710.0,27.0,57.0
RELIGARE,2024-09-30,1.55,1952.0,69.0,76.0
RELIGARE,2024-12-31,-1.3,1668.0,-63.0,-61.0
RELIGARE,2025-03-31,3.0,2028.0,151.0,232.0
RELIGARE,2025-06-30,0.31,1861.0,8.0,15.0
RELIGARE,2025-09-30,1.17,2077.0,46.0,67.0
RELIGARE,2025-12-31,-1.36,2056.0,-77.0,-95.0
RELTD,2023-03-31,0.63,114.0,9.0,3.0
RELTD,2023-06-30,0.25,58.0,3.0,11.0
RELTD,2023-09-30,0.56,27.0,9.0,6.0
RELTD,2023-12-31,0.03,16.0,0.0,7.0
RELTD,2024-03-31,-4.11,30.0,-63.0,9.0
RELTD,2024-06-30,0.36,23.0,6.0,7.0
RELTD,2024-09-30,0.07,16.0,1.0,1.0
RELTD,2024-12-31,0.12,53.0,2.0,7.0
RELTD,2025-03-31,0.72,159.0,13.0,27.0
RELTD,2025-06-30,1.28,163.0,23.0,28.0
RELTD,2025-09-30,1.72,120.0,31.0,37.0
RELTD,2025-12-31,0.82,127.0,15.0,32.0
RELTD,2026-03-31,0.71,133.0,13.0,34.0
REMSONSIND,2022-12-31,0.72,75.59,2.05,6.36
REMSONSIND,2023-03-31,0.89,76.44,2.55,7.75
REMSONSIND,2023-06-30,0.68,72.75,1.95,6.61
REMSONSIND,2023-09-30,0.99,76.33,2.82,8.19
REMSONSIND,2023-12-31,1.19,82.22,3.41,8.4
REMSONSIND,2024-03-31,1.48,81.0,5.15,8.0
REMSONSIND,2024-06-30,0.77,76.5,2.68,6.5
REMSONSIND,2024-09-30,0.9,91.31,2.99,7.5
REMSONSIND,2024-12-31,1.14,102.58,4.73,12.39
REMSONSIND,2025-03-31,1.3,106.18,6.55,10.96
REMSONSIND,2025-06-30,1.04,99.63,4.8,10.59
REMSONSIND,2025-09-30,1.16,115.59,5.73,13.32
REMSONSIND,2025-12-31,1.47,123.1,6.06,14.65
RENUKA,2022-12-31,0.07,2552.0,14.0,207.0
RENUKA,2023-03-31,0.2,2328.0,45.0,259.0
RENUKA,2023-06-30,-0.65,2284.0,-139.0,71.0
RENUKA,2023-09-30,-0.96,2555.0,-206.0,64.0
RENUKA,2023-12-31,-0.81,3055.0,-172.0,233.0
RENUKA,2024-03-31,-0.52,3376.0,-111.0,258.0
RENUKA,2024-06-30,-0.78,3054.0,-166.0,84.0
RENUKA,2024-09-30,-0.1,2566.0,-23.0,227.0
RENUKA,2024-12-31,-0.96,2603.0,-204.0,-2.0
RENUKA,2025-03-31,0.43,2691.0,93.0,292.0
RENUKA,2025-06-30,-1.24,2010.0,-264.0,-86.0
RENUKA,2025-09-30,-1.73,2423.0,-369.0,-182.0
RENUKA,2025-12-31,-0.18,2273.0,-38.0,249.0
REPCOHOME,2022-12-31,13.29,,83.0,
REPCOHOME,2023-03-31,13.42,,84.0,
REPCOHOME,2023-06-30,15.26,,95.0,
REPCOHOME,2023-09-30,15.98,,100.0,
REPCOHOME,2023-12-31,16.63,,104.0,
REPCOHOME,2024-03-31,18.18,,114.0,
REPCOHOME,2024-06-30,17.99,,113.0,
REPCOHOME,2024-09-30,18.4,,115.0,
REPCOHOME,2024-12-31,18.09,,113.0,
REPCOHOME,2025-03-31,19.29,,121.0,
REPCOHOME,2025-06-30,18.4,,115.0,
REPCOHOME,2025-09-30,17.53,,110.0,
REPCOHOME,2025-12-31,18.45,,115.0,
REPRO,2022-12-31,2.41,105.09,3.07,11.78
REPRO,2023-03-31,3.98,121.05,5.06,13.68
REPRO,2023-06-30,2.29,119.53,3.04,12.82
REPRO,2023-09-30,1.37,116.87,1.95,11.62
REPRO,2023-12-31,2.83,115.91,4.04,13.12
REPRO,2024-03-31,2.08,127.15,2.98,14.16
REPRO,2024-06-30,0.09,112.29,0.13,9.33
REPRO,2024-09-30,-3.11,104.66,-4.45,3.7
REPRO,2024-12-31,0.82,125.94,1.17,10.37
REPRO,2025-03-31,0.79,123.06,1.13,8.41
REPRO,2025-06-30,-1.91,116.47,-2.73,6.91
REPRO,2025-09-30,-14.0,107.78,-20.06,7.54
REPRO,2025-12-31,0.52,130.26,0.75,10.44
RESPONIND,2022-12-31,0.63,264.0,17.0,36.0
RESPONIND,2023-03-31,0.85,237.0,23.0,42.0
RESPONIND,2023-06-30,1.11,263.0,30.0,48.0
RESPONIND,2023-09-30,1.52,268.0,41.0,61.0
RESPONIND,2023-12-31,1.68,267.0,45.0,66.0
RESPONIND,2024-03-31,1.72,288.0,46.0,67.0
RESPONIND,2024-06-30,1.81,320.0,48.0,71.0
RESPONIND,2024-09-30,1.85,350.0,49.0,73.0
RESPONIND,2024-12-31,1.76,368.0,47.0,72.0
RESPONIND,2025-03-31,2.03,381.0,54.0,79.0
RESPONIND,2025-06-30,1.87,339.0,50.0,73.0
RESPONIND,2025-09-30,2.0,314.0,53.0,77.0
RESPONIND,2025-12-31,0.84,311.0,22.0,46.0
RETAIL,2025-06-30,-0.07,3.31,-0.07,-0.39
RETAIL,2025-09-30,0.07,3.98,0.03,-0.05
RETAIL,2025-12-31,-0.21,4.63,-0.13,-0.85
RGL,2022-12-31,2.86,724.0,28.0,49.0
RGL,2023-03-31,2.15,499.0,20.0,36.0
RGL,2023-06-30,1.51,473.0,14.0,34.0
RGL,2023-09-30,1.1,442.0,10.0,30.0
RGL,2023-12-31,2.91,655.0,28.0,52.0
RGL,2024-03-31,2.05,537.0,21.0,42.0
RGL,2024-06-30,1.62,445.0,15.0,37.0
RGL,2024-09-30,1.16,412.0,11.0,34.0
RGL,2024-12-31,2.27,710.0,24.0,51.0
RGL,2025-03-31,2.34,514.0,23.0,38.0
RGL,2025-06-30,0.59,530.0,7.0,36.0
RGL,2025-09-30,1.8,546.0,20.0,41.0
RGL,2025-12-31,2.99,963.0,33.0,61.0
RHIM,2022-12-31,3.64,645.0,59.0,92.0
RHIM,2023-03-31,-36.11,875.0,-679.0,47.0
RHIM,2023-06-30,2.26,928.0,47.0,133.0
RHIM,2023-09-30,3.45,987.0,72.0,148.0
RHIM,2023-12-31,1.91,923.0,39.0,117.0
RHIM,2024-03-31,-12.49,943.0,-258.0,148.0
RHIM,2024-06-30,3.53,879.0,73.0,154.0
RHIM,2024-09-30,2.22,867.0,46.0,107.0
RHIM,2024-12-31,2.3,1011.0,48.0,125.0
RHIM,2025-03-31,1.75,918.0,36.0,93.0
RHIM,2025-06-30,1.71,960.0,35.0,102.0
RHIM,2025-09-30,1.86,1035.0,38.0,109.0
RHIM,2025-12-31,2.98,1092.0,62.0,143.0
RICOAUTO,2022-12-31,0.7,548.0,10.0,54.0
RICOAUTO,2023-03-31,1.91,603.0,26.0,67.0
RICOAUTO,2023-06-30,0.42,534.0,6.0,51.0
RICOAUTO,2023-09-30,0.5,554.0,6.0,54.0
RICOAUTO,2023-12-31,0.74,524.0,10.0,58.0
RICOAUTO,2024-03-31,1.15,548.0,16.0,59.0
RICOAUTO,2024-06-30,0.42,540.0,6.0,43.0
RICOAUTO,2024-09-30,0.47,576.0,7.0,49.0
RICOAUTO,2024-12-31,0.14,552.0,2.0,45.0
RICOAUTO,2025-03-31,0.54,545.0,7.0,50.0
RICOAUTO,2025-06-30,1.21,543.0,17.0,54.0
RICOAUTO,2025-09-30,1.28,627.0,18.0,61.0
RICOAUTO,2025-12-31,0.8,629.0,11.0,61.0
RIIL,2023-03-31,7.64,17.63,11.54,0.77
RIIL,2023-06-30,1.87,14.27,2.82,-2.29
RIIL,2023-09-30,2.11,14.36,3.18,-1.32
RIIL,2023-12-31,2.4,14.94,3.62,-0.85
RIIL,2024-03-31,2.44,14.51,3.69,-1.71
RIIL,2024-06-30,1.92,12.41,2.9,-2.61
RIIL,2024-09-30,2.07,12.24,3.12,-2.84
RIIL,2024-12-31,1.81,12.36,2.74,-2.91
RIIL,2025-03-31,2.12,12.49,3.2,-3.54
RIIL,2025-06-30,2.05,12.46,3.1,-1.99
RIIL,2025-09-30,2.03,12.17,3.06,-2.1
RIIL,2025-12-31,1.99,12.36,3.01,-2.37
RIIL,2026-03-31,2.13,8.43,3.22,-1.25
RISHABH,2022-12-31,5.62,134.0,18.0,19.0
RISHABH,2023-03-31,5.09,174.0,15.0,25.0
RISHABH,2023-06-30,2.72,172.0,8.0,17.0
RISHABH,2023-09-30,5.72,180.0,22.0,32.0
RISHABH,2023-12-31,2.0,159.0,7.0,5.0
RISHABH,2024-03-31,0.63,178.0,2.0,18.0
RISHABH,2024-06-30,0.95,169.0,3.0,8.0
RISHABH,2024-09-30,1.08,182.0,4.0,10.0
RISHABH,2024-12-31,2.19,181.0,8.0,14.0
RISHABH,2025-03-31,1.64,187.0,6.0,16.0
RISHABH,2025-06-30,5.13,190.0,20.0,28.0
RISHABH,2025-09-30,5.77,196.0,22.0,33.0
RISHABH,2025-12-31,5.19,184.0,21.0,31.0
RITCO,2022-12-31,2.64,194.58,6.44,13.6
RITCO,2023-03-31,2.4,196.74,5.87,14.26
RITCO,2023-06-30,2.95,207.86,7.14,16.83
RITCO,2023-09-30,3.39,234.64,8.21,18.87
RITCO,2023-12-31,3.56,238.92,8.64,19.59
RITCO,2024-03-31,3.58,251.88,8.65,19.82
RITCO,2024-06-30,3.59,252.23,8.64,19.87
RITCO,2024-09-30,3.74,279.09,10.33,21.52
RITCO,2024-12-31,3.83,312.96,10.16,22.73
RITCO,2025-03-31,4.23,345.41,11.5,25.67
RITCO,2025-06-30,3.39,354.33,8.95,25.18
RITCO,2025-09-30,3.54,360.38,9.33,25.86
RITCO,2025-12-31,3.71,392.64,9.63,27.45
RITES,2022-12-31,2.91,677.0,147.0,193.0
RITES,2023-03-31,2.75,687.0,139.0,191.0
RITES,2023-06-30,2.25,544.0,120.0,161.0
RITES,2023-09-30,2.1,582.0,110.0,138.0
RITES,2023-12-31,2.5,683.0,129.0,169.0
RITES,2024-03-31,2.62,643.0,137.0,176.0
RITES,2024-06-30,1.64,486.0,90.0,106.0
RITES,2024-09-30,1.52,541.0,82.0,106.0
RITES,2024-12-31,2.08,576.0,109.0,117.0
RITES,2025-03-31,2.76,615.0,141.0,186.0
RITES,2025-06-30,1.67,490.0,91.0,114.0
RITES,2025-09-30,2.04,549.0,109.0,130.0
RITES,2025-12-31,2.12,609.0,115.0,142.0
RKEC,2022-12-31,4.44,114.54,10.64,17.38
RKEC,2023-03-31,0.09,67.4,0.21,19.59
RKEC,2023-06-30,1.17,38.52,2.8,8.22
RKEC,2023-09-30,0.41,56.89,0.98,5.66
RKEC,2023-12-31,4.45,106.03,10.68,20.44
RKEC,2024-03-31,2.29,151.33,5.5,13.0
RKEC,2024-06-30,2.21,84.67,5.31,13.43
RKEC,2024-09-30,1.56,76.84,3.75,10.43
RKEC,2024-12-31,3.44,118.98,8.26,19.55
RKEC,2025-03-31,1.13,141.43,2.72,8.04
RKEC,2025-06-30,1.4,76.07,3.37,11.29
RKEC,2025-09-30,0.66,31.03,1.71,6.55
RKEC,2025-12-31,0.66,32.65,1.71,6.87
RKFORGE,2023-03-31,4.28,892.0,68.0,194.0
RKFORGE,2023-06-30,4.91,892.0,79.0,192.0
RKFORGE,2023-09-30,5.0,899.0,82.0,200.0
RKFORGE,2023-12-31,4.8,996.0,87.0,220.0
RKFORGE,2024-03-31,3.66,974.0,66.0,188.0
RKFORGE,2024-06-30,3.03,959.0,55.0,169.0
RKFORGE,2024-09-30,7.72,1054.0,140.0,165.0
RKFORGE,2024-12-31,1.16,1074.0,21.0,126.0
RKFORGE,2025-03-31,11.04,947.0,200.0,98.0
RKFORGE,2025-06-30,0.65,1015.0,12.0,142.0
RKFORGE,2025-09-30,-0.52,908.0,-10.0,118.0
RKFORGE,2025-12-31,0.75,1099.0,14.0,162.0
RKFORGE,2026-03-31,3.08,1217.0,56.0,203.0
RKSWAMY,2022-12-31,,76.34,4.76,10.75
RKSWAMY,2023-03-31,46.36,82.7,20.61,31.49
RKSWAMY,2023-06-30,1.17,61.35,0.52,4.9
RKSWAMY,2023-09-30,1.67,79.75,7.41,14.61
RKSWAMY,2023-12-31,1.26,72.14,5.62,11.68
RKSWAMY,2024-03-31,5.19,118.28,26.18,39.22
RKSWAMY,2024-06-30,0.43,68.37,2.18,3.91
RKSWAMY,2024-09-30,0.1,65.62,0.52,3.56
RKSWAMY,2024-12-31,0.72,76.79,3.63,5.94
RKSWAMY,2025-03-31,2.44,83.51,12.33,16.12
RKSWAMY,2025-06-30,0.57,77.57,2.87,6.11
RKSWAMY,2025-09-30,0.11,73.65,0.54,5.95
RKSWAMY,2025-12-31,0.54,88.66,2.75,9.66
RMDRIP,2024-06-30,0.04,17.0,2.0,3.0
RMDRIP,2024-09-30,0.04,17.0,2.0,3.0
RMDRIP,2024-12-31,0.24,48.0,10.0,15.0
RMDRIP,2025-03-31,0.24,48.0,10.0,15.0
RMDRIP,2025-06-30,0.12,30.0,5.0,9.0
RMDRIP,2025-09-30,0.13,31.0,6.0,8.0
RMDRIP,2025-12-31,0.33,75.0,14.0,23.0
RML,2022-12-31,14.58,583.0,24.0,43.0
RML,2023-03-31,5.87,622.0,10.0,55.0
RML,2023-06-30,-8.9,588.0,-14.0,42.0
RML,2023-09-30,10.93,611.0,18.0,32.0
RML,2023-12-31,5.59,521.0,9.0,47.0
RML,2024-03-31,6.62,853.0,11.0,69.0
RML,2024-06-30,8.99,818.0,15.0,65.0
RML,2024-09-30,9.91,849.0,16.0,72.0
RML,2024-12-31,0.24,837.0,0.0,66.0
RML,2025-03-31,4.01,901.0,7.0,79.0
RML,2025-06-30,6.7,881.0,19.0,75.0
RML,2025-09-30,7.77,919.0,21.0,79.0
RML,2025-12-31,11.04,1015.0,31.0,91.0
ROHLTD,2022-12-31,5.27,72.49,15.18,23.71
ROHLTD,2023-03-31,4.62,72.55,13.12,21.82
ROHLTD,2023-06-30,3.53,68.89,10.73,18.09
ROHLTD,2023-09-30,2.49,66.6,7.67,15.46
ROHLTD,2023-12-31,5.6,81.91,15.73,24.73
ROHLTD,2024-03-31,6.06,76.2,16.7,17.78
ROHLTD,2024-06-30,3.21,73.01,8.72,16.65
ROHLTD,2024-09-30,2.73,70.41,7.52,11.45
ROHLTD,2024-12-31,6.49,89.31,18.11,25.06
ROHLTD,2025-03-31,4.79,86.74,13.15,19.93
ROHLTD,2025-06-30,3.99,78.77,11.2,19.64
ROHLTD,2025-09-30,1.56,79.19,4.3,13.2
ROHLTD,2025-12-31,3.29,113.03,9.62,29.94
ROLLT,2022-12-31,0.01,0.0,0.0,0.0
ROLLT,2023-03-31,-0.0,0.0,0.0,0.0
ROLLT,2023-06-30,-0.01,0.0,0.0,0.0
ROLLT,2023-09-30,0.02,0.0,0.0,0.0
ROLLT,2023-12-31,0.06,0.0,0.0,0.0
ROLLT,2024-03-31,-0.06,0.0,-2.0,0.0
ROLLT,2024-06-30,-0.04,0.0,-1.0,0.0
ROLLT,2024-09-30,-0.02,0.0,0.0,0.0
ROLLT,2024-12-31,-0.01,0.0,0.0,0.0
ROLLT,2025-03-31,-0.01,0.0,0.0,0.0
ROLLT,2025-06-30,-0.01,0.0,0.0,0.0
ROLLT,2025-09-30,-0.02,0.0,-1.0,0.0
ROLLT,2025-12-31,0.7,0.0,18.0,0.0
ROSSARI,2023-03-31,5.25,406.0,29.0,55.0
ROSSARI,2023-06-30,5.3,411.0,29.0,58.0
ROSSARI,2023-09-30,5.97,483.0,33.0,64.0
ROSSARI,2023-12-31,6.23,464.0,34.0,64.0
ROSSARI,2024-03-31,6.18,473.0,34.0,64.0
ROSSARI,2024-06-30,6.32,490.0,35.0,65.0
ROSSARI,2024-09-30,6.39,498.0,35.0,66.0
ROSSARI,2024-12-31,5.73,513.0,32.0,65.0
ROSSARI,2025-03-31,6.22,580.0,34.0,69.0
ROSSARI,2025-06-30,6.07,544.0,34.0,68.0
ROSSARI,2025-09-30,6.66,586.0,37.0,72.0
ROSSARI,2025-12-31,5.92,582.0,33.0,69.0
ROSSARI,2026-03-31,8.3,685.0,46.0,77.0
ROSSELLIND,2021-06-30,3.09,65.21,11.35,11.18
ROSSELLIND,2021-09-30,6.87,94.73,25.23,33.52
ROSSELLIND,2021-12-31,1.56,84.31,5.71,12.04
ROSSELLIND,2022-03-31,-3.35,54.8,-12.28,-11.67
ROSSELLIND,2022-06-30,1.47,69.65,5.38,12.2
ROSSELLIND,2022-09-30,9.93,119.18,36.44,47.35
ROSSELLIND,2022-12-31,0.07,97.26,0.25,5.69
ROSSELLIND,2023-03-31,-3.82,67.51,-14.42,-12.34
ROSSELLIND,2023-06-30,0.34,70.35,1.29,7.48
ROSSELLIND,2023-09-30,6.46,117.97,24.37,35.03
ROSSELLIND,2023-12-31,0.52,110.71,1.96,8.13
ROSSELLIND,2024-03-31,-3.95,67.75,-14.89,-12.54
ROSSELLIND,2024-06-30,0.64,74.93,2.43,8.0
ROSSTECH,2023-09-30,1438.0,60.03,7.19,11.68
ROSSTECH,2023-12-31,394.0,58.01,1.97,7.16
ROSSTECH,2024-03-31,296.0,56.38,1.48,6.61
ROSSTECH,2024-06-30,-800.0,44.9,-4.0,-1.07
ROSSTECH,2024-09-30,-0.03,51.1,-0.1,5.87
ROSSTECH,2024-12-31,1.38,75.74,5.2,14.4
ROSSTECH,2025-03-31,1.82,87.93,6.85,15.51
ROSSTECH,2025-06-30,0.88,87.22,3.3,10.98
ROSSTECH,2025-09-30,1.5,125.91,5.67,15.77
ROSSTECH,2025-12-31,1.44,129.93,5.41,17.19
ROTO,2022-12-31,0.49,57.21,9.25,13.19
ROTO,2023-03-31,0.58,71.96,11.01,18.53
ROTO,2023-06-30,0.4,54.49,7.53,12.6
ROTO,2023-09-30,0.67,81.45,12.8,20.55
ROTO,2023-12-31,0.33,56.64,6.33,11.39
ROTO,2024-03-31,0.67,81.93,12.77,21.0
ROTO,2024-06-30,0.29,57.61,5.62,12.05
ROTO,2024-09-30,0.61,84.59,11.47,19.4
ROTO,2024-12-31,0.21,72.69,4.0,11.24
ROTO,2025-03-31,0.68,78.99,12.54,20.26
ROTO,2025-06-30,0.33,65.88,6.3,13.57
ROTO,2025-09-30,0.32,64.76,5.96,11.67
ROTO,2025-12-31,0.36,72.7,6.78,13.56
ROUTE,2022-12-31,13.23,986.0,85.0,125.0
ROUTE,2023-03-31,16.27,1009.0,104.0,132.0
ROUTE,2023-06-30,14.8,967.0,92.0,127.0
ROUTE,2023-09-30,14.18,1015.0,88.0,128.0
ROUTE,2023-12-31,16.89,1024.0,114.0,125.0
ROUTE,2024-03-31,14.03,1017.0,95.0,125.0
ROUTE,2024-06-30,12.51,1103.0,81.0,124.0
ROUTE,2024-09-30,16.08,1113.0,107.0,135.0
ROUTE,2024-12-31,13.09,1184.0,85.0,130.0
ROUTE,2025-03-31,8.98,1175.0,60.0,122.0
ROUTE,2025-06-30,8.45,1051.0,59.0,94.0
ROUTE,2025-09-30,-3.37,1119.0,-19.0,136.0
ROUTE,2025-12-31,15.51,1107.0,103.0,146.0
RPEL,2023-03-31,1.55,34.0,7.0,10.0
RPEL,2023-06-30,1.25,30.0,6.0,8.0
RPEL,2023-09-30,1.38,32.0,6.0,10.0
RPEL,2023-12-31,1.3,32.0,6.0,10.0
RPEL,2024-03-31,1.72,39.0,8.0,12.0
RPEL,2024-06-30,1.81,45.0,8.0,12.0
RPEL,2024-09-30,1.91,49.0,9.0,13.0
RPEL,2024-12-31,2.14,55.0,10.0,14.0
RPEL,2025-03-31,2.21,51.0,10.0,14.0
RPEL,2025-06-30,2.54,58.0,12.0,16.0
RPEL,2025-09-30,3.01,64.0,14.0,19.0
RPEL,2025-12-31,3.08,64.0,14.0,19.0
RPEL,2026-03-31,3.3,71.0,15.0,21.0
RPGLIFE,2024-12-31,21.12,173.0,35.0,49.0
RPGLIFE,2025-03-31,70.95,143.0,117.0,25.0
RPGLIFE,2025-09-30,22.28,182.0,37.0,39.0
RPGLIFE,2025-12-31,13.38,180.0,22.0,40.0
RPGLIFE,2026-03-31,18.08,177.0,30.0,33.0
RPOWER,2022-12-31,-0.8,1886.0,-245.0,663.0
RPOWER,2023-03-31,0.86,1730.0,257.0,-159.0
RPOWER,2023-06-30,-0.79,1922.0,-296.0,621.0
RPOWER,2023-09-30,-0.64,2038.0,-238.0,720.0
RPOWER,2023-12-31,-3.04,1944.0,-1137.0,-364.0
RPOWER,2024-03-31,-0.99,1997.0,-398.0,186.0
RPOWER,2024-06-30,-0.24,1992.0,-98.0,651.0
RPOWER,2024-09-30,7.16,1760.0,2878.0,376.0
RPOWER,2024-12-31,0.1,1853.0,42.0,492.0
RPOWER,2025-03-31,0.31,1978.0,126.0,590.0
RPOWER,2025-06-30,0.11,1886.0,45.0,565.0
RPOWER,2025-09-30,0.21,1974.0,87.0,618.0
RPOWER,2025-12-31,0.06,1873.0,25.0,604.0
RPPINFRA,2022-12-31,2.05,246.36,7.61,10.64
RPPINFRA,2023-03-31,4.31,305.65,16.01,11.4
RPPINFRA,2023-06-30,2.81,243.2,10.44,13.38
RPPINFRA,2023-09-30,4.49,372.42,17.03,27.94
RPPINFRA,2023-12-31,4.25,325.78,16.11,11.16
RPPINFRA,2024-03-31,3.59,412.01,13.61,4.75
RPPINFRA,2024-06-30,4.35,336.12,16.51,24.8
RPPINFRA,2024-09-30,3.82,394.28,18.92,24.05
RPPINFRA,2024-12-31,3.81,355.1,18.87,26.67
RPPINFRA,2025-03-31,2.35,345.88,11.67,12.74
RPPINFRA,2025-06-30,2.19,346.96,10.84,19.11
RPPINFRA,2025-09-30,2.79,316.79,13.82,20.37
RPPINFRA,2025-12-31,0.14,379.73,0.67,3.78
RPPL,2022-12-31,0.15,53.9,1.01,6.42
RPPL,2023-03-31,0.37,64.83,2.51,8.37
RPPL,2023-06-30,0.29,72.69,1.97,7.99
RPPL,2023-09-30,0.3,67.5,2.09,8.29
RPPL,2023-12-31,0.37,64.82,2.55,8.65
RPPL,2024-03-31,0.29,69.37,2.03,7.92
RPPL,2024-06-30,0.28,78.7,2.03,8.55
RPPL,2024-09-30,0.41,88.28,3.04,10.22
RPPL,2024-12-31,-0.13,72.7,-0.94,5.07
RPPL,2025-03-31,0.5,90.05,3.65,10.62
RPPL,2025-06-30,0.55,82.52,4.08,10.15
RPPL,2025-09-30,0.62,86.43,4.6,10.94
RPPL,2025-12-31,0.3,71.62,2.2,8.68
RPSGVENT,2022-12-31,-9.91,1720.0,-7.0,180.0
RPSGVENT,2023-03-31,-41.69,1792.0,-132.0,163.0
RPSGVENT,2023-06-30,51.84,2296.0,362.0,616.0
RPSGVENT,2023-09-30,-11.72,1788.0,-15.0,211.0
RPSGVENT,2023-12-31,-20.7,1846.0,-55.0,194.0
RPSGVENT,2024-03-31,-30.16,2020.0,-95.0,217.0
RPSGVENT,2024-06-30,30.8,2516.0,270.0,552.0
RPSGVENT,2024-09-30,-23.53,2166.0,-73.0,218.0
RPSGVENT,2024-12-31,-18.13,2385.0,-46.0,268.0
RPSGVENT,2025-03-31,-3.96,2541.0,12.0,335.0
RPSGVENT,2025-06-30,25.11,2971.0,251.0,600.0
RPSGVENT,2025-09-30,-15.72,2668.0,-41.0,306.0
RPSGVENT,2025-12-31,-33.71,2756.0,-136.0,327.0
RPTECH,2022-12-31,,2171.0,32.0,63.0
RPTECH,2023-03-31,,2259.0,24.0,62.0
RPTECH,2023-06-30,,2446.0,50.0,92.0
RPTECH,2023-09-30,,3023.0,22.0,69.0
RPTECH,2023-12-31,,2624.0,25.0,64.0
RPTECH,2024-03-31,6.04,3002.0,47.0,68.0
RPTECH,2024-06-30,8.38,4267.0,55.0,83.0
RPTECH,2024-09-30,10.58,3706.0,70.0,99.0
RPTECH,2024-12-31,4.83,2826.0,32.0,21.0
RPTECH,2025-03-31,7.78,2973.0,53.0,94.0
RPTECH,2025-06-30,9.31,3152.0,62.0,104.0
RPTECH,2025-09-30,8.88,4155.0,59.0,104.0
RPTECH,2025-12-31,11.16,4030.0,75.0,119.0
RRIL,2022-12-31,0.23,42.67,2.76,3.36
RRIL,2023-03-31,0.43,43.89,5.16,7.1
RRIL,2023-06-30,0.12,19.56,1.46,1.46
RRIL,2023-09-30,0.1,26.92,1.24,1.66
RRIL,2023-12-31,0.11,22.49,1.31,1.39
RRIL,2024-03-31,0.14,26.24,1.75,1.5
RRIL,2024-06-30,0.07,15.98,0.85,0.82
RRIL,2024-09-30,0.15,34.27,1.76,2.24
RRIL,2024-12-31,0.18,32.1,2.23,2.22
RRIL,2025-03-31,0.17,30.51,2.01,3.05
RRIL,2025-06-30,0.12,23.98,1.45,2.1
RRIL,2025-09-30,0.21,37.25,2.54,3.51
RRIL,2025-12-31,0.14,33.37,1.74,3.07
RRKABEL,2023-03-31,6.82,1517.0,65.0,100.0
RRKABEL,2023-06-30,7.77,1597.0,74.0,113.0
RRKABEL,2023-09-30,6.57,1610.0,74.0,121.0
RRKABEL,2023-12-31,6.29,1634.0,71.0,113.0
RRKABEL,2024-03-31,6.98,1754.0,79.0,115.0
RRKABEL,2024-06-30,5.71,1808.0,64.0,95.0
RRKABEL,2024-09-30,4.38,1810.0,50.0,86.0
RRKABEL,2024-12-31,6.06,1782.0,69.0,111.0
RRKABEL,2025-03-31,11.42,2218.0,129.0,194.0
RRKABEL,2025-06-30,7.94,2059.0,90.0,142.0
RRKABEL,2025-09-30,10.28,2164.0,116.0,176.0
RRKABEL,2025-12-31,10.46,2536.0,118.0,204.0
RRKABEL,2026-03-31,14.85,2964.0,168.0,262.0
RSDFIN,2022-12-31,3.27,,4.64,
RSDFIN,2023-03-31,0.87,,0.93,
RSDFIN,2023-06-30,2.27,,3.19,
RSDFIN,2023-09-30,1.66,,2.53,
RSDFIN,2023-12-31,3.12,,5.28,
RSDFIN,2024-03-31,3.76,,6.4,
RSDFIN,2024-06-30,4.13,,6.96,
RSDFIN,2024-09-30,3.71,,5.59,
RSDFIN,2024-12-31,2.06,,4.4,
RSDFIN,2025-03-31,0.33,,0.87,
RSDFIN,2025-06-30,4.86,,7.84,
RSDFIN,2025-09-30,2.01,,2.76,
RSDFIN,2025-12-31,5.33,,8.15,
RSWM,2022-12-31,-2.83,855.05,-13.34,18.5
RSWM,2023-03-31,9.49,956.23,44.7,47.99
RSWM,2023-06-30,-2.85,901.74,-13.44,16.31
RSWM,2023-09-30,-1.95,1007.4,-9.18,21.8
RSWM,2023-12-31,-7.23,977.32,-34.07,15.31
RSWM,2024-03-31,7.57,1171.43,35.65,41.49
RSWM,2024-06-30,-3.13,1207.91,-14.73,48.25
RSWM,2024-09-30,-3.73,1166.08,-17.55,38.13
RSWM,2024-12-31,-1.96,1195.62,-9.23,50.62
RSWM,2025-03-31,0.32,1256.22,1.49,71.28
RSWM,2025-06-30,1.78,1170.31,8.37,72.78
RSWM,2025-09-30,1.58,1151.05,7.43,72.42
RSWM,2025-12-31,0.51,1090.81,2.38,68.2
RSYSTEMS,2022-12-31,3.5,400.0,41.0,57.0
RSYSTEMS,2023-03-31,3.03,404.0,36.0,54.0
RSYSTEMS,2023-06-30,1.22,407.0,14.0,53.0
RSYSTEMS,2023-09-30,3.72,457.0,44.0,82.0
RSYSTEMS,2023-12-31,3.88,416.0,46.0,63.0
RSYSTEMS,2024-03-31,2.32,417.0,27.0,54.0
RSYSTEMS,2024-06-30,2.1,432.0,25.0,61.0
RSYSTEMS,2024-09-30,3.37,444.0,40.0,68.0
RSYSTEMS,2024-12-31,3.3,449.0,39.0,71.0
RSYSTEMS,2025-03-31,3.26,442.0,39.0,71.0
RSYSTEMS,2025-06-30,6.41,462.0,76.0,70.0
RSYSTEMS,2025-09-30,2.98,499.0,35.0,72.0
RSYSTEMS,2025-12-31,3.08,555.0,36.0,94.0
RTNINDIA,2022-12-31,-0.25,1153.0,-35.0,-14.0
RTNINDIA,2023-03-31,-1.0,1106.0,-138.0,-115.0
RTNINDIA,2023-06-30,1.29,1268.0,178.0,2.0
RTNINDIA,2023-09-30,1.02,1615.0,140.0,222.0
RTNINDIA,2023-12-31,1.36,1880.0,187.0,250.0
RTNINDIA,2024-03-31,-0.59,1294.0,-82.0,-55.0
RTNINDIA,2024-06-30,6.16,2494.0,851.0,1031.0
RTNINDIA,2024-09-30,-1.75,1801.0,-242.0,-237.0
RTNINDIA,2024-12-31,-1.23,1921.0,-170.0,-165.0
RTNINDIA,2025-03-31,-2.57,1505.0,-359.0,-377.0
RTNINDIA,2025-06-30,3.64,2313.0,502.0,609.0
RTNINDIA,2025-09-30,-2.87,2124.0,-397.0,-436.0
RTNINDIA,2025-12-31,-1.17,2006.0,-162.0,-155.0
RTNPOWER,2022-12-31,-0.89,850.0,-480.0,198.0
RTNPOWER,2023-03-31,-0.9,901.0,-483.0,197.0
RTNPOWER,2023-06-30,-1.02,847.0,-549.0,157.0
RTNPOWER,2023-09-30,-1.18,796.0,-633.0,111.0
RTNPOWER,2023-12-31,-1.09,806.0,-587.0,172.0
RTNPOWER,2024-03-31,19.86,914.0,10666.0,206.0
RTNPOWER,2024-06-30,0.17,932.0,93.0,189.0
RTNPOWER,2024-09-30,-0.0,682.0,-1.0,94.0
RTNPOWER,2024-12-31,0.01,733.0,4.0,90.0
RTNPOWER,2025-03-31,0.23,936.0,126.0,212.0
RTNPOWER,2025-06-30,-0.02,822.0,-13.0,97.0
RTNPOWER,2025-09-30,-0.06,654.0,-32.0,52.0
RTNPOWER,2025-12-31,0.1,728.0,54.0,127.0
RUBFILA,2022-12-31,0.28,100.1,1.51,3.19
RUBFILA,2023-03-31,1.09,113.39,5.89,9.75
RUBFILA,2023-06-30,1.47,123.56,7.97,8.73
RUBFILA,2023-09-30,1.39,114.68,7.52,10.5
RUBFILA,2023-12-31,0.52,102.94,2.82,5.63
RUBFILA,2024-03-31,1.31,128.62,7.09,11.13
RUBFILA,2024-06-30,1.31,130.23,7.13,10.9
RUBFILA,2024-09-30,1.11,134.75,6.04,9.35
RUBFILA,2024-12-31,1.47,137.97,7.96,11.89
RUBFILA,2025-03-31,1.53,147.47,8.31,12.58
RUBFILA,2025-06-30,1.23,144.93,6.69,9.86
RUBFILA,2025-09-30,1.47,150.24,8.0,10.91
RUBFILA,2025-12-31,1.01,146.73,5.5,8.64
RUBICON,2024-09-30,2.27,296.0,34.0,62.0
RUBICON,2024-12-31,2.5,313.0,38.0,70.0
RUBICON,2025-06-30,2.81,352.0,43.0,79.0
RUBICON,2025-09-30,3.49,412.0,54.0,94.0
RUBICON,2025-12-31,4.42,476.0,73.0,108.0
RUBYMILLS,2018-12-31,0.0,0.67,0.0,0.03
RUBYMILLS,2019-12-31,0.02,1.28,0.07,0.1
RUCHINFRA,2022-12-31,-0.1,18.1,-2.0,4.05
RUCHINFRA,2023-03-31,-0.1,13.89,-2.13,3.2
RUCHINFRA,2023-06-30,0.24,16.58,4.89,7.02
RUCHINFRA,2023-09-30,0.45,15.58,9.2,5.53
RUCHINFRA,2023-12-31,0.03,14.7,0.67,5.17
RUCHINFRA,2024-03-31,-0.03,16.98,-0.75,3.29
RUCHINFRA,2024-06-30,0.1,15.79,2.2,7.48
RUCHINFRA,2024-09-30,-0.02,14.94,-0.38,4.61
RUCHINFRA,2024-12-31,-0.05,13.39,-1.12,4.24
RUCHINFRA,2025-03-31,0.04,14.24,0.96,2.31
RUCHINFRA,2025-06-30,0.36,16.53,8.58,7.67
RUCHINFRA,2025-09-30,0.06,15.99,1.43,6.65
RUCHINFRA,2025-12-31,-0.02,13.74,-0.47,4.34
RUPA,2022-12-31,0.69,236.0,6.0,14.0
RUPA,2023-03-31,2.38,407.0,19.0,27.0
RUPA,2023-06-30,0.53,195.0,4.0,11.0
RUPA,2023-09-30,2.58,302.0,21.0,32.0
RUPA,2023-12-31,2.61,319.0,21.0,33.0
RUPA,2024-03-31,3.05,400.0,24.0,40.0
RUPA,2024-06-30,1.32,210.0,10.0,18.0
RUPA,2024-09-30,2.32,297.0,18.0,29.0
RUPA,2024-12-31,2.99,316.0,24.0,38.0
RUPA,2025-03-31,3.85,415.0,31.0,46.0
RUPA,2025-06-30,0.69,184.0,6.0,12.0
RUPA,2025-09-30,1.82,320.0,14.0,22.0
RUPA,2025-12-31,2.04,314.0,16.0,26.0
RUSHIL,2024-06-30,0.46,225.09,12.39,25.7
RUSHIL,2024-09-30,0.42,230.43,11.39,29.64
RUSHIL,2024-12-31,0.42,211.69,11.49,27.31
RUSHIL,2025-03-31,0.44,230.73,12.6,23.06
RUSHIL,2025-06-30,-0.48,179.16,-14.07,-2.16
RUSHIL,2025-09-30,0.18,235.65,5.13,22.5
RUSHIL,2025-12-31,0.18,216.54,5.2,23.12
RUSTOMJEE,2022-12-31,0.47,126.52,5.82,7.34
RUSTOMJEE,2023-03-31,6.73,344.38,74.04,96.95
RUSTOMJEE,2023-06-30,4.12,271.96,46.51,63.36
RUSTOMJEE,2023-09-30,0.38,618.04,4.17,-14.42
RUSTOMJEE,2023-12-31,2.65,520.69,29.88,8.52
RUSTOMJEE,2024-03-31,2.69,811.56,30.47,49.86
RUSTOMJEE,2024-06-30,2.05,422.16,25.65,41.44
RUSTOMJEE,2024-09-30,5.26,533.07,65.55,77.78
RUSTOMJEE,2024-12-31,1.2,464.02,29.98,37.51
RUSTOMJEE,2025-03-31,5.14,584.85,66.95,47.63
RUSTOMJEE,2025-06-30,1.15,273.12,16.33,11.67
RUSTOMJEE,2025-09-30,0.68,499.28,9.89,14.98
RUSTOMJEE,2025-12-31,0.27,266.17,5.08,9.85
RVHL,2022-12-31,0.13,0.0,1.0,-1.0
RVHL,2023-03-31,1.13,12.0,7.0,6.0
RVHL,2023-06-30,-0.31,0.0,-2.0,-3.0
RVHL,2023-09-30,0.28,0.0,2.0,-1.0
RVHL,2023-12-31,-0.27,0.0,-2.0,-3.0
RVHL,2024-03-31,-0.05,0.0,0.0,-2.0
RVHL,2024-06-30,-0.07,0.0,0.0,-2.0
RVHL,2024-09-30,-0.01,0.0,0.0,-2.0
RVHL,2024-12-31,-0.19,0.0,-1.0,-2.0
RVHL,2025-03-31,-0.15,0.0,-1.0,-2.0
RVHL,2025-06-30,-0.08,0.0,-1.0,-2.0
RVHL,2025-09-30,6.5,55.0,40.0,52.0
RVHL,2025-12-31,2.04,20.0,12.0,16.0
RVNL,2022-12-31,1.83,5012.0,382.0,276.0
RVNL,2023-03-31,1.72,5720.0,359.0,374.0
RVNL,2023-06-30,1.64,5572.0,343.0,349.0
RVNL,2023-09-30,1.89,4914.0,394.0,298.0
RVNL,2023-12-31,1.72,4689.0,359.0,249.0
RVNL,2024-03-31,2.3,6714.0,478.0,456.0
RVNL,2024-06-30,1.07,4074.0,224.0,182.0
RVNL,2024-09-30,1.38,4855.0,287.0,256.0
RVNL,2024-12-31,1.49,4567.0,312.0,239.0
RVNL,2025-03-31,2.2,6427.0,459.0,433.0
RVNL,2025-06-30,0.65,3909.0,134.0,53.0
RVNL,2025-09-30,1.1,5123.0,231.0,217.0
RVNL,2025-12-31,1.55,4684.0,324.0,221.0
RVTH,2023-12-31,,55.75,8.33,11.33
RVTH,2024-03-31,,107.67,17.41,21.63
RVTH,2024-06-30,25.89,52.03,7.94,8.69
RVTH,2024-09-30,8.8,19.71,2.7,1.63
RVTH,2024-12-31,0.65,42.3,0.2,4.45
RVTH,2025-03-31,30.45,64.5,9.34,14.36
RVTH,2025-06-30,1.86,22.26,0.57,0.06
RVTH,2025-09-30,1.37,22.83,0.42,-0.94
RVTH,2025-12-31,-4.56,32.23,-1.4,0.04
SAATVIKGL,2023-06-30,41.36,234.0,14.0,21.0
SAATVIKGL,2024-06-30,62.9,246.0,21.0,32.0
SAATVIKGL,2024-09-30,181.07,475.0,61.0,68.0
SAATVIKGL,2024-12-31,3.61,518.0,40.0,68.0
SAATVIKGL,2025-03-31,8.14,919.0,91.0,151.0
SAATVIKGL,2025-06-30,10.6,916.0,119.0,177.0
SAATVIKGL,2025-09-30,6.55,768.0,83.0,108.0
SAATVIKGL,2025-12-31,7.77,1257.0,99.0,153.0
SADBHIN,2022-12-31,-3.89,185.0,-137.0,100.0
SADBHIN,2023-03-31,9.71,157.0,345.0,93.0
SADBHIN,2023-06-30,-0.66,240.0,-21.0,105.0
SADBHIN,2023-09-30,-8.52,161.0,-296.0,87.0
SADBHIN,2023-12-31,-3.53,204.0,-123.0,80.0
SADBHIN,2024-03-31,-2.71,174.0,-94.0,60.0
SADBHIN,2024-06-30,-0.59,167.0,-16.0,93.0
SADBHIN,2024-09-30,1.01,163.0,47.0,101.0
SADBHIN,2024-12-31,-0.11,174.0,7.0,116.0
SADBHIN,2025-03-31,-2.44,200.0,-72.0,123.0
SADBHIN,2025-06-30,0.34,186.0,26.0,129.0
SADBHIN,2025-09-30,0.3,181.0,25.0,131.0
SADBHIN,2025-12-31,-3.1,206.0,-92.0,148.0
SAFARI,2022-12-31,7.27,303.0,34.0,55.0
SAFARI,2023-03-31,8.03,303.0,38.0,58.0
SAFARI,2023-06-30,10.54,427.0,50.0,79.0
SAFARI,2023-09-30,8.35,370.0,40.0,63.0
SAFARI,2023-12-31,9.02,388.0,43.0,68.0
SAFARI,2024-03-31,8.86,365.0,43.0,67.0
SAFARI,2024-06-30,9.11,450.0,44.0,66.0
SAFARI,2024-09-30,6.07,458.0,30.0,48.0
SAFARI,2024-12-31,6.37,443.0,31.0,50.0
SAFARI,2025-03-31,7.69,421.0,38.0,61.0
SAFARI,2025-06-30,10.33,528.0,50.0,79.0
SAFARI,2025-09-30,9.58,534.0,47.0,74.0
SAFARI,2025-12-31,6.71,512.0,33.0,56.0
SAGARDEEP,2022-12-31,0.1,16.48,0.17,0.39
SAGARDEEP,2023-03-31,-0.05,21.48,-0.08,0.08
SAGARDEEP,2023-06-30,0.07,17.66,0.12,0.44
SAGARDEEP,2023-09-30,0.13,26.8,0.23,0.41
SAGARDEEP,2023-12-31,0.09,25.98,0.15,0.5
SAGARDEEP,2024-03-31,0.15,29.34,0.26,0.56
SAGARDEEP,2024-06-30,0.13,30.18,0.23,0.75
SAGARDEEP,2024-09-30,0.19,35.14,0.33,0.87
SAGARDEEP,2024-12-31,0.17,27.37,0.29,0.28
SAGARDEEP,2025-03-31,0.63,32.26,1.07,0.25
SAGARDEEP,2025-06-30,0.2,35.35,0.34,0.51
SAGARDEEP,2025-09-30,0.23,33.58,0.4,0.15
SAGARDEEP,2025-12-31,0.19,39.2,0.32,0.47
SAGCEM,2022-12-31,-1.42,576.0,-24.0,48.0
SAGCEM,2023-03-31,6.92,622.0,88.0,39.0
SAGCEM,2023-06-30,-3.05,540.0,-42.0,30.0
SAGCEM,2023-09-30,-0.64,587.0,-11.0,60.0
SAGCEM,2023-12-31,-0.62,669.0,-10.0,87.0
SAGCEM,2024-03-31,1.01,709.0,12.0,68.0
SAGCEM,2024-06-30,-2.17,561.0,-32.0,47.0
SAGCEM,2024-09-30,-4.25,475.0,-57.0,20.0
SAGCEM,2024-12-31,-4.21,564.0,-54.0,38.0
SAGCEM,2025-03-31,-5.41,658.0,-73.0,37.0
SAGCEM,2025-06-30,0.09,671.0,7.0,121.0
SAGCEM,2025-09-30,-3.24,602.0,-44.0,51.0
SAGCEM,2025-12-31,-4.41,591.0,-64.0,38.0
SAGILITY,2023-06-30,0.22,1116.0,42.0,264.0
SAGILITY,2023-09-30,0.18,1094.0,35.0,234.0
SAGILITY,2023-12-31,0.37,1260.0,71.0,260.0
SAGILITY,2024-03-31,0.19,1283.0,80.0,307.0
SAGILITY,2024-06-30,0.05,1223.0,22.0,194.0
SAGILITY,2024-09-30,0.25,1325.0,117.0,301.0
SAGILITY,2024-12-31,0.46,1453.0,217.0,392.0
SAGILITY,2025-03-31,0.39,1568.0,183.0,373.0
SAGILITY,2025-06-30,0.32,1539.0,149.0,346.0
SAGILITY,2025-09-30,0.54,1658.0,251.0,415.0
SAGILITY,2025-12-31,0.57,1971.0,268.0,511.0
SAIL,2022-12-31,1.31,25042.0,542.0,2079.0
SAIL,2023-03-31,2.81,29131.0,1159.0,2924.0
SAIL,2023-06-30,0.51,24359.0,212.0,1649.0
SAIL,2023-09-30,3.16,29712.0,1306.0,3875.0
SAIL,2023-12-31,1.02,23349.0,423.0,2142.0
SAIL,2024-03-31,2.73,27959.0,1126.0,3483.0
SAIL,2024-06-30,0.2,23998.0,82.0,2220.0
SAIL,2024-09-30,2.17,24675.0,897.0,2913.0
SAIL,2024-12-31,0.34,24490.0,142.0,2030.0
SAIL,2025-03-31,3.03,29316.0,1251.0,3484.0
SAIL,2025-06-30,1.8,25922.0,745.0,2769.0
SAIL,2025-09-30,1.01,26704.0,419.0,2528.0
SAIL,2025-12-31,0.91,27371.0,374.0,2294.0
SAILIFE,2023-12-31,,384.0,40.0,96.0
SAILIFE,2024-03-31,,439.0,56.0,125.0
SAILIFE,2024-06-30,,280.0,-14.0,26.0
SAILIFE,2024-09-30,,396.0,42.0,102.0
SAILIFE,2024-12-31,2.59,440.0,54.0,120.0
SAILIFE,2025-03-31,4.24,580.0,88.0,158.0
SAILIFE,2025-06-30,2.9,496.0,60.0,121.0
SAILIFE,2025-09-30,4.0,537.0,84.0,146.0
SAILIFE,2025-12-31,4.75,556.0,100.0,188.0
SAIPARENT,2025-09-30,2.11,87.0,8.0,16.0
SAKAR,2022-12-31,2.15,33.0,4.0,9.0
SAKAR,2023-03-31,2.06,41.0,4.0,8.0
SAKAR,2023-06-30,1.49,39.0,3.0,9.0
SAKAR,2023-09-30,1.7,34.0,4.0,9.0
SAKAR,2023-12-31,0.95,37.0,2.0,9.0
SAKAR,2024-03-31,1.43,43.0,3.0,11.0
SAKAR,2024-06-30,1.11,41.0,2.0,11.0
SAKAR,2024-09-30,2.21,43.0,5.0,12.0
SAKAR,2024-12-31,2.06,43.0,5.0,12.0
SAKAR,2025-03-31,2.62,50.0,6.0,16.0
SAKAR,2025-06-30,2.1,53.0,5.0,13.0
SAKAR,2025-09-30,2.04,58.0,5.0,11.0
SAKAR,2025-12-31,4.61,70.0,10.0,19.0
SAKHTISUG,2005-03-31,,239.47,24.95,44.58
SAKHTISUG,2005-06-30,,219.34,1.92,30.15
SAKHTISUG,2005-09-30,,217.39,6.69,33.45
SAKHTISUG,2005-12-31,,219.88,19.49,46.83
SAKHTISUG,2006-03-31,,272.16,34.4,60.88
SAKHTISUG,2006-06-30,,296.63,35.75,71.64
SAKHTISUG,2006-09-30,,242.76,11.26,40.26
SAKHTISUG,2006-12-31,,197.4,6.64,36.36
SAKHTISUG,2007-03-31,,254.59,9.78,40.78
SAKHTISUG,2007-06-30,,249.18,-2.18,7.18
SAKSOFT,2022-12-31,1.5,172.0,20.0,27.0
SAKSOFT,2023-03-31,1.89,182.0,25.0,33.0
SAKSOFT,2023-06-30,1.9,183.0,25.0,35.0
SAKSOFT,2023-09-30,1.91,190.0,25.0,34.0
SAKSOFT,2023-12-31,1.7,193.0,23.0,33.0
SAKSOFT,2024-03-31,1.75,195.0,23.0,33.0
SAKSOFT,2024-06-30,1.93,201.0,26.0,35.0
SAKSOFT,2024-09-30,1.97,215.0,26.0,37.0
SAKSOFT,2024-12-31,2.04,227.0,27.0,38.0
SAKSOFT,2025-03-31,2.27,240.0,30.0,36.0
SAKSOFT,2025-06-30,2.44,249.0,32.0,46.0
SAKSOFT,2025-09-30,2.71,258.0,36.0,51.0
SAKSOFT,2025-12-31,2.19,251.0,29.0,45.0
SALASAR,2022-12-31,0.07,240.8,10.69,24.06
SALASAR,2023-03-31,0.09,294.7,14.73,29.85
SALASAR,2023-06-30,0.06,261.86,10.15,23.59
SALASAR,2023-09-30,0.06,275.35,9.05,24.92
SALASAR,2023-12-31,0.11,303.88,16.76,37.47
SALASAR,2024-03-31,0.11,367.33,16.97,36.46
SALASAR,2024-06-30,0.06,294.0,10.49,28.21
SALASAR,2024-09-30,0.06,281.49,9.68,25.65
SALASAR,2024-12-31,0.07,375.18,11.94,31.72
SALASAR,2025-03-31,-0.03,483.31,-5.23,27.45
SALASAR,2025-06-30,0.05,300.17,8.79,29.94
SALASAR,2025-09-30,0.09,427.17,15.99,41.89
SALASAR,2025-12-31,0.03,330.78,6.52,26.5
SALZERELEC,2022-12-31,6.45,246.0,11.0,25.0
SALZERELEC,2023-03-31,5.94,303.0,10.0,25.0
SALZERELEC,2023-06-30,6.07,289.0,10.0,26.0
SALZERELEC,2023-09-30,5.9,281.0,10.0,27.0
SALZERELEC,2023-12-31,7.59,270.0,13.0,31.0
SALZERELEC,2024-03-31,7.42,327.0,13.0,33.0
SALZERELEC,2024-06-30,8.12,357.0,15.0,33.0
SALZERELEC,2024-09-30,15.17,344.0,27.0,35.0
SALZERELEC,2024-12-31,8.48,341.0,15.0,36.0
SALZERELEC,2025-03-31,5.75,376.0,11.0,29.0
SALZERELEC,2025-06-30,9.77,441.0,17.0,42.0
SALZERELEC,2025-09-30,7.35,419.0,13.0,37.0
SALZERELEC,2025-12-31,7.01,424.0,13.0,37.0
SAMBHV,2024-09-30,0.22,316.0,5.0,22.0
SAMBHV,2024-12-31,0.44,369.0,11.0,38.0
SAMBHV,2025-03-31,0.69,495.0,17.0,48.0
SAMBHV,2025-06-30,1.15,559.0,34.0,73.0
SAMBHV,2025-09-30,1.04,580.0,31.0,60.0
SAMBHV,2025-12-31,0.83,589.0,24.0,51.0
SAMHI,2022-12-31,-10.53,191.0,-80.0,62.0
SAMHI,2023-03-31,-8.63,205.0,-74.0,70.0
SAMHI,2023-06-30,-9.78,190.0,-83.0,45.0
SAMHI,2023-09-30,-4.04,220.0,-88.0,51.0
SAMHI,2023-12-31,-3.41,268.0,-74.0,85.0
SAMHI,2024-03-31,0.52,279.0,11.0,85.0
SAMHI,2024-06-30,0.19,250.0,4.0,82.0
SAMHI,2024-09-30,0.57,262.0,13.0,92.0
SAMHI,2024-12-31,1.04,292.0,23.0,110.0
SAMHI,2025-03-31,2.07,319.0,46.0,122.0
SAMHI,2025-06-30,0.78,272.0,19.0,90.0
SAMHI,2025-09-30,4.18,293.0,100.0,107.0
SAMHI,2025-12-31,1.79,338.0,48.0,122.0
SAMMAANCAP,2022-12-31,4.11,,291.0,
SAMMAANCAP,2023-03-31,3.71,,263.0,
SAMMAANCAP,2023-06-30,4.16,,294.0,
SAMMAANCAP,2023-09-30,4.14,,298.0,
SAMMAANCAP,2023-12-31,4.1,,303.0,
SAMMAANCAP,2024-03-31,4.32,,319.0,
SAMMAANCAP,2024-06-30,4.42,,327.0,
SAMMAANCAP,2024-09-30,-38.12,,-2761.0,
SAMMAANCAP,2024-12-31,4.08,,302.0,
SAMMAANCAP,2025-03-31,3.91,,324.0,
SAMMAANCAP,2025-06-30,4.04,,334.0,
SAMMAANCAP,2025-09-30,3.72,,308.0,
SAMMAANCAP,2025-12-31,3.79,,314.0,
SAMPANN,2023-03-31,-0.16,16.2,-0.65,0.49
SAMPANN,2023-06-30,-0.24,17.52,-0.98,0.13
SAMPANN,2023-09-30,0.07,17.7,0.28,1.79
SAMPANN,2023-12-31,-0.15,17.15,-0.61,0.55
SAMPANN,2024-03-31,0.11,19.09,0.44,2.32
SAMPANN,2024-06-30,-0.38,20.19,-1.54,-0.36
SAMPANN,2024-09-30,-0.28,21.1,-1.13,-0.06
SAMPANN,2024-12-31,0.29,23.84,1.19,-0.03
SAMPANN,2025-03-31,1.34,32.38,5.45,4.13
SAMPANN,2025-06-30,0.45,32.68,1.83,4.01
SAMPANN,2025-09-30,0.38,34.84,1.85,3.95
SAMPANN,2025-12-31,0.39,36.37,1.9,4.09
SAMPANN,2026-03-31,0.25,38.75,1.2,3.41
SANATHAN,2023-09-30,4.2,745.61,30.24,51.84
SANATHAN,2023-12-31,4.76,780.41,34.25,60.51
SANATHAN,2024-03-31,7.26,756.13,52.26,79.1
SANATHAN,2024-06-30,6.96,781.13,50.07,76.44
SANATHAN,2024-09-30,4.53,742.17,32.56,58.22
SANATHAN,2024-12-31,4.05,743.13,34.17,58.47
SANATHAN,2025-03-31,5.17,732.18,43.65,68.36
SANATHAN,2025-06-30,4.79,745.34,40.43,69.56
SANATHAN,2025-09-30,2.38,817.99,20.12,63.15
SANATHAN,2025-12-31,-0.57,1078.67,-4.77,57.21
SANDESH,2022-12-31,43.72,100.0,33.0,34.0
SANDESH,2023-03-31,14.59,77.0,11.0,7.0
SANDESH,2023-06-30,43.69,72.0,33.0,16.0
SANDESH,2023-09-30,34.23,72.0,26.0,14.0
SANDESH,2023-12-31,76.2,91.0,58.0,25.0
SANDESH,2024-03-31,95.01,86.0,72.0,26.0
SANDESH,2024-06-30,66.7,69.0,50.0,16.0
SANDESH,2024-09-30,50.45,71.0,38.0,16.0
SANDESH,2024-12-31,-27.47,79.0,-21.0,-41.0
SANDESH,2025-03-31,12.21,76.0,9.0,12.0
SANDESH,2025-06-30,76.68,73.0,58.0,18.0
SANDESH,2025-09-30,5.1,78.0,4.0,5.0
SANDESH,2025-12-31,50.84,77.0,38.0,20.0
SANDHAR,2022-12-31,3.27,723.0,20.0,65.0
SANDHAR,2023-03-31,4.04,765.0,25.0,68.0
SANDHAR,2023-06-30,3.55,829.0,22.0,73.0
SANDHAR,2023-09-30,4.54,885.0,28.0,81.0
SANDHAR,2023-12-31,4.19,890.0,25.0,89.0
SANDHAR,2024-03-31,5.96,918.0,36.0,98.0
SANDHAR,2024-06-30,4.83,913.0,29.0,86.0
SANDHAR,2024-09-30,6.65,984.0,40.0,99.0
SANDHAR,2024-12-31,4.98,974.0,30.0,95.0
SANDHAR,2025-03-31,7.08,1014.0,43.0,104.0
SANDHAR,2025-06-30,4.65,1090.0,28.0,82.0
SANDHAR,2025-09-30,12.19,1270.0,73.0,118.0
SANDHAR,2025-12-31,5.56,1185.0,33.0,108.0
SANDUMA,2022-12-31,0.85,388.0,41.0,67.0
SANDUMA,2023-03-31,3.58,608.0,174.0,235.0
SANDUMA,2023-06-30,0.82,363.0,40.0,58.0
SANDUMA,2023-09-30,0.56,185.0,27.0,37.0
SANDUMA,2023-12-31,0.19,153.0,9.0,17.0
SANDUMA,2024-03-31,3.37,552.0,164.0,208.0
SANDUMA,2024-06-30,2.97,602.0,144.0,191.0
SANDUMA,2024-09-30,0.66,260.0,32.0,38.0
SANDUMA,2024-12-31,2.83,952.0,137.0,240.0
SANDUMA,2025-03-31,3.21,1321.0,156.0,316.0
SANDUMA,2025-06-30,3.43,1135.0,167.0,299.0
SANDUMA,2025-09-30,2.85,1232.0,139.0,273.0
SANDUMA,2025-12-31,2.38,1209.0,116.0,251.0
SANGAMIND,2023-03-31,6.69,685.0,30.0,71.0
SANGAMIND,2023-06-30,2.83,677.0,13.0,54.0
SANGAMIND,2023-09-30,2.35,629.0,11.0,46.0
SANGAMIND,2023-12-31,0.85,621.0,4.0,48.0
SANGAMIND,2024-03-31,3.03,701.0,14.0,67.0
SANGAMIND,2024-06-30,3.17,693.0,14.0,67.0
SANGAMIND,2024-09-30,1.23,676.0,6.0,56.0
SANGAMIND,2024-12-31,0.54,754.0,2.0,64.0
SANGAMIND,2025-03-31,2.11,734.0,10.0,58.0
SANGAMIND,2025-06-30,0.47,790.0,2.0,58.0
SANGAMIND,2025-09-30,5.13,786.0,23.0,77.0
SANGAMIND,2025-12-31,5.43,775.0,24.0,84.0
SANGAMIND,2026-03-31,7.3,884.0,33.0,102.0
SANGHVIMOV,2022-09-30,3.34,109.0,29.0,57.0
SANGHVIMOV,2022-12-31,4.01,122.0,35.0,75.0
SANGHVIMOV,2023-03-31,3.92,127.0,34.0,77.0
SANGHVIMOV,2023-06-30,4.83,146.0,42.0,88.0
SANGHVIMOV,2023-09-30,4.3,140.0,37.0,86.0
SANGHVIMOV,2023-12-31,7.08,167.0,61.0,115.0
SANGHVIMOV,2024-06-30,4.68,151.0,40.0,74.0
SANGHVIMOV,2024-09-30,3.36,156.0,29.0,73.0
SANGHVIMOV,2024-12-31,3.82,208.0,33.0,76.0
SANGHVIMOV,2025-03-31,6.22,267.0,54.0,107.0
SANGHVIMOV,2025-06-30,5.81,273.0,50.0,100.0
SANGHVIMOV,2025-09-30,4.19,210.0,36.0,81.0
SANGHVIMOV,2025-12-31,3.35,236.0,29.0,85.0
SANOFI,2023-06-30,53.43,515.0,123.0,122.0
SANOFI,2023-09-30,66.04,491.0,152.0,114.0
SANOFI,2023-12-31,59.87,469.0,138.0,100.0
SANOFI,2024-03-31,59.39,511.0,137.0,137.0
SANOFI,2024-06-30,44.87,464.0,103.0,116.0
SANOFI,2024-09-30,35.74,524.0,82.0,120.0
SANOFI,2024-12-31,39.7,515.0,91.0,118.0
SANSERA,2022-12-31,5.87,560.0,31.0,89.0
SANSERA,2023-03-31,6.64,619.0,35.0,96.0
SANSERA,2023-06-30,8.39,660.0,45.0,114.0
SANSERA,2023-09-30,8.81,693.0,48.0,118.0
SANSERA,2023-12-31,8.96,713.0,48.0,121.0
SANSERA,2024-03-31,8.59,746.0,46.0,127.0
SANSERA,2024-06-30,9.18,744.0,50.0,127.0
SANSERA,2024-09-30,9.38,763.0,52.0,133.0
SANSERA,2024-12-31,8.99,728.0,56.0,127.0
SANSERA,2025-03-31,9.57,782.0,59.0,127.0
SANSERA,2025-06-30,10.05,766.0,63.0,131.0
SANSERA,2025-09-30,11.55,825.0,71.0,142.0
SANSERA,2025-12-31,11.04,908.0,69.0,162.0
SANSTAR,2023-06-30,4.78,304.0,14.0,23.0
SANSTAR,2024-06-30,1.18,291.0,17.0,27.0
SAPPHIRE,2023-03-31,4.27,560.0,135.0,98.0
SAPPHIRE,2023-06-30,0.78,654.0,25.0,121.0
SAPPHIRE,2023-09-30,0.48,643.0,15.0,115.0
SAPPHIRE,2023-12-31,0.32,666.0,10.0,122.0
SAPPHIRE,2024-03-31,0.08,632.0,2.0,103.0
SAPPHIRE,2024-06-30,0.27,718.0,8.0,124.0
SAPPHIRE,2024-09-30,-0.1,696.0,-6.0,112.0
SAPPHIRE,2024-12-31,0.37,757.0,13.0,134.0
SAPPHIRE,2025-03-31,0.06,711.0,2.0,106.0
SAPPHIRE,2025-06-30,-0.06,777.0,-2.0,113.0
SAPPHIRE,2025-09-30,-0.4,742.0,-13.0,102.0
SAPPHIRE,2025-12-31,-0.15,814.0,-5.0,134.0
SAPPHIRE,2026-03-31,-0.39,792.0,-13.0,124.0
SAPPL,2022-12-31,17.31,86.62,15.41,10.61
SAPPL,2023-03-31,0.47,75.75,0.42,3.85
SAPPL,2023-06-30,3.0,75.87,2.67,5.48
SAPPL,2023-09-30,1.28,68.1,1.14,4.88
SAPPL,2023-12-31,1.79,43.07,1.59,4.98
SAPPL,2024-03-31,3.2,107.47,2.85,5.47
SAPPL,2024-06-30,2.46,118.22,2.19,10.88
SAPPL,2024-09-30,1.56,111.47,1.38,9.99
SAPPL,2024-12-31,2.1,120.75,1.86,12.57
SAPPL,2025-03-31,4.51,155.06,4.01,17.67
SAPPL,2025-06-30,7.95,177.09,7.07,23.0
SAPPL,2025-09-30,6.57,172.5,5.84,20.83
SAPPL,2025-12-31,8.47,176.81,7.53,23.3
SARDAEN,2022-12-31,3.7,908.0,130.0,196.0
SARDAEN,2023-03-31,3.44,1076.0,115.0,214.0
SARDAEN,2023-06-30,4.85,1052.0,172.0,215.0
SARDAEN,2023-09-30,3.99,1001.0,149.0,242.0
SARDAEN,2023-12-31,3.32,925.0,114.0,188.0
SARDAEN,2024-03-31,2.68,889.0,88.0,152.0
SARDAEN,2024-06-30,5.64,926.0,198.0,261.0
SARDAEN,2024-09-30,5.55,1159.0,203.0,337.0
SARDAEN,2024-12-31,5.6,1319.0,200.0,369.0
SARDAEN,2025-03-31,3.07,1239.0,100.0,271.0
SARDAEN,2025-06-30,12.33,1633.0,437.0,617.0
SARDAEN,2025-09-30,9.17,1528.0,328.0,512.0
SARDAEN,2025-12-31,5.4,1276.0,190.0,311.0
SAREGAMA,2022-12-31,2.76,182.0,53.0,63.0
SAREGAMA,2023-03-31,2.27,204.0,44.0,49.0
SAREGAMA,2023-06-30,2.26,163.0,43.0,50.0
SAREGAMA,2023-09-30,2.49,172.0,48.0,61.0
SAREGAMA,2023-12-31,2.71,204.0,52.0,66.0
SAREGAMA,2024-03-31,2.79,263.0,54.0,70.0
SAREGAMA,2024-06-30,1.91,205.0,37.0,51.0
SAREGAMA,2024-09-30,2.33,242.0,45.0,61.0
SAREGAMA,2024-12-31,3.23,483.0,62.0,84.0
SAREGAMA,2025-03-31,3.12,241.0,60.0,80.0
SAREGAMA,2025-06-30,1.9,207.0,37.0,55.0
SAREGAMA,2025-09-30,2.27,230.0,44.0,69.0
SAREGAMA,2025-12-31,2.66,260.0,51.0,92.0
SARLAPOLY,2023-03-31,0.02,70.0,0.0,10.0
SARLAPOLY,2023-06-30,0.76,85.0,6.0,12.0
SARLAPOLY,2023-09-30,0.78,96.0,7.0,13.0
SARLAPOLY,2023-12-31,1.02,96.0,8.0,13.0
SARLAPOLY,2024-03-31,1.38,106.0,11.0,19.0
SARLAPOLY,2024-06-30,1.99,111.0,17.0,19.0
SARLAPOLY,2024-09-30,2.3,114.0,19.0,22.0
SARLAPOLY,2024-12-31,1.65,102.0,14.0,26.0
SARLAPOLY,2025-03-31,1.52,100.0,13.0,22.0
SARLAPOLY,2025-06-30,2.68,102.0,22.0,11.0
SARLAPOLY,2025-09-30,2.27,107.0,19.0,23.0
SARLAPOLY,2025-12-31,0.61,89.0,5.0,3.0
SARLAPOLY,2026-03-31,-7.14,103.0,-60.0,2.0
SASKEN,2022-12-31,20.76,122.77,31.25,29.05
SASKEN,2023-03-31,11.34,102.89,17.07,14.19
SASKEN,2023-06-30,17.08,98.49,25.7,9.29
SASKEN,2023-09-30,12.01,102.51,18.08,14.57
SASKEN,2023-12-31,11.79,96.44,17.75,4.81
SASKEN,2024-03-31,11.4,108.99,17.21,2.03
SASKEN,2024-06-30,12.04,123.36,17.69,5.2
SASKEN,2024-09-30,7.98,135.03,12.28,4.55
SASKEN,2024-12-31,6.0,144.52,9.03,6.09
SASKEN,2025-03-31,7.29,148.01,11.51,7.08
SASKEN,2025-06-30,6.24,273.53,10.01,14.65
SASKEN,2025-09-30,6.44,255.49,10.5,15.0
SASKEN,2025-12-31,5.12,250.13,9.14,25.63
SATIN,2022-12-31,7.05,,59.0,
SATIN,2023-03-31,11.57,,99.0,
SATIN,2023-06-30,9.93,,88.0,
SATIN,2023-09-30,10.72,,107.0,
SATIN,2023-12-31,10.24,,113.0,
SATIN,2024-03-31,11.61,,128.0,
SATIN,2024-06-30,9.53,,105.0,
SATIN,2024-09-30,4.05,,45.0,
SATIN,2024-12-31,1.29,,14.0,
SATIN,2025-03-31,1.98,,22.0,
SATIN,2025-06-30,4.08,,45.0,
SATIN,2025-09-30,4.81,,53.0,
SATIN,2025-12-31,6.51,,72.0,
SAURASHCEM,2022-12-31,-0.4,442.0,-3.0,8.0
SAURASHCEM,2023-03-31,2.03,471.0,14.0,30.0
SAURASHCEM,2023-06-30,1.1,446.0,12.0,31.0
SAURASHCEM,2023-09-30,0.07,375.0,1.0,11.0
SAURASHCEM,2023-12-31,1.13,447.0,13.0,43.0
SAURASHCEM,2024-03-31,2.8,497.0,31.0,45.0
SAURASHCEM,2024-06-30,0.89,386.0,10.0,23.0
SAURASHCEM,2024-09-30,-2.83,296.0,-31.0,-40.0
SAURASHCEM,2024-12-31,-0.39,378.0,-4.0,8.0
SAURASHCEM,2025-03-31,2.96,478.0,33.0,53.0
SAURASHCEM,2025-06-30,1.51,424.0,17.0,35.0
SAURASHCEM,2025-09-30,-0.99,386.0,-11.0,-10.0
SAURASHCEM,2025-12-31,-0.92,410.0,-10.0,1.0
SAYAJIHOTL,2022-12-31,8.95,31.2,15.67,9.9
SAYAJIHOTL,2023-03-31,3.92,42.83,6.86,12.09
SAYAJIHOTL,2023-06-30,0.91,24.46,1.59,6.5
SAYAJIHOTL,2023-09-30,-1.99,22.03,-3.49,1.63
SAYAJIHOTL,2023-12-31,4.74,31.52,8.3,11.61
SAYAJIHOTL,2024-03-31,4.58,33.76,8.01,12.17
SAYAJIHOTL,2024-06-30,0.73,27.96,1.27,6.73
SAYAJIHOTL,2024-09-30,-0.74,28.13,-1.3,3.17
SAYAJIHOTL,2024-12-31,3.65,42.54,6.38,13.22
SAYAJIHOTL,2025-03-31,-2.45,39.65,-4.28,2.91
SAYAJIHOTL,2025-06-30,-2.93,35.53,-5.13,3.55
SAYAJIHOTL,2025-09-30,-5.63,31.67,-9.85,-2.05
SAYAJIHOTL,2025-12-31,1.49,43.94,2.61,12.61
SBC,2022-12-31,0.05,50.0,2.0,3.0
SBC,2023-03-31,0.06,68.0,3.0,3.0
SBC,2023-06-30,0.1,53.0,5.0,5.0
SBC,2023-09-30,0.05,35.0,2.0,4.0
SBC,2023-12-31,0.06,52.0,3.0,4.0
SBC,2024-03-31,0.07,69.0,3.0,4.0
SBC,2024-06-30,0.11,66.0,5.0,6.0
SBC,2024-09-30,0.11,66.0,5.0,6.0
SBC,2024-12-31,0.08,72.0,4.0,2.0
SBC,2025-03-31,0.08,96.0,4.0,5.0
SBC,2025-06-30,0.07,72.0,3.0,5.0
SBC,2025-09-30,0.24,85.0,11.0,10.0
SBC,2025-12-31,0.24,104.0,11.0,12.0
SBCL,2022-12-31,2.89,118.0,17.0,27.0
SBCL,2023-03-31,3.73,124.0,22.0,28.0
SBCL,2023-06-30,3.69,127.0,21.0,30.0
SBCL,2023-09-30,3.53,128.0,20.0,29.0
SBCL,2023-12-31,2.94,126.0,17.0,25.0
SBCL,2024-03-31,4.46,128.0,26.0,22.0
SBCL,2024-06-30,3.09,126.0,18.0,24.0
SBCL,2024-09-30,3.46,127.0,20.0,27.0
SBCL,2024-12-31,3.17,123.0,18.0,25.0
SBCL,2025-03-31,3.65,132.0,21.0,28.0
SBCL,2025-06-30,3.95,137.0,23.0,32.0
SBCL,2025-09-30,4.31,137.0,25.0,31.0
SBCL,2025-12-31,3.85,134.0,22.0,32.0
SBFC,2023-06-30,0.51,,47.0,
SBFC,2023-09-30,0.49,,53.0,
SBFC,2023-12-31,0.6,,64.0,
SBFC,2024-03-31,0.69,,74.0,
SBFC,2024-06-30,0.73,,79.0,
SBFC,2024-09-30,0.78,,84.0,
SBFC,2024-12-31,0.82,,88.0,
SBFC,2025-03-31,0.87,,94.0,
SBGLP,2022-12-31,1.04,38.0,18.0,20.0
SBGLP,2023-03-31,-0.06,11.0,-1.0,1.0
SBGLP,2023-06-30,0.43,16.0,7.0,8.0
SBGLP,2023-09-30,0.47,18.0,8.0,11.0
SBGLP,2023-12-31,0.38,16.0,7.0,9.0
SBGLP,2024-03-31,0.32,21.0,6.0,10.0
SBGLP,2024-06-30,0.24,9.0,4.0,5.0
SBGLP,2024-09-30,0.01,2.0,0.0,1.0
SBGLP,2024-12-31,0.01,3.0,0.0,0.0
SBGLP,2025-03-31,0.38,21.0,7.0,9.0
SBGLP,2025-06-30,0.31,16.0,5.0,7.0
SBGLP,2025-09-30,0.47,26.0,8.0,11.0
SBGLP,2025-12-31,0.64,42.0,11.0,15.0
SBIN,2022-12-31,17.34,,15888.0,
SBIN,2023-03-31,20.27,,18769.0,
SBIN,2023-06-30,20.77,,19094.0,
SBIN,2023-09-30,18.04,,16648.0,
SBIN,2023-12-31,12.4,,11598.0,
SBIN,2024-03-31,23.96,,22203.0,
SBIN,2024-06-30,21.65,,20094.0,
SBIN,2024-09-30,22.17,,20565.0,
SBIN,2024-12-31,21.12,,19484.0,
SBIN,2025-03-31,21.96,,20379.0,
SBIN,2025-06-30,23.76,,22121.0,
SBIN,2025-09-30,22.9,,21861.0,
SBIN,2025-12-31,23.09,,22176.0,
SCANSTL,2023-03-31,0.45,274.72,2.35,15.86
SCANSTL,2023-06-30,0.9,227.15,4.71,12.03
SCANSTL,2023-09-30,0.64,261.81,3.34,10.68
SCANSTL,2023-12-31,0.3,219.48,1.57,8.64
SCANSTL,2024-03-31,2.18,256.98,11.43,16.19
SCANSTL,2024-06-30,2.79,233.55,14.59,24.07
SCANSTL,2024-09-30,-0.16,139.95,-0.84,2.44
SCANSTL,2024-12-31,0.54,174.51,3.16,9.88
SCANSTL,2025-03-31,0.81,241.19,4.74,8.93
SCANSTL,2025-06-30,1.79,232.0,10.5,19.32
SCANSTL,2025-09-30,0.03,132.96,0.19,5.68
SCANSTL,2025-12-31,0.59,191.64,3.48,10.42
SCHAEFFLER,2023-03-31,14.03,1694.0,219.0,315.0
SCHAEFFLER,2023-06-30,15.18,1829.0,237.0,342.0
SCHAEFFLER,2023-09-30,14.89,1854.0,233.0,340.0
SCHAEFFLER,2023-12-31,13.41,1875.0,210.0,324.0
SCHAEFFLER,2024-03-31,14.06,1873.0,220.0,330.0
SCHAEFFLER,2024-06-30,15.7,2107.0,245.0,376.0
SCHAEFFLER,2024-09-30,15.13,2116.0,236.0,369.0
SCHAEFFLER,2024-12-31,15.18,2136.0,237.0,370.0
SCHAEFFLER,2025-03-31,16.1,2174.0,252.0,393.0
SCHAEFFLER,2025-06-30,18.37,2353.0,287.0,430.0
SCHAEFFLER,2025-09-30,18.51,2435.0,289.0,456.0
SCHAEFFLER,2025-12-31,20.62,2724.0,322.0,484.0
SCHAEFFLER,2026-03-31,20.22,2586.0,316.0,478.0
SCHAND,2022-12-31,-7.44,65.0,-30.0,-33.0
SCHAND,2023-03-31,29.29,391.0,102.0,147.0
SCHAND,2023-06-30,0.74,111.0,1.0,14.0
SCHAND,2023-09-30,-11.45,38.0,-42.0,-50.0
SCHAND,2023-12-31,-9.91,76.0,-36.0,-40.0
SCHAND,2024-03-31,36.69,437.0,128.0,186.0
SCHAND,2024-06-30,-0.58,111.0,-3.0,8.0
SCHAND,2024-09-30,-14.67,37.0,-53.0,-57.0
SCHAND,2024-12-31,-6.99,100.0,-26.0,-19.0
SCHAND,2025-03-31,40.26,471.0,142.0,203.0
SCHAND,2025-06-30,-3.77,103.0,-14.0,-9.0
SCHAND,2025-09-30,-14.96,49.0,-54.0,-60.0
SCHAND,2025-12-31,-7.89,99.0,-29.0,-32.0
SCI,2022-12-31,5.72,1496.0,267.0,469.0
SCI,2023-03-31,8.16,1418.0,380.0,465.0
SCI,2023-06-30,3.68,1200.0,172.0,363.0
SCI,2023-09-30,1.41,1093.0,66.0,236.0
SCI,2023-12-31,2.88,1341.0,134.0,417.0
SCI,2024-03-31,6.6,1413.0,307.0,407.0
SCI,2024-06-30,6.26,1514.0,291.0,510.0
SCI,2024-09-30,6.26,1451.0,291.0,533.0
SCI,2024-12-31,1.62,1316.0,76.0,357.0
SCI,2025-03-31,3.97,1325.0,185.0,365.0
SCI,2025-06-30,7.6,1316.0,354.0,489.0
SCI,2025-09-30,4.06,1339.0,189.0,406.0
SCI,2025-12-31,8.69,1612.0,405.0,678.0
SDBL,2022-12-31,0.54,148.51,10.52,16.98
SDBL,2023-03-31,0.82,252.57,15.87,28.1
SDBL,2023-06-30,1.74,385.02,33.67,48.53
SDBL,2023-09-30,0.77,247.72,14.85,27.2
SDBL,2023-12-31,0.93,266.34,17.99,31.83
SDBL,2024-03-31,0.97,381.6,19.99,41.9
SDBL,2024-06-30,2.08,513.08,40.55,64.17
SDBL,2024-09-30,0.96,289.73,18.7,33.97
SDBL,2024-12-31,0.97,301.12,21.52,36.31
SDBL,2025-03-31,1.1,338.97,23.73,41.76
SDBL,2025-06-30,2.02,528.38,42.06,70.35
SDBL,2025-09-30,0.92,269.59,19.5,40.09
SDBL,2025-12-31,0.22,250.55,5.49,19.44
SEAMECLTD,2022-12-31,-0.7,101.0,-2.0,20.0
SEAMECLTD,2023-03-31,-1.9,126.0,-5.0,27.0
SEAMECLTD,2023-06-30,10.07,212.0,26.0,48.0
SEAMECLTD,2023-09-30,-5.81,84.0,-14.0,16.0
SEAMECLTD,2023-12-31,22.09,213.0,56.0,91.0
SEAMECLTD,2024-03-31,20.72,236.0,53.0,87.0
SEAMECLTD,2024-06-30,19.61,215.0,50.0,73.0
SEAMECLTD,2024-09-30,0.04,88.0,0.0,15.0
SEAMECLTD,2024-12-31,-1.31,149.0,-3.0,44.0
SEAMECLTD,2025-03-31,16.9,200.0,41.0,81.0
SEAMECLTD,2025-06-30,29.8,211.0,76.0,97.0
SEAMECLTD,2025-09-30,-10.81,97.0,-26.0,8.0
SEAMECLTD,2025-12-31,39.18,317.0,100.0,136.0
SEIL,2023-06-30,0.19,8.44,3.13,3.7
SEIL,2023-09-30,0.09,4.52,1.44,1.02
SEIL,2023-12-31,0.01,3.19,0.17,-0.77
SEIL,2024-03-31,-0.07,2.9,-1.09,-2.41
SEIL,2024-06-30,0.19,9.83,3.09,3.94
SEIL,2024-09-30,0.16,9.77,2.5,1.46
SEIL,2024-12-31,0.12,20.55,1.95,2.24
SEIL,2025-03-31,-0.03,18.84,-0.47,-0.52
SEIL,2025-06-30,0.18,15.16,2.9,4.02
SEIL,2025-09-30,0.16,11.42,2.62,1.9
SEIL,2025-12-31,-0.04,5.83,-0.61,-0.53
SELMC,2021-03-31,791.38,32.0,2622.0,-89.0
SELMC,2021-06-30,-12.54,80.0,-42.0,-7.0
SELMC,2021-09-30,-11.24,107.0,-37.0,-6.0
SELMC,2021-12-31,-8.54,117.0,-28.0,3.0
SELMC,2022-03-31,-7.3,116.0,-24.0,3.0
SELMC,2022-06-30,-15.35,118.0,-51.0,-20.0
SELMC,2022-09-30,-8.4,66.0,-28.0,-17.0
SELMC,2022-12-31,-13.64,143.0,-45.0,-11.0
SELMC,2023-03-31,-18.72,228.0,-62.0,-23.0
SELMC,2023-06-30,-18.68,238.0,-62.0,-24.0
SELMC,2023-09-30,-18.58,96.0,-62.0,-21.0
SELMC,2023-12-31,-8.43,12.0,-28.0,-6.0
SELMC,2024-03-31,-12.53,28.0,-42.0,-4.0
SEMAC,2022-12-31,2.39,103.04,0.9,7.1
SEMAC,2023-03-31,14.39,77.66,4.75,5.69
SEMAC,2023-06-30,5.42,52.11,1.96,0.11
SEMAC,2023-09-30,-11.29,22.87,-3.31,-2.7
SEMAC,2023-12-31,-46.74,27.51,-14.49,-20.25
SEMAC,2024-03-31,-51.68,24.99,-16.04,-11.87
SEMAC,2024-06-30,-7.96,20.98,-2.36,-1.55
SEMAC,2024-09-30,-9.85,32.52,-2.97,-0.67
SEMAC,2024-12-31,-4.3,46.05,-1.24,-1.16
SEMAC,2025-03-31,3.08,73.3,0.74,-0.95
SEMAC,2025-06-30,3.37,51.58,1.08,1.21
SEMAC,2025-09-30,-0.03,57.3,0.09,1.14
SEMAC,2025-12-31,4.49,58.96,1.57,1.52
SENCO,2022-12-31,9.25,1340.0,103.0,163.0
SENCO,2023-03-31,2.33,814.0,26.0,67.0
SENCO,2023-06-30,2.0,1305.0,28.0,67.0
SENCO,2023-09-30,0.77,1147.0,12.0,39.0
SENCO,2023-12-31,7.03,1652.0,109.0,181.0
SENCO,2024-03-31,2.07,1137.0,32.0,88.0
SENCO,2024-06-30,3.3,1404.0,51.0,109.0
SENCO,2024-09-30,0.78,1500.0,12.0,52.0
SENCO,2024-12-31,2.05,2046.0,33.0,80.0
SENCO,2025-03-31,3.81,1378.0,62.0,127.0
SENCO,2025-06-30,6.39,1826.0,105.0,184.0
SENCO,2025-09-30,2.98,1536.0,49.0,107.0
SENCO,2025-12-31,16.13,3071.0,264.0,405.0
SENORES,2023-12-31,2.37,79.0,7.0,15.0
SENORES,2024-03-31,5.23,102.0,14.0,22.0
SENORES,2024-06-30,3.23,80.0,11.0,21.0
SENORES,2024-09-30,3.86,101.0,13.0,23.0
SENORES,2024-12-31,3.73,103.0,16.0,26.0
SENORES,2025-03-31,3.87,114.0,18.0,19.0
SENORES,2025-06-30,4.28,138.0,21.0,34.0
SENORES,2025-09-30,7.03,162.0,30.0,50.0
SENORES,2025-12-31,6.87,175.0,34.0,54.0
SEPC,2022-12-31,0.02,122.0,4.0,14.0
SEPC,2023-03-31,-0.11,142.0,-20.0,13.0
SEPC,2023-06-30,0.03,143.0,5.0,13.0
SEPC,2023-09-30,0.03,129.0,6.0,8.0
SEPC,2023-12-31,0.03,141.0,6.0,-2.0
SEPC,2024-03-31,0.03,148.0,7.0,7.0
SEPC,2024-06-30,0.04,176.0,8.0,24.0
SEPC,2024-09-30,0.01,171.0,2.0,8.0
SEPC,2024-12-31,0.02,133.0,4.0,3.0
SEPC,2025-03-31,0.05,118.0,10.0,15.0
SEPC,2025-06-30,0.09,202.0,17.0,28.0
SEPC,2025-09-30,0.04,237.0,8.0,11.0
SEPC,2025-12-31,0.08,341.0,15.0,29.0
SERVOTECH,2023-03-31,0.28,115.0,6.0,4.0
SERVOTECH,2023-06-30,0.19,80.0,4.0,7.0
SERVOTECH,2023-09-30,0.15,86.0,3.0,5.0
SERVOTECH,2023-12-31,0.05,52.0,1.0,3.0
SERVOTECH,2024-03-31,0.16,136.0,3.0,6.0
SERVOTECH,2024-06-30,0.2,112.0,4.0,8.0
SERVOTECH,2024-09-30,0.51,200.0,11.0,19.0
SERVOTECH,2024-12-31,0.41,216.0,9.0,16.0
SERVOTECH,2025-03-31,0.35,146.0,8.0,12.0
SERVOTECH,2025-06-30,0.23,137.0,5.0,10.0
SERVOTECH,2025-09-30,0.06,106.0,0.0,6.0
SERVOTECH,2025-12-31,0.65,211.0,16.0,28.0
SERVOTECH,2026-03-31,0.54,217.0,11.0,23.0
SESHAPAPER,2022-12-31,17.69,556.0,112.0,150.0
SESHAPAPER,2023-03-31,18.66,573.0,118.0,157.0
SESHAPAPER,2023-06-30,11.38,427.0,72.0,95.0
SESHAPAPER,2023-09-30,11.61,362.0,73.0,89.0
SESHAPAPER,2023-12-31,10.94,473.0,69.0,88.0
SESHAPAPER,2024-03-31,9.01,539.0,57.0,68.0
SESHAPAPER,2024-06-30,5.87,422.0,37.0,48.0
SESHAPAPER,2024-09-30,4.51,398.0,28.0,31.0
SESHAPAPER,2024-12-31,2.64,431.0,17.0,8.0
SESHAPAPER,2025-03-31,4.29,502.0,27.0,25.0
SESHAPAPER,2025-06-30,2.45,385.0,15.0,20.0
SESHAPAPER,2025-09-30,3.55,346.0,22.0,26.0
SESHAPAPER,2025-12-31,2.96,387.0,19.0,25.0
SETL,2023-12-31,6.65,138.0,12.0,23.0
SETL,2024-03-31,12.78,201.0,24.0,32.0
SETL,2024-06-30,0.81,142.0,15.0,24.0
SETL,2024-09-30,1.07,165.0,21.0,34.0
SETL,2024-12-31,0.81,140.0,16.0,26.0
SETL,2025-03-31,0.76,166.0,16.0,24.0
SETL,2025-06-30,1.05,173.0,21.0,30.0
SETL,2025-09-30,1.01,183.0,20.0,29.0
SETL,2025-12-31,0.96,192.0,20.0,29.0
SFL,2022-12-31,6.2,761.0,61.0,76.0
SFL,2023-03-31,4.43,729.0,44.0,78.0
SFL,2023-06-30,4.41,645.0,43.0,78.0
SFL,2023-09-30,4.04,613.0,44.0,66.0
SFL,2023-12-31,2.83,879.0,31.0,76.0
SFL,2024-03-31,5.94,845.0,65.0,81.0
SFL,2024-06-30,4.23,810.0,47.0,60.0
SFL,2024-09-30,1.83,813.0,20.0,70.0
SFL,2024-12-31,1.54,967.0,17.0,88.0
SFL,2025-03-31,1.98,850.0,22.0,33.0
SFL,2025-06-30,0.6,821.0,7.0,75.0
SFL,2025-09-30,0.89,875.0,10.0,87.0
SFL,2025-12-31,4.8,1074.0,53.0,114.0
SGL,2006-06-30,1.39,60.46,3.38,8.67
SGL,2006-09-30,1.33,65.72,3.23,8.9
SGL,2006-12-31,1.33,75.78,3.22,9.82
SGL,2007-03-31,0.3,69.01,0.73,8.45
SGMART,2019-09-30,0.11,0.0,0.0,0.0
SGMART,2019-12-31,0.04,0.0,0.0,0.0
SGMART,2023-06-30,0.64,151.0,1.0,2.0
SGMART,2023-09-30,1.12,506.0,9.0,11.0
SGMART,2023-12-31,1.53,748.0,17.0,17.0
SGMART,2024-03-31,3.01,1278.0,34.0,32.0
SGMART,2024-06-30,2.36,1134.0,26.0,25.0
SGMART,2024-09-30,1.42,1793.0,16.0,15.0
SGMART,2024-12-31,2.5,1335.0,28.0,22.0
SGMART,2025-03-31,2.95,1595.0,33.0,37.0
SGMART,2025-06-30,2.56,1144.0,32.0,36.0
SGMART,2025-09-30,2.11,1704.0,27.0,28.0
SGMART,2025-12-31,0.85,1644.0,11.0,17.0
SHADOWFAX,2024-12-31,268.61,701.0,6.0,21.0
SHADOWFAX,2025-09-30,0.86,982.0,13.0,39.0
SHADOWFAX,2025-12-31,0.7,1160.0,35.0,66.0
SHAH,2022-12-31,0.07,15.4,2.21,1.42
SHAH,2023-03-31,-0.19,20.68,-6.25,-6.63
SHAH,2023-06-30,0.04,16.24,1.25,-0.78
SHAH,2023-09-30,0.02,21.33,0.76,0.59
SHAH,2023-12-31,0.02,12.91,0.77,1.47
SHAH,2024-03-31,0.04,46.28,1.48,2.18
SHAH,2024-06-30,0.56,46.29,23.34,3.45
SHAH,2024-09-30,0.04,48.54,2.47,2.74
SHAH,2024-12-31,0.05,39.86,3.0,2.31
SHAH,2025-03-31,0.06,41.46,3.81,2.64
SHAH,2025-06-30,0.04,28.9,2.49,3.16
SHAH,2025-09-30,0.01,66.77,0.8,1.66
SHAH,2025-12-31,0.01,50.04,0.72,1.09
SHAHALLOYS,2022-12-31,0.16,154.0,0.0,3.0
SHAHALLOYS,2023-03-31,-3.22,154.0,-6.0,-5.0
SHAHALLOYS,2023-06-30,0.35,160.0,1.0,4.0
SHAHALLOYS,2023-09-30,0.18,181.0,0.0,4.0
SHAHALLOYS,2023-12-31,-12.18,145.0,-24.0,-7.0
SHAHALLOYS,2024-03-31,2.23,128.0,4.0,3.0
SHAHALLOYS,2024-06-30,-3.38,119.0,-7.0,-6.0
SHAHALLOYS,2024-09-30,-3.22,66.0,-6.0,-5.0
SHAHALLOYS,2024-12-31,-1.09,52.0,-2.0,1.0
SHAHALLOYS,2025-03-31,-2.27,30.0,-4.0,0.0
SHAHALLOYS,2025-06-30,-2.91,24.0,-6.0,0.0
SHAHALLOYS,2025-09-30,6.94,3.0,14.0,-1.0
SHAHALLOYS,2025-12-31,19.43,11.0,38.0,8.0
SHAILY,2022-12-31,1.24,136.0,6.0,19.0
SHAILY,2023-03-31,2.16,134.0,10.0,25.0
SHAILY,2023-06-30,2.75,157.0,13.0,27.0
SHAILY,2023-09-30,2.36,158.0,11.0,24.0
SHAILY,2023-12-31,3.17,158.0,15.0,32.0
SHAILY,2024-03-31,4.22,171.0,19.0,35.0
SHAILY,2024-06-30,3.8,179.0,17.0,35.0
SHAILY,2024-09-30,4.78,192.0,22.0,40.0
SHAILY,2024-12-31,5.48,198.0,25.0,46.0
SHAILY,2025-03-31,6.22,218.0,29.0,54.0
SHAILY,2025-06-30,8.95,247.0,41.0,68.0
SHAILY,2025-09-30,11.15,257.0,51.0,79.0
SHAILY,2025-12-31,8.13,250.0,37.0,66.0
SHAKTIPUMP,2022-12-31,1.02,314.0,11.0,22.0
SHAKTIPUMP,2023-03-31,0.2,183.0,2.0,11.0
SHAKTIPUMP,2023-06-30,0.09,113.0,1.0,8.0
SHAKTIPUMP,2023-09-30,0.53,153.0,6.0,15.0
SHAKTIPUMP,2023-12-31,4.1,496.0,45.0,71.0
SHAKTIPUMP,2024-03-31,7.46,609.0,90.0,131.0
SHAKTIPUMP,2024-06-30,7.71,568.0,93.0,136.0
SHAKTIPUMP,2024-09-30,8.44,635.0,101.0,149.0
SHAKTIPUMP,2024-12-31,8.66,649.0,104.0,154.0
SHAKTIPUMP,2025-03-31,9.17,665.0,110.0,164.0
SHAKTIPUMP,2025-06-30,8.06,622.0,97.0,144.0
SHAKTIPUMP,2025-09-30,7.35,666.0,91.0,136.0
SHAKTIPUMP,2025-12-31,2.57,551.0,32.0,59.0
SHALBY,2022-12-31,1.42,202.46,15.28,33.81
SHALBY,2023-03-31,1.29,198.98,13.9,25.66
SHALBY,2023-06-30,1.93,235.49,20.82,43.13
SHALBY,2023-09-30,2.55,237.98,27.57,52.72
SHALBY,2023-12-31,1.77,216.05,19.06,42.32
SHALBY,2024-03-31,1.54,244.23,16.04,38.86
SHALBY,2024-06-30,1.45,278.89,14.74,45.21
SHALBY,2024-09-30,0.31,267.54,2.36,32.65
SHALBY,2024-12-31,-0.17,275.63,-2.99,33.91
SHALBY,2025-03-31,-1.02,264.89,-12.19,20.84
SHALBY,2025-06-30,0.83,296.43,7.68,41.53
SHALBY,2025-09-30,0.78,285.43,7.28,41.61
SHALBY,2025-12-31,0.16,272.13,1.28,30.25
SHALPAINTS,2022-12-31,-0.86,129.0,-6.0,-1.0
SHALPAINTS,2023-03-31,-1.33,135.0,-10.0,-6.0
SHALPAINTS,2023-06-30,-1.42,126.0,-10.0,-5.0
SHALPAINTS,2023-09-30,-3.55,119.0,-26.0,-20.0
SHALPAINTS,2023-12-31,-1.38,146.0,-12.0,-7.0
SHALPAINTS,2024-03-31,-3.16,144.0,-26.0,-22.0
SHALPAINTS,2024-06-30,-3.23,128.0,-27.0,-21.0
SHALPAINTS,2024-09-30,-2.34,145.0,-20.0,-13.0
SHALPAINTS,2024-12-31,-2.93,148.0,-25.0,-16.0
SHALPAINTS,2025-03-31,-1.14,178.0,-10.0,-7.0
SHALPAINTS,2025-06-30,-2.0,155.0,-17.0,-8.0
SHALPAINTS,2025-09-30,-1.69,134.0,-14.0,-6.0
SHALPAINTS,2025-12-31,-3.18,131.0,-27.0,-11.0
SHANTI,2022-12-31,-4.6,8.32,-5.11,-4.25
SHANTI,2023-03-31,-6.17,5.07,-6.85,-11.33
SHANTI,2023-06-30,-0.38,7.25,-0.42,-0.4
SHANTI,2023-09-30,-0.53,0.0,-0.59,-0.45
SHANTI,2023-12-31,-0.39,2.13,-0.43,-1.04
SHANTI,2024-03-31,-0.08,1.28,-0.09,-0.56
SHANTI,2024-06-30,-0.44,2.49,-0.49,-0.83
SHANTI,2024-09-30,-0.36,2.04,-0.4,-1.16
SHANTI,2024-12-31,-2.15,17.84,-2.39,-2.86
SHANTI,2025-03-31,0.25,1.47,0.28,0.19
SHANTI,2025-06-30,0.15,3.51,0.17,0.28
SHANTI,2025-09-30,-0.11,2.64,-0.12,-2.19
SHANTI,2025-12-31,1.46,1.03,1.62,-2.23
SHARDACROP,2022-12-31,12.01,1017.0,108.0,207.0
SHARDACROP,2023-03-31,22.04,1482.0,199.0,318.0
SHARDACROP,2023-06-30,-9.82,638.0,-89.0,-59.0
SHARDACROP,2023-09-30,-3.06,581.0,-28.0,21.0
SHARDACROP,2023-12-31,0.51,632.0,5.0,69.0
SHARDACROP,2024-03-31,15.9,1312.0,143.0,255.0
SHARDACROP,2024-06-30,3.02,785.0,27.0,77.0
SHARDACROP,2024-09-30,4.7,777.0,42.0,90.0
SHARDACROP,2024-12-31,3.45,929.0,31.0,115.0
SHARDACROP,2025-03-31,22.56,1829.0,204.0,303.0
SHARDACROP,2025-06-30,15.83,985.0,143.0,215.0
SHARDACROP,2025-09-30,8.24,929.0,74.0,133.0
SHARDACROP,2025-12-31,16.09,1289.0,145.0,241.0
SHARDAMOTR,2022-12-31,7.79,686.0,46.0,64.0
SHARDAMOTR,2023-03-31,10.43,688.0,62.0,81.0
SHARDAMOTR,2023-06-30,9.28,654.0,55.0,68.0
SHARDAMOTR,2023-09-30,13.46,763.0,80.0,99.0
SHARDAMOTR,2023-12-31,12.77,689.0,76.0,94.0
SHARDAMOTR,2024-03-31,14.84,703.0,88.0,99.0
SHARDAMOTR,2024-06-30,13.39,685.0,77.0,96.0
SHARDAMOTR,2024-09-30,13.71,711.0,79.0,105.0
SHARDAMOTR,2024-12-31,13.14,690.0,75.0,95.0
SHARDAMOTR,2025-03-31,14.62,750.0,84.0,101.0
SHARDAMOTR,2025-06-30,17.41,756.0,100.0,98.0
SHARDAMOTR,2025-09-30,13.01,787.0,75.0,100.0
SHARDAMOTR,2025-12-31,14.17,882.0,81.0,106.0
SHARDUL,2022-12-31,0.43,5.0,4.0,4.0
SHARDUL,2023-03-31,-0.54,-4.0,-5.0,-6.0
SHARDUL,2023-06-30,2.63,30.0,23.0,29.0
SHARDUL,2023-09-30,2.03,30.0,18.0,27.0
SHARDUL,2023-12-31,4.68,59.0,41.0,57.0
SHARDUL,2024-03-31,1.84,54.0,16.0,49.0
SHARDUL,2024-06-30,13.01,140.0,114.0,137.0
SHARDUL,2024-09-30,3.29,40.0,29.0,36.0
SHARDUL,2024-12-31,-4.56,-33.0,-40.0,-38.0
SHARDUL,2025-03-31,-7.97,-85.0,-70.0,-89.0
SHARDUL,2025-06-30,8.04,94.0,70.0,89.0
SHARDUL,2025-09-30,-4.4,-39.0,-38.0,-44.0
SHARDUL,2025-12-31,-1.97,-13.0,-17.0,-17.0
SHAREINDIA,2022-12-31,5.66,277.0,93.0,141.0
SHAREINDIA,2023-03-31,6.53,341.0,107.0,154.0
SHAREINDIA,2023-06-30,5.03,277.0,82.0,125.0
SHAREINDIA,2023-09-30,6.9,366.0,113.0,176.0
SHAREINDIA,2023-12-31,7.01,374.0,115.0,183.0
SHAREINDIA,2024-03-31,6.04,465.0,116.0,174.0
SHAREINDIA,2024-06-30,5.08,414.0,103.0,147.0
SHAREINDIA,2024-09-30,5.69,453.0,124.0,186.0
SHAREINDIA,2024-12-31,3.76,342.0,82.0,131.0
SHAREINDIA,2025-03-31,0.86,239.0,19.0,52.0
SHAREINDIA,2025-06-30,3.85,341.0,84.0,138.0
SHAREINDIA,2025-09-30,4.25,341.0,93.0,159.0
SHAREINDIA,2025-12-31,4.05,372.0,89.0,156.0
SHBAJRG,2022-12-31,-4.62,46.16,-4.16,1.46
SHBAJRG,2023-03-31,15.36,361.21,13.82,2.63
SHBAJRG,2023-06-30,13.42,151.03,12.08,4.68
SHBAJRG,2023-09-30,8.18,68.17,7.36,-0.03
SHBAJRG,2023-12-31,8.18,124.19,7.36,-2.2
SHBAJRG,2024-03-31,16.32,226.54,14.69,2.08
SHBAJRG,2024-06-30,7.73,130.49,6.96,0.66
SHBAJRG,2024-09-30,8.34,80.21,7.51,1.02
SHBAJRG,2024-12-31,7.57,107.23,6.81,0.89
SHBAJRG,2025-03-31,12.59,80.43,11.33,1.55
SHBAJRG,2025-06-30,9.53,89.34,8.58,2.49
SHBAJRG,2025-09-30,11.23,87.4,10.11,3.11
SHBAJRG,2025-12-31,6.86,46.96,6.17,-2.5
SHEMAROO,2022-12-31,0.32,150.0,1.0,9.0
SHEMAROO,2023-03-31,1.78,164.0,5.0,17.0
SHEMAROO,2023-06-30,-0.49,154.0,-1.0,8.0
SHEMAROO,2023-09-30,1.8,199.0,5.0,17.0
SHEMAROO,2023-12-31,-11.01,156.0,-30.0,-18.0
SHEMAROO,2024-03-31,-5.24,199.0,-14.0,-8.0
SHEMAROO,2024-06-30,-6.33,154.0,-17.0,-13.0
SHEMAROO,2024-09-30,-9.61,162.0,-26.0,-26.0
SHEMAROO,2024-12-31,-13.32,164.0,-37.0,-42.0
SHEMAROO,2025-03-31,-1.87,204.0,-5.0,2.0
SHEMAROO,2025-06-30,-16.77,140.0,-46.0,-55.0
SHEMAROO,2025-09-30,-16.57,143.0,-46.0,-55.0
SHEMAROO,2025-12-31,-20.29,161.0,-55.0,-67.0
SHILPAMED,2022-12-31,-0.38,262.0,-7.0,31.0
SHILPAMED,2023-03-31,-0.46,264.0,-8.0,37.0
SHILPAMED,2023-06-30,0.07,260.0,1.0,46.0
SHILPAMED,2023-09-30,0.09,313.0,2.0,58.0
SHILPAMED,2023-12-31,0.26,287.0,5.0,65.0
SHILPAMED,2024-03-31,1.41,292.0,24.0,70.0
SHILPAMED,2024-06-30,0.72,293.0,14.0,70.0
SHILPAMED,2024-09-30,0.92,344.0,18.0,86.0
SHILPAMED,2024-12-31,1.62,319.0,32.0,81.0
SHILPAMED,2025-03-31,0.74,331.0,15.0,77.0
SHILPAMED,2025-06-30,2.4,321.0,47.0,91.0
SHILPAMED,2025-09-30,2.25,370.0,44.0,108.0
SHILPAMED,2025-12-31,2.28,410.0,45.0,114.0
SHINDL,2022-12-31,0.46,85.32,1.81,4.46
SHINDL,2023-03-31,0.07,62.6,0.28,3.66
SHINDL,2023-06-30,0.46,79.9,1.8,5.78
SHINDL,2023-09-30,0.71,96.84,2.81,7.2
SHINDL,2023-12-31,0.23,60.75,0.91,4.7
SHINDL,2024-03-31,0.09,64.67,0.36,3.53
SHINDL,2024-06-30,0.77,89.85,3.06,7.38
SHINDL,2024-09-30,0.94,100.34,3.73,9.21
SHINDL,2024-12-31,0.67,96.44,2.64,7.8
SHINDL,2025-03-31,0.14,93.91,0.53,4.17
SHINDL,2025-06-30,1.38,115.2,5.37,11.24
SHINDL,2025-09-30,1.46,149.73,5.74,11.94
SHINDL,2025-12-31,1.21,142.54,4.74,9.51
SHIVALIK,2022-12-31,3.27,57.36,6.65,9.98
SHIVALIK,2023-03-31,2.28,62.93,7.08,10.12
SHIVALIK,2023-06-30,2.8,64.47,6.48,11.37
SHIVALIK,2023-09-30,1.21,67.05,2.65,9.66
SHIVALIK,2023-12-31,1.97,70.23,4.34,8.86
SHIVALIK,2024-03-31,2.21,71.23,4.6,9.29
SHIVALIK,2024-06-30,2.26,74.63,3.86,9.38
SHIVALIK,2024-09-30,2.58,82.44,4.43,11.76
SHIVALIK,2024-12-31,3.39,85.31,6.94,13.32
SHIVALIK,2025-03-31,2.62,69.39,5.19,5.76
SHIVALIK,2025-06-30,1.02,89.31,2.82,10.98
SHIVALIK,2025-09-30,1.94,93.84,4.31,12.04
SHIVALIK,2025-12-31,1.71,82.04,3.67,10.32
SHIVATEX,2022-12-31,-7.24,94.78,-9.38,-1.69
SHIVATEX,2023-03-31,4.85,97.44,6.29,-0.07
SHIVATEX,2023-06-30,-4.55,90.16,-5.9,-0.25
SHIVATEX,2023-09-30,-2.0,98.73,-2.59,5.6
SHIVATEX,2023-12-31,-5.72,76.14,-7.41,2.5
SHIVATEX,2024-03-31,3.96,70.25,5.13,-0.31
SHIVATEX,2024-06-30,1.05,60.68,1.36,7.75
SHIVATEX,2024-09-30,2.14,95.19,2.77,9.86
SHIVATEX,2024-12-31,1.37,75.26,1.77,7.27
SHIVATEX,2025-03-31,4.76,91.58,6.17,8.97
SHIVATEX,2025-06-30,1.9,76.18,2.46,9.01
SHIVATEX,2025-09-30,4.49,105.05,5.82,13.36
SHIVATEX,2025-12-31,1.26,76.42,1.63,9.23
SHK,2022-12-31,0.94,385.0,13.0,43.0
SHK,2023-03-31,0.17,472.0,1.0,67.0
SHK,2023-06-30,1.96,423.0,28.0,68.0
SHK,2023-09-30,2.12,455.0,30.0,72.0
SHK,2023-12-31,2.33,472.0,32.0,76.0
SHK,2024-03-31,2.45,513.0,33.0,90.0
SHK,2024-06-30,-6.25,470.0,-87.0,78.0
SHK,2024-09-30,2.87,542.0,40.0,80.0
SHK,2024-12-31,1.27,543.0,18.0,64.0
SHK,2025-03-31,7.41,567.0,103.0,73.0
SHK,2025-06-30,1.85,581.0,26.0,73.0
SHK,2025-09-30,0.66,554.0,9.0,52.0
SHK,2025-12-31,2.36,584.0,33.0,55.0
SHOPERSTOP,2022-12-31,5.72,1137.0,63.0,213.0
SHOPERSTOP,2023-03-31,1.3,924.0,14.0,155.0
SHOPERSTOP,2023-06-30,1.32,994.0,14.0,172.0
SHOPERSTOP,2023-09-30,0.25,1039.0,3.0,161.0
SHOPERSTOP,2023-12-31,3.35,1238.0,37.0,217.0
SHOPERSTOP,2024-03-31,2.11,1046.0,23.0,167.0
SHOPERSTOP,2024-06-30,-2.07,1069.0,-23.0,143.0
SHOPERSTOP,2024-09-30,-1.87,1115.0,-21.0,150.0
SHOPERSTOP,2024-12-31,4.75,1379.0,52.0,246.0
SHOPERSTOP,2025-03-31,0.18,1064.0,2.0,170.0
SHOPERSTOP,2025-06-30,-1.43,1161.0,-16.0,172.0
SHOPERSTOP,2025-09-30,-1.83,1257.0,-20.0,170.0
SHOPERSTOP,2025-12-31,1.46,1416.0,16.0,218.0
SHRADHA,2022-12-31,1.29,44.76,10.41,8.92
SHRADHA,2023-03-31,0.39,45.14,3.26,3.82
SHRADHA,2023-06-30,0.31,21.52,2.5,2.94
SHRADHA,2023-09-30,0.42,30.83,3.55,4.59
SHRADHA,2023-12-31,0.56,27.78,4.82,5.06
SHRADHA,2024-03-31,1.01,30.32,9.14,9.16
SHRADHA,2024-06-30,0.62,29.05,5.32,7.15
SHRADHA,2024-09-30,0.48,12.35,4.44,1.1
SHRADHA,2024-12-31,0.51,22.58,4.85,7.48
SHRADHA,2025-03-31,0.68,42.61,7.5,12.79
SHRADHA,2025-06-30,0.47,26.18,5.19,6.75
SHRADHA,2025-09-30,0.79,18.89,7.26,4.39
SHRADHA,2025-12-31,0.66,28.34,4.91,3.49
SHREDIGCEM,2023-03-31,1.68,195.2,24.43,38.14
SHREDIGCEM,2023-06-30,1.19,192.95,17.25,30.69
SHREDIGCEM,2023-09-30,0.5,183.49,7.4,17.93
SHREDIGCEM,2023-12-31,2.14,191.3,31.4,49.05
SHREDIGCEM,2024-03-31,2.15,224.36,31.73,47.98
SHREDIGCEM,2024-06-30,0.76,176.83,11.27,21.56
SHREDIGCEM,2024-09-30,0.03,145.18,0.39,8.1
SHREDIGCEM,2024-12-31,-0.33,186.76,-4.84,-0.16
SHREDIGCEM,2025-03-31,1.24,216.42,18.36,27.69
SHREDIGCEM,2025-06-30,0.93,195.95,13.79,23.78
SHREDIGCEM,2025-09-30,0.69,161.35,10.22,19.42
SHREDIGCEM,2025-12-31,-0.47,183.34,-6.98,2.44
SHREDIGCEM,2026-03-31,0.54,208.47,7.94,24.89
SHREECEM,2022-12-31,78.18,4299.0,282.0,727.0
SHREECEM,2023-03-31,145.72,5100.0,525.0,889.0
SHREECEM,2023-06-30,158.62,5036.0,572.0,945.0
SHREECEM,2023-09-30,123.79,4774.0,447.0,886.0
SHREECEM,2023-12-31,194.53,5193.0,702.0,1264.0
SHREECEM,2024-03-31,187.05,5401.0,676.0,1422.0
SHREECEM,2024-06-30,77.22,5124.0,278.0,927.0
SHREECEM,2024-09-30,21.19,4054.0,77.0,613.0
SHREECEM,2024-12-31,53.6,4573.0,194.0,965.0
SHREECEM,2025-03-31,159.18,5532.0,575.0,1429.0
SHREECEM,2025-06-30,178.12,5281.0,644.0,1333.0
SHREECEM,2025-09-30,85.51,4761.0,310.0,974.0
SHREECEM,2025-12-31,73.92,4801.0,268.0,947.0
SHREEJISPG,2024-06-30,2486.0,130.0,25.0,38.0
SHREEJISPG,2024-09-30,3.83,146.0,56.0,49.0
SHREEJISPG,2024-12-31,0.94,152.0,14.0,27.0
SHREEJISPG,2025-03-31,3.36,156.0,49.0,75.0
SHREEJISPG,2025-06-30,2.54,161.0,37.0,60.0
SHREEJISPG,2025-09-30,2.62,162.0,43.0,53.0
SHREEJISPG,2025-12-31,1.99,198.0,32.0,56.0
SHREEPUSHK,2022-12-31,1.62,154.0,5.0,13.0
SHREEPUSHK,2023-03-31,4.05,180.0,13.0,20.0
SHREEPUSHK,2023-06-30,2.49,176.0,8.0,14.0
SHREEPUSHK,2023-09-30,2.67,185.0,8.0,14.0
SHREEPUSHK,2023-12-31,2.41,175.0,8.0,14.0
SHREEPUSHK,2024-03-31,4.14,191.0,13.0,19.0
SHREEPUSHK,2024-06-30,4.06,194.0,13.0,18.0
SHREEPUSHK,2024-09-30,4.12,176.0,13.0,19.0
SHREEPUSHK,2024-12-31,4.92,217.0,16.0,22.0
SHREEPUSHK,2025-03-31,5.11,219.0,17.0,25.0
SHREEPUSHK,2025-06-30,6.48,255.0,21.0,29.0
SHREEPUSHK,2025-09-30,5.63,255.0,18.0,26.0
SHREEPUSHK,2025-12-31,5.59,249.0,18.0,22.0
SHRIKRISH,2022-12-31,0.26,6.74,0.73,1.6
SHRIKRISH,2023-03-31,1.72,17.9,4.82,7.15
SHRIKRISH,2023-06-30,0.5,6.52,1.39,2.45
SHRIKRISH,2023-09-30,0.73,8.37,2.04,3.65
SHRIKRISH,2023-12-31,-0.11,3.85,-0.3,0.36
SHRIKRISH,2024-03-31,0.47,6.7,1.32,2.95
SHRIKRISH,2024-06-30,0.46,6.67,1.3,2.48
SHRIKRISH,2024-09-30,0.05,3.98,0.15,0.92
SHRIKRISH,2024-12-31,0.35,5.89,0.99,2.03
SHRIKRISH,2025-03-31,0.89,10.36,2.49,3.56
SHRIKRISH,2025-06-30,0.51,4.84,1.42,2.47
SHRIKRISH,2025-09-30,0.24,4.31,0.68,1.52
SHRIKRISH,2025-12-31,0.47,6.08,1.31,2.39
SHRIPISTON,2022-12-31,17.01,636.0,75.0,117.0
SHRIPISTON,2023-03-31,20.67,701.0,91.0,135.0
SHRIPISTON,2023-06-30,23.17,716.0,101.0,146.0
SHRIPISTON,2023-09-30,25.8,752.0,113.0,158.0
SHRIPISTON,2023-12-31,24.37,766.0,108.0,161.0
SHRIPISTON,2024-03-31,27.15,856.0,116.0,177.0
SHRIPISTON,2024-06-30,26.22,837.0,117.0,165.0
SHRIPISTON,2024-09-30,28.33,876.0,126.0,178.0
SHRIPISTON,2024-12-31,27.2,848.0,121.0,170.0
SHRIPISTON,2025-03-31,33.26,988.0,152.0,210.0
SHRIPISTON,2025-06-30,30.35,963.0,135.0,195.0
SHRIPISTON,2025-09-30,31.76,1016.0,142.0,207.0
SHRIPISTON,2025-12-31,27.92,1023.0,126.0,206.0
SHRIRAMFIN,2023-03-31,6.86,,1288.0,
SHRIRAMFIN,2023-06-30,9.1,,1712.0,
SHRIRAMFIN,2023-09-30,9.52,,1792.0,
SHRIRAMFIN,2023-12-31,9.94,,1874.0,
SHRIRAMFIN,2024-03-31,10.69,,2021.0,
SHRIRAMFIN,2024-06-30,10.76,,2031.0,
SHRIRAMFIN,2024-09-30,11.39,,2153.0,
SHRIRAMFIN,2024-12-31,17.27,,3249.0,
SHRIRAMFIN,2025-03-31,11.4,,2144.0,
SHRIRAMFIN,2025-06-30,11.48,,2159.0,
SHRIRAMFIN,2025-09-30,12.3,,2314.0,
SHRIRAMFIN,2025-12-31,13.45,,2530.0,
SHRIRAMFIN,2026-03-31,16.06,,3021.0,
SHRIRAMPPS,2022-12-31,1.32,175.83,22.36,0.79
SHRIRAMPPS,2023-03-31,0.9,117.85,15.82,-7.86
SHRIRAMPPS,2023-06-30,0.98,135.0,16.62,31.16
SHRIRAMPPS,2023-09-30,1.19,206.08,20.16,29.17
SHRIRAMPPS,2023-12-31,1.09,221.21,18.48,19.27
SHRIRAMPPS,2024-03-31,1.19,302.24,20.16,-10.17
SHRIRAMPPS,2024-06-30,1.02,153.96,17.46,-3.37
SHRIRAMPPS,2024-09-30,-0.06,140.56,-0.79,-1.28
SHRIRAMPPS,2024-12-31,0.76,121.19,12.97,-15.25
SHRIRAMPPS,2025-03-31,2.8,407.73,47.66,48.81
SHRIRAMPPS,2025-06-30,1.21,242.32,20.59,22.37
SHRIRAMPPS,2025-09-30,0.5,205.31,8.57,-5.04
SHRIRAMPPS,2025-12-31,-0.4,178.9,-6.88,-16.99
SHYAMCENT,2017-12-31,0.16,29.55,3.54,2.9
SHYAMCENT,2018-03-31,0.31,40.87,6.95,9.79
SHYAMCENT,2018-06-30,0.31,38.04,6.82,9.36
SHYAMCENT,2018-09-30,0.14,28.19,3.15,1.8
SHYAMCENT,2018-12-31,0.25,38.67,5.55,6.45
SHYAMCENT,2019-03-31,0.05,28.43,1.14,0.11
SHYAMCENT,2019-06-30,-0.08,13.18,-1.78,-2.25
SHYAMCENT,2019-09-30,-0.05,24.75,-1.06,-2.28
SHYAMCENT,2019-12-31,-0.03,15.88,-0.66,-0.68
SHYAMCENT,2020-03-31,0.23,33.45,5.21,5.9
SHYAMCENT,2020-06-30,0.15,17.6,3.29,3.26
SHYAMCENT,2020-09-30,0.12,34.66,2.59,2.31
SHYAMCENT,2020-12-31,0.16,35.63,3.61,2.73
SHYAMMETL,2022-12-31,2.64,2922.0,65.0,222.0
SHYAMMETL,2023-03-31,10.05,3428.0,254.0,427.0
SHYAMMETL,2023-06-30,8.0,3333.0,202.0,414.0
SHYAMMETL,2023-09-30,18.98,2941.0,482.0,307.0
SHYAMMETL,2023-12-31,4.99,3315.0,126.0,407.0
SHYAMMETL,2024-03-31,7.76,3606.0,220.0,442.0
SHYAMMETL,2024-06-30,9.89,3612.0,276.0,488.0
SHYAMMETL,2024-09-30,7.72,3634.0,216.0,409.0
SHYAMMETL,2024-12-31,7.08,3756.0,197.0,456.0
SHYAMMETL,2025-03-31,7.84,4139.0,220.0,515.0
SHYAMMETL,2025-06-30,10.47,4419.0,291.0,580.0
SHYAMMETL,2025-09-30,9.38,4467.0,260.0,539.0
SHYAMMETL,2025-12-31,7.07,4421.0,198.0,487.0
SICAGEN,2022-12-31,0.87,258.19,3.45,6.87
SICAGEN,2023-03-31,2.82,227.42,11.17,11.37
SICAGEN,2023-06-30,0.96,166.43,3.8,8.44
SICAGEN,2023-09-30,0.33,180.08,1.3,5.11
SICAGEN,2023-12-31,0.59,227.7,2.32,5.22
SICAGEN,2024-03-31,0.78,221.23,3.1,8.38
SICAGEN,2024-06-30,1.21,232.26,4.8,9.27
SICAGEN,2024-09-30,1.05,197.71,4.14,8.27
SICAGEN,2024-12-31,1.06,209.92,4.2,6.88
SICAGEN,2025-03-31,1.0,251.65,3.97,10.74
SICAGEN,2025-06-30,1.15,204.54,4.54,9.74
SICAGEN,2025-09-30,1.05,226.76,4.14,9.06
SICAGEN,2025-12-31,1.25,264.27,4.93,9.27
SIEMENS,2022-12-31,12.99,4015.0,463.0,599.0
SIEMENS,2023-03-31,13.24,4858.0,472.0,621.0
SIEMENS,2023-06-30,12.79,4873.0,456.0,567.0
SIEMENS,2023-09-30,16.04,5808.0,572.0,700.0
SIEMENS,2023-12-31,14.19,3710.0,506.0,453.0
SIEMENS,2024-03-31,22.54,4152.0,803.0,637.0
SIEMENS,2024-06-30,16.22,3763.0,578.0,485.0
SIEMENS,2024-09-30,23.33,4457.0,831.0,545.0
SIEMENS,2024-12-31,17.25,3360.0,615.0,387.0
SIEMENS,2025-03-31,16.34,4259.0,582.0,468.0
SIEMENS,2025-06-30,11.88,4347.0,423.0,521.0
SIEMENS,2025-09-30,13.62,4900.0,485.0,609.0
SIEMENS,2025-12-31,7.79,3831.0,278.0,422.0
SIGMA,2022-12-31,0.24,14.54,3.62,4.99
SIGMA,2023-03-31,0.4,13.68,6.73,7.32
SIGMA,2023-06-30,0.35,16.29,5.35,5.77
SIGMA,2023-09-30,0.26,16.3,4.07,5.81
SIGMA,2023-12-31,0.45,16.24,4.59,5.92
SIGMA,2024-03-31,0.52,16.22,5.32,5.96
SIGMA,2024-06-30,0.38,16.0,3.93,4.74
SIGMA,2024-09-30,0.4,17.05,4.11,5.28
SIGMA,2024-12-31,0.41,19.58,4.23,6.0
SIGMA,2025-03-31,0.66,23.54,6.82,9.73
SIGMA,2025-06-30,0.5,20.66,5.19,4.97
SIGMA,2025-09-30,0.65,25.59,6.66,7.63
SIGMA,2025-12-31,0.65,24.73,6.71,7.84
SIGNATURE,2022-12-31,-3.6,183.0,-45.0,-13.0
SIGNATURE,2023-03-31,0.61,705.0,8.0,33.0
SIGNATURE,2023-06-30,-0.58,166.0,-7.0,-10.0
SIGNATURE,2023-09-30,-1.42,99.0,-20.0,-30.0
SIGNATURE,2023-12-31,0.15,282.0,2.0,-7.0
SIGNATURE,2024-03-31,2.93,694.0,41.0,20.0
SIGNATURE,2024-06-30,0.48,401.0,7.0,-1.0
SIGNATURE,2024-09-30,0.29,749.0,4.0,-12.0
SIGNATURE,2024-12-31,2.07,828.0,29.0,13.0
SIGNATURE,2025-03-31,4.35,520.0,61.0,44.0
SIGNATURE,2025-06-30,2.45,866.0,34.0,33.0
SIGNATURE,2025-09-30,-3.33,338.0,-47.0,-74.0
SIGNATURE,2025-12-31,-3.23,284.0,-45.0,-63.0
SIGNPOST,2022-12-31,,53.0,4.0,10.0
SIGNPOST,2023-03-31,,163.0,21.0,34.0
SIGNPOST,2023-06-30,,94.0,10.0,18.0
SIGNPOST,2023-09-30,1.21,85.0,6.0,12.0
SIGNPOST,2023-12-31,1.77,105.0,9.0,22.0
SIGNPOST,2024-03-31,3.33,103.0,18.0,30.0
SIGNPOST,2024-06-30,2.1,100.0,11.0,24.0
SIGNPOST,2024-09-30,2.98,130.0,16.0,34.0
SIGNPOST,2024-12-31,1.08,112.0,6.0,18.0
SIGNPOST,2025-03-31,0.18,111.0,1.0,12.0
SIGNPOST,2025-06-30,2.86,138.0,15.0,32.0
SIGNPOST,2025-09-30,2.93,134.0,16.0,34.0
SIGNPOST,2025-12-31,3.39,142.0,18.0,38.0
SIKA,2022-12-31,1.04,14.65,2.2,2.69
SIKA,2023-03-31,0.97,18.84,2.05,2.61
SIKA,2023-06-30,1.69,24.62,3.57,4.06
SIKA,2023-09-30,2.37,18.26,5.01,3.86
SIKA,2023-12-31,2.24,26.0,4.73,5.38
SIKA,2024-03-31,2.85,37.16,6.05,6.59
SIKA,2024-06-30,2.49,30.42,5.27,6.15
SIKA,2024-09-30,2.92,33.24,6.18,6.88
SIKA,2024-12-31,3.37,37.98,7.14,7.83
SIKA,2025-03-31,3.73,46.02,7.91,7.96
SIKA,2025-06-30,4.88,68.01,10.35,12.5
SIKA,2025-09-30,4.22,51.58,8.94,10.64
SIKA,2025-12-31,4.48,50.31,9.49,11.6
SIKKO,2024-06-30,0.04,15.88,1.75,2.48
SIKKO,2024-09-30,0.05,15.32,2.1,3.04
SIKKO,2024-12-31,0.03,11.7,1.3,2.06
SIKKO,2025-03-31,-0.02,18.85,-0.88,-1.23
SIKKO,2025-06-30,0.05,18.1,2.18,3.18
SIKKO,2025-09-30,0.07,19.2,2.85,3.89
SIKKO,2025-12-31,0.05,16.72,2.08,2.74
SIL,2022-12-31,3.53,3.7,22.71,-2.86
SIL,2023-03-31,-0.87,5.12,-5.61,-4.54
SIL,2023-06-30,-0.43,8.77,-2.78,-2.71
SIL,2023-09-30,-0.73,5.94,-4.71,-3.23
SIL,2023-12-31,-0.41,5.28,-2.63,-2.85
SIL,2024-03-31,1.55,6.9,9.99,-2.7
SIL,2024-06-30,-0.21,6.84,-1.38,-2.36
SIL,2024-09-30,-0.32,4.53,-2.06,-3.71
SIL,2024-12-31,-0.87,7.72,-5.62,-1.97
SIL,2025-03-31,-0.69,8.84,-4.45,-3.45
SIL,2025-06-30,-0.16,10.49,-1.02,-2.65
SIL,2025-09-30,-1.03,6.38,-6.65,-2.84
SIL,2025-12-31,-0.72,7.73,-4.62,-4.11
SILGO,2024-12-31,0.42,10.15,1.01,1.34
SILGO,2025-06-30,0.37,10.97,1.11,1.49
SILGO,2025-09-30,0.44,11.65,1.41,2.04
SILGO,2025-12-31,0.4,11.04,1.28,1.84
SILINV,2022-12-31,0.59,5.0,1.0,3.0
SILINV,2023-03-31,13.45,20.0,14.0,18.0
SILINV,2023-06-30,1.49,3.0,2.0,2.0
SILINV,2023-09-30,12.17,21.0,13.0,19.0
SILINV,2023-12-31,10.53,21.0,11.0,17.0
SILINV,2024-03-31,1.89,6.0,2.0,2.0
SILINV,2024-06-30,3.28,7.0,4.0,5.0
SILINV,2024-09-30,15.41,25.0,17.0,22.0
SILINV,2024-12-31,13.03,22.0,14.0,18.0
SILINV,2025-03-31,-2.54,1.0,-3.0,-2.0
SILINV,2025-06-30,7.47,13.0,8.0,10.0
SILINV,2025-09-30,18.44,29.0,20.0,26.0
SILINV,2025-12-31,18.37,27.0,20.0,25.0
SILLYMONKS,2022-12-31,-0.15,5.56,-0.15,-0.43
SILLYMONKS,2023-03-31,-3.74,3.21,-3.82,-4.22
SILLYMONKS,2023-06-30,-0.13,5.89,-0.13,-0.02
SILLYMONKS,2023-09-30,0.02,4.95,0.02,0.22
SILLYMONKS,2023-12-31,0.0,5.99,0.0,0.26
SILLYMONKS,2024-03-31,0.24,5.37,0.24,0.55
SILLYMONKS,2024-06-30,0.0,5.96,0.0,0.11
SILLYMONKS,2024-09-30,0.07,6.78,0.07,0.18
SILLYMONKS,2024-12-31,0.13,7.03,0.13,0.14
SILLYMONKS,2025-03-31,-0.01,6.47,-0.01,0.08
SILLYMONKS,2025-06-30,-0.37,5.88,-0.38,-0.25
SILLYMONKS,2025-09-30,0.18,6.48,0.18,0.3
SILLYMONKS,2025-12-31,-0.65,5.64,-0.67,-0.57
SILVERTUC,2023-03-31,0.32,44.0,4.0,7.0
SILVERTUC,2023-06-30,0.12,43.0,1.0,4.0
SILVERTUC,2023-09-30,0.28,52.0,4.0,6.0
SILVERTUC,2023-12-31,0.37,53.0,5.0,7.0
SILVERTUC,2024-03-31,0.5,79.0,6.0,11.0
SILVERTUC,2024-06-30,0.26,57.0,3.0,7.0
SILVERTUC,2024-09-30,0.35,75.0,4.0,9.0
SILVERTUC,2024-12-31,0.41,74.0,5.0,10.0
SILVERTUC,2025-03-31,0.73,86.0,9.0,15.0
SILVERTUC,2025-06-30,0.32,63.0,4.0,9.0
SILVERTUC,2025-09-30,0.59,86.0,7.0,14.0
SILVERTUC,2025-12-31,0.87,96.0,11.0,19.0
SILVERTUC,2026-03-31,1.04,101.0,13.0,22.0
SIMPLEXINF,2022-12-31,-24.02,420.76,-137.45,3.96
SIMPLEXINF,2023-03-31,-16.95,473.49,-96.89,13.97
SIMPLEXINF,2023-06-30,-26.3,398.87,-150.1,10.83
SIMPLEXINF,2023-09-30,-1.27,312.45,-7.31,5.52
SIMPLEXINF,2023-12-31,-13.8,316.4,-78.58,8.51
SIMPLEXINF,2024-03-31,28.72,360.75,163.72,1.05
SIMPLEXINF,2024-06-30,-1.73,295.82,-9.54,0.85
SIMPLEXINF,2024-09-30,-1.89,268.06,-10.72,3.01
SIMPLEXINF,2024-12-31,-1.96,229.78,-11.08,3.71
SIMPLEXINF,2025-03-31,6.46,281.94,43.4,15.12
SIMPLEXINF,2025-06-30,0.6,242.59,4.93,7.65
SIMPLEXINF,2025-09-30,1.08,247.99,8.62,15.96
SIMPLEXINF,2025-12-31,1.0,247.71,8.09,10.06
SINDHUTRAD,2022-12-31,-0.06,308.0,-9.0,-14.0
SINDHUTRAD,2023-03-31,0.2,381.0,31.0,29.0
SINDHUTRAD,2023-06-30,0.19,427.0,29.0,77.0
SINDHUTRAD,2023-09-30,0.33,397.0,50.0,19.0
SINDHUTRAD,2023-12-31,0.6,416.0,93.0,66.0
SINDHUTRAD,2024-03-31,-0.66,446.0,-102.0,-26.0
SINDHUTRAD,2024-06-30,0.46,554.0,72.0,140.0
SINDHUTRAD,2024-09-30,0.76,370.0,117.0,-93.0
SINDHUTRAD,2024-12-31,-0.05,511.0,-7.0,57.0
SINDHUTRAD,2025-03-31,-0.38,297.0,-59.0,-329.0
SINDHUTRAD,2025-06-30,0.12,165.0,19.0,13.0
SINDHUTRAD,2025-09-30,0.07,124.0,11.0,-2.0
SINDHUTRAD,2025-12-31,0.09,119.0,14.0,3.0
SINGERIND,2006-06-30,,10.2,-1.1,0.04
SINGERIND,2006-09-30,,13.03,-0.86,0.34
SINGERIND,2007-06-30,,11.74,-0.63,0.51
SINGERIND,2007-09-30,,12.05,-0.51,0.56
SINGERIND,2018-06-30,0.36,110.5,1.93,3.23
SINGERIND,2018-09-30,0.3,105.34,1.59,2.02
SINGERIND,2018-12-31,0.62,134.96,3.32,5.42
SINGERIND,2019-03-31,0.47,132.19,2.54,4.42
SINGERIND,2019-06-30,0.27,123.75,1.43,3.34
SINGERIND,2019-09-30,0.29,101.65,1.56,2.31
SINGERIND,2019-12-31,0.76,124.19,4.06,7.6
SINGERIND,2020-03-31,0.17,101.59,0.93,1.41
SIRCA,2022-12-31,1.92,65.0,11.0,14.0
SIRCA,2023-03-31,1.73,68.0,9.0,13.0
SIRCA,2023-06-30,2.35,73.0,13.0,17.0
SIRCA,2023-09-30,2.83,84.0,16.0,21.0
SIRCA,2023-12-31,1.92,72.0,11.0,14.0
SIRCA,2024-03-31,2.28,83.0,13.0,16.0
SIRCA,2024-06-30,1.86,79.0,10.0,14.0
SIRCA,2024-09-30,2.42,105.0,13.0,19.0
SIRCA,2024-12-31,2.09,89.0,11.0,15.0
SIRCA,2025-03-31,2.57,101.0,14.0,19.0
SIRCA,2025-06-30,2.59,114.0,14.0,23.0
SIRCA,2025-09-30,3.19,131.0,18.0,27.0
SIRCA,2025-12-31,2.65,113.0,15.0,23.0
SIS,2023-03-31,6.39,2996.0,93.0,135.0
SIS,2023-06-30,6.14,2977.0,90.0,139.0
SIS,2023-09-30,5.17,3074.0,75.0,144.0
SIS,2023-12-31,2.53,3073.0,37.0,151.0
SIS,2024-03-31,-0.81,3138.0,-12.0,84.0
SIS,2024-06-30,4.46,3130.0,64.0,137.0
SIS,2024-09-30,4.77,3269.0,69.0,145.0
SIS,2024-12-31,7.08,3362.0,102.0,157.0
SIS,2025-03-31,-15.47,3428.0,-223.0,165.0
SIS,2025-06-30,6.6,3548.0,93.0,152.0
SIS,2025-09-30,5.73,3759.0,81.0,168.0
SIS,2025-12-31,-9.81,4185.0,-138.0,189.0
SIS,2026-03-31,7.26,4489.0,102.0,207.0
SIYSIL,2022-12-31,11.07,502.0,52.0,76.0
SIYSIL,2023-03-31,18.81,695.0,88.0,121.0
SIYSIL,2023-06-30,2.13,355.0,10.0,23.0
SIYSIL,2023-09-30,13.08,586.0,61.0,88.0
SIYSIL,2023-12-31,9.79,503.0,44.0,69.0
SIYSIL,2024-03-31,15.21,648.0,69.0,106.0
SIYSIL,2024-06-30,2.53,307.0,12.0,10.0
SIYSIL,2024-09-30,15.03,608.0,68.0,89.0
SIYSIL,2024-12-31,10.0,571.0,45.0,66.0
SIYSIL,2025-03-31,15.88,736.0,72.0,111.0
SIYSIL,2025-06-30,1.02,389.0,5.0,21.0
SIYSIL,2025-09-30,19.11,706.0,87.0,107.0
SIYSIL,2025-12-31,9.21,624.0,42.0,68.0
SJS,2022-12-31,5.16,106.0,16.0,26.0
SJS,2023-03-31,5.05,107.0,15.0,24.0
SJS,2023-06-30,5.8,117.0,18.0,28.0
SJS,2023-09-30,6.22,163.0,19.0,36.0
SJS,2023-12-31,6.69,161.0,21.0,40.0
SJS,2024-03-31,8.6,187.0,27.0,48.0
SJS,2024-06-30,8.97,189.0,28.0,49.0
SJS,2024-09-30,9.34,193.0,29.0,50.0
SJS,2024-12-31,8.8,179.0,28.0,45.0
SJS,2025-03-31,10.67,201.0,34.0,51.0
SJS,2025-06-30,11.03,210.0,35.0,56.0
SJS,2025-09-30,13.71,242.0,43.0,68.0
SJS,2025-12-31,13.96,244.0,45.0,71.0
SJVN,2022-12-31,0.73,552.0,287.0,381.0
SJVN,2023-03-31,0.04,504.0,17.0,178.0
SJVN,2023-06-30,0.69,675.0,272.0,483.0
SJVN,2023-09-30,1.12,878.0,440.0,706.0
SJVN,2023-12-31,0.35,543.0,139.0,368.0
SJVN,2024-03-31,0.16,483.0,61.0,227.0
SJVN,2024-06-30,0.91,870.0,357.0,646.0
SJVN,2024-09-30,1.12,1026.0,440.0,828.0
SJVN,2024-12-31,0.38,671.0,149.0,464.0
SJVN,2025-03-31,-0.32,504.0,-128.0,241.0
SJVN,2025-06-30,0.58,917.0,228.0,707.0
SJVN,2025-09-30,0.78,1032.0,308.0,860.0
SJVN,2025-12-31,0.57,1082.0,224.0,773.0
SKFINDIA,2022-12-31,23.62,1077.0,117.0,184.0
SKFINDIA,2023-03-31,24.88,1095.0,123.0,167.0
SKFINDIA,2023-06-30,31.26,1150.0,154.0,203.0
SKFINDIA,2023-09-30,18.21,1125.0,90.0,124.0
SKFINDIA,2023-12-31,26.75,1092.0,132.0,172.0
SKFINDIA,2024-03-31,35.47,1203.0,175.0,213.0
SKFINDIA,2024-06-30,32.17,1206.0,159.0,194.0
SKFINDIA,2024-09-30,19.07,1244.0,94.0,124.0
SKFINDIA,2024-12-31,22.17,1256.0,110.0,121.0
SKFINDIA,2025-03-31,41.15,1213.0,203.0,285.0
SKFINDIA,2025-06-30,23.93,1283.0,118.0,167.0
SKFINDIA,2025-09-30,21.35,1309.0,105.0,166.0
SKFINDIA,2025-12-31,12.55,577.0,62.0,82.0
SKIPPER,2023-03-31,2.1,657.0,24.0,72.0
SKIPPER,2023-06-30,1.44,555.0,16.0,60.0
SKIPPER,2023-09-30,1.75,772.0,20.0,74.0
SKIPPER,2023-12-31,1.81,802.0,20.0,77.0
SKIPPER,2024-03-31,2.23,1154.0,25.0,109.0
SKIPPER,2024-06-30,2.87,1092.0,32.0,105.0
SKIPPER,2024-09-30,2.92,1110.0,33.0,111.0
SKIPPER,2024-12-31,3.21,1135.0,36.0,111.0
SKIPPER,2025-03-31,4.25,1288.0,48.0,124.0
SKIPPER,2025-06-30,4.01,1254.0,45.0,127.0
SKIPPER,2025-09-30,3.28,1262.0,37.0,131.0
SKIPPER,2025-12-31,4.68,1371.0,53.0,141.0
SKIPPER,2026-03-31,6.91,1667.0,78.0,173.0
SKMEGGPROD,2022-12-31,5.16,182.0,27.0,46.0
SKMEGGPROD,2023-03-31,5.64,187.0,30.0,43.0
SKMEGGPROD,2023-06-30,6.69,210.0,35.0,50.0
SKMEGGPROD,2023-09-30,5.39,176.0,28.0,41.0
SKMEGGPROD,2023-12-31,2.22,153.0,12.0,20.0
SKMEGGPROD,2024-03-31,1.91,162.0,10.0,11.0
SKMEGGPROD,2024-06-30,2.29,118.0,12.0,17.0
SKMEGGPROD,2024-09-30,1.64,127.0,9.0,14.0
SKMEGGPROD,2024-12-31,1.43,135.0,8.0,14.0
SKMEGGPROD,2025-03-31,1.2,117.0,6.0,12.0
SKMEGGPROD,2025-06-30,3.09,176.0,16.0,25.0
SKMEGGPROD,2025-09-30,4.7,202.0,25.0,37.0
SKMEGGPROD,2025-12-31,5.7,204.0,30.0,43.0
SKYGOLD,2022-12-31,0.59,267.0,6.0,12.0
SKYGOLD,2023-03-31,0.57,270.0,6.0,12.0
SKYGOLD,2023-06-30,0.99,376.0,11.0,19.0
SKYGOLD,2023-09-30,0.68,396.0,7.0,15.0
SKYGOLD,2023-12-31,0.68,460.0,9.0,18.0
SKYGOLD,2024-03-31,1.03,513.0,14.0,25.0
SKYGOLD,2024-06-30,1.6,723.0,21.0,37.0
SKYGOLD,2024-09-30,2.69,769.0,37.0,39.0
SKYGOLD,2024-12-31,2.49,998.0,37.0,57.0
SKYGOLD,2025-03-31,2.6,1058.0,38.0,63.0
SKYGOLD,2025-06-30,2.93,1131.0,44.0,71.0
SKYGOLD,2025-09-30,4.33,1484.0,67.0,100.0
SKYGOLD,2025-12-31,5.2,1768.0,81.0,122.0
SMARTLINK,2022-12-31,17.54,37.67,17.51,1.57
SMARTLINK,2023-03-31,1.73,49.98,1.81,1.5
SMARTLINK,2023-06-30,-1.24,38.42,-1.24,-0.28
SMARTLINK,2023-09-30,0.83,51.82,0.83,2.64
SMARTLINK,2023-12-31,-1.21,37.59,-1.21,-3.01
SMARTLINK,2024-03-31,8.7,75.97,8.68,8.89
SMARTLINK,2024-06-30,-0.44,40.08,-0.44,-1.57
SMARTLINK,2024-09-30,0.67,55.29,0.67,-0.92
SMARTLINK,2024-12-31,2.55,53.73,2.54,0.59
SMARTLINK,2025-03-31,3.85,65.43,3.84,0.58
SMARTLINK,2025-06-30,2.19,37.02,2.18,0.58
SMARTLINK,2025-09-30,1.86,70.27,1.86,1.57
SMARTLINK,2025-12-31,2.25,62.7,2.24,1.1
SMARTWORKS,2024-06-30,-2.78,313.0,-23.0,192.0
SMARTWORKS,2024-09-30,-1.89,350.0,-16.0,214.0
SMARTWORKS,2024-12-31,-1.55,352.0,-16.0,218.0
SMARTWORKS,2025-03-31,-0.8,358.0,-8.0,232.0
SMARTWORKS,2025-06-30,-0.41,379.0,-4.0,241.0
SMARTWORKS,2025-09-30,-0.27,425.0,-3.0,270.0
SMARTWORKS,2025-12-31,0.11,472.0,1.0,306.0
SMARTWORKS,2026-03-31,1.45,520.0,17.0,338.0
SMCGLOBAL,2022-12-31,1.53,318.0,32.0,72.0
SMCGLOBAL,2023-03-31,1.03,304.0,22.0,63.0
SMCGLOBAL,2023-06-30,1.43,311.0,30.0,79.0
SMCGLOBAL,2023-09-30,1.89,389.0,40.0,94.0
SMCGLOBAL,2023-12-31,2.47,428.0,52.0,113.0
SMCGLOBAL,2024-03-31,3.15,509.0,66.0,139.0
SMCGLOBAL,2024-06-30,2.53,448.0,53.0,126.0
SMCGLOBAL,2024-09-30,2.16,451.0,46.0,119.0
SMCGLOBAL,2024-12-31,2.08,455.0,44.0,112.0
SMCGLOBAL,2025-03-31,0.18,421.0,4.0,63.0
SMCGLOBAL,2025-06-30,1.42,425.0,30.0,100.0
SMCGLOBAL,2025-09-30,0.99,440.0,21.0,84.0
SMCGLOBAL,2025-12-31,1.46,495.0,31.0,102.0
SMSPHARMA,2022-12-31,0.44,149.0,4.0,19.0
SMSPHARMA,2023-03-31,0.73,149.0,6.0,23.0
SMSPHARMA,2023-06-30,1.1,135.0,9.0,26.0
SMSPHARMA,2023-09-30,1.38,167.0,12.0,28.0
SMSPHARMA,2023-12-31,1.36,161.0,11.0,29.0
SMSPHARMA,2024-03-31,2.04,246.0,17.0,34.0
SMSPHARMA,2024-06-30,1.95,164.0,16.0,34.0
SMSPHARMA,2024-09-30,1.66,197.0,14.0,31.0
SMSPHARMA,2024-12-31,2.15,173.0,18.0,33.0
SMSPHARMA,2025-03-31,2.29,248.0,20.0,41.0
SMSPHARMA,2025-06-30,2.31,196.0,20.0,39.0
SMSPHARMA,2025-09-30,2.7,242.0,25.0,48.0
SMSPHARMA,2025-12-31,2.51,210.0,23.0,44.0
SOBHA,2022-12-31,2.97,868.0,32.0,89.0
SOBHA,2023-03-31,4.54,1210.0,49.0,116.0
SOBHA,2023-06-30,1.13,908.0,12.0,65.0
SOBHA,2023-09-30,1.4,741.0,15.0,75.0
SOBHA,2023-12-31,1.41,685.0,15.0,74.0
SOBHA,2024-03-31,0.66,763.0,7.0,62.0
SOBHA,2024-06-30,0.57,640.0,6.0,56.0
SOBHA,2024-09-30,2.44,934.0,26.0,77.0
SOBHA,2024-12-31,2.03,1224.0,22.0,67.0
SOBHA,2025-03-31,3.82,1241.0,41.0,94.0
SOBHA,2025-06-30,1.27,852.0,14.0,24.0
SOBHA,2025-09-30,6.78,1408.0,73.0,96.0
SOBHA,2025-12-31,1.44,943.0,15.0,39.0
SOLARA,2022-12-31,0.09,395.0,0.0,45.0
SOLARA,2023-03-31,0.79,381.0,4.0,49.0
SOLARA,2023-06-30,-4.07,352.0,-19.0,19.0
SOLARA,2023-09-30,-3.58,425.0,-17.0,38.0
SOLARA,2023-12-31,-57.36,212.0,-275.0,-162.0
SOLARA,2024-03-31,-53.2,299.0,-255.0,10.0
SOLARA,2024-06-30,-3.74,363.0,-13.0,42.0
SOLARA,2024-09-30,2.22,347.0,8.0,61.0
SOLARA,2024-12-31,2.24,300.0,8.0,58.0
SOLARA,2025-03-31,-0.58,273.0,-2.0,45.0
SOLARA,2025-06-30,2.91,319.0,11.0,57.0
SOLARA,2025-09-30,-2.79,314.0,-10.0,35.0
SOLARA,2025-12-31,-4.82,349.0,-17.0,37.0
SOLARINDS,2022-12-31,22.61,1812.0,219.0,350.0
SOLARINDS,2023-03-31,22.78,1929.0,221.0,357.0
SOLARINDS,2023-06-30,21.82,1682.0,202.0,323.0
SOLARINDS,2023-09-30,22.12,1347.0,209.0,335.0
SOLARINDS,2023-12-31,22.47,1429.0,222.0,355.0
SOLARINDS,2024-03-31,25.98,1611.0,243.0,354.0
SOLARINDS,2024-06-30,31.66,1685.0,301.0,449.0
SOLARINDS,2024-09-30,31.59,1716.0,304.0,445.0
SOLARINDS,2024-12-31,34.8,1973.0,338.0,527.0
SOLARINDS,2025-03-31,35.61,2167.0,346.0,537.0
SOLARINDS,2025-06-30,37.43,2154.0,353.0,535.0
SOLARINDS,2025-09-30,38.12,2082.0,361.0,552.0
SOLARINDS,2025-12-31,49.31,2548.0,467.0,708.0
SOLARWORLD,2024-06-30,75.39,23.0,3.0,5.0
SOLARWORLD,2024-09-30,3.14,142.0,22.0,30.0
SOLARWORLD,2024-12-31,5.76,204.0,43.0,59.0
SOLARWORLD,2025-03-31,1.27,176.0,9.0,13.0
SOLARWORLD,2025-06-30,1.74,68.0,13.0,9.0
SOLARWORLD,2025-09-30,1.07,138.0,9.0,15.0
SOLARWORLD,2025-12-31,5.68,578.0,49.0,65.0
SOLEX,2024-09-30,8.42,131.75,9.08,14.33
SOLEX,2024-12-31,13.01,134.66,14.02,23.62
SOLEX,2025-06-30,22.37,259.61,24.71,41.27
SOLEX,2025-09-30,4.83,155.02,5.79,18.6
SOLEX,2025-12-31,8.06,317.9,8.87,25.87
SOMANYCERA,2022-12-31,2.81,622.0,11.0,41.0
SOMANYCERA,2023-03-31,5.73,679.0,24.0,61.0
SOMANYCERA,2023-06-30,3.43,587.0,13.0,51.0
SOMANYCERA,2023-09-30,6.9,655.0,30.0,64.0
SOMANYCERA,2023-12-31,5.22,612.0,23.0,59.0
SOMANYCERA,2024-03-31,7.51,738.0,34.0,79.0
SOMANYCERA,2024-06-30,2.99,579.0,12.0,49.0
SOMANYCERA,2024-09-30,4.18,666.0,17.0,56.0
SOMANYCERA,2024-12-31,2.27,645.0,10.0,53.0
SOMANYCERA,2025-03-31,5.2,769.0,19.0,62.0
SOMANYCERA,2025-06-30,2.53,604.0,7.0,48.0
SOMANYCERA,2025-09-30,3.65,685.0,12.0,54.0
SOMANYCERA,2025-12-31,4.39,682.0,17.0,62.0
SOMATEX,2022-12-31,39.69,2.01,131.1,-1.54
SOMATEX,2023-03-31,-0.74,2.78,-2.43,-1.73
SOMATEX,2023-06-30,0.12,1.07,0.4,-0.8
SOMATEX,2023-09-30,0.18,1.57,0.58,-0.92
SOMATEX,2023-12-31,0.25,2.06,0.84,-0.84
SOMATEX,2024-03-31,5.84,1.03,19.28,-0.8
SOMATEX,2024-06-30,0.36,1.39,1.2,-1.14
SOMATEX,2024-09-30,20.64,3.64,68.17,-1.18
SOMATEX,2024-12-31,-0.1,0.59,-0.34,-1.93
SOMATEX,2025-03-31,0.07,3.87,0.24,-1.54
SOMATEX,2025-06-30,1.1,2.05,3.63,-2.34
SOMATEX,2025-09-30,-0.19,0.0,-0.63,-3.09
SOMATEX,2025-12-31,0.59,28.01,1.94,0.29
SONACOMS,2023-03-31,2.05,743.0,120.0,200.0
SONACOMS,2023-06-30,1.91,731.0,112.0,203.0
SONACOMS,2023-09-30,2.12,787.0,124.0,220.0
SONACOMS,2023-12-31,2.26,782.0,134.0,233.0
SONACOMS,2024-03-31,2.54,884.0,148.0,247.0
SONACOMS,2024-06-30,2.42,891.0,142.0,249.0
SONACOMS,2024-09-30,2.32,922.0,144.0,252.0
SONACOMS,2024-12-31,2.43,868.0,151.0,234.0
SONACOMS,2025-03-31,2.64,865.0,164.0,231.0
SONACOMS,2025-06-30,2.01,854.0,122.0,206.0
SONACOMS,2025-09-30,2.78,1138.0,170.0,284.0
SONACOMS,2025-12-31,2.43,1200.0,150.0,296.0
SONACOMS,2026-03-31,3.09,1258.0,187.0,296.0
SONAL,2022-12-31,3.08,,4.54,
SONAL,2023-03-31,3.07,,4.53,
SONAL,2023-06-30,3.41,,5.03,
SONAL,2023-09-30,3.55,,5.23,
SONAL,2023-12-31,4.49,,6.62,
SONAL,2024-03-31,4.97,,7.32,
SONAL,2024-06-30,5.24,,7.73,
SONAL,2024-09-30,5.28,,7.78,
SONAL,2024-12-31,5.01,,7.38,
SONAL,2025-03-31,6.4,,9.43,
SONAL,2025-06-30,5.73,,8.44,
SONAL,2025-09-30,5.18,,7.63,
SONAL,2025-12-31,1.75,,2.58,
SONATSOFTW,2022-12-31,4.2,2261.0,118.0,156.0
SONATSOFTW,2023-03-31,4.06,1914.0,114.0,152.0
SONATSOFTW,2023-06-30,4.28,2016.0,120.0,178.0
SONATSOFTW,2023-09-30,4.43,1913.0,124.0,197.0
SONATSOFTW,2023-12-31,-1.65,2493.0,-46.0,208.0
SONATSOFTW,2024-03-31,3.94,2192.0,110.0,144.0
SONATSOFTW,2024-06-30,3.77,2527.0,106.0,176.0
SONATSOFTW,2024-09-30,3.8,2170.0,106.0,177.0
SONATSOFTW,2024-12-31,3.74,2843.0,105.0,164.0
SONATSOFTW,2025-03-31,3.83,2617.0,108.0,173.0
SONATSOFTW,2025-06-30,3.9,2965.0,109.0,160.0
SONATSOFTW,2025-09-30,4.29,2119.0,120.0,173.0
SONATSOFTW,2025-12-31,3.72,3081.0,104.0,200.0
SOTL,2022-12-31,4.15,909.0,29.0,42.0
SOTL,2023-03-31,5.27,956.0,36.0,47.0
SOTL,2023-06-30,8.05,920.0,56.0,69.0
SOTL,2023-09-30,6.8,889.0,47.0,60.0
SOTL,2023-12-31,9.75,958.0,67.0,86.0
SOTL,2024-03-31,4.46,973.0,31.0,32.0
SOTL,2024-06-30,5.77,956.0,40.0,47.0
SOTL,2024-09-30,4.49,907.0,31.0,34.0
SOTL,2024-12-31,1.81,945.0,12.0,22.0
SOTL,2025-03-31,4.23,1006.0,29.0,48.0
SOTL,2025-06-30,8.1,989.0,56.0,60.0
SOTL,2025-09-30,5.92,1076.0,41.0,51.0
SOTL,2025-12-31,5.54,1074.0,38.0,40.0
SOUTHBANK,2022-12-31,0.39,,103.0,
SOUTHBANK,2023-03-31,1.28,,334.0,
SOUTHBANK,2023-06-30,0.77,,203.0,
SOUTHBANK,2023-09-30,1.05,,275.0,
SOUTHBANK,2023-12-31,1.17,,305.0,
SOUTHBANK,2024-03-31,1.1,,287.0,
SOUTHBANK,2024-06-30,1.12,,294.0,
SOUTHBANK,2024-09-30,1.24,,325.0,
SOUTHBANK,2024-12-31,1.31,,342.0,
SOUTHBANK,2025-03-31,1.31,,342.0,
SOUTHBANK,2025-06-30,1.23,,322.0,
SOUTHBANK,2025-09-30,1.34,,352.0,
SOUTHBANK,2025-12-31,1.43,,374.0,
SOUTHWEST,2022-12-31,0.45,35.28,1.25,4.04
SOUTHWEST,2023-03-31,1.34,38.3,3.73,7.48
SOUTHWEST,2023-06-30,0.13,22.99,0.36,3.45
SOUTHWEST,2023-09-30,0.33,23.27,0.91,3.89
SOUTHWEST,2023-12-31,1.51,42.15,4.2,9.43
SOUTHWEST,2024-03-31,1.0,45.01,2.8,7.79
SOUTHWEST,2024-06-30,0.67,29.43,1.87,4.6
SOUTHWEST,2024-09-30,0.14,27.36,0.4,3.46
SOUTHWEST,2024-12-31,1.49,48.54,4.16,8.8
SOUTHWEST,2025-03-31,3.35,73.84,9.99,15.39
SOUTHWEST,2025-06-30,0.8,40.22,2.4,5.79
SOUTHWEST,2025-09-30,2.8,62.44,8.36,14.43
SOUTHWEST,2025-12-31,3.09,62.67,9.22,17.15
SPAL,2022-12-31,5.28,251.0,13.0,22.0
SPAL,2023-03-31,8.21,275.0,21.0,40.0
SPAL,2023-06-30,5.98,248.0,15.0,36.0
SPAL,2023-09-30,11.38,292.0,29.0,47.0
SPAL,2023-12-31,7.03,252.0,18.0,34.0
SPAL,2024-03-31,11.35,295.0,28.0,41.0
SPAL,2024-06-30,7.2,245.0,18.0,33.0
SPAL,2024-09-30,8.75,391.0,22.0,50.0
SPAL,2024-12-31,9.64,359.0,24.0,51.0
SPAL,2025-03-31,12.12,399.0,30.0,54.0
SPAL,2025-06-30,8.53,403.0,21.0,53.0
SPAL,2025-09-30,13.83,427.0,35.0,62.0
SPAL,2025-12-31,10.74,383.0,27.0,54.0
SPANDANA,2022-12-31,8.08,,71.0,
SPANDANA,2023-03-31,11.96,,106.0,
SPANDANA,2023-06-30,13.53,,119.0,
SPANDANA,2023-09-30,14.16,,125.0,
SPANDANA,2023-12-31,14.4,,127.0,
SPANDANA,2024-03-31,14.5,,129.0,
SPANDANA,2024-06-30,6.28,,56.0,
SPANDANA,2024-09-30,-24.39,,-216.0,
SPANDANA,2024-12-31,-49.63,,-440.0,
SPANDANA,2025-03-31,-48.96,,-434.0,
SPANDANA,2025-06-30,-40.61,,-360.0,
SPANDANA,2025-09-30,-28.09,,-249.0,
SPANDANA,2025-12-31,-10.71,,-95.0,
SPARC,2023-03-31,-2.53,48.0,-82.0,-90.0
SPARC,2023-06-30,-2.94,24.0,-95.0,-102.0
SPARC,2023-09-30,-2.66,21.0,-86.0,-91.0
SPARC,2023-12-31,-3.07,14.0,-100.0,-103.0
SPARC,2024-03-31,-3.26,17.0,-106.0,-106.0
SPARC,2024-06-30,-2.96,17.0,-96.0,-93.0
SPARC,2024-09-30,-3.31,13.0,-107.0,-103.0
SPARC,2024-12-31,-2.45,15.0,-80.0,-74.0
SPARC,2025-03-31,-1.84,27.0,-60.0,-53.0
SPARC,2025-06-30,-1.6,10.0,-52.0,-52.0
SPARC,2025-09-30,-2.34,8.0,-76.0,-66.0
SPARC,2025-12-31,-2.48,8.0,-80.0,-57.0
SPCENET,2022-12-31,0.01,39.1,0.67,0.85
SPCENET,2023-03-31,0.02,28.3,1.09,1.28
SPCENET,2023-06-30,0.05,21.97,2.5,2.46
SPCENET,2023-09-30,0.05,28.99,2.75,2.8
SPCENET,2023-12-31,0.06,29.53,3.74,3.81
SPCENET,2024-03-31,0.03,47.72,1.69,1.75
SPCENET,2024-06-30,0.05,34.44,2.57,3.25
SPCENET,2024-09-30,0.06,45.06,3.49,4.07
SPCENET,2024-12-31,0.02,38.83,1.26,1.66
SPCENET,2025-03-31,0.08,38.73,4.85,4.59
SPCENET,2025-06-30,0.07,53.39,3.84,4.43
SPCENET,2025-09-30,0.09,48.42,5.01,3.51
SPCENET,2025-12-31,0.05,47.63,3.11,2.94
SPECIALITY,2022-12-31,3.28,103.71,15.38,24.77
SPECIALITY,2023-03-31,11.78,87.51,55.31,22.06
SPECIALITY,2023-06-30,1.41,94.65,6.7,17.0
SPECIALITY,2023-09-30,1.21,97.88,5.76,15.67
SPECIALITY,2023-12-31,2.88,115.98,14.17,23.53
SPECIALITY,2024-03-31,0.64,96.19,3.38,13.9
SPECIALITY,2024-06-30,1.53,103.11,7.64,15.94
SPECIALITY,2024-09-30,0.56,104.38,2.85,15.31
SPECIALITY,2024-12-31,1.92,125.75,9.36,26.11
SPECIALITY,2025-03-31,0.5,103.01,2.12,15.24
SPECIALITY,2025-06-30,1.12,108.77,5.12,17.86
SPECIALITY,2025-09-30,0.96,116.44,4.47,19.28
SPECIALITY,2025-12-31,1.76,134.84,8.29,28.44
SPECTRUM,2024-06-30,1.38,75.0,2.0,10.0
SPECTRUM,2024-09-30,4.59,87.0,7.0,8.0
SPECTRUM,2024-12-31,1.74,71.0,3.0,10.0
SPECTRUM,2025-03-31,8.7,169.0,14.0,25.0
SPECTRUM,2025-06-30,3.65,85.0,6.0,12.0
SPECTRUM,2025-09-30,4.93,118.0,8.0,15.0
SPECTRUM,2025-12-31,6.44,125.0,10.0,19.0
SPENCERS,2022-12-31,-6.85,639.0,-62.0,-1.0
SPENCERS,2023-03-31,-6.79,543.0,-61.0,-3.0
SPENCERS,2023-06-30,-7.12,570.0,-64.0,-5.0
SPENCERS,2023-09-30,-7.78,574.0,-70.0,-7.0
SPENCERS,2023-12-31,-5.68,654.0,-51.0,12.0
SPENCERS,2024-03-31,-8.95,547.0,-81.0,-12.0
SPENCERS,2024-06-30,-4.82,548.0,-43.0,1.0
SPENCERS,2024-09-30,-9.67,518.0,-87.0,-45.0
SPENCERS,2024-12-31,-5.25,517.0,-47.0,12.0
SPENCERS,2025-03-31,-7.59,412.0,-68.0,-11.0
SPENCERS,2025-06-30,-6.84,416.0,-62.0,-7.0
SPENCERS,2025-09-30,-7.08,445.0,-64.0,-4.0
SPENCERS,2025-12-31,-6.47,503.0,-58.0,7.0
SPIC,2022-12-31,4.4,699.0,90.0,97.0
SPIC,2023-03-31,1.25,672.0,25.0,51.0
SPIC,2023-06-30,2.52,569.0,51.0,82.0
SPIC,2023-09-30,2.58,744.0,53.0,85.0
SPIC,2023-12-31,1.63,506.0,33.0,56.0
SPIC,2024-03-31,-1.19,125.0,-24.0,27.0
SPIC,2024-06-30,3.07,754.0,63.0,98.0
SPIC,2024-09-30,1.73,760.0,35.0,67.0
SPIC,2024-12-31,1.89,818.0,38.0,79.0
SPIC,2025-03-31,0.96,754.0,19.0,37.0
SPIC,2025-06-30,3.28,781.0,67.0,93.0
SPIC,2025-09-30,3.01,817.0,61.0,77.0
SPIC,2025-12-31,2.66,774.0,54.0,84.0
SPLIL,2006-12-31,0.77,49.12,2.22,6.37
SPLIL,2007-03-31,0.03,65.02,0.08,7.46
SPLIL,2007-12-31,0.25,68.32,0.73,5.36
SPLIL,2008-03-31,0.12,94.16,0.36,-1.06
SPLPETRO,2025-06-30,4.35,1402.0,82.0,116.0
SPLPETRO,2025-09-30,2.57,1118.0,48.0,79.0
SPLPETRO,2025-12-31,1.63,1281.0,31.0,71.0
SPLPETRO,2026-03-31,8.96,1606.0,169.0,255.0
SPMLINFRA,2022-12-31,-1.24,153.0,-5.0,-2.0
SPMLINFRA,2023-03-31,3.01,464.0,14.0,44.0
SPMLINFRA,2023-06-30,0.09,352.0,0.0,-1.0
SPMLINFRA,2023-09-30,0.07,254.0,0.0,0.0
SPMLINFRA,2023-12-31,0.23,252.0,1.0,-4.0
SPMLINFRA,2024-03-31,-1.81,461.0,-4.0,18.0
SPMLINFRA,2024-06-30,2.18,207.0,13.0,12.0
SPMLINFRA,2024-09-30,2.2,189.0,13.0,13.0
SPMLINFRA,2024-12-31,1.4,188.0,10.0,10.0
SPMLINFRA,2025-03-31,1.68,189.0,12.0,10.0
SPMLINFRA,2025-06-30,1.69,156.0,12.0,7.0
SPMLINFRA,2025-09-30,2.1,190.0,15.0,11.0
SPMLINFRA,2025-12-31,2.66,230.0,20.0,25.0
SRF,2022-12-31,17.24,3470.0,511.0,834.0
SRF,2023-03-31,18.97,3778.0,562.0,932.0
SRF,2023-06-30,12.12,3338.0,359.0,696.0
SRF,2023-09-30,10.15,3177.0,301.0,626.0
SRF,2023-12-31,8.55,3053.0,253.0,566.0
SRF,2024-03-31,14.24,3570.0,422.0,696.0
SRF,2024-06-30,8.51,3464.0,252.0,603.0
SRF,2024-09-30,6.79,3424.0,201.0,538.0
SRF,2024-12-31,9.14,3491.0,271.0,620.0
SRF,2025-03-31,17.75,4313.0,526.0,957.0
SRF,2025-06-30,14.58,3819.0,432.0,830.0
SRF,2025-09-30,13.1,3640.0,388.0,774.0
SRF,2025-12-31,14.6,3713.0,433.0,780.0
SRHHYPOLTD,2022-12-31,13.7,301.0,24.0,26.0
SRHHYPOLTD,2023-03-31,41.43,435.0,71.0,64.0
SRHHYPOLTD,2023-06-30,14.16,261.0,24.0,35.0
SRHHYPOLTD,2023-09-30,10.77,226.0,18.0,26.0
SRHHYPOLTD,2023-12-31,9.69,215.0,17.0,22.0
SRHHYPOLTD,2024-03-31,11.39,165.0,20.0,27.0
SRHHYPOLTD,2024-06-30,10.85,169.0,19.0,26.0
SRHHYPOLTD,2024-09-30,14.74,170.0,25.0,29.0
SRHHYPOLTD,2024-12-31,12.56,138.0,22.0,20.0
SRHHYPOLTD,2025-03-31,12.81,160.0,22.0,18.0
SRHHYPOLTD,2025-06-30,13.06,180.0,22.0,28.0
SRHHYPOLTD,2025-09-30,13.57,182.0,23.0,27.0
SRHHYPOLTD,2025-12-31,13.84,141.0,24.0,20.0
SRM,2023-03-31,4.17,103.0,7.0,14.0
SRM,2023-06-30,1.99,40.0,3.0,7.0
SRM,2023-09-30,7.69,108.0,13.0,14.0
SRM,2023-12-31,2.33,87.0,4.0,7.0
SRM,2024-03-31,3.68,108.0,6.0,13.0
SRM,2024-06-30,2.08,55.0,5.0,10.0
SRM,2024-09-30,4.51,95.0,10.0,15.0
SRM,2024-12-31,6.97,150.0,16.0,22.0
SRM,2025-03-31,10.5,228.0,24.0,34.0
SRM,2025-06-30,5.56,142.0,13.0,20.0
SRM,2025-09-30,8.75,206.0,20.0,29.0
SRM,2025-12-31,10.5,231.0,24.0,44.0
SSWL,2022-12-31,2.8,938.0,44.0,108.0
SSWL,2023-03-31,3.02,1005.0,47.0,108.0
SSWL,2023-06-30,3.03,1044.0,47.0,113.0
SSWL,2023-09-30,3.34,1134.0,52.0,124.0
SSWL,2023-12-31,3.79,1110.0,59.0,117.0
SSWL,2024-03-31,32.85,1069.0,516.0,110.0
SSWL,2024-06-30,2.6,1025.0,41.0,113.0
SSWL,2024-09-30,2.94,1095.0,46.0,119.0
SSWL,2024-12-31,3.04,1075.0,48.0,118.0
SSWL,2025-03-31,3.87,1234.0,61.0,134.0
SSWL,2025-06-30,3.01,1187.0,47.0,122.0
SSWL,2025-09-30,2.26,1201.0,36.0,111.0
SSWL,2025-12-31,2.97,1321.0,47.0,127.0
STANLEY,2023-03-31,7.87,96.9,5.4,12.8
STANLEY,2023-06-30,0.74,95.9,3.5,16.0
STANLEY,2023-09-30,1.69,110.1,8.7,21.1
STANLEY,2023-12-31,1.34,107.3,6.4,20.6
STANLEY,2024-03-31,1.98,119.2,10.3,27.1
STANLEY,2024-06-30,0.67,100.7,3.8,20.1
STANLEY,2024-09-30,1.09,103.0,5.7,18.5
STANLEY,2024-12-31,1.51,109.7,8.9,20.5
STANLEY,2025-03-31,1.84,112.8,10.8,22.7
STANLEY,2025-06-30,1.38,108.7,7.8,22.5
STANLEY,2025-09-30,0.98,105.4,6.0,24.8
STANLEY,2025-12-31,-0.11,103.8,-0.2,13.0
STAR,2022-12-31,-8.86,865.0,-82.0,-27.0
STAR,2023-03-31,-1.06,986.0,-14.0,115.0
STAR,2023-06-30,-0.79,930.0,-9.0,134.0
STAR,2023-09-30,-14.54,999.0,-149.0,111.0
STAR,2023-12-31,5.4,1006.0,54.0,129.0
STAR,2024-03-31,1.98,1044.0,10.0,169.0
STAR,2024-06-30,364.69,1054.0,3350.0,188.0
STAR,2024-09-30,7.81,1167.0,72.0,184.0
STAR,2024-12-31,9.54,1154.0,90.0,210.0
STAR,2025-03-31,8.91,1190.0,86.0,218.0
STAR,2025-06-30,10.8,1120.0,106.0,218.0
STAR,2025-09-30,13.84,1221.0,132.0,231.0
STAR,2025-12-31,21.93,1195.0,208.0,236.0
STARCEMENT,2022-12-31,1.31,617.0,53.0,108.0
STARCEMENT,2023-03-31,2.38,829.0,96.0,166.0
STARCEMENT,2023-06-30,2.31,760.0,93.0,129.0
STARCEMENT,2023-09-30,1.01,585.0,41.0,99.0
STARCEMENT,2023-12-31,1.82,651.0,74.0,149.0
STARCEMENT,2024-03-31,2.17,914.0,88.0,180.0
STARCEMENT,2024-06-30,0.77,751.0,31.0,116.0
STARCEMENT,2024-09-30,0.14,642.0,6.0,96.0
STARCEMENT,2024-12-31,0.22,719.0,9.0,104.0
STARCEMENT,2025-03-31,3.05,1052.0,123.0,263.0
STARCEMENT,2025-06-30,2.44,912.0,98.0,228.0
STARCEMENT,2025-09-30,1.78,811.0,71.0,190.0
STARCEMENT,2025-12-31,1.85,880.0,74.0,202.0
STARTECK,2022-12-31,2.26,,2.24,
STARTECK,2023-03-31,15.16,,15.02,
STARTECK,2023-06-30,2.31,,2.29,
STARTECK,2023-09-30,7.49,,7.42,
STARTECK,2023-12-31,2.82,,2.79,
STARTECK,2024-03-31,3.48,,3.45,
STARTECK,2024-06-30,1.73,,1.71,
STARTECK,2024-09-30,3.62,,3.59,
STARTECK,2024-12-31,3.66,,3.63,
STARTECK,2025-03-31,1.42,,1.41,
STARTECK,2025-06-30,3.57,,3.54,
STARTECK,2025-09-30,7.43,,7.36,
STARTECK,2025-12-31,7.55,,7.48,
STCINDIA,2022-12-31,1.48,0.0,9.0,-11.0
STCINDIA,2023-03-31,1.21,0.0,7.0,-14.0
STCINDIA,2023-06-30,0.82,0.0,5.0,-13.0
STCINDIA,2023-09-30,3.0,0.0,18.0,-11.0
STCINDIA,2023-12-31,2.33,0.0,14.0,-11.0
STCINDIA,2024-03-31,2.36,0.0,14.0,-12.0
STCINDIA,2024-06-30,4.58,0.0,27.0,-12.0
STCINDIA,2024-09-30,-1.25,0.0,-7.0,-10.0
STCINDIA,2024-12-31,0.27,0.0,2.0,-12.0
STCINDIA,2025-03-31,0.53,0.0,3.0,-14.0
STCINDIA,2025-06-30,1.64,0.0,10.0,-13.0
STCINDIA,2025-09-30,102.01,0.0,612.0,-10.0
STCINDIA,2025-12-31,2.76,0.0,17.0,-10.0
STEELCITY,2022-12-31,2.48,13.3,3.75,4.08
STEELCITY,2023-03-31,1.32,13.86,1.99,2.35
STEELCITY,2023-06-30,1.42,12.99,2.15,2.3
STEELCITY,2023-09-30,1.63,15.26,2.46,3.18
STEELCITY,2023-12-31,1.89,13.59,2.85,3.33
STEELCITY,2024-03-31,2.91,17.34,4.4,4.94
STEELCITY,2024-06-30,2.81,16.72,4.24,5.1
STEELCITY,2024-09-30,3.4,18.53,5.14,5.33
STEELCITY,2024-12-31,3.21,16.28,4.85,5.75
STEELCITY,2025-03-31,1.94,13.76,2.93,3.45
STEELCITY,2025-06-30,2.7,14.99,4.08,4.38
STEELCITY,2025-09-30,2.07,15.43,3.13,4.14
STEELCITY,2025-12-31,2.46,15.28,3.72,4.6
STEL,2022-12-31,0.08,0.0,0.0,0.0
STEL,2023-03-31,5.23,13.0,10.0,13.0
STEL,2023-06-30,0.12,1.0,0.0,0.0
STEL,2023-09-30,1.62,4.0,3.0,4.0
STEL,2023-12-31,0.05,0.0,0.0,0.0
STEL,2024-03-31,5.4,13.0,10.0,13.0
STEL,2024-06-30,0.05,0.0,0.0,0.0
STEL,2024-09-30,3.1,8.0,6.0,8.0
STEL,2024-12-31,0.05,0.0,0.0,0.0
STEL,2025-03-31,5.41,13.0,10.0,13.0
STEL,2025-06-30,0.19,0.0,0.0,0.0
STEL,2025-09-30,3.6,9.0,7.0,9.0
STEL,2025-12-31,6.82,17.0,13.0,17.0
STERTOOLS,2022-12-31,3.86,207.83,13.92,28.1
STERTOOLS,2023-03-31,2.16,211.67,7.78,22.41
STERTOOLS,2023-06-30,3.63,220.6,13.07,25.44
STERTOOLS,2023-09-30,3.46,210.17,12.46,25.27
STERTOOLS,2023-12-31,3.77,231.95,13.58,26.03
STERTOOLS,2024-03-31,4.51,269.25,16.25,30.86
STERTOOLS,2024-06-30,5.11,281.68,18.41,32.02
STERTOOLS,2024-09-30,4.85,283.98,17.47,32.22
STERTOOLS,2024-12-31,3.78,260.88,13.6,26.82
STERTOOLS,2025-03-31,2.43,199.76,8.81,18.54
STERTOOLS,2025-06-30,2.48,192.08,8.99,22.03
STERTOOLS,2025-09-30,4.75,207.91,17.19,23.61
STERTOOLS,2025-12-31,0.43,205.85,1.56,22.55
STLNETWORK,2024-06-30,198.0,355.0,1.0,20.0
STLNETWORK,2024-09-30,1010.0,357.0,5.0,26.0
STLNETWORK,2024-12-31,-3396.0,288.0,-17.0,21.0
STLNETWORK,2025-03-31,,181.0,-21.0,5.0
STLNETWORK,2025-06-30,-0.46,190.0,-22.0,4.0
STLNETWORK,2025-09-30,-0.4,231.0,-19.0,6.0
STLNETWORK,2025-12-31,-0.22,335.0,-11.0,23.0
STLTECH,2023-03-31,1.63,1872.0,63.0,256.0
STLTECH,2023-06-30,1.35,1522.0,52.0,214.0
STLTECH,2023-09-30,0.85,1494.0,32.0,213.0
STLTECH,2023-12-31,-1.43,1322.0,-59.0,90.0
STLTECH,2024-03-31,-2.05,843.0,-82.0,31.0
STLTECH,2024-06-30,-0.98,872.0,-48.0,64.0
STLTECH,2024-09-30,-0.29,1074.0,-14.0,117.0
STLTECH,2024-12-31,-0.49,998.0,-24.0,106.0
STLTECH,2025-03-31,-0.82,1052.0,-40.0,125.0
STLTECH,2025-06-30,0.2,1020.0,10.0,132.0
STLTECH,2025-09-30,0.08,1034.0,4.0,129.0
STLTECH,2025-12-31,-0.35,1257.0,-17.0,120.0
STLTECH,2026-03-31,1.21,1441.0,59.0,195.0
STOVEKRAFT,2019-12-31,3.65,200.0,9.0,16.0
STOVEKRAFT,2020-03-31,-4.15,154.0,-10.0,-1.0
STOVEKRAFT,2020-12-31,13.54,295.0,33.0,43.0
STOVEKRAFT,2021-03-31,5.89,235.0,19.0,25.0
STUDDS,2024-09-30,8.89,145.0,17.0,27.0
STUDDS,2024-12-31,8.34,149.0,16.0,26.0
STUDDS,2025-06-30,5.15,149.0,20.0,30.0
STUDDS,2025-09-30,5.24,154.0,21.0,30.0
STUDDS,2025-12-31,5.27,163.0,21.0,31.0
STYL,2024-06-30,27.43,360.0,40.0,80.0
STYL,2024-09-30,44.14,395.0,65.0,104.0
STYL,2024-12-31,3.64,339.0,54.0,77.0
STYL,2025-03-31,4.27,369.0,63.0,98.0
STYL,2025-06-30,2.5,311.0,37.0,71.0
STYL,2025-09-30,3.56,352.0,58.0,94.0
STYL,2025-12-31,3.96,374.0,64.0,96.0
STYLAMIND,2022-12-31,14.18,234.0,24.0,39.0
STYLAMIND,2023-03-31,15.81,237.0,27.0,41.0
STYLAMIND,2023-06-30,16.39,226.0,28.0,42.0
STYLAMIND,2023-09-30,18.73,234.0,32.0,47.0
STYLAMIND,2023-12-31,18.49,215.0,31.0,48.0
STYLAMIND,2024-03-31,22.17,240.0,38.0,48.0
STYLAMIND,2024-06-30,16.73,243.0,28.0,42.0
STYLAMIND,2024-09-30,20.13,263.0,34.0,54.0
STYLAMIND,2024-12-31,17.59,255.0,30.0,46.0
STYLAMIND,2025-03-31,17.45,265.0,30.0,43.0
STYLAMIND,2025-06-30,16.68,283.0,28.0,53.0
STYLAMIND,2025-09-30,22.03,292.0,37.0,57.0
STYLAMIND,2025-12-31,27.15,271.0,46.0,56.0
STYLEBAAZA,2023-06-30,1.58,228.0,6.0,34.0
STYLEBAAZA,2023-09-30,-2.22,188.0,-15.0,9.0
STYLEBAAZA,2023-12-31,5.49,333.0,38.0,76.0
STYLEBAAZA,2024-03-31,-0.92,224.0,-6.0,24.0
STYLEBAAZA,2024-06-30,-0.06,276.0,0.0,42.0
STYLEBAAZA,2024-09-30,-1.2,311.0,-9.0,24.0
STYLEBAAZA,2024-12-31,4.08,412.0,30.0,83.0
STYLEBAAZA,2025-03-31,-0.86,345.0,-6.0,40.0
STYLEBAAZA,2025-06-30,0.28,378.0,2.0,58.0
STYLEBAAZA,2025-09-30,6.9,532.0,51.0,69.0
STYLEBAAZA,2025-12-31,2.54,466.0,19.0,89.0
STYRENIX,2023-09-30,32.08,595.0,56.0,83.0
STYRENIX,2023-12-31,19.88,485.0,35.0,58.0
STYRENIX,2024-03-31,28.07,599.0,49.0,72.0
STYRENIX,2024-06-30,34.8,699.0,61.0,90.0
STYRENIX,2024-09-30,39.86,653.0,70.0,99.0
STYRENIX,2024-12-31,27.12,691.0,48.0,74.0
STYRENIX,2025-03-31,31.94,940.0,56.0,87.0
STYRENIX,2025-06-30,29.52,944.0,52.0,96.0
STYRENIX,2025-09-30,25.43,799.0,45.0,85.0
STYRENIX,2025-12-31,9.29,869.0,16.0,42.0
SUBEXLTD,2022-12-31,-0.08,73.66,-4.68,5.09
SUBEXLTD,2023-03-31,-0.84,47.27,-47.18,-36.76
SUBEXLTD,2023-06-30,-0.34,67.29,-19.28,-14.74
SUBEXLTD,2023-09-30,-0.2,76.81,-11.05,-4.57
SUBEXLTD,2023-12-31,-0.09,81.82,-4.89,0.58
SUBEXLTD,2024-03-31,-2.78,83.8,-156.51,3.08
SUBEXLTD,2024-06-30,-0.2,68.16,-11.21,-6.04
SUBEXLTD,2024-09-30,0.01,74.16,0.62,1.89
SUBEXLTD,2024-12-31,-0.06,72.69,-3.25,2.5
SUBEXLTD,2025-03-31,-0.31,70.6,-17.6,-13.0
SUBEXLTD,2025-06-30,0.23,66.4,12.81,3.93
SUBEXLTD,2025-09-30,0.05,68.91,2.86,6.28
SUBEXLTD,2025-12-31,0.05,70.79,2.93,9.04
SUBROS,2022-12-31,1.27,655.0,8.0,34.0
SUBROS,2023-03-31,2.8,748.0,18.0,51.0
SUBROS,2023-06-30,2.08,693.0,14.0,47.0
SUBROS,2023-09-30,4.1,813.0,27.0,70.0
SUBROS,2023-12-31,4.12,732.0,27.0,60.0
SUBROS,2024-03-31,4.66,832.0,30.0,77.0
SUBROS,2024-06-30,5.36,810.0,35.0,77.0
SUBROS,2024-09-30,5.58,828.0,36.0,76.0
SUBROS,2024-12-31,5.05,821.0,33.0,76.0
SUBROS,2025-03-31,7.08,908.0,46.0,93.0
SUBROS,2025-06-30,6.26,878.0,41.0,82.0
SUBROS,2025-09-30,6.25,880.0,41.0,68.0
SUBROS,2025-12-31,5.33,948.0,35.0,81.0
SUDARSCHEM,2022-12-31,0.08,528.0,1.0,42.0
SUDARSCHEM,2023-03-31,4.7,691.0,33.0,85.0
SUDARSCHEM,2023-06-30,38.56,608.0,267.0,70.0
SUDARSCHEM,2023-09-30,2.58,601.0,18.0,66.0
SUDARSCHEM,2023-12-31,2.11,566.0,15.0,62.0
SUDARSCHEM,2024-03-31,8.38,764.0,58.0,119.0
SUDARSCHEM,2024-06-30,4.25,634.0,29.0,81.0
SUDARSCHEM,2024-09-30,4.32,696.0,30.0,94.0
SUDARSCHEM,2024-12-31,0.07,666.0,1.0,79.0
SUDARSCHEM,2025-03-31,-0.52,1349.0,0.0,127.0
SUDARSCHEM,2025-06-30,6.01,2507.0,55.0,192.0
SUDARSCHEM,2025-09-30,1.49,2387.0,19.0,132.0
SUDARSCHEM,2025-12-31,-14.67,2103.0,-116.0,38.0
SUDEEPPHRM,2024-09-30,128.13,149.0,49.0,63.0
SUDEEPPHRM,2024-12-31,2.95,116.0,29.0,39.0
SUDEEPPHRM,2025-06-30,3.17,125.0,31.0,44.0
SUDEEPPHRM,2025-09-30,4.71,163.0,47.0,55.0
SUDEEPPHRM,2025-12-31,4.2,172.0,48.0,60.0
SUKHJITS,2022-12-31,4.28,346.6,13.35,32.09
SUKHJITS,2023-03-31,4.74,391.26,14.8,37.63
SUKHJITS,2023-06-30,3.42,322.85,10.67,28.18
SUKHJITS,2023-09-30,3.65,321.21,11.39,29.43
SUKHJITS,2023-12-31,5.13,361.37,16.02,37.02
SUKHJITS,2024-03-31,3.81,369.92,11.88,33.39
SUKHJITS,2024-06-30,4.43,395.13,13.82,33.72
SUKHJITS,2024-09-30,4.02,367.81,12.55,31.75
SUKHJITS,2024-12-31,3.45,375.26,10.78,29.3
SUKHJITS,2025-03-31,0.9,359.75,2.8,16.92
SUKHJITS,2025-06-30,1.6,369.13,5.01,19.04
SUKHJITS,2025-09-30,1.38,314.61,4.3,18.21
SUKHJITS,2025-12-31,1.0,347.0,3.13,19.53
SULA,2022-12-31,4.67,190.74,39.28,64.03
SULA,2023-03-31,1.69,113.38,14.24,30.82
SULA,2023-06-30,1.62,108.49,13.68,30.35
SULA,2023-09-30,2.74,133.69,23.09,44.2
SULA,2023-12-31,5.09,203.04,42.98,71.85
SULA,2024-03-31,1.61,122.52,13.55,29.46
SULA,2024-06-30,1.73,120.93,14.63,33.96
SULA,2024-09-30,1.72,132.36,14.48,33.6
SULA,2024-12-31,3.32,200.15,28.06,53.05
SULA,2025-03-31,1.54,125.71,13.03,28.46
SULA,2025-06-30,0.23,109.64,1.94,18.3
SULA,2025-09-30,0.71,130.91,6.02,25.46
SULA,2025-12-31,1.08,180.39,9.1,31.95
SUMEETINDS,2022-12-31,-0.48,264.84,-25.13,-21.78
SUMEETINDS,2023-03-31,0.1,237.2,5.09,0.8
SUMEETINDS,2023-06-30,-0.3,244.75,-15.75,-10.08
SUMEETINDS,2023-09-30,-0.37,241.98,-18.97,-12.95
SUMEETINDS,2023-12-31,-0.32,227.07,-16.54,-10.61
SUMEETINDS,2024-03-31,-0.15,271.06,-7.75,-6.74
SUMEETINDS,2024-06-30,-0.16,266.69,-8.47,-3.55
SUMEETINDS,2024-09-30,0.27,241.89,13.87,3.34
SUMEETINDS,2024-12-31,36.95,251.76,97.18,6.38
SUMEETINDS,2025-03-31,1.29,243.02,67.68,6.14
SUMEETINDS,2025-06-30,0.15,248.47,7.98,13.6
SUMEETINDS,2025-09-30,0.19,269.3,9.86,14.52
SUMEETINDS,2025-12-31,0.17,266.92,9.04,15.84
SUMICHEM,2022-12-31,1.81,753.0,90.0,120.0
SUMICHEM,2023-03-31,1.45,652.0,72.0,81.0
SUMICHEM,2023-06-30,1.24,724.0,62.0,81.0
SUMICHEM,2023-09-30,2.87,903.0,143.0,188.0
SUMICHEM,2023-12-31,1.1,542.0,55.0,66.0
SUMICHEM,2024-03-31,2.2,674.0,110.0,140.0
SUMICHEM,2024-06-30,2.54,839.0,127.0,161.0
SUMICHEM,2024-09-30,3.85,988.0,193.0,245.0
SUMICHEM,2024-12-31,1.74,642.0,87.0,106.0
SUMICHEM,2025-03-31,2.0,679.0,100.0,120.0
SUMICHEM,2025-06-30,3.57,1057.0,178.0,219.0
SUMICHEM,2025-09-30,3.56,930.0,178.0,218.0
SUMICHEM,2025-12-31,1.52,568.0,76.0,99.0
SUMMITSEC,2023-03-31,4.65,7.0,5.0,6.0
SUMMITSEC,2023-06-30,7.67,11.0,8.0,11.0
SUMMITSEC,2023-09-30,35.15,53.0,38.0,52.0
SUMMITSEC,2023-12-31,13.44,18.0,15.0,17.0
SUMMITSEC,2024-03-31,13.21,20.0,14.0,19.0
SUMMITSEC,2024-06-30,2.7,21.0,3.0,20.0
SUMMITSEC,2024-09-30,68.93,107.0,75.0,105.0
SUMMITSEC,2024-12-31,-4.46,1.0,-5.0,-6.0
SUMMITSEC,2025-03-31,-4.26,10.0,-5.0,-5.0
SUMMITSEC,2025-06-30,18.52,28.0,20.0,27.0
SUMMITSEC,2025-09-30,83.16,120.0,91.0,118.0
SUMMITSEC,2025-12-31,15.61,22.0,17.0,20.0
SUMMITSEC,2026-03-31,-21.32,11.0,-23.0,-26.0
SUNCLAY,2023-06-30,,521.0,-36.0,28.0
SUNCLAY,2023-09-30,-4.88,297.0,-10.0,24.0
SUNCLAY,2023-12-31,-31.09,551.0,-63.0,-7.0
SUNCLAY,2024-03-31,-23.4,555.0,-47.0,15.0
SUNCLAY,2024-06-30,-27.6,580.0,-56.0,10.0
SUNCLAY,2024-09-30,-26.79,563.0,-54.0,16.0
SUNCLAY,2024-12-31,-20.03,529.0,-44.0,38.0
SUNCLAY,2025-03-31,65.11,587.0,144.0,31.0
SUNCLAY,2025-06-30,-26.2,512.0,-58.0,16.0
SUNCLAY,2025-09-30,-29.19,495.0,-64.0,15.0
SUNCLAY,2025-12-31,-23.55,501.0,-52.0,36.0
SUNDARAM,2018-06-30,0.12,34.99,3.26,4.98
SUNDARAM,2018-09-30,0.03,18.32,0.92,2.73
SUNDARAM,2018-12-31,-0.0,14.16,-0.01,2.28
SUNDARAM,2019-03-31,0.06,32.12,1.69,4.75
SUNDARAM,2019-06-30,0.03,38.04,0.74,4.59
SUNDARAM,2019-09-30,-0.03,18.52,-0.85,2.18
SUNDARAM,2019-12-31,-0.0,14.65,-0.02,-0.81
SUNDARAM,2020-03-31,-0.09,25.78,-2.58,0.65
SUNDARMFIN,2022-12-31,29.96,,382.0,
SUNDARMFIN,2023-03-31,38.99,,509.0,
SUNDARMFIN,2023-06-30,33.77,,429.0,
SUNDARMFIN,2023-09-30,32.89,,435.0,
SUNDARMFIN,2023-12-31,38.47,,506.0,
SUNDARMFIN,2024-03-31,24.11,,472.0,
SUNDARMFIN,2024-06-30,39.14,,435.0,
SUNDARMFIN,2024-09-30,39.26,,436.0,
SUNDARMFIN,2024-12-31,41.0,,455.0,
SUNDARMFIN,2025-03-31,49.77,,553.0,
SUNDARMFIN,2025-06-30,42.77,,475.0,
SUNDARMFIN,2025-09-30,43.94,,488.0,
SUNDARMFIN,2025-12-31,48.73,,541.0,
SUNDRMFAST,2023-03-31,6.01,1448.0,127.0,227.0
SUNDRMFAST,2023-06-30,6.07,1411.0,129.0,226.0
SUNDRMFAST,2023-09-30,6.28,1422.0,133.0,231.0
SUNDRMFAST,2023-12-31,6.12,1367.0,129.0,201.0
SUNDRMFAST,2024-03-31,6.36,1466.0,134.0,228.0
SUNDRMFAST,2024-06-30,6.75,1498.0,143.0,247.0
SUNDRMFAST,2024-09-30,6.78,1486.0,144.0,245.0
SUNDRMFAST,2024-12-31,6.2,1441.0,131.0,228.0
SUNDRMFAST,2025-03-31,5.92,1531.0,124.0,225.0
SUNDRMFAST,2025-06-30,7.06,1533.0,148.0,247.0
SUNDRMFAST,2025-09-30,7.18,1521.0,153.0,252.0
SUNDRMFAST,2025-12-31,6.21,1541.0,131.0,240.0
SUNDRMFAST,2026-03-31,7.68,1693.0,161.0,256.0
SUNDROP,2022-12-31,2.8,224.92,6.83,15.44
SUNDROP,2023-03-31,2.06,201.98,5.02,13.19
SUNDROP,2023-06-30,1.86,187.34,4.54,11.44
SUNDROP,2023-09-30,0.77,201.11,1.87,8.59
SUNDROP,2023-12-31,1.03,192.81,2.52,8.95
SUNDROP,2024-03-31,0.61,178.41,1.48,5.21
SUNDROP,2024-06-30,0.08,180.64,0.2,6.1
SUNDROP,2024-09-30,0.02,206.06,0.05,6.15
SUNDROP,2024-12-31,1.6,208.3,3.91,14.4
SUNDROP,2025-03-31,-30.25,303.87,-114.05,-0.36
SUNDROP,2025-06-30,1.14,372.12,4.31,13.66
SUNDROP,2025-09-30,-0.55,383.3,-2.09,3.92
SUNDROP,2025-12-31,2.14,407.47,8.06,20.34
SUNFLAG,2022-12-31,3.31,869.0,60.0,117.0
SUNFLAG,2023-03-31,2.2,837.0,40.0,97.0
SUNFLAG,2023-06-30,1.43,784.0,26.0,80.0
SUNFLAG,2023-09-30,2.15,858.0,39.0,99.0
SUNFLAG,2023-12-31,2.0,854.0,36.0,97.0
SUNFLAG,2024-03-31,2.38,919.0,43.0,99.0
SUNFLAG,2024-06-30,1.55,895.0,28.0,80.0
SUNFLAG,2024-09-30,2.26,866.0,41.0,98.0
SUNFLAG,2024-12-31,2.78,892.0,50.0,110.0
SUNFLAG,2025-03-31,2.4,883.0,43.0,100.0
SUNFLAG,2025-06-30,3.47,1023.0,63.0,120.0
SUNFLAG,2025-09-30,2.53,973.0,46.0,101.0
SUNFLAG,2025-12-31,3.33,942.0,60.0,132.0
SUNPHARMA,2022-12-31,9.03,11241.0,2181.0,3004.0
SUNPHARMA,2023-03-31,8.27,10931.0,1983.0,2802.0
SUNPHARMA,2023-06-30,8.43,11941.0,2006.0,3332.0
SUNPHARMA,2023-09-30,9.9,12192.0,2385.0,3179.0
SUNPHARMA,2023-12-31,10.52,12381.0,2561.0,3477.0
SUNPHARMA,2024-03-31,11.06,11983.0,2659.0,3035.0
SUNPHARMA,2024-06-30,11.82,12653.0,2861.0,3608.0
SUNPHARMA,2024-09-30,12.67,13291.0,3037.0,3939.0
SUNPHARMA,2024-12-31,12.1,13675.0,2913.0,4009.0
SUNPHARMA,2025-03-31,8.96,12959.0,2154.0,3716.0
SUNPHARMA,2025-06-30,9.5,13851.0,2293.0,4302.0
SUNPHARMA,2025-09-30,13.0,14478.0,3125.0,4527.0
SUNPHARMA,2025-12-31,14.04,15521.0,3381.0,4948.0
SUNTECK,2023-03-31,-1.91,49.0,-28.0,-11.0
SUNTECK,2023-06-30,-0.46,71.0,-7.0,-8.0
SUNTECK,2023-09-30,-0.95,25.0,-14.0,-14.0
SUNTECK,2023-12-31,-0.66,42.0,-10.0,-15.0
SUNTECK,2024-03-31,6.92,427.0,101.0,153.0
SUNTECK,2024-06-30,1.56,316.0,23.0,31.0
SUNTECK,2024-09-30,2.36,169.0,35.0,37.0
SUNTECK,2024-12-31,2.9,162.0,43.0,48.0
SUNTECK,2025-03-31,3.44,206.0,50.0,69.0
SUNTECK,2025-06-30,2.28,188.0,33.0,48.0
SUNTECK,2025-09-30,3.34,252.0,49.0,78.0
SUNTECK,2025-12-31,3.97,344.0,57.0,81.0
SUNTECK,2026-03-31,4.34,339.0,63.0,97.0
SUNTV,2022-12-31,10.78,887.0,425.0,584.0
SUNTV,2023-03-31,9.65,840.0,380.0,498.0
SUNTV,2023-06-30,15.02,1349.0,592.0,797.0
SUNTV,2023-09-30,11.79,1048.0,465.0,728.0
SUNTV,2023-12-31,11.52,923.0,454.0,589.0
SUNTV,2024-03-31,10.52,961.0,415.0,523.0
SUNTV,2024-06-30,14.19,1314.0,560.0,719.0
SUNTV,2024-09-30,10.39,936.0,409.0,541.0
SUNTV,2024-12-31,9.22,829.0,364.0,445.0
SUNTV,2025-03-31,9.41,942.0,371.0,414.0
SUNTV,2025-06-30,13.43,1290.0,529.0,617.0
SUNTV,2025-09-30,8.99,1300.0,355.0,754.0
SUNTV,2025-12-31,8.22,862.0,324.0,420.0
SUPERHOUSE,2022-12-31,8.25,195.9,10.21,18.81
SUPERHOUSE,2023-03-31,6.49,175.72,7.54,16.72
SUPERHOUSE,2023-06-30,1.37,164.42,2.1,9.12
SUPERHOUSE,2023-09-30,4.46,191.04,5.95,13.06
SUPERHOUSE,2023-12-31,1.88,144.69,2.15,6.47
SUPERHOUSE,2024-03-31,3.62,165.18,3.63,8.65
SUPERHOUSE,2024-06-30,5.27,142.95,5.4,7.25
SUPERHOUSE,2024-09-30,1.68,182.13,2.48,10.82
SUPERHOUSE,2024-12-31,0.46,163.88,0.51,4.36
SUPERHOUSE,2025-03-31,0.81,176.04,0.66,9.68
SUPERHOUSE,2025-06-30,-0.25,162.68,-0.32,7.11
SUPERHOUSE,2025-09-30,3.85,190.05,4.25,12.28
SUPERHOUSE,2025-12-31,1.16,169.09,1.28,9.5
SUPRAJIT,2022-12-31,2.75,692.0,38.0,81.0
SUPRAJIT,2023-03-31,2.96,699.0,41.0,87.0
SUPRAJIT,2023-06-30,2.39,680.0,33.0,71.0
SUPRAJIT,2023-09-30,2.51,709.0,35.0,70.0
SUPRAJIT,2023-12-31,2.91,724.0,40.0,87.0
SUPRAJIT,2024-03-31,4.27,783.0,59.0,94.0
SUPRAJIT,2024-06-30,2.75,735.0,38.0,86.0
SUPRAJIT,2024-09-30,0.04,834.0,0.0,63.0
SUPRAJIT,2024-12-31,2.44,832.0,33.0,97.0
SUPRAJIT,2025-03-31,1.99,877.0,27.0,87.0
SUPRAJIT,2025-06-30,3.51,863.0,48.0,82.0
SUPRAJIT,2025-09-30,3.71,941.0,51.0,100.0
SUPRAJIT,2025-12-31,0.91,979.0,13.0,95.0
SUPREME,2022-12-31,1.38,22.6,4.91,5.46
SUPREME,2023-03-31,0.54,16.89,1.91,1.31
SUPREME,2023-06-30,0.57,13.59,2.06,2.67
SUPREME,2023-09-30,0.84,24.04,2.96,2.23
SUPREME,2023-12-31,0.34,14.15,1.28,1.48
SUPREME,2024-03-31,0.42,19.93,1.58,-0.26
SUPREME,2024-06-30,1.02,23.21,3.79,4.49
SUPREME,2024-09-30,1.1,23.18,4.1,4.4
SUPREME,2024-12-31,1.12,19.67,4.32,4.49
SUPREME,2025-03-31,-0.44,0.17,-1.69,-2.72
SUPREME,2025-06-30,0.02,0.16,0.05,-1.13
SUPREME,2025-09-30,0.07,0.1,0.27,-0.62
SUPREME,2025-12-31,0.04,1.3,0.12,-0.45
SUPREMEIND,2023-03-31,28.3,2598.0,359.0,480.0
SUPREMEIND,2023-06-30,16.97,2369.0,216.0,322.0
SUPREMEIND,2023-09-30,19.14,2309.0,243.0,356.0
SUPREMEIND,2023-12-31,20.17,2449.0,256.0,379.0
SUPREMEIND,2024-03-31,27.93,3008.0,355.0,491.0
SUPREMEIND,2024-06-30,21.52,2636.0,273.0,387.0
SUPREMEIND,2024-09-30,16.26,2273.0,207.0,319.0
SUPREMEIND,2024-12-31,14.72,2510.0,187.0,309.0
SUPREMEIND,2025-03-31,23.14,3027.0,294.0,416.0
SUPREMEIND,2025-06-30,15.93,2609.0,202.0,319.0
SUPREMEIND,2025-09-30,12.97,2394.0,165.0,297.0
SUPREMEIND,2025-12-31,12.07,2687.0,153.0,314.0
SUPREMEIND,2026-03-31,34.13,3528.0,434.0,623.0
SURAJEST,2023-06-30,4.42,102.0,15.0,47.0
SURAJEST,2023-09-30,5.1,103.0,17.0,63.0
SURAJEST,2023-12-31,3.74,106.0,17.0,70.0
SURAJEST,2024-03-31,4.34,100.0,19.0,53.0
SURAJEST,2024-06-30,6.79,134.0,30.0,63.0
SURAJEST,2024-09-30,7.18,109.0,32.0,63.0
SURAJEST,2024-12-31,4.18,170.0,20.0,46.0
SURAJEST,2025-03-31,3.83,136.0,18.0,30.0
SURAJEST,2025-06-30,4.45,132.0,21.0,50.0
SURAJEST,2025-09-30,6.93,145.0,33.0,65.0
SURAJEST,2025-12-31,5.26,180.0,25.0,54.0
SURAJLTD,2022-09-30,0.96,107.78,1.85,4.19
SURAJLTD,2023-03-31,6.9,82.35,12.67,19.51
SURAJLTD,2023-06-30,2.62,76.49,4.81,9.25
SURAJLTD,2023-09-30,2.3,84.92,4.23,7.48
SURAJLTD,2023-12-31,3.67,93.09,6.74,11.49
SURAJLTD,2024-03-31,3.31,76.17,6.07,11.25
SURAJLTD,2024-06-30,3.1,54.74,5.7,9.03
SURAJLTD,2024-09-30,3.52,56.64,6.47,8.33
SURAJLTD,2024-12-31,3.84,63.61,7.06,13.1
SURAJLTD,2025-03-31,-3.22,58.75,-5.92,-4.21
SURAJLTD,2025-06-30,1.49,50.34,2.74,4.84
SURAJLTD,2025-09-30,0.45,50.19,0.83,3.67
SURAJLTD,2025-12-31,0.75,61.88,1.38,5.18
SURAKSHA,2023-09-30,121.88,60.05,8.34,20.83
SURAKSHA,2023-12-31,67.39,51.82,4.53,15.32
SURAKSHA,2024-03-31,94.49,55.19,6.32,19.47
SURAKSHA,2024-06-30,1.84,60.73,7.67,20.61
SURAKSHA,2024-09-30,2.4,66.75,10.15,23.2
SURAKSHA,2024-12-31,1.18,59.51,5.98,18.25
SURAKSHA,2025-03-31,1.42,65.09,7.17,19.18
SURAKSHA,2025-06-30,1.8,72.59,9.18,23.74
SURAKSHA,2025-09-30,1.73,78.73,8.83,24.12
SURAKSHA,2025-12-31,1.44,77.69,7.24,23.16
SURANASOL,2025-03-31,-0.17,2.52,-0.82,-1.1
SURANASOL,2025-06-30,0.04,2.09,0.12,-1.81
SURANAT&P,2022-12-31,0.08,6.92,1.21,3.98
SURANAT&P,2023-03-31,-0.45,7.33,-5.73,-4.21
SURANAT&P,2023-06-30,0.1,7.0,1.7,4.03
SURANAT&P,2023-09-30,0.05,5.78,0.73,2.47
SURANAT&P,2023-12-31,0.07,5.9,0.93,2.68
SURANAT&P,2024-03-31,0.39,6.59,5.45,2.57
SURANAT&P,2024-06-30,0.13,4.38,1.81,1.63
SURANAT&P,2024-09-30,0.16,3.01,1.91,0.77
SURANAT&P,2024-12-31,0.06,3.77,0.5,1.66
SURANAT&P,2025-03-31,1.42,4.77,19.22,-2.33
SURANAT&P,2025-06-30,0.2,4.14,2.45,1.54
SURANAT&P,2025-09-30,0.06,9.37,0.17,0.25
SURANAT&P,2025-12-31,0.3,23.42,3.7,-0.01
SURYALA,2015-09-30,4.73,89.0,2.0,8.0
SURYALA,2023-03-31,18.33,111.0,8.0,15.0
SURYALA,2023-06-30,10.8,105.0,5.0,10.0
SURYALA,2023-09-30,11.55,112.0,5.0,12.0
SURYALA,2023-12-31,8.65,117.0,4.0,10.0
SURYALA,2024-03-31,12.66,120.0,5.0,13.0
SURYALA,2024-06-30,4.73,118.0,2.0,8.0
SURYALA,2024-09-30,3.96,134.0,2.0,8.0
SURYALA,2024-12-31,7.85,122.0,3.0,10.0
SURYALA,2025-03-31,19.5,122.0,8.0,12.0
SURYALA,2025-06-30,13.69,126.0,6.0,13.0
SURYALA,2025-09-30,12.42,127.0,5.0,11.0
SURYALA,2025-12-31,31.64,126.0,14.0,9.0
SURYAROSNI,2022-12-31,4.12,2021.0,90.0,163.0
SURYAROSNI,2023-03-31,7.15,2151.0,156.0,252.0
SURYAROSNI,2023-06-30,2.72,1875.0,59.0,114.0
SURYAROSNI,2023-09-30,3.49,1916.0,76.0,137.0
SURYAROSNI,2023-12-31,4.14,1938.0,90.0,155.0
SURYAROSNI,2024-03-31,4.78,2080.0,104.0,166.0
SURYAROSNI,2024-06-30,4.25,1893.0,92.0,151.0
SURYAROSNI,2024-09-30,1.57,1529.0,34.0,76.0
SURYAROSNI,2024-12-31,4.13,1868.0,90.0,150.0
SURYAROSNI,2025-03-31,5.98,2146.0,130.0,202.0
SURYAROSNI,2025-06-30,1.55,1605.0,34.0,70.0
SURYAROSNI,2025-09-30,3.41,1845.0,74.0,118.0
SURYAROSNI,2025-12-31,3.66,1927.0,80.0,145.0
SUTLEJTEX,2022-12-31,-0.95,665.0,-16.0,16.0
SUTLEJTEX,2023-03-31,-1.46,744.0,-24.0,26.0
SUTLEJTEX,2023-06-30,-1.86,704.0,-30.0,-1.0
SUTLEJTEX,2023-09-30,-3.02,735.0,-49.0,-34.0
SUTLEJTEX,2023-12-31,-1.84,607.0,-30.0,-6.0
SUTLEJTEX,2024-03-31,-1.56,656.0,-26.0,4.0
SUTLEJTEX,2024-06-30,-0.7,658.0,-11.0,18.0
SUTLEJTEX,2024-09-30,-1.14,686.0,-19.0,12.0
SUTLEJTEX,2024-12-31,-1.57,654.0,-26.0,4.0
SUTLEJTEX,2025-03-31,-0.77,679.0,-13.0,9.0
SUTLEJTEX,2025-06-30,-1.84,605.0,-30.0,-4.0
SUTLEJTEX,2025-09-30,-1.33,642.0,-22.0,11.0
SUTLEJTEX,2025-12-31,-0.99,636.0,-16.0,16.0
SUVEN,2022-12-31,-2.34,3.0,-51.0,-52.0
SUVEN,2023-03-31,-1.27,3.0,-28.0,-32.0
SUVEN,2023-06-30,-1.1,4.0,-24.0,-28.0
SUVEN,2023-09-30,-0.58,3.0,-13.0,-24.0
SUVEN,2023-12-31,-1.91,2.0,-42.0,-46.0
SUVEN,2024-03-31,-1.22,2.0,-27.0,-30.0
SUVEN,2024-06-30,-1.29,1.0,-28.0,-31.0
SUVEN,2024-09-30,-2.28,3.0,-50.0,-52.0
SUVEN,2024-12-31,-1.79,2.0,-39.0,-39.0
SUVEN,2025-03-31,-2.01,1.0,-44.0,-44.0
SUVEN,2025-06-30,-2.36,2.0,-52.0,-51.0
SUVEN,2025-09-30,-3.4,1.0,-77.0,-80.0
SUVEN,2025-12-31,-4.48,3.0,-102.0,-103.0
SUYOG,2024-03-31,14.74,45.0,16.0,29.0
SUYOG,2024-06-30,15.84,46.0,17.0,33.0
SUYOG,2024-09-30,18.76,48.0,20.0,35.0
SUYOG,2024-12-31,15.9,49.0,17.0,34.0
SUYOG,2025-03-31,-12.38,50.0,-14.0,8.0
SUYOG,2025-06-30,15.48,55.0,17.0,41.0
SUYOG,2025-09-30,14.85,55.0,17.0,42.0
SUYOG,2025-12-31,12.49,56.0,15.0,40.0
SUZLON,2022-12-31,0.06,1458.0,78.0,215.0
SUZLON,2023-03-31,0.22,1694.0,320.0,233.0
SUZLON,2023-06-30,0.08,1351.0,101.0,199.0
SUZLON,2023-09-30,0.08,1421.0,102.0,225.0
SUZLON,2023-12-31,0.15,1560.0,203.0,248.0
SUZLON,2024-03-31,0.19,2196.0,254.0,357.0
SUZLON,2024-06-30,0.22,2022.0,302.0,370.0
SUZLON,2024-09-30,0.15,2103.0,201.0,294.0
SUZLON,2024-12-31,0.29,2975.0,388.0,500.0
SUZLON,2025-03-31,0.87,3790.0,1181.0,693.0
SUZLON,2025-06-30,0.24,3132.0,324.0,599.0
SUZLON,2025-09-30,0.94,3871.0,1279.0,721.0
SUZLON,2025-12-31,0.33,4236.0,445.0,738.0
SVLL,2025-09-30,0.9,55.97,1.04,13.6
SVLL,2025-12-31,-0.98,55.82,-1.13,12.81
SVPGLOB,2022-12-31,1.68,302.0,-6.0,76.0
SVPGLOB,2023-03-31,-12.51,77.0,-171.0,-94.0
SVPGLOB,2023-06-30,-4.68,77.0,-67.0,-1.0
SVPGLOB,2023-09-30,-4.31,73.0,-59.0,-2.0
SVPGLOB,2023-12-31,-3.41,71.0,-48.0,0.0
SVPGLOB,2024-03-31,-15.93,81.0,-259.0,-12.0
SVPGLOB,2024-06-30,-8.46,50.0,-107.0,-50.0
SVPGLOB,2024-09-30,-5.03,16.0,-64.0,-62.0
SVPGLOB,2024-12-31,-4.5,13.0,-57.0,-55.0
SVPGLOB,2025-03-31,-60.24,12.0,-752.0,-416.0
SVPGLOB,2025-06-30,-3.99,5.0,-51.0,-49.0
SVPGLOB,2025-09-30,-4.01,0.0,-51.0,-49.0
SVPGLOB,2025-12-31,-4.2,0.0,-53.0,-51.0
SWANCORP,2022-12-31,0.64,101.1,-15.7,-13.59
SWANCORP,2023-03-31,0.21,933.19,62.14,183.93
SWANCORP,2023-06-30,2.8,804.3,144.82,237.34
SWANCORP,2023-09-30,3.2,1223.26,165.56,256.96
SWANCORP,2023-12-31,4.36,1591.68,219.99,255.84
SWANCORP,2024-03-31,0.85,1397.91,55.59,117.53
SWANCORP,2024-06-30,4.43,1141.74,267.67,380.89
SWANCORP,2024-09-30,1.64,1032.19,67.13,120.1
SWANCORP,2024-12-31,18.59,1908.19,561.95,-656.26
SWANCORP,2025-03-31,-0.57,855.75,-22.35,13.9
SWANCORP,2025-06-30,0.61,1213.18,26.99,26.75
SWANCORP,2025-09-30,-0.12,1138.34,-5.87,5.04
SWANCORP,2025-12-31,-0.31,1150.02,-1.18,25.26
SWELECTES,2022-12-31,-0.5,25.63,-0.94,10.06
SWELECTES,2023-03-31,2.31,61.73,4.38,11.97
SWELECTES,2023-06-30,7.2,85.05,11.55,23.55
SWELECTES,2023-09-30,4.51,48.35,7.31,16.78
SWELECTES,2023-12-31,5.23,63.54,8.22,23.48
SWELECTES,2024-03-31,23.97,75.52,36.02,23.86
SWELECTES,2024-06-30,4.14,113.84,6.59,20.99
SWELECTES,2024-09-30,5.43,197.64,8.99,28.83
SWELECTES,2024-12-31,-7.1,91.38,-10.58,18.41
SWELECTES,2025-03-31,5.84,218.81,8.98,28.63
SWELECTES,2025-06-30,13.55,177.22,21.14,41.72
SWELECTES,2025-09-30,10.01,138.86,15.83,40.76
SWELECTES,2025-12-31,6.11,138.63,9.52,33.42
SWIGGY,2023-06-30,,2390.0,-564.0,-575.0
SWIGGY,2023-09-30,,2763.0,-657.0,-624.0
SWIGGY,2023-12-31,,3049.0,-574.0,-526.0
SWIGGY,2024-03-31,,3046.0,-555.0,-490.0
SWIGGY,2024-06-30,,3222.0,-611.0,-544.0
SWIGGY,2024-09-30,-62.75,3601.0,-626.0,-554.0
SWIGGY,2024-12-31,-3.57,3992.0,-799.0,-726.0
SWIGGY,2025-03-31,-4.73,4410.0,-1081.0,-964.0
SWIGGY,2025-06-30,-4.8,4961.0,-1197.0,-955.0
SWIGGY,2025-09-30,-4.38,5561.0,-1092.0,-799.0
SWIGGY,2025-12-31,-3.86,6148.0,-1065.0,-783.0
SWSOLAR,2023-03-31,-22.01,88.0,-421.0,-352.0
SWSOLAR,2023-06-30,-5.03,515.0,-95.0,-37.0
SWSOLAR,2023-09-30,-2.86,760.0,-55.0,1.0
SWSOLAR,2023-12-31,-2.73,583.0,-62.0,-16.0
SWSOLAR,2024-03-31,0.06,1178.0,1.0,29.0
SWSOLAR,2024-06-30,0.18,915.0,5.0,25.0
SWSOLAR,2024-09-30,0.3,1030.0,9.0,18.0
SWSOLAR,2024-12-31,0.64,1837.0,17.0,70.0
SWSOLAR,2025-03-31,2.37,2519.0,55.0,134.0
SWSOLAR,2025-06-30,1.37,1762.0,39.0,85.0
SWSOLAR,2025-09-30,-20.26,1749.0,-478.0,4.0
SWSOLAR,2025-12-31,-0.12,2092.0,2.0,67.0
SWSOLAR,2026-03-31,5.76,1946.0,142.0,146.0
SYMPHONY,2022-12-31,5.57,277.0,39.0,44.0
SYMPHONY,2023-03-31,2.29,308.0,16.0,23.0
SYMPHONY,2023-06-30,3.48,302.0,24.0,26.0
SYMPHONY,2023-09-30,5.08,275.0,35.0,41.0
SYMPHONY,2023-12-31,5.95,247.0,41.0,44.0
SYMPHONY,2024-03-31,6.96,332.0,48.0,57.0
SYMPHONY,2024-06-30,12.76,393.0,88.0,87.0
SYMPHONY,2024-09-30,8.15,289.0,56.0,77.0
SYMPHONY,2024-12-31,-1.46,242.0,-10.0,29.0
SYMPHONY,2025-03-31,11.5,381.0,79.0,99.0
SYMPHONY,2025-06-30,6.12,251.0,42.0,26.0
SYMPHONY,2025-09-30,2.77,163.0,19.0,24.0
SYMPHONY,2025-12-31,2.91,179.0,20.0,29.0
SYNCOMF,2022-12-31,0.04,57.0,4.0,6.0
SYNCOMF,2023-03-31,0.09,61.0,8.0,6.0
SYNCOMF,2023-06-30,0.05,60.0,4.0,6.0
SYNCOMF,2023-09-30,0.07,64.0,7.0,6.0
SYNCOMF,2023-12-31,0.07,65.0,7.0,7.0
SYNCOMF,2024-03-31,0.08,75.0,7.0,9.0
SYNCOMF,2024-06-30,0.08,87.0,8.0,10.0
SYNCOMF,2024-09-30,0.12,102.0,11.0,12.0
SYNCOMF,2024-12-31,0.14,128.0,13.0,15.0
SYNCOMF,2025-03-31,0.19,149.0,18.0,18.0
SYNCOMF,2025-06-30,0.17,117.0,16.0,16.0
SYNCOMF,2025-09-30,0.18,122.0,17.0,18.0
SYNCOMF,2025-12-31,0.2,115.0,19.0,21.0
SYNGENE,2023-03-31,4.45,994.0,179.0,314.0
SYNGENE,2023-06-30,2.32,808.0,93.0,212.0
SYNGENE,2023-09-30,2.9,910.0,116.0,254.0
SYNGENE,2023-12-31,2.77,854.0,112.0,232.0
SYNGENE,2024-03-31,4.69,917.0,189.0,317.0
SYNGENE,2024-06-30,1.88,790.0,76.0,170.0
SYNGENE,2024-09-30,2.64,891.0,106.0,245.0
SYNGENE,2024-12-31,3.26,944.0,131.0,284.0
SYNGENE,2025-03-31,4.55,1018.0,183.0,344.0
SYNGENE,2025-06-30,2.15,874.0,87.0,206.0
SYNGENE,2025-09-30,1.67,911.0,67.0,200.0
SYNGENE,2025-12-31,0.37,917.0,15.0,209.0
SYNGENE,2026-03-31,3.67,1036.0,148.0,303.0
SYRMA,2022-12-31,1.88,513.0,34.0,46.0
SYRMA,2023-03-31,2.39,680.0,43.0,57.0
SYRMA,2023-06-30,1.61,601.0,28.0,37.0
SYRMA,2023-09-30,1.6,712.0,31.0,49.0
SYRMA,2023-12-31,0.87,707.0,20.0,39.0
SYRMA,2024-03-31,1.97,1143.0,45.0,83.0
SYRMA,2024-06-30,1.09,1160.0,20.0,45.0
SYRMA,2024-09-30,2.04,833.0,40.0,71.0
SYRMA,2024-12-31,2.74,870.0,53.0,80.0
SYRMA,2025-03-31,3.67,924.0,71.0,108.0
SYRMA,2025-06-30,2.79,944.0,50.0,87.0
SYRMA,2025-09-30,3.33,1146.0,66.0,115.0
SYRMA,2025-12-31,5.33,1264.0,110.0,159.0
SYSTMTXC,2023-03-31,-0.04,15.0,-1.0,-1.0
SYSTMTXC,2023-06-30,0.34,18.0,4.0,4.0
SYSTMTXC,2023-09-30,0.14,20.0,2.0,3.0
SYSTMTXC,2023-12-31,1.84,48.0,24.0,31.0
SYSTMTXC,2024-03-31,1.79,53.0,23.0,26.0
SYSTMTXC,2024-06-30,0.13,29.0,2.0,3.0
SYSTMTXC,2024-09-30,1.71,37.0,22.0,8.0
SYSTMTXC,2024-12-31,1.36,42.0,19.0,22.0
SYSTMTXC,2025-03-31,0.24,30.0,3.0,1.0
SYSTMTXC,2025-06-30,0.77,39.0,10.0,16.0
SYSTMTXC,2025-09-30,1.06,56.0,14.0,21.0
SYSTMTXC,2025-12-31,0.05,34.0,1.0,4.0
SYSTMTXC,2026-03-31,-0.86,24.0,-12.0,-10.0
TAALTECH,2022-12-31,35.43,41.0,11.0,14.0
TAALTECH,2023-03-31,21.76,44.0,7.0,8.0
TAALTECH,2023-06-30,27.31,48.0,9.0,13.0
TAALTECH,2023-09-30,35.14,48.0,11.0,12.0
TAALTECH,2023-12-31,24.64,44.0,8.0,9.0
TAALTECH,2024-03-31,32.12,46.0,10.0,12.0
TAALTECH,2024-06-30,34.53,48.0,11.0,14.0
TAALTECH,2024-09-30,46.63,49.0,15.0,17.0
TAALTECH,2024-12-31,36.45,43.0,11.0,13.0
TAALTECH,2025-03-31,38.96,45.0,12.0,14.0
TAALTECH,2025-06-30,43.99,46.0,14.0,15.0
TAALTECH,2025-09-30,45.79,49.0,14.0,15.0
TAALTECH,2025-12-31,37.16,46.0,12.0,11.0
TAJGVK,2022-12-31,3.45,105.0,22.0,33.0
TAJGVK,2023-03-31,3.04,104.0,19.0,25.0
TAJGVK,2023-06-30,2.63,92.0,16.0,26.0
TAJGVK,2023-09-30,2.27,89.0,14.0,22.0
TAJGVK,2023-12-31,4.91,111.0,31.0,40.0
TAJGVK,2024-03-31,4.98,116.0,31.0,41.0
TAJGVK,2024-06-30,2.71,93.0,17.0,27.0
TAJGVK,2024-09-30,3.86,105.0,24.0,29.0
TAJGVK,2024-12-31,6.57,127.0,41.0,50.0
TAJGVK,2025-03-31,5.55,125.0,35.0,33.0
TAJGVK,2025-06-30,4.14,106.0,26.0,32.0
TAJGVK,2025-09-30,4.39,107.0,28.0,34.0
TAJGVK,2025-12-31,5.9,136.0,37.0,42.0
TALBROAUTO,2022-12-31,2.23,159.0,14.0,23.0
TALBROAUTO,2023-03-31,2.74,175.0,17.0,25.0
TALBROAUTO,2023-06-30,2.82,183.0,17.0,25.0
TALBROAUTO,2023-09-30,3.25,194.0,20.0,28.0
TALBROAUTO,2023-12-31,3.69,199.0,23.0,30.0
TALBROAUTO,2024-03-31,8.07,203.0,50.0,31.0
TALBROAUTO,2024-06-30,3.34,204.0,21.0,30.0
TALBROAUTO,2024-09-30,3.79,215.0,23.0,33.0
TALBROAUTO,2024-12-31,3.86,201.0,24.0,33.0
TALBROAUTO,2025-03-31,4.31,206.0,27.0,35.0
TALBROAUTO,2025-06-30,3.6,207.0,22.0,31.0
TALBROAUTO,2025-09-30,3.74,213.0,23.0,32.0
TALBROAUTO,2025-12-31,4.41,214.0,27.0,33.0
TAMBOLIIN,2022-12-31,3.59,22.84,3.56,5.06
TAMBOLIIN,2023-03-31,0.99,14.98,0.98,2.91
TAMBOLIIN,2023-06-30,2.17,19.29,2.15,3.69
TAMBOLIIN,2023-09-30,1.72,19.14,1.71,3.42
TAMBOLIIN,2023-12-31,2.27,19.66,2.25,3.84
TAMBOLIIN,2024-03-31,1.43,16.93,1.42,3.0
TAMBOLIIN,2024-06-30,1.4,14.1,1.39,3.34
TAMBOLIIN,2024-09-30,1.58,16.79,1.57,2.82
TAMBOLIIN,2024-12-31,2.26,18.21,2.24,4.19
TAMBOLIIN,2025-03-31,2.53,19.8,2.51,4.15
TAMBOLIIN,2025-06-30,1.28,16.71,1.27,2.2
TAMBOLIIN,2025-09-30,1.96,19.18,1.94,3.32
TAMBOLIIN,2025-12-31,2.52,21.78,2.5,4.68
TANLA,2023-03-31,8.95,833.0,120.0,166.0
TANLA,2023-06-30,10.07,911.0,135.0,182.0
TANLA,2023-09-30,10.6,1009.0,143.0,197.0
TANLA,2023-12-31,10.42,1003.0,140.0,193.0
TANLA,2024-03-31,9.69,1006.0,130.0,160.0
TANLA,2024-06-30,10.5,1002.0,141.0,189.0
TANLA,2024-09-30,9.68,1001.0,130.0,175.0
TANLA,2024-12-31,8.8,1000.0,119.0,163.0
TANLA,2025-03-31,8.72,1024.0,117.0,163.0
TANLA,2025-06-30,8.8,1041.0,118.0,164.0
TANLA,2025-09-30,9.43,1078.0,125.0,177.0
TANLA,2025-12-31,9.91,1121.0,131.0,191.0
TANLA,2026-03-31,10.13,1178.0,134.0,192.0
TARC,2022-12-31,0.04,94.0,1.0,14.0
TARC,2023-03-31,0.05,135.0,2.0,38.0
TARC,2023-06-30,0.24,63.0,7.0,41.0
TARC,2023-09-30,0.04,30.0,1.0,-9.0
TARC,2023-12-31,-1.13,9.0,-33.0,6.0
TARC,2024-03-31,-1.75,9.0,-52.0,-4.0
TARC,2024-06-30,-1.04,8.0,-31.0,-15.0
TARC,2024-09-30,-2.28,4.0,-67.0,-24.0
TARC,2024-12-31,-0.97,9.0,-29.0,-11.0
TARC,2025-03-31,-3.54,12.0,-105.0,-84.0
TARC,2025-06-30,1.84,76.0,54.0,-120.0
TARC,2025-09-30,-0.53,7.0,-16.0,-36.0
TARC,2025-12-31,-0.71,38.0,-21.0,-18.0
TARIL,2023-03-31,0.34,438.0,10.0,33.0
TARIL,2023-06-30,-0.48,156.0,-12.0,4.0
TARIL,2023-09-30,0.06,257.0,2.0,20.0
TARIL,2023-12-31,0.55,369.0,16.0,38.0
TARIL,2024-03-31,1.4,513.0,42.0,72.0
TARIL,2024-06-30,0.67,322.0,21.0,42.0
TARIL,2024-09-30,1.51,462.0,46.0,69.0
TARIL,2024-12-31,1.82,559.0,55.0,85.0
TARIL,2025-03-31,3.14,676.0,94.0,131.0
TARIL,2025-06-30,2.24,529.0,67.0,88.0
TARIL,2025-09-30,1.13,460.0,37.0,52.0
TARIL,2025-12-31,2.46,737.0,76.0,125.0
TARIL,2026-03-31,2.97,783.0,91.0,118.0
TARSONS,2021-06-30,4.88,69.15,24.84,36.76
TARSONS,2021-09-30,4.89,76.05,24.9,38.47
TARSONS,2021-12-31,4.04,70.66,21.47,33.14
TARSONS,2022-03-31,5.54,84.94,29.46,44.33
TARSONS,2023-12-31,1.87,61.79,9.93,22.88
TARSONS,2024-03-31,1.94,105.72,10.32,30.24
TARSONS,2024-06-30,0.76,84.8,4.02,18.76
TARSONS,2024-09-30,1.93,99.25,10.29,25.31
TARSONS,2024-12-31,0.99,95.68,5.26,29.64
TARSONS,2025-03-31,1.92,112.69,10.2,37.02
TARSONS,2025-06-30,0.33,91.36,1.78,24.7
TARSONS,2025-09-30,0.62,102.33,3.32,27.45
TARSONS,2025-12-31,0.95,107.89,5.04,31.52
TATACAP,2024-09-30,2.87,,1133.0,
TATACAP,2024-12-31,2.87,,1050.0,
TATACAP,2025-03-31,2.77,,1000.0,
TATACAP,2025-06-30,2.48,,1041.0,
TATACAP,2025-09-30,2.72,,1119.0,
TATACAP,2025-12-31,2.96,,1265.0,
TATACAP,2026-03-31,3.54,,1466.0,
TATACHEM,2022-12-31,15.35,4148.0,425.0,831.0
TATACHEM,2023-03-31,27.83,4407.0,692.0,965.0
TATACHEM,2023-06-30,20.88,4218.0,587.0,1043.0
TATACHEM,2023-09-30,16.8,3998.0,495.0,807.0
TATACHEM,2023-12-31,6.2,3730.0,194.0,542.0
TATACHEM,2024-03-31,-33.36,3475.0,-841.0,443.0
TATACHEM,2024-06-30,5.89,3789.0,190.0,574.0
TATACHEM,2024-09-30,7.61,3999.0,267.0,618.0
TATACHEM,2024-12-31,-2.08,3590.0,-21.0,434.0
TATACHEM,2025-03-31,-2.2,3509.0,-49.0,327.0
TATACHEM,2025-06-30,9.89,3719.0,316.0,649.0
TATACHEM,2025-09-30,3.02,3877.0,154.0,537.0
TATACHEM,2025-12-31,-3.65,3550.0,-69.0,345.0
TATACOMM,2023-03-31,11.44,4569.0,327.0,1034.0
TATACOMM,2023-06-30,13.39,4771.0,382.0,1024.0
TATACOMM,2023-09-30,7.74,4872.0,221.0,1015.0
TATACOMM,2023-12-31,1.57,5588.0,45.0,1153.0
TATACOMM,2024-03-31,11.27,5645.0,322.0,1076.0
TATACOMM,2024-06-30,11.68,5592.0,333.0,1137.0
TATACOMM,2024-09-30,7.97,5728.0,227.0,1129.0
TATACOMM,2024-12-31,8.28,5798.0,236.0,1181.0
TATACOMM,2025-03-31,36.5,5990.0,1041.0,1122.0
TATACOMM,2025-06-30,6.67,5960.0,190.0,1137.0
TATACOMM,2025-09-30,6.42,6100.0,183.0,1174.0
TATACOMM,2025-12-31,12.82,6189.0,364.0,1228.0
TATACOMM,2026-03-31,9.24,6554.0,259.0,1284.0
TATACONSUM,2022-12-31,3.65,3475.0,364.0,454.0
TATACONSUM,2023-03-31,2.78,3619.0,290.0,512.0
TATACONSUM,2023-06-30,3.28,3741.0,338.0,545.0
TATACONSUM,2023-09-30,3.51,3734.0,364.0,537.0
TATACONSUM,2023-12-31,2.89,3804.0,302.0,572.0
TATACONSUM,2024-03-31,2.19,3927.0,212.0,630.0
TATACONSUM,2024-06-30,2.93,4352.0,289.0,667.0
TATACONSUM,2024-09-30,3.68,4214.0,367.0,626.0
TATACONSUM,2024-12-31,2.82,4444.0,282.0,565.0
TATACONSUM,2025-03-31,3.49,4608.0,349.0,621.0
TATACONSUM,2025-06-30,3.38,4779.0,332.0,607.0
TATACONSUM,2025-09-30,4.09,4966.0,407.0,672.0
TATACONSUM,2025-12-31,3.89,5112.0,385.0,721.0
TATAELXSI,2012-03-31,1.33,146.0,8.0,22.0
TATAELXSI,2012-06-30,0.42,146.0,3.0,13.0
TATAELXSI,2012-09-30,0.29,155.0,2.0,20.0
TATAELXSI,2012-12-31,1.4,157.0,9.0,16.0
TATAELXSI,2013-03-31,1.31,163.0,8.0,22.0
TATAELXSI,2013-06-30,1.43,173.0,9.0,13.0
TATAELXSI,2013-09-30,3.2,190.0,20.0,32.0
TATAELXSI,2013-12-31,3.46,200.0,22.0,44.0
TATAELXSI,2014-03-31,3.51,212.0,22.0,47.0
TATAELXSI,2014-06-30,3.34,191.0,21.0,38.0
TATAELXSI,2014-09-30,3.79,206.0,24.0,42.0
TATAELXSI,2014-12-31,4.46,221.0,28.0,50.0
TATAELXSI,2015-03-31,4.79,231.0,30.0,47.0
TATAINVEST,2023-03-31,0.4,31.0,20.0,22.0
TATAINVEST,2023-06-30,2.9,152.0,148.0,143.0
TATAINVEST,2023-09-30,2.46,124.0,124.0,114.0
TATAINVEST,2023-12-31,1.05,51.0,53.0,44.0
TATAINVEST,2024-03-31,1.2,57.0,60.0,49.0
TATAINVEST,2024-06-30,2.59,142.0,131.0,131.0
TATAINVEST,2024-09-30,2.44,142.0,124.0,133.0
TATAINVEST,2024-12-31,0.39,4.0,20.0,-5.0
TATAINVEST,2025-03-31,0.75,16.0,38.0,7.0
TATAINVEST,2025-06-30,2.89,145.0,146.0,134.0
TATAINVEST,2025-09-30,2.93,154.0,148.0,144.0
TATAINVEST,2025-12-31,1.49,58.0,75.0,48.0
TATAINVEST,2026-03-31,1.26,40.0,64.0,30.0
TATAPOWER,2022-12-31,2.96,14129.0,1052.0,2319.0
TATAPOWER,2023-03-31,2.43,12454.0,939.0,1928.0
TATAPOWER,2023-06-30,3.04,15213.0,1141.0,2713.0
TATAPOWER,2023-09-30,2.74,15738.0,1017.0,2771.0
TATAPOWER,2023-12-31,2.98,14651.0,1076.0,2417.0
TATAPOWER,2024-03-31,2.8,15847.0,1046.0,2307.0
TATAPOWER,2024-06-30,3.04,17294.0,1189.0,3062.0
TATAPOWER,2024-09-30,2.9,15698.0,1093.0,3271.0
TATAPOWER,2024-12-31,3.23,15391.0,1188.0,3079.0
TATAPOWER,2025-03-31,3.26,17096.0,1306.0,3068.0
TATAPOWER,2025-06-30,3.32,18035.0,1262.0,3565.0
TATAPOWER,2025-09-30,2.88,15545.0,1245.0,3302.0
TATAPOWER,2025-12-31,2.42,13948.0,1194.0,3042.0
TATASTEEL,2022-12-31,-1.82,57084.0,-2502.0,4048.0
TATASTEEL,2023-03-31,1.39,62962.0,1566.0,7219.0
TATASTEEL,2023-06-30,0.52,59490.0,525.0,4903.0
TATASTEEL,2023-09-30,-5.07,55682.0,-6511.0,4268.0
TATASTEEL,2023-12-31,0.42,55312.0,522.0,6264.0
TATASTEEL,2024-03-31,0.49,58687.0,555.0,6601.0
TATASTEEL,2024-06-30,0.77,54771.0,919.0,6694.0
TATASTEEL,2024-09-30,0.67,53905.0,759.0,6116.0
TATASTEEL,2024-12-31,0.26,53648.0,295.0,5903.0
TATASTEEL,2025-03-31,1.04,56218.0,1201.0,6559.0
TATASTEEL,2025-06-30,1.66,53178.0,2007.0,7428.0
TATASTEEL,2025-09-30,2.48,58689.0,3183.0,8897.0
TATASTEEL,2025-12-31,2.15,57002.0,2730.0,8200.0
TATATECH,2022-12-31,36.58,1123.89,148.38,205.75
TATATECH,2023-03-31,5.34,1402.39,216.56,242.66
TATATECH,2023-06-30,4.72,1257.53,191.53,250.46
TATATECH,2023-09-30,3.95,1269.17,160.38,214.29
TATATECH,2023-12-31,4.2,1289.45,170.22,236.56
TATATECH,2024-03-31,3.88,1301.05,157.24,239.97
TATATECH,2024-06-30,3.99,1268.97,162.03,231.08
TATATECH,2024-09-30,3.88,1296.45,157.41,235.54
TATATECH,2024-12-31,4.16,1317.38,168.64,234.02
TATATECH,2025-03-31,4.66,1285.65,188.87,233.41
TATATECH,2025-06-30,4.2,1244.29,170.28,200.14
TATATECH,2025-09-30,4.08,1323.33,165.5,207.82
TATATECH,2025-12-31,0.16,1365.73,6.64,192.85
TATVA,2022-12-31,5.24,121.0,12.0,18.0
TATVA,2023-03-31,7.65,125.0,17.0,16.0
TATVA,2023-06-30,4.29,114.0,10.0,21.0
TATVA,2023-09-30,3.33,97.0,8.0,20.0
TATVA,2023-12-31,1.48,84.0,3.0,11.0
TATVA,2024-03-31,4.11,98.0,10.0,16.0
TATVA,2024-06-30,2.23,105.0,5.0,13.0
TATVA,2024-09-30,-0.28,83.0,-1.0,6.0
TATVA,2024-12-31,0.06,86.0,0.0,7.0
TATVA,2025-03-31,0.44,108.0,1.0,9.0
TATVA,2025-06-30,2.84,117.0,7.0,17.0
TATVA,2025-09-30,4.24,124.0,10.0,22.0
TATVA,2025-12-31,6.49,131.0,15.0,25.0
TBOTEK,2023-03-31,2.57,281.0,28.0,36.0
TBOTEK,2023-06-30,4.59,345.0,47.0,67.0
TBOTEK,2023-09-30,5.41,352.0,56.0,70.0
TBOTEK,2023-12-31,4.93,327.0,51.0,56.0
TBOTEK,2024-03-31,4.47,369.0,46.0,66.0
TBOTEK,2024-06-30,5.61,418.0,61.0,79.0
TBOTEK,2024-09-30,5.53,451.0,60.0,75.0
TBOTEK,2024-12-31,4.6,422.0,50.0,55.0
TBOTEK,2025-03-31,5.43,446.0,59.0,65.0
TBOTEK,2025-06-30,5.8,511.0,63.0,74.0
TBOTEK,2025-09-30,6.22,568.0,68.0,88.0
TBOTEK,2025-12-31,4.94,784.0,54.0,100.0
TBZ,2022-12-31,3.08,812.0,21.0,44.0
TBZ,2023-03-31,1.76,465.0,12.0,31.0
TBZ,2023-06-30,1.7,571.0,11.0,32.0
TBZ,2023-09-30,1.35,481.0,9.0,30.0
TBZ,2023-12-31,3.21,741.0,21.0,46.0
TBZ,2024-03-31,1.89,507.0,13.0,31.0
TBZ,2024-06-30,2.56,596.0,17.0,41.0
TBZ,2024-09-30,1.79,567.0,12.0,35.0
TBZ,2024-12-31,4.48,928.0,30.0,60.0
TBZ,2025-03-31,1.42,529.0,9.0,36.0
TBZ,2025-06-30,3.37,624.0,22.0,53.0
TBZ,2025-09-30,4.72,688.0,32.0,64.0
TBZ,2025-12-31,12.08,1061.0,81.0,131.0
TCC,2022-12-31,,0.0,0.0,0.0
TCC,2023-03-31,,1.0,1.0,1.0
TCC,2023-06-30,1.99,4.0,3.0,3.0
TCC,2023-09-30,1.28,28.0,2.0,6.0
TCC,2023-12-31,8.02,29.0,11.0,15.0
TCC,2024-03-31,2.29,13.0,5.0,6.0
TCC,2024-06-30,2.39,12.0,5.0,8.0
TCC,2024-09-30,2.6,17.0,9.0,14.0
TCC,2024-12-31,2.9,22.0,10.0,13.0
TCC,2025-03-31,4.79,32.0,17.0,25.0
TCC,2025-06-30,2.64,22.0,9.0,18.0
TCC,2025-09-30,2.93,27.0,10.0,21.0
TCC,2025-12-31,2.93,46.0,14.0,30.0
TCI,2022-12-31,11.05,967.0,86.0,114.0
TCI,2023-03-31,10.51,979.0,82.0,108.0
TCI,2023-06-30,10.6,950.0,83.0,101.0
TCI,2023-09-30,11.21,994.0,88.0,100.0
TCI,2023-12-31,10.22,1002.0,80.0,100.0
TCI,2024-03-31,13.13,1079.0,103.0,109.0
TCI,2024-06-30,11.69,1045.0,92.0,104.0
TCI,2024-09-30,13.9,1121.0,107.0,117.0
TCI,2024-12-31,13.17,1147.0,102.0,118.0
TCI,2025-03-31,14.91,1179.0,115.0,122.0
TCI,2025-06-30,13.89,1139.0,107.0,121.0
TCI,2025-09-30,14.68,1205.0,114.0,127.0
TCI,2025-12-31,14.95,1249.0,116.0,127.0
TCIEXP,2023-03-31,10.04,326.0,38.0,54.0
TCIEXP,2023-06-30,8.44,305.0,32.0,46.0
TCIEXP,2023-09-30,9.28,320.0,36.0,50.0
TCIEXP,2023-12-31,8.4,312.0,32.0,46.0
TCIEXP,2024-03-31,8.24,317.0,32.0,45.0
TCIEXP,2024-06-30,5.82,293.0,22.0,33.0
TCIEXP,2024-09-30,6.5,312.0,25.0,37.0
TCIEXP,2024-12-31,5.0,296.0,19.0,29.0
TCIEXP,2025-03-31,5.04,307.0,19.0,26.0
TCIEXP,2025-06-30,5.07,287.0,19.0,28.0
TCIEXP,2025-09-30,6.22,309.0,24.0,34.0
TCIEXP,2025-12-31,5.73,314.0,22.0,32.0
TCPLPACK,2022-12-31,26.88,378.0,24.0,60.0
TCPLPACK,2023-03-31,26.71,393.0,24.0,64.0
TCPLPACK,2023-06-30,26.13,371.0,24.0,61.0
TCPLPACK,2023-09-30,31.21,406.0,28.0,65.0
TCPLPACK,2023-12-31,21.14,364.0,19.0,55.0
TCPLPACK,2024-03-31,31.47,401.0,29.0,70.0
TCPLPACK,2024-06-30,34.86,406.0,32.0,71.0
TCPLPACK,2024-09-30,39.05,463.0,36.0,77.0
TCPLPACK,2024-12-31,41.46,480.0,38.0,71.0
TCPLPACK,2025-03-31,41.78,422.0,38.0,72.0
TCPLPACK,2025-06-30,24.53,425.0,22.0,73.0
TCPLPACK,2025-09-30,31.56,460.0,29.0,69.0
TCPLPACK,2025-12-31,27.52,471.0,25.0,81.0
TCS,2023-03-31,31.13,59162.0,11436.0,15774.0
TCS,2023-06-30,30.26,59381.0,11120.0,14998.0
TCS,2023-09-30,31.0,59692.0,11380.0,15746.0
TCS,2023-12-31,30.56,60583.0,11097.0,16388.0
TCS,2024-03-31,34.37,61237.0,12502.0,17164.0
TCS,2024-06-30,33.28,62613.0,12105.0,16662.0
TCS,2024-09-30,32.92,64259.0,11955.0,16731.0
TCS,2024-12-31,34.22,63973.0,12444.0,17034.0
TCS,2025-03-31,33.79,64479.0,12293.0,16980.0
TCS,2025-06-30,35.27,63437.0,12819.0,16875.0
TCS,2025-09-30,33.37,65799.0,12131.0,17978.0
TCS,2025-12-31,29.45,67087.0,10720.0,18269.0
TCS,2026-03-31,37.92,70698.0,13784.0,19276.0
TDPOWERSYS,2022-12-31,1.29,205.0,20.0,33.0
TDPOWERSYS,2023-03-31,2.27,250.0,35.0,43.0
TDPOWERSYS,2023-06-30,1.71,220.0,27.0,39.0
TDPOWERSYS,2023-09-30,2.1,274.0,33.0,47.0
TDPOWERSYS,2023-12-31,1.91,243.0,30.0,40.0
TDPOWERSYS,2024-03-31,1.86,264.0,29.0,42.0
TDPOWERSYS,2024-06-30,2.26,274.0,35.0,48.0
TDPOWERSYS,2024-09-30,2.64,306.0,41.0,56.0
TDPOWERSYS,2024-12-31,2.88,350.0,45.0,61.0
TDPOWERSYS,2025-03-31,3.39,348.0,53.0,65.0
TDPOWERSYS,2025-06-30,3.21,372.0,50.0,69.0
TDPOWERSYS,2025-09-30,3.85,452.0,60.0,83.0
TDPOWERSYS,2025-12-31,3.61,443.0,56.0,80.0
TEAMLEASE,2022-12-31,16.94,2008.0,29.0,32.0
TEAMLEASE,2023-03-31,14.0,2027.0,24.0,34.0
TEAMLEASE,2023-06-30,15.74,2172.0,26.0,26.0
TEAMLEASE,2023-09-30,16.26,2273.0,28.0,32.0
TEAMLEASE,2023-12-31,18.49,2445.0,31.0,36.0
TEAMLEASE,2024-03-31,16.39,2432.0,28.0,37.0
TEAMLEASE,2024-06-30,12.4,2580.0,19.0,22.0
TEAMLEASE,2024-09-30,14.66,2797.0,25.0,33.0
TEAMLEASE,2024-12-31,16.95,2921.0,28.0,35.0
TEAMLEASE,2025-03-31,20.85,2858.0,38.0,47.0
TEAMLEASE,2025-06-30,15.83,2891.0,25.0,31.0
TEAMLEASE,2025-09-30,16.41,3032.0,28.0,38.0
TEAMLEASE,2025-12-31,24.88,3013.0,42.0,42.0
TECHM,2023-03-31,11.47,13718.0,1125.0,1803.0
TECHM,2023-06-30,7.1,13159.0,704.0,1338.0
TECHM,2023-09-30,5.06,12864.0,505.0,914.0
TECHM,2023-12-31,5.23,13101.0,524.0,1146.0
TECHM,2024-03-31,6.77,12871.0,664.0,1099.0
TECHM,2024-06-30,8.71,13006.0,865.0,1564.0
TECHM,2024-09-30,12.78,13313.0,1258.0,1750.0
TECHM,2024-12-31,10.05,13286.0,989.0,1809.0
TECHM,2025-03-31,11.92,13384.0,1142.0,1839.0
TECHM,2025-06-30,11.65,13351.0,1129.0,1935.0
TECHM,2025-09-30,12.19,13995.0,1202.0,2165.0
TECHM,2025-12-31,11.45,14393.0,1119.0,2366.0
TECHM,2026-03-31,13.82,15076.0,1356.0,2565.0
TECHNOE,2022-12-31,2.9,185.0,31.0,23.0
TECHNOE,2023-03-31,5.65,313.0,61.0,7.0
TECHNOE,2023-06-30,2.35,274.0,25.0,21.0
TECHNOE,2023-09-30,6.86,462.0,74.0,78.0
TECHNOE,2023-12-31,8.54,327.0,92.0,56.0
TECHNOE,2024-03-31,7.21,440.0,78.0,54.0
TECHNOE,2024-06-30,9.12,375.0,98.0,52.0
TECHNOE,2024-09-30,8.1,441.0,94.0,70.0
TECHNOE,2024-12-31,8.25,636.0,96.0,90.0
TECHNOE,2025-03-31,11.58,816.0,135.0,127.0
TECHNOE,2025-06-30,11.7,526.0,136.0,92.0
TECHNOE,2025-09-30,8.94,843.0,104.0,111.0
TECHNOE,2025-12-31,10.25,872.0,119.0,126.0
TECHNVISN,2022-12-31,-6.31,37.4,-3.96,-3.62
TECHNVISN,2023-03-31,4.78,42.01,3.0,3.63
TECHNVISN,2023-06-30,-10.9,31.26,-6.84,-6.43
TECHNVISN,2023-09-30,4.08,50.04,2.56,3.39
TECHNVISN,2023-12-31,14.25,59.8,8.94,10.45
TECHNVISN,2024-03-31,14.14,51.67,8.87,9.4
TECHNVISN,2024-06-30,3.44,52.41,2.16,3.2
TECHNVISN,2024-09-30,-4.11,55.09,-2.58,-1.89
TECHNVISN,2024-12-31,2.17,80.96,1.36,1.67
TECHNVISN,2025-03-31,-1.32,39.35,-0.83,0.65
TECHNVISN,2025-06-30,0.05,56.62,0.03,1.29
TECHNVISN,2025-09-30,1.13,71.23,0.71,2.3
TECHNVISN,2025-12-31,5.91,74.38,3.71,4.76
TEGA,2022-12-31,7.3,297.0,48.0,67.0
TEGA,2023-03-31,11.64,396.0,77.0,103.0
TEGA,2023-06-30,3.22,268.0,21.0,39.0
TEGA,2023-09-30,7.13,377.0,47.0,82.0
TEGA,2023-12-31,5.36,340.0,36.0,56.0
TEGA,2024-03-31,13.45,507.0,89.0,139.0
TEGA,2024-06-30,5.52,340.0,37.0,64.0
TEGA,2024-09-30,1.09,353.0,7.0,34.0
TEGA,2024-12-31,8.15,409.0,54.0,91.0
TEGA,2025-03-31,15.32,536.0,102.0,150.0
TEGA,2025-06-30,5.31,356.0,35.0,56.0
TEGA,2025-09-30,6.75,405.0,45.0,69.0
TEGA,2025-12-31,2.62,404.0,20.0,46.0
TEJASNET,2023-03-31,-0.68,299.0,-11.0,-8.0
TEJASNET,2023-06-30,-1.55,188.0,-26.0,-46.0
TEJASNET,2023-09-30,-0.74,396.0,-13.0,13.0
TEJASNET,2023-12-31,-2.64,560.0,-45.0,-8.0
TEJASNET,2024-03-31,8.6,1327.0,147.0,309.0
TEJASNET,2024-06-30,4.53,1563.0,77.0,230.0
TEJASNET,2024-09-30,16.07,2811.0,275.0,535.0
TEJASNET,2024-12-31,9.43,2642.0,166.0,372.0
TEJASNET,2025-03-31,-4.07,1907.0,-72.0,122.0
TEJASNET,2025-06-30,-10.98,202.0,-194.0,-136.0
TEJASNET,2025-09-30,-17.36,262.0,-307.0,-294.0
TEJASNET,2025-12-31,-11.07,307.0,-197.0,-134.0
TEJASNET,2026-03-31,-11.89,333.0,-211.0,-118.0
TEMBO,2022-12-31,1.79,56.0,2.0,4.0
TEMBO,2023-03-31,1.18,87.0,1.0,3.0
TEMBO,2023-06-30,1.7,81.0,2.0,4.0
TEMBO,2023-09-30,4.7,114.0,5.0,8.0
TEMBO,2023-12-31,4.01,115.0,4.0,5.0
TEMBO,2024-03-31,2.38,122.0,3.0,1.0
TEMBO,2024-06-30,4.88,128.0,5.0,8.0
TEMBO,2024-09-30,13.13,164.0,15.0,15.0
TEMBO,2024-12-31,14.69,168.0,19.0,30.0
TEMBO,2025-03-31,9.48,274.0,15.0,29.0
TEMBO,2025-06-30,12.3,248.0,20.0,28.0
TEMBO,2025-09-30,12.98,245.0,22.0,32.0
TEMBO,2025-12-31,16.37,251.0,26.0,43.0
TENNIND,2024-09-30,6.39,1169.0,137.0,205.0
TENNIND,2024-12-31,5.85,1125.0,125.0,178.0
TENNIND,2025-06-30,4.16,1286.0,168.0,229.0
TENNIND,2025-09-30,3.73,1281.0,151.0,217.0
TENNIND,2025-12-31,2.94,1285.0,119.0,223.0
TERASOFT,2022-09-30,-0.58,26.48,-0.73,0.29
TERASOFT,2023-06-30,0.63,19.44,0.79,1.8
TERASOFT,2023-09-30,-0.14,21.17,-0.18,2.02
TERASOFT,2023-12-31,0.89,20.73,1.11,1.12
TERASOFT,2024-03-31,1.5,23.14,1.88,1.88
TERASOFT,2024-06-30,2.19,24.85,2.74,3.44
TERASOFT,2024-09-30,1.01,25.34,1.26,2.31
TERASOFT,2024-12-31,1.74,23.89,2.18,2.88
TERASOFT,2025-03-31,2.36,33.56,2.95,3.65
TERASOFT,2025-06-30,3.72,32.74,4.65,7.51
TERASOFT,2025-09-30,5.24,71.43,6.56,9.66
TERASOFT,2025-12-31,5.09,59.14,6.37,9.81
TEXINFRA,2022-12-31,0.01,4.0,0.05,-0.24
TEXINFRA,2023-03-31,0.01,4.21,0.1,-1.03
TEXINFRA,2023-06-30,0.03,3.55,0.34,-0.54
TEXINFRA,2023-09-30,0.16,5.22,2.07,-0.06
TEXINFRA,2023-12-31,0.04,3.88,0.48,-0.22
TEXINFRA,2024-03-31,0.2,3.43,2.51,-1.39
TEXINFRA,2024-06-30,0.03,3.79,0.36,-0.43
TEXINFRA,2024-09-30,0.21,4.78,2.64,-2.72
TEXINFRA,2024-12-31,-0.89,3.98,-11.31,0.05
TEXINFRA,2025-03-31,0.09,3.33,1.36,-4.03
TEXINFRA,2025-06-30,0.26,4.05,3.4,-0.45
TEXINFRA,2025-09-30,0.47,5.22,6.01,-0.27
TEXINFRA,2025-12-31,0.08,3.82,1.07,-1.95
TEXMOPIPES,2022-12-31,1.07,206.38,3.12,11.77
TEXMOPIPES,2023-03-31,-25.82,166.89,-75.37,-55.01
TEXMOPIPES,2023-06-30,2.72,204.04,7.95,14.54
TEXMOPIPES,2023-09-30,0.32,122.69,0.94,5.98
TEXMOPIPES,2023-12-31,0.85,122.47,2.48,7.38
TEXMOPIPES,2024-03-31,-2.31,85.02,-6.78,5.46
TEXMOPIPES,2024-06-30,1.95,118.78,6.17,13.0
TEXMOPIPES,2024-09-30,0.87,63.99,1.46,5.68
TEXMOPIPES,2024-12-31,1.72,109.84,4.48,9.86
TEXMOPIPES,2025-03-31,2.03,98.59,5.85,6.62
TEXMOPIPES,2025-06-30,1.75,105.22,5.2,8.32
TEXMOPIPES,2025-09-30,0.8,63.05,2.12,6.19
TEXMOPIPES,2025-12-31,1.73,110.0,4.78,10.15
TEXRAIL,2022-12-31,0.4,625.0,13.0,56.0
TEXRAIL,2023-03-31,0.57,835.0,18.0,55.0
TEXRAIL,2023-06-30,0.4,657.0,13.0,21.0
TEXRAIL,2023-09-30,0.77,805.0,25.0,76.0
TEXRAIL,2023-12-31,0.8,896.0,30.0,82.0
TEXRAIL,2024-03-31,1.13,1145.0,45.0,84.0
TEXRAIL,2024-06-30,1.5,1088.0,59.0,107.0
TEXRAIL,2024-09-30,1.82,1346.0,74.0,132.0
TEXRAIL,2024-12-31,1.92,1326.0,76.0,131.0
TEXRAIL,2025-03-31,1.0,1346.0,39.0,98.0
TEXRAIL,2025-06-30,0.75,911.0,29.0,71.0
TEXRAIL,2025-09-30,1.62,1258.0,64.0,124.0
TEXRAIL,2025-12-31,1.05,1042.0,42.0,89.0
TFCILTD,2021-03-31,0.45,,18.0,
TFCILTD,2021-06-30,0.53,,21.0,
TFCILTD,2021-09-30,0.54,,22.0,
TFCILTD,2021-12-31,0.44,,20.0,
TFCILTD,2022-03-31,0.5,,22.0,
TFCILTD,2022-06-30,0.55,,25.0,
TFCILTD,2022-09-30,0.44,,20.0,
TFCILTD,2022-12-31,0.41,,18.0,
TFL,2022-12-31,-0.21,,-1.02,
TFL,2023-03-31,-1.23,,-6.0,
TFL,2023-06-30,-0.22,,-1.07,
TFL,2023-09-30,-0.1,,-0.5,
TFL,2023-12-31,-0.07,,-0.36,
TFL,2024-03-31,0.56,,2.73,
TFL,2024-06-30,-0.08,,-0.39,
TFL,2024-09-30,0.09,,0.47,
TFL,2024-12-31,-0.44,,-2.34,
TFL,2025-03-31,-0.2,,-1.1,
TFL,2025-06-30,-0.16,,-0.84,
TFL,2025-09-30,-0.23,,-1.26,
TFL,2025-12-31,-0.17,,-0.91,
TGBHOTELS,2018-06-30,0.12,18.66,0.34,1.4
TGBHOTELS,2018-09-30,0.18,19.68,0.52,1.12
TGBHOTELS,2018-12-31,-0.82,21.79,-2.39,-6.6
TGBHOTELS,2019-03-31,-15.22,20.67,-44.58,-38.28
TGBHOTELS,2019-06-30,0.12,7.44,0.35,0.69
TGBHOTELS,2019-09-30,0.14,7.4,0.42,1.01
TGBHOTELS,2019-12-31,0.17,9.37,0.5,0.89
TGBHOTELS,2020-03-31,-0.14,9.37,-0.41,-18.19
TGBHOTELS,2020-06-30,-0.66,0.78,-1.92,-1.2
THACKER,2022-12-31,21.15,1.08,2.3,0.93
THACKER,2023-03-31,21.05,1.12,2.29,0.97
THACKER,2023-06-30,22.8,1.01,2.48,0.89
THACKER,2023-09-30,40.91,2.12,4.45,1.96
THACKER,2023-12-31,47.07,1.07,5.12,0.91
THACKER,2024-03-31,55.53,1.07,6.04,0.91
THACKER,2024-06-30,47.44,1.08,5.16,0.92
THACKER,2024-09-30,57.0,2.05,6.2,1.92
THACKER,2024-12-31,34.94,1.31,3.8,1.05
THACKER,2025-03-31,53.05,1.89,5.77,1.75
THACKER,2025-06-30,58.2,1.2,6.33,1.02
THACKER,2025-09-30,41.74,2.12,4.54,1.95
THACKER,2025-12-31,35.67,1.26,3.88,1.08
THAKDEV,2022-12-31,0.9,15.26,0.81,1.09
THAKDEV,2023-03-31,5.12,19.11,4.61,7.96
THAKDEV,2023-06-30,0.54,10.26,0.49,1.09
THAKDEV,2023-09-30,0.06,8.97,0.05,0.65
THAKDEV,2023-12-31,0.86,5.19,0.77,0.5
THAKDEV,2024-03-31,-2.51,6.38,-2.26,-1.64
THAKDEV,2024-06-30,-0.37,4.09,-0.33,-0.24
THAKDEV,2024-09-30,3.2,14.26,2.88,2.68
THAKDEV,2024-12-31,0.14,7.05,0.13,-0.1
THAKDEV,2025-03-31,4.24,6.18,3.82,3.74
THAKDEV,2025-06-30,1.6,8.99,1.44,1.24
THAKDEV,2025-09-30,0.73,6.5,0.66,-1.32
THAKDEV,2025-12-31,5.61,14.39,5.05,4.85
THEINVEST,2022-12-31,0.05,67.0,0.0,2.0
THEINVEST,2023-03-31,2.49,78.0,13.0,15.0
THEINVEST,2023-06-30,-0.25,58.0,-1.0,1.0
THEINVEST,2023-09-30,1.98,76.0,10.0,18.0
THEINVEST,2023-12-31,1.15,67.0,6.0,10.0
THEINVEST,2024-03-31,0.67,86.0,5.0,22.0
THEINVEST,2024-06-30,2.37,71.0,13.0,21.0
THEINVEST,2024-09-30,3.9,111.0,20.0,24.0
THEINVEST,2024-12-31,0.77,77.0,6.0,25.0
THEINVEST,2025-03-31,1.1,94.0,7.0,22.0
THEINVEST,2025-06-30,1.75,70.0,10.0,18.0
THEINVEST,2025-09-30,0.56,79.0,6.0,17.0
THEINVEST,2025-12-31,2.27,82.0,13.0,19.0
THEJO,2022-12-31,8.38,122.0,9.21,15.03
THEJO,2023-03-31,4.39,121.82,4.92,10.2
THEJO,2023-06-30,11.84,134.69,13.5,22.66
THEJO,2023-09-30,12.25,134.03,13.52,23.06
THEJO,2023-12-31,16.15,149.87,18.92,29.04
THEJO,2024-03-31,11.59,140.82,13.45,25.5
THEJO,2024-06-30,8.85,130.53,9.6,18.42
THEJO,2024-09-30,10.98,133.44,12.29,16.87
THEJO,2024-12-31,12.13,135.58,13.84,24.17
THEJO,2025-03-31,14.03,153.19,16.58,28.21
THEJO,2025-06-30,8.68,135.56,9.75,16.35
THEJO,2025-09-30,13.92,153.11,14.11,21.07
THEJO,2025-12-31,8.2,162.25,8.39,18.46
THELEELA,2024-06-30,,228.0,-75.0,66.0
THELEELA,2024-09-30,,277.0,-51.0,114.0
THELEELA,2024-12-31,,370.0,56.0,187.0
THELEELA,2025-03-31,4.25,425.0,117.0,227.0
THELEELA,2025-06-30,0.26,275.0,9.0,101.0
THELEELA,2025-09-30,2.24,311.0,75.0,136.0
THELEELA,2025-12-31,4.43,457.0,148.0,235.0
THELEELA,2026-03-31,5.14,484.0,172.0,266.0
THEMISMED,2022-12-31,1.45,89.0,13.0,15.0
THEMISMED,2023-03-31,0.91,80.0,8.0,10.0
THEMISMED,2023-06-30,1.98,97.0,18.0,22.0
THEMISMED,2023-09-30,1.23,105.0,11.0,12.0
THEMISMED,2023-12-31,0.8,83.0,7.0,8.0
THEMISMED,2024-03-31,0.72,98.0,7.0,9.0
THEMISMED,2024-06-30,2.68,123.0,25.0,29.0
THEMISMED,2024-09-30,1.55,117.0,14.0,17.0
THEMISMED,2024-12-31,0.06,94.0,1.0,6.0
THEMISMED,2025-03-31,-1.05,72.0,-10.0,-8.0
THEMISMED,2025-06-30,-1.54,98.0,-14.0,-10.0
THEMISMED,2025-09-30,-0.39,78.0,-4.0,-3.0
THEMISMED,2025-12-31,1.1,90.0,10.0,10.0
THERMAX,2022-12-31,10.59,2049.0,126.0,161.0
THERMAX,2023-03-31,13.09,2311.0,156.0,200.0
THERMAX,2023-06-30,4.94,1933.0,60.0,132.0
THERMAX,2023-09-30,13.24,2302.0,159.0,204.0
THERMAX,2023-12-31,20.0,2324.0,237.0,187.0
THERMAX,2024-03-31,15.97,2764.0,188.0,273.0
THERMAX,2024-06-30,9.72,2184.0,109.0,141.0
THERMAX,2024-09-30,16.54,2616.0,198.0,278.0
THERMAX,2024-12-31,9.73,2529.0,114.0,188.0
THERMAX,2025-03-31,17.27,3085.0,206.0,300.0
THERMAX,2025-06-30,12.79,2158.0,151.0,225.0
THERMAX,2025-09-30,10.04,2474.0,119.0,172.0
THERMAX,2025-12-31,17.14,2635.0,205.0,255.0
THOMASCOOK,2022-12-31,0.39,1536.0,27.0,64.0
THOMASCOOK,2023-03-31,-0.15,1313.0,-10.0,36.0
THOMASCOOK,2023-06-30,1.55,1899.0,71.0,124.0
THOMASCOOK,2023-09-30,1.0,1843.0,51.0,103.0
THOMASCOOK,2023-12-31,1.75,1893.0,91.0,116.0
THOMASCOOK,2024-03-31,1.2,1664.0,58.0,91.0
THOMASCOOK,2024-06-30,1.6,2106.0,73.0,136.0
THOMASCOOK,2024-09-30,1.38,2004.0,72.0,125.0
THOMASCOOK,2024-12-31,1.05,2061.0,47.0,116.0
THOMASCOOK,2025-03-31,1.37,1969.0,66.0,98.0
THOMASCOOK,2025-06-30,1.53,2408.0,74.0,127.0
THOMASCOOK,2025-09-30,1.41,2074.0,71.0,108.0
THOMASCOOK,2025-12-31,0.89,2146.0,45.0,114.0
THYROCARE,2022-12-31,0.93,128.0,15.0,28.0
THYROCARE,2023-03-31,0.79,136.0,12.0,25.0
THYROCARE,2023-06-30,1.09,135.0,17.0,35.0
THYROCARE,2023-09-30,1.28,148.0,20.0,38.0
THYROCARE,2023-12-31,0.97,135.0,15.0,32.0
THYROCARE,2024-03-31,1.12,154.0,17.0,34.0
THYROCARE,2024-06-30,1.52,157.0,24.0,42.0
THYROCARE,2024-09-30,1.68,177.0,26.0,48.0
THYROCARE,2024-12-31,1.2,166.0,19.0,42.0
THYROCARE,2025-03-31,1.36,187.0,22.0,57.0
THYROCARE,2025-06-30,2.45,193.0,38.0,58.0
THYROCARE,2025-09-30,3.02,217.0,48.0,71.0
THYROCARE,2025-12-31,1.82,196.0,28.0,58.0
TI,2022-12-31,4.17,303.0,76.0,41.0
TI,2023-03-31,3.19,357.0,59.0,43.0
TI,2023-06-30,1.34,304.0,26.0,38.0
TI,2023-09-30,1.93,354.0,37.0,47.0
TI,2023-12-31,2.28,377.0,44.0,51.0
TI,2024-03-31,1.63,359.0,31.0,48.0
TI,2024-06-30,2.08,313.0,40.0,50.0
TI,2024-09-30,3.02,375.0,58.0,66.0
TI,2024-12-31,2.79,340.0,54.0,60.0
TI,2025-03-31,3.99,406.0,77.0,78.0
TI,2025-06-30,4.57,409.0,89.0,94.0
TI,2025-09-30,2.53,398.0,53.0,60.0
TI,2025-12-31,-4.26,664.0,-105.0,110.0
TICL,2022-12-31,-1.24,16.21,-3.55,-2.5
TICL,2023-03-31,5.65,42.58,16.24,6.14
TICL,2023-06-30,-2.61,19.08,-7.49,-7.28
TICL,2023-09-30,-0.01,3.22,-0.12,0.21
TICL,2023-12-31,0.04,8.09,0.6,0.19
TICL,2024-03-31,-0.98,22.66,-15.23,0.96
TICL,2024-06-30,0.06,7.72,0.99,1.49
TICL,2024-09-30,0.02,12.34,0.28,0.68
TICL,2024-12-31,0.11,15.07,1.77,2.97
TICL,2025-03-31,3.41,49.73,52.85,22.96
TICL,2025-06-30,0.07,11.74,1.1,0.75
TICL,2025-09-30,0.21,12.37,3.22,3.48
TICL,2025-12-31,0.11,20.83,1.7,1.94
TIGERLOGS,2017-12-31,0.28,80.09,2.98,5.17
TIGERLOGS,2018-03-31,0.37,96.9,3.92,6.73
TIGERLOGS,2018-06-30,0.22,73.25,2.28,3.78
TIGERLOGS,2018-09-30,0.2,81.6,2.16,4.69
TIGERLOGS,2018-12-31,0.03,78.32,0.32,1.15
TIGERLOGS,2019-03-31,0.15,97.2,1.56,4.29
TIGERLOGS,2019-06-30,0.06,70.15,0.59,1.48
TIGERLOGS,2019-09-30,0.05,79.09,0.5,2.12
TIGERLOGS,2019-12-31,0.07,84.2,0.79,2.79
TIGERLOGS,2020-03-31,-1.44,68.03,-15.25,-15.35
TIGERLOGS,2020-06-30,-0.68,23.85,-7.21,-6.84
TIGERLOGS,2020-09-30,-0.77,32.56,-8.19,-7.5
TIGERLOGS,2020-12-31,0.12,47.56,1.27,2.34
TIIL,2022-12-31,34.21,489.0,87.0,111.0
TIIL,2023-03-31,21.43,480.0,50.0,88.0
TIIL,2023-06-30,37.05,557.0,91.0,130.0
TIIL,2023-09-30,28.73,520.0,70.0,102.0
TIIL,2023-12-31,25.39,513.0,61.0,82.0
TIIL,2024-03-31,23.9,593.0,57.0,84.0
TIIL,2024-06-30,35.04,620.0,84.0,116.0
TIIL,2024-09-30,30.5,629.0,71.0,97.0
TIIL,2024-12-31,17.91,644.0,41.0,92.0
TIIL,2025-03-31,29.1,702.0,66.0,110.0
TIIL,2025-06-30,35.02,633.0,82.0,112.0
TIIL,2025-09-30,33.8,752.0,79.0,124.0
TIIL,2025-12-31,23.46,662.0,54.0,93.0
TIINDIA,2022-12-31,12.19,3643.0,324.0,469.0
TIINDIA,2023-03-31,16.14,3778.0,477.0,489.0
TIINDIA,2023-06-30,11.14,3898.0,284.0,467.0
TIINDIA,2023-09-30,13.77,4306.0,346.0,562.0
TIINDIA,2023-12-31,27.58,4197.0,828.0,469.0
TIINDIA,2024-03-31,9.88,4490.0,274.0,451.0
TIINDIA,2024-06-30,11.73,4578.0,317.0,531.0
TIINDIA,2024-09-30,10.69,4925.0,299.0,490.0
TIINDIA,2024-12-31,10.01,4812.0,280.0,491.0
TIINDIA,2025-03-31,2.4,5150.0,158.0,337.0
TIINDIA,2025-06-30,10.28,5309.0,303.0,546.0
TIINDIA,2025-09-30,9.65,5523.0,302.0,544.0
TIINDIA,2025-12-31,8.57,5801.0,279.0,585.0
TIL,2022-12-31,-4.78,11.1,-21.42,-12.84
TIL,2023-03-31,-5.54,15.86,-24.83,-13.49
TIL,2023-06-30,0.21,3.46,0.95,-18.08
TIL,2023-09-30,-4.54,19.96,-20.35,-11.57
TIL,2023-12-31,23.37,12.06,104.71,-18.26
TIL,2024-03-31,21.61,31.43,168.59,-28.18
TIL,2024-06-30,-0.14,66.98,-1.06,-4.74
TIL,2024-09-30,-0.27,67.64,-2.14,2.37
TIL,2024-12-31,-0.47,79.14,-3.7,2.64
TIL,2025-03-31,1.25,101.52,9.76,12.12
TIL,2025-06-30,-0.8,62.91,-6.22,-6.75
TIL,2025-09-30,-0.99,78.27,-7.73,0.08
TIL,2025-12-31,-0.88,73.23,-6.85,1.22
TIMETECHNO,2022-12-31,1.35,1129.0,63.0,151.0
TIMETECHNO,2023-03-31,1.41,1192.0,65.0,169.0
TIMETECHNO,2023-06-30,1.24,1079.0,57.0,147.0
TIMETECHNO,2023-09-30,1.56,1194.0,71.0,167.0
TIMETECHNO,2023-12-31,2.02,1325.0,93.0,191.0
TIMETECHNO,2024-03-31,2.03,1394.0,94.0,186.0
TIMETECHNO,2024-06-30,1.75,1230.0,80.0,174.0
TIMETECHNO,2024-09-30,2.17,1371.0,100.0,196.0
TIMETECHNO,2024-12-31,2.22,1388.0,102.0,201.0
TIMETECHNO,2025-03-31,2.41,1469.0,112.0,214.0
TIMETECHNO,2025-06-30,2.1,1353.0,97.0,195.0
TIMETECHNO,2025-09-30,2.54,1511.0,117.0,223.0
TIMETECHNO,2025-12-31,2.56,1565.0,129.0,234.0
TIMKEN,2024-12-31,10.4,683.0,78.0,111.0
TIMKEN,2025-09-30,12.44,786.0,94.0,143.0
TIMKEN,2025-12-31,7.25,780.0,55.0,101.0
TINNARUBR,2022-12-31,2.75,75.0,5.0,8.0
TINNARUBR,2023-03-31,3.95,73.0,7.0,7.0
TINNARUBR,2023-06-30,4.12,80.0,7.0,12.0
TINNARUBR,2023-09-30,4.45,80.0,8.0,13.0
TINNARUBR,2023-12-31,5.81,93.0,10.0,16.0
TINNARUBR,2024-03-31,9.14,110.0,16.0,22.0
TINNARUBR,2024-06-30,9.57,136.0,16.0,25.0
TINNARUBR,2024-09-30,7.08,118.0,12.0,19.0
TINNARUBR,2024-12-31,4.76,123.0,8.0,15.0
TINNARUBR,2025-03-31,6.82,129.0,12.0,18.0
TINNARUBR,2025-06-30,6.52,130.0,12.0,21.0
TINNARUBR,2025-09-30,6.53,120.0,12.0,21.0
TINNARUBR,2025-12-31,7.11,139.0,13.0,22.0
TIRUMALCHM,2022-12-31,0.81,508.0,8.0,29.0
TIRUMALCHM,2023-03-31,-1.25,431.0,-13.0,-1.0
TIRUMALCHM,2023-06-30,1.04,523.0,11.0,38.0
TIRUMALCHM,2023-09-30,-0.59,542.0,-6.0,15.0
TIRUMALCHM,2023-12-31,-2.24,492.0,-23.0,-6.0
TIRUMALCHM,2024-03-31,-2.0,527.0,-20.0,4.0
TIRUMALCHM,2024-06-30,0.5,555.0,5.0,31.0
TIRUMALCHM,2024-09-30,0.48,525.0,5.0,24.0
TIRUMALCHM,2024-12-31,-4.1,447.0,-42.0,-20.0
TIRUMALCHM,2025-03-31,-1.37,523.0,-14.0,15.0
TIRUMALCHM,2025-06-30,-5.86,450.0,-60.0,-27.0
TIRUMALCHM,2025-09-30,-2.81,445.0,-33.0,-4.0
TIRUMALCHM,2025-12-31,-3.86,416.0,-47.0,-15.0
TITAGARH,2022-12-31,2.72,766.0,33.0,65.0
TITAGARH,2023-03-31,4.03,974.0,48.0,92.0
TITAGARH,2023-06-30,5.17,911.0,62.0,106.0
TITAGARH,2023-09-30,5.55,935.0,71.0,115.0
TITAGARH,2023-12-31,5.56,955.0,75.0,111.0
TITAGARH,2024-03-31,5.86,1052.0,79.0,118.0
TITAGARH,2024-06-30,4.98,903.0,67.0,97.0
TITAGARH,2024-09-30,5.99,1057.0,81.0,125.0
TITAGARH,2024-12-31,4.66,902.0,63.0,94.0
TITAGARH,2025-03-31,4.89,1006.0,64.0,93.0
TITAGARH,2025-06-30,2.29,679.0,31.0,64.0
TITAGARH,2025-09-30,2.74,799.0,37.0,74.0
TITAGARH,2025-12-31,3.57,832.0,48.0,85.0
TITAN,2022-12-31,10.18,11609.0,913.0,1347.0
TITAN,2023-03-31,8.22,10360.0,736.0,1089.0
TITAN,2023-06-30,8.48,11897.0,756.0,1125.0
TITAN,2023-09-30,10.31,12529.0,916.0,1411.0
TITAN,2023-12-31,11.86,14164.0,1053.0,1565.0
TITAN,2024-03-31,8.68,12494.0,771.0,1191.0
TITAN,2024-06-30,8.05,13266.0,715.0,1247.0
TITAN,2024-09-30,7.93,14534.0,704.0,1236.0
TITAN,2024-12-31,11.79,17740.0,1047.0,1674.0
TITAN,2025-03-31,9.81,14916.0,871.0,1537.0
TITAN,2025-06-30,12.29,16523.0,1091.0,1830.0
TITAN,2025-09-30,12.62,18725.0,1120.0,1875.0
TITAN,2025-12-31,18.97,25416.0,1684.0,2713.0
TMCV,2024-09-30,,17535.0,498.0,1707.0
TMCV,2024-12-31,,18819.0,1355.0,2033.0
TMCV,2025-06-30,,17324.0,1397.0,2076.0
TMCV,2025-09-30,,18585.0,-867.0,2032.0
TMCV,2025-12-31,1.91,21847.0,705.0,2587.0
TMPV,2022-12-31,8.91,88489.0,3043.0,10820.0
TMPV,2023-03-31,16.28,105932.0,5496.0,13114.0
TMPV,2023-06-30,9.64,102236.0,3301.0,13217.0
TMPV,2023-09-30,11.33,105129.0,3832.0,13767.0
TMPV,2023-12-31,21.14,110577.0,7145.0,15418.0
TMPV,2024-03-31,52.37,119033.0,17528.0,16685.0
TMPV,2024-06-30,31.63,107102.0,10587.0,15248.0
TMPV,2024-09-30,9.36,83656.0,3521.0,9914.0
TMPV,2024-12-31,14.69,94472.0,5484.0,10402.0
TMPV,2025-03-31,23.01,119503.0,8556.0,16818.0
TMPV,2025-06-30,10.66,87677.0,4003.0,8162.0
TMPV,2025-09-30,206.85,72349.0,76248.0,-1404.0
TMPV,2025-12-31,-9.47,70108.0,-3483.0,879.0
TNPETRO,2022-12-31,2.92,511.0,26.0,33.0
TNPETRO,2023-03-31,1.25,480.0,11.0,13.0
TNPETRO,2023-06-30,1.71,451.0,15.0,20.0
TNPETRO,2023-09-30,1.98,434.0,18.0,20.0
TNPETRO,2023-12-31,0.5,346.0,5.0,20.0
TNPETRO,2024-03-31,1.37,438.0,12.0,12.0
TNPETRO,2024-06-30,1.67,462.0,15.0,12.0
TNPETRO,2024-09-30,0.52,450.0,5.0,7.0
TNPETRO,2024-12-31,1.3,460.0,12.0,19.0
TNPETRO,2025-03-31,2.99,455.0,27.0,26.0
TNPETRO,2025-06-30,3.92,463.0,35.0,47.0
TNPETRO,2025-09-30,3.81,457.0,34.0,41.0
TNPETRO,2025-12-31,2.21,421.0,20.0,31.0
TOLINS,2023-06-30,85.6,41.0,4.0,9.0
TOLINS,2023-09-30,169.2,47.0,8.0,13.0
TOLINS,2023-12-31,3.51,75.0,11.0,16.0
TOLINS,2024-03-31,2.28,87.0,7.0,14.0
TOLINS,2024-06-30,2.91,76.0,9.0,15.0
TOLINS,2024-09-30,2.43,77.0,10.0,15.0
TOLINS,2024-12-31,2.76,70.0,11.0,13.0
TOLINS,2025-03-31,2.35,70.0,9.0,14.0
TOLINS,2025-06-30,2.35,90.0,9.0,13.0
TOLINS,2025-09-30,1.76,66.0,7.0,9.0
TOLINS,2025-12-31,2.66,93.0,10.0,14.0
TORNTPHARM,2022-12-31,8.63,2491.0,292.0,724.0
TORNTPHARM,2023-03-31,8.48,2491.0,287.0,727.0
TORNTPHARM,2023-06-30,11.17,2591.0,378.0,791.0
TORNTPHARM,2023-09-30,11.41,2660.0,386.0,825.0
TORNTPHARM,2023-12-31,13.09,2732.0,443.0,869.0
TORNTPHARM,2024-03-31,13.27,2745.0,449.0,883.0
TORNTPHARM,2024-06-30,13.5,2859.0,457.0,904.0
TORNTPHARM,2024-09-30,13.38,2889.0,453.0,939.0
TORNTPHARM,2024-12-31,14.86,2809.0,503.0,914.0
TORNTPHARM,2025-03-31,14.71,2959.0,498.0,964.0
TORNTPHARM,2025-06-30,16.19,3178.0,548.0,1032.0
TORNTPHARM,2025-09-30,17.46,3302.0,591.0,1083.0
TORNTPHARM,2025-12-31,18.76,3303.0,635.0,1088.0
TORNTPOWER,2022-12-31,14.24,6443.0,695.0,1444.0
TORNTPOWER,2023-03-31,9.34,6038.0,484.0,1090.0
TORNTPOWER,2023-06-30,10.76,7328.0,532.0,1185.0
TORNTPOWER,2023-09-30,10.94,6961.0,543.0,1221.0
TORNTPOWER,2023-12-31,7.49,6366.0,374.0,1044.0
TORNTPOWER,2024-03-31,8.95,6529.0,447.0,1109.0
TORNTPOWER,2024-06-30,20.23,9034.0,996.0,1858.0
TORNTPOWER,2024-09-30,10.01,7176.0,496.0,1207.0
TORNTPOWER,2024-12-31,9.44,6499.0,489.0,1112.0
TORNTPOWER,2025-03-31,21.03,6456.0,1077.0,1130.0
TORNTPOWER,2025-06-30,14.52,7906.0,742.0,1483.0
TORNTPOWER,2025-09-30,14.36,7876.0,742.0,1506.0
TORNTPOWER,2025-12-31,12.76,6778.0,655.0,1403.0
TOTAL,2022-12-31,0.45,132.39,0.98,3.14
TOTAL,2023-03-31,-0.53,113.16,-0.89,1.2
TOTAL,2023-06-30,0.82,113.78,1.33,2.64
TOTAL,2023-09-30,-0.14,111.46,-0.2,1.09
TOTAL,2023-12-31,0.48,114.57,0.8,1.9
TOTAL,2024-03-31,-0.39,148.29,-0.67,1.46
TOTAL,2024-06-30,0.15,146.0,0.24,1.38
TOTAL,2024-09-30,-0.04,187.97,-0.22,1.19
TOTAL,2024-12-31,1.84,175.02,3.0,5.31
TOTAL,2025-03-31,3.6,156.25,5.81,5.47
TOTAL,2025-06-30,1.8,147.44,2.93,4.35
TOTAL,2025-09-30,1.41,163.46,2.36,4.81
TOTAL,2025-12-31,1.4,155.99,2.29,4.52
TOUCHWOOD,2022-12-31,0.58,5.45,0.58,0.94
TOUCHWOOD,2023-03-31,0.93,22.73,0.94,1.72
TOUCHWOOD,2023-06-30,0.04,1.57,0.04,0.24
TOUCHWOOD,2023-09-30,0.68,3.79,0.74,1.1
TOUCHWOOD,2023-12-31,0.98,6.9,1.09,1.36
TOUCHWOOD,2024-03-31,1.25,20.98,1.37,1.63
TOUCHWOOD,2024-06-30,0.23,3.86,0.25,0.49
TOUCHWOOD,2024-09-30,0.29,3.95,0.32,0.66
TOUCHWOOD,2024-12-31,2.93,36.11,3.25,4.62
TOUCHWOOD,2025-03-31,1.23,24.94,1.36,1.8
TOUCHWOOD,2025-06-30,1.13,16.9,1.25,1.74
TOUCHWOOD,2025-09-30,0.34,5.63,0.38,0.79
TOUCHWOOD,2025-12-31,1.61,24.1,1.78,2.58
TPHQ,2009-03-31,0.0,0.62,0.01,0.01
TPLPLASTEH,2021-03-31,0.43,53.86,3.33,6.78
TPLPLASTEH,2023-03-31,0.49,72.09,3.81,7.67
TPLPLASTEH,2023-06-30,0.47,69.1,3.65,7.63
TPLPLASTEH,2023-09-30,0.55,78.42,4.26,8.73
TPLPLASTEH,2023-12-31,0.75,82.66,5.88,9.93
TPLPLASTEH,2024-03-31,0.78,82.73,6.07,9.75
TPLPLASTEH,2024-06-30,0.57,77.16,4.48,8.57
TPLPLASTEH,2024-09-30,0.69,88.95,5.36,9.73
TPLPLASTEH,2024-12-31,0.89,91.04,6.93,10.96
TPLPLASTEH,2025-03-31,0.88,92.18,6.83,11.32
TPLPLASTEH,2025-06-30,0.7,90.4,5.47,10.01
TPLPLASTEH,2025-09-30,0.88,106.87,6.85,11.87
TPLPLASTEH,2025-12-31,1.11,111.22,8.69,13.52
TRANSPEK,2022-12-31,44.26,196.0,25.0,42.0
TRANSPEK,2023-03-31,40.05,203.0,22.0,40.0
TRANSPEK,2023-06-30,28.38,162.0,16.0,23.0
TRANSPEK,2023-09-30,5.35,121.0,3.0,13.0
TRANSPEK,2023-12-31,25.21,148.0,14.0,28.0
TRANSPEK,2024-03-31,10.1,148.0,6.0,19.0
TRANSPEK,2024-06-30,16.63,152.0,9.0,16.0
TRANSPEK,2024-09-30,17.1,163.0,10.0,23.0
TRANSPEK,2024-12-31,19.07,170.0,11.0,24.0
TRANSPEK,2025-03-31,34.46,165.0,19.0,32.0
TRANSPEK,2025-06-30,27.89,154.0,16.0,24.0
TRANSPEK,2025-09-30,22.63,160.0,13.0,27.0
TRANSPEK,2025-12-31,19.42,158.0,11.0,25.0
TRANSRAILL,2023-09-30,18.67,977.0,46.0,117.0
TRANSRAILL,2024-03-31,8.04,1392.0,100.0,169.0
TRANSRAILL,2024-06-30,4.17,916.0,52.0,120.0
TRANSRAILL,2024-09-30,4.41,1088.0,55.0,138.0
TRANSRAILL,2024-12-31,6.94,1358.0,93.0,179.0
TRANSRAILL,2025-03-31,9.43,1946.0,127.0,236.0
TRANSRAILL,2025-06-30,7.88,1660.0,106.0,199.0
TRANSRAILL,2025-09-30,6.78,1561.0,91.0,184.0
TRANSRAILL,2025-12-31,8.17,1796.0,110.0,227.0
TRANSWORLD,2022-12-31,20.5,115.0,45.0,61.0
TRANSWORLD,2023-03-31,8.22,81.0,18.0,26.0
TRANSWORLD,2023-06-30,0.6,71.0,1.0,7.0
TRANSWORLD,2023-09-30,-16.04,50.0,-35.0,-9.0
TRANSWORLD,2023-12-31,-8.87,72.0,-19.0,7.0
TRANSWORLD,2024-03-31,1.08,90.0,2.0,18.0
TRANSWORLD,2024-06-30,0.9,94.0,2.0,29.0
TRANSWORLD,2024-09-30,9.69,125.0,21.0,48.0
TRANSWORLD,2024-12-31,6.72,165.0,15.0,45.0
TRANSWORLD,2025-03-31,-2.14,111.0,-5.0,36.0
TRANSWORLD,2025-06-30,-3.56,95.0,-8.0,18.0
TRANSWORLD,2025-09-30,-5.12,143.0,-11.0,15.0
TRANSWORLD,2025-12-31,-11.52,132.0,-25.0,6.0
TRAVELFOOD,2024-06-30,143.1,410.0,60.0,102.0
TRAVELFOOD,2024-09-30,276.67,500.0,110.0,160.0
TRAVELFOOD,2024-12-31,7.42,411.0,103.0,158.0
TRAVELFOOD,2025-03-31,7.81,367.0,107.0,135.0
TRAVELFOOD,2025-06-30,6.97,375.0,95.0,146.0
TRAVELFOOD,2025-09-30,7.27,356.0,98.0,135.0
TRAVELFOOD,2025-12-31,10.08,456.0,137.0,181.0
TREJHARA,2022-12-31,2.92,17.29,3.45,4.98
TREJHARA,2023-03-31,-262.27,5.74,-309.91,-0.17
TREJHARA,2023-06-30,3.33,4.03,3.94,0.85
TREJHARA,2023-09-30,3.27,6.03,3.86,2.58
TREJHARA,2023-12-31,1.08,6.36,1.57,2.72
TREJHARA,2024-03-31,7.13,6.43,10.35,-0.07
TREJHARA,2024-06-30,0.63,6.05,0.91,1.29
TREJHARA,2024-09-30,0.89,25.78,1.29,1.48
TREJHARA,2024-12-31,0.45,6.42,0.66,1.63
TREJHARA,2025-03-31,0.42,9.56,0.61,1.7
TREJHARA,2025-06-30,0.46,32.64,0.67,2.11
TREJHARA,2025-09-30,2.46,33.93,3.57,2.19
TREJHARA,2025-12-31,0.51,33.81,1.21,2.1
TREL,2022-12-31,,36.0,8.0,18.0
TREL,2023-03-31,,29.0,-13.0,13.0
TREL,2023-06-30,0.25,26.0,6.0,13.0
TREL,2023-09-30,3.2,25.0,79.0,16.0
TREL,2023-12-31,0.28,26.0,7.0,15.0
TREL,2024-03-31,6.47,20.0,159.0,10.0
TREL,2024-06-30,0.19,19.0,5.0,5.0
TREL,2024-09-30,0.27,20.0,7.0,12.0
TREL,2024-12-31,0.36,23.0,9.0,15.0
TREL,2025-03-31,1.32,20.0,33.0,3.0
TREL,2025-06-30,0.3,21.0,7.0,14.0
TREL,2025-09-30,0.36,20.0,9.0,9.0
TREL,2025-12-31,0.44,21.0,11.0,10.0
TRENT,2023-03-31,1.52,2183.0,45.0,203.0
TRENT,2023-06-30,4.88,2628.0,167.0,367.0
TRENT,2023-09-30,6.6,2982.0,228.0,457.0
TRENT,2023-12-31,10.53,3467.0,371.0,629.0
TRENT,2024-03-31,19.81,3298.0,712.0,470.0
TRENT,2024-06-30,11.04,4104.0,391.0,613.0
TRENT,2024-09-30,9.53,4157.0,335.0,646.0
TRENT,2024-12-31,13.99,4657.0,497.0,847.0
TRENT,2025-03-31,8.95,4217.0,312.0,651.0
TRENT,2025-06-30,12.09,4883.0,425.0,848.0
TRENT,2025-09-30,10.6,4818.0,373.0,816.0
TRENT,2025-12-31,14.42,5345.0,510.0,1081.0
TRENT,2026-03-31,11.26,5028.0,413.0,911.0
TRF,2022-12-31,8.13,43.21,8.95,10.47
TRF,2023-03-31,6.67,38.89,7.34,3.93
TRF,2023-06-30,7.96,33.91,8.76,10.0
TRF,2023-09-30,16.66,39.27,18.33,8.65
TRF,2023-12-31,1.1,28.77,1.21,11.71
TRF,2024-03-31,5.72,38.0,6.3,5.31
TRF,2024-06-30,4.53,37.62,4.99,5.15
TRF,2024-09-30,5.47,32.7,6.02,6.76
TRF,2024-12-31,10.24,23.31,11.27,11.51
TRF,2025-03-31,3.2,27.11,3.52,6.23
TRF,2025-06-30,3.19,23.42,3.51,3.2
TRF,2025-09-30,-6.19,22.34,-6.81,5.07
TRF,2025-12-31,5.22,19.89,5.74,6.7
TRIDENT,2022-12-31,0.28,1641.0,144.0,274.0
TRIDENT,2023-03-31,0.25,1573.0,131.0,269.0
TRIDENT,2023-06-30,0.18,1494.0,91.0,231.0
TRIDENT,2023-09-30,0.18,1798.0,90.0,240.0
TRIDENT,2023-12-31,0.21,1835.0,109.0,263.0
TRIDENT,2024-03-31,0.11,1682.0,59.0,205.0
TRIDENT,2024-06-30,0.14,1743.0,74.0,225.0
TRIDENT,2024-09-30,0.16,1713.0,83.0,226.0
TRIDENT,2024-12-31,0.16,1667.0,80.0,214.0
TRIDENT,2025-03-31,0.26,1864.0,133.0,245.0
TRIDENT,2025-06-30,0.27,1707.0,140.0,292.0
TRIDENT,2025-09-30,0.18,1787.0,91.0,214.0
TRIDENT,2025-12-31,0.09,1574.0,44.0,136.0
TRIGYN,2022-12-31,4.98,339.78,15.34,22.62
TRIGYN,2023-03-31,0.84,324.04,2.59,7.97
TRIGYN,2023-06-30,3.93,322.5,12.09,17.7
TRIGYN,2023-09-30,3.53,316.12,10.86,16.16
TRIGYN,2023-12-31,-7.15,306.9,-22.02,-16.51
TRIGYN,2024-03-31,6.17,334.14,18.98,17.36
TRIGYN,2024-06-30,2.47,241.94,7.61,9.47
TRIGYN,2024-09-30,0.12,207.8,0.36,4.36
TRIGYN,2024-12-31,0.4,206.78,1.23,-0.63
TRIGYN,2025-03-31,0.83,239.66,2.56,5.51
TRIGYN,2025-06-30,-1.5,224.5,-4.61,-2.32
TRIGYN,2025-09-30,1.71,241.95,5.27,2.19
TRIGYN,2025-12-31,0.22,258.03,0.69,0.15
TRITURBINE,2022-12-31,1.63,326.0,53.0,63.0
TRITURBINE,2023-03-31,1.75,370.0,56.0,66.0
TRITURBINE,2023-06-30,1.91,376.0,61.0,71.0
TRITURBINE,2023-09-30,2.02,388.0,64.0,74.0
TRITURBINE,2023-12-31,2.15,432.0,68.0,84.0
TRITURBINE,2024-03-31,2.39,458.0,76.0,90.0
TRITURBINE,2024-06-30,2.52,463.0,80.0,96.0
TRITURBINE,2024-09-30,2.86,501.0,91.0,111.0
TRITURBINE,2024-12-31,2.91,503.0,93.0,109.0
TRITURBINE,2025-03-31,2.95,538.0,95.0,120.0
TRITURBINE,2025-06-30,2.03,371.0,64.0,74.0
TRITURBINE,2025-09-30,2.87,506.0,91.0,115.0
TRITURBINE,2025-12-31,2.9,624.0,92.0,133.0
TRIVENI,2022-12-31,6.09,1463.0,147.0,193.0
TRIVENI,2023-03-31,8.69,1583.0,190.0,263.0
TRIVENI,2023-06-30,3.09,1198.0,68.0,125.0
TRIVENI,2023-09-30,1.33,1409.0,29.0,63.0
TRIVENI,2023-12-31,6.28,1311.0,137.0,193.0
TRIVENI,2024-03-31,7.36,1302.0,161.0,246.0
TRIVENI,2024-06-30,1.43,1301.0,31.0,86.0
TRIVENI,2024-09-30,-0.88,1491.0,-22.0,5.0
TRIVENI,2024-12-31,2.2,1268.0,43.0,77.0
TRIVENI,2025-03-31,8.36,1629.0,187.0,308.0
TRIVENI,2025-06-30,0.2,1598.0,2.0,53.0
TRIVENI,2025-09-30,1.18,1706.0,21.0,66.0
TRIVENI,2025-12-31,3.84,1478.0,78.0,150.0
TRU,2022-12-31,0.0,,0.0,
TRU,2023-03-31,0.04,,0.0,
TRU,2023-06-30,0.09,,1.0,
TRU,2023-09-30,0.12,,1.0,
TRU,2023-12-31,0.24,,3.0,
TRU,2024-03-31,0.49,,6.0,
TRU,2024-06-30,0.1,,1.0,
TRU,2024-09-30,0.09,,1.0,
TRU,2024-12-31,0.08,,1.0,
TRU,2025-03-31,-5.79,,-68.0,
TRU,2025-06-30,-0.77,,-9.0,
TRU,2025-09-30,-2.77,,-33.0,
TRU,2025-12-31,-3.57,,-42.0,
TRUALT,2024-06-30,-3.05,197.0,-22.0,14.0
TRUALT,2024-09-30,-2.64,388.0,-19.0,17.0
TRUALT,2024-12-31,10.65,415.0,75.0,125.0
TRUALT,2025-03-31,15.81,907.0,112.0,154.0
TRUALT,2025-06-30,0.67,304.0,5.0,42.0
TRUALT,2025-09-30,-4.42,115.0,-38.0,-5.0
TRUALT,2025-12-31,8.08,713.0,69.0,134.0
TSFINV,2022-12-31,2.91,20.0,65.0,10.0
TSFINV,2023-03-31,4.44,35.0,99.0,24.0
TSFINV,2023-06-30,3.18,24.0,71.0,10.0
TSFINV,2023-09-30,4.08,24.0,91.0,13.0
TSFINV,2023-12-31,4.61,25.0,102.0,13.0
TSFINV,2024-03-31,12.13,218.0,269.0,207.0
TSFINV,2024-06-30,4.97,43.0,110.0,34.0
TSFINV,2024-09-30,4.0,30.0,89.0,21.0
TSFINV,2024-12-31,4.76,33.0,106.0,24.0
TSFINV,2025-03-31,4.82,49.0,107.0,37.0
TSFINV,2025-06-30,7.13,179.0,158.0,47.0
TSFINV,2025-09-30,4.52,250.0,103.0,50.0
TSFINV,2025-12-31,4.64,258.0,105.0,49.0
TTKPRESTIG,2022-12-31,4.15,695.0,58.0,80.0
TTKPRESTIG,2023-03-31,4.29,611.0,58.0,80.0
TTKPRESTIG,2023-06-30,3.46,588.0,47.0,61.0
TTKPRESTIG,2023-09-30,4.28,729.0,59.0,81.0
TTKPRESTIG,2023-12-31,4.51,738.0,62.0,85.0
TTKPRESTIG,2024-03-31,4.24,623.0,57.0,77.0
TTKPRESTIG,2024-06-30,3.01,588.0,41.0,54.0
TTKPRESTIG,2024-09-30,3.86,750.0,52.0,72.0
TTKPRESTIG,2024-12-31,4.27,727.0,57.0,79.0
TTKPRESTIG,2025-03-31,-2.97,650.0,-42.0,51.0
TTKPRESTIG,2025-06-30,1.94,609.0,26.0,40.0
TTKPRESTIG,2025-09-30,4.69,834.0,63.0,96.0
TTKPRESTIG,2025-12-31,2.4,801.0,32.0,72.0
TTML,2008-06-30,-0.16,502.0,-35.0,152.0
TTML,2008-09-30,-0.22,513.0,-47.0,157.0
TTML,2008-12-31,-0.23,516.0,-49.0,150.0
TTML,2009-03-31,-0.18,514.0,-39.0,130.0
TTML,2009-06-30,-0.16,512.0,-34.0,156.0
TTML,2009-09-30,-0.54,543.0,-116.0,114.0
TTML,2009-12-31,-0.48,602.0,-103.0,133.0
TTML,2010-03-31,-0.3,621.0,-64.0,161.0
TVSHLTD,2022-12-31,61.3,8475.0,289.0,1036.0
TVSHLTD,2023-03-31,76.02,8523.0,324.0,1147.0
TVSHLTD,2023-06-30,97.25,9584.0,409.0,1351.0
TVSHLTD,2023-09-30,112.83,10607.0,457.0,1483.0
TVSHLTD,2023-12-31,111.03,10014.0,532.0,1540.0
TVSHLTD,2024-03-31,114.97,10025.0,464.0,1517.0
TVSHLTD,2024-06-30,107.37,10383.0,481.0,1476.0
TVSHLTD,2024-09-30,137.76,11554.0,599.0,1677.0
TVSHLTD,2024-12-31,191.11,11359.0,685.0,1815.0
TVSHLTD,2025-03-31,140.09,11800.0,644.0,1893.0
TVSHLTD,2025-06-30,166.11,12742.0,675.0,2002.0
TVSHLTD,2025-09-30,219.24,14549.0,880.0,2261.0
TVSHLTD,2025-12-31,244.14,15276.0,969.0,2461.0
TVSMOTOR,2022-12-31,6.33,8066.0,304.0,1011.0
TVSMOTOR,2023-03-31,7.07,8031.0,336.0,1049.0
TVSMOTOR,2023-06-30,9.14,9056.0,441.0,1204.0
TVSMOTOR,2023-09-30,8.13,9933.0,416.0,1345.0
TVSMOTOR,2023-12-31,10.08,10114.0,510.0,1475.0
TVSMOTOR,2024-03-31,8.15,9942.0,412.0,1455.0
TVSMOTOR,2024-06-30,9.7,10314.0,485.0,1431.0
TVSMOTOR,2024-09-30,11.8,11302.0,588.0,1624.0
TVSMOTOR,2024-12-31,11.91,11035.0,609.0,1633.0
TVSMOTOR,2025-03-31,13.64,11542.0,698.0,1904.0
TVSMOTOR,2025-06-30,12.84,12210.0,643.0,1803.0
TVSMOTOR,2025-09-30,16.74,14051.0,833.0,2110.0
TVSMOTOR,2025-12-31,17.71,14756.0,891.0,2267.0
TVSSRICHAK,2022-12-31,25.56,731.0,20.0,60.0
TVSSRICHAK,2023-03-31,29.21,683.0,22.0,55.0
TVSSRICHAK,2023-06-30,27.36,702.0,21.0,61.0
TVSSRICHAK,2023-09-30,51.09,740.0,39.0,91.0
TVSSRICHAK,2023-12-31,31.47,719.0,24.0,68.0
TVSSRICHAK,2024-03-31,31.06,765.0,24.0,77.0
TVSSRICHAK,2024-06-30,8.72,791.0,7.0,55.0
TVSSRICHAK,2024-09-30,13.46,842.0,10.0,59.0
TVSSRICHAK,2024-12-31,-7.8,803.0,-6.0,44.0
TVSSRICHAK,2025-03-31,12.52,818.0,10.0,67.0
TVSSRICHAK,2025-06-30,16.82,819.0,13.0,48.0
TVSSRICHAK,2025-09-30,14.51,926.0,11.0,66.0
TVSSRICHAK,2025-12-31,14.56,917.0,11.0,78.0
TVTODAY,2022-12-31,4.63,231.31,27.62,36.04
TVTODAY,2023-03-31,0.98,217.14,5.85,21.42
TVTODAY,2023-06-30,1.47,222.75,8.78,13.43
TVTODAY,2023-09-30,1.18,213.86,7.02,11.83
TVTODAY,2023-12-31,4.88,262.69,29.12,41.12
TVTODAY,2024-03-31,1.92,247.37,11.46,23.82
TVTODAY,2024-06-30,8.61,309.22,51.38,71.84
TVTODAY,2024-09-30,1.39,206.77,8.27,8.99
TVTODAY,2024-12-31,1.46,231.78,8.73,12.15
TVTODAY,2025-03-31,1.03,249.17,6.15,4.26
TVTODAY,2025-06-30,1.23,198.44,7.35,4.21
TVTODAY,2025-09-30,-0.33,185.68,-1.98,6.21
TVTODAY,2025-12-31,-0.02,212.36,-0.14,12.7
TVVISION,2022-12-31,-1.72,16.03,-6.31,-1.23
TVVISION,2023-03-31,-1.53,16.97,-5.64,-0.85
TVVISION,2023-06-30,-1.07,16.79,-3.95,0.44
TVVISION,2023-09-30,-1.47,14.83,-5.41,-1.04
TVVISION,2023-12-31,-2.41,12.43,-8.86,-4.54
TVVISION,2024-03-31,-1.5,14.32,-5.51,-1.45
TVVISION,2024-06-30,-1.91,21.83,-7.01,-3.21
TVVISION,2024-09-30,-1.43,12.6,-5.27,-1.49
TVVISION,2024-12-31,-1.8,9.72,-6.6,-4.08
TVVISION,2025-03-31,-2.14,9.08,-7.86,-4.32
TVVISION,2025-06-30,-1.41,7.57,-5.19,-1.36
TVVISION,2025-09-30,-2.72,5.94,-9.99,-6.26
TVVISION,2025-12-31,-1.64,0.48,-6.01,-2.29
UBL,2022-12-31,-0.07,1613.0,-2.0,77.0
UBL,2023-03-31,0.37,1766.0,10.0,54.0
UBL,2023-06-30,5.15,2275.0,136.0,223.0
UBL,2023-09-30,4.06,1890.0,107.0,184.0
UBL,2023-12-31,3.23,1824.0,86.0,146.0
UBL,2024-03-31,3.07,2133.0,82.0,143.0
UBL,2024-06-30,6.56,2475.0,174.0,285.0
UBL,2024-09-30,5.0,2117.0,132.0,227.0
UBL,2024-12-31,1.45,2000.0,39.0,141.0
UBL,2025-03-31,3.69,2323.0,98.0,187.0
UBL,2025-06-30,6.95,2864.0,184.0,311.0
UBL,2025-09-30,1.76,2053.0,46.0,130.0
UBL,2025-12-31,3.06,2073.0,81.0,226.0
UCAL,2022-12-31,0.11,199.35,0.24,13.65
UCAL,2023-03-31,-2.98,185.5,-6.59,3.77
UCAL,2023-06-30,-2.19,184.31,-4.85,7.88
UCAL,2023-09-30,-0.67,174.48,-1.49,15.25
UCAL,2023-12-31,-0.39,187.29,-0.87,11.44
UCAL,2024-03-31,-8.16,177.06,-18.05,3.32
UCAL,2024-06-30,-1.14,187.07,-2.51,14.93
UCAL,2024-09-30,0.22,213.02,0.49,18.78
UCAL,2024-12-31,2.86,203.3,6.32,9.66
UCAL,2025-03-31,-9.31,198.9,-20.58,-3.61
UCAL,2025-06-30,-2.72,194.52,-6.01,10.21
UCAL,2025-09-30,-2.02,211.3,-4.47,14.97
UCAL,2025-12-31,-4.38,198.52,-9.69,7.33
UCOBANK,2022-03-31,0.26,,315.0,
UCOBANK,2022-06-30,0.1,,117.0,
UCOBANK,2022-09-30,0.42,,497.0,
UCOBANK,2022-12-31,0.55,,654.0,
UCOBANK,2023-03-31,0.47,,557.0,
UCOBANK,2023-06-30,0.19,,225.0,
UCOBANK,2023-09-30,0.34,,404.0,
UCOBANK,2023-12-31,0.42,,505.0,
UCOBANK,2024-03-31,0.45,,538.0,
UCOBANK,2024-06-30,0.46,,555.0,
UCOBANK,2024-09-30,0.51,,607.0,
UCOBANK,2024-12-31,0.54,,640.0,
UCOBANK,2025-03-31,0.53,,666.0,
UDS,2022-12-31,,542.09,4.75,19.73
UDS,2023-03-31,,572.18,9.67,32.44
UDS,2023-06-30,,577.69,12.4,34.1
UDS,2023-09-30,1.49,600.1,9.18,26.32
UDS,2023-12-31,3.12,636.05,20.54,34.77
UDS,2024-03-31,3.86,631.77,24.16,40.26
UDS,2024-06-30,3.79,652.17,25.63,40.91
UDS,2024-09-30,4.2,679.99,28.01,43.71
UDS,2024-12-31,4.61,694.89,31.15,46.23
UDS,2025-03-31,5.14,709.02,34.18,35.69
UDS,2025-06-30,4.27,700.24,28.99,39.3
UDS,2025-09-30,2.97,729.34,19.8,31.57
UDS,2025-12-31,1.37,767.1,6.61,20.69
UFBL,2022-12-31,1.69,328.16,7.19,61.96
UFBL,2023-03-31,-3.03,280.23,-11.6,39.88
UFBL,2023-06-30,-1.11,323.89,-4.05,46.76
UFBL,2023-09-30,-3.17,301.7,-11.93,44.38
UFBL,2023-12-31,1.11,330.88,4.83,66.31
UFBL,2024-03-31,-0.27,298.05,-0.03,54.73
UFBL,2024-06-30,-1.24,305.69,-4.34,50.9
UFBL,2024-09-30,-1.85,305.7,-7.13,45.58
UFBL,2024-12-31,1.16,328.89,5.06,61.52
UFBL,2025-03-31,-5.18,292.77,-20.62,53.28
UFBL,2025-06-30,-4.2,296.98,-16.68,46.02
UFBL,2025-09-30,-5.68,304.76,-22.5,37.74
UFBL,2025-12-31,-1.82,376.57,-7.67,54.81
UFLEX,2022-12-31,-11.83,3483.0,-85.0,264.0
UFLEX,2023-03-31,0.12,3380.0,1.0,370.0
UFLEX,2023-06-30,-57.63,3258.0,-416.0,284.0
UFLEX,2023-09-30,8.77,3369.0,63.0,386.0
UFLEX,2023-12-31,-9.31,3309.0,-67.0,332.0
UFLEX,2024-03-31,-37.51,3426.0,-271.0,366.0
UFLEX,2024-06-30,-13.63,3654.0,-98.0,408.0
UFLEX,2024-09-30,-8.95,3833.0,-65.0,392.0
UFLEX,2024-12-31,18.95,3735.0,137.0,454.0
UFLEX,2025-03-31,23.34,3814.0,169.0,410.0
UFLEX,2025-06-30,8.03,3901.0,58.0,454.0
UFLEX,2025-09-30,3.73,3832.0,27.0,386.0
UFLEX,2025-12-31,5.01,3612.0,36.0,436.0
UFO,2022-12-31,-0.09,110.59,-0.33,9.75
UFO,2023-03-31,-0.31,87.86,-1.18,10.92
UFO,2023-06-30,0.66,84.9,2.52,15.87
UFO,2023-09-30,0.85,86.56,3.28,17.11
UFO,2023-12-31,1.19,118.12,4.58,18.19
UFO,2024-03-31,1.56,118.66,6.02,14.59
UFO,2024-06-30,-1.07,94.05,-4.14,6.12
UFO,2024-09-30,-0.23,96.63,-0.88,10.03
UFO,2024-12-31,3.95,138.69,15.29,30.49
UFO,2025-03-31,-0.18,93.04,-0.71,10.82
UFO,2025-06-30,1.68,106.63,6.52,16.89
UFO,2025-09-30,1.94,110.78,7.52,21.28
UFO,2025-12-31,1.65,131.37,6.39,20.46
UGARSUGAR,2020-09-30,-1.23,191.0,-14.0,-3.0
UGARSUGAR,2020-12-31,2.92,235.0,33.0,46.0
UGARSUGAR,2021-03-31,0.92,320.0,10.0,24.0
UGARSUGAR,2021-06-30,-1.5,222.0,-17.0,-1.0
UGARSUGAR,2021-09-30,-0.52,253.0,-6.0,7.0
UGARSUGAR,2021-12-31,4.55,299.0,51.0,64.0
UGARSUGAR,2022-03-31,1.32,363.0,15.0,29.0
UGARSUGAR,2022-06-30,0.51,335.0,6.0,24.0
UGARSUGAR,2022-09-30,-1.2,256.0,-13.0,3.0
UGARSUGAR,2022-12-31,4.05,594.0,46.0,75.0
UGARSUGAR,2023-03-31,5.8,608.0,65.0,105.0
UGARSUGAR,2023-06-30,-0.81,188.0,-9.0,6.0
UGARSUGAR,2023-09-30,-2.95,234.0,-33.0,-20.0
UGROCAP,2025-12-31,2.99,,46.0,
UGROCAP,2026-03-31,3.29,,51.0,
ULTRACEMCO,2023-03-31,57.71,18662.0,1670.0,3322.0
ULTRACEMCO,2023-06-30,58.49,17737.0,1690.0,3049.0
ULTRACEMCO,2023-09-30,44.39,16012.0,1280.0,2551.0
ULTRACEMCO,2023-12-31,61.55,16740.0,1775.0,3255.0
ULTRACEMCO,2024-03-31,78.22,20419.0,2259.0,4114.0
ULTRACEMCO,2024-06-30,51.78,18819.0,1493.0,3017.0
ULTRACEMCO,2024-09-30,24.34,16294.0,708.0,2026.0
ULTRACEMCO,2024-12-31,47.09,17779.0,1363.0,2893.0
ULTRACEMCO,2025-03-31,84.23,23063.0,2475.0,4608.0
ULTRACEMCO,2025-06-30,75.54,21275.0,2221.0,4406.0
ULTRACEMCO,2025-09-30,41.79,19607.0,1238.0,3089.0
ULTRACEMCO,2025-12-31,58.55,21830.0,1729.0,3911.0
ULTRACEMCO,2026-03-31,101.22,25799.0,3000.0,5599.0
ULTRAMAR,2022-12-31,6.64,150.0,19.0,32.0
ULTRAMAR,2023-03-31,3.75,125.0,11.0,20.0
ULTRAMAR,2023-06-30,5.66,131.0,17.0,27.0
ULTRAMAR,2023-09-30,5.91,146.0,17.0,24.0
ULTRAMAR,2023-12-31,4.43,148.0,13.0,23.0
ULTRAMAR,2024-03-31,3.72,136.0,11.0,20.0
ULTRAMAR,2024-06-30,5.66,161.0,17.0,26.0
ULTRAMAR,2024-09-30,6.38,161.0,19.0,27.0
ULTRAMAR,2024-12-31,7.83,179.0,23.0,36.0
ULTRAMAR,2025-03-31,5.83,195.0,17.0,28.0
ULTRAMAR,2025-06-30,6.91,184.0,20.0,32.0
ULTRAMAR,2025-09-30,6.63,196.0,19.0,32.0
ULTRAMAR,2025-12-31,9.28,196.0,27.0,34.0
UMIYA-MRO,2023-03-31,-0.37,8.08,-0.7,0.07
UMIYA-MRO,2023-06-30,-0.66,6.27,-1.23,0.82
UMIYA-MRO,2023-09-30,-1.56,7.25,-2.92,-0.5
UMIYA-MRO,2023-12-31,5.2,12.98,9.72,6.65
UMIYA-MRO,2024-03-31,-1.21,8.56,-2.26,-0.13
UMIYA-MRO,2024-06-30,0.8,10.79,1.49,4.67
UMIYA-MRO,2024-09-30,1.04,12.87,1.95,5.4
UMIYA-MRO,2024-12-31,1.11,12.14,2.07,5.48
UMIYA-MRO,2025-03-31,0.18,12.8,0.33,3.31
UMIYA-MRO,2025-06-30,16.82,12.83,31.43,3.95
UMIYA-MRO,2025-09-30,3.59,23.91,8.81,14.72
UMIYA-MRO,2025-12-31,0.79,14.75,1.35,5.19
UMIYA-MRO,2026-03-31,0.3,20.88,0.63,5.15
UNICHEMLAB,2022-12-31,-9.08,302.0,-64.0,-43.0
UNICHEMLAB,2023-03-31,-6.29,402.0,-44.0,16.0
UNICHEMLAB,2023-06-30,-0.1,423.0,-1.0,28.0
UNICHEMLAB,2023-09-30,-3.48,416.0,-24.0,9.0
UNICHEMLAB,2023-12-31,10.4,466.0,73.0,31.0
UNICHEMLAB,2024-03-31,-18.37,432.0,-129.0,25.0
UNICHEMLAB,2024-06-30,0.29,483.0,2.0,40.0
UNICHEMLAB,2024-09-30,3.5,507.0,25.0,55.0
UNICHEMLAB,2024-12-31,8.22,533.0,58.0,86.0
UNICHEMLAB,2025-03-31,7.52,587.0,53.0,84.0
UNICHEMLAB,2025-06-30,-1.49,527.0,-10.0,22.0
UNICHEMLAB,2025-09-30,-1.69,579.0,-12.0,66.0
UNICHEMLAB,2025-12-31,37.54,521.0,264.0,45.0
UNIDT,2022-12-31,1.02,26.51,2.08,4.55
UNIDT,2023-03-31,1.4,22.42,2.85,5.78
UNIDT,2023-06-30,0.75,17.59,1.53,3.69
UNIDT,2023-09-30,1.14,31.39,2.31,4.84
UNIDT,2023-12-31,1.2,33.95,2.43,2.24
UNIDT,2024-03-31,1.54,42.76,3.12,6.33
UNIDT,2024-06-30,2.14,54.42,4.34,7.88
UNIDT,2024-09-30,2.04,48.85,4.14,7.56
UNIDT,2024-12-31,1.31,33.89,2.65,5.37
UNIDT,2025-03-31,1.92,31.12,3.89,5.06
UNIDT,2025-06-30,1.46,31.67,2.96,6.07
UNIDT,2025-09-30,2.83,55.6,5.75,9.12
UNIDT,2025-12-31,2.69,50.53,5.47,9.01
UNIECOM,2023-12-31,0.66,25.96,3.88,4.55
UNIECOM,2024-03-31,0.49,26.53,2.88,3.64
UNIECOM,2024-06-30,0.6,27.47,3.51,4.2
UNIECOM,2024-09-30,0.44,29.31,4.47,5.71
UNIECOM,2024-12-31,0.62,32.74,6.29,8.33
UNIECOM,2025-03-31,0.33,45.27,3.35,8.25
UNIECOM,2025-06-30,0.38,44.93,3.89,8.4
UNIECOM,2025-09-30,0.52,51.38,5.78,9.14
UNIECOM,2025-12-31,0.66,56.39,7.39,10.95
UNIECOM,2026-03-31,0.3,51.63,3.4,6.94
UNIMECH,2023-12-31,4.63,64.72,20.38,28.59
UNIMECH,2024-03-31,4.48,62.35,19.72,26.29
UNIMECH,2024-06-30,4.69,59.21,20.63,25.72
UNIMECH,2024-09-30,3.79,61.45,18.05,23.13
UNIMECH,2024-12-31,3.06,53.9,15.57,15.69
UNIMECH,2025-03-31,5.74,68.37,29.2,27.52
UNIMECH,2025-06-30,3.76,62.99,19.12,19.8
UNIMECH,2025-09-30,3.08,61.98,15.67,18.54
UNIMECH,2025-12-31,0.47,33.72,2.39,1.55
UNIONBANK,2023-03-31,4.11,,2812.0,
UNIONBANK,2023-06-30,4.79,,3272.0,
UNIONBANK,2023-09-30,4.82,,3572.0,
UNIONBANK,2023-12-31,4.89,,3625.0,
UNIONBANK,2024-03-31,4.36,,3328.0,
UNIONBANK,2024-06-30,4.77,,3642.0,
UNIONBANK,2024-09-30,6.22,,4751.0,
UNIONBANK,2024-12-31,6.06,,4623.0,
UNIONBANK,2025-03-31,6.56,,5011.0,
UNIONBANK,2025-06-30,5.8,,4428.0,
UNIONBANK,2025-09-30,5.8,,4426.0,
UNIONBANK,2025-12-31,6.65,,5073.0,
UNIONBANK,2026-03-31,7.21,,5504.0,
UNIPARTS,2022-12-31,12.48,331.0,56.0,79.0
UNIPARTS,2023-03-31,10.04,328.0,45.0,63.0
UNIPARTS,2023-06-30,8.22,297.0,37.0,59.0
UNIPARTS,2023-09-30,7.31,294.0,33.0,54.0
UNIPARTS,2023-12-31,5.75,259.0,26.0,41.0
UNIPARTS,2024-03-31,6.34,290.0,29.0,47.0
UNIPARTS,2024-06-30,5.51,261.0,25.0,42.0
UNIPARTS,2024-09-30,4.69,241.0,21.0,37.0
UNIPARTS,2024-12-31,4.24,208.0,19.0,32.0
UNIPARTS,2025-03-31,5.06,253.0,23.0,35.0
UNIPARTS,2025-06-30,7.64,274.0,34.0,52.0
UNIPARTS,2025-09-30,8.73,277.0,39.0,58.0
UNIPARTS,2025-12-31,7.38,281.0,33.0,56.0
UNITDSPR,2022-12-31,2.95,2779.0,214.0,372.0
UNITDSPR,2023-03-31,1.41,2503.0,103.0,235.0
UNITDSPR,2023-06-30,6.56,2667.0,477.0,712.0
UNITDSPR,2023-09-30,4.66,2869.0,339.0,468.0
UNITDSPR,2023-12-31,4.81,3002.0,350.0,486.0
UNITDSPR,2024-03-31,3.31,2783.0,241.0,334.0
UNITDSPR,2024-06-30,6.67,2761.0,485.0,712.0
UNITDSPR,2024-09-30,4.69,2844.0,341.0,500.0
UNITDSPR,2024-12-31,4.61,3433.0,335.0,565.0
UNITDSPR,2025-03-31,5.79,3031.0,421.0,459.0
UNITDSPR,2025-06-30,5.73,3021.0,417.0,638.0
UNITDSPR,2025-09-30,6.38,3173.0,464.0,659.0
UNITDSPR,2025-12-31,5.75,3694.0,418.0,599.0
UNITECH,2022-12-31,-2.12,92.0,-663.0,-2.0
UNITECH,2023-03-31,-2.0,97.0,-627.0,-25.0
UNITECH,2023-06-30,-2.25,84.0,-703.0,14.0
UNITECH,2023-09-30,-2.4,76.0,-744.0,-7.0
UNITECH,2023-12-31,-2.54,61.0,-788.0,-7.0
UNITECH,2024-03-31,-5.52,256.0,-1572.0,-766.0
UNITECH,2024-06-30,-4.11,74.0,-1206.0,-682.0
UNITECH,2024-09-30,-2.41,73.0,-767.0,-241.0
UNITECH,2024-12-31,-2.21,74.0,-717.0,-280.0
UNITECH,2025-03-31,-1.18,101.0,-489.0,775.0
UNITECH,2025-06-30,-2.26,105.0,-739.0,-10.0
UNITECH,2025-09-30,-2.19,136.0,-739.0,3.0
UNITECH,2025-12-31,-3.25,141.0,-975.0,-239.0
UNITEDPOLY,2024-03-31,-0.01,216.45,-0.13,8.33
UNITEDPOLY,2024-06-30,0.16,137.73,3.77,8.29
UNITEDPOLY,2024-09-30,0.22,158.69,4.96,11.53
UNITEDPOLY,2024-12-31,0.22,152.38,5.05,11.93
UNITEDPOLY,2025-03-31,0.17,153.43,3.9,11.16
UNITEDPOLY,2025-06-30,0.26,146.18,5.93,13.36
UNITEDPOLY,2025-09-30,0.33,185.22,7.6,12.67
UNITEDPOLY,2025-12-31,0.21,175.1,4.88,13.89
UNIVASTU,2022-12-31,0.89,28.04,3.02,5.59
UNIVASTU,2023-03-31,0.16,28.01,0.56,2.54
UNIVASTU,2023-06-30,0.29,26.78,1.22,2.96
UNIVASTU,2023-09-30,0.44,24.53,1.9,4.09
UNIVASTU,2023-12-31,0.46,29.93,2.49,4.72
UNIVASTU,2024-03-31,0.96,39.25,4.58,8.36
UNIVASTU,2024-06-30,0.51,28.11,2.45,4.6
UNIVASTU,2024-09-30,0.9,42.39,4.04,8.49
UNIVASTU,2024-12-31,0.89,41.99,5.08,7.73
UNIVASTU,2025-03-31,0.78,39.91,4.22,7.75
UNIVASTU,2025-06-30,0.72,29.41,4.01,7.33
UNIVASTU,2025-09-30,1.29,48.34,5.01,8.05
UNIVASTU,2025-12-31,1.53,56.16,6.03,10.11
UNIVCABLES,2022-12-31,7.04,591.0,24.0,43.0
UNIVCABLES,2023-03-31,11.83,583.0,41.0,52.0
UNIVCABLES,2023-06-30,6.93,479.0,24.0,37.0
UNIVCABLES,2023-09-30,3.36,494.0,12.0,23.0
UNIVCABLES,2023-12-31,6.91,467.0,24.0,41.0
UNIVCABLES,2024-03-31,14.0,580.0,49.0,61.0
UNIVCABLES,2024-06-30,1.61,489.0,6.0,32.0
UNIVCABLES,2024-09-30,5.27,638.0,18.0,47.0
UNIVCABLES,2024-12-31,4.56,608.0,16.0,39.0
UNIVCABLES,2025-03-31,14.32,674.0,50.0,62.0
UNIVCABLES,2025-06-30,9.49,600.0,33.0,58.0
UNIVCABLES,2025-09-30,13.74,814.0,48.0,74.0
UNIVCABLES,2025-12-31,7.84,768.0,27.0,60.0
UNOMINDA,2022-12-31,2.83,2915.0,174.0,338.0
UNOMINDA,2023-03-31,3.19,2889.0,194.0,319.0
UNOMINDA,2023-06-30,3.01,3093.0,180.0,330.0
UNOMINDA,2023-09-30,3.93,3621.0,238.0,402.0
UNOMINDA,2023-12-31,3.37,3523.0,205.0,380.0
UNOMINDA,2024-03-31,5.01,3794.0,302.0,474.0
UNOMINDA,2024-06-30,3.46,3818.0,211.0,408.0
UNOMINDA,2024-09-30,4.27,4245.0,266.0,482.0
UNOMINDA,2024-12-31,4.05,4184.0,254.0,457.0
UNOMINDA,2025-03-31,4.64,4528.0,289.0,527.0
UNOMINDA,2025-06-30,5.06,4489.0,309.0,543.0
UNOMINDA,2025-09-30,5.27,4814.0,323.0,552.0
UNOMINDA,2025-12-31,4.79,5018.0,300.0,554.0
UPL,2022-12-31,12.87,13679.0,1360.0,2884.0
UPL,2023-03-31,9.38,16569.0,1080.0,2722.0
UPL,2023-06-30,1.97,8963.0,102.0,1216.0
UPL,2023-09-30,-2.24,10170.0,-293.0,1121.0
UPL,2023-12-31,-14.41,9887.0,-1607.0,67.0
UPL,2024-03-31,0.47,14078.0,-80.0,1848.0
UPL,2024-06-30,-4.55,9067.0,-527.0,1069.0
UPL,2024-09-30,-5.25,11090.0,-585.0,1217.0
UPL,2024-12-31,9.81,10907.0,853.0,1678.0
UPL,2025-03-31,10.61,15573.0,1079.0,3164.0
UPL,2025-06-30,-1.04,9216.0,-176.0,1396.0
UPL,2025-09-30,6.56,12019.0,612.0,1947.0
UPL,2025-12-31,4.7,12269.0,490.0,2236.0
URBANCO,2024-09-30,-93.43,277.0,-2.0,-16.0
URBANCO,2024-12-31,11870.97,288.0,232.0,-2.0
URBANCO,2025-06-30,0.14,367.0,7.0,-13.0
URBANCO,2025-09-30,-0.41,380.0,-59.0,-79.0
URBANCO,2025-12-31,-0.15,383.0,-21.0,-42.0
URJA,2022-12-31,0.01,9.64,0.61,0.17
URJA,2023-03-31,0.0,10.64,0.09,0.09
URJA,2023-06-30,0.01,9.67,0.54,0.46
URJA,2023-09-30,0.02,10.96,0.9,0.78
URJA,2023-12-31,0.02,10.96,0.9,0.78
URJA,2024-03-31,0.01,13.02,0.46,0.21
URJA,2024-06-30,0.01,10.38,0.33,0.4
URJA,2024-09-30,0.01,19.49,0.36,0.35
URJA,2024-12-31,0.01,20.2,0.53,0.33
URJA,2025-03-31,0.0,17.18,0.81,0.72
URJA,2025-06-30,0.01,19.01,0.97,0.63
URJA,2025-09-30,0.01,15.5,0.42,0.67
URJA,2025-12-31,0.0,14.61,0.25,0.37
USHAMART,2023-03-31,3.45,855.0,105.0,154.0
USHAMART,2023-06-30,3.31,814.0,101.0,146.0
USHAMART,2023-09-30,3.59,785.0,110.0,144.0
USHAMART,2023-12-31,3.53,797.0,108.0,157.0
USHAMART,2024-03-31,3.49,829.0,106.0,152.0
USHAMART,2024-06-30,3.42,826.0,104.0,154.0
USHAMART,2024-09-30,3.6,891.0,109.0,161.0
USHAMART,2024-12-31,3.04,861.0,92.0,143.0
USHAMART,2025-03-31,3.31,896.0,101.0,140.0
USHAMART,2025-06-30,3.31,887.0,101.0,145.0
USHAMART,2025-09-30,3.6,908.0,110.0,173.0
USHAMART,2025-12-31,3.53,917.0,108.0,176.0
USHAMART,2026-03-31,4.85,979.0,148.0,212.0
UTIAMC,2023-03-31,6.75,301.0,86.0,122.0
UTIAMC,2023-06-30,18.46,468.0,234.0,300.0
UTIAMC,2023-09-30,14.39,404.0,183.0,232.0
UTIAMC,2023-12-31,14.59,449.0,203.0,273.0
UTIAMC,2024-03-31,12.79,416.0,181.0,228.0
UTIAMC,2024-06-30,19.97,529.0,274.0,351.0
UTIAMC,2024-09-30,18.76,538.0,263.0,348.0
UTIAMC,2024-12-31,11.78,418.0,174.0,233.0
UTIAMC,2025-03-31,6.83,376.0,102.0,169.0
UTIAMC,2025-06-30,18.5,547.0,254.0,340.0
UTIAMC,2025-09-30,8.81,419.0,132.0,177.0
UTIAMC,2025-12-31,9.41,517.0,138.0,302.0
UTIAMC,2026-03-31,-5.19,390.0,-51.0,-12.0
UTTAMSUGAR,2023-06-30,8.12,460.0,31.0,66.0
UTTAMSUGAR,2023-09-30,4.1,604.0,16.0,43.0
UTTAMSUGAR,2023-12-31,11.4,518.0,43.0,74.0
UTTAMSUGAR,2024-03-31,11.05,465.0,42.0,82.0
UTTAMSUGAR,2024-06-30,1.53,454.0,6.0,35.0
UTTAMSUGAR,2024-09-30,-3.81,401.0,-14.0,3.0
UTTAMSUGAR,2024-12-31,8.18,425.0,30.0,60.0
UTTAMSUGAR,2025-03-31,17.27,567.0,64.0,115.0
UTTAMSUGAR,2025-06-30,3.82,629.0,15.0,50.0
UTTAMSUGAR,2025-09-30,0.26,582.0,1.0,23.0
UTTAMSUGAR,2025-12-31,7.86,521.0,30.0,57.0
UYFINCORP,2019-09-30,0.03,,0.64,
UYFINCORP,2019-12-31,-0.05,,-0.94,
UYFINCORP,2020-03-31,-0.38,,-7.3,
UYFINCORP,2020-06-30,0.2,,3.83,
UYFINCORP,2020-09-30,0.17,,3.31,
UYFINCORP,2020-12-31,0.34,,6.54,
UYFINCORP,2021-03-31,-0.16,,-2.98,
UYFINCORP,2021-06-30,0.5,,9.53,
UYFINCORP,2021-09-30,0.21,,4.02,
UYFINCORP,2021-12-31,-1.28,,-24.26,
UYFINCORP,2022-03-31,0.99,,18.9,
UYFINCORP,2022-06-30,-0.03,,-0.55,
UYFINCORP,2022-09-30,0.28,,5.25,
V2RETAIL,2022-12-31,0.27,240.0,9.0,38.0
V2RETAIL,2023-03-31,-0.22,193.0,-8.0,14.0
V2RETAIL,2023-06-30,0.18,264.0,6.0,36.0
V2RETAIL,2023-09-30,-0.16,231.0,-6.0,20.0
V2RETAIL,2023-12-31,0.68,374.0,24.0,61.0
V2RETAIL,2024-03-31,0.1,296.0,4.0,31.0
V2RETAIL,2024-06-30,0.47,415.0,16.0,55.0
V2RETAIL,2024-09-30,-0.06,380.0,-2.0,33.0
V2RETAIL,2024-12-31,1.48,591.0,51.0,111.0
V2RETAIL,2025-03-31,0.19,499.0,6.0,58.0
V2RETAIL,2025-06-30,0.71,632.0,25.0,87.0
V2RETAIL,2025-09-30,0.5,709.0,17.0,85.0
V2RETAIL,2025-12-31,2.8,929.0,102.0,174.0
VADILALIND,2022-12-31,-12.92,143.38,-9.29,-5.58
VADILALIND,2023-03-31,40.04,256.24,28.78,48.72
VADILALIND,2023-06-30,98.81,410.91,71.02,104.26
VADILALIND,2023-09-30,52.94,288.71,38.05,58.95
VADILALIND,2023-12-31,12.86,174.26,9.24,11.29
VADILALIND,2024-03-31,38.45,251.45,27.64,45.77
VADILALIND,2024-06-30,107.71,464.25,77.42,113.39
VADILALIND,2024-09-30,54.23,295.51,38.98,60.55
VADILALIND,2024-12-31,16.6,203.85,11.93,25.54
VADILALIND,2025-03-31,30.61,274.47,22.0,38.77
VADILALIND,2025-06-30,93.19,505.91,66.98,99.76
VADILALIND,2025-09-30,46.5,341.3,33.42,51.27
VADILALIND,2025-12-31,-0.22,238.02,-0.15,10.64
VAIBHAVGBL,2022-12-31,2.36,724.0,39.0,61.0
VAIBHAVGBL,2023-03-31,1.42,693.0,23.0,46.0
VAIBHAVGBL,2023-06-30,1.8,658.0,30.0,58.0
VAIBHAVGBL,2023-09-30,1.78,705.0,29.0,63.0
VAIBHAVGBL,2023-12-31,2.87,888.0,47.0,93.0
VAIBHAVGBL,2024-03-31,1.29,789.0,21.0,53.0
VAIBHAVGBL,2024-06-30,1.67,756.0,27.0,57.0
VAIBHAVGBL,2024-09-30,1.67,796.0,28.0,60.0
VAIBHAVGBL,2024-12-31,3.84,977.0,64.0,110.0
VAIBHAVGBL,2025-03-31,2.05,850.0,34.0,62.0
VAIBHAVGBL,2025-06-30,2.26,814.0,38.0,62.0
VAIBHAVGBL,2025-09-30,2.85,877.0,48.0,78.0
VAIBHAVGBL,2025-12-31,5.38,1066.0,90.0,136.0
VAKRANGEE,2023-03-31,0.01,50.94,0.68,4.72
VAKRANGEE,2023-06-30,0.0,55.59,0.49,6.62
VAKRANGEE,2023-09-30,0.0,51.54,0.42,5.92
VAKRANGEE,2023-12-31,0.01,51.56,1.24,6.23
VAKRANGEE,2024-03-31,0.02,53.89,2.19,7.61
VAKRANGEE,2024-06-30,0.02,58.7,2.24,6.56
VAKRANGEE,2024-09-30,0.01,65.25,0.59,5.24
VAKRANGEE,2024-12-31,0.01,67.88,1.04,5.48
VAKRANGEE,2025-03-31,0.02,63.18,2.52,6.83
VAKRANGEE,2025-06-30,0.03,68.84,3.32,7.82
VAKRANGEE,2025-09-30,0.03,69.08,3.03,7.27
VAKRANGEE,2025-12-31,0.03,60.1,3.15,7.79
VAKRANGEE,2026-03-31,0.02,56.74,1.62,4.77
VALIANTORG,2022-12-31,8.09,250.37,26.08,38.19
VALIANTORG,2023-03-31,10.96,271.4,34.0,52.26
VALIANTORG,2023-06-30,4.57,201.84,14.93,23.86
VALIANTORG,2023-09-30,1.58,203.1,4.75,15.49
VALIANTORG,2023-12-31,-2.86,141.36,-7.89,2.58
VALIANTORG,2024-03-31,-7.32,176.76,-20.19,-2.18
VALIANTORG,2024-06-30,-0.22,167.92,-0.62,15.54
VALIANTORG,2024-09-30,-4.63,160.18,-12.47,0.74
VALIANTORG,2024-12-31,1.98,186.86,5.46,15.32
VALIANTORG,2025-03-31,1.5,203.81,4.2,20.28
VALIANTORG,2025-06-30,2.93,204.41,8.2,24.82
VALIANTORG,2025-09-30,2.02,157.31,5.67,21.15
VALIANTORG,2025-12-31,1.3,159.27,3.65,13.16
VARROC,2022-12-31,1.34,1723.0,22.0,141.0
VARROC,2023-03-31,2.59,1699.0,40.0,165.0
VARROC,2023-06-30,2.11,1806.0,34.0,183.0
VARROC,2023-09-30,3.55,1887.0,56.0,194.0
VARROC,2023-12-31,25.05,1885.0,384.0,176.0
VARROC,2024-03-31,3.72,1975.0,58.0,221.0
VARROC,2024-06-30,2.12,1899.0,34.0,174.0
VARROC,2024-09-30,3.64,2081.0,58.0,208.0
VARROC,2024-12-31,-3.1,2075.0,-45.0,186.0
VARROC,2025-03-31,1.35,2099.0,23.0,221.0
VARROC,2025-06-30,6.88,2028.0,107.0,195.0
VARROC,2025-09-30,3.99,2207.0,63.0,203.0
VARROC,2025-12-31,-0.67,2288.0,-11.0,210.0
VASCONEQ,2022-12-31,0.75,254.02,16.33,20.95
VASCONEQ,2023-03-31,2.28,327.34,49.61,49.49
VASCONEQ,2023-06-30,0.55,204.46,11.9,14.54
VASCONEQ,2023-09-30,0.95,159.21,20.67,7.28
VASCONEQ,2023-12-31,0.84,206.54,18.56,20.17
VASCONEQ,2024-03-31,0.76,233.52,16.82,19.99
VASCONEQ,2024-06-30,0.43,196.23,9.6,15.73
VASCONEQ,2024-09-30,0.46,199.8,10.31,14.38
VASCONEQ,2024-12-31,3.34,294.79,75.57,19.78
VASCONEQ,2025-03-31,1.54,387.08,34.77,37.49
VASCONEQ,2025-06-30,0.99,221.18,22.47,12.76
VASCONEQ,2025-09-30,0.51,225.63,11.43,15.67
VASCONEQ,2025-12-31,0.41,249.4,9.28,12.96
VASWANI,2023-06-30,0.92,93.55,2.76,6.06
VASWANI,2024-03-31,1.03,90.36,3.1,6.6
VASWANI,2024-06-30,0.84,91.74,2.52,5.26
VBL,2023-03-31,1.32,3893.0,439.0,798.0
VBL,2023-06-30,3.06,5611.0,1005.0,1511.0
VBL,2023-09-30,1.54,3871.0,514.0,882.0
VBL,2023-12-31,0.41,2668.0,144.0,418.0
VBL,2024-03-31,1.65,4317.0,548.0,989.0
VBL,2024-06-30,3.86,7197.0,1262.0,1991.0
VBL,2024-09-30,1.91,4805.0,629.0,1151.0
VBL,2024-12-31,0.55,3689.0,196.0,579.0
VBL,2025-03-31,2.15,5567.0,731.0,1263.0
VBL,2025-06-30,3.89,7017.0,1325.0,1998.0
VBL,2025-09-30,2.19,4897.0,745.0,1146.0
VBL,2025-12-31,0.74,4204.0,260.0,637.0
VBL,2026-03-31,2.58,6574.0,879.0,1525.0
VEDL,2023-03-31,5.06,37930.0,3132.0,9459.0
VEDL,2023-06-30,7.1,33733.0,3308.0,6420.0
VEDL,2023-09-30,-4.8,38945.0,-915.0,11479.0
VEDL,2023-12-31,5.42,35541.0,2868.0,8531.0
VEDL,2024-03-31,3.68,35509.0,2275.0,8768.0
VEDL,2024-06-30,9.7,35764.0,5095.0,9945.0
VEDL,2024-09-30,11.13,37634.0,5603.0,9828.0
VEDL,2024-12-31,9.07,17063.0,4876.0,5013.0
VEDL,2025-03-31,8.91,16686.0,4961.0,5246.0
VEDL,2025-06-30,8.14,37824.0,4457.0,9918.0
VEDL,2025-09-30,4.6,18747.0,3479.0,4915.0
VEDL,2025-12-31,14.6,21337.0,7807.0,6521.0
VEDL,2026-03-31,17.13,24609.0,9352.0,7559.0
VEEDOL,2022-12-31,14.89,497.0,26.0,34.0
VEEDOL,2023-03-31,19.75,470.0,34.0,41.0
VEEDOL,2023-06-30,17.9,474.0,31.0,39.0
VEEDOL,2023-09-30,20.21,474.0,35.0,42.0
VEEDOL,2023-12-31,19.27,496.0,34.0,42.0
VEEDOL,2024-03-31,24.63,487.0,43.0,48.0
VEEDOL,2024-06-30,21.3,479.0,37.0,41.0
VEEDOL,2024-09-30,19.86,476.0,35.0,46.0
VEEDOL,2024-12-31,21.43,482.0,37.0,38.0
VEEDOL,2025-03-31,34.26,532.0,60.0,68.0
VEEDOL,2025-06-30,28.51,514.0,50.0,59.0
VEEDOL,2025-09-30,23.5,509.0,41.0,53.0
VEEDOL,2025-12-31,24.99,538.0,44.0,52.0
VELJAN,2022-12-31,8.62,30.48,3.88,6.89
VELJAN,2023-03-31,4.56,30.49,2.05,4.41
VELJAN,2023-06-30,13.18,32.04,5.93,8.87
VELJAN,2023-09-30,10.42,33.89,4.69,7.5
VELJAN,2023-12-31,12.51,35.02,5.63,8.43
VELJAN,2024-03-31,12.64,36.75,5.69,8.56
VELJAN,2024-06-30,11.31,36.9,5.09,8.33
VELJAN,2024-09-30,13.44,37.34,6.05,9.15
VELJAN,2024-12-31,14.58,40.0,6.56,9.95
VELJAN,2025-03-31,13.4,41.47,6.03,9.39
VELJAN,2025-06-30,16.29,42.62,7.33,10.84
VELJAN,2025-09-30,14.78,38.63,6.65,10.01
VELJAN,2025-12-31,11.24,36.92,5.06,8.44
VENTIVE,2023-12-31,41.41,126.0,43.0,74.0
VENTIVE,2024-03-31,45.22,124.0,47.0,76.0
VENTIVE,2024-06-30,25.3,115.0,26.0,68.0
VENTIVE,2024-09-30,-2.7,258.0,-47.0,87.0
VENTIVE,2024-12-31,0.95,534.0,35.0,238.0
VENTIVE,2025-03-31,5.48,698.0,151.0,352.0
VENTIVE,2025-06-30,1.15,507.0,38.0,208.0
VENTIVE,2025-09-30,2.25,489.0,64.0,190.0
VENTIVE,2025-12-31,4.99,686.0,140.0,311.0
VENUSREM,2022-12-31,2.46,117.0,3.0,8.0
VENUSREM,2023-03-31,8.27,156.0,11.0,25.0
VENUSREM,2023-06-30,0.88,95.0,1.0,10.0
VENUSREM,2023-09-30,7.44,168.0,10.0,18.0
VENUSREM,2023-12-31,5.12,143.0,7.0,12.0
VENUSREM,2024-03-31,7.86,195.0,11.0,19.0
VENUSREM,2024-06-30,0.91,109.0,1.0,11.0
VENUSREM,2024-09-30,2.63,170.0,4.0,8.0
VENUSREM,2024-12-31,14.66,177.0,20.0,18.0
VENUSREM,2025-03-31,15.71,195.0,21.0,29.0
VENUSREM,2025-06-30,7.18,137.0,10.0,15.0
VENUSREM,2025-09-30,15.06,193.0,20.0,31.0
VENUSREM,2025-12-31,19.14,180.0,26.0,38.0
VERANDA,2022-12-31,0.19,48.0,1.0,-21.0
VERANDA,2023-03-31,-6.28,48.0,-39.0,-21.0
VERANDA,2023-06-30,-3.14,69.0,-19.0,4.0
VERANDA,2023-09-30,-0.31,98.0,-2.0,15.0
VERANDA,2023-12-31,-2.49,92.0,-17.0,14.0
VERANDA,2024-03-31,-5.93,103.0,-39.0,21.0
VERANDA,2024-06-30,-3.75,119.0,-25.0,20.0
VERANDA,2024-09-30,-4.46,106.0,-32.0,28.0
VERANDA,2024-12-31,-27.15,99.0,-203.0,-33.0
VERANDA,2025-03-31,0.65,114.0,8.0,20.0
VERANDA,2025-06-30,-0.09,106.0,6.0,32.0
VERANDA,2025-09-30,10.01,127.0,96.0,46.0
VERANDA,2025-12-31,1.09,117.0,13.0,38.0
VERTOZ,2022-12-31,1.33,21.58,3.2,4.34
VERTOZ,2023-03-31,1.71,34.32,4.1,6.45
VERTOZ,2023-06-30,1.48,33.92,3.54,3.92
VERTOZ,2023-09-30,1.39,37.66,5.13,6.6
VERTOZ,2023-12-31,1.41,55.23,4.51,6.05
VERTOZ,2024-03-31,0.56,45.66,4.69,6.65
VERTOZ,2024-06-30,0.63,60.17,5.74,8.93
VERTOZ,2024-09-30,0.77,63.65,6.57,6.82
VERTOZ,2024-12-31,0.86,66.2,7.35,8.28
VERTOZ,2025-03-31,0.81,65.18,6.01,12.39
VERTOZ,2025-06-30,0.75,70.49,6.47,9.99
VERTOZ,2025-09-30,0.8,72.26,7.24,10.43
VERTOZ,2025-12-31,0.73,75.42,6.16,13.47
VETO,2022-12-31,2.45,71.67,4.71,6.72
VETO,2023-03-31,1.05,84.14,2.21,6.23
VETO,2023-06-30,2.54,66.96,4.9,7.83
VETO,2023-09-30,3.13,71.64,6.05,10.01
VETO,2023-12-31,2.5,82.05,4.89,8.72
VETO,2024-03-31,1.11,79.44,2.23,4.32
VETO,2024-06-30,2.54,61.21,4.88,7.1
VETO,2024-09-30,3.09,74.28,5.97,8.56
VETO,2024-12-31,1.96,75.71,3.63,5.19
VETO,2025-03-31,3.94,89.18,7.34,10.84
VETO,2025-06-30,1.93,64.87,3.43,6.3
VETO,2025-09-30,3.18,88.77,6.08,8.37
VETO,2025-12-31,3.45,94.22,6.27,9.81
VGL,2018-06-30,0.12,216.64,0.57,19.04
VGL,2018-09-30,-0.04,177.67,-0.2,19.01
VGL,2018-12-31,0.07,176.7,0.32,21.04
VGL,2019-03-31,0.09,180.54,0.4,23.11
VGL,2019-06-30,-5.32,167.74,-24.97,-3.54
VGL,2019-09-30,-3.55,168.07,-16.64,6.17
VGL,2019-12-31,-1.75,110.94,-8.19,13.86
VGL,2020-03-31,1.68,117.93,7.88,17.59
VGUARD,2022-12-31,0.91,982.0,39.0,67.0
VGUARD,2023-03-31,1.22,1139.0,53.0,97.0
VGUARD,2023-06-30,1.48,1215.0,64.0,105.0
VGUARD,2023-09-30,1.36,1134.0,59.0,92.0
VGUARD,2023-12-31,1.34,1165.0,58.0,102.0
VGUARD,2024-03-31,1.75,1343.0,76.0,128.0
VGUARD,2024-06-30,2.28,1477.0,99.0,156.0
VGUARD,2024-09-30,1.46,1294.0,63.0,110.0
VGUARD,2024-12-31,1.38,1269.0,60.0,104.0
VGUARD,2025-03-31,2.09,1538.0,91.0,143.0
VGUARD,2025-06-30,1.69,1466.0,74.0,124.0
VGUARD,2025-09-30,1.5,1341.0,65.0,109.0
VGUARD,2025-12-31,1.31,1404.0,57.0,123.0
VHL,2022-12-31,103.71,4.0,33.0,4.0
VHL,2023-03-31,127.87,-5.0,41.0,-7.0
VHL,2023-06-30,137.21,6.0,44.0,5.0
VHL,2023-09-30,194.05,30.0,62.0,30.0
VHL,2023-12-31,167.95,8.0,54.0,7.0
VHL,2024-03-31,80.15,0.0,26.0,-3.0
VHL,2024-06-30,229.14,7.0,73.0,5.0
VHL,2024-09-30,154.72,7.0,49.0,5.0
VHL,2024-12-31,206.05,7.0,66.0,5.0
VHL,2025-03-31,218.49,2.0,70.0,1.0
VHL,2025-06-30,196.08,3.0,63.0,3.0
VHL,2025-09-30,144.51,3.0,46.0,2.0
VHL,2025-12-31,168.29,6.0,54.0,5.0
VIDHIING,2022-12-31,1.54,86.0,8.0,13.0
VIDHIING,2023-03-31,1.76,89.0,9.0,12.0
VIDHIING,2023-06-30,1.68,80.0,8.0,13.0
VIDHIING,2023-09-30,1.8,80.0,9.0,14.0
VIDHIING,2023-12-31,1.72,63.0,9.0,14.0
VIDHIING,2024-03-31,2.1,78.0,10.0,16.0
VIDHIING,2024-06-30,1.69,83.0,8.0,14.0
VIDHIING,2024-09-30,2.07,91.0,10.0,15.0
VIDHIING,2024-12-31,2.55,99.0,13.0,19.0
VIDHIING,2025-03-31,2.38,110.0,12.0,20.0
VIDHIING,2025-06-30,2.54,88.0,13.0,21.0
VIDHIING,2025-09-30,2.11,75.0,11.0,18.0
VIDHIING,2025-12-31,2.49,94.0,12.0,19.0
VIDYAWIRES,2024-09-30,20.82,364.0,8.0,14.0
VIDYAWIRES,2024-12-31,0.66,347.0,11.0,16.0
VIDYAWIRES,2025-06-30,0.76,412.0,12.0,19.0
VIDYAWIRES,2025-09-30,0.66,381.0,10.0,16.0
VIDYAWIRES,2025-12-31,0.72,448.0,15.0,24.0
VIJAYA,2022-12-31,1.6,113.0,16.0,44.0
VIJAYA,2023-03-31,2.69,121.0,28.0,49.0
VIJAYA,2023-06-30,2.57,121.0,26.0,48.0
VIJAYA,2023-09-30,3.26,139.0,34.0,57.0
VIJAYA,2023-12-31,2.53,133.0,26.0,52.0
VIJAYA,2024-03-31,3.27,155.0,34.0,63.0
VIJAYA,2024-06-30,3.06,156.0,32.0,61.0
VIJAYA,2024-09-30,4.1,183.0,42.0,76.0
VIJAYA,2024-12-31,3.43,169.0,35.0,67.0
VIJAYA,2025-03-31,3.38,173.0,35.0,69.0
VIJAYA,2025-06-30,3.76,188.0,39.0,74.0
VIJAYA,2025-09-30,4.21,202.0,43.0,82.0
VIJAYA,2025-12-31,4.2,205.0,43.0,86.0
VIKRAMSOLR,2024-06-30,0.72,631.0,23.0,111.0
VIKRAMSOLR,2024-09-30,0.23,573.0,7.0,72.0
VIKRAMSOLR,2024-12-31,0.6,1026.0,19.0,85.0
VIKRAMSOLR,2025-03-31,2.86,1194.0,91.0,224.0
VIKRAMSOLR,2025-06-30,4.21,1134.0,133.0,242.0
VIKRAMSOLR,2025-09-30,3.55,1110.0,128.0,235.0
VIKRAMSOLR,2025-12-31,2.71,1106.0,98.0,205.0
VIMTALABS,2021-12-31,2.64,67.0,12.0,21.0
VIMTALABS,2022-03-31,2.68,74.0,12.0,23.0
VIMTALABS,2022-06-30,2.72,79.0,12.0,24.0
VIMTALABS,2022-09-30,2.99,80.0,13.0,25.0
VIMTALABS,2022-12-31,2.32,77.0,10.0,21.0
VIMTALABS,2023-03-31,2.86,82.0,13.0,24.0
VIMTALABS,2023-06-30,2.75,83.0,12.0,25.0
VIMTALABS,2023-09-30,1.43,66.0,6.0,17.0
VIMTALABS,2023-12-31,2.29,75.0,10.0,24.0
VIMTALABS,2024-03-31,2.79,80.0,12.0,24.0
VIMTALABS,2024-06-30,2.77,75.0,12.0,26.0
VIMTALABS,2024-09-30,3.44,85.0,15.0,30.0
VIMTALABS,2024-12-31,4.84,90.0,22.0,33.0
VINATIORGA,2022-12-31,10.4,517.0,107.0,148.0
VINATIORGA,2023-03-31,10.18,519.0,105.0,147.0
VINATIORGA,2023-06-30,6.75,439.0,69.0,100.0
VINATIORGA,2023-09-30,7.05,463.0,72.0,105.0
VINATIORGA,2023-12-31,7.49,448.0,77.0,115.0
VINATIORGA,2024-03-31,10.05,550.0,104.0,150.0
VINATIORGA,2024-06-30,8.12,525.0,84.0,124.0
VINATIORGA,2024-09-30,10.07,553.0,104.0,134.0
VINATIORGA,2024-12-31,9.04,522.0,94.0,142.0
VINATIORGA,2025-03-31,11.87,648.0,123.0,180.0
VINATIORGA,2025-06-30,10.05,542.0,104.0,160.0
VINATIORGA,2025-09-30,11.08,550.0,115.0,167.0
VINATIORGA,2025-12-31,9.73,531.0,101.0,157.0
VINCOFE,2022-12-31,0.12,19.0,1.0,5.0
VINCOFE,2023-03-31,0.13,19.0,1.0,4.0
VINCOFE,2023-06-30,0.16,21.0,2.0,5.0
VINCOFE,2023-09-30,0.23,30.0,2.0,6.0
VINCOFE,2023-12-31,0.34,38.0,4.0,7.0
VINCOFE,2024-03-31,0.41,42.0,4.0,7.0
VINCOFE,2024-06-30,0.37,44.0,5.0,8.0
VINCOFE,2024-09-30,0.61,72.0,8.0,10.0
VINCOFE,2024-12-31,1.01,88.0,12.0,16.0
VINCOFE,2025-03-31,1.24,105.0,16.0,19.0
VINCOFE,2025-06-30,1.09,102.0,14.0,18.0
VINCOFE,2025-09-30,1.23,136.0,18.0,22.0
VINCOFE,2025-12-31,1.31,151.0,19.0,29.0
VINDHYATEL,2022-12-31,23.86,638.27,28.28,57.92
VINDHYATEL,2023-03-31,85.49,1374.93,101.31,127.77
VINDHYATEL,2023-06-30,49.65,850.82,58.84,70.97
VINDHYATEL,2023-09-30,39.45,861.99,46.75,60.2
VINDHYATEL,2023-12-31,58.02,1083.74,68.76,75.35
VINDHYATEL,2024-03-31,91.43,1289.98,108.35,88.23
VINDHYATEL,2024-06-30,24.85,833.4,29.45,49.08
VINDHYATEL,2024-09-30,20.56,952.67,24.36,47.89
VINDHYATEL,2024-12-31,32.98,1037.12,39.09,65.03
VINDHYATEL,2025-03-31,92.77,1231.22,109.94,88.07
VINDHYATEL,2025-06-30,49.46,907.52,58.62,60.63
VINDHYATEL,2025-09-30,49.89,959.83,59.12,72.34
VINDHYATEL,2025-12-31,-0.88,716.56,-1.04,17.68
VIPIND,2022-12-31,3.11,526.0,44.0,73.0
VIPIND,2023-03-31,-0.3,451.0,-4.0,64.0
VIPIND,2023-06-30,4.08,636.0,58.0,81.0
VIPIND,2023-09-30,0.94,546.0,13.0,53.0
VIPIND,2023-12-31,0.5,546.0,7.0,52.0
VIPIND,2024-03-31,-1.68,516.0,-24.0,8.0
VIPIND,2024-06-30,0.28,639.0,4.0,49.0
VIPIND,2024-09-30,-2.33,544.0,-33.0,-2.0
VIPIND,2024-12-31,-0.87,501.0,-12.0,29.0
VIPIND,2025-03-31,-1.93,494.0,-27.0,6.0
VIPIND,2025-06-30,-0.92,561.0,-13.0,25.0
VIPIND,2025-09-30,-10.08,406.0,-143.0,-106.0
VIPIND,2025-12-31,-3.72,454.0,-53.0,-77.0
VISAKAIND,2022-12-31,0.39,356.52,3.35,25.58
VISAKAIND,2023-03-31,0.5,452.49,4.34,25.0
VISAKAIND,2023-06-30,1.38,448.15,11.95,36.09
VISAKAIND,2023-09-30,-0.59,338.84,-5.07,13.21
VISAKAIND,2023-12-31,-0.83,343.58,-7.16,14.06
VISAKAIND,2024-03-31,0.13,396.03,1.15,24.43
VISAKAIND,2024-06-30,1.15,457.66,9.96,39.37
VISAKAIND,2024-09-30,-1.92,308.36,-16.56,3.69
VISAKAIND,2024-12-31,-1.27,351.42,-10.98,11.37
VISAKAIND,2025-03-31,1.69,425.85,14.57,44.5
VISAKAIND,2025-06-30,6.03,505.53,52.14,51.13
VISAKAIND,2025-09-30,-1.01,325.03,-8.72,11.75
VISAKAIND,2025-12-31,0.22,367.55,1.92,25.63
VISASTEEL,2022-12-31,149.19,160.0,1727.0,4.0
VISASTEEL,2023-03-31,-1.76,107.0,-20.0,-2.0
VISASTEEL,2023-06-30,-1.21,235.0,-14.0,5.0
VISASTEEL,2023-09-30,-2.13,189.0,-25.0,-6.0
VISASTEEL,2023-12-31,-2.1,90.0,-24.0,-5.0
VISASTEEL,2024-03-31,-0.77,156.0,-9.0,10.0
VISASTEEL,2024-06-30,-0.6,135.0,-7.0,12.0
VISASTEEL,2024-09-30,-0.36,151.0,-4.0,8.0
VISASTEEL,2024-12-31,-1.49,119.0,-17.0,3.0
VISASTEEL,2025-03-31,-42.16,162.0,-488.0,9.0
VISASTEEL,2025-06-30,0.37,171.0,4.0,18.0
VISASTEEL,2025-09-30,-1.75,75.0,-20.0,-10.0
VISASTEEL,2025-12-31,-1.28,145.0,-17.0,-1.0
VISHNU,2022-12-31,5.32,325.0,32.0,52.0
VISHNU,2023-03-31,5.97,336.0,36.0,61.0
VISHNU,2023-06-30,4.79,301.0,29.0,51.0
VISHNU,2023-09-30,3.66,308.0,24.0,46.0
VISHNU,2023-12-31,3.17,304.0,21.0,41.0
VISHNU,2024-03-31,4.23,300.0,28.0,64.0
VISHNU,2024-06-30,4.65,339.0,30.0,56.0
VISHNU,2024-09-30,3.49,344.0,23.0,45.0
VISHNU,2024-12-31,5.25,371.0,34.0,64.0
VISHNU,2025-03-31,5.78,393.0,39.0,64.0
VISHNU,2025-06-30,4.79,347.0,32.0,56.0
VISHNU,2025-09-30,4.88,401.0,33.0,58.0
VISHNU,2025-12-31,5.02,411.0,34.0,62.0
VIYASH,2022-12-31,-0.36,375.0,-10.0,10.0
VIYASH,2023-03-31,-3.75,367.0,-92.0,-3.0
VIYASH,2023-06-30,-1.4,333.0,-35.0,-8.0
VIYASH,2023-09-30,-0.34,346.0,-7.0,15.0
VIYASH,2023-12-31,0.33,329.0,11.0,22.0
VIYASH,2024-03-31,-0.04,361.0,1.0,32.0
VIYASH,2024-06-30,0.26,390.0,9.0,42.0
VIYASH,2024-09-30,0.1,369.0,6.0,39.0
VIYASH,2024-12-31,1.78,774.0,42.0,100.0
VIYASH,2025-03-31,0.37,402.0,10.0,46.0
VIYASH,2025-06-30,0.57,441.0,18.0,52.0
VIYASH,2025-09-30,2.18,850.0,73.0,173.0
VIYASH,2025-12-31,0.88,858.0,49.0,176.0
VLSFINANCE,2022-12-31,13.73,71.0,53.0,66.0
VLSFINANCE,2023-03-31,-4.07,-15.0,-16.0,-24.0
VLSFINANCE,2023-06-30,26.43,112.0,92.0,105.0
VLSFINANCE,2023-09-30,20.2,84.0,70.0,78.0
VLSFINANCE,2023-12-31,25.3,113.0,88.0,107.0
VLSFINANCE,2024-03-31,21.28,98.0,74.0,91.0
VLSFINANCE,2024-06-30,26.8,130.0,93.0,123.0
VLSFINANCE,2024-09-30,15.02,79.0,51.0,62.0
VLSFINANCE,2024-12-31,-17.14,-58.0,-58.0,-73.0
VLSFINANCE,2025-03-31,-11.71,-49.0,-40.0,-54.0
VLSFINANCE,2025-06-30,20.92,99.0,71.0,93.0
VLSFINANCE,2025-09-30,2.09,11.0,7.0,5.0
VLSFINANCE,2025-12-31,5.31,29.0,18.0,23.0
VMM,2023-12-31,0.46,2624.0,205.0,427.0
VMM,2024-03-31,0.14,2069.0,61.0,251.0
VMM,2024-06-30,0.33,2596.0,150.0,366.0
VMM,2024-09-30,0.23,2436.0,104.0,302.0
VMM,2024-12-31,0.58,3136.0,263.0,505.0
VMM,2025-03-31,0.25,2548.0,115.0,357.0
VMM,2025-06-30,0.44,3140.0,206.0,459.0
VMM,2025-09-30,0.33,2981.0,152.0,395.0
VMM,2025-12-31,0.67,3670.0,313.0,605.0
VOLTAS,2022-12-31,-3.34,2006.0,-110.0,44.0
VOLTAS,2023-03-31,4.35,2957.0,143.0,190.0
VOLTAS,2023-06-30,3.91,3360.0,129.0,154.0
VOLTAS,2023-09-30,1.11,2293.0,36.0,37.0
VOLTAS,2023-12-31,-0.92,2626.0,-28.0,-8.0
VOLTAS,2024-03-31,3.52,4203.0,111.0,152.0
VOLTAS,2024-06-30,10.1,4921.0,335.0,394.0
VOLTAS,2024-09-30,4.05,2619.0,133.0,130.0
VOLTAS,2024-12-31,3.99,3105.0,131.0,165.0
VOLTAS,2025-03-31,7.28,4768.0,236.0,301.0
VOLTAS,2025-06-30,4.24,3939.0,141.0,153.0
VOLTAS,2025-09-30,1.04,2347.0,32.0,34.0
VOLTAS,2025-12-31,2.57,3071.0,84.0,145.0
VRAJ,2023-03-31,15.49,139.1,7.66,12.08
VRAJ,2023-06-30,33.03,105.68,16.33,21.77
VRAJ,2023-09-30,7.96,115.04,19.69,26.04
VRAJ,2023-12-31,3.46,80.6,8.56,10.74
VRAJ,2024-03-31,5.19,118.54,12.83,17.93
VRAJ,2024-06-30,6.29,114.6,15.54,21.09
VRAJ,2024-09-30,3.12,87.55,10.29,13.57
VRAJ,2024-12-31,2.5,119.88,8.24,11.19
VRAJ,2025-03-31,3.03,153.01,10.01,16.36
VRAJ,2025-06-30,2.3,138.31,7.59,13.22
VRAJ,2025-09-30,2.35,132.98,7.75,13.41
VRAJ,2025-12-31,0.33,146.43,1.1,5.17
VSSL,2023-06-30,2.29,409.0,19.0,29.0
VSSL,2023-09-30,2.27,415.0,18.0,31.0
VSSL,2023-12-31,2.68,397.0,22.0,33.0
VSSL,2024-03-31,4.03,439.0,33.0,49.0
VSSL,2024-06-30,3.2,415.0,26.0,42.0
VSSL,2024-09-30,3.17,495.0,26.0,39.0
VSSL,2024-12-31,2.63,427.0,21.0,35.0
VSSL,2025-03-31,2.41,428.0,20.0,31.0
VSTTILLERS,2022-12-31,22.49,214.0,19.0,23.0
VSTTILLERS,2023-03-31,46.47,323.0,40.0,55.0
VSTTILLERS,2023-06-30,38.19,246.0,33.0,32.0
VSTTILLERS,2023-09-30,42.19,279.0,36.0,43.0
VSTTILLERS,2023-12-31,19.53,170.0,17.0,9.0
VSTTILLERS,2024-03-31,40.22,273.0,35.0,39.0
VSTTILLERS,2024-06-30,26.01,191.0,22.0,13.0
VSTTILLERS,2024-09-30,51.85,283.0,45.0,37.0
VSTTILLERS,2024-12-31,1.48,219.0,1.0,19.0
VSTTILLERS,2025-03-31,28.25,301.0,24.0,40.0
VSTTILLERS,2025-06-30,51.16,282.0,44.0,37.0
VSTTILLERS,2025-09-30,28.9,315.0,25.0,40.0
VSTTILLERS,2025-12-31,35.21,314.0,30.0,40.0
VTL,2022-12-31,3.54,2370.0,105.0,179.0
VTL,2023-03-31,5.49,2486.0,160.0,262.0
VTL,2023-06-30,4.72,2318.0,137.0,215.0
VTL,2023-09-30,4.64,2397.0,136.0,205.0
VTL,2023-12-31,5.54,2330.0,162.0,244.0
VTL,2024-03-31,6.94,2459.0,202.0,308.0
VTL,2024-06-30,8.25,2309.0,240.0,348.0
VTL,2024-09-30,6.81,2502.0,197.0,315.0
VTL,2024-12-31,7.28,2465.0,212.0,313.0
VTL,2025-03-31,8.21,2509.0,238.0,287.0
VTL,2025-06-30,7.16,2386.0,208.0,326.0
VTL,2025-09-30,6.47,2480.0,188.0,334.0
VTL,2025-12-31,5.75,2505.0,168.0,284.0
WAAREEENER,2023-06-30,17.05,3328.0,338.0,468.0
WAAREEENER,2023-09-30,15.98,3537.0,320.0,517.0
WAAREEENER,2023-12-31,6.32,1596.0,141.0,171.0
WAAREEENER,2024-03-31,23.41,2936.0,475.0,418.0
WAAREEENER,2024-06-30,19.99,3409.0,401.0,552.0
WAAREEENER,2024-09-30,13.73,3574.0,376.0,525.0
WAAREEENER,2024-12-31,17.15,3457.0,507.0,722.0
WAAREEENER,2025-03-31,21.54,4004.0,644.0,923.0
WAAREEENER,2025-06-30,25.94,4426.0,773.0,997.0
WAAREEENER,2025-09-30,29.29,6066.0,878.0,1406.0
WAAREEENER,2025-12-31,36.94,7565.0,1107.0,1928.0
WAAREEENER,2026-03-31,36.89,8480.0,1126.0,1577.0
WAAREERTL,2023-03-31,1.18,61.0,12.0,22.0
WAAREERTL,2023-06-30,0.88,129.0,9.0,13.0
WAAREERTL,2023-09-30,1.98,150.0,21.0,31.0
WAAREERTL,2023-12-31,6.17,324.0,64.0,88.0
WAAREERTL,2024-03-31,4.93,273.0,51.0,75.0
WAAREERTL,2024-06-30,2.72,236.0,28.0,41.0
WAAREERTL,2024-09-30,5.14,524.0,54.0,72.0
WAAREERTL,2024-12-31,5.13,360.0,53.0,72.0
WAAREERTL,2025-03-31,9.0,477.0,94.0,126.0
WAAREERTL,2025-06-30,8.29,603.0,86.0,118.0
WAAREERTL,2025-09-30,11.16,775.0,116.0,158.0
WAAREERTL,2025-12-31,11.52,851.0,120.0,159.0
WAAREERTL,2026-03-31,14.93,1102.0,156.0,207.0
WABAG,2022-12-31,7.58,652.0,47.0,92.0
WABAG,2023-03-31,-17.86,927.0,-112.0,108.0
WABAG,2023-06-30,8.04,553.0,50.0,56.0
WABAG,2023-09-30,9.68,665.0,60.0,86.0
WABAG,2023-12-31,10.11,704.0,63.0,98.0
WABAG,2024-03-31,11.64,934.0,78.0,116.0
WABAG,2024-06-30,8.84,626.0,55.0,79.0
WABAG,2024-09-30,11.35,700.0,70.0,94.0
WABAG,2024-12-31,11.29,811.0,70.0,98.0
WABAG,2025-03-31,16.0,1156.0,100.0,141.0
WABAG,2025-06-30,10.58,734.0,66.0,96.0
WABAG,2025-09-30,13.62,834.0,85.0,89.0
WABAG,2025-12-31,14.72,961.0,91.0,122.0
WCIL,2023-06-30,2.22,402.0,17.0,31.0
WCIL,2023-09-30,2.33,426.0,18.0,34.0
WCIL,2023-12-31,2.59,457.0,20.0,37.0
WCIL,2024-03-31,3.07,402.0,24.0,44.0
WCIL,2024-06-30,2.4,423.0,19.0,35.0
WCIL,2024-09-30,1.86,431.0,19.0,36.0
WCIL,2024-12-31,1.29,443.0,13.0,23.0
WCIL,2025-03-31,1.38,429.0,14.0,25.0
WCIL,2025-06-30,1.06,416.0,11.0,21.0
WCIL,2025-09-30,0.88,440.0,9.0,19.0
WCIL,2025-12-31,1.06,478.0,11.0,24.0
WEALTH,2022-12-31,3.84,8.46,4.09,5.53
WEALTH,2023-03-31,1.2,5.23,1.28,2.76
WEALTH,2023-06-30,7.93,11.18,8.45,8.59
WEALTH,2023-09-30,9.63,13.59,10.26,10.33
WEALTH,2023-12-31,9.48,14.98,10.1,12.16
WEALTH,2024-03-31,13.02,14.59,13.87,12.13
WEALTH,2024-06-30,13.15,20.65,14.01,17.95
WEALTH,2024-09-30,14.23,19.51,15.16,15.56
WEALTH,2024-12-31,8.7,16.25,9.27,12.89
WEALTH,2025-03-31,-4.03,-3.26,-4.29,-6.23
WEALTH,2025-06-30,14.98,24.81,15.96,21.5
WEALTH,2025-09-30,10.39,20.57,11.07,15.16
WEALTH,2025-12-31,1.05,6.49,0.77,1.0
WEBELSOLAR,2024-12-31,0.98,147.0,42.0,68.0
WEBELSOLAR,2025-03-31,1.14,173.0,48.0,78.0
WEBELSOLAR,2025-09-30,1.1,168.0,46.0,72.0
WEBELSOLAR,2025-12-31,1.54,261.0,65.0,106.0
WEBELSOLAR,2026-03-31,2.87,401.0,124.0,146.0
WEIZMANIND,2022-12-31,0.98,29.42,1.55,2.77
WEIZMANIND,2023-03-31,0.69,37.68,1.1,3.48
WEIZMANIND,2023-06-30,1.85,33.27,2.94,4.61
WEIZMANIND,2023-09-30,1.11,30.57,1.76,3.56
WEIZMANIND,2023-12-31,1.54,28.42,2.45,3.19
WEIZMANIND,2024-03-31,1.15,30.64,1.82,3.39
WEIZMANIND,2024-06-30,0.53,20.98,0.84,2.1
WEIZMANIND,2024-09-30,1.45,31.44,2.25,3.8
WEIZMANIND,2024-12-31,1.28,28.58,1.99,4.19
WEIZMANIND,2025-03-31,-5.6,36.25,-8.68,5.05
WEIZMANIND,2025-06-30,0.77,29.99,1.2,3.39
WEIZMANIND,2025-09-30,1.28,35.88,1.99,4.01
WEIZMANIND,2025-12-31,1.53,28.46,2.37,4.77
WEL,2024-06-30,0.13,231.36,1.78,6.18
WEL,2024-09-30,0.04,129.58,0.51,3.51
WEL,2024-12-31,0.38,221.53,5.09,11.59
WEL,2025-03-31,0.87,312.03,11.63,17.49
WEL,2025-06-30,0.08,154.74,1.11,5.1
WEL,2025-09-30,0.02,95.23,0.26,4.31
WEL,2025-12-31,0.04,152.56,0.57,5.03
WELCORP,2022-12-31,0.89,2402.0,23.0,166.0
WELCORP,2023-03-31,9.02,4070.0,240.0,421.0
WELCORP,2023-06-30,6.32,4069.0,168.0,357.0
WELCORP,2023-09-30,14.7,4059.0,387.0,400.0
WELCORP,2023-12-31,11.15,4750.0,294.0,463.0
WELCORP,2024-03-31,10.24,4461.0,287.0,330.0
WELCORP,2024-06-30,9.46,3137.0,248.0,374.0
WELCORP,2024-09-30,10.94,3302.0,283.0,400.0
WELCORP,2024-12-31,25.72,3614.0,672.0,434.0
WELCORP,2025-03-31,26.62,3925.0,699.0,460.0
WELCORP,2025-06-30,13.31,3551.0,349.0,525.0
WELCORP,2025-09-30,16.68,4374.0,444.0,591.0
WELCORP,2025-12-31,17.16,4532.0,456.0,616.0
WELENT,2022-12-31,26.72,692.0,402.0,68.0
WELENT,2023-03-31,9.43,845.0,142.0,95.0
WELENT,2023-06-30,6.63,699.0,93.0,105.0
WELENT,2023-09-30,4.48,646.0,69.0,83.0
WELENT,2023-12-31,5.17,707.0,80.0,126.0
WELENT,2024-03-31,5.04,821.0,78.0,111.0
WELENT,2024-06-30,7.08,930.0,110.0,163.0
WELENT,2024-09-30,4.23,815.0,62.0,127.0
WELENT,2024-12-31,5.16,896.0,77.0,157.0
WELENT,2025-03-31,6.83,1054.0,105.0,183.0
WELENT,2025-06-30,6.56,845.0,101.0,181.0
WELENT,2025-09-30,6.53,784.0,98.0,172.0
WELENT,2025-12-31,1.74,787.0,31.0,154.0
WELSPUNLIV,2022-12-31,0.42,1869.15,43.83,193.69
WELSPUNLIV,2023-03-31,1.25,2153.9,128.99,278.42
WELSPUNLIV,2023-06-30,1.66,2184.05,162.73,310.41
WELSPUNLIV,2023-09-30,2.02,2509.08,200.41,358.0
WELSPUNLIV,2023-12-31,1.82,2410.87,179.05,338.86
WELSPUNLIV,2024-03-31,1.5,2575.24,130.55,358.65
WELSPUNLIV,2024-06-30,1.91,2536.49,185.95,341.52
WELSPUNLIV,2024-09-30,2.1,2873.09,202.4,357.63
WELSPUNLIV,2024-12-31,1.26,2489.61,122.87,280.45
WELSPUNLIV,2025-03-31,1.37,2645.9,132.8,315.58
WELSPUNLIV,2025-06-30,0.91,2260.57,89.3,225.42
WELSPUNLIV,2025-09-30,0.14,2440.91,14.86,153.33
WELSPUNLIV,2025-12-31,0.0,2262.2,2.57,160.31
WENDT,2023-03-31,63.95,58.93,12.79,16.92
WENDT,2023-06-30,45.1,51.26,9.02,12.4
WENDT,2023-09-30,44.75,51.0,8.95,12.45
WENDT,2023-12-31,48.0,54.5,9.6,13.26
WENDT,2024-03-31,66.9,70.07,13.38,17.53
WENDT,2024-06-30,38.4,49.06,7.68,10.55
WENDT,2024-09-30,53.45,55.66,10.69,12.67
WENDT,2024-12-31,41.1,53.4,8.22,11.02
WENDT,2025-03-31,64.45,75.6,12.89,18.35
WENDT,2025-06-30,18.9,52.17,3.78,7.28
WENDT,2025-09-30,13.5,56.58,2.7,6.68
WENDT,2025-12-31,14.9,60.79,2.98,7.32
WENDT,2026-03-31,25.45,66.78,5.09,10.76
WESTLIFE,2022-12-31,2.33,611.45,36.37,102.19
WESTLIFE,2023-03-31,1.29,556.37,20.09,88.67
WESTLIFE,2023-06-30,1.85,614.54,28.83,104.16
WESTLIFE,2023-09-30,1.43,614.73,22.37,98.22
WESTLIFE,2023-12-31,1.11,600.25,17.24,92.02
WESTLIFE,2024-03-31,0.05,562.28,0.76,74.93
WESTLIFE,2024-06-30,0.21,616.33,3.25,78.62
WESTLIFE,2024-09-30,0.02,618.01,0.36,76.02
WESTLIFE,2024-12-31,0.45,653.72,7.01,88.14
WESTLIFE,2025-03-31,0.1,603.14,1.52,77.04
WESTLIFE,2025-06-30,0.08,657.63,1.23,85.32
WESTLIFE,2025-09-30,1.78,641.85,27.71,67.15
WESTLIFE,2025-12-31,0.07,670.72,1.02,97.51
WEWIN,2022-12-31,0.31,12.26,0.32,1.0
WEWIN,2023-03-31,0.86,13.6,0.87,1.71
WEWIN,2023-06-30,0.64,14.0,0.65,1.34
WEWIN,2023-09-30,0.1,14.96,0.1,0.93
WEWIN,2023-12-31,0.75,16.71,0.76,1.53
WEWIN,2024-03-31,0.91,19.38,0.92,1.85
WEWIN,2024-06-30,0.66,18.83,0.67,1.59
WEWIN,2024-09-30,0.19,20.4,0.19,1.34
WEWIN,2024-12-31,-0.29,19.27,-0.29,0.66
WEWIN,2025-03-31,1.06,20.29,1.08,2.8
WEWIN,2025-06-30,0.58,20.34,0.59,1.59
WEWIN,2025-09-30,1.76,20.76,1.79,0.86
WEWIN,2025-12-31,1.15,21.78,1.17,1.92
WEWORK,2024-09-30,37.16,470.0,204.0,298.0
WEWORK,2024-12-31,-9.21,492.0,-83.0,311.0
WEWORK,2025-06-30,-1.05,535.0,-14.0,335.0
WEWORK,2025-09-30,0.47,575.0,6.0,380.0
WEWORK,2025-12-31,1.25,634.0,17.0,408.0
WHEELS,2022-12-31,4.98,1078.0,11.0,45.0
WHEELS,2023-03-31,9.28,1251.0,21.0,70.0
WHEELS,2023-06-30,4.07,1212.0,9.0,58.0
WHEELS,2023-09-30,1.78,1284.0,3.0,48.0
WHEELS,2023-12-31,4.14,1210.0,9.0,60.0
WHEELS,2024-03-31,15.76,1271.0,38.0,97.0
WHEELS,2024-06-30,9.66,1166.0,24.0,79.0
WHEELS,2024-09-30,9.82,1176.0,24.0,83.0
WHEELS,2024-12-31,10.25,1125.0,25.0,85.0
WHEELS,2025-03-31,15.65,1277.0,39.0,103.0
WHEELS,2025-06-30,12.23,1266.0,31.0,94.0
WHEELS,2025-09-30,12.68,1264.0,32.0,93.0
WHEELS,2025-12-31,14.76,1371.0,37.0,100.0
WHIRLPOOL,2022-12-31,1.95,1302.0,27.0,44.0
WHIRLPOOL,2023-03-31,4.94,1673.0,64.0,106.0
WHIRLPOOL,2023-06-30,5.9,2039.0,77.0,123.0
WHIRLPOOL,2023-09-30,2.88,1522.0,38.0,73.0
WHIRLPOOL,2023-12-31,2.21,1536.0,30.0,63.0
WHIRLPOOL,2024-03-31,6.12,1734.0,79.0,144.0
WHIRLPOOL,2024-06-30,11.34,2497.0,145.0,211.0
WHIRLPOOL,2024-09-30,4.1,1713.0,54.0,87.0
WHIRLPOOL,2024-12-31,3.46,1705.0,45.0,69.0
WHIRLPOOL,2025-03-31,9.4,2005.0,119.0,183.0
WHIRLPOOL,2025-06-30,11.49,2432.0,146.0,211.0
WHIRLPOOL,2025-09-30,3.26,1647.0,42.0,58.0
WHIRLPOOL,2025-12-31,2.09,1774.0,27.0,91.0
WILLAMAGOR,2022-12-31,18.35,12.0,20.0,12.0
WILLAMAGOR,2023-03-31,-9.36,-33.0,-10.0,-66.0
WILLAMAGOR,2023-06-30,0.0,0.0,0.0,0.0
WILLAMAGOR,2023-09-30,-0.94,1.0,-1.0,0.0
WILLAMAGOR,2023-12-31,-13.7,1.0,-15.0,-11.0
WILLAMAGOR,2024-03-31,-29.23,1.0,-32.0,-29.0
WILLAMAGOR,2024-06-30,-188.84,0.0,-207.0,-271.0
WILLAMAGOR,2024-09-30,3.99,1.0,4.0,6.0
WILLAMAGOR,2024-12-31,5.25,0.0,6.0,7.0
WILLAMAGOR,2025-03-31,14.06,0.0,15.0,-15.0
WILLAMAGOR,2025-06-30,1.62,0.0,2.0,0.0
WILLAMAGOR,2025-09-30,-21.18,0.0,-23.0,-150.0
WILLAMAGOR,2025-12-31,20.73,1.0,23.0,1.0
WIMPLAST,2022-12-31,8.01,80.0,10.0,14.0
WIMPLAST,2023-03-31,11.01,91.0,13.0,17.0
WIMPLAST,2023-06-30,9.96,78.0,12.0,15.0
WIMPLAST,2023-09-30,12.18,80.0,15.0,13.0
WIMPLAST,2023-12-31,10.71,87.0,13.0,15.0
WIMPLAST,2024-03-31,13.56,98.0,16.0,18.0
WIMPLAST,2024-06-30,12.09,90.0,15.0,17.0
WIMPLAST,2024-09-30,9.51,78.0,11.0,12.0
WIMPLAST,2024-12-31,11.27,93.0,14.0,16.0
WIMPLAST,2025-03-31,14.72,106.0,18.0,20.0
WIMPLAST,2025-06-30,14.1,90.0,17.0,14.0
WIMPLAST,2025-09-30,10.46,84.0,13.0,14.0
WIMPLAST,2025-12-31,10.66,83.0,13.0,13.0
WINDLAS,2022-12-31,4.26,120.0,9.0,14.0
WINDLAS,2023-03-31,5.38,141.0,11.0,16.0
WINDLAS,2023-06-30,5.8,145.0,12.0,17.0
WINDLAS,2023-09-30,6.75,153.0,14.0,19.0
WINDLAS,2023-12-31,7.26,162.0,15.0,20.0
WINDLAS,2024-03-31,8.17,171.0,17.0,22.0
WINDLAS,2024-06-30,6.45,175.0,13.0,21.0
WINDLAS,2024-09-30,7.49,187.0,16.0,23.0
WINDLAS,2024-12-31,7.45,195.0,16.0,25.0
WINDLAS,2025-03-31,7.77,203.0,16.0,26.0
WINDLAS,2025-06-30,8.43,210.0,18.0,27.0
WINDLAS,2025-09-30,8.45,222.0,18.0,29.0
WINDLAS,2025-12-31,7.12,233.0,15.0,24.0
WINDMACHIN,2022-12-31,-0.06,98.77,-0.4,6.95
WINDMACHIN,2023-03-31,1.43,126.4,9.28,15.07
WINDMACHIN,2023-06-30,-0.52,68.94,-3.35,1.86
WINDMACHIN,2023-09-30,0.22,89.27,1.45,8.46
WINDMACHIN,2023-12-31,0.26,87.03,1.67,8.75
WINDMACHIN,2024-03-31,-1.15,109.38,-7.48,3.87
WINDMACHIN,2024-06-30,-0.63,80.83,-4.08,1.16
WINDMACHIN,2024-09-30,-4.01,59.41,-36.68,3.03
WINDMACHIN,2024-12-31,6.42,107.65,41.67,8.77
WINDMACHIN,2025-03-31,-0.49,120.82,-4.14,10.99
WINDMACHIN,2025-06-30,-1.25,113.34,-10.54,7.98
WINDMACHIN,2025-09-30,0.51,136.64,4.29,8.5
WINDMACHIN,2025-12-31,-0.45,135.84,-3.89,3.97
WIPL,2022-12-31,1.21,29.15,1.03,2.33
WIPL,2023-03-31,1.0,25.27,0.84,1.74
WIPL,2023-06-30,0.61,23.64,0.44,1.12
WIPL,2023-09-30,1.31,28.31,1.11,2.01
WIPL,2023-12-31,2.26,31.79,1.92,3.36
WIPL,2024-03-31,-0.11,25.3,-0.09,0.51
WIPL,2024-06-30,0.18,24.99,0.15,0.79
WIPL,2024-09-30,1.18,31.09,1.0,1.96
WIPL,2024-12-31,1.04,30.88,0.88,1.83
WIPL,2025-03-31,0.91,29.06,0.77,1.97
WIPL,2025-06-30,0.4,29.01,0.34,1.16
WIPL,2025-09-30,0.22,29.92,0.19,0.82
WIPL,2025-12-31,0.98,31.45,0.83,1.98
WIPRO,2023-03-31,2.8,23190.0,3094.0,4519.0
WIPRO,2023-06-30,2.61,22831.0,2886.0,4204.0
WIPRO,2023-09-30,2.53,22516.0,2667.0,3970.0
WIPRO,2023-12-31,2.58,22205.0,2701.0,4198.0
WIPRO,2024-03-31,2.71,22208.0,2858.0,4381.0
WIPRO,2024-06-30,2.87,21964.0,3037.0,4350.0
WIPRO,2024-09-30,3.07,22302.0,3227.0,4503.0
WIPRO,2024-12-31,3.2,22319.0,3367.0,4540.0
WIPRO,2025-03-31,3.41,22504.0,3588.0,4624.0
WIPRO,2025-06-30,3.18,22135.0,3336.0,4233.0
WIPRO,2025-09-30,3.1,22697.0,3262.0,4372.0
WIPRO,2025-12-31,2.97,23556.0,3145.0,4296.0
WIPRO,2026-03-31,3.34,24236.0,3522.0,4909.0
WOCKPHARMA,2022-12-31,-6.66,699.0,-102.0,45.0
WOCKPHARMA,2023-03-31,-14.44,678.0,-237.0,3.0
WOCKPHARMA,2023-06-30,-9.3,644.0,-136.0,16.0
WOCKPHARMA,2023-09-30,-5.34,753.0,-73.0,72.0
WOCKPHARMA,2023-12-31,-5.76,701.0,-86.0,37.0
WOCKPHARMA,2024-03-31,-11.02,700.0,-177.0,-59.0
WOCKPHARMA,2024-06-30,-0.91,739.0,-16.0,91.0
WOCKPHARMA,2024-09-30,-1.43,809.0,-16.0,110.0
WOCKPHARMA,2024-12-31,0.86,721.0,20.0,128.0
WOCKPHARMA,2025-03-31,-1.54,743.0,-45.0,64.0
WOCKPHARMA,2025-06-30,-5.54,738.0,-108.0,72.0
WOCKPHARMA,2025-09-30,4.8,782.0,82.0,178.0
WOCKPHARMA,2025-12-31,3.63,888.0,61.0,177.0
WORTHPERI,2022-12-31,3.14,68.07,5.66,9.21
WORTHPERI,2023-03-31,2.6,67.53,4.64,7.77
WORTHPERI,2023-06-30,2.25,58.91,3.79,5.49
WORTHPERI,2023-09-30,1.73,60.74,2.78,4.68
WORTHPERI,2023-12-31,1.92,59.5,2.88,5.19
WORTHPERI,2024-03-31,4.18,59.31,6.87,5.99
WORTHPERI,2024-06-30,2.1,66.33,3.75,6.08
WORTHPERI,2024-09-30,1.93,70.25,3.68,6.24
WORTHPERI,2024-12-31,2.6,68.06,4.7,7.15
WORTHPERI,2025-03-31,3.17,71.16,5.2,8.39
WORTHPERI,2025-06-30,2.18,76.23,4.34,7.26
WORTHPERI,2025-09-30,2.9,77.46,5.55,8.69
WORTHPERI,2025-12-31,2.02,75.09,4.08,8.21
WPIL,2022-12-31,7.14,455.0,84.0,88.0
WPIL,2023-03-31,7.32,520.0,79.0,102.0
WPIL,2023-06-30,3.25,324.0,40.0,59.0
WPIL,2023-09-30,3.53,319.0,43.0,67.0
WPIL,2023-12-31,35.3,431.0,535.0,70.0
WPIL,2024-03-31,6.53,591.0,66.0,102.0
WPIL,2024-06-30,3.96,363.0,43.0,60.0
WPIL,2024-09-30,6.17,491.0,70.0,104.0
WPIL,2024-12-31,3.21,382.0,37.0,48.0
WPIL,2025-03-31,0.18,572.0,-24.0,80.0
WPIL,2025-06-30,2.29,379.0,26.0,49.0
WPIL,2025-09-30,4.2,426.0,52.0,80.0
WPIL,2025-12-31,5.56,539.0,76.0,113.0
WSI,2022-12-31,1.68,24.94,5.92,3.85
WSI,2023-03-31,-0.1,50.7,-0.4,-1.95
WSI,2023-06-30,1.11,45.83,4.97,5.08
WSI,2023-09-30,2.43,81.05,11.43,12.76
WSI,2023-12-31,2.96,110.39,13.91,15.48
WSI,2024-03-31,3.31,89.12,16.64,7.88
WSI,2024-06-30,0.61,71.71,3.7,7.29
WSI,2024-09-30,0.61,62.07,3.87,6.24
WSI,2024-12-31,-3.73,65.59,-23.69,-2.36
WSI,2025-03-31,-0.24,39.67,-1.65,-0.37
WSI,2025-06-30,0.23,26.05,1.36,3.3
WSI,2025-09-30,0.06,24.05,0.29,2.42
WSI,2025-12-31,-0.29,20.57,-2.02,-0.26
WSTCSTPAPR,2022-12-31,39.93,1239.0,311.0,461.0
WSTCSTPAPR,2023-03-31,42.12,1357.0,321.0,493.0
WSTCSTPAPR,2023-06-30,37.17,1139.0,278.0,395.0
WSTCSTPAPR,2023-09-30,28.88,1194.0,219.0,310.0
WSTCSTPAPR,2023-12-31,20.58,1045.0,159.0,218.0
WSTCSTPAPR,2024-03-31,18.14,1070.0,130.0,170.0
WSTCSTPAPR,2024-06-30,17.24,960.0,122.0,176.0
WSTCSTPAPR,2024-09-30,13.49,1045.0,101.0,142.0
WSTCSTPAPR,2024-12-31,9.72,1016.0,67.0,83.0
WSTCSTPAPR,2025-03-31,6.66,1041.0,46.0,81.0
WSTCSTPAPR,2025-06-30,8.23,955.0,60.0,110.0
WSTCSTPAPR,2025-09-30,2.65,1043.0,12.0,68.0
WSTCSTPAPR,2025-12-31,4.07,1050.0,30.0,77.0
XCHANGING,2022-12-31,0.62,41.0,7.0,8.0
XCHANGING,2023-03-31,0.99,46.0,11.0,13.0
XCHANGING,2023-06-30,-0.81,44.0,-9.0,14.0
XCHANGING,2023-09-30,1.24,43.0,14.0,12.0
XCHANGING,2023-12-31,-0.32,42.0,-4.0,11.0
XCHANGING,2024-03-31,1.11,44.0,12.0,10.0
XCHANGING,2024-06-30,0.95,44.0,11.0,11.0
XCHANGING,2024-09-30,0.88,44.0,10.0,11.0
XCHANGING,2024-12-31,1.3,46.0,14.0,14.0
XCHANGING,2025-03-31,1.32,51.0,15.0,17.0
XCHANGING,2025-06-30,1.24,50.0,14.0,16.0
XCHANGING,2025-09-30,1.46,53.0,16.0,17.0
XCHANGING,2025-12-31,1.18,49.0,13.0,16.0
XELPMOC,2022-12-31,-3.19,3.91,-4.79,-4.77
XELPMOC,2023-03-31,-2.27,3.32,-3.25,-3.16
XELPMOC,2023-06-30,-2.53,2.31,-3.83,-2.9
XELPMOC,2023-09-30,-3.05,2.11,-4.54,-4.49
XELPMOC,2023-12-31,0.44,1.13,0.51,0.78
XELPMOC,2024-03-31,-3.98,0.91,-6.04,-5.12
XELPMOC,2024-06-30,-2.66,0.73,-3.93,-2.81
XELPMOC,2024-09-30,-0.8,1.63,-1.12,-1.03
XELPMOC,2024-12-31,-1.4,0.83,-2.09,-1.99
XELPMOC,2025-03-31,-1.26,0.71,-1.86,-1.53
XELPMOC,2025-06-30,-1.27,0.78,-1.88,-1.73
XELPMOC,2025-09-30,-1.31,0.76,-1.93,-1.86
XELPMOC,2025-12-31,-1.36,1.12,-2.0,-1.74
XPROINDIA,2022-12-31,3.65,93.06,6.47,13.03
XPROINDIA,2023-03-31,2.34,124.27,4.27,19.26
XPROINDIA,2023-06-30,6.2,130.89,11.29,19.28
XPROINDIA,2023-09-30,4.59,109.97,9.48,14.87
XPROINDIA,2023-12-31,5.17,96.14,10.68,15.19
XPROINDIA,2024-03-31,5.64,128.41,12.43,16.78
XPROINDIA,2024-06-30,6.36,138.53,14.02,16.04
XPROINDIA,2024-09-30,4.51,133.98,9.94,13.4
XPROINDIA,2024-12-31,3.36,104.55,7.47,10.56
XPROINDIA,2025-03-31,2.95,158.21,6.57,9.98
XPROINDIA,2025-06-30,-2.46,144.9,-5.48,-2.52
XPROINDIA,2025-09-30,2.12,119.91,4.97,7.33
XPROINDIA,2025-12-31,2.89,106.31,6.83,10.62
XTGLOBAL,2022-12-31,0.29,63.49,3.9,7.11
XTGLOBAL,2023-03-31,0.21,58.09,2.82,2.85
XTGLOBAL,2023-06-30,0.08,53.24,1.12,4.24
XTGLOBAL,2023-09-30,0.38,57.89,5.07,8.58
XTGLOBAL,2023-12-31,0.35,55.58,4.59,6.79
XTGLOBAL,2024-03-31,0.07,50.42,0.89,3.91
XTGLOBAL,2024-06-30,0.16,49.31,2.17,4.76
XTGLOBAL,2024-09-30,0.2,48.74,2.71,5.42
XTGLOBAL,2024-12-31,0.28,49.05,3.68,7.89
XTGLOBAL,2025-03-31,0.04,87.05,1.35,4.34
XTGLOBAL,2025-06-30,0.22,92.31,3.74,6.55
XTGLOBAL,2025-09-30,0.21,94.41,3.44,6.89
XTGLOBAL,2025-12-31,0.22,92.49,3.7,8.75
YASHO,2022-12-31,9.18,148.88,10.46,23.17
YASHO,2023-03-31,13.76,151.97,15.68,26.44
YASHO,2023-06-30,12.97,150.31,14.79,25.46
YASHO,2023-09-30,10.23,141.09,11.66,20.64
YASHO,2023-12-31,11.88,129.87,13.54,22.28
YASHO,2024-03-31,15.74,172.03,17.94,31.15
YASHO,2024-06-30,-2.16,174.46,-2.46,23.34
YASHO,2024-09-30,3.82,167.07,4.36,31.35
YASHO,2024-12-31,-0.72,149.3,-0.82,27.36
YASHO,2025-03-31,4.17,184.81,5.03,34.88
YASHO,2025-06-30,3.02,198.64,3.64,33.49
YASHO,2025-09-30,4.03,183.3,4.86,33.12
YASHO,2025-12-31,3.73,201.83,4.5,33.47
YATHARTH,2022-12-31,3.24,138.0,21.0,36.0
YATHARTH,2023-03-31,2.64,144.0,17.0,38.0
YATHARTH,2023-06-30,2.91,155.0,19.0,41.0
YATHARTH,2023-09-30,3.21,171.0,28.0,46.0
YATHARTH,2023-12-31,3.44,167.0,29.0,46.0
YATHARTH,2024-03-31,4.47,178.0,38.0,47.0
YATHARTH,2024-06-30,3.54,212.0,30.0,54.0
YATHARTH,2024-09-30,3.61,218.0,31.0,55.0
YATHARTH,2024-12-31,3.16,219.0,30.0,55.0
YATHARTH,2025-03-31,4.02,232.0,39.0,57.0
YATHARTH,2025-06-30,4.36,258.0,42.0,64.0
YATHARTH,2025-09-30,4.28,279.0,41.0,65.0
YATHARTH,2025-12-31,4.71,320.0,43.0,74.0
YATRA,2022-12-31,-0.49,89.66,-5.61,2.41
YATRA,2023-03-31,0.78,119.14,8.97,18.6
YATRA,2023-06-30,0.52,110.18,5.99,15.98
YATRA,2023-09-30,-1.09,94.13,-17.13,-8.48
YATRA,2023-12-31,0.07,110.34,1.06,3.62
YATRA,2024-03-31,0.36,107.67,5.58,3.59
YATRA,2024-06-30,0.26,100.81,4.04,4.59
YATRA,2024-09-30,0.47,236.4,7.3,9.2
YATRA,2024-12-31,0.64,235.26,10.01,13.57
YATRA,2025-03-31,0.97,218.97,15.22,17.08
YATRA,2025-06-30,1.02,209.81,16.0,23.08
YATRA,2025-09-30,0.91,350.87,14.28,23.88
YATRA,2025-12-31,0.53,256.82,8.34,22.51
YESBANK,2023-03-31,0.07,,206.0,
YESBANK,2023-06-30,0.12,,347.0,
YESBANK,2023-09-30,0.08,,229.0,
YESBANK,2023-12-31,0.08,,243.0,
YESBANK,2024-03-31,0.16,,467.0,
YESBANK,2024-06-30,0.16,,516.0,
YESBANK,2024-09-30,0.18,,567.0,
YESBANK,2024-12-31,0.2,,619.0,
YESBANK,2025-03-31,0.24,,745.0,
YESBANK,2025-06-30,0.26,,809.0,
YESBANK,2025-09-30,0.21,,664.0,
YESBANK,2025-12-31,0.3,,957.0,
YESBANK,2026-03-31,0.34,,1082.0,
YUKEN,2022-12-31,2.42,86.84,2.91,6.92
YUKEN,2023-03-31,0.58,101.03,0.69,7.25
YUKEN,2023-06-30,1.02,95.1,1.32,8.27
YUKEN,2023-09-30,3.06,100.75,3.97,8.47
YUKEN,2023-12-31,4.27,107.45,5.55,12.59
YUKEN,2024-03-31,6.12,119.23,7.93,15.19
YUKEN,2024-06-30,4.05,110.2,5.24,12.85
YUKEN,2024-09-30,5.4,115.66,7.01,12.49
YUKEN,2024-12-31,3.46,106.85,4.5,12.83
YUKEN,2025-03-31,6.03,124.65,7.85,16.39
YUKEN,2025-06-30,3.12,104.55,4.04,12.5
YUKEN,2025-09-30,3.77,112.53,5.12,13.41
YUKEN,2025-12-31,-0.38,111.99,-0.58,8.62
ZAGGLE,2023-03-31,0.82,187.0,8.0,18.0
ZAGGLE,2023-06-30,0.22,118.0,2.0,8.0
ZAGGLE,2023-09-30,0.62,184.0,8.0,15.0
ZAGGLE,2023-12-31,1.25,200.0,15.0,20.0
ZAGGLE,2024-03-31,1.56,273.0,19.0,27.0
ZAGGLE,2024-06-30,1.37,252.0,17.0,22.0
ZAGGLE,2024-09-30,1.65,303.0,20.0,27.0
ZAGGLE,2024-12-31,1.47,337.0,20.0,29.0
ZAGGLE,2025-03-31,2.32,412.0,31.0,36.0
ZAGGLE,2025-06-30,1.95,332.0,26.0,30.0
ZAGGLE,2025-09-30,2.61,432.0,35.0,44.0
ZAGGLE,2025-12-31,2.71,526.0,37.0,52.0
ZEEL,2022-12-31,0.25,2109.0,24.0,372.0
ZEEL,2023-03-31,-2.04,2112.0,-196.0,152.0
ZEEL,2023-06-30,-0.56,1984.0,-53.0,159.0
ZEEL,2023-09-30,1.28,2438.0,123.0,333.0
ZEEL,2023-12-31,0.61,2046.0,58.0,209.0
ZEEL,2024-03-31,0.14,2170.0,13.0,210.0
ZEEL,2024-06-30,1.23,2130.0,118.0,270.0
ZEEL,2024-09-30,2.18,2001.0,209.0,323.0
ZEEL,2024-12-31,1.7,1979.0,164.0,321.0
ZEEL,2025-03-31,1.96,2184.0,188.0,298.0
ZEEL,2025-06-30,1.5,1825.0,144.0,239.0
ZEEL,2025-09-30,0.8,1969.0,76.0,159.0
ZEEL,2025-12-31,1.62,2280.0,155.0,256.0
ZEELEARN,2022-12-31,-4.94,54.73,-163.34,10.18
ZEELEARN,2023-03-31,-8.74,111.03,-297.63,-20.34
ZEELEARN,2023-06-30,0.26,105.63,6.56,19.25
ZEELEARN,2023-09-30,-0.5,66.44,-18.31,3.42
ZEELEARN,2023-12-31,0.03,67.73,-1.94,22.29
ZEELEARN,2024-03-31,5.19,116.47,169.38,51.49
ZEELEARN,2024-06-30,0.11,80.33,3.64,23.76
ZEELEARN,2024-09-30,-0.12,58.19,-4.03,6.52
ZEELEARN,2024-12-31,-0.11,74.74,-3.76,8.54
ZEELEARN,2025-03-31,0.52,158.68,16.87,64.51
ZEELEARN,2025-06-30,0.06,108.37,1.9,29.75
ZEELEARN,2025-09-30,-0.19,74.25,-6.14,12.17
ZEELEARN,2025-12-31,-0.08,79.67,-2.65,8.74
ZENITHSTL,2022-12-31,-0.05,24.89,-0.69,0.3
ZENITHSTL,2023-03-31,0.02,30.55,0.26,2.19
ZENITHSTL,2023-06-30,-0.17,24.4,-2.36,-1.08
ZENITHSTL,2023-09-30,-0.53,27.74,-7.54,-6.53
ZENITHSTL,2023-12-31,-0.05,45.84,-0.67,0.61
ZENITHSTL,2024-03-31,0.7,43.06,9.89,6.73
ZENITHSTL,2024-06-30,-0.13,28.5,-1.92,-2.65
ZENITHSTL,2024-09-30,-0.03,30.07,-0.44,-0.57
ZENITHSTL,2024-12-31,-0.01,35.69,-0.2,0.01
ZENITHSTL,2025-03-31,0.2,24.82,2.78,-2.04
ZENITHSTL,2025-06-30,0.07,18.92,0.96,-4.45
ZENITHSTL,2025-09-30,0.05,14.04,0.72,-5.43
ZENITHSTL,2025-12-31,0.1,9.4,1.47,-3.62
ZENSARTECH,2023-03-31,5.27,1213.0,119.0,176.0
ZENSARTECH,2023-06-30,6.9,1227.0,156.0,230.0
ZENSARTECH,2023-09-30,7.68,1241.0,174.0,231.0
ZENSARTECH,2023-12-31,7.14,1204.0,162.0,208.0
ZENSARTECH,2024-03-31,7.65,1230.0,173.0,203.0
ZENSARTECH,2024-06-30,6.97,1288.0,158.0,196.0
ZENSARTECH,2024-09-30,6.86,1308.0,156.0,201.0
ZENSARTECH,2024-12-31,7.04,1326.0,160.0,207.0
ZENSARTECH,2025-03-31,7.77,1359.0,176.0,212.0
ZENSARTECH,2025-06-30,8.01,1385.0,182.0,211.0
ZENSARTECH,2025-09-30,8.01,1421.0,182.0,220.0
ZENSARTECH,2025-12-31,8.79,1431.0,200.0,250.0
ZENSARTECH,2026-03-31,9.26,1450.0,211.0,236.0
ZENTEC,2023-03-31,2.54,96.0,23.0,35.0
ZENTEC,2023-06-30,5.6,132.0,48.0,69.0
ZENTEC,2023-09-30,1.82,66.0,14.0,19.0
ZENTEC,2023-12-31,3.64,100.0,30.0,42.0
ZENTEC,2024-03-31,4.16,141.0,38.0,50.0
ZENTEC,2024-06-30,9.14,255.0,79.0,111.0
ZENTEC,2024-09-30,6.94,242.0,63.0,80.0
ZENTEC,2024-12-31,4.4,152.0,43.0,44.0
ZENTEC,2025-03-31,11.19,325.0,114.0,138.0
ZENTEC,2025-06-30,5.29,158.0,53.0,64.0
ZENTEC,2025-09-30,6.58,174.0,62.0,65.0
ZENTEC,2025-12-31,6.07,178.0,56.0,67.0
ZENTEC,2026-03-31,3.49,178.0,47.0,50.0
ZFCVINDIA,2022-12-31,45.03,876.0,85.0,120.0
ZFCVINDIA,2023-03-31,53.36,977.0,101.0,144.0
ZFCVINDIA,2023-06-30,52.58,967.0,100.0,141.0
ZFCVINDIA,2023-09-30,55.72,992.0,106.0,145.0
ZFCVINDIA,2023-12-31,53.16,899.0,101.0,134.0
ZFCVINDIA,2024-03-31,52.83,959.0,100.0,146.0
ZFCVINDIA,2024-06-30,52.42,946.0,99.0,139.0
ZFCVINDIA,2024-09-30,57.53,911.0,109.0,140.0
ZFCVINDIA,2024-12-31,66.14,962.0,125.0,177.0
ZFCVINDIA,2025-03-31,66.81,1012.0,127.0,175.0
ZFCVINDIA,2025-06-30,64.52,976.0,122.0,132.0
ZFCVINDIA,2025-09-30,57.09,913.0,108.0,134.0
ZFCVINDIA,2025-12-31,73.9,1075.0,140.0,199.0
ZFSTEERING,2022-12-31,4.71,109.27,4.27,11.06
ZFSTEERING,2023-03-31,11.09,125.13,10.06,15.85
ZFSTEERING,2023-06-30,12.87,120.87,11.67,18.39
ZFSTEERING,2023-09-30,13.8,119.32,12.52,13.32
ZFSTEERING,2023-12-31,12.4,113.5,11.25,10.01
ZFSTEERING,2024-03-31,9.08,124.18,8.24,10.58
ZFSTEERING,2024-06-30,11.23,128.1,10.19,16.26
ZFSTEERING,2024-09-30,1.9,111.17,1.72,11.38
ZFSTEERING,2024-12-31,-0.95,117.58,-1.73,10.52
ZFSTEERING,2025-03-31,4.27,137.02,2.41,14.96
ZFSTEERING,2025-06-30,8.78,132.93,7.15,18.14
ZFSTEERING,2025-09-30,-0.43,120.56,-1.5,12.36
ZFSTEERING,2025-12-31,8.64,143.23,7.28,23.56
ZIMLAB,2022-12-31,1.35,100.97,6.6,13.1
ZIMLAB,2023-03-31,1.49,105.41,7.24,15.45
ZIMLAB,2023-06-30,0.05,67.44,0.23,4.82
ZIMLAB,2023-09-30,0.85,85.83,4.15,9.33
ZIMLAB,2023-12-31,0.98,96.29,4.78,11.54
ZIMLAB,2024-03-31,1.66,117.86,8.09,15.65
ZIMLAB,2024-06-30,0.18,81.82,0.9,8.04
ZIMLAB,2024-09-30,0.49,92.14,2.38,9.53
ZIMLAB,2024-12-31,0.82,96.33,4.0,11.56
ZIMLAB,2025-03-31,1.0,108.73,4.88,14.6
ZIMLAB,2025-06-30,-0.38,71.76,-1.87,4.25
ZIMLAB,2025-09-30,-0.09,88.71,-0.42,5.76
ZIMLAB,2025-12-31,0.9,108.66,4.4,12.81
ZODIACLOTH,2022-12-31,-2.86,46.07,-7.07,-1.49
ZODIACLOTH,2023-03-31,12.84,42.09,33.37,-3.96
ZODIACLOTH,2023-06-30,-3.52,32.98,-9.16,-5.73
ZODIACLOTH,2023-09-30,-4.2,32.25,-10.93,-3.56
ZODIACLOTH,2023-12-31,-1.05,36.51,-2.72,-3.51
ZODIACLOTH,2024-03-31,-5.22,44.06,-13.57,-6.58
ZODIACLOTH,2024-06-30,-3.76,37.87,-9.77,-9.21
ZODIACLOTH,2024-09-30,-5.42,42.85,-14.08,-3.71
ZODIACLOTH,2024-12-31,-3.91,45.74,-10.16,-4.14
ZODIACLOTH,2025-03-31,-1.22,47.94,-3.18,-4.12
ZODIACLOTH,2025-06-30,-3.59,39.1,-9.32,-3.9
ZODIACLOTH,2025-09-30,-4.55,36.51,-11.82,-6.54
ZODIACLOTH,2025-12-31,-3.32,41.27,-8.64,-1.9
ZOTA,2022-12-31,-1.28,35.0,-3.0,0.0
ZOTA,2023-03-31,-1.05,37.0,-3.0,1.0
ZOTA,2023-06-30,-1.13,39.0,-3.0,1.0
ZOTA,2023-09-30,-0.64,45.0,-2.0,4.0
ZOTA,2023-12-31,-1.14,47.0,-3.0,3.0
ZOTA,2024-03-31,-2.68,50.0,-7.0,-1.0
ZOTA,2024-06-30,-4.79,56.0,-13.0,-1.0
ZOTA,2024-09-30,-4.41,67.0,-12.0,-1.0
ZOTA,2024-12-31,-6.78,72.0,-19.0,-6.0
ZOTA,2025-03-31,-4.5,97.0,-13.0,2.0
ZOTA,2025-06-30,-4.81,104.0,-14.0,4.0
ZOTA,2025-09-30,-5.2,129.0,-16.0,6.0
ZOTA,2025-12-31,-8.73,143.0,-30.0,0.0
ZSARACOM,2022-12-31,81.56,,8.0,
ZSARACOM,2023-03-31,-168.75,,-17.0,
ZSARACOM,2023-06-30,237.11,,24.0,
ZSARACOM,2023-09-30,231.09,,24.0,
ZSARACOM,2023-12-31,323.53,,33.0,
ZSARACOM,2024-03-31,217.21,,22.0,
ZSARACOM,2024-06-30,509.27,,52.0,
ZSARACOM,2024-09-30,614.91,,63.0,
ZSARACOM,2024-12-31,-382.56,,-39.0,
ZSARACOM,2025-03-31,-209.42,,-23.0,
ZSARACOM,2025-06-30,215.17,,24.0,
ZSARACOM,2025-09-30,550.23,,60.0,
ZSARACOM,2025-12-31,225.84,,25.0,
ZUARI,2022-12-31,16.46,1416.0,104.0,134.0
ZUARI,2023-03-31,-108.99,1339.0,-427.0,131.0
ZUARI,2023-06-30,-5.77,1205.0,-2.0,90.0
ZUARI,2023-09-30,8.44,1649.0,67.0,139.0
ZUARI,2023-12-31,3.19,843.0,29.0,75.0
ZUARI,2024-03-31,17.87,898.0,77.0,19.0
ZUARI,2024-06-30,2.18,1097.0,29.0,118.0
ZUARI,2024-09-30,19.31,1123.0,93.0,101.0
ZUARI,2024-12-31,12.97,1264.0,81.0,117.0
ZUARI,2025-03-31,4.72,952.0,27.0,32.0
ZUARI,2025-06-30,23.54,1246.0,127.0,141.0
ZUARI,2025-09-30,191.68,1423.0,840.0,174.0
ZUARI,2025-12-31,9.43,344.0,40.0,9.0
ZUARIIND,2022-12-31,-1.26,252.0,-4.0,-6.0
ZUARIIND,2023-03-31,34.34,282.0,102.0,49.0
ZUARIIND,2023-06-30,-15.85,191.0,-48.0,-52.0
ZUARIIND,2023-09-30,-10.67,269.0,-32.0,-13.0
ZUARIIND,2023-12-31,244.89,116.0,729.0,-10.0
ZUARIIND,2024-03-31,21.35,262.0,63.0,121.0
ZUARIIND,2024-06-30,-11.2,226.0,-34.0,25.0
ZUARIIND,2024-09-30,-4.84,237.0,-15.0,4.0
ZUARIIND,2024-12-31,-8.31,235.0,-25.0,-7.0
ZUARIIND,2025-03-31,-6.95,272.0,-21.0,28.0
ZUARIIND,2025-06-30,0.02,257.0,0.0,25.0
ZUARIIND,2025-09-30,55.34,241.0,164.0,11.0
ZUARIIND,2025-12-31,-8.69,263.0,-26.0,-8.0
ZYDUSLIFE,2022-12-31,6.15,4257.0,631.0,956.0
ZYDUSLIFE,2023-03-31,2.93,5011.0,358.0,1256.0
ZYDUSLIFE,2023-06-30,10.74,5140.0,1134.0,1505.0
ZYDUSLIFE,2023-09-30,7.91,4369.0,803.0,1146.0
ZYDUSLIFE,2023-12-31,7.8,4505.0,790.0,1102.0
ZYDUSLIFE,2024-03-31,11.75,5534.0,1246.0,1630.0
ZYDUSLIFE,2024-06-30,14.11,6208.0,1482.0,2084.0
ZYDUSLIFE,2024-09-30,9.06,5237.0,920.0,1461.0
ZYDUSLIFE,2024-12-31,10.17,5269.0,1026.0,1388.0
ZYDUSLIFE,2025-03-31,11.64,6528.0,1244.0,2126.0
ZYDUSLIFE,2025-06-30,14.58,6574.0,1521.0,2088.0
ZYDUSLIFE,2025-09-30,12.51,6123.0,1239.0,2016.0
ZYDUSLIFE,2025-12-31,10.36,6864.0,1023.0,1816.0
ZYDUSWELL,2022-12-31,0.62,416.0,20.0,28.0
ZYDUSWELL,2023-03-31,4.57,713.0,145.0,145.0
ZYDUSWELL,2023-06-30,3.47,702.0,110.0,116.0
ZYDUSWELL,2023-09-30,0.19,440.0,6.0,17.0
ZYDUSWELL,2023-12-31,0.01,403.0,0.0,13.0
ZYDUSWELL,2024-03-31,4.72,783.0,150.0,162.0
ZYDUSWELL,2024-06-30,4.64,841.0,148.0,155.0
ZYDUSWELL,2024-09-30,0.66,493.0,21.0,20.0
ZYDUSWELL,2024-12-31,0.2,462.0,6.0,15.0
ZYDUSWELL,2025-03-31,5.4,913.0,172.0,190.0
ZYDUSWELL,2025-06-30,4.02,861.0,128.0,156.0
ZYDUSWELL,2025-09-30,-1.66,650.0,-53.0,23.0
ZYDUSWELL,2025-12-31,-1.25,965.0,-40.0,61.0
