Date,HDFC,ICICI,AXISBANK,SBIN,KOTAK,INDUSIND,BANKBEES
2015-01-01,486.9628601074219,189.5659942626953,217.2353515625,294.02386474609375,764.6309814453125,124.95895385742188,279.88055419921875
2015-01-02,497.85308837890625,192.5030059814453,220.25868225097656,302.3697204589844,768.3036499023438,126.24468994140625,280.9947204589844
2015-01-05,500.99920654296875,192.26400756835938,218.39903259277344,302.99566650390625,771.3167724609375,125.73834228515625,278.7663879394531
2015-01-06,483.0907897949219,186.3070068359375,214.99920654296875,290.1430358886719,751.8245239257812,124.23915100097656,267.3126220703125
2015-01-07,482.7035827636719,184.75900268554688,215.62669372558594,282.2979431152344,745.7506713867188,126.23973083496094,267.5354919433594
2015-01-08,485.8980712890625,188.34500122070312,220.156005859375,289.9761657714844,752.1068725585938,133.10523986816406,271.7247619628906
2015-01-09,479.1219177246094,187.46299743652344,222.6203155517578,285.3024597167969,755.21435546875,135.12069702148438,270.2541198730469
2015-01-12,485.51080322265625,189.43899536132812,220.65802001953125,289.22491455078125,781.0631103515625,136.11851501464844,273.73028564453125
2015-01-13,488.36651611328125,188.11300659179688,219.81375122070312,284.5095520019531,777.3435668945312,138.29776000976562,271.9476318359375
2015-01-14,483.6231994628906,187.51199340820312,219.939208984375,281.1712646484375,769.0097045898438,138.12403869628906,271.5910949707031
2015-01-15,497.6111145019531,194.0229949951172,226.61338806152344,294.48291015625,781.9104614257812,139.0374298095703,285.4959716796875
2015-01-16,498.3371276855469,193.61300659179688,228.48443603515625,295.3174133300781,783.322998046875,138.5360870361328,281.1730041503906
2015-01-19,512.0346069335938,195.406005859375,229.21463012695312,301.1178283691406,780.7805786132812,137.95030212402344,279.1229553222656
2015-01-20,533.7667236328125,198.41900634765625,232.9566650390625,306.9181823730469,791.42138671875,138.57083129882812,283.5796203613281
2015-01-21,529.7494506835938,200.7550048828125,232.72850036621094,307.50238037109375,793.3988037109375,137.8212127685547,290.7549133300781
2015-01-22,546.6898193359375,200.58200073242188,233.025146484375,308.6290588378906,796.883056640625,137.77154541015625,289.3733215332031
2015-01-23,547.0769653320312,202.25599670410156,237.94236755371094,309.3802185058594,807.3353881835938,137.53823852539062,291.86907958984375
2015-01-27,573.1651000976562,206.46800231933594,245.0728759765625,320.06280517578125,812.8912963867188,137.84107971191406,294.18658447265625
2015-01-28,571.7130737304688,206.197998046875,241.49050903320312,320.5218811035156,818.0703735351562,134.147705078125,298.2420959472656
2015-01-29,580.3284912109375,206.2779998779297,249.85316467285156,317.3922119140625,824.9445190429688,132.1868438720703,291.46795654296875
2015-01-30,569.2930297851562,200.9250030517578,245.8258819580078,301.0343322753906,819.4358520507812,131.27346801757812,275.3792724609375
2015-02-02,597.5592651367188,202.99099731445312,246.79562377929688,293.6483459472656,823.5320434570312,134.266845703125,274.08685302734375
2015-02-03,567.8410034179688,196.177001953125,242.80250549316406,289.2667236328125,811.1021118164062,129.69480895996094,267.6691589355469
2015-02-04,540.736328125,194.0570068359375,243.62388610839844,287.6393127441406,812.9384155273438,128.2253875732422,261.2069396972656
2015-02-05,547.8031005859375,192.61900329589844,245.63194274902344,280.0863342285156,814.9159545898438,127.86798095703125,259.20147705078125
2015-02-06,545.1410522460938,190.11599731445312,240.38388061523438,274.8701477050781,795.9884033203125,125.78303527832031,258.75579833984375
2015-02-09,535.8963012695312,186.42100524902344,237.3262939453125,267.1085510253906,777.0140380859375,125.71849060058594,249.1293182373047
2015-02-10,536.3803100585938,189.572998046875,240.60060119628906,276.2889404296875,791.7508544921875,127.6545181274414,256.081787109375
2015-02-11,551.0459594726562,191.38499450683594,241.5019073486328,279.335205078125,805.5933837890625,128.94024658203125,254.87852478027344
2015-02-12,560.2420654296875,193.47900390625,245.51780700683594,283.049072265625,819.2005615234375,128.7317657470703,253.40774536132812
2015-02-13,562.516845703125,196.12399291992188,243.19039916992188,286.9715576171875,824.285400390625,130.0125274658203,273.5965881347656
2015-02-16,552.062255859375,194.75,243.58975219726562,282.131103515625,812.561767578125,128.31973266601562,273.37384033203125
2015-02-18,551.287841796875,195.33900451660156,245.24398803710938,285.7614440917969,814.3980102539062,129.84373474121094,272.4824523925781
2015-02-19,547.173828125,192.42599487304688,246.38490295410156,282.5483703613281,807.4767456054688,129.78916931152344,269.49639892578125
2015-02-20,543.543701171875,191.9600067138672,244.84469604492188,276.20550537109375,825.6508178710938,128.89556884765625,269.45184326171875
2015-02-23,531.4917602539062,190.3280029296875,243.5783233642578,274.57806396484375,816.9404296875,130.74224853515625,264.32666015625
2015-02-24,534.15380859375,189.87899780273438,243.6125946044922,272.11602783203125,813.73876953125,134.06333923339844,264.0592956542969
2015-02-25,535.3154907226562,188.20700073242188,240.14425659179688,269.1532897949219,808.4655151367188,133.29385375976562,263.4353332519531
2015-02-26,534.6378784179688,186.38499450683594,236.88131713867188,268.1517639160156,795.9884033203125,132.38047790527344,257.95361328125
2015-02-27,549.0130615234375,191.3520050048828,240.4979248046875,279.794189453125,814.068359375,132.81729125976562,267.3126220703125
2015-03-02,626.8418579101562,200.50900268554688,247.01235961914062,291.31146240234375,889.4014282226562,139.46435546875,269.1844482421875
2015-03-03,611.2083129882812,199.94900512695312,247.19491577148438,290.9776306152344,883.8455200195312,139.8614959716797,269.71929931640625
2015-03-04,593.15478515625,196.50799560546875,243.0763397216797,291.56182861328125,855.2189331054688,140.015380859375,261.9200439453125
2015-03-05,597.0753173828125,197.9810028076172,247.59423828125,290.22650146484375,859.927490234375,140.21395874023438,261.87548828125
2015-03-09,572.6810913085938,192.1529998779297,241.63880920410156,277.74945068359375,842.9774169921875,135.48306274414062,259.0677490234375
2015-03-10,566.7279052734375,190.76199340820312,240.16709899902344,278.4588623046875,844.43701171875,133.8151092529297,256.34918212890625
2015-03-11,565.178955078125,191.11599731445312,241.0569610595703,277.6243591308594,838.2692260742188,136.60498046875,254.1654510498047
2015-03-12,565.4210205078125,192.09100341796875,240.63482666015625,282.2562561035156,839.7757568359375,136.01918029785156,255.68067932128906
2015-03-13,551.7719116210938,188.48800659179688,237.9081573486328,275.5795593261719,824.1441040039062,133.164794921875,250.24351501464844
2015-03-16,550.4165649414062,189.19400024414062,239.93890380859375,276.622802734375,826.0745849609375,130.55360412597656,251.04571533203125
2015-03-17,561.5488891601562,191.5279998779297,241.42205810546875,279.4603271484375,850.4637451171875,133.0059356689453,252.3381805419922
2015-03-18,562.662109375,191.55599975585938,242.677001953125,279.4186706542969,850.5108032226562,133.32862854003906,256.081787109375
2015-03-19,545.5281982421875,189.16700744628906,240.0872039794922,275.5795593261719,829.7471313476562,131.62095642089844,251.0011749267578
2015-03-20,538.4616088867188,186.91700744628906,240.93145751953125,265.8983459472656,834.6437377929688,133.01087951660156,248.01516723632812
2015-03-23,537.4451904296875,184.63699340820312,239.0718231201172,261.89239501953125,836.5270385742188,132.628662109375,244.8955078125
2015-03-24,540.2040405273438,184.0570068359375,236.835693359375,260.30670166015625,833.2311401367188,133.11514282226562,241.15185546875
2015-03-25,544.2213134765625,183.78599548339844,235.99143981933594,264.4795837402344,820.236328125,131.70533752441406,236.56146240234375
2015-03-26,526.8937377929688,180.18600463867188,229.7622528076172,257.0101013183594,810.1604614257812,129.60546875,228.76222229003906
2015-03-27,528.9267578125,181.02499389648438,231.51919555664062,262.5183410644531,829.3704223632812,128.98492431640625,234.95703125
2015-03-30,545.5281982421875,183.20700073242188,236.59609985351562,265.9818115234375,836.1503295898438,130.24583435058594,238.789794921875
2015-03-31,542.2852783203125,181.34500122070312,233.3560028076172,263.3111572265625,834.314208984375,130.38485717773438,238.0321502685547
2015-04-01,551.43310546875,185.97799682617188,235.7632598876953,269.6957702636719,871.2744140625,135.130615234375,243.73675537109375
2015-04-06,550.8523559570312,185.7050018310547,235.4666290283203,268.1100158691406,861.5753173828125,138.75942993164062,244.8063201904297
2015-04-07,540.0103759765625,184.62399291992188,235.64920043945312,264.8968811035156,854.0420532226562,137.69215393066406,242.4888916015625
2015-04-08,538.1227416992188,184.06500244140625,236.28810119628906,262.9773254394531,849.3336791992188,136.17807006835938,244.13784790039062
2015-04-09,553.85302734375,188.23199462890625,240.97706604003906,267.56756591796875,888.8364868164062,142.0358428955078,250.3326873779297
2015-04-10,549.8842163085938,187.96400451660156,237.9081573486328,265.64801025390625,890.1076049804688,141.22169494628906,254.70021057128906
2015-04-13,547.8998413085938,188.1020050048828,237.0296630859375,264.4795837402344,894.3452758789062,143.5251007080078,255.1904296875
2015-04-15,532.6051025390625,187.25399780273438,235.39817810058594,262.8939208984375,891.3318481445312,143.35633850097656,258.4883728027344
2015-04-16,533.185791015625,187.30499267578125,234.94183349609375,260.80743408203125,879.9376831054688,140.82456970214844,260.62762451171875
2015-04-17,516.6327514648438,183.7519989013672,232.34063720703125,258.8044128417969,824.8975219726562,137.66236877441406,260.0482482910156
2015-04-20,501.6767883300781,181.21400451660156,229.3401336669922,259.6807556152344,794.5288696289062,136.1085662841797,256.39373779296875
2015-04-21,506.46844482421875,181.47000122070312,228.86093139648438,259.43035888671875,788.9258422851562,134.33139038085938,257.7753601074219
2015-04-22,522.8280029296875,182.5189971923828,231.16551208496094,261.1830139160156,796.883056640625,135.24977111816406,253.00668334960938
2015-04-23,520.98876953125,182.2760009765625,231.2567596435547,260.2649841308594,808.65380859375,136.76882934570312,247.48037719726562
2015-04-24,510.3890075683594,180.16700744628906,229.6481475830078,257.2604064941406,782.0989379882812,135.84544372558594,245.60855102539062
2015-04-27,507.4366149902344,177.6699981689453,229.41993713378906,252.29466247558594,775.036376953125,132.7279510498047,238.0321502685547
2015-04-28,517.89111328125,182.3769989013672,229.21463012695312,272.78369140625,779.4152221679688,133.2442169189453,242.88999938964844
2015-04-29,534.2991333007812,182.71600341796875,226.61338806152344,275.5378112792969,784.5,132.02798461914062,242.3551483154297
2015-04-30,549.6422729492188,184.13800048828125,225.62081909179688,276.37237548828125,775.74267578125,132.33575439453125,240.4387664794922
2015-05-04,550.1744995117188,185.1540069580078,228.39317321777344,274.82843017578125,792.5985107421875,132.9215545654297,247.03466796875
2015-05-05,547.7545166015625,184.49400329589844,225.35842895507812,274.1190185546875,787.7489013671875,141.3060760498047,242.4888916015625
2015-05-06,525.9257202148438,178.6479949951172,221.468017578125,260.515380859375,756.1089477539062,134.1526641845703,236.56146240234375
2015-05-07,510.48577880859375,173.76499938964844,217.06422424316406,254.21420288085938,748.81103515625,129.88348388671875,232.5950164794922
2015-05-08,523.5056762695312,177.0709991455078,224.06922912597656,264.5630798339844,763.1714477539062,131.99819946289062,233.486328125
2015-05-11,533.4762573242188,181.4530029296875,225.96307373046875,269.9878234863281,771.834716796875,132.9463653564453,246.05421447753906
2015-05-12,515.325927734375,176.33200073242188,221.7760467529297,257.21868896484375,753.56640625,130.9408416748047,238.34413146972656
2015-05-13,540.6395874023438,180.86599731445312,225.9517059326172,265.1055603027344,769.5277099609375,133.1896209716797,244.494384765625
2015-05-14,538.0744018554688,180.906005859375,226.13426208496094,262.8521423339844,769.0097045898438,131.7301483154297,250.42178344726562
2015-05-15,544.0761108398438,181.95899963378906,225.91746520996094,260.6822509765625,784.7354125976562,133.492431640625,256.21551513671875
2015-05-18,549.351806640625,183.82899475097656,230.42393493652344,263.93707275390625,796.9771118164062,135.458251953125,258.26556396484375
2015-05-19,543.495361328125,183.47799682617188,229.89913940429688,263.1860046386719,796.3650512695312,136.74398803710938,257.1068420410156
2015-05-20,540.3975830078125,185.0189971923828,233.66407775878906,266.02362060546875,801.8737182617188,137.483642578125,260.8058776855469
2015-05-21,552.2073974609375,185.09300231933594,233.8123321533203,261.6836853027344,798.71923828125,138.74954223632812,258.7112121582031
2015-05-22,550.465087890625,183.7480010986328,233.72109985351562,261.7254638671875,802.862548828125,137.7368621826172,251.75881958007812
2015-05-25,544.12451171875,183.2310028076172,233.54998779296875,260.515380859375,804.2749633789062,136.52554321289062,247.48037719726562
2015-05-26,546.2057495117188,183.0749969482422,234.42843627929688,258.4705810546875,803.1921997070312,137.25035095214844,247.03466796875
2015-05-27,559.3223876953125,185.052001953125,236.88131713867188,261.349853515625,810.1134033203125,136.47096252441406,250.24351501464844
2015-05-28,556.273193359375,185.75599670410156,234.8848114013672,262.4765625,805.405029296875,135.83554077148438,250.55943298339844
2015-05-29,566.6793823242188,187.18600463867188,239.71072387695312,264.7716979980469,822.967041015625,138.92823791503906,251.0558319091797
2015-06-01,559.95166015625,186.1739959716797,236.43638610839844,264.1040344238281,831.4420776367188,138.27792358398438,251.10098266601562
2015-06-02,535.412353515625,180.7570037841797,230.18434143066406,254.1307373046875,797.73046875,134.9568634033203,240.3150177001953
2015-06-03,533.2827758789062,177.51800537109375,229.4427947998047,246.82815551757812,793.4458618164062,133.63145446777344,232.3270721435547
2015-06-04,538.6067504882812,177.44900512695312,231.587646484375,246.27630615234375,797.2597045898438,135.52279663085938,232.50759887695312
2015-06-05,530.8626708984375,175.54200744628906,230.8574981689453,241.18270874023438,785.7714233398438,134.66397094726562,232.6881103515625
2015-06-08,535.8963012695312,174.8470001220703,228.96360778808594,240.376220703125,764.3485717773438,134.31649780273438,230.11570739746094
2015-06-09,540.8333129882812,176.5489959716797,228.5985565185547,243.72950744628906,761.9945068359375,132.14219665527344,232.50759887695312
2015-06-10,546.44775390625,178.8979949951172,231.73594665527344,248.3137664794922,771.7876586914062,132.50454711914062,235.2153778076172
2015-06-11,529.2654418945312,174.71600341796875,228.2220458984375,244.91802978515625,748.7168579101562,127.17298889160156,229.2582550048828
2015-06-12,533.8150634765625,175.91299438476562,230.26422119140625,251.24258422851562,763.5009765625,130.17140197753906,229.21315002441406
2015-06-15,532.4598388671875,175.2989959716797,229.36293029785156,254.0016632080078,748.198974609375,128.0466766357422,225.87353515625
2015-06-16,533.5247192382812,176.96099853515625,230.0930938720703,256.42108154296875,773.6238403320312,127.99207305908203,229.7998046875
2015-06-17,531.6854858398438,177.05999755859375,229.24884033203125,255.8268280029297,770.4692993164062,128.57786560058594,230.25112915039062
2015-06-18,532.4598388671875,178.50900268554688,232.6486358642578,257.52471923828125,777.3904418945312,129.894287109375,232.95889282226562
2015-06-19,533.911865234375,179.64500427246094,235.13580322265625,258.54345703125,786.0068969726562,131.95587158203125,234.80917358398438
2015-06-22,553.85302734375,183.8300018310547,238.93490600585938,267.4572448730469,790.2913818359375,134.91163635253906,240.08935546875
2015-06-23,553.0302734375,184.44700622558594,240.06439208984375,266.1414489746094,784.9710083007812,137.1520233154297,241.66888427734375
2015-06-24,553.2239379882812,184.56300354003906,238.6268768310547,269.7494201660156,795.2350463867188,137.48487854003906,236.7948760986328
2015-06-25,551.8202514648438,185.29100036621094,243.0078582763672,267.2450256347656,816.5637817382812,139.7501220703125,239.00624084472656
2015-06-26,547.415771484375,184.781005859375,242.51730346679688,264.61334228515625,818.6824951171875,137.1371307373047,239.36729431152344
2015-06-29,544.705322265625,182.68499755859375,241.10263061523438,264.1888732910156,809.4541625976562,135.95982360839844,234.35787963867188
2015-06-30,541.0753173828125,184.33299255371094,243.4984130859375,261.4723205566406,821.7899780273438,137.68360900878906,237.15591430664062
2015-07-01,560.1453247070312,186.23899841308594,244.68492126464844,265.037841796875,824.4736938476562,139.9140625,241.66888427734375
2015-07-02,565.3241577148438,187.1739959716797,243.27113342285156,265.7169189453125,819.0120239257812,142.60653686523438,241.75917053222656
2015-07-03,567.2117309570312,187.9530029296875,246.96092224121094,267.0328369140625,841.3766479492188,141.96075439453125,243.15817260742188
2015-07-06,565.5177001953125,190.19700622558594,249.08738708496094,267.54217529296875,846.8381958007812,143.45602416992188,244.42178344726562
2015-07-07,567.4537963867188,189.42999267578125,249.8575439453125,265.37738037109375,846.5086669921875,141.63784790039062,246.31724548339844
2015-07-08,558.2092895507812,186.73800659179688,245.71946716308594,261.0902404785156,840.3408813476562,140.50518798828125,241.30784606933594
2015-07-09,557.8677368164062,186.8280029296875,246.91493225097656,262.7456970214844,840.9057006835938,140.12765502929688,241.66888427734375
2015-07-10,564.1128540039062,188.531005859375,250.75408935546875,265.8442687988281,842.7420654296875,140.9622344970703,244.19615173339844
2015-07-13,567.8696899414062,190.79100036621094,251.9955596923828,268.6033630371094,870.05029296875,142.07496643066406,247.039306640625
2015-07-14,569.7725830078125,190.33999633789062,251.0069580078125,266.0989685058594,870.1444702148438,141.22056579589844,242.0750732421875
2015-07-15,569.8701171875,190.3990020751953,252.1219482421875,267.1177062988281,873.0635375976562,141.53846740722656,241.93963623046875
2015-07-16,593.9236450195312,194.3209991455078,256.2599792480469,269.1976318359375,877.9130859375,147.29103088378906,245.68540954589844
2015-07-17,587.5321655273438,193.49000549316406,255.3059539794922,269.4947204589844,881.2559814453125,145.6815185546875,244.6925811767578
2015-07-20,585.3853759765625,192.04600524902344,256.38641357421875,268.0939636230469,892.1793823242188,146.3670654296875,241.39810180664062
2015-07-21,570.50439453125,189.10000610351562,252.4323272705078,264.401123046875,883.6102294921875,143.1976776123047,238.55491638183594
2015-07-22,575.5785522460938,191.66299438476562,256.1910095214844,268.94293212890625,901.0781860351562,144.78732299804688,242.39096069335938
2015-07-23,569.6261596679688,190.27099609375,254.69679260253906,265.6321105957031,894.3922119140625,143.13809204101562,243.74481201171875
2015-07-24,566.4060668945312,187.802001953125,254.6852569580078,255.19021606445312,900.08935546875,144.00242614746094,237.60723876953125
2015-07-27,542.3523559570312,184.375,251.92652893066406,247.125244140625,883.5631713867188,142.07496643066406,233.27479553222656
2015-07-28,547.6705932617188,184.60299682617188,254.83470153808594,241.94677734375,894.4393310546875,144.9363555908203,233.95175170898438
2015-07-29,553.4765625,185.01499938964844,254.80018615722656,245.5547637939453,897.9706420898438,144.25082397460938,228.89723205566406
2015-07-30,552.0128784179688,185.98699951171875,255.3059539794922,247.0403594970703,916.8981323242188,142.43267822265625,231.78549194335938
2015-07-31,559.6241455078125,189.6790008544922,255.55882263183594,256.7182312011719,920.664794921875,138.18035888671875,243.74481201171875
2015-08-03,562.746826171875,190.55999755859375,251.8231201171875,265.6321105957031,917.039306640625,137.1470947265625,253.67333984375
2015-08-04,566.064453125,191.23300170898438,249.76551818847656,266.6083679199219,896.7463989257812,137.2762451171875,260.4879150390625
2015-08-05,566.357177734375,190.5050048828125,251.08740234375,264.3161926269531,897.075927734375,137.48487854003906,257.5996398925781
2015-08-06,570.6019897460938,191.60699462890625,251.9495086669922,264.0615539550781,896.0872802734375,140.4456024169922,260.8940734863281
2015-08-07,566.2595825195312,190.30099487304688,251.19088745117188,263.29754638671875,895.4727172851562,140.08792114257812,253.89901733398438
2015-08-10,561.966064453125,190.6219940185547,251.65066528320312,262.8305358886719,893.061279296875,140.5449676513672,255.20777893066406
2015-08-11,557.4285278320312,187.80599975585938,251.6621856689453,256.5909118652344,899.0187377929688,140.0283203125,242.61659240722656
2015-08-12,544.352783203125,182.01199340820312,246.08731079101562,247.59214782714844,864.7394409179688,136.34231567382812,231.37936401367188
2015-08-13,553.818115234375,182.9429931640625,247.71954345703125,247.80441284179688,874.9995727539062,137.25637817382812,234.04197692871094
2015-08-14,556.2088012695312,188.86900329589844,253.2943878173828,256.8880615234375,906.8675537109375,142.61151123046875,242.34585571289062
2015-08-17,547.81689453125,189.40499877929688,250.92649841308594,257.1427001953125,900.01171875,143.02879333496094,252.50001525878906
2015-08-18,547.76806640625,189.08200073242188,249.7425994873047,255.61465454101562,915.5673828125,140.10780334472656,257.0580749511719
2015-08-19,540.595947265625,188.1540069580078,248.7080535888672,258.5010070800781,905.4017944335938,141.55836486816406,250.92047119140625
2015-08-20,520.494384765625,184.5800018310547,247.0643310546875,253.1951446533203,881.4298095703125,138.58770751953125,244.19615173339844
2015-08-21,512.5903930664062,182.32200622558594,243.98379516601562,251.70948791503906,856.0394897460938,136.7099151611328,241.44326782226562
2015-08-24,470.3868103027344,170.04100036621094,234.27088928222656,229.17027282714844,818.5448608398438,128.68218994140625,221.4959716796875
2015-08-25,490.7810974121094,173.46400451660156,234.1329345703125,240.67337036132812,830.3180541992188,127.06273651123047,228.6715850830078
2015-08-26,483.6089172363281,171.61000061035156,232.99496459960938,236.046630859375,807.1026611328125,124.6385269165039,221.76673889160156
2015-08-27,496.92864990234375,173.75399780273438,234.97203063964844,239.781982421875,811.8309326171875,129.23855590820312,225.1514892578125
2015-08-28,495.85528564453125,174.1439971923828,236.31689453125,240.8431396484375,801.5706176757812,128.6523895263672,224.70016479492188
2015-08-31,495.4649658203125,173.45199584960938,236.20196533203125,235.91932678222656,811.4052734375,129.4969024658203,223.2560272216797
2015-09-01,468.4839782714844,167.6999969482422,229.9144287109375,230.01919555664062,786.298583984375,121.95597076416016,215.80966186523438
2015-09-02,455.310546875,164.85299682617188,228.77647399902344,224.84068298339844,779.962890625,120.9525146484375,208.09249877929688
2015-09-03,475.11944580078125,167.34800720214844,232.25933837890625,226.53857421875,803.2255859375,124.60871124267578,209.6268768310547
2015-09-04,456.6767272949219,163.81399536132812,228.98336791992188,218.813232421875,795.0930786132812,120.47561645507812,203.21847534179688
2015-09-07,438.9658203125,160.04400634765625,226.31666564941406,211.46995544433594,775.6129150390625,119.3529281616211,199.56298828125
2015-09-08,462.4339294433594,165.3719940185547,230.82249450683594,221.4025115966797,794.66748046875,123.27738952636719,206.10679626464844
2015-09-09,474.48516845703125,167.13699340820312,233.63868713378906,224.5860137939453,811.310791015625,126.1188735961914,209.0853271484375
2015-09-10,470.9234313964844,167.6439971923828,232.42027282714844,227.00547790527344,819.774169921875,126.23810577392578,205.29444885253906
2015-09-11,469.60614013671875,167.35400390625,232.3052978515625,227.1328125,821.4765014648438,125.43333435058594,207.6863250732422
2015-09-14,484.1944580078125,170.18899536132812,234.42031860351562,231.2501678466797,828.615966796875,128.31455993652344,212.33465576171875
2015-09-15,470.2404479980469,169.26699829101562,232.91455078125,227.93930053710938,830.885498046875,127.17201232910156,210.2135772705078
2015-09-16,482.2915954589844,171.00999450683594,235.25942993164062,231.63218688964844,850.2237548828125,127.37071990966797,213.73370361328125
2015-09-18,504.9302673339844,175.32000732421875,241.3285369873047,235.87686157226562,868.7111206054688,130.62950134277344,218.4271697998047
2015-09-21,515.2249755859375,176.80499267578125,242.06422424316406,237.10781860351562,863.8410034179688,132.2290802001953,221.360595703125
2015-09-22,497.3678283691406,170.8000030517578,236.93763732910156,229.6796417236328,839.7744750976562,127.70854187011719,214.77166748046875
2015-09-23,499.3193664550781,174.2480010986328,241.20208740234375,232.05665588378906,856.3231811523438,130.87789916992188,216.4866180419922
2015-09-24,501.5149841308594,174.0189971923828,241.70787048339844,227.76954650878906,876.5125732421875,130.04331970214844,215.76451110839844
2015-09-28,494.4404296875,172.8159942626953,240.55841064453125,227.59971618652344,870.8387451171875,127.39060974121094,216.1255340576172
2015-09-29,492.2936096191406,174.21099853515625,244.78839111328125,228.36380004882812,890.177001953125,129.45716857910156,218.33689880371094
2015-09-30,483.6577453613281,173.7220001220703,245.70799255371094,229.5098419189453,891.2171630859375,128.7815399169922,214.0496063232422
2015-10-01,484.2431945800781,172.91799926757812,245.4436492919922,226.75079345703125,905.5436401367188,127.3409194946289,212.24440002441406
2015-10-05,500.8319396972656,177.8459930419922,252.5012664794922,238.50857543945312,907.529541015625,129.76516723632812,216.62196350097656
2015-10-06,494.1476135253906,177.48500061035156,249.65060424804688,240.03663635253906,900.4373168945312,130.30165100097656,216.71221923828125
2015-10-07,484.7798767089844,177.47000122070312,250.064453125,240.24887084960938,896.7965087890625,131.24551391601562,219.826171875
2015-10-08,479.6081237792969,176.0749969482422,248.9954071044922,236.38623046875,893.4393920898438,129.87440490722656,219.60052490234375
2015-10-09,478.58355712890625,177.50599670410156,249.69659423828125,242.88058471679688,888.9476928710938,131.04678344726562,219.7359161376953
2015-10-12,475.2657775878906,176.91600036621094,248.40924072265625,244.15396118164062,893.2503662109375,131.5535125732422,220.72877502441406
2015-10-13,479.0226745605469,177.01499938964844,247.443603515625,244.02664184570312,894.5269775390625,130.36126708984375,220.05181884765625
2015-10-14,483.5113830566406,176.67999267578125,249.37474060058594,240.1639862060547,898.2622680664062,129.72540283203125,220.45799255371094
2015-10-15,486.63397216796875,178.0850067138672,249.23680114746094,243.09280395507812,905.7327880859375,129.8446044921875,224.70016479492188
2015-10-16,492.781494140625,181.01400756835938,252.89212036132812,245.72451782226562,912.021240234375,131.00704956054688,231.78549194335938
2015-10-19,494.3916015625,179.86399841308594,252.3748321533203,243.81443786621094,909.7516479492188,130.81826782226562,229.7095489501953
2015-10-20,497.0750427246094,179.7209930419922,251.70814514160156,242.96551513671875,904.6925659179688,129.96383666992188,230.02548217773438
2015-10-21,499.3681945800781,178.13600158691406,251.73114013671875,239.99420166015625,905.4017944335938,130.4705810546875,225.4674072265625
2015-10-23,512.9319458007812,180.1479949951172,254.83470153808594,243.0079345703125,907.6240844726562,132.1793975830078,228.71670532226562
2015-10-26,508.4431457519531,179.3780059814453,253.22543334960938,242.24386596679688,905.8746948242188,131.52369689941406,226.776123046875
2015-10-27,509.1750183105469,179.64300537109375,255.38632202148438,240.8431396484375,902.139404296875,131.23553466796875,224.56478881835938
2015-10-28,471.2162170410156,175.4550018310547,255.5243682861328,230.23141479492188,873.9593505859375,133.4213409423828,218.47230529785156
2015-10-29,457.6037292480469,174.22500610351562,253.6967315673828,230.44366455078125,864.7865600585938,131.9409942626953,213.8690643310547
2015-10-30,463.8976745605469,174.66000366210938,252.78863525390625,235.15524291992188,862.3280639648438,136.640380859375,213.9593505859375
2015-11-02,466.6787414550781,174.41299438476562,248.9954071044922,237.32005310058594,863.9828491210938,136.411865234375,213.82395935058594
2015-11-03,463.16583251953125,174.49099731445312,249.40924072265625,237.23516845703125,862.2806396484375,135.7362823486328,212.96646118164062
2015-11-04,461.0678405761719,173.48699951171875,248.673583984375,232.05665588378906,864.0301513671875,133.6995391845703,215.71939086914062
2015-11-05,452.57830810546875,171.31700134277344,248.24830627441406,229.2551727294922,858.1199340820312,129.27828979492188,211.1161651611328
2015-11-06,453.89569091796875,172.38800048828125,248.48965454101562,226.75079345703125,870.885986328125,130.45066833496094,219.32974243164062
2015-11-09,453.7005310058594,171.71499633789062,244.78839111328125,223.3975067138672,873.202880859375,131.16600036621094,222.12779235839844
2015-11-10,457.01824951171875,169.77099609375,242.44351196289062,223.10037231445312,845.1646728515625,128.53314208984375,217.705078125
2015-11-13,473.21661376953125,170.18099975585938,241.85733032226562,222.20901489257812,843.7462158203125,133.05372619628906,216.84762573242188
2015-11-16,469.80126953125,172.89199829101562,243.9033203125,226.8781280517578,862.8008422851562,134.9414520263672,224.1134796142578
2015-11-17,464.09283447265625,172.44500732421875,243.8688507080078,227.3874969482422,856.9852294921875,134.55397033691406,223.7073211669922
2015-11-18,452.3343811035156,169.0449981689453,241.06417846679688,221.1053466796875,852.0677490234375,133.6895751953125,217.52456665039062
2015-11-19,451.8464660644531,171.69200134277344,245.73097229003906,226.15652465820312,864.4556274414062,135.5375518798828,220.14208984375
2015-11-20,448.7238464355469,171.55599975585938,246.17929077148438,224.92559814453125,871.7369995117188,135.57730102539062,219.2846221923828
2015-11-23,451.50494384765625,171.53599548339844,245.07583618164062,225.77450561523438,869.7039184570312,135.9349822998047,219.05897521972656
2015-11-24,452.62713623046875,170.6439971923828,244.68495178222656,223.56729125976562,869.5620727539062,134.6433868408203,217.8856201171875
2015-11-26,454.0420227050781,171.82000732421875,244.59300231933594,224.1190948486328,865.779541015625,136.15353393554688,218.87844848632812
2015-11-27,459.6041259765625,174.5679931640625,248.14483642578125,229.2551727294922,873.1554565429688,138.8460235595703,225.37710571289062
2015-11-30,457.31097412109375,175.2469940185547,247.7655487060547,232.22645568847656,884.4086303710938,137.57427978515625,224.4293975830078
2015-12-01,450.43157958984375,175.02099609375,248.97242736816406,232.5235595703125,891.4063720703125,136.82913208007812,225.8284149169922
2015-12-02,448.38238525390625,173.4340057373047,247.7770233154297,229.55230712890625,891.359130859375,135.20968627929688,220.77392578125
2015-12-03,451.3097839355469,172.4669952392578,247.53562927246094,225.64720153808594,895.2362670898438,134.08700561523438,217.61485290527344
2015-12-04,449.358154296875,169.68499755859375,243.43203735351562,221.9542999267578,891.6900634765625,132.07012939453125,217.61485290527344
2015-12-07,451.1146240234375,170.7830047607422,244.13319396972656,223.31263732910156,900.9573974609375,133.45115661621094,215.4034881591797
2015-12-08,447.6993103027344,169.01400756835938,241.213623046875,221.9542999267578,892.8720703125,133.9280242919922,212.96646118164062
2015-12-09,439.69769287109375,167.83999633789062,240.79978942871094,220.25643920898438,877.4109497070312,132.85501098632812,211.5674591064453
2015-12-10,439.06341552734375,167.86000061035156,243.82286071777344,219.83197021484375,879.53857421875,134.70297241210938,209.3561248779297
2015-12-11,429.98846435546875,164.56900024414062,240.54693603515625,211.63973999023438,866.3469848632812,132.67617797851562,205.1590576171875
2015-12-14,420.9134826660156,164.74899291992188,242.5469970703125,211.3850555419922,864.6447143554688,133.94790649414062,203.94058227539062
2015-12-15,425.54852294921875,165.6820068359375,243.5585174560547,209.1778106689453,868.2382202148438,136.43173217773438,204.3467254638672
2015-12-16,427.5489501953125,166.62600708007812,245.3631591796875,213.9743194580078,882.0445556640625,138.00149536132812,205.1590576171875
2015-12-17,425.0118408203125,168.27099609375,248.34027099609375,214.90817260742188,897.45849609375,139.7302703857422,208.4084014892578
2015-12-18,422.08441162109375,167.19200134277344,246.6735382080078,212.3188934326172,884.2195434570312,139.58123779296875,204.43699645996094
2015-12-21,431.6473388671875,168.84500122070312,247.2252960205078,219.19528198242188,898.9714965820312,140.2667694091797,208.00222778320312
2015-12-22,435.8921203613281,168.0959930419922,245.167724609375,220.34132385253906,883.8886108398438,138.73672485351562,206.10679626464844
2015-12-23,441.0638427734375,169.11900329589844,246.92637634277344,222.29388427734375,888.5694580078125,139.60110473632812,207.28016662597656
2015-12-24,439.8441162109375,169.61199951171875,246.90341186523438,218.9830322265625,894.0069580078125,139.36265563964844,206.0616455078125
2015-12-28,444.3327941894531,170.43299865722656,247.65057373046875,224.16156005859375,905.5436401367188,140.68408203125,206.60321044921875
2015-12-29,447.2602233886719,170.58099365234375,247.8114776611328,224.75579833984375,906.631103515625,140.3263702392578,205.9713897705078
2015-12-30,444.0888671875,169.8719940185547,246.97239685058594,222.7183380126953,915.8984375,140.9125518798828,203.80517578125
2015-12-31,438.2340087890625,170.25999450683594,248.77703857421875,221.8694305419922,916.2767333984375,143.0784454345703,202.58665466308594
2016-01-01,439.0146484375,171.3470001220703,250.29429626464844,223.27015686035156,911.4539184570312,144.50912475585938,205.61036682128906
2016-01-04,427.7928771972656,167.2949981689453,246.0988006591797,216.9456024169922,883.415771484375,140.1475372314453,199.20196533203125
2016-01-05,425.8900451660156,166.81399536132812,244.23666381835938,217.92184448242188,884.4086303710938,140.63436889648438,196.53932189941406
2016-01-06,420.27923583984375,165.12399291992188,245.31716918945312,212.3188934326172,892.6356811523438,139.80975341796875,195.72698974609375
2016-01-07,399.34820556640625,161.97999572753906,242.8113250732422,209.47496032714844,875.188720703125,137.43519592285156,189.1380615234375
2016-01-08,403.6905517578125,162.26800537109375,244.22518920898438,208.03173828125,895.5671997070312,138.1207275390625,188.59649658203125
2016-01-11,407.1058349609375,161.52099609375,243.36309814453125,203.2777099609375,885.8270263671875,139.26329040527344,184.39944458007812
2016-01-12,396.2744140625,159.21800231933594,240.68482971191406,200.985595703125,863.6045532226562,137.5047607421875,179.9767303466797
2016-01-13,396.8598937988281,160.38099670410156,243.71942138671875,203.3201446533203,885.4961547851562,136.93846130371094,181.33065795898438
2016-01-14,381.1493835449219,157.13099670410156,241.3285369873047,200.13665771484375,867.1506958007812,135.9349822998047,176.95306396484375
2016-01-15,365.19500732421875,154.15699768066406,239.5813751220703,190.54368591308594,871.4533081054688,134.24595642089844,166.34764099121094
2016-01-18,364.1703796386719,151.61399841308594,235.8341522216797,189.39761352539062,850.2237548828125,132.61656188964844,163.36907958984375
2016-01-19,383.4913635253906,153.56399536132812,238.12156677246094,194.19410705566406,847.7178955078125,132.87489318847656,165.12913513183594
2016-01-20,378.22198486328125,150.22500610351562,234.09844970703125,190.501220703125,826.1572265625,131.6727294921875,156.73501586914062
2016-01-21,399.25054931640625,151.65499877929688,235.17893981933594,192.11419677734375,825.9209594726562,131.3150634765625,158.4950714111328
2016-01-22,413.8876647949219,156.0279998779297,236.85716247558594,197.58984375,849.18359375,135.726318359375,166.61842346191406
2016-01-25,410.66754150390625,156.2779998779297,239.35150146484375,200.39132690429688,857.8834228515625,135.3189697265625,165.12913513183594
2016-01-27,405.3493347167969,156.18699645996094,238.08709716796875,201.45249938964844,858.8764038085938,134.04725646972656,166.43788146972656
2016-01-28,395.8352355957031,155.4290008544922,237.17897033691406,197.9718780517578,857.836181640625,131.7919464111328,167.20510864257812
2016-01-29,398.5187072753906,156.16299438476562,241.35153198242188,195.3826141357422,878.3092651367188,135.83560180664062,162.376220703125
2016-02-01,389.6388854980469,154.68499755859375,243.62745666503906,184.38888549804688,876.7015991210938,136.65028381347656,155.9226837158203
2016-02-02,381.4421691894531,152.22000122070312,242.25962829589844,178.61610412597656,858.8764038085938,134.55397033691406,152.89903259277344
2016-02-03,371.342529296875,149.54299926757812,239.97215270996094,173.22537231445312,856.4177856445312,132.24893188476562,149.87533569335938
2016-02-04,373.4893493652344,150.00900268554688,241.20208740234375,173.1405029296875,863.5572509765625,134.37510681152344,146.98704528808594
2016-02-05,389.88287353515625,152.76300048828125,242.59298706054688,177.76718139648438,862.2806396484375,137.5047607421875,151.81590270996094
2016-02-08,398.6650695800781,151.45599365234375,238.13304138183594,177.04562377929688,834.9517822265625,133.7491912841797,155.3811492919922
2016-02-09,390.2243957519531,149.98399353027344,235.880126953125,177.76718139648438,821.1453857421875,134.53408813476562,150.7779083251953
2016-02-10,384.0768127441406,147.11700439453125,232.86851501464844,175.94198608398438,789.7030029296875,132.60665893554688,143.51206970214844
2016-02-11,368.0736389160156,141.36399841308594,224.213134765625,169.15048217773438,767.0548706054688,124.976318359375,139.22474670410156
2016-02-12,381.6373291015625,141.3470001220703,223.3165283203125,164.31155395507812,767.8113403320312,123.59530639648438,139.72119140625
2016-02-15,407.5448913574219,145.7949981689453,223.82232666015625,172.7584686279297,778.922607421875,124.24110412597656,151.50001525878906
2016-02-16,395.9816589355469,142.50100708007812,223.78782653808594,166.90078735351562,789.4193115234375,123.24757385253906,141.16531372070312
2016-02-17,393.3469543457031,142.76199340820312,224.12115478515625,161.93453979492188,786.3458862304688,124.25104522705078,143.46693420410156
2016-02-18,388.4191589355469,143.97900390625,227.46609497070312,166.518798828125,801.6179809570312,126.28778076171875,144.23414611816406
2016-02-19,383.0034484863281,144.38499450683594,227.43161010742188,168.76846313476562,795.7550048828125,125.42340850830078,148.6568145751953
2016-02-22,387.54095458984375,144.5970001220703,227.30516052246094,168.47134399414062,798.6864624023438,127.21176147460938,148.88246154785156
2016-02-23,375.831298828125,141.2519989013672,223.0061798095703,162.99571228027344,794.005615234375,123.79400634765625,143.06076049804688
2016-02-24,377.29498291015625,139.25599670410156,218.30491638183594,158.7510223388672,777.2205200195312,122.94952392578125,141.07504272460938
2016-02-25,369.0494689941406,136.99099731445312,216.7071990966797,155.3552703857422,763.8396606445312,120.58489990234375,137.01339721679688
2016-02-26,377.00225830078125,139.60800170898438,220.9257049560547,156.8833770751953,771.9721069335938,122.3533935546875,140.71400451660156
2016-02-29,366.6587219238281,140.80499267578125,223.42002868652344,161.34027099609375,784.8802490234375,125.26444244384766,143.28639221191406
2016-03-01,382.5155334472656,145.1929931640625,226.24766540527344,173.9894256591797,814.0057373046875,126.86402893066406,146.26498413085938
2016-03-02,397.3965759277344,151.9219970703125,231.54664611816406,186.76593017578125,834.6207275390625,130.41091918945312,163.5044708251953
2016-03-03,407.0570373535156,152.718994140625,233.53521728515625,185.0680389404297,847.0558471679688,130.67916870117188,164.94862365722656
2016-03-04,405.9836120605469,154.8179931640625,234.61573791503906,187.19036865234375,866.1105346679688,132.2688751220703,170.04824829101562
2016-03-08,401.7876892089844,152.6790008544922,233.14442443847656,184.09176635742188,870.9805908203125,129.2683563232422,165.49017333984375
2016-03-09,406.7642822265625,154.46400451660156,235.59275817871094,183.6673126220703,883.652099609375,131.12628173828125,165.5352783203125
2016-03-10,403.0074462890625,153.5749969482422,234.77662658691406,182.94569396972656,876.8436279296875,130.0731201171875,162.9177703857422
2016-03-11,402.812255859375,152.94000244140625,236.4893035888672,181.5449676513672,876.323486328125,127.69856262207031,162.55674743652344
2016-03-14,405.3981628417969,154.2790069580078,236.2249755859375,188.16665649414062,871.02783203125,126.53617095947266,164.0460205078125
2016-03-15,408.71588134765625,154.6280059814453,236.02955627441406,187.9119873046875,868.4746704101562,127.07266235351562,167.25022888183594
2016-03-16,414.3268127441406,155.39199829101562,236.89163208007812,192.19908142089844,865.8740844726562,129.407470703125,167.1599578857422
2016-03-17,417.7908630371094,154.47000122070312,234.1214599609375,193.34518432617188,862.942626953125,129.407470703125,168.1979522705078
2016-03-18,425.54852294921875,157.16600036621094,236.4203643798828,195.425048828125,878.4983520507812,130.90768432617188,172.62063598632812
2016-03-21,433.7452697753906,160.1230010986328,240.3744659423828,199.3726043701172,881.5245971679688,131.8813934326172,177.63002014160156
2016-03-22,430.5739440917969,160.25100708007812,242.27108764648438,198.31143188476562,877.5527954101562,132.3979949951172,178.2618408203125
2016-03-23,426.9146728515625,159.56700134277344,241.23660278320312,198.82080078125,877.60009765625,131.13621520996094,177.44949340820312
2016-03-28,412.66790771484375,156.97999572753906,240.81129455566406,191.39263916015625,865.0703125,133.05372619628906,169.95799255371094
2016-03-29,419.0594177246094,157.2480010986328,242.25962829589844,189.6522979736328,877.60009765625,133.4312744140625,171.04110717773438
2016-03-30,433.5013427734375,162.06900024414062,244.8228759765625,201.62228393554688,895.2362670898438,135.8852996826172,178.3069610595703
2016-03-31,433.4037780761719,162.53599548339844,246.2482452392578,200.9007110595703,915.0,135.2494354248047,175.3284149169922
2016-04-01,439.0146484375,162.63600158691406,244.70794677734375,202.3014373779297,909.04248046875,135.1003875732422,176.59202575683594
2016-04-04,433.9892578125,162.85299682617188,245.7654571533203,202.68345642089844,909.04248046875,136.57086181640625,175.7345733642578
2016-04-05,422.1332092285156,157.51400756835938,243.09869384765625,191.51995849609375,899.586181640625,132.88482666015625,166.39276123046875
2016-04-06,414.37554931640625,156.9709930419922,244.02975463867188,188.93069458007812,903.4632568359375,132.7357940673828,165.94146728515625
2016-04-07,416.3271789550781,156.3419952392578,242.65045166015625,187.0205841064453,888.5221557617188,131.64291381835938,164.22653198242188
2016-04-08,411.3993835449219,156.63900756835938,243.5355224609375,187.8270721435547,886.0635375976562,132.209228515625,165.2645263671875
2016-04-11,419.4009704589844,158.68899536132812,246.20223999023438,190.75588989257812,908.5697631835938,133.39151000976562,169.91285705566406
2016-04-12,423.5481262207031,159.47300720214844,244.3746337890625,194.19410705566406,916.2767333984375,134.59368896484375,169.50669860839844
2016-04-13,429.84210205078125,163.16200256347656,248.68505859375,204.2964324951172,932.778076171875,137.57427978515625,173.20730590820312
2016-04-18,434.4772033691406,162.73599243164062,250.075927734375,201.32516479492188,934.5748291015625,135.78591918945312,168.5589599609375
2016-04-20,447.9920349121094,164.0050048828125,252.38633728027344,202.08921813964844,930.36669921875,136.54100036621094,169.05540466308594
2016-04-21,456.6279602050781,167.05999755859375,250.84608459472656,214.82325744628906,919.2554321289062,136.45159912109375,175.41868591308594
2016-04-22,464.3367919921875,167.68600463867188,251.0760040283203,213.93190002441406,928.1444702148438,134.3453369140625,180.65370178222656
2016-04-25,458.53076171875,167.15199279785156,251.32884216308594,214.7383575439453,928.9481201171875,135.20968627929688,177.85568237304688
2016-04-26,468.5815734863281,170.72999572753906,256.06463623046875,215.67218017578125,965.8753662109375,139.26329040527344,181.37576293945312
2016-04-27,454.2372131347656,169.36300659179688,258.4438781738281,207.6497344970703,983.4644165039062,141.57823181152344,177.04335021972656
2016-04-28,456.7254943847656,168.3260040283203,256.0876159667969,203.8295135498047,978.7360229492188,139.3825225830078,173.3427276611328
2016-04-29,460.97027587890625,168.54400634765625,260.31756591796875,201.15536499023438,991.8330688476562,142.50221252441406,170.58981323242188
2016-05-02,460.384765625,166.4459991455078,256.9382019042969,192.4962158203125,988.2398071289062,142.71084594726562,167.88201904296875
2016-05-03,459.1650085449219,164.68499755859375,257.0187072753906,187.69972229003906,981.3839111328125,140.57473754882812,166.12197875976562
2016-05-04,451.2610168457031,163.48899841308594,259.1681213378906,182.05430603027344,985.3555908203125,141.60804748535156,162.42135620117188
2016-05-05,449.8948974609375,163.81500244140625,260.3061218261719,182.22412109375,981.1476440429688,140.9125518798828,162.7823944091797
2016-05-06,450.28521728515625,163.56100463867188,257.3979797363281,185.577392578125,985.5445556640625,139.6805877685547,166.39276123046875
2016-05-09,465.5565185546875,167.7100067138672,262.39813232421875,191.26527404785156,997.5543823242188,141.84649658203125,170.3190155029297
2016-05-10,476.1440124511719,169.02200317382812,263.20269775390625,191.43507385253906,997.365234375,143.63485717773438,171.04110717773438
2016-05-11,486.14599609375,168.63099670410156,261.8004150390625,190.11923217773438,996.466796875,145.3635711669922,166.9794464111328
2016-05-12,480.63275146484375,170.32000732421875,264.16827392578125,196.78335571289062,1008.1454467773438,144.4097900390625,170.1385040283203
2016-05-13,478.7786560058594,168.00100708007812,262.2831726074219,192.28399658203125,1007.2943725585938,140.7337188720703,166.8440399169922
2016-05-16,474.6803283691406,168.67799377441406,267.3177490234375,189.9494171142578,1022.04638671875,142.7207794189453,159.57818603515625
2016-05-17,491.1714782714844,168.75799560546875,265.1683349609375,191.81707763671875,1025.497802734375,140.86288452148438,159.62332153320312
2016-05-18,488.975830078125,167.9770050048828,262.22564697265625,192.24154663085938,1024.126953125,140.86288452148438,162.42135620117188
2016-05-19,478.6323547363281,166.1280059814453,261.9153137207031,191.4774932861328,1013.8193359375,140.29660034179688,155.87754821777344
2016-05-20,478.72991943359375,165.1479949951172,262.2831726074219,186.85081481933594,1012.2589721679688,139.52157592773438,154.65907287597656
2016-05-23,474.7290954589844,164.6230010986328,261.3291320800781,187.69972229003906,998.878173828125,139.72032165527344,151.9964141845703
2016-05-24,477.1198425292969,165.16799926757812,262.06475830078125,190.62857055664062,986.9158935546875,138.7764892578125,152.98927307128906
2016-05-25,490.00042724609375,170.28700256347656,269.73162841796875,199.49996948242188,1036.56201171875,141.6279296875,158.04379272460938
2016-05-26,506.4427795410156,173.9199981689453,272.01904296875,204.72091674804688,1043.890625,145.09532165527344,166.2122344970703
2016-05-27,500.0024719238281,175.5489959716797,272.83514404296875,206.41876220703125,1044.079833984375,147.54933166503906,176.81768798828125
2016-05-30,501.2710266113281,175.73899841308594,271.2144470214844,207.56484985351562,1040.486328125,147.55929565429688,179.48036193847656
2016-05-31,502.7347412109375,176.76499938964844,271.70867919921875,207.6921844482422,1042.8978271484375,148.34417724609375,184.98614501953125
2016-06-01,499.5633544921875,175.44000244140625,270.15692138671875,203.7870635986328,1043.748779296875,148.10572814941406,178.9387664794922
2016-06-02,511.663330078125,176.41000366210938,270.1109313964844,204.89071655273438,1060.8177490234375,148.2945098876953,181.0147247314453
2016-06-03,529.5206298828125,177.39199829101562,269.3752746582031,206.92813110351562,1062.850830078125,152.86476135253906,179.7802276611328
2016-06-06,519.9577026367188,177.61900329589844,269.22589111328125,206.71588134765625,1060.7703857421875,152.0599822998047,181.88345336914062
2016-06-07,521.4700927734375,180.2310028076172,269.8236083984375,215.71461486816406,1049.5643310546875,153.41114807128906,192.17100524902344
2016-06-08,525.9588623046875,180.59500122070312,267.2717590332031,218.7283477783203,1053.0633544921875,150.8876190185547,192.67393493652344
2016-06-09,529.4718017578125,179.87100219726562,266.5361328125,216.09664916992188,1061.006591796875,149.576171875,191.9881134033203
2016-06-10,527.959228515625,179.28799438476562,266.984375,214.4412384033203,1049.5643310546875,149.16883850097656,188.330322265625
2016-06-13,518.2988891601562,177.1439971923828,265.0419006347656,206.92813110351562,1048.1932373046875,150.2020721435547,184.5353546142578
2016-06-14,516.8350830078125,178.38499450683594,264.8004455566406,207.94688415527344,1056.0419921875,149.44696044921875,189.93060302734375
2016-06-15,516.0056762695312,179.85699462890625,268.8695983886719,210.49368286132812,1062.47265625,152.1195831298828,197.5662384033203
2016-06-16,510.7851257324219,178.86900329589844,267.1683349609375,207.1146697998047,1040.43896484375,149.9139404296875,197.5205078125
2016-06-17,514.151611328125,178.35000610351562,268.9729919433594,206.59483337402344,1039.4459228515625,149.24826049804688,195.18865966796875
2016-06-20,509.8092956542969,179.02099609375,269.44427490234375,206.29161071777344,1043.5596923828125,149.41717529296875,197.42904663085938
2016-06-21,504.88153076171875,178.10400390625,268.2029113769531,206.0749969482422,1031.361083984375,148.38392639160156,195.69161987304688
2016-06-22,503.7105407714844,177.89599609375,269.3178405761719,207.07139587402344,1031.5972900390625,146.91348266601562,194.68569946289062
2016-06-23,513.6637573242188,180.34100341796875,273.59381103515625,208.71755981445312,1047.644775390625,148.48329162597656,198.9379119873047
2016-06-24,498.1484375,176.2550048828125,267.11083984375,200.0968017578125,1040.523193359375,145.83053588867188,193.17689514160156
2016-06-27,502.0028381347656,176.79299926757812,266.6626281738281,201.61302185058594,1025.3304443359375,146.92344665527344,198.57211303710938
2016-06-28,501.5637512207031,177.18699645996094,268.2718200683594,202.00286865234375,1029.983154296875,147.6983642578125,197.42904663085938
2016-06-29,505.32061767578125,178.83599853515625,270.7866516113281,205.0353240966797,1045.7457275390625,149.5861053466797,198.6178436279297
2016-06-30,520.5919189453125,181.51400756835938,272.67559814453125,208.41432189941406,1055.526123046875,151.6824493408203,200.0809783935547
2016-07-01,529.7645263671875,182.2830047607422,272.22369384765625,208.24102783203125,1066.683349609375,149.705322265625,200.81253051757812
2016-07-04,530.6915283203125,182.9980010986328,271.8296203613281,214.99900817871094,1051.727783203125,147.82752990722656,203.92164611816406
2016-07-05,526.6419067382812,182.5489959716797,270.1607971191406,212.3564453125,1051.2530517578125,147.12216186523438,204.3788604736328
2016-07-07,534.0781860351562,183.20199584960938,274.80804443359375,212.1398468017578,1049.638916015625,148.21502685546875,201.22402954101562
2016-07-08,538.2149047851562,182.63999938964844,272.30474853515625,209.62725830078125,1069.8642578125,147.72817993164062,199.6237335205078
2016-07-11,536.1957397460938,186.24099731445312,278.0760498046875,216.47189331054688,1067.7279052734375,151.12606811523438,205.47621154785156
2016-07-12,552.5455322265625,188.7429962158203,278.6322937011719,226.73883056640625,1068.440185546875,151.7420654296875,207.3050994873047
2016-07-13,548.4580688476562,188.8800048828125,277.6125183105469,226.2622833251953,1048.689208984375,153.9973602294922,208.2195281982422
2016-07-14,551.806884765625,190.66299438476562,278.2151184082031,232.717041015625,1057.900146484375,155.1307373046875,212.1516571044922
2016-07-15,556.5345458984375,191.49600219726562,283.62713623046875,230.2477569580078,1069.9593505859375,153.53012084960938,211.6944122314453
2016-07-18,562.3948974609375,192.01199340820312,284.49627685546875,228.2117156982422,1073.8525390625,154.45469665527344,209.17970275878906
2016-07-19,556.9285278320312,191.531005859375,282.3871154785156,233.1935577392578,1051.300537109375,154.65350341796875,209.9569854736328
2016-07-20,549.8370361328125,192.12100219726562,285.59722900390625,231.76397705078125,1062.0780029296875,155.5283966064453,211.37435913085938
2016-07-21,529.94140625,189.4459991455078,284.7628173828125,226.912109375,1079.3125,151.24349975585938,206.3448944091797
2016-07-22,529.5967407226562,189.0970001220703,285.27276611328125,228.25503540039062,1081.401611328125,151.1241912841797,204.3788604736328
2016-07-25,529.99072265625,192.31500244140625,289.0159912109375,232.76034545898438,1098.0186767578125,151.98915100097656,210.23130798339844
2016-07-26,545.4540405273438,191.10800170898438,287.12701416015625,226.69549560546875,1098.113525390625,149.4639434814453,207.3050994873047
2016-07-27,540.5786743164062,192.26199340820312,286.69818115234375,234.44985961914062,1118.8616943359375,149.92127990722656,209.63694763183594
2016-07-28,535.654052734375,192.60499572753906,289.3636474609375,235.66281127929688,1109.365966796875,149.19552612304688,211.23721313476562
2016-07-29,537.91943359375,191.9149932861328,288.8421630859375,227.7785186767578,1116.3453369140625,151.81019592285156,209.7740936279297
2016-08-01,542.253173828125,190.74200439453125,287.938232421875,216.1686248779297,1139.9892578125,149.7522735595703,207.853759765625
2016-08-02,541.3667602539062,190.03199768066406,288.1700439453125,212.5297393798828,1132.7249755859375,151.13417053222656,208.53961181640625
2016-08-03,541.0711669921875,189.0070037841797,287.5094299316406,209.7572479248047,1118.9566650390625,150.35870361328125,207.2593536376953
2016-08-04,539.2490844726562,188.447998046875,287.6368713378906,208.24102783203125,1107.466796875,150.39846801757812,206.3448944091797
2016-08-05,558.701416015625,191.60400390625,289.5490417480469,213.0928955078125,1124.84375,153.967529296875,212.8374786376953
2016-08-08,562.542724609375,191.9720001220703,289.6302185058594,212.48641967773438,1132.2501220703125,153.40087890625,213.2947235107422
2016-08-09,565.4481201171875,191.43099975585938,289.07391357421875,212.5730743408203,1126.410400390625,152.0587158203125,215.0321807861328
2016-08-10,559.3416137695312,189.71299743652344,284.36883544921875,207.37461853027344,1099.680419921875,151.36279296875,211.6944122314453
2016-08-11,561.1637573242188,189.01300048828125,284.68170166015625,210.27706909179688,1105.710205078125,152.03884887695312,207.71658325195312
2016-08-12,582.0934448242188,191.4980010986328,284.7859802246094,213.0928955078125,1114.588623046875,151.69085693359375,222.48492431640625
2016-08-16,574.509521484375,192.10899353027344,284.4615783691406,215.34556579589844,1099.91796875,153.6593475341797,225.63973999023438
2016-08-17,580.6160888671875,192.86900329589844,286.22308349609375,214.52249145507812,1095.3599853515625,152.23770141601562,225.1825408935547
2016-08-18,584.2110595703125,197.16700744628906,290.3023376464844,219.11444091796875,1134.3392333984375,155.96583557128906,227.14857482910156
2016-08-19,579.6803588867188,196.96099853515625,289.0507507324219,219.98081970214844,1128.2147216796875,154.84242248535156,236.3844757080078
2016-08-22,571.5054931640625,195.72500610351562,289.7924499511719,218.55126953125,1126.88525390625,153.6693115234375,233.00103759765625
2016-08-23,573.7215576171875,195.69400024414062,290.0589599609375,216.77513122558594,1129.2115478515625,154.7628631591797,232.955322265625
2016-08-24,574.6080322265625,195.5229949951172,292.4579162597656,215.25888061523438,1123.0869140625,154.4944610595703,232.63526916503906
2016-08-25,577.71044921875,195.41099548339844,291.70458984375,213.95932006835938,1122.4222412109375,155.24008178710938,228.7488555908203
2016-08-26,577.5628051757812,194.36599731445312,291.3684997558594,212.5297393798828,1104.8555908203125,155.2500457763672,225.5025634765625
2016-08-29,580.2713623046875,194.28399658203125,286.9647521972656,217.03504943847656,1097.2591552734375,155.3693389892578,227.7429656982422
2016-08-30,582.2412719726562,197.41799926757812,294.04559326171875,222.01690673828125,1101.57958984375,156.3137969970703,230.66921997070312
2016-08-31,587.8552856445312,199.7270050048828,299.27215576171875,223.5331268310547,1126.36279296875,160.43960571289062,230.89781188964844
2016-09-01,587.6583862304688,199.9709930419922,297.5338439941406,226.08897399902344,1124.4638671875,161.19517517089844,230.44058227539062
2016-09-02,590.1699829101562,201.4459991455078,297.8583068847656,226.3922576904297,1132.0128173828125,161.7718048095703,232.8181610107422
2016-09-06,626.31689453125,206.40899658203125,301.404541015625,236.26930236816406,1165.057373046875,162.6566162109375,237.8476104736328
2016-09-07,615.6795043945312,206.86700439453125,298.2407531738281,240.99124145507812,1155.6568603515625,159.88287353515625,243.97439575195312
2016-09-08,619.8655395507812,206.86099243164062,298.85498046875,239.43167114257812,1158.078125,162.99462890625,245.3917999267578
2016-09-09,603.8604125976562,205.00399780273438,299.0867614746094,237.48228454589844,1156.2265625,162.81568908691406,241.50543212890625
2016-09-12,583.1769409179688,200.7969970703125,296.6531066894531,232.3704833984375,1135.4788818359375,161.71214294433594,231.1264190673828
2016-09-14,592.7306518554688,201.65199279785156,294.23101806640625,235.186279296875,1129.686279296875,160.25071716308594,235.51576232910156
2016-09-15,579.87744140625,201.18800354003906,296.58355712890625,234.44985961914062,1121.5677490234375,160.77761840820312,234.09837341308594
2016-09-16,593.1246948242188,201.7030029296875,300.8135070800781,231.63400268554688,1110.6478271484375,160.37998962402344,232.54383850097656
2016-09-19,585.3930053710938,202.0,299.0288391113281,235.31625366210938,1144.3095703125,159.6343231201172,233.7783203125
2016-09-20,584.0140991210938,200.8560028076172,298.634765625,235.7494659423828,1124.558837890625,157.6260986328125,232.68096923828125
2016-09-21,589.8744506835938,200.86900329589844,299.6893615722656,233.84335327148438,1125.223388671875,156.7611541748047,229.66329956054688
2016-09-22,582.8814086914062,203.8260040283203,302.91107177734375,238.69525146484375,1158.078125,158.10330200195312,235.83583068847656
2016-09-23,549.049072265625,201.86399841308594,304.25537109375,235.0130157470703,1159.2176513671875,158.30209350585938,232.7724609375
2016-09-26,539.150634765625,199.02200317382812,300.4194641113281,227.4752655029297,1141.03369140625,156.63194274902344,230.1205291748047
2016-09-27,532.8470458984375,198.03599548339844,300.85986328125,225.2659149169922,1147.6329345703125,155.97576904296875,227.697265625
2016-09-28,540.824951171875,199.08700561523438,300.2109069824219,225.9157257080078,1160.40478515625,155.5482940673828,232.04087829589844
2016-09-29,531.1726684570312,194.95199584960938,296.0968017578125,216.9051055908203,1137.4251708984375,153.61959838867188,226.09695434570312
2016-09-30,533.191650390625,195.82000732421875,295.0190124511719,218.46461486816406,1135.6212158203125,154.4944610595703,229.7547607421875
2016-10-03,542.5978393554688,198.08999633789062,298.3450012207031,221.9302520751953,1170.7073974609375,156.69155883789062,233.45826721191406
2016-10-04,538.3626098632812,199.0469970703125,298.8897399902344,223.70639038085938,1162.5411376953125,157.41732788085938,237.52755737304688
2016-10-05,527.6268310546875,198.2830047607422,298.0901184082031,221.32376098632812,1154.5648193359375,155.51846313476562,238.53346252441406
2016-10-06,522.8006591796875,196.68800354003906,297.12823486328125,217.68484497070312,1160.4996337890625,155.68746948242188,234.82992553710938
2016-10-07,525.8047485351562,196.34300231933594,296.8152770996094,217.12168884277344,1159.2650146484375,155.6178741455078,236.56741333007812
2016-10-10,523.5393676757812,197.04200744628906,297.6844787597656,216.68849182128906,1159.455078125,155.1307373046875,234.64706420898438
2016-10-13,510.98150634765625,192.10899353027344,292.6780700683594,208.93414306640625,1154.9921875,153.5698699951172,228.2916259765625
2016-10-14,512.8036499023438,192.4029998779297,292.4579162597656,209.45401000976562,1157.1759033203125,155.4389190673828,230.5320587158203
2016-10-17,511.17852783203125,192.70700073242188,286.8720703125,224.18289184570312,1148.0130615234375,152.9534912109375,231.5379180908203
2016-10-18,524.42578125,196.7169952392578,291.5423583984375,234.2332305908203,1149.674560546875,154.48452758789062,234.92137145996094
2016-10-19,527.4790649414062,196.13699340820312,291.6582336425781,229.64126586914062,1150.1968994140625,153.89796447753906,233.54971313476562
2016-10-20,531.9113159179688,198.42799377441406,290.9977111816406,240.51470947265625,1145.923828125,153.5698699951172,237.93907165527344
2016-10-21,518.1715087890625,199.05799865722656,294.520751953125,240.34140014648438,1162.5411376953125,155.38922119140625,236.3844757080078
2016-10-24,513.6901245117188,200.02999877929688,292.863525390625,246.53623962402344,1154.9921875,156.5523681640625,240.4538116455078
2016-10-25,521.1262817382812,200.35400390625,289.7924499511719,250.6083526611328,1148.2977294921875,156.393310546875,239.08213806152344
2016-10-26,480.2024841308594,197.44500732421875,287.2428894042969,241.2078094482422,1141.2711181640625,161.35427856445312,236.6131134033203
2016-10-27,478.33111572265625,197.5760040283203,290.2096252441406,246.31964111328125,1119.573486328125,160.37998962402344,233.54971313476562
2016-10-28,479.562255859375,197.3979949951172,291.8205261230469,239.86489868164062,1139.2769775390625,162.9150848388672,235.92726135253906
2016-11-01,468.6295471191406,196.7969970703125,291.9942932128906,238.5652618408203,1152.9981689453125,160.17117309570312,236.79600524902344
2016-11-02,469.614501953125,194.5469970703125,288.8305358886719,235.576171875,1167.4312744140625,159.8629913330078,229.5718536376953
2016-11-03,468.6788330078125,194.0019989013672,290.8702087402344,233.71337890625,1168.8079833984375,160.26068115234375,224.6338653564453
2016-11-04,471.48583984375,192.5189971923828,288.2626953125,233.75672912597656,1157.6982421875,158.99807739257812,222.0734100341797
2016-11-07,478.08489990234375,195.781005859375,289.59539794921875,241.4677276611328,1154.3748779296875,159.4354705810547,231.08071899414062
2016-11-08,483.4527893066406,196.9550018310547,290.71954345703125,245.36659240722656,1149.9119873046875,161.41387939453125,231.0349884033203
2016-11-09,480.2024841308594,198.45799255371094,290.01263427734375,243.85037231445312,1138.7071533203125,163.46188354492188,237.75616455078125
2016-11-10,499.3101806640625,206.01699829101562,296.3402099609375,253.5107879638672,1152.9031982421875,162.8952178955078,257.23388671875
2016-11-11,491.23370361328125,200.61099243164062,295.7027893066406,239.47500610351562,1132.20263671875,162.16946411132812,249.64401245117188
2016-11-15,472.0768127441406,196.39500427246094,290.8238220214844,233.71337890625,1037.9593505859375,156.9898223876953,254.3991241455078
2016-11-16,465.5762939453125,193.6790008544922,288.4133605957031,230.6376495361328,1039.9061279296875,153.2119598388672,253.48463439941406
2016-11-17,466.9552001953125,193.45700073242188,285.1336669921875,231.89393615722656,1044.8436279296875,154.3453369140625,253.7132568359375
2016-11-18,466.31500244140625,192.25900268554688,280.77630615234375,229.25140380859375,1046.078125,154.94183349609375,252.2044219970703
2016-11-21,458.68182373046875,187.3179931640625,277.83270263671875,226.3056182861328,1005.6744995117188,151.65110778808594,235.33287048339844
2016-11-22,463.65570068359375,187.72500610351562,277.6820068359375,227.60520935058594,1017.4964599609375,153.02308654785156,235.33287048339844
2016-11-23,473.2587585449219,187.13600158691406,274.5993957519531,229.55465698242188,1011.229248046875,152.3370819091797,236.5216522216797
2016-11-24,461.1441345214844,185.9429931640625,270.1376037597656,224.65945434570312,991.7159423828125,147.5551300048828,239.35646057128906
2016-11-25,464.098876953125,187.3489990234375,275.6539306640625,225.35256958007812,1019.2056274414062,149.5534210205078,238.6249237060547
2016-11-28,465.7732849121094,185.38499450683594,274.5298156738281,221.1938018798828,997.3657836914062,149.15574645996094,231.8579864501953
2016-11-29,457.6475830078125,184.7469940185547,273.208740234375,221.32376098632812,1006.4815673828125,148.21128845214844,231.08071899414062
2016-11-30,462.7692565917969,188.5070037841797,278.041259765625,230.07447814941406,1031.834716796875,150.20956420898438,236.24732971191406
2016-12-01,459.0264892578125,186.5050048828125,277.4966125488281,224.52951049804688,1026.1846923828125,148.12179565429688,233.7783203125
2016-12-02,453.0184631347656,185.4600067138672,275.6075744628906,224.83273315429688,1003.2056274414062,143.8667449951172,232.36093139648438
2016-12-05,453.8063659667969,186.45700073242188,277.2879638671875,226.0023956298828,1029.0809326171875,145.10946655273438,234.92137145996094
2016-12-06,449.0787048339844,186.2220001220703,276.8476257324219,226.13232421875,1028.0838623046875,145.94456481933594,236.93316650390625
2016-12-07,440.3620910644531,184.15499877929688,273.8692626953125,224.13958740234375,1021.8643188476562,146.01414489746094,233.73260498046875
2016-12-08,442.5782165527344,187.02999877929688,278.01806640625,227.6485595703125,1042.897216796875,148.8574676513672,237.6647186279297
2016-12-09,449.5219421386719,188.48199462890625,277.7400207519531,232.58705139160156,1056.713134765625,148.18145751953125,243.83724975585938
2016-12-12,438.39227294921875,185.82200622558594,274.5298156738281,229.46800231933594,1030.552978515625,145.11940002441406,241.09390258789062
2016-12-13,446.12396240234375,186.73899841308594,274.947021484375,229.078125,1034.8258056640625,145.33811950683594,243.38003540039062
2016-12-14,460.1592102050781,185.41099548339844,272.5018005371094,225.74246215820312,1017.7813110351562,144.7117919921875,240.4080352783203
2016-12-15,470.8949279785156,185.61099243164062,272.7103576660156,225.52584838867188,1026.5172119140625,144.1053466796875,242.69415283203125
2016-12-16,465.6747131347656,185.04200744628906,274.0315246582031,221.4537353515625,1028.0838623046875,142.98196411132812,242.0997772216797
2016-12-19,460.55316162109375,184.7270050048828,272.7451171875,222.75332641601562,1030.173095703125,143.09129333496094,238.99066162109375
2016-12-20,454.69281005859375,182.56700134277344,273.9388122558594,217.9881134033203,1017.8287963867188,142.8328094482422,232.7724609375
2016-12-21,450.8023376464844,182.8990020751953,273.4984130859375,219.4176788330078,1031.4549560546875,143.12112426757812,233.5039825439453
2016-12-22,440.8052978515625,180.9409942626953,271.8991394042969,219.15774536132812,1007.2886962890625,141.79885864257812,228.42881774902344
2016-12-23,431.4977111816406,180.7830047607422,274.947021484375,218.20469665527344,1008.4282836914062,141.52049255371094,227.83441162109375
2016-12-26,425.48968505859375,178.48300170898438,272.33953857421875,214.99900817871094,1007.003662109375,141.38133239746094,223.3079071044922
2016-12-27,431.05450439453125,180.23399353027344,274.70361328125,219.6776123046875,1009.7101440429688,141.6000213623047,227.4686279296875
2016-12-28,433.4183044433594,180.4980010986328,275.0628967285156,218.11807250976562,1027.51416015625,141.7789764404297,226.55419921875
2016-12-29,437.5550537109375,181.98300170898438,279.3392333984375,217.5548858642578,1049.8763427734375,141.8485870361328,226.46275329589844
2016-12-30,443.1691589355469,183.4320068359375,279.57098388671875,221.1938018798828,1052.0126953125,143.1012420654297,228.79458618164062
2017-01-02,441.0023193359375,181.55799865722656,277.4618225097656,218.29136657714844,1032.5943603515625,142.12693786621094,222.7592315673828
2017-01-03,448.3892822265625,181.875,275.7930603027344,220.41404724121094,1045.0809326171875,141.52049255371094,223.94801330566406
2017-01-04,446.2716979980469,181.10000610351562,274.773193359375,217.5548858642578,1044.6539306640625,138.309326171875,222.11911010742188
2017-01-05,451.1470947265625,182.73599243164062,274.9354248046875,222.88330078125,1070.671630859375,138.9754180908203,224.35952758789062
2017-01-06,448.3399963378906,185.38999938964844,276.6622314453125,223.6630859375,1086.33935546875,142.53456115722656,224.86245727539062
2017-01-09,445.92694091796875,185.6490020751953,277.0214538574219,224.13958740234375,1100.7724609375,141.02342224121094,225.91407775878906
2017-01-10,440.60833740234375,186.27699279785156,281.4599609375,225.439208984375,1102.149169921875,141.699462890625,227.05714416503906
2017-01-11,446.76416015625,189.93899536132812,286.01446533203125,229.33804321289062,1171.56201171875,144.83108520507812,230.57774353027344
2017-01-12,448.3399963378906,191.27999877929688,286.2462158203125,232.5004425048828,1158.363037109375,144.74163818359375,229.7547607421875
2017-01-13,465.6747131347656,191.54600524902344,285.66680908203125,232.2405242919922,1154.3275146484375,144.7018585205078,229.4346923828125
2017-01-16,470.0577392578125,193.23699951171875,289.1782531738281,233.32351684570312,1156.0841064453125,145.38783264160156,233.86978149414062
2017-01-17,479.8577575683594,192.99099731445312,287.05743408203125,232.5437774658203,1152.8555908203125,144.3538818359375,234.09837341308594
2017-01-18,481.13818359375,193.91700744628906,288.00775146484375,232.58705139160156,1165.864501953125,145.36795043945312,236.24732971191406
2017-01-19,476.5090026855469,193.2429962158203,286.5475769042969,233.67010498046875,1158.790283203125,144.7913360595703,236.29307556152344
2017-01-20,443.9570617675781,190.6529998779297,286.55914306640625,228.25503540039062,1158.6954345703125,143.76731872558594,229.5718536376953
2017-01-23,438.2937316894531,190.5229949951172,288.48291015625,223.1432342529297,1169.140380859375,145.69602966308594,232.40664672851562
2017-01-24,444.4495544433594,192.52499389648438,293.7906188964844,222.7966766357422,1188.4163818359375,147.8036651611328,233.0924835205078
2017-01-25,456.56414794921875,196.322998046875,299.1331481933594,225.2226104736328,1201.56787109375,158.11325073242188,237.0246124267578
2017-01-27,465.7240295410156,199.2779998779297,299.4344482421875,235.66281127929688,1190.125732421875,156.09506225585938,243.65435791015625
2017-01-30,464.788330078125,198.09500122070312,297.8235778808594,234.62313842773438,1177.164306640625,154.21609497070312,241.36827087402344
2017-01-31,458.97723388671875,197.07400512695312,298.21759033203125,233.02027893066406,1188.8914794921875,153.9277801513672,238.0762176513672
2017-02-01,468.4818420410156,202.65899658203125,302.6329650878906,243.46051025390625,1241.78173828125,154.50439453125,247.540771484375
2017-02-02,475.27789306640625,203.2969970703125,301.010498046875,247.61924743652344,1219.2296142578125,153.18214416503906,249.91830444335938
2017-02-03,483.3050537109375,203.86599731445312,303.87298583984375,243.93701171875,1237.4609375,152.1680908203125,253.80471801757812
2017-02-06,490.7904968261719,205.69900512695312,304.57989501953125,251.51806640625,1250.6124267578125,152.44647216796875,253.3474884033203
2017-02-07,485.9643249511719,205.43600463867188,302.96905517578125,249.61196899414062,1257.44921875,153.7687225341797,254.124755859375
2017-02-08,480.2517395019531,204.16000366210938,302.62139892578125,247.61924743652344,1252.7012939453125,152.6254119873047,253.48463439941406
2017-02-09,477.9371643066406,203.53799438476562,300.7671203613281,246.92613220214844,1238.220703125,153.0330047607422,252.2501678466797
2017-02-10,481.53216552734375,204.26499938964844,302.146240234375,243.98033142089844,1255.7874755859375,154.87225341796875,252.70736694335938
2017-02-13,482.9110107421875,204.91799926757812,303.67596435546875,244.0236358642578,1272.0721435546875,157.7056427001953,248.40945434570312
2017-02-14,479.562255859375,204.56100463867188,303.8845520019531,246.62289428710938,1263.2889404296875,157.13894653320312,247.08352661132812
2017-02-15,480.84271240234375,203.43600463867188,306.4572448730469,243.24386596679688,1250.0426025390625,155.94593811035156,245.94046020507812
2017-02-16,485.7181091308594,204.3459930419922,307.7784729003906,241.55438232421875,1252.938720703125,157.576416015625,247.3578643798828
2017-02-17,481.7291564941406,207.39500427246094,319.17034912109375,245.19329833984375,1270.5531005859375,158.37171936035156,246.30625915527344
2017-02-20,473.8004455566406,208.7899932861328,326.5988464355469,244.63011169433594,1269.03369140625,158.4810791015625,246.58058166503906
2017-02-21,496.7493591308594,210.54600524902344,328.09381103515625,246.75283813476562,1264.0484619140625,158.6501007080078,247.540771484375
2017-02-22,517.383544921875,210.66900634765625,324.2926940917969,247.9224853515625,1259.6331787109375,158.24249267578125,249.0038299560547
2017-02-23,520.1907348632812,210.51199340820312,323.16851806640625,246.492919921875,1273.1170654296875,161.24490356445312,247.31216430664062
2017-02-27,501.2799987792969,208.5540008544922,323.0062561035156,241.5977020263672,1252.7489013671875,159.16708374023438,245.30035400390625
2017-02-28,499.0146789550781,208.35499572753906,322.19500732421875,239.43167114257812,1246.3865966796875,159.48521423339844,246.16909790039062
2017-03-01,505.6629638671875,210.46099853515625,322.5542907714844,241.81430053710938,1259.3006591796875,163.86949157714844,248.50091552734375
2017-03-02,498.6698913574219,207.86099243164062,319.87725830078125,241.4244384765625,1240.547119140625,162.27883911132812,244.431640625
2017-03-03,505.1704406738281,207.28599548339844,319.1587829589844,239.0851287841797,1233.662841796875,160.95655822753906,242.37413024902344
2017-03-06,510.8337707519531,208.5240020751953,320.0279235839844,239.7782440185547,1253.128662109375,162.83555603027344,246.7634735107422
2017-03-07,504.0870361328125,208.5800018310547,321.29107666015625,239.12844848632812,1263.621337890625,162.4478302001953,244.88885498046875
2017-03-08,502.4618835449219,208.58299255371094,322.6817932128906,237.74220275878906,1260.3927001953125,164.01861572265625,246.8091583251953
2017-03-09,508.6177978515625,209.3260040283203,323.145263671875,236.9624481201172,1259.395751953125,164.1280059814453,249.87258911132812
2017-03-10,508.1252746582031,209.38600158691406,324.5128173828125,234.4065399169922,1268.369140625,164.81394958496094,248.77525329589844
2017-03-14,503.2005920410156,212.9759979248047,326.96966552734375,248.87551879882812,1285.8883056640625,166.25550842285156,251.1527862548828
2017-03-15,503.9885559082031,213.4320068359375,328.337158203125,247.05606079101562,1280.3333740234375,167.84620666503906,253.621826171875
2017-03-16,505.9091796875,214.5279998779297,328.5110168457031,246.492919921875,1307.1109619140625,169.2877655029297,255.40496826171875
2017-03-17,509.35638427734375,213.64500427246094,330.4811096191406,243.11390686035156,1313.7578125,168.66140747070312,250.69558715820312
2017-03-20,495.2719421386719,213.38800048828125,332.8567810058594,238.30535888671875,1310.0069580078125,169.9239959716797,250.46701049804688
2017-03-21,480.9411926269531,212.90199279785156,333.98095703125,235.7061309814453,1320.1197509765625,170.9082489013672,249.04959106445312
2017-03-22,478.1341552734375,210.0989990234375,331.6516418457031,229.59796142578125,1307.158447265625,171.4351348876953,244.61453247070312
2017-03-23,480.89190673828125,211.5959930419922,331.6516418457031,231.2874755859375,1314.0902099609375,172.61822509765625,245.52894592285156
2017-03-24,481.97540283203125,213.63400268554688,330.1334228515625,238.04544067382812,1319.4552001953125,174.8451690673828,252.8445587158203
2017-03-27,479.8085021972656,212.73800659179688,326.7726745605469,236.65919494628906,1331.3719482421875,173.21470642089844,255.5421600341797
2017-03-28,495.2226867675781,214.64700317382812,329.1716003417969,239.99484252929688,1333.41357421875,170.8883819580078,257.9654235839844
2017-03-29,496.6015930175781,216.0780029296875,331.1184997558594,244.50015258789062,1327.7637939453125,170.52053833007812,263.772216796875
2017-03-30,491.7261962890625,217.20599365234375,339.8334045410156,243.76373291015625,1350.5531005859375,172.021728515625,266.14971923828125
2017-03-31,483.4035339355469,216.85699462890625,334.3518371582031,239.86489868164062,1353.2593994140625,173.4235076904297,268.2986755371094
2017-04-03,493.0558166503906,217.43099975585938,332.1846618652344,248.39901733398438,1332.65380859375,174.1691436767578,268.0700378417969
2017-04-05,500.6397705078125,218.5489959716797,331.9876708984375,246.79617309570312,1330.2801513671875,176.9329376220703,271.9107971191406
2017-04-06,501.03375244140625,218.29800415039062,333.4130859375,243.33053588867188,1349.935791015625,177.8276824951172,267.79571533203125
2017-04-07,496.6015930175781,216.625,333.4942626953125,240.29808044433594,1340.9625244140625,173.6024627685547,264.6866149902344
2017-04-10,503.0528869628906,217.36900329589844,332.4048767089844,240.55801391601562,1353.4490966796875,174.447509765625,264.5951843261719
2017-04-11,507.28814697265625,219.26100158691406,333.6448669433594,245.75645446777344,1352.64208984375,175.18319702148438,269.3045654296875
2017-04-12,498.37445068359375,218.6719970703125,334.6183776855469,243.28720092773438,1365.2237548828125,174.85513305664062,265.32672119140625
2017-04-13,499.901123046875,219.0760040283203,333.830322265625,245.02000427246094,1365.176025390625,174.87498474121094,266.6069641113281
2017-04-17,494.7794494628906,218.57699584960938,333.01910400390625,244.67344665527344,1362.8497314453125,176.48558044433594,265.09814453125
2017-04-18,492.12017822265625,219.34800720214844,335.4527893066406,245.5398406982422,1359.5263671875,175.30250549316406,265.4638977050781
2017-04-19,491.972412109375,218.3990020751953,335.8468017578125,243.07061767578125,1349.888427734375,174.09954833984375,259.74859619140625
2017-04-20,480.6457214355469,217.48500061035156,338.8946838378906,236.3126220703125,1355.5858154296875,176.7937774658203,260.4344482421875
2017-04-21,478.92205810546875,217.4320068359375,346.8794860839844,233.1935577392578,1362.6124267578125,175.05393981933594,258.0569152832031
2017-04-24,491.13519287109375,220.80799865722656,355.3277587890625,232.76034545898438,1361.2357177734375,178.10604858398438,261.5774841308594
2017-04-25,508.6177978515625,222.9320068359375,356.2548828125,236.0959930419922,1379.8944091796875,178.55343627929688,261.5774841308594
2017-04-26,509.35638427734375,224.7239990234375,359.4070739746094,239.908203125,1390.766845703125,179.0207061767578,261.94329833984375
2017-04-27,498.9654235839844,225.2030029296875,363.5674743652344,237.52560424804688,1396.4642333984375,182.26171875,257.919677734375
2017-04-28,501.9694519042969,225.75100708007812,358.4452209472656,241.2944793701172,1372.060546875,179.3388214111328,264.9609375
2017-05-02,497.93121337890625,226.07200622558594,357.0776672363281,238.78189086914062,1372.867919921875,182.51025390625,263.635009765625
2017-05-03,493.30206298828125,224.9250030517578,357.9352722167969,236.3126220703125,1365.888427734375,182.3213653564453,265.00665283203125
2017-05-04,511.03082275390625,229.36300659179688,355.7333984375,258.01611328125,1348.6065673828125,180.03475952148438,273.4653015136719
2017-05-05,496.8970947265625,228.22999572753906,355.1307373046875,258.6659240722656,1337.02197265625,180.6014404296875,270.67626953125
2017-05-08,503.4961242675781,230.0050048828125,355.7333984375,262.4781188964844,1352.974365234375,180.4125518798828,273.7853698730469
2017-05-09,510.390625,229.06900024414062,355.9535827636719,260.442138671875,1349.2236328125,180.3131103515625,271.1334533691406
2017-05-10,518.417724609375,230.11500549316406,359.67364501953125,258.7525939941406,1359.6688232421875,184.44888305664062,269.25885009765625
2017-05-11,509.1102600097656,229.78799438476562,358.42205810546875,260.0954895019531,1354.3515625,186.2681884765625,272.5965881347656
2017-05-12,495.419677734375,228.61500549316406,359.63885498046875,256.93310546875,1340.5352783203125,189.81739807128906,272.4136657714844
2017-05-15,492.5633850097656,230.1840057373047,360.04443359375,261.4818115234375,1344.7606201171875,193.52569580078125,275.6142883300781
2017-05-16,493.9422607421875,231.22799682617188,361.4930725097656,262.2181701660156,1364.4639892578125,190.8513641357422,281.1924133300781
2017-05-17,495.2226867675781,231.11300659179688,360.91363525390625,268.36968994140625,1353.544189453125,189.13143920898438,281.32952880859375
2017-05-18,484.5854797363281,229.13800048828125,360.9020080566406,266.8101806640625,1335.64501953125,187.47119140625,277.0316467285156
2017-05-19,494.1392822265625,229.91900634765625,361.8638916015625,266.0303955078125,1319.170166015625,186.37759399414062,281.6496276855469
2017-05-22,494.7301940917969,228.843994140625,365.2826843261719,263.2578125,1319.2177734375,187.1530303955078,269.1216735839844
2017-05-23,493.0558166503906,227.9600067138672,363.6833801269531,265.16400146484375,1323.63330078125,186.95419311523438,264.137939453125
2017-05-24,491.7754211425781,227.3209991455078,363.1387023925781,265.7272033691406,1342.2919921875,186.12904357910156,258.92559814453125
2017-05-25,499.8026123046875,233.69900512695312,374.8203125,275.2576599121094,1387.8704833984375,190.1852569580078,265.281005859375
2017-05-26,503.7423095703125,236.7429962158203,376.87152099609375,278.59332275390625,1403.1583251953125,191.88526916503906,266.1576232910156
2017-05-29,499.6056213378906,234.71499633789062,378.23907470703125,272.8316955566406,1415.502685546875,192.58123779296875,262.0515441894531
2017-05-30,506.6479187011719,235.95199584960938,377.5784912109375,278.46337890625,1399.502685546875,191.2689208984375,266.52667236328125
2017-05-31,506.3031005859375,236.89500427246094,379.2356872558594,282.8387145996094,1406.007080078125,192.0841522216797,266.0191650390625
2017-06-01,501.62469482421875,235.6909942626953,377.4742431640625,277.3370056152344,1410.6600341796875,191.4080810546875,265.2348937988281
2017-06-02,500.3935241699219,236.38900756835938,378.78375244140625,275.64752197265625,1438.1497802734375,191.92507934570312,264.86578369140625
2017-06-05,505.9091796875,237.45599365234375,379.08502197265625,277.0337829589844,1429.3187255859375,192.27301025390625,265.05035400390625
2017-06-06,502.5111389160156,236.90199279785156,379.8730773925781,276.34063720703125,1434.77880859375,192.1537322998047,265.096435546875
2017-06-07,506.450927734375,238.1479949951172,380.3018493652344,281.322509765625,1440.428466796875,192.60110473632812,268.0953063964844
2017-06-08,507.9775390625,238.3560028076172,381.2173767089844,277.4236145019531,1447.2178955078125,194.6292266845703,266.2960205078125
2017-06-09,505.9091796875,239.68899536132812,386.328125,279.11322021484375,1449.8291015625,195.87193298339844,266.2498779296875
2017-06-12,499.851806640625,237.87100219726562,386.7800598144531,273.568115234375,1429.841064453125,194.2017059326172,262.9281005859375
2017-06-13,498.8177185058594,237.7570037841797,388.6226806640625,272.7883605957031,1416.8795166015625,193.7046356201172,261.9131164550781
2017-06-14,501.8216857910156,237.31199645996094,387.3478698730469,276.4272766113281,1424.4285888671875,192.4818115234375,262.2360534667969
2017-06-15,499.95037841796875,236.4459991455078,385.76025390625,274.4345397949219,1415.7874755859375,191.3981475830078,262.0515441894531
2017-06-16,502.7574157714844,237.36300659179688,386.89599609375,274.21795654296875,1423.2890625,195.38475036621094,263.850830078125
2017-06-19,512.3112182617188,240.76600646972656,392.3775329589844,277.7702331542969,1435.1109619140625,196.35906982421875,266.52667236328125
2017-06-20,504.13629150390625,240.2689971923828,390.9057312011719,280.909423828125,1438.5294189453125,195.4643096923828,267.68011474609375
2017-06-21,500.09808349609375,240.0500030517578,393.72186279296875,279.6127014160156,1418.968505859375,197.2339324951172,268.41827392578125
2017-06-22,500.3443298339844,241.28199768066406,393.5596008300781,278.1719055175781,1415.455078125,198.41702270507812,271.74005126953125
2017-06-23,497.0447998046875,238.08299255371094,389.0746765136719,280.3330993652344,1416.16748046875,195.8917999267578,266.61895751953125
2017-06-27,485.42266845703125,234.7310028076172,386.5251159667969,276.5389709472656,1414.9805908203125,193.81399536132812,258.0377197265625
2017-06-28,484.5854797363281,235.48800659179688,386.2469787597656,278.89227294921875,1415.455078125,193.30697631835938,255.03887939453125
2017-06-29,504.38250732421875,235.5449981689453,388.0202331542969,281.6778869628906,1404.915283203125,188.56475830078125,251.39413452148438
2017-06-30,509.55340576171875,234.9969940185547,385.4537353515625,278.7002258300781,1404.3453369140625,190.0361328125,252.5014190673828
2017-07-03,509.4549560546875,235.76499938964844,386.9819030761719,278.6041564941406,1415.739990234375,188.6641845703125,253.60867309570312
2017-07-04,500.73828125,235.95399475097656,385.75701904296875,278.07586669921875,1422.2445068359375,190.64256286621094,251.90164184570312
2017-07-05,506.1554260253906,236.71099853515625,384.68377685546875,281.2936706542969,1439.8587646484375,190.8513641357422,253.65480041503906
2017-07-06,506.7521667480469,238.04400634765625,386.876953125,282.15814208984375,1442.8973388671875,190.5033721923828,259.28338623046875
2017-07-07,500.4364318847656,237.90899658203125,388.98846435546875,278.2679443359375,1449.3070068359375,191.81568908691406,258.4529113769531
2017-07-10,507.1997375488281,239.5590057373047,391.1233215332031,279.9489440917969,1481.63916015625,192.4718475341797,263.4817199707031
2017-07-11,504.06671142578125,239.8560028076172,392.0682373046875,278.21990966796875,1481.971435546875,190.63262939453125,261.63629150390625
2017-07-12,504.0169677734375,240.38299560546875,392.2666320800781,280.8133850097656,1497.4493408203125,190.33419799804688,265.41943359375
2017-07-13,509.1391906738281,242.54100036621094,392.8032531738281,286.14434814453125,1500.203125,191.4185333251953,266.4344177246094
2017-07-14,510.18359375,242.31199645996094,391.9632873535156,286.4805603027344,1495.075439453125,194.4228057861328,269.064208984375
2017-07-17,507.74676513671875,243.375,392.5232238769531,291.5233154296875,1501.2950439453125,194.9202117919922,270.3559875488281
2017-07-18,513.76416015625,243.57200622558594,392.8032531738281,291.9076232910156,1496.576904296875,194.4028778076172,268.5105285644531
2017-07-19,517.39453125,245.20700073242188,394.8447570800781,290.3227233886719,1500.818603515625,197.80511474609375,270.63275146484375
2017-07-20,537.087646484375,245.88900756835938,399.18450927734375,288.7378234863281,1486.9498291015625,194.97987365722656,268.4643859863281
2017-07-21,537.88330078125,245.88699340820312,397.3529357910156,290.1305847167969,1493.288330078125,198.84962463378906,268.1875915527344
2017-07-24,531.915771484375,247.63999938964844,404.830810546875,291.09112548828125,1481.7073974609375,197.55641174316406,271.78619384765625
2017-07-25,542.0109252929688,249.09300231933594,405.8923645019531,292.14776611328125,1470.269287109375,196.5615997314453,273.2164001464844
2017-07-26,525.997802734375,250.10899353027344,407.7355651855469,298.10308837890625,1506.2039794921875,196.28305053710938,272.9395446777344
2017-07-27,521.8204956054688,252.97300720214844,417.5583190917969,295.0773620605469,1531.463134765625,198.5909881591797,275.29254150390625
2017-07-28,512.3219604492188,251.19400024414062,414.95684814453125,284.46343994140625,1552.0992431640625,201.48585510253906,275.9845275878906
2017-07-31,516.99658203125,254.49200439453125,416.33343505859375,290.658935546875,1568.6845703125,203.2665557861328,288.3489685058594
2017-08-01,513.76416015625,255.41900634765625,419.3198547363281,290.658935546875,1587.7001953125,202.0031280517578,285.11944580078125
2017-08-02,514.1123046875,254.2550048828125,418.0250244140625,289.93853759765625,1581.0758056640625,201.12771606445312,283.9198913574219
2017-08-03,503.27099609375,250.60000610351562,415.29510498046875,284.03118896484375,1568.16015625,198.24281311035156,277.3224792480469
2017-08-04,505.3597106933594,252.21400451660156,417.6982727050781,284.55950927734375,1586.7470703125,198.20303344726562,281.65924072265625
2017-08-07,503.07208251953125,253.04400634765625,417.3017272949219,288.3055419921875,1573.2120361328125,198.54127502441406,287.1494140625
2017-08-08,496.75634765625,249.75900268554688,414.8168640136719,283.839111328125,1561.9168701171875,196.51187133789062,280.18292236328125
2017-08-09,484.32379150390625,248.13699340820312,411.6786804199219,279.1324462890625,1560.582275390625,197.44696044921875,278.9371643066406
2017-08-10,482.8815612792969,246.16000366210938,410.74542236328125,277.35546875,1553.10009765625,198.32240295410156,273.77001953125
2017-08-11,487.0589294433594,242.9550018310547,408.0856018066406,275.6264953613281,1549.2396240234375,197.4071807861328,258.4990234375
2017-08-14,489.0978698730469,245.0489959716797,409.9871520996094,280.2850646972656,1548.6199951171875,195.4971923828125,256.69976806640625
2017-08-16,496.80609130859375,247.88499450683594,415.5984802246094,283.3108215332031,1570.0665283203125,199.06851196289062,261.2210998535156
2017-08-17,494.4687805175781,246.75100708007812,411.90032958984375,281.581787109375,1552.2421875,196.77052307128906,259.14495849609375
2017-08-18,487.7551574707031,245.11000061035156,408.8088684082031,281.581787109375,1545.1412353515625,195.68618774414062,257.1611328125
2017-08-21,492.1314392089844,243.6219940185547,406.7207336425781,281.9179382324219,1540.422607421875,192.9007568359375,253.42410278320312
2017-08-22,496.5077209472656,244.12600708007812,407.6073303222656,282.35028076171875,1550.1455078125,193.14947509765625,252.73207092285156
2017-08-23,499.9390869140625,246.91600036621094,413.54522705078125,286.8167419433594,1583.125,194.99977111816406,257.43792724609375
2017-08-24,504.1164855957031,246.61300659179688,411.22369384765625,285.9523010253906,1589.6065673828125,193.40811157226562,258.637451171875
2017-08-28,507.8462219238281,247.78500366210938,411.1654052734375,289.0259704589844,1582.79150390625,194.19398498535156,257.7608947753906
2017-08-29,500.88397216796875,245.1269989013672,407.4089660644531,287.68121337890625,1566.34912109375,191.8761444091797,255.59251403808594
2017-08-30,501.1823425292969,246.93099975585938,412.63531494140625,288.4496154785156,1578.2637939453125,193.25889587402344,255.2234344482422
2017-08-31,497.6514892578125,246.85499572753906,414.478515625,286.28839111328125,1579.1693115234375,194.18406677246094,256.2845153808594
2017-09-01,504.81268310546875,247.77200317382812,412.41363525390625,286.528564453125,1613.007080078125,197.476806640625,256.37677001953125
2017-09-04,499.0439147949219,246.24099731445312,408.5172119140625,285.3758850097656,1591.2745361328125,194.60186767578125,256.2845153808594
2017-09-05,500.6850280761719,247.26499938964844,409.55548095703125,285.8562316894531,1605.858154296875,196.65113830566406,255.1772918701172
2017-09-06,490.1919860839844,246.33399963378906,410.61712646484375,283.695068359375,1605.90576171875,198.19308471679688,253.0550537109375
2017-09-07,493.9217224121094,246.50799560546875,412.1686706542969,281.1015319824219,1624.1114501953125,197.66583251953125,253.00889587402344
2017-09-08,491.33575439453125,247.20700073242188,417.0917053222656,280.4772033691406,1616.486083984375,200.46119689941406,250.7943572998047
2017-09-11,491.2362976074219,250.35299682617188,425.4211730957031,279.32452392578125,1707.3712158203125,200.25230407714844,250.01007080078125
2017-09-12,493.822265625,251.23800659179688,428.18597412109375,279.7087707519531,1660.33203125,203.2864227294922,252.31687927246094
2017-09-13,496.607177734375,251.77999877929688,429.737548828125,280.4772033691406,1663.048583984375,202.9680938720703,252.27069091796875
2017-09-14,516.9468383789062,252.8070068359375,429.16595458984375,282.1101379394531,1647.797607421875,200.47117614746094,253.00889587402344
2017-09-15,513.3662719726562,252.13499450683594,431.39410400390625,280.0929870605469,1619.7744140625,199.9637908935547,250.51754760742188
2017-09-18,521.720947265625,253.98500061035156,434.07720947265625,281.4377136230469,1663.858642578125,202.351318359375,249.50257873535156
2017-09-19,517.9414672851562,253.78500366210938,431.5690612792969,283.02264404296875,1664.6689453125,205.79330444335938,247.10350036621094
2017-09-20,516.6484375,253.63299560546875,431.3707580566406,279.08441162109375,1645.5577392578125,203.57492065429688,249.1796112060547
2017-09-21,509.78564453125,251.51199340820312,429.0959777832031,273.7054443359375,1649.1322021484375,204.7587127685547,247.74940490722656
2017-09-22,502.5748291015625,247.83799743652344,425.5961608886719,266.1651916503906,1627.6380615234375,203.31626892089844,241.61334228515625
2017-09-25,498.9942321777344,245.71499633789062,419.91485595703125,268.470458984375,1622.014404296875,198.85958862304688,238.7529296875
2017-09-26,509.18896484375,246.1540069580078,418.17657470703125,271.59222412109375,1614.1029052734375,197.76531982421875,238.29156494140625
2017-09-27,503.5693664550781,242.79400634765625,414.4901428222656,265.4927978515625,1589.8447265625,194.90028381347656,231.04823303222656
2017-09-28,509.0397644042969,242.95399475097656,418.8765869140625,265.060546875,1602.04541015625,200.00360107421875,233.03208923339844
2017-09-29,506.4040222167969,244.85899353027344,421.3030700683594,265.6849670410156,1603.427734375,199.40673828125,234.2316131591797
2017-10-03,506.9013671875,244.71499633789062,422.03802490234375,267.41387939453125,1613.67431640625,200.26226806640625,231.87869262695312
2017-10-04,503.2212829589844,245.1750030517578,419.2732238769531,265.20465087890625,1618.2017822265625,204.81842041015625,233.6318359375
2017-10-05,498.4969482421875,244.75399780273438,419.6465148925781,261.0743103027344,1609.718505859375,205.48492431640625,232.155517578125
2017-10-06,500.6353454589844,246.2169952392578,419.9964599609375,261.2184143066406,1603.7135009765625,206.8179473876953,236.90748596191406
2017-10-09,503.2212829589844,246.11000061035156,418.9232177734375,261.0262756347656,1619.91748046875,208.89706420898438,236.999755859375
2017-10-10,511.7749328613281,246.70199584960938,420.6031188964844,259.15325927734375,1644.366455078125,210.03115844726562,237.09202575683594
2017-10-11,512.9684448242188,244.1269989013672,417.6749572753906,257.0400695800781,1636.8363037109375,207.6834259033203,232.2938995361328
2017-10-12,522.2680053710938,246.73399353027344,424.3595275878906,256.9920349121094,1661.38037109375,210.4191131591797,231.78640747070312
2017-10-13,526.5945434570312,250.4080047607422,431.8257141113281,260.5940246582031,1668.38623046875,215.34335327148438,232.61685180664062
2017-10-16,517.5436401367188,250.28399658203125,433.3073425292969,263.4276123046875,1635.6448974609375,215.37318420410156,232.5707244873047
2017-10-17,510.3824768066406,249.72799682617188,431.93072509765625,263.0914306640625,1627.7335205078125,214.5972442626953,231.74024963378906
2017-10-18,461.9948425292969,246.78700256347656,435.9554748535156,252.76568603515625,1628.305419921875,218.03921508789062,224.9121551513672
2017-10-19,457.8175048828125,244.1269989013672,431.26580810546875,247.6748046875,1611.6724853515625,214.4281463623047,223.98947143554688
2017-10-23,447.5233459472656,244.2519989013672,434.74224853515625,252.18931579589844,1616.1046142578125,211.20498657226562,226.942138671875
2017-10-24,449.5125427246094,245.3280029296875,435.6288757324219,256.0314636230469,1586.9376220703125,212.03070068359375,234.7852325439453
2017-10-25,470.4490051269531,253.88499450683594,418.8298645019531,293.6365966796875,1517.8326416015625,201.05807495117188,299.7906188964844
2017-10-26,481.68804931640625,253.74000549316406,418.88824462890625,287.4410705566406,1541.8526611328125,202.71937561035156,295.73065185546875
2017-10-27,483.3291931152344,252.125,417.8849792480469,289.26611328125,1551.14599609375,204.7288818359375,287.0109558105469
2017-10-30,481.3896789550781,254.28700256347656,423.4729309082031,288.6897888183594,1544.8551025390625,204.70899963378906,287.8875732421875
2017-10-31,520.3285522460938,254.53900146484375,421.9563903808594,288.2575988769531,1550.9554443359375,203.94297790527344,282.166748046875
2017-11-01,532.2140502929688,258.15301513671875,424.9195556640625,301.03271484375,1565.6343994140625,203.80374145507812,295.1309509277344
2017-11-02,529.280029296875,257.906005859375,425.1295471191406,304.15447998046875,1551.2889404296875,202.84872436523438,290.05596923828125
2017-11-03,537.1871337890625,259.9679870605469,427.13604736328125,303.4340515136719,1596.0882568359375,202.04295349121094,299.8829040527344
2017-11-06,531.6173706054688,259.53399658203125,426.6460876464844,303.6261291503906,1570.8289794921875,200.89891052246094,303.57373046875
2017-11-07,524.3070068359375,256.4360046386719,425.5028076171875,300.1202392578125,1576.8341064453125,201.60523986816406,292.68572998046875
2017-11-08,541.9114379882812,255.39999389648438,426.0278015136719,293.4444580078125,1595.9930419921875,201.2271728515625,285.6269226074219
2017-11-09,537.4854736328125,256.44000244140625,426.4710693359375,299.0155944824219,1588.701171875,200.02352905273438,289.4561767578125
2017-11-10,541.8617553710938,257.85400390625,425.106201171875,305.93145751953125,1582.5533447265625,197.64593505859375,307.7720947265625
2017-11-13,534.451904296875,257.7959899902344,423.1346435546875,301.8492126464844,1581.504638671875,197.90457153320312,305.46533203125
2017-11-14,542.7071533203125,256.7539978027344,420.52142333984375,301.70513916015625,1561.0113525390625,198.79989624023438,303.6660461425781
2017-11-15,539.0768432617188,256.45098876953125,420.0314636230469,303.0498962402344,1522.55078125,201.2471160888672,299.83673095703125
2017-11-16,539.6736450195312,257.80499267578125,421.7696838378906,306.3637390136719,1528.7943115234375,202.430908203125,307.63372802734375
2017-11-17,539.4747314453125,261.6830139160156,425.9344787597656,312.27099609375,1555.483154296875,203.57492065429688,311.4168395996094
2017-11-20,542.2098999023438,261.6969909667969,428.8742980957031,305.9794616699219,1572.068359375,207.02685546875,307.2646179199219
2017-11-21,543.8509521484375,261.5150146484375,430.76416015625,307.27618408203125,1571.401123046875,204.8979949951172,305.0962829589844
2017-11-22,537.5848999023438,261.1029968261719,432.864013671875,306.3156433105469,1551.14599609375,204.18173217773438,309.3868713378906
2017-11-23,541.21533203125,260.9429931640625,429.9708557128906,306.8440246582031,1566.3968505859375,203.35606384277344,309.0639343261719
2017-11-24,542.5579833984375,261.9700012207031,431.9657897949219,304.6827697753906,1597.8040771484375,204.99746704101562,306.7109680175781
2017-11-27,556.383056640625,262.76300048828125,433.40069580078125,304.49066162109375,1582.839111328125,206.21112060546875,309.7098388671875
2017-11-28,559.5159912109375,262.2869873046875,435.2204895019531,300.84063720703125,1599.6624755859375,204.8979949951172,306.3419189453125
2017-11-29,546.536376953125,261.6109924316406,437.0754089355469,302.42547607421875,1593.8480224609375,204.18173217773438,303.48150634765625
2017-11-30,532.5125122070312,257.3330078125,432.5023193359375,295.41357421875,1584.1258544921875,199.0187530517578,295.5922546386719
2017-12-01,530.9708251953125,255.66099548339844,431.2191162109375,293.204345703125,1583.3157958984375,199.9837188720703,288.5796203613281
2017-12-04,532.06494140625,255.46400451660156,427.9293212890625,292.2437744140625,1572.83056640625,198.55117797851562,289.3639221191406
2017-12-05,530.274658203125,255.58799743652344,424.7445068359375,293.204345703125,1587.4144287109375,198.92922973632812,294.4388732910156
2017-12-06,527.6389770507812,252.8820037841797,420.7431335449219,287.68121337890625,1576.2620849609375,198.88943481445312,288.2566833496094
2017-12-07,531.169677734375,254.76400756835938,422.22467041015625,293.73260498046875,1574.975341796875,199.27740478515625,291.9475402832031
2017-12-08,539.5741577148438,256.4939880371094,429.3992614746094,298.4873046875,1592.7998046875,200.74972534179688,288.902587890625
2017-12-11,542.16015625,257.385986328125,430.7991638183594,299.1596984863281,1591.8941650390625,200.65020751953125,293.7929382324219
2017-12-12,535.6951904296875,255.06500244140625,424.6162109375,295.46160888671875,1572.9737548828125,199.03866577148438,293.839111328125
2017-12-13,532.860595703125,253.5500030517578,424.9544677734375,290.9950866699219,1570.257080078125,201.92355346679688,289.08709716796875
2017-12-14,538.5298461914062,255.11399841308594,428.8509216308594,292.33984375,1573.069091796875,203.86341857910156,289.7330322265625
2017-12-15,544.9948120117188,259.1499938964844,437.11041259765625,291.18719482421875,1598.5186767578125,204.94773864746094,288.1182861328125
2017-12-18,545.6909790039062,259.3590087890625,438.3936462402344,296.7102966308594,1599.99609375,203.57492065429688,294.2543029785156
2017-12-19,550.6640014648438,260.5979919433594,439.68853759765625,301.3208923339844,1591.8465576171875,203.20684814453125,295.08477783203125
2017-12-20,551.5094604492188,260.0190124511719,435.8738098144531,303.3380126953125,1583.125,201.48585510253906,292.9625244140625
2017-12-21,545.9893798828125,259.6340026855469,435.9088134765625,303.0018310546875,1578.64501953125,201.05807495117188,292.2705078125
2017-12-22,550.6142578125,260.14599609375,437.8570556640625,304.1064453125,1574.4986572265625,200.95860290527344,295.1309509277344
2017-12-26,552.0067138671875,260.2449951171875,435.9205322265625,305.5952453613281,1586.270263671875,202.19215393066406,292.63958740234375
2017-12-27,551.6089477539062,259.0710144042969,433.21405029296875,300.45635986328125,1573.7838134765625,201.75442504882812,290.517333984375
2017-12-28,543.900634765625,258.47198486328125,438.1837463378906,302.85772705078125,1573.164306640625,199.9041290283203,284.5657958984375
2017-12-29,560.9085083007812,259.6520080566406,436.86541748046875,301.6090393066406,1571.6868896484375,200.9884490966797,285.9498291015625
2018-01-01,562.4501953125,257.7820129394531,432.68902587890625,298.0550537109375,1547.81005859375,198.94912719726562,283.36627197265625
2018-01-02,556.4824829101562,257.17401123046875,436.8537292480469,297.4787292480469,1566.96875,199.59573364257812,279.8138122558594
2018-01-03,557.4273681640625,257.6419982910156,432.2573547363281,302.5696105957031,1553.9102783203125,198.97897338867188,279.44476318359375
2018-01-04,556.88037109375,259.10699462890625,433.948974609375,302.2814025878906,1569.49462890625,199.03866577148438,284.6580505371094
2018-01-05,560.2123413085938,260.7279968261719,434.8122253417969,300.5524597167969,1618.6783447265625,199.56588745117188,282.67425537109375
2018-01-08,562.4004516601562,261.114990234375,434.1123352050781,301.75311279296875,1639.3623046875,200.17271423339844,282.166748046875
2018-01-09,562.251220703125,260.9649963378906,434.8356018066406,300.2643127441406,1644.27099609375,200.89891052246094,280.7826232910156
2018-01-10,559.7646484375,260.1029968261719,434.9522399902344,299.6879577636719,1652.897216796875,199.40673828125,277.8299865722656
2018-01-11,555.7365112304688,260.5270080566406,436.90045166015625,297.28662109375,1620.679931640625,202.470703125,278.844970703125
2018-01-12,552.106201171875,261.1109924316406,435.2088928222656,305.16302490234375,1625.3983154296875,203.60476684570312,278.89111328125
2018-01-15,557.5269165039062,264.47198486328125,442.7799987792969,316.3052673339844,1603.6181640625,206.5891571044922,279.21405029296875
2018-01-16,560.1625366210938,264.2409973144531,443.34002685546875,320.9158630371094,1586.6517333984375,205.574462890625,273.26251220703125
2018-01-17,582.0438842773438,267.0069885253906,441.0885009765625,329.7047424316406,1579.83642578125,204.35086059570312,283.36627197265625
2018-01-18,581.6460571289062,268.73699951171875,451.30780029296875,332.4903564453125,1601.4259033203125,208.21067810058594,279.8138122558594
2018-01-19,587.0667114257812,273.4599914550781,455.4842224121094,339.6463623046875,1605.1434326171875,211.0060272216797,285.35009765625
2018-01-22,608.2517700195312,274.1579895019531,458.085693359375,337.6292419433594,1604.3807373046875,213.7019500732422,282.81268310546875
2018-01-23,616.7556762695312,277.7149963378906,455.2742614746094,348.00299072265625,1642.650634765625,213.9705352783203,293.5161437988281
2018-01-24,604.6712036132812,277.614990234375,456.755859375,338.82989501953125,1636.884033203125,214.89569091796875,304.4042053222656
2018-01-25,612.7772216796875,277.9289855957031,460.7922058105469,346.5622253417969,1649.179931640625,217.33291625976562,288.9486999511719
2018-01-29,602.2841186523438,278.6889953613281,466.55523681640625,343.53656005859375,1660.90380859375,221.85926818847656,287.9798583984375
2018-01-30,590.5477905273438,276.52301025390625,465.5868835449219,339.3101806640625,1654.7559814453125,216.4774169921875,289.3177490234375
2018-01-31,590.3985595703125,277.15301513671875,467.9667663574219,339.0220031738281,1671.0074462890625,220.6356658935547,289.0409851074219
2018-02-01,589.6028442382812,275.9989929199219,464.5719909667969,332.5383605957031,1711.3743896484375,223.02316284179688,282.39739990234375
2018-02-02,561.8534545898438,268.2380065917969,454.50433349609375,321.87640380859375,1678.8236083984375,216.05960083007812,274.36981201171875
2018-02-05,563.196044921875,265.3370056152344,446.53643798828125,316.68951416015625,1632.7852783203125,211.34426879882812,275.0156555175781
2018-02-06,560.6598510742188,262.8059997558594,442.5583801269531,317.6500244140625,1604.047119140625,205.68386840820312,269.20257568359375
2018-02-07,556.3333740234375,260.6919860839844,436.9587097167969,319.4270324707031,1583.9351806640625,206.1812744140625,270.1714172363281
2018-02-08,565.3842163085938,263.6940002441406,438.8603515625,320.67572021484375,1592.60888671875,209.25518798828125,278.1067810058594
2018-02-09,554.54296875,259.1929931640625,431.5224304199219,313.85589599609375,1572.592529296875,205.32574462890625,273.4931640625
2018-02-12,561.1572265625,261.5920104980469,437.8570556640625,313.3756103515625,1608.765380859375,207.5043487548828,266.4344177246094
2018-02-14,540.9666748046875,258.1759948730469,439.3735656738281,306.3637390136719,1615.1038818359375,207.40487670898438,254.85433959960938
2018-02-15,540.7677001953125,258.5539855957031,439.0819091796875,315.6809387207031,1607.192626953125,207.34518432617188,257.1611328125
2018-02-16,534.94921875,256.42401123046875,438.31201171875,308.3808288574219,1581.2186279296875,208.94679260253906,250.65594482421875
2018-02-19,537.6346435546875,254.23500061035156,438.2186584472656,307.13214111328125,1554.100830078125,210.14056396484375,247.74940490722656
2018-02-20,528.8324584960938,253.0489959716797,434.7188415527344,304.7307434082031,1546.7137451171875,208.07139587402344,248.810546875
2018-02-21,532.9103393554688,253.12399291992188,433.3656311035156,306.6038513183594,1519.5960693359375,209.91175842285156,252.17843627929688
2018-02-22,527.3902587890625,253.74099731445312,432.3857116699219,305.78741455078125,1547.4764404296875,213.38360595703125,251.53256225585938
2018-02-23,533.7557983398438,256.7409973144531,438.7669372558594,310.01373291015625,1566.539794921875,215.044921875,254.7158966064453
2018-02-26,549.3212890625,260.9880065917969,445.9998474121094,314.14404296875,1612.1014404296875,219.87962341308594,253.23960876464844
2018-02-27,535.4962768554688,258.2380065917969,443.8999938964844,309.4374084472656,1606.287109375,217.4722137451172,246.91897583007812
2018-02-28,525.8983154296875,254.60000610351562,439.61859130859375,300.8886413574219,1602.04541015625,216.97482299804688,247.2880401611328
2018-03-01,522.91455078125,252.13499450683594,437.32037353515625,292.9161682128906,1620.727783203125,217.99945068359375,241.89013671875
2018-03-05,521.720947265625,251.72799682617188,436.2937927246094,291.3792724609375,1610.0997314453125,218.85498046875,243.1358184814453
2018-03-06,514.559814453125,248.32200622558594,430.76416015625,283.4068603515625,1630.211669921875,215.36325073242188,236.72293090820312
2018-03-07,509.8851623535156,245.27099609375,427.5793762207031,275.3863830566406,1624.44482421875,215.89048767089844,227.58802795410156
2018-03-08,517.7425537109375,247.90699768066406,432.3040466308594,285.2318420410156,1614.8179931640625,215.33338928222656,236.95361328125
2018-03-09,502.62451171875,246.531005859375,431.88409423828125,281.14959716796875,1618.058837890625,215.36325073242188,233.677978515625
2018-03-12,516.3998413085938,249.8769989013672,435.663818359375,288.7858581542969,1654.0411376953125,218.97434997558594,233.3089141845703
2018-03-13,528.633544921875,250.83700561523438,434.0306396484375,292.33984375,1648.5125732421875,215.65174865722656,235.0159149169922
2018-03-14,533.2584838867188,251.47500610351562,435.022216796875,293.9726867675781,1652.1824951171875,215.22396850585938,237.18429565429688
2018-03-15,526.7935791015625,251.06500244140625,438.8253173828125,289.5542907714844,1660.1890869140625,215.9999237060547,234.0932159423828
2018-03-16,519.7814331054688,248.9530029296875,432.339111328125,286.33648681640625,1643.9375,211.04583740234375,232.8013916015625
2018-03-19,516.6484375,245.99400329589844,430.9974670410156,282.926513671875,1638.313720703125,208.70806884765625,228.78758239746094
2018-03-20,518.28955078125,244.822998046875,429.18927001953125,280.4772033691406,1636.264404296875,207.971923828125,229.8487091064453
2018-03-21,523.4615478515625,246.1699981689453,433.71563720703125,277.7877197265625,1650.3714599609375,209.1258544921875,228.83370971679688
2018-03-22,515.4052734375,245.04800415039062,435.780517578125,272.072509765625,1671.0074462890625,209.51385498046875,222.88221740722656
2018-03-23,496.80609130859375,240.51199340820312,429.6675720214844,264.6763000488281,1667.576171875,206.67869567871094,216.65386962890625
2018-03-26,504.5639953613281,246.00900268554688,441.77679443359375,270.53564453125,1677.34619140625,206.78810119628906,227.4496307373047
2018-03-27,509.4375915527344,247.2169952392578,441.57843017578125,272.6968688964844,1704.4638671875,208.87718200683594,234.69296264648438
2018-03-28,507.74676513671875,246.56199645996094,440.0618896484375,267.3658142089844,1712.613525390625,208.46929931640625,230.5868682861328
2018-04-02,496.3585205078125,245.9550018310547,450.5845031738281,251.5169677734375,1720.095947265625,218.16854858398438,227.12669372558594
2018-04-03,498.8450012207031,248.13900756835938,447.0147705078125,259.39337158203125,1744.0206298828125,219.51153564453125,231.1405029296875
2018-04-04,489.59521484375,244.14500427246094,439.3968811035156,258.048583984375,1715.0916748046875,214.53756713867188,228.1878204345703
2018-04-05,500.38665771484375,250.8040008544922,445.3815612792969,267.65399169921875,1750.9310302734375,222.49594116210938,239.2604217529297
2018-04-06,497.5022888183594,252.0399932861328,448.7646789550781,269.5750732421875,1738.7305908203125,222.67498779296875,239.62953186035156
2018-04-09,516.4993286132812,253.68600463867188,452.4161071777344,269.7672424316406,1772.9970703125,222.48597717285156,240.50608825683594
2018-04-10,543.2045288085938,255.73800659179688,448.1696472167969,277.4034729003906,1761.416015625,221.57077026367188,242.95127868652344
2018-04-11,536.8887329101562,254.65499877929688,447.70306396484375,273.3211669921875,1768.8507080078125,224.04782104492188,237.18429565429688
2018-04-12,545.79052734375,255.3280029296875,450.02459716796875,275.4343566894531,1770.8048095703125,225.7389678955078,234.1854705810547
2018-04-13,539.6238403320312,256.0799865722656,449.137939453125,276.87518310546875,1774.140869140625,229.02178955078125,231.5557403564453
2018-04-16,539.4747314453125,256.7510070800781,453.127685546875,276.2508239746094,1777.333984375,233.19992065429688,229.75643920898438
2018-04-17,529.5286254882812,257.0580139160156,454.6210021972656,280.237060546875,1779.430908203125,231.75747680664062,228.9721221923828
2018-04-18,515.4549560546875,254.33399963378906,450.9111633300781,278.6041564941406,1757.2696533203125,229.5888214111328,227.40350341796875
2018-04-19,510.1337890625,254.97000122070312,452.4044189453125,278.1719055175781,1747.1182861328125,229.578857421875,227.12669372558594
2018-04-20,502.9726867675781,253.4499969482422,456.3475036621094,271.015869140625,1727.9595947265625,229.36996459960938,222.5592498779297
2018-04-23,503.469970703125,252.85400390625,451.6461181640625,268.3743896484375,1786.62744140625,232.58314514160156,223.712646484375
2018-04-24,502.1272277832031,254.10400390625,451.4711608886719,272.888916015625,1789.487060546875,231.98626708984375,222.00563049316406
2018-04-25,495.7120056152344,251.3070068359375,448.1463317871094,267.8941345214844,1761.225341796875,232.35433959960938,218.86839294433594
2018-04-26,491.08709716796875,252.76499938964844,450.3628845214844,267.84613037109375,1793.7762451171875,235.90577697753906,215.17750549316406
2018-04-27,536.2919311523438,256.98199462890625,448.7646789550781,276.5389709472656,1796.4451904296875,236.51258850097656,223.85105895996094
2018-04-30,514.5100708007812,259.8269958496094,453.64105224609375,272.9849853515625,1809.122314453125,240.95932006835938,227.3573760986328
2018-05-02,520.9252319335938,259.8370056152344,459.5206298828125,265.97308349609375,1780.8131103515625,250.0616912841797,222.37469482421875
2018-05-03,530.523193359375,260.1889953613281,459.1473693847656,270.7757568359375,1790.2020263671875,245.42596435546875,223.2051544189453
2018-05-04,517.4938354492188,259.9549865722656,463.9537048339844,271.68829345703125,1802.593017578125,245.4060821533203,223.2512969970703
2018-05-07,533.2086181640625,261.39599609375,461.36383056640625,278.3639831542969,1801.306396484375,247.71400451660156,227.4496307373047
2018-05-08,539.3255615234375,264.16400146484375,458.9490051269531,297.0945129394531,1782.0521240234375,247.07733154296875,230.7252960205078
2018-05-09,545.5418090820312,264.8219909667969,461.59722900390625,294.693115234375,1791.107421875,248.92762756347656,228.83370971679688
2018-05-10,544.6964111328125,264.66400146484375,464.93359375,294.7412109375,1797.0645751953125,248.2014617919922,228.78758239746094
2018-05-11,550.31591796875,267.2510070800781,469.37835693359375,298.6794128417969,1805.5479736328125,252.1408233642578,231.00210571289062
2018-05-14,548.923583984375,268.39300537109375,471.71148681640625,297.8629455566406,1825.326171875,252.9963836669922,234.0009307861328
2018-05-15,546.7352905273438,268.6830139160156,475.4563293457031,296.0859680175781,1827.1849365234375,255.43356323242188,228.83370971679688
2018-05-16,547.03369140625,265.6860046386719,472.0848388671875,285.5199890136719,1835.429931640625,254.94615173339844,224.3124237060547
2018-05-17,536.5406494140625,264.3819885253906,473.1114501953125,284.3193664550781,1824.7066650390625,252.81729125976562,223.94332885742188
2018-05-18,530.0259399414062,262.3450012207031,469.4716491699219,274.8100280761719,1839.6239013671875,257.5326232910156,220.390869140625
2018-05-21,524.008544921875,260.614990234375,465.01531982421875,277.88372802734375,1834.8104248046875,254.00111389160156,225.5580596923828
2018-05-22,520.477783203125,261.0920104980469,464.28033447265625,278.84429931640625,1814.7935791015625,251.22560119628906,234.2777557373047
2018-05-23,517.4441528320312,260.5260009765625,459.0540466308594,280.52520751953125,1766.8492431640625,249.7632598876953,242.8590087890625
2018-05-24,531.567626953125,263.3479919433594,463.37042236328125,285.9523010253906,1783.1007080078125,253.7623748779297,247.74940490722656
2018-05-25,535.5957641601562,266.33599853515625,468.66668701171875,283.983154296875,1825.278564453125,257.8211364746094,246.31919860839844
2018-05-28,543.2045288085938,269.8349914550781,476.4828796386719,287.4410705566406,1824.802001953125,258.0797119140625,251.02503967285156
2018-05-29,544.7958984375,266.83599853515625,474.2430419921875,278.4600830078125,1789.3916015625,255.51321411132812,243.8739776611328
2018-05-30,538.728759765625,266.37799072265625,477.9178466796875,273.6573791503906,1796.588134765625,259.29339599609375,246.5037384033203
2018-05-31,542.9558715820312,272.9259948730469,502.36138916015625,274.5218200683594,1863.882080078125,265.5307312011719,248.71824645996094
2018-06-01,533.7557983398438,271.9949951171875,495.58721923828125,277.88372802734375,1825.70751953125,262.2280578613281,246.0885467529297
2018-06-04,534.1535034179688,267.3949890136719,480.4654846191406,275.4343566894531,1813.125732421875,259.4327087402344,242.67445373535156
2018-06-05,528.0368041992188,267.2040100097656,484.5511779785156,272.888916015625,1810.4569091796875,259.5819091796875,243.18194580078125
2018-06-06,528.5340576171875,268.02801513671875,483.0836181640625,272.6968688964844,1829.9013671875,261.7705078125,249.27188110351562
2018-06-07,539.4747314453125,270.3550109863281,484.2224426269531,279.42059326171875,1811.4576416015625,260.7259216308594,248.810546875
2018-06-08,534.5016479492188,269.2619934082031,481.2051696777344,276.87518310546875,1800.2578125,262.2976989746094,251.90164184570312
2018-06-11,537.0380249023438,269.4169921875,479.5497131347656,275.09814453125,1815.60400390625,263.2925109863281,252.8243408203125
2018-06-12,534.2529907226562,270.7380065917969,479.9136962890625,276.0587158203125,1863.21484375,264.4762878417969,260.9903869628906
2018-06-13,537.734130859375,270.7950134277344,477.0020751953125,279.2765197753906,1861.4925537109375,263.75006103515625,265.465576171875
2018-06-14,529.1307983398438,270.18798828125,478.399169921875,273.51324462890625,1878.66796875,265.142822265625,260.7597351074219
2018-06-15,525.8983154296875,269.1719970703125,476.567626953125,271.35211181640625,1882.4473876953125,266.60516357421875,256.0077209472656
2018-06-18,519.7317504882812,269.25799560546875,474.1138916015625,281.4377136230469,1883.021484375,261.69085693359375,255.45408630371094
2018-06-19,514.41064453125,267.9010009765625,475.1353454589844,281.2456359863281,1848.14453125,259.29339599609375,251.53256225585938
2018-06-20,516.3004150390625,270.7959899902344,482.80181884765625,281.6298522949219,1882.4954833984375,263.54119873046875,252.17843627929688
2018-06-21,510.28302001953125,269.55499267578125,483.142333984375,286.1924133300781,1875.89306640625,261.4222412109375,247.88780212402344
2018-06-22,522.8151245117188,271.8330078125,489.18865966796875,288.7858581542969,1868.955810546875,262.904541015625,251.94776916503906
2018-06-25,512.4215087890625,271.1289978027344,491.912353515625,278.2679443359375,1884.9351806640625,264.2176818847656,247.70327758789062
2018-06-26,511.4268493652344,270.45098876953125,491.618896484375,276.7311096191406,1897.709228515625,264.5857238769531,246.7344207763672
2018-06-27,505.111083984375,269.32000732421875,496.0567321777344,268.0382385253906,1884.265380859375,263.46160888671875,241.4749298095703
2018-06-28,501.8785705566406,267.00201416015625,500.3420715332031,260.69012451171875,1882.6866455078125,266.4260559082031,237.13818359375
2018-06-29,508.04510498046875,268.60101318359375,495.082275390625,264.5322570800781,1848.8143310546875,267.19207763671875,239.3065643310547
2018-07-02,509.4873352050781,266.260986328125,486.8171081542969,266.4533386230469,1864.697998046875,266.197265625,238.84518432617188
2018-07-03,508.79107666015625,266.2820129394531,486.1008605957031,262.1308898925781,1866.8031005859375,269.221435546875,237.5995330810547
2018-07-04,511.9738464355469,269.1239929199219,493.9317932128906,262.46710205078125,1891.0113525390625,271.62884521484375,237.55340576171875
2018-07-05,508.2440490722656,269.0469970703125,498.6749267578125,260.83416748046875,1879.672607421875,271.57916259765625,236.6306915283203
2018-07-06,510.9295349121094,269.7550048828125,496.6555480957031,259.39337158203125,1874.840576171875,272.8126525878906,237.32272338867188
2018-07-09,522.4171752929688,271.8290100097656,499.12103271484375,260.4980163574219,1873.7879638671875,275.5782165527344,241.33653259277344
2018-07-10,529.6777954101562,274.2149963378906,503.99334716796875,262.6111755371094,1851.589111328125,273.00164794921875,243.36651611328125
2018-07-11,533.6561889648438,273.1860046386719,504.4276428222656,258.14471435546875,1832.1654052734375,276.087158203125,239.07586669921875
2018-07-12,535.4464721679688,275.30499267578125,508.5838623046875,261.5545654296875,1854.5076904296875,276.6544189453125,242.44378662109375
2018-07-13,520.1793823242188,274.49700927734375,512.09423828125,257.1841125488281,1840.72900390625,279.55078125,237.8302001953125
2018-07-16,519.2841796875,272.0150146484375,509.2647705078125,249.01954650878906,1839.7720947265625,280.366943359375,232.155517578125
2018-07-17,534.9990234375,274.60400390625,511.1197814941406,255.93545532226562,1822.7880859375,278.8042907714844,239.02972412109375
2018-07-18,523.710205078125,273.99200439453125,510.9906311035156,252.33343505859375,1818.0330810546875,278.396240234375,239.49107360839844
2018-07-19,523.9588623046875,272.9580078125,513.315185546875,250.89260864257812,1813.90234375,268.2143249511719,240.0908660888672
2018-07-20,530.8216552734375,273.9939880371094,514.0078735351562,255.31109619140625,1827.639404296875,265.4075012207031,241.2904052734375
2018-07-23,537.435791015625,274.0069885253906,506.3531799316406,264.6763000488281,1863.7589111328125,266.1540222167969,245.7655792236328
2018-07-24,543.15478515625,274.1830139160156,507.1280212402344,263.523681640625,1870.7235107421875,261.21734619140625,246.22691345214844
2018-07-25,529.37939453125,274.22698974609375,509.6170959472656,263.8118591308594,1887.678466796875,261.7448425292969,250.84051513671875
2018-07-26,538.728759765625,279.41900634765625,514.8414916992188,274.37774658203125,1883.16357421875,261.01824951171875,265.465576171875
2018-07-27,550.2662353515625,280.8009948730469,517.0838623046875,281.6298522949219,1903.52880859375,260.9884033203125,264.5889587402344
2018-07-30,566.5778198242188,283.9960021972656,509.51129150390625,295.2214660644531,1892.625732421875,259.8238830566406,274.4159240722656
2018-07-31,547.4315795898438,282.4460144042969,511.7653503417969,292.2437744140625,1916.5933837890625,260.1423645019531,270.8172912597656
2018-08-01,542.2098999023438,279.9939880371094,506.8814392089844,287.4891357421875,1922.5491943359375,261.3068542480469,272.293701171875
2018-08-02,544.298583984375,279.2070007324219,500.1893615722656,286.7687072753906,1943.39501953125,254.83743286132812,271.1864318847656
2018-08-03,571.6502075195312,281.5509948730469,498.1817626953125,292.9642028808594,1936.478271484375,260.66986083984375,276.1229553222656
2018-08-06,593.581298828125,284.6659851074219,496.4559631347656,302.6656494140625,1921.0604248046875,255.35496520996094,284.6580505371094
2018-08-07,589.8515625,284.10198974609375,500.3537292480469,300.7925720214844,1915.77685546875,255.5341339111328,280.5519714355469
2018-08-08,593.083984375,285.6080017089844,501.6335144042969,306.12359619140625,1921.876953125,256.44976806640625,284.8426513671875
2018-08-09,617.7005004882812,288.5929870605469,497.44219970703125,319.85931396484375,1906.89111328125,254.25018310546875,292.8702392578125
2018-08-10,612.1805419921875,286.81298828125,496.49114990234375,315.6328430175781,1901.5596923828125,255.89239501953125,280.92108154296875
2018-08-13,601.6376342773438,283.1319885253906,491.1374816894531,312.0788879394531,1915.392578125,256.2208557128906,271.41705322265625
2018-08-14,614.7167358398438,285.0119934082031,490.5388488769531,319.3309631347656,1918.9468994140625,257.3853759765625,272.109130859375
2018-08-16,620.087646484375,283.8909912109375,487.392333984375,321.10797119140625,1906.074462890625,247.91009521484375,270.07916259765625
2018-08-17,623.9168701171875,285.79998779296875,487.77978515625,326.58306884765625,1912.0303955078125,251.46334838867188,278.752685546875
2018-08-20,621.0325317382812,288.3429870605469,492.2059020996094,325.0942077636719,1912.55859375,253.75250244140625,283.8737487792969
2018-08-21,632.3213500976562,288.2619934082031,492.17071533203125,325.4784240722656,1898.1494140625,251.49319458007812,283.27398681640625
2018-08-23,628.3428344726562,285.1210021972656,488.3785095214844,323.8935546875,1880.1375732421875,248.36793518066406,279.07562255859375
2018-08-24,636.4488525390625,283.16400146484375,486.01873779296875,318.5386657714844,1852.2314453125,249.72154235839844,277.230224609375
2018-08-27,646.6932983398438,288.3479919433594,488.5076599121094,327.94580078125,1874.5179443359375,253.78237915039062,284.1967468261719
2018-08-28,656.490234375,288.71099853515625,491.888916015625,326.98095703125,1857.514892578125,255.81280517578125,281.75152587890625
2018-08-29,653.357177734375,288.2330017089844,488.0498352050781,328.66943359375,1830.521240234375,256.509521484375,285.7653503417969
2018-08-30,646.2457885742188,286.4590148925781,485.1382141113281,332.23931884765625,1801.798583984375,254.409423828125,284.7503967285156
2018-08-31,645.7484741210938,286.2929992675781,483.9876403808594,330.5508728027344,1831.52978515625,256.2408447265625,285.6730651855469
2018-09-03,628.392578125,283.6679992675781,487.2397155761719,322.3980407714844,1822.307861328125,252.6278533935547,282.67425537109375
2018-09-04,638.3385620117188,279.93701171875,481.78045654296875,316.9467468261719,1782.5379638671875,250.338623046875,273.4931640625
2018-09-05,634.2109985351562,278.7699890136719,480.38323974609375,318.05633544921875,1781.8175048828125,246.4669189453125,273.631591796875
2018-09-06,634.7581176757812,278.83599853515625,481.87432861328125,317.0914611816406,1805.977294921875,250.9955291748047,273.5393371582031
2018-09-07,642.0684204101562,279.3420104980469,482.9896240234375,323.31463623046875,1801.9906005859375,247.82052612304688,269.11029052734375
2018-09-10,648.2349243164062,277.0159912109375,479.2796630859375,321.1920166015625,1757.1295166015625,243.5208282470703,262.8358459472656
2018-09-11,646.6436157226562,272.26800537109375,469.71124267578125,315.0653381347656,1754.583740234375,240.14674377441406,260.7597351074219
2018-09-12,632.0228881835938,273.4639892578125,472.3998107910156,311.543701171875,1756.36083984375,244.9241943359375,263.2510070800781
2018-09-14,632.9677734375,276.8970031738281,476.567626953125,316.8020324707031,1799.0609130859375,246.74560546875,268.1875915527344
2018-09-17,622.5740966796875,273.4490051269531,467.78582763671875,314.2452087402344,1803.1435546875,244.9241943359375,263.2510070800781
2018-09-18,605.317626953125,268.5830078125,467.0813293457031,307.6361389160156,1788.8302001953125,241.9183807373047,252.6398162841797
2018-09-19,605.5165405273438,267.22698974609375,460.5419921875,309.66229248046875,1733.593994140625,244.2274932861328,250.51754760742188
2018-09-21,595.9684448242188,262.010986328125,462.6317443847656,305.94769287109375,1693.0555419921875,234.93133544921875,249.68710327148438
2018-09-24,594.1282958984375,254.1820068359375,452.17108154296875,297.891357421875,1608.280517578125,228.6609649658203,243.9201202392578
2018-09-25,611.03662109375,258.98199462890625,458.4404296875,300.1587219238281,1629.9423828125,235.55838012695312,249.9639129638672
2018-09-26,614.1199340820312,258.0190124511719,462.150390625,302.0883483886719,1634.793701171875,232.78147888183594,243.45880126953125
2018-09-27,596.9132080078125,255.4199981689453,464.01715087890625,295.865234375,1615.7733154296875,227.4168243408203,244.84288024902344
2018-09-28,609.9425659179688,255.71600341796875,471.0379638671875,294.80389404296875,1623.50634765625,227.24761962890625,244.98126220703125
2018-10-01,590.2493896484375,258.31201171875,477.9412841796875,302.9566955566406,1577.9727783203125,223.34603881835938,252.68594360351562
2018-10-03,569.1636962890625,255.41900634765625,476.9316101074219,293.0190124511719,1574.17822265625,218.61830139160156,250.7021026611328
2018-10-04,583.0882568359375,253.11500549316406,459.6966552734375,305.3688049316406,1526.915283203125,213.890625,250.37916564941406
2018-10-05,565.4339599609375,250.56100463867188,461.4694519042969,296.4923400878906,1544.0625,209.45159912109375,238.3838348388672
2018-10-08,553.5484008789062,251.7239990234375,456.70281982421875,299.9175109863281,1537.0020751953125,219.82264709472656,245.21194458007812
2018-10-09,549.8683471679688,249.2689971923828,455.6697082519531,295.4793395996094,1544.5908203125,220.6487274169922,242.6283416748047
2018-10-10,586.0223388671875,258.5719909667969,461.9038391113281,308.6009521484375,1573.4576416015625,226.48123168945312,257.114990234375
2018-10-11,577.7173461914062,252.875,454.9535217285156,300.7376403808594,1529.845458984375,222.0620574951172,241.89013671875
2018-10-12,581.7454833984375,259.0299987792969,465.3554992675781,308.16680908203125,1587.626953125,232.33360290527344,243.36651611328125
2018-10-15,573.4404907226562,258.7090148925781,471.507568359375,302.32958984375,1562.8907470703125,232.99050903320312,242.8590087890625
2018-10-16,585.6741333007812,261.2829895019531,467.91497802734375,309.3728332519531,1556.7427978515625,234.04551696777344,249.4102783203125
2018-10-17,572.9431762695312,256.48199462890625,463.6531982421875,303.7285461425781,1540.748291015625,234.0952911376953,240.9674530029297
2018-10-19,559.5159912109375,255.73699951171875,462.0447692871094,304.355712890625,1514.6192626953125,238.66371154785156,240.9213104248047
2018-10-22,559.0187377929688,255.14999389648438,469.3590393066406,315.5960388183594,1392.3797607421875,231.70655822753906,240.22926330566406
2018-10-23,559.7149658203125,253.8730010986328,466.0599670410156,311.4954833984375,1415.146484375,233.7867431640625,235.89248657226562
2018-10-24,561.0576171875,255.0290069580078,467.79754638671875,310.67535400390625,1461.44873046875,234.3142547607422,235.93861389160156
2018-10-25,558.0241088867188,252.9720001220703,462.29132080078125,308.69744873046875,1432.3897705078125,236.0460968017578,230.26394653320312
2018-10-26,534.800048828125,249.13499450683594,460.5067443847656,304.5486755371094,1388.8734130859375,230.63162231445312,228.92599487304688
2018-10-29,563.6436767578125,254.2729949951172,452.31195068359375,337.1116943359375,1357.172607421875,226.55088806152344,247.19580078125
2018-10-30,559.665283203125,252.5330047607422,449.1302795410156,333.5418395996094,1310.58251953125,223.70431518554688,252.04000854492188
2018-10-31,579.259033203125,256.34600830078125,448.8954772949219,342.5147399902344,1368.9884033203125,222.7786865234375,259.6524353027344
2018-11-01,598.9025268554688,258.78900146484375,449.0011291503906,341.2604675292969,1406.30859375,220.86773681640625,263.8046569824219
2018-11-02,607.356689453125,262.177001953125,457.74774169921875,341.9841003417969,1481.093505859375,225.57550048828125,263.29718017578125
2018-11-05,621.0325317382812,262.4200134277344,459.28570556640625,337.3529357910156,1427.9228515625,224.82901000976562,272.1552734375
2018-11-06,604.1738891601562,260.57000732421875,457.0668640136719,340.68157958984375,1417.3560791015625,224.00291442871094,264.3121643066406
2018-11-07,603.5771484375,262.39300537109375,459.7436218261719,343.38311767578125,1425.4732666015625,225.79446411132812,264.4044189453125
2018-11-09,609.8928833007812,263.093994140625,456.7967834472656,344.2996826171875,1436.0401611328125,226.04327392578125,261.3594665527344
2018-11-12,603.2786865234375,260.8340148925781,451.0792236328125,339.95794677734375,1434.2149658203125,229.65621948242188,256.4690856933594
2018-11-13,614.96533203125,262.7250061035156,452.65240478515625,348.2072448730469,1427.058349609375,232.0847625732422,256.56134033203125
2018-11-14,609.3955688476562,264.50201416015625,459.6966552734375,353.7068176269531,1453.955810546875,224.9185791015625,261.68243408203125
2018-11-15,622.7232666015625,266.90301513671875,463.7823486328125,356.9872131347656,1452.611083984375,231.3582000732422,263.34332275390625
2018-11-16,616.4573364257812,268.2170104980469,470.62701416015625,354.62335205078125,1441.9959716796875,232.62225341796875,268.41827392578125
2018-11-19,612.9761352539062,268.7770080566406,472.8811950683594,349.65447998046875,1477.39501953125,233.9459991455078,265.88079833984375
2018-11-20,609.3458862304688,266.7749938964844,472.5406799316406,345.3127746582031,1496.511474609375,232.8909912109375,261.5440673828125
2018-11-21,623.46923828125,267.7699890136719,474.0199279785156,344.2032165527344,1485.800537109375,234.234619140625,264.86578369140625
2018-11-22,611.2356567382812,264.3559875488281,470.9088134765625,339.66851806640625,1468.6531982421875,233.0203399658203,260.85198974609375
2018-11-26,627.6465454101562,269.35400390625,481.3108215332031,343.8172912597656,1501.218505859375,233.01040649414062,264.26605224609375
2018-11-27,621.8779296875,270.1780090332031,484.6451110839844,342.17706298828125,1526.0028076171875,233.60760498046875,267.0341796875
2018-11-28,624.5633544921875,269.97198486328125,490.5740051269531,346.37408447265625,1549.8262939453125,230.96011352539062,262.5589904785156
2018-11-29,627.9947509765625,275.07598876953125,500.38897705078125,349.4615783691406,1595.16796875,241.4505615234375,264.26605224609375
2018-11-30,622.375244140625,273.6809997558594,499.7784118652344,342.6594543457031,1567.5499267578125,245.63084411621094,262.6512756347656
2018-12-03,621.4302978515625,273.9700012207031,496.2211608886719,342.9971618652344,1591.085205078125,244.0682373046875,264.6351013183594
2018-12-04,619.8886108398438,271.7460021972656,489.7052001953125,345.3609924316406,1571.3443603515625,243.9089813232422,260.71356201171875
2018-12-05,611.6334838867188,268.93499755859375,492.9102783203125,339.0413513183594,1540.4603271484375,241.16195678710938,258.4990234375
2018-12-06,596.8137817382812,266.0830078125,492.4054870605469,335.4232177734375,1507.6546630859375,234.94131469726562,254.3468017578125
2018-12-07,600.6927490234375,271.0530090332031,494.8827819824219,339.8132629394531,1505.1092529296875,254.7279052734375,254.11614990234375
2018-12-10,587.1163940429688,266.31500244140625,490.4565734863281,334.16900634765625,1493.245361328125,238.54428100585938,253.00889587402344
2018-12-11,600.9911499023438,267.0090026855469,483.6002197265625,330.7438049316406,1491.6605224609375,242.5951690673828,259.5140686035156
2018-12-12,616.6065673828125,271.17498779296875,489.64654541015625,337.64239501953125,1519.9027099609375,246.26785278320312,263.2049255371094
2018-12-13,615.760986328125,273.3330078125,493.4034423828125,337.2564392089844,1546.704345703125,251.69224548339844,266.6650695800781
2018-12-14,616.9048461914062,273.75299072265625,492.0885314941406,339.5238037109375,1540.7003173828125,250.01019287109375,266.8496398925781
2018-12-17,613.8215942382812,274.47601318359375,500.1893615722656,345.84344482421875,1569.0386962890625,243.34165954589844,267.1264953613281
2018-12-18,616.0595092773438,275.9519958496094,501.4221496582031,349.5097961425781,1574.9947509765625,246.25790405273438,270.12530517578125
2018-12-19,638.1893920898438,277.39300537109375,498.60443115234375,353.61029052734375,1549.1539306640625,243.97865295410156,277.4609069824219
2018-12-20,629.536376953125,276.68798828125,501.8917541503906,349.41326904296875,1549.345947265625,246.09864807128906,271.32476806640625
2018-12-21,617.5015258789062,273.8580017089844,495.7162780761719,341.7428894042969,1513.6107177734375,244.2871856689453,269.3409423828125
2018-12-24,611.6831665039062,272.73699951171875,488.5545349121094,340.3438720703125,1500.8343505859375,246.5365753173828,270.402099609375
2018-12-26,616.1588745117188,275.5799865722656,498.34619140625,343.3348388671875,1495.1666259765625,248.45751953125,271.41705322265625
2018-12-27,614.2194213867188,274.197998046875,494.2840270996094,343.14190673828125,1502.41943359375,246.88494873046875,269.5716552734375
2018-12-28,621.6788940429688,276.88299560546875,498.47528076171875,348.06256103515625,1520.9114990234375,247.10389709472656,272.016845703125
2018-12-31,616.5567626953125,276.8890075683594,498.1934814453125,347.4836120605469,1536.3297119140625,250.1196746826172,273.0318298339844
2019-01-01,623.9168701171875,279.3900146484375,504.3925476074219,350.95703125,1532.775146484375,248.9153289794922,276.4459228515625
2019-01-02,616.7059326171875,277.1960144042969,499.7903137207031,351.7771301269531,1514.5234375,246.95458984375,271.1864318847656
2019-01-03,604.6712036132812,274.9460144042969,495.868896484375,350.474609375,1498.6728515625,245.88963317871094,268.602783203125
2019-01-04,616.25830078125,277.4750061035156,497.1956481933594,352.35601806640625,1487.241455078125,248.41769409179688,274.6466064453125
2019-01-07,634.0120239257812,278.7439880371094,497.9469299316406,354.7680969238281,1497.7603759765625,248.14898681640625,273.4009094238281
2019-01-08,647.3895874023438,280.77398681640625,493.8026123046875,366.7802429199219,1515.6279296875,244.62559509277344,281.7053527832031
2019-01-09,666.4860229492188,282.8030090332031,497.0429992675781,368.8063659667969,1538.68310546875,246.48678588867188,281.7053527832031
2019-01-10,659.6728515625,281.0150146484375,495.0940856933594,366.1531066894531,1504.2447509765625,242.76437377929688,281.93603515625
2019-01-11,662.9053955078125,279.8800048828125,495.89239501953125,365.23651123046875,1455.4927978515625,243.49095153808594,279.3524475097656
2019-01-14,655.644775390625,277.9519958496094,493.485595703125,360.2193603515625,1425.617431640625,241.2117156982422,277.1840515136719
2019-01-15,657.0372314453125,279.572998046875,498.24041748046875,359.6404724121094,1436.3282470703125,241.54013061523438,278.33746337890625
2019-01-16,660.4188842773438,280.46600341796875,497.8413391113281,362.1007995605469,1466.5880126953125,239.420166015625,279.72149658203125
2019-01-17,673.0006713867188,280.62701416015625,500.68255615234375,361.4254150390625,1463.0335693359375,242.843994140625,274.4159240722656
2019-01-18,661.0156860351562,279.843994140625,500.2011413574219,358.9168395996094,1457.173828125,246.87496948242188,272.1552734375
2019-01-21,656.7388916015625,279.6109924316406,504.4042053222656,358.62744140625,1448.2401123046875,252.32925415039062,269.8485107421875
2019-01-22,658.0317993164062,279.34600830078125,501.5160827636719,356.0705871582031,1442.4761962890625,257.1365661621094,267.8185119628906
2019-01-23,658.0317993164062,277.8869934082031,494.3660888671875,354.4786376953125,1436.13623046875,254.10089111328125,264.4967041015625
2019-01-24,660.07080078125,277.4849853515625,493.6264953613281,351.9700927734375,1431.62109375,252.35910034179688,265.78851318359375
2019-01-25,666.1380004882812,276.114013671875,492.1589660644531,344.6373596191406,1426.4339599609375,252.0406036376953,263.34332275390625
2019-01-28,652.7604370117188,271.0820007324219,489.37646484375,331.4674377441406,1386.8560791015625,250.9059600830078,259.8370361328125
2019-01-29,657.1864013671875,271.5840148925781,483.142333984375,334.6513977050781,1404.2913818359375,249.10446166992188,258.9142761230469
2019-01-30,687.2236328125,273.4630126953125,477.7651672363281,353.03143310546875,1417.980224609375,243.29188537597656,265.2348937988281
2019-01-31,718.8023071289062,277.9219970703125,488.3902587890625,351.6324157714844,1446.2708740234375,249.97035217285156,270.9557189941406
2019-02-01,713.3816528320312,276.49700927734375,490.855712890625,342.17706298828125,1455.4927978515625,249.96041870117188,262.4205627441406
2019-02-04,716.6141967773438,276.1199951171875,494.248779296875,342.08056640625,1445.40625,253.24493408203125,262.0054016113281
2019-02-05,725.565673828125,277.3009948730469,496.397216796875,340.2474365234375,1481.0455322265625,254.62840270996094,262.6512756347656
2019-02-06,721.8358154296875,278.0299987792969,498.4165954589844,346.6635437011719,1465.963623046875,254.69805908203125,266.7112121582031
2019-02-07,726.2120971679688,278.51300048828125,497.14862060546875,346.0363464355469,1455.3006591796875,255.70333862304688,265.188720703125
2019-02-08,715.5200805664062,276.8399963378906,498.4165954589844,342.61126708984375,1440.02685546875,258.6593933105469,263.8969421386719
2019-02-11,707.0161743164062,276.93701171875,502.4083251953125,337.73883056640625,1451.506103515625,259.08734130859375,258.822021484375
2019-02-12,701.7944946289062,274.9830017089844,500.07196044921875,332.19110107421875,1438.2496337890625,258.5101318359375,254.11614990234375
2019-02-14,691.2517700195312,274.00299072265625,495.4932556152344,331.8533935546875,1457.750244140625,256.15118408203125,246.45762634277344
2019-02-15,682.89697265625,272.4909973144531,493.25079345703125,330.11669921875,1450.0653076171875,255.52415466308594,242.6283416748047
2019-02-18,689.560791015625,271.81298828125,490.7265625,326.8362731933594,1457.269775390625,254.21035766601562,239.8601837158203
2019-02-19,689.3121948242188,271.40399169921875,489.3529968261719,331.1780090332031,1422.2071533203125,254.88717651367188,242.5821990966797
2019-02-20,696.5728149414062,273.86199951171875,495.05889892578125,333.0594177246094,1422.4952392578125,256.7384338378906,247.01124572753906
2019-02-21,693.4398193359375,274.7699890136719,496.83160400390625,338.94488525390625,1413.6094970703125,256.61895751953125,247.2880401611328
2019-02-22,698.263671875,273.2919921875,491.0904846191406,339.66851806640625,1405.2039794921875,246.41712951660156,250.01007080078125
2019-02-25,699.9048461914062,275.93798828125,499.0623474121094,343.0936584472656,1432.4857177734375,247.02426147460938,249.27188110351562
2019-02-26,706.3200073242188,274.82000732421875,495.5988464355469,335.9539794921875,1419.901611328125,246.06878662109375,245.7655792236328
2019-02-27,714.3265380859375,272.8340148925781,491.2784118652344,333.3970947265625,1418.556640625,242.08758544921875,246.96510314941406
2019-02-28,705.72314453125,273.5660095214844,487.8267517089844,337.8352966308594,1415.8189697265625,241.4804229736328,248.25689697265625
2019-03-01,698.6117553710938,275.0679931640625,489.18865966796875,341.7911071777344,1454.484130859375,244.0383758544922,251.8555145263672
2019-03-05,728.1018676757812,279.8399963378906,494.7653503417969,350.474609375,1480.9012451171875,246.92474365234375,255.0850067138672
2019-03-06,716.713623046875,280.5840148925781,494.0960693359375,358.86865234375,1474.417236328125,247.09393310546875,256.6075134277344
2019-03-07,729.7927856445312,282.052001953125,499.3205871582031,357.759033203125,1470.958740234375,246.27780151367188,259.9754333496094
2019-03-08,729.4447021484375,282.1029968261719,499.71978759765625,357.5661315917969,1458.230712890625,246.61618041992188,259.46795654296875
2019-03-11,730.5386352539062,284.77899169921875,499.7784118652344,362.6314392089844,1454.96435546875,248.7362060546875,265.14263916015625
2019-03-12,738.5452270507812,290.00799560546875,509.7695007324219,374.547119140625,1507.270751953125,251.48324584960938,264.7273864746094
2019-03-13,734.0198364257812,293.4280090332031,522.813232421875,378.116943359375,1571.920654296875,251.06521606445312,270.494384765625
2019-03-14,736.605712890625,293.8840026855469,522.3905029296875,374.2576599121094,1616.445556640625,252.59796142578125,269.3409423828125
2019-03-15,731.1353759765625,299.14599609375,529.02392578125,381.39739990234375,1636.1866455078125,263.7851867675781,275.338623046875
2019-03-18,742.9712524414062,299.8800048828125,531.008056640625,384.0506896972656,1648.2425537109375,267.46783447265625,275.8461608886719
2019-03-19,756.7963256835938,302.69500732421875,532.4873046875,384.38836669921875,1657.2723388671875,268.2839660644531,279.6292419433594
2019-03-20,751.674072265625,302.9469909667969,539.8251342773438,379.08184814453125,1645.9368896484375,269.05035400390625,280.3212890625
2019-03-22,752.967041015625,301.802001953125,534.4596557617188,378.0204772949219,1631.7196044921875,265.9947814941406,275.0156555175781
2019-03-25,741.6782836914062,298.5329895019531,535.6690063476562,370.0124206542969,1617.262451171875,260.50067138671875,271.2786865234375
2019-03-26,753.0167846679688,305.00201416015625,542.7249755859375,380.2396240234375,1647.1378173828125,267.3284912109375,280.04449462890625
2019-03-27,755.2048950195312,307.05499267578125,539.9307250976562,379.37127685546875,1733.2099609375,265.3179626464844,284.93487548828125
2019-03-28,776.489501953125,311.3590087890625,540.7173461914062,386.4627685546875,1749.3963623046875,266.8904724121094,294.34661865234375
2019-04-01,761.470947265625,309.6310119628906,542.8306884765625,384.2436828613281,1674.4195556640625,266.6217956542969,297.8067626953125
2019-04-02,763.2612915039062,307.1180114746094,538.8505859375,383.1823425292969,1704.67919921875,266.6317443847656,303.57373046875
2019-04-03,757.3930053710938,306.885986328125,538.3575439453125,378.3099670410156,1703.7666015625,265.586669921875,295.73065185546875
2019-04-04,758.03955078125,304.5010070800781,536.2913208007812,375.0777893066406,1667.7911376953125,263.3372497558594,296.9302062988281
2019-04-05,758.08935546875,306.01300048828125,541.3748779296875,376.8144226074219,1698.3388671875,265.9350280761719,292.5472717285156
2019-04-08,750.5303344726562,303.9570007324219,537.5709838867188,373.4858093261719,1682.056396484375,267.3881530761719,288.625732421875
2019-04-09,759.2828369140625,307.531005859375,537.0660400390625,383.1823425292969,1697.5225830078125,267.0298767089844,290.4250793457031
2019-04-10,756.7464599609375,304.06201171875,525.34912109375,380.33612060546875,1678.646240234375,268.7119445800781,286.87261962890625
2019-04-11,748.24267578125,303.63299560546875,530.0805053710938,376.3320007324219,1672.1141357421875,267.3782653808594,290.5634765625
2019-04-12,760.2276000976562,304.5769958496094,531.9003295898438,380.7220458984375,1668.41552734375,267.4280090332031,290.88641357421875
2019-04-15,758.7357788085938,306.35101318359375,537.4301147460938,378.9371032714844,1680.0391845703125,273.47943115234375,291.2093811035156
2019-04-16,766.9412841796875,310.2120056152344,541.2457275390625,392.6859436035156,1743.6806640625,275.97760009765625,291.3477783203125
2019-04-18,767.040771484375,308.2430114746094,538.5687866210938,390.1773681640625,1694.832763671875,272.6434020996094,286.7803039550781
2019-04-22,751.4254150390625,302.0249938964844,532.7103881835938,380.62554931640625,1624.4189453125,270.0655517578125,286.0882568359375
2019-04-23,749.1875610351562,300.2669982910156,527.2160034179688,382.5552062988281,1586.330078125,269.7968444824219,281.65924072265625
2019-04-24,748.7896728515625,303.9219970703125,535.3049926757812,386.993408203125,1632.343994140625,272.0661315917969,286.73419189453125
2019-04-25,736.9041748046875,302.24798583984375,531.4776000976562,381.4938659667969,1617.1661376953125,270.8020935058594,282.5358581542969
2019-04-26,755.8016967773438,304.8760070800781,535.5867309570312,392.87890625,1631.9598388671875,274.5544128417969,288.3489685058594
2019-04-30,762.7142333984375,302.6289978027344,544.1573486328125,393.1683349609375,1543.2459716796875,276.0074768066406,285.99603271484375
2019-05-02,748.2923583984375,301.7909851074219,553.1622924804688,381.63861083984375,1499.8258056640625,279.9488830566406,284.33514404296875
2019-05-03,753.2156982421875,305.1440124511719,556.01513671875,387.6688232421875,1495.310791015625,282.2281188964844,286.0421447753906
2019-05-06,743.4188232421875,301.8380126953125,546.740234375,387.1864318847656,1468.0770263671875,280.75506591796875,284.8887634277344
2019-05-07,737.84912109375,298.44000244140625,545.3078002929688,372.90692138671875,1456.1173095703125,280.3072204589844,281.8437805175781
2019-05-08,731.5333251953125,294.1960144042969,541.7622680664062,368.75811767578125,1430.13232421875,279.122802734375,275.2002258300781
2019-05-09,727.0575561523438,293.6889953613281,537.9231567382812,367.98626708984375,1418.41259765625,275.7984924316406,276.1690673828125
2019-05-10,731.085693359375,295.968994140625,539.238037109375,371.55615234375,1383.2056884765625,278.31658935546875,284.24285888671875
2019-05-13,728.1515502929688,292.0849914550781,537.0543823242188,363.0656433105469,1338.4404296875,276.5648498535156,283.18170166015625
2019-05-14,727.4056396484375,293.0350036621094,537.21875,367.0214538574219,1376.2890625,275.2909240722656,290.3327941894531
2019-05-15,718.0563354492188,291.5979919433594,536.93701171875,363.78924560546875,1324.7034912109375,277.8488464355469,287.9798583984375
2019-05-16,727.9030151367188,294.72198486328125,542.5606689453125,369.047607421875,1304.722412109375,281.3025207519531,291.3477783203125
2019-05-17,744.9107666015625,300.5199890136719,554.6414794921875,375.994384765625,1319.4681396484375,290.6285095214844,294.5773010253906
2019-05-20,778.1803588867188,313.8089904785156,571.1369018554688,393.3613586425781,1435.800048828125,299.0985412597656,318.0604248046875
2019-05-21,768.7813110351562,308.9949951171875,564.4096069335938,386.07684326171875,1390.7464599609375,296.1822814941406,311.4630126953125
2019-05-22,774.9479370117188,311.718994140625,564.8909912109375,391.0939636230469,1459.0950927734375,297.6454162597656,314.7386474609375
2019-05-23,772.2127075195312,310.5530090332031,547.59716796875,396.40057373046875,1535.8011474609375,298.5411682128906,315.7536315917969
2019-05-24,788.9220581054688,317.3080139160156,557.283203125,416.56549072265625,1583.9765625,300.91998291015625,327.88739013671875
2019-05-27,809.5104370117188,321.61199951171875,565.50146484375,420.1835632324219,1549.2979736328125,304.44329833984375,333.7466125488281
2019-05-28,804.0401611328125,321.9070129394531,567.3447265625,419.0257873535156,1555.8782958984375,300.7806396484375,332.2240905761719
2019-05-29,800.360107421875,318.38299560546875,567.5090942382812,408.41265869140625,1545.3114013671875,301.35784912109375,321.7051696777344
2019-05-30,803.1947021484375,321.2130126953125,572.8274536132812,411.2106628417969,1524.417724609375,305.6277160644531,326.2264709472656
2019-05-31,803.940673828125,319.7749938964844,569.4931640625,408.7986145019531,1542.1412353515625,303.0001525878906,325.257568359375
2019-06-03,808.2672119140625,322.53900146484375,576.9484252929688,408.0267333984375,1597.185302734375,304.81158447265625,327.9796142578125
2019-06-04,818.3624267578125,322.2080078125,575.8212890625,404.36041259765625,1573.5057373046875,304.8314514160156,325.16534423828125
2019-06-06,803.3439331054688,314.6090087890625,569.0235595703125,397.0758972167969,1462.697509765625,301.4275817871094,310.8631896972656
2019-06-07,799.663818359375,316.4679870605469,574.7294311523438,401.9483642578125,1491.083984375,300.9398193359375,315.6152038574219
2019-06-10,809.7590942382812,315.49798583984375,572.9800415039062,401.46588134765625,1490.5556640625,299.1084899902344,317.69134521484375
2019-06-11,810.405517578125,318.281005859375,574.905517578125,406.53125,1527.9720458984375,300.12371826171875,320.2749328613281
2019-06-12,809.162353515625,315.4830017089844,569.8923950195312,403.299072265625,1508.0390625,295.30645751953125,317.4145202636719
2019-06-13,815.726806640625,315.2699890136719,574.0368041992188,404.84283447265625,1430.2283935546875,299.38714599609375,319.7213134765625
2019-06-14,796.87890625,311.7950134277344,571.7825317382812,403.057861328125,1370.6214599609375,293.3854675292969,317.2299499511719
2019-06-17,773.5056762695312,307.7049865722656,568.70654296875,399.63275146484375,1344.5404052734375,290.6982116699219,311.73980712890625
2019-06-18,771.5662231445312,308.2820129394531,567.5911865234375,407.3031311035156,1353.5223388671875,290.99676513671875,313.7698059082031
2019-06-19,766.54345703125,309.36700439453125,570.1976318359375,405.0357360839844,1326.9610595703125,298.15301513671875,312.6625061035156
2019-06-20,767.23974609375,313.2439880371094,573.2691040039062,418.1574401855469,1379.074951171875,302.24371337890625,318.4755859375
2019-06-21,766.8916015625,312.64599609375,570.3983764648438,415.6488952636719,1391.6112060546875,296.56048583984375,322.39715576171875
2019-06-24,758.7357788085938,312.8089904785156,571.2843627929688,414.34637451171875,1404.0032958984375,292.7385559082031,325.90350341796875
2019-06-25,777.4344482421875,314.6629943847656,573.8242797851562,418.3986511230469,1392.57177734375,295.3860778808594,328.99456787109375
2019-06-26,784.346923828125,317.2760009765625,583.0859985351562,423.2228088378906,1378.3065185546875,296.7197570800781,330.470947265625
2019-06-27,796.133056640625,319.6189880371094,581.7628784179688,425.44189453125,1393.099853515625,294.92822265625,334.16180419921875
2019-06-28,804.1893310546875,318.7130126953125,577.3801879882812,421.7273254394531,1354.9632568359375,294.0325012207031,333.33135986328125
2019-07-01,806.0790405273438,320.1659851074219,587.2561645507812,423.56048583984375,1377.1536865234375,294.84857177734375,333.6081848144531
2019-07-02,798.2714233398438,319.5480041503906,589.4888305664062,421.38958740234375,1360.775146484375,292.9176940917969,336.3302001953125
2019-07-03,801.8519897460938,320.0710144042969,588.224853515625,420.6177978515625,1412.6968994140625,293.6144104003906,337.8526916503906
2019-07-04,805.4867553710938,321.52301025390625,586.8426513671875,420.8589782714844,1434.31103515625,298.15301513671875,339.0060729980469
2019-07-05,802.7482299804688,321.5769958496094,584.149169921875,421.0036926269531,1472.2076416015625,302.0147399902344,342.0048828125
2019-07-08,779.6447143554688,312.68701171875,569.3115844726562,410.9212646484375,1418.3646240234375,293.67413330078125,327.8412170410156
2019-07-09,782.9309692382812,312.3340148925781,562.1171875,413.4297790527344,1433.3504638671875,291.1958312988281,331.71661376953125
2019-07-10,766.0514526367188,311.24200439453125,564.3854370117188,415.7453918457031,1428.6912841796875,293.78363037109375,326.82623291015625
2019-07-11,763.2133178710938,313.635009765625,568.732666015625,411.54833984375,1480.5650634765625,295.5950622558594,335.13067626953125
2019-07-12,752.6574096679688,312.6719970703125,565.6022338867188,412.03076171875,1450.0653076171875,295.4954833984375,335.4997863769531
2019-07-15,746.632568359375,311.0320129394531,565.802978515625,407.44781494140625,1417.0196533203125,300.36517333984375,332.2240905761719
2019-07-16,757.8855590820312,312.3970031738281,564.9642333984375,409.66693115234375,1415.1944580078125,299.04071044921875,336.1918029785156
2019-07-17,749.4706420898438,313.0790100097656,566.44091796875,409.763427734375,1442.139892578125,305.64312744140625,343.6196594238281
2019-07-18,737.3214721679688,310.010009765625,569.85498046875,403.9261779785156,1413.513427734375,306.37005615234375,335.5458984375
2019-07-19,726.2177734375,303.15899658203125,561.290283203125,395.869873046875,1366.1546630859375,298.53277587890625,328.4870910644531
2019-07-22,724.4252319335938,298.25299072265625,542.766845703125,397.9977111816406,1362.5521240234375,289.64990234375,323.73516845703125
2019-07-23,724.9729614257812,296.8919982910156,534.7928466796875,398.4329528808594,1360.967041015625,297.5568542480469,315.7536315917969
2019-07-24,709.3382568359375,295.40301513671875,538.9038696289062,395.0960998535156,1308.3729248046875,298.1942138671875,313.3545837402344
2019-07-25,720.1431274414062,296.0840148925781,540.12060546875,395.5797424316406,1336.8553466796875,295.77435302734375,314.92315673828125
2019-07-26,726.8153076171875,299.0790100097656,538.0533447265625,402.10821533203125,1359.766357421875,301.1120300292969,316.12274169921875
2019-07-29,717.2551879882812,298.53900146484375,530.2564086914062,415.2619934082031,1375.9049072265625,299.24981689453125,317.2299499511719
2019-07-30,704.6578369140625,294.3110046386719,532.134765625,411.3932189941406,1284.6455078125,298.4929504394531,302.23583984375
2019-07-31,671.2970581054688,293.89801025390625,531.9930419921875,410.6678466796875,1357.220703125,302.6456298828125,306.5264892578125
2019-08-01,666.5170288085938,287.76300048828125,526.1087646484375,403.3655700683594,1343.5799560546875,297.9153747558594,292.63958740234375
2019-08-02,671.048095703125,288.3290100097656,524.3446044921875,397.1272277832031,1328.449951171875,300.2655334472656,284.6119689941406
2019-08-05,659.695556640625,282.45599365234375,516.0331420898438,389.43804931640625,1333.541259765625,290.8050842285156,277.0456237792969
2019-08-06,676.1766967773438,286.5119934082031,518.3656005859375,396.7886962890625,1361.3033447265625,295.8240966796875,278.1067810058594
2019-08-07,657.2059326171875,283.3810119628906,517.1578979492188,394.9993591308594,1370.189208984375,294.0316467285156,267.49554443359375
2019-08-08,657.355224609375,288.0459899902344,528.7963256835938,400.80255126953125,1365.5538330078125,299.2995910644531,271.6016540527344
2019-08-09,658.0523681640625,290.6969909667969,540.3636474609375,406.3638610839844,1364.9261474609375,305.1452331542969,268.8334655761719
2019-08-13,646.7495727539062,283.1029968261719,525.765380859375,396.7886962890625,1326.3463134765625,301.02239990234375,261.4517517089844
2019-08-14,660.4423828125,285.09600830078125,527.9201049804688,403.6072998046875,1352.8065185546875,297.1186828613281,267.3571472167969
2019-08-16,672.8406372070312,287.8900146484375,527.5057983398438,405.2032470703125,1389.7447509765625,298.5427551269531,268.41827392578125
2019-08-19,682.1517944335938,288.0,522.5687255859375,409.5071716308594,1393.028076171875,298.0249328613281,264.6812438964844
2019-08-20,669.5543212890625,285.6709899902344,525.8245849609375,403.22052001953125,1356.66943359375,299.76763916015625,261.77471923828125
2019-08-21,661.9361572265625,283.6130065917969,527.0676879882812,398.5296630859375,1320.3106689453125,299.8970947265625,255.96156311035156
2019-08-22,658.4009399414062,276.8399963378906,514.813720703125,386.00457763671875,1289.8426513671875,294.4199523925781,247.79550170898438
2019-08-23,661.1394653320312,275.9129943847656,512.1141357421875,382.42596435546875,1265.55517578125,292.8166809082031,250.14845275878906
2019-08-26,680.8572387695312,285.1579895019531,534.2425537109375,398.14276123046875,1302.2518310546875,301.30120849609375,258.54522705078125
2019-08-27,680.1102294921875,286.84698486328125,535.1423950195312,404.86474609375,1338.5623779296875,299.06060791015625,263.62017822265625
2019-08-28,675.3800659179688,283.364990234375,532.1942749023438,399.4001159667969,1319.0069580078125,295.4954833984375,262.8819580078125
2019-08-29,658.4009399414062,279.44500732421875,527.3281860351562,391.13067626953125,1304.231689453125,288.9627990722656,253.2857208251953
2019-08-30,661.1394653320312,280.364990234375,527.56494140625,396.2083740234375,1347.8814697265625,285.09893798828125,252.68594360351562
2019-09-03,643.01513671875,273.42498779296875,523.53955078125,379.2825927734375,1297.8580322265625,281.6831970214844,247.6571044921875
2019-09-04,644.6085205078125,277.7349853515625,532.2535400390625,384.4570617675781,1272.4117431640625,284.10308837890625,253.83932495117188
2019-09-05,646.8988647460938,275.3399963378906,529.2698364257812,376.2359619140625,1263.2374267578125,280.85662841796875,252.17843627929688
2019-09-06,668.3095703125,278.47900390625,531.8154296875,378.50885009765625,1285.4486083984375,287.11053466796875,252.7781982421875
2019-09-09,668.7576904296875,281.0140075683594,532.6915893554688,382.4743347167969,1289.21484375,293.03582763671875,256.51519775390625
2019-09-11,678.8655395507812,283.4440002441406,533.0941162109375,381.6521911621094,1325.0909423828125,293.8125305175781,263.2049255371094
2019-09-12,660.1436767578125,284.0530090332031,537.7234497070312,389.4864501953125,1342.5701904296875,290.2972106933594,264.86578369140625
2019-09-13,671.446533203125,286.81201171875,534.5504150390625,399.8353271484375,1350.6336669921875,295.6150207519531,269.1564636230469
2019-09-16,668.1104736328125,285.1510009765625,531.4010620117188,398.6263427734375,1328.7603759765625,293.7626953125,262.69744873046875
2019-09-17,637.7869873046875,277.53900146484375,523.6341552734375,387.50372314453125,1286.8970947265625,288.4548645019531,252.7781982421875
2019-09-18,645.7039184570312,277.7929992675781,518.0458374023438,386.246337890625,1284.772705078125,291.73126220703125,258.729736328125
2019-09-19,635.5464477539062,273.4909973144531,521.44384765625,373.9146728515625,1238.2740478515625,289.3113098144531,252.87046813964844
2019-09-20,677.5210571289062,296.06500244140625,568.1159057617188,403.8008117675781,1370.9134521484375,306.4895324707031,278.3836364746094
2019-09-23,722.4833984375,313.67498779296875,595.4182739257812,431.6557922363281,1459.710205078125,326.7548828125,289.5023193359375
2019-09-24,701.4710693359375,308.7720031738281,593.784423828125,426.4329833984375,1464.2969970703125,322.27362060546875,279.21405029296875
2019-09-25,692.0603637695312,301.7749938964844,587.1068115234375,419.9528503417969,1452.3223876953125,318.98736572265625,258.59130859375
2019-09-26,696.9898071289062,306.57000732421875,588.432861328125,437.1204528808594,1494.9100341796875,324.016357421875,260.0676574707031
2019-09-27,697.6868286132812,305.3900146484375,589.2379150390625,434.4606628417969,1430.0145263671875,327.3324890136719,259.46795654296875
2019-09-30,682.1517944335938,298.17498779296875,581.3053588867188,419.4692687988281,1336.099853515625,327.5217590332031,249.87164306640625
2019-10-01,676.3261108398438,293.6719970703125,591.41650390625,410.6678466796875,1253.5322265625,328.26861572265625,236.16932678222656
2019-10-03,665.6207885742188,290.3380126953125,579.4584350585938,413.27923583984375,1212.44140625,321.8055725097656,234.50840759277344
2019-10-04,653.6707153320312,283.84600830078125,563.4273071289062,400.3189392089844,1221.9053955078125,311.3293151855469,230.6330108642578
2019-10-07,670.6498413085938,283.3340148925781,562.1013793945312,402.4467468261719,1198.487060546875,309.8355712890625,229.8487091064453
2019-10-09,683.4462890625,293.51300048828125,581.6368408203125,422.3708190917969,1263.768798828125,321.12841796875,240.7829132080078
2019-10-10,670.15185546875,286.3630065917969,568.5657958984375,409.79742431640625,1186.367431640625,315.64129638671875,234.50840759277344
2019-10-11,669.90283203125,286.90899658203125,567.7371215820312,414.48822021484375,1181.2491455078125,316.2288818359375,234.87750244140625
2019-10-14,680.657958984375,287.2850036621094,570.38916015625,414.77838134765625,1207.70947265625,315.78076171875,235.7079620361328
2019-10-15,687.1807861328125,292.0050048828125,579.2215576171875,417.6799621582031,1228.616943359375,321.77569580078125,238.4761199951172
2019-10-16,690.5169067382812,291.9179992675781,578.298095703125,421.0167236328125,1230.789794921875,319.7740478515625,236.26156616210938
2019-10-17,707.3465576171875,296.4259948730469,577.7771606445312,426.142822265625,1294.14013671875,319.5749206542969,244.93511962890625
2019-10-18,706.599609375,297.2040100097656,582.0394287109375,423.4346923828125,1296.6025390625,321.7059631347656,248.810546875
2019-10-22,709.7864379882812,300.0690002441406,586.91748046875,436.3466796875,1295.00927734375,324.4146728515625,249.5948486328125
2019-10-23,711.8776245117188,300.0610046386719,588.006591796875,440.1670837402344,1286.8970947265625,321.3872985839844,254.1622772216797
2019-10-24,704.7573852539062,297.55999755859375,585.4019165039062,439.82855224609375,1238.998291015625,321.2977294921875,242.21310424804688
2019-10-25,705.6536254882812,300.6610107421875,582.0394287109375,453.7077331542969,1228.423828125,316.3981628417969,259.7908630371094
2019-10-27,707.1473999023438,301.7349853515625,586.1594848632812,454.1429138183594,1232.8660888671875,317.27447509765625,260.02154541015625
2019-10-29,735.3794555664062,304.447998046875,588.432861328125,461.7353210449219,1270.1905517578125,313.79901123046875,258.9604187011719
2019-10-30,744.2923583984375,305.48699951171875,591.2033081054688,455.6904296875,1252.711181640625,314.4662170410156,267.49554443359375
2019-10-31,733.2882080078125,306.85198974609375,582.6788330078125,447.8561706542969,1268.1624755859375,313.58990478515625,288.2566833496094
2019-11-01,745.1885375976562,309.1449890136719,587.2725830078125,447.0824279785156,1332.526611328125,314.6654052734375,289.3177490234375
2019-11-04,739.51220703125,310.135986328125,585.7570190429688,455.061767578125,1305.921630859375,312.90277099609375,290.0097961425781
2019-11-05,734.981201171875,308.5950012207031,587.0120849609375,452.9822998046875,1274.825927734375,309.487060546875,294.5311584472656
2019-11-06,744.1428833007812,312.0090026855469,595.1341552734375,464.92706298828125,1296.940673828125,312.90277099609375,293.0086669921875
2019-11-07,731.6948852539062,312.86700439453125,598.472900390625,462.8476257324219,1334.5064697265625,315.48199462890625,293.5622863769531
2019-11-08,722.4833984375,314.1189880371094,594.6368408203125,473.38995361328125,1374.0037841796875,318.7184143066406,291.57843017578125
2019-11-11,730.6492919921875,316.4960021972656,598.9701538085938,480.4987487792969,1395.49072265625,322.0346374511719,293.6545715332031
2019-11-13,708.2427978515625,311.50201416015625,595.5604248046875,469.81134033203125,1365.6986083984375,319.8238830566406,283.0893859863281
2019-11-14,712.9232788085938,313.2799987792969,603.303466796875,482.2880554199219,1327.939697265625,318.1906433105469,282.3512878417969
2019-11-15,713.919189453125,317.1510009765625,605.1978759765625,483.44866943359375,1312.391845703125,323.1997375488281,297.0224914550781
2019-11-18,719.9439697265625,315.7040100097656,597.6915283203125,481.9979553222656,1327.2637939453125,324.0860290527344,299.97515869140625
2019-11-19,744.690673828125,318.6099853515625,602.3563232421875,477.30706787109375,1344.9842529296875,323.408935546875,304.8655700683594
2019-11-20,745.6366577148438,314.5039978027344,603.0430297851562,478.7578430175781,1418.9091796875,318.5591735839844,303.38922119140625
2019-11-21,734.3339233398438,319.24798583984375,607.7789306640625,481.9012145996094,1396.5528564453125,317.72259521484375,305.7421875
2019-11-22,729.0558471679688,316.8800048828125,598.9701538085938,480.4987487792969,1396.5528564453125,312.5144348144531,303.85052490234375
2019-11-25,751.6117553710938,321.4209899902344,601.9774780273438,481.4659729003906,1445.5140380859375,319.3956604003906,310.1250305175781
2019-11-26,749.1221923828125,323.12701416015625,603.8482055664062,493.94268798828125,1463.910888671875,319.5450134277344,309.5714111328125
2019-11-27,749.7694702148438,324.4989929199219,605.4346923828125,488.913330078125,1474.0023193359375,322.2337646484375,316.999267578125
2019-11-28,747.4789428710938,327.82598876953125,599.230712890625,502.11541748046875,1514.46533203125,321.65618896484375,322.3049011230469
2019-11-29,735.9769897460938,325.60699462890625,603.80078125,495.7802734375,1515.2862548828125,321.696044921875,315.4306945800781
2019-12-02,741.2052612304688,324.93499755859375,599.4437866210938,494.1361389160156,1521.9495849609375,325.2412414550781,312.3395690917969
2019-12-03,730.3505859375,322.1659851074219,594.5421142578125,492.636962890625,1491.7230224609375,327.9797668457031,310.2634582519531
2019-12-04,736.773681640625,325.97698974609375,592.7661743164062,511.8840637207031,1491.3367919921875,328.8760681152344,315.4306945800781
2019-12-05,726.2177734375,323.5530090332031,589.9010009765625,510.7717590332031,1457.9718017578125,328.4876403808594,310.2173156738281
2019-12-06,714.6162109375,319.843994140625,590.1141357421875,507.5799865722656,1415.5772705078125,333.46685791015625,295.2693176269531
2019-12-09,728.9563598632812,319.8479919433594,588.6458740234375,509.2242736816406,1400.2708740234375,330.4693908691406,292.224365234375
2019-12-10,712.7240600585938,317.7359924316406,591.7479248046875,511.35211181640625,1363.1878662109375,331.09674072265625,289.17938232421875
2019-12-11,713.570556640625,318.7300109863281,591.3927612304688,516.0429077148438,1371.927490234375,335.9066467285156,288.625732421875
2019-12-12,719.097412109375,322.447998046875,598.4255981445312,517.7838134765625,1394.6214599609375,341.6925048828125,296.976318359375
2019-12-13,748.8731689453125,326.406005859375,598.5440063476562,519.4280395507812,1434.456787109375,337.1415100097656,306.8493957519531
2019-12-16,744.1428833007812,326.03900146484375,595.4656372070312,521.555908203125,1442.1824951171875,339.3721923828125,306.2034912109375
2019-12-17,742.5496215820312,327.6340026855469,601.9774780273438,523.3935546875,1441.5546875,341.23443603515625,307.1723937988281
2019-12-18,738.7654418945312,328.69500732421875,612.0411376953125,523.6353759765625,1449.32861328125,343.4352111816406,301.6822204589844
2019-12-19,739.4624633789062,32.95100021362305,610.3599853515625,522.4746704101562,1438.802490234375,344.4609069824219,302.7894287109375
2019-12-20,736.773681640625,33.090999603271484,614.1012573242188,528.1810913085938,1436.9193115234375,337.1315612792969,311.73980712890625
2019-12-23,740.0599975585938,330.7099914550781,616.8008422851562,523.53857421875,1444.9830322265625,339.5614318847656,306.7109680175781
2019-12-24,737.5704345703125,330.3699951171875,610.5257568359375,523.34521484375,1469.65673828125,340.8858642578125,305.8344421386719
2019-12-26,733.4376220703125,327.760009765625,601.6696166992188,521.072265625,1463.427978515625,337.4402770996094,304.35809326171875
2019-12-27,756.9893188476562,330.739990234375,603.824462890625,531.3728637695312,1472.6021728515625,335.7174377441406,311.1861877441406
2019-12-30,750.9644165039062,330.0899963378906,607.210693359375,526.1016235351562,1478.879150390625,336.6734619140625,308.5564270019531
2019-12-31,750.9644165039062,329.0,602.4509887695312,521.2174072265625,1458.213134765625,335.468505859375,307.9566650390625
2020-01-01,745.5868530273438,328.30999755859375,605.5294189453125,519.1378784179688,1433.3946533203125,333.4171142578125,308.6026306152344
2020-01-02,753.8026123046875,331.92999267578125,609.3890991210938,522.861572265625,1476.5615234375,332.91912841796875,313.0777282714844
2020-01-03,739.86083984375,326.5400085449219,600.69873046875,521.1690063476562,1476.4166259765625,330.04119873046875,307.9105529785156
2020-01-06,720.2427368164062,319.17999267578125,587.6987915039062,508.45050048828125,1419.005615234375,329.1349792480469,294.34661865234375
2020-01-07,722.7322998046875,320.1700134277344,597.0047607421875,505.7424621582031,1411.5213623046875,332.7797546386719,293.7929382324219
2020-01-08,721.4874877929688,319.4700012207031,595.4419555664062,508.6923522949219,1408.575927734375,329.5930480957031,295.08477783203125
2020-01-09,739.76123046875,327.010009765625,602.1195068359375,528.3745727539062,1455.9437255859375,331.62457275390625,304.6810607910156
2020-01-10,736.9728393554688,327.82000732421875,607.4710693359375,522.5231323242188,1440.106201171875,335.5381774902344,306.57257080078125
2020-01-13,734.3339233398438,328.6499938964844,609.033935546875,520.92724609375,1486.8463134765625,336.8128662109375,305.1885070800781
2020-01-14,744.7901611328125,327.8299865722656,610.6915283203125,519.9600219726562,1430.83544921875,333.96478271484375,302.65106201171875
2020-01-15,743.1968994140625,324.79998779296875,608.2051391601562,518.0256958007812,1352.4686279296875,333.72576904296875,299.19085693359375
2020-01-16,734.234375,325.1600036621094,609.8153686523438,519.5248413085938,1338.9005126953125,338.8941955566406,298.31427001953125
2020-01-17,736.823486328125,322.9100036621094,605.3162841796875,514.5921020507812,1305.8734130859375,338.20703125,293.4238586425781
2020-01-20,724.1763305664062,318.0,594.3053588867188,517.30029296875,1286.26953125,322.2337646484375,289.7330322265625
2020-01-21,714.6162109375,316.4200134277344,589.3090209960938,513.625,1290.5185546875,323.66778564453125,289.4561767578125
2020-01-22,709.6370239257812,313.8500061035156,587.6514892578125,505.6940002441406,1281.8756103515625,315.78076171875,291.71685791015625
2020-01-23,719.9937133789062,317.0899963378906,589.5457153320312,510.3848571777344,1286.124755859375,319.83380126953125,298.2220458984375
2020-01-24,734.3339233398438,319.57000732421875,589.4037475585938,516.3330688476562,1270.9630126953125,327.2229309082031,299.0063171386719
2020-01-27,737.1719970703125,315.5199890136719,574.5567016601562,519.6214599609375,1227.60302734375,322.32342529296875,291.76300048828125
2020-01-28,734.0849609375,314.1300048828125,579.2926025390625,510.86846923828125,1211.7171630859375,323.8570251464844,290.74798583984375
2020-01-29,732.19287109375,315.5299987792969,585.2835693359375,509.3209533691406,1215.09716796875,326.7250061035156,291.9936828613281
2020-01-30,727.8609619140625,312.7099914550781,580.6423950195312,514.7371826171875,1189.2645263671875,324.295166015625,286.6880798339844
2020-01-31,726.2675170898438,316.8999938964844,580.7608032226562,508.40216064453125,1215.6766357421875,336.94232177734375,293.839111328125
2020-02-03,706.002197265625,306.92999267578125,564.8955078125,498.6335144042969,1219.78076171875,333.8552551269531,275.0617980957031
2020-02-04,712.0270385742188,312.8999938964844,582.4183349609375,513.3831176757812,1229.00341796875,338.24688720703125,282.5819396972656
2020-02-05,721.0394287109375,316.80999755859375,589.4511108398438,521.4108276367188,1229.1480712890625,336.54400634765625,286.9648742675781
2020-02-06,733.8856811523438,319.8299865722656,587.1542358398438,523.8287353515625,1288.4906005859375,333.4071044921875,297.0686340332031
2020-02-07,745.0391845703125,318.3399963378906,588.290771484375,518.8478393554688,1254.2564697265625,329.2345275878906,295.7768249511719
2020-02-10,738.0184326171875,317.67999267578125,587.3909912109375,516.4298095703125,1231.2242431640625,332.47100830078125,293.8852233886719
2020-02-11,746.8317260742188,319.4700012207031,587.5330200195312,522.0394897460938,1248.3173828125,334.09423828125,299.28314208984375
2020-02-12,752.1096801757812,321.07000732421875,591.5111694335938,531.276123046875,1233.59033203125,341.5530700683594,295.4538879394531
2020-02-13,744.690673828125,318.2200012207031,587.911865234375,523.2484130859375,1188.540283203125,336.5539855957031,302.1435546875
2020-02-14,733.4376220703125,314.75,577.4692993164062,527.8909301757812,1135.66796875,334.7912902832031,294.7157287597656
2020-02-17,735.3297119140625,313.05999755859375,576.4273681640625,523.8287353515625,1132.7225341796875,336.8128662109375,289.9176025390625
2020-02-18,730.5994873046875,312.2799987792969,574.5804443359375,523.4420166015625,1101.5784912109375,336.79296875,293.0086669921875
2020-02-19,737.9686889648438,314.010009765625,581.1869506835938,526.9237670898438,1102.9791259765625,338.8045654296875,295.5922546386719
2020-02-20,741.2052612304688,315.1199951171875,576.4036865234375,529.0515747070312,1141.6551513671875,335.78717041015625,302.3280944824219
2020-02-24,722.4335327148438,309.6700134277344,573.0175170898438,512.46435546875,1130.115234375,334.2535705566406,297.9913330078125
2020-02-25,725.7198486328125,310.5400085449219,568.4474487304688,513.5282592773438,1114.277587890625,333.7655944824219,301.54376220703125
2020-02-26,726.3671264648438,309.9200134277344,567.9502563476562,506.51611328125,1096.07421875,331.913330078125,302.8356018066406
2020-02-27,732.7903442382812,307.4200134277344,568.044921875,498.4400939941406,1077.2911376953125,335.14984130859375,297.0686340332031
2020-02-28,694.4006958007812,296.7200012207031,557.7206420898438,480.9339904785156,1066.185546875,322.72174072265625,279.5831298828125
2020-03-02,681.3551025390625,294.45001220703125,558.6442260742188,489.4936218261719,1042.236083984375,318.469482421875,265.188720703125
2020-03-03,684.2927856445312,298.2699890136719,559.6860961914062,497.8597717285156,1070.0484619140625,323.90679931640625,267.4494323730469
2020-03-04,679.3634643554688,292.70001220703125,544.0813598632812,491.6697692871094,1029.39208984375,320.2520446777344,263.2510070800781
2020-03-05,675.0813598632812,294.5899963378906,545.2652587890625,487.9460754394531,1038.1318359375,328.89593505859375,266.20379638671875
2020-03-06,654.91552734375,284.7699890136719,537.4747924804688,470.39166259765625,979.9965209960938,324.85284423828125,249.5948486328125
2020-03-09,620.9572143554688,271.6099853515625,524.4038696289062,442.7301025390625,872.1273193359375,314.3168640136719,233.8625030517578
2020-03-11,616.7747192382812,270.6199951171875,527.4821166992188,450.37091064453125,824.2766723632812,316.5375671386719,226.15785217285156
2020-03-12,540.9912109375,244.88999938964844,483.67523193359375,411.6833801269531,757.7396850585938,291.79095458984375,196.16957092285156
2020-03-13,566.4349365234375,257.760009765625,506.6443786621094,432.52630615234375,776.1846313476562,292.7868347167969,223.2974090576172
2020-03-16,506.4852600097656,239.97000122070312,473.35101318359375,389.67987060546875,641.3724365234375,275.5886535644531,206.08876037597656
2020-03-17,486.3194274902344,226.35000610351562,461.79547119140625,355.19964599609375,583.4301147460938,263.4394226074219,198.5224609375
2020-03-18,471.4814147949219,210.1199951171875,415.2891540527344,343.39996337890625,444.99639892578125,233.41485595703125,198.568603515625
2020-03-19,426.4693603515625,203.57000732421875,424.1215515136719,327.44134521484375,428.8208923339844,241.16249084472656,187.91122436523438
2020-03-20,426.3697509765625,204.25,418.1069641113281,334.3567810058594,425.2477722167969,251.4196319580078,193.632080078125
2020-03-23,307.36663818359375,174.77999877929688,365.39666748046875,274.6812744140625,324.9111633300781,218.73617553710938,167.56533813476562
2020-03-24,301.8894958496094,174.0500030517578,363.5733947753906,286.7710876464844,301.6376647949219,229.62071228027344,169.0416717529297
2020-03-25,325.4411315917969,186.86000061035156,405.746337890625,306.501708984375,290.9666442871094,256.9565124511719,175.22389221191406
2020-03-26,339.9804382324219,197.88999938964844,426.7499694824219,319.4136657714844,420.950439453125,273.4476013183594,177.85360717773438
2020-03-27,358.254150390625,201.1999969482422,428.3365173339844,328.69873046875,397.0009460449219,278.6558837890625,180.8063201904297
2020-03-30,366.61920166015625,191.6199951171875,393.8593444824219,303.1166076660156,399.2220458984375,257.6634826660156,172.4557342529297
2020-03-31,377.4241027832031,194.57000732421875,408.1853332519531,313.1269836425781,339.2518310546875,258.131591796875,181.6367645263672
2020-04-01,357.15875244140625,187.02000427246094,392.9121398925781,300.9403991699219,330.5122375488281,235.3468017578125,172.13279724121094
2020-04-03,324.0968017578125,174.8300018310547,385.429443359375,277.2442932128906,302.45849609375,227.22073364257812,161.936767578125
2020-04-07,387.233154296875,192.1199951171875,424.38201904296875,315.3998718261719,370.6855163574219,238.61312866210938,171.99436950683594
2020-04-08,389.7227478027344,191.27999877929688,420.9722595214844,308.4844665527344,385.4607849121094,236.54177856445312,168.8571319580078
2020-04-09,418.40301513671875,198.5800018310547,438.0924377441406,331.4551696777344,381.8393859863281,253.5208740234375,173.2400360107422
2020-04-13,417.2080078125,196.44000244140625,424.0268249511719,319.800537109375,396.324951171875,249.13914489746094,169.31849670410156
2020-04-15,415.5648498535156,191.35000610351562,408.8483581542969,316.60888671875,409.5550842285156,233.7733612060547,168.2573699951172
2020-04-16,420.79302978515625,195.47999572753906,416.63885498046875,330.77813720703125,420.4675598144531,225.22903442382812,173.9320831298828
2020-04-17,476.80914306640625,210.32000732421875,431.10699462890625,363.2272644042969,458.17828369140625,236.262939453125,178.3149871826172
2020-04-20,454.05413818359375,206.89999389648438,447.4694519042969,349.44482421875,441.03704833984375,234.5700225830078,177.62295532226562
2020-04-21,418.9009094238281,198.22999572753906,436.48223876953125,320.961181640625,387.1025085449219,225.0896453857422,170.4718780517578
2020-04-22,429.3572998046875,199.17999267578125,439.7735900878906,324.9266662597656,401.6363220214844,229.47132873535156,174.1166229248047
2020-04-23,428.2618103027344,203.52999877929688,452.2526550292969,341.3688659667969,395.8904113769531,248.8901824951172,172.2711944580078
2020-04-24,402.2703857421875,196.89999389648438,444.2490539550781,323.8627624511719,369.7680969238281,246.8786163330078,165.85830688476562
2020-04-27,425.52325439453125,201.60000610351562,440.29461669921875,336.48455810546875,393.4278564453125,259.63525390625,166.91943359375
2020-04-28,453.5562438964844,207.10000610351562,441.09967041015625,348.0424499511719,451.9977722167969,264.2261047363281,170.05667114257812
2020-04-29,437.27423095703125,211.86000061035156,462.7426452636719,358.2946472167969,454.94317626953125,264.46514892578125,175.40843200683594
2020-04-30,443.0500793457031,215.3300018310547,474.4403076171875,367.6763610839844,452.0943908691406,270.31072998046875,175.77749633789062
2020-05-04,401.1251525878906,199.1999969482422,437.12152099609375,326.9577331542969,408.5411071777344,254.4967803955078,165.02786254882812
2020-05-05,387.3825378417969,195.1199951171875,431.651611328125,319.9940185546875,404.34033203125,246.63958740234375,157.2308807373047
2020-05-06,387.233154296875,199.27999877929688,448.2035217285156,330.1978454589844,410.9070739746094,248.1532745361328,157.87681579589844
2020-05-07,395.69781494140625,197.25,438.0687255859375,325.7004089355469,438.7676696777344,238.96170043945312,157.55384826660156
2020-05-08,380.4613952636719,195.3000030517578,439.98675537109375,326.6192626953125,425.2477722167969,242.4770050048828,153.77073669433594
2020-05-11,377.9718017578125,191.4199981689453,433.71173095703125,309.6451110839844,418.5361633300781,236.7011260986328,152.66346740722656
2020-05-12,385.24151611328125,190.27000427246094,426.96307373046875,310.66064453125,430.8971862792969,230.4771270751953,154.00137329101562
2020-05-13,412.2785949707031,197.77999877929688,439.32373046875,326.9577331542969,433.21484375,236.35256958007812,160.6449737548828
2020-05-14,400.2786865234375,192.4199981689453,423.24542236328125,316.6571960449219,413.3213195800781,233.64389038085938,154.97024536132812
2020-05-15,386.93438720703125,190.0500030517578,420.61700439453125,312.1114501953125,404.34033203125,234.67958068847656,153.5400390625
2020-05-18,357.30810546875,177.6300048828125,396.2272644042969,288.70550537109375,363.8289794921875,221.80337524414062,143.29788208007812
2020-05-19,353.0259704589844,175.8699951171875,393.3857421875,290.4464111328125,355.18597412109375,225.1493682861328,140.99110412597656
2020-05-20,360.9927062988281,179.0399932861328,405.9120788574219,295.620849609375,345.0460205078125,231.0547332763672,141.54469299316406
2020-05-21,355.71478271484375,178.27000427246094,407.0723876953125,294.4118347167969,334.90618896484375,229.09292602539062,140.206787109375
2020-05-22,335.5489501953125,173.75999450683594,397.26910400390625,281.4999084472656,326.7459411621094,231.07460021972656,139.1918182373047
2020-05-26,339.880859375,175.82000732421875,403.6862487792969,283.0957946777344,336.2581787109375,229.68045043945312,139.6992950439453
2020-05-27,385.390869140625,187.7899932861328,427.9576416015625,308.38775634765625,356.2965087890625,242.4969024658203,146.34286499023438
2020-05-28,389.3244323730469,192.2100067138672,447.65887451171875,316.125244140625,373.5826110839844,244.86700439453125,145.97377014160156
2020-05-29,383.349365234375,193.67999267578125,450.6898498535156,321.0578918457031,380.1494140625,243.78152465820312,148.8341827392578
2020-06-01,395.2994689941406,200.52999877929688,467.739013671875,328.1183776855469,396.0352478027344,248.64122009277344,156.907958984375
2020-06-02,408.3948059082031,206.39999389648438,474.0613708496094,336.9681701660156,419.79156494140625,267.4626159667969,157.09249877929688
2020-06-03,407.8470458984375,210.6699981689453,484.1251220703125,345.1408996582031,417.52215576171875,276.15625,161.38311767578125
2020-06-04,392.7102966308594,205.39999389648438,474.3929138183594,336.43621826171875,400.8154602050781,265.7696838378906,160.59881591796875
2020-06-05,403.61474609375,211.9600067138672,489.3819580078125,345.47943115234375,407.8651123046875,266.4468078613281,173.28619384765625
2020-06-08,428.4610290527344,214.02000427246094,481.1178894042969,347.99407958984375,436.1119384765625,266.23773193359375,172.36346435546875
2020-06-09,418.303466796875,208.55999755859375,467.5732421875,337.1131896972656,447.9901123046875,259.74481201171875,170.19508361816406
2020-06-10,425.67266845703125,213.17999267578125,469.72802734375,341.4172058105469,482.46575927734375,265.3414611816406,173.19390869140625
2020-06-11,411.73089599609375,206.77000427246094,458.7171630859375,330.052734375,505.2080993652344,258.6593933105469,163.459228515625
2020-06-12,406.3035583496094,207.74000549316406,465.4184265136719,332.9059753417969,510.3263244628906,254.89511108398438,165.30467224121094
2020-06-15,387.98004150390625,200.74000549316406,449.83734130859375,320.23583984375,473.7261047363281,248.74081420898438,160.27586364746094
2020-06-16,379.9635009765625,203.88999938964844,469.0413818359375,331.6969909667969,465.2762451171875,254.297607421875,159.53768920898438
2020-06-17,387.98004150390625,202.94000244140625,463.7608642578125,330.7298278808594,474.3055725097656,247.7250518798828,159.58383178710938
2020-06-18,403.7143249511719,210.97000122070312,483.0359191894531,340.45001220703125,482.0794677734375,259.58551025390625,165.76602172851562
2020-06-19,415.31591796875,215.07000732421875,489.3819580078125,351.8628234863281,467.0627746582031,259.4162292480469,170.24122619628906
2020-06-22,428.36138916015625,218.5,487.2034606933594,355.4897766113281,473.0984191894531,269.9422912597656,173.19390869140625
2020-06-23,441.8052673339844,224.5800018310547,493.62060546875,363.8075866699219,502.5524597167969,276.8235168457031,177.57681274414062
2020-06-24,422.8843078613281,215.85000610351562,488.97943115234375,336.6780090332031,465.1796569824219,267.66180419921875,170.33349609375
2020-06-25,419.94659423828125,216.3000030517578,487.2034606933594,339.48284912109375,458.854248046875,275.1903076171875,170.93324279785156
2020-06-26,423.08349609375,216.82000732421875,500.3218078613281,337.6451416015625,475.65753173828125,266.9049377441406,170.33349609375
2020-06-29,403.1168518066406,215.30999755859375,509.6042175292969,331.8420715332031,463.5379333496094,270.00201416015625,165.3969268798828
2020-06-30,404.9591369628906,215.41000366210938,504.7736511230469,339.9181213378906,458.51629638671875,270.9580078125,164.65878295898438
2020-07-01,431.44854736328125,221.24000549316406,513.6533813476562,352.1046142578125,475.5610046386719,270.2210693359375,170.51803588867188
2020-07-02,421.4403381347656,221.50999450683594,515.9266357421875,350.9440002441406,477.8303527832031,269.2750244140625,171.11778259277344
2020-07-03,426.66851806640625,220.4600067138672,508.609619140625,349.15472412109375,470.49102783203125,269.6335754394531,170.42576599121094
2020-07-06,432.1954345703125,223.6699981689453,522.3673706054688,349.976806640625,478.89263916015625,272.44183349609375,173.51686096191406
2020-07-07,445.48992919921875,227.35000610351562,523.3855590820312,363.7109069824219,508.2500305175781,272.5115051269531,174.0243377685547
2020-07-08,442.30322265625,228.5,525.8482055664062,356.8438720703125,533.6480102539062,269.42437744140625,177.06930541992188
2020-07-09,451.8633117675781,231.08999633789062,532.7625732421875,358.1979064941406,537.4625854492188,272.4916076660156,183.712890625
2020-07-10,437.7721252441406,226.0399932861328,523.36181640625,348.52606201171875,520.7559814453125,268.74725341796875,180.4833984375
2020-07-13,438.2202453613281,222.50999450683594,511.59320068359375,341.99755859375,521.1422119140625,265.9986877441406,177.8074951171875
2020-07-14,415.96319580078125,215.38999938964844,501.4584655761719,334.211669921875,493.2816467285156,258.5796813964844,171.6714324951172
2020-07-15,424.8759460449219,214.13999938964844,498.759033203125,334.4534606933594,486.2802734375,256.9266052246094,169.59530639648438
2020-07-16,432.1954345703125,216.6699981689453,503.2107849121094,333.3411865234375,500.8140869140625,263.42950439453125,171.85597229003906
2020-07-17,431.2991943359375,220.6999969482422,520.2125244140625,342.19097900390625,502.93865966796875,264.3854675292969,173.65525817871094
2020-07-20,432.1954345703125,224.38999938964844,536.5986938476562,351.0890808105469,510.6160888671875,262.71246337890625,176.00819396972656
2020-07-21,444.3447265625,229.32000732421875,539.2034301757812,366.3706359863281,505.54608154296875,270.669189453125,179.3760986328125
2020-07-22,476.9585266113281,229.72000122070312,533.4255981445312,368.59521484375,495.9372863769531,267.35308837890625,177.1615753173828
2020-07-23,458.93377685546875,231.99000549316406,535.3436889648438,379.3793029785156,496.2753601074219,273.66668701171875,182.92855834960938
2020-07-24,443.7471923828125,227.74000549316406,529.9921264648438,369.272216796875,504.33892822265625,268.876708984375,177.11546325683594
2020-07-27,429.7555847167969,220.1199951171875,511.238037109375,346.73675537109375,489.2739562988281,263.41949462890625,172.6864013671875
2020-07-28,435.23272705078125,222.6699981689453,514.6242065429688,340.5467834472656,508.8778076171875,275.65838623046875,174.80865478515625
2020-07-29,439.06671142578125,222.13999938964844,504.1815490722656,339.53118896484375,531.6201171875,276.73388671875,176.4234161376953
2020-07-30,424.0793151855469,217.38999938964844,497.5750427246094,333.63134765625,502.021240234375,275.8475646972656,172.13279724121094
2020-07-31,429.8551940917969,217.88999938964844,489.1215515136719,335.4206848144531,505.7875061035156,272.0135803222656,176.6540985107422
2020-08-03,415.61468505859375,212.6199951171875,474.5350036621094,331.98712158203125,485.7973937988281,260.6211853027344,177.39227294921875
2020-08-04,427.3655700683594,215.97000122070312,493.312744140625,339.48284912109375,475.705810546875,263.6883850097656,176.79249572753906
2020-08-05,433.1414794921875,216.08999633789062,486.6351623535156,340.64349365234375,475.8506774902344,265.7298278808594,176.6540985107422
2020-08-06,431.1995849609375,217.22000122070312,492.86279296875,346.9785461425781,477.92694091796875,266.9049377441406,176.19273376464844
2020-08-07,431.4983215332031,218.2100067138672,494.3546142578125,346.2048034667969,491.5433654785156,267.3829345703125,175.91590881347656
2020-08-10,429.3074645996094,220.0500030517578,497.5750427246094,351.62103271484375,491.8813781738281,270.9082336425781,178.82247924804688
2020-08-11,446.1372375488281,224.0399932861328,505.15240478515625,355.29638671875,504.0975341796875,271.7845764160156,179.9758758544922
2020-08-12,449.2243347167969,224.32000732421875,503.7554016113281,354.812744140625,502.79388427734375,265.90911865234375,187.58828735351562
2020-08-13,446.23681640625,223.16000366210938,501.5532531738281,355.9734191894531,500.9589538574219,266.13812255859375,186.29647827148438
2020-08-14,434.0377502441406,217.85000610351562,489.90289306640625,349.54156494140625,489.80511474609375,260.402099609375,181.31381225585938
2020-08-17,436.32818603515625,218.66000366210938,489.0978088378906,348.3809814453125,495.55108642578125,264.4053955078125,178.17657470703125
2020-08-18,443.94635009765625,223.3699951171875,500.345458984375,357.42413330078125,503.7112121582031,272.7305908203125,180.02200317382812
2020-08-19,442.35302734375,224.1699981689453,505.1288146972656,362.1634216308594,504.242431640625,269.9920654296875,181.82130432128906
2020-08-20,433.1414794921875,221.13999938964844,501.52947998046875,355.6832275390625,495.7925109863281,266.556396484375,179.69906616210938
2020-08-21,438.6186218261719,223.9499969482422,514.150634765625,358.9716491699219,495.9372863769531,266.7655334472656,183.0669708251953
2020-08-24,443.94635009765625,229.30999755859375,529.021240234375,367.8697814941406,511.0022888183594,276.29571533203125,185.88125610351562
2020-08-25,449.92138671875,231.99000549316406,530.2763061523438,373.6729431152344,518.1002197265625,278.8550109863281,191.87893676757812
2020-08-26,461.4233703613281,235.63999938964844,529.684326171875,376.5744934082031,548.1819458007812,286.14459228515625,193.632080078125
2020-08-27,471.0830383300781,237.35000610351562,526.677001953125,379.33099365234375,585.0718383789062,282.8184509277344,198.98382568359375
2020-08-28,507.082763671875,247.24000549316406,527.8136596679688,396.25677490234375,642.8209228515625,292.1992492675781,207.47283935546875
2020-08-31,494.68450927734375,239.57000732421875,528.4529418945312,381.6521911621094,608.5867309570312,279.1039733886719,195.61590576171875
2020-09-01,483.68048095703125,239.97999572753906,533.8755493164062,378.1219787597656,605.9310302734375,284.93963623046875,201.2445068359375
2020-09-02,482.3858642578125,240.64999389648438,537.11962890625,379.5244140625,618.5817260742188,283.51556396484375,199.5374755859375
2020-09-03,472.97515869140625,237.1199951171875,535.5805053710938,370.1910400390625,610.1800537109375,278.1778564453125,196.67703247070312
2020-09-04,453.3072509765625,231.89999389648438,530.0869140625,360.3257141113281,595.0186157226562,274.8617248535156,190.6332550048828
2020-09-07,456.7926940917969,231.3699951171875,525.919189453125,361.1477966308594,587.8240356445312,272.6111145019531,191.83277893066406
2020-09-08,442.50244140625,229.00999450683594,526.8428344726562,363.37237548828125,579.8087158203125,269.0161437988281,188.28030395507812
2020-09-09,429.45684814453125,224.24000549316406,519.2890014648438,355.53814697265625,583.8646240234375,264.1265563964844,179.7913360595703
2020-09-10,444.99200439453125,226.36000061035156,516.4712524414062,358.53643798828125,599.171142578125,262.80206298828125,182.83628845214844
2020-09-11,445.340576171875,226.57000732421875,510.8355407714844,358.34295654296875,589.41748046875,264.9630432128906,187.03465270996094
2020-09-14,438.7181701660156,222.75,501.0321960449219,351.7660827636719,588.4517822265625,259.8544006347656,183.15924072265625
2020-09-15,447.6807556152344,226.24000549316406,506.975830078125,359.3585205078125,611.6769409179688,263.6883850097656,184.68173217773438
2020-09-16,444.1455383300781,227.25999450683594,517.9393310546875,362.40521240234375,600.3299560546875,263.9771728515625,182.88241577148438
2020-09-17,441.05841064453125,224.32000732421875,513.1797485351562,356.8922119140625,596.1773071289062,259.9340515136719,180.34495544433594
2020-09-18,441.5065612792969,221.3300018310547,500.724365234375,357.42413330078125,592.1697387695312,254.3573455810547,177.7152099609375
2020-09-21,421.5896911621094,215.07000732421875,496.93572998046875,339.19268798828125,541.3736572265625,256.4983825683594,171.4407501220703
2020-09-22,410.2868957519531,213.11000061035156,490.35284423828125,342.7712097167969,525.3429565429688,253.05282592773438,171.80982971191406
2020-09-23,418.0046691894531,213.5800018310547,495.96484375,340.3049621582031,509.9400329589844,254.01876831054688,169.59530639648438
2020-09-24,400.776611328125,206.8000030517578,487.9848937988281,324.68487548828125,473.4364013671875,248.1831512451172,162.72108459472656
2020-09-25,413.32421875,211.10000610351562,494.4256896972656,337.2099304199219,497.1927490234375,249.56736755371094,168.1189727783203
2020-09-28,437.423583984375,218.14999389648438,499.2562255859375,351.0890808105469,536.0623168945312,254.67604064941406,172.7786865234375
2020-09-29,425.0751647949219,215.74000549316406,503.2107849121094,345.3343200683594,517.8588256835938,251.59886169433594,170.7487030029297
2020-09-30,422.8843078613281,215.94000244140625,510.8117980957031,343.1097717285156,509.3123474121094,252.5847625732422,171.0716552734375
2020-10-01,441.8551330566406,223.7100067138672,524.2380981445312,357.08563232421875,571.8899536132812,259.9241027832031,175.59298706054688
2020-10-05,442.30322265625,224.67999267578125,527.7426147460938,360.8576965332031,580.9192504882812,261.826171875,174.1627655029297
2020-10-06,447.78033447265625,229.3300018310547,541.8318481445312,368.111572265625,601.4404296875,266.5364685058594,176.79249572753906
2020-10-07,451.2160339355469,230.33999633789062,550.427490234375,370.0943298339844,597.8673706054688,263.8377380371094,175.96205139160156
2020-10-08,450.02099609375,232.8699951171875,564.4219970703125,374.7851867675781,596.515380859375,262.9216003417969,176.70022583007812
2020-10-09,466.10382080078125,239.4199981689453,584.1942138671875,388.3258056640625,601.6819458007812,262.871826171875,182.97471618652344
2020-10-12,466.0540466308594,238.27000427246094,574.7698364257812,390.7921447753906,593.3768920898438,261.487548828125,183.3437957763672
2020-10-13,459.43170166015625,236.50999450683594,567.5712890625,383.24810791015625,587.3411865234375,267.8708801269531,180.5756378173828
2020-10-14,469.34033203125,240.16000366210938,573.7516479492188,393.4518737792969,601.295654296875,269.5439453125,184.58946228027344
2020-10-15,460.6764831542969,231.92999267578125,553.7425537109375,378.1703186035156,577.4910278320312,260.8203430175781,177.94589233398438
2020-10-16,470.4357604980469,236.5,567.9974975585938,383.1029968261719,587.437744140625,266.1978759765625,180.8063201904297
2020-10-19,490.90032958984375,243.89999389648438,569.9866333007812,403.4139404296875,605.593017578125,274.1944885253906,188.2341766357422
2020-10-20,491.8961486816406,244.11000061035156,579.6477661132812,400.9959716796875,603.8065185546875,272.6210632324219,187.3576202392578
2020-10-21,499.3649597167969,247.27999877929688,590.4219360351562,406.5089416503906,606.5587158203125,277.5007019042969,188.00352478027344
2020-10-22,508.17816162109375,246.10000610351562,584.0758666992188,399.35174560546875,587.872314453125,277.4508361816406,187.58828735351562
2020-10-23,505.091064453125,246.49000549316406,585.259765625,403.2688903808594,587.2929077148438,275.4591979980469,187.12692260742188
2020-10-26,491.2986755371094,242.42999267578125,573.4674682617188,391.17901611328125,595.50146484375,282.2010192871094,181.49835205078125
2020-10-27,505.9873352050781,248.50999450683594,583.981201171875,396.4985656738281,592.9423217773438,316.208984375,179.60678100585938
2020-10-28,502.60150146484375,243.77000427246094,572.8517456054688,383.05462646484375,572.5176391601562,308.9791564941406,175.7313690185547
2020-10-29,491.79656982421875,242.44000244140625,562.243408203125,386.7782897949219,568.510009765625,312.8728942871094,174.1166229248047
2020-10-30,490.4521789550781,240.64999389648438,560.514892578125,379.7178649902344,565.6128540039062,308.1924133300781,174.62411499023438
2020-11-02,520.4768676757812,250.1300048828125,575.527587890625,403.7524719238281,606.8001708984375,314.8247375488281,180.89859008789062
2020-11-03,531.9290771484375,257.7200012207031,591.0138549804688,429.2862243652344,624.4241943359375,317.3940124511719,188.92620849609375
2020-11-04,522.9664916992188,259.739990234375,595.4893798828125,422.7093505859375,654.7955932617188,324.7831726074219,191.00233459472656
2020-11-05,537.0576171875,264.0400085449219,601.0776977539062,424.1117858886719,689.8990478515625,333.6958923339844,201.75196838378906
2020-11-06,539.4974365234375,268.8699951171875,619.2871704101562,428.2706298828125,713.3173217773438,342.180419921875,202.25949096679688
2020-11-09,562.7005004882812,277.3999938964844,634.8681030273438,447.5177001953125,748.8552856445312,344.1920471191406,202.5363006591797
2020-11-10,581.1734008789062,288.1400146484375,660.0156860351562,467.9737243652344,806.5560302734375,349.13140869140625,213.79344177246094
2020-11-11,606.1192626953125,290.7099914550781,658.2633666992188,470.5850524902344,760.926513671875,360.0657653808594,216.1002197265625
2020-11-12,597.20654296875,284.7699890136719,649.620361328125,461.0583190917969,742.819580078125,349.48992919921875,209.27212524414062
2020-11-13,607.8121948242188,286.42999267578125,643.5111694335938,469.617919921875,742.1917724609375,351.19281005859375,211.71731567382812
2020-11-14,610.6005249023438,287.1300048828125,648.6732177734375,470.92364501953125,744.0267333984375,352.6367492675781,211.90185546875
2020-11-17,626.1854248046875,293.5799865722656,667.0247802734375,470.4400329589844,757.2568359375,357.83502197265625,221.63653564453125
2020-11-18,633.6542358398438,299.7799987792969,667.1431884765625,481.3208923339844,799.8926391601562,364.5968017578125,232.52459716796875
2020-11-19,608.9573974609375,290.7900085449219,650.8753662109375,463.0410461425781,789.9459228515625,363.7503356933594,221.22129821777344
2020-11-20,605.3225708007812,294.6300048828125,664.7515258789062,464.4434509277344,783.1859741210938,376.3078918457031,223.98947143554688
2020-11-23,593.1234741210938,292.1199951171875,660.4655151367188,452.88555908203125,820.6069946289062,377.9908447265625,220.25244140625
2020-11-24,617.0735473632812,298.5899963378906,681.1140747070312,462.50909423828125,824.421630859375,383.37835693359375,225.00445556640625
2020-11-25,597.3558349609375,293.7900085449219,664.3489379882812,457.1895751953125,825.7252197265625,370.9403076171875,224.2201385498047
2020-11-26,610.0029907226562,297.1099853515625,675.6441040039062,459.7042236328125,821.379638671875,376.24810791015625,226.4807891845703
2020-11-27,599.0985107421875,297.05999755859375,682.3689575195312,457.8182373046875,828.2361450195312,379.8331604003906,225.37353515625
2020-12-01,601.1400146484375,299.42999267578125,678.7935180664062,469.1827087402344,864.7880249023438,373.6091613769531,228.87985229492188
2020-12-02,605.5714721679688,296.67999267578125,666.3143310546875,464.6852722167969,866.5262451171875,361.3304748535156,227.86488342285156
2020-12-03,600.1940307617188,296.19000244140625,652.2251586914062,466.0393371582031,865.5122680664062,362.68475341796875,236.4922637939453
2020-12-04,611.9449462890625,301.9200134277344,656.2032470703125,485.5765380859375,882.3155517578125,367.71380615234375,243.1358184814453
2020-12-07,616.6751098632812,303.1300048828125,649.8809204101562,493.7008972167969,903.0781860351562,362.5951843261719,248.764404296875
2020-12-08,618.0693969726562,303.45001220703125,651.7988891601562,491.71820068359375,885.2609252929688,365.23419189453125,250.88665771484375
2020-12-09,631.5629272460938,308.4100036621094,666.4327392578125,494.7164306640625,896.6561889648438,375.1427307128906,249.45648193359375
2020-12-10,624.4426879882812,306.7799987792969,656.3216552734375,490.3157653808594,884.4400024414062,379.0763244628906,248.71824645996094
2020-12-11,610.7000732421875,307.989990234375,654.8772583007812,498.5368347167969,892.0691528320312,382.4820556640625,251.39413452148438
2020-12-14,613.339111328125,309.2200012207031,649.8335571289062,508.5472412109375,889.6549072265625,386.25628662109375,253.00889587402344
2020-12-15,604.5756225585938,308.42999267578125,658.9027099609375,501.0514831542969,894.9662475585938,388.6065368652344,249.73321533203125
2020-12-16,603.579833984375,309.010009765625,668.0902709960938,495.63531494140625,890.18603515625,388.8853454589844,248.57986450195312
2020-12-17,602.8828125,309.989990234375,682.8189086914062,493.65252685546875,903.7058715820312,391.45458984375,247.01124572753906
2020-12-18,606.9656982421875,309.1700134277344,668.3981323242188,500.1811218261719,874.1553344726562,388.2480163574219,250.47142028808594
2020-12-21,580.0779418945312,296.2200012207031,650.0703125,478.2742614746094,813.798828125,382.5717468261719,235.0159149169922
2020-12-22,587.2978515625,297.7799987792969,650.283447265625,483.8839111328125,811.867431640625,379.0066223144531,237.55340576171875
2020-12-23,589.9866333007812,300.04998779296875,651.4910888671875,487.0756530761719,826.0149536132812,382.5517883300781,242.67445373535156
2020-12-24,607.6627807617188,305.2799987792969,661.6495361328125,496.69915771484375,823.5524291992188,390.4886474609375,246.22691345214844
2020-12-28,615.0818481445312,310.1000061035156,669.1084594726562,503.03424072265625,837.2171630859375,396.12506103515625,253.93162536621094
2020-12-29,627.5796508789062,314.1099853515625,675.904541015625,511.44873046875,881.5911865234375,398.19647216796875,256.4229431152344
2020-12-30,622.5007934570312,313.94000244140625,678.4146118164062,511.4004211425781,868.2162475585938,401.9109191894531,255.50021362304688
2020-12-31,617.8701782226562,313.5400085449219,680.2142333984375,517.49365234375,864.2568969726562,397.45953369140625,253.70095825195312
2021-01-01,621.2062377929688,313.6499938964844,674.8863525390625,510.1913757324219,869.2785034179688,397.1507873535156,257.8070068359375
2021-01-04,622.1024780273438,314.1199951171875,670.6004028320312,514.253662109375,867.0573120117188,391.4744567871094,259.3294982910156
2021-01-05,661.6871948242188,318.7300109863281,675.667724609375,519.6214599609375,890.0411376953125,390.3193359375,259.9754333496094
2021-01-06,651.5296630859375,319.6700134277344,672.7551879882812,528.761474609375,890.7171020507812,392.4404602050781,263.0203552246094
2021-01-07,668.3095703125,321.0799865722656,670.7186889648438,523.34521484375,919.3985595703125,388.8554992675781,265.465576171875
2021-01-08,669.90283203125,321.82000732421875,678.0120239257812,524.2639770507812,907.5686645507812,392.5002746582031,263.8969421386719
2021-01-11,664.1768798828125,321.3900146484375,687.3890380859375,526.8270874023438,897.235595703125,386.017333984375,260.66741943359375
2021-01-12,672.8904418945312,325.239990234375,701.383544921875,530.0187377929688,895.8353881835938,379.1061706542969,269.8946228027344
2021-01-13,684.9400634765625,327.8299865722656,696.4818725585938,538.2398681640625,910.41748046875,374.85394287109375,283.0893859863281
2021-01-14,673.1891479492188,327.25,695.5820922851562,535.1448364257812,936.4432373046875,376.9551696777344,283.5046691894531
2021-01-15,672.0439453125,324.30999755859375,694.587646484375,525.182861328125,932.7735595703125,371.2290954589844,280.367431640625
2021-01-18,654.2681884765625,320.0299987792969,702.3780517578125,515.656005859375,900.8087158203125,367.85321044921875,271.69390869140625
2021-01-19,665.9692993164062,326.4200134277344,712.2050170898438,528.5195922851562,907.665283203125,375.8298645019531,275.523193359375
2021-01-20,672.9402465820312,326.9700012207031,706.5929565429688,532.9203491210938,915.19775390625,375.1527404785156,279.1678771972656
2021-01-21,673.039794921875,323.2099914550781,698.4473266601562,534.5645751953125,894.0971069335938,370.0141906738281,272.0629577636719
2021-01-22,641.820068359375,314.0799865722656,683.647705078125,516.28466796875,862.6633911132812,364.0789794921875,261.77471923828125
2021-01-25,655.662353515625,314.1499938964844,692.7879028320312,520.395263671875,820.0276489257812,357.3869323730469,259.2372131347656
2021-01-27,629.4717407226562,304.80999755859375,667.5693969726562,505.21038818359375,792.022216796875,351.47161865234375,254.3468017578125
2021-01-28,667.9112548828125,304.1300048828125,649.5020141601562,510.9168701171875,775.0740966796875,343.136474609375,260.5290222167969
2021-01-29,660.1436767578125,307.05999755859375,658.5238647460938,519.3796997070312,817.0822143554688,341.1647033691406,260.2983093261719
2021-02-01,706.4004516601562,332.9700012207031,699.3707885742188,583.98779296875,937.3123168945312,358.801025390625,286.6880798339844
2021-02-02,711.2303466796875,343.9599914550781,739.0574951171875,597.09326171875,942.1891479492188,370.7112731933594,307.3569030761719
2021-02-03,730.7488403320312,348.510009765625,745.8060913085938,601.9291381835938,1012.5889892578125,368.8988342285156,309.9866638183594
2021-02-04,740.806884765625,354.2099914550781,747.8424682617188,607.6839599609375,996.75146484375,380.49041748046875,327.6567077636719
2021-02-05,716.60791015625,357.80999755859375,756.6038208007812,593.998291015625,989.9431762695312,394.8902587890625,362.7198791503906
2021-02-08,733.089111328125,361.2799987792969,760.226806640625,608.9412231445312,999.6002807617188,389.8014831542969,366.3646240234375
2021-02-09,739.4126586914062,362.0199890136719,763.3525390625,612.5682373046875,990.6193237304688,388.2081298828125,364.2884826660156
2021-02-10,731.74462890625,360.25,749.0974731445312,611.4075927734375,987.7221069335938,388.7857360839844,361.935546875
2021-02-11,737.0226440429688,359.6600036621094,744.6458129882812,609.9569091796875,986.85302734375,390.5683288574219,359.99786376953125
2021-02-12,747.2798461914062,363.7799987792969,749.1923217773438,626.3506469726562,992.1644287109375,388.5865478515625,362.76605224609375
2021-02-15,790.698486328125,376.70001220703125,765.6019897460938,651.8360595703125,1021.32861328125,395.5375671386719,375.4995422363281
2021-02-16,771.8273315429688,373.5,770.3616943359375,636.7479248046875,1021.9563598632812,402.2494812011719,371.2550354003906
2021-02-17,774.51611328125,371.57000732421875,751.3470458984375,635.7807006835938,997.7654418945312,396.2346496582031,379.9285583496094
2021-02-18,773.7692260742188,368.3699951171875,736.0975341796875,623.4974975585938,1010.1747436523438,387.47119140625,383.1119689941406
2021-02-19,746.532958984375,360.94000244140625,728.8989868164062,603.5734252929688,1029.343994140625,386.1368103027344,368.6714172363281
2021-02-22,716.4585571289062,354.5799865722656,733.1139526367188,589.83935546875,987.8187255859375,388.2978210449219,359.39813232421875
2021-02-23,712.9730834960938,353.760009765625,724.1868286132812,596.07763671875,1012.3474731445312,373.03155517578125,365.02667236328125
2021-02-24,746.2839965820312,366.9200134277344,760.795166015625,620.06396484375,1033.3033447265625,380.6497497558594,374.8536682128906
2021-02-25,767.4456176757812,368.05999755859375,760.7715454101562,607.3937377929688,1071.690185546875,377.5227966308594,375.7763366699219
2021-02-26,721.7861938476562,351.260009765625,726.6731567382812,578.1363525390625,1026.4949951171875,354.588623046875,359.99786376953125
2021-03-01,725.5206909179688,354.9599914550781,738.2760620117188,588.3884887695312,1031.3236083984375,367.5444641113281,364.42694091796875
2021-03-02,728.20947265625,355.4200134277344,742.6803588867188,590.4679565429688,1036.53857421875,367.3951110839844,363.73486328125
2021-03-03,750.8150634765625,366.1099853515625,751.5128173828125,611.3591918945312,1062.0330810546875,378.3194580078125,373.746337890625
2021-03-04,733.7363891601562,360.6000061035156,735.031982421875,600.3817138671875,1054.50048828125,377.96099853515625,365.0728454589844
2021-03-05,727.7114868164062,354.57000732421875,724.58935546875,589.4524536132812,1004.2357177734375,382.9003601074219,354.00018310546875
2021-03-08,740.2092895507812,354.7200012207031,719.6166381835938,588.0984497070312,983.328125,381.575927734375,359.49041748046875
2021-03-09,742.3504028320312,360.2699890136719,739.9808959960938,604.5889282226562,989.6536254882812,394.14337158203125,357.64495849609375
2021-03-10,757.5868530273438,361.3900146484375,736.7843017578125,605.072509765625,1004.1874389648438,391.1558837890625,357.7372131347656
2021-03-12,747.4789428710938,356.1600036621094,734.984619140625,592.7408447265625,987.5773315429688,385.4198303222656,351.6473083496094
2021-03-15,741.3048095703125,354.07000732421875,723.9500732421875,583.6976928710938,1003.0285034179688,382.133544921875,354.2309265136719
2021-03-16,734.682373046875,350.0199890136719,716.1358642578125,575.4282836914062,999.2139892578125,379.0564270019531,349.29437255859375
2021-03-17,724.8734130859375,344.8500061035156,708.1795043945312,570.1571044921875,974.3471069335938,372.11541748046875,339.6981201171875
2021-03-18,715.761474609375,339.80999755859375,706.1194458007812,559.61474609375,968.407958984375,364.55694580078125,338.7292785644531
2021-03-19,723.230224609375,342.5400085449219,709.1978149414062,567.4005737304688,977.1959228515625,365.3038330078125,342.4662780761719
2021-03-22,713.2220458984375,337.9100036621094,695.7715454101562,554.6337890625,934.9464721679688,363.013427734375,338.6369934082031
2021-03-23,727.5123291015625,343.4599914550781,710.4528198242188,567.1588134765625,956.0952758789062,361.021728515625,343.896484375
2021-03-24,703.4628295898438,335.2900085449219,700.3417358398438,548.8789672851562,925.820556640625,355.0068664550781,332.0395812988281
2021-03-25,691.7118530273438,333.0400085449219,693.0247802734375,552.7960205078125,924.9513549804688,351.1131591796875,327.74896240234375
2021-03-26,695.296875,335.7699890136719,706.261474609375,559.5663452148438,920.0745239257812,352.7362976074219,329.5943908691406
2021-03-30,692.4586791992188,339.7300109863281,735.8133544921875,572.0430297851562,928.0899047851562,354.767822265625,332.9161071777344
2021-03-31,694.5499877929688,334.92999267578125,707.3744506835938,562.9998168945312,921.7162475585938,349.1413879394531,336.1456604003906
2021-04-01,710.0353393554688,341.5199890136719,704.106689453125,574.8963012695312,959.2338256835938,359.40850830078125,342.0048828125
2021-04-05,682.4006958007812,328.9700012207031,686.5128173828125,552.5059814453125,905.2027587890625,350.376220703125,326.2264709472656
2021-04-06,675.0813598632812,326.75,682.0848388671875,547.3314819335938,895.4490966796875,352.1886291503906,323.4582824707031
2021-04-07,685.3883056640625,331.6199951171875,685.376220703125,558.6959228515625,913.1215209960938,356.90887451171875,330.8399963378906
2021-04-08,678.765869140625,330.0,678.556640625,557.777099609375,902.8367919921875,355.1661682128906,328.1180114746094
2021-04-09,665.421630859375,326.7099914550781,673.3235473632812,547.6216430664062,891.9725341796875,358.3529052734375,325.718994140625
2021-04-12,632.9571533203125,309.67999267578125,647.4182739257812,520.8787841796875,815.4404907226562,347.0501403808594,303.43536376953125
2021-04-13,658.2515869140625,319.44000244140625,663.1886596679688,542.2053833007812,847.3087768554688,353.6923828125,314.6463928222656
2021-04-15,666.0689086914062,323.80999755859375,677.2778930664062,556.3262939453125,828.9120483398438,353.1745300292969,316.2149963378906
2021-04-16,666.4174194335938,322.3900146484375,676.5911865234375,548.3470458984375,833.3543701171875,351.3521423339844,313.6313781738281
2021-04-19,645.4550170898438,314.0400085449219,668.8954467773438,541.3831787109375,803.4658203125,338.7348327636719,305.5575866699219
2021-04-20,649.0399780273438,313.0899963378906,658.9501342773438,540.7544555664062,816.0199584960938,338.12738037109375,304.0351257324219
2021-04-22,655.9611206054688,318.9100036621094,673.6786499023438,560.1950073242188,807.0389404296875,345.7654724121094,310.6325378417969
2021-04-23,668.5584716796875,318.1000061035156,669.7242431640625,551.2485961914062,820.848388671875,345.3970031738281,310.447998046875
2021-04-26,697.5375366210938,323.8999938964844,665.2962036132812,571.70458984375,830.0709228515625,350.4657897949219,317.69134521484375
2021-04-27,696.6412353515625,328.3500061035156,681.3507690429688,579.1036376953125,852.1856079101562,348.6036376953125,325.7651062011719
2021-04-28,705.2055053710938,338.3900146484375,699.39453125,600.9619750976562,895.111083984375,360.78277587890625,335.31524658203125
2021-04-29,716.40869140625,337.7900085449219,697.3580322265625,601.0586547851562,907.230712890625,359.4980773925781,331.62432861328125
2021-04-30,711.927490234375,328.4700012207031,668.8480834960938,580.796142578125,902.8850708007812,348.30487060546875,326.1803283691406
2021-05-03,699.8279418945312,326.32000732421875,669.8663330078125,577.169189453125,882.2672729492188,343.654296875,323.50445556640625
2021-05-04,697.4379272460938,324.04998779296875,657.5055541992188,572.139892578125,878.9356079101562,345.08831787109375,324.3348693847656
2021-05-05,714.2178344726562,329.3900146484375,664.2543334960938,583.0206909179688,899.2153930664062,352.6766357421875,327.9335021972656
2021-05-06,712.7738647460938,329.1300048828125,663.4490966796875,588.2435302734375,893.2279663085938,356.1620788574219,328.0718688964844
2021-05-07,713.769775390625,329.9800109863281,670.0083618164062,587.1795654296875,894.4351196289062,354.588623046875,330.5632019042969
2021-05-10,712.2760620117188,332.3800048828125,672.4237060546875,593.1278076171875,912.9766235351562,360.3644714355469,333.7466125488281
2021-05-11,704.4088134765625,329.29998779296875,664.7042236328125,589.83935546875,916.3082275390625,349.62933349609375,336.4686279296875
2021-05-12,688.425537109375,325.510009765625,662.7861328125,575.2347412109375,885.2127075195312,342.33978271484375,339.28289794921875
2021-05-14,682.1517944335938,322.989990234375,656.7952880859375,577.7011108398438,860.2974243164062,339.909912109375,332.59320068359375
2021-05-17,706.3009643554688,335.3800048828125,682.0848388671875,603.13818359375,923.6476440429688,347.37872314453125,353.49273681640625
2021-05-18,708.6909790039062,340.82000732421875,699.3471069335938,612.4231567382812,941.1268920898438,349.55963134765625,352.7084045410156
2021-05-19,713.8195190429688,338.1400146484375,690.5857543945312,604.927490234375,933.8358154296875,344.6700744628906,354.6922607421875
2021-05-20,702.96484375,334.75,678.556640625,598.30224609375,942.0443115234375,340.21868896484375,354.8306579589844
2021-05-21,727.8609619140625,347.30999755859375,709.1029663085938,621.36962890625,981.1553344726562,350.0675048828125,370.19390869140625
2021-05-24,738.0682983398438,350.79998779296875,715.0939331054688,626.10888671875,970.2910766601562,349.93804931640625,380.20538330078125
2021-05-25,728.5082397460938,348.5899963378906,700.4126586914062,628.9620361328125,959.8132934570312,348.64349365234375,380.482177734375
2021-05-26,732.0433959960938,348.8999938964844,699.5128784179688,631.0899658203125,964.207275390625,346.681640625,381.5894470214844
2021-05-27,747.2300415039062,352.5899963378906,702.1649780273438,630.8480834960938,972.319091796875,353.9712219238281,392.3391418457031
2021-05-28,736.773681640625,353.6000061035156,712.015625,621.949951171875,984.390380859375,358.651611328125,389.4325256347656
2021-05-31,747.57861328125,356.1199951171875,717.88818359375,641.0035400390625,978.2582397460938,360.035888671875,391.5548095703125
2021-06-01,742.0516357421875,355.4700012207031,715.9227294921875,628.7686157226562,975.4093627929688,357.9047546386719,399.1210632324219
2021-06-02,733.9356079101562,355.6300048828125,712.276123046875,627.0759887695312,992.7437744140625,355.13629150390625,403.45782470703125
2021-06-03,747.5288696289062,357.9200134277344,720.114013671875,628.9136962890625,971.2568359375,361.3304748535156,409.417724609375
2021-06-04,738.9645385742188,354.7099914550781,710.8316040039062,621.6113891601562,974.6851196289062,360.7329406738281,403.7837829589844
2021-06-07,747.9769287109375,356.0199890136719,710.3106689453125,626.9309692382812,990.039794921875,361.4698486328125,402.526611328125
2021-06-08,743.2466430664062,352.1300048828125,702.3544311523438,621.3212890625,985.1630249023438,357.2176208496094,397.8238525390625
2021-06-09,733.6865844726562,349.42999267578125,701.052001953125,615.22802734375,969.13232421875,355.0964660644531,392.46923828125
2021-06-10,741.1553344726562,352.6300048828125,701.4072265625,619.386962890625,989.218994140625,358.4126281738281,402.526611328125
2021-06-11,735.3794555664062,351.5899963378906,703.9172973632812,614.8411254882812,980.2861938476562,357.3769836425781,400.0588073730469
2021-06-14,733.1886596679688,350.7799987792969,700.6494750976562,614.3092651367188,989.1707763671875,352.1388244628906,400.7572326660156
2021-06-15,747.7777709960938,353.5899963378906,705.76416015625,624.1261596679688,998.9724731445312,352.70648193359375,399.9656982421875
2021-06-16,746.682373046875,351.30999755859375,703.0884399414062,619.0967407226562,978.9342041015625,350.655029296875,396.6597900390625
2021-06-17,735.5288696289062,347.2300109863281,694.3270874023438,612.2296142578125,950.3010864257812,351.7405090332031,391.35174560546875
2021-06-18,733.2384033203125,347.0799865722656,700.8153076171875,609.7150268554688,961.2619018554688,350.6251525878906,384.5071716308594
2021-06-21,736.4749755859375,350.1300048828125,705.0300903320312,610.5371704101562,972.9951782226562,352.935546875,390.8861389160156
2021-06-22,736.2757568359375,349.0400085449219,702.7095336914062,610.1502075195312,965.8005981445312,349.9579772949219,389.86181640625
2021-06-23,729.3048706054688,347.8399963378906,703.5148315429688,604.2021484375,965.26953125,345.8949890136719,390.04803466796875
2021-06-24,736.0767211914062,350.4200134277344,713.3416748046875,613.2452392578125,966.331787109375,346.1339416503906,388.5115051269531
2021-06-25,758.1842651367188,354.989990234375,717.5328369140625,627.7046508789062,978.16162109375,345.55633544921875,399.3138122558594
2021-06-28,759.22998046875,355.239990234375,714.336181640625,628.9620361328125,974.2988891601562,345.16796875,397.4048156738281
2021-06-29,748.8233642578125,352.7300109863281,714.4313354492188,619.0967407226562,983.2316284179688,339.7506408691406,392.5157775878906
2021-06-30,745.1885375976562,350.2900085449219,712.4574584960938,610.1986694335938,981.4932861328125,339.7506408691406,390.37396240234375
2021-07-01,743.3463134765625,349.6600036621094,707.154052734375,610.1502075195312,973.1399536132812,341.79205322265625,391.491455078125
2021-07-02,747.5288696289062,350.5299987792969,704.1337890625,619.2418823242188,975.0231323242188,341.6028747558594,395.2164001464844
2021-07-05,757.1884765625,353.8999938964844,711.2921142578125,626.5924072265625,985.5492553710938,344.7796325683594,402.8990783691406
2021-07-06,755.1967163085938,357.42999267578125,729.9609375,628.9620361328125,995.689208984375,349.6094055175781,400.1985168457031
2021-07-07,759.7279052734375,359.20001220703125,732.243896484375,632.5406494140625,1009.0642700195312,350.89404296875,403.0853271484375
2021-07-08,751.2633056640625,355.20001220703125,723.1829833984375,620.8377685546875,1009.5953369140625,345.0185852050781,395.2629699707031
2021-07-09,744.2424926757812,353.5,714.4075317382812,617.59765625,1004.283935546875,342.57879638671875,394.611083984375
2021-07-12,750.4664916992188,354.17999267578125,707.27294921875,625.0449829101562,1013.3132934570312,344.94891357421875,398.05670166015625
2021-07-13,767.5452270507812,358.3800048828125,714.336181640625,643.1314086914062,1019.6869506835938,347.9762878417969,399.59320068359375
2021-07-14,766.8482055664062,358.57000732421875,713.0519409179688,642.551025390625,1016.5000610351562,348.1754150390625,401.4090881347656
2021-07-15,770.93115234375,361.2900085449219,723.3018798828125,645.5493774414062,1018.914306640625,348.5538330078125,402.0144348144531
2021-07-16,767.9435424804688,360.05999755859375,724.0867309570312,638.6339721679688,1008.48486328125,348.44427490234375,400.4313049316406
2021-07-19,752.0599365234375,353.79998779296875,699.6627807617188,634.3783569335938,981.0104370117188,343.1264953613281,398.4756774902344
2021-07-20,742.649169921875,347.1300048828125,686.4161987304688,620.8377685546875,947.8868408203125,339.1133117675781,391.95709228515625
2021-07-22,743.64501953125,349.42999267578125,689.0560302734375,634.4267578125,958.123291015625,340.01947021484375,393.0279541015625
2021-07-23,752.2590942382812,352.30999755859375,686.2260131835938,654.447509765625,955.3710327148438,343.1563720703125,399.40692138671875
2021-07-26,753.1552734375,351.5199890136719,682.3258056640625,654.544189453125,947.6454467773438,346.67169189453125,394.1920471191406
2021-07-27,728.6575927734375,350.05999755859375,684.7991333007812,655.22119140625,942.3340454101562,338.1771545410156,400.384765625
2021-07-28,719.8942260742188,348.260009765625,674.1210327148438,662.57177734375,958.7026977539062,329.1947021484375,396.24078369140625
2021-07-29,714.2676391601562,349.2099914550781,674.5728759765625,666.888427734375,958.0266723632812,326.96405029296875,411.1870422363281
2021-07-30,705.952392578125,348.2900085449219,678.4730834960938,662.0382690429688,947.3556518554688,329.58306884765625,402.1075134277344
2021-08-02,718.1514282226562,349.29998779296875,676.6657104492188,660.9713134765625,954.1156005859375,331.634521484375,404.9943542480469
2021-08-03,735.5288696289062,353.94000244140625,682.3970947265625,669.7015380859375,986.997802734375,335.7273864746094,415.79669189453125
2021-08-04,750.6656494140625,362.1600036621094,696.95166015625,693.2244873046875,985.5492553710938,348.5339050292969,425.5281066894531
2021-08-05,746.1843872070312,361.0799865722656,706.250244140625,681.3902587890625,963.4829711914062,352.8757629394531,411.46649169921875
2021-08-06,737.7694702148438,361.25,709.9603881835938,676.7341918945312,994.1923217773438,353.9612121582031,405.6927490234375
2021-08-09,752.358642578125,362.010009765625,715.311279296875,681.7781982421875,1007.0362548828125,354.6981506347656,403.5975036621094
2021-08-10,758.3834838867188,362.55999755859375,717.0949096679688,679.88671875,998.1516723632812,361.1412353515625,397.12542724609375
2021-08-11,757.6365966796875,360.54998779296875,711.0542602539062,672.7570190429688,1005.4910278320312,354.81451416015625,398.6153564453125
2021-08-12,754.2008666992188,361.92999267578125,714.1221923828125,680.3231811523438,999.8417358398438,356.2293395996094,397.7773132324219
2021-08-13,756.7403564453125,363.7799987792969,725.9178466796875,683.6697387695312,989.0258178710938,356.2890930175781,401.5487976074219
2021-08-16,758.8316040039062,363.1300048828125,728.0106811523438,681.5842895507812,984.0524291992188,355.1632080078125,395.6354675292969
2021-08-17,753.6034545898438,361.3599853515625,720.4243774414062,680.1776733398438,970.6600341796875,356.35882568359375,392.5157775878906
2021-08-18,751.2633056640625,358.57000732421875,719.6395874023438,667.6643676757812,960.421630859375,348.65716552734375,390.839599609375
2021-08-20,737.1719970703125,352.95001220703125,720.4718627929688,660.2922973632812,950.5228881835938,339.46099853515625,378.7335510253906
2021-08-23,733.0392456054688,354.04998779296875,725.156982421875,662.2323608398438,959.402587890625,342.1112365722656,381.34100341796875
2021-08-24,743.2466430664062,359.5400085449219,741.4475708007812,673.630126953125,975.3667602539062,339.73004150390625,388.8840026855469
2021-08-25,735.9769897460938,358.54998779296875,740.7578735351562,670.33203125,975.8519897460938,338.1956787109375,387.6268310546875
2021-08-26,743.2466430664062,359.42999267578125,739.5213012695312,677.8496704101562,971.921630859375,338.25543212890625,382.5050048828125
2021-08-27,749.271484375,359.9700012207031,736.5009155273438,678.7711791992188,960.955322265625,341.4536437988281,384.088134765625
2021-08-30,780.7899169921875,366.45001220703125,745.91845703125,692.2545166015625,975.415283203125,345.8973388671875,393.63330078125
2021-08-31,783.229736328125,367.1600036621094,752.173095703125,697.4925537109375,963.0903930664062,349.4542236328125,396.7529296875
2021-09-01,795.5782470703125,369.4700012207031,751.0791625976562,698.317138671875,969.2528076171875,348.04937744140625,400.3382263183594
2021-09-02,799.3623046875,371.2900085449219,755.7880859375,703.40966796875,980.267578125,353.9775695800781,400.1985168457031
2021-09-03,794.6819458007812,370.95001220703125,749.6286010742188,702.5851440429688,974.1051635742188,357.0562438964844,401.73504638671875
2021-09-06,797.47021484375,369.42999267578125,744.7056274414062,699.5296020507812,962.6536865234375,353.60894775390625,401.4090881347656
2021-09-07,784.5740356445312,367.4800109863281,746.3941650390625,695.4071044921875,971.6790161132812,351.6760559082031,399.59320068359375
2021-09-08,791.3956298828125,370.239990234375,749.7950439453125,699.3355712890625,970.0776977539062,361.7390441894531,401.6884765625
2021-09-09,786.8645629882812,368.9599914550781,746.0848999023438,698.6565551757812,969.980712890625,362.2371826171875,402.5731201171875
2021-09-13,785.072021484375,367.25,739.8779296875,686.19189453125,966.8751831054688,366.66094970703125,403.0853271484375
2021-09-14,791.0968627929688,368.4100036621094,736.5484008789062,686.2402954101562,1005.9849243164062,372.18060302734375,403.2250061035156
2021-09-15,788.109375,370.9599914550781,735.7161254882812,692.9334716796875,1022.822509765625,372.9677429199219,413.32891845703125
2021-09-16,799.2628173828125,378.9100036621094,741.970703125,705.398193359375,1097.54833984375,379.9619445800781,431.8139953613281
2021-09-17,803.9930419921875,379.57000732421875,752.5299072265625,698.5595703125,1096.6265869140625,400.1177978515625,422.8741149902344
2021-09-20,792.5408325195312,374.07000732421875,741.9231567382812,688.7138671875,1057.75927734375,398.8226013183594,407.3690490722656
2021-09-21,792.0429077148438,374.9800109863281,738.1656494140625,690.5083618164062,1103.9534912109375,400.71563720703125,408.62615966796875
2021-09-22,785.072021484375,372.75,729.4851684570312,682.2632446289062,1107.6898193359375,395.6542663574219,408.6727600097656
2021-09-23,808.7730102539062,379.9599914550781,746.7508544921875,695.5040283203125,1134.6202392578125,403.3160400390625,418.8697814941406
2021-09-24,794.731689453125,380.5400085449219,761.75732421875,701.2756958007812,1128.700439453125,404.1330261230469,410.4421081542969
2021-09-27,793.6362915039062,383.8299865722656,772.9585571289062,708.1142578125,1116.7152099609375,405.17926025390625,415.8898010253906
2021-09-28,785.9185180664062,382.8500061035156,768.1783447265625,695.6495361328125,1101.2362060546875,412.1236572265625,414.3067321777344
2021-09-29,778.8978271484375,381.1000061035156,758.0948486328125,688.2288208007812,1090.02734375,404.601318359375,428.368408203125
2021-09-30,763.3627319335938,377.4599914550781,758.6181030273438,679.8381958007812,1079.0611572265625,399.629638671875,421.8497314453125
2021-10-01,764.9560546875,375.260009765625,752.79150390625,671.593017578125,1071.44287109375,397.2483825683594,420.5925598144531
2021-10-04,775.7609252929688,379.1199951171875,754.2421264648438,679.2077026367188,1086.727783203125,396.73028564453125,431.3017883300781
2021-10-05,779.345947265625,380.5299987792969,758.8558959960938,676.2005615234375,1134.08642578125,395.0166015625,432.7452087402344
2021-10-06,775.7111206054688,377.5799865722656,768.1069946289062,668.8284912109375,1098.421875,389.7160949707031,425.76092529296875
2021-10-07,773.8687744140625,380.0400085449219,766.01416015625,681.1477661132812,1132.242431640625,389.0585021972656,426.41278076171875
2021-10-08,778.6986694335938,380.25,762.2803955078125,682.311767578125,1139.7152099609375,385.8503112792969,426.5058898925781
2021-10-11,783.8770751953125,384.82000732421875,777.0965576171875,691.9149169921875,1138.5992431640625,393.6316833496094,436.9822998046875
2021-10-12,793.83544921875,387.25,775.098876953125,687.3557739257812,1146.9937744140625,397.5572204589844,449.78680419921875
2021-10-13,791.2959594726562,388.17999267578125,779.7601318359375,688.6653442382812,1149.5169677734375,400.3968200683594,448.5762023925781
2021-10-14,798.715087890625,395.989990234375,802.5907592773438,705.4952392578125,1174.2637939453125,402.0805969238281,456.86419677734375
2021-10-18,809.9182739257812,400.3900146484375,794.4573364257812,723.10107421875,1183.580322265625,400.84515380859375,463.7087707519531
2021-10-19,798.3167724609375,399.0799865722656,803.2090454101562,725.0411376953125,1158.7362060546875,405.5777587890625,454.6292724609375
2021-10-20,801.45361328125,398.6199951171875,796.1458129882812,723.4890747070312,1166.2088623046875,401.6123352050781,465.524658203125
2021-10-21,804.4411010742188,403.6000061035156,797.3111572265625,732.8497924804688,1149.4197998046875,427.1782531738281,468.3649597167969
2021-10-22,813.3041381835938,406.1400146484375,799.427734375,736.5358276367188,1161.0654296875,432.68798828125,468.3649597167969
2021-10-25,841.5860595703125,414.6300048828125,788.13134765625,816.4654541015625,1142.9661865234375,429.3203430175781,471.6708068847656
2021-10-26,838.3994140625,413.7200012207031,786.10986328125,804.5341796875,1120.7911376953125,440.5690002441406,477.3048095703125
2021-10-27,784.2255859375,411.6700134277344,781.3772583007812,809.96630859375,1108.805908203125,436.0456237792969,483.45098876953125
2021-10-28,755.1967163085938,398.0,757.9758911132812,774.7545776367188,1141.2679443359375,418.1614685058594,466.875
2021-10-29,738.914794921875,394.6199951171875,752.8628540039062,778.0042114257812,1106.5252685546875,404.7408142089844,467.61993408203125
2021-11-01,749.2216796875,400.9800109863281,763.5409545898438,779.7987060546875,1192.799560546875,413.7775573730469,480.23822021484375
2021-11-02,752.7071533203125,402.5,764.2306518554688,776.9371337890625,1176.738525390625,413.80743408203125,485.8256530761719
2021-11-03,747.4789428710938,395.95001220703125,752.1968994140625,762.3869018554688,1143.1602783203125,406.01611328125,491.3664855957031
2021-11-04,749.8192749023438,397.69000244140625,758.1423950195312,758.6522827148438,1153.98095703125,409.8918762207031,493.9739074707031
2021-11-08,747.9271240234375,397.4800109863281,761.138916015625,756.7608032226562,1029.8099365234375,422.21649169921875,487.2690124511719
2021-11-09,741.9520263671875,396.2099914550781,747.8211059570312,762.9688110351562,1036.7003173828125,417.9023742675781,492.76336669921875
2021-11-10,746.234130859375,392.20001220703125,739.7352294921875,757.48828125,1001.7149047851562,413.6878662109375,488.3399658203125
2021-11-11,734.981201171875,388.6099853515625,736.4295654296875,748.321533203125,1002.7825317382812,409.3139953613281,474.55767822265625
2021-11-12,732.989501953125,390.0899963378906,738.6650390625,753.317138671875,1006.4216918945312,413.41888427734375,476.18731689453125
2021-11-15,730.2011108398438,389.7900085449219,740.6864624023438,750.1161499023438,1010.7402954101562,417.92230224609375,471.7173767089844
2021-11-16,723.1306762695312,385.5899963378906,736.286865234375,741.1434326171875,990.7487182617188,415.0429382324219,461.0547790527344
2021-11-17,709.3880004882812,383.8299865722656,728.1058959960938,738.475830078125,1003.4617919921875,409.11474609375,463.8949890136719
2021-11-18,703.4129638671875,382.82000732421875,732.1963500976562,740.0279541015625,978.6663818359375,403.40576171875,469.156494140625
2021-11-22,683.5460205078125,374.57000732421875,720.7572631835938,729.4546508789062,977.1621704101562,389.6563415527344,452.9529724121094
2021-11-23,682.7990112304688,374.9200134277344,720.8524169921875,729.3091430664062,952.36669921875,395.1261901855469,459.14569091796875
2021-11-24,682.3012084960938,376.42999267578125,722.04150390625,737.4088745117188,941.740234375,400.8052978515625,459.23883056640625
2021-11-25,677.072998046875,376.6400146484375,725.7990112304688,728.5331420898438,930.9679565429688,405.5279235839844,456.817626953125
2021-11-26,658.9983520507812,363.30999755859375,708.6522827148438,700.548095703125,875.1661987304688,391.4197998046875,438.1463317871094
2021-11-29,648.3926391601562,362.67999267578125,714.0507202148438,696.862060546875,869.0037231445312,402.4393310546875,433.11767578125
2021-11-30,652.923828125,359.6099853515625,710.3883666992188,692.9334716796875,856.92138671875,390.9416198730469,428.8805847167969
2021-12-01,676.7742309570312,366.5299987792969,715.6680297851562,705.8832397460938,906.0755004882812,389.2378845214844,442.6162414550781
2021-12-02,673.288818359375,367.9800109863281,725.7039794921875,700.7421264648438,917.6240844726562,391.40985107421875,444.1993713378906
2021-12-03,670.20166015625,365.1600036621094,719.901123046875,694.824951171875,923.0587158203125,381.4365234375,440.6141052246094
2021-12-06,660.3428344726562,360.5799865722656,715.2637329101562,688.27734375,888.607177734375,375.6578063964844,433.3039245605469
2021-12-07,684.1434936523438,369.79998779296875,725.6800537109375,712.6248779296875,899.2822875976562,386.0097351074219,443.9200134277344
2021-12-08,694.201416015625,376.2300109863281,739.0455322265625,730.8128051757812,917.3814086914062,382.6820068359375,457.74884033203125
2021-12-09,691.0645751953125,374.1499938964844,726.2271118164062,732.3648071289062,918.448974609375,381.864990234375,455.0482482910156
2021-12-10,685.1890869140625,374.4100036621094,724.1819458007812,735.2748413085938,916.8477172851562,377.9593505859375,460.6822509765625
2021-12-13,701.07275390625,372.8599853515625,718.7596435546875,731.3946533203125,910.8307495117188,373.2466735839844,454.2567138671875
2021-12-14,707.9440307617188,372.1400146484375,714.62158203125,735.9053344726562,918.1093139648438,366.73065185546875,454.95513916015625
2021-12-15,709.5374145507812,371.17999267578125,713.456298828125,729.6971435546875,910.8307495117188,372.1108703613281,451.4629821777344
2021-12-16,706.6992797851562,368.2799987792969,713.5037841796875,718.9299926757812,900.883544921875,370.7857360839844,448.06402587890625
2021-12-17,686.0355834960938,358.6700134277344,700.6378173828125,706.4651489257812,856.92138671875,357.4448547363281,435.63201904296875
2021-12-20,671.5460205078125,348.1499938964844,678.0927124023438,688.6653442382812,821.1112060546875,347.22247314453125,418.31103515625
2021-12-21,663.0813598632812,348.3500061035156,685.774169921875,698.7535400390625,831.8834228515625,346.0368347167969,415.3310852050781
2021-12-22,666.5667724609375,352.8900146484375,687.3912963867188,710.8302612304688,846.0037231445312,351.1878967285156,424.5037536621094
2021-12-23,675.9776000976562,353.9700012207031,686.8681030273438,709.3753051757812,845.372802734375,353.8182067871094,430.0445861816406
2021-12-24,664.7244873046875,350.07000732421875,684.3948974609375,705.3012084960938,835.7167358398438,348.39813232421875,425.5281066894531
2021-12-27,669.355224609375,352.44000244140625,690.0548706054688,713.9343872070312,829.990966796875,353.3897399902344,426.55242919921875
2021-12-28,672.6415405273438,354.3800048828125,694.8112182617188,713.7403564453125,827.4677734375,353.6786804199219,429.4858703613281
2021-12-29,667.7120361328125,353.05999755859375,691.5055541992188,713.6433715820312,844.3053588867188,351.5465087890625,423.1534729003906
2021-12-30,666.0689086914062,354.0400085449219,695.1442260742188,713.6433715820312,859.2506103515625,349.76312255859375,420.6391296386719
2021-12-31,675.7286376953125,357.510009765625,703.6582641601562,717.9599609375,861.9193115234375,357.90313720703125,428.7874450683594
2022-01-03,693.4545288085938,366.82000732421875,722.8025512695312,741.77392578125,885.3560180664062,363.5523681640625,438.4256896972656
2022-01-04,706.2013549804688,370.8500061035156,727.0357666015625,749.6796264648438,877.689453125,369.1617431640625,450.25244140625
2022-01-05,723.8775634765625,379.0899963378906,744.3013916015625,764.4239501953125,877.252685546875,383.0207214355469,458.5403747558594
2022-01-06,727.2633666992188,378.19000244140625,732.3629150390625,761.5137939453125,894.4784545898438,376.9928894042969,457.8885498046875
2022-01-07,727.5620727539062,380.30999755859375,737.499755859375,769.468017578125,895.01220703125,379.453857421875,457.469482421875
2022-01-10,739.7114868164062,385.7099914550781,741.5902709960938,786.4432983398438,893.653564453125,388.1618347167969,469.01678466796875
2022-01-11,740.1595458984375,386.42999267578125,744.8008422851562,786.3463745117188,890.8392333984375,385.93994140625,471.1586608886719
2022-01-12,743.7445678710938,389.69000244140625,740.401123046875,799.0535888671875,913.7421875,389.885498046875,475.1629638671875
2022-01-13,737.6201782226562,387.2900085449219,726.7741088867188,799.9751586914062,899.718994140625,383.8576354980469,476.18731689453125
2022-01-14,718.6991577148438,386.80999755859375,734.9313354492188,795.416015625,892.8771362304688,386.2189636230469,473.39361572265625
2022-01-17,709.686767578125,385.29998779296875,723.6824340820312,794.7369995117188,893.3138427734375,386.06951904296875,478.6551208496094
2022-01-18,722.1846313476562,384.6700134277344,727.36865234375,798.4230346679688,873.0796508789062,387.00604248046875,471.9501647949219
2022-01-19,726.5662841796875,383.17999267578125,722.231689453125,784.3577880859375,866.8687133789062,379.73284912109375,480.331298828125
2022-01-20,725.8692626953125,381.4800109863281,717.7369384765625,785.9583129882812,851.292724609375,377.13238525390625,476.23388671875
2022-01-21,709.5374145507812,377.8800048828125,723.7301025390625,780.3806762695312,828.8749389648438,377.3615417480469,468.13214111328125
2022-01-24,701.6702880859375,372.1499938964844,707.1065063476562,774.5121459960938,826.109130859375,364.8376159667969,460.1700439453125
2022-01-25,749.0723266601562,380.3999938964844,707.7723999023438,777.6162109375,858.1344604492188,369.5702209472656,479.26043701171875
2022-01-27,770.63232421875,381.7699890136719,701.54150390625,770.8259887695312,861.8707885742188,376.46484375,492.57708740234375
2022-01-28,761.5204467773438,379.8500061035156,695.9765625,757.7307739257812,876.864501953125,378.2682189941406,487.4552917480469
2022-01-31,769.8356323242188,382.8999938964844,706.6546020507812,765.1513671875,846.34326171875,370.0883483886719,501.2840576171875
2022-02-01,778.6488647460938,387.4100036621094,712.029296875,786.0068359375,895.0607299804688,375.0799560546875,495.6966552734375
2022-02-02,800.7565307617188,395.9200134277344,728.2960815429688,789.3533935546875,946.5438842773438,387.09576416015625,502.68096923828125
2022-02-03,796.2254638671875,393.6600036621094,720.7572631835938,784.6973266601562,930.0460205078125,380.41033935546875,502.9603576660156
2022-02-04,795.2295532226562,390.8399963378906,724.87158203125,780.9142456054688,927.81396484375,375.4585266113281,493.8341979980469
2022-02-07,786.3168334960938,383.05999755859375,698.3071899414062,762.8234252929688,905.4932250976562,364.34942626953125,496.5814208984375
2022-02-08,795.2295532226562,383.29998779296875,695.3107299804688,768.7405395507812,910.005859375,362.2272644042969,494.8119812011719
2022-02-09,800.507568359375,389.2300109863281,712.314697265625,778.7316284179688,938.5861206054688,365.6546325683594,498.4438171386719
2022-02-10,806.432861328125,393.32000732421875,725.3947143554688,781.3507690429688,943.632568359375,372.0710144042969,503.3793640136719
2022-02-11,800.4578247070312,388.0,722.4220581054688,767.0914306640625,953.3857421875,364.3095397949219,493.182373046875
2022-02-14,770.1343994140625,372.20001220703125,700.947021484375,731.103759765625,913.7906494140625,348.0892639160156,466.9215087890625
2022-02-15,793.6362915039062,384.2799987792969,721.9226684570312,752.7836303710938,941.060791015625,361.2906799316406,488.71240234375
2022-02-16,793.7359008789062,381.54998779296875,720.9475708007812,741.1434326171875,939.7992553710938,364.66827392578125,481.16943359375
2022-02-17,779.545166015625,377.92999267578125,716.5478515625,727.8541259765625,927.5713500976562,362.1275939941406,477.6773376464844
2022-02-18,784.1259765625,378.8800048828125,719.330322265625,726.4476928710938,927.1345825195312,363.9708557128906,479.8656921386719
2022-02-21,785.5699462890625,379.510009765625,723.9678344726562,731.8311767578125,924.3203125,364.0804443359375,476.6529541015625
2022-02-22,775.9103393554688,377.010009765625,718.5455932617188,728.7756958007812,911.364501953125,366.99969482421875,464.1278076171875
2022-02-23,773.9684448242188,377.260009765625,713.8843383789062,722.2765502929688,922.6219482421875,375.837158203125,464.4071960449219
2022-02-24,727.2633666992188,359.5899963378906,675.119873046875,686.19189453125,849.7885131835938,357.6540832519531,440.1485290527344
2022-02-25,754.8980712890625,367.6499938964844,692.5758056640625,708.1627807617188,899.67041015625,369.978759765625,449.7402648925781
2022-02-28,739.3131103515625,364.8900146484375,678.3779907226562,720.4334716796875,893.5079956054688,367.19891357421875,449.9730529785156
2022-03-02,747.1304931640625,356.3800048828125,653.6448364257812,693.41845703125,879.581787109375,359.87591552734375,441.6384582519531
2022-03-03,734.5829467773438,350.75,652.0990600585938,677.3646850585938,885.3075561523438,357.1359558105469,435.259521484375
2022-03-04,712.0270385742188,346.739990234375,649.9586181640625,667.421875,875.2632446289062,349.1453857421875,430.1842956542969
2022-03-07,664.7742309570312,332.4200134277344,630.1245727539062,634.1502075195312,809.7567749023438,341.1248779296875,410.0230407714844
2022-03-08,667.6124877929688,334.1600036621094,631.5514526367188,645.0629272460938,815.8707275390625,343.3566589355469,410.0230407714844
2022-03-09,671.3966674804688,341.05999755859375,652.17041015625,647.4395751953125,849.497314453125,346.5449523925781,420.6391296386719
2022-03-10,692.0603637695312,347.0899963378906,662.4203491210938,656.3151245117188,877.5923461914062,349.583740234375,436.4701232910156
2022-03-11,687.9774169921875,347.75,664.3704833984375,657.5762329101562,875.1176147460938,351.3074035644531,438.0066833496094
2022-03-14,707.0975952148438,354.8399963378906,686.130859375,675.2791137695312,880.7948608398438,356.43853759765625,451.7889404296875
2022-03-15,695.2471313476562,351.8599853515625,677.3078002929688,676.4430541992188,870.1683349609375,345.4788818359375,452.4408264160156
2022-03-16,720.8401489257812,359.489990234375,688.79443359375,686.7738037109375,901.2232055664062,350.80926513671875,458.8663330078125
2022-03-17,736.1761474609375,366.07000732421875,703.9673461914062,698.510986328125,904.9110107421875,362.6656494140625,467.3871765136719
2022-03-21,722.8817749023438,362.8800048828125,707.03515625,689.44140625,886.423583984375,354.11712646484375,456.86419677734375
2022-03-22,728.3588256835938,365.95001220703125,710.6737670898438,696.6680908203125,900.30126953125,360.24456787109375,459.75103759765625
2022-03-23,723.7282104492188,363.3800048828125,703.586669921875,696.7650146484375,903.8433837890625,352.6524963378906,456.9107666015625
2022-03-24,719.2468872070312,358.20001220703125,686.1784057617188,683.0878295898438,897.4868774414062,341.5732116699219,453.6048583984375
2022-03-25,718.2510986328125,356.8999938964844,680.5896606445312,678.2861938476562,898.8941040039062,343.1872863769531,456.9573059082031
2022-03-28,732.939697265625,359.75,681.493408203125,689.0533447265625,907.53125,343.775146484375,463.2897033691406
2022-03-29,734.7322387695312,360.8800048828125,690.5306396484375,693.85498046875,901.7084350585938,344.73162841796875,460.96160888671875
2022-03-30,747.3296508789062,364.989990234375,702.4927978515625,708.9873046875,898.9425659179688,351.32733154296875,460.30975341796875
2022-03-31,757.9851684570312,365.510009765625,699.3536376953125,708.4052734375,907.7738647460938,349.484130859375,459.611328125
2022-04-01,771.3294067382812,372.8500061035156,716.31005859375,714.1768798828125,939.9932861328125,354.0273742675781,473.2539367675781
2022-04-04,780.8396606445312,387.7900085449219,788.0362548828125,724.216552734375,958.0440063476562,365.8638916015625,477.1651611328125
2022-04-05,779.8438110351562,383.1199951171875,764.9439697265625,719.5604248046875,944.5059814453125,359.1186828613281,474.37139892578125
2022-04-06,770.4830322265625,379.1300048828125,737.6423950195312,719.366455078125,939.7021484375,354.5754089355469,478.6085510253906
2022-04-07,788.8064575195312,378.55999755859375,721.4232177734375,726.1080322265625,943.8751220703125,351.9949035644531,479.539794921875
2022-04-08,791.5947875976562,380.489990234375,720.4243774414062,731.6857299804688,956.4912109375,355.5916748046875,480.6106872558594
2022-04-11,782.7815551757812,378.5299987792969,711.6250610351562,736.8267822265625,951.4933471679688,355.3824157714844,479.49322509765625
2022-04-12,795.1300659179688,379.82000732421875,710.3646850585938,740.9494018554688,956.0059814453125,359.0489196777344,477.5841369628906
2022-04-13,789.75244140625,376.9599914550781,696.7850952148438,739.3974609375,954.356201171875,354.6152648925781,482.1006774902344
2022-04-18,795.5283203125,370.45001220703125,663.7283935546875,735.080810546875,948.5819091796875,348.796630859375,474.46453857421875
2022-04-19,794.4827270507812,365.57000732421875,638.4006958007812,743.325927734375,935.3350219726562,340.24810791015625,476.60638427734375
2022-04-20,791.3956298828125,365.8299865722656,644.1558837890625,732.8982543945312,943.8265991210938,342.9980163574219,474.27825927734375
2022-04-21,798.466064453125,370.6400146484375,653.6923828125,739.494384765625,960.0333862304688,350.8789978027344,480.7969055175781
2022-04-22,777.3541870117188,363.3599853515625,644.774169921875,725.235107421875,931.501708984375,344.28326416015625,466.1765441894531
2022-04-25,777.453857421875,363.4100036621094,649.6019287109375,729.648681640625,918.5945434570312,344.5024719238281,460.7288513183594
2022-04-26,771.777587890625,366.29998779296875,652.5985107421875,731.1522216796875,951.4933471679688,347.2622985839844,470.7396240234375
2022-04-27,762.7154541015625,363.1099853515625,652.8363037109375,714.6133422851562,945.7190551757812,347.0231628417969,463.0569152832031
2022-04-28,776.5576171875,366.760009765625,652.2655029296875,724.7501831054688,959.1599731445312,351.8354797363281,472.60205078125
2022-04-29,725.5704956054688,363.82000732421875,658.5677490234375,721.0155639648438,949.6494140625,356.8370666503906,462.1722412109375
2022-05-02,724.32568359375,364.1099853515625,667.65234375,718.784423828125,988.0313720703125,353.5691223144531,457.2366638183594
2022-05-04,704.2594604492188,355.55999755859375,644.9645385742188,702.5366821289062,949.4067993164062,353.8182067871094,446.6671447753906
2022-05-05,699.4295654296875,354.5899963378906,643.5137939453125,706.9502563476562,909.1325073242188,358.2020263671875,446.9930725097656
2022-05-06,670.60009765625,348.5799865722656,626.7000122070312,697.6865844726562,888.3645629882812,353.7583923339844,450.67144775390625
2022-05-09,660.9403686523438,345.4700012207031,627.7701416015625,689.0533447265625,863.423583984375,352.2041015625,443.1750183105469
2022-05-10,657.0067138671875,346.6400146484375,637.8536987304688,689.974853515625,883.8518676757812,358.11236572265625,442.5231628417969
2022-05-11,669.5543212890625,348.5,641.4447631835938,692.7879638671875,896.0797119140625,360.6629943847656,443.7803039550781
2022-05-12,646.9487915039062,338.19000244140625,626.985595703125,674.9395751953125,844.2083129882812,350.8889465332031,430.8361511230469
2022-05-13,633.3057250976562,335.010009765625,621.35595703125,657.042724609375,846.5859375,354.6052551269531,414.0738830566406
2022-05-16,636.293212890625,338.79998779296875,627.9719848632812,662.5233764648438,859.73583984375,361.2408752441406,423.7121887207031
2022-05-17,652.2266845703125,345.6000061035156,632.25439453125,688.7138671875,877.1555786132812,366.71075439453125,435.1664123535156
2022-05-18,656.7080688476562,345.1099853515625,632.206298828125,686.1432495117188,876.476318359375,368.0059509277344,426.5058898925781
2022-05-19,647.4964599609375,336.4200134277344,619.2869873046875,669.6044921875,840.6660766601562,355.3724670410156,416.72796630859375
2022-05-20,670.3012084960938,345.2799987792969,635.5985107421875,688.27734375,870.022705078125,364.4889221191406,430.60333251953125
2022-05-23,672.5418090820312,345.0,627.4427490234375,689.732421875,875.7484741210938,369.5004577636719,429.2065124511719
2022-05-24,661.288818359375,345.42999267578125,634.6361694335938,686.9193115234375,871.4298706054688,375.1397399902344,430.27740478515625
2022-05-25,662.2349243164062,346.6000061035156,639.3757934570312,691.96337890625,866.9656982421875,380.1114196777344,429.4735107421875
2022-05-26,680.4090576171875,354.0400085449219,657.6119384765625,706.6591796875,871.0902099609375,380.33062744140625,443.47088623046875
2022-05-27,685.43798828125,359.0799865722656,669.8095703125,717.6204833984375,898.0691528320312,387.8130798339844,443.5181884765625
2022-05-30,690.7659301757812,361.42999267578125,674.3807373046875,726.0596313476562,908.5501708984375,379.2446594238281,448.8617858886719
2022-05-31,682.3510131835938,357.6199951171875,668.3179321289062,730.2791137695312,903.358154296875,368.0158996582031,442.7142639160156
2022-06-01,683.1973266601562,359.510009765625,671.1568603515625,730.085205078125,900.9320068359375,371.65252685546875,442.9034118652344
2022-06-02,688.674560546875,359.489990234375,666.4654541015625,727.2721557617188,915.100830078125,370.16802978515625,444.369384765625
2022-06-03,674.4837646484375,356.010009765625,664.1558837890625,721.9854736328125,897.0016479492188,370.3673095703125,439.30950927734375
2022-06-06,669.405029296875,356.4700012207031,663.265625,724.362060546875,901.3202514648438,372.4894714355469,438.5529479980469
2022-06-07,663.0813598632812,353.3900146484375,655.6392211914062,713.2068481445312,896.4193725585938,370.2676696777344,438.2691650390625
2022-06-08,655.8615112304688,352.6099853515625,657.9487915039062,707.6292724609375,886.7147216796875,367.7469787597656,445.74072265625
2022-06-09,658.5503540039062,353.5799865722656,662.90478515625,710.7817993164062,893.1198120117188,371.6725158691406,441.62664794921875
2022-06-10,657.9528198242188,348.6099853515625,650.1057739257812,698.4140625,886.2294921875,357.0462951660156,436.80322265625
2022-06-13,646.2516479492188,338.3599853515625,638.317138671875,667.3734741210938,839.8897705078125,346.19622802734375,421.6708984375
2022-06-14,648.044189453125,337.1600036621094,631.2921142578125,664.9483642578125,819.2673950195312,346.6645202636719,423.79888916015625
2022-06-15,647.7952270507812,336.54998779296875,629.102783203125,666.6459350585938,818.3939208984375,346.0567321777344,426.8726501464844
2022-06-16,632.2601318359375,329.4100036621094,616.520263671875,658.1582641601562,785.689208984375,333.93133544921875,417.6513977050781
2022-06-17,632.558837890625,330.739990234375,620.5861206054688,666.2579345703125,783.0689697265625,333.49298095703125,417.0839538574219
2022-06-20,625.6875,329.989990234375,636.1759643554688,665.3848876953125,760.893798828125,334.60888671875,411.1256103515625
2022-06-21,633.8533935546875,335.2300109863281,643.1047973632812,675.2305297851562,775.2566528320312,335.067138671875,426.30517578125
2022-06-22,624.1937255859375,331.6400146484375,640.0734252929688,666.015380859375,754.682861328125,332.7158203125,423.373291015625
2022-06-23,626.733154296875,334.7699890136719,642.43115234375,678.189208984375,761.7672729492188,335.5852966308594,426.9199523925781
2022-06-24,631.3638305664062,339.69000244140625,651.4049682617188,692.0604248046875,782.6807250976562,338.4347839355469,429.6153869628906
2022-06-27,634.450927734375,341.3999938964844,652.583740234375,695.8435668945312,799.1786499023438,337.06976318359375,436.1884765625
2022-06-28,639.6791381835938,339.8900146484375,647.6036987304688,689.0048828125,792.4824829101562,332.5364990234375,439.07305908203125
2022-06-29,622.9489135742188,336.0899963378906,646.6654052734375,681.6812133789062,784.9127807617188,327.2857666015625,434.2023620605469
2022-06-30,634.1521606445312,337.3399963378906,648.6141967773438,685.9978637695312,770.8895263671875,331.0021057128906,440.63360595703125
2022-07-01,641.2724609375,339.30999755859375,651.380859375,682.7967529296875,783.360107421875,332.3272399902344,441.53204345703125
2022-07-04,651.629150390625,342.739990234375,652.2951049804688,698.510986328125,807.4276733398438,332.95489501953125,447.7741394042969
2022-07-05,645.8035888671875,341.42999267578125,650.8274536132812,697.8805541992188,799.7124633789062,331.39068603515625,446.54461669921875
2022-07-06,655.2142944335938,347.20001220703125,659.80126953125,704.1857299804688,811.84326171875,339.6502990722656,453.921630859375
2022-07-07,656.4110717773438,352.9599914550781,671.614013671875,719.7545166015625,835.5712280273438,346.4254150390625,460.35284423828125
2022-07-08,667.3820190429688,354.6499938964844,672.239501953125,733.0437622070312,823.537353515625,347.6708068847656,462.05523681640625
2022-07-11,678.0536499023438,358.739990234375,676.5940551757812,746.4300537109375,832.9993896484375,346.9733581542969,461.7242736816406
2022-07-12,674.413330078125,355.010009765625,669.6892700195312,737.1178588867188,822.0331420898438,342.52972412109375,458.6504821777344
2022-07-13,678.1036376953125,352.3299865722656,653.3536376953125,730.6187133789062,794.860107421875,347.1327819824219,460.11639404296875
2022-07-14,666.4844360351562,351.0899963378906,650.0816650390625,729.8426513671875,796.655517578125,352.7122497558594,453.35418701171875
2022-07-15,660.4503784179688,351.05999755859375,655.37451171875,728.6787109375,790.9782104492188,356.2293395996094,453.11773681640625
2022-07-18,682.69140625,357.54998779296875,648.397705078125,748.8551635742188,825.9150390625,367.7768249511719,463.7103271484375
2022-07-19,698.7488403320312,360.8399963378906,648.63818359375,757.2457885742188,842.46142578125,365.6446228027344,470.9454650878906
2022-07-20,703.8353881835938,362.9700012207031,656.8180541992188,759.6222534179688,853.3306274414062,364.20989990234375,481.0179138183594
2022-07-21,713.6593627929688,365.30999755859375,654.7490234375,762.4353637695312,920.0986938476562,358.78985595703125,484.2807922363281
2022-07-22,728.8192138671875,370.8999938964844,670.0260620117188,776.0640869140625,914.6156005859375,364.0804443359375,485.84130859375
2022-07-25,725.42822265625,370.29998779296875,671.9988403320312,776.888671875,933.6367797851562,357.7935485839844,489.7189636230469
2022-07-26,704.58349609375,367.7799987792969,670.6275634765625,772.426513671875,933.2000122070312,351.0284729003906,486.314208984375
2022-07-27,717.0504150390625,372.2200012207031,675.7520141601562,776.5006713867188,950.8624877929688,349.533935546875,499.5549621582031
2022-07-28,723.9821166992188,377.0,681.7425537109375,790.1779174804688,987.6431884765625,364.3594055175781,503.574462890625
2022-07-29,722.8350830078125,378.0400085449219,690.0907592773438,794.0579223632812,1012.6812133789062,360.74273681640625,499.6968078613281
2022-08-01,728.8690795898438,382.5299987792969,695.8407592773438,798.714111328125,1009.43017578125,369.7893981933594,504.8039855957031
2022-08-02,728.52001953125,384.2799987792969,688.190185546875,793.2334594726562,1035.729736328125,375.5382995605469,512.7011108398438
2022-08-03,728.5699462890625,383.3999938964844,689.8020629882812,800.0720825195312,1027.0440673828125,368.86285400390625,511.5188903808594
2022-08-04,719.6934204101562,380.8399963378906,688.984130859375,795.6585693359375,1019.1831665039062,365.76422119140625,504.3311462402344
2022-08-05,726.5751953125,382.739990234375,686.6504516601562,813.0703735351562,1005.69384765625,365.4354248046875,502.2503662109375
2022-08-08,743.5801391601562,386.4599914550781,703.4913330078125,816.7297973632812,1019.1831665039062,367.54766845703125,492.177978515625
2022-08-10,737.0474243164062,386.8399963378906,705.5362548828125,828.2447509765625,1031.702392578125,364.32952880859375,486.787109375
2022-08-11,756.844970703125,393.2200012207031,714.8709716796875,838.93017578125,1055.76806640625,369.56341552734375,496.2920837402344
2022-08-12,758.54052734375,394.8999938964844,714.6062622070312,853.2750244140625,1056.990966796875,367.1109619140625,501.9194030761719
2022-08-16,762.6296997070312,397.05999755859375,722.7861328125,858.0078735351562,1060.9041748046875,368.1377868652344,497.4269714355469
2022-08-17,770.0599365234375,399.07000732421875,726.5152587890625,861.9111938476562,1064.964111328125,366.8118591308594,499.5076904296875
2022-08-18,763.0286254882812,401.1000061035156,727.3812866210938,863.7164916992188,1081.1058349609375,379.73211669921875,503.4798889160156
2022-08-19,755.49853515625,393.79998779296875,718.4075317382812,849.3717041015625,1040.2135009765625,374.2489929199219,492.1306457519531
2022-08-22,739.889892578125,387.3800048828125,707.4850463867188,831.6600952148438,1034.245849609375,365.28656005859375,483.57147216796875
2022-08-23,745.076171875,391.7200012207031,705.2957153320312,843.0287475585938,1047.795166015625,370.01202392578125,493.5966796875
2022-08-24,748.1680297851562,394.8699951171875,708.6879272460938,852.2015991210938,1077.9754638671875,372.374755859375,491.13763427734375
2022-08-25,741.3859252929688,394.260009765625,704.838623046875,851.2745361328125,1066.2847900390625,372.60406494140625,492.177978515625
2022-08-26,742.931884765625,394.8500061035156,704.9588623046875,849.8107299804688,1046.5234375,379.2436828613281,495.3935546875
2022-08-29,726.774658203125,387.7799987792969,692.5928955078125,835.1731567382812,1036.202392578125,368.8656005859375,486.928955078125
2022-08-30,749.514404296875,399.95001220703125,715.0634155273438,865.8633422851562,1083.40478515625,381.9154052734375,502.4395446777344
2022-09-01,742.183837890625,398.1099853515625,708.3511352539062,853.2261352539062,1087.26904296875,379.4031677246094,504.37835693359375
2022-09-02,748.2178344726562,398.7699890136719,714.7747802734375,851.3233642578125,1076.850341796875,382.59332275390625,507.593994140625
2022-09-05,754.102294921875,402.7900085449219,719.3699340820312,861.1305541992188,1083.94287109375,386.39166259765625,509.6747131347656
2022-09-06,748.0183715820312,401.25,716.627197265625,862.301513671875,1084.7255859375,381.9653015136719,508.6343078613281
2022-09-07,753.4041748046875,399.2799987792969,713.2349853515625,855.0315551757812,1066.2847900390625,380.4798278808594,503.9527587890625
2022-09-08,777.689697265625,406.4700012207031,720.5968627929688,877.0855102539062,1084.2364501953125,384.82647705078125,515.1128540039062
2022-09-09,782.7762451171875,408.82000732421875,721.0780029296875,879.476318359375,1112.4599609375,384.0887145996094,523.3410034179688
2022-09-12,798.8836669921875,410.2200012207031,718.6481323242188,885.2825927734375,1112.16650390625,383.6201477050781,524.8070068359375
2022-09-13,803.421630859375,412.9599914550781,728.054931640625,888.0149536132812,1138.5313720703125,383.50054931640625,527.7388916015625
2022-09-14,800.92822265625,419.2900085449219,735.5371704101562,895.9192504882812,1189.3533935546875,389.7413330078125,540.7431640625
2022-09-15,787.9126586914062,417.5299987792969,731.7117309570312,895.4312744140625,1169.885498046875,385.6439208984375,541.1215209960938
2022-09-16,787.2145385742188,412.3299865722656,718.26318359375,887.1366577148438,1200.7015380859375,384.8763427734375,531.332763671875
2022-09-19,795.9912719726562,413.3500061035156,723.0026245117188,877.475830078125,1199.1363525390625,384.7168273925781,541.216064453125
2022-09-20,810.6025390625,419.07000732421875,731.7117309570312,894.6018676757812,1236.653564453125,386.7605285644531,542.91845703125
2022-09-21,804.4190063476562,416.5199890136719,730.5810546875,893.1380615234375,1197.6688232421875,382.5235900878906,538.8043823242188
2022-09-22,787.1148071289062,411.6700134277344,715.0153198242188,881.574462890625,1190.1361083984375,377.38934326171875,536.5345458984375
2022-09-23,766.5692138671875,401.5899963378906,695.8407592773438,860.9353637695312,1157.6568603515625,371.3977966308594,520.7401123046875
2022-09-26,740.6378784179688,391.5400085449219,686.4580078125,840.2474975585938,1124.6396484375,364.6784362792969,513.8360595703125
2022-09-27,735.5513916015625,388.7200012207031,680.299072265625,831.952880859375,1139.8031005859375,358.7566223144531,507.40484619140625
2022-09-28,714.5570678710938,383.1700134277344,668.6066284179688,828.9765625,1116.128662109375,357.4207458496094,496.38665771484375
2022-09-29,717.1002807617188,382.0199890136719,665.1422119140625,823.5118408203125,1117.4493408203125,351.9775085449219,493.4547424316406
2022-09-30,731.2628173828125,391.04998779296875,683.9077758789062,841.174560546875,1159.4666748046875,362.72442626953125,501.8247985839844
2022-10-03,720.8403930664062,385.8800048828125,679.9862670898438,827.8543701171875,1131.145263671875,355.6860656738281,491.563232421875
2022-10-04,740.83740234375,395.5199890136719,699.1367797851562,846.6880493164062,1192.7774658203125,363.33258056640625,503.8109436035156
2022-10-06,753.1048583984375,397.32000732421875,691.4380493164062,864.05810546875,1174.8258056640625,362.66461181640625,508.16143798828125
2022-10-07,753.7033081054688,396.3500061035156,688.454833984375,861.2280883789062,1187.054443359375,363.96063232421875,501.446533203125
2022-10-10,774.7974243164062,395.5799865722656,680.8523559570312,860.4474487304688,1184.021728515625,360.5411682128906,501.9666748046875
2022-10-11,783.4744262695312,392.0,673.9476318359375,849.5667724609375,1139.31396484375,356.483642578125,498.79840087890625
2022-10-12,806.5632934570312,395.8699951171875,678.350341796875,847.3711547851562,1163.233154296875,360.92999267578125,504.85125732421875
2022-10-13,799.8809814453125,391.6099853515625,670.5553588867188,832.9774780273438,1158.537353515625,359.1952819824219,493.1710205078125
2022-10-14,798.3849487304688,397.8599853515625,692.400390625,849.225341796875,1155.9449462890625,365.67535400390625,498.6092224121094
2022-10-17,811.9989013671875,403.6499938964844,696.0332641601562,863.8140869140625,1173.60302734375,370.4905700683594,514.1670532226562
2022-10-18,814.1930541992188,407.2099914550781,694.7340698242188,875.2315063476562,1196.6905517578125,370.7995910644531,531.947509765625
2022-10-19,827.6574096679688,408.010009765625,701.8554077148438,870.54736328125,1191.94580078125,372.72369384765625,523.3883666992188
2022-10-20,823.66796875,405.9599914550781,697.1158447265625,867.1807861328125,1134.764892578125,371.5672302246094,525.2799072265625
2022-10-21,898.02099609375,412.1199951171875,692.2078857421875,885.2338256835938,1117.4493408203125,379.3632507324219,530.434326171875
2022-10-24,907.047119140625,416.70001220703125,703.0101318359375,903.9210815429688,1120.9710693359375,377.9974670410156,539.5609741210938
2022-10-25,900.4644775390625,415.3900146484375,698.1263427734375,902.7013549804688,1112.75341796875,368.1876525878906,547.1744384765625
2022-10-27,912.7320556640625,416.94000244140625,699.8103637695312,902.0670776367188,1117.6937255859375,371.8563537597656,548.2147216796875
2022-10-28,900.6640014648438,414.17999267578125,701.8793334960938,885.9168090820312,1122.0960693359375,375.6945495605469,539.79736328125
2022-10-31,903.606201171875,417.25,720.1637573242188,886.746337890625,1117.840576171875,379.22369384765625,542.6820068359375
2022-11-01,869.4466552734375,417.3999938964844,728.1270751953125,886.6487426757812,1126.156005859375,380.66925048828125,545.6139526367188
2022-11-02,861.2683715820312,415.8599853515625,728.5841674804688,882.843017578125,1113.4871826171875,380.81878662109375,542.7293090820312
2022-11-03,861.7670288085938,417.3800048828125,725.3844604492188,886.6975708007812,1123.074462890625,378.86480712890625,553.1801147460938
2022-11-04,865.8062744140625,417.0,720.3803100585938,883.4284057617188,1127.67236328125,378.824951171875,561.7392578125
2022-11-07,870.6435546875,421.1600036621094,725.9859008789062,895.333740234375,1119.30810546875,375.3655700683594,580.8438110351562
2022-11-09,871.3915405273438,422.2900085449219,725.7693481445312,888.5028686523438,1124.052734375,377.5189514160156,582.1677856445312
2022-11-10,841.4707641601562,420.57000732421875,733.6605224609375,888.697998046875,1102.8726806640625,381.2574157714844,572.8993530273438
2022-11-11,848.4523315429688,425.92999267578125,775.2333984375,884.6482543945312,1115.2481689453125,378.65545654296875,568.6906127929688
2022-11-14,848.75146484375,425.6499938964844,777.1099853515625,873.3285522460938,1127.9168701171875,383.38092041015625,560.4152221679688
2022-11-15,856.38134765625,428.510009765625,779.0106201171875,889.673828125,1127.819091796875,381.30731201171875,568.2650146484375
2022-11-16,853.139892578125,429.8699951171875,785.6988525390625,891.5279541015625,1119.259033203125,391.9744873046875,567.2246704101562
2022-11-17,855.9324951171875,429.54998779296875,778.6016845703125,897.5781860351562,1121.6070556640625,388.9139099121094,566.5626220703125
2022-11-18,856.929931640625,429.45001220703125,776.5567016601562,898.1148681640625,1104.1446533203125,390.7083740234375,570.0147094726562
2022-11-21,867.7511596679688,428.04998779296875,768.5933227539062,899.1395263671875,1114.2698974609375,387.6278381347656,565.6641845703125
2022-11-22,867.7511596679688,428.95001220703125,767.4625244140625,901.3839721679688,1144.009765625,386.7605285644531,566.6099853515625
2022-11-23,872.388916015625,431.80999755859375,769.4593505859375,905.0433959960938,1148.852294921875,389.47222900390625,574.6962890625
2022-11-24,876.2286987304688,435.1600036621094,781.9698486328125,916.16796875,1150.0262451171875,387.77740478515625,576.3040771484375
2022-11-25,885.4044189453125,435.1600036621094,778.3610229492188,907.824462890625,1161.325439453125,384.49749755859375,574.4598999023438
2022-11-28,889.3440551757812,435.30999755859375,769.9887084960938,914.7529907226562,1171.842041015625,384.4476318359375,575.5947265625
2022-11-29,890.1917114257812,435.8999938964844,768.8338623046875,923.8770751953125,1154.9666748046875,383.92919921875,575.5474243164062
2022-11-30,898.8687133789062,436.92999267578125,773.9342651367188,929.8785400390625,1142.4444580078125,388.2160339355469,569.7782592773438
2022-12-01,901.4618530273438,436.70001220703125,779.251220703125,917.4853515625,1148.412109375,385.673828125,575.1218872070312
2022-12-02,902.7584838867188,435.6099853515625,773.2847290039062,908.1171875,1153.1077880859375,384.97601318359375,574.6016235351562
2022-12-05,896.8241577148438,437.8999938964844,776.0995483398438,911.0447387695312,1169.5430908203125,386.5013427734375,583.822998046875
2022-12-06,902.259765625,436.7699890136719,775.2333984375,900.359375,1158.3905029296875,385.86328125,575.92578125
2022-12-07,912.2333374023438,435.3399963378906,774.8965454101562,899.8714599609375,1139.3629150390625,381.1178894042969,574.1287841796875
2022-12-08,936.8681030273438,440.5,779.251220703125,909.3858642578125,1164.9940185546875,378.23675537109375,578.4793701171875
2022-12-09,931.2330322265625,440.9800109863281,784.8087158203125,907.4341430664062,1176.39111328125,376.45220947265625,583.0663452148438
2022-12-12,936.1699829101562,441.7699890136719,790.91943359375,907.824462890625,1180.548828125,372.00592041015625,579.8034057617188
2022-12-13,942.1041870117188,444.7099914550781,793.1088256835938,910.4105224609375,1208.136474609375,372.5542297363281,583.3027954101562
2022-12-14,939.9100341796875,444.8399963378906,799.8211059570312,899.4810791015625,1225.94140625,373.4913330078125,591.5782470703125
2022-12-15,935.6712646484375,439.69000244140625,785.1695556640625,886.8439331054688,1212.685546875,371.49749755859375,582.546142578125
2022-12-16,932.6292724609375,436.8500061035156,788.9467163085938,880.208251953125,1202.853759765625,366.9813232421875,570.6294555664062
2022-12-19,943.699951171875,439.1400146484375,791.4006958007812,884.5507202148438,1196.9840087890625,370.4905700683594,571.6698608398438
2022-12-20,947.2406005859375,440.0199890136719,785.939453125,887.7222290039062,1201.973388671875,368.2873229980469,571.6698608398438
2022-12-21,929.8367309570312,432.05999755859375,778.3368530273438,870.6937866210938,1175.706298828125,361.8072814941406,561.2191162109375
2022-12-22,917.120361328125,430.3599853515625,775.6665649414062,869.1324462890625,1154.5264892578125,364.0902099609375,561.2191162109375
2022-12-23,904.20458984375,421.3800048828125,768.7376708984375,857.6663208007812,1122.9276123046875,363.27276611328125,542.8711547851562
2022-12-26,926.2462768554688,430.8800048828125,784.038818359375,871.620849609375,1169.7386474609375,361.5979309082031,564.7183837890625
2022-12-27,929.7369995117188,433.17999267578125,784.832763671875,878.8908081054688,1176.2442626953125,363.0633850097656,569.2581176757812
2022-12-28,922.2568359375,432.69000244140625,784.2072143554688,877.2318725585938,1187.7882080078125,362.90386962890625,568.4542236328125
2022-12-29,932.0807495117188,436.92999267578125,789.7406616210938,886.112060546875,1204.4190673828125,362.63470458984375,578.6212158203125
2022-12-30,931.2828369140625,435.4800109863281,783.4132690429688,869.3275146484375,1193.60888671875,364.32952880859375,580.4181518554688
2023-01-02,939.112060546875,437.17999267578125,783.6778564453125,880.6473999023438,1199.7232666015625,363.890869140625,578.9995727539062
2023-01-03,959.7574462890625,439.2300109863281,788.8023681640625,879.5739135742188,1214.0062255859375,365.4460754394531,579.188720703125
2023-01-04,954.9202880859375,435.32000732421875,774.7041015625,877.3782958984375,1196.5438232421875,363.0334777832031,572.379150390625
2023-01-05,947.0410766601562,431.6300048828125,769.7240600585938,857.9102783203125,1189.451171875,362.9437561035156,572.2845458984375
2023-01-06,937.4166870117188,427.4100036621094,767.1738891601562,849.078857421875,1156.2384033203125,356.2643127441406,568.075927734375
2023-01-09,956.2168579101562,430.82000732421875,768.6654663085938,852.2503662109375,1192.1904296875,361.2689514160156,574.7435913085938
2023-01-10,949.63427734375,426.0899963378906,754.6154174804688,840.540283203125,1200.897216796875,358.0089416503906,562.8742065429688
2023-01-11,947.2406005859375,428.0,765.4898071289062,845.3706665039062,1186.90771484375,359.2651062011719,564.340087890625
2023-01-12,933.078125,426.29998779296875,769.5797119140625,839.8572387695312,1182.896728515625,354.8088073730469,562.6377563476562
2023-01-13,931.6818237304688,429.239990234375,770.1812133789062,852.3479614257812,1207.5985107421875,354.96832275390625,567.5556640625
2023-01-16,910.7373046875,427.6700134277344,762.7952880859375,844.3461303710938,1212.3431396484375,355.86553955078125,570.2984619140625
2023-01-17,915.2752685546875,428.0400085449219,774.1508178710938,844.24853515625,1203.6363525390625,358.42767333984375,560.79345703125
2023-01-18,921.55859375,430.010009765625,787.8159790039062,848.493408203125,1196.4459228515625,358.7167663574219,559.3748779296875
2023-01-19,926.2462768554688,428.6700134277344,791.087890625,845.224365234375,1174.4835205078125,352.3762512207031,557.861572265625
2023-01-20,928.0913696289062,430.5899963378906,799.195556640625,849.3228149414062,1176.3421630859375,351.49896240234375,560.0841064453125
2023-01-23,930.2357177734375,433.57000732421875,805.041748046875,850.6402587890625,1178.543212890625,355.65618896484375,567.8867797851562
2023-01-24,907.7951049804688,432.6600036621094,815.8198852539062,849.7131958007812,1185.9783935546875,350.9705810546875,562.1175537109375
2023-01-25,889.9922485351562,422.4100036621094,793.2772216796875,834.6364135742188,1131.0474853515625,348.88702392578125,537.8585815429688
2023-01-27,871.4413452148438,409.3399963378906,777.4708251953125,797.4569091796875,1092.16064453125,341.56951904296875,510.6677551269531
2023-01-30,869.54638671875,409.3800048828125,776.677001953125,803.604736328125,1065.4044189453125,344.1914367675781,509.01263427734375
2023-01-31,869.2970581054688,412.3800048828125,771.5524291992188,811.8017578125,1059.436767578125,345.1385498046875,523.4829711914062
2023-02-01,854.9849853515625,410.4200134277344,783.1245727539062,827.4640502929688,1019.2291870117188,347.8701171875,498.75103759765625
2023-02-02,866.1554565429688,412.3299865722656,771.4802856445312,837.1736450195312,1052.5399169921875,351.2696838378906,499.4603271484375
2023-02-03,880.2680053710938,419.1400146484375,798.1610107421875,842.9310302734375,1079.589599609375,354.96832275390625,514.687255859375
2023-02-06,880.3179321289062,418.30999755859375,794.7688598632812,833.0751342773438,1104.6336669921875,348.3287353515625,515.822265625
2023-02-07,876.7772827148438,419.3699951171875,795.9476928710938,832.1480712890625,1118.085205078125,353.9913024902344,517.429931640625
2023-02-08,869.4466552734375,419.760009765625,795.8514404296875,838.3446044921875,1120.48193359375,352.0173645019531,519.9362182617188
2023-02-09,865.4074096679688,420.2300109863281,794.1914672851562,840.0035400390625,1138.5313720703125,353.09405517578125,520.9293212890625
2023-02-10,864.9585571289062,420.05999755859375,797.3430786132812,833.221435546875,1135.98779296875,353.3233642578125,523.0573120117188
2023-02-13,856.830078125,417.3399963378906,797.9445190429688,830.0987548828125,1132.2213134765625,353.6723327636719,508.3505859375
2023-02-14,868.4493408203125,420.6000061035156,805.3304443359375,844.3948974609375,1131.7322998046875,352.9844055175781,511.5188903808594
2023-02-15,866.005859375,421.69000244140625,803.6945190429688,849.761962890625,1124.6396484375,356.005126953125,512.843017578125
2023-02-16,862.4652099609375,421.2799987792969,800.783447265625,848.4446411132812,1123.416748046875,356.49359130859375,510.80963134765625
2023-02-17,852.6412353515625,416.30999755859375,796.7657470703125,841.8088989257812,1090.4974365234375,350.7712097167969,502.2031555175781
2023-02-20,844.5127563476562,412.8399963378906,789.2835083007812,831.5137329101562,1085.2147216796875,346.3946533203125,496.67041015625
2023-02-21,841.8199462890625,411.8999938964844,792.24267578125,833.5631103515625,1077.82861328125,344.9790344238281,495.0625915527344
2023-02-22,831.1481323242188,405.8999938964844,776.700927734375,818.9741821289062,1069.0240478515625,339.06719970703125,488.3475646972656
2023-02-23,842.1190795898438,405.80999755859375,771.4321899414062,819.462158203125,1052.2464599609375,340.3831481933594,492.7454528808594
2023-02-24,849.1505126953125,404.67999267578125,764.551513671875,819.413330078125,1055.7193603515625,338.419189453125,492.7926940917969
2023-02-27,852.0927124023438,408.3599853515625,766.4520874023438,835.7098999023438,1058.45849609375,344.13165283203125,499.0821228027344
2023-02-28,841.8697509765625,408.05999755859375,769.6759033203125,834.1973266601562,1054.30078125,344.78961181640625,494.4478454589844
2023-03-01,862.8641357421875,412.3699951171875,768.93017578125,835.6123046875,1076.5567626953125,347.9100341796875,507.593994140625
2023-03-02,843.2161865234375,409.5299987792969,762.38623046875,833.3678588867188,1078.1220703125,343.28424072265625,504.8039855957031
2023-03-03,850.3971557617188,416.9599914550781,777.5189819335938,847.5663452148438,1101.9434814453125,349.12628173828125,530.7653198242188
2023-03-06,857.2291259765625,417.8399963378906,783.0043334960938,846.7857055664062,1096.269287109375,349.12628173828125,531.2382202148438
2023-03-08,858.6751708984375,419.9100036621094,784.568115234375,851.030517578125,1148.7545166015625,346.9728698730469,534.1701049804688
2023-03-09,865.5071411132812,417.1300048828125,784.6402587890625,835.270751953125,1144.401123046875,342.2873229980469,528.5901489257812
2023-03-10,849.649169921875,410.0,764.4071655273438,822.2921142578125,1119.9439697265625,338.8179626464844,517.6664428710938
2023-03-13,830.1507568359375,401.2099914550781,754.7356567382812,808.3864135742188,1037.0828857421875,333.7535705566406,501.2573547363281
2023-03-14,830.6494750976562,399.739990234375,752.71484375,810.2891845703125,1040.8983154296875,328.6392517089844,496.9068603515625
2023-03-15,821.8727416992188,395.80999755859375,741.91259765625,805.94677734375,1021.6748046875,332.16845703125,489.4825439453125
2023-03-16,828.3555297851562,396.3699951171875,746.7242431640625,803.9951171875,995.7012939453125,331.6899108886719,496.0556335449219
2023-03-17,835.1875,399.760009765625,756.70849609375,816.0466918945312,998.3427124023438,337.581787109375,501.0682067871094
2023-03-20,835.3370361328125,397.4599914550781,751.4637451171875,816.2418823242188,980.537841796875,338.8877258300781,491.0430603027344
2023-03-21,853.33935546875,402.95001220703125,759.9803466796875,831.8065185546875,1000.6416625976562,340.3233337402344,493.54931640625
2023-03-22,847.4050903320312,403.9599914550781,758.2241821289062,839.4180908203125,1008.7615356445312,339.9844055175781,493.26556396484375
2023-03-23,846.5573120117188,400.2200012207031,752.1373901367188,834.7828369140625,996.1415405273438,334.9100036621094,484.9428405761719
2023-03-24,837.680908203125,397.7300109863281,750.9344482421875,831.8065185546875,987.6304321289062,337.3923645019531,477.94415283203125
2023-03-27,831.1481323242188,398.45001220703125,754.2064208984375,828.1959228515625,990.8587646484375,339.9943542480469,482.48382568359375
2023-03-28,830.2505493164062,400.0199890136719,760.3412475585938,834.0997314453125,1013.6528930664062,338.7381896972656,480.5450134277344
2023-03-29,840.3737182617188,404.010009765625,763.9982299804688,830.4403686523438,1034.1480712890625,343.1546325683594,488.4894714355469
2023-03-31,856.231689453125,410.54998779296875,774.4635620117188,856.05615234375,1044.762451171875,345.5074157714844,495.3462829589844
2023-04-03,862.3154907226562,412.3699951171875,774.9447021484375,862.4479370117188,1055.327880859375,348.0695495605469,498.18359375
2023-04-05,858.2264404296875,414.0899963378906,795.7311401367188,863.2285766601562,1044.0286865234375,349.30572509765625,494.6369934082031
2023-04-06,849.6990356445312,414.80999755859375,801.7938842773438,853.8605346679688,1058.5074462890625,350.342529296875,499.0347900390625
2023-04-10,845.111083984375,413.1300048828125,797.9926147460938,847.46875,1046.083251953125,350.78118896484375,497.7580261230469
2023-04-11,851.04541015625,418.1300048828125,800.3263549804688,860.5938110351562,1050.876708984375,368.1676940917969,503.24346923828125
2023-04-12,848.8013916015625,420.42999267578125,810.7196044921875,868.64453125,1051.414794921875,367.67919921875,499.5549621582031
2023-04-13,862.0662231445312,425.3999938964844,814.3523559570312,877.2806396484375,1085.2147216796875,372.75360107421875,504.0473937988281
2023-04-17,862.2656860351562,427.04998779296875,801.938232421875,879.5250854492188,1099.9378662109375,377.8678894042969,514.4981689453125
2023-04-18,861.06884765625,426.9100036621094,798.5459594726562,875.1826171875,1121.998291015625,376.5020751953125,516.2477416992188
2023-04-19,871.09228515625,425.8599853515625,801.4810791015625,870.352294921875,1096.07373046875,375.82415771484375,510.998779296875
2023-04-20,866.45458984375,427.05999755859375,804.46435546875,872.7918701171875,1101.7476806640625,375.64471435546875,515.2547607421875
2023-04-21,861.9166259765625,425.6400146484375,805.7635498046875,864.2532348632812,1092.111572265625,377.5688171386719,513.6942749023438
2023-04-24,879.9688110351562,431.0899963378906,812.2833251953125,882.8917846679688,1078.0732421875,378.2865905761719,524.5232543945312
2023-04-25,876.0292358398438,431.19000244140625,800.7352905273438,891.381591796875,1097.3944091796875,376.7014465332031,531.332763671875
2023-04-26,885.3046875,432.6499938964844,804.416259765625,892.8453979492188,1113.095947265625,374.56805419921875,535.6360473632812
2023-04-27,879.0712890625,434.4200134277344,808.843017578125,896.1632080078125,1119.8948974609375,380.54962158203125,534.122802734375
2023-04-28,857.7277221679688,436.6000061035156,812.0186767578125,895.4801635742188,1127.770263671875,386.42156982421875,546.9379272460938
2023-05-02,868.349609375,437.8500061035156,811.850341796875,899.8225708007812,1125.9114990234375,383.0519714355469,544.1006469726562
2023-05-03,857.578125,437.7200012207031,814.689208984375,900.5545043945312,1121.2646484375,385.00592041015625,539.5609741210938
2023-05-04,863.6620483398438,441.17999267578125,831.3616943359375,899.4323120117188,1109.96533203125,388.3257141113281,548.5457763671875
2023-05-05,863.0137939453125,432.1400146484375,782.2103881835938,904.555419921875,1049.996337890625,384.55731201171875,545.235595703125
2023-05-08,876.1290283203125,437.5400085449219,791.2562866210938,915.2409057617188,1101.8944091796875,390.56878662109375,551.9505004882812
2023-05-09,885.903076171875,436.2900085449219,791.2803955078125,911.8255004882812,1115.8349609375,389.66156005859375,542.3982543945312
2023-05-10,887.5487670898438,437.2200012207031,794.9371948242188,913.435546875,1147.0914306640625,390.5389099121094,541.1688232421875
2023-05-11,893.582763671875,439.3900146484375,795.466552734375,916.5094604492188,1161.6678466796875,390.3893737792969,542.3510131835938
2023-05-12,908.2439575195312,442.5899963378906,802.4916381835938,921.095947265625,1182.4075927734375,390.9177551269531,546.796142578125
2023-05-15,913.3803100585938,445.19000244140625,806.3409423828125,922.9012451171875,1193.0709228515625,393.39013671875,550.3427124023438
2023-05-16,915.3750610351562,444.9700012207031,801.7174682617188,923.4867553710938,1193.8045654296875,388.2160339355469,554.5040893554688
2023-05-17,912.3829345703125,442.8599853515625,797.4102172851562,916.6558837890625,1209.3104248046875,380.6592712402344,554.5040893554688
2023-05-18,912.2832641601562,443.7900085449219,800.5980224609375,923.6331176757812,1212.0008544921875,384.298095703125,543.060302734375
2023-05-19,921.6085205078125,445.57000732421875,801.5227661132812,931.24462890625,1220.9031982421875,387.1393737792969,543.9588012695312
2023-05-22,915.1256713867188,445.2699890136719,798.6755981445312,927.3900756835938,1219.0933837890625,386.8502502441406,545.850341796875
2023-05-23,913.7293701171875,445.3699951171875,796.8018188476562,930.366455078125,1232.8382568359375,383.1217041015625,550.0590209960938
2023-05-24,915.2752685546875,443.2900085449219,786.3868408203125,917.9244995117188,1244.1375732421875,380.8985595703125,551.0993041992188
2023-05-25,918.6163940429688,442.9100036621094,783.3693237304688,917.1437377929688,1235.9688720703125,384.8065185546875,549.7279663085938
2023-05-26,924.5008544921875,446.1499938964844,786.3868408203125,927.731689453125,1240.5179443359375,387.8172607421875,554.220458984375
2023-05-29,927.34326171875,449.92999267578125,795.9744873046875,925.2433471679688,1257.05078125,389.4422912597656,562.7322998046875
2023-05-30,934.97314453125,450.80999755859375,796.5828857421875,926.9998168945312,1265.1707763671875,393.7290954589844,560.651611328125
2023-05-31,912.4328002929688,448.75,783.9777221679688,926.2191162109375,1258.6651611328125,401.634765625,559.0607299804688
2023-06-01,917.27001953125,445.7699890136719,780.6439208984375,913.484375,1262.1380615234375,384.82647705078125,561.8568115234375
2023-06-02,923.653076171875,447.6400146484375,781.860595703125,915.48486328125,1274.0556640625,386.5611267089844,566.1472778320312
2023-06-05,948.3377075195312,449.239990234375,780.8385620117188,923.8770751953125,1287.5064697265625,383.7996520996094,566.1472778320312
2023-06-06,965.641845703125,449.8500061035156,778.4052124023438,919.33935546875,1291.6602783203125,390.60870361328125,564.3635864257812
2023-06-07,974.1692504882812,450.3399963378906,782.4446411132812,917.4853515625,1296.8031005859375,386.6907653808594,568.0755615234375
2023-06-08,959.5579833984375,447.8800048828125,782.9312744140625,915.2409057617188,1289.5338134765625,376.1431579589844,567.400634765625
2023-06-09,972.174560546875,447.75,783.8560791015625,915.3872680664062,1316.435302734375,373.2520751953125,557.9520263671875
2023-06-12,971.6260375976562,447.5299987792969,779.0865478515625,913.3380737304688,1317.81982421875,374.73748779296875,557.9038696289062
2023-06-13,983.2451782226562,448.6099853515625,780.4005126953125,920.75439453125,1321.578125,370.05194091796875,555.7344970703125
2023-06-14,975.1167602539062,447.8900146484375,779.548828125,917.0950317382812,1308.7208251953125,371.7865905761719,555.8790893554688
2023-06-15,974.5681762695312,442.2200012207031,769.961181640625,904.2138671875,1282.85791015625,365.57568359375,546.189453125
2023-06-16,978.9566040039062,446.9100036621094,780.0355224609375,911.6303100585938,1299.5723876953125,370.341064453125,550.7691040039062
2023-06-19,963.0986328125,444.04998779296875,780.7169189453125,900.8472900390625,1287.11083984375,363.7911682128906,548.4551391601562
2023-06-20,972.2742919921875,444.79998779296875,782.3473510742188,903.1892700195312,1284.1436767578125,367.66925048828125,547.0571899414062
2023-06-21,963.4476928710938,445.5400085449219,796.023193359375,902.3597412109375,1272.4732666015625,367.978271484375,546.0447387695312
2023-06-22,964.0460815429688,444.45001220703125,799.9166870117188,903.3844604492188,1258.725830078125,366.09405517578125,542.7667236328125
2023-06-23,955.8677978515625,443.4700012207031,799.8680419921875,901.1887817382812,1294.33056640625,364.58868408203125,534.716064453125
2023-06-26,958.0120239257812,443.4599914550781,795.9988403320312,905.0433959960938,1300.6109619140625,363.4721374511719,537.0781860351562
2023-06-27,970.6785278320312,448.3599853515625,807.2169799804688,913.484375,1301.5009765625,367.808837890625,545.8037719726562
2023-06-28,975.615478515625,450.80999755859375,815.75830078125,914.8017578125,1319.40234375,366.9813232421875,549.37109375
2023-06-30,984.8409423828125,454.4800109863281,828.047119140625,912.0206298828125,1359.5565185546875,368.17767333984375,552.3117065429688
2023-07-03,979.505126953125,459.7300109863281,837.0021362304688,919.7785034179688,1365.19384765625,367.6592712402344,564.4600219726562
2023-07-04,968.13525390625,462.2300109863281,841.09033203125,921.8765869140625,1352.336669921875,371.1983947753906,568.123779296875
2023-07-05,963.9462890625,459.989990234375,814.3712158203125,934.8552856445312,1384.18310546875,371.8264465332031,569.4253540039062
2023-07-06,978.358154296875,461.6400146484375,815.1986083984375,936.2214965820312,1374.9356689453125,374.308837890625,571.2572631835938
2023-07-07,975.1134643554688,457.8800048828125,808.093017578125,923.5355224609375,1342.19921875,369.56341552734375,572.3178100585938
2023-07-10,962.4840087890625,456.6099853515625,806.1705932617188,925.4872436523438,1351.990478515625,372.2351989746094,571.3536376953125
2023-07-11,951.6516723632812,456.07000732421875,802.2528076171875,922.12060546875,1365.7872314453125,372.1753845214844,567.4488525390625
2023-07-12,948.456787109375,454.8999938964844,794.7334594726562,921.5838623046875,1356.3916015625,374.4682922363281,568.123779296875
2023-07-13,958.59033203125,454.9800109863281,798.699951171875,932.61083984375,1361.1884765625,372.7934875488281,564.65283203125
2023-07-14,955.495361328125,456.2300109863281,800.354736328125,936.8557739257812,1361.8807373046875,372.65386962890625,563.4476928710938
2023-07-17,963.28271484375,462.17999267578125,817.0966796875,945.2968139648438,1375.232421875,378.2466735839844,579.5488891601562
2023-07-18,962.0846557617188,461.4599914550781,816.4153442382812,951.8837280273438,1374.9852294921875,377.0105285644531,571.1126098632812
2023-07-19,962.7335815429688,464.0199890136719,820.1140747070312,949.9320678710938,1403.9635009765625,380.1508483886719,579.8864135742188
2023-07-20,976.3115234375,469.1499938964844,821.8905029296875,971.5469360351562,1409.5020751953125,390.17999267578125,588.1780395507812
2023-07-21,969.72216796875,468.69000244140625,815.5636596679688,972.9130859375,1391.8974609375,392.83184814453125,593.0469360351562
2023-07-24,969.921875,467.5299987792969,816.8533325195312,968.0338134765625,1419.9361572265625,378.2865905761719,595.5055541992188
2023-07-25,960.9364624023438,466.80999755859375,825.7110595703125,970.6686401367188,1399.908447265625,373.9499206542969,587.744140625
2023-07-26,975.2132568359375,468.6000061035156,822.8395385742188,972.3764038085938,1412.02392578125,377.8977966308594,593.09521484375
2023-07-27,958.3407592773438,465.70001220703125,814.2982788085938,966.3261108398438,1400.056884765625,373.6009826660156,594.4449462890625
2023-07-28,948.4069213867188,463.0299987792969,799.8680419921875,972.1324462890625,1386.556640625,374.2190856933594,593.962890625
2023-07-31,952.3505249023438,464.5199890136719,803.6154174804688,974.1817016601562,1402.1832275390625,370.1715393066406,597.9641723632812
2023-08-01,958.3407592773438,463.5400085449219,808.993408203125,970.522216796875,1379.2874755859375,368.8656005859375,589.9134521484375
2023-08-02,943.7145385742188,458.1199951171875,798.407958984375,963.1058959960938,1366.083984375,363.6216735839844,576.993896484375
2023-08-03,934.0302734375,453.760009765625,792.6407470703125,941.6861572265625,1349.5179443359375,363.53192138671875,569.3289794921875
2023-08-04,950.7031860351562,456.8800048828125,804.1021118164062,947.0532836914062,1394.1226806640625,366.87445068359375,552.74560546875
2023-08-07,945.861083984375,455.9100036621094,803.6398315429688,952.078857421875,1399.710693359375,365.4875793457031,547.539306640625
2023-08-08,951.3521728515625,457.3299865722656,802.9828491210938,956.2261962890625,1388.5347900390625,364.7791748046875,552.552734375
2023-08-09,948.456787109375,457.45001220703125,803.2747802734375,957.0133056640625,1392.9853515625,365.4775695800781,553.1795043945312
2023-08-10,938.2235107421875,454.3999938964844,796.1448364257812,948.552001953125,1414.4964599609375,359.36138916015625,553.0831298828125
2023-08-11,935.6776123046875,451.4100036621094,787.8468627929688,937.4833984375,1381.9083251953125,357.4855651855469,553.565185546875
2023-08-14,938.4231567382812,449.69000244140625,784.0020751953125,944.0753173828125,1373.6500244140625,358.0143737792969,540.6937866210938
2023-08-16,931.5343017578125,447.6600036621094,781.714599609375,941.0745849609375,1365.5400390625,356.43792724609375,545.0806274414062
2023-08-17,935.0286254882812,446.9800109863281,777.3831787109375,936.3027954101562,1359.2103271484375,352.34716796875,551.6368408203125
2023-08-18,941.5181274414062,446.489990234375,774.1953125,935.3189086914062,1356.6387939453125,349.3738098144531,552.408203125
2023-08-21,951.0525512695312,448.0400085449219,773.5869140625,939.7955322265625,1382.452392578125,351.279541015625,551.2030029296875
2023-08-22,955.495361328125,448.0799865722656,770.2775268554688,936.6471557617188,1385.7655029296875,351.8282775878906,548.11767578125
2023-08-23,977.6593017578125,452.9100036621094,772.175537109375,951.2576293945312,1385.6171875,355.210693359375,556.2166137695312
2023-08-24,979.755859375,453.3800048828125,768.622802734375,953.3237915039062,1409.5020751953125,355.3902893066406,556.2647705078125
2023-08-25,981.5029907226562,450.6300048828125,759.9597778320312,954.7504272460938,1385.7655029296875,354.9712219238281,549.5157470703125
2023-08-28,988.591552734375,453.1499938964844,767.868408203125,954.89794921875,1393.974365234375,357.2660827636719,552.3117065429688
2023-08-29,979.1069946289062,453.3399963378906,773.976318359375,952.1431274414062,1384.7764892578125,355.8193054199219,554.2400512695312
2023-08-30,981.7526245117188,450.82000732421875,768.3307495117188,943.4359130859375,1377.1610107421875,354.1830139160156,547.0571899414062
2023-08-31,971.918701171875,449.20001220703125,764.80224609375,943.2882690429688,1363.01806640625,350.96026611328125,541.2240600585938
2023-09-01,989.5400390625,452.79998779296875,766.384033203125,953.077880859375,1400.9964599609375,353.4247131347656,549.1300659179688
2023-09-04,980.6544189453125,454.25,771.177978515625,951.7495727539062,1406.1888427734375,351.6487121582031,554.9149169921875
2023-09-05,979.855712890625,454.6700134277344,766.4813842773438,952.7826538085938,1408.117431640625,353.4147033691406,552.4563598632812
2023-09-06,963.4823608398438,453.54998779296875,776.507080078125,942.0584716796875,1393.1832275390625,353.26507568359375,550.0460205078125
2023-09-07,976.6110229492188,457.3599853515625,783.9777221679688,950.0770263671875,1423.7933349609375,356.9966735839844,558.2894897460938
2023-09-08,978.7075805664062,460.2699890136719,790.0856323242188,954.89794921875,1432.9417724609375,357.8348083496094,562.53173828125
2023-09-11,998.7749633789062,464.1099853515625,794.173828125,962.4737548828125,1434.27685546875,360.7681579589844,570.4859008789062
2023-09-12,999.274169921875,463.8599853515625,796.6558837890625,974.5262451171875,1413.4581298828125,361.42669677734375,567.2560424804688
2023-09-13,1012.8021850585938,467.510009765625,800.0626831054688,973.8374633789062,1439.07373046875,364.1007080078125,575.065673828125
2023-09-14,1019.2416381835938,468.57000732421875,799.5759887695312,971.7714233398438,1442.238525390625,363.4920349121094,575.8851318359375
2023-09-15,1025.4815673828125,470.739990234375,808.7500610351562,976.44482421875,1434.0791015625,361.9654846191406,577.3313598632812
2023-09-18,1023.08544921875,468.5899963378906,792.83544921875,974.2310791015625,1440.9034423828125,358.86248779296875,582.2967529296875
2023-09-20,1025.63134765625,462.67999267578125,761.030517578125,971.2302856445312,1424.6339111328125,357.08648681640625,579.5488891601562
2023-09-21,1012.8021850585938,454.7799987792969,755.9932861328125,943.8294067382812,1395.8040771484375,350.35162353515625,567.063232421875
2023-09-22,1016.595947265625,455.45001220703125,744.4588623046875,934.9745483398438,1436.9473876953125,350.5013122558594,576.7047119140625
2023-09-25,1017.2948608398438,456.1300048828125,745.1158447265625,940.9269409179688,1426.9088134765625,356.0787658691406,572.7516479492188
2023-09-26,1012.5026245117188,454.8599853515625,748.352294921875,933.400390625,1407.4251708984375,352.0278625488281,573.0891723632812
2023-09-27,1023.53466796875,455.19000244140625,743.0960693359375,927.890625,1420.6778564453125,352.2373962402344,568.6058349609375
2023-09-28,1029.2254638671875,451.7699890136719,741.5630493164062,927.3987426757812,1397.4854736328125,345.86175537109375,568.7987060546875
2023-09-29,1035.015869140625,454.4200134277344,742.8284301757812,936.5487670898438,1413.161376953125,346.3606262207031,577.09033203125
2023-10-03,1039.3590087890625,452.07000732421875,733.9464111328125,925.1358032226562,1419.6395263671875,344.6344909667969,581.3325805664062
2023-10-04,993.9328002929688,448.3399963378906,744.41015625,915.0510864257812,1385.9139404296875,343.6367492675781,565.2313232421875
2023-10-05,1001.6203002929688,450.8699951171875,747.4276123046875,925.6768798828125,1386.457763671875,346.0712585449219,570.9198608398438
2023-10-06,999.3240356445312,452.6700134277344,746.600341796875,929.9568481445312,1419.046142578125,347.9969177246094,572.9445190429688
2023-10-09,994.6316528320312,448.4800109863281,737.937255859375,923.4632568359375,1412.86474609375,343.08795166015625,564.12255859375
2023-10-10,1010.6056518554688,453.0299987792969,742.1227416992188,935.8600463867188,1404.9525146484375,350.4314270019531,570.437744140625
2023-10-11,1017.444580078125,454.42999267578125,749.3013305664062,937.7293701171875,1405.5953369140625,353.4845886230469,567.2560424804688
2023-10-12,1016.795654296875,455.2300109863281,754.2899169921875,938.86083984375,1408.6119384765625,351.97796630859375,565.0385131835938
2023-10-13,992.4352416992188,452.260009765625,747.4276123046875,935.9583740234375,1447.628662109375,351.6087951660156,555.4934692382812
2023-10-16,1003.1677856445312,451.54998779296875,744.4345092773438,936.0568237304688,1430.5186767578125,349.164306640625,555.0113525390625
2023-10-17,1006.4124755859375,452.5,750.0800170898438,938.5164794921875,1420.23291015625,353.5145263671875,555.78271484375
2023-10-18,991.2371826171875,448.17999267578125,739.6406860351562,928.5302124023438,1404.754638671875,349.8926696777344,552.1189575195312
2023-10-19,989.7896118164062,446.75,737.3045654296875,920.6591796875,1434.42529296875,346.90936279296875,550.720947265625
2023-10-20,978.7575073242188,446.3500061035156,741.125,917.7075805664062,1452.9693603515625,353.1253967285156,542.9113159179688
2023-10-23,962.7335815429688,440.8299865722656,732.9730834960938,914.9527587890625,1419.243896484375,347.36834716796875,533.125244140625
2023-10-25,953.89794921875,437.4100036621094,728.3252563476562,901.3260498046875,1397.188720703125,344.83404541015625,536.2587280273438
2023-10-26,970.4710083007812,432.2300109863281,712.2159423828125,893.9962768554688,1399.1173095703125,338.2089538574219,527.3885498046875
2023-10-27,1001.12109375,436.7300109863281,715.014404296875,898.0301513671875,1425.4747314453125,339.7754211425781,541.0313110351562
2023-10-30,987.5931396484375,439.0799865722656,722.7770385742188,909.9841918945312,1438.6781005859375,342.7287902832031,544.93603515625
2023-10-31,980.2550659179688,437.510009765625,718.5914916992188,900.588134765625,1425.4747314453125,347.09893798828125,545.2734985351562
2023-11-01,970.2213745117188,436.45001220703125,717.6181030273438,899.30908203125,1416.8702392578125,344.1056823730469,546.093017578125
2023-11-02,981.353271484375,439.19000244140625,718.713134765625,905.114013671875,1445.1561279296875,346.75970458984375,551.588623046875
2023-11-03,987.2437133789062,442.1000061035156,722.1199951171875,918.7406616210938,1434.326416015625,345.8717041015625,557.4217529296875
2023-11-06,1007.7603149414062,444.79998779296875,727.351806640625,930.2027587890625,1454.1068115234375,347.2585754394531,553.7579956054688
2023-11-07,1019.2416381835938,445.80999755859375,723.8233642578125,932.8099975585938,1470.0794677734375,349.463623046875,558.96435546875
2023-11-08,1020.0403442382812,445.3399963378906,725.9161376953125,920.6591796875,1472.6014404296875,348.46588134765625,559.49462890625
2023-11-09,1020.2400512695312,445.5899963378906,723.044677734375,922.2333374023438,1490.7994384765625,348.2064208984375,557.6145629882812
2023-11-10,1027.5281982421875,446.1099853515625,725.8917236328125,923.4632568359375,1482.3433837890625,348.3062438964844,558.7233276367188
2023-11-13,1023.6844482421875,446.8399963378906,724.5776977539062,919.3801879882812,1493.0247802734375,348.8550109863281,560.5069580078125
2023-11-15,1039.658447265625,450.4800109863281,732.1700439453125,925.9229125976562,1477.5465087890625,353.10540771484375,563.7369384765625
2023-11-16,1024.682861328125,450.20001220703125,734.0924072265625,920.9051513671875,1482.195068359375,353.77392578125,563.688720703125
2023-11-17,992.7347412109375,444.9200134277344,732.5106811523438,906.9833374023438,1481.9971923828125,352.1276550292969,542.8630981445312
2023-11-20,987.093994140625,444.6199951171875,732.559326171875,906.58984375,1488.2774658203125,353.31494140625,543.5380249023438
2023-11-21,990.1889038085938,445.6499938964844,738.7645874023438,911.164794921875,1485.5577392578125,352.6464538574219,541.3687133789062
2023-11-22,996.4786376953125,443.55999755859375,736.1365356445312,907.8688354492188,1454.2552490234375,348.34613037109375,538.9100952148438
2023-11-23,997.4271240234375,444.2300109863281,740.39501953125,908.1148071289062,1469.78271484375,347.0789794921875,539.874267578125
2023-11-24,1006.86181640625,445.70001220703125,745.6512451171875,914.41162109375,1459.991455078125,348.0168762207031,540.2598876953125
2023-11-28,1019.4912719726562,447.0199890136719,743.97216796875,910.5745239257812,1461.32666015625,347.6676940917969,544.2129516601562
2023-11-29,1058.4278564453125,453.8299865722656,758.8161010742188,924.4470825195312,1467.2608642578125,349.9026184082031,548.214111328125
2023-11-30,1072.5048828125,453.82000732421875,758.645751953125,919.8721313476562,1450.0023193359375,350.3017272949219,544.502197265625
2023-12-01,1102.8555908203125,456.5,756.9910278320312,931.4326171875,1445.0079345703125,349.3139953613281,551.2511596679688
2023-12-04,1123.771484375,473.6000061035156,783.2720336914062,975.2149658203125,1498.019287109375,362.8934020996094,573.37841796875
2023-12-05,1130.6103515625,478.760009765625,790.2315673828125,997.106201171875,1490.0576171875,364.86895751953125,586.4425659179688
2023-12-06,1118.6798095703125,476.95001220703125,792.2271118164062,987.0706176757812,1485.112548828125,363.4621276855469,586.6354370117188
2023-12-07,1116.0341796875,477.3699951171875,793.5167236328125,982.88916015625,1488.22802734375,364.5496520996094,589.7689208984375
2023-12-08,1129.3624267578125,481.4800109863281,804.5888671875,994.5480346679688,1492.3818359375,366.8644714355469,592.131103515625
2023-12-11,1114.6864013671875,482.69000244140625,803.5181274414062,1000.697265625,1505.1402587890625,367.98193359375,592.2274780273438
2023-12-12,1129.162841796875,480.07000732421875,795.5364379882812,999.31982421875,1480.5631103515625,364.05078125,590.44384765625
2023-12-13,1113.0389404296875,480.6400146484375,793.7357788085938,997.5488891601562,1490.3543701171875,364.4199523925781,597.6266479492188
2023-12-14,1118.6298828125,486.7099914550781,803.1044921875,1016.9803466796875,1534.6624755859375,369.93756103515625,601.2904663085938
2023-12-15,1118.530029296875,489.8800048828125,806.2192993164062,1020.669921875,1553.5528564453125,369.28900146484375,625.0084228515625
2023-12-18,1109.544677734375,488.1499938964844,805.8055419921875,1004.9771118164062,1539.261474609375,368.5606689453125,625.24951171875
2023-12-19,1118.4302978515625,488.5899963378906,804.44287109375,999.0739135742188,1549.3494873046875,368.4808349609375,631.9021606445312
2023-12-20,1108.446533203125,483.2699890136719,806.438232421875,990.4158325195312,1539.063720703125,364.4798278808594,613.6315307617188
2023-12-21,1093.6207275390625,488.2099914550781,820.8927612304688,988.2020874023438,1552.7615966796875,369.70806884765625,620.6697998046875
2023-12-22,1086.5322265625,483.6000061035156,813.1788330078125,978.2649536132812,1545.195556640625,371.2645568847656,613.9207763671875
2023-12-26,1092.4725341796875,486.0,818.824462890625,979.0520629882812,1553.5528564453125,376.522705078125,615.1741333007812
2023-12-27,1104.5528564453125,491.4100036621094,828.9718627929688,986.0867919921875,1579.91015625,379.6157531738281,625.2976684570312
2023-12-28,1106.05029296875,493.5799865722656,829.9208374023438,989.6779174804688,1592.8663330078125,383.4072265625,628.0455322265625
2023-12-29,1100.5093994140625,492.42999267578125,831.8676147460938,980.52783203125,1581.3936767578125,380.76318359375,619.03076171875
2024-01-01,1095.916748046875,491.6499938964844,826.4410400390625,983.28271484375,1581.2947998046875,380.97271728515625,618.3558349609375
2024-01-02,1091.47412109375,487.1400146484375,826.927734375,966.4093017578125,1558.300048828125,372.17254638671875,616.5239868164062
2024-01-03,1096.8154296875,486.1700134277344,814.1765747070312,968.1802368164062,1583.569580078125,372.3421630859375,620.3805541992188
2024-01-04,1121.5751953125,491.239990234375,822.91259765625,971.2302856445312,1630.4490966796875,371.8831787109375,619.7056274414062
2024-01-05,1135.1031494140625,490.6499938964844,818.7027587890625,977.6746215820312,1625.1578369140625,368.69036865234375,618.9343872070312
2024-01-08,1120.1773681640625,483.9100036621094,809.577392578125,966.163330078125,1609.234619140625,364.4000244140625,604.5203247070312
2024-01-09,1114.736328125,481.6199951171875,803.2747802734375,963.9495849609375,1607.256591796875,364.509765625,602.9777221679688
2024-01-10,1105.2017822265625,483.4700012207031,805.9271850585938,977.0350952148438,1622.141357421875,363.3424072265625,599.4585571289062
2024-01-11,1123.9212646484375,483.3999938964844,802.5447998046875,975.165771484375,1639.64697265625,363.75146484375,597.9641723632812
2024-01-12,1118.530029296875,486.2099914550781,798.7485961914062,987.3165893554688,1655.61962890625,365.8268127441406,610.8836669921875
2024-01-15,1117.6815185546875,490.489990234375,814.1278686523438,993.5641479492188,1670.306640625,369.4685974121094,617.150634765625
2024-01-16,1117.2821044921875,489.6700134277344,817.2183837890625,992.777099609375,1648.7459716796875,368.77020263671875,614.0654296875
2024-01-17,1080.5419921875,470.5400085449219,748.279296875,965.9173583984375,1625.8502197265625,355.1308898925781,603.5562133789062
2024-01-18,1095.71728515625,466.5899963378906,723.2880249023438,970.443115234375,1595.1905517578125,354.6519775390625,605.773681640625
2024-01-19,1114.736328125,466.1400146484375,715.744384765625,983.0859375,1543.959228515625,352.0677490234375,605.2434692382812
2024-01-23,1087.480712890625,459.54998779296875,694.6708374023438,1012.45458984375,1425.8702392578125,356.09869384765625,583.4054565429688
2024-01-24,1057.4295654296875,460.20001220703125,708.5657348632812,983.0859375,1474.4805908203125,356.9168701171875,596.1322021484375
2024-01-25,1040.556884765625,457.510009765625,698.3453979492188,993.66259765625,1495.3984375,352.8858947753906,590.78125
2024-01-29,1059.5260009765625,464.260009765625,707.9574584960938,1000.008544921875,1510.0360107421875,363.7614440917969,600.6155395507812
2024-01-30,1052.3876953125,462.94000244140625,702.9202270507812,1000.5005493164062,1503.211669921875,363.9011535644531,604.279296875
2024-01-31,1066.0155029296875,468.760009765625,711.80224609375,1011.569091796875,1517.206298828125,364.2303771972656,617.5363159179688
2024-02-01,1082.48876953125,470.2799987792969,713.651611328125,1008.6174926757812,1524.2283935546875,363.73150634765625,624.4299926757812
2024-02-02,1065.3167724609375,469.239990234375,703.820556640625,1007.4859619140625,1516.9095458984375,363.77142333984375,626.3582763671875
2024-02-05,1059.7757568359375,466.3699951171875,703.1878662109375,1006.9940795898438,1520.9151611328125,360.8580017089844,619.8984985351562
2024-02-06,1048.3443603515625,466.1199951171875,702.8228149414062,1009.8472900390625,1494.8050537109375,356.5975646972656,626.936767578125
2024-02-07,1067.3634033203125,467.2300109863281,695.9362182617188,1005.6658325195312,1498.7115478515625,357.7150573730469,651.0404052734375
2024-02-08,1034.21728515625,459.6000061035156,682.844482421875,973.3455810546875,1461.0794677734375,345.1632995605469,674.46923828125
2024-02-09,1049.692138671875,465.25,683.1121215820312,994.4005126953125,1469.93115234375,347.7075500488281,699.247802734375
2024-02-12,1044.9996337890625,458.0899963378906,676.4932250976562,980.035888671875,1431.260498046875,341.1423645019531,682.5198364257812
2024-02-13,1069.0106201171875,464.0799865722656,678.6588745117188,1003.3536987304688,1447.8265380859375,346.6499328613281,687.8709106445312
2024-02-14,1095.0682373046875,467.1000061035156,673.597412109375,1006.2069702148438,1465.2332763671875,349.0046691894531,716.7470703125
2024-02-15,1070.458251953125,471.1300048828125,688.197998046875,1000.2545166015625,1460.733154296875,347.0690002441406,734.3909301757812
2024-02-16,1067.013916015625,472.7799987792969,691.0451049804688,1006.7481079101562,1477.2498779296875,346.27081298828125,727.6419677734375
2024-02-19,1061.223388671875,473.7300109863281,689.682373046875,1026.91748046875,1467.3101806640625,345.5025634765625,732.02880859375
2024-02-20,1086.8316650390625,479.32000732421875,707.787109375,1031.8367919921875,1487.6839599609375,351.7085876464844,732.8483276367188
2024-02-21,1082.4388427734375,478.5,700.4137573242188,1034.985107421875,1500.5908203125,348.4359436035156,743.839599609375
2024-02-22,1099.1116943359375,478.3500061035156,690.8748168945312,1045.5618896484375,1472.79931640625,344.175537109375,738.4403686523438
2024-02-23,1095.0184326171875,477.5299987792969,691.3858032226562,1044.1845703125,1464.0465087890625,344.02587890625,731.8359375
2024-02-26,1083.4371337890625,473.92999267578125,692.213134765625,1037.1988525390625,1450.39794921875,340.4938049316406,731.69140625
2024-02-27,1077.2972412109375,474.4200134277344,691.1668090820312,1043.1021728515625,1476.656494140625,340.5836181640625,722.9658203125
2024-02-28,1072.455078125,469.07000732421875,685.9348754882812,1029.327880859375,1433.287841796875,335.9639892578125,715.8793334960938
2024-02-29,1073.3536376953125,471.0,683.0147705078125,1035.231201171875,1458.705810546875,337.1313781738281,721.2785034179688
2024-03-01,1097.4644775390625,481.20001220703125,696.3256225585938,1069.37158203125,1509.8875732421875,344.76422119140625,741.5738525390625
2024-03-04,1104.9521484375,483.2900085449219,697.274658203125,1074.733642578125,1514.486572265625,344.6644287109375,744.369873046875
2024-03-05,1099.011962890625,484.6300048828125,701.2410888671875,1070.503173828125,1525.5140380859375,342.3695983886719,755.84326171875
2024-03-06,1123.1724853515625,488.3399963378906,702.0928344726562,1079.4071044921875,1537.481201171875,351.1598205566406,755.7950439453125
2024-03-07,1109.64453125,486.82000732421875,703.7962646484375,1070.4046630859375,1546.5802001953125,348.8250427246094,759.7962036132812
2024-03-11,1103.304931640625,482.70001220703125,694.889892578125,1061.3037109375,1524.1295166015625,345.1533203125,745.9607543945312
2024-03-12,1095.218017578125,482.07000732421875,710.3421630859375,1059.483642578125,1516.21728515625,343.2975158691406,732.4627075195312
2024-03-13,1078.64501953125,477.8399963378906,710.755859375,1066.4691162109375,1486.151123046875,345.1333923339844,720.4590454101562
2024-03-14,1056.5308837890625,476.70001220703125,708.3466796875,1066.124755859375,1460.535400390625,347.6976318359375,714.4813232421875
2024-03-15,1044.7001953125,474.010009765625,706.9840698242188,1062.92724609375,1468.052001953125,346.87945556640625,705.659423828125
2024-03-18,1059.6259765625,474.04998779296875,703.7719116210938,1063.7635498046875,1464.4420166015625,346.79962158203125,704.7434692382812
2024-03-19,1049.0931396484375,472.07000732421875,705.3779907226562,1066.4691162109375,1418.353759765625,349.14434814453125,697.8497924804688
2024-03-20,1033.0692138671875,471.510009765625,696.4716796875,1067.0103759765625,1425.7220458984375,352.2872619628906,709.8534545898438
2024-03-21,1033.917724609375,475.25,703.6258544921875,1064.3538818359375,1467.8046875,353.63421630859375,717.61474609375
2024-03-22,1031.62158203125,477.010009765625,702.2144775390625,1072.716796875,1495.497314453125,354.4823303222656,719.9287719726562
2024-03-26,1038.8597412109375,475.05999755859375,693.7218627929688,1066.22314453125,1502.0247802734375,349.9525146484375,713.5172119140625
2024-03-27,1051.1396484375,477.1300048828125,701.1680908203125,1066.2724609375,1516.7117919921875,354.32269287109375,707.0092163085938
2024-03-28,1045.4989013671875,480.3900146484375,704.6723022460938,1075.66845703125,1535.9482421875,356.2982482910156,725.3761596679688
2024-04-01,1051.3892822265625,485.1000061035156,715.67138671875,1081.916015625,1525.464599609375,357.3359375,731.1128540039062
2024-04-02,1045.4989013671875,484.3299865722656,720.367919921875,1063.7635498046875,1542.2779541015625,350.69085693359375,738.9224853515625
2024-04-03,1061.5228271484375,485.05999755859375,721.414306640625,1059.827880859375,1525.7119140625,345.4526672363281,743.40576171875
2024-04-04,1061.223388671875,489.3999938964844,743.4611206054688,1061.451416015625,1527.4920654296875,349.0445556640625,732.0770263671875
2024-04-05,1057.3795166015625,493.3299865722656,754.1439208984375,1065.9281005859375,1535.3548583984375,356.2283935546875,737.3316040039062
2024-04-08,1074.3021240234375,494.1000061035156,752.7081909179688,1069.6175537109375,1551.129638671875,356.8769226074219,740.7543334960938
2024-04-09,1078.24560546875,496.55999755859375,753.6572265625,1089.1966552734375,1537.8768310546875,355.3204345703125,736.8013305664062
2024-04-10,1086.0330810546875,498.32000732421875,747.7196655273438,1091.5087890625,1535.7998046875,364.3700866699219,751.118896484375
2024-04-12,1071.7061767578125,494.94000244140625,739.2512817382812,1086.58935546875,1538.5692138671875,361.79583740234375,738.8259887695312
2024-04-15,1056.2314453125,486.7099914550781,727.4490966796875,1060.95947265625,1522.9920654296875,358.82257080078125,730.341552734375
2024-04-16,1050.1912841796875,484.4700012207031,734.5304565429688,1049.841796875,1474.5794677734375,357.7150573730469,724.74951171875
2024-04-18,1022.3366088867188,480.0799865722656,727.4490966796875,1038.4288330078125,1458.2113037109375,356.5476989746094,718.0968627929688
2024-04-19,1027.42822265625,484.7900085449219,745.2619018554688,1050.03857421875,1465.77734375,357.72503662109375,723.5443115234375
2024-04-22,1052.23779296875,488.8999938964844,735.9661254882812,1069.125732421875,1461.2772216796875,361.1772766113281,738.6331787109375
2024-04-23,1054.0350341796875,488.2300109863281,733.7274169921875,1072.6676025390625,1458.3101806640625,361.79583740234375,745.2858276367188
2024-04-24,1061.5228271484375,490.1700134277344,735.7227783203125,1079.062744140625,1458.45849609375,367.7325134277344,745.3822021484375
2024-04-25,1125.1693115234375,493.2300109863281,735.260498046875,1095.78857421875,1479.6729736328125,327.7524719238281,783.5625
2024-04-26,1128.4639892578125,490.70001220703125,734.7981567382812,1090.032958984375,1430.5186767578125,320.97772216796875,772.5712280273438
2024-04-29,1157.366943359375,502.7799987792969,744.3858642578125,1141.4403076171875,1470.920166015625,327.3433837890625,796.8677368164062
2024-04-30,1164.006103515625,502.3800048828125,739.8109741210938,1131.8475341796875,1499.0577392578125,324.0608215332031,796.626708984375
2024-05-02,1147.982177734375,501.30999755859375,745.7242431640625,1121.0740966796875,1488.6729736328125,314.4224853515625,800.2904663085938
2024-05-03,1139.645751953125,498.739990234375,739.567626953125,1123.63232421875,1467.4090576171875,308.6454772949219,801.6401977539062
2024-05-06,1141.792236328125,497.67999267578125,741.0520629882812,1127.813720703125,1481.0576171875,324.130615234375,778.838134765625
2024-05-07,1125.8681640625,492.2900085449219,733.021728515625,1113.6458740234375,1436.6011962890625,328.0418395996094,773.149658203125
2024-05-08,1126.816650390625,489.9200134277344,721.5845947265625,1104.8895263671875,1426.6614990234375,328.9298400878906,781.7305297851562
2024-05-09,1113.8377685546875,484.7900085449219,704.4776000976562,1097.7071533203125,1386.0621337890625,327.8821716308594,790.4078979492188
2024-05-10,1118.280517578125,485.8399963378906,709.3616333007812,1099.035400390625,1394.666748046875,324.8589782714844,788.0457763671875
2024-05-13,1130.1612548828125,489.1000061035156,717.9208984375,1109.808837890625,1389.1282958984375,327.5030212402344,779.8023071289062
2024-05-14,1121.026123046875,489.80999755859375,720.7328491210938,1102.47900390625,1405.3975830078125,328.520751953125,788.8652954101562
2024-05-15,1126.2176513671875,488.07000732421875,709.6575317382812,1106.2176513671875,1401.5404052734375,329.4187316894531,790.8899536132812
2024-05-16,1137.4493408203125,490.4599914550781,720.3875122070312,1112.8096923828125,1393.2821044921875,333.6592102050781,782.8394165039062
2024-05-17,1139.4959716796875,491.5799865722656,722.286865234375,1112.2684326171875,1396.842529296875,338.5481872558594,788.5277709960938
2024-05-21,1135.802001953125,491.8399963378906,719.6722412109375,1102.8724365234375,1391.0567626953125,338.8874206542969,800.8689575195312
2024-05-22,1124.1708984375,489.6700134277344,719.8695678710938,1093.1812744140625,1389.5238037109375,339.1468505859375,802.6334838867188
2024-05-23,1163.357177734375,498.7099914550781,736.3468017578125,1116.2039794921875,1425.029541015625,341.0425720214844,815.7206420898438
2024-05-24,1172.093017578125,501.32000732421875,748.4827270507812,1113.695068359375,1425.96923828125,339.92510986328125,812.28955078125
2024-05-27,1185.0718994140625,503.7099914550781,753.6627807617188,1111.579833984375,1449.0133056640625,341.4317321777344,817.2891845703125
2024-05-28,1181.4776611328125,503.3800048828125,755.0441284179688,1108.775634765625,1443.326416015625,339.9649963378906,814.7894287109375
2024-05-29,1157.8660888671875,497.6499938964844,744.0921630859375,1084.2281494140625,1444.2166748046875,336.8121032714844,806.4567260742188
2024-05-30,1166.052734375,499.0,747.3234252929688,1095.7393798828125,1430.914306640625,337.26104736328125,809.5936889648438
2024-05-31,1160.2623291015625,502.5,755.5620727539062,1102.970947265625,1445.799072265625,335.325439453125,814.005126953125
2024-06-03,1221.9119873046875,522.6099853515625,775.6160278320312,1141.292724609375,1512.904052734375,342.8385009765625,887.8229370117188
2024-06-04,1129.4124755859375,503.1400146484375,731.684814453125,1054.170654296875,1376.221435546875,326.8544921875,759.9407348632812
2024-06-05,1182.5758056640625,502.2699890136719,765.5520629882812,1090.7708740234375,1484.4697265625,342.8485107421875,774.2042846679688
2024-06-06,1169.0478515625,503.70001220703125,769.4493408203125,1092.49267578125,1464.837646484375,346.16107177734375,800.868896484375
2024-06-07,1184.8721923828125,509.1499938964844,776.183349609375,1103.6103515625,1475.7169189453125,349.9525146484375,813.613037109375
2024-06-10,1198.05078125,508.80999755859375,770.2387084960938,1105.676513671875,1469.5355224609375,348.34613037109375,815.4265747070312
2024-06-11,1192.6595458984375,508.3999938964844,771.9653930664062,1100.1668701171875,1464.788330078125,343.2276611328125,819.102783203125
2024-06-12,1185.970458984375,510.6600036621094,776.5780029296875,1101.4951171875,1467.953125,342.37957763671875,822.5828857421875
2024-06-13,1172.741943359375,510.510009765625,779.8340454101562,1089.49169921875,1490.7005615234375,344.49481201171875,827.2884521484375
2024-06-14,1179.1314697265625,512.1400146484375,787.80126953125,1087.8192138671875,1485.8543701171875,342.6689147949219,822.680908203125
2024-06-18,1189.9639892578125,516.4500122070312,793.1786499023438,1104.7418212890625,1491.343505859375,343.1079406738281,828.2687377929688
2024-06-19,1224.6573486328125,526.1599731445312,817.869873046875,1125.993408203125,1511.4205322265625,348.5556640625,835.817138671875
2024-06-20,1237.486572265625,530.3400268554688,823.5431518554688,1138.144287109375,1511.0743408203125,352.4569091796875,827.141357421875
2024-06-21,1235.4398193359375,528.6900024414062,821.7671508789062,1139.9644775390625,1510.382080078125,354.3326721191406,819.8380126953125
2024-06-24,1226.10498046875,529.1599731445312,825.0478515625,1151.229736328125,1474.03564453125,353.7140808105469,816.3088989257812
2024-06-25,1269.3846435546875,538.0800170898438,844.2631225585938,1178.630615234375,1479.1290283203125,355.57989501953125,825.6708984375
2024-06-26,1283.31201171875,540.4099731445312,839.40380859375,1198.357421875,1481.4532470703125,358.82257080078125,828.7098388671875
2024-06-27,1286.856201171875,540.1099853515625,836.7644653320312,1200.2266845703125,1486.25,365.2879943847656,827.3864135742188
2024-06-28,1263.1947021484375,537.2000122070312,830.6718139648438,1180.254150390625,1464.5,359.69061279296875,832.239013671875
2024-07-01,1259.8502197265625,539.280029296875,841.2291259765625,1192.3065185546875,1456.9000244140625,360.80810546875,825.3768310546875
2024-07-02,1251.364013671875,535.6799926757812,853.7597045898438,1171.399169921875,1429.449951171875,353.1253967285156,809.8878173828125
2024-07-03,1277.9207763671875,542.8300170898438,872.5310668945312,1182.2218017578125,1455.5,361.3269348144531,823.4161987304688
2024-07-04,1278.8193359375,543.3800048828125,852.0578002929688,1213.115478515625,1442.8499755859375,365.9465026855469,822.7789306640625
2024-07-05,1284.9593505859375,539.5999755859375,813.0598754882812,1213.509033203125,1434.25,369.70806884765625,842.826416015625
2024-07-08,1285.7579345703125,537.7000122070312,806.7698974609375,1215.1324462890625,1438.050048828125,369.807861328125,839.3953247070312
2024-07-09,1287.305419921875,538.9199829101562,807.3372192382812,1228.1195068359375,1434.25,368.7402648925781,844.3458862304688
2024-07-10,1289.5518798828125,535.5,802.2066040039062,1223.15087890625,1425.949951171875,365.1483459472656,832.2880249023438
2024-07-11,1294.6435546875,536.1500244140625,800.1345825195312,1218.4775390625,1429.75,368.0717468261719,839.8364868164062
2024-07-12,1316.1751708984375,535.510009765625,800.5292358398438,1213.01708984375,1434.550048828125,365.7469787597656,842.7774047851562
2024-07-15,1306.33349609375,538.030029296875,800.2332763671875,1210.1146240234375,1444.050048828125,367.8821716308594,864.001220703125
2024-07-16,1302.886474609375,537.3800048828125,799.073974609375,1219.9041748046875,1445.9000244140625,360.2493591308594,863.364013671875
2024-07-18,1308.281982421875,538.47998046875,796.6319580078125,1230.1365966796875,1456.9000244140625,364.52972412109375,875.9610595703125
2024-07-19,1291.2464599609375,534.9099731445312,792.9320068359375,1228.5130615234375,1432.449951171875,363.90045166015625,871.84375
2024-07-22,1281.4049072265625,535.030029296875,810.3218994140625,1221.1341552734375,1423.4000244140625,351.1051940917969,859.540771484375
2024-07-23,1262.1712646484375,530.0999755859375,798.407958984375,1206.96630859375,1413.199951171875,353.3725891113281,846.8947143554688
2024-07-24,1238.1917724609375,526.3800048828125,791.3286743164062,1203.2767333984375,1396.6500244140625,348.8377990722656,835.2289428710938
2024-07-25,1174.8958740234375,521.8200073242188,797.5199584960938,1178.58154296875,1379.0999755859375,354.6211242675781,831.7978515625
2024-07-26,1176.3446044921875,525.2999877929688,798.2846069335938,1187.7314453125,1403.9000244140625,362.3522033691406,845.4732666015625
2024-07-29,1169.0509033203125,526.9199829101562,791.822021484375,1193.142822265625,1411.5,358.3668212890625,854.443115234375
2024-07-30,1169.0009765625,528.3200073242188,797.001953125,1189.9451904296875,1429.699951171875,356.8086242675781,855.6195068359375
2024-07-31,1165.104248046875,528.9400024414062,797.1005859375,1195.307373046875,1427.800048828125,361.16357421875,855.2274169921875
2024-08-01,1171.299072265625,528.75,808.471923828125,1190.584716796875,1419.8499755859375,358.1170959472656,845.6693725585938
2024-08-02,1159.8587646484375,527.1099853515625,818.5111694335938,1177.2532958984375,1404.300048828125,360.2746276855469,831.16064453125
2024-08-05,1132.5321044921875,514.8200073242188,797.1005859375,1153.689453125,1389.449951171875,354.3215026855469,795.6732788085938
2024-08-06,1125.138427734375,510.6400146484375,789.922607421875,1148.0322265625,1381.0,353.7021789550781,781.9978637695312
2024-08-07,1135.829345703125,514.260009765625,800.9238891601562,1153.5418701171875,1345.1500244140625,354.90081787109375,792.7322998046875
2024-08-08,1137.17822265625,513.969970703125,810.3958740234375,1145.8184814453125,1347.300048828125,354.1416931152344,792.1441040039062
2024-08-09,1141.774169921875,516.989990234375,814.0958251953125,1152.70556640625,1349.800048828125,353.52239990234375,808.07421875
2024-08-12,1163.305908203125,518.9099731445312,818.9798583984375,1163.8199462890625,1350.8499755859375,354.10174560546875,796.6044921875
2024-08-13,1158.6097412109375,512.4099731445312,790.9092407226562,1159.4039306640625,1350.5999755859375,350.0064697265625,781.8507690429688
2024-08-14,1152.1153564453125,511.3299865722656,793.1786499023438,1152.7552490234375,1338.0999755859375,349.1773986816406,787.1934814453125
2024-08-16,1165.8536376953125,518.1799926757812,805.1666259765625,1178.1591796875,1364.1500244140625,355.0506286621094,796.1143188476562
2024-08-19,1152.2652587890625,517.0399780273438,804.895263671875,1166.8961181640625,1347.5999755859375,355.8597106933594,797.682861328125
2024-08-20,1167.002685546875,521.6599731445312,807.9292602539062,1170.4189453125,1381.300048828125,360.714111328125,804.1529541015625
2024-08-21,1173.397216796875,520.6099853515625,802.0586547851562,1165.8541259765625,1384.0,362.17242431640625,799.4964599609375
2024-08-22,1168.950927734375,522.8400268554688,804.77197265625,1181.979736328125,1381.9000244140625,363.8804626464844,804.1529541015625
2024-08-23,1164.954345703125,522.469970703125,801.6885986328125,1194.2847900390625,1388.550048828125,363.1812744140625,799.3003540039062
2024-08-26,1169.30078125,524.489990234375,809.0392456054688,1204.009765625,1384.5,362.0825500488281,799.0062866210938
2024-08-27,1180.2413330078125,525.9199829101562,807.9539184570312,1216.9598388671875,1383.199951171875,360.2546691894531,799.839599609375
2024-08-28,1169.9500732421875,524.8400268554688,807.6332397460938,1214.47900390625,1415.75,357.8474426269531,793.467529296875
2024-08-29,1174.3963623046875,524.7899780273438,808.3485717773438,1212.5439453125,1417.449951171875,355.0406799316406,798.4671020507812
2024-08-30,1174.2464599609375,526.72998046875,807.5346069335938,1219.7879638671875,1425.25,355.7498474121094,799.5454711914062
2024-09-02,1187.784912109375,527.4099731445312,802.6258544921875,1220.5322265625,1449.050048828125,355.63995361328125,805.966552734375
2024-09-03,1190.58251953125,529.760009765625,807.756591796875,1238.1463623046875,1436.699951171875,356.3491516113281,808.5643920898438
2024-09-04,1176.6943359375,528.8599853515625,809.951904296875,1226.88330078125,1434.4000244140625,356.3491516113281,800.427734375
2024-09-05,1179.5419921875,529.0599975585938,811.7525024414062,1226.486328125,1422.9000244140625,355.18048095703125,802.6334838867188
2024-09-06,1157.760498046875,520.530029296875,807.5592041015625,1198.899169921875,1409.3499755859375,352.42364501953125,767.0970458984375
2024-09-09,1169.8502197265625,524.47998046875,812.2705688476562,1225.5435791015625,1428.0999755859375,357.61767578125,768.8125610351562
2024-09-10,1186.1861572265625,526.6599731445312,814.1698608398438,1227.8260498046875,1435.550048828125,357.9073486328125,767.2440795898438
2024-09-11,1185.087158203125,523.0599975585938,810.9879150390625,1226.88330078125,1421.199951171875,357.4378967285156,753.4706420898438
2024-09-12,1202.3223876953125,530.8499755859375,822.1865234375,1242.5623779296875,1443.3499755859375,365.069091796875,772.24365234375
2024-09-13,1216.410400390625,532.3400268554688,821.8658447265625,1240.7760009765625,1464.050048828125,363.6507263183594,775.2826538085938
2024-09-16,1229.9989013671875,534.739990234375,824.3324584960938,1253.1802978515625,1470.199951171875,365.8382263183594,770.0869750976562
2024-09-17,1231.0478515625,535.3200073242188,823.2718505859375,1258.39013671875,1466.3499755859375,368.9046630859375,767.4891967773438
2024-09-18,1239.3907470703125,540.739990234375,836.0984497070312,1278.485107421875,1480.25,367.5162658691406,777.145263671875
2024-09-19,1241.6387939453125,544.2100219726562,842.8571166992188,1282.107177734375,1484.75,373.9588623046875,774.400390625
2024-09-20,1243.9368896484375,550.6799926757812,858.989013671875,1328.201416015625,1480.199951171875,380.4613342285156,766.3128051757812
2024-09-23,1245.7353515625,556.5700073242188,868.1651000976562,1311.7781982421875,1465.0999755859375,386.494384765625,786.0661010742188
2024-09-24,1238.4915771484375,554.3900146484375,872.2350463867188,1308.50341796875,1448.300048828125,382.4989929199219,782.5369873046875
2024-09-25,1267.01708984375,554.6300048828125,877.686279296875,1313.7132568359375,1439.5,379.1528625488281,777.4883422851562
2024-09-26,1276.009521484375,557.4500122070312,879.8323364257812,1318.87353515625,1452.699951171875,380.0218505859375,786.0661010742188
2024-09-27,1272.0628662109375,553.22998046875,864.6376953125,1296.5953369140625,1462.699951171875,374.0587158203125,786.8504028320312
2024-09-30,1231.1478271484375,544.780029296875,854.47509765625,1263.252685546875,1447.5999755859375,370.3630065917969,772.3907470703125
2024-10-01,1225.6025390625,544.3599853515625,851.5890502929688,1264.6419677734375,1409.699951171875,375.4471435546875,781.2625732421875
2024-10-03,1174.696044921875,534.5499877929688,829.7838134765625,1246.7301025390625,1387.75,364.1401672363281,778.4686889648438
2024-10-04,1177.393798828125,529.8800048828125,817.771240234375,1230.2572021484375,1382.8499755859375,361.3833312988281,780.968505859375
2024-10-07,1144.7216796875,521.5999755859375,798.1119384765625,1224.4520263671875,1350.8499755859375,357.6376647949219,755.4802856445312
2024-10-08,1152.3153076171875,524.969970703125,814.5152587890625,1227.13134765625,1359.550048828125,360.2646179199219,766.0676879882812
2024-10-09,1169.15087890625,524.6400146484375,805.6845703125,1234.62353515625,1341.550048828125,359.7452392578125,781.7037353515625
2024-10-10,1183.23876953125,529.1900024414062,820.114501953125,1233.978515625,1356.4000244140625,374.78790283203125,781.4096069335938
2024-10-11,1171.4488525390625,526.4600219726562,814.4905395507812,1213.635498046875,1347.5999755859375,376.04644775390625,784.0074462890625
2024-10-14,1163.355712890625,531.760009765625,832.7931518554688,1222.3184814453125,1370.449951171875,381.71990966796875,789.3012084960938
2024-10-15,1152.86474609375,532.7000122070312,830.81982421875,1245.8865966796875,1360.9000244140625,378.6034851074219,788.81103515625
2024-10-16,1152.2152099609375,531.6500244140625,838.565185546875,1233.6312255859375,1346.300048828125,374.83782958984375,789.5952758789062
2024-10-17,1130.883544921875,526.9000244140625,825.4178466796875,1221.8223876953125,1347.3499755859375,372.38067626953125,795.0850219726562
2024-10-18,1195.8280029296875,534.3099975585938,829.7098388671875,1254.8177490234375,1347.25,373.779052734375,804.2510375976562
2024-10-21,1189.28369140625,532.5499877929688,852.8223876953125,1249.4095458984375,1308.25,357.4278869628906,797.927978515625
2024-10-22,1174.7459716796875,526.7100219726562,845.841796875,1257.7947998046875,1274.3499755859375,352.2239074707031,774.841552734375
2024-10-23,1159.4091796875,526.1099853515625,856.3251342773438,1242.0164794921875,1274.300048828125,353.15283203125,770.5281372070312
2024-10-24,1166.3531494140625,528.6199951171875,863.15771484375,1243.15771484375,1280.050048828125,352.03411865234375,778.9097900390625
2024-10-25,1188.3343505859375,522.1400146484375,860.0744018554688,1245.8370361328125,1041.5999755859375,353.3625793457031,765.5775756835938
2024-10-28,1170.599609375,526.4500122070312,855.5357055664062,1282.95068359375,1054.800048828125,349.56695556640625,776.4590454101562
2024-10-29,1185.8365478515625,536.280029296875,864.2430419921875,1321.6519775390625,1038.1500244140625,351.63458251953125,816.3088989257812
2024-10-30,1169.400634765625,532.6400146484375,855.7330322265625,1302.1029052734375,1056.4000244140625,346.5205078125,806.2606201171875
2024-10-31,1158.5599365234375,529.6400146484375,856.2757568359375,1282.355224609375,1055.5999755859375,345.8212890625,804.054931640625
2024-11-01,1168.5513916015625,529.6400146484375,857.0650634765625,1281.90869140625,1062.5,348.4782409667969,805.0352783203125
2024-11-04,1138.2772216796875,526.0700073242188,845.6197509765625,1267.42041015625,1063.800048828125,345.4716796875,813.5149536132812
2024-11-05,1170.699462890625,534.9000244140625,867.2030029296875,1286.7711181640625,1090.0999755859375,351.0252685546875,832.4840698242188
2024-11-06,1165.50390625,537.8699951171875,865.9203491210938,1292.3779296875,1077.6500244140625,352.114013671875,837.9738159179688
2024-11-07,1158.9095458984375,533.1199951171875,861.62841796875,1268.908935546875,1056.800048828125,348.9776611328125,842.6793212890625
2024-11-08,1159.9586181640625,529.4500122070312,865.525634765625,1249.2109375,1053.800048828125,348.7579040527344,826.55322265625
2024-11-11,1170.0001220703125,532.0,871.3717041015625,1259.5810546875,1060.800048828125,348.3983154296875,830.964599609375
2024-11-12,1157.1611328125,526.030029296875,847.6424560546875,1260.8709716796875,1059.550048828125,343.8835144042969,810.427001953125
2024-11-13,1138.1773681640625,515.0499877929688,829.463134765625,1244.100341796875,1036.699951171875,337.1812438964844,792.7322998046875
2024-11-14,1139.7259521484375,516.1300048828125,835.087158203125,1247.325439453125,1017.1500244140625,341.1866149902344,788.4188842773438
2024-11-18,1125.23828125,516.8800048828125,841.1797485351562,1243.852294921875,1004.5999755859375,344.1531982421875,798.2710571289062
2024-11-19,1132.981689453125,519.1500244140625,859.507080078125,1239.53564453125,1000.2000122070312,345.15203857421875,787.1934814453125
2024-11-21,1138.1773681640625,516.4099731445312,858.989013671875,1240.974609375,981.4500122070312,347.0199279785156,765.3814697265625
2024-11-22,1141.424560546875,524.9199829101562,861.15966796875,1268.2640380859375,998.2000122070312,351.8843078613281,799.9866333007812
2024-11-25,1154.9129638671875,534.969970703125,880.8929443359375,1290.9886474609375,1003.5,357.737548828125,827.8275756835938
2024-11-26,1143.822509765625,535.0700073242188,880.8683471679688,1294.9580078125,1009.5999755859375,356.3092041015625,822.8770141601562
2024-11-27,1148.6683349609375,536.280029296875,894.06494140625,1290.740478515625,1001.9500122070312,356.22930908203125,817.6812744140625
2024-11-28,1131.532958984375,532.969970703125,884.6176147460938,1276.5003662109375,993.5999755859375,351.434814453125,822.3377685546875
2024-11-29,1135.3297119140625,533.5999755859375,886.04833984375,1290.1451416015625,995.8499755859375,352.6434020996094,822.4358520507812
2024-12-02,1136.1290283203125,534.3400268554688,890.3156127929688,1294.6602783203125,990.9500122070312,350.3860168457031,819.93603515625
2024-12-03,1159.509033203125,540.1599731445312,900.9715576171875,1298.381591796875,998.3499755859375,349.57696533203125,837.1405639648438
2024-12-04,1158.4599609375,546.0,917.6461791992188,1305.9730224609375,998.8499755859375,351.09521484375,842.7774047851562
2024-12-05,1165.404052734375,548.9099731445312,920.4335327148438,1326.2664794921875,998.2000122070312,354.6211242675781,848.4142456054688
2024-12-06,1183.53857421875,550.1099853515625,915.5494995117188,1318.5758056640625,990.3499755859375,354.9807434082031,846.649658203125
2024-12-09,1162.2567138671875,547.7899780273438,922.5302124023438,1312.1751708984375,982.5999755859375,356.8385925292969,841.1598510742188
2024-12-10,1152.6649169921875,549.3800048828125,921.5928344726562,1320.2626953125,984.2999877929688,358.5266418457031,850.423828125
2024-12-11,1146.2703857421875,546.9000244140625,919.1261596679688,1317.3353271484375,984.8499755859375,358.5266418457031,844.6399536132812
2024-12-12,1144.6717529296875,545.7100219726562,917.2268676757812,1319.0718994140625,997.9500122070312,353.3326110839844,836.8955078125
2024-12-13,1147.169677734375,548.9299926757812,923.3934936523438,1334.6021728515625,986.6500244140625,360.714111328125,844.5909423828125
2024-12-16,1149.917236328125,548.8099975585938,920.1621704101562,1335.7928466796875,999.3499755859375,360.4743957519531,844.0028076171875
2024-12-17,1135.27978515625,541.989990234375,904.4002685546875,1323.5374755859375,975.6500244140625,356.3990783691406,833.8074951171875
2024-12-18,1121.291748046875,535.9000244140625,893.275634765625,1304.087646484375,965.2000122070312,355.59002685546875,821.651611328125
2024-12-19,1107.953125,530.0499877929688,884.790283203125,1277.0462646484375,964.4000244140625,352.01416015625,816.4068603515625
2024-12-20,1070.9346923828125,521.1199951171875,873.93701171875,1278.5347900390625,929.4500122070312,348.30841064453125,796.016357421875
2024-12-23,1078.228515625,527.6199951171875,888.4902954101562,1286.8704833984375,945.7000122070312,348.6679992675781,804.9862670898438
2024-12-24,1077.978759765625,526.9199829101562,887.0596313476562,1287.3170166015625,935.2999877929688,349.4071350097656,796.0653686523438
2024-12-26,1075.780517578125,525.530029296875,883.4336547851562,1287.4161376953125,931.9500122070312,350.1562805175781,796.45751953125
2024-12-27,1076.5299072265625,527.3300170898438,887.1336669921875,1297.5382080078125,953.4000244140625,351.5746765136719,783.9094848632812
2024-12-30,1069.036376953125,524.0,877.0943603515625,1284.7369384765625,963.5,347.73907470703125,772.7828369140625
2024-12-31,1063.790771484375,522.7899780273438,874.6029663085938,1271.83642578125,960.1500244140625,356.7986145019531,779.3019409179688
2025-01-01,1070.8848876953125,524.9199829101562,879.4869995117188,1273.8211669921875,969.4000244140625,357.26806640625,777.58642578125
2025-01-02,1085.672119140625,528.3400268554688,884.9136352539062,1280.7178955078125,991.3499755859375,367.0068664550781,785.428955078125
2025-01-03,1083.9736328125,523.3599853515625,862.9356689453125,1255.363525390625,997.9000244140625,367.3065185546875,777.782470703125
2025-01-06,1062.491943359375,511.5299987792969,843.84375,1254.4207763671875,970.0499877929688,355.5201110839844,761.1171264648438
2025-01-07,1066.5885009765625,514.4099731445312,845.2744140625,1269.454833984375,983.5999755859375,354.0018615722656,763.4208374023438
2025-01-08,1074.0321044921875,510.5199890136719,835.8518676757812,1254.073486328125,981.0499877929688,353.3226623535156,755.970458984375
2025-01-09,1060.8433837890625,507.4599914550781,822.778564453125,1252.73388671875,980.9000244140625,357.627685546875,745.4810791015625
2025-01-10,1039.811279296875,500.1199951171875,817.3272094726562,1240.2799072265625,937.5999755859375,350.8354797363281,728.61962890625
2025-01-13,1048.404052734375,493.8299865722656,804.5499267578125,1220.3338623046875,941.7000122070312,347.27960205078125,715.1403198242188
2025-01-14,1050.7520751953125,500.6099853515625,812.3198852539062,1230.8031005859375,962.0999755859375,349.716796875,733.4232177734375
2025-01-15,1025.9232177734375,500.6400146484375,810.568603515625,1228.7686767578125,962.4500122070312,357.5078125,738.8639526367188
2025-01-16,1037.1136474609375,505.010009765625,815.0086059570312,1239.53564453125,975.3499755859375,360.6941223144531,751.2158813476562
2025-01-17,990.2037353515625,497.32000732421875,807.4605712890625,1216.066650390625,970.9500122070312,351.31494140625,749.0592041015625
2025-01-20,987.206298828125,505.80999755859375,814.6138916015625,1223.50927734375,970.7000122070312,383.65765380859375,763.9110107421875
2025-01-21,969.37158203125,498.82000732421875,810.2479248046875,1186.9910888671875,960.4500122070312,378.22393798828125,744.1085815429688
2025-01-22,958.4808349609375,500.5899963378906,821.9152221679688,1191.258056640625,970.9500122070312,383.058349609375,738.6188354492188
2025-01-23,950.2379150390625,499.3800048828125,821.347900390625,1192.5482177734375,970.9500122070312,378.5335693359375,731.2174682617188
2025-01-24,947.6900634765625,496.1700134277344,813.8986206054688,1199.941162109375,950.7999877929688,376.8055419921875,729.501953125
2025-01-27,947.2904052734375,494.1199951171875,804.0319213867188,1218.547607421875,926.4500122070312,375.8466796875,734.4525146484375
2025-01-28,982.9598999023438,501.42999267578125,824.0612182617188,1237.3525390625,934.1500244140625,377.1152038574219,737.5895385742188
2025-01-29,982.560302734375,504.1099853515625,827.4651489257812,1242.066162109375,948.2999877929688,383.6277160644531,743.5204467773438
2025-01-30,983.8591918945312,506.44000244140625,834.4705200195312,1245.98583984375,957.0499877929688,379.8620300292969,747.5887451171875
2025-01-31,985.2579345703125,508.3800048828125,838.047119140625,1243.2073974609375,991.2000122070312,379.82208251953125,757.68603515625
2025-02-01,997.2977294921875,508.42999267578125,834.1991577148438,1245.936279296875,1009.4000244140625,380.1816711425781,750.9218139648438
2025-02-03,988.55517578125,505.8399963378906,827.8104858398438,1243.40576171875,1012.7000122070312,376.4659423828125,745.9712524414062
2025-02-04,1014.4330444335938,513.8800048828125,848.9744873046875,1258.4893798828125,1047.1500244140625,385.2558288574219,763.8619995117188
2025-02-05,1012.4347534179688,516.0900268554688,857.311767578125,1257.9931640625,1061.199951171875,381.9096984863281,750.9708251953125
2025-02-06,1019.8284301757812,516.989990234375,860.29638671875,1262.6572265625,1065.550048828125,382.74871826171875,737.4424438476562
2025-02-07,1023.2255249023438,514.530029296875,854.8204345703125,1247.2760009765625,1079.0999755859375,385.4056396484375,722.688720703125
2025-02-10,1010.8860473632812,513.3300170898438,846.4337158203125,1252.9322509765625,1068.0,391.5785217285156,722.2965698242188
2025-02-11,1006.539794921875,507.55999755859375,839.3544311523438,1243.15771484375,1054.1500244140625,383.2781066894531,716.7088012695312
2025-02-12,1006.0402221679688,508.30999755859375,842.0184326171875,1242.2149658203125,1039.6500244140625,388.3422546386719,718.7184448242188
2025-02-13,1007.339111328125,506.70001220703125,837.5291137695312,1239.337158203125,1047.25,394.1056213378906,713.3267211914062
2025-02-14,996.6482543945312,504.55999755859375,836.1231079101562,1250.451416015625,1024.4000244140625,390.03033447265625,707.9349975585938
2025-02-17,992.1021118164062,506.1499938964844,847.2230834960938,1241.5699462890625,1048.25,388.6119384765625,713.375732421875
2025-02-18,993.3011474609375,503.79998779296875,850.0350952148438,1233.531982421875,1024.0999755859375,392.2178039550781,711.5131225585938
2025-02-19,1010.4863891601562,509.5299987792969,852.0823974609375,1251.9896240234375,1035.800048828125,396.5428161621094,712.9835815429688
2025-02-20,1016.3314208984375,506.8500061035156,832.2998046875,1240.379150390625,1047.6500244140625,393.6561279296875,715.3363647460938
2025-02-21,1008.0885009765625,502.5199890136719,834.9638061523438,1223.50927734375,1043.75,390.16015625,707.7879028320312
2025-02-24,1009.1875,499.6199951171875,827.366455078125,1209.0211181640625,1029.1500244140625,392.76715087890625,702.2981567382812
2025-02-25,1008.23828125,498.489990234375,829.9564819335938,1214.7767333984375,1034.25,392.9969177246094,696.9064331054688
2025-02-27,1015.8318481445312,499.9800109863281,839.0091552734375,1213.0897216796875,1046.699951171875,389.0614318847656,690.0442504882812
2025-02-28,1014.6828002929688,496.7200012207031,854.6477661132812,1194.8802490234375,990.0999755859375,380.1517028808594,675.241455078125
2025-03-03,1006.389892578125,493.67999267578125,839.428466796875,1196.964111328125,984.0,382.4790344238281,681.6134643554688
2025-03-04,1000.944580078125,495.6099853515625,843.5971069335938,1201.1319580078125,987.5999755859375,381.1205749511719,701.9550170898438
2025-03-05,1013.5838012695312,497.3599853515625,833.73046875,1206.391357421875,971.8499755859375,386.17474365234375,715.9735107421875
2025-03-06,1033.2169189453125,499.6700134277344,834.3224487304688,1208.7235107421875,971.7000122070312,383.8973693847656,717.6400756835938
2025-03-07,1036.7640380859375,498.3999938964844,833.3604736328125,1205.250244140625,936.75,386.63421630859375,718.3262939453125
2025-03-10,1034.9654541015625,494.70001220703125,832.4971313476562,1205.5478515625,900.5,383.9073791503906,714.5521240234375
2025-03-11,1024.774169921875,491.5199890136719,831.510498046875,1235.864013671875,655.9500122070312,386.59429931640625,715.4833984375
2025-03-12,1010.3365478515625,493.17999267578125,844.1644287109375,1234.425048828125,684.7000122070312,396.0533752441406,708.8172607421875
2025-03-13,1009.33740234375,493.17999267578125,841.9197998046875,1240.4783935546875,672.3499755859375,396.5627746582031,713.5227661132812
2025-03-17,1033.2669677734375,495.8599853515625,843.79443359375,1259.2833251953125,677.4000244140625,398.16094970703125,708.915283203125
2025-03-18,1033.2669677734375,495.8599853515625,843.79443359375,1259.2833251953125,677.4000244140625,398.16094970703125,708.915283203125
2025-03-19,1051.1517333984375,510.75,860.4197387695312,1303.0455322265625,692.7000122070312,403.8443908691406,730.4331665039062
2025-03-20,1053.44970703125,513.3200073242188,872.5803833007812,1311.5797119140625,684.0999755859375,406.6611328125,734.7955932617188
2025-03-21,1069.2362060546875,518.0999755859375,873.3696899414062,1332.81591796875,686.9000244140625,415.3211364746094,738.373779296875
2025-03-24,1096.9124755859375,529.719970703125,887.9969482421875,1347.750732421875,669.4500122070312,434.7287902832031,765.4304809570312
2025-03-25,1117.594970703125,528.7899780273438,898.5789184570312,1333.4112548828125,637.0499877929688,433.50018310546875,757.636962890625
2025-03-26,1095.31396484375,524.6799926757812,891.2283325195312,1325.6710205078125,655.2999877929688,428.4859924316406,748.961181640625
2025-03-27,1097.412109375,528.6799926757812,900.5029296875,1326.415283203125,673.5499877929688,425.23974609375,757.0977783203125
2025-03-28,1101.0589599609375,528.989990234375,901.908935546875,1338.025634765625,649.8499755859375,433.7398986816406,756.3135375976562
2025-04-01,1084.6729736328125,521.8599853515625,872.1363525390625,1308.3546142578125,682.7000122070312,428.68572998046875,756.5096435546875
2025-04-02,1083.52392578125,526.4299926757812,886.4676513671875,1321.056640625,702.4500122070312,430.42376708984375,760.6759643554688
2025-04-03,1088.9193115234375,528.8499755859375,885.456298828125,1319.3697509765625,709.4000244140625,426.02880859375,763.8619995117188
2025-04-04,1090.3681640625,528.97998046875,896.5316162109375,1325.07568359375,682.0,425.89898681640625,752.34326171875
2025-04-07,1047.0550537109375,513.4600219726562,867.1289672851562,1277.6912841796875,675.9000244140625,407.10064697265625,732.1978149414062
2025-04-08,1076.9295654296875,518.6300048828125,872.7777099609375,1289.9466552734375,679.6500244140625,410.556640625,753.4706420898438
2025-04-09,1060.7435302734375,516.1099853515625,870.7303466796875,1290.83984375,678.5499877929688,410.0672302246094,727.59033203125
2025-04-11,1068.0372314453125,522.8400268554688,891.3269653320312,1301.606689453125,689.5,421.75372314453125,739.0109252929688
2025-04-15,1111.849853515625,536.280029296875,920.01416015625,1339.8614501953125,735.9000244140625,423.5516662597656,748.4710083007812
2025-04-16,1160.3084716796875,543.7999877929688,926.476806640625,1346.0140380859375,788.25,424.19091796875,756.5586547851562
2025-04-17,1189.783203125,555.7899780273438,940.6353759765625,1395.9288330078125,794.7000122070312,437.11602783203125,781.7527465820312
2025-04-21,1221.9556884765625,566.22998046875,950.6994018554688,1399.0052490234375,828.2000122070312,447.7637634277344,800.6238403320312
2025-04-22,1215.760986328125,570.47998046875,967.7686767578125,1405.6539306640625,787.5,453.2374572753906,806.211669921875
2025-04-23,1205.8695068359375,567.4199829101562,949.1207885742188,1413.493408203125,794.2000122070312,444.8870544433594,797.4378051757812
2025-04-24,1206.0692138671875,565.0999755859375,945.6181030273438,1391.95947265625,819.75,444.0879821777344,797.3887939453125
2025-04-25,1165.30419921875,559.5499877929688,942.8554077148438,1394.04345703125,822.3499755859375,440.3722839355469,782.9291381835938
2025-04-28,1191.781494140625,567.6799926757812,947.29541015625,1417.8597412109375,830.5499877929688,444.6073913574219,801.260986328125
2025-04-29,1186.2862548828125,566.8300170898438,941.6715087890625,1418.85205078125,836.9500122070312,440.49212646484375,796.5554809570312
2025-04-30,1183.9881591796875,564.0599975585938,949.6633911132812,1416.073486328125,838.4000244140625,441.1114196777344,773.1259765625
2025-05-02,1182.3895263671875,563.6900024414062,948.1340942382812,1419.149658203125,856.4500122070312,435.8374938964844,781.0175170898438
2025-05-05,1172.1981201171875,562.3499755859375,955.4847412109375,1418.455078125,846.75,416.49981689453125,774.4494018554688
2025-05-06,1160.4083251953125,555.3599853515625,952.9686889648438,1420.63818359375,831.7999877929688,414.3222961425781,758.8623657226562
2025-05-07,1160.3084716796875,558.510009765625,959.8259887695312,1424.4091796875,833.7999877929688,418.49749755859375,760.822998046875
2025-05-08,1171.198974609375,556.760009765625,951.3900756835938,1424.5084228515625,826.7999877929688,422.0334167480469,753.8627319335938
2025-05-09,1150.1170654296875,549.1300048828125,932.248779296875,1378.2652587890625,818.2000122070312,420.1355895996094,763.9110107421875
2025-05-12,1201.9727783203125,567.969970703125,965.5486450195312,1437.4088134765625,788.5,428.5059509277344,785.8701171875
2025-05-13,1192.580810546875,563.239990234375,948.4794311523438,1419.6458740234375,770.0999755859375,422.6327209472656,785.9680786132812
2025-05-14,1194.4791259765625,561.4299926757812,942.5594482421875,1415.279541015625,781.3499755859375,417.9980773925781,784.9387817382812
2025-05-15,1208.0675048828125,566.7000122070312,954.0047607421875,1439.6912841796875,780.5,420.7948303222656,791.8499755859375
2025-05-16,1207.767822265625,567.5999755859375,954.44873046875,1442.86669921875,780.2000122070312,421.1544494628906,792.0999755859375
2025-05-19,1201.77294921875,568.280029296875,956.4220581054688,1437.905029296875,784.0499877929688,421.75372314453125,795.0
2025-05-20,1194.7789306640625,564.010009765625,944.6807861328125,1427.1876220703125,782.25,417.53857421875,785.6500244140625
2025-05-21,1196.7772216796875,564.5999755859375,950.5514526367188,1433.637939453125,769.9500122070312,413.7829284667969,787.0999755859375
2025-05-22,1187.485107421875,563.2100219726562,947.1474609375,1431.057861328125,785.0,412.6842041015625,785.25
2025-05-23,1209.066650390625,567.9500122070312,953.906005859375,1438.698974609375,793.4000244140625,419.6761474609375,790.5
2025-05-26,1214.162353515625,569.7999877929688,957.1620483398438,1449.4161376953125,800.0999755859375,417.3787536621094,794.4000244140625
2025-05-27,1194.5791015625,568.22998046875,950.3048095703125,1435.324951171875,820.7000122070312,415.00152587890625,793.7000122070312
2025-05-28,1193.6798095703125,568.2000122070312,948.9234619140625,1442.6683349609375,805.1500244140625,414.3822326660156,796.5499877929688
2025-05-29,1200.673828125,569.6400146484375,950.896728515625,1445.3475341796875,824.1500244140625,415.840576171875,797.3499755859375
2025-05-30,1191.181884765625,572.0999755859375,959.4807739257812,1434.7296142578125,816.9500122070312,414.462158203125,812.2999877929688
2025-06-02,1193.380126953125,573.52001953125,953.1660766601562,1439.3935546875,812.7000122070312,412.24468994140625,813.6500244140625
2025-06-03,1180.4910888671875,569.9400024414062,949.466064453125,1426.8900146484375,800.8499755859375,408.4291076660156,809.7999877929688
2025-06-04,1170.0001220703125,570.8599853515625,957.6553955078125,1420.0428466796875,814.3499755859375,408.7886962890625,806.5
2025-06-05,1158.0103759765625,571.780029296875,961.7993774414062,1443.66064453125,803.2000122070312,407.5101623535156,806.0
2025-06-06,1193.5799560546875,581.9400024414062,976.1552734375,1448.5230712890625,822.8499755859375,414.2024230957031,813.0499877929688
2025-06-09,1218.8583984375,584.4199829101562,976.2539672851562,1423.8138427734375,836.6500244140625,427.14752197265625,820.0499877929688
2025-06-10,1231.747314453125,581.0900268554688,969.5447387695312,1412.0048828125,845.0499877929688,429.72454833984375,817.0499877929688
2025-06-11,1230.3485107421875,579.3499755859375,962.194091796875,1420.0428466796875,836.2999877929688,428.5658874511719,815.0499877929688
2025-06-12,1211.8643798828125,575.3300170898438,958.74072265625,1414.2872314453125,829.9000244140625,424.8701171875,805.9500122070312
2025-06-13,1204.7703857421875,569.1400146484375,946.0127563476562,1405.2569580078125,816.8499755859375,420.99462890625,792.3499755859375
2025-06-16,1214.3621826171875,573.97998046875,954.7940673828125,1415.9742431640625,821.25,427.30731201171875,792.5
2025-06-17,1214.0623779296875,571.2000122070312,951.9327392578125,1412.302490234375,809.1500244140625,426.8678283691406,792.2999877929688
2025-06-18,1219.9573974609375,572.2999877929688,954.0540771484375,1401.78369140625,850.5,425.9888610839844,791.9000244140625
2025-06-19,1216.4603271484375,570.0800170898438,954.7447509765625,1400.4937744140625,837.5,428.78564453125,785.0999755859375
2025-06-20,1219.6575927734375,576.72998046875,969.2486572265625,1416.1727294921875,840.25,433.4602355957031,796.1500244140625
2025-06-23,1213.063232421875,574.8800048828125,961.2073364257812,1409.226318359375,839.9000244140625,436.31695556640625,790.2000122070312
2025-06-24,1220.1572265625,579.2000122070312,967.3740234375,1413.1956787109375,831.9500122070312,444.2078552246094,795.4000244140625
2025-06-25,1212.2640380859375,581.1199951171875,976.8953247070312,1414.8826904296875,829.7999877929688,439.1536865234375,800.0499877929688
2025-06-26,1232.44677734375,586.5,997.41796875,1428.080810546875,836.0999755859375,440.27239990234375,797.0499877929688
2025-06-27,1224.0538330078125,590.6099853515625,1004.9491577148438,1451.00390625,857.7000122070312,441.0714416503906,805.4000244140625
2025-06-30,1198.1759033203125,589.27001953125,998.2658081054688,1434.7296142578125,872.0999755859375,432.2016906738281,820.3499755859375
2025-07-01,1172.2982177734375,591.1599731445312,1003.5526123046875,1421.03515625,879.0999755859375,436.2170715332031,820.2999877929688
2025-07-02,1174.2965087890625,586.47998046875,990.5350341796875,1416.867431640625,857.6500244140625,433.3204040527344,812.9000244140625
2025-07-03,1170.0999755859375,584.02001953125,991.0836181640625,1414.98193359375,862.4000244140625,424.8302001953125,807.0999755859375
2025-07-04,1177.5999755859375,586.3099975585938,992.1809692382812,1431.7525634765625,856.25,425.4694519042969,811.8499755859375
2025-07-07,1175.0999755859375,585.5499877929688,991.2332763671875,1424.706787109375,854.4500122070312,429.46484375,806.8499755859375
2025-07-08,1165.4000244140625,588.5399780273438,998.2159423828125,1430.9586181640625,850.2999877929688,444.38763427734375,812.6500244140625
2025-07-09,1164.699951171875,588.1400146484375,1003.1036987304688,1420.93603515625,840.75,445.3465270996094,810.9500122070312
2025-07-10,1164.300048828125,585.9400024414062,1000.6099243164062,1413.1956787109375,852.8499755859375,440.2524108886719,808.0
2025-07-11,1173.800048828125,583.9199829101562,989.3878784179688,1411.0125732421875,858.8499755859375,443.6085510253906,808.6500244140625
2025-07-14,1172.699951171875,584.6400146484375,989.0387573242188,1412.1041259765625,867.5999755859375,440.2524108886719,808.8499755859375
2025-07-15,1165.9000244140625,587.530029296875,995.2732543945312,1419.844482421875,881.0,437.11602783203125,816.4500122070312
2025-07-16,1168.4000244140625,588.4299926757812,995.6722412109375,1415.4781494140625,879.75,435.3780212402344,831.7000122070312
2025-07-17,1159.800048828125,585.280029296875,990.98388671875,1407.8370361328125,865.0999755859375,433.6600036621094,829.0
2025-07-18,1099.300048828125,580.72998046875,976.2705078125,1414.8826904296875,870.0499877929688,428.1000061035156,823.3499755859375
2025-07-21,1099.5999755859375,586.0900268554688,997.7670288085938,1454.576416015625,858.7999877929688,433.0400085449219,824.2000122070312
2025-07-22,1098.0,584.260009765625,1001.058837890625,1462.316650390625,843.2000122070312,432.0400085449219,815.0
2025-07-23,1104.800048828125,588.27001953125,1009.6375122070312,1477.2017822265625,851.1500244140625,434.0799865722656,820.6500244140625
2025-07-24,1095.0999755859375,587.239990234375,1004.5999755859375,1472.0416259765625,847.9000244140625,428.4200134277344,815.7000122070312
2025-07-25,1086.0999755859375,581.97998046875,1002.2999877929688,1465.789794921875,823.7000122070312,424.9200134277344,806.5499877929688
2025-07-28,1073.5999755859375,577.8900146484375,1004.25,1477.00341796875,802.0499877929688,393.32000732421875,797.1500244140625
2025-07-29,1064.199951171875,579.52001953125,1010.7999877929688,1474.8201904296875,808.2000122070312,394.5400085449219,799.2000122070312
2025-07-30,1073.300048828125,578.7000122070312,1012.9000244140625,1471.04931640625,801.9000244140625,391.94000244140625,801.6500244140625
2025-07-31,1068.4000244140625,577.0599975585938,1009.0999755859375,1470.0570068359375,798.9000244140625,395.7200012207031,796.5499877929688
2025-08-01,1062.4000244140625,573.72998046875,1006.0999755859375,1460.3319091796875,783.7000122070312,398.4800109863281,794.0
2025-08-04,1068.5999755859375,573.780029296875,996.0,1451.9962158203125,804.0499877929688,399.3999938964844,795.7000122070312
2025-08-05,1070.800048828125,570.8800048828125,988.7999877929688,1433.3402099609375,819.1500244140625,400.6000061035156,800.5999755859375
2025-08-06,1071.0,571.4500122070312,992.6500244140625,1432.54638671875,803.3499755859375,400.4800109863281,805.1500244140625
2025-08-07,1076.199951171875,572.25,997.7000122070312,1429.271728515625,807.3499755859375,398.4200134277344,805.1500244140625
2025-08-08,1058.0999755859375,567.5900268554688,986.9500122070312,1424.9053955078125,782.4500122070312,390.5400085449219,804.2999877929688
2025-08-11,1073.300048828125,571.8800048828125,997.7999877929688,1425.5999755859375,783.25,395.17999267578125,823.4500122070312
2025-08-12,1070.0,569.52001953125,984.9500122070312,1422.0,783.0499877929688,391.79998779296875,820.5999755859375
2025-08-13,1066.0,570.6099853515625,990.1500244140625,1420.800048828125,773.4500122070312,397.5400085449219,821.8499755859375
2025-08-14,1068.199951171875,572.0800170898438,995.5499877929688,1427.300048828125,769.75,395.6400146484375,826.5499877929688
2025-08-18,1082.5999755859375,575.5499877929688,1001.7999877929688,1434.5999755859375,788.6500244140625,400.2799987792969,827.6500244140625
2025-08-19,1083.199951171875,576.739990234375,995.5499877929688,1436.300048828125,785.5,405.9800109863281,830.4000244140625
2025-08-20,1080.199951171875,575.4099731445312,994.0999755859375,1430.5999755859375,778.2000122070312,403.5,828.9500122070312
2025-08-21,1078.9000244140625,576.3800048828125,995.5999755859375,1446.0,767.4500122070312,403.55999755859375,825.7000122070312
2025-08-22,1070.9000244140625,570.0499877929688,982.2999877929688,1436.4000244140625,760.0999755859375,397.32000732421875,816.25
2025-08-25,1070.0,569.469970703125,982.0499877929688,1433.199951171875,770.8499755859375,396.6600036621094,816.4500122070312
2025-08-26,1050.0999755859375,563.0700073242188,973.4000244140625,1416.5999755859375,756.4000244140625,393.1400146484375,807.8499755859375
2025-08-28,1051.9000244140625,556.75,957.7999877929688,1399.0999755859375,746.5999755859375,388.94000244140625,801.9500122070312
2025-08-29,1045.199951171875,554.989990234375,951.5999755859375,1397.800048828125,739.5,392.05999755859375,802.5
2025-09-01,1061.5,557.9400024414062,950.5999755859375,1411.0,752.8499755859375,393.7200012207031,806.0499877929688
2025-09-02,1056.199951171875,554.72998046875,944.5,1394.199951171875,751.2000122070312,388.5,803.9000244140625
2025-09-03,1054.699951171875,558.5800170898438,954.4500122070312,1397.0,768.0999755859375,392.0400085449219,812.1500244140625
2025-09-04,1050.4000244140625,558.27001953125,961.25,1405.5,754.8499755859375,389.94000244140625,809.4000244140625
2025-09-05,1055.9000244140625,559.1699829101562,963.4000244140625,1402.800048828125,757.0499877929688,389.1000061035156,806.5999755859375
2025-09-08,1055.5,560.489990234375,966.0,1402.699951171875,750.75,390.0199890136719,808.7999877929688
2025-09-09,1052.199951171875,560.1400146484375,965.1500244140625,1403.699951171875,746.1500244140625,392.0799865722656,808.8499755859375
2025-09-10,1070.0999755859375,563.9199829101562,965.9000244140625,1403.9000244140625,751.25,394.6600036621094,818.2000122070312
2025-09-11,1087.4000244140625,565.47998046875,967.7999877929688,1401.5999755859375,748.5999755859375,394.4599914550781,823.6500244140625
2025-09-12,1105.300048828125,566.4099731445312,967.2999877929688,1417.699951171875,740.5,394.4599914550781,823.5499877929688
2025-09-15,1104.4000244140625,567.489990234375,967.0499877929688,1419.4000244140625,739.9000244140625,394.1600036621094,824.75
2025-09-16,1121.199951171875,569.8300170898438,966.8499755859375,1421.5999755859375,742.25,404.3399963378906,831.5499877929688
2025-09-17,1126.0,573.780029296875,966.5,1419.199951171875,739.0499877929688,410.05999755859375,857.1500244140625
2025-09-18,1133.0,575.6599731445312,976.9000244140625,1421.699951171875,735.4500122070312,410.9200134277344,854.3499755859375
2025-09-19,1135.9000244140625,573.469970703125,966.9000244140625,1402.199951171875,744.4000244140625,406.20001220703125,862.3499755859375
2025-09-22,1144.4000244140625,571.02001953125,964.2000122070312,1401.5,734.2999877929688,404.3399963378906,855.25
2025-09-23,1170.800048828125,572.6199951171875,957.2000122070312,1394.300048828125,755.25,409.5400085449219,870.5999755859375
2025-09-24,1158.9000244140625,568.3200073242188,951.0499877929688,1382.699951171875,740.75,406.260009765625,866.2000122070312
2025-09-25,1166.5999755859375,567.760009765625,949.8499755859375,1375.800048828125,740.75,402.70001220703125,861.1500244140625
2025-09-26,1154.0,562.02001953125,945.0499877929688,1359.5999755859375,712.75,398.9599914550781,856.9500122070312
2025-09-29,1132.199951171875,561.6699829101562,950.2999877929688,1348.0999755859375,723.4000244140625,398.32000732421875,870.75
2025-09-30,1131.5999755859375,563.3900146484375,951.0,1348.0,735.5499877929688,398.5400085449219,872.4500122070312
2025-10-01,1159.5,571.3900146484375,965.25,1372.0,743.1500244140625,412.6600036621094,864.0999755859375
2025-10-03,1181.0,573.2999877929688,965.1500244140625,1365.199951171875,747.4000244140625,420.1000061035156,867.2999877929688
2025-10-06,1212.800048828125,580.4600219726562,973.4500122070312,1363.4000244140625,739.2999877929688,429.20001220703125,874.0499877929688
2025-10-07,1186.800048828125,580.1500244140625,982.5,1375.9000244140625,749.0,425.3800048828125,864.7000122070312
2025-10-08,1180.5999755859375,577.6400146484375,978.7000122070312,1370.300048828125,740.9500122070312,423.55999755859375,858.25
2025-10-09,1167.4000244140625,580.3599853515625,977.0999755859375,1376.199951171875,749.1500244140625,428.9200134277344,862.0999755859375
2025-10-10,1180.4000244140625,584.97998046875,980.9000244140625,1380.300048828125,763.3499755859375,430.0199890136719,880.6500244140625
2025-10-13,1189.5999755859375,584.5800170898438,977.0,1379.4000244140625,759.9000244140625,430.4200134277344,882.9500122070312
2025-10-14,1176.800048828125,583.2899780273438,977.1500244140625,1384.0999755859375,750.4000244140625,430.3599853515625,876.9500122070312
2025-10-15,1169.5999755859375,586.5499877929688,978.25,1398.4000244140625,740.0999755859375,429.9200134277344,886.0999755859375
2025-10-16,1196.300048828125,591.97998046875,994.3499755859375,1417.300048828125,739.5,441.0799865722656,886.9500122070312
2025-10-17,1200.199951171875,594.969970703125,1002.5499877929688,1436.5999755859375,751.0,441.1600036621094,889.1500244140625
2025-10-20,1226.0,598.5700073242188,1002.9500122070312,1390.300048828125,759.75,442.760009765625,907.5
2025-10-21,1237.300048828125,598.3300170898438,1007.7000122070312,1382.0,758.4500122070312,439.3999938964844,907.8499755859375
2025-10-23,1258.800048828125,598.5999755859375,1008.7999877929688,1363.699951171875,759.5999755859375,445.1199951171875,911.5499877929688
2025-10-27,1254.0999755859375,599.0399780273438,1002.9500122070312,1377.5999755859375,770.0499877929688,429.7200012207031,922.75
2025-10-28,1246.300048828125,600.1500244140625,1003.5499877929688,1363.0999755859375,799.75,432.1600036621094,930.25
2025-10-29,1248.800048828125,602.4500122070312,1007.8499755859375,1370.4000244140625,807.4500122070312,430.1000061035156,939.75
2025-10-30,1238.5999755859375,600.0800170898438,998.1500244140625,1362.4000244140625,800.9500122070312,427.44000244140625,934.3499755859375
2025-10-31,1232.800048828125,597.3900146484375,987.2999877929688,1345.300048828125,794.7999877929688,420.44000244140625,937.0
2025-11-03,1233.699951171875,600.0999755859375,992.6500244140625,1346.4000244140625,796.9000244140625,422.70001220703125,949.7000122070312
2025-11-04,1226.5999755859375,597.2999877929688,985.25,1336.9000244140625,790.2000122070312,419.32000732421875,957.5999755859375
2025-11-06,1228.5,594.4000244140625,984.6500244140625,1320.4000244140625,786.2000122070312,416.6400146484375,960.75
2025-11-07,1222.800048828125,598.260009765625,982.2999877929688,1343.0,797.25,417.6600036621094,955.8499755859375
2025-11-10,1217.0,598.1699829101562,984.5,1348.0,799.3499755859375,418.5400085449219,951.1500244140625
2025-11-11,1222.5,599.75,991.7000122070312,1358.300048828125,826.0999755859375,417.3800048828125,953.2999877929688
2025-11-12,1221.5999755859375,601.3200073242188,989.5,1358.9000244140625,864.4000244140625,416.8999938964844,957.1500244140625
2025-11-13,1225.199951171875,602.0,986.6500244140625,1385.9000244140625,863.4500122070312,415.0400085449219,954.0
2025-11-14,1241.5999755859375,603.2899780273438,989.5999755859375,1373.0,848.25,415.94000244140625,967.8499755859375
2025-11-17,1249.5999755859375,607.8300170898438,996.5499877929688,1379.0,854.0499877929688,420.5799865722656,973.3499755859375
2025-11-18,1265.4000244140625,607.8499755859375,992.4500122070312,1373.4000244140625,847.9500122070312,418.6199951171875,972.4500122070312
2025-11-19,1270.4000244140625,610.4000244140625,994.5999755859375,1383.0999755859375,839.5999755859375,421.17999267578125,982.75
2025-11-20,1285.199951171875,611.6500244140625,1008.8499755859375,1383.0,829.4000244140625,419.739990234375,981.5499877929688
2025-11-21,1275.800048828125,606.8499755859375,998.0499877929688,1369.5,846.5499877929688,417.55999755859375,972.5999755859375
2025-11-24,1269.0,606.6099853515625,999.1500244140625,1368.4000244140625,836.0499877929688,417.4599914550781,970.5999755859375
2025-11-25,1266.300048828125,606.4299926757812,989.7999877929688,1357.800048828125,839.9000244140625,413.9800109863281,983.5999755859375
2025-11-26,1290.199951171875,614.219970703125,1003.9000244140625,1375.0,850.7000122070312,420.760009765625,983.9000244140625
2025-11-27,1287.300048828125,615.7000122070312,1009.5,1392.199951171875,857.4500122070312,422.0400085449219,972.8499755859375
2025-11-28,1279.699951171875,616.3699951171875,1007.5999755859375,1388.800048828125,858.5499877929688,424.8800048828125,979.0
2025-12-01,1275.699951171875,616.8599853515625,1002.0999755859375,1390.0999755859375,847.1500244140625,429.5199890136719,973.0999755859375
2025-12-02,1258.0,612.8499755859375,989.7999877929688,1373.0,850.2999877929688,428.4800109863281,967.2999877929688
2025-12-03,1270.699951171875,613.6400146484375,1000.5,1391.5,846.9000244140625,429.2200012207031,951.0499877929688
2025-12-04,1280.0,611.239990234375,997.2000122070312,1386.699951171875,863.0,427.0799865722656,948.0999755859375
2025-12-05,1282.5,616.02001953125,1003.2999877929688,1392.5,870.0999755859375,430.9800109863281,971.5
2025-12-08,1273.800048828125,611.469970703125,1003.0999755859375,1389.5999755859375,841.4000244140625,426.32000732421875,956.4000244140625
2025-12-09,1275.9000244140625,610.280029296875,997.0999755859375,1375.199951171875,844.3499755859375,425.5400085449219,959.3499755859375
2025-12-10,1278.5999755859375,607.72998046875,989.7999877929688,1363.5999755859375,833.8499755859375,425.8999938964844,959.75
2025-12-11,1272.699951171875,610.280029296875,1000.2999877929688,1360.0,835.5499877929688,436.0400085449219,963.25
2025-12-12,1286.0999755859375,613.1400146484375,1001.5,1366.0,846.1500244140625,435.32000732421875,963.1500244140625
2025-12-15,1284.800048828125,613.3900146484375,996.0999755859375,1365.199951171875,851.25,436.260009765625,967.25
2025-12-16,1219.5999755859375,609.72998046875,994.2999877929688,1366.0,845.0499877929688,436.4800109863281,961.1500244140625
2025-12-17,1224.699951171875,607.8699951171875,984.0,1352.4000244140625,833.8499755859375,434.6400146484375,975.8499755859375
2025-12-18,1229.800048828125,607.6300048828125,979.7000122070312,1356.800048828125,834.9000244140625,432.9200134277344,977.5499877929688
2025-12-19,1230.5999755859375,609.706787109375,985.5,1354.0999755859375,844.7000122070312,431.8999938964844,980.2999877929688
2025-12-22,1233.199951171875,611.260009765625,987.7000122070312,1368.5,856.4000244140625,429.94000244140625,974.2999877929688
2025-12-23,1225.0,610.6400146484375,996.5999755859375,1363.0,849.9000244140625,432.5400085449219,971.9000244140625
2025-12-24,1226.300048828125,610.1799926757812,997.2000122070312,1359.800048828125,848.0499877929688,432.739990234375,968.9500122070312
2025-12-26,1228.199951171875,608.2899780273438,992.0999755859375,1350.4000244140625,849.8499755859375,432.8399963378906,966.2999877929688
2025-12-29,1232.0,607.3499755859375,991.7000122070312,1343.300048828125,839.5999755859375,431.7200012207031,965.0499877929688
2025-12-30,1246.0,611.5599975585938,990.9000244140625,1342.5,841.5,430.5400085449219,973.4500122070312
2025-12-31,1269.4000244140625,615.1799926757812,991.2000122070312,1342.9000244140625,864.2000122070312,440.2200012207031,982.2000122070312
2026-01-01,1274.4000244140625,615.2899780273438,991.1500244140625,1338.0,890.2000122070312,443.55999755859375,984.75
2026-01-02,1266.9000244140625,619.9099731445312,1001.5999755859375,1355.4000244140625,902.4500122070312,439.0199890136719,998.9500122070312
2026-01-05,1285.800048828125,619.219970703125,977.5,1371.5,899.9500122070312,438.17999267578125,1005.5499877929688
2026-01-06,1293.800048828125,619.9299926757812,962.2000122070312,1411.199951171875,914.25,429.2799987792969,1018.9000244140625
2026-01-07,1295.5,618.969970703125,949.0499877929688,1427.699951171875,897.8499755859375,428.79998779296875,1007.1500244140625
2026-01-08,1286.800048828125,616.5599975585938,946.7000122070312,1435.0,883.4500122070312,426.6000061035156,998.0
2026-01-09,1272.0,611.8300170898438,939.0,1404.300048828125,882.25,425.3599853515625,1000.5
2026-01-12,1274.199951171875,613.5800170898438,936.9500122070312,1413.0999755859375,905.4500122070312,426.6600036621094,1015.1500244140625
2026-01-13,1262.0,614.5700073242188,937.3499755859375,1437.0,910.5499877929688,426.5199890136719,1028.449951171875
2026-01-14,1298.800048828125,614.510009765625,925.4500122070312,1418.4000244140625,944.5,421.0,1028.3499755859375
2026-01-15,1298.800048828125,614.510009765625,925.4500122070312,1418.4000244140625,944.5,421.0,1028.3499755859375
2026-01-16,1294.199951171875,619.9199829101562,931.0999755859375,1410.800048828125,953.8499755859375,418.20001220703125,1042.300048828125
2026-01-19,1307.5,617.219970703125,927.9000244140625,1380.5999755859375,949.7999877929688,426.8999938964844,1038.4000244140625
2026-01-20,1293.5,612.1699829101562,931.2000122070312,1375.800048828125,905.1500244140625,423.79998779296875,1036.4000244140625
2026-01-21,1284.9000244140625,606.1599731445312,920.3499755859375,1349.0,907.1500244140625,421.6000061035156,1028.6500244140625
2026-01-22,1294.800048828125,610.969970703125,918.7000122070312,1345.5,902.4500122070312,426.0,1048.3499755859375
2026-01-23,1258.0,603.3499755859375,916.0999755859375,1343.4000244140625,892.4500122070312,422.79998779296875,1029.5
2026-01-27,1315.800048828125,611.1099853515625,926.4000244140625,1361.4000244140625,894.75,408.70001220703125,1053.1500244140625
2026-01-28,1319.800048828125,614.1400146484375,932.7000122070312,1367.699951171875,901.7000122070312,412.3999938964844,1063.5
2026-01-29,1363.699951171875,617.9199829101562,935.5,1383.5999755859375,898.4000244140625,412.3999938964844,1066.199951171875
2026-01-30,1370.4000244140625,615.72998046875,929.25,1355.0,896.0999755859375,408.0,1077.1500244140625
2026-02-02,1311.5,604.47998046875,928.0999755859375,1352.800048828125,910.25,408.20001220703125,1028.699951171875
2026-02-03,1356.199951171875,619.5499877929688,948.7000122070312,1389.699951171875,922.4000244140625,415.79998779296875,1064.199951171875
2026-02-04,1338.699951171875,620.9500122070312,953.0999755859375,1408.4000244140625,921.2999877929688,412.3500061035156,1068.199951171875
2026-02-05,1330.5999755859375,620.5499877929688,949.7000122070312,1396.5,914.4000244140625,408.75,1073.5
2026-02-06,1341.5999755859375,619.7899780273438,941.0999755859375,1406.0999755859375,903.5999755859375,422.3500061035156,1066.4000244140625
2026-02-09,1341.4000244140625,625.280029296875,937.25,1396.300048828125,927.9000244140625,428.79998779296875,1146.0
2026-02-10,1356.699951171875,626.1500244140625,932.4000244140625,1406.5,927.5999755859375,429.29998779296875,1144.0999755859375
2026-02-11,1347.300048828125,627.6699829101562,927.0999755859375,1406.0999755859375,925.0,429.54998779296875,1182.9000244140625
2026-02-12,1340.0,627.8699951171875,920.5999755859375,1430.0,922.7000122070312,426.25,1192.4000244140625
2026-02-13,1332.300048828125,622.4500122070312,903.9000244140625,1414.5999755859375,926.0499877929688,420.6499938964844,1198.5999755859375
2026-02-16,1358.300048828125,628.6099853515625,925.7999877929688,1411.5999755859375,931.9000244140625,425.6000061035156,1208.0999755859375
2026-02-17,1357.199951171875,631.25,925.7000122070312,1407.5,943.7999877929688,424.45001220703125,1213.4000244140625
2026-02-18,1377.0,635.8599853515625,924.7000122070312,1408.199951171875,944.6500244140625,426.3500061035156,1218.9000244140625
