index,symbol,average,category
NIFTY 200,HDFCBANK,6.99,Broad Market
NIFTY 200,RELIANCE,5.49,Broad Market
NIFTY 200,ICICIBANK,5.38,Broad Market
NIFTY 200,BHARTIARTL,3.31,Broad Market
NIFTY 200,LT,2.77,Broad Market
NIFTY 200,SBIN,2.65,Broad Market
NIFTY 200,TVSMOTOR,2.4,Broad Market
NIFTY 200,INFY,2.35,Broad Market
NIFTY 200,AXISBANK,2.16,Broad Market
NIFTY 200,ITC,1.71,Broad Market
NIFTY 200,KOTAKBANK,1.62,Broad Market
NIFTY 200,M&M,1.61,Broad Market
NIFTY 200,TCS,1.46,Broad Market
NIFTY 200,BAJFINANCE,1.44,Broad Market
NIFTY 200,HINDUNILVR,1.19,Broad Market
NIFTY 200,NTPC,1.13,Broad Market
NIFTY 200,ETERNAL,1.09,Broad Market
NIFTY 200,SUNPHARMA,1.08,Broad Market
NIFTY 200,TITAN,1.06,Broad Market
NIFTY 200,TATASTEEL,1.04,Broad Market
NIFTY 200,MARUTI,0.99,Broad Market
NIFTY 200,SHRIRAMFIN,0.97,Broad Market
NIFTY 200,BEL,0.91,Broad Market
NIFTY 200,HINDALCO,0.91,Broad Market
NIFTY 200,BSE,0.87,Broad Market
NIFTY 200,POWERGRID,0.84,Broad Market
NIFTY 200,ULTRACEMCO,0.82,Broad Market
NIFTY 200,HCLTECH,0.74,Broad Market
NIFTY 200,VEDL,0.74,Broad Market
NIFTY 200,ADANIPORTS,0.71,Broad Market
NIFTY 200,JSWSTEEL,0.7,Broad Market
NIFTY 200,ONGC,0.68,Broad Market
NIFTY 200,ASIANPAINT,0.65,Broad Market
NIFTY 200,COALINDIA,0.62,Broad Market
NIFTY 200,GRASIM,0.62,Broad Market
NIFTY 200,BAJAJ-AUTO,0.61,Broad Market
NIFTY 200,BAJAJFINSV,0.6,Broad Market
NIFTY 200,NESTLEIND,0.6,Broad Market
NIFTY 200,INDIGO,0.59,Broad Market
NIFTY 200,EICHERMOT,0.57,Broad Market
NIFTY 200,TRENT,0.55,Broad Market
NIFTY 200,ADANIPOWER,0.54,Broad Market
NIFTY 200,TECHM,0.52,Broad Market
NIFTY 200,TMCV,0.51,Broad Market
NIFTY 200,DIVISLAB,0.48,Broad Market
NIFTY 200,DRREDDY,0.48,Broad Market
NIFTY 200,HAL,0.48,Broad Market
NIFTY 200,JIOFIN,0.48,Broad Market
NIFTY 200,SBILIFE,0.47,Broad Market
NIFTY 200,APOLLOHOSP,0.46,Broad Market
NIFTY 200,TATAPOWER,0.45,Broad Market
NIFTY 200,MAXHEALTH,0.44,Broad Market
NIFTY 200,TATACONSUM,0.44,Broad Market
NIFTY 200,CIPLA,0.43,Broad Market
NIFTY 200,MCX,0.43,Broad Market
NIFTY 200,TMPV,0.43,Broad Market
NIFTY 200,FEDERALBNK,0.42,Broad Market
NIFTY 200,ADANIENT,0.41,Broad Market
NIFTY 200,CUMMINSIND,0.41,Broad Market
NIFTY 200,SUZLON,0.41,Broad Market
NIFTY 200,VBL,0.41,Broad Market
NIFTY 200,PFC,0.4,Broad Market
NIFTY 200,BRITANNIA,0.39,Broad Market
NIFTY 200,DMART,0.39,Broad Market
NIFTY 200,CHOLAFIN,0.38,Broad Market
NIFTY 200,HEROMOTOCO,0.38,Broad Market
NIFTY 200,HDFCLIFE,0.37,Broad Market
NIFTY 200,BPCL,0.36,Broad Market
NIFTY 200,AUBANK,0.34,Broad Market
NIFTY 200,INDUSINDBK,0.34,Broad Market
NIFTY 200,WIPRO,0.34,Broad Market
NIFTY 200,CGPOWER,0.33,Broad Market
NIFTY 200,GVT&D,0.33,Broad Market
NIFTY 200,HDFCAMC,0.33,Broad Market
NIFTY 200,INDHOTEL,0.33,Broad Market
NIFTY 200,LUPIN,0.33,Broad Market
NIFTY 200,POLICYBZR,0.33,Broad Market
NIFTY 200,IOC,0.32,Broad Market
NIFTY 200,MOTHERSON,0.32,Broad Market
NIFTY 200,INDUSTOWER,0.31,Broad Market
NIFTY 200,BHARATFORG,0.3,Broad Market
NIFTY 200,BHEL,0.3,Broad Market
NIFTY 200,PERSISTENT,0.3,Broad Market
NIFTY 200,ADANIENSOL,0.29,Broad Market
NIFTY 200,BANKBARODA,0.29,Broad Market
NIFTY 200,FORTIS,0.29,Broad Market
NIFTY 200,ASHOKLEY,0.28,Broad Market
NIFTY 200,PAYTM,0.28,Broad Market
NIFTY 200,CANBK,0.27,Broad Market
NIFTY 200,DIXON,0.27,Broad Market
NIFTY 200,IDFCFIRSTB,0.27,Broad Market
NIFTY 200,JINDALSTEL,0.27,Broad Market
NIFTY 200,RECLTD,0.27,Broad Market
NIFTY 200,BAJAJHLDNG,0.26,Broad Market
NIFTY 200,GAIL,0.26,Broad Market
NIFTY 200,GODREJCP,0.26,Broad Market
NIFTY 200,TORNTPHARM,0.26,Broad Market
NIFTY 200,ICICIGI,0.25,Broad Market
NIFTY 200,LAURUSLABS,0.25,Broad Market
NIFTY 200,MFSL,0.25,Broad Market
NIFTY 200,PIDILITIND,0.25,Broad Market
NIFTY 200,POLYCAB,0.25,Broad Market
NIFTY 200,ADANIGREEN,0.24,Broad Market
NIFTY 200,COFORGE,0.24,Broad Market
NIFTY 200,LTM,0.24,Broad Market
NIFTY 200,MARICO,0.24,Broad Market
NIFTY 200,POWERINDIA,0.24,Broad Market
NIFTY 200,UNITDSPR,0.24,Broad Market
NIFTY 200,AUROPHARMA,0.23,Broad Market
NIFTY 200,NATIONALUM,0.23,Broad Market
NIFTY 200,NAUKRI,0.23,Broad Market
NIFTY 200,SWIGGY,0.23,Broad Market
NIFTY 200,ABB,0.22,Broad Market
NIFTY 200,DLF,0.22,Broad Market
NIFTY 200,MUTHOOTFIN,0.22,Broad Market
NIFTY 200,NYKAA,0.22,Broad Market
NIFTY 200,PNB,0.22,Broad Market
NIFTY 200,SOLARINDS,0.22,Broad Market
NIFTY 200,APLAPOLLO,0.21,Broad Market
NIFTY 200,GLENMARK,0.21,Broad Market
NIFTY 200,HINDPETRO,0.21,Broad Market
NIFTY 200,SRF,0.21,Broad Market
NIFTY 200,UPL,0.21,Broad Market
NIFTY 200,GMRAIRPORT,0.2,Broad Market
NIFTY 200,SHREECEM,0.2,Broad Market
NIFTY 200,SIEMENS,0.2,Broad Market
NIFTY 200,VOLTAS,0.2,Broad Market
NIFTY 200,YESBANK,0.2,Broad Market
NIFTY 200,BOSCHLTD,0.19,Broad Market
NIFTY 200,HAVELLS,0.19,Broad Market
NIFTY 200,INDIANB,0.19,Broad Market
NIFTY 200,PHOENIXLTD,0.19,Broad Market
NIFTY 200,TIINDIA,0.19,Broad Market
NIFTY 200,UNIONBANK,0.19,Broad Market
NIFTY 200,WAAREEENER,0.19,Broad Market
NIFTY 200,ALKEM,0.18,Broad Market
NIFTY 200,JSWENERGY,0.18,Broad Market
NIFTY 200,KEI,0.18,Broad Market
NIFTY 200,MPHASIS,0.18,Broad Market
NIFTY 200,NMDC,0.18,Broad Market
NIFTY 200,ENRIN,0.17,Broad Market
NIFTY 200,360ONE,0.16,Broad Market
NIFTY 200,ABCAPITAL,0.16,Broad Market
NIFTY 200,AMBUJACEM,0.16,Broad Market
NIFTY 200,COLPAL,0.16,Broad Market
NIFTY 200,GODREJPROP,0.16,Broad Market
NIFTY 200,HINDZINC,0.16,Broad Market
NIFTY 200,IDEA,0.16,Broad Market
NIFTY 200,NHPC,0.16,Broad Market
NIFTY 200,OIL,0.16,Broad Market
NIFTY 200,RADICO,0.16,Broad Market
NIFTY 200,SAIL,0.16,Broad Market
NIFTY 200,VMM,0.16,Broad Market
NIFTY 200,BIOCON,0.15,Broad Market
NIFTY 200,DABUR,0.15,Broad Market
NIFTY 200,HYUNDAI,0.15,Broad Market
NIFTY 200,MANKIND,0.15,Broad Market
NIFTY 200,MRF,0.15,Broad Market
NIFTY 200,PIIND,0.15,Broad Market
NIFTY 200,BLUESTARCO,0.14,Broad Market
NIFTY 200,COROMANDEL,0.14,Broad Market
NIFTY 200,LODHA,0.14,Broad Market
NIFTY 200,LTF,0.14,Broad Market
NIFTY 200,PAGEIND,0.14,Broad Market
NIFTY 200,PRESTIGE,0.14,Broad Market
NIFTY 200,SUPREMEIND,0.14,Broad Market
NIFTY 200,OFSS,0.13,Broad Market
NIFTY 200,ZYDUSLIFE,0.13,Broad Market
NIFTY 200,IRFC,0.12,Broad Market
NIFTY 200,M&MFIN,0.12,Broad Market
NIFTY 200,MAZDOCK,0.12,Broad Market
NIFTY 200,OBEROIRLTY,0.12,Broad Market
NIFTY 200,ASTRAL,0.11,Broad Market
NIFTY 200,ATGL,0.11,Broad Market
NIFTY 200,JUBLFOOD,0.11,Broad Market
NIFTY 200,SBICARD,0.11,Broad Market
NIFTY 200,TATACOMM,0.11,Broad Market
NIFTY 200,BANKINDIA,0.1,Broad Market
NIFTY 200,CONCOR,0.1,Broad Market
NIFTY 200,IRCTC,0.1,Broad Market
NIFTY 200,LICHSGFIN,0.1,Broad Market
NIFTY 200,RVNL,0.1,Broad Market
NIFTY 200,EXIDEIND,0.09,Broad Market
NIFTY 200,KALYANKJIL,0.09,Broad Market
NIFTY 200,LENSKART,0.09,Broad Market
NIFTY 200,PATANJALI,0.09,Broad Market
NIFTY 200,BDL,0.08,Broad Market
NIFTY 200,COCHINSHIP,0.08,Broad Market
NIFTY 200,GROWW,0.08,Broad Market
NIFTY 200,LGEINDIA,0.08,Broad Market
NIFTY 200,TATACAP,0.08,Broad Market
NIFTY 200,TATAELXSI,0.08,Broad Market
NIFTY 200,ICICIAMC,0.07,Broad Market
NIFTY 200,KPITTECH,0.07,Broad Market
NIFTY 200,MOTILALOFS,0.07,Broad Market
NIFTY 200,PREMIERENE,0.07,Broad Market
NIFTY 200,HUDCO,0.06,Broad Market
NIFTY 200,IREDA,0.06,Broad Market
NIFTY 200,TATAINVEST,0.06,Broad Market
NIFTY 200,GODFRYPHLP,0.05,Broad Market
NIFTY 50,HDFCBANK,10.84,Broad Market
NIFTY 50,RELIANCE,8.52,Broad Market
NIFTY 50,ICICIBANK,8.35,Broad Market
NIFTY 50,BHARTIARTL,5.14,Broad Market
NIFTY 50,LT,4.29,Broad Market
NIFTY 50,SBIN,4.11,Broad Market
NIFTY 50,INFY,3.65,Broad Market
NIFTY 50,AXISBANK,3.35,Broad Market
NIFTY 50,ITC,2.65,Broad Market
NIFTY 50,KOTAKBANK,2.51,Broad Market
NIFTY 50,M&M,2.49,Broad Market
NIFTY 50,TCS,2.26,Broad Market
NIFTY 50,BAJFINANCE,2.23,Broad Market
NIFTY 50,HINDUNILVR,1.84,Broad Market
NIFTY 50,NTPC,1.75,Broad Market
NIFTY 50,ETERNAL,1.68,Broad Market
NIFTY 50,SUNPHARMA,1.68,Broad Market
NIFTY 50,TITAN,1.65,Broad Market
NIFTY 50,TATASTEEL,1.61,Broad Market
NIFTY 50,MARUTI,1.53,Broad Market
NIFTY 50,SHRIRAMFIN,1.51,Broad Market
NIFTY 50,BEL,1.42,Broad Market
NIFTY 50,HINDALCO,1.4,Broad Market
NIFTY 50,POWERGRID,1.31,Broad Market
NIFTY 50,ULTRACEMCO,1.27,Broad Market
NIFTY 50,HCLTECH,1.15,Broad Market
NIFTY 50,ADANIPORTS,1.09,Broad Market
NIFTY 50,JSWSTEEL,1.09,Broad Market
NIFTY 50,ONGC,1.06,Broad Market
NIFTY 50,ASIANPAINT,1.01,Broad Market
NIFTY 50,COALINDIA,0.96,Broad Market
NIFTY 50,GRASIM,0.96,Broad Market
NIFTY 50,BAJAJ-AUTO,0.95,Broad Market
NIFTY 50,NESTLEIND,0.94,Broad Market
NIFTY 50,BAJAJFINSV,0.93,Broad Market
NIFTY 50,INDIGO,0.91,Broad Market
NIFTY 50,EICHERMOT,0.88,Broad Market
NIFTY 50,TRENT,0.86,Broad Market
NIFTY 50,TECHM,0.81,Broad Market
NIFTY 50,DRREDDY,0.74,Broad Market
NIFTY 50,JIOFIN,0.74,Broad Market
NIFTY 50,SBILIFE,0.74,Broad Market
NIFTY 50,APOLLOHOSP,0.72,Broad Market
NIFTY 50,MAXHEALTH,0.68,Broad Market
NIFTY 50,TATACONSUM,0.68,Broad Market
NIFTY 50,CIPLA,0.67,Broad Market
NIFTY 50,TMPV,0.67,Broad Market
NIFTY 50,ADANIENT,0.64,Broad Market
NIFTY 50,HDFCLIFE,0.57,Broad Market
NIFTY 50,WIPRO,0.52,Broad Market
NIFTY 500,HDFCBANK,6.04,Broad Market
NIFTY 500,RELIANCE,4.74,Broad Market
NIFTY 500,ICICIBANK,4.65,Broad Market
NIFTY 500,BHARTIARTL,2.86,Broad Market
NIFTY 500,LT,2.39,Broad Market
NIFTY 500,SBIN,2.29,Broad Market
NIFTY 500,TVSMOTOR,2.07,Broad Market
NIFTY 500,INFY,2.03,Broad Market
NIFTY 500,AXISBANK,1.86,Broad Market
NIFTY 500,ITC,1.48,Broad Market
NIFTY 500,KOTAKBANK,1.4,Broad Market
NIFTY 500,M&M,1.39,Broad Market
NIFTY 500,TCS,1.26,Broad Market
NIFTY 500,BAJFINANCE,1.24,Broad Market
NIFTY 500,HINDUNILVR,1.02,Broad Market
NIFTY 500,NTPC,0.97,Broad Market
NIFTY 500,ETERNAL,0.94,Broad Market
NIFTY 500,SUNPHARMA,0.93,Broad Market
NIFTY 500,TITAN,0.92,Broad Market
NIFTY 500,TATASTEEL,0.9,Broad Market
NIFTY 500,MARUTI,0.85,Broad Market
NIFTY 500,SHRIRAMFIN,0.84,Broad Market
NIFTY 500,BEL,0.79,Broad Market
NIFTY 500,HINDALCO,0.78,Broad Market
NIFTY 500,BSE,0.75,Broad Market
NIFTY 500,POWERGRID,0.73,Broad Market
NIFTY 500,ULTRACEMCO,0.71,Broad Market
NIFTY 500,HCLTECH,0.64,Broad Market
NIFTY 500,VEDL,0.64,Broad Market
NIFTY 500,ADANIPORTS,0.61,Broad Market
NIFTY 500,JSWSTEEL,0.61,Broad Market
NIFTY 500,ONGC,0.59,Broad Market
NIFTY 500,ASIANPAINT,0.56,Broad Market
NIFTY 500,BAJAJ-AUTO,0.53,Broad Market
NIFTY 500,COALINDIA,0.53,Broad Market
NIFTY 500,GRASIM,0.53,Broad Market
NIFTY 500,BAJAJFINSV,0.52,Broad Market
NIFTY 500,NESTLEIND,0.52,Broad Market
NIFTY 500,INDIGO,0.51,Broad Market
NIFTY 500,EICHERMOT,0.49,Broad Market
NIFTY 500,TRENT,0.48,Broad Market
NIFTY 500,ADANIPOWER,0.47,Broad Market
NIFTY 500,TECHM,0.45,Broad Market
NIFTY 500,TMCV,0.44,Broad Market
NIFTY 500,HAL,0.42,Broad Market
NIFTY 500,DIVISLAB,0.41,Broad Market
NIFTY 500,DRREDDY,0.41,Broad Market
NIFTY 500,JIOFIN,0.41,Broad Market
NIFTY 500,SBILIFE,0.41,Broad Market
NIFTY 500,APOLLOHOSP,0.4,Broad Market
NIFTY 500,TATAPOWER,0.39,Broad Market
NIFTY 500,MAXHEALTH,0.38,Broad Market
NIFTY 500,TATACONSUM,0.38,Broad Market
NIFTY 500,CIPLA,0.37,Broad Market
NIFTY 500,MCX,0.37,Broad Market
NIFTY 500,TMPV,0.37,Broad Market
NIFTY 500,CUMMINSIND,0.36,Broad Market
NIFTY 500,FEDERALBNK,0.36,Broad Market
NIFTY 500,VBL,0.36,Broad Market
NIFTY 500,ADANIENT,0.35,Broad Market
NIFTY 500,PFC,0.35,Broad Market
NIFTY 500,SUZLON,0.35,Broad Market
NIFTY 500,BRITANNIA,0.34,Broad Market
NIFTY 500,DMART,0.34,Broad Market
NIFTY 500,CHOLAFIN,0.33,Broad Market
NIFTY 500,HEROMOTOCO,0.33,Broad Market
NIFTY 500,HDFCLIFE,0.32,Broad Market
NIFTY 500,BPCL,0.31,Broad Market
NIFTY 500,AUBANK,0.29,Broad Market
NIFTY 500,CGPOWER,0.29,Broad Market
NIFTY 500,INDHOTEL,0.29,Broad Market
NIFTY 500,INDUSINDBK,0.29,Broad Market
NIFTY 500,POLICYBZR,0.29,Broad Market
NIFTY 500,WIPRO,0.29,Broad Market
NIFTY 500,GVT&D,0.28,Broad Market
NIFTY 500,HDFCAMC,0.28,Broad Market
NIFTY 500,LUPIN,0.28,Broad Market
NIFTY 500,MOTHERSON,0.28,Broad Market
NIFTY 500,INDUSTOWER,0.27,Broad Market
NIFTY 500,IOC,0.27,Broad Market
NIFTY 500,BHARATFORG,0.26,Broad Market
NIFTY 500,BHEL,0.26,Broad Market
NIFTY 500,PERSISTENT,0.26,Broad Market
NIFTY 500,ADANIENSOL,0.25,Broad Market
NIFTY 500,BANKBARODA,0.25,Broad Market
NIFTY 500,FORTIS,0.25,Broad Market
NIFTY 500,ASHOKLEY,0.24,Broad Market
NIFTY 500,DIXON,0.24,Broad Market
NIFTY 500,JINDALSTEL,0.24,Broad Market
NIFTY 500,PAYTM,0.24,Broad Market
NIFTY 500,RECLTD,0.24,Broad Market
NIFTY 500,CANBK,0.23,Broad Market
NIFTY 500,GAIL,0.23,Broad Market
NIFTY 500,IDFCFIRSTB,0.23,Broad Market
NIFTY 500,BAJAJHLDNG,0.22,Broad Market
NIFTY 500,GODREJCP,0.22,Broad Market
NIFTY 500,ICICIGI,0.22,Broad Market
NIFTY 500,MFSL,0.22,Broad Market
NIFTY 500,PIDILITIND,0.22,Broad Market
NIFTY 500,POLYCAB,0.22,Broad Market
NIFTY 500,TORNTPHARM,0.22,Broad Market
NIFTY 500,ADANIGREEN,0.21,Broad Market
NIFTY 500,LAURUSLABS,0.21,Broad Market
NIFTY 500,MARICO,0.21,Broad Market
NIFTY 500,POWERINDIA,0.21,Broad Market
NIFTY 500,AUROPHARMA,0.2,Broad Market
NIFTY 500,COFORGE,0.2,Broad Market
NIFTY 500,LTM,0.2,Broad Market
NIFTY 500,NATIONALUM,0.2,Broad Market
NIFTY 500,SWIGGY,0.2,Broad Market
NIFTY 500,UNITDSPR,0.2,Broad Market
NIFTY 500,ABB,0.19,Broad Market
NIFTY 500,DLF,0.19,Broad Market
NIFTY 500,MUTHOOTFIN,0.19,Broad Market
NIFTY 500,NAUKRI,0.19,Broad Market
NIFTY 500,NYKAA,0.19,Broad Market
NIFTY 500,PNB,0.19,Broad Market
NIFTY 500,SOLARINDS,0.19,Broad Market
NIFTY 500,SRF,0.19,Broad Market
NIFTY 500,APLAPOLLO,0.18,Broad Market
NIFTY 500,GLENMARK,0.18,Broad Market
NIFTY 500,GMRAIRPORT,0.18,Broad Market
NIFTY 500,HINDPETRO,0.18,Broad Market
NIFTY 500,UPL,0.18,Broad Market
NIFTY 500,YESBANK,0.18,Broad Market
NIFTY 500,PHOENIXLTD,0.17,Broad Market
NIFTY 500,SHREECEM,0.17,Broad Market
NIFTY 500,SIEMENS,0.17,Broad Market
NIFTY 500,TORNTPOWER,0.17,Broad Market
NIFTY 500,UNIONBANK,0.17,Broad Market
NIFTY 500,VOLTAS,0.17,Broad Market
NIFTY 500,WAAREEENER,0.17,Broad Market
NIFTY 500,ALKEM,0.16,Broad Market
NIFTY 500,BOSCHLTD,0.16,Broad Market
NIFTY 500,HAVELLS,0.16,Broad Market
NIFTY 500,INDIANB,0.16,Broad Market
NIFTY 500,JSWENERGY,0.16,Broad Market
NIFTY 500,KEI,0.16,Broad Market
NIFTY 500,NMDC,0.16,Broad Market
NIFTY 500,SUNDARMFIN,0.16,Broad Market
NIFTY 500,TIINDIA,0.16,Broad Market
NIFTY 500,MPHASIS,0.15,Broad Market
NIFTY 500,360ONE,0.14,Broad Market
NIFTY 500,ABCAPITAL,0.14,Broad Market
NIFTY 500,AMBUJACEM,0.14,Broad Market
NIFTY 500,COLPAL,0.14,Broad Market
NIFTY 500,ENRIN,0.14,Broad Market
NIFTY 500,GODREJPROP,0.14,Broad Market
NIFTY 500,IDEA,0.14,Broad Market
NIFTY 500,KARURVYSYA,0.14,Broad Market
NIFTY 500,NHPC,0.14,Broad Market
NIFTY 500,OIL,0.14,Broad Market
NIFTY 500,SAIL,0.14,Broad Market
NIFTY 500,SONACOMS,0.14,Broad Market
NIFTY 500,VMM,0.14,Broad Market
NIFTY 500,BIOCON,0.13,Broad Market
NIFTY 500,DABUR,0.13,Broad Market
NIFTY 500,DELHIVERY,0.13,Broad Market
NIFTY 500,HINDZINC,0.13,Broad Market
NIFTY 500,HYUNDAI,0.13,Broad Market
NIFTY 500,LODHA,0.13,Broad Market
NIFTY 500,MANKIND,0.13,Broad Market
NIFTY 500,MRF,0.13,Broad Market
NIFTY 500,PIIND,0.13,Broad Market
NIFTY 500,RADICO,0.13,Broad Market
NIFTY 500,BLUESTARCO,0.12,Broad Market
NIFTY 500,CDSL,0.12,Broad Market
NIFTY 500,COROMANDEL,0.12,Broad Market
NIFTY 500,JKCEMENT,0.12,Broad Market
NIFTY 500,JSL,0.12,Broad Market
NIFTY 500,LTF,0.12,Broad Market
NIFTY 500,NAVINFLUOR,0.12,Broad Market
NIFTY 500,OFSS,0.12,Broad Market
NIFTY 500,PAGEIND,0.12,Broad Market
NIFTY 500,PIRAMALFIN,0.12,Broad Market
NIFTY 500,PRESTIGE,0.12,Broad Market
NIFTY 500,SUPREMEIND,0.12,Broad Market
NIFTY 500,ZYDUSLIFE,0.12,Broad Market
NIFTY 500,IPCALAB,0.11,Broad Market
NIFTY 500,IRFC,0.11,Broad Market
NIFTY 500,LLOYDSME,0.11,Broad Market
NIFTY 500,PETRONET,0.11,Broad Market
NIFTY 500,ANGELONE,0.1,Broad Market
NIFTY 500,APARINDS,0.1,Broad Market
NIFTY 500,ASTRAL,0.1,Broad Market
NIFTY 500,CUB,0.1,Broad Market
NIFTY 500,ICICIPRULI,0.1,Broad Market
NIFTY 500,M&MFIN,0.1,Broad Market
NIFTY 500,MAZDOCK,0.1,Broad Market
NIFTY 500,OBEROIRLTY,0.1,Broad Market
NIFTY 500,PNBHOUSING,0.1,Broad Market
NIFTY 500,RBLBANK,0.1,Broad Market
NIFTY 500,SBICARD,0.1,Broad Market
NIFTY 500,UNOMINDA,0.1,Broad Market
NIFTY 500,AMBER,0.09,Broad Market
NIFTY 500,ASTERDM,0.09,Broad Market
NIFTY 500,ATGL,0.09,Broad Market
NIFTY 500,ATHERENERG,0.09,Broad Market
NIFTY 500,BALKRISIND,0.09,Broad Market
NIFTY 500,BANKINDIA,0.09,Broad Market
NIFTY 500,CAMS,0.09,Broad Market
NIFTY 500,CONCOR,0.09,Broad Market
NIFTY 500,CROMPTON,0.09,Broad Market
NIFTY 500,HINDCOPPER,0.09,Broad Market
NIFTY 500,ITCHOTELS,0.09,Broad Market
NIFTY 500,JUBLFOOD,0.09,Broad Market
NIFTY 500,LICI,0.09,Broad Market
NIFTY 500,NAM-INDIA,0.09,Broad Market
NIFTY 500,RVNL,0.09,Broad Market
NIFTY 500,SCHAEFFLER,0.09,Broad Market
NIFTY 500,TATACOMM,0.09,Broad Market
NIFTY 500,AIAENG,0.08,Broad Market
NIFTY 500,ANANDRATHI,0.08,Broad Market
NIFTY 500,BANDHANBNK,0.08,Broad Market
NIFTY 500,CHOLAHLDNG,0.08,Broad Market
NIFTY 500,DALBHARAT,0.08,Broad Market
NIFTY 500,EXIDEIND,0.08,Broad Market
NIFTY 500,IRCTC,0.08,Broad Market
NIFTY 500,JBCHEPHARM,0.08,Broad Market
NIFTY 500,KALYANKJIL,0.08,Broad Market
NIFTY 500,KIMS,0.08,Broad Market
NIFTY 500,LENSKART,0.08,Broad Market
NIFTY 500,LICHSGFIN,0.08,Broad Market
NIFTY 500,LINDEINDIA,0.08,Broad Market
NIFTY 500,MAHABANK,0.08,Broad Market
NIFTY 500,MANAPPURAM,0.08,Broad Market
NIFTY 500,PATANJALI,0.08,Broad Market
NIFTY 500,SAMMAANCAP,0.08,Broad Market
NIFTY 500,THERMAX,0.08,Broad Market
NIFTY 500,WELCORP,0.08,Broad Market
NIFTY 500,ABBOTINDIA,0.07,Broad Market
NIFTY 500,AIIL,0.07,Broad Market
NIFTY 500,APOLLOTYRE,0.07,Broad Market
NIFTY 500,BDL,0.07,Broad Market
NIFTY 500,BERGEPAINT,0.07,Broad Market
NIFTY 500,COCHINSHIP,0.07,Broad Market
NIFTY 500,FLUOROCHEM,0.07,Broad Market
NIFTY 500,GESHIP,0.07,Broad Market
NIFTY 500,GLAND,0.07,Broad Market
NIFTY 500,GROWW,0.07,Broad Market
NIFTY 500,HSCL,0.07,Broad Market
NIFTY 500,KAYNES,0.07,Broad Market
NIFTY 500,KIRLOSENG,0.07,Broad Market
NIFTY 500,KPIL,0.07,Broad Market
NIFTY 500,LGEINDIA,0.07,Broad Market
NIFTY 500,POONAWALLA,0.07,Broad Market
NIFTY 500,SAILIFE,0.07,Broad Market
NIFTY 500,TATACAP,0.07,Broad Market
NIFTY 500,TATAELXSI,0.07,Broad Market
NIFTY 500,ACUTAAS,0.06,Broad Market
NIFTY 500,AJANTPHARM,0.06,Broad Market
NIFTY 500,ARE&M,0.06,Broad Market
NIFTY 500,ATUL,0.06,Broad Market
NIFTY 500,AWL,0.06,Broad Market
NIFTY 500,BHARTIHEXA,0.06,Broad Market
NIFTY 500,BRIGADE,0.06,Broad Market
NIFTY 500,CARBORUNIV,0.06,Broad Market
NIFTY 500,CESC,0.06,Broad Market
NIFTY 500,DATAPATTNS,0.06,Broad Market
NIFTY 500,DEEPAKNTR,0.06,Broad Market
NIFTY 500,ELGIEQUIP,0.06,Broad Market
NIFTY 500,ESCORTS,0.06,Broad Market
NIFTY 500,GICRE,0.06,Broad Market
NIFTY 500,HDBFS,0.06,Broad Market
NIFTY 500,HFCL,0.06,Broad Market
NIFTY 500,ICICIAMC,0.06,Broad Market
NIFTY 500,IGL,0.06,Broad Market
NIFTY 500,IREDA,0.06,Broad Market
NIFTY 500,KFINTECH,0.06,Broad Market
NIFTY 500,KPITTECH,0.06,Broad Market
NIFTY 500,LALPATHLAB,0.06,Broad Market
NIFTY 500,MOTILALOFS,0.06,Broad Market
NIFTY 500,NEULANDLAB,0.06,Broad Market
NIFTY 500,NH,0.06,Broad Market
NIFTY 500,PREMIERENE,0.06,Broad Market
NIFTY 500,RAMCOCEM,0.06,Broad Market
NIFTY 500,REDINGTON,0.06,Broad Market
NIFTY 500,STARHEALTH,0.06,Broad Market
NIFTY 500,TATACHEM,0.06,Broad Market
NIFTY 500,TIMKEN,0.06,Broad Market
NIFTY 500,WOCKPHARMA,0.06,Broad Market
NIFTY 500,ZFCVINDIA,0.06,Broad Market
NIFTY 500,3MINDIA,0.05,Broad Market
NIFTY 500,AARTIIND,0.05,Broad Market
NIFTY 500,AEGISLOG,0.05,Broad Market
NIFTY 500,AFFLE,0.05,Broad Market
NIFTY 500,APTUS,0.05,Broad Market
NIFTY 500,ASAHIINDIA,0.05,Broad Market
NIFTY 500,BAJAJHFL,0.05,Broad Market
NIFTY 500,CRAFTSMAN,0.05,Broad Market
NIFTY 500,CRISIL,0.05,Broad Market
NIFTY 500,EMAMILTD,0.05,Broad Market
NIFTY 500,FIVESTAR,0.05,Broad Market
NIFTY 500,FORCEMOT,0.05,Broad Market
NIFTY 500,GLAXO,0.05,Broad Market
NIFTY 500,GRANULES,0.05,Broad Market
NIFTY 500,HBLENGINE,0.05,Broad Market
NIFTY 500,HOMEFIRST,0.05,Broad Market
NIFTY 500,HUDCO,0.05,Broad Market
NIFTY 500,IEX,0.05,Broad Market
NIFTY 500,IIFL,0.05,Broad Market
NIFTY 500,INOXWIND,0.05,Broad Market
NIFTY 500,JPPOWER,0.05,Broad Market
NIFTY 500,JSWINFRA,0.05,Broad Market
NIFTY 500,KAJARIACER,0.05,Broad Market
NIFTY 500,KPRMILL,0.05,Broad Market
NIFTY 500,LTTS,0.05,Broad Market
NIFTY 500,MEDANTA,0.05,Broad Market
NIFTY 500,MSUMI,0.05,Broad Market
NIFTY 500,NATCOPHARM,0.05,Broad Market
NIFTY 500,NAVA,0.05,Broad Market
NIFTY 500,NBCC,0.05,Broad Market
NIFTY 500,NLCINDIA,0.05,Broad Market
NIFTY 500,NTPCGREEN,0.05,Broad Market
NIFTY 500,NUVAMA,0.05,Broad Market
NIFTY 500,ONESOURCE,0.05,Broad Market
NIFTY 500,PGEL,0.05,Broad Market
NIFTY 500,PPLPHARMA,0.05,Broad Market
NIFTY 500,PTCIL,0.05,Broad Market
NIFTY 500,SAGILITY,0.05,Broad Market
NIFTY 500,TATAINVEST,0.05,Broad Market
NIFTY 500,TATATECH,0.05,Broad Market
NIFTY 500,UBL,0.05,Broad Market
NIFTY 500,ABREL,0.04,Broad Market
NIFTY 500,ABSLAMC,0.04,Broad Market
NIFTY 500,ACC,0.04,Broad Market
NIFTY 500,ANANTRAJ,0.04,Broad Market
NIFTY 500,BEML,0.04,Broad Market
NIFTY 500,CANFINHOME,0.04,Broad Market
NIFTY 500,CARTRADE,0.04,Broad Market
NIFTY 500,CASTROLIND,0.04,Broad Market
NIFTY 500,CCL,0.04,Broad Market
NIFTY 500,CEATLTD,0.04,Broad Market
NIFTY 500,CGCL,0.04,Broad Market
NIFTY 500,COHANCE,0.04,Broad Market
NIFTY 500,CYIENT,0.04,Broad Market
NIFTY 500,DEEPAKFERT,0.04,Broad Market
NIFTY 500,EIDPARRY,0.04,Broad Market
NIFTY 500,ENDURANCE,0.04,Broad Market
NIFTY 500,ENGINERSIN,0.04,Broad Market
NIFTY 500,ERIS,0.04,Broad Market
NIFTY 500,FINCABLES,0.04,Broad Market
NIFTY 500,GODFRYPHLP,0.04,Broad Market
NIFTY 500,GODIGIT,0.04,Broad Market
NIFTY 500,GPIL,0.04,Broad Market
NIFTY 500,GRSE,0.04,Broad Market
NIFTY 500,GSPL,0.04,Broad Market
NIFTY 500,IKS,0.04,Broad Market
NIFTY 500,IRB,0.04,Broad Market
NIFTY 500,JUBLPHARMA,0.04,Broad Market
NIFTY 500,KEC,0.04,Broad Market
NIFTY 500,OLAELEC,0.04,Broad Market
NIFTY 500,PFIZER,0.04,Broad Market
NIFTY 500,PVRINOX,0.04,Broad Market
NIFTY 500,RPOWER,0.04,Broad Market
NIFTY 500,SYNGENE,0.04,Broad Market
NIFTY 500,SYRMA,0.04,Broad Market
NIFTY 500,USHAMART,0.04,Broad Market
NIFTY 500,WHIRLPOOL,0.04,Broad Market
NIFTY 500,ZEEL,0.04,Broad Market
NIFTY 500,ZENTEC,0.04,Broad Market
NIFTY 500,AADHARHFC,0.03,Broad Market
NIFTY 500,AAVAS,0.03,Broad Market
NIFTY 500,ABLBL,0.03,Broad Market
NIFTY 500,AFCONS,0.03,Broad Market
NIFTY 500,BALRAMCHIN,0.03,Broad Market
NIFTY 500,BAYERCROP,0.03,Broad Market
NIFTY 500,BELRISE,0.03,Broad Market
NIFTY 500,BSOFT,0.03,Broad Market
NIFTY 500,CHALET,0.03,Broad Market
NIFTY 500,CHAMBLFERT,0.03,Broad Market
NIFTY 500,CHENNPETRO,0.03,Broad Market
NIFTY 500,CHOICEIN,0.03,Broad Market
NIFTY 500,CREDITACC,0.03,Broad Market
NIFTY 500,ECLERX,0.03,Broad Market
NIFTY 500,EIHOTEL,0.03,Broad Market
NIFTY 500,EMCURE,0.03,Broad Market
NIFTY 500,FACT,0.03,Broad Market
NIFTY 500,FIRSTCRY,0.03,Broad Market
NIFTY 500,FSL,0.03,Broad Market
NIFTY 500,GABRIEL,0.03,Broad Market
NIFTY 500,GILLETTE,0.03,Broad Market
NIFTY 500,GMDCLTD,0.03,Broad Market
NIFTY 500,GRAVITA,0.03,Broad Market
NIFTY 500,HEG,0.03,Broad Market
NIFTY 500,HEXT,0.03,Broad Market
NIFTY 500,HONAUT,0.03,Broad Market
NIFTY 500,INDGN,0.03,Broad Market
NIFTY 500,INDIAMART,0.03,Broad Market
NIFTY 500,INTELLECT,0.03,Broad Market
NIFTY 500,IOB,0.03,Broad Market
NIFTY 500,IRCON,0.03,Broad Market
NIFTY 500,J&KBANK,0.03,Broad Market
NIFTY 500,JINDALSAW,0.03,Broad Market
NIFTY 500,JKTYRE,0.03,Broad Market
NIFTY 500,JMFINANCIL,0.03,Broad Market
NIFTY 500,JSWDULUX,0.03,Broad Market
NIFTY 500,JUBLINGREA,0.03,Broad Market
NIFTY 500,JYOTICNC,0.03,Broad Market
NIFTY 500,LEMONTREE,0.03,Broad Market
NIFTY 500,LTFOODS,0.03,Broad Market
NIFTY 500,MEESHO,0.03,Broad Market
NIFTY 500,MGL,0.03,Broad Market
NIFTY 500,NCC,0.03,Broad Market
NIFTY 500,NETWEB,0.03,Broad Market
NIFTY 500,OLECTRA,0.03,Broad Market
NIFTY 500,PARADEEP,0.03,Broad Market
NIFTY 500,PCBL,0.03,Broad Market
NIFTY 500,POLYMED,0.03,Broad Market
NIFTY 500,RAINBOW,0.03,Broad Market
NIFTY 500,RKFORGE,0.03,Broad Market
NIFTY 500,RRKABEL,0.03,Broad Market
NIFTY 500,SARDAEN,0.03,Broad Market
NIFTY 500,SCHNEIDER,0.03,Broad Market
NIFTY 500,SCI,0.03,Broad Market
NIFTY 500,SHYAMMETL,0.03,Broad Market
NIFTY 500,SJVN,0.03,Broad Market
NIFTY 500,SOBHA,0.03,Broad Market
NIFTY 500,SONATSOFTW,0.03,Broad Market
NIFTY 500,SUMICHEM,0.03,Broad Market
NIFTY 500,SUNTV,0.03,Broad Market
NIFTY 500,TECHNOE,0.03,Broad Market
NIFTY 500,TITAGARH,0.03,Broad Market
NIFTY 500,TRITURBINE,0.03,Broad Market
NIFTY 500,VIJAYA,0.03,Broad Market
NIFTY 500,VTL,0.03,Broad Market
NIFTY 500,ZENSARTECH,0.03,Broad Market
NIFTY 500,ABFRL,0.02,Broad Market
NIFTY 500,ACE,0.02,Broad Market
NIFTY 500,ACMESOLAR,0.02,Broad Market
NIFTY 500,ANTHEM,0.02,Broad Market
NIFTY 500,ANURAS,0.02,Broad Market
NIFTY 500,BATAINDIA,0.02,Broad Market
NIFTY 500,BIKAJI,0.02,Broad Market
NIFTY 500,BLS,0.02,Broad Market
NIFTY 500,BLUEDART,0.02,Broad Market
NIFTY 500,CAPLIPOINT,0.02,Broad Market
NIFTY 500,CEMPRO,0.02,Broad Market
NIFTY 500,CENTRALBK,0.02,Broad Market
NIFTY 500,CLEAN,0.02,Broad Market
NIFTY 500,CONCORDBIO,0.02,Broad Market
NIFTY 500,CPPLUS,0.02,Broad Market
NIFTY 500,DCMSHRIRAM,0.02,Broad Market
NIFTY 500,DEVYANI,0.02,Broad Market
NIFTY 500,DOMS,0.02,Broad Market
NIFTY 500,ELECON,0.02,Broad Market
NIFTY 500,GODREJIND,0.02,Broad Market
NIFTY 500,GRAPHITE,0.02,Broad Market
NIFTY 500,HONASA,0.02,Broad Market
NIFTY 500,IDBI,0.02,Broad Market
NIFTY 500,IFCI,0.02,Broad Market
NIFTY 500,IGIL,0.02,Broad Market
NIFTY 500,JSWCEMENT,0.02,Broad Market
NIFTY 500,JWL,0.02,Broad Market
NIFTY 500,MINDACORP,0.02,Broad Market
NIFTY 500,MRPL,0.02,Broad Market
NIFTY 500,NEWGEN,0.02,Broad Market
NIFTY 500,NIACL,0.02,Broad Market
NIFTY 500,NIVABUPA,0.02,Broad Market
NIFTY 500,NSLNISP,0.02,Broad Market
NIFTY 500,PINELABS,0.02,Broad Market
NIFTY 500,PWL,0.02,Broad Market
NIFTY 500,RITES,0.02,Broad Market
NIFTY 500,SAPPHIRE,0.02,Broad Market
NIFTY 500,SBFC,0.02,Broad Market
NIFTY 500,SIGNATURE,0.02,Broad Market
NIFTY 500,SPLPETRO,0.02,Broad Market
NIFTY 500,SWANCORP,0.02,Broad Market
NIFTY 500,TARIL,0.02,Broad Market
NIFTY 500,TBOTEK,0.02,Broad Market
NIFTY 500,TEJASNET,0.02,Broad Market
NIFTY 500,TENNIND,0.02,Broad Market
NIFTY 500,THELEELA,0.02,Broad Market
NIFTY 500,TRIDENT,0.02,Broad Market
NIFTY 500,UCOBANK,0.02,Broad Market
NIFTY 500,URBANCO,0.02,Broad Market
NIFTY 500,UTIAMC,0.02,Broad Market
NIFTY 500,WELSPUNLIV,0.02,Broad Market
NIFTY 500,ZYDUSWELL,0.02,Broad Market
NIFTY 500,ABDL,0.01,Broad Market
NIFTY 500,AEGISVOPAK,0.01,Broad Market
NIFTY 500,BBTC,0.01,Broad Market
NIFTY 500,BLUEJET,0.01,Broad Market
NIFTY 500,CANHLIFE,0.01,Broad Market
NIFTY 500,EMMVEE,0.01,Broad Market
NIFTY 500,GALLANTT,0.01,Broad Market
NIFTY 500,INDIACEM,0.01,Broad Market
NIFTY 500,ITI,0.01,Broad Market
NIFTY 500,JAINREC,0.01,Broad Market
NIFTY 500,JBMA,0.01,Broad Market
NIFTY 500,LATENTVIEW,0.01,Broad Market
NIFTY 500,MAPMYINDIA,0.01,Broad Market
NIFTY 500,MMTC,0.01,Broad Market
NIFTY 500,NUVOCO,0.01,Broad Market
NIFTY 500,RAILTEL,0.01,Broad Market
NIFTY 500,RHIM,0.01,Broad Market
NIFTY 500,SAREGAMA,0.01,Broad Market
NIFTY 500,TEGA,0.01,Broad Market
NIFTY 500,TRAVELFOOD,0.01,Broad Market
NIFTY 500,TTML,0.01,Broad Market
NIFTY AUTO,TVSMOTOR,27.75,Sector Indices
NIFTY AUTO,M&M,18.62,Sector Indices
NIFTY AUTO,MARUTI,11.43,Sector Indices
NIFTY AUTO,BAJAJ-AUTO,7.1,Sector Indices
NIFTY AUTO,EICHERMOT,6.58,Sector Indices
NIFTY AUTO,TMPV,4.97,Sector Indices
NIFTY AUTO,HEROMOTOCO,4.46,Sector Indices
NIFTY AUTO,MOTHERSON,3.76,Sector Indices
NIFTY AUTO,BHARATFORG,3.43,Sector Indices
NIFTY AUTO,ASHOKLEY,3.24,Sector Indices
NIFTY AUTO,TIINDIA,2.18,Sector Indices
NIFTY AUTO,BOSCHLTD,2.17,Sector Indices
NIFTY AUTO,SONACOMS,1.83,Sector Indices
NIFTY AUTO,UNOMINDA,1.38,Sector Indices
NIFTY AUTO,EXIDEIND,1.1,Sector Indices
NIFTY BANK,HDFCBANK,32.74,Sector Indices
NIFTY BANK,ICICIBANK,25.22,Sector Indices
NIFTY BANK,SBIN,12.41,Sector Indices
NIFTY BANK,AXISBANK,10.11,Sector Indices
NIFTY BANK,KOTAKBANK,7.59,Sector Indices
NIFTY BANK,FEDERALBNK,1.96,Sector Indices
NIFTY BANK,INDUSINDBK,1.59,Sector Indices
NIFTY BANK,AUBANK,1.58,Sector Indices
NIFTY BANK,BANKBARODA,1.36,Sector Indices
NIFTY BANK,CANBK,1.27,Sector Indices
NIFTY BANK,IDFCFIRSTB,1.25,Sector Indices
NIFTY BANK,PNB,1.05,Sector Indices
NIFTY BANK,YESBANK,0.96,Sector Indices
NIFTY BANK,UNIONBANK,0.9,Sector Indices
NIFTY CAPITAL MKT,BSE,30.62,Sector Indices
NIFTY CAPITAL MKT,MCX,15.26,Sector Indices
NIFTY CAPITAL MKT,HDFCAMC,11.65,Sector Indices
NIFTY CAPITAL MKT,360ONE,5.58,Sector Indices
NIFTY CAPITAL MKT,CDSL,4.87,Sector Indices
NIFTY CAPITAL MKT,ANGELONE,4.27,Sector Indices
NIFTY CAPITAL MKT,CAMS,3.8,Sector Indices
NIFTY CAPITAL MKT,NAM-INDIA,3.77,Sector Indices
NIFTY CAPITAL MKT,ANANDRATHI,3.16,Sector Indices
NIFTY CAPITAL MKT,GROWW,2.78,Sector Indices
NIFTY CAPITAL MKT,KFINTECH,2.64,Sector Indices
NIFTY CAPITAL MKT,MOTILALOFS,2.52,Sector Indices
NIFTY CAPITAL MKT,ICICIAMC,2.37,Sector Indices
NIFTY CAPITAL MKT,NUVAMA,2.2,Sector Indices
NIFTY CAPITAL MKT,IEX,2.07,Sector Indices
NIFTY CAPITAL MKT,ABSLAMC,1.61,Sector Indices
NIFTY CAPITAL MKT,UTIAMC,0.83,Sector Indices
NIFTY CHEMICALS,PIDILITIND,12.29,Sector Indices
NIFTY CHEMICALS,SOLARINDS,10.6,Sector Indices
NIFTY CHEMICALS,SRF,10.43,Sector Indices
NIFTY CHEMICALS,UPL,10.29,Sector Indices
NIFTY CHEMICALS,PIIND,7.19,Sector Indices
NIFTY CHEMICALS,NAVINFLUOR,6.93,Sector Indices
NIFTY CHEMICALS,COROMANDEL,6.76,Sector Indices
NIFTY CHEMICALS,LINDEINDIA,4.33,Sector Indices
NIFTY CHEMICALS,FLUOROCHEM,4.06,Sector Indices
NIFTY CHEMICALS,HSCL,3.81,Sector Indices
NIFTY CHEMICALS,TATACHEM,3.56,Sector Indices
NIFTY CHEMICALS,DEEPAKNTR,3.29,Sector Indices
NIFTY CHEMICALS,ATUL,3.11,Sector Indices
NIFTY CHEMICALS,AARTIIND,2.93,Sector Indices
NIFTY CHEMICALS,DEEPAKFERT,2.33,Sector Indices
NIFTY CHEMICALS,CHAMBLFERT,1.91,Sector Indices
NIFTY CHEMICALS,BAYERCROP,1.86,Sector Indices
NIFTY CHEMICALS,SUMICHEM,1.51,Sector Indices
NIFTY CHEMICALS,PCBL,1.48,Sector Indices
NIFTY CHEMICALS,SWANCORP,1.34,Sector Indices
NIFTY CONSR DURBL,TITAN,43.76,Sector Indices
NIFTY CONSR DURBL,DIXON,11.24,Sector Indices
NIFTY CONSR DURBL,VOLTAS,8.28,Sector Indices
NIFTY CONSR DURBL,HAVELLS,7.69,Sector Indices
NIFTY CONSR DURBL,BLUESTARCO,5.87,Sector Indices
NIFTY CONSR DURBL,AMBER,4.3,Sector Indices
NIFTY CONSR DURBL,CROMPTON,4.15,Sector Indices
NIFTY CONSR DURBL,KALYANKJIL,3.82,Sector Indices
NIFTY CONSR DURBL,LGEINDIA,3.35,Sector Indices
NIFTY CONSR DURBL,KAJARIACER,2.41,Sector Indices
NIFTY CONSR DURBL,PGEL,2.18,Sector Indices
NIFTY CONSR DURBL,WHIRLPOOL,1.83,Sector Indices
NIFTY CONSR DURBL,BATAINDIA,1.11,Sector Indices
NIFTY CONSUMPTION,BHARTIARTL,14.69,Sector Indices
NIFTY CONSUMPTION,TVSMOTOR,10.62,Sector Indices
NIFTY CONSUMPTION,ITC,7.58,Sector Indices
NIFTY CONSUMPTION,M&M,7.13,Sector Indices
NIFTY CONSUMPTION,HINDUNILVR,5.25,Sector Indices
NIFTY CONSUMPTION,ETERNAL,4.81,Sector Indices
NIFTY CONSUMPTION,TITAN,4.72,Sector Indices
NIFTY CONSUMPTION,MARUTI,4.37,Sector Indices
NIFTY CONSUMPTION,ASIANPAINT,2.87,Sector Indices
NIFTY CONSUMPTION,BAJAJ-AUTO,2.72,Sector Indices
NIFTY CONSUMPTION,NESTLEIND,2.67,Sector Indices
NIFTY CONSUMPTION,INDIGO,2.61,Sector Indices
NIFTY CONSUMPTION,EICHERMOT,2.52,Sector Indices
NIFTY CONSUMPTION,TRENT,2.45,Sector Indices
NIFTY CONSUMPTION,ADANIPOWER,2.4,Sector Indices
NIFTY CONSUMPTION,APOLLOHOSP,2.06,Sector Indices
NIFTY CONSUMPTION,TATAPOWER,2.0,Sector Indices
NIFTY CONSUMPTION,MAXHEALTH,1.93,Sector Indices
NIFTY CONSUMPTION,TATACONSUM,1.93,Sector Indices
NIFTY CONSUMPTION,VBL,1.84,Sector Indices
NIFTY CONSUMPTION,BRITANNIA,1.73,Sector Indices
NIFTY CONSUMPTION,DMART,1.73,Sector Indices
NIFTY CONSUMPTION,HEROMOTOCO,1.71,Sector Indices
NIFTY CONSUMPTION,INDHOTEL,1.48,Sector Indices
NIFTY CONSUMPTION,DIXON,1.21,Sector Indices
NIFTY CONSUMPTION,GODREJCP,1.14,Sector Indices
NIFTY CONSUMPTION,UNITDSPR,1.05,Sector Indices
NIFTY CONSUMPTION,NAUKRI,1.0,Sector Indices
NIFTY CONSUMPTION,DLF,0.98,Sector Indices
NIFTY CONSUMPTION,HAVELLS,0.83,Sector Indices
NIFTY COREHOUSING,ULTRACEMCO,14.27,Thematic
NIFTY COREHOUSING,ASIANPAINT,11.32,Thematic
NIFTY COREHOUSING,GRASIM,10.77,Thematic
NIFTY COREHOUSING,DIXON,4.77,Thematic
NIFTY COREHOUSING,POLYCAB,4.45,Thematic
NIFTY COREHOUSING,DLF,3.84,Thematic
NIFTY COREHOUSING,VOLTAS,3.52,Thematic
NIFTY COREHOUSING,SHREECEM,3.43,Thematic
NIFTY COREHOUSING,PHOENIXLTD,3.37,Thematic
NIFTY COREHOUSING,HAVELLS,3.27,Thematic
NIFTY COREHOUSING,KEI,3.14,Thematic
NIFTY COREHOUSING,AMBUJACEM,2.86,Thematic
NIFTY COREHOUSING,GODREJPROP,2.77,Thematic
NIFTY COREHOUSING,LODHA,2.53,Thematic
NIFTY COREHOUSING,BLUESTARCO,2.49,Thematic
NIFTY COREHOUSING,PRESTIGE,2.42,Thematic
NIFTY COREHOUSING,JKCEMENT,2.34,Thematic
NIFTY COREHOUSING,OBEROIRLTY,2.06,Thematic
NIFTY COREHOUSING,PNBHOUSING,2.01,Thematic
NIFTY COREHOUSING,AMBER,1.83,Thematic
NIFTY COREHOUSING,CROMPTON,1.76,Thematic
NIFTY COREHOUSING,LICHSGFIN,1.68,Thematic
NIFTY COREHOUSING,DALBHARAT,1.57,Thematic
NIFTY COREHOUSING,BERGEPAINT,1.33,Thematic
NIFTY COREHOUSING,RAMCOCEM,1.24,Thematic
NIFTY COREHOUSING,BRIGADE,1.13,Thematic
NIFTY COREHOUSING,KAJARIACER,1.02,Thematic
NIFTY COREHOUSING,BAJAJHFL,1.01,Thematic
NIFTY COREHOUSING,PGEL,0.93,Thematic
NIFTY COREHOUSING,ACC,0.88,Thematic
NIFTY ENERGY,RELIANCE,35.86,Sector Indices
NIFTY ENERGY,NTPC,7.35,Sector Indices
NIFTY ENERGY,POWERGRID,5.52,Sector Indices
NIFTY ENERGY,ONGC,4.47,Sector Indices
NIFTY ENERGY,COALINDIA,4.04,Sector Indices
NIFTY ENERGY,ADANIPOWER,3.53,Sector Indices
NIFTY ENERGY,TATAPOWER,2.95,Sector Indices
NIFTY ENERGY,SUZLON,2.65,Sector Indices
NIFTY ENERGY,BPCL,2.38,Sector Indices
NIFTY ENERGY,CGPOWER,2.17,Sector Indices
NIFTY ENERGY,GVT&D,2.15,Sector Indices
NIFTY ENERGY,IOC,2.08,Sector Indices
NIFTY ENERGY,BHEL,1.97,Sector Indices
NIFTY ENERGY,ADANIENSOL,1.9,Sector Indices
NIFTY ENERGY,GAIL,1.7,Sector Indices
NIFTY ENERGY,ADANIGREEN,1.6,Sector Indices
NIFTY ENERGY,POWERINDIA,1.59,Sector Indices
NIFTY ENERGY,ABB,1.46,Sector Indices
NIFTY ENERGY,HINDPETRO,1.39,Sector Indices
NIFTY ENERGY,SIEMENS,1.29,Sector Indices
NIFTY ENERGY,TORNTPOWER,1.27,Sector Indices
NIFTY ENERGY,JSWENERGY,1.19,Sector Indices
NIFTY ENERGY,ENRIN,1.09,Sector Indices
NIFTY ENERGY,NHPC,1.03,Sector Indices
NIFTY ENERGY,OIL,1.03,Sector Indices
NIFTY ENERGY,PETRONET,0.79,Sector Indices
NIFTY ENERGY,ATGL,0.69,Sector Indices
NIFTY ENERGY,THERMAX,0.59,Sector Indices
NIFTY ENERGY,CESC,0.46,Sector Indices
NIFTY ENERGY,IGL,0.45,Sector Indices
NIFTY ENERGY,NTPCGREEN,0.41,Sector Indices
NIFTY ENERGY,NLCINDIA,0.4,Sector Indices
NIFTY ENERGY,INOXWIND,0.38,Sector Indices
NIFTY ENERGY,JPPOWER,0.37,Sector Indices
NIFTY ENERGY,AEGISLOG,0.34,Sector Indices
NIFTY ENERGY,CASTROLIND,0.34,Sector Indices
NIFTY ENERGY,RPOWER,0.33,Sector Indices
NIFTY ENERGY,GSPL,0.31,Sector Indices
NIFTY ENERGY,MGL,0.25,Sector Indices
NIFTY ENERGY,SJVN,0.22,Sector Indices
NIFTY EV,RELIANCE,33.5,Thematic
NIFTY EV,TVSMOTOR,14.62,Thematic
NIFTY EV,M&M,9.81,Thematic
NIFTY EV,MARUTI,6.02,Thematic
NIFTY EV,BAJAJ-AUTO,3.74,Thematic
NIFTY EV,EICHERMOT,3.47,Thematic
NIFTY EV,TMCV,3.12,Thematic
NIFTY EV,TMPV,2.62,Thematic
NIFTY EV,HEROMOTOCO,2.35,Thematic
NIFTY EV,CGPOWER,2.03,Thematic
NIFTY EV,MOTHERSON,1.98,Thematic
NIFTY EV,BHARATFORG,1.81,Thematic
NIFTY EV,ASHOKLEY,1.71,Thematic
NIFTY EV,TIINDIA,1.15,Thematic
NIFTY EV,BOSCHLTD,1.14,Thematic
NIFTY EV,KEI,1.1,Thematic
NIFTY EV,SONACOMS,0.96,Thematic
NIFTY EV,HYUNDAI,0.93,Thematic
NIFTY EV,UNOMINDA,0.73,Thematic
NIFTY EV,ATHERENERG,0.63,Thematic
NIFTY EV,SCHAEFFLER,0.61,Thematic
NIFTY EV,EXIDEIND,0.58,Thematic
NIFTY EV,FLUOROCHEM,0.51,Thematic
NIFTY EV,TATAELXSI,0.51,Thematic
NIFTY EV,HSCL,0.48,Thematic
NIFTY EV,TATACHEM,0.45,Thematic
NIFTY EV,KPITTECH,0.43,Thematic
NIFTY EV,ZFCVINDIA,0.4,Thematic
NIFTY EV,ARE&M,0.39,Thematic
NIFTY EV,FORCEMOT,0.36,Thematic
NIFTY EV,MSUMI,0.36,Thematic
NIFTY EV,LTTS,0.35,Thematic
NIFTY EV,TATATECH,0.35,Thematic
NIFTY EV,OLAELEC,0.26,Thematic
NIFTY EV,OLECTRA,0.19,Thematic
NIFTY EV,MINDACORP,0.15,Thematic
NIFTY EV,JWL,0.14,Thematic
NIFTY EV,JBMA,0.09,Thematic
NIFTY FIN SERVICE,HDFCBANK,26.89,Sector Indices
NIFTY FIN SERVICE,ICICIBANK,20.71,Sector Indices
NIFTY FIN SERVICE,SBIN,10.19,Sector Indices
NIFTY FIN SERVICE,AXISBANK,8.31,Sector Indices
NIFTY FIN SERVICE,KOTAKBANK,6.24,Sector Indices
NIFTY FIN SERVICE,BAJFINANCE,5.53,Sector Indices
NIFTY FIN SERVICE,SHRIRAMFIN,3.74,Sector Indices
NIFTY FIN SERVICE,BSE,3.33,Sector Indices
NIFTY FIN SERVICE,BAJAJFINSV,2.31,Sector Indices
NIFTY FIN SERVICE,JIOFIN,1.85,Sector Indices
NIFTY FIN SERVICE,SBILIFE,1.82,Sector Indices
NIFTY FIN SERVICE,PFC,1.56,Sector Indices
NIFTY FIN SERVICE,CHOLAFIN,1.48,Sector Indices
NIFTY FIN SERVICE,HDFCLIFE,1.43,Sector Indices
NIFTY FIN SERVICE,RECLTD,1.05,Sector Indices
NIFTY FIN SERVICE,ICICIGI,0.97,Sector Indices
NIFTY FIN SERVICE,MFSL,0.96,Sector Indices
NIFTY FIN SERVICE,MUTHOOTFIN,0.84,Sector Indices
NIFTY FIN SERVICE,SBICARD,0.44,Sector Indices
NIFTY FIN SERVICE,LICHSGFIN,0.37,Sector Indices
NIFTY FMCG,ITC,27.79,Sector Indices
NIFTY FMCG,HINDUNILVR,19.26,Sector Indices
NIFTY FMCG,NESTLEIND,9.8,Sector Indices
NIFTY FMCG,TATACONSUM,7.08,Sector Indices
NIFTY FMCG,VBL,6.74,Sector Indices
NIFTY FMCG,BRITANNIA,6.34,Sector Indices
NIFTY FMCG,GODREJCP,4.17,Sector Indices
NIFTY FMCG,MARICO,3.9,Sector Indices
NIFTY FMCG,UNITDSPR,3.84,Sector Indices
NIFTY FMCG,COLPAL,2.66,Sector Indices
NIFTY FMCG,DABUR,2.52,Sector Indices
NIFTY FMCG,RADICO,2.52,Sector Indices
NIFTY FMCG,PATANJALI,1.52,Sector Indices
NIFTY FMCG,UBL,1.01,Sector Indices
NIFTY FMCG,EMAMILTD,0.85,Sector Indices
NIFTY HEALTHCARE,SUNPHARMA,18.43,Sector Indices
NIFTY HEALTHCARE,DIVISLAB,8.17,Sector Indices
NIFTY HEALTHCARE,DRREDDY,8.17,Sector Indices
NIFTY HEALTHCARE,APOLLOHOSP,7.93,Sector Indices
NIFTY HEALTHCARE,MAXHEALTH,7.44,Sector Indices
NIFTY HEALTHCARE,CIPLA,7.34,Sector Indices
NIFTY HEALTHCARE,LUPIN,5.56,Sector Indices
NIFTY HEALTHCARE,FORTIS,4.96,Sector Indices
NIFTY HEALTHCARE,TORNTPHARM,4.36,Sector Indices
NIFTY HEALTHCARE,LAURUSLABS,4.24,Sector Indices
NIFTY HEALTHCARE,AUROPHARMA,3.96,Sector Indices
NIFTY HEALTHCARE,GLENMARK,3.59,Sector Indices
NIFTY HEALTHCARE,ALKEM,3.15,Sector Indices
NIFTY HEALTHCARE,BIOCON,2.57,Sector Indices
NIFTY HEALTHCARE,MANKIND,2.55,Sector Indices
NIFTY HEALTHCARE,ZYDUSLIFE,2.27,Sector Indices
NIFTY HEALTHCARE,IPCALAB,2.13,Sector Indices
NIFTY HEALTHCARE,ABBOTINDIA,1.32,Sector Indices
NIFTY HEALTHCARE,PPLPHARMA,1.02,Sector Indices
NIFTY HEALTHCARE,SYNGENE,0.83,Sector Indices
NIFTY HOUSING,HDFCBANK,20.16,Thematic
NIFTY HOUSING,ICICIBANK,15.52,Thematic
NIFTY HOUSING,LT,7.98,Thematic
NIFTY HOUSING,SBIN,7.64,Thematic
NIFTY HOUSING,AXISBANK,6.23,Thematic
NIFTY HOUSING,KOTAKBANK,4.67,Thematic
NIFTY HOUSING,NTPC,3.25,Thematic
NIFTY HOUSING,TATASTEEL,3.0,Thematic
NIFTY HOUSING,ULTRACEMCO,2.36,Thematic
NIFTY HOUSING,JSWSTEEL,2.03,Thematic
NIFTY HOUSING,ASIANPAINT,1.87,Thematic
NIFTY HOUSING,GRASIM,1.78,Thematic
NIFTY HOUSING,ADANIPOWER,1.56,Thematic
NIFTY HOUSING,TATAPOWER,1.3,Thematic
NIFTY HOUSING,FEDERALBNK,1.21,Thematic
NIFTY HOUSING,INDUSINDBK,0.98,Thematic
NIFTY HOUSING,ADANIENSOL,0.84,Thematic
NIFTY HOUSING,BANKBARODA,0.84,Thematic
NIFTY HOUSING,DIXON,0.79,Thematic
NIFTY HOUSING,JINDALSTEL,0.79,Thematic
NIFTY HOUSING,CANBK,0.78,Thematic
NIFTY HOUSING,IDFCFIRSTB,0.77,Thematic
NIFTY HOUSING,POLYCAB,0.73,Thematic
NIFTY HOUSING,ADANIGREEN,0.7,Thematic
NIFTY HOUSING,PNB,0.65,Thematic
NIFTY HOUSING,DLF,0.63,Thematic
NIFTY HOUSING,YESBANK,0.59,Thematic
NIFTY HOUSING,VOLTAS,0.58,Thematic
NIFTY HOUSING,SHREECEM,0.57,Thematic
NIFTY HOUSING,PHOENIXLTD,0.56,Thematic
NIFTY HOUSING,TORNTPOWER,0.56,Thematic
NIFTY HOUSING,UNIONBANK,0.56,Thematic
NIFTY HOUSING,HAVELLS,0.54,Thematic
NIFTY HOUSING,INDIANB,0.53,Thematic
NIFTY HOUSING,JSWENERGY,0.53,Thematic
NIFTY HOUSING,KEI,0.52,Thematic
NIFTY HOUSING,AMBUJACEM,0.47,Thematic
NIFTY HOUSING,GODREJPROP,0.46,Thematic
NIFTY HOUSING,NHPC,0.46,Thematic
NIFTY HOUSING,SAIL,0.45,Thematic
NIFTY HOUSING,JSL,0.42,Thematic
NIFTY HOUSING,LODHA,0.42,Thematic
NIFTY HOUSING,BLUESTARCO,0.41,Thematic
NIFTY HOUSING,PRESTIGE,0.4,Thematic
NIFTY HOUSING,JKCEMENT,0.39,Thematic
NIFTY HOUSING,PETRONET,0.35,Thematic
NIFTY HOUSING,OBEROIRLTY,0.34,Thematic
NIFTY HOUSING,RVNL,0.3,Thematic
NIFTY HOUSING,CROMPTON,0.29,Thematic
NIFTY HOUSING,LICHSGFIN,0.28,Thematic
NIFTY IND DEFENCE,BEL,34.81,Thematic
NIFTY IND DEFENCE,HAL,18.37,Thematic
NIFTY IND DEFENCE,BHARATFORG,11.3,Thematic
NIFTY IND DEFENCE,SOLARINDS,8.31,Thematic
NIFTY IND DEFENCE,MAZDOCK,4.55,Thematic
NIFTY IND DEFENCE,COCHINSHIP,3.2,Thematic
NIFTY IND DEFENCE,BDL,2.88,Thematic
NIFTY IND DEFENCE,DATAPATTNS,2.67,Thematic
NIFTY IND DEFENCE,MTARTECH,2.53,Thematic
NIFTY IND DEFENCE,ASTRAMICRO,2.08,Thematic
NIFTY IND DEFENCE,GRSE,1.88,Thematic
NIFTY IND DEFENCE,ZENTEC,1.74,Thematic
NIFTY IND DEFENCE,BEML,1.57,Thematic
NIFTY IND DEFENCE,DYNAMATECH,1.03,Thematic
NIFTY IND DEFENCE,APOLLO,0.9,Thematic
NIFTY IND DEFENCE,AXISCADES,0.76,Thematic
NIFTY IND DEFENCE,PARAS,0.64,Thematic
NIFTY IND DEFENCE,MIDHANI,0.43,Thematic
NIFTY IND DEFENCE,AEQUS,0.36,Thematic
NIFTY IND DIGITAL,BHARTIARTL,24.29,Thematic
NIFTY IND DIGITAL,INFY,17.25,Thematic
NIFTY IND DIGITAL,TCS,10.7,Thematic
NIFTY IND DIGITAL,ETERNAL,7.95,Thematic
NIFTY IND DIGITAL,HCLTECH,5.41,Thematic
NIFTY IND DIGITAL,TECHM,3.83,Thematic
NIFTY IND DIGITAL,WIPRO,2.46,Thematic
NIFTY IND DIGITAL,POLICYBZR,2.43,Thematic
NIFTY IND DIGITAL,PERSISTENT,2.24,Thematic
NIFTY IND DIGITAL,PAYTM,2.03,Thematic
NIFTY IND DIGITAL,COFORGE,1.73,Thematic
NIFTY IND DIGITAL,LTM,1.73,Thematic
NIFTY IND DIGITAL,SWIGGY,1.67,Thematic
NIFTY IND DIGITAL,NAUKRI,1.65,Thematic
NIFTY IND DIGITAL,NYKAA,1.58,Thematic
NIFTY IND DIGITAL,MPHASIS,1.28,Thematic
NIFTY IND DIGITAL,IDEA,1.17,Thematic
NIFTY IND DIGITAL,OFSS,0.98,Thematic
NIFTY IND DIGITAL,TATACOMM,0.8,Thematic
NIFTY IND DIGITAL,IRCTC,0.7,Thematic
NIFTY IND DIGITAL,TATAELXSI,0.61,Thematic
NIFTY IND DIGITAL,KPITTECH,0.52,Thematic
NIFTY IND DIGITAL,BHARTIHEXA,0.48,Thematic
NIFTY IND DIGITAL,LTTS,0.42,Thematic
NIFTY IND DIGITAL,TATATECH,0.42,Thematic
NIFTY IND DIGITAL,SAGILITY,0.41,Thematic
NIFTY IND DIGITAL,AFFLE,0.39,Thematic
NIFTY IND DIGITAL,IKS,0.32,Thematic
NIFTY IND DIGITAL,CYIENT,0.31,Thematic
NIFTY IND DIGITAL,CARTRADE,0.3,Thematic
NIFTY IND DIGITAL,HEXT,0.29,Thematic
NIFTY IND DIGITAL,INDIAMART,0.28,Thematic
NIFTY IND DIGITAL,INTELLECT,0.28,Thematic
NIFTY IND DIGITAL,NETWEB,0.28,Thematic
NIFTY IND DIGITAL,BSOFT,0.26,Thematic
NIFTY IND DIGITAL,ZENSARTECH,0.26,Thematic
NIFTY IND DIGITAL,FIRSTCRY,0.23,Thematic
NIFTY IND DIGITAL,MEESHO,0.22,Thematic
NIFTY IND DIGITAL,PWL,0.21,Thematic
NIFTY IND DIGITAL,SONATSOFTW,0.21,Thematic
NIFTY IND DIGITAL,TBOTEK,0.18,Thematic
NIFTY IND DIGITAL,PINELABS,0.16,Thematic
NIFTY IND DIGITAL,BLS,0.15,Thematic
NIFTY IND DIGITAL,TEJASNET,0.15,Thematic
NIFTY IND DIGITAL,NEWGEN,0.13,Thematic
NIFTY IND DIGITAL,URBANCO,0.13,Thematic
NIFTY IND DIGITAL,ITI,0.12,Thematic
NIFTY IND DIGITAL,RAILTEL,0.12,Thematic
NIFTY IND DIGITAL,LATENTVIEW,0.09,Thematic
NIFTY IND DIGITAL,TTML,0.09,Thematic
NIFTY IND DIGITAL,MAPMYINDIA,0.07,Thematic
NIFTY IND TOURISM,INDIGO,35.27,Thematic
NIFTY IND TOURISM,INDHOTEL,20.05,Thematic
NIFTY IND TOURISM,GMRAIRPORT,12.22,Thematic
NIFTY IND TOURISM,JUBLFOOD,6.56,Thematic
NIFTY IND TOURISM,ITCHOTELS,6.18,Thematic
NIFTY IND TOURISM,IRCTC,5.73,Thematic
NIFTY IND TOURISM,EIHOTEL,2.25,Thematic
NIFTY IND TOURISM,LEMONTREE,2.07,Thematic
NIFTY IND TOURISM,CHALET,1.97,Thematic
NIFTY IND TOURISM,DEVYANI,1.58,Thematic
NIFTY IND TOURISM,TBOTEK,1.5,Thematic
NIFTY IND TOURISM,SAPPHIRE,1.44,Thematic
NIFTY IND TOURISM,BLS,1.19,Thematic
NIFTY IND TOURISM,THELEELA,1.18,Thematic
NIFTY IND TOURISM,TRAVELFOOD,0.82,Thematic
NIFTY INDIA MFG,RELIANCE,17.81,Thematic
NIFTY INDIA MFG,TVSMOTOR,7.77,Thematic
NIFTY INDIA MFG,M&M,5.22,Thematic
NIFTY INDIA MFG,SUNPHARMA,3.51,Thematic
NIFTY INDIA MFG,TATASTEEL,3.37,Thematic
NIFTY INDIA MFG,MARUTI,3.2,Thematic
NIFTY INDIA MFG,BEL,2.96,Thematic
NIFTY INDIA MFG,HINDALCO,2.94,Thematic
NIFTY INDIA MFG,VEDL,2.39,Thematic
NIFTY INDIA MFG,JSWSTEEL,2.28,Thematic
NIFTY INDIA MFG,BAJAJ-AUTO,1.99,Thematic
NIFTY INDIA MFG,EICHERMOT,1.84,Thematic
NIFTY INDIA MFG,TMCV,1.66,Thematic
NIFTY INDIA MFG,HAL,1.56,Thematic
NIFTY INDIA MFG,DIVISLAB,1.55,Thematic
NIFTY INDIA MFG,DRREDDY,1.55,Thematic
NIFTY INDIA MFG,CIPLA,1.4,Thematic
NIFTY INDIA MFG,TMPV,1.39,Thematic
NIFTY INDIA MFG,CUMMINSIND,1.34,Thematic
NIFTY INDIA MFG,SUZLON,1.32,Thematic
NIFTY INDIA MFG,BPCL,1.18,Thematic
NIFTY INDIA MFG,CGPOWER,1.08,Thematic
NIFTY INDIA MFG,GVT&D,1.07,Thematic
NIFTY INDIA MFG,LUPIN,1.06,Thematic
NIFTY INDIA MFG,MOTHERSON,1.05,Thematic
NIFTY INDIA MFG,IOC,1.03,Thematic
NIFTY INDIA MFG,BHEL,0.98,Thematic
NIFTY INDIA MFG,BHARATFORG,0.96,Thematic
NIFTY INDIA MFG,ASHOKLEY,0.91,Thematic
NIFTY INDIA MFG,DIXON,0.89,Thematic
NIFTY INDIA MFG,JINDALSTEL,0.89,Thematic
NIFTY INDIA MFG,POLYCAB,0.83,Thematic
NIFTY INDIA MFG,TORNTPHARM,0.83,Thematic
NIFTY INDIA MFG,PIDILITIND,0.82,Thematic
NIFTY INDIA MFG,LAURUSLABS,0.81,Thematic
NIFTY INDIA MFG,AUROPHARMA,0.75,Thematic
NIFTY INDIA MFG,ABB,0.72,Thematic
NIFTY INDIA MFG,SOLARINDS,0.71,Thematic
NIFTY INDIA MFG,SRF,0.7,Thematic
NIFTY INDIA MFG,APLAPOLLO,0.69,Thematic
NIFTY INDIA MFG,UPL,0.69,Thematic
NIFTY INDIA MFG,VOLTAS,0.65,Thematic
NIFTY INDIA MFG,SIEMENS,0.64,Thematic
NIFTY INDIA MFG,BOSCHLTD,0.61,Thematic
NIFTY INDIA MFG,HAVELLS,0.61,Thematic
NIFTY INDIA MFG,TIINDIA,0.61,Thematic
NIFTY INDIA MFG,ALKEM,0.6,Thematic
NIFTY INDIA MFG,KEI,0.58,Thematic
NIFTY INDIA MFG,ENRIN,0.54,Thematic
NIFTY INDIA MFG,HINDZINC,0.51,Thematic
NIFTY INDIA MFG,SONACOMS,0.51,Thematic
NIFTY INDIA MFG,MRF,0.5,Thematic
NIFTY INDIA MFG,HYUNDAI,0.49,Thematic
NIFTY INDIA MFG,PIIND,0.48,Thematic
NIFTY INDIA MFG,BLUESTARCO,0.46,Thematic
NIFTY INDIA MFG,NAVINFLUOR,0.46,Thematic
NIFTY INDIA MFG,COROMANDEL,0.45,Thematic
NIFTY INDIA MFG,PAGEIND,0.45,Thematic
NIFTY INDIA MFG,SUPREMEIND,0.44,Thematic
NIFTY INDIA MFG,ZYDUSLIFE,0.43,Thematic
NIFTY INDIA MFG,MAZDOCK,0.39,Thematic
NIFTY INDIA MFG,UNOMINDA,0.39,Thematic
NIFTY INDIA MFG,ASTRAL,0.36,Thematic
NIFTY INDIA MFG,HINDCOPPER,0.35,Thematic
NIFTY INDIA MFG,BALKRISIND,0.33,Thematic
NIFTY INDIA MFG,CROMPTON,0.33,Thematic
NIFTY INDIA MFG,AIAENG,0.29,Thematic
NIFTY INDIA MFG,LINDEINDIA,0.29,Thematic
NIFTY INDIA MFG,COCHINSHIP,0.27,Thematic
NIFTY INDIA MFG,HSCL,0.25,Thematic
NIFTY INDIA MFG,KAYNES,0.24,Thematic
NIFTY INDIA MFG,ESCORTS,0.21,Thematic
NIFTY INDIA MFG,KPRMILL,0.2,Thematic
NIFTY INDIA MFG,CASTROLIND,0.17,Thematic
NIFTY INDIA MFG,HONAUT,0.13,Thematic
NIFTY INDIA MFG,ANTHEM,0.09,Thematic
NIFTY INFRA,RELIANCE,23.58,Sector Indices
NIFTY INFRA,BHARTIARTL,14.24,Sector Indices
NIFTY INFRA,LT,11.89,Sector Indices
NIFTY INFRA,NTPC,4.84,Sector Indices
NIFTY INFRA,POWERGRID,3.63,Sector Indices
NIFTY INFRA,ULTRACEMCO,3.51,Sector Indices
NIFTY INFRA,ADANIPORTS,3.03,Sector Indices
NIFTY INFRA,ONGC,2.94,Sector Indices
NIFTY INFRA,GRASIM,2.65,Sector Indices
NIFTY INFRA,INDIGO,2.53,Sector Indices
NIFTY INFRA,APOLLOHOSP,2.0,Sector Indices
NIFTY INFRA,TATAPOWER,1.94,Sector Indices
NIFTY INFRA,MAXHEALTH,1.87,Sector Indices
NIFTY INFRA,CUMMINSIND,1.78,Sector Indices
NIFTY INFRA,SUZLON,1.74,Sector Indices
NIFTY INFRA,BPCL,1.57,Sector Indices
NIFTY INFRA,INDHOTEL,1.44,Sector Indices
NIFTY INFRA,CGPOWER,1.43,Sector Indices
NIFTY INFRA,MOTHERSON,1.4,Sector Indices
NIFTY INFRA,IOC,1.36,Sector Indices
NIFTY INFRA,INDUSTOWER,1.34,Sector Indices
NIFTY INFRA,BHARATFORG,1.27,Sector Indices
NIFTY INFRA,FORTIS,1.25,Sector Indices
NIFTY INFRA,ASHOKLEY,1.2,Sector Indices
NIFTY INFRA,GAIL,1.12,Sector Indices
NIFTY INFRA,ADANIGREEN,1.05,Sector Indices
NIFTY INFRA,DLF,0.95,Sector Indices
NIFTY INFRA,HINDPETRO,0.91,Sector Indices
NIFTY INFRA,SHREECEM,0.84,Sector Indices
NIFTY INFRA,AMBUJACEM,0.7,Sector Indices
NIFTY INTERNET,ETERNAL,35.16,Thematic
NIFTY INTERNET,POLICYBZR,10.74,Thematic
NIFTY INTERNET,PAYTM,8.97,Thematic
NIFTY INTERNET,SWIGGY,7.4,Thematic
NIFTY INTERNET,NAUKRI,7.29,Thematic
NIFTY INTERNET,NYKAA,6.98,Thematic
NIFTY INTERNET,ANGELONE,3.91,Thematic
NIFTY INTERNET,IRCTC,3.1,Thematic
NIFTY INTERNET,GROWW,2.55,Thematic
NIFTY INTERNET,MOTILALOFS,2.31,Thematic
NIFTY INTERNET,CARTRADE,1.33,Thematic
NIFTY INTERNET,INDIAMART,1.22,Thematic
NIFTY INTERNET,NAZARA,1.15,Thematic
NIFTY INTERNET,FIRSTCRY,1.03,Thematic
NIFTY INTERNET,MEESHO,0.96,Thematic
NIFTY INTERNET,PWL,0.93,Thematic
NIFTY INTERNET,TBOTEK,0.81,Thematic
NIFTY INTERNET,IIFLCAPS,0.71,Thematic
NIFTY INTERNET,PINELABS,0.69,Thematic
NIFTY INTERNET,IXIGO,0.68,Thematic
NIFTY INTERNET,URBANCO,0.56,Thematic
NIFTY INTERNET,CCAVENUE,0.52,Thematic
NIFTY INTERNET,THOMASCOOK,0.31,Thematic
NIFTY INTERNET,RTNINDIA,0.23,Thematic
NIFTY INTERNET,JUSTDIAL,0.22,Thematic
NIFTY INTERNET,CRIZAC,0.14,Thematic
NIFTY INTERNET,STYL,0.09,Thematic
NIFTY IT,INFY,36.23,Sector Indices
NIFTY IT,TCS,22.47,Sector Indices
NIFTY IT,HCLTECH,11.37,Sector Indices
NIFTY IT,TECHM,8.05,Sector Indices
NIFTY IT,WIPRO,5.18,Sector Indices
NIFTY IT,PERSISTENT,4.69,Sector Indices
NIFTY IT,COFORGE,3.64,Sector Indices
NIFTY IT,LTM,3.62,Sector Indices
NIFTY IT,MPHASIS,2.7,Sector Indices
NIFTY IT,OFSS,2.06,Sector Indices
NIFTY MEDIA,ZEEL,21.64,Sector Indices
NIFTY MEDIA,PVRINOX,19.05,Sector Indices
NIFTY MEDIA,NAZARA,15.44,Sector Indices
NIFTY MEDIA,SUNTV,14.82,Sector Indices
NIFTY MEDIA,TIPSMUSIC,7.62,Sector Indices
NIFTY MEDIA,SAREGAMA,6.61,Sector Indices
NIFTY MEDIA,NETWORK18,5.8,Sector Indices
NIFTY MEDIA,PFOCUS,5.22,Sector Indices
NIFTY MEDIA,DBCORP,2.56,Sector Indices
NIFTY MEDIA,HATHWAY,1.24,Sector Indices
NIFTY METAL,TATASTEEL,18.96,Sector Indices
NIFTY METAL,HINDALCO,16.51,Sector Indices
NIFTY METAL,VEDL,13.43,Sector Indices
NIFTY METAL,JSWSTEEL,12.82,Sector Indices
NIFTY METAL,ADANIENT,7.49,Sector Indices
NIFTY METAL,JINDALSTEL,4.99,Sector Indices
NIFTY METAL,NATIONALUM,4.23,Sector Indices
NIFTY METAL,APLAPOLLO,3.86,Sector Indices
NIFTY METAL,NMDC,3.36,Sector Indices
NIFTY METAL,SAIL,2.86,Sector Indices
NIFTY METAL,HINDZINC,2.85,Sector Indices
NIFTY METAL,JSL,2.63,Sector Indices
NIFTY METAL,LLOYDSME,2.35,Sector Indices
NIFTY METAL,HINDCOPPER,1.95,Sector Indices
NIFTY METAL,WELCORP,1.72,Sector Indices
NIFTY MICROCAP250,TDPOWERSYS,1.63,Broad Market
NIFTY MICROCAP250,VOLTAMP,1.44,Broad Market
NIFTY MICROCAP250,MTARTECH,1.41,Broad Market
NIFTY MICROCAP250,SANSERA,1.39,Broad Market
NIFTY MICROCAP250,UJJIVANSFB,1.31,Broad Market
NIFTY MICROCAP250,SOUTHBANK,1.28,Broad Market
NIFTY MICROCAP250,KTKBANK,1.23,Broad Market
NIFTY MICROCAP250,ASTRAMICRO,1.16,Broad Market
NIFTY MICROCAP250,TMB,1.08,Broad Market
NIFTY MICROCAP250,EDELWEISS,0.98,Broad Market
NIFTY MICROCAP250,STLTECH,0.95,Broad Market
NIFTY MICROCAP250,CUPID,0.94,Broad Market
NIFTY MICROCAP250,EQUITASBNK,0.94,Broad Market
NIFTY MICROCAP250,STAR,0.87,Broad Market
NIFTY MICROCAP250,WABAG,0.85,Broad Market
NIFTY MICROCAP250,MAHSCOOTER,0.83,Broad Market
NIFTY MICROCAP250,SHAILY,0.8,Broad Market
NIFTY MICROCAP250,SUDARSCHEM,0.8,Broad Market
NIFTY MICROCAP250,AZAD,0.78,Broad Market
NIFTY MICROCAP250,MEDPLUS,0.78,Broad Market
NIFTY MICROCAP250,VGUARD,0.78,Broad Market
NIFTY MICROCAP250,ARVIND,0.77,Broad Market
NIFTY MICROCAP250,BLACKBUCK,0.76,Broad Market
NIFTY MICROCAP250,NAZARA,0.76,Broad Market
NIFTY MICROCAP250,CIEINDIA,0.74,Broad Market
NIFTY MICROCAP250,KIRLPNU,0.71,Broad Market
NIFTY MICROCAP250,AVANTIFEED,0.7,Broad Market
NIFTY MICROCAP250,SHRIPISTON,0.66,Broad Market
NIFTY MICROCAP250,KSB,0.65,Broad Market
NIFTY MICROCAP250,SKFINDUS,0.65,Broad Market
NIFTY MICROCAP250,RELIGARE,0.64,Broad Market
NIFTY MICROCAP250,DCBBANK,0.63,Broad Market
NIFTY MICROCAP250,METROPOLIS,0.63,Broad Market
NIFTY MICROCAP250,LUMAXTECH,0.62,Broad Market
NIFTY MICROCAP250,FINPIPE,0.61,Broad Market
NIFTY MICROCAP250,PRUDENT,0.61,Broad Market
NIFTY MICROCAP250,PTC,0.61,Broad Market
NIFTY MICROCAP250,CENTURYPLY,0.6,Broad Market
NIFTY MICROCAP250,HCC,0.6,Broad Market
NIFTY MICROCAP250,JAYNECOIND,0.6,Broad Market
NIFTY MICROCAP250,PRAJIND,0.6,Broad Market
NIFTY MICROCAP250,TIMETECHNO,0.6,Broad Market
NIFTY MICROCAP250,SHILPAMED,0.59,Broad Market
NIFTY MICROCAP250,THANGAMAYL,0.59,Broad Market
NIFTY MICROCAP250,CMSINFO,0.58,Broad Market
NIFTY MICROCAP250,JLHL,0.58,Broad Market
NIFTY MICROCAP250,MARKSANS,0.58,Broad Market
NIFTY MICROCAP250,DYNAMATECH,0.57,Broad Market
NIFTY MICROCAP250,GOKEX,0.57,Broad Market
NIFTY MICROCAP250,TI,0.56,Broad Market
NIFTY MICROCAP250,JKLAKSHMI,0.55,Broad Market
NIFTY MICROCAP250,KPIGREEN,0.55,Broad Market
NIFTY MICROCAP250,PRICOLLTD,0.54,Broad Market
NIFTY MICROCAP250,PRIVISCL,0.54,Broad Market
NIFTY MICROCAP250,GPPL,0.53,Broad Market
NIFTY MICROCAP250,KIRLOSBROS,0.53,Broad Market
NIFTY MICROCAP250,APLLTD,0.52,Broad Market
NIFTY MICROCAP250,APOLLO,0.5,Broad Market
NIFTY MICROCAP250,SKFINDIA,0.5,Broad Market
NIFTY MICROCAP250,CSBBANK,0.49,Broad Market
NIFTY MICROCAP250,GNFC,0.49,Broad Market
NIFTY MICROCAP250,KANSAINER,0.49,Broad Market
NIFTY MICROCAP250,AETHER,0.48,Broad Market
NIFTY MICROCAP250,ARVINDFASN,0.48,Broad Market
NIFTY MICROCAP250,GSFC,0.48,Broad Market
NIFTY MICROCAP250,IIFLCAPS,0.47,Broad Market
NIFTY MICROCAP250,LLOYDSENGG,0.47,Broad Market
NIFTY MICROCAP250,LLOYDSENT,0.47,Broad Market
NIFTY MICROCAP250,PCJEWELLER,0.47,Broad Market
NIFTY MICROCAP250,TANLA,0.47,Broad Market
NIFTY MICROCAP250,TSFINV,0.47,Broad Market
NIFTY MICROCAP250,AVL,0.46,Broad Market
NIFTY MICROCAP250,GHCL,0.46,Broad Market
NIFTY MICROCAP250,WEBELSOLAR,0.46,Broad Market
NIFTY MICROCAP250,AARTIPHARM,0.45,Broad Market
NIFTY MICROCAP250,INDIASHLTR,0.45,Broad Market
NIFTY MICROCAP250,IXIGO,0.45,Broad Market
NIFTY MICROCAP250,JYOTHYLAB,0.44,Broad Market
NIFTY MICROCAP250,RATEGAIN,0.44,Broad Market
NIFTY MICROCAP250,V2RETAIL,0.44,Broad Market
NIFTY MICROCAP250,ACI,0.43,Broad Market
NIFTY MICROCAP250,ETHOSLTD,0.43,Broad Market
NIFTY MICROCAP250,GRWRHITECH,0.43,Broad Market
NIFTY MICROCAP250,SHAKTIPUMP,0.43,Broad Market
NIFTY MICROCAP250,TRIVENI,0.43,Broad Market
NIFTY MICROCAP250,AGARWALEYE,0.42,Broad Market
NIFTY MICROCAP250,AXISCADES,0.42,Broad Market
NIFTY MICROCAP250,EUREKAFORB,0.42,Broad Market
NIFTY MICROCAP250,INOXINDIA,0.42,Broad Market
NIFTY MICROCAP250,IONEXCHANG,0.42,Broad Market
NIFTY MICROCAP250,SAFARI,0.42,Broad Market
NIFTY MICROCAP250,MANORAMA,0.41,Broad Market
NIFTY MICROCAP250,POWERMECH,0.41,Broad Market
NIFTY MICROCAP250,RBA,0.41,Broad Market
NIFTY MICROCAP250,YATHARTH,0.41,Broad Market
NIFTY MICROCAP250,ASHAPURMIN,0.4,Broad Market
NIFTY MICROCAP250,VIYASH,0.4,Broad Market
NIFTY MICROCAP250,WESTLIFE,0.4,Broad Market
NIFTY MICROCAP250,AVALON,0.39,Broad Market
NIFTY MICROCAP250,BBOX,0.39,Broad Market
NIFTY MICROCAP250,EPL,0.39,Broad Market
NIFTY MICROCAP250,HCG,0.39,Broad Market
NIFTY MICROCAP250,ALIVUS,0.38,Broad Market
NIFTY MICROCAP250,BECTORFOOD,0.38,Broad Market
NIFTY MICROCAP250,GMMPFAUDLR,0.38,Broad Market
NIFTY MICROCAP250,GMRP&UI,0.38,Broad Market
NIFTY MICROCAP250,HAPPSTMNDS,0.38,Broad Market
NIFTY MICROCAP250,JKPAPER,0.38,Broad Market
NIFTY MICROCAP250,JSLL,0.38,Broad Market
NIFTY MICROCAP250,SKYGOLD,0.38,Broad Market
NIFTY MICROCAP250,CERA,0.37,Broad Market
NIFTY MICROCAP250,TIPSMUSIC,0.37,Broad Market
NIFTY MICROCAP250,INOXGREEN,0.36,Broad Market
NIFTY MICROCAP250,KRBL,0.36,Broad Market
NIFTY MICROCAP250,SAMHI,0.36,Broad Market
NIFTY MICROCAP250,AURIONPRO,0.35,Broad Market
NIFTY MICROCAP250,BANCOINDIA,0.35,Broad Market
NIFTY MICROCAP250,BLUESTONE,0.35,Broad Market
NIFTY MICROCAP250,GODREJAGRO,0.35,Broad Market
NIFTY MICROCAP250,PARAS,0.35,Broad Market
NIFTY MICROCAP250,QPOWER,0.35,Broad Market
NIFTY MICROCAP250,VMART,0.35,Broad Market
NIFTY MICROCAP250,CCAVENUE,0.34,Broad Market
NIFTY MICROCAP250,ELECTCAST,0.34,Broad Market
NIFTY MICROCAP250,PGIL,0.34,Broad Market
NIFTY MICROCAP250,RTNPOWER,0.34,Broad Market
NIFTY MICROCAP250,SANDUMA,0.34,Broad Market
NIFTY MICROCAP250,SWSOLAR,0.34,Broad Market
NIFTY MICROCAP250,WAAREERTL,0.34,Broad Market
NIFTY MICROCAP250,FIEMIND,0.33,Broad Market
NIFTY MICROCAP250,JSFB,0.33,Broad Market
NIFTY MICROCAP250,MANYAVAR,0.33,Broad Market
NIFTY MICROCAP250,MASTEK,0.33,Broad Market
NIFTY MICROCAP250,SHARDACROP,0.33,Broad Market
NIFTY MICROCAP250,WELENT,0.33,Broad Market
NIFTY MICROCAP250,AHLUCONT,0.32,Broad Market
NIFTY MICROCAP250,ANUP,0.32,Broad Market
NIFTY MICROCAP250,BIRLACORPN,0.32,Broad Market
NIFTY MICROCAP250,DBREALTY,0.32,Broad Market
NIFTY MICROCAP250,MAHSEAMLES,0.32,Broad Market
NIFTY MICROCAP250,KRN,0.31,Broad Market
NIFTY MICROCAP250,NESCO,0.31,Broad Market
NIFTY MICROCAP250,PNCINFRA,0.31,Broad Market
NIFTY MICROCAP250,RAIN,0.31,Broad Market
NIFTY MICROCAP250,THYROCARE,0.31,Broad Market
NIFTY MICROCAP250,BORORENEW,0.3,Broad Market
NIFTY MICROCAP250,IMFA,0.3,Broad Market
NIFTY MICROCAP250,JAMNAAUTO,0.3,Broad Market
NIFTY MICROCAP250,MOIL,0.3,Broad Market
NIFTY MICROCAP250,TRANSRAILL,0.29,Broad Market
NIFTY MICROCAP250,VIPIND,0.29,Broad Market
NIFTY MICROCAP250,ASKAUTOLTD,0.28,Broad Market
NIFTY MICROCAP250,NETWORK18,0.28,Broad Market
NIFTY MICROCAP250,RALLIS,0.28,Broad Market
NIFTY MICROCAP250,BALUFORGE,0.27,Broad Market
NIFTY MICROCAP250,CAMPUS,0.27,Broad Market
NIFTY MICROCAP250,ICIL,0.27,Broad Market
NIFTY MICROCAP250,INDIAGLYCO,0.27,Broad Market
NIFTY MICROCAP250,RELAXO,0.27,Broad Market
NIFTY MICROCAP250,RENUKA,0.27,Broad Market
NIFTY MICROCAP250,RUBICON,0.27,Broad Market
NIFTY MICROCAP250,SMLMAH,0.27,Broad Market
NIFTY MICROCAP250,STYRENIX,0.27,Broad Market
NIFTY MICROCAP250,TEXRAIL,0.27,Broad Market
NIFTY MICROCAP250,ALKYLAMINE,0.26,Broad Market
NIFTY MICROCAP250,DBL,0.26,Broad Market
NIFTY MICROCAP250,JAIBALAJI,0.26,Broad Market
NIFTY MICROCAP250,NEOGEN,0.26,Broad Market
NIFTY MICROCAP250,PFOCUS,0.26,Broad Market
NIFTY MICROCAP250,GAEL,0.25,Broad Market
NIFTY MICROCAP250,RAYMONDLSL,0.25,Broad Market
NIFTY MICROCAP250,ENTERO,0.24,Broad Market
NIFTY MICROCAP250,INDIGOPNTS,0.24,Broad Market
NIFTY MICROCAP250,MIDHANI,0.24,Broad Market
NIFTY MICROCAP250,REDTAPE,0.24,Broad Market
NIFTY MICROCAP250,SFL,0.24,Broad Market
NIFTY MICROCAP250,STARCEMENT,0.24,Broad Market
NIFTY MICROCAP250,SURYAROSNI,0.24,Broad Market
NIFTY MICROCAP250,VARROC,0.24,Broad Market
NIFTY MICROCAP250,WEWORK,0.24,Broad Market
NIFTY MICROCAP250,AKUMS,0.23,Broad Market
NIFTY MICROCAP250,KNRCON,0.23,Broad Market
NIFTY MICROCAP250,KSCL,0.23,Broad Market
NIFTY MICROCAP250,SENCO,0.23,Broad Market
NIFTY MICROCAP250,SKIPPER,0.23,Broad Market
NIFTY MICROCAP250,ASHOKA,0.22,Broad Market
NIFTY MICROCAP250,AWFIS,0.22,Broad Market
NIFTY MICROCAP250,CELLO,0.22,Broad Market
NIFTY MICROCAP250,FEDFINA,0.22,Broad Market
NIFTY MICROCAP250,RCF,0.22,Broad Market
NIFTY MICROCAP250,SUPRIYA,0.22,Broad Market
NIFTY MICROCAP250,ZAGGLE,0.22,Broad Market
NIFTY MICROCAP250,ALOKINDS,0.21,Broad Market
NIFTY MICROCAP250,BAJAJELEC,0.21,Broad Market
NIFTY MICROCAP250,EMIL,0.21,Broad Market
NIFTY MICROCAP250,GOKULAGRO,0.21,Broad Market
NIFTY MICROCAP250,GREAVESCOT,0.21,Broad Market
NIFTY MICROCAP250,PICCADIL,0.21,Broad Market
NIFTY MICROCAP250,SUNTECK,0.21,Broad Market
NIFTY MICROCAP250,VIKRAMSOLR,0.21,Broad Market
NIFTY MICROCAP250,ADVENZYMES,0.2,Broad Market
NIFTY MICROCAP250,AEQUS,0.2,Broad Market
NIFTY MICROCAP250,ATLANTAELE,0.2,Broad Market
NIFTY MICROCAP250,PRSMJOHNSN,0.2,Broad Market
NIFTY MICROCAP250,REFEX,0.2,Broad Market
NIFTY MICROCAP250,THOMASCOOK,0.2,Broad Market
NIFTY MICROCAP250,CIGNITITEC,0.19,Broad Market
NIFTY MICROCAP250,HERITGFOOD,0.19,Broad Market
NIFTY MICROCAP250,PNGJL,0.19,Broad Market
NIFTY MICROCAP250,SUBROS,0.19,Broad Market
NIFTY MICROCAP250,SUDEEPPHRM,0.19,Broad Market
NIFTY MICROCAP250,BALAMINES,0.18,Broad Market
NIFTY MICROCAP250,DATAMATICS,0.18,Broad Market
NIFTY MICROCAP250,TVSSCS,0.18,Broad Market
NIFTY MICROCAP250,AARTIDRUGS,0.17,Broad Market
NIFTY MICROCAP250,DIACABS,0.17,Broad Market
NIFTY MICROCAP250,KITEX,0.17,Broad Market
NIFTY MICROCAP250,SPARC,0.17,Broad Market
NIFTY MICROCAP250,TARC,0.17,Broad Market
NIFTY MICROCAP250,LXCHEM,0.16,Broad Market
NIFTY MICROCAP250,ORKLAINDIA,0.16,Broad Market
NIFTY MICROCAP250,PURVA,0.16,Broad Market
NIFTY MICROCAP250,QUESS,0.16,Broad Market
NIFTY MICROCAP250,VAIBHAVGBL,0.16,Broad Market
NIFTY MICROCAP250,IFBIND,0.15,Broad Market
NIFTY MICROCAP250,JUSTDIAL,0.15,Broad Market
NIFTY MICROCAP250,RTNINDIA,0.15,Broad Market
NIFTY MICROCAP250,CRAMC,0.14,Broad Market
NIFTY MICROCAP250,EIEL,0.14,Broad Market
NIFTY MICROCAP250,HEMIPROP,0.14,Broad Market
NIFTY MICROCAP250,HGINFRA,0.14,Broad Market
NIFTY MICROCAP250,MSTCLTD,0.14,Broad Market
NIFTY MICROCAP250,OSWALPUMPS,0.14,Broad Market
NIFTY MICROCAP250,SHAREINDIA,0.14,Broad Market
NIFTY MICROCAP250,NFL,0.12,Broad Market
NIFTY MICROCAP250,OPTIEMUS,0.12,Broad Market
NIFTY MICROCAP250,PARKHOSPS,0.12,Broad Market
NIFTY MICROCAP250,SAATVIKGL,0.12,Broad Market
NIFTY MICROCAP250,UTLSOLAR,0.12,Broad Market
NIFTY MICROCAP250,WAKEFIT,0.12,Broad Market
NIFTY MICROCAP250,CAPILLARY,0.11,Broad Market
NIFTY MICROCAP250,ELLEN,0.1,Broad Market
NIFTY MICROCAP250,LOTUSDEV,0.1,Broad Market
NIFTY MICROCAP250,ROUTE,0.1,Broad Market
NIFTY MICROCAP250,CORONA,0.09,Broad Market
NIFTY MICROCAP250,CRIZAC,0.09,Broad Market
NIFTY MICROCAP250,ORIENTCEM,0.09,Broad Market
NIFTY MICROCAP250,SMARTWORKS,0.09,Broad Market
NIFTY MICROCAP250,STYL,0.06,Broad Market
NIFTY MID SELECT,BSE,11.64,Broad Market
NIFTY MID SELECT,SUZLON,5.46,Broad Market
NIFTY MID SELECT,HEROMOTOCO,5.18,Broad Market
NIFTY MID SELECT,INDUSINDBK,4.58,Broad Market
NIFTY MID SELECT,AUBANK,4.54,Broad Market
NIFTY MID SELECT,POLICYBZR,4.46,Broad Market
NIFTY MID SELECT,LUPIN,4.39,Broad Market
NIFTY MID SELECT,INDUSTOWER,4.21,Broad Market
NIFTY MID SELECT,PERSISTENT,4.1,Broad Market
NIFTY MID SELECT,BHEL,4.06,Broad Market
NIFTY MID SELECT,BHARATFORG,3.99,Broad Market
NIFTY MID SELECT,FORTIS,3.91,Broad Market
NIFTY MID SELECT,ASHOKLEY,3.77,Broad Market
NIFTY MID SELECT,PAYTM,3.73,Broad Market
NIFTY MID SELECT,DIXON,3.68,Broad Market
NIFTY MID SELECT,POLYCAB,3.43,Broad Market
NIFTY MID SELECT,MARICO,3.23,Broad Market
NIFTY MID SELECT,AUROPHARMA,3.13,Broad Market
NIFTY MID SELECT,SWIGGY,3.07,Broad Market
NIFTY MID SELECT,NAUKRI,3.03,Broad Market
NIFTY MID SELECT,SRF,2.88,Broad Market
NIFTY MID SELECT,HINDPETRO,2.86,Broad Market
NIFTY MID SELECT,YESBANK,2.75,Broad Market
NIFTY MID SELECT,INDIANB,2.49,Broad Market
NIFTY MID SELECT,LICI,1.42,Broad Market
NIFTY MIDCAP 100,BSE,4.54,Broad Market
NIFTY MIDCAP 100,MCX,2.26,Broad Market
NIFTY MIDCAP 100,FEDERALBNK,2.19,Broad Market
NIFTY MIDCAP 100,SUZLON,2.13,Broad Market
NIFTY MIDCAP 100,HEROMOTOCO,2.02,Broad Market
NIFTY MIDCAP 100,INDUSINDBK,1.79,Broad Market
NIFTY MIDCAP 100,AUBANK,1.77,Broad Market
NIFTY MIDCAP 100,POLICYBZR,1.74,Broad Market
NIFTY MIDCAP 100,GVT&D,1.72,Broad Market
NIFTY MIDCAP 100,LUPIN,1.71,Broad Market
NIFTY MIDCAP 100,INDUSTOWER,1.64,Broad Market
NIFTY MIDCAP 100,PERSISTENT,1.6,Broad Market
NIFTY MIDCAP 100,BHEL,1.59,Broad Market
NIFTY MIDCAP 100,BHARATFORG,1.56,Broad Market
NIFTY MIDCAP 100,FORTIS,1.53,Broad Market
NIFTY MIDCAP 100,ASHOKLEY,1.47,Broad Market
NIFTY MIDCAP 100,PAYTM,1.45,Broad Market
NIFTY MIDCAP 100,DIXON,1.43,Broad Market
NIFTY MIDCAP 100,IDFCFIRSTB,1.4,Broad Market
NIFTY MIDCAP 100,POLYCAB,1.34,Broad Market
NIFTY MIDCAP 100,ICICIGI,1.32,Broad Market
NIFTY MIDCAP 100,MFSL,1.31,Broad Market
NIFTY MIDCAP 100,LAURUSLABS,1.3,Broad Market
NIFTY MIDCAP 100,POWERINDIA,1.28,Broad Market
NIFTY MIDCAP 100,MARICO,1.26,Broad Market
NIFTY MIDCAP 100,COFORGE,1.24,Broad Market
NIFTY MIDCAP 100,AUROPHARMA,1.22,Broad Market
NIFTY MIDCAP 100,NATIONALUM,1.22,Broad Market
NIFTY MIDCAP 100,SWIGGY,1.2,Broad Market
NIFTY MIDCAP 100,NAUKRI,1.18,Broad Market
NIFTY MIDCAP 100,NYKAA,1.13,Broad Market
NIFTY MIDCAP 100,HINDPETRO,1.12,Broad Market
NIFTY MIDCAP 100,SRF,1.12,Broad Market
NIFTY MIDCAP 100,APLAPOLLO,1.11,Broad Market
NIFTY MIDCAP 100,GLENMARK,1.11,Broad Market
NIFTY MIDCAP 100,UPL,1.11,Broad Market
NIFTY MIDCAP 100,GMRAIRPORT,1.07,Broad Market
NIFTY MIDCAP 100,YESBANK,1.07,Broad Market
NIFTY MIDCAP 100,VOLTAS,1.06,Broad Market
NIFTY MIDCAP 100,WAAREEENER,1.02,Broad Market
NIFTY MIDCAP 100,PHOENIXLTD,1.01,Broad Market
NIFTY MIDCAP 100,TIINDIA,0.99,Broad Market
NIFTY MIDCAP 100,HAVELLS,0.98,Broad Market
NIFTY MIDCAP 100,ALKEM,0.97,Broad Market
NIFTY MIDCAP 100,INDIANB,0.97,Broad Market
NIFTY MIDCAP 100,NMDC,0.97,Broad Market
NIFTY MIDCAP 100,JSWENERGY,0.96,Broad Market
NIFTY MIDCAP 100,KEI,0.94,Broad Market
NIFTY MIDCAP 100,MPHASIS,0.92,Broad Market
NIFTY MIDCAP 100,ABCAPITAL,0.86,Broad Market
NIFTY MIDCAP 100,COLPAL,0.86,Broad Market
NIFTY MIDCAP 100,IDEA,0.84,Broad Market
NIFTY MIDCAP 100,360ONE,0.83,Broad Market
NIFTY MIDCAP 100,GODREJPROP,0.83,Broad Market
NIFTY MIDCAP 100,NHPC,0.83,Broad Market
NIFTY MIDCAP 100,OIL,0.83,Broad Market
NIFTY MIDCAP 100,VMM,0.83,Broad Market
NIFTY MIDCAP 100,RADICO,0.82,Broad Market
NIFTY MIDCAP 100,SAIL,0.82,Broad Market
NIFTY MIDCAP 100,DABUR,0.81,Broad Market
NIFTY MIDCAP 100,MRF,0.81,Broad Market
NIFTY MIDCAP 100,BIOCON,0.79,Broad Market
NIFTY MIDCAP 100,MANKIND,0.79,Broad Market
NIFTY MIDCAP 100,PIIND,0.78,Broad Market
NIFTY MIDCAP 100,BLUESTARCO,0.75,Broad Market
NIFTY MIDCAP 100,LTF,0.75,Broad Market
NIFTY MIDCAP 100,COROMANDEL,0.73,Broad Market
NIFTY MIDCAP 100,PRESTIGE,0.73,Broad Market
NIFTY MIDCAP 100,PAGEIND,0.72,Broad Market
NIFTY MIDCAP 100,SUPREMEIND,0.72,Broad Market
NIFTY MIDCAP 100,OFSS,0.7,Broad Market
NIFTY MIDCAP 100,M&MFIN,0.64,Broad Market
NIFTY MIDCAP 100,OBEROIRLTY,0.62,Broad Market
NIFTY MIDCAP 100,SBICARD,0.59,Broad Market
NIFTY MIDCAP 100,ASTRAL,0.58,Broad Market
NIFTY MIDCAP 100,JUBLFOOD,0.58,Broad Market
NIFTY MIDCAP 100,TATACOMM,0.57,Broad Market
NIFTY MIDCAP 100,ATGL,0.56,Broad Market
NIFTY MIDCAP 100,BANKINDIA,0.54,Broad Market
NIFTY MIDCAP 100,CONCOR,0.54,Broad Market
NIFTY MIDCAP 100,RVNL,0.54,Broad Market
NIFTY MIDCAP 100,LICHSGFIN,0.51,Broad Market
NIFTY MIDCAP 100,EXIDEIND,0.5,Broad Market
NIFTY MIDCAP 100,IRCTC,0.5,Broad Market
NIFTY MIDCAP 100,KALYANKJIL,0.49,Broad Market
NIFTY MIDCAP 100,PATANJALI,0.49,Broad Market
NIFTY MIDCAP 100,LENSKART,0.48,Broad Market
NIFTY MIDCAP 100,COCHINSHIP,0.44,Broad Market
NIFTY MIDCAP 100,TATAELXSI,0.44,Broad Market
NIFTY MIDCAP 100,LGEINDIA,0.43,Broad Market
NIFTY MIDCAP 100,GROWW,0.41,Broad Market
NIFTY MIDCAP 100,BDL,0.4,Broad Market
NIFTY MIDCAP 100,KPITTECH,0.37,Broad Market
NIFTY MIDCAP 100,MOTILALOFS,0.37,Broad Market
NIFTY MIDCAP 100,PREMIERENE,0.37,Broad Market
NIFTY MIDCAP 100,ICICIAMC,0.35,Broad Market
NIFTY MIDCAP 100,IREDA,0.34,Broad Market
NIFTY MIDCAP 100,HUDCO,0.33,Broad Market
NIFTY MIDCAP 100,TATAINVEST,0.29,Broad Market
NIFTY MIDCAP 100,GODFRYPHLP,0.26,Broad Market
NIFTY MIDCAP 150,BSE,3.74,Broad Market
NIFTY MIDCAP 150,MCX,1.86,Broad Market
NIFTY MIDCAP 150,FEDERALBNK,1.81,Broad Market
NIFTY MIDCAP 150,SUZLON,1.75,Broad Market
NIFTY MIDCAP 150,HEROMOTOCO,1.66,Broad Market
NIFTY MIDCAP 150,INDUSINDBK,1.47,Broad Market
NIFTY MIDCAP 150,AUBANK,1.46,Broad Market
NIFTY MIDCAP 150,POLICYBZR,1.43,Broad Market
NIFTY MIDCAP 150,GVT&D,1.42,Broad Market
NIFTY MIDCAP 150,LUPIN,1.41,Broad Market
NIFTY MIDCAP 150,INDUSTOWER,1.35,Broad Market
NIFTY MIDCAP 150,PERSISTENT,1.32,Broad Market
NIFTY MIDCAP 150,BHEL,1.3,Broad Market
NIFTY MIDCAP 150,BHARATFORG,1.28,Broad Market
NIFTY MIDCAP 150,FORTIS,1.26,Broad Market
NIFTY MIDCAP 150,ASHOKLEY,1.21,Broad Market
NIFTY MIDCAP 150,PAYTM,1.2,Broad Market
NIFTY MIDCAP 150,DIXON,1.18,Broad Market
NIFTY MIDCAP 150,IDFCFIRSTB,1.15,Broad Market
NIFTY MIDCAP 150,POLYCAB,1.1,Broad Market
NIFTY MIDCAP 150,ICICIGI,1.09,Broad Market
NIFTY MIDCAP 150,MFSL,1.08,Broad Market
NIFTY MIDCAP 150,LAURUSLABS,1.07,Broad Market
NIFTY MIDCAP 150,POWERINDIA,1.05,Broad Market
NIFTY MIDCAP 150,MARICO,1.04,Broad Market
NIFTY MIDCAP 150,COFORGE,1.02,Broad Market
NIFTY MIDCAP 150,AUROPHARMA,1.0,Broad Market
NIFTY MIDCAP 150,NATIONALUM,1.0,Broad Market
NIFTY MIDCAP 150,SWIGGY,0.99,Broad Market
NIFTY MIDCAP 150,NAUKRI,0.97,Broad Market
NIFTY MIDCAP 150,NYKAA,0.93,Broad Market
NIFTY MIDCAP 150,SRF,0.93,Broad Market
NIFTY MIDCAP 150,HINDPETRO,0.92,Broad Market
NIFTY MIDCAP 150,APLAPOLLO,0.91,Broad Market
NIFTY MIDCAP 150,GLENMARK,0.91,Broad Market
NIFTY MIDCAP 150,UPL,0.91,Broad Market
NIFTY MIDCAP 150,GMRAIRPORT,0.88,Broad Market
NIFTY MIDCAP 150,YESBANK,0.88,Broad Market
NIFTY MIDCAP 150,VOLTAS,0.87,Broad Market
NIFTY MIDCAP 150,TORNTPOWER,0.84,Broad Market
NIFTY MIDCAP 150,WAAREEENER,0.84,Broad Market
NIFTY MIDCAP 150,PHOENIXLTD,0.83,Broad Market
NIFTY MIDCAP 150,HAVELLS,0.81,Broad Market
NIFTY MIDCAP 150,TIINDIA,0.81,Broad Market
NIFTY MIDCAP 150,ALKEM,0.8,Broad Market
NIFTY MIDCAP 150,INDIANB,0.8,Broad Market
NIFTY MIDCAP 150,NMDC,0.8,Broad Market
NIFTY MIDCAP 150,SUNDARMFIN,0.8,Broad Market
NIFTY MIDCAP 150,JSWENERGY,0.79,Broad Market
NIFTY MIDCAP 150,KEI,0.78,Broad Market
NIFTY MIDCAP 150,MPHASIS,0.76,Broad Market
NIFTY MIDCAP 150,COLPAL,0.71,Broad Market
NIFTY MIDCAP 150,ABCAPITAL,0.7,Broad Market
NIFTY MIDCAP 150,GODREJPROP,0.69,Broad Market
NIFTY MIDCAP 150,IDEA,0.69,Broad Market
NIFTY MIDCAP 150,360ONE,0.68,Broad Market
NIFTY MIDCAP 150,NHPC,0.68,Broad Market
NIFTY MIDCAP 150,OIL,0.68,Broad Market
NIFTY MIDCAP 150,SAIL,0.68,Broad Market
NIFTY MIDCAP 150,VMM,0.68,Broad Market
NIFTY MIDCAP 150,DABUR,0.67,Broad Market
NIFTY MIDCAP 150,MRF,0.67,Broad Market
NIFTY MIDCAP 150,RADICO,0.67,Broad Market
NIFTY MIDCAP 150,BIOCON,0.65,Broad Market
NIFTY MIDCAP 150,MANKIND,0.65,Broad Market
NIFTY MIDCAP 150,PIIND,0.64,Broad Market
NIFTY MIDCAP 150,BLUESTARCO,0.62,Broad Market
NIFTY MIDCAP 150,JSL,0.62,Broad Market
NIFTY MIDCAP 150,LTF,0.61,Broad Market
NIFTY MIDCAP 150,COROMANDEL,0.6,Broad Market
NIFTY MIDCAP 150,PAGEIND,0.6,Broad Market
NIFTY MIDCAP 150,PRESTIGE,0.6,Broad Market
NIFTY MIDCAP 150,SUPREMEIND,0.59,Broad Market
NIFTY MIDCAP 150,JKCEMENT,0.58,Broad Market
NIFTY MIDCAP 150,OFSS,0.58,Broad Market
NIFTY MIDCAP 150,LLOYDSME,0.56,Broad Market
NIFTY MIDCAP 150,IPCALAB,0.54,Broad Market
NIFTY MIDCAP 150,PETRONET,0.53,Broad Market
NIFTY MIDCAP 150,ICICIPRULI,0.52,Broad Market
NIFTY MIDCAP 150,M&MFIN,0.52,Broad Market
NIFTY MIDCAP 150,UNOMINDA,0.52,Broad Market
NIFTY MIDCAP 150,APARINDS,0.51,Broad Market
NIFTY MIDCAP 150,OBEROIRLTY,0.51,Broad Market
NIFTY MIDCAP 150,SBICARD,0.49,Broad Market
NIFTY MIDCAP 150,ASTRAL,0.48,Broad Market
NIFTY MIDCAP 150,JUBLFOOD,0.47,Broad Market
NIFTY MIDCAP 150,TATACOMM,0.47,Broad Market
NIFTY MIDCAP 150,ATGL,0.46,Broad Market
NIFTY MIDCAP 150,LICI,0.46,Broad Market
NIFTY MIDCAP 150,NAM-INDIA,0.46,Broad Market
NIFTY MIDCAP 150,ITCHOTELS,0.45,Broad Market
NIFTY MIDCAP 150,BALKRISIND,0.44,Broad Market
NIFTY MIDCAP 150,BANKINDIA,0.44,Broad Market
NIFTY MIDCAP 150,CONCOR,0.44,Broad Market
NIFTY MIDCAP 150,RVNL,0.44,Broad Market
NIFTY MIDCAP 150,SCHAEFFLER,0.43,Broad Market
NIFTY MIDCAP 150,LICHSGFIN,0.42,Broad Market
NIFTY MIDCAP 150,EXIDEIND,0.41,Broad Market
NIFTY MIDCAP 150,IRCTC,0.41,Broad Market
NIFTY MIDCAP 150,KALYANKJIL,0.4,Broad Market
NIFTY MIDCAP 150,LENSKART,0.4,Broad Market
NIFTY MIDCAP 150,MAHABANK,0.4,Broad Market
NIFTY MIDCAP 150,PATANJALI,0.4,Broad Market
NIFTY MIDCAP 150,AIAENG,0.39,Broad Market
NIFTY MIDCAP 150,DALBHARAT,0.39,Broad Market
NIFTY MIDCAP 150,THERMAX,0.39,Broad Market
NIFTY MIDCAP 150,LINDEINDIA,0.38,Broad Market
NIFTY MIDCAP 150,COCHINSHIP,0.36,Broad Market
NIFTY MIDCAP 150,FLUOROCHEM,0.36,Broad Market
NIFTY MIDCAP 150,TATAELXSI,0.36,Broad Market
NIFTY MIDCAP 150,APOLLOTYRE,0.35,Broad Market
NIFTY MIDCAP 150,LGEINDIA,0.35,Broad Market
NIFTY MIDCAP 150,ABBOTINDIA,0.34,Broad Market
NIFTY MIDCAP 150,GROWW,0.34,Broad Market
NIFTY MIDCAP 150,AIIL,0.33,Broad Market
NIFTY MIDCAP 150,BDL,0.33,Broad Market
NIFTY MIDCAP 150,BERGEPAINT,0.33,Broad Market
NIFTY MIDCAP 150,GICRE,0.31,Broad Market
NIFTY MIDCAP 150,MOTILALOFS,0.31,Broad Market
NIFTY MIDCAP 150,HDBFS,0.3,Broad Market
NIFTY MIDCAP 150,KPITTECH,0.3,Broad Market
NIFTY MIDCAP 150,PREMIERENE,0.3,Broad Market
NIFTY MIDCAP 150,AJANTPHARM,0.29,Broad Market
NIFTY MIDCAP 150,AWL,0.29,Broad Market
NIFTY MIDCAP 150,BHARTIHEXA,0.29,Broad Market
NIFTY MIDCAP 150,ICICIAMC,0.29,Broad Market
NIFTY MIDCAP 150,ESCORTS,0.28,Broad Market
NIFTY MIDCAP 150,IREDA,0.28,Broad Market
NIFTY MIDCAP 150,HUDCO,0.27,Broad Market
NIFTY MIDCAP 150,NTPCGREEN,0.27,Broad Market
NIFTY MIDCAP 150,UBL,0.27,Broad Market
NIFTY MIDCAP 150,CRISIL,0.26,Broad Market
NIFTY MIDCAP 150,KPRMILL,0.26,Broad Market
NIFTY MIDCAP 150,NLCINDIA,0.26,Broad Market
NIFTY MIDCAP 150,BAJAJHFL,0.25,Broad Market
NIFTY MIDCAP 150,GLAXO,0.25,Broad Market
NIFTY MIDCAP 150,LTTS,0.25,Broad Market
NIFTY MIDCAP 150,3MINDIA,0.24,Broad Market
NIFTY MIDCAP 150,MEDANTA,0.24,Broad Market
NIFTY MIDCAP 150,TATAINVEST,0.24,Broad Market
NIFTY MIDCAP 150,JSWINFRA,0.23,Broad Market
NIFTY MIDCAP 150,ACC,0.22,Broad Market
NIFTY MIDCAP 150,GODFRYPHLP,0.22,Broad Market
NIFTY MIDCAP 150,ENDURANCE,0.21,Broad Market
NIFTY MIDCAP 150,HEXT,0.17,Broad Market
NIFTY MIDCAP 150,HONAUT,0.17,Broad Market
NIFTY MIDCAP 150,SJVN,0.15,Broad Market
NIFTY MIDCAP 150,ANTHEM,0.12,Broad Market
NIFTY MIDCAP 150,GODREJIND,0.11,Broad Market
NIFTY MIDCAP 150,NIACL,0.1,Broad Market
NIFTY MNC,HINDUNILVR,16.02,Sector Indices
NIFTY MNC,MARUTI,13.34,Sector Indices
NIFTY MNC,VEDL,9.95,Sector Indices
NIFTY MNC,NESTLEIND,8.15,Sector Indices
NIFTY MNC,CUMMINSIND,5.59,Sector Indices
NIFTY MNC,BRITANNIA,5.27,Sector Indices
NIFTY MNC,ASHOKLEY,3.78,Sector Indices
NIFTY MNC,POWERINDIA,3.29,Sector Indices
NIFTY MNC,UNITDSPR,3.2,Sector Indices
NIFTY MNC,ABB,3.02,Sector Indices
NIFTY MNC,SIEMENS,2.67,Sector Indices
NIFTY MNC,BOSCHLTD,2.53,Sector Indices
NIFTY MNC,ENRIN,2.26,Sector Indices
NIFTY MNC,AMBUJACEM,2.21,Sector Indices
NIFTY MNC,COLPAL,2.21,Sector Indices
NIFTY MNC,HYUNDAI,2.05,Sector Indices
NIFTY MNC,OFSS,1.81,Sector Indices
NIFTY MNC,NAM-INDIA,1.44,Sector Indices
NIFTY MNC,SCHAEFFLER,1.36,Sector Indices
NIFTY MNC,LINDEINDIA,1.2,Sector Indices
NIFTY MNC,GLAND,1.1,Sector Indices
NIFTY MNC,ABBOTINDIA,1.05,Sector Indices
NIFTY MNC,TIMKEN,1.0,Sector Indices
NIFTY MNC,AWL,0.9,Sector Indices
NIFTY MNC,ESCORTS,0.87,Sector Indices
NIFTY MNC,UBL,0.84,Sector Indices
NIFTY MNC,CRISIL,0.82,Sector Indices
NIFTY MNC,3MINDIA,0.74,Sector Indices
NIFTY MNC,CASTROLIND,0.7,Sector Indices
NIFTY MNC,COHANCE,0.63,Sector Indices
NIFTY MOBILITY,RELIANCE,28.71,Thematic
NIFTY MOBILITY,TVSMOTOR,12.53,Thematic
NIFTY MOBILITY,M&M,8.41,Thematic
NIFTY MOBILITY,ETERNAL,5.68,Thematic
NIFTY MOBILITY,MARUTI,5.16,Thematic
NIFTY MOBILITY,ADANIPORTS,3.69,Thematic
NIFTY MOBILITY,BAJAJ-AUTO,3.21,Thematic
NIFTY MOBILITY,INDIGO,3.08,Thematic
NIFTY MOBILITY,EICHERMOT,2.97,Thematic
NIFTY MOBILITY,TMCV,2.67,Thematic
NIFTY MOBILITY,TMPV,2.24,Thematic
NIFTY MOBILITY,HEROMOTOCO,2.01,Thematic
NIFTY MOBILITY,BPCL,1.91,Thematic
NIFTY MOBILITY,MOTHERSON,1.7,Thematic
NIFTY MOBILITY,IOC,1.66,Thematic
NIFTY MOBILITY,BHARATFORG,1.55,Thematic
NIFTY MOBILITY,ASHOKLEY,1.46,Thematic
NIFTY MOBILITY,GAIL,1.36,Thematic
NIFTY MOBILITY,SWIGGY,1.19,Thematic
NIFTY MOBILITY,HINDPETRO,1.11,Thematic
NIFTY MOBILITY,GMRAIRPORT,1.07,Thematic
NIFTY MOBILITY,BOSCHLTD,0.98,Thematic
NIFTY MOBILITY,TIINDIA,0.98,Thematic
NIFTY MOBILITY,SONACOMS,0.83,Thematic
NIFTY MOBILITY,MRF,0.81,Thematic
NIFTY MOBILITY,HYUNDAI,0.79,Thematic
NIFTY MOBILITY,PETRONET,0.64,Thematic
NIFTY MOBILITY,BALKRISIND,0.54,Thematic
NIFTY MOBILITY,CONCOR,0.54,Thematic
NIFTY MOBILITY,IRCTC,0.5,Thematic
NIFTY MS FIN SERV,BSE,14.1,Factor-Based (Quality)
NIFTY MS FIN SERV,MCX,7.03,Factor-Based (Quality)
NIFTY MS FIN SERV,FEDERALBNK,6.81,Factor-Based (Quality)
NIFTY MS FIN SERV,INDUSINDBK,5.54,Factor-Based (Quality)
NIFTY MS FIN SERV,AUBANK,5.5,Factor-Based (Quality)
NIFTY MS FIN SERV,POLICYBZR,5.4,Factor-Based (Quality)
NIFTY MS FIN SERV,PAYTM,4.52,Factor-Based (Quality)
NIFTY MS FIN SERV,IDFCFIRSTB,4.34,Factor-Based (Quality)
NIFTY MS FIN SERV,ICICIGI,4.11,Factor-Based (Quality)
NIFTY MS FIN SERV,MFSL,4.06,Factor-Based (Quality)
NIFTY MS FIN SERV,YESBANK,3.33,Factor-Based (Quality)
NIFTY MS FIN SERV,INDIANB,3.02,Factor-Based (Quality)
NIFTY MS FIN SERV,ABCAPITAL,2.66,Factor-Based (Quality)
NIFTY MS FIN SERV,360ONE,2.57,Factor-Based (Quality)
NIFTY MS FIN SERV,LTF,2.32,Factor-Based (Quality)
NIFTY MS FIN SERV,CDSL,2.24,Factor-Based (Quality)
NIFTY MS FIN SERV,ANGELONE,1.97,Factor-Based (Quality)
NIFTY MS FIN SERV,ICICIPRULI,1.96,Factor-Based (Quality)
NIFTY MS FIN SERV,PNBHOUSING,1.87,Factor-Based (Quality)
NIFTY MS FIN SERV,SBICARD,1.85,Factor-Based (Quality)
NIFTY MS FIN SERV,RBLBANK,1.84,Factor-Based (Quality)
NIFTY MS FIN SERV,CAMS,1.75,Factor-Based (Quality)
NIFTY MS FIN SERV,LICI,1.73,Factor-Based (Quality)
NIFTY MS FIN SERV,BANKINDIA,1.67,Factor-Based (Quality)
NIFTY MS FIN SERV,LICHSGFIN,1.57,Factor-Based (Quality)
NIFTY MS FIN SERV,MANAPPURAM,1.53,Factor-Based (Quality)
NIFTY MS FIN SERV,BANDHANBNK,1.51,Factor-Based (Quality)
NIFTY MS FIN SERV,KFINTECH,1.21,Factor-Based (Quality)
NIFTY MS FIN SERV,HUDCO,1.02,Factor-Based (Quality)
NIFTY MS FIN SERV,IEX,0.95,Factor-Based (Quality)
NIFTY MS IND CONS,HEROMOTOCO,7.51,Factor-Based (Quality)
NIFTY MS IND CONS,FORTIS,5.67,Factor-Based (Quality)
NIFTY MS IND CONS,DIXON,5.33,Factor-Based (Quality)
NIFTY MS IND CONS,MARICO,4.68,Factor-Based (Quality)
NIFTY MS IND CONS,SWIGGY,4.45,Factor-Based (Quality)
NIFTY MS IND CONS,NAUKRI,4.39,Factor-Based (Quality)
NIFTY MS IND CONS,NYKAA,4.2,Factor-Based (Quality)
NIFTY MS IND CONS,VOLTAS,3.93,Factor-Based (Quality)
NIFTY MS IND CONS,TORNTPOWER,3.8,Factor-Based (Quality)
NIFTY MS IND CONS,PHOENIXLTD,3.76,Factor-Based (Quality)
NIFTY MS IND CONS,HAVELLS,3.65,Factor-Based (Quality)
NIFTY MS IND CONS,ALKEM,3.6,Factor-Based (Quality)
NIFTY MS IND CONS,COLPAL,3.19,Factor-Based (Quality)
NIFTY MS IND CONS,IDEA,3.13,Factor-Based (Quality)
NIFTY MS IND CONS,GODREJPROP,3.09,Factor-Based (Quality)
NIFTY MS IND CONS,VMM,3.07,Factor-Based (Quality)
NIFTY MS IND CONS,RADICO,3.03,Factor-Based (Quality)
NIFTY MS IND CONS,DABUR,3.02,Factor-Based (Quality)
NIFTY MS IND CONS,MANKIND,2.92,Factor-Based (Quality)
NIFTY MS IND CONS,BLUESTARCO,2.78,Factor-Based (Quality)
NIFTY MS IND CONS,PRESTIGE,2.7,Factor-Based (Quality)
NIFTY MS IND CONS,PAGEIND,2.69,Factor-Based (Quality)
NIFTY MS IND CONS,OBEROIRLTY,2.3,Factor-Based (Quality)
NIFTY MS IND CONS,JUBLFOOD,2.14,Factor-Based (Quality)
NIFTY MS IND CONS,ITCHOTELS,2.01,Factor-Based (Quality)
NIFTY MS IND CONS,CROMPTON,1.97,Factor-Based (Quality)
NIFTY MS IND CONS,IRCTC,1.87,Factor-Based (Quality)
NIFTY MS IND CONS,PATANJALI,1.83,Factor-Based (Quality)
NIFTY MS IND CONS,KALYANKJIL,1.81,Factor-Based (Quality)
NIFTY MS IND CONS,ABBOTINDIA,1.51,Factor-Based (Quality)
NIFTY MS IT TELCM,INDUSTOWER,14.73,Factor-Based (Quality)
NIFTY MS IT TELCM,PERSISTENT,14.36,Factor-Based (Quality)
NIFTY MS IT TELCM,COFORGE,11.13,Factor-Based (Quality)
NIFTY MS IT TELCM,MPHASIS,8.25,Factor-Based (Quality)
NIFTY MS IT TELCM,IDEA,7.54,Factor-Based (Quality)
NIFTY MS IT TELCM,OFSS,6.29,Factor-Based (Quality)
NIFTY MS IT TELCM,TATACOMM,5.15,Factor-Based (Quality)
NIFTY MS IT TELCM,TATAELXSI,3.92,Factor-Based (Quality)
NIFTY MS IT TELCM,KPITTECH,3.32,Factor-Based (Quality)
NIFTY MS IT TELCM,BHARTIHEXA,3.12,Factor-Based (Quality)
NIFTY MS IT TELCM,HFCL,3.01,Factor-Based (Quality)
NIFTY MS IT TELCM,LTTS,2.7,Factor-Based (Quality)
NIFTY MS IT TELCM,TATATECH,2.69,Factor-Based (Quality)
NIFTY MS IT TELCM,SAGILITY,2.62,Factor-Based (Quality)
NIFTY MS IT TELCM,AFFLE,2.48,Factor-Based (Quality)
NIFTY MS IT TELCM,CYIENT,2.0,Factor-Based (Quality)
NIFTY MS IT TELCM,HEXT,1.84,Factor-Based (Quality)
NIFTY MS IT TELCM,INTELLECT,1.81,Factor-Based (Quality)
NIFTY MS IT TELCM,ZENSARTECH,1.66,Factor-Based (Quality)
NIFTY MS IT TELCM,SONATSOFTW,1.38,Factor-Based (Quality)
NIFTY NEW CONSUMP,BHARTIARTL,15.82,Thematic
NIFTY NEW CONSUMP,TVSMOTOR,11.44,Thematic
NIFTY NEW CONSUMP,M&M,7.68,Thematic
NIFTY NEW CONSUMP,ETERNAL,5.18,Thematic
NIFTY NEW CONSUMP,TITAN,5.08,Thematic
NIFTY NEW CONSUMP,MARUTI,4.71,Thematic
NIFTY NEW CONSUMP,BAJAJ-AUTO,2.93,Thematic
NIFTY NEW CONSUMP,INDIGO,2.81,Thematic
NIFTY NEW CONSUMP,EICHERMOT,2.71,Thematic
NIFTY NEW CONSUMP,TRENT,2.64,Thematic
NIFTY NEW CONSUMP,TMPV,2.05,Thematic
NIFTY NEW CONSUMP,DMART,1.86,Thematic
NIFTY NEW CONSUMP,HEROMOTOCO,1.84,Thematic
NIFTY NEW CONSUMP,INDHOTEL,1.6,Thematic
NIFTY NEW CONSUMP,POLICYBZR,1.58,Thematic
NIFTY NEW CONSUMP,HDFCAMC,1.57,Thematic
NIFTY NEW CONSUMP,PAYTM,1.32,Thematic
NIFTY NEW CONSUMP,DIXON,1.3,Thematic
NIFTY NEW CONSUMP,SWIGGY,1.09,Thematic
NIFTY NEW CONSUMP,NAUKRI,1.07,Thematic
NIFTY NEW CONSUMP,DLF,1.05,Thematic
NIFTY NEW CONSUMP,NYKAA,1.03,Thematic
NIFTY NEW CONSUMP,VOLTAS,0.96,Thematic
NIFTY NEW CONSUMP,PHOENIXLTD,0.92,Thematic
NIFTY NEW CONSUMP,HAVELLS,0.89,Thematic
NIFTY NEW CONSUMP,IDEA,0.77,Thematic
NIFTY NEW CONSUMP,GODREJPROP,0.76,Thematic
NIFTY NEW CONSUMP,360ONE,0.75,Thematic
NIFTY NEW CONSUMP,VMM,0.75,Thematic
NIFTY NEW CONSUMP,HYUNDAI,0.73,Thematic
NIFTY NEW CONSUMP,LODHA,0.69,Thematic
NIFTY NEW CONSUMP,BLUESTARCO,0.68,Thematic
NIFTY NEW CONSUMP,PAGEIND,0.66,Thematic
NIFTY NEW CONSUMP,PRESTIGE,0.66,Thematic
NIFTY NEW CONSUMP,ANGELONE,0.58,Thematic
NIFTY NEW CONSUMP,OBEROIRLTY,0.56,Thematic
NIFTY NEW CONSUMP,JUBLFOOD,0.52,Thematic
NIFTY NEW CONSUMP,TATACOMM,0.52,Thematic
NIFTY NEW CONSUMP,NAM-INDIA,0.51,Thematic
NIFTY NEW CONSUMP,AMBER,0.5,Thematic
NIFTY NEW CONSUMP,ATHERENERG,0.49,Thematic
NIFTY NEW CONSUMP,ITCHOTELS,0.49,Thematic
NIFTY NEW CONSUMP,CROMPTON,0.48,Thematic
NIFTY NEW CONSUMP,IRCTC,0.46,Thematic
NIFTY NEW CONSUMP,KALYANKJIL,0.44,Thematic
NIFTY NEW CONSUMP,LENSKART,0.44,Thematic
NIFTY NEW CONSUMP,LGEINDIA,0.39,Thematic
NIFTY NEW CONSUMP,GROWW,0.38,Thematic
NIFTY NEW CONSUMP,MOTILALOFS,0.34,Thematic
NIFTY NEW CONSUMP,BHARTIHEXA,0.32,Thematic
NIFTY NEW CONSUMP,ICICIAMC,0.32,Thematic
NIFTY NEW CONSUMP,BRIGADE,0.31,Thematic
NIFTY NEW CONSUMP,NUVAMA,0.3,Thematic
NIFTY NEW CONSUMP,KPRMILL,0.29,Thematic
NIFTY NEW CONSUMP,FORCEMOT,0.28,Thematic
NIFTY NEW CONSUMP,PGEL,0.25,Thematic
NIFTY NEW CONSUMP,ZEEL,0.24,Thematic
NIFTY NEW CONSUMP,ABREL,0.22,Thematic
NIFTY NEW CONSUMP,ANANTRAJ,0.21,Thematic
NIFTY NEW CONSUMP,PVRINOX,0.21,Thematic
NIFTY NEW CONSUMP,WHIRLPOOL,0.21,Thematic
NIFTY NEW CONSUMP,CARTRADE,0.2,Thematic
NIFTY NEW CONSUMP,OLAELEC,0.2,Thematic
NIFTY NEW CONSUMP,EIHOTEL,0.18,Thematic
NIFTY NEW CONSUMP,INDIAMART,0.18,Thematic
NIFTY NEW CONSUMP,SOBHA,0.18,Thematic
NIFTY NEW CONSUMP,ABLBL,0.16,Thematic
NIFTY NEW CONSUMP,CHALET,0.16,Thematic
NIFTY NEW CONSUMP,LEMONTREE,0.16,Thematic
NIFTY NEW CONSUMP,FIRSTCRY,0.15,Thematic
NIFTY NEW CONSUMP,PWL,0.14,Thematic
NIFTY NEW CONSUMP,BATAINDIA,0.13,Thematic
NIFTY NEW CONSUMP,DEVYANI,0.13,Thematic
NIFTY NEW CONSUMP,SAPPHIRE,0.11,Thematic
NIFTY NEW CONSUMP,SAREGAMA,0.07,Thematic
NIFTY NEXT 50,TVSMOTOR,14.51,Broad Market
NIFTY NEXT 50,VEDL,4.46,Broad Market
NIFTY NEXT 50,ADANIPOWER,3.27,Broad Market
NIFTY NEXT 50,TMCV,3.09,Broad Market
NIFTY NEXT 50,HAL,2.92,Broad Market
NIFTY NEXT 50,DIVISLAB,2.9,Broad Market
NIFTY NEXT 50,TATAPOWER,2.73,Broad Market
NIFTY NEXT 50,CUMMINSIND,2.51,Broad Market
NIFTY NEXT 50,VBL,2.51,Broad Market
NIFTY NEXT 50,PFC,2.45,Broad Market
NIFTY NEXT 50,BRITANNIA,2.36,Broad Market
NIFTY NEXT 50,DMART,2.36,Broad Market
NIFTY NEXT 50,CHOLAFIN,2.32,Broad Market
NIFTY NEXT 50,BPCL,2.21,Broad Market
NIFTY NEXT 50,INDHOTEL,2.03,Broad Market
NIFTY NEXT 50,CGPOWER,2.01,Broad Market
NIFTY NEXT 50,HDFCAMC,1.99,Broad Market
NIFTY NEXT 50,MOTHERSON,1.97,Broad Market
NIFTY NEXT 50,IOC,1.92,Broad Market
NIFTY NEXT 50,ADANIENSOL,1.76,Broad Market
NIFTY NEXT 50,BANKBARODA,1.76,Broad Market
NIFTY NEXT 50,JINDALSTEL,1.66,Broad Market
NIFTY NEXT 50,RECLTD,1.65,Broad Market
NIFTY NEXT 50,CANBK,1.64,Broad Market
NIFTY NEXT 50,GAIL,1.58,Broad Market
NIFTY NEXT 50,BAJAJHLDNG,1.57,Broad Market
NIFTY NEXT 50,GODREJCP,1.56,Broad Market
NIFTY NEXT 50,TORNTPHARM,1.55,Broad Market
NIFTY NEXT 50,PIDILITIND,1.53,Broad Market
NIFTY NEXT 50,ADANIGREEN,1.48,Broad Market
NIFTY NEXT 50,LTM,1.43,Broad Market
NIFTY NEXT 50,UNITDSPR,1.43,Broad Market
NIFTY NEXT 50,PNB,1.36,Broad Market
NIFTY NEXT 50,ABB,1.35,Broad Market
NIFTY NEXT 50,DLF,1.33,Broad Market
NIFTY NEXT 50,MUTHOOTFIN,1.32,Broad Market
NIFTY NEXT 50,SOLARINDS,1.32,Broad Market
NIFTY NEXT 50,SIEMENS,1.2,Broad Market
NIFTY NEXT 50,SHREECEM,1.19,Broad Market
NIFTY NEXT 50,UNIONBANK,1.17,Broad Market
NIFTY NEXT 50,BOSCHLTD,1.13,Broad Market
NIFTY NEXT 50,ENRIN,1.01,Broad Market
NIFTY NEXT 50,AMBUJACEM,0.99,Broad Market
NIFTY NEXT 50,HINDZINC,0.94,Broad Market
NIFTY NEXT 50,HYUNDAI,0.92,Broad Market
NIFTY NEXT 50,LODHA,0.88,Broad Market
NIFTY NEXT 50,ZYDUSLIFE,0.81,Broad Market
NIFTY NEXT 50,IRFC,0.75,Broad Market
NIFTY NEXT 50,MAZDOCK,0.72,Broad Market
NIFTY NEXT 50,TATACAP,0.5,Broad Market
NIFTY NONCYC CONS,BHARTIARTL,21.1,Thematic
NIFTY NONCYC CONS,ITC,10.89,Thematic
NIFTY NONCYC CONS,HINDUNILVR,7.55,Thematic
NIFTY NONCYC CONS,ETERNAL,6.91,Thematic
NIFTY NONCYC CONS,TITAN,6.77,Thematic
NIFTY NONCYC CONS,ASIANPAINT,4.12,Thematic
NIFTY NONCYC CONS,NESTLEIND,3.84,Thematic
NIFTY NONCYC CONS,INDIGO,3.75,Thematic
NIFTY NONCYC CONS,TRENT,3.51,Thematic
NIFTY NONCYC CONS,TATACONSUM,2.77,Thematic
NIFTY NONCYC CONS,VBL,2.64,Thematic
NIFTY NONCYC CONS,BRITANNIA,2.48,Thematic
NIFTY NONCYC CONS,DMART,2.48,Thematic
NIFTY NONCYC CONS,INDHOTEL,2.13,Thematic
NIFTY NONCYC CONS,DIXON,1.74,Thematic
NIFTY NONCYC CONS,GODREJCP,1.64,Thematic
NIFTY NONCYC CONS,MARICO,1.53,Thematic
NIFTY NONCYC CONS,UNITDSPR,1.51,Thematic
NIFTY NONCYC CONS,SWIGGY,1.45,Thematic
NIFTY NONCYC CONS,NAUKRI,1.43,Thematic
NIFTY NONCYC CONS,NYKAA,1.37,Thematic
NIFTY NONCYC CONS,VOLTAS,1.28,Thematic
NIFTY NONCYC CONS,HAVELLS,1.19,Thematic
NIFTY NONCYC CONS,COLPAL,1.04,Thematic
NIFTY NONCYC CONS,VMM,1.0,Thematic
NIFTY NONCYC CONS,DABUR,0.99,Thematic
NIFTY NONCYC CONS,PAGEIND,0.88,Thematic
NIFTY NONCYC CONS,JUBLFOOD,0.7,Thematic
NIFTY NONCYC CONS,TATACOMM,0.7,Thematic
NIFTY NONCYC CONS,IRCTC,0.61,Thematic
NIFTY OIL AND GAS,RELIANCE,68.59,Sector Indices
NIFTY OIL AND GAS,ONGC,8.55,Sector Indices
NIFTY OIL AND GAS,BPCL,4.56,Sector Indices
NIFTY OIL AND GAS,IOC,3.97,Sector Indices
NIFTY OIL AND GAS,GAIL,3.26,Sector Indices
NIFTY OIL AND GAS,HINDPETRO,2.66,Sector Indices
NIFTY OIL AND GAS,OIL,1.98,Sector Indices
NIFTY OIL AND GAS,PETRONET,1.52,Sector Indices
NIFTY OIL AND GAS,ATGL,1.32,Sector Indices
NIFTY OIL AND GAS,IGL,0.85,Sector Indices
NIFTY OIL AND GAS,AEGISLOG,0.65,Sector Indices
NIFTY OIL AND GAS,CASTROLIND,0.65,Sector Indices
NIFTY OIL AND GAS,GSPL,0.59,Sector Indices
NIFTY OIL AND GAS,MGL,0.47,Sector Indices
NIFTY OIL AND GAS,CHENNPETRO,0.37,Sector Indices
NIFTY PHARMA,SUNPHARMA,21.88,Sector Indices
NIFTY PHARMA,DRREDDY,9.7,Sector Indices
NIFTY PHARMA,DIVISLAB,9.69,Sector Indices
NIFTY PHARMA,CIPLA,8.72,Sector Indices
NIFTY PHARMA,LUPIN,6.6,Sector Indices
NIFTY PHARMA,TORNTPHARM,5.17,Sector Indices
NIFTY PHARMA,LAURUSLABS,5.03,Sector Indices
NIFTY PHARMA,AUROPHARMA,4.71,Sector Indices
NIFTY PHARMA,GLENMARK,4.26,Sector Indices
NIFTY PHARMA,ALKEM,3.74,Sector Indices
NIFTY PHARMA,BIOCON,3.05,Sector Indices
NIFTY PHARMA,MANKIND,3.03,Sector Indices
NIFTY PHARMA,ZYDUSLIFE,2.7,Sector Indices
NIFTY PHARMA,IPCALAB,2.53,Sector Indices
NIFTY PHARMA,JBCHEPHARM,1.98,Sector Indices
NIFTY PHARMA,GLAND,1.65,Sector Indices
NIFTY PHARMA,ABBOTINDIA,1.57,Sector Indices
NIFTY PHARMA,WOCKPHARMA,1.38,Sector Indices
NIFTY PHARMA,AJANTPHARM,1.37,Sector Indices
NIFTY PHARMA,PPLPHARMA,1.21,Sector Indices
NIFTY PSE,NTPC,14.57,Sector Indices
NIFTY PSE,BEL,11.81,Sector Indices
NIFTY PSE,POWERGRID,10.93,Sector Indices
NIFTY PSE,ONGC,8.86,Sector Indices
NIFTY PSE,COALINDIA,8.01,Sector Indices
NIFTY PSE,HAL,6.23,Sector Indices
NIFTY PSE,PFC,5.23,Sector Indices
NIFTY PSE,BPCL,4.72,Sector Indices
NIFTY PSE,IOC,4.11,Sector Indices
NIFTY PSE,BHEL,3.91,Sector Indices
NIFTY PSE,RECLTD,3.52,Sector Indices
NIFTY PSE,GAIL,3.38,Sector Indices
NIFTY PSE,HINDPETRO,2.76,Sector Indices
NIFTY PSE,NMDC,2.38,Sector Indices
NIFTY PSE,OIL,2.05,Sector Indices
NIFTY PSE,NHPC,2.04,Sector Indices
NIFTY PSE,IRFC,1.6,Sector Indices
NIFTY PSE,CONCOR,1.33,Sector Indices
NIFTY PSE,RVNL,1.32,Sector Indices
NIFTY PSE,IRCTC,1.24,Sector Indices
NIFTY PSU BANK,SBIN,64.89,Sector Indices
NIFTY PSU BANK,BANKBARODA,7.13,Sector Indices
NIFTY PSU BANK,CANBK,6.62,Sector Indices
NIFTY PSU BANK,PNB,5.5,Sector Indices
NIFTY PSU BANK,UNIONBANK,4.73,Sector Indices
NIFTY PSU BANK,INDIANB,4.54,Sector Indices
NIFTY PSU BANK,BANKINDIA,2.51,Sector Indices
NIFTY PSU BANK,MAHABANK,2.27,Sector Indices
NIFTY PSU BANK,IOB,0.73,Sector Indices
NIFTY PSU BANK,CENTRALBK,0.5,Sector Indices
NIFTY PSU BANK,UCOBANK,0.43,Sector Indices
NIFTY PSU BANK,PSB,0.16,Sector Indices
NIFTY PVT BANK,HDFCBANK,39.74,Sector Indices
NIFTY PVT BANK,ICICIBANK,30.61,Sector Indices
NIFTY PVT BANK,AXISBANK,12.27,Sector Indices
NIFTY PVT BANK,KOTAKBANK,9.22,Sector Indices
NIFTY PVT BANK,FEDERALBNK,2.38,Sector Indices
NIFTY PVT BANK,INDUSINDBK,1.93,Sector Indices
NIFTY PVT BANK,IDFCFIRSTB,1.52,Sector Indices
NIFTY PVT BANK,YESBANK,1.16,Sector Indices
NIFTY PVT BANK,RBLBANK,0.64,Sector Indices
NIFTY PVT BANK,BANDHANBNK,0.53,Sector Indices
NIFTY RAILWAYSPSU,NTPC,26.04,Thematic
NIFTY RAILWAYSPSU,BEL,21.11,Thematic
NIFTY RAILWAYSPSU,ONGC,15.83,Thematic
NIFTY RAILWAYSPSU,BPCL,8.44,Thematic
NIFTY RAILWAYSPSU,BHEL,6.99,Thematic
NIFTY RAILWAYSPSU,HINDPETRO,4.92,Thematic
NIFTY RAILWAYSPSU,SAIL,3.63,Thematic
NIFTY RAILWAYSPSU,IRFC,2.85,Thematic
NIFTY RAILWAYSPSU,CONCOR,2.38,Thematic
NIFTY RAILWAYSPSU,RVNL,2.37,Thematic
NIFTY RAILWAYSPSU,IRCTC,2.21,Thematic
NIFTY RAILWAYSPSU,BEML,0.95,Thematic
NIFTY RAILWAYSPSU,IRCON,0.68,Thematic
NIFTY RAILWAYSPSU,MRPL,0.41,Thematic
NIFTY RAILWAYSPSU,RITES,0.4,Thematic
NIFTY RAILWAYSPSU,ITI,0.39,Thematic
NIFTY RAILWAYSPSU,RAILTEL,0.39,Thematic
NIFTY REALTY,DLF,18.9,Sector Indices
NIFTY REALTY,PHOENIXLTD,16.55,Sector Indices
NIFTY REALTY,GODREJPROP,13.62,Sector Indices
NIFTY REALTY,LODHA,12.43,Sector Indices
NIFTY REALTY,PRESTIGE,11.88,Sector Indices
NIFTY REALTY,OBEROIRLTY,10.12,Sector Indices
NIFTY REALTY,BRIGADE,5.56,Sector Indices
NIFTY REALTY,ABREL,3.96,Sector Indices
NIFTY REALTY,ANANTRAJ,3.78,Sector Indices
NIFTY REALTY,SOBHA,3.2,Sector Indices
NIFTY RURAL,BHARTIARTL,9.89,Thematic
NIFTY RURAL,SBIN,7.9,Thematic
NIFTY RURAL,TVSMOTOR,7.15,Thematic
NIFTY RURAL,ITC,5.1,Thematic
NIFTY RURAL,M&M,4.8,Thematic
NIFTY RURAL,BAJFINANCE,4.29,Thematic
NIFTY RURAL,HINDUNILVR,3.54,Thematic
NIFTY RURAL,NTPC,3.36,Thematic
NIFTY RURAL,MARUTI,2.94,Thematic
NIFTY RURAL,SHRIRAMFIN,2.9,Thematic
NIFTY RURAL,ULTRACEMCO,2.44,Thematic
NIFTY RURAL,ASIANPAINT,1.93,Thematic
NIFTY RURAL,GRASIM,1.84,Thematic
NIFTY RURAL,BAJAJ-AUTO,1.83,Thematic
NIFTY RURAL,NESTLEIND,1.8,Thematic
NIFTY RURAL,EICHERMOT,1.69,Thematic
NIFTY RURAL,ADANIPOWER,1.61,Thematic
NIFTY RURAL,TMCV,1.52,Thematic
NIFTY RURAL,SBILIFE,1.41,Thematic
NIFTY RURAL,TATAPOWER,1.35,Thematic
NIFTY RURAL,TATACONSUM,1.3,Thematic
NIFTY RURAL,TMPV,1.28,Thematic
NIFTY RURAL,CUMMINSIND,1.23,Thematic
NIFTY RURAL,BRITANNIA,1.16,Thematic
NIFTY RURAL,HEROMOTOCO,1.15,Thematic
NIFTY RURAL,CHOLAFIN,1.14,Thematic
NIFTY RURAL,HDFCLIFE,1.1,Thematic
NIFTY RURAL,BANKBARODA,0.87,Thematic
NIFTY RURAL,ASHOKLEY,0.84,Thematic
NIFTY RURAL,DIXON,0.82,Thematic
NIFTY RURAL,GODREJCP,0.77,Thematic
NIFTY RURAL,MFSL,0.74,Thematic
NIFTY RURAL,ADANIGREEN,0.73,Thematic
NIFTY RURAL,MARICO,0.72,Thematic
NIFTY RURAL,PNB,0.67,Thematic
NIFTY RURAL,MUTHOOTFIN,0.65,Thematic
NIFTY RURAL,UPL,0.63,Thematic
NIFTY RURAL,VOLTAS,0.6,Thematic
NIFTY RURAL,SHREECEM,0.59,Thematic
NIFTY RURAL,TORNTPOWER,0.58,Thematic
NIFTY RURAL,HAVELLS,0.56,Thematic
NIFTY RURAL,INDIANB,0.55,Thematic
NIFTY RURAL,SUNDARMFIN,0.55,Thematic
NIFTY RURAL,JSWENERGY,0.54,Thematic
NIFTY RURAL,AMBUJACEM,0.49,Thematic
NIFTY RURAL,COLPAL,0.49,Thematic
NIFTY RURAL,IDEA,0.48,Thematic
NIFTY RURAL,NHPC,0.47,Thematic
NIFTY RURAL,DABUR,0.46,Thematic
NIFTY RURAL,HYUNDAI,0.45,Thematic
NIFTY RURAL,PIIND,0.44,Thematic
NIFTY RURAL,BLUESTARCO,0.43,Thematic
NIFTY RURAL,LTF,0.42,Thematic
NIFTY RURAL,PIRAMALFIN,0.42,Thematic
NIFTY RURAL,COROMANDEL,0.41,Thematic
NIFTY RURAL,SUPREMEIND,0.41,Thematic
NIFTY RURAL,JKCEMENT,0.4,Thematic
NIFTY RURAL,ICICIPRULI,0.36,Thematic
NIFTY RURAL,M&MFIN,0.36,Thematic
NIFTY RURAL,PNBHOUSING,0.34,Thematic
NIFTY RURAL,SBICARD,0.34,Thematic
NIFTY RURAL,ASTRAL,0.33,Thematic
NIFTY RURAL,TATACOMM,0.33,Thematic
NIFTY RURAL,LICI,0.32,Thematic
NIFTY RURAL,BANKINDIA,0.31,Thematic
NIFTY RURAL,CROMPTON,0.3,Thematic
NIFTY RURAL,IRCTC,0.29,Thematic
NIFTY RURAL,LICHSGFIN,0.29,Thematic
NIFTY RURAL,BANDHANBNK,0.28,Thematic
NIFTY RURAL,PATANJALI,0.28,Thematic
NIFTY RURAL,DALBHARAT,0.27,Thematic
NIFTY RURAL,BERGEPAINT,0.23,Thematic
NIFTY RURAL,POONAWALLA,0.23,Thematic
NIFTY RURAL,ESCORTS,0.19,Thematic
NIFTY RURAL,ACC,0.15,Thematic
NIFTY SERV SECTOR,HDFCBANK,17.63,Sector Indices
NIFTY SERV SECTOR,ICICIBANK,13.58,Sector Indices
NIFTY SERV SECTOR,BHARTIARTL,8.36,Sector Indices
NIFTY SERV SECTOR,SBIN,6.68,Sector Indices
NIFTY SERV SECTOR,INFY,5.94,Sector Indices
NIFTY SERV SECTOR,AXISBANK,5.44,Sector Indices
NIFTY SERV SECTOR,KOTAKBANK,4.09,Sector Indices
NIFTY SERV SECTOR,TCS,3.68,Sector Indices
NIFTY SERV SECTOR,BAJFINANCE,3.62,Sector Indices
NIFTY SERV SECTOR,NTPC,2.84,Sector Indices
NIFTY SERV SECTOR,ETERNAL,2.74,Sector Indices
NIFTY SERV SECTOR,SHRIRAMFIN,2.45,Sector Indices
NIFTY SERV SECTOR,BSE,2.18,Sector Indices
NIFTY SERV SECTOR,POWERGRID,2.13,Sector Indices
NIFTY SERV SECTOR,HCLTECH,1.86,Sector Indices
NIFTY SERV SECTOR,ADANIPORTS,1.78,Sector Indices
NIFTY SERV SECTOR,BAJAJFINSV,1.51,Sector Indices
NIFTY SERV SECTOR,INDIGO,1.49,Sector Indices
NIFTY SERV SECTOR,TECHM,1.32,Sector Indices
NIFTY SERV SECTOR,JIOFIN,1.21,Sector Indices
NIFTY SERV SECTOR,SBILIFE,1.2,Sector Indices
NIFTY SERV SECTOR,APOLLOHOSP,1.17,Sector Indices
NIFTY SERV SECTOR,TATAPOWER,1.14,Sector Indices
NIFTY SERV SECTOR,MAXHEALTH,1.1,Sector Indices
NIFTY SERV SECTOR,DMART,0.98,Sector Indices
NIFTY SERV SECTOR,HDFCLIFE,0.93,Sector Indices
NIFTY SERV SECTOR,INDUSINDBK,0.86,Sector Indices
NIFTY SERV SECTOR,WIPRO,0.85,Sector Indices
NIFTY SERV SECTOR,GAIL,0.66,Sector Indices
NIFTY SERV SECTOR,NAUKRI,0.57,Sector Indices
NIFTY SMLCAP 100,KARURVYSYA,2.58,Broad Market
NIFTY SMLCAP 100,SONACOMS,2.51,Broad Market
NIFTY SMLCAP 100,DELHIVERY,2.42,Broad Market
NIFTY SMLCAP 100,NAVINFLUOR,2.26,Broad Market
NIFTY SMLCAP 100,PIRAMALFIN,2.25,Broad Market
NIFTY SMLCAP 100,CDSL,2.19,Broad Market
NIFTY SMLCAP 100,ANGELONE,1.92,Broad Market
NIFTY SMLCAP 100,CUB,1.85,Broad Market
NIFTY SMLCAP 100,PNBHOUSING,1.83,Broad Market
NIFTY SMLCAP 100,RBLBANK,1.8,Broad Market
NIFTY SMLCAP 100,CAMS,1.71,Broad Market
NIFTY SMLCAP 100,HINDCOPPER,1.7,Broad Market
NIFTY SMLCAP 100,AMBER,1.67,Broad Market
NIFTY SMLCAP 100,ASTERDM,1.66,Broad Market
NIFTY SMLCAP 100,ATHERENERG,1.65,Broad Market
NIFTY SMLCAP 100,CROMPTON,1.6,Broad Market
NIFTY SMLCAP 100,WELCORP,1.5,Broad Market
NIFTY SMLCAP 100,MANAPPURAM,1.49,Broad Market
NIFTY SMLCAP 100,BANDHANBNK,1.47,Broad Market
NIFTY SMLCAP 100,CHOLAHLDNG,1.43,Broad Market
NIFTY SMLCAP 100,ANANDRATHI,1.42,Broad Market
NIFTY SMLCAP 100,GESHIP,1.36,Broad Market
NIFTY SMLCAP 100,SAILIFE,1.33,Broad Market
NIFTY SMLCAP 100,GLAND,1.3,Broad Market
NIFTY SMLCAP 100,HSCL,1.24,Broad Market
NIFTY SMLCAP 100,KAYNES,1.2,Broad Market
NIFTY SMLCAP 100,POONAWALLA,1.2,Broad Market
NIFTY SMLCAP 100,KFINTECH,1.19,Broad Market
NIFTY SMLCAP 100,REDINGTON,1.19,Broad Market
NIFTY SMLCAP 100,NEULANDLAB,1.16,Broad Market
NIFTY SMLCAP 100,TATACHEM,1.16,Broad Market
NIFTY SMLCAP 100,NH,1.13,Broad Market
NIFTY SMLCAP 100,RAMCOCEM,1.13,Broad Market
NIFTY SMLCAP 100,CESC,1.12,Broad Market
NIFTY SMLCAP 100,DATAPATTNS,1.12,Broad Market
NIFTY SMLCAP 100,STARHEALTH,1.12,Broad Market
NIFTY SMLCAP 100,WOCKPHARMA,1.09,Broad Market
NIFTY SMLCAP 100,IGL,1.08,Broad Market
NIFTY SMLCAP 100,BRIGADE,1.03,Broad Market
NIFTY SMLCAP 100,ARE&M,1.02,Broad Market
NIFTY SMLCAP 100,LALPATHLAB,1.02,Broad Market
NIFTY SMLCAP 100,NUVAMA,0.99,Broad Market
NIFTY SMLCAP 100,AARTIIND,0.96,Broad Market
NIFTY SMLCAP 100,IIFL,0.95,Broad Market
NIFTY SMLCAP 100,PPLPHARMA,0.95,Broad Market
NIFTY SMLCAP 100,FORCEMOT,0.93,Broad Market
NIFTY SMLCAP 100,INOXWIND,0.93,Broad Market
NIFTY SMLCAP 100,NATCOPHARM,0.91,Broad Market
NIFTY SMLCAP 100,NBCC,0.91,Broad Market
NIFTY SMLCAP 100,TATATECH,0.91,Broad Market
NIFTY SMLCAP 100,FIVESTAR,0.9,Broad Market
NIFTY SMLCAP 100,SAGILITY,0.89,Broad Market
NIFTY SMLCAP 100,APTUS,0.85,Broad Market
NIFTY SMLCAP 100,AFFLE,0.84,Broad Market
NIFTY SMLCAP 100,HBLENGINE,0.84,Broad Market
NIFTY SMLCAP 100,PGEL,0.84,Broad Market
NIFTY SMLCAP 100,AEGISLOG,0.83,Broad Market
NIFTY SMLCAP 100,CASTROLIND,0.82,Broad Market
NIFTY SMLCAP 100,RPOWER,0.79,Broad Market
NIFTY SMLCAP 100,GRSE,0.78,Broad Market
NIFTY SMLCAP 100,SYNGENE,0.78,Broad Market
NIFTY SMLCAP 100,DEEPAKFERT,0.76,Broad Market
NIFTY SMLCAP 100,COHANCE,0.74,Broad Market
NIFTY SMLCAP 100,ABREL,0.73,Broad Market
NIFTY SMLCAP 100,WHIRLPOOL,0.71,Broad Market
NIFTY SMLCAP 100,ANANTRAJ,0.7,Broad Market
NIFTY SMLCAP 100,GPIL,0.7,Broad Market
NIFTY SMLCAP 100,IKS,0.7,Broad Market
NIFTY SMLCAP 100,KEC,0.69,Broad Market
NIFTY SMLCAP 100,OLAELEC,0.67,Broad Market
NIFTY SMLCAP 100,CGCL,0.66,Broad Market
NIFTY SMLCAP 100,BEML,0.65,Broad Market
NIFTY SMLCAP 100,CREDITACC,0.63,Broad Market
NIFTY SMLCAP 100,FSL,0.63,Broad Market
NIFTY SMLCAP 100,CHAMBLFERT,0.62,Broad Market
NIFTY SMLCAP 100,NETWEB,0.62,Broad Market
NIFTY SMLCAP 100,TRITURBINE,0.62,Broad Market
NIFTY SMLCAP 100,JYOTICNC,0.6,Broad Market
NIFTY SMLCAP 100,ZENSARTECH,0.56,Broad Market
NIFTY SMLCAP 100,GMDCLTD,0.55,Broad Market
NIFTY SMLCAP 100,SARDAEN,0.51,Broad Market
NIFTY SMLCAP 100,FIRSTCRY,0.5,Broad Market
NIFTY SMLCAP 100,JMFINANCIL,0.49,Broad Market
NIFTY SMLCAP 100,AFCONS,0.48,Broad Market
NIFTY SMLCAP 100,IRCON,0.47,Broad Market
NIFTY SMLCAP 100,MEESHO,0.47,Broad Market
NIFTY SMLCAP 100,PWL,0.46,Broad Market
NIFTY SMLCAP 100,SWANCORP,0.44,Broad Market
NIFTY SMLCAP 100,DEVYANI,0.42,Broad Market
NIFTY SMLCAP 100,TENNIND,0.41,Broad Market
NIFTY SMLCAP 100,IDBI,0.4,Broad Market
NIFTY SMLCAP 100,IFCI,0.37,Broad Market
NIFTY SMLCAP 100,PINELABS,0.34,Broad Market
NIFTY SMLCAP 100,BLS,0.32,Broad Market
NIFTY SMLCAP 100,SIGNATURE,0.31,Broad Market
NIFTY SMLCAP 100,JSWCEMENT,0.29,Broad Market
NIFTY SMLCAP 100,MRPL,0.29,Broad Market
NIFTY SMLCAP 100,URBANCO,0.28,Broad Market
NIFTY SMLCAP 100,ITI,0.27,Broad Market
NIFTY SMLCAP 100,JBMA,0.24,Broad Market
NIFTY SMLCAP 250,KARURVYSYA,1.39,Broad Market
NIFTY SMLCAP 250,SONACOMS,1.36,Broad Market
NIFTY SMLCAP 250,DELHIVERY,1.31,Broad Market
NIFTY SMLCAP 250,NAVINFLUOR,1.22,Broad Market
NIFTY SMLCAP 250,PIRAMALFIN,1.21,Broad Market
NIFTY SMLCAP 250,CDSL,1.18,Broad Market
NIFTY SMLCAP 250,ANGELONE,1.04,Broad Market
NIFTY SMLCAP 250,CUB,1.0,Broad Market
NIFTY SMLCAP 250,PNBHOUSING,0.99,Broad Market
NIFTY SMLCAP 250,RBLBANK,0.97,Broad Market
NIFTY SMLCAP 250,CAMS,0.92,Broad Market
NIFTY SMLCAP 250,HINDCOPPER,0.92,Broad Market
NIFTY SMLCAP 250,AMBER,0.9,Broad Market
NIFTY SMLCAP 250,ASTERDM,0.9,Broad Market
NIFTY SMLCAP 250,ATHERENERG,0.89,Broad Market
NIFTY SMLCAP 250,CROMPTON,0.87,Broad Market
NIFTY SMLCAP 250,JBCHEPHARM,0.84,Broad Market
NIFTY SMLCAP 250,KIMS,0.82,Broad Market
NIFTY SMLCAP 250,MANAPPURAM,0.81,Broad Market
NIFTY SMLCAP 250,WELCORP,0.81,Broad Market
NIFTY SMLCAP 250,BANDHANBNK,0.79,Broad Market
NIFTY SMLCAP 250,ANANDRATHI,0.77,Broad Market
NIFTY SMLCAP 250,CHOLAHLDNG,0.77,Broad Market
NIFTY SMLCAP 250,SAMMAANCAP,0.77,Broad Market
NIFTY SMLCAP 250,GESHIP,0.73,Broad Market
NIFTY SMLCAP 250,KIRLOSENG,0.72,Broad Market
NIFTY SMLCAP 250,SAILIFE,0.72,Broad Market
NIFTY SMLCAP 250,KPIL,0.71,Broad Market
NIFTY SMLCAP 250,GLAND,0.7,Broad Market
NIFTY SMLCAP 250,HSCL,0.67,Broad Market
NIFTY SMLCAP 250,KAYNES,0.65,Broad Market
NIFTY SMLCAP 250,POONAWALLA,0.65,Broad Market
NIFTY SMLCAP 250,ACUTAAS,0.64,Broad Market
NIFTY SMLCAP 250,KFINTECH,0.64,Broad Market
NIFTY SMLCAP 250,REDINGTON,0.64,Broad Market
NIFTY SMLCAP 250,TIMKEN,0.64,Broad Market
NIFTY SMLCAP 250,TATACHEM,0.63,Broad Market
NIFTY SMLCAP 250,NEULANDLAB,0.62,Broad Market
NIFTY SMLCAP 250,NH,0.61,Broad Market
NIFTY SMLCAP 250,RAMCOCEM,0.61,Broad Market
NIFTY SMLCAP 250,STARHEALTH,0.61,Broad Market
NIFTY SMLCAP 250,CESC,0.6,Broad Market
NIFTY SMLCAP 250,DATAPATTNS,0.6,Broad Market
NIFTY SMLCAP 250,ELGIEQUIP,0.59,Broad Market
NIFTY SMLCAP 250,IGL,0.59,Broad Market
NIFTY SMLCAP 250,WOCKPHARMA,0.59,Broad Market
NIFTY SMLCAP 250,DEEPAKNTR,0.58,Broad Market
NIFTY SMLCAP 250,BRIGADE,0.56,Broad Market
NIFTY SMLCAP 250,CARBORUNIV,0.56,Broad Market
NIFTY SMLCAP 250,ZFCVINDIA,0.56,Broad Market
NIFTY SMLCAP 250,ARE&M,0.55,Broad Market
NIFTY SMLCAP 250,ATUL,0.55,Broad Market
NIFTY SMLCAP 250,HFCL,0.55,Broad Market
NIFTY SMLCAP 250,LALPATHLAB,0.55,Broad Market
NIFTY SMLCAP 250,ASAHIINDIA,0.53,Broad Market
NIFTY SMLCAP 250,NUVAMA,0.53,Broad Market
NIFTY SMLCAP 250,AARTIIND,0.52,Broad Market
NIFTY SMLCAP 250,GRANULES,0.51,Broad Market
NIFTY SMLCAP 250,HOMEFIRST,0.51,Broad Market
NIFTY SMLCAP 250,IIFL,0.51,Broad Market
NIFTY SMLCAP 250,PPLPHARMA,0.51,Broad Market
NIFTY SMLCAP 250,FORCEMOT,0.5,Broad Market
NIFTY SMLCAP 250,IEX,0.5,Broad Market
NIFTY SMLCAP 250,INOXWIND,0.5,Broad Market
NIFTY SMLCAP 250,KAJARIACER,0.5,Broad Market
NIFTY SMLCAP 250,MSUMI,0.5,Broad Market
NIFTY SMLCAP 250,FIVESTAR,0.49,Broad Market
NIFTY SMLCAP 250,JPPOWER,0.49,Broad Market
NIFTY SMLCAP 250,NATCOPHARM,0.49,Broad Market
NIFTY SMLCAP 250,NBCC,0.49,Broad Market
NIFTY SMLCAP 250,ONESOURCE,0.49,Broad Market
NIFTY SMLCAP 250,TATATECH,0.49,Broad Market
NIFTY SMLCAP 250,PTCIL,0.48,Broad Market
NIFTY SMLCAP 250,SAGILITY,0.48,Broad Market
NIFTY SMLCAP 250,CRAFTSMAN,0.47,Broad Market
NIFTY SMLCAP 250,NAVA,0.47,Broad Market
NIFTY SMLCAP 250,APTUS,0.46,Broad Market
NIFTY SMLCAP 250,PGEL,0.46,Broad Market
NIFTY SMLCAP 250,AEGISLOG,0.45,Broad Market
NIFTY SMLCAP 250,AFFLE,0.45,Broad Market
NIFTY SMLCAP 250,CASTROLIND,0.45,Broad Market
NIFTY SMLCAP 250,EMAMILTD,0.45,Broad Market
NIFTY SMLCAP 250,HBLENGINE,0.45,Broad Market
NIFTY SMLCAP 250,EIDPARRY,0.43,Broad Market
NIFTY SMLCAP 250,IRB,0.43,Broad Market
NIFTY SMLCAP 250,RPOWER,0.43,Broad Market
NIFTY SMLCAP 250,ZEEL,0.43,Broad Market
NIFTY SMLCAP 250,GRSE,0.42,Broad Market
NIFTY SMLCAP 250,SYNGENE,0.42,Broad Market
NIFTY SMLCAP 250,USHAMART,0.42,Broad Market
NIFTY SMLCAP 250,DEEPAKFERT,0.41,Broad Market
NIFTY SMLCAP 250,ABREL,0.4,Broad Market
NIFTY SMLCAP 250,COHANCE,0.4,Broad Market
NIFTY SMLCAP 250,GSPL,0.4,Broad Market
NIFTY SMLCAP 250,ABSLAMC,0.39,Broad Market
NIFTY SMLCAP 250,CCL,0.39,Broad Market
NIFTY SMLCAP 250,ZENTEC,0.39,Broad Market
NIFTY SMLCAP 250,ANANTRAJ,0.38,Broad Market
NIFTY SMLCAP 250,FINCABLES,0.38,Broad Market
NIFTY SMLCAP 250,GODIGIT,0.38,Broad Market
NIFTY SMLCAP 250,GPIL,0.38,Broad Market
NIFTY SMLCAP 250,IKS,0.38,Broad Market
NIFTY SMLCAP 250,JUBLPHARMA,0.38,Broad Market
NIFTY SMLCAP 250,PVRINOX,0.38,Broad Market
NIFTY SMLCAP 250,WHIRLPOOL,0.38,Broad Market
NIFTY SMLCAP 250,CANFINHOME,0.37,Broad Market
NIFTY SMLCAP 250,CEATLTD,0.37,Broad Market
NIFTY SMLCAP 250,ERIS,0.37,Broad Market
NIFTY SMLCAP 250,KEC,0.37,Broad Market
NIFTY SMLCAP 250,SYRMA,0.37,Broad Market
NIFTY SMLCAP 250,CGCL,0.36,Broad Market
NIFTY SMLCAP 250,CYIENT,0.36,Broad Market
NIFTY SMLCAP 250,OLAELEC,0.36,Broad Market
NIFTY SMLCAP 250,PFIZER,0.36,Broad Market
NIFTY SMLCAP 250,BEML,0.35,Broad Market
NIFTY SMLCAP 250,CARTRADE,0.35,Broad Market
NIFTY SMLCAP 250,ENGINERSIN,0.35,Broad Market
NIFTY SMLCAP 250,CHAMBLFERT,0.34,Broad Market
NIFTY SMLCAP 250,CREDITACC,0.34,Broad Market
NIFTY SMLCAP 250,FSL,0.34,Broad Market
NIFTY SMLCAP 250,GILLETTE,0.34,Broad Market
NIFTY SMLCAP 250,NCC,0.34,Broad Market
NIFTY SMLCAP 250,SCHNEIDER,0.34,Broad Market
NIFTY SMLCAP 250,TRITURBINE,0.34,Broad Market
NIFTY SMLCAP 250,BAYERCROP,0.33,Broad Market
NIFTY SMLCAP 250,INTELLECT,0.33,Broad Market
NIFTY SMLCAP 250,JYOTICNC,0.33,Broad Market
NIFTY SMLCAP 250,NETWEB,0.33,Broad Market
NIFTY SMLCAP 250,BELRISE,0.32,Broad Market
NIFTY SMLCAP 250,EIHOTEL,0.32,Broad Market
NIFTY SMLCAP 250,GABRIEL,0.32,Broad Market
NIFTY SMLCAP 250,INDIAMART,0.32,Broad Market
NIFTY SMLCAP 250,MGL,0.32,Broad Market
NIFTY SMLCAP 250,SOBHA,0.32,Broad Market
NIFTY SMLCAP 250,TECHNOE,0.32,Broad Market
NIFTY SMLCAP 250,TITAGARH,0.32,Broad Market
NIFTY SMLCAP 250,BSOFT,0.31,Broad Market
NIFTY SMLCAP 250,RAINBOW,0.31,Broad Market
NIFTY SMLCAP 250,RKFORGE,0.31,Broad Market
NIFTY SMLCAP 250,SHYAMMETL,0.31,Broad Market
NIFTY SMLCAP 250,VTL,0.31,Broad Market
NIFTY SMLCAP 250,ECLERX,0.3,Broad Market
NIFTY SMLCAP 250,GMDCLTD,0.3,Broad Market
NIFTY SMLCAP 250,JUBLINGREA,0.3,Broad Market
NIFTY SMLCAP 250,LEMONTREE,0.3,Broad Market
NIFTY SMLCAP 250,ZENSARTECH,0.3,Broad Market
NIFTY SMLCAP 250,BALRAMCHIN,0.29,Broad Market
NIFTY SMLCAP 250,J&KBANK,0.29,Broad Market
NIFTY SMLCAP 250,LTFOODS,0.29,Broad Market
NIFTY SMLCAP 250,PARADEEP,0.29,Broad Market
NIFTY SMLCAP 250,POLYMED,0.29,Broad Market
NIFTY SMLCAP 250,SUNTV,0.29,Broad Market
NIFTY SMLCAP 250,ABLBL,0.28,Broad Market
NIFTY SMLCAP 250,CHALET,0.28,Broad Market
NIFTY SMLCAP 250,EMCURE,0.28,Broad Market
NIFTY SMLCAP 250,FACT,0.28,Broad Market
NIFTY SMLCAP 250,HEG,0.28,Broad Market
NIFTY SMLCAP 250,JINDALSAW,0.28,Broad Market
NIFTY SMLCAP 250,SARDAEN,0.28,Broad Market
NIFTY SMLCAP 250,AADHARHFC,0.27,Broad Market
NIFTY SMLCAP 250,AAVAS,0.27,Broad Market
NIFTY SMLCAP 250,CHOICEIN,0.27,Broad Market
NIFTY SMLCAP 250,FIRSTCRY,0.27,Broad Market
NIFTY SMLCAP 250,JMFINANCIL,0.27,Broad Market
NIFTY SMLCAP 250,SUMICHEM,0.27,Broad Market
NIFTY SMLCAP 250,VIJAYA,0.27,Broad Market
NIFTY SMLCAP 250,AFCONS,0.26,Broad Market
NIFTY SMLCAP 250,CHENNPETRO,0.26,Broad Market
NIFTY SMLCAP 250,GRAVITA,0.26,Broad Market
NIFTY SMLCAP 250,INDGN,0.26,Broad Market
NIFTY SMLCAP 250,IOB,0.26,Broad Market
NIFTY SMLCAP 250,JSWDULUX,0.26,Broad Market
NIFTY SMLCAP 250,MEESHO,0.26,Broad Market
NIFTY SMLCAP 250,OLECTRA,0.26,Broad Market
NIFTY SMLCAP 250,PCBL,0.26,Broad Market
NIFTY SMLCAP 250,RRKABEL,0.26,Broad Market
NIFTY SMLCAP 250,SCI,0.26,Broad Market
NIFTY SMLCAP 250,GRAPHITE,0.25,Broad Market
NIFTY SMLCAP 250,IRCON,0.25,Broad Market
NIFTY SMLCAP 250,JKTYRE,0.25,Broad Market
NIFTY SMLCAP 250,PWL,0.25,Broad Market
NIFTY SMLCAP 250,SONATSOFTW,0.25,Broad Market
NIFTY SMLCAP 250,HONASA,0.24,Broad Market
NIFTY SMLCAP 250,NIVABUPA,0.24,Broad Market
NIFTY SMLCAP 250,NSLNISP,0.24,Broad Market
NIFTY SMLCAP 250,SPLPETRO,0.24,Broad Market
NIFTY SMLCAP 250,SWANCORP,0.24,Broad Market
NIFTY SMLCAP 250,ZYDUSWELL,0.24,Broad Market
NIFTY SMLCAP 250,BATAINDIA,0.23,Broad Market
NIFTY SMLCAP 250,CPPLUS,0.23,Broad Market
NIFTY SMLCAP 250,DCMSHRIRAM,0.23,Broad Market
NIFTY SMLCAP 250,DEVYANI,0.23,Broad Market
NIFTY SMLCAP 250,BIKAJI,0.22,Broad Market
NIFTY SMLCAP 250,IDBI,0.22,Broad Market
NIFTY SMLCAP 250,TENNIND,0.22,Broad Market
NIFTY SMLCAP 250,DOMS,0.21,Broad Market
NIFTY SMLCAP 250,ELECON,0.21,Broad Market
NIFTY SMLCAP 250,MINDACORP,0.21,Broad Market
NIFTY SMLCAP 250,SAPPHIRE,0.21,Broad Market
NIFTY SMLCAP 250,TBOTEK,0.21,Broad Market
NIFTY SMLCAP 250,WELSPUNLIV,0.21,Broad Market
NIFTY SMLCAP 250,IFCI,0.2,Broad Market
NIFTY SMLCAP 250,JWL,0.2,Broad Market
NIFTY SMLCAP 250,SBFC,0.2,Broad Market
NIFTY SMLCAP 250,UTIAMC,0.2,Broad Market
NIFTY SMLCAP 250,ACE,0.19,Broad Market
NIFTY SMLCAP 250,CEMPRO,0.19,Broad Market
NIFTY SMLCAP 250,CLEAN,0.19,Broad Market
NIFTY SMLCAP 250,ANURAS,0.18,Broad Market
NIFTY SMLCAP 250,CENTRALBK,0.18,Broad Market
NIFTY SMLCAP 250,CONCORDBIO,0.18,Broad Market
NIFTY SMLCAP 250,IGIL,0.18,Broad Market
NIFTY SMLCAP 250,PINELABS,0.18,Broad Market
NIFTY SMLCAP 250,TARIL,0.18,Broad Market
NIFTY SMLCAP 250,BLS,0.17,Broad Market
NIFTY SMLCAP 250,CAPLIPOINT,0.17,Broad Market
NIFTY SMLCAP 250,SIGNATURE,0.17,Broad Market
NIFTY SMLCAP 250,TEJASNET,0.17,Broad Market
NIFTY SMLCAP 250,THELEELA,0.17,Broad Market
NIFTY SMLCAP 250,BLUEDART,0.16,Broad Market
NIFTY SMLCAP 250,JSWCEMENT,0.16,Broad Market
NIFTY SMLCAP 250,TRIDENT,0.16,Broad Market
NIFTY SMLCAP 250,ABDL,0.15,Broad Market
NIFTY SMLCAP 250,ABFRL,0.15,Broad Market
NIFTY SMLCAP 250,ACMESOLAR,0.15,Broad Market
NIFTY SMLCAP 250,ITI,0.15,Broad Market
NIFTY SMLCAP 250,MRPL,0.15,Broad Market
NIFTY SMLCAP 250,NEWGEN,0.15,Broad Market
NIFTY SMLCAP 250,NUVOCO,0.15,Broad Market
NIFTY SMLCAP 250,RITES,0.15,Broad Market
NIFTY SMLCAP 250,UCOBANK,0.15,Broad Market
NIFTY SMLCAP 250,URBANCO,0.15,Broad Market
NIFTY SMLCAP 250,AEGISVOPAK,0.14,Broad Market
NIFTY SMLCAP 250,CANHLIFE,0.14,Broad Market
NIFTY SMLCAP 250,EMMVEE,0.14,Broad Market
NIFTY SMLCAP 250,INDIACEM,0.14,Broad Market
NIFTY SMLCAP 250,RAILTEL,0.14,Broad Market
NIFTY SMLCAP 250,TEGA,0.14,Broad Market
NIFTY SMLCAP 250,BBTC,0.13,Broad Market
NIFTY SMLCAP 250,GALLANTT,0.13,Broad Market
NIFTY SMLCAP 250,JBMA,0.13,Broad Market
NIFTY SMLCAP 250,SAREGAMA,0.13,Broad Market
NIFTY SMLCAP 250,JAINREC,0.12,Broad Market
NIFTY SMLCAP 250,RHIM,0.12,Broad Market
NIFTY SMLCAP 250,TRAVELFOOD,0.12,Broad Market
NIFTY SMLCAP 250,LATENTVIEW,0.11,Broad Market
NIFTY SMLCAP 250,TTML,0.11,Broad Market
NIFTY SMLCAP 250,BLUEJET,0.08,Broad Market
NIFTY SMLCAP 250,MAPMYINDIA,0.08,Broad Market
NIFTY SMLCAP 250,MMTC,0.05,Broad Market
NIFTY TOTAL MKT,HDFCBANK,5.8,Broad Market
NIFTY TOTAL MKT,RELIANCE,4.56,Broad Market
NIFTY TOTAL MKT,ICICIBANK,4.47,Broad Market
NIFTY TOTAL MKT,BHARTIARTL,2.75,Broad Market
NIFTY TOTAL MKT,LT,2.3,Broad Market
NIFTY TOTAL MKT,SBIN,2.2,Broad Market
NIFTY TOTAL MKT,TVSMOTOR,1.99,Broad Market
NIFTY TOTAL MKT,INFY,1.95,Broad Market
NIFTY TOTAL MKT,AXISBANK,1.79,Broad Market
NIFTY TOTAL MKT,ITC,1.42,Broad Market
NIFTY TOTAL MKT,KOTAKBANK,1.34,Broad Market
NIFTY TOTAL MKT,M&M,1.33,Broad Market
NIFTY TOTAL MKT,TCS,1.21,Broad Market
NIFTY TOTAL MKT,BAJFINANCE,1.19,Broad Market
NIFTY TOTAL MKT,HINDUNILVR,0.98,Broad Market
NIFTY TOTAL MKT,NTPC,0.93,Broad Market
NIFTY TOTAL MKT,ETERNAL,0.9,Broad Market
NIFTY TOTAL MKT,SUNPHARMA,0.9,Broad Market
NIFTY TOTAL MKT,TITAN,0.88,Broad Market
NIFTY TOTAL MKT,TATASTEEL,0.86,Broad Market
NIFTY TOTAL MKT,MARUTI,0.82,Broad Market
NIFTY TOTAL MKT,SHRIRAMFIN,0.81,Broad Market
NIFTY TOTAL MKT,BEL,0.76,Broad Market
NIFTY TOTAL MKT,HINDALCO,0.75,Broad Market
NIFTY TOTAL MKT,BSE,0.72,Broad Market
NIFTY TOTAL MKT,POWERGRID,0.7,Broad Market
NIFTY TOTAL MKT,ULTRACEMCO,0.68,Broad Market
NIFTY TOTAL MKT,HCLTECH,0.61,Broad Market
NIFTY TOTAL MKT,VEDL,0.61,Broad Market
NIFTY TOTAL MKT,ADANIPORTS,0.59,Broad Market
NIFTY TOTAL MKT,JSWSTEEL,0.58,Broad Market
NIFTY TOTAL MKT,ONGC,0.57,Broad Market
NIFTY TOTAL MKT,ASIANPAINT,0.54,Broad Market
NIFTY TOTAL MKT,BAJAJ-AUTO,0.51,Broad Market
NIFTY TOTAL MKT,COALINDIA,0.51,Broad Market
NIFTY TOTAL MKT,GRASIM,0.51,Broad Market
NIFTY TOTAL MKT,BAJAJFINSV,0.5,Broad Market
NIFTY TOTAL MKT,NESTLEIND,0.5,Broad Market
NIFTY TOTAL MKT,INDIGO,0.49,Broad Market
NIFTY TOTAL MKT,EICHERMOT,0.47,Broad Market
NIFTY TOTAL MKT,TRENT,0.46,Broad Market
NIFTY TOTAL MKT,ADANIPOWER,0.45,Broad Market
NIFTY TOTAL MKT,TECHM,0.43,Broad Market
NIFTY TOTAL MKT,TMCV,0.42,Broad Market
NIFTY TOTAL MKT,DIVISLAB,0.4,Broad Market
NIFTY TOTAL MKT,DRREDDY,0.4,Broad Market
NIFTY TOTAL MKT,HAL,0.4,Broad Market
NIFTY TOTAL MKT,JIOFIN,0.4,Broad Market
NIFTY TOTAL MKT,APOLLOHOSP,0.39,Broad Market
NIFTY TOTAL MKT,SBILIFE,0.39,Broad Market
NIFTY TOTAL MKT,TATAPOWER,0.37,Broad Market
NIFTY TOTAL MKT,CIPLA,0.36,Broad Market
NIFTY TOTAL MKT,MAXHEALTH,0.36,Broad Market
NIFTY TOTAL MKT,MCX,0.36,Broad Market
NIFTY TOTAL MKT,TATACONSUM,0.36,Broad Market
NIFTY TOTAL MKT,TMPV,0.36,Broad Market
NIFTY TOTAL MKT,FEDERALBNK,0.35,Broad Market
NIFTY TOTAL MKT,ADANIENT,0.34,Broad Market
NIFTY TOTAL MKT,CUMMINSIND,0.34,Broad Market
NIFTY TOTAL MKT,PFC,0.34,Broad Market
NIFTY TOTAL MKT,SUZLON,0.34,Broad Market
NIFTY TOTAL MKT,VBL,0.34,Broad Market
NIFTY TOTAL MKT,BRITANNIA,0.32,Broad Market
NIFTY TOTAL MKT,CHOLAFIN,0.32,Broad Market
NIFTY TOTAL MKT,DMART,0.32,Broad Market
NIFTY TOTAL MKT,HEROMOTOCO,0.32,Broad Market
NIFTY TOTAL MKT,HDFCLIFE,0.31,Broad Market
NIFTY TOTAL MKT,BPCL,0.3,Broad Market
NIFTY TOTAL MKT,AUBANK,0.28,Broad Market
NIFTY TOTAL MKT,CGPOWER,0.28,Broad Market
NIFTY TOTAL MKT,INDHOTEL,0.28,Broad Market
NIFTY TOTAL MKT,INDUSINDBK,0.28,Broad Market
NIFTY TOTAL MKT,POLICYBZR,0.28,Broad Market
NIFTY TOTAL MKT,WIPRO,0.28,Broad Market
NIFTY TOTAL MKT,GVT&D,0.27,Broad Market
NIFTY TOTAL MKT,HDFCAMC,0.27,Broad Market
NIFTY TOTAL MKT,LUPIN,0.27,Broad Market
NIFTY TOTAL MKT,MOTHERSON,0.27,Broad Market
NIFTY TOTAL MKT,INDUSTOWER,0.26,Broad Market
NIFTY TOTAL MKT,IOC,0.26,Broad Market
NIFTY TOTAL MKT,BHARATFORG,0.25,Broad Market
NIFTY TOTAL MKT,BHEL,0.25,Broad Market
NIFTY TOTAL MKT,PERSISTENT,0.25,Broad Market
NIFTY TOTAL MKT,ADANIENSOL,0.24,Broad Market
NIFTY TOTAL MKT,BANKBARODA,0.24,Broad Market
NIFTY TOTAL MKT,FORTIS,0.24,Broad Market
NIFTY TOTAL MKT,ASHOKLEY,0.23,Broad Market
NIFTY TOTAL MKT,DIXON,0.23,Broad Market
NIFTY TOTAL MKT,JINDALSTEL,0.23,Broad Market
NIFTY TOTAL MKT,PAYTM,0.23,Broad Market
NIFTY TOTAL MKT,RECLTD,0.23,Broad Market
NIFTY TOTAL MKT,BAJAJHLDNG,0.22,Broad Market
NIFTY TOTAL MKT,CANBK,0.22,Broad Market
NIFTY TOTAL MKT,GAIL,0.22,Broad Market
NIFTY TOTAL MKT,IDFCFIRSTB,0.22,Broad Market
NIFTY TOTAL MKT,GODREJCP,0.21,Broad Market
NIFTY TOTAL MKT,ICICIGI,0.21,Broad Market
NIFTY TOTAL MKT,LAURUSLABS,0.21,Broad Market
NIFTY TOTAL MKT,MFSL,0.21,Broad Market
NIFTY TOTAL MKT,PIDILITIND,0.21,Broad Market
NIFTY TOTAL MKT,POLYCAB,0.21,Broad Market
NIFTY TOTAL MKT,TORNTPHARM,0.21,Broad Market
NIFTY TOTAL MKT,ADANIGREEN,0.2,Broad Market
NIFTY TOTAL MKT,COFORGE,0.2,Broad Market
NIFTY TOTAL MKT,LTM,0.2,Broad Market
NIFTY TOTAL MKT,MARICO,0.2,Broad Market
NIFTY TOTAL MKT,POWERINDIA,0.2,Broad Market
NIFTY TOTAL MKT,UNITDSPR,0.2,Broad Market
NIFTY TOTAL MKT,ABB,0.19,Broad Market
NIFTY TOTAL MKT,AUROPHARMA,0.19,Broad Market
NIFTY TOTAL MKT,NATIONALUM,0.19,Broad Market
NIFTY TOTAL MKT,NAUKRI,0.19,Broad Market
NIFTY TOTAL MKT,PNB,0.19,Broad Market
NIFTY TOTAL MKT,SWIGGY,0.19,Broad Market
NIFTY TOTAL MKT,APLAPOLLO,0.18,Broad Market
NIFTY TOTAL MKT,DLF,0.18,Broad Market
NIFTY TOTAL MKT,HINDPETRO,0.18,Broad Market
NIFTY TOTAL MKT,MUTHOOTFIN,0.18,Broad Market
NIFTY TOTAL MKT,NYKAA,0.18,Broad Market
NIFTY TOTAL MKT,SOLARINDS,0.18,Broad Market
NIFTY TOTAL MKT,SRF,0.18,Broad Market
NIFTY TOTAL MKT,UPL,0.18,Broad Market
NIFTY TOTAL MKT,GLENMARK,0.17,Broad Market
NIFTY TOTAL MKT,GMRAIRPORT,0.17,Broad Market
NIFTY TOTAL MKT,VOLTAS,0.17,Broad Market
NIFTY TOTAL MKT,YESBANK,0.17,Broad Market
NIFTY TOTAL MKT,BOSCHLTD,0.16,Broad Market
NIFTY TOTAL MKT,HAVELLS,0.16,Broad Market
NIFTY TOTAL MKT,PHOENIXLTD,0.16,Broad Market
NIFTY TOTAL MKT,SHREECEM,0.16,Broad Market
NIFTY TOTAL MKT,SIEMENS,0.16,Broad Market
NIFTY TOTAL MKT,TIINDIA,0.16,Broad Market
NIFTY TOTAL MKT,TORNTPOWER,0.16,Broad Market
NIFTY TOTAL MKT,UNIONBANK,0.16,Broad Market
NIFTY TOTAL MKT,WAAREEENER,0.16,Broad Market
NIFTY TOTAL MKT,ALKEM,0.15,Broad Market
NIFTY TOTAL MKT,INDIANB,0.15,Broad Market
NIFTY TOTAL MKT,JSWENERGY,0.15,Broad Market
NIFTY TOTAL MKT,KEI,0.15,Broad Market
NIFTY TOTAL MKT,MPHASIS,0.15,Broad Market
NIFTY TOTAL MKT,NMDC,0.15,Broad Market
NIFTY TOTAL MKT,SUNDARMFIN,0.15,Broad Market
NIFTY TOTAL MKT,ABCAPITAL,0.14,Broad Market
NIFTY TOTAL MKT,AMBUJACEM,0.14,Broad Market
NIFTY TOTAL MKT,COLPAL,0.14,Broad Market
NIFTY TOTAL MKT,ENRIN,0.14,Broad Market
NIFTY TOTAL MKT,360ONE,0.13,Broad Market
NIFTY TOTAL MKT,BIOCON,0.13,Broad Market
NIFTY TOTAL MKT,DABUR,0.13,Broad Market
NIFTY TOTAL MKT,DELHIVERY,0.13,Broad Market
NIFTY TOTAL MKT,GODREJPROP,0.13,Broad Market
NIFTY TOTAL MKT,HINDZINC,0.13,Broad Market
NIFTY TOTAL MKT,HYUNDAI,0.13,Broad Market
NIFTY TOTAL MKT,IDEA,0.13,Broad Market
NIFTY TOTAL MKT,KARURVYSYA,0.13,Broad Market
NIFTY TOTAL MKT,MRF,0.13,Broad Market
NIFTY TOTAL MKT,NHPC,0.13,Broad Market
NIFTY TOTAL MKT,OIL,0.13,Broad Market
NIFTY TOTAL MKT,RADICO,0.13,Broad Market
NIFTY TOTAL MKT,SAIL,0.13,Broad Market
NIFTY TOTAL MKT,SONACOMS,0.13,Broad Market
NIFTY TOTAL MKT,VMM,0.13,Broad Market
NIFTY TOTAL MKT,BLUESTARCO,0.12,Broad Market
NIFTY TOTAL MKT,COROMANDEL,0.12,Broad Market
NIFTY TOTAL MKT,JSL,0.12,Broad Market
NIFTY TOTAL MKT,LODHA,0.12,Broad Market
NIFTY TOTAL MKT,LTF,0.12,Broad Market
NIFTY TOTAL MKT,MANKIND,0.12,Broad Market
NIFTY TOTAL MKT,NAVINFLUOR,0.12,Broad Market
NIFTY TOTAL MKT,PIIND,0.12,Broad Market
NIFTY TOTAL MKT,PIRAMALFIN,0.12,Broad Market
NIFTY TOTAL MKT,CDSL,0.11,Broad Market
NIFTY TOTAL MKT,JKCEMENT,0.11,Broad Market
NIFTY TOTAL MKT,LLOYDSME,0.11,Broad Market
NIFTY TOTAL MKT,OFSS,0.11,Broad Market
NIFTY TOTAL MKT,PAGEIND,0.11,Broad Market
NIFTY TOTAL MKT,PRESTIGE,0.11,Broad Market
NIFTY TOTAL MKT,SUPREMEIND,0.11,Broad Market
NIFTY TOTAL MKT,ZYDUSLIFE,0.11,Broad Market
NIFTY TOTAL MKT,ANGELONE,0.1,Broad Market
NIFTY TOTAL MKT,APARINDS,0.1,Broad Market
NIFTY TOTAL MKT,CUB,0.1,Broad Market
NIFTY TOTAL MKT,ICICIPRULI,0.1,Broad Market
NIFTY TOTAL MKT,IPCALAB,0.1,Broad Market
NIFTY TOTAL MKT,IRFC,0.1,Broad Market
NIFTY TOTAL MKT,M&MFIN,0.1,Broad Market
NIFTY TOTAL MKT,MAZDOCK,0.1,Broad Market
NIFTY TOTAL MKT,OBEROIRLTY,0.1,Broad Market
NIFTY TOTAL MKT,PETRONET,0.1,Broad Market
NIFTY TOTAL MKT,PNBHOUSING,0.1,Broad Market
NIFTY TOTAL MKT,UNOMINDA,0.1,Broad Market
NIFTY TOTAL MKT,AMBER,0.09,Broad Market
NIFTY TOTAL MKT,ASTERDM,0.09,Broad Market
NIFTY TOTAL MKT,ASTRAL,0.09,Broad Market
NIFTY TOTAL MKT,ATGL,0.09,Broad Market
NIFTY TOTAL MKT,ATHERENERG,0.09,Broad Market
NIFTY TOTAL MKT,BALKRISIND,0.09,Broad Market
NIFTY TOTAL MKT,CAMS,0.09,Broad Market
NIFTY TOTAL MKT,CONCOR,0.09,Broad Market
NIFTY TOTAL MKT,HINDCOPPER,0.09,Broad Market
NIFTY TOTAL MKT,ITCHOTELS,0.09,Broad Market
NIFTY TOTAL MKT,JUBLFOOD,0.09,Broad Market
NIFTY TOTAL MKT,LICI,0.09,Broad Market
NIFTY TOTAL MKT,NAM-INDIA,0.09,Broad Market
NIFTY TOTAL MKT,RBLBANK,0.09,Broad Market
NIFTY TOTAL MKT,SBICARD,0.09,Broad Market
NIFTY TOTAL MKT,TATACOMM,0.09,Broad Market
NIFTY TOTAL MKT,BANDHANBNK,0.08,Broad Market
NIFTY TOTAL MKT,BANKINDIA,0.08,Broad Market
NIFTY TOTAL MKT,CROMPTON,0.08,Broad Market
NIFTY TOTAL MKT,EXIDEIND,0.08,Broad Market
NIFTY TOTAL MKT,IRCTC,0.08,Broad Market
NIFTY TOTAL MKT,JBCHEPHARM,0.08,Broad Market
NIFTY TOTAL MKT,KALYANKJIL,0.08,Broad Market
NIFTY TOTAL MKT,KIMS,0.08,Broad Market
NIFTY TOTAL MKT,LENSKART,0.08,Broad Market
NIFTY TOTAL MKT,LICHSGFIN,0.08,Broad Market
NIFTY TOTAL MKT,MAHABANK,0.08,Broad Market
NIFTY TOTAL MKT,MANAPPURAM,0.08,Broad Market
NIFTY TOTAL MKT,PATANJALI,0.08,Broad Market
NIFTY TOTAL MKT,RVNL,0.08,Broad Market
NIFTY TOTAL MKT,SCHAEFFLER,0.08,Broad Market
NIFTY TOTAL MKT,THERMAX,0.08,Broad Market
NIFTY TOTAL MKT,WELCORP,0.08,Broad Market
NIFTY TOTAL MKT,AIAENG,0.07,Broad Market
NIFTY TOTAL MKT,ANANDRATHI,0.07,Broad Market
NIFTY TOTAL MKT,APOLLOTYRE,0.07,Broad Market
NIFTY TOTAL MKT,CHOLAHLDNG,0.07,Broad Market
NIFTY TOTAL MKT,COCHINSHIP,0.07,Broad Market
NIFTY TOTAL MKT,DALBHARAT,0.07,Broad Market
NIFTY TOTAL MKT,FLUOROCHEM,0.07,Broad Market
NIFTY TOTAL MKT,GESHIP,0.07,Broad Market
NIFTY TOTAL MKT,GLAND,0.07,Broad Market
NIFTY TOTAL MKT,GROWW,0.07,Broad Market
NIFTY TOTAL MKT,KIRLOSENG,0.07,Broad Market
NIFTY TOTAL MKT,KPIL,0.07,Broad Market
NIFTY TOTAL MKT,LGEINDIA,0.07,Broad Market
NIFTY TOTAL MKT,LINDEINDIA,0.07,Broad Market
NIFTY TOTAL MKT,SAILIFE,0.07,Broad Market
NIFTY TOTAL MKT,SAMMAANCAP,0.07,Broad Market
NIFTY TOTAL MKT,TATACAP,0.07,Broad Market
NIFTY TOTAL MKT,TATAELXSI,0.07,Broad Market
NIFTY TOTAL MKT,ABBOTINDIA,0.06,Broad Market
NIFTY TOTAL MKT,ACUTAAS,0.06,Broad Market
NIFTY TOTAL MKT,AIIL,0.06,Broad Market
NIFTY TOTAL MKT,AJANTPHARM,0.06,Broad Market
NIFTY TOTAL MKT,AWL,0.06,Broad Market
NIFTY TOTAL MKT,BDL,0.06,Broad Market
NIFTY TOTAL MKT,BERGEPAINT,0.06,Broad Market
NIFTY TOTAL MKT,CESC,0.06,Broad Market
NIFTY TOTAL MKT,DATAPATTNS,0.06,Broad Market
NIFTY TOTAL MKT,DEEPAKNTR,0.06,Broad Market
NIFTY TOTAL MKT,ELGIEQUIP,0.06,Broad Market
NIFTY TOTAL MKT,GICRE,0.06,Broad Market
NIFTY TOTAL MKT,HDBFS,0.06,Broad Market
NIFTY TOTAL MKT,HSCL,0.06,Broad Market
NIFTY TOTAL MKT,ICICIAMC,0.06,Broad Market
NIFTY TOTAL MKT,IGL,0.06,Broad Market
NIFTY TOTAL MKT,KAYNES,0.06,Broad Market
NIFTY TOTAL MKT,KFINTECH,0.06,Broad Market
NIFTY TOTAL MKT,KPITTECH,0.06,Broad Market
NIFTY TOTAL MKT,MOTILALOFS,0.06,Broad Market
NIFTY TOTAL MKT,NEULANDLAB,0.06,Broad Market
NIFTY TOTAL MKT,NH,0.06,Broad Market
NIFTY TOTAL MKT,POONAWALLA,0.06,Broad Market
NIFTY TOTAL MKT,PREMIERENE,0.06,Broad Market
NIFTY TOTAL MKT,RAMCOCEM,0.06,Broad Market
NIFTY TOTAL MKT,REDINGTON,0.06,Broad Market
NIFTY TOTAL MKT,STARHEALTH,0.06,Broad Market
NIFTY TOTAL MKT,TATACHEM,0.06,Broad Market
NIFTY TOTAL MKT,TDPOWERSYS,0.06,Broad Market
NIFTY TOTAL MKT,TIMKEN,0.06,Broad Market
NIFTY TOTAL MKT,VOLTAMP,0.06,Broad Market
NIFTY TOTAL MKT,WOCKPHARMA,0.06,Broad Market
NIFTY TOTAL MKT,3MINDIA,0.05,Broad Market
NIFTY TOTAL MKT,AARTIIND,0.05,Broad Market
NIFTY TOTAL MKT,ARE&M,0.05,Broad Market
NIFTY TOTAL MKT,ASAHIINDIA,0.05,Broad Market
NIFTY TOTAL MKT,ASTRAMICRO,0.05,Broad Market
NIFTY TOTAL MKT,ATUL,0.05,Broad Market
NIFTY TOTAL MKT,BAJAJHFL,0.05,Broad Market
NIFTY TOTAL MKT,BHARTIHEXA,0.05,Broad Market
NIFTY TOTAL MKT,BRIGADE,0.05,Broad Market
NIFTY TOTAL MKT,CARBORUNIV,0.05,Broad Market
NIFTY TOTAL MKT,CRAFTSMAN,0.05,Broad Market
NIFTY TOTAL MKT,CRISIL,0.05,Broad Market
NIFTY TOTAL MKT,ESCORTS,0.05,Broad Market
NIFTY TOTAL MKT,FIVESTAR,0.05,Broad Market
NIFTY TOTAL MKT,FORCEMOT,0.05,Broad Market
NIFTY TOTAL MKT,GLAXO,0.05,Broad Market
NIFTY TOTAL MKT,GRANULES,0.05,Broad Market
NIFTY TOTAL MKT,HFCL,0.05,Broad Market
NIFTY TOTAL MKT,HOMEFIRST,0.05,Broad Market
NIFTY TOTAL MKT,HUDCO,0.05,Broad Market
NIFTY TOTAL MKT,IEX,0.05,Broad Market
NIFTY TOTAL MKT,IIFL,0.05,Broad Market
NIFTY TOTAL MKT,INOXWIND,0.05,Broad Market
NIFTY TOTAL MKT,IREDA,0.05,Broad Market
NIFTY TOTAL MKT,JPPOWER,0.05,Broad Market
NIFTY TOTAL MKT,KAJARIACER,0.05,Broad Market
NIFTY TOTAL MKT,KPRMILL,0.05,Broad Market
NIFTY TOTAL MKT,KTKBANK,0.05,Broad Market
NIFTY TOTAL MKT,LALPATHLAB,0.05,Broad Market
NIFTY TOTAL MKT,LTTS,0.05,Broad Market
NIFTY TOTAL MKT,MEDANTA,0.05,Broad Market
NIFTY TOTAL MKT,MSUMI,0.05,Broad Market
NIFTY TOTAL MKT,MTARTECH,0.05,Broad Market
NIFTY TOTAL MKT,NATCOPHARM,0.05,Broad Market
NIFTY TOTAL MKT,NAVA,0.05,Broad Market
NIFTY TOTAL MKT,NBCC,0.05,Broad Market
NIFTY TOTAL MKT,NLCINDIA,0.05,Broad Market
NIFTY TOTAL MKT,NTPCGREEN,0.05,Broad Market
NIFTY TOTAL MKT,NUVAMA,0.05,Broad Market
NIFTY TOTAL MKT,ONESOURCE,0.05,Broad Market
NIFTY TOTAL MKT,PPLPHARMA,0.05,Broad Market
NIFTY TOTAL MKT,PTCIL,0.05,Broad Market
NIFTY TOTAL MKT,SAGILITY,0.05,Broad Market
NIFTY TOTAL MKT,SANSERA,0.05,Broad Market
NIFTY TOTAL MKT,SOUTHBANK,0.05,Broad Market
NIFTY TOTAL MKT,TATAINVEST,0.05,Broad Market
NIFTY TOTAL MKT,TATATECH,0.05,Broad Market
NIFTY TOTAL MKT,UBL,0.05,Broad Market
NIFTY TOTAL MKT,UJJIVANSFB,0.05,Broad Market
NIFTY TOTAL MKT,ZFCVINDIA,0.05,Broad Market
NIFTY TOTAL MKT,ABREL,0.04,Broad Market
NIFTY TOTAL MKT,ABSLAMC,0.04,Broad Market
NIFTY TOTAL MKT,ACC,0.04,Broad Market
NIFTY TOTAL MKT,AEGISLOG,0.04,Broad Market
NIFTY TOTAL MKT,AFFLE,0.04,Broad Market
NIFTY TOTAL MKT,ANANTRAJ,0.04,Broad Market
NIFTY TOTAL MKT,APTUS,0.04,Broad Market
NIFTY TOTAL MKT,CANFINHOME,0.04,Broad Market
NIFTY TOTAL MKT,CASTROLIND,0.04,Broad Market
NIFTY TOTAL MKT,CCL,0.04,Broad Market
NIFTY TOTAL MKT,CEATLTD,0.04,Broad Market
NIFTY TOTAL MKT,COHANCE,0.04,Broad Market
NIFTY TOTAL MKT,CUPID,0.04,Broad Market
NIFTY TOTAL MKT,CYIENT,0.04,Broad Market
NIFTY TOTAL MKT,DEEPAKFERT,0.04,Broad Market
NIFTY TOTAL MKT,EDELWEISS,0.04,Broad Market
NIFTY TOTAL MKT,EIDPARRY,0.04,Broad Market
NIFTY TOTAL MKT,EMAMILTD,0.04,Broad Market
NIFTY TOTAL MKT,ENDURANCE,0.04,Broad Market
NIFTY TOTAL MKT,EQUITASBNK,0.04,Broad Market
NIFTY TOTAL MKT,ERIS,0.04,Broad Market
NIFTY TOTAL MKT,FINCABLES,0.04,Broad Market
NIFTY TOTAL MKT,GODFRYPHLP,0.04,Broad Market
NIFTY TOTAL MKT,GODIGIT,0.04,Broad Market
NIFTY TOTAL MKT,GPIL,0.04,Broad Market
NIFTY TOTAL MKT,GRSE,0.04,Broad Market
NIFTY TOTAL MKT,GSPL,0.04,Broad Market
NIFTY TOTAL MKT,HBLENGINE,0.04,Broad Market
NIFTY TOTAL MKT,IKS,0.04,Broad Market
NIFTY TOTAL MKT,IRB,0.04,Broad Market
NIFTY TOTAL MKT,JSWINFRA,0.04,Broad Market
NIFTY TOTAL MKT,JUBLPHARMA,0.04,Broad Market
NIFTY TOTAL MKT,KEC,0.04,Broad Market
NIFTY TOTAL MKT,PFIZER,0.04,Broad Market
NIFTY TOTAL MKT,PGEL,0.04,Broad Market
NIFTY TOTAL MKT,PVRINOX,0.04,Broad Market
NIFTY TOTAL MKT,RPOWER,0.04,Broad Market
NIFTY TOTAL MKT,STLTECH,0.04,Broad Market
NIFTY TOTAL MKT,SYNGENE,0.04,Broad Market
NIFTY TOTAL MKT,SYRMA,0.04,Broad Market
NIFTY TOTAL MKT,TMB,0.04,Broad Market
NIFTY TOTAL MKT,USHAMART,0.04,Broad Market
NIFTY TOTAL MKT,WHIRLPOOL,0.04,Broad Market
NIFTY TOTAL MKT,ZEEL,0.04,Broad Market
NIFTY TOTAL MKT,ZENTEC,0.04,Broad Market
NIFTY TOTAL MKT,AADHARHFC,0.03,Broad Market
NIFTY TOTAL MKT,AAVAS,0.03,Broad Market
NIFTY TOTAL MKT,ABLBL,0.03,Broad Market
NIFTY TOTAL MKT,AFCONS,0.03,Broad Market
NIFTY TOTAL MKT,ARVIND,0.03,Broad Market
NIFTY TOTAL MKT,AVANTIFEED,0.03,Broad Market
NIFTY TOTAL MKT,AZAD,0.03,Broad Market
NIFTY TOTAL MKT,BALRAMCHIN,0.03,Broad Market
NIFTY TOTAL MKT,BAYERCROP,0.03,Broad Market
NIFTY TOTAL MKT,BELRISE,0.03,Broad Market
NIFTY TOTAL MKT,BEML,0.03,Broad Market
NIFTY TOTAL MKT,BLACKBUCK,0.03,Broad Market
NIFTY TOTAL MKT,BSOFT,0.03,Broad Market
NIFTY TOTAL MKT,CARTRADE,0.03,Broad Market
NIFTY TOTAL MKT,CGCL,0.03,Broad Market
NIFTY TOTAL MKT,CHALET,0.03,Broad Market
NIFTY TOTAL MKT,CHAMBLFERT,0.03,Broad Market
NIFTY TOTAL MKT,CHOICEIN,0.03,Broad Market
NIFTY TOTAL MKT,CIEINDIA,0.03,Broad Market
NIFTY TOTAL MKT,CREDITACC,0.03,Broad Market
NIFTY TOTAL MKT,ECLERX,0.03,Broad Market
NIFTY TOTAL MKT,EIHOTEL,0.03,Broad Market
NIFTY TOTAL MKT,EMCURE,0.03,Broad Market
NIFTY TOTAL MKT,ENGINERSIN,0.03,Broad Market
NIFTY TOTAL MKT,FACT,0.03,Broad Market
NIFTY TOTAL MKT,FIRSTCRY,0.03,Broad Market
NIFTY TOTAL MKT,FSL,0.03,Broad Market
NIFTY TOTAL MKT,GABRIEL,0.03,Broad Market
NIFTY TOTAL MKT,GILLETTE,0.03,Broad Market
NIFTY TOTAL MKT,GMDCLTD,0.03,Broad Market
NIFTY TOTAL MKT,HEG,0.03,Broad Market
NIFTY TOTAL MKT,HEXT,0.03,Broad Market
NIFTY TOTAL MKT,HONAUT,0.03,Broad Market
NIFTY TOTAL MKT,INDIAMART,0.03,Broad Market
NIFTY TOTAL MKT,INTELLECT,0.03,Broad Market
NIFTY TOTAL MKT,J&KBANK,0.03,Broad Market
NIFTY TOTAL MKT,JINDALSAW,0.03,Broad Market
NIFTY TOTAL MKT,JMFINANCIL,0.03,Broad Market
NIFTY TOTAL MKT,JUBLINGREA,0.03,Broad Market
NIFTY TOTAL MKT,JYOTICNC,0.03,Broad Market
NIFTY TOTAL MKT,KIRLPNU,0.03,Broad Market
NIFTY TOTAL MKT,KSB,0.03,Broad Market
NIFTY TOTAL MKT,LEMONTREE,0.03,Broad Market
NIFTY TOTAL MKT,LTFOODS,0.03,Broad Market
NIFTY TOTAL MKT,MAHSCOOTER,0.03,Broad Market
NIFTY TOTAL MKT,MEDPLUS,0.03,Broad Market
NIFTY TOTAL MKT,MGL,0.03,Broad Market
NIFTY TOTAL MKT,NAZARA,0.03,Broad Market
NIFTY TOTAL MKT,NCC,0.03,Broad Market
NIFTY TOTAL MKT,NETWEB,0.03,Broad Market
NIFTY TOTAL MKT,OLAELEC,0.03,Broad Market
NIFTY TOTAL MKT,OLECTRA,0.03,Broad Market
NIFTY TOTAL MKT,PARADEEP,0.03,Broad Market
NIFTY TOTAL MKT,PCBL,0.03,Broad Market
NIFTY TOTAL MKT,POLYMED,0.03,Broad Market
NIFTY TOTAL MKT,RAINBOW,0.03,Broad Market
NIFTY TOTAL MKT,RELIGARE,0.03,Broad Market
NIFTY TOTAL MKT,RKFORGE,0.03,Broad Market
NIFTY TOTAL MKT,RRKABEL,0.03,Broad Market
NIFTY TOTAL MKT,SARDAEN,0.03,Broad Market
NIFTY TOTAL MKT,SCHNEIDER,0.03,Broad Market
NIFTY TOTAL MKT,SCI,0.03,Broad Market
NIFTY TOTAL MKT,SHAILY,0.03,Broad Market
NIFTY TOTAL MKT,SHRIPISTON,0.03,Broad Market
NIFTY TOTAL MKT,SHYAMMETL,0.03,Broad Market
NIFTY TOTAL MKT,SJVN,0.03,Broad Market
NIFTY TOTAL MKT,SKFINDUS,0.03,Broad Market
NIFTY TOTAL MKT,SOBHA,0.03,Broad Market
NIFTY TOTAL MKT,STAR,0.03,Broad Market
NIFTY TOTAL MKT,SUDARSCHEM,0.03,Broad Market
NIFTY TOTAL MKT,SUMICHEM,0.03,Broad Market
NIFTY TOTAL MKT,SUNTV,0.03,Broad Market
NIFTY TOTAL MKT,TECHNOE,0.03,Broad Market
NIFTY TOTAL MKT,TITAGARH,0.03,Broad Market
NIFTY TOTAL MKT,TRITURBINE,0.03,Broad Market
NIFTY TOTAL MKT,VGUARD,0.03,Broad Market
NIFTY TOTAL MKT,VIJAYA,0.03,Broad Market
NIFTY TOTAL MKT,VTL,0.03,Broad Market
NIFTY TOTAL MKT,WABAG,0.03,Broad Market
NIFTY TOTAL MKT,ZENSARTECH,0.03,Broad Market
NIFTY TOTAL MKT,AARTIPHARM,0.02,Broad Market
NIFTY TOTAL MKT,ACE,0.02,Broad Market
NIFTY TOTAL MKT,ACI,0.02,Broad Market
NIFTY TOTAL MKT,AETHER,0.02,Broad Market
NIFTY TOTAL MKT,AGARWALEYE,0.02,Broad Market
NIFTY TOTAL MKT,ANTHEM,0.02,Broad Market
NIFTY TOTAL MKT,ANURAS,0.02,Broad Market
NIFTY TOTAL MKT,APLLTD,0.02,Broad Market
NIFTY TOTAL MKT,APOLLO,0.02,Broad Market
NIFTY TOTAL MKT,ARVINDFASN,0.02,Broad Market
NIFTY TOTAL MKT,ASHAPURMIN,0.02,Broad Market
NIFTY TOTAL MKT,AVALON,0.02,Broad Market
NIFTY TOTAL MKT,AVL,0.02,Broad Market
NIFTY TOTAL MKT,AXISCADES,0.02,Broad Market
NIFTY TOTAL MKT,BATAINDIA,0.02,Broad Market
NIFTY TOTAL MKT,BBOX,0.02,Broad Market
NIFTY TOTAL MKT,BIKAJI,0.02,Broad Market
NIFTY TOTAL MKT,BLS,0.02,Broad Market
NIFTY TOTAL MKT,BLUEDART,0.02,Broad Market
NIFTY TOTAL MKT,CAPLIPOINT,0.02,Broad Market
NIFTY TOTAL MKT,CEMPRO,0.02,Broad Market
NIFTY TOTAL MKT,CENTRALBK,0.02,Broad Market
NIFTY TOTAL MKT,CENTURYPLY,0.02,Broad Market
NIFTY TOTAL MKT,CHENNPETRO,0.02,Broad Market
NIFTY TOTAL MKT,CLEAN,0.02,Broad Market
NIFTY TOTAL MKT,CMSINFO,0.02,Broad Market
NIFTY TOTAL MKT,CONCORDBIO,0.02,Broad Market
NIFTY TOTAL MKT,CPPLUS,0.02,Broad Market
NIFTY TOTAL MKT,CSBBANK,0.02,Broad Market
NIFTY TOTAL MKT,DCBBANK,0.02,Broad Market
NIFTY TOTAL MKT,DCMSHRIRAM,0.02,Broad Market
NIFTY TOTAL MKT,DEVYANI,0.02,Broad Market
NIFTY TOTAL MKT,DOMS,0.02,Broad Market
NIFTY TOTAL MKT,DYNAMATECH,0.02,Broad Market
NIFTY TOTAL MKT,ELECON,0.02,Broad Market
NIFTY TOTAL MKT,EPL,0.02,Broad Market
NIFTY TOTAL MKT,ETHOSLTD,0.02,Broad Market
NIFTY TOTAL MKT,EUREKAFORB,0.02,Broad Market
NIFTY TOTAL MKT,FINPIPE,0.02,Broad Market
NIFTY TOTAL MKT,GHCL,0.02,Broad Market
NIFTY TOTAL MKT,GMRP&UI,0.02,Broad Market
NIFTY TOTAL MKT,GNFC,0.02,Broad Market
NIFTY TOTAL MKT,GODREJIND,0.02,Broad Market
NIFTY TOTAL MKT,GOKEX,0.02,Broad Market
NIFTY TOTAL MKT,GPPL,0.02,Broad Market
NIFTY TOTAL MKT,GRAPHITE,0.02,Broad Market
NIFTY TOTAL MKT,GRAVITA,0.02,Broad Market
NIFTY TOTAL MKT,GRWRHITECH,0.02,Broad Market
NIFTY TOTAL MKT,GSFC,0.02,Broad Market
NIFTY TOTAL MKT,HCC,0.02,Broad Market
NIFTY TOTAL MKT,HCG,0.02,Broad Market
NIFTY TOTAL MKT,HONASA,0.02,Broad Market
NIFTY TOTAL MKT,IDBI,0.02,Broad Market
NIFTY TOTAL MKT,IFCI,0.02,Broad Market
NIFTY TOTAL MKT,IGIL,0.02,Broad Market
NIFTY TOTAL MKT,IIFLCAPS,0.02,Broad Market
NIFTY TOTAL MKT,INDGN,0.02,Broad Market
NIFTY TOTAL MKT,INDIASHLTR,0.02,Broad Market
NIFTY TOTAL MKT,INOXINDIA,0.02,Broad Market
NIFTY TOTAL MKT,IOB,0.02,Broad Market
NIFTY TOTAL MKT,IONEXCHANG,0.02,Broad Market
NIFTY TOTAL MKT,IRCON,0.02,Broad Market
NIFTY TOTAL MKT,IXIGO,0.02,Broad Market
NIFTY TOTAL MKT,JAYNECOIND,0.02,Broad Market
NIFTY TOTAL MKT,JKLAKSHMI,0.02,Broad Market
NIFTY TOTAL MKT,JKTYRE,0.02,Broad Market
NIFTY TOTAL MKT,JLHL,0.02,Broad Market
NIFTY TOTAL MKT,JSWCEMENT,0.02,Broad Market
NIFTY TOTAL MKT,JSWDULUX,0.02,Broad Market
NIFTY TOTAL MKT,JWL,0.02,Broad Market
NIFTY TOTAL MKT,JYOTHYLAB,0.02,Broad Market
NIFTY TOTAL MKT,KANSAINER,0.02,Broad Market
NIFTY TOTAL MKT,KIRLOSBROS,0.02,Broad Market
NIFTY TOTAL MKT,KPIGREEN,0.02,Broad Market
NIFTY TOTAL MKT,LLOYDSENGG,0.02,Broad Market
NIFTY TOTAL MKT,LLOYDSENT,0.02,Broad Market
NIFTY TOTAL MKT,LUMAXTECH,0.02,Broad Market
NIFTY TOTAL MKT,MANORAMA,0.02,Broad Market
NIFTY TOTAL MKT,MARKSANS,0.02,Broad Market
NIFTY TOTAL MKT,MEESHO,0.02,Broad Market
NIFTY TOTAL MKT,METROPOLIS,0.02,Broad Market
NIFTY TOTAL MKT,MINDACORP,0.02,Broad Market
NIFTY TOTAL MKT,NIACL,0.02,Broad Market
NIFTY TOTAL MKT,NIVABUPA,0.02,Broad Market
NIFTY TOTAL MKT,NSLNISP,0.02,Broad Market
NIFTY TOTAL MKT,PCJEWELLER,0.02,Broad Market
NIFTY TOTAL MKT,PINELABS,0.02,Broad Market
NIFTY TOTAL MKT,POWERMECH,0.02,Broad Market
NIFTY TOTAL MKT,PRAJIND,0.02,Broad Market
NIFTY TOTAL MKT,PRICOLLTD,0.02,Broad Market
NIFTY TOTAL MKT,PRIVISCL,0.02,Broad Market
NIFTY TOTAL MKT,PRUDENT,0.02,Broad Market
NIFTY TOTAL MKT,PTC,0.02,Broad Market
NIFTY TOTAL MKT,PWL,0.02,Broad Market
NIFTY TOTAL MKT,RATEGAIN,0.02,Broad Market
NIFTY TOTAL MKT,RBA,0.02,Broad Market
NIFTY TOTAL MKT,SAFARI,0.02,Broad Market
NIFTY TOTAL MKT,SAPPHIRE,0.02,Broad Market
NIFTY TOTAL MKT,SBFC,0.02,Broad Market
NIFTY TOTAL MKT,SHAKTIPUMP,0.02,Broad Market
NIFTY TOTAL MKT,SHILPAMED,0.02,Broad Market
NIFTY TOTAL MKT,SIGNATURE,0.02,Broad Market
NIFTY TOTAL MKT,SKFINDIA,0.02,Broad Market
NIFTY TOTAL MKT,SONATSOFTW,0.02,Broad Market
NIFTY TOTAL MKT,SPLPETRO,0.02,Broad Market
NIFTY TOTAL MKT,SWANCORP,0.02,Broad Market
NIFTY TOTAL MKT,TANLA,0.02,Broad Market
NIFTY TOTAL MKT,TARIL,0.02,Broad Market
NIFTY TOTAL MKT,TBOTEK,0.02,Broad Market
NIFTY TOTAL MKT,TEJASNET,0.02,Broad Market
NIFTY TOTAL MKT,TENNIND,0.02,Broad Market
NIFTY TOTAL MKT,THANGAMAYL,0.02,Broad Market
NIFTY TOTAL MKT,THELEELA,0.02,Broad Market
NIFTY TOTAL MKT,TI,0.02,Broad Market
NIFTY TOTAL MKT,TIMETECHNO,0.02,Broad Market
NIFTY TOTAL MKT,TRIDENT,0.02,Broad Market
NIFTY TOTAL MKT,TRIVENI,0.02,Broad Market
NIFTY TOTAL MKT,TSFINV,0.02,Broad Market
NIFTY TOTAL MKT,UTIAMC,0.02,Broad Market
NIFTY TOTAL MKT,V2RETAIL,0.02,Broad Market
NIFTY TOTAL MKT,VIYASH,0.02,Broad Market
NIFTY TOTAL MKT,WEBELSOLAR,0.02,Broad Market
NIFTY TOTAL MKT,WELSPUNLIV,0.02,Broad Market
NIFTY TOTAL MKT,WESTLIFE,0.02,Broad Market
NIFTY TOTAL MKT,YATHARTH,0.02,Broad Market
NIFTY TOTAL MKT,ZYDUSWELL,0.02,Broad Market
NIFTY TOTAL MKT,AARTIDRUGS,0.01,Broad Market
NIFTY TOTAL MKT,ABDL,0.01,Broad Market
NIFTY TOTAL MKT,ABFRL,0.01,Broad Market
NIFTY TOTAL MKT,ACMESOLAR,0.01,Broad Market
NIFTY TOTAL MKT,ADVENZYMES,0.01,Broad Market
NIFTY TOTAL MKT,AEGISVOPAK,0.01,Broad Market
NIFTY TOTAL MKT,AEQUS,0.01,Broad Market
NIFTY TOTAL MKT,AHLUCONT,0.01,Broad Market
NIFTY TOTAL MKT,AKUMS,0.01,Broad Market
NIFTY TOTAL MKT,ALIVUS,0.01,Broad Market
NIFTY TOTAL MKT,ALKYLAMINE,0.01,Broad Market
NIFTY TOTAL MKT,ALOKINDS,0.01,Broad Market
NIFTY TOTAL MKT,ANUP,0.01,Broad Market
NIFTY TOTAL MKT,ASHOKA,0.01,Broad Market
NIFTY TOTAL MKT,ASKAUTOLTD,0.01,Broad Market
NIFTY TOTAL MKT,ATLANTAELE,0.01,Broad Market
NIFTY TOTAL MKT,AURIONPRO,0.01,Broad Market
NIFTY TOTAL MKT,AWFIS,0.01,Broad Market
NIFTY TOTAL MKT,BAJAJELEC,0.01,Broad Market
NIFTY TOTAL MKT,BALAMINES,0.01,Broad Market
NIFTY TOTAL MKT,BALUFORGE,0.01,Broad Market
NIFTY TOTAL MKT,BANCOINDIA,0.01,Broad Market
NIFTY TOTAL MKT,BBTC,0.01,Broad Market
NIFTY TOTAL MKT,BECTORFOOD,0.01,Broad Market
NIFTY TOTAL MKT,BIRLACORPN,0.01,Broad Market
NIFTY TOTAL MKT,BLUEJET,0.01,Broad Market
NIFTY TOTAL MKT,BLUESTONE,0.01,Broad Market
NIFTY TOTAL MKT,BORORENEW,0.01,Broad Market
NIFTY TOTAL MKT,CAMPUS,0.01,Broad Market
NIFTY TOTAL MKT,CANHLIFE,0.01,Broad Market
NIFTY TOTAL MKT,CCAVENUE,0.01,Broad Market
NIFTY TOTAL MKT,CELLO,0.01,Broad Market
NIFTY TOTAL MKT,CERA,0.01,Broad Market
NIFTY TOTAL MKT,CIGNITITEC,0.01,Broad Market
NIFTY TOTAL MKT,CRAMC,0.01,Broad Market
NIFTY TOTAL MKT,DATAMATICS,0.01,Broad Market
NIFTY TOTAL MKT,DBL,0.01,Broad Market
NIFTY TOTAL MKT,DBREALTY,0.01,Broad Market
NIFTY TOTAL MKT,DIACABS,0.01,Broad Market
NIFTY TOTAL MKT,EIEL,0.01,Broad Market
NIFTY TOTAL MKT,ELECTCAST,0.01,Broad Market
NIFTY TOTAL MKT,EMIL,0.01,Broad Market
NIFTY TOTAL MKT,EMMVEE,0.01,Broad Market
NIFTY TOTAL MKT,ENTERO,0.01,Broad Market
NIFTY TOTAL MKT,FEDFINA,0.01,Broad Market
NIFTY TOTAL MKT,FIEMIND,0.01,Broad Market
NIFTY TOTAL MKT,GAEL,0.01,Broad Market
NIFTY TOTAL MKT,GALLANTT,0.01,Broad Market
NIFTY TOTAL MKT,GMMPFAUDLR,0.01,Broad Market
NIFTY TOTAL MKT,GODREJAGRO,0.01,Broad Market
NIFTY TOTAL MKT,GOKULAGRO,0.01,Broad Market
NIFTY TOTAL MKT,GREAVESCOT,0.01,Broad Market
NIFTY TOTAL MKT,HAPPSTMNDS,0.01,Broad Market
NIFTY TOTAL MKT,HEMIPROP,0.01,Broad Market
NIFTY TOTAL MKT,HERITGFOOD,0.01,Broad Market
NIFTY TOTAL MKT,HGINFRA,0.01,Broad Market
NIFTY TOTAL MKT,ICIL,0.01,Broad Market
NIFTY TOTAL MKT,IFBIND,0.01,Broad Market
NIFTY TOTAL MKT,IMFA,0.01,Broad Market
NIFTY TOTAL MKT,INDIACEM,0.01,Broad Market
NIFTY TOTAL MKT,INDIAGLYCO,0.01,Broad Market
NIFTY TOTAL MKT,INDIGOPNTS,0.01,Broad Market
NIFTY TOTAL MKT,INOXGREEN,0.01,Broad Market
NIFTY TOTAL MKT,ITI,0.01,Broad Market
NIFTY TOTAL MKT,JAIBALAJI,0.01,Broad Market
NIFTY TOTAL MKT,JAINREC,0.01,Broad Market
NIFTY TOTAL MKT,JAMNAAUTO,0.01,Broad Market
NIFTY TOTAL MKT,JBMA,0.01,Broad Market
NIFTY TOTAL MKT,JKPAPER,0.01,Broad Market
NIFTY TOTAL MKT,JSFB,0.01,Broad Market
NIFTY TOTAL MKT,JSLL,0.01,Broad Market
NIFTY TOTAL MKT,JUSTDIAL,0.01,Broad Market
NIFTY TOTAL MKT,KITEX,0.01,Broad Market
NIFTY TOTAL MKT,KNRCON,0.01,Broad Market
NIFTY TOTAL MKT,KRBL,0.01,Broad Market
NIFTY TOTAL MKT,KRN,0.01,Broad Market
NIFTY TOTAL MKT,KSCL,0.01,Broad Market
NIFTY TOTAL MKT,LATENTVIEW,0.01,Broad Market
NIFTY TOTAL MKT,LXCHEM,0.01,Broad Market
NIFTY TOTAL MKT,MAHSEAMLES,0.01,Broad Market
NIFTY TOTAL MKT,MANYAVAR,0.01,Broad Market
NIFTY TOTAL MKT,MAPMYINDIA,0.01,Broad Market
NIFTY TOTAL MKT,MASTEK,0.01,Broad Market
NIFTY TOTAL MKT,MIDHANI,0.01,Broad Market
NIFTY TOTAL MKT,MOIL,0.01,Broad Market
NIFTY TOTAL MKT,MRPL,0.01,Broad Market
NIFTY TOTAL MKT,MSTCLTD,0.01,Broad Market
NIFTY TOTAL MKT,NEOGEN,0.01,Broad Market
NIFTY TOTAL MKT,NESCO,0.01,Broad Market
NIFTY TOTAL MKT,NETWORK18,0.01,Broad Market
NIFTY TOTAL MKT,NEWGEN,0.01,Broad Market
NIFTY TOTAL MKT,NUVOCO,0.01,Broad Market
NIFTY TOTAL MKT,ORKLAINDIA,0.01,Broad Market
NIFTY TOTAL MKT,OSWALPUMPS,0.01,Broad Market
NIFTY TOTAL MKT,PARAS,0.01,Broad Market
NIFTY TOTAL MKT,PFOCUS,0.01,Broad Market
NIFTY TOTAL MKT,PGIL,0.01,Broad Market
NIFTY TOTAL MKT,PICCADIL,0.01,Broad Market
NIFTY TOTAL MKT,PNCINFRA,0.01,Broad Market
NIFTY TOTAL MKT,PNGJL,0.01,Broad Market
NIFTY TOTAL MKT,PRSMJOHNSN,0.01,Broad Market
NIFTY TOTAL MKT,PURVA,0.01,Broad Market
NIFTY TOTAL MKT,QPOWER,0.01,Broad Market
NIFTY TOTAL MKT,QUESS,0.01,Broad Market
NIFTY TOTAL MKT,RAILTEL,0.01,Broad Market
NIFTY TOTAL MKT,RAIN,0.01,Broad Market
NIFTY TOTAL MKT,RALLIS,0.01,Broad Market
NIFTY TOTAL MKT,RAYMONDLSL,0.01,Broad Market
NIFTY TOTAL MKT,RCF,0.01,Broad Market
NIFTY TOTAL MKT,REDTAPE,0.01,Broad Market
NIFTY TOTAL MKT,REFEX,0.01,Broad Market
NIFTY TOTAL MKT,RELAXO,0.01,Broad Market
NIFTY TOTAL MKT,RENUKA,0.01,Broad Market
NIFTY TOTAL MKT,RHIM,0.01,Broad Market
NIFTY TOTAL MKT,RITES,0.01,Broad Market
NIFTY TOTAL MKT,RTNINDIA,0.01,Broad Market
NIFTY TOTAL MKT,RTNPOWER,0.01,Broad Market
NIFTY TOTAL MKT,RUBICON,0.01,Broad Market
NIFTY TOTAL MKT,SAMHI,0.01,Broad Market
NIFTY TOTAL MKT,SANDUMA,0.01,Broad Market
NIFTY TOTAL MKT,SAREGAMA,0.01,Broad Market
NIFTY TOTAL MKT,SENCO,0.01,Broad Market
NIFTY TOTAL MKT,SFL,0.01,Broad Market
NIFTY TOTAL MKT,SHARDACROP,0.01,Broad Market
NIFTY TOTAL MKT,SHAREINDIA,0.01,Broad Market
NIFTY TOTAL MKT,SKIPPER,0.01,Broad Market
NIFTY TOTAL MKT,SKYGOLD,0.01,Broad Market
NIFTY TOTAL MKT,SMLMAH,0.01,Broad Market
NIFTY TOTAL MKT,SPARC,0.01,Broad Market
NIFTY TOTAL MKT,STARCEMENT,0.01,Broad Market
NIFTY TOTAL MKT,STYRENIX,0.01,Broad Market
NIFTY TOTAL MKT,SUBROS,0.01,Broad Market
NIFTY TOTAL MKT,SUDEEPPHRM,0.01,Broad Market
NIFTY TOTAL MKT,SUNTECK,0.01,Broad Market
NIFTY TOTAL MKT,SUPRIYA,0.01,Broad Market
NIFTY TOTAL MKT,SURYAROSNI,0.01,Broad Market
NIFTY TOTAL MKT,SWSOLAR,0.01,Broad Market
NIFTY TOTAL MKT,TARC,0.01,Broad Market
NIFTY TOTAL MKT,TEGA,0.01,Broad Market
NIFTY TOTAL MKT,TEXRAIL,0.01,Broad Market
NIFTY TOTAL MKT,THOMASCOOK,0.01,Broad Market
NIFTY TOTAL MKT,THYROCARE,0.01,Broad Market
NIFTY TOTAL MKT,TIPSMUSIC,0.01,Broad Market
NIFTY TOTAL MKT,TRANSRAILL,0.01,Broad Market
NIFTY TOTAL MKT,TRAVELFOOD,0.01,Broad Market
NIFTY TOTAL MKT,TTML,0.01,Broad Market
NIFTY TOTAL MKT,TVSSCS,0.01,Broad Market
NIFTY TOTAL MKT,UCOBANK,0.01,Broad Market
NIFTY TOTAL MKT,URBANCO,0.01,Broad Market
NIFTY TOTAL MKT,VAIBHAVGBL,0.01,Broad Market
NIFTY TOTAL MKT,VARROC,0.01,Broad Market
NIFTY TOTAL MKT,VIKRAMSOLR,0.01,Broad Market
NIFTY TOTAL MKT,VIPIND,0.01,Broad Market
NIFTY TOTAL MKT,VMART,0.01,Broad Market
NIFTY TOTAL MKT,WAAREERTL,0.01,Broad Market
NIFTY TOTAL MKT,WELENT,0.01,Broad Market
NIFTY TOTAL MKT,WEWORK,0.01,Broad Market
NIFTY TOTAL MKT,ZAGGLE,0.01,Broad Market
NIFTY TOTAL MKT,CAPILLARY,0.0,Broad Market
NIFTY TOTAL MKT,CORONA,0.0,Broad Market
NIFTY TOTAL MKT,CRIZAC,0.0,Broad Market
NIFTY TOTAL MKT,ELLEN,0.0,Broad Market
NIFTY TOTAL MKT,LOTUSDEV,0.0,Broad Market
NIFTY TOTAL MKT,MMTC,0.0,Broad Market
NIFTY TOTAL MKT,NFL,0.0,Broad Market
NIFTY TOTAL MKT,OPTIEMUS,0.0,Broad Market
NIFTY TOTAL MKT,ORIENTCEM,0.0,Broad Market
NIFTY TOTAL MKT,PARKHOSPS,0.0,Broad Market
NIFTY TOTAL MKT,ROUTE,0.0,Broad Market
NIFTY TOTAL MKT,SAATVIKGL,0.0,Broad Market
NIFTY TOTAL MKT,SMARTWORKS,0.0,Broad Market
NIFTY TOTAL MKT,STYL,0.0,Broad Market
NIFTY TOTAL MKT,UTLSOLAR,0.0,Broad Market
NIFTY TOTAL MKT,WAKEFIT,0.0,Broad Market
NIFTY TRANS LOGIS,TVSMOTOR,18.41,Thematic
NIFTY TRANS LOGIS,M&M,12.35,Thematic
NIFTY TRANS LOGIS,ETERNAL,8.34,Thematic
NIFTY TRANS LOGIS,MARUTI,7.58,Thematic
NIFTY TRANS LOGIS,ADANIPORTS,5.42,Thematic
NIFTY TRANS LOGIS,BAJAJ-AUTO,4.71,Thematic
NIFTY TRANS LOGIS,INDIGO,4.53,Thematic
NIFTY TRANS LOGIS,EICHERMOT,4.36,Thematic
NIFTY TRANS LOGIS,TMCV,3.92,Thematic
NIFTY TRANS LOGIS,TMPV,3.3,Thematic
NIFTY TRANS LOGIS,HEROMOTOCO,2.96,Thematic
NIFTY TRANS LOGIS,MOTHERSON,2.5,Thematic
NIFTY TRANS LOGIS,BHARATFORG,2.28,Thematic
NIFTY TRANS LOGIS,ASHOKLEY,2.15,Thematic
NIFTY TRANS LOGIS,SWIGGY,1.75,Thematic
NIFTY TRANS LOGIS,GMRAIRPORT,1.57,Thematic
NIFTY TRANS LOGIS,BOSCHLTD,1.44,Thematic
NIFTY TRANS LOGIS,TIINDIA,1.44,Thematic
NIFTY TRANS LOGIS,SONACOMS,1.21,Thematic
NIFTY TRANS LOGIS,MRF,1.18,Thematic
NIFTY TRANS LOGIS,DELHIVERY,1.17,Thematic
NIFTY TRANS LOGIS,HYUNDAI,1.17,Thematic
NIFTY TRANS LOGIS,MAZDOCK,0.92,Thematic
NIFTY TRANS LOGIS,UNOMINDA,0.92,Thematic
NIFTY TRANS LOGIS,BALKRISIND,0.79,Thematic
NIFTY TRANS LOGIS,CONCOR,0.79,Thematic
NIFTY TRANS LOGIS,SCHAEFFLER,0.77,Thematic
NIFTY TRANS LOGIS,IRCTC,0.74,Thematic
NIFTY TRANS LOGIS,EXIDEIND,0.73,Thematic
NIFTY TRANS LOGIS,APOLLOTYRE,0.61,Thematic
NIFTY100 QUALTY30,INFY,13.3,Factor-Based (Quality)
NIFTY100 QUALTY30,ITC,9.66,Factor-Based (Quality)
NIFTY100 QUALTY30,TCS,8.24,Factor-Based (Quality)
NIFTY100 QUALTY30,HINDUNILVR,6.69,Factor-Based (Quality)
NIFTY100 QUALTY30,MARUTI,5.57,Factor-Based (Quality)
NIFTY100 QUALTY30,BEL,5.15,Factor-Based (Quality)
NIFTY100 QUALTY30,HCLTECH,4.17,Factor-Based (Quality)
NIFTY100 QUALTY30,ASIANPAINT,3.66,Factor-Based (Quality)
NIFTY100 QUALTY30,COALINDIA,3.5,Factor-Based (Quality)
NIFTY100 QUALTY30,BAJAJ-AUTO,3.46,Factor-Based (Quality)
NIFTY100 QUALTY30,NESTLEIND,3.41,Factor-Based (Quality)
NIFTY100 QUALTY30,EICHERMOT,3.21,Factor-Based (Quality)
NIFTY100 QUALTY30,TECHM,2.95,Factor-Based (Quality)
NIFTY100 QUALTY30,HAL,2.72,Factor-Based (Quality)
NIFTY100 QUALTY30,DRREDDY,2.71,Factor-Based (Quality)
NIFTY100 QUALTY30,DIVISLAB,2.7,Factor-Based (Quality)
NIFTY100 QUALTY30,VBL,2.34,Factor-Based (Quality)
NIFTY100 QUALTY30,BRITANNIA,2.2,Factor-Based (Quality)
NIFTY100 QUALTY30,WIPRO,1.9,Factor-Based (Quality)
NIFTY100 QUALTY30,GODREJCP,1.45,Factor-Based (Quality)
NIFTY100 QUALTY30,PIDILITIND,1.43,Factor-Based (Quality)
NIFTY100 QUALTY30,UNITDSPR,1.34,Factor-Based (Quality)
NIFTY100 QUALTY30,LTM,1.33,Factor-Based (Quality)
NIFTY100 QUALTY30,ABB,1.26,Factor-Based (Quality)
NIFTY100 QUALTY30,SOLARINDS,1.23,Factor-Based (Quality)
NIFTY100 QUALTY30,BOSCHLTD,1.06,Factor-Based (Quality)
NIFTY100 QUALTY30,HAVELLS,1.06,Factor-Based (Quality)
NIFTY100 QUALTY30,HINDZINC,0.88,Factor-Based (Quality)
NIFTY100 QUALTY30,ZYDUSLIFE,0.75,Factor-Based (Quality)
NIFTY100 QUALTY30,MAZDOCK,0.67,Factor-Based (Quality)
NIFTY200 QUALTY30,INFY,15.14,Factor-Based (Quality)
NIFTY200 QUALTY30,ITC,11.0,Factor-Based (Quality)
NIFTY200 QUALTY30,TCS,9.39,Factor-Based (Quality)
NIFTY200 QUALTY30,HINDUNILVR,7.62,Factor-Based (Quality)
NIFTY200 QUALTY30,BEL,5.87,Factor-Based (Quality)
NIFTY200 QUALTY30,HCLTECH,4.75,Factor-Based (Quality)
NIFTY200 QUALTY30,ASIANPAINT,4.17,Factor-Based (Quality)
NIFTY200 QUALTY30,COALINDIA,3.98,Factor-Based (Quality)
NIFTY200 QUALTY30,BAJAJ-AUTO,3.94,Factor-Based (Quality)
NIFTY200 QUALTY30,NESTLEIND,3.88,Factor-Based (Quality)
NIFTY200 QUALTY30,HAL,3.1,Factor-Based (Quality)
NIFTY200 QUALTY30,CUMMINSIND,2.66,Factor-Based (Quality)
NIFTY200 QUALTY30,BRITANNIA,2.51,Factor-Based (Quality)
NIFTY200 QUALTY30,HEROMOTOCO,2.48,Factor-Based (Quality)
NIFTY200 QUALTY30,HDFCAMC,2.12,Factor-Based (Quality)
NIFTY200 QUALTY30,PERSISTENT,1.96,Factor-Based (Quality)
NIFTY200 QUALTY30,DIXON,1.76,Factor-Based (Quality)
NIFTY200 QUALTY30,POLYCAB,1.64,Factor-Based (Quality)
NIFTY200 QUALTY30,PIDILITIND,1.62,Factor-Based (Quality)
NIFTY200 QUALTY30,MARICO,1.54,Factor-Based (Quality)
NIFTY200 QUALTY30,LTM,1.51,Factor-Based (Quality)
NIFTY200 QUALTY30,HAVELLS,1.2,Factor-Based (Quality)
NIFTY200 QUALTY30,COLPAL,1.05,Factor-Based (Quality)
NIFTY200 QUALTY30,HINDZINC,1.0,Factor-Based (Quality)
NIFTY200 QUALTY30,PAGEIND,0.89,Factor-Based (Quality)
NIFTY200 QUALTY30,OFSS,0.86,Factor-Based (Quality)
NIFTY200 QUALTY30,MAZDOCK,0.77,Factor-Based (Quality)
NIFTY200 QUALTY30,IRCTC,0.62,Factor-Based (Quality)
NIFTY200 QUALTY30,TATAELXSI,0.53,Factor-Based (Quality)
NIFTY200 QUALTY30,KPITTECH,0.45,Factor-Based (Quality)
NIFTY200MOMENTM30,BHARTIARTL,16.04,Factor-Based (Momentum)
NIFTY200MOMENTM30,SBIN,12.81,Factor-Based (Momentum)
NIFTY200MOMENTM30,TVSMOTOR,11.6,Factor-Based (Momentum)
NIFTY200MOMENTM30,BAJFINANCE,6.95,Factor-Based (Momentum)
NIFTY200MOMENTM30,MARUTI,4.78,Factor-Based (Momentum)
NIFTY200MOMENTM30,SHRIRAMFIN,4.71,Factor-Based (Momentum)
NIFTY200MOMENTM30,HINDALCO,4.38,Factor-Based (Momentum)
NIFTY200MOMENTM30,BSE,4.19,Factor-Based (Momentum)
NIFTY200MOMENTM30,ASIANPAINT,3.14,Factor-Based (Momentum)
NIFTY200MOMENTM30,INDIGO,2.85,Factor-Based (Momentum)
NIFTY200MOMENTM30,EICHERMOT,2.75,Factor-Based (Momentum)
NIFTY200MOMENTM30,SBILIFE,2.29,Factor-Based (Momentum)
NIFTY200MOMENTM30,FEDERALBNK,2.02,Factor-Based (Momentum)
NIFTY200MOMENTM30,CUMMINSIND,2.0,Factor-Based (Momentum)
NIFTY200MOMENTM30,CHOLAFIN,1.86,Factor-Based (Momentum)
NIFTY200MOMENTM30,HEROMOTOCO,1.86,Factor-Based (Momentum)
NIFTY200MOMENTM30,AUBANK,1.63,Factor-Based (Momentum)
NIFTY200MOMENTM30,FORTIS,1.41,Factor-Based (Momentum)
NIFTY200MOMENTM30,ASHOKLEY,1.36,Factor-Based (Momentum)
NIFTY200MOMENTM30,PAYTM,1.34,Factor-Based (Momentum)
NIFTY200MOMENTM30,CANBK,1.31,Factor-Based (Momentum)
NIFTY200MOMENTM30,MFSL,1.21,Factor-Based (Momentum)
NIFTY200MOMENTM30,MUTHOOTFIN,1.06,Factor-Based (Momentum)
NIFTY200MOMENTM30,NYKAA,1.04,Factor-Based (Momentum)
NIFTY200MOMENTM30,GLENMARK,1.02,Factor-Based (Momentum)
NIFTY200MOMENTM30,UPL,1.02,Factor-Based (Momentum)
NIFTY200MOMENTM30,GMRAIRPORT,0.99,Factor-Based (Momentum)
NIFTY200MOMENTM30,INDIANB,0.9,Factor-Based (Momentum)
NIFTY200MOMENTM30,ABCAPITAL,0.79,Factor-Based (Momentum)
NIFTY200MOMENTM30,LTF,0.69,Factor-Based (Momentum)
NIFTY500 HEALTH,SUNPHARMA,14.51,Factor-Based (Quality)
NIFTY500 HEALTH,DIVISLAB,6.43,Factor-Based (Quality)
NIFTY500 HEALTH,DRREDDY,6.43,Factor-Based (Quality)
NIFTY500 HEALTH,APOLLOHOSP,6.24,Factor-Based (Quality)
NIFTY500 HEALTH,MAXHEALTH,5.85,Factor-Based (Quality)
NIFTY500 HEALTH,CIPLA,5.78,Factor-Based (Quality)
NIFTY500 HEALTH,LUPIN,4.38,Factor-Based (Quality)
NIFTY500 HEALTH,FORTIS,3.9,Factor-Based (Quality)
NIFTY500 HEALTH,TORNTPHARM,3.43,Factor-Based (Quality)
NIFTY500 HEALTH,LAURUSLABS,3.34,Factor-Based (Quality)
NIFTY500 HEALTH,AUROPHARMA,3.12,Factor-Based (Quality)
NIFTY500 HEALTH,GLENMARK,2.83,Factor-Based (Quality)
NIFTY500 HEALTH,ALKEM,2.48,Factor-Based (Quality)
NIFTY500 HEALTH,BIOCON,2.02,Factor-Based (Quality)
NIFTY500 HEALTH,MANKIND,2.01,Factor-Based (Quality)
NIFTY500 HEALTH,ZYDUSLIFE,1.79,Factor-Based (Quality)
NIFTY500 HEALTH,IPCALAB,1.68,Factor-Based (Quality)
NIFTY500 HEALTH,ASTERDM,1.4,Factor-Based (Quality)
NIFTY500 HEALTH,JBCHEPHARM,1.32,Factor-Based (Quality)
NIFTY500 HEALTH,KIMS,1.28,Factor-Based (Quality)
NIFTY500 HEALTH,SAILIFE,1.13,Factor-Based (Quality)
NIFTY500 HEALTH,GLAND,1.09,Factor-Based (Quality)
NIFTY500 HEALTH,ABBOTINDIA,1.04,Factor-Based (Quality)
NIFTY500 HEALTH,ACUTAAS,1.0,Factor-Based (Quality)
NIFTY500 HEALTH,NEULANDLAB,0.98,Factor-Based (Quality)
NIFTY500 HEALTH,NH,0.95,Factor-Based (Quality)
NIFTY500 HEALTH,WOCKPHARMA,0.92,Factor-Based (Quality)
NIFTY500 HEALTH,AJANTPHARM,0.91,Factor-Based (Quality)
NIFTY500 HEALTH,LALPATHLAB,0.86,Factor-Based (Quality)
NIFTY500 HEALTH,GRANULES,0.8,Factor-Based (Quality)
NIFTY500 HEALTH,PPLPHARMA,0.8,Factor-Based (Quality)
NIFTY500 HEALTH,GLAXO,0.78,Factor-Based (Quality)
NIFTY500 HEALTH,NATCOPHARM,0.77,Factor-Based (Quality)
NIFTY500 HEALTH,ONESOURCE,0.76,Factor-Based (Quality)
NIFTY500 HEALTH,MEDANTA,0.75,Factor-Based (Quality)
NIFTY500 HEALTH,SYNGENE,0.65,Factor-Based (Quality)
NIFTY500 HEALTH,COHANCE,0.62,Factor-Based (Quality)
NIFTY500 HEALTH,JUBLPHARMA,0.6,Factor-Based (Quality)
NIFTY500 HEALTH,ERIS,0.57,Factor-Based (Quality)
NIFTY500 HEALTH,PFIZER,0.57,Factor-Based (Quality)
NIFTY500 HEALTH,RAINBOW,0.49,Factor-Based (Quality)
NIFTY500 HEALTH,POLYMED,0.45,Factor-Based (Quality)
NIFTY500 HEALTH,EMCURE,0.43,Factor-Based (Quality)
NIFTY500 HEALTH,VIJAYA,0.42,Factor-Based (Quality)
NIFTY500 HEALTH,INDGN,0.4,Factor-Based (Quality)
NIFTY500 HEALTH,ANTHEM,0.38,Factor-Based (Quality)
NIFTY500 HEALTH,CONCORDBIO,0.28,Factor-Based (Quality)
NIFTY500 HEALTH,CAPLIPOINT,0.27,Factor-Based (Quality)
NIFTY500 HEALTH,BLUEJET,0.12,Factor-Based (Quality)
NIFTY500MOMENTM50,BHARTIARTL,15.28,Factor-Based (Momentum)
NIFTY500MOMENTM50,TVSMOTOR,11.05,Factor-Based (Momentum)
NIFTY500MOMENTM50,M&M,7.42,Factor-Based (Momentum)
NIFTY500MOMENTM50,BAJFINANCE,6.62,Factor-Based (Momentum)
NIFTY500MOMENTM50,MARUTI,4.55,Factor-Based (Momentum)
NIFTY500MOMENTM50,SHRIRAMFIN,4.49,Factor-Based (Momentum)
NIFTY500MOMENTM50,HINDALCO,4.17,Factor-Based (Momentum)
NIFTY500MOMENTM50,BSE,3.99,Factor-Based (Momentum)
NIFTY500MOMENTM50,ASIANPAINT,2.99,Factor-Based (Momentum)
NIFTY500MOMENTM50,INDIGO,2.72,Factor-Based (Momentum)
NIFTY500MOMENTM50,EICHERMOT,2.62,Factor-Based (Momentum)
NIFTY500MOMENTM50,MCX,1.99,Factor-Based (Momentum)
NIFTY500MOMENTM50,FEDERALBNK,1.93,Factor-Based (Momentum)
NIFTY500MOMENTM50,CUMMINSIND,1.91,Factor-Based (Momentum)
NIFTY500MOMENTM50,HEROMOTOCO,1.78,Factor-Based (Momentum)
NIFTY500MOMENTM50,CHOLAFIN,1.77,Factor-Based (Momentum)
NIFTY500MOMENTM50,AUBANK,1.56,Factor-Based (Momentum)
NIFTY500MOMENTM50,GVT&D,1.51,Factor-Based (Momentum)
NIFTY500MOMENTM50,FORTIS,1.34,Factor-Based (Momentum)
NIFTY500MOMENTM50,PAYTM,1.28,Factor-Based (Momentum)
NIFTY500MOMENTM50,CANBK,1.25,Factor-Based (Momentum)
NIFTY500MOMENTM50,LAURUSLABS,1.15,Factor-Based (Momentum)
NIFTY500MOMENTM50,MFSL,1.15,Factor-Based (Momentum)
NIFTY500MOMENTM50,POWERINDIA,1.12,Factor-Based (Momentum)
NIFTY500MOMENTM50,MUTHOOTFIN,1.01,Factor-Based (Momentum)
NIFTY500MOMENTM50,NYKAA,0.99,Factor-Based (Momentum)
NIFTY500MOMENTM50,UPL,0.98,Factor-Based (Momentum)
NIFTY500MOMENTM50,GLENMARK,0.97,Factor-Based (Momentum)
NIFTY500MOMENTM50,GMRAIRPORT,0.94,Factor-Based (Momentum)
NIFTY500MOMENTM50,INDIANB,0.85,Factor-Based (Momentum)
NIFTY500MOMENTM50,ABCAPITAL,0.75,Factor-Based (Momentum)
NIFTY500MOMENTM50,KARURVYSYA,0.75,Factor-Based (Momentum)
NIFTY500MOMENTM50,RADICO,0.72,Factor-Based (Momentum)
NIFTY500MOMENTM50,LTF,0.66,Factor-Based (Momentum)
NIFTY500MOMENTM50,NAVINFLUOR,0.66,Factor-Based (Momentum)
NIFTY500MOMENTM50,M&MFIN,0.56,Factor-Based (Momentum)
NIFTY500MOMENTM50,CUB,0.54,Factor-Based (Momentum)
NIFTY500MOMENTM50,RBLBANK,0.52,Factor-Based (Momentum)
NIFTY500MOMENTM50,ASTERDM,0.48,Factor-Based (Momentum)
NIFTY500MOMENTM50,MANAPPURAM,0.43,Factor-Based (Momentum)
NIFTY500MOMENTM50,ANANDRATHI,0.41,Factor-Based (Momentum)
NIFTY500MOMENTM50,NH,0.33,Factor-Based (Momentum)
NIFTY500MOMENTM50,ASAHIINDIA,0.28,Factor-Based (Momentum)
NIFTY500MOMENTM50,IIFL,0.28,Factor-Based (Momentum)
NIFTY500MOMENTM50,FORCEMOT,0.27,Factor-Based (Momentum)
NIFTY500MOMENTM50,PTCIL,0.26,Factor-Based (Momentum)
NIFTY500MOMENTM50,HBLENGINE,0.24,Factor-Based (Momentum)
NIFTY500MOMENTM50,SYRMA,0.2,Factor-Based (Momentum)
NIFTY500MOMENTM50,GMDCLTD,0.16,Factor-Based (Momentum)
NIFTY500MOMENTM50,CHOICEIN,0.14,Factor-Based (Momentum)
NIFTYM150MOMNTM50,BSE,7.91,Factor-Based (Momentum)
NIFTYM150MOMNTM50,FEDERALBNK,3.82,Factor-Based (Momentum)
NIFTYM150MOMNTM50,CUMMINSIND,3.78,Factor-Based (Momentum)
NIFTYM150MOMNTM50,HEROMOTOCO,3.52,Factor-Based (Momentum)
NIFTYM150MOMNTM50,AUBANK,3.09,Factor-Based (Momentum)
NIFTYM150MOMNTM50,HDFCAMC,3.01,Factor-Based (Momentum)
NIFTYM150MOMNTM50,GVT&D,3.0,Factor-Based (Momentum)
NIFTYM150MOMNTM50,LUPIN,2.98,Factor-Based (Momentum)
NIFTYM150MOMNTM50,INDUSTOWER,2.86,Factor-Based (Momentum)
NIFTYM150MOMNTM50,PERSISTENT,2.79,Factor-Based (Momentum)
NIFTYM150MOMNTM50,FORTIS,2.66,Factor-Based (Momentum)
NIFTYM150MOMNTM50,ASHOKLEY,2.56,Factor-Based (Momentum)
NIFTYM150MOMNTM50,PAYTM,2.53,Factor-Based (Momentum)
NIFTYM150MOMNTM50,IDFCFIRSTB,2.44,Factor-Based (Momentum)
NIFTYM150MOMNTM50,POLYCAB,2.33,Factor-Based (Momentum)
NIFTYM150MOMNTM50,MFSL,2.28,Factor-Based (Momentum)
NIFTYM150MOMNTM50,POWERINDIA,2.23,Factor-Based (Momentum)
NIFTYM150MOMNTM50,MARICO,2.2,Factor-Based (Momentum)
NIFTYM150MOMNTM50,COFORGE,2.16,Factor-Based (Momentum)
NIFTYM150MOMNTM50,NATIONALUM,2.12,Factor-Based (Momentum)
NIFTYM150MOMNTM50,MUTHOOTFIN,2.0,Factor-Based (Momentum)
NIFTYM150MOMNTM50,NYKAA,1.97,Factor-Based (Momentum)
NIFTYM150MOMNTM50,SRF,1.96,Factor-Based (Momentum)
NIFTYM150MOMNTM50,HINDPETRO,1.95,Factor-Based (Momentum)
NIFTYM150MOMNTM50,APLAPOLLO,1.94,Factor-Based (Momentum)
NIFTYM150MOMNTM50,GLENMARK,1.93,Factor-Based (Momentum)
NIFTYM150MOMNTM50,UPL,1.93,Factor-Based (Momentum)
NIFTYM150MOMNTM50,GMRAIRPORT,1.87,Factor-Based (Momentum)
NIFTYM150MOMNTM50,INDIANB,1.7,Factor-Based (Momentum)
NIFTYM150MOMNTM50,SUNDARMFIN,1.68,Factor-Based (Momentum)
NIFTYM150MOMNTM50,ABCAPITAL,1.49,Factor-Based (Momentum)
NIFTYM150MOMNTM50,IDEA,1.47,Factor-Based (Momentum)
NIFTYM150MOMNTM50,MRF,1.41,Factor-Based (Momentum)
NIFTYM150MOMNTM50,BIOCON,1.38,Factor-Based (Momentum)
NIFTYM150MOMNTM50,JSL,1.32,Factor-Based (Momentum)
NIFTYM150MOMNTM50,LTF,1.3,Factor-Based (Momentum)
NIFTYM150MOMNTM50,COROMANDEL,1.27,Factor-Based (Momentum)
NIFTYM150MOMNTM50,JKCEMENT,1.22,Factor-Based (Momentum)
NIFTYM150MOMNTM50,M&MFIN,1.11,Factor-Based (Momentum)
NIFTYM150MOMNTM50,UNOMINDA,1.09,Factor-Based (Momentum)
NIFTYM150MOMNTM50,SBICARD,1.04,Factor-Based (Momentum)
NIFTYM150MOMNTM50,NAM-INDIA,0.98,Factor-Based (Momentum)
NIFTYM150MOMNTM50,BANKINDIA,0.94,Factor-Based (Momentum)
NIFTYM150MOMNTM50,AIAENG,0.83,Factor-Based (Momentum)
NIFTYM150MOMNTM50,DALBHARAT,0.82,Factor-Based (Momentum)
NIFTYM150MOMNTM50,ABBOTINDIA,0.71,Factor-Based (Momentum)
NIFTYM150MOMNTM50,BERGEPAINT,0.7,Factor-Based (Momentum)
NIFTYM150MOMNTM50,IGL,0.62,Factor-Based (Momentum)
NIFTYM150MOMNTM50,BHARTIHEXA,0.61,Factor-Based (Momentum)
NIFTYM150MOMNTM50,3MINDIA,0.5,Factor-Based (Momentum)
NIFTY SMALLCAP 100,KARURVYSYA,2.58,Broad Market
NIFTY SMALLCAP 100,SONACOMS,2.51,Broad Market
NIFTY SMALLCAP 100,DELHIVERY,2.42,Broad Market
NIFTY SMALLCAP 100,NAVINFLUOR,2.26,Broad Market
NIFTY SMALLCAP 100,PIRAMALFIN,2.25,Broad Market
NIFTY SMALLCAP 100,CDSL,2.19,Broad Market
NIFTY SMALLCAP 100,ANGELONE,1.92,Broad Market
NIFTY SMALLCAP 100,CUB,1.85,Broad Market
NIFTY SMALLCAP 100,PNBHOUSING,1.83,Broad Market
NIFTY SMALLCAP 100,RBLBANK,1.8,Broad Market
NIFTY SMALLCAP 100,CAMS,1.71,Broad Market
NIFTY SMALLCAP 100,HINDCOPPER,1.7,Broad Market
NIFTY SMALLCAP 100,AMBER,1.67,Broad Market
NIFTY SMALLCAP 100,ASTERDM,1.66,Broad Market
NIFTY SMALLCAP 100,ATHERENERG,1.65,Broad Market
NIFTY SMALLCAP 100,CROMPTON,1.6,Broad Market
NIFTY SMALLCAP 100,WELCORP,1.5,Broad Market
NIFTY SMALLCAP 100,MANAPPURAM,1.49,Broad Market
NIFTY SMALLCAP 100,BANDHANBNK,1.47,Broad Market
NIFTY SMALLCAP 100,CHOLAHLDNG,1.43,Broad Market
NIFTY SMALLCAP 100,ANANDRATHI,1.42,Broad Market
NIFTY SMALLCAP 100,GESHIP,1.36,Broad Market
NIFTY SMALLCAP 100,SAILIFE,1.33,Broad Market
NIFTY SMALLCAP 100,GLAND,1.3,Broad Market
NIFTY SMALLCAP 100,HSCL,1.24,Broad Market
NIFTY SMALLCAP 100,KAYNES,1.2,Broad Market
NIFTY SMALLCAP 100,POONAWALLA,1.2,Broad Market
NIFTY SMALLCAP 100,KFINTECH,1.19,Broad Market
NIFTY SMALLCAP 100,REDINGTON,1.19,Broad Market
NIFTY SMALLCAP 100,NEULANDLAB,1.16,Broad Market
NIFTY SMALLCAP 100,TATACHEM,1.16,Broad Market
NIFTY SMALLCAP 100,NH,1.13,Broad Market
NIFTY SMALLCAP 100,RAMCOCEM,1.13,Broad Market
NIFTY SMALLCAP 100,CESC,1.12,Broad Market
NIFTY SMALLCAP 100,DATAPATTNS,1.12,Broad Market
NIFTY SMALLCAP 100,STARHEALTH,1.12,Broad Market
NIFTY SMALLCAP 100,WOCKPHARMA,1.09,Broad Market
NIFTY SMALLCAP 100,IGL,1.08,Broad Market
NIFTY SMALLCAP 100,BRIGADE,1.03,Broad Market
NIFTY SMALLCAP 100,ARE&M,1.02,Broad Market
NIFTY SMALLCAP 100,LALPATHLAB,1.02,Broad Market
NIFTY SMALLCAP 100,NUVAMA,0.99,Broad Market
NIFTY SMALLCAP 100,AARTIIND,0.96,Broad Market
NIFTY SMALLCAP 100,IIFL,0.95,Broad Market
NIFTY SMALLCAP 100,PPLPHARMA,0.95,Broad Market
NIFTY SMALLCAP 100,FORCEMOT,0.93,Broad Market
NIFTY SMALLCAP 100,INOXWIND,0.93,Broad Market
NIFTY SMALLCAP 100,NATCOPHARM,0.91,Broad Market
NIFTY SMALLCAP 100,NBCC,0.91,Broad Market
NIFTY SMALLCAP 100,TATATECH,0.91,Broad Market
NIFTY SMALLCAP 100,FIVESTAR,0.9,Broad Market
NIFTY SMALLCAP 100,SAGILITY,0.89,Broad Market
NIFTY SMALLCAP 100,APTUS,0.85,Broad Market
NIFTY SMALLCAP 100,AFFLE,0.84,Broad Market
NIFTY SMALLCAP 100,HBLENGINE,0.84,Broad Market
NIFTY SMALLCAP 100,PGEL,0.84,Broad Market
NIFTY SMALLCAP 100,AEGISLOG,0.83,Broad Market
NIFTY SMALLCAP 100,CASTROLIND,0.82,Broad Market
NIFTY SMALLCAP 100,RPOWER,0.79,Broad Market
NIFTY SMALLCAP 100,GRSE,0.78,Broad Market
NIFTY SMALLCAP 100,SYNGENE,0.78,Broad Market
NIFTY SMALLCAP 100,DEEPAKFERT,0.76,Broad Market
NIFTY SMALLCAP 100,COHANCE,0.74,Broad Market
NIFTY SMALLCAP 100,ABREL,0.73,Broad Market
NIFTY SMALLCAP 100,WHIRLPOOL,0.71,Broad Market
NIFTY SMALLCAP 100,ANANTRAJ,0.7,Broad Market
NIFTY SMALLCAP 100,GPIL,0.7,Broad Market
NIFTY SMALLCAP 100,IKS,0.7,Broad Market
NIFTY SMALLCAP 100,KEC,0.69,Broad Market
NIFTY SMALLCAP 100,OLAELEC,0.67,Broad Market
NIFTY SMALLCAP 100,CGCL,0.66,Broad Market
NIFTY SMALLCAP 100,BEML,0.65,Broad Market
NIFTY SMALLCAP 100,CREDITACC,0.63,Broad Market
NIFTY SMALLCAP 100,FSL,0.63,Broad Market
NIFTY SMALLCAP 100,CHAMBLFERT,0.62,Broad Market
NIFTY SMALLCAP 100,NETWEB,0.62,Broad Market
NIFTY SMALLCAP 100,TRITURBINE,0.62,Broad Market
NIFTY SMALLCAP 100,JYOTICNC,0.6,Broad Market
NIFTY SMALLCAP 100,ZENSARTECH,0.56,Broad Market
NIFTY SMALLCAP 100,GMDCLTD,0.55,Broad Market
NIFTY SMALLCAP 100,SARDAEN,0.51,Broad Market
NIFTY SMALLCAP 100,FIRSTCRY,0.5,Broad Market
NIFTY SMALLCAP 100,JMFINANCIL,0.49,Broad Market
NIFTY SMALLCAP 100,AFCONS,0.48,Broad Market
NIFTY SMALLCAP 100,IRCON,0.47,Broad Market
NIFTY SMALLCAP 100,MEESHO,0.47,Broad Market
NIFTY SMALLCAP 100,PWL,0.46,Broad Market
NIFTY SMALLCAP 100,SWANCORP,0.44,Broad Market
NIFTY SMALLCAP 100,DEVYANI,0.42,Broad Market
NIFTY SMALLCAP 100,TENNIND,0.41,Broad Market
NIFTY SMALLCAP 100,IDBI,0.4,Broad Market
NIFTY SMALLCAP 100,IFCI,0.37,Broad Market
NIFTY SMALLCAP 100,PINELABS,0.34,Broad Market
NIFTY SMALLCAP 100,BLS,0.32,Broad Market
NIFTY SMALLCAP 100,SIGNATURE,0.31,Broad Market
NIFTY SMALLCAP 100,JSWCEMENT,0.29,Broad Market
NIFTY SMALLCAP 100,MRPL,0.29,Broad Market
NIFTY SMALLCAP 100,URBANCO,0.28,Broad Market
NIFTY SMALLCAP 100,ITI,0.27,Broad Market
NIFTY SMALLCAP 100,JBMA,0.24,Broad Market
