symbol,Date,horizon,final_regime,final_regime_probability
NIFTY_50,2021-08-26,5,NEUTRAL,0.9019811245322239
NIFTY_50,2021-09-08,5,RISK_ON,0.7033813674501851
NIFTY_50,2021-09-09,5,STRONG_RISK_ON,0.9509650307405993
NIFTY_50,2021-09-13,5,STRONG_RISK_ON,0.9984122449005344
NIFTY_50,2021-09-14,5,STRONG_RISK_ON,0.9982401744836781
NIFTY_50,2021-09-20,5,STRONG_RISK_ON,0.9995075370000265
NIFTY_50,2021-09-21,5,STRONG_RISK_ON,0.9992644838646202
NIFTY_50,2021-09-22,5,STRONG_RISK_ON,0.9992061042810851
NIFTY_50,2021-09-27,5,STRONG_RISK_ON,0.9987680920099838
NIFTY_50,2021-09-28,5,STRONG_RISK_ON,0.9989299863105182
NIFTY_50,2021-09-29,5,STRONG_RISK_ON,0.9987665732693154
NIFTY_50,2021-09-30,5,STRONG_RISK_ON,0.9992687656285899
NIFTY_50,2021-10-01,5,STRONG_RISK_ON,0.9974861829380108
NIFTY_50,2021-10-04,5,STRONG_RISK_ON,0.9981052578816295
NIFTY_50,2021-10-05,5,STRONG_RISK_ON,0.9976745424455348
NIFTY_50,2021-10-06,5,STRONG_RISK_ON,0.9972499658851569
NIFTY_50,2021-10-07,5,STRONG_RISK_ON,0.9984689218134123
NIFTY_50,2021-10-08,5,STRONG_RISK_ON,0.9979578869741741
NIFTY_50,2021-10-11,5,STRONG_RISK_ON,0.9959900522574883
NIFTY_50,2021-10-20,5,STRONG_RISK_ON,0.9945510613111763
NIFTY_50,2021-10-21,5,STRONG_RISK_ON,0.9947604245596037
NIFTY_50,2021-10-22,5,RISK_ON,0.6553601063140828
NIFTY_50,2021-10-25,5,STRONG_RISK_ON,0.7404125864751391
NIFTY_50,2021-10-26,5,STRONG_RISK_ON,0.9956830291651478
NIFTY_50,2021-10-27,5,STRONG_RISK_ON,0.994738258528326
NIFTY_50,2021-10-28,5,STRONG_RISK_ON,0.9879633787624879
NIFTY_50,2021-10-29,5,RISK_ON,0.9626591739053876
NIFTY_50,2021-11-01,5,RISK_ON,0.9940910544433861
NIFTY_50,2021-11-02,5,RISK_ON,0.9945463671072273
NIFTY_50,2021-11-03,5,RISK_ON,0.9945898421768614
NIFTY_50,2021-11-04,5,RISK_ON,0.994890033491393
NIFTY_50,2021-11-08,5,RISK_ON,0.9942203595811667
NIFTY_50,2021-11-09,5,RISK_ON,0.9913173740228843
NIFTY_50,2021-11-10,5,RISK_ON,0.9883132839038613
NIFTY_50,2021-11-11,5,RISK_ON,0.9718048860345161
NIFTY_50,2021-11-12,5,NEUTRAL,0.5764826988131514
NIFTY_50,2021-11-15,5,NEUTRAL,0.9919997997252397
NIFTY_50,2021-11-16,5,NEUTRAL,0.9892018901357411
NIFTY_50,2021-11-17,5,NEUTRAL,0.9946761054352554
NIFTY_50,2021-11-18,5,NEUTRAL,0.9981601219423788
NIFTY_50,2021-11-22,5,NEUTRAL,0.9963503594850899
NIFTY_50,2021-11-23,5,NEUTRAL,0.9989824948924028
NIFTY_50,2021-11-24,5,NEUTRAL,0.9991103082186009
NIFTY_50,2021-11-25,5,NEUTRAL,0.999452936488821
NIFTY_50,2021-11-26,5,NEUTRAL,0.9921578926463945
NIFTY_50,2021-11-29,5,NEUTRAL,0.8099401808305998
NIFTY_50,2021-11-30,5,NEUTRAL,0.9923300436399504
NIFTY_50,2021-12-01,5,NEUTRAL,0.998424065240887
NIFTY_50,2021-12-02,5,NEUTRAL,0.9991151985844456
NIFTY_50,2021-12-03,5,NEUTRAL,0.9967794174347806
NIFTY_50,2021-12-06,5,NEUTRAL,0.9978490787817569
NIFTY_50,2021-12-07,5,NEUTRAL,0.9989718931195817
NIFTY_50,2021-12-08,5,NEUTRAL,0.9979201140718981
NIFTY_50,2021-12-09,5,NEUTRAL,0.9932723791116644
NIFTY_50,2021-12-10,5,NEUTRAL,0.6602918902691134
NIFTY_50,2021-12-13,5,RISK_OFF,0.5551651978556856
NIFTY_50,2021-12-14,5,RISK_OFF,0.9865224056241896
NIFTY_50,2021-12-15,5,RISK_OFF,0.9840231698240234
NIFTY_50,2021-12-16,5,RISK_OFF,0.9841909486900852
NIFTY_50,2021-12-17,5,RISK_OFF,0.9865992764366526
NIFTY_50,2021-12-20,5,RISK_OFF,0.9911220734759032
NIFTY_50,2021-12-21,5,NEUTRAL,0.661817833608741
NIFTY_50,2021-12-22,5,NEUTRAL,0.9953848753960297
NIFTY_50,2021-12-23,5,NEUTRAL,0.9980876007336993
NIFTY_50,2021-12-24,5,NEUTRAL,0.9900723094422147
NIFTY_50,2021-12-27,5,NEUTRAL,0.9971295747281254
NIFTY_50,2021-12-28,5,RISK_ON,0.6188764125156107
NIFTY_50,2021-12-29,5,RISK_ON,0.9958023035491317
NIFTY_50,2021-12-30,5,RISK_ON,0.9940004368720102
NIFTY_50,2021-12-31,5,RISK_ON,0.991364100786724
NIFTY_50,2022-01-03,5,RISK_ON,0.9956103880396933
NIFTY_50,2022-01-04,5,RISK_ON,0.9980546875174512
NIFTY_50,2022-01-05,5,RISK_ON,0.997007041634781
NIFTY_50,2022-01-06,5,RISK_ON,0.9919762958520107
NIFTY_50,2022-01-07,5,RISK_ON,0.9946588945881699
NIFTY_50,2022-01-10,5,STRONG_RISK_ON,0.6569791985997029
NIFTY_50,2022-01-11,5,RISK_ON,0.91463577824061
NIFTY_50,2022-01-12,5,RISK_ON,0.9847772683223295
NIFTY_50,2022-01-13,5,RISK_ON,0.977201608157764
NIFTY_50,2022-01-14,5,NEUTRAL,0.7496221446160319
NIFTY_50,2022-01-17,5,NEUTRAL,0.9974407173625163
NIFTY_50,2022-01-18,5,NEUTRAL,0.9962111005370696
NIFTY_50,2022-01-19,5,NEUTRAL,0.9973765403560942
NIFTY_50,2022-01-20,5,NEUTRAL,0.9968868367369929
NIFTY_50,2022-01-21,5,NEUTRAL,0.9946045466355723
NIFTY_50,2022-01-24,5,NEUTRAL,0.9916423645444055
NIFTY_50,2022-01-25,5,NEUTRAL,0.5829706257605989
NIFTY_50,2022-01-27,5,NEUTRAL,0.5072643602563832
NIFTY_50,2022-01-28,5,NEUTRAL,0.9932448163698578
NIFTY_50,2022-01-31,5,NEUTRAL,0.9961414610814503
NIFTY_50,2022-02-01,5,NEUTRAL,0.9976264521658148
NIFTY_50,2022-02-02,5,NEUTRAL,0.996588699761688
NIFTY_50,2022-02-03,5,NEUTRAL,0.9965250015283104
NIFTY_50,2022-02-04,5,NEUTRAL,0.9938707649961811
NIFTY_50,2022-02-07,5,NEUTRAL,0.7573098802348432
NIFTY_50,2022-02-08,5,NEUTRAL,0.9895987399284647
NIFTY_50,2022-02-09,5,NEUTRAL,0.9972664512618019
NIFTY_50,2022-02-10,5,NEUTRAL,0.9962173716069055
NIFTY_50,2022-02-11,5,NEUTRAL,0.9953065647909047
NIFTY_50,2022-02-14,5,NEUTRAL,0.9912946712191495
NIFTY_50,2022-02-15,5,NEUTRAL,0.9977570948561282
NIFTY_50,2022-02-16,5,NEUTRAL,0.9912295816908577
NIFTY_50,2022-02-17,5,NEUTRAL,0.5413146162747151
NIFTY_50,2022-02-18,5,RISK_OFF,0.5287341382822288
NIFTY_50,2022-02-21,5,RISK_OFF,0.9912561788197357
NIFTY_50,2022-02-22,5,RISK_OFF,0.9923942834533218
NIFTY_50,2022-02-23,5,RISK_OFF,0.9904076645443669
NIFTY_50,2022-02-25,5,RISK_OFF,0.9913377071899688
NIFTY_50,2022-02-28,5,RISK_OFF,0.9906828788120283
NIFTY_50,2022-03-02,5,RISK_OFF,0.9921650068699607
NIFTY_50,2022-03-03,5,RISK_OFF,0.9962430331172386
NIFTY_50,2022-03-04,5,RISK_OFF,0.9955047268164617
NIFTY_50,2022-03-09,5,RISK_OFF,0.974605187489859
NIFTY_50,2022-03-10,5,NEUTRAL,0.6498853138130166
NIFTY_50,2022-03-11,5,NEUTRAL,0.9934185149800421
NIFTY_50,2022-03-14,5,NEUTRAL,0.9988731655115868
NIFTY_50,2022-03-15,5,NEUTRAL,0.9930447178408484
NIFTY_50,2022-03-16,5,NEUTRAL,0.999295024328669
NIFTY_50,2022-03-17,5,NEUTRAL,0.998488683518088
NIFTY_50,2022-03-21,5,NEUTRAL,0.996939916833025
NIFTY_50,2022-03-22,5,NEUTRAL,0.9956912327458254
NIFTY_50,2022-03-23,5,NEUTRAL,0.9944056886485015
NIFTY_50,2022-03-24,5,NEUTRAL,0.9982951269381548
NIFTY_50,2022-03-25,5,NEUTRAL,0.996096117152317
NIFTY_50,2022-03-28,5,NEUTRAL,0.993860723273789
NIFTY_50,2022-03-29,5,NEUTRAL,0.7284317362097869
NIFTY_50,2022-03-30,5,NEUTRAL,0.9968640825214747
NIFTY_50,2022-03-31,5,NEUTRAL,0.992766104309569
NIFTY_50,2022-04-01,5,NEUTRAL,0.9977096741679443
NIFTY_50,2022-04-04,5,NEUTRAL,0.9969263842230676
NIFTY_50,2022-04-05,5,NEUTRAL,0.9950359680027518
NIFTY_50,2022-04-06,5,NEUTRAL,0.995883896415132
NIFTY_50,2022-04-07,5,RISK_OFF,0.5576241493345335
NIFTY_50,2022-04-08,5,RISK_OFF,0.9746516545078895
NIFTY_50,2022-04-11,5,RISK_OFF,0.9846444097851791
NIFTY_50,2022-04-12,5,NEUTRAL,0.5232306022280468
NIFTY_50,2022-04-13,5,NEUTRAL,0.49343075317868546
NIFTY_50,2022-04-18,5,RISK_OFF,0.8291776623496727
NIFTY_50,2022-04-19,5,RISK_OFF,0.9974846390825642
NIFTY_50,2022-04-20,5,RISK_OFF,0.9979238228723931
NIFTY_50,2022-04-21,5,RISK_OFF,0.9872375092378548
NIFTY_50,2022-04-22,5,RISK_OFF,0.9980106755794999
NIFTY_50,2022-04-25,5,RISK_OFF,0.9983254356904178
NIFTY_50,2022-04-26,5,RISK_OFF,0.9954136829502817
NIFTY_50,2022-04-27,5,RISK_OFF,0.997229496106545
NIFTY_50,2022-04-28,5,RISK_OFF,0.9927709587783734
NIFTY_50,2022-04-29,5,RISK_OFF,0.9971305205845539
NIFTY_50,2022-05-02,5,RISK_OFF,0.9931790821004962
NIFTY_50,2022-05-04,5,RISK_OFF,0.9927101290064495
NIFTY_50,2022-05-05,5,RISK_OFF,0.991421622500163
NIFTY_50,2022-05-06,5,RISK_OFF,0.9936401210180926
NIFTY_50,2022-05-09,5,RISK_OFF,0.996911132490522
NIFTY_50,2022-05-10,5,RISK_OFF,0.9956152446656151
NIFTY_50,2022-05-11,5,STRONG_RISK_OFF,0.7829318873128915
NIFTY_50,2022-05-12,5,STRONG_RISK_OFF,0.9980912360158518
NIFTY_50,2022-05-13,5,STRONG_RISK_OFF,0.9976386107686147
NIFTY_50,2022-05-16,5,STRONG_RISK_OFF,0.9997585113683578
NIFTY_50,2022-05-17,5,STRONG_RISK_OFF,0.9981015319615559
NIFTY_50,2022-05-18,5,STRONG_RISK_OFF,0.9979142473635808
NIFTY_50,2022-05-19,5,STRONG_RISK_OFF,0.9988717467044368
NIFTY_50,2022-05-20,5,STRONG_RISK_OFF,0.9946047792622162
NIFTY_50,2022-05-23,5,RISK_OFF,0.6494222172931297
NIFTY_50,2022-05-24,5,STRONG_RISK_OFF,0.9458709325546167
NIFTY_50,2022-05-25,5,STRONG_RISK_OFF,0.9994047920498856
NIFTY_50,2022-05-26,5,STRONG_RISK_OFF,0.9969188557816792
NIFTY_50,2022-05-27,5,STRONG_RISK_OFF,0.9984572851900483
NIFTY_50,2022-05-30,5,STRONG_RISK_OFF,0.9985621906622328
NIFTY_50,2022-05-31,5,STRONG_RISK_OFF,0.9967761432672306
NIFTY_50,2022-06-01,5,STRONG_RISK_OFF,0.9983764697954257
NIFTY_50,2022-06-02,5,STRONG_RISK_OFF,0.9992710369376264
NIFTY_50,2022-06-03,5,STRONG_RISK_OFF,0.9991539513030422
NIFTY_50,2022-06-06,5,STRONG_RISK_OFF,0.9990854013982928
NIFTY_50,2022-06-07,5,STRONG_RISK_OFF,0.9987876343295518
NIFTY_50,2022-06-08,5,STRONG_RISK_OFF,0.9992636023016089
NIFTY_50,2022-06-09,5,STRONG_RISK_OFF,0.9991935455584237
NIFTY_50,2022-06-10,5,STRONG_RISK_OFF,0.9991232893144345
NIFTY_50,2022-06-13,5,STRONG_RISK_OFF,0.9976789877084898
NIFTY_50,2022-06-14,5,STRONG_RISK_OFF,0.9973954963859069
NIFTY_50,2022-06-15,5,STRONG_RISK_OFF,0.9987700670598028
NIFTY_50,2022-06-20,5,STRONG_RISK_OFF,0.9991241194185851
NIFTY_50,2022-06-21,5,STRONG_RISK_OFF,0.9989362022369374
NIFTY_50,2022-06-22,5,STRONG_RISK_OFF,0.9994099184584223
NIFTY_50,2022-06-23,5,STRONG_RISK_OFF,0.9992055620273703
NIFTY_50,2022-06-24,5,STRONG_RISK_OFF,0.9994342532878193
NIFTY_50,2022-06-27,5,STRONG_RISK_OFF,0.9988421463230756
NIFTY_50,2022-06-28,5,STRONG_RISK_OFF,0.9968545956460363
NIFTY_50,2022-06-29,5,STRONG_RISK_OFF,0.9939577680750739
NIFTY_50,2022-06-30,5,STRONG_RISK_OFF,0.9919163173554482
NIFTY_50,2022-07-01,5,RISK_OFF,0.756977833484392
NIFTY_50,2022-07-04,5,RISK_OFF,0.9897902791294418
NIFTY_50,2022-07-05,5,STRONG_RISK_OFF,0.6738455601199553
NIFTY_50,2022-07-06,5,STRONG_RISK_OFF,0.995426261092606
NIFTY_50,2022-07-07,5,STRONG_RISK_OFF,0.9980194431488452
NIFTY_50,2022-07-08,5,STRONG_RISK_OFF,0.9930708473068426
NIFTY_50,2022-07-11,5,RISK_OFF,0.9010931737430758
NIFTY_50,2022-07-12,5,RISK_OFF,0.9829956667357573
NIFTY_50,2022-07-13,5,RISK_OFF,0.9873212979654864
NIFTY_50,2022-07-14,5,RISK_OFF,0.6252984702894445
NIFTY_50,2022-07-15,5,NEUTRAL,0.6239824288988642
NIFTY_50,2022-07-18,5,NEUTRAL,0.9948031375724358
NIFTY_50,2022-07-19,5,NEUTRAL,0.7104840939875073
NIFTY_50,2022-07-20,5,NEUTRAL,0.9977406192807019
NIFTY_50,2022-07-21,5,NEUTRAL,0.996562319225313
NIFTY_50,2022-07-22,5,NEUTRAL,0.9979131105947938
NIFTY_50,2022-07-25,5,NEUTRAL,0.9975065922454985
NIFTY_50,2022-07-26,5,NEUTRAL,0.9929544308631999
NIFTY_50,2022-07-27,5,NEUTRAL,0.9977947002852864
NIFTY_50,2022-07-28,5,NEUTRAL,0.9973945197676408
NIFTY_50,2022-07-29,5,NEUTRAL,0.9989495323759697
NIFTY_50,2022-08-01,5,NEUTRAL,0.9984800924431602
NIFTY_50,2022-08-02,5,NEUTRAL,0.9973359467871037
NIFTY_50,2022-08-03,5,NEUTRAL,0.9898191856990701
NIFTY_50,2022-08-04,5,NEUTRAL,0.5517237101234337
NIFTY_50,2022-08-05,5,RISK_ON,0.5861097389614544
NIFTY_50,2022-08-08,5,STRONG_RISK_ON,0.6973487097773695
NIFTY_50,2022-08-10,5,STRONG_RISK_ON,0.9874864395195687
NIFTY_50,2022-08-11,5,RISK_ON,0.8867029528845695
NIFTY_50,2022-08-12,5,RISK_ON,0.9967486402617728
NIFTY_50,2022-08-16,5,RISK_ON,0.9992822070752355
NIFTY_50,2022-08-17,5,RISK_ON,0.9982875934278881
NIFTY_50,2022-08-18,5,RISK_ON,0.9978864338284774
NIFTY_50,2022-08-19,5,RISK_ON,0.9969543440073809
NIFTY_50,2022-08-22,5,RISK_ON,0.9983007099790577
NIFTY_50,2022-08-23,5,RISK_ON,0.9957736445198743
NIFTY_50,2022-08-24,5,RISK_ON,0.9938984170752068
NIFTY_50,2022-08-25,5,RISK_ON,0.9974164383886994
NIFTY_50,2022-08-26,5,RISK_ON,0.9964899093827856
NIFTY_50,2022-08-29,5,RISK_ON,0.9955022183890339
NIFTY_50,2022-08-30,5,RISK_ON,0.5367574167646804
NIFTY_50,2022-09-01,5,RISK_ON,0.9962580017795176
NIFTY_50,2022-09-02,5,RISK_ON,0.9967247644494005
NIFTY_50,2022-09-05,5,RISK_ON,0.9880458875396677
NIFTY_50,2022-09-06,5,RISK_ON,0.9870812391598517
NIFTY_50,2022-09-07,5,RISK_ON,0.9917357081342795
NIFTY_50,2022-09-08,5,RISK_ON,0.9700813901229266
NIFTY_50,2022-09-09,5,NEUTRAL,0.5715507460714571
NIFTY_50,2022-09-12,5,NEUTRAL,0.9896762486460119
NIFTY_50,2022-09-13,5,NEUTRAL,0.993249008683164
NIFTY_50,2022-09-14,5,NEUTRAL,0.9941463261336934
NIFTY_50,2022-09-15,5,NEUTRAL,0.9908199013426848
NIFTY_50,2022-09-16,5,RISK_OFF,0.7919293352948824
NIFTY_50,2022-09-19,5,RISK_OFF,0.9931846651404305
NIFTY_50,2022-09-20,5,RISK_OFF,0.980571986554408
NIFTY_50,2022-09-21,5,RISK_OFF,0.9892838444298925
NIFTY_50,2022-09-22,5,RISK_OFF,0.9858797864559352
NIFTY_50,2022-09-23,5,RISK_OFF,0.9889575337465164
NIFTY_50,2022-09-26,5,RISK_OFF,0.9789129846823147
NIFTY_50,2022-09-27,5,NEUTRAL,0.7055564250112774
NIFTY_50,2022-09-28,5,NEUTRAL,0.992335525419755
NIFTY_50,2022-09-29,5,NEUTRAL,0.9910775173569252
NIFTY_50,2022-09-30,5,NEUTRAL,0.6118263368470628
NIFTY_50,2022-10-03,5,NEUTRAL,0.5629046832502733
NIFTY_50,2022-10-04,5,NEUTRAL,0.5489322091858407
NIFTY_50,2022-10-06,5,NEUTRAL,0.5101781544010081
NIFTY_50,2022-10-07,5,NEUTRAL,0.6640143281541089
NIFTY_50,2022-10-10,5,NEUTRAL,0.9895802636267931
NIFTY_50,2022-10-11,5,NEUTRAL,0.9911718398625053
NIFTY_50,2022-10-12,5,NEUTRAL,0.99549766166923
NIFTY_50,2022-10-13,5,NEUTRAL,0.9938560121908065
NIFTY_50,2022-10-14,5,NEUTRAL,0.995849550427492
NIFTY_50,2022-10-17,5,NEUTRAL,0.9926781210342066
NIFTY_50,2022-10-18,5,NEUTRAL,0.9966502015932732
NIFTY_50,2022-10-19,5,NEUTRAL,0.9962724081758239
NIFTY_50,2022-10-20,5,NEUTRAL,0.9966006765361748
NIFTY_50,2022-10-21,5,NEUTRAL,0.9957770408416873
NIFTY_50,2022-10-24,5,NEUTRAL,0.9972974869206095
NIFTY_50,2022-10-25,5,NEUTRAL,0.9973478946512077
NIFTY_50,2022-10-27,5,NEUTRAL,0.9979825068759653
NIFTY_50,2022-10-28,5,NEUTRAL,0.9977712218046336
NIFTY_50,2022-10-31,5,NEUTRAL,0.9952396081610824
NIFTY_50,2022-11-02,5,NEUTRAL,0.6076938913401277
NIFTY_50,2022-11-03,5,NEUTRAL,0.5099381449811167
NIFTY_50,2022-11-04,5,NEUTRAL,0.6739320026472209
NIFTY_50,2022-11-09,5,NEUTRAL,0.9824058183641305
NIFTY_50,2022-11-10,5,RISK_ON,0.5204963870797432
NIFTY_50,2022-11-17,5,RISK_ON,0.9859490197517724
NIFTY_50,2022-11-18,5,STRONG_RISK_ON,0.6093972414450496
NIFTY_50,2022-11-21,5,RISK_ON,0.9798245215521364
NIFTY_50,2022-11-22,5,RISK_ON,0.9871921764624522
NIFTY_50,2022-11-23,5,RISK_ON,0.9878113056075416
NIFTY_50,2022-12-02,5,RISK_ON,0.9886274312190579
NIFTY_50,2022-12-05,5,RISK_ON,0.9859300660277465
NIFTY_50,2022-12-06,5,RISK_ON,0.9786700116887412
NIFTY_50,2022-12-07,5,RISK_ON,0.9692968704110765
NIFTY_50,2022-12-08,5,RISK_ON,0.5068548152812999
NIFTY_50,2022-12-09,5,NEUTRAL,0.6298525030655618
NIFTY_50,2022-12-12,5,NEUTRAL,0.9940947239090857
NIFTY_50,2022-12-13,5,NEUTRAL,0.9956518397592703
NIFTY_50,2022-12-14,5,NEUTRAL,0.9960042428801097
NIFTY_50,2022-12-15,5,NEUTRAL,0.9941323936445806
NIFTY_50,2022-12-16,5,NEUTRAL,0.7234369233974186
NIFTY_50,2022-12-19,5,NEUTRAL,0.994245749867159
NIFTY_50,2022-12-20,5,NEUTRAL,0.9949170167064022
NIFTY_50,2022-12-21,5,NEUTRAL,0.9958719140832295
NIFTY_50,2022-12-22,5,NEUTRAL,0.9976925454794623
NIFTY_50,2022-12-23,5,NEUTRAL,0.9946745371948063
NIFTY_50,2022-12-26,5,NEUTRAL,0.9987449156771471
NIFTY_50,2022-12-27,5,NEUTRAL,0.9981426327410584
NIFTY_50,2022-12-28,5,NEUTRAL,0.9987111474303398
NIFTY_50,2022-12-29,5,NEUTRAL,0.9988611541667793
NIFTY_50,2022-12-30,5,NEUTRAL,0.9979562165215019
NIFTY_50,2023-01-02,5,NEUTRAL,0.9985553855122743
NIFTY_50,2023-01-03,5,NEUTRAL,0.9968948422819823
NIFTY_50,2023-01-04,5,NEUTRAL,0.9989236802999156
NIFTY_50,2023-01-05,5,NEUTRAL,0.9993320328759551
NIFTY_50,2023-01-06,5,NEUTRAL,0.9987827556816207
NIFTY_50,2023-01-09,5,NEUTRAL,0.998662634213909
NIFTY_50,2023-01-10,5,NEUTRAL,0.9989683035887057
NIFTY_50,2023-01-11,5,NEUTRAL,0.9991590532747502
NIFTY_50,2023-01-12,5,NEUTRAL,0.9993574370197444
NIFTY_50,2023-01-13,5,NEUTRAL,0.99925098609325
NIFTY_50,2023-01-16,5,NEUTRAL,0.9990113089041366
NIFTY_50,2023-01-17,5,NEUTRAL,0.997858315983639
NIFTY_50,2023-01-18,5,NEUTRAL,0.9964490346749607
NIFTY_50,2023-01-19,5,NEUTRAL,0.7767920744014123
NIFTY_50,2023-01-20,5,NEUTRAL,0.9962751885502509
NIFTY_50,2023-01-23,5,NEUTRAL,0.982068645102843
NIFTY_50,2023-01-24,5,NEUTRAL,0.6885781658292399
NIFTY_50,2023-01-25,5,NEUTRAL,0.9936315356961943
NIFTY_50,2023-01-27,5,NEUTRAL,0.9920772962608528
NIFTY_50,2023-01-30,5,NEUTRAL,0.996206185285277
NIFTY_50,2023-01-31,5,NEUTRAL,0.998131312356579
NIFTY_50,2023-02-01,5,NEUTRAL,0.9978033236308056
NIFTY_50,2023-02-02,5,NEUTRAL,0.9959315751266108
NIFTY_50,2023-02-03,5,NEUTRAL,0.9958927326052524
NIFTY_50,2023-02-06,5,NEUTRAL,0.7574334342699354
NIFTY_50,2023-02-07,5,NEUTRAL,0.9954207055506283
NIFTY_50,2023-02-08,5,NEUTRAL,0.9953470040582368
NIFTY_50,2023-02-09,5,NEUTRAL,0.9941389892186864
NIFTY_50,2023-02-10,5,NEUTRAL,0.9930017859565968
NIFTY_50,2023-02-13,5,NEUTRAL,0.9910413359067163
NIFTY_50,2023-02-14,5,NEUTRAL,0.5007445147353815
NIFTY_50,2023-02-15,5,RISK_OFF,0.5788458507667741
NIFTY_50,2023-02-16,5,RISK_OFF,0.9877769615918537
NIFTY_50,2023-02-17,5,RISK_OFF,0.995511111203919
NIFTY_50,2023-02-20,5,RISK_OFF,0.9948820647498483
NIFTY_50,2023-02-21,5,RISK_OFF,0.990342764629791
NIFTY_50,2023-02-22,5,RISK_OFF,0.996802280629798
NIFTY_50,2023-02-23,5,RISK_OFF,0.9947505434397405
NIFTY_50,2023-02-24,5,RISK_OFF,0.9939261837178822
NIFTY_50,2023-02-27,5,RISK_OFF,0.9967092734870872
NIFTY_50,2023-02-28,5,RISK_OFF,0.9984980766320226
NIFTY_50,2023-03-01,5,RISK_OFF,0.989886338744321
NIFTY_50,2023-03-02,5,RISK_OFF,0.9960709981782582
NIFTY_50,2023-03-03,5,RISK_OFF,0.9906750683277533
NIFTY_50,2023-03-06,5,RISK_OFF,0.9872967747091639
NIFTY_50,2023-03-08,5,RISK_OFF,0.9880626657335858
NIFTY_50,2023-03-09,5,RISK_OFF,0.9946836050386004
NIFTY_50,2023-03-10,5,RISK_OFF,0.9966126990778521
NIFTY_50,2023-03-13,5,RISK_OFF,0.9950592606745983
NIFTY_50,2023-03-14,5,RISK_OFF,0.9976466867303996
NIFTY_50,2023-03-15,5,RISK_OFF,0.9936566353887323
NIFTY_50,2023-03-16,5,RISK_OFF,0.9952502990832682
NIFTY_50,2023-03-17,5,RISK_OFF,0.9927954369923814
NIFTY_50,2023-03-20,5,STRONG_RISK_OFF,0.6056982421789374
NIFTY_50,2023-03-21,5,STRONG_RISK_OFF,0.9938309269514566
NIFTY_50,2023-03-22,5,STRONG_RISK_OFF,0.9973234222398046
NIFTY_50,2023-03-23,5,RISK_OFF,0.8849709496830592
NIFTY_50,2023-03-24,5,RISK_OFF,0.9930038847248448
NIFTY_50,2023-03-27,5,RISK_OFF,0.9933242611174261
NIFTY_50,2023-03-28,5,RISK_OFF,0.9923165526162713
NIFTY_50,2023-03-29,5,RISK_OFF,0.9880665787708663
NIFTY_50,2023-03-31,5,NEUTRAL,0.6824989674896257
NIFTY_50,2023-04-03,5,NEUTRAL,0.9930397956342438
NIFTY_50,2023-04-05,5,NEUTRAL,0.9973310759152201
NIFTY_50,2023-04-06,5,NEUTRAL,0.9982589873615125
NIFTY_50,2023-04-10,5,NEUTRAL,0.9983034340832467
NIFTY_50,2023-04-11,5,NEUTRAL,0.9987756411218228
NIFTY_50,2023-04-12,5,NEUTRAL,0.9972968618385749
NIFTY_50,2023-04-13,5,NEUTRAL,0.9972737610562973
NIFTY_50,2023-04-17,5,NEUTRAL,0.9985549583332962
NIFTY_50,2023-04-18,5,NEUTRAL,0.9978833021567086
NIFTY_50,2023-04-19,5,NEUTRAL,0.9958443237922263
NIFTY_50,2023-04-20,5,NEUTRAL,0.9976134240186422
NIFTY_50,2023-04-21,5,NEUTRAL,0.9975867235559569
NIFTY_50,2023-04-24,5,NEUTRAL,0.9942949031361803
NIFTY_50,2023-04-25,5,RISK_ON,0.5114743660964229
NIFTY_50,2023-04-26,5,RISK_ON,0.9954796584139897
NIFTY_50,2023-04-27,5,RISK_ON,0.9944498325159046
NIFTY_50,2023-04-28,5,RISK_ON,0.9879463715462802
NIFTY_50,2023-05-02,5,RISK_ON,0.9959468799073321
NIFTY_50,2023-05-03,5,RISK_ON,0.9982438218062853
NIFTY_50,2023-05-04,5,RISK_ON,0.9969446670466428
NIFTY_50,2023-05-05,5,RISK_ON,0.9958532572507821
NIFTY_50,2023-05-08,5,RISK_ON,0.9948311408522857
NIFTY_50,2023-05-09,5,RISK_ON,0.9962196656229296
NIFTY_50,2023-05-10,5,RISK_ON,0.9976755220841351
NIFTY_50,2023-05-11,5,RISK_ON,0.9963133936332162
NIFTY_50,2023-05-12,5,RISK_ON,0.9977604809570478
NIFTY_50,2023-05-15,5,RISK_ON,0.9965092509490316
NIFTY_50,2023-05-16,5,RISK_ON,0.9972679692645936
NIFTY_50,2023-05-17,5,RISK_ON,0.9967743195392897
NIFTY_50,2023-05-18,5,RISK_ON,0.9947010981928123
NIFTY_50,2023-05-19,5,RISK_ON,0.9977311028471119
NIFTY_50,2023-05-22,5,RISK_ON,0.9973883902829039
NIFTY_50,2023-05-23,5,RISK_ON,0.9962444338384968
NIFTY_50,2023-05-24,5,RISK_ON,0.9983549287823151
NIFTY_50,2023-05-25,5,RISK_ON,0.998385817710893
NIFTY_50,2023-05-26,5,RISK_ON,0.9967753003881626
NIFTY_50,2023-05-29,5,RISK_ON,0.9930932054657551
NIFTY_50,2023-05-30,5,RISK_ON,0.9929469558469176
NIFTY_50,2023-05-31,5,RISK_ON,0.9962777586556613
NIFTY_50,2023-06-01,5,RISK_ON,0.996736926569595
NIFTY_50,2023-06-02,5,RISK_ON,0.997782352827137
NIFTY_50,2023-06-05,5,RISK_ON,0.9978016176443398
NIFTY_50,2023-06-06,5,RISK_ON,0.9975617000715282
NIFTY_50,2023-06-08,5,RISK_ON,0.992569242834958
NIFTY_50,2023-06-09,5,RISK_ON,0.9963982765064285
NIFTY_50,2023-06-12,5,RISK_ON,0.9951344540943259
NIFTY_50,2023-06-13,5,RISK_ON,0.9864389424210137
NIFTY_50,2023-06-14,5,RISK_ON,0.9919666974656164
NIFTY_50,2023-06-15,5,NEUTRAL,0.5206580188423762
NIFTY_50,2023-06-19,5,NEUTRAL,0.9736559139492611
NIFTY_50,2023-06-20,5,RISK_ON,0.7110145243574865
NIFTY_50,2023-06-21,5,RISK_ON,0.9904055631467058
NIFTY_50,2023-06-22,5,STRONG_RISK_ON,0.7666081377045992
NIFTY_50,2023-06-23,5,RISK_ON,0.9865133133169688
NIFTY_50,2023-06-26,5,RISK_ON,0.9781175409925938
NIFTY_50,2023-06-27,5,STRONG_RISK_ON,0.8031271871455766
NIFTY_50,2023-07-10,5,STRONG_RISK_ON,0.9992735480196993
NIFTY_50,2023-07-11,5,STRONG_RISK_ON,0.9991798203713183
NIFTY_50,2023-07-12,5,STRONG_RISK_ON,0.9974870578395474
NIFTY_50,2023-07-13,5,STRONG_RISK_ON,0.9962578953863569
NIFTY_50,2023-07-21,5,STRONG_RISK_ON,0.9977629423143508
NIFTY_50,2023-07-24,5,STRONG_RISK_ON,0.9966585119501502
NIFTY_50,2023-07-25,5,STRONG_RISK_ON,0.9951563755708259
NIFTY_50,2023-07-26,5,RISK_ON,0.8207133489258125
NIFTY_50,2023-07-27,5,RISK_ON,0.9884400668359419
NIFTY_50,2023-07-28,5,RISK_ON,0.9956980000401052
NIFTY_50,2023-07-31,5,RISK_ON,0.9940729678818065
NIFTY_50,2023-08-01,5,RISK_ON,0.991441729769059
NIFTY_50,2023-08-02,5,RISK_ON,0.9919003049627724
NIFTY_50,2023-08-03,5,RISK_ON,0.9907274329140449
NIFTY_50,2023-08-04,5,RISK_ON,0.9860412750695854
NIFTY_50,2023-08-07,5,RISK_ON,0.9921141640483383
NIFTY_50,2023-08-08,5,RISK_ON,0.9855034719210524
NIFTY_50,2023-08-09,5,RISK_ON,0.5720319986658204
NIFTY_50,2023-08-10,5,NEUTRAL,0.5642344355963016
NIFTY_50,2023-08-11,5,NEUTRAL,0.5663031813630063
NIFTY_50,2023-08-14,5,NEUTRAL,0.561271965526099
NIFTY_50,2023-08-16,5,NEUTRAL,0.5702842919225384
NIFTY_50,2023-08-17,5,NEUTRAL,0.9975861640042016
NIFTY_50,2023-08-18,5,NEUTRAL,0.9975304716522366
NIFTY_50,2023-08-21,5,NEUTRAL,0.9971160117875458
NIFTY_50,2023-08-22,5,NEUTRAL,0.9964699608925801
NIFTY_50,2023-08-23,5,NEUTRAL,0.9950232167539116
NIFTY_50,2023-08-24,5,NEUTRAL,0.9979900158804562
NIFTY_50,2023-08-25,5,NEUTRAL,0.9979355505040313
NIFTY_50,2023-08-28,5,NEUTRAL,0.9987309881309802
NIFTY_50,2023-08-29,5,NEUTRAL,0.9975053498820425
NIFTY_50,2023-08-30,5,NEUTRAL,0.9968773255291709
NIFTY_50,2023-08-31,5,NEUTRAL,0.9976602990581456
NIFTY_50,2023-09-01,5,NEUTRAL,0.6628644281986967
NIFTY_50,2023-09-04,5,NEUTRAL,0.627578510571488
NIFTY_50,2023-09-05,5,NEUTRAL,0.7134653321521046
NIFTY_50,2023-09-06,5,NEUTRAL,0.9855837058318845
NIFTY_50,2023-09-07,5,NEUTRAL,0.9971790036646632
NIFTY_50,2023-09-08,5,NEUTRAL,0.9979163900508902
NIFTY_50,2023-09-18,5,NEUTRAL,0.9941441251192642
NIFTY_50,2023-09-20,5,NEUTRAL,0.9961437803933589
NIFTY_50,2023-09-21,5,NEUTRAL,0.9982349398927854
NIFTY_50,2023-09-22,5,NEUTRAL,0.9987609949997795
NIFTY_50,2023-09-25,5,NEUTRAL,0.9988417112496384
NIFTY_50,2023-09-26,5,NEUTRAL,0.9981564919109781
NIFTY_50,2023-09-27,5,NEUTRAL,0.9977962150612671
NIFTY_50,2023-09-28,5,NEUTRAL,0.9978219682209192
NIFTY_50,2023-09-29,5,NEUTRAL,0.998957348345707
NIFTY_50,2023-10-03,5,NEUTRAL,0.9975764268375437
NIFTY_50,2023-10-04,5,NEUTRAL,0.998046388230215
NIFTY_50,2023-10-05,5,NEUTRAL,0.998802321228871
NIFTY_50,2023-10-06,5,NEUTRAL,0.9975416943652193
NIFTY_50,2023-10-09,5,NEUTRAL,0.9973213558589683
NIFTY_50,2023-10-10,5,NEUTRAL,0.9974221984926969
NIFTY_50,2023-10-11,5,NEUTRAL,0.9950291136420483
NIFTY_50,2023-10-12,5,NEUTRAL,0.9937132286562415
NIFTY_50,2023-10-13,5,NEUTRAL,0.9913686940416413
NIFTY_50,2023-10-16,5,NEUTRAL,0.5369666391120211
NIFTY_50,2023-10-17,5,RISK_OFF,0.5107610778602772
NIFTY_50,2023-10-18,5,RISK_OFF,0.989573186973428
NIFTY_50,2023-10-19,5,RISK_OFF,0.9860886768475293
NIFTY_50,2023-10-20,5,RISK_OFF,0.9855678008634778
NIFTY_50,2023-10-23,5,RISK_OFF,0.9803435167384106
NIFTY_50,2023-10-25,5,RISK_OFF,0.9705736359318071
NIFTY_50,2023-10-26,5,NEUTRAL,0.6342704901733672
NIFTY_50,2023-10-27,5,NEUTRAL,0.9988112834737124
NIFTY_50,2023-10-30,5,NEUTRAL,0.9994694120883004
NIFTY_50,2023-10-31,5,NEUTRAL,0.9994518976642076
NIFTY_50,2023-11-01,5,NEUTRAL,0.9984337571774475
NIFTY_50,2023-11-02,5,NEUTRAL,0.998422690266424
NIFTY_50,2023-11-03,5,NEUTRAL,0.9982853295141603
NIFTY_50,2023-11-06,5,NEUTRAL,0.99854117225442
NIFTY_50,2023-11-07,5,NEUTRAL,0.9981527732025698
NIFTY_50,2023-11-08,5,NEUTRAL,0.9982405345326775
NIFTY_50,2023-11-09,5,NEUTRAL,0.9984044716760985
NIFTY_50,2023-11-10,5,NEUTRAL,0.9982064623646494
NIFTY_50,2023-11-13,5,NEUTRAL,0.9946644685435561
NIFTY_50,2023-11-15,5,NEUTRAL,0.9952377261409299
NIFTY_50,2023-11-16,5,NEUTRAL,0.9957161032063397
NIFTY_50,2023-11-17,5,NEUTRAL,0.9949808009412743
NIFTY_50,2023-11-20,5,NEUTRAL,0.9906474108519192
NIFTY_50,2023-11-21,5,NEUTRAL,0.5889365043440814
NIFTY_50,2023-11-22,5,NEUTRAL,0.5955745982278752
NIFTY_50,2023-11-23,5,NEUTRAL,0.8648627218811941
NIFTY_50,2023-11-24,5,NEUTRAL,0.8129927223199993
NIFTY_50,2023-11-28,5,NEUTRAL,0.9193332245766964
NIFTY_50,2023-11-29,5,NEUTRAL,0.9393353404213537
NIFTY_50,2023-11-30,5,NEUTRAL,0.8392124253137686
NIFTY_50,2023-12-21,5,NEUTRAL,0.5729099001339057
NIFTY_50,2023-12-22,5,NEUTRAL,0.6055334681714699
NIFTY_50,2023-12-26,5,RISK_ON,0.517710358115533
NIFTY_50,2024-01-02,5,STRONG_RISK_ON,0.9357802976298574
NIFTY_50,2024-01-03,5,STRONG_RISK_ON,0.9990213395944662
NIFTY_50,2024-01-04,5,STRONG_RISK_ON,0.9993391689333393
NIFTY_50,2024-01-05,5,STRONG_RISK_ON,0.9992557721553259
NIFTY_50,2024-01-08,5,STRONG_RISK_ON,0.9955925212359763
NIFTY_50,2024-01-09,5,STRONG_RISK_ON,0.9929611268264092
NIFTY_50,2024-01-10,5,RISK_ON,0.6435960501110441
NIFTY_50,2024-01-11,5,STRONG_RISK_ON,0.7089501616328144
NIFTY_50,2024-01-17,5,STRONG_RISK_ON,0.9983626145960227
NIFTY_50,2024-01-18,5,STRONG_RISK_ON,0.998978960884358
NIFTY_50,2024-01-19,5,STRONG_RISK_ON,0.9982865669496421
NIFTY_50,2024-01-23,5,STRONG_RISK_ON,0.9959599402480059
NIFTY_50,2024-01-24,5,STRONG_RISK_ON,0.996754439197931
NIFTY_50,2024-01-25,5,STRONG_RISK_ON,0.997001731457958
NIFTY_50,2024-01-29,5,STRONG_RISK_ON,0.9959665778306389
NIFTY_50,2024-01-30,5,STRONG_RISK_ON,0.9932648910686879
NIFTY_50,2024-01-31,5,STRONG_RISK_ON,0.9908403603252097
NIFTY_50,2024-02-01,5,RISK_ON,0.8391226763704578
NIFTY_50,2024-02-02,5,RISK_ON,0.9926759635615383
NIFTY_50,2024-02-05,5,RISK_ON,0.9894750292673158
NIFTY_50,2024-02-06,5,RISK_ON,0.9923226790801579
NIFTY_50,2024-02-07,5,RISK_ON,0.99137996003644
NIFTY_50,2024-02-08,5,RISK_ON,0.9846639524977447
NIFTY_50,2024-02-09,5,STRONG_RISK_ON,0.6425580873929699
NIFTY_50,2024-02-12,5,STRONG_RISK_ON,0.9853219078883585
NIFTY_50,2024-02-13,5,STRONG_RISK_ON,0.9927680661310643
NIFTY_50,2024-02-14,5,RISK_ON,0.8502823438436489
NIFTY_50,2024-02-15,5,RISK_ON,0.9923888758500548
NIFTY_50,2024-02-16,5,RISK_ON,0.9892986652281486
NIFTY_50,2024-02-19,5,RISK_ON,0.9955989556367928
NIFTY_50,2024-02-21,5,RISK_ON,0.9834839119073365
NIFTY_50,2024-02-26,5,RISK_ON,0.9863032788196652
NIFTY_50,2024-02-27,5,RISK_ON,0.9799957528455934
NIFTY_50,2024-02-28,5,RISK_ON,0.993038384879942
NIFTY_50,2024-02-29,5,RISK_ON,0.980700596749095
NIFTY_50,2024-03-12,5,NEUTRAL,0.7363975636095722
NIFTY_50,2024-03-13,5,NEUTRAL,0.9916024779241038
NIFTY_50,2024-03-14,5,NEUTRAL,0.9833643168084296
NIFTY_50,2024-03-15,5,NEUTRAL,0.6646109730961799
NIFTY_50,2024-03-18,5,NEUTRAL,0.9852933937329669
NIFTY_50,2024-03-19,5,NEUTRAL,0.52699598772195
NIFTY_50,2024-03-20,5,NEUTRAL,0.9901061461744367
NIFTY_50,2024-03-21,5,RISK_ON,0.6076785557872383
NIFTY_50,2024-03-22,5,RISK_ON,0.9894595740750178
NIFTY_50,2024-03-26,5,RISK_ON,0.9802907123373688
NIFTY_50,2024-03-27,5,RISK_ON,0.9788417714479188
NIFTY_50,2024-03-28,5,RISK_ON,0.9860973146827362
NIFTY_50,2024-04-01,5,RISK_ON,0.9766622909403583
NIFTY_50,2024-04-02,5,NEUTRAL,0.7461414443482479
NIFTY_50,2024-04-03,5,NEUTRAL,0.9974774484148693
NIFTY_50,2024-04-04,5,NEUTRAL,0.9986754629197154
NIFTY_50,2024-04-05,5,NEUTRAL,0.9976944790375343
NIFTY_50,2024-04-12,5,NEUTRAL,0.9980399568864514
NIFTY_50,2024-04-15,5,NEUTRAL,0.9976797858843334
NIFTY_50,2024-04-16,5,NEUTRAL,0.9979627330036986
NIFTY_50,2024-04-18,5,NEUTRAL,0.9974490807769746
NIFTY_50,2024-04-19,5,NEUTRAL,0.9965163223830852
NIFTY_50,2024-04-22,5,RISK_ON,0.5443552023742539
NIFTY_50,2024-04-23,5,RISK_ON,0.9848544722294476
NIFTY_50,2024-04-24,5,RISK_ON,0.9810298389331308
NIFTY_50,2024-04-25,5,NEUTRAL,0.7845658908475996
NIFTY_50,2024-04-26,5,NEUTRAL,0.9951721361681447
NIFTY_50,2024-04-29,5,NEUTRAL,0.9980294380361493
NIFTY_50,2024-04-30,5,NEUTRAL,0.9986303712577212
NIFTY_50,2024-05-02,5,NEUTRAL,0.9976311969663963
NIFTY_50,2024-05-03,5,NEUTRAL,0.9967667932431717
NIFTY_50,2024-05-06,5,NEUTRAL,0.9972825764473753
NIFTY_50,2024-05-07,5,NEUTRAL,0.9966277784578518
NIFTY_50,2024-05-08,5,NEUTRAL,0.9973912490662895
NIFTY_50,2024-05-09,5,NEUTRAL,0.9916072566145016
NIFTY_50,2024-05-10,5,NEUTRAL,0.9977490774071484
NIFTY_50,2024-05-13,5,NEUTRAL,0.998172627578841
NIFTY_50,2024-05-14,5,NEUTRAL,0.9924583067195868
NIFTY_50,2024-05-15,5,NEUTRAL,0.6175780244040256
NIFTY_50,2024-05-16,5,NEUTRAL,0.5766635836131542
NIFTY_50,2024-05-17,5,NEUTRAL,0.9906320689254688
NIFTY_50,2024-05-21,5,NEUTRAL,0.9947230760143275
NIFTY_50,2024-05-22,5,NEUTRAL,0.9953731339988352
NIFTY_50,2024-05-28,5,NEUTRAL,0.9890218925192874
NIFTY_50,2024-05-29,5,NEUTRAL,0.726788075315318
NIFTY_50,2024-05-30,5,NEUTRAL,0.9682348458935759
NIFTY_50,2024-05-31,5,NEUTRAL,0.9686802444093018
NIFTY_50,2024-06-04,5,NEUTRAL,0.8876095387862163
NIFTY_50,2024-06-05,5,NEUTRAL,0.9599013020592793
NIFTY_50,2024-06-06,5,NEUTRAL,0.9407269476793239
NIFTY_50,2024-06-07,5,NEUTRAL,0.9207264381201833
NIFTY_50,2024-06-10,5,NEUTRAL,0.8832618140708579
NIFTY_50,2024-06-11,5,NEUTRAL,0.9033540205991115
NIFTY_50,2024-06-12,5,NEUTRAL,0.8659732063635048
NIFTY_50,2024-07-05,5,NEUTRAL,0.7121056632599809
NIFTY_50,2024-07-08,5,NEUTRAL,0.8467584184296141
NIFTY_50,2024-07-10,5,NEUTRAL,0.859436187586898
NIFTY_50,2024-07-11,5,NEUTRAL,0.7841397974485426
NIFTY_50,2024-07-22,5,NEUTRAL,0.8718330023858347
NIFTY_50,2024-07-23,5,NEUTRAL,0.8437432511695379
NIFTY_50,2024-07-24,5,NEUTRAL,0.8220336883187473
NIFTY_50,2024-07-25,5,NEUTRAL,0.847083824733379
NIFTY_50,2024-07-26,5,RISK_ON,0.7510087497598247
NIFTY_50,2024-07-29,5,RISK_ON,0.9955516012551542
NIFTY_50,2024-07-30,5,RISK_ON,0.9932858168750871
NIFTY_50,2024-07-31,5,RISK_ON,0.996219860721037
NIFTY_50,2024-08-02,5,STRONG_RISK_ON,0.6192047178168132
NIFTY_50,2024-08-05,5,RISK_ON,0.8639801989757194
NIFTY_50,2024-08-06,5,RISK_ON,0.9963895794644089
NIFTY_50,2024-08-07,5,RISK_ON,0.9849081799158671
NIFTY_50,2024-08-08,5,STRONG_RISK_ON,0.7503246507545365
NIFTY_50,2024-08-09,5,STRONG_RISK_ON,0.9925312116172657
NIFTY_50,2024-08-12,5,STRONG_RISK_ON,0.9972336552244426
NIFTY_50,2024-08-13,5,STRONG_RISK_ON,0.9980779559242439
NIFTY_50,2024-08-14,5,STRONG_RISK_ON,0.9987422977980994
NIFTY_50,2024-08-16,5,STRONG_RISK_ON,0.9979676105104238
NIFTY_50,2024-08-19,5,STRONG_RISK_ON,0.9990066574613042
NIFTY_50,2024-08-20,5,STRONG_RISK_ON,0.9975718595234988
NIFTY_50,2024-08-21,5,STRONG_RISK_ON,0.9981432678943178
NIFTY_50,2024-08-22,5,STRONG_RISK_ON,0.9977373816686812
NIFTY_50,2024-08-23,5,STRONG_RISK_ON,0.996445807809221
NIFTY_50,2024-08-26,5,STRONG_RISK_ON,0.9963828727680959
NIFTY_50,2024-08-27,5,STRONG_RISK_ON,0.9962319723601176
NIFTY_50,2024-08-28,5,STRONG_RISK_ON,0.995845815156187
NIFTY_50,2024-09-03,5,RISK_ON,0.8349223942945425
NIFTY_50,2024-09-04,5,RISK_ON,0.9891727201894088
NIFTY_50,2024-09-05,5,STRONG_RISK_ON,0.7900134139767137
NIFTY_50,2024-09-06,5,STRONG_RISK_ON,0.9927068667249246
NIFTY_50,2024-09-09,5,RISK_ON,0.9088683198983342
NIFTY_50,2024-09-10,5,NEUTRAL,0.698460188985996
NIFTY_50,2024-09-11,5,NEUTRAL,0.9952654453827314
NIFTY_50,2024-09-30,5,NEUTRAL,0.9964831929514204
NIFTY_50,2024-10-01,5,NEUTRAL,0.994867902320251
NIFTY_50,2024-10-03,5,NEUTRAL,0.994751933125491
NIFTY_50,2024-10-04,5,NEUTRAL,0.9919087340656841
NIFTY_50,2024-10-07,5,NEUTRAL,0.5867180572069303
NIFTY_50,2024-10-08,5,NEUTRAL,0.7039543760427938
NIFTY_50,2024-10-09,5,NEUTRAL,0.9962425763631587
NIFTY_50,2024-10-10,5,NEUTRAL,0.9987113372206596
NIFTY_50,2024-10-11,5,NEUTRAL,0.9994283641107862
NIFTY_50,2024-10-14,5,NEUTRAL,0.998451911770376
NIFTY_50,2024-10-15,5,NEUTRAL,0.9985337154637778
NIFTY_50,2024-10-16,5,NEUTRAL,0.9989722262688615
NIFTY_50,2024-10-17,5,NEUTRAL,0.9991711347366681
NIFTY_50,2024-10-18,5,NEUTRAL,0.9993740195326163
NIFTY_50,2024-10-21,5,NEUTRAL,0.9993266655302084
NIFTY_50,2024-10-22,5,NEUTRAL,0.9990903027023278
NIFTY_50,2024-10-23,5,NEUTRAL,0.9987922271981323
NIFTY_50,2024-10-24,5,NEUTRAL,0.9991548838841412
NIFTY_50,2024-10-25,5,NEUTRAL,0.9984685213536263
NIFTY_50,2024-10-28,5,NEUTRAL,0.9995976207055
NIFTY_50,2024-10-29,5,NEUTRAL,0.998767827058123
NIFTY_50,2024-10-30,5,NEUTRAL,0.9990515541501427
NIFTY_50,2024-10-31,5,NEUTRAL,0.9986196936084234
NIFTY_50,2024-11-01,5,NEUTRAL,0.9985223762521702
NIFTY_50,2024-11-04,5,NEUTRAL,0.9941227209523017
NIFTY_50,2024-11-05,5,NEUTRAL,0.9865645529555161
NIFTY_50,2024-11-06,5,NEUTRAL,0.546085722999215
NIFTY_50,2024-11-07,5,RISK_OFF,0.6437210675851491
NIFTY_50,2024-11-08,5,RISK_OFF,0.9952791044402036
NIFTY_50,2024-11-11,5,RISK_OFF,0.9934430543492636
NIFTY_50,2024-11-12,5,RISK_OFF,0.9963426435463272
NIFTY_50,2024-11-13,5,RISK_OFF,0.9956724242073577
NIFTY_50,2024-11-14,5,RISK_OFF,0.9957519615246274
NIFTY_50,2024-11-18,5,RISK_OFF,0.9979778932804629
NIFTY_50,2024-11-19,5,RISK_OFF,0.9970364423209437
NIFTY_50,2024-11-21,5,RISK_OFF,0.9983111249856907
NIFTY_50,2024-11-22,5,RISK_OFF,0.9881677388997504
NIFTY_50,2024-11-25,5,RISK_OFF,0.9754338686889023
NIFTY_50,2024-11-26,5,NEUTRAL,0.6430518810288833
NIFTY_50,2024-11-27,5,NEUTRAL,0.9959841552577161
NIFTY_50,2024-11-28,5,NEUTRAL,0.9939662348731099
NIFTY_50,2024-11-29,5,NEUTRAL,0.9974527933898106
NIFTY_50,2024-12-02,5,NEUTRAL,0.9989851262043313
NIFTY_50,2024-12-03,5,NEUTRAL,0.9982249429490972
NIFTY_50,2024-12-04,5,NEUTRAL,0.9983494623838042
NIFTY_50,2024-12-05,5,NEUTRAL,0.9935373401629329
NIFTY_50,2024-12-06,5,NEUTRAL,0.9983403063718527
NIFTY_50,2024-12-09,5,NEUTRAL,0.9959195790293772
NIFTY_50,2024-12-10,5,NEUTRAL,0.9920842186039426
NIFTY_50,2024-12-11,5,NEUTRAL,0.523646617519337
NIFTY_50,2024-12-12,5,RISK_OFF,0.6220033499992619
NIFTY_50,2024-12-13,5,RISK_OFF,0.9786055912069417
NIFTY_50,2024-12-16,5,RISK_OFF,0.9856744433181582
NIFTY_50,2024-12-17,5,RISK_OFF,0.9932663576812364
NIFTY_50,2024-12-18,5,RISK_OFF,0.9931135265471605
NIFTY_50,2024-12-19,5,RISK_OFF,0.995381190712038
NIFTY_50,2024-12-20,5,RISK_OFF,0.9928070473672745
NIFTY_50,2024-12-23,5,RISK_OFF,0.9747655211182872
NIFTY_50,2024-12-24,5,RISK_OFF,0.9868426496621545
NIFTY_50,2024-12-26,5,RISK_OFF,0.5358466668716217
NIFTY_50,2024-12-27,5,NEUTRAL,0.5435283446511389
NIFTY_50,2024-12-30,5,RISK_OFF,0.7125092227885161
NIFTY_50,2024-12-31,5,RISK_OFF,0.9945187402459675
NIFTY_50,2025-01-01,5,RISK_OFF,0.9884721496517719
NIFTY_50,2025-01-02,5,RISK_OFF,0.9895088084609698
NIFTY_50,2025-01-03,5,RISK_OFF,0.9914661446608265
NIFTY_50,2025-01-06,5,RISK_OFF,0.9952015327414295
NIFTY_50,2025-01-07,5,RISK_OFF,0.9956781637945831
NIFTY_50,2025-01-08,5,RISK_OFF,0.996451880416919
NIFTY_50,2025-01-09,5,RISK_OFF,0.9972424210498708
NIFTY_50,2025-01-10,5,RISK_OFF,0.9952409274579314
NIFTY_50,2025-01-14,5,RISK_OFF,0.9980149289539736
NIFTY_50,2025-01-15,5,RISK_OFF,0.9944019175399866
NIFTY_50,2025-01-16,5,RISK_OFF,0.9972099777698794
NIFTY_50,2025-01-17,5,RISK_OFF,0.9968397189184629
NIFTY_50,2025-01-20,5,RISK_OFF,0.994852276841422
NIFTY_50,2025-01-22,5,RISK_OFF,0.99478202191318
NIFTY_50,2025-01-23,5,RISK_OFF,0.9961449711598628
NIFTY_50,2025-01-24,5,RISK_OFF,0.9961628250472486
NIFTY_50,2025-01-28,5,RISK_OFF,0.9870540632118507
NIFTY_50,2025-01-29,5,NEUTRAL,0.7286817769591518
NIFTY_50,2025-01-30,5,NEUTRAL,0.9873543433768727
NIFTY_50,2025-01-31,5,RISK_OFF,0.6259537559877447
NIFTY_50,2025-02-01,5,RISK_OFF,0.9945648687564977
NIFTY_50,2025-02-03,5,RISK_OFF,0.9851457287533534
NIFTY_50,2025-02-04,5,RISK_OFF,0.9880692460358297
NIFTY_50,2025-02-05,5,RISK_OFF,0.9882528209667031
NIFTY_50,2025-02-06,5,STRONG_RISK_OFF,0.7675525863968512
NIFTY_50,2025-02-07,5,STRONG_RISK_OFF,0.994236962811001
NIFTY_50,2025-02-10,5,STRONG_RISK_OFF,0.9990323594228705
NIFTY_50,2025-02-11,5,STRONG_RISK_OFF,0.9972495512168047
NIFTY_50,2025-02-12,5,STRONG_RISK_OFF,0.997581910747603
NIFTY_50,2025-02-13,5,STRONG_RISK_OFF,0.9988781025224753
NIFTY_50,2025-02-14,5,STRONG_RISK_OFF,0.9976774768577014
NIFTY_50,2025-02-17,5,STRONG_RISK_OFF,0.9984507802203813
NIFTY_50,2025-02-18,5,STRONG_RISK_OFF,0.9988915048942022
NIFTY_50,2025-02-19,5,STRONG_RISK_OFF,0.9988049701605978
NIFTY_50,2025-02-20,5,STRONG_RISK_OFF,0.9978916499011351
NIFTY_50,2025-02-21,5,STRONG_RISK_OFF,0.9967872617909053
NIFTY_50,2025-03-05,5,STRONG_RISK_OFF,0.9963573720752668
NIFTY_50,2025-03-06,5,STRONG_RISK_OFF,0.9959410012702674
NIFTY_50,2025-03-07,5,STRONG_RISK_OFF,0.9985988026063319
NIFTY_50,2025-03-10,5,STRONG_RISK_OFF,0.9979187041400359
NIFTY_50,2025-03-11,5,STRONG_RISK_OFF,0.9931836447555836
NIFTY_50,2025-03-12,5,RISK_OFF,0.8152875902848914
NIFTY_50,2025-03-13,5,RISK_OFF,0.9862767486395476
NIFTY_50,2025-03-17,5,NEUTRAL,0.6682440302283568
NIFTY_50,2025-03-18,5,NEUTRAL,0.9889316516600888
NIFTY_50,2025-03-19,5,NEUTRAL,0.9936231715617403
NIFTY_50,2025-03-20,5,NEUTRAL,0.9971922878176107
NIFTY_50,2025-03-21,5,NEUTRAL,0.9970971131128913
NIFTY_50,2025-03-24,5,RISK_OFF,0.7005909191932359
NIFTY_50,2025-03-25,5,RISK_OFF,0.9954018299459589
NIFTY_50,2025-03-26,5,RISK_OFF,0.9878775231538466
NIFTY_50,2025-03-27,5,RISK_OFF,0.9928262413330522
NIFTY_50,2025-03-28,5,STRONG_RISK_OFF,0.877673592422007
NIFTY_50,2025-04-01,5,STRONG_RISK_OFF,0.993405947739429
NIFTY_50,2025-04-02,5,STRONG_RISK_OFF,0.9958390726070387
NIFTY_50,2025-04-03,5,RISK_OFF,0.9178529303662861
NIFTY_50,2025-04-04,5,RISK_OFF,0.9838119583470483
NIFTY_50,2025-04-07,5,RISK_OFF,0.9853004193337568
NIFTY_50,2025-04-08,5,NEUTRAL,0.7122081708763827
NIFTY_50,2025-04-09,5,NEUTRAL,0.9881583133449233
NIFTY_50,2025-04-11,5,NEUTRAL,0.993691238908936
NIFTY_50,2025-04-15,5,NEUTRAL,0.997851406367008
NIFTY_50,2025-04-16,5,NEUTRAL,0.9986405711845059
NIFTY_50,2025-04-17,5,NEUTRAL,0.9988458788452348
NIFTY_50,2025-04-21,5,NEUTRAL,0.9986394341730348
NIFTY_50,2025-04-22,5,NEUTRAL,0.9983372013528092
NIFTY_50,2025-04-23,5,NEUTRAL,0.9906884007132214
NIFTY_50,2025-04-24,5,RISK_ON,0.5900869140428735
NIFTY_50,2025-04-25,5,RISK_ON,0.9906013520793457
NIFTY_50,2025-04-28,5,RISK_ON,0.9873164820580059
NIFTY_50,2025-04-29,5,RISK_ON,0.98195558964165
NIFTY_50,2025-04-30,5,NEUTRAL,0.5620632485743238
NIFTY_50,2025-05-02,5,NEUTRAL,0.9921421900324827
NIFTY_50,2025-05-05,5,RISK_ON,0.6235047450775411
NIFTY_50,2025-05-06,5,RISK_ON,0.9930882554495014
NIFTY_50,2025-05-07,5,RISK_ON,0.9920911891970119
NIFTY_50,2025-05-08,5,RISK_ON,0.9930960848801251
NIFTY_50,2025-05-09,5,RISK_ON,0.9955571245941651
NIFTY_50,2025-05-13,5,RISK_ON,0.9794718091373946
NIFTY_50,2025-05-14,5,RISK_ON,0.56562310740359
NIFTY_50,2025-05-16,5,RISK_ON,0.9827297669211728
NIFTY_50,2025-05-19,5,RISK_ON,0.9918213770782542
NIFTY_50,2025-05-20,5,RISK_ON,0.9938523982500349
NIFTY_50,2025-05-21,5,RISK_ON,0.9915691855125921
NIFTY_50,2025-05-22,5,RISK_ON,0.9890711041804734
NIFTY_50,2025-05-23,5,RISK_ON,0.9865201729335693
NIFTY_50,2025-05-26,5,NEUTRAL,0.5732164263351897
NIFTY_50,2025-05-27,5,NEUTRAL,0.9904432560216687
NIFTY_50,2025-05-28,5,NEUTRAL,0.9876053973161845
NIFTY_50,2025-05-29,5,NEUTRAL,0.9900388966208112
NIFTY_50,2025-05-30,5,NEUTRAL,0.7325388831982366
NIFTY_50,2025-06-02,5,NEUTRAL,0.5117917584881309
NIFTY_50,2025-06-03,5,RISK_ON,0.7393076669331338
NIFTY_50,2025-06-04,5,RISK_ON,0.992171524481231
NIFTY_50,2025-06-05,5,NEUTRAL,0.5694836595168778
NIFTY_50,2025-06-06,5,NEUTRAL,0.9959341816806905
NIFTY_50,2025-06-09,5,NEUTRAL,0.9940544069858144
NIFTY_50,2025-06-10,5,NEUTRAL,0.9936668714869401
NIFTY_50,2025-06-12,5,NEUTRAL,0.9928623993769536
NIFTY_50,2025-06-13,5,RISK_ON,0.5653257304637826
NIFTY_50,2025-06-16,5,NEUTRAL,0.8379643116895941
NIFTY_50,2025-06-17,5,NEUTRAL,0.9856484397615862
NIFTY_50,2025-06-18,5,NEUTRAL,0.5410824072604719
NIFTY_50,2025-06-19,5,NEUTRAL,0.5032131759468597
NIFTY_50,2025-06-20,5,NEUTRAL,0.9964108178826978
NIFTY_50,2025-06-23,5,NEUTRAL,0.6632831964666404
NIFTY_50,2025-06-24,5,NEUTRAL,0.9921012996618446
NIFTY_50,2025-07-01,5,NEUTRAL,0.7194743719565978
NIFTY_50,2025-07-02,5,NEUTRAL,0.996428667647992
NIFTY_50,2025-07-03,5,NEUTRAL,0.9968983582182722
NIFTY_50,2025-07-04,5,NEUTRAL,0.9933021304407043
NIFTY_50,2025-07-07,5,NEUTRAL,0.9980865015460274
NIFTY_50,2025-07-08,5,NEUTRAL,0.9980660082657863
NIFTY_50,2025-07-09,5,NEUTRAL,0.9987316843598467
NIFTY_50,2025-07-10,5,NEUTRAL,0.9980031683939757
NIFTY_50,2025-07-11,5,NEUTRAL,0.9963658705266464
NIFTY_50,2025-07-14,5,NEUTRAL,0.9991374288671397
NIFTY_50,2025-07-15,5,NEUTRAL,0.9988743160660998
NIFTY_50,2025-07-16,5,NEUTRAL,0.9980652827026125
NIFTY_50,2025-07-17,5,NEUTRAL,0.9988196284677605
NIFTY_50,2025-07-18,5,NEUTRAL,0.997789556231421
NIFTY_50,2025-07-21,5,NEUTRAL,0.9987671495241844
NIFTY_50,2025-07-22,5,NEUTRAL,0.9982314769662617
NIFTY_50,2025-07-23,5,NEUTRAL,0.9978462846757662
NIFTY_50,2025-07-24,5,NEUTRAL,0.9962885393544499
NIFTY_50,2025-07-25,5,NEUTRAL,0.7260593776775304
NIFTY_50,2025-07-28,5,NEUTRAL,0.9911156082666988
NIFTY_50,2025-07-29,5,NEUTRAL,0.9974656060351723
NIFTY_50,2025-07-30,5,NEUTRAL,0.9973465160150137
NIFTY_50,2025-07-31,5,NEUTRAL,0.9946558115278719
NIFTY_50,2025-08-01,5,NEUTRAL,0.771997437435276
NIFTY_50,2025-08-04,5,NEUTRAL,0.9991333111251627
NIFTY_50,2025-08-05,5,NEUTRAL,0.9980966337562689
NIFTY_50,2025-08-06,5,NEUTRAL,0.997588230893537
NIFTY_50,2025-08-07,5,NEUTRAL,0.9987006640726557
NIFTY_50,2025-08-08,5,NEUTRAL,0.9936603410240097
NIFTY_50,2025-08-11,5,NEUTRAL,0.9992338216725637
NIFTY_50,2025-08-12,5,NEUTRAL,0.997995407886114
NIFTY_50,2025-08-13,5,NEUTRAL,0.9995790491271686
NIFTY_50,2025-08-14,5,NEUTRAL,0.9995878774514377
NIFTY_50,2025-08-18,5,NEUTRAL,0.9969433123644316
NIFTY_50,2025-08-19,5,NEUTRAL,0.9949661448228491
NIFTY_50,2025-08-20,5,NEUTRAL,0.7375491897131359
NIFTY_50,2025-08-21,5,NEUTRAL,0.6554457875631255
NIFTY_50,2025-08-22,5,NEUTRAL,0.9957818929811759
NIFTY_50,2025-08-25,5,NEUTRAL,0.9948694420183205
NIFTY_50,2025-08-26,5,NEUTRAL,0.9980464901839678
NIFTY_50,2025-08-28,5,NEUTRAL,0.9978269349941695
NIFTY_50,2025-08-29,5,NEUTRAL,0.998529312646287
NIFTY_50,2025-09-01,5,NEUTRAL,0.9994425715347037
NIFTY_50,2025-09-02,5,NEUTRAL,0.9989747793187598
NIFTY_50,2025-09-03,5,NEUTRAL,0.9992726572298924
NIFTY_50,2025-09-04,5,NEUTRAL,0.9972135204197976
NIFTY_50,2025-09-05,5,NEUTRAL,0.998176071229769
NIFTY_50,2025-09-08,5,NEUTRAL,0.9974095707373878
NIFTY_50,2025-09-09,5,NEUTRAL,0.6964544711423251
NIFTY_50,2025-09-10,5,NEUTRAL,0.9948095841308978
NIFTY_50,2025-09-11,5,NEUTRAL,0.992225142536241
NIFTY_50,2025-09-12,5,NEUTRAL,0.9907587588281382
NIFTY_50,2025-09-15,5,NEUTRAL,0.6894038815371654
NIFTY_50,2025-09-16,5,NEUTRAL,0.9941674339618857
NIFTY_50,2025-09-17,5,NEUTRAL,0.9944681204945085
NIFTY_50,2025-09-18,5,NEUTRAL,0.9964670280614935
NIFTY_50,2025-09-19,5,NEUTRAL,0.9956019457089295
NIFTY_50,2025-09-22,5,RISK_OFF,0.5516716998526534
NIFTY_50,2025-09-23,5,RISK_OFF,0.9808915991283104
NIFTY_50,2025-09-24,5,NEUTRAL,0.7316250612800472
NIFTY_50,2025-09-25,5,NEUTRAL,0.9941269603271832
NIFTY_50,2025-09-26,5,NEUTRAL,0.9955876246245389
NIFTY_50,2025-09-29,5,NEUTRAL,0.9973407475795454
NIFTY_50,2025-09-30,5,NEUTRAL,0.9973302985154808
NIFTY_50,2025-10-01,5,NEUTRAL,0.9973924327843192
NIFTY_50,2025-10-03,5,NEUTRAL,0.5857621158094107
NIFTY_50,2025-10-06,5,NEUTRAL,0.9921311681803238
NIFTY_50,2025-10-07,5,NEUTRAL,0.9932870914439845
NIFTY_50,2025-10-08,5,NEUTRAL,0.9900919260826128
NIFTY_50,2025-10-09,5,NEUTRAL,0.5421456257799688
NIFTY_50,2025-10-10,5,RISK_ON,0.5870777546961684
NIFTY_50,2025-10-13,5,RISK_ON,0.9926654437897591
NIFTY_50,2025-10-14,5,RISK_ON,0.9769867417504938
NIFTY_50,2025-10-15,5,RISK_ON,0.988757559745502
NIFTY_50,2025-10-16,5,RISK_ON,0.9612397661372072
NIFTY_50,2025-10-24,5,NEUTRAL,0.8323390692992314
NIFTY_50,2025-10-27,5,NEUTRAL,0.997679429305596
NIFTY_50,2025-10-28,5,NEUTRAL,0.9978234840843101
NIFTY_50,2025-10-29,5,NEUTRAL,0.9985077721046992
NIFTY_50,2025-10-30,5,NEUTRAL,0.9963695962734772
NIFTY_50,2025-10-31,5,NEUTRAL,0.996745635920153
NIFTY_50,2025-11-03,5,NEUTRAL,0.9923341103523841
NIFTY_50,2025-11-04,5,NEUTRAL,0.9943511798389035
NIFTY_50,2025-11-06,5,NEUTRAL,0.9969332487123366
NIFTY_50,2025-11-07,5,NEUTRAL,0.9964137573516162
NIFTY_50,2025-11-10,5,NEUTRAL,0.696123006024668
NIFTY_50,2025-11-11,5,NEUTRAL,0.991875150655141
NIFTY_50,2025-11-12,5,NEUTRAL,0.5663080170992539
NIFTY_50,2025-11-13,5,NEUTRAL,0.6674241378869019
NIFTY_50,2025-11-14,5,NEUTRAL,0.9832360785169504
NIFTY_50,2025-11-17,5,NEUTRAL,0.9768493507398179
NIFTY_50,2025-11-18,5,RISK_ON,0.5326333813792096
NIFTY_50,2025-11-19,5,RISK_ON,0.9716861067012759
NIFTY_50,2025-11-21,5,RISK_ON,0.9770116773029603
NIFTY_50,2025-11-24,5,RISK_ON,0.9719071766278375
NIFTY_50,2025-11-25,5,RISK_ON,0.9714523340921709
NIFTY_50,2025-11-26,5,RISK_ON,0.5135936843025597
NIFTY_50,2025-11-27,5,RISK_ON,0.9729955678607677
NIFTY_50,2025-11-28,5,RISK_ON,0.9698909595152363
NIFTY_50,2025-12-01,5,RISK_ON,0.5675206944888707
NIFTY_50,2025-12-02,5,NEUTRAL,0.7612367952728226
NIFTY_50,2025-12-03,5,NEUTRAL,0.9929655937648665
NIFTY_50,2025-12-04,5,NEUTRAL,0.9923377560911568
NIFTY_50,2025-12-05,5,NEUTRAL,0.7782750816412793
NIFTY_50,2025-12-08,5,NEUTRAL,0.9911993123218722
NIFTY_50,2025-12-09,5,NEUTRAL,0.9959708182183259
NIFTY_50,2025-12-10,5,NEUTRAL,0.9943647880246518
NIFTY_50,2025-12-11,5,NEUTRAL,0.9966895857384269
NIFTY_50,2025-12-12,5,NEUTRAL,0.9888435673990217
NIFTY_50,2025-12-15,5,NEUTRAL,0.5286951669914305
NIFTY_50,2025-12-16,5,NEUTRAL,0.5845492945707975
NIFTY_50,2025-12-17,5,NEUTRAL,0.685687955364805
NIFTY_50,2025-12-18,5,NEUTRAL,0.9831216117565956
NIFTY_50,2025-12-19,5,NEUTRAL,0.9924150123856381
NIFTY_50,2025-12-22,5,NEUTRAL,0.9959308794749326
NIFTY_50,2025-12-23,5,NEUTRAL,0.996539074887882
NIFTY_50,2025-12-24,5,NEUTRAL,0.9931227493810223
NIFTY_50,2025-12-26,5,NEUTRAL,0.5442210090362564
NIFTY_50,2025-12-29,5,NEUTRAL,0.7101501523591758
NIFTY_50,2025-12-30,5,NEUTRAL,0.9874834024000058
NIFTY_50,2025-12-31,5,NEUTRAL,0.9899530324813617
NIFTY_50,2026-01-01,5,NEUTRAL,0.711395739043533
NIFTY_50,2026-01-05,5,NEUTRAL,0.991853796099623
NIFTY_50,2026-01-06,5,NEUTRAL,0.6837492341123699
NIFTY_50,2026-01-07,5,NEUTRAL,0.9821393086980195
NIFTY_50,2026-01-08,5,RISK_OFF,0.5990672369556914
NIFTY_50,2026-01-09,5,RISK_OFF,0.9917915391410452
NIFTY_50,2026-01-12,5,RISK_OFF,0.9905386283480387
NIFTY_50,2026-01-13,5,RISK_OFF,0.9952629473287006
NIFTY_50,2026-01-14,5,RISK_OFF,0.996035588682233
NIFTY_50,2026-01-16,5,RISK_OFF,0.99678418799282
NIFTY_50,2026-01-19,5,RISK_OFF,0.9957205124493947
NIFTY_50,2026-01-20,5,RISK_OFF,0.9951699985382211
NIFTY_50,2026-01-21,5,RISK_OFF,0.9911484316854068
NIFTY_50,2026-01-22,5,RISK_OFF,0.979955835245197
NIFTY_50,2026-01-23,5,RISK_OFF,0.9885079506173291
NIFTY_50,2026-01-27,5,NEUTRAL,0.5035884839233372
NIFTY_50,2026-01-28,5,NEUTRAL,0.9939303266074958
NIFTY_50,2026-01-29,5,NEUTRAL,0.793454651668984
NIFTY_50,2026-01-30,5,NEUTRAL,0.9933537393149792
NIFTY_50,2026-02-02,5,NEUTRAL,0.9907432412988451
NIFTY_50,2026-02-03,5,NEUTRAL,0.9925437958082309
NIFTY_50,2026-02-04,5,NEUTRAL,0.9945914245543561
NIFTY_50,2026-02-05,5,NEUTRAL,0.9933550929774139
NIFTY_50,2026-02-06,5,NEUTRAL,0.5394140222970946
NIFTY_50,2026-02-09,5,NEUTRAL,0.642606748382217
NIFTY_50,2026-02-10,5,NEUTRAL,0.9914305033245817
NIFTY_50,2026-02-11,5,NEUTRAL,0.9886060643033007
NIFTY_50,2026-02-12,5,NEUTRAL,0.5316969700826581
NIFTY_50,2026-02-13,5,NEUTRAL,0.5056290825623779
NIFTY_50,2026-02-16,5,NEUTRAL,0.9809986654193235
NIFTY_50,2026-02-17,5,RISK_OFF,0.7569816810557142
NIFTY_50,2026-02-18,5,RISK_OFF,0.9947835449052029
NIFTY_50,2026-02-19,5,RISK_OFF,0.9940115542553024
NIFTY_50,2026-02-20,5,RISK_OFF,0.9955769911830579
NIFTY_50,2026-02-23,5,RISK_OFF,0.9944524021961905
NIFTY_50,2026-02-24,5,RISK_OFF,0.9967951218299121
NIFTY_50,2026-02-25,5,RISK_OFF,0.9971435962950026
NIFTY_50,2026-02-26,5,RISK_OFF,0.9937152916122373
NIFTY_50,2026-02-27,5,RISK_OFF,0.9969744884979825
NIFTY_50,2026-03-02,5,RISK_OFF,0.9927952954396944
NIFTY_50,2026-03-04,5,STRONG_RISK_OFF,0.7232797103874925
NIFTY_50,2026-03-05,5,STRONG_RISK_OFF,0.9949845315288524
NIFTY_50,2026-03-06,5,STRONG_RISK_OFF,0.9959271912336501
NIFTY_50,2026-03-10,5,STRONG_RISK_OFF,0.9979544524094474
NIFTY_50,2026-03-11,5,STRONG_RISK_OFF,0.9986847647479138
NIFTY_50,2026-03-17,5,STRONG_RISK_OFF,0.9990243976298482
NIFTY_50,2026-03-18,5,STRONG_RISK_OFF,0.9992932202265895
NIFTY_50,2026-03-19,5,STRONG_RISK_OFF,0.999158987939323
NIFTY_50,2026-03-20,5,STRONG_RISK_OFF,0.9983381433940395
NIFTY_50,2026-03-24,5,STRONG_RISK_OFF,0.998269524419015
NIFTY_50,2026-03-25,5,STRONG_RISK_OFF,0.9989677023185469
NIFTY_50,2026-03-27,5,STRONG_RISK_OFF,0.9986690043776015
NIFTY_50,2026-04-01,5,STRONG_RISK_OFF,0.9977282519259498
NIFTY_50,2026-04-02,5,STRONG_RISK_OFF,0.9967565223228237
NIFTY_50,2026-04-06,5,STRONG_RISK_OFF,0.9970403245091178
NIFTY_50,2026-04-07,5,RISK_OFF,0.8507418917779439
NIFTY_50,2026-04-08,5,RISK_OFF,0.9980806132545463
NIFTY_50,2026-04-09,5,RISK_OFF,0.9979662257578713
NIFTY_50,2026-04-10,5,RISK_OFF,0.9975259509951889
NIFTY_50,2026-04-13,5,RISK_OFF,0.9977465839707018
NIFTY_50,2026-04-15,5,RISK_OFF,0.9977606138875478
NIFTY_50,2026-04-16,5,RISK_OFF,0.9967689785878324
NIFTY_50,2026-04-17,5,STRONG_RISK_OFF,0.813498180311685
NIFTY_50,2026-04-20,5,STRONG_RISK_OFF,0.9972261686478688
NIFTY_50,2026-04-21,5,STRONG_RISK_OFF,0.996280992490652
NIFTY_50,2026-04-22,5,RISK_OFF,0.7456399720382968
NIFTY_50,2026-04-23,5,STRONG_RISK_OFF,0.7623432921426789
NIFTY_50,2026-04-24,5,STRONG_RISK_OFF,0.9947649576805545
NIFTY_50,2026-04-27,5,STRONG_RISK_OFF,0.9934271663578145
NIFTY_50,2026-04-28,5,RISK_OFF,0.8823735751865789
NIFTY_50,2026-04-29,5,RISK_OFF,0.9909969218780712
NIFTY_50,2026-04-30,5,RISK_OFF,0.9944236598287931
NIFTY_50,2026-05-04,5,STRONG_RISK_OFF,0.8711448954563451
NIFTY_50,2026-05-05,5,STRONG_RISK_OFF,0.9954519883665659
NIFTY_50,2026-05-06,5,STRONG_RISK_OFF,0.9984570306126478
NIFTY_50,2026-05-07,5,STRONG_RISK_OFF,0.9982256572650482
NIFTY_50,2026-05-08,5,STRONG_RISK_OFF,0.9994079867049572
NIFTY_50,2026-05-11,5,STRONG_RISK_OFF,0.9983052301036446
NIFTY_50,2026-05-12,5,STRONG_RISK_OFF,0.9971550505846566
NIFTY_50,2026-05-13,5,STRONG_RISK_OFF,0.9978176176803437
NIFTY_50,2026-05-14,5,STRONG_RISK_OFF,0.9958535445668553
NIFTY_50,2026-05-15,5,STRONG_RISK_OFF,0.99225008293321
NIFTY_50,2026-05-18,5,RISK_OFF,0.7291627723711276
NIFTY_50,2026-05-19,5,RISK_OFF,0.9928005070981265
NIFTY_50,2026-05-20,5,RISK_OFF,0.9908633917524575
NIFTY_50,2026-05-21,5,STRONG_RISK_OFF,0.6524211835860971
NIFTY_50,2026-05-22,5,STRONG_RISK_OFF,0.9985825279479812
NIFTY_50,2026-05-25,5,STRONG_RISK_OFF,0.9990293085851784
NIFTY_50,2026-05-26,5,STRONG_RISK_OFF,0.9991296808065935
NIFTY_50,2026-05-27,5,STRONG_RISK_OFF,0.9980834360191215
NIFTY_50,2026-05-29,5,STRONG_RISK_OFF,0.9972853315721476
NIFTY_50,2026-06-01,5,STRONG_RISK_OFF,0.9975694265449375
NIFTY_50,2026-06-02,5,STRONG_RISK_OFF,0.9980098361328466
NIFTY_50,2026-06-03,5,STRONG_RISK_OFF,0.9984898805263732
NIFTY_50,2026-06-04,5,STRONG_RISK_OFF,0.998793349982886
NIFTY_50,2026-06-05,5,STRONG_RISK_OFF,0.9986263510149094
NIFTY_50,2021-08-26,10,NEUTRAL,0.8815961224979817
NIFTY_50,2021-09-08,10,RISK_ON,0.5490693208538112
NIFTY_50,2021-09-09,10,STRONG_RISK_ON,0.9527751691045837
NIFTY_50,2021-09-13,10,STRONG_RISK_ON,0.998433250264381
NIFTY_50,2021-09-14,10,STRONG_RISK_ON,0.9993561576609955
NIFTY_50,2021-09-20,10,STRONG_RISK_ON,0.9974763733101741
NIFTY_50,2021-09-21,10,STRONG_RISK_ON,0.9979234188937764
NIFTY_50,2021-09-22,10,STRONG_RISK_ON,0.9985105225819321
NIFTY_50,2021-09-27,10,STRONG_RISK_ON,0.9964817511279364
NIFTY_50,2021-09-28,10,STRONG_RISK_ON,0.9975457793038902
NIFTY_50,2021-09-29,10,STRONG_RISK_ON,0.9957446194443789
NIFTY_50,2021-09-30,10,STRONG_RISK_ON,0.9965063414898191
NIFTY_50,2021-10-01,10,STRONG_RISK_ON,0.9947313466943773
NIFTY_50,2021-10-04,10,STRONG_RISK_ON,0.9949985085633354
NIFTY_50,2021-10-05,10,STRONG_RISK_ON,0.9958685220120062
NIFTY_50,2021-10-06,10,STRONG_RISK_ON,0.9891517904702529
NIFTY_50,2021-10-07,10,RISK_ON,0.6887825460658991
NIFTY_50,2021-10-08,10,STRONG_RISK_ON,0.8008607600275022
NIFTY_50,2021-10-11,10,STRONG_RISK_ON,0.994005529423828
NIFTY_50,2021-10-20,10,STRONG_RISK_ON,0.9968634299327648
NIFTY_50,2021-10-21,10,STRONG_RISK_ON,0.9883162838756372
NIFTY_50,2021-10-22,10,RISK_ON,0.8950298223874149
NIFTY_50,2021-10-25,10,RISK_ON,0.995602376958582
NIFTY_50,2021-10-26,10,RISK_ON,0.9928624984638998
NIFTY_50,2021-10-27,10,RISK_ON,0.9919663228241775
NIFTY_50,2021-10-28,10,RISK_ON,0.9959255984348802
NIFTY_50,2021-10-29,10,RISK_ON,0.984833547463065
NIFTY_50,2021-11-01,10,RISK_ON,0.9930785390801161
NIFTY_50,2021-11-02,10,RISK_ON,0.9902400858402549
NIFTY_50,2021-11-03,10,RISK_ON,0.9730744627142475
NIFTY_50,2021-11-04,10,NEUTRAL,0.6765439562795432
NIFTY_50,2021-11-08,10,NEUTRAL,0.9951458451900611
NIFTY_50,2021-11-09,10,NEUTRAL,0.9975002465695666
NIFTY_50,2021-11-10,10,NEUTRAL,0.9971159955719661
NIFTY_50,2021-11-11,10,NEUTRAL,0.9985387973595745
NIFTY_50,2021-11-12,10,NEUTRAL,0.9979556325756442
NIFTY_50,2021-11-15,10,NEUTRAL,0.9973940292507381
NIFTY_50,2021-11-16,10,NEUTRAL,0.9978737368727159
NIFTY_50,2021-11-17,10,NEUTRAL,0.9972619362839115
NIFTY_50,2021-11-18,10,NEUTRAL,0.997371581003464
NIFTY_50,2021-11-22,10,NEUTRAL,0.6816878079916067
NIFTY_50,2021-11-23,10,NEUTRAL,0.9945475592424755
NIFTY_50,2021-11-24,10,NEUTRAL,0.9949082414525361
NIFTY_50,2021-11-25,10,NEUTRAL,0.9939168661470711
NIFTY_50,2021-11-26,10,NEUTRAL,0.9968925123363377
NIFTY_50,2021-11-29,10,NEUTRAL,0.9976163475676565
NIFTY_50,2021-11-30,10,NEUTRAL,0.9959434607622845
NIFTY_50,2021-12-01,10,NEUTRAL,0.9939450615029609
NIFTY_50,2021-12-02,10,NEUTRAL,0.9920723420602752
NIFTY_50,2021-12-03,10,NEUTRAL,0.5989393466000028
NIFTY_50,2021-12-06,10,NEUTRAL,0.501289856424314
NIFTY_50,2021-12-07,10,RISK_OFF,0.5137716125109446
NIFTY_50,2021-12-08,10,RISK_OFF,0.9833111077165222
NIFTY_50,2021-12-09,10,RISK_OFF,0.9877842396954176
NIFTY_50,2021-12-10,10,RISK_OFF,0.9844818251931837
NIFTY_50,2021-12-13,10,RISK_OFF,0.9745510930119179
NIFTY_50,2021-12-14,10,NEUTRAL,0.6238608405866386
NIFTY_50,2021-12-15,10,NEUTRAL,0.9936487222299895
NIFTY_50,2021-12-16,10,NEUTRAL,0.9936707404253362
NIFTY_50,2021-12-17,10,NEUTRAL,0.9855565739936137
NIFTY_50,2021-12-20,10,NEUTRAL,0.9922013497066275
NIFTY_50,2021-12-21,10,RISK_ON,0.4963239030116504
NIFTY_50,2021-12-22,10,RISK_ON,0.9950676839152292
NIFTY_50,2021-12-23,10,RISK_ON,0.9966865731173851
NIFTY_50,2021-12-24,10,RISK_ON,0.9972695153076574
NIFTY_50,2021-12-27,10,RISK_ON,0.9975075549888426
NIFTY_50,2021-12-28,10,RISK_ON,0.9959164862318259
NIFTY_50,2021-12-29,10,RISK_ON,0.9942655385289061
NIFTY_50,2021-12-30,10,RISK_ON,0.9966106311552262
NIFTY_50,2021-12-31,10,RISK_ON,0.9831726074482868
NIFTY_50,2022-01-03,10,STRONG_RISK_ON,0.6609917602786477
NIFTY_50,2022-01-04,10,RISK_ON,0.9328588742558869
NIFTY_50,2022-01-05,10,RISK_ON,0.9757071371761846
NIFTY_50,2022-01-06,10,RISK_ON,0.9756183850238581
NIFTY_50,2022-01-07,10,NEUTRAL,0.6779079971275475
NIFTY_50,2022-01-10,10,NEUTRAL,0.995142357250644
NIFTY_50,2022-01-11,10,NEUTRAL,0.9970477100801436
NIFTY_50,2022-01-12,10,NEUTRAL,0.9980350438790037
NIFTY_50,2022-01-13,10,NEUTRAL,0.9974077679641005
NIFTY_50,2022-01-14,10,NEUTRAL,0.9973658660635043
NIFTY_50,2022-01-17,10,NEUTRAL,0.994555400934318
NIFTY_50,2022-01-18,10,NEUTRAL,0.6091430003971862
NIFTY_50,2022-01-19,10,RISK_ON,0.5673752080783645
NIFTY_50,2022-01-20,10,NEUTRAL,0.6326537023551407
NIFTY_50,2022-01-21,10,NEUTRAL,0.9944927825334074
NIFTY_50,2022-01-24,10,NEUTRAL,0.9979587013977494
NIFTY_50,2022-01-25,10,NEUTRAL,0.9984815043358338
NIFTY_50,2022-01-27,10,NEUTRAL,0.9980952627155407
NIFTY_50,2022-01-28,10,NEUTRAL,0.9973338257845598
NIFTY_50,2022-01-31,10,NEUTRAL,0.8122331849266455
NIFTY_50,2022-02-01,10,NEUTRAL,0.9946310214750308
NIFTY_50,2022-02-02,10,NEUTRAL,0.9936525307376555
NIFTY_50,2022-02-03,10,NEUTRAL,0.9930837576487289
NIFTY_50,2022-02-04,10,NEUTRAL,0.9918875046868668
NIFTY_50,2022-02-07,10,NEUTRAL,0.9933809309856064
NIFTY_50,2022-02-08,10,NEUTRAL,0.9911164324270971
NIFTY_50,2022-02-09,10,NEUTRAL,0.9876208373103944
NIFTY_50,2022-02-10,10,NEUTRAL,0.5953511947360308
NIFTY_50,2022-02-11,10,RISK_OFF,0.5283387572549496
NIFTY_50,2022-02-14,10,RISK_OFF,0.9851222355211656
NIFTY_50,2022-02-15,10,RISK_OFF,0.9943089501484904
NIFTY_50,2022-02-16,10,RISK_OFF,0.9941946364000387
NIFTY_50,2022-02-17,10,RISK_OFF,0.9937002889704278
NIFTY_50,2022-02-18,10,RISK_OFF,0.99379534505602
NIFTY_50,2022-02-21,10,RISK_OFF,0.9928996544584248
NIFTY_50,2022-02-22,10,RISK_OFF,0.9931532488291379
NIFTY_50,2022-02-23,10,RISK_OFF,0.9968423699015875
NIFTY_50,2022-02-25,10,RISK_OFF,0.9539094769717376
NIFTY_50,2022-02-28,10,NEUTRAL,0.7266205612300783
NIFTY_50,2022-03-02,10,NEUTRAL,0.9963106422265632
NIFTY_50,2022-03-03,10,NEUTRAL,0.993414218005687
NIFTY_50,2022-03-04,10,NEUTRAL,0.9964827909624959
NIFTY_50,2022-03-09,10,NEUTRAL,0.9920219803410796
NIFTY_50,2022-03-10,10,NEUTRAL,0.9971539304556433
NIFTY_50,2022-03-11,10,NEUTRAL,0.9978532138174783
NIFTY_50,2022-03-14,10,NEUTRAL,0.9963416934699478
NIFTY_50,2022-03-15,10,NEUTRAL,0.9985071870859643
NIFTY_50,2022-03-16,10,NEUTRAL,0.9976420231231916
NIFTY_50,2022-03-17,10,NEUTRAL,0.9943731186140775
NIFTY_50,2022-03-21,10,NEUTRAL,0.9972660162592283
NIFTY_50,2022-03-22,10,NEUTRAL,0.6895439130881583
NIFTY_50,2022-03-23,10,NEUTRAL,0.9951377379901607
NIFTY_50,2022-03-24,10,NEUTRAL,0.9968885879809594
NIFTY_50,2022-03-25,10,NEUTRAL,0.9962947313172565
NIFTY_50,2022-03-28,10,NEUTRAL,0.9973193225650939
NIFTY_50,2022-03-29,10,NEUTRAL,0.9907355176296592
NIFTY_50,2022-03-30,10,NEUTRAL,0.9853037028132465
NIFTY_50,2022-03-31,10,RISK_OFF,0.5852385624623878
NIFTY_50,2022-04-01,10,RISK_OFF,0.9904491890906634
NIFTY_50,2022-04-04,10,RISK_OFF,0.9888090982312011
NIFTY_50,2022-04-05,10,NEUTRAL,0.654203737661074
NIFTY_50,2022-04-06,10,RISK_OFF,0.6708561302379706
NIFTY_50,2022-04-07,10,RISK_OFF,0.9963434865100634
NIFTY_50,2022-04-08,10,RISK_OFF,0.9895526401684632
NIFTY_50,2022-04-11,10,RISK_OFF,0.994065068682302
NIFTY_50,2022-04-12,10,RISK_OFF,0.995964248646575
NIFTY_50,2022-04-13,10,RISK_OFF,0.9916167924177195
NIFTY_50,2022-04-18,10,RISK_OFF,0.992041204170435
NIFTY_50,2022-04-19,10,RISK_OFF,0.9905752293771382
NIFTY_50,2022-04-20,10,RISK_OFF,0.994932017055928
NIFTY_50,2022-04-21,10,RISK_OFF,0.9946363739169666
NIFTY_50,2022-04-22,10,RISK_OFF,0.994706989342641
NIFTY_50,2022-04-25,10,RISK_OFF,0.9935101466652161
NIFTY_50,2022-04-26,10,RISK_OFF,0.9914028699987122
NIFTY_50,2022-04-27,10,RISK_OFF,0.9951283792571678
NIFTY_50,2022-04-28,10,RISK_OFF,0.9912010915424228
NIFTY_50,2022-04-29,10,RISK_OFF,0.9950845534394962
NIFTY_50,2022-05-02,10,RISK_OFF,0.9921031486220788
NIFTY_50,2022-05-04,10,STRONG_RISK_OFF,0.9122824632239712
NIFTY_50,2022-05-05,10,STRONG_RISK_OFF,0.9973295149337019
NIFTY_50,2022-05-06,10,STRONG_RISK_OFF,0.9990696158482448
NIFTY_50,2022-05-09,10,STRONG_RISK_OFF,0.999346703640616
NIFTY_50,2022-05-10,10,STRONG_RISK_OFF,0.9994362877128943
NIFTY_50,2022-05-11,10,STRONG_RISK_OFF,0.9983051477474605
NIFTY_50,2022-05-12,10,STRONG_RISK_OFF,0.9973540970624544
NIFTY_50,2022-05-13,10,STRONG_RISK_OFF,0.9961087544847895
NIFTY_50,2022-05-16,10,RISK_OFF,0.7179246518141781
NIFTY_50,2022-05-17,10,STRONG_RISK_OFF,0.8248164723614454
NIFTY_50,2022-05-18,10,STRONG_RISK_OFF,0.9996381548107676
NIFTY_50,2022-05-19,10,STRONG_RISK_OFF,0.9986496664188266
NIFTY_50,2022-05-20,10,STRONG_RISK_OFF,0.9986829877945851
NIFTY_50,2022-05-23,10,STRONG_RISK_OFF,0.9997224231939659
NIFTY_50,2022-05-24,10,STRONG_RISK_OFF,0.9984318752038985
NIFTY_50,2022-05-25,10,STRONG_RISK_OFF,0.9980547448439525
NIFTY_50,2022-05-26,10,STRONG_RISK_OFF,0.9997381566967386
NIFTY_50,2022-05-27,10,STRONG_RISK_OFF,0.9991707670081469
NIFTY_50,2022-05-30,10,STRONG_RISK_OFF,0.9995869996147307
NIFTY_50,2022-05-31,10,STRONG_RISK_OFF,0.9995243367724028
NIFTY_50,2022-06-01,10,STRONG_RISK_OFF,0.9995800231179007
NIFTY_50,2022-06-02,10,STRONG_RISK_OFF,0.9993734178213706
NIFTY_50,2022-06-03,10,STRONG_RISK_OFF,0.9996908933306446
NIFTY_50,2022-06-06,10,STRONG_RISK_OFF,0.9996533351566709
NIFTY_50,2022-06-07,10,STRONG_RISK_OFF,0.9992925446754403
NIFTY_50,2022-06-08,10,STRONG_RISK_OFF,0.9973180121420185
NIFTY_50,2022-06-09,10,STRONG_RISK_OFF,0.999004981261329
NIFTY_50,2022-06-10,10,STRONG_RISK_OFF,0.9992233396120155
NIFTY_50,2022-06-13,10,STRONG_RISK_OFF,0.9996230838280609
NIFTY_50,2022-06-14,10,STRONG_RISK_OFF,0.9996343503005441
NIFTY_50,2022-06-15,10,STRONG_RISK_OFF,0.9973804299955941
NIFTY_50,2022-06-20,10,STRONG_RISK_OFF,0.9987578138294895
NIFTY_50,2022-06-21,10,STRONG_RISK_OFF,0.9977407059839636
NIFTY_50,2022-06-22,10,STRONG_RISK_OFF,0.9971300258354916
NIFTY_50,2022-06-23,10,STRONG_RISK_OFF,0.9964562127159405
NIFTY_50,2022-06-24,10,RISK_OFF,0.8680346243025886
NIFTY_50,2022-06-27,10,RISK_OFF,0.9932448836503518
NIFTY_50,2022-06-28,10,STRONG_RISK_OFF,0.6069704319278993
NIFTY_50,2022-06-29,10,STRONG_RISK_OFF,0.9952211345960735
NIFTY_50,2022-06-30,10,STRONG_RISK_OFF,0.9975111693401842
NIFTY_50,2022-07-01,10,STRONG_RISK_OFF,0.9960683211722086
NIFTY_50,2022-07-04,10,RISK_OFF,0.8593098340065985
NIFTY_50,2022-07-05,10,RISK_OFF,0.9930691578823294
NIFTY_50,2022-07-06,10,RISK_OFF,0.9724570884684708
NIFTY_50,2022-07-07,10,NEUTRAL,0.5383643154039767
NIFTY_50,2022-07-08,10,NEUTRAL,0.9947097895426525
NIFTY_50,2022-07-11,10,NEUTRAL,0.9960895750424166
NIFTY_50,2022-07-12,10,NEUTRAL,0.7207652624252401
NIFTY_50,2022-07-13,10,NEUTRAL,0.9908961741018043
NIFTY_50,2022-07-14,10,NEUTRAL,0.991143523045292
NIFTY_50,2022-07-15,10,NEUTRAL,0.995033857709335
NIFTY_50,2022-07-18,10,NEUTRAL,0.9980499324149295
NIFTY_50,2022-07-19,10,NEUTRAL,0.9977428459561318
NIFTY_50,2022-07-20,10,NEUTRAL,0.9979203369880888
NIFTY_50,2022-07-21,10,NEUTRAL,0.9991547177843311
NIFTY_50,2022-07-22,10,NEUTRAL,0.9973844778510417
NIFTY_50,2022-07-25,10,NEUTRAL,0.9968529650254203
NIFTY_50,2022-07-26,10,NEUTRAL,0.9961810604772812
NIFTY_50,2022-07-27,10,NEUTRAL,0.9967273081278311
NIFTY_50,2022-07-28,10,RISK_ON,0.7139564966171751
NIFTY_50,2022-07-29,10,RISK_ON,0.9967717382765791
NIFTY_50,2022-08-01,10,STRONG_RISK_ON,0.6539130718880602
NIFTY_50,2022-08-02,10,STRONG_RISK_ON,0.9827555324083699
NIFTY_50,2022-08-03,10,RISK_ON,0.8815288940283801
NIFTY_50,2022-08-04,10,RISK_ON,0.9953624475963725
NIFTY_50,2022-08-05,10,RISK_ON,0.9976439930050353
NIFTY_50,2022-08-08,10,RISK_ON,0.994598568600597
NIFTY_50,2022-08-10,10,RISK_ON,0.9965733375581158
NIFTY_50,2022-08-11,10,RISK_ON,0.9977064215560728
NIFTY_50,2022-08-12,10,RISK_ON,0.9975383102321442
NIFTY_50,2022-08-16,10,RISK_ON,0.9976977561302136
NIFTY_50,2022-08-17,10,RISK_ON,0.9986635453845595
NIFTY_50,2022-08-18,10,RISK_ON,0.998645494474151
NIFTY_50,2022-08-19,10,RISK_ON,0.9963075909593653
NIFTY_50,2022-08-22,10,RISK_ON,0.9903064901466471
NIFTY_50,2022-08-23,10,RISK_ON,0.5371920407918949
NIFTY_50,2022-08-24,10,RISK_ON,0.9944528809529934
NIFTY_50,2022-08-25,10,RISK_ON,0.9943893780236438
NIFTY_50,2022-08-26,10,RISK_ON,0.9919485587876959
NIFTY_50,2022-08-29,10,RISK_ON,0.9922844210646077
NIFTY_50,2022-08-30,10,RISK_ON,0.9946455756975429
NIFTY_50,2022-09-01,10,RISK_ON,0.9789417407034355
NIFTY_50,2022-09-02,10,NEUTRAL,0.671405058657183
NIFTY_50,2022-09-05,10,NEUTRAL,0.9926072216027256
NIFTY_50,2022-09-06,10,NEUTRAL,0.9930728380202409
NIFTY_50,2022-09-07,10,NEUTRAL,0.9883856806036203
NIFTY_50,2022-09-08,10,NEUTRAL,0.9908768297189651
NIFTY_50,2022-09-09,10,RISK_OFF,0.529411877714863
NIFTY_50,2022-09-12,10,RISK_OFF,0.9835228291097644
NIFTY_50,2022-09-13,10,RISK_OFF,0.9940912295939104
NIFTY_50,2022-09-14,10,RISK_OFF,0.9906058101690358
NIFTY_50,2022-09-15,10,RISK_OFF,0.9803475437702163
NIFTY_50,2022-09-16,10,RISK_OFF,0.9888765662532043
NIFTY_50,2022-09-19,10,RISK_OFF,0.9650531305872936
NIFTY_50,2022-09-20,10,NEUTRAL,0.7602633726159722
NIFTY_50,2022-09-21,10,NEUTRAL,0.9951281217135425
NIFTY_50,2022-09-22,10,NEUTRAL,0.9912078484757302
NIFTY_50,2022-09-23,10,NEUTRAL,0.5229683262282049
NIFTY_50,2022-09-26,10,RISK_OFF,0.6750687858220046
NIFTY_50,2022-09-27,10,RISK_OFF,0.9894263213318129
NIFTY_50,2022-09-28,10,RISK_OFF,0.9757724049348304
NIFTY_50,2022-09-29,10,RISK_OFF,0.9763897067534041
NIFTY_50,2022-09-30,10,NEUTRAL,0.7353789826287273
NIFTY_50,2022-10-03,10,NEUTRAL,0.9924076137785588
NIFTY_50,2022-10-04,10,NEUTRAL,0.9971926912456516
NIFTY_50,2022-10-06,10,NEUTRAL,0.9959689013926484
NIFTY_50,2022-10-07,10,NEUTRAL,0.9971976984679743
NIFTY_50,2022-10-10,10,NEUTRAL,0.9986501230747135
NIFTY_50,2022-10-11,10,NEUTRAL,0.9971200498379004
NIFTY_50,2022-10-12,10,NEUTRAL,0.997989202981445
NIFTY_50,2022-10-13,10,NEUTRAL,0.996861333082867
NIFTY_50,2022-10-14,10,NEUTRAL,0.9976560346935494
NIFTY_50,2022-10-17,10,NEUTRAL,0.9972358420545612
NIFTY_50,2022-10-18,10,NEUTRAL,0.998080998836009
NIFTY_50,2022-10-19,10,NEUTRAL,0.9959288097955531
NIFTY_50,2022-10-20,10,NEUTRAL,0.9944195975693839
NIFTY_50,2022-10-21,10,NEUTRAL,0.994291074560233
NIFTY_50,2022-10-24,10,RISK_ON,0.5025224451340751
NIFTY_50,2022-10-25,10,RISK_ON,0.9740321354930597
NIFTY_50,2022-10-27,10,RISK_ON,0.9791640967116927
NIFTY_50,2022-10-28,10,NEUTRAL,0.5963452223070926
NIFTY_50,2022-10-31,10,NEUTRAL,0.4959403577724103
NIFTY_50,2022-11-02,10,RISK_ON,0.6867961484963356
NIFTY_50,2022-11-03,10,STRONG_RISK_ON,0.5673485574045544
NIFTY_50,2022-11-04,10,RISK_ON,0.9445858709913533
NIFTY_50,2022-11-09,10,RISK_ON,0.9951713801785014
NIFTY_50,2022-11-10,10,RISK_ON,0.993860466991088
NIFTY_50,2022-11-17,10,RISK_ON,0.984708202942656
NIFTY_50,2022-11-18,10,RISK_ON,0.9915788048014278
NIFTY_50,2022-11-21,10,RISK_ON,0.9918154191653598
NIFTY_50,2022-11-22,10,RISK_ON,0.9733437635097874
NIFTY_50,2022-11-23,10,NEUTRAL,0.5243851347461655
NIFTY_50,2022-12-02,10,NEUTRAL,0.9946796256659024
NIFTY_50,2022-12-05,10,NEUTRAL,0.9952108832023483
NIFTY_50,2022-12-06,10,NEUTRAL,0.9964922678926574
NIFTY_50,2022-12-07,10,NEUTRAL,0.9960111277887694
NIFTY_50,2022-12-08,10,NEUTRAL,0.9965944883127148
NIFTY_50,2022-12-09,10,NEUTRAL,0.767278775875262
NIFTY_50,2022-12-12,10,NEUTRAL,0.9953242826916543
NIFTY_50,2022-12-13,10,NEUTRAL,0.9964140051016811
NIFTY_50,2022-12-14,10,NEUTRAL,0.9933100694246381
NIFTY_50,2022-12-15,10,NEUTRAL,0.9966683512559851
NIFTY_50,2022-12-16,10,NEUTRAL,0.996607413082084
NIFTY_50,2022-12-19,10,NEUTRAL,0.9982325398246028
NIFTY_50,2022-12-20,10,NEUTRAL,0.9974936326929239
NIFTY_50,2022-12-21,10,NEUTRAL,0.9962848260715887
NIFTY_50,2022-12-22,10,NEUTRAL,0.9976435272111729
NIFTY_50,2022-12-23,10,NEUTRAL,0.9968133441127398
NIFTY_50,2022-12-26,10,NEUTRAL,0.9973317074243517
NIFTY_50,2022-12-27,10,NEUTRAL,0.9982222841511098
NIFTY_50,2022-12-28,10,NEUTRAL,0.9988822858400382
NIFTY_50,2022-12-29,10,NEUTRAL,0.998271589252574
NIFTY_50,2022-12-30,10,NEUTRAL,0.9990192885814989
NIFTY_50,2023-01-02,10,NEUTRAL,0.9983599350923176
NIFTY_50,2023-01-03,10,NEUTRAL,0.9984680789737636
NIFTY_50,2023-01-04,10,NEUTRAL,0.9985592516909971
NIFTY_50,2023-01-05,10,NEUTRAL,0.9990960823920668
NIFTY_50,2023-01-06,10,NEUTRAL,0.9991785603851038
NIFTY_50,2023-01-09,10,NEUTRAL,0.9982578039255579
NIFTY_50,2023-01-10,10,NEUTRAL,0.9975589868149438
NIFTY_50,2023-01-11,10,NEUTRAL,0.9974946773819894
NIFTY_50,2023-01-12,10,NEUTRAL,0.730290554402834
NIFTY_50,2023-01-13,10,NEUTRAL,0.9897260606471883
NIFTY_50,2023-01-16,10,NEUTRAL,0.9920003948049534
NIFTY_50,2023-01-17,10,NEUTRAL,0.6807175395384238
NIFTY_50,2023-01-18,10,NEUTRAL,0.994505209840403
NIFTY_50,2023-01-19,10,NEUTRAL,0.9957332291017106
NIFTY_50,2023-01-20,10,NEUTRAL,0.9964679752012832
NIFTY_50,2023-01-23,10,NEUTRAL,0.9956325713165188
NIFTY_50,2023-01-24,10,NEUTRAL,0.9966930819277876
NIFTY_50,2023-01-25,10,NEUTRAL,0.9971695834772183
NIFTY_50,2023-01-27,10,NEUTRAL,0.9953713976459367
NIFTY_50,2023-01-30,10,NEUTRAL,0.8633051785519238
NIFTY_50,2023-01-31,10,NEUTRAL,0.9839075317134607
NIFTY_50,2023-02-01,10,NEUTRAL,0.9945780775316413
NIFTY_50,2023-02-02,10,NEUTRAL,0.9944483090833427
NIFTY_50,2023-02-03,10,NEUTRAL,0.9883896704830166
NIFTY_50,2023-02-06,10,NEUTRAL,0.9923915620353758
NIFTY_50,2023-02-07,10,NEUTRAL,0.570682359962428
NIFTY_50,2023-02-08,10,RISK_OFF,0.5134884779753464
NIFTY_50,2023-02-09,10,RISK_OFF,0.9895331466689471
NIFTY_50,2023-02-10,10,RISK_OFF,0.9948334844735512
NIFTY_50,2023-02-13,10,RISK_OFF,0.990638086555337
NIFTY_50,2023-02-14,10,RISK_OFF,0.9968082177821425
NIFTY_50,2023-02-15,10,RISK_OFF,0.9907539008503686
NIFTY_50,2023-02-16,10,RISK_OFF,0.9936119126339933
NIFTY_50,2023-02-17,10,RISK_OFF,0.9924643800112203
NIFTY_50,2023-02-20,10,RISK_OFF,0.9968171871386162
NIFTY_50,2023-02-21,10,RISK_OFF,0.9947739752361829
NIFTY_50,2023-02-22,10,RISK_OFF,0.9954474303489115
NIFTY_50,2023-02-23,10,RISK_OFF,0.9929305349058616
NIFTY_50,2023-02-24,10,RISK_OFF,0.9966779370494909
NIFTY_50,2023-02-27,10,RISK_OFF,0.997224155471167
NIFTY_50,2023-02-28,10,RISK_OFF,0.9938810020467539
NIFTY_50,2023-03-01,10,RISK_OFF,0.9939333769277051
NIFTY_50,2023-03-02,10,RISK_OFF,0.9939811721689548
NIFTY_50,2023-03-03,10,RISK_OFF,0.9918499848636476
NIFTY_50,2023-03-06,10,RISK_OFF,0.9954534050729078
NIFTY_50,2023-03-08,10,RISK_OFF,0.994851693724171
NIFTY_50,2023-03-09,10,RISK_OFF,0.9957074054304312
NIFTY_50,2023-03-10,10,RISK_OFF,0.9968016385822089
NIFTY_50,2023-03-13,10,STRONG_RISK_OFF,0.7146792753620542
NIFTY_50,2023-03-14,10,STRONG_RISK_OFF,0.9933462252342262
NIFTY_50,2023-03-15,10,STRONG_RISK_OFF,0.990950275763175
NIFTY_50,2023-03-16,10,RISK_OFF,0.8104951996336288
NIFTY_50,2023-03-17,10,RISK_OFF,0.9911727713393267
NIFTY_50,2023-03-20,10,RISK_OFF,0.9890816570413059
NIFTY_50,2023-03-21,10,RISK_OFF,0.9841362986853011
NIFTY_50,2023-03-22,10,RISK_OFF,0.9808432966374351
NIFTY_50,2023-03-23,10,NEUTRAL,0.7055554030187514
NIFTY_50,2023-03-24,10,NEUTRAL,0.992548797474071
NIFTY_50,2023-03-27,10,NEUTRAL,0.9974238839910616
NIFTY_50,2023-03-28,10,NEUTRAL,0.9948698481043247
NIFTY_50,2023-03-29,10,NEUTRAL,0.9932550144547988
NIFTY_50,2023-03-31,10,NEUTRAL,0.9974715044800981
NIFTY_50,2023-04-03,10,NEUTRAL,0.9969767197965618
NIFTY_50,2023-04-05,10,NEUTRAL,0.9955011655511539
NIFTY_50,2023-04-06,10,NEUTRAL,0.9971163493403463
NIFTY_50,2023-04-10,10,NEUTRAL,0.9951895213560035
NIFTY_50,2023-04-11,10,NEUTRAL,0.9959043367133211
NIFTY_50,2023-04-12,10,NEUTRAL,0.9964368275004999
NIFTY_50,2023-04-13,10,NEUTRAL,0.9944596927110891
NIFTY_50,2023-04-17,10,NEUTRAL,0.9951410609423071
NIFTY_50,2023-04-18,10,NEUTRAL,0.5003441912896625
NIFTY_50,2023-04-19,10,RISK_ON,0.7695174503925855
NIFTY_50,2023-04-20,10,RISK_ON,0.994243105127656
NIFTY_50,2023-04-21,10,RISK_ON,0.9935645104237063
NIFTY_50,2023-04-24,10,RISK_ON,0.9947002621839216
NIFTY_50,2023-04-25,10,RISK_ON,0.9947094429819318
NIFTY_50,2023-04-26,10,RISK_ON,0.9947892395968676
NIFTY_50,2023-04-27,10,RISK_ON,0.9961009720110338
NIFTY_50,2023-04-28,10,RISK_ON,0.9960099413904783
NIFTY_50,2023-05-02,10,RISK_ON,0.997082849443195
NIFTY_50,2023-05-03,10,RISK_ON,0.9953678555552707
NIFTY_50,2023-05-04,10,RISK_ON,0.9963898244753165
NIFTY_50,2023-05-05,10,RISK_ON,0.9974595325658409
NIFTY_50,2023-05-08,10,RISK_ON,0.9971149620069465
NIFTY_50,2023-05-09,10,RISK_ON,0.9968503500733823
NIFTY_50,2023-05-10,10,RISK_ON,0.9974420187459018
NIFTY_50,2023-05-11,10,RISK_ON,0.996891744314022
NIFTY_50,2023-05-12,10,RISK_ON,0.9962462799559383
NIFTY_50,2023-05-15,10,RISK_ON,0.9954256649149308
NIFTY_50,2023-05-16,10,RISK_ON,0.9954657388966796
NIFTY_50,2023-05-17,10,RISK_ON,0.9935367669990106
NIFTY_50,2023-05-18,10,RISK_ON,0.9933077115414614
NIFTY_50,2023-05-19,10,RISK_ON,0.9979034622997666
NIFTY_50,2023-05-22,10,RISK_ON,0.9974397697291558
NIFTY_50,2023-05-23,10,RISK_ON,0.9948042646937636
NIFTY_50,2023-05-24,10,RISK_ON,0.9934529888902066
NIFTY_50,2023-05-25,10,RISK_ON,0.9902977099911139
NIFTY_50,2023-05-26,10,RISK_ON,0.9934663526675154
NIFTY_50,2023-05-29,10,RISK_ON,0.9931965171089867
NIFTY_50,2023-05-30,10,RISK_ON,0.9892592135511297
NIFTY_50,2023-05-31,10,RISK_ON,0.9889761001673808
NIFTY_50,2023-06-01,10,RISK_ON,0.9936925636387559
NIFTY_50,2023-06-02,10,RISK_ON,0.9943528730382449
NIFTY_50,2023-06-05,10,RISK_ON,0.9928167379961552
NIFTY_50,2023-06-06,10,RISK_ON,0.9898553686261944
NIFTY_50,2023-06-08,10,RISK_ON,0.6711594988477948
NIFTY_50,2023-06-09,10,NEUTRAL,0.5051525303853587
NIFTY_50,2023-06-12,10,RISK_ON,0.5046733414351953
NIFTY_50,2023-06-13,10,RISK_ON,0.9742833835717685
NIFTY_50,2023-06-14,10,STRONG_RISK_ON,0.6133335738886176
NIFTY_50,2023-06-15,10,RISK_ON,0.8121785994654206
NIFTY_50,2023-06-19,10,RISK_ON,0.9786022879949532
NIFTY_50,2023-06-20,10,STRONG_RISK_ON,0.6742833897030542
NIFTY_50,2023-06-21,10,STRONG_RISK_ON,0.9919506493289447
NIFTY_50,2023-06-22,10,STRONG_RISK_ON,0.9947964258676962
NIFTY_50,2023-06-23,10,STRONG_RISK_ON,0.9979820006188311
NIFTY_50,2023-06-26,10,STRONG_RISK_ON,0.997561812133394
NIFTY_50,2023-06-27,10,STRONG_RISK_ON,0.9970229881151499
NIFTY_50,2023-07-10,10,STRONG_RISK_ON,0.9926273488071977
NIFTY_50,2023-07-11,10,STRONG_RISK_ON,0.9944988641794694
NIFTY_50,2023-07-12,10,RISK_ON,0.8365363835835408
NIFTY_50,2023-07-13,10,RISK_ON,0.9948103724769346
NIFTY_50,2023-07-21,10,RISK_ON,0.9955661541211854
NIFTY_50,2023-07-24,10,RISK_ON,0.992915715276473
NIFTY_50,2023-07-25,10,RISK_ON,0.9985451595595692
NIFTY_50,2023-07-26,10,RISK_ON,0.99561014029762
NIFTY_50,2023-07-27,10,RISK_ON,0.9959731498186906
NIFTY_50,2023-07-28,10,RISK_ON,0.993764577923627
NIFTY_50,2023-07-31,10,RISK_ON,0.9964747484308696
NIFTY_50,2023-08-01,10,RISK_ON,0.993751390698725
NIFTY_50,2023-08-02,10,NEUTRAL,0.50836928428048
NIFTY_50,2023-08-03,10,NEUTRAL,0.995985086584234
NIFTY_50,2023-08-04,10,NEUTRAL,0.6043723361238597
NIFTY_50,2023-08-07,10,NEUTRAL,0.681006464982864
NIFTY_50,2023-08-08,10,NEUTRAL,0.5778729673113219
NIFTY_50,2023-08-09,10,NEUTRAL,0.9922176843575615
NIFTY_50,2023-08-10,10,NEUTRAL,0.9956014348374418
NIFTY_50,2023-08-11,10,NEUTRAL,0.9987253909882204
NIFTY_50,2023-08-14,10,NEUTRAL,0.9986268273191304
NIFTY_50,2023-08-16,10,NEUTRAL,0.9984778668023288
NIFTY_50,2023-08-17,10,NEUTRAL,0.9977870898042271
NIFTY_50,2023-08-18,10,NEUTRAL,0.9915037806895505
NIFTY_50,2023-08-21,10,NEUTRAL,0.9981320077234072
NIFTY_50,2023-08-22,10,NEUTRAL,0.9990152249661418
NIFTY_50,2023-08-23,10,NEUTRAL,0.9984371324058626
NIFTY_50,2023-08-24,10,NEUTRAL,0.997183411432105
NIFTY_50,2023-08-25,10,NEUTRAL,0.6065612213362689
NIFTY_50,2023-08-28,10,NEUTRAL,0.6265452477834587
NIFTY_50,2023-08-29,10,NEUTRAL,0.640420617172987
NIFTY_50,2023-08-30,10,NEUTRAL,0.9909786214415263
NIFTY_50,2023-08-31,10,NEUTRAL,0.9907087714457533
NIFTY_50,2023-09-01,10,NEUTRAL,0.9957130981051563
NIFTY_50,2023-09-04,10,NEUTRAL,0.9970061959632536
NIFTY_50,2023-09-05,10,NEUTRAL,0.9960189296872097
NIFTY_50,2023-09-06,10,NEUTRAL,0.9970180585782511
NIFTY_50,2023-09-07,10,NEUTRAL,0.9968297422236526
NIFTY_50,2023-09-08,10,NEUTRAL,0.9967701541526067
NIFTY_50,2023-09-18,10,NEUTRAL,0.9947797753375871
NIFTY_50,2023-09-20,10,NEUTRAL,0.9934576418539874
NIFTY_50,2023-09-21,10,NEUTRAL,0.9983290930372821
NIFTY_50,2023-09-22,10,NEUTRAL,0.9987844230907955
NIFTY_50,2023-09-25,10,NEUTRAL,0.9985164062542492
NIFTY_50,2023-09-26,10,NEUTRAL,0.9982598331100928
NIFTY_50,2023-09-27,10,NEUTRAL,0.9983810189406243
NIFTY_50,2023-09-28,10,NEUTRAL,0.9971268577955102
NIFTY_50,2023-09-29,10,NEUTRAL,0.9972634514913915
NIFTY_50,2023-10-03,10,NEUTRAL,0.9979500770628864
NIFTY_50,2023-10-04,10,NEUTRAL,0.9988035139864047
NIFTY_50,2023-10-05,10,NEUTRAL,0.9972214147335859
NIFTY_50,2023-10-06,10,NEUTRAL,0.9936800722690525
NIFTY_50,2023-10-09,10,NEUTRAL,0.5890133942783481
NIFTY_50,2023-10-10,10,NEUTRAL,0.6268912503004219
NIFTY_50,2023-10-11,10,NEUTRAL,0.5898270974384998
NIFTY_50,2023-10-12,10,RISK_OFF,0.5028477846864383
NIFTY_50,2023-10-13,10,RISK_OFF,0.9840026382047969
NIFTY_50,2023-10-16,10,RISK_OFF,0.9824120304441881
NIFTY_50,2023-10-17,10,RISK_OFF,0.9849412420978728
NIFTY_50,2023-10-18,10,NEUTRAL,0.7513057647752573
NIFTY_50,2023-10-19,10,NEUTRAL,0.9922844290164384
NIFTY_50,2023-10-20,10,NEUTRAL,0.9940504460083027
NIFTY_50,2023-10-23,10,NEUTRAL,0.9978805862328156
NIFTY_50,2023-10-25,10,NEUTRAL,0.9976488364524134
NIFTY_50,2023-10-26,10,NEUTRAL,0.9987958150017228
NIFTY_50,2023-10-27,10,NEUTRAL,0.9979847737898508
NIFTY_50,2023-10-30,10,NEUTRAL,0.9956602951776505
NIFTY_50,2023-10-31,10,NEUTRAL,0.9969442958120868
NIFTY_50,2023-11-01,10,NEUTRAL,0.9979806930767074
NIFTY_50,2023-11-02,10,NEUTRAL,0.9981809824281712
NIFTY_50,2023-11-03,10,NEUTRAL,0.9979560770905895
NIFTY_50,2023-11-06,10,NEUTRAL,0.9954927372307494
NIFTY_50,2023-11-07,10,NEUTRAL,0.9969172909863845
NIFTY_50,2023-11-08,10,NEUTRAL,0.9963068046327502
NIFTY_50,2023-11-09,10,NEUTRAL,0.9924713621055916
NIFTY_50,2023-11-10,10,NEUTRAL,0.9887350622313678
NIFTY_50,2023-11-13,10,NEUTRAL,0.7473443284385441
NIFTY_50,2023-11-15,10,NEUTRAL,0.5373253726054908
NIFTY_50,2023-11-16,10,NEUTRAL,0.8715248402908545
NIFTY_50,2023-11-17,10,NEUTRAL,0.9126909546392902
NIFTY_50,2023-11-20,10,NEUTRAL,0.8723842795493348
NIFTY_50,2023-11-21,10,NEUTRAL,0.92125157215876
NIFTY_50,2023-11-22,10,NEUTRAL,0.9241881034513564
NIFTY_50,2023-11-23,10,NEUTRAL,0.9423004971064777
NIFTY_50,2023-11-24,10,NEUTRAL,0.9529713328270474
NIFTY_50,2023-11-28,10,NEUTRAL,0.9445162297436469
NIFTY_50,2023-11-29,10,NEUTRAL,0.9709392554534708
NIFTY_50,2023-11-30,10,NEUTRAL,0.9623811898397433
NIFTY_50,2023-12-21,10,NEUTRAL,0.5843824862790961
NIFTY_50,2023-12-22,10,RISK_ON,0.6043311977399943
NIFTY_50,2023-12-26,10,STRONG_RISK_ON,0.9376777185331414
NIFTY_50,2024-01-02,10,STRONG_RISK_ON,0.9963084770905424
NIFTY_50,2024-01-03,10,RISK_ON,0.7374710680283704
NIFTY_50,2024-01-04,10,STRONG_RISK_ON,0.7844760424453278
NIFTY_50,2024-01-05,10,STRONG_RISK_ON,0.993474459702568
NIFTY_50,2024-01-08,10,STRONG_RISK_ON,0.9973984001881392
NIFTY_50,2024-01-09,10,STRONG_RISK_ON,0.9981536178845837
NIFTY_50,2024-01-10,10,STRONG_RISK_ON,0.9977904297861221
NIFTY_50,2024-01-11,10,STRONG_RISK_ON,0.9980425473317356
NIFTY_50,2024-01-17,10,STRONG_RISK_ON,0.9966499155720558
NIFTY_50,2024-01-18,10,STRONG_RISK_ON,0.9913895330563709
NIFTY_50,2024-01-19,10,STRONG_RISK_ON,0.990311624405257
NIFTY_50,2024-01-23,10,STRONG_RISK_ON,0.9876249720490528
NIFTY_50,2024-01-24,10,RISK_ON,0.8396353497501928
NIFTY_50,2024-01-25,10,RISK_ON,0.9901557837912657
NIFTY_50,2024-01-29,10,RISK_ON,0.9941765696659518
NIFTY_50,2024-01-30,10,RISK_ON,0.9954693541634546
NIFTY_50,2024-01-31,10,RISK_ON,0.9934355643707523
NIFTY_50,2024-02-01,10,RISK_ON,0.9935974352035873
NIFTY_50,2024-02-02,10,STRONG_RISK_ON,0.735686214946493
NIFTY_50,2024-02-05,10,STRONG_RISK_ON,0.9894546382954168
NIFTY_50,2024-02-06,10,STRONG_RISK_ON,0.976351396641184
NIFTY_50,2024-02-07,10,RISK_ON,0.7890453757480985
NIFTY_50,2024-02-08,10,RISK_ON,0.9872925347134298
NIFTY_50,2024-02-09,10,RISK_ON,0.9929718554604254
NIFTY_50,2024-02-12,10,RISK_ON,0.9878427990907898
NIFTY_50,2024-02-13,10,RISK_ON,0.9917967335517638
NIFTY_50,2024-02-14,10,RISK_ON,0.9962907653260618
NIFTY_50,2024-02-15,10,RISK_ON,0.9917146271657882
NIFTY_50,2024-02-16,10,RISK_ON,0.9799753116596731
NIFTY_50,2024-02-19,10,RISK_ON,0.976794340329806
NIFTY_50,2024-02-21,10,NEUTRAL,0.5164235353275708
NIFTY_50,2024-02-26,10,NEUTRAL,0.99008973409335
NIFTY_50,2024-02-27,10,NEUTRAL,0.9915274997388442
NIFTY_50,2024-02-28,10,NEUTRAL,0.709564697617669
NIFTY_50,2024-02-29,10,NEUTRAL,0.9796402222261034
NIFTY_50,2024-03-12,10,NEUTRAL,0.6209954287202771
NIFTY_50,2024-03-13,10,NEUTRAL,0.9827357489555426
NIFTY_50,2024-03-14,10,NEUTRAL,0.5679639546834596
NIFTY_50,2024-03-15,10,NEUTRAL,0.5365231981721069
NIFTY_50,2024-03-18,10,NEUTRAL,0.671181465405242
NIFTY_50,2024-03-19,10,RISK_ON,0.5280542537029242
NIFTY_50,2024-03-20,10,RISK_ON,0.9856901787803084
NIFTY_50,2024-03-21,10,RISK_ON,0.9685991873062254
NIFTY_50,2024-03-22,10,NEUTRAL,0.633429551175029
NIFTY_50,2024-03-26,10,NEUTRAL,0.9913796909280217
NIFTY_50,2024-03-27,10,NEUTRAL,0.9967309826079709
NIFTY_50,2024-03-28,10,NEUTRAL,0.9959456200255318
NIFTY_50,2024-04-01,10,NEUTRAL,0.996156714282936
NIFTY_50,2024-04-02,10,NEUTRAL,0.9980381038727432
NIFTY_50,2024-04-03,10,NEUTRAL,0.9963822026121653
NIFTY_50,2024-04-04,10,NEUTRAL,0.9964070143411775
NIFTY_50,2024-04-05,10,NEUTRAL,0.9969245240798318
NIFTY_50,2024-04-12,10,NEUTRAL,0.7918222501571424
NIFTY_50,2024-04-15,10,NEUTRAL,0.5842623010488033
NIFTY_50,2024-04-16,10,NEUTRAL,0.6278542542659725
NIFTY_50,2024-04-18,10,NEUTRAL,0.9960510503630576
NIFTY_50,2024-04-19,10,NEUTRAL,0.9886597579002413
NIFTY_50,2024-04-22,10,NEUTRAL,0.9960967315392442
NIFTY_50,2024-04-23,10,NEUTRAL,0.9985363256827136
NIFTY_50,2024-04-24,10,NEUTRAL,0.9969415613245985
NIFTY_50,2024-04-25,10,NEUTRAL,0.9970768951932901
NIFTY_50,2024-04-26,10,NEUTRAL,0.9976717464241247
NIFTY_50,2024-04-29,10,NEUTRAL,0.9989959070126038
NIFTY_50,2024-04-30,10,NEUTRAL,0.9987141480627597
NIFTY_50,2024-05-02,10,NEUTRAL,0.9983115429456973
NIFTY_50,2024-05-03,10,NEUTRAL,0.9968103914153014
NIFTY_50,2024-05-06,10,NEUTRAL,0.9965196133971969
NIFTY_50,2024-05-07,10,NEUTRAL,0.9864527088268839
NIFTY_50,2024-05-08,10,NEUTRAL,0.6745894577925287
NIFTY_50,2024-05-09,10,NEUTRAL,0.583522622607364
NIFTY_50,2024-05-10,10,NEUTRAL,0.9942344851701577
NIFTY_50,2024-05-13,10,NEUTRAL,0.9960232363493062
NIFTY_50,2024-05-14,10,NEUTRAL,0.9954491684766794
NIFTY_50,2024-05-15,10,NEUTRAL,0.9966453661649891
NIFTY_50,2024-05-16,10,NEUTRAL,0.6698231909316923
NIFTY_50,2024-05-17,10,NEUTRAL,0.9594848174133734
NIFTY_50,2024-05-21,10,NEUTRAL,0.8989341778198309
NIFTY_50,2024-05-22,10,NEUTRAL,0.9403211134932522
NIFTY_50,2024-05-28,10,NEUTRAL,0.9429740362326998
NIFTY_50,2024-05-29,10,NEUTRAL,0.9333150125451808
NIFTY_50,2024-05-30,10,NEUTRAL,0.8911200895350304
NIFTY_50,2024-05-31,10,NEUTRAL,0.8159085910439702
NIFTY_50,2024-06-04,10,NEUTRAL,0.9537826123373835
NIFTY_50,2024-06-05,10,NEUTRAL,0.7590420898177491
NIFTY_50,2024-06-06,10,NEUTRAL,0.6824047646763627
NIFTY_50,2024-06-07,10,NEUTRAL,0.8574093963115307
NIFTY_50,2024-06-10,10,NEUTRAL,0.885796076826496
NIFTY_50,2024-06-11,10,NEUTRAL,0.84283331107556
NIFTY_50,2024-06-12,10,NEUTRAL,0.8811782785755523
NIFTY_50,2024-07-05,10,RISK_ON,0.5665411716531485
NIFTY_50,2024-07-08,10,STRONG_RISK_ON,0.8502804768975962
NIFTY_50,2024-07-10,10,STRONG_RISK_ON,0.990390337376742
NIFTY_50,2024-07-11,10,RISK_ON,0.7303895254768857
NIFTY_50,2024-07-22,10,RISK_ON,0.9926390368569229
NIFTY_50,2024-07-23,10,RISK_ON,0.9944674656150276
NIFTY_50,2024-07-24,10,RISK_ON,0.9892659354516663
NIFTY_50,2024-07-25,10,STRONG_RISK_ON,0.5933043944231173
NIFTY_50,2024-07-26,10,RISK_ON,0.8973887776888253
NIFTY_50,2024-07-29,10,RISK_ON,0.9967476730153424
NIFTY_50,2024-07-30,10,RISK_ON,0.9921671358948748
NIFTY_50,2024-07-31,10,STRONG_RISK_ON,0.7382506177250769
NIFTY_50,2024-08-02,10,STRONG_RISK_ON,0.9910660300851197
NIFTY_50,2024-08-05,10,STRONG_RISK_ON,0.999161634528419
NIFTY_50,2024-08-06,10,STRONG_RISK_ON,0.9990928321918011
NIFTY_50,2024-08-07,10,STRONG_RISK_ON,0.9983915797572949
NIFTY_50,2024-08-08,10,STRONG_RISK_ON,0.9994247977854794
NIFTY_50,2024-08-09,10,STRONG_RISK_ON,0.997455504984607
NIFTY_50,2024-08-12,10,STRONG_RISK_ON,0.9990876101735818
NIFTY_50,2024-08-13,10,STRONG_RISK_ON,0.9985778467939572
NIFTY_50,2024-08-14,10,STRONG_RISK_ON,0.9979003675835403
NIFTY_50,2024-08-16,10,STRONG_RISK_ON,0.9971237282201689
NIFTY_50,2024-08-19,10,STRONG_RISK_ON,0.9970147925195467
NIFTY_50,2024-08-20,10,STRONG_RISK_ON,0.9970280804167528
NIFTY_50,2024-08-21,10,STRONG_RISK_ON,0.9902288575665465
NIFTY_50,2024-08-22,10,RISK_ON,0.7998713725134492
NIFTY_50,2024-08-23,10,RISK_ON,0.9834691224244414
NIFTY_50,2024-08-26,10,STRONG_RISK_ON,0.7094241760487674
NIFTY_50,2024-08-27,10,STRONG_RISK_ON,0.9898727465724195
NIFTY_50,2024-08-28,10,RISK_ON,0.8451988600640857
NIFTY_50,2024-09-03,10,NEUTRAL,0.8128157700525126
NIFTY_50,2024-09-04,10,NEUTRAL,0.996544572575208
NIFTY_50,2024-09-05,10,NEUTRAL,0.9968139314063402
NIFTY_50,2024-09-06,10,NEUTRAL,0.9951673709114037
NIFTY_50,2024-09-09,10,NEUTRAL,0.9966551246739499
NIFTY_50,2024-09-10,10,NEUTRAL,0.9872792743946116
NIFTY_50,2024-09-11,10,NEUTRAL,0.6765922262063138
NIFTY_50,2024-09-30,10,NEUTRAL,0.6536493925598651
NIFTY_50,2024-10-01,10,NEUTRAL,0.990941148562025
NIFTY_50,2024-10-03,10,NEUTRAL,0.9978554446701253
NIFTY_50,2024-10-04,10,NEUTRAL,0.9989624974343749
NIFTY_50,2024-10-07,10,NEUTRAL,0.9989745953888002
NIFTY_50,2024-10-08,10,NEUTRAL,0.9989622292671324
NIFTY_50,2024-10-09,10,NEUTRAL,0.9992356356953743
NIFTY_50,2024-10-10,10,NEUTRAL,0.9992246076333917
NIFTY_50,2024-10-11,10,NEUTRAL,0.9991989279565092
NIFTY_50,2024-10-14,10,NEUTRAL,0.9990620292125557
NIFTY_50,2024-10-15,10,NEUTRAL,0.9992530561989246
NIFTY_50,2024-10-16,10,NEUTRAL,0.9993002373159933
NIFTY_50,2024-10-17,10,NEUTRAL,0.9993394869401531
NIFTY_50,2024-10-18,10,NEUTRAL,0.9995441814060461
NIFTY_50,2024-10-21,10,NEUTRAL,0.9991247219593017
NIFTY_50,2024-10-22,10,NEUTRAL,0.9993675103375699
NIFTY_50,2024-10-23,10,NEUTRAL,0.9993546881469646
NIFTY_50,2024-10-24,10,NEUTRAL,0.9990702791670514
NIFTY_50,2024-10-25,10,NEUTRAL,0.9985951890371848
NIFTY_50,2024-10-28,10,NEUTRAL,0.9937657714484683
NIFTY_50,2024-10-29,10,NEUTRAL,0.9932034024842912
NIFTY_50,2024-10-30,10,RISK_OFF,0.5574076765243009
NIFTY_50,2024-10-31,10,RISK_OFF,0.9941818997955398
NIFTY_50,2024-11-01,10,RISK_OFF,0.9967544994767444
NIFTY_50,2024-11-04,10,RISK_OFF,0.997287152594533
NIFTY_50,2024-11-05,10,RISK_OFF,0.9973286104330216
NIFTY_50,2024-11-06,10,RISK_OFF,0.9907071366767657
NIFTY_50,2024-11-07,10,RISK_OFF,0.9983524964185406
NIFTY_50,2024-11-08,10,RISK_OFF,0.9979602244056571
NIFTY_50,2024-11-11,10,RISK_OFF,0.9981379311495236
NIFTY_50,2024-11-12,10,RISK_OFF,0.9976812416069001
NIFTY_50,2024-11-13,10,RISK_OFF,0.991071472850025
NIFTY_50,2024-11-14,10,RISK_OFF,0.9814881217205008
NIFTY_50,2024-11-18,10,NEUTRAL,0.6989347712684439
NIFTY_50,2024-11-19,10,NEUTRAL,0.9927255418690767
NIFTY_50,2024-11-21,10,NEUTRAL,0.9969008487256881
NIFTY_50,2024-11-22,10,NEUTRAL,0.9979288045740986
NIFTY_50,2024-11-25,10,NEUTRAL,0.9982755521087545
NIFTY_50,2024-11-26,10,NEUTRAL,0.9970349778331888
NIFTY_50,2024-11-27,10,NEUTRAL,0.9959035741886595
NIFTY_50,2024-11-28,10,NEUTRAL,0.9960821748557308
NIFTY_50,2024-11-29,10,NEUTRAL,0.9976421379953496
NIFTY_50,2024-12-02,10,NEUTRAL,0.9890379059343017
NIFTY_50,2024-12-03,10,NEUTRAL,0.9887394848079251
NIFTY_50,2024-12-04,10,NEUTRAL,0.5117472888906458
NIFTY_50,2024-12-05,10,RISK_OFF,0.510999708380531
NIFTY_50,2024-12-06,10,RISK_OFF,0.9935179298067311
NIFTY_50,2024-12-09,10,RISK_OFF,0.9969659117612235
NIFTY_50,2024-12-10,10,RISK_OFF,0.9956761545540334
NIFTY_50,2024-12-11,10,RISK_OFF,0.9927961379238547
NIFTY_50,2024-12-12,10,RISK_OFF,0.9878857103873416
NIFTY_50,2024-12-13,10,RISK_OFF,0.9959461070511068
NIFTY_50,2024-12-16,10,RISK_OFF,0.9927660092615691
NIFTY_50,2024-12-17,10,RISK_OFF,0.9917249610637633
NIFTY_50,2024-12-18,10,NEUTRAL,0.500689001216197
NIFTY_50,2024-12-19,10,NEUTRAL,0.9802878527714486
NIFTY_50,2024-12-20,10,NEUTRAL,0.5376793523114137
NIFTY_50,2024-12-23,10,RISK_OFF,0.5604800555467584
NIFTY_50,2024-12-24,10,RISK_OFF,0.9924019471271966
NIFTY_50,2024-12-26,10,RISK_OFF,0.9955987095812453
NIFTY_50,2024-12-27,10,RISK_OFF,0.9954814204447637
NIFTY_50,2024-12-30,10,RISK_OFF,0.9952637663507934
NIFTY_50,2024-12-31,10,RISK_OFF,0.9964778813673834
NIFTY_50,2025-01-01,10,RISK_OFF,0.9967147864855185
NIFTY_50,2025-01-02,10,RISK_OFF,0.9872725454286009
NIFTY_50,2025-01-03,10,RISK_OFF,0.9923736286830984
NIFTY_50,2025-01-06,10,RISK_OFF,0.9947701747835189
NIFTY_50,2025-01-07,10,RISK_OFF,0.9910662495870917
NIFTY_50,2025-01-08,10,RISK_OFF,0.9950199388277519
NIFTY_50,2025-01-09,10,RISK_OFF,0.9948013364755686
NIFTY_50,2025-01-10,10,RISK_OFF,0.9936234136791715
NIFTY_50,2025-01-14,10,RISK_OFF,0.9900854522833157
NIFTY_50,2025-01-15,10,RISK_OFF,0.9920699511546819
NIFTY_50,2025-01-16,10,RISK_OFF,0.9867548147470856
NIFTY_50,2025-01-17,10,RISK_OFF,0.9823160355645497
NIFTY_50,2025-01-20,10,RISK_OFF,0.5294103479258291
NIFTY_50,2025-01-22,10,RISK_OFF,0.627420371529668
NIFTY_50,2025-01-23,10,RISK_OFF,0.9823414003129457
NIFTY_50,2025-01-24,10,RISK_OFF,0.9832636640893588
NIFTY_50,2025-01-28,10,RISK_OFF,0.9908523822470352
NIFTY_50,2025-01-29,10,RISK_OFF,0.9898867173289414
NIFTY_50,2025-01-30,10,RISK_OFF,0.9904459993538405
NIFTY_50,2025-01-31,10,STRONG_RISK_OFF,0.7825844403396978
NIFTY_50,2025-02-01,10,STRONG_RISK_OFF,0.996148416543429
NIFTY_50,2025-02-03,10,STRONG_RISK_OFF,0.9970026709591477
NIFTY_50,2025-02-04,10,STRONG_RISK_OFF,0.9985824928920094
NIFTY_50,2025-02-05,10,STRONG_RISK_OFF,0.9988642440232665
NIFTY_50,2025-02-06,10,STRONG_RISK_OFF,0.9994641771485693
NIFTY_50,2025-02-07,10,STRONG_RISK_OFF,0.9994978178218705
NIFTY_50,2025-02-10,10,STRONG_RISK_OFF,0.998925188884159
NIFTY_50,2025-02-11,10,STRONG_RISK_OFF,0.9994058559502039
NIFTY_50,2025-02-12,10,STRONG_RISK_OFF,0.9987599521791252
NIFTY_50,2025-02-13,10,STRONG_RISK_OFF,0.9987265892675815
NIFTY_50,2025-02-14,10,STRONG_RISK_OFF,0.9992991860010624
NIFTY_50,2025-02-17,10,STRONG_RISK_OFF,0.9988604501477938
NIFTY_50,2025-02-18,10,STRONG_RISK_OFF,0.9987172422494138
NIFTY_50,2025-02-19,10,STRONG_RISK_OFF,0.9978807401689638
NIFTY_50,2025-02-20,10,STRONG_RISK_OFF,0.9975276902274056
NIFTY_50,2025-02-21,10,STRONG_RISK_OFF,0.998311029961944
NIFTY_50,2025-03-05,10,RISK_OFF,0.9116636334851826
NIFTY_50,2025-03-06,10,RISK_OFF,0.9758553375397363
NIFTY_50,2025-03-07,10,NEUTRAL,0.5611920393138796
NIFTY_50,2025-03-10,10,NEUTRAL,0.9951967188864264
NIFTY_50,2025-03-11,10,NEUTRAL,0.9941347912225387
NIFTY_50,2025-03-12,10,NEUTRAL,0.992264151441532
NIFTY_50,2025-03-13,10,NEUTRAL,0.989284658149201
NIFTY_50,2025-03-17,10,RISK_OFF,0.5021996257508738
NIFTY_50,2025-03-18,10,RISK_OFF,0.9888557175037557
NIFTY_50,2025-03-19,10,RISK_OFF,0.9907488284800406
NIFTY_50,2025-03-20,10,RISK_OFF,0.9819064561587741
NIFTY_50,2025-03-21,10,STRONG_RISK_OFF,0.8740232361712402
NIFTY_50,2025-03-24,10,STRONG_RISK_OFF,0.9988977438207045
NIFTY_50,2025-03-25,10,STRONG_RISK_OFF,0.9989429835121344
NIFTY_50,2025-03-26,10,RISK_OFF,0.9979771293340224
NIFTY_50,2025-03-27,10,RISK_OFF,0.9899446616863307
NIFTY_50,2025-03-28,10,RISK_OFF,0.9862583535725363
NIFTY_50,2025-04-01,10,NEUTRAL,0.7792722920001639
NIFTY_50,2025-04-02,10,NEUTRAL,0.9930343537434799
NIFTY_50,2025-04-03,10,NEUTRAL,0.9957968096483056
NIFTY_50,2025-04-04,10,NEUTRAL,0.9948696692617206
NIFTY_50,2025-04-07,10,NEUTRAL,0.9976921847987672
NIFTY_50,2025-04-08,10,NEUTRAL,0.9979475172451923
NIFTY_50,2025-04-09,10,NEUTRAL,0.9984454401187078
NIFTY_50,2025-04-11,10,NEUTRAL,0.9957592208243727
NIFTY_50,2025-04-15,10,NEUTRAL,0.9956322085540636
NIFTY_50,2025-04-16,10,NEUTRAL,0.5298768351075539
NIFTY_50,2025-04-17,10,RISK_ON,0.8146975758421614
NIFTY_50,2025-04-21,10,RISK_ON,0.9934369220958997
NIFTY_50,2025-04-22,10,RISK_ON,0.9879829459558523
NIFTY_50,2025-04-23,10,RISK_ON,0.553475074216382
NIFTY_50,2025-04-24,10,NEUTRAL,0.7091795418935857
NIFTY_50,2025-04-25,10,NEUTRAL,0.5012413910296871
NIFTY_50,2025-04-28,10,RISK_ON,0.5977730527733098
NIFTY_50,2025-04-29,10,RISK_ON,0.9913691439445852
NIFTY_50,2025-04-30,10,RISK_ON,0.9934460133207891
NIFTY_50,2025-05-02,10,RISK_ON,0.9907366334310429
NIFTY_50,2025-05-05,10,RISK_ON,0.9807899809708591
NIFTY_50,2025-05-06,10,RISK_ON,0.6186753302985515
NIFTY_50,2025-05-07,10,RISK_ON,0.9818149289474307
NIFTY_50,2025-05-08,10,RISK_ON,0.9899945625228681
NIFTY_50,2025-05-09,10,RISK_ON,0.9903695282380868
NIFTY_50,2025-05-13,10,RISK_ON,0.9931777907820782
NIFTY_50,2025-05-14,10,RISK_ON,0.9806412407143963
NIFTY_50,2025-05-16,10,RISK_ON,0.983516859458749
NIFTY_50,2025-05-19,10,NEUTRAL,0.5494413128992862
NIFTY_50,2025-05-20,10,NEUTRAL,0.9859426554214378
NIFTY_50,2025-05-21,10,NEUTRAL,0.9873373219175622
NIFTY_50,2025-05-22,10,NEUTRAL,0.9816222096682531
NIFTY_50,2025-05-23,10,NEUTRAL,0.6149676653343109
NIFTY_50,2025-05-26,10,NEUTRAL,0.5823167276040477
NIFTY_50,2025-05-27,10,NEUTRAL,0.5720572364657511
NIFTY_50,2025-05-28,10,NEUTRAL,0.6563021553603646
NIFTY_50,2025-05-29,10,NEUTRAL,0.9867541705617794
NIFTY_50,2025-05-30,10,NEUTRAL,0.9867095433289211
NIFTY_50,2025-06-02,10,NEUTRAL,0.99412070094234
NIFTY_50,2025-06-03,10,NEUTRAL,0.9922677143585953
NIFTY_50,2025-06-04,10,NEUTRAL,0.9910139044455991
NIFTY_50,2025-06-05,10,NEUTRAL,0.6734393875300859
NIFTY_50,2025-06-06,10,NEUTRAL,0.9854736474466763
NIFTY_50,2025-06-09,10,NEUTRAL,0.9863886672225137
NIFTY_50,2025-06-10,10,NEUTRAL,0.7399306202267212
NIFTY_50,2025-06-12,10,NEUTRAL,0.6761319989036004
NIFTY_50,2025-06-13,10,NEUTRAL,0.9935698260848496
NIFTY_50,2025-06-16,10,NEUTRAL,0.718447281518431
NIFTY_50,2025-06-17,10,NEUTRAL,0.9922735419600781
NIFTY_50,2025-06-18,10,NEUTRAL,0.7192812988255299
NIFTY_50,2025-06-19,10,NEUTRAL,0.9955118272901108
NIFTY_50,2025-06-20,10,NEUTRAL,0.9935085489700973
NIFTY_50,2025-06-23,10,NEUTRAL,0.9951824850580145
NIFTY_50,2025-06-24,10,NEUTRAL,0.9935496649718555
NIFTY_50,2025-07-01,10,NEUTRAL,0.9969108539683373
NIFTY_50,2025-07-02,10,NEUTRAL,0.9968536798030693
NIFTY_50,2025-07-03,10,NEUTRAL,0.9980570461593404
NIFTY_50,2025-07-04,10,NEUTRAL,0.9988949821223501
NIFTY_50,2025-07-07,10,NEUTRAL,0.9989954538157206
NIFTY_50,2025-07-08,10,NEUTRAL,0.9990172788359221
NIFTY_50,2025-07-09,10,NEUTRAL,0.999409160844624
NIFTY_50,2025-07-10,10,NEUTRAL,0.9993019652445698
NIFTY_50,2025-07-11,10,NEUTRAL,0.9984285827336673
NIFTY_50,2025-07-14,10,NEUTRAL,0.9976929458751871
NIFTY_50,2025-07-15,10,NEUTRAL,0.9989878378556503
NIFTY_50,2025-07-16,10,NEUTRAL,0.9980626943497711
NIFTY_50,2025-07-17,10,NEUTRAL,0.9970482219499214
NIFTY_50,2025-07-18,10,NEUTRAL,0.6926909410533882
NIFTY_50,2025-07-21,10,NEUTRAL,0.9966417757057189
NIFTY_50,2025-07-22,10,NEUTRAL,0.9965071374646598
NIFTY_50,2025-07-23,10,NEUTRAL,0.9951819137295168
NIFTY_50,2025-07-24,10,NEUTRAL,0.9961921274905753
NIFTY_50,2025-07-25,10,NEUTRAL,0.6859639109557407
NIFTY_50,2025-07-28,10,NEUTRAL,0.995802649051969
NIFTY_50,2025-07-29,10,NEUTRAL,0.9969990954652911
NIFTY_50,2025-07-30,10,NEUTRAL,0.9951059101695621
NIFTY_50,2025-07-31,10,NEUTRAL,0.9968193411392037
NIFTY_50,2025-08-01,10,NEUTRAL,0.998968211048941
NIFTY_50,2025-08-04,10,NEUTRAL,0.9986357944649741
NIFTY_50,2025-08-05,10,NEUTRAL,0.9988867508443021
NIFTY_50,2025-08-06,10,NEUTRAL,0.9978057902675687
NIFTY_50,2025-08-07,10,NEUTRAL,0.9994580882031885
NIFTY_50,2025-08-08,10,NEUTRAL,0.9972884499858818
NIFTY_50,2025-08-11,10,NEUTRAL,0.9901690221864442
NIFTY_50,2025-08-12,10,NEUTRAL,0.6460856112534533
NIFTY_50,2025-08-13,10,NEUTRAL,0.797734662341767
NIFTY_50,2025-08-14,10,NEUTRAL,0.9867857828379937
NIFTY_50,2025-08-18,10,NEUTRAL,0.9944821960542589
NIFTY_50,2025-08-19,10,NEUTRAL,0.9980804449062947
NIFTY_50,2025-08-20,10,NEUTRAL,0.9970315766712846
NIFTY_50,2025-08-21,10,NEUTRAL,0.9982135706501519
NIFTY_50,2025-08-22,10,NEUTRAL,0.9967072385392618
NIFTY_50,2025-08-25,10,NEUTRAL,0.9973683206978846
NIFTY_50,2025-08-26,10,NEUTRAL,0.997880772451698
NIFTY_50,2025-08-28,10,NEUTRAL,0.9986125358647874
NIFTY_50,2025-08-29,10,NEUTRAL,0.9982724302964714
NIFTY_50,2025-09-01,10,NEUTRAL,0.9943425934692671
NIFTY_50,2025-09-02,10,NEUTRAL,0.7414272900368123
NIFTY_50,2025-09-03,10,NEUTRAL,0.9940319681491104
NIFTY_50,2025-09-04,10,NEUTRAL,0.9949113847078772
NIFTY_50,2025-09-05,10,NEUTRAL,0.9952828655218646
NIFTY_50,2025-09-08,10,NEUTRAL,0.6530904089340331
NIFTY_50,2025-09-09,10,NEUTRAL,0.9913516263012115
NIFTY_50,2025-09-10,10,NEUTRAL,0.9924274626968014
NIFTY_50,2025-09-11,10,NEUTRAL,0.9946043456480731
NIFTY_50,2025-09-12,10,NEUTRAL,0.9900552270701242
NIFTY_50,2025-09-15,10,NEUTRAL,0.6092985648301583
NIFTY_50,2025-09-16,10,NEUTRAL,0.7249309260449757
NIFTY_50,2025-09-17,10,NEUTRAL,0.9944023274870453
NIFTY_50,2025-09-18,10,NEUTRAL,0.9962336921178035
NIFTY_50,2025-09-19,10,NEUTRAL,0.9944775622208681
NIFTY_50,2025-09-22,10,NEUTRAL,0.9989358511748475
NIFTY_50,2025-09-23,10,NEUTRAL,0.9961727629141786
NIFTY_50,2025-09-24,10,NEUTRAL,0.9943238360879407
NIFTY_50,2025-09-25,10,NEUTRAL,0.598033081727161
NIFTY_50,2025-09-26,10,NEUTRAL,0.9963756954356999
NIFTY_50,2025-09-29,10,NEUTRAL,0.997212722445576
NIFTY_50,2025-09-30,10,NEUTRAL,0.9975676445484681
NIFTY_50,2025-10-01,10,NEUTRAL,0.5715618314512755
NIFTY_50,2025-10-03,10,RISK_ON,0.6817883403718021
NIFTY_50,2025-10-06,10,RISK_ON,0.992086394195451
NIFTY_50,2025-10-07,10,RISK_ON,0.9873918074897498
NIFTY_50,2025-10-08,10,RISK_ON,0.9882624188303419
NIFTY_50,2025-10-09,10,RISK_ON,0.9833558395773127
NIFTY_50,2025-10-10,10,NEUTRAL,0.8061669763597075
NIFTY_50,2025-10-13,10,NEUTRAL,0.9946563818517282
NIFTY_50,2025-10-14,10,NEUTRAL,0.9939771000754036
NIFTY_50,2025-10-15,10,NEUTRAL,0.9961169121056815
NIFTY_50,2025-10-16,10,NEUTRAL,0.9962024612198795
NIFTY_50,2025-10-24,10,NEUTRAL,0.9963560748099014
NIFTY_50,2025-10-27,10,NEUTRAL,0.9976403256404364
NIFTY_50,2025-10-28,10,NEUTRAL,0.9939382523574696
NIFTY_50,2025-10-29,10,NEUTRAL,0.9972243195784398
NIFTY_50,2025-10-30,10,NEUTRAL,0.9927556688096628
NIFTY_50,2025-10-31,10,NEUTRAL,0.540813416674497
NIFTY_50,2025-11-03,10,NEUTRAL,0.9904085604435312
NIFTY_50,2025-11-04,10,NEUTRAL,0.6344159977774704
NIFTY_50,2025-11-06,10,NEUTRAL,0.6576695172468557
NIFTY_50,2025-11-07,10,NEUTRAL,0.9820099406250014
NIFTY_50,2025-11-10,10,NEUTRAL,0.9957329531627351
NIFTY_50,2025-11-11,10,RISK_ON,0.5021330950439944
NIFTY_50,2025-11-12,10,RISK_ON,0.98448136491626
NIFTY_50,2025-11-13,10,RISK_ON,0.9914922591524644
NIFTY_50,2025-11-14,10,RISK_ON,0.9842191470545557
NIFTY_50,2025-11-17,10,RISK_ON,0.9731607403582955
NIFTY_50,2025-11-18,10,NEUTRAL,0.5944364474769582
NIFTY_50,2025-11-19,10,NEUTRAL,0.6209873178782658
NIFTY_50,2025-11-21,10,NEUTRAL,0.7044681832433085
NIFTY_50,2025-11-24,10,NEUTRAL,0.9863893646571444
NIFTY_50,2025-11-25,10,NEUTRAL,0.9975057789688454
NIFTY_50,2025-11-26,10,NEUTRAL,0.985726079936325
NIFTY_50,2025-11-27,10,NEUTRAL,0.9874222260188013
NIFTY_50,2025-11-28,10,NEUTRAL,0.7837714963601934
NIFTY_50,2025-12-01,10,NEUTRAL,0.9899614052360165
NIFTY_50,2025-12-02,10,NEUTRAL,0.995635877376212
NIFTY_50,2025-12-03,10,NEUTRAL,0.9977278057315542
NIFTY_50,2025-12-04,10,NEUTRAL,0.9976169424474955
NIFTY_50,2025-12-05,10,NEUTRAL,0.9951343757274715
NIFTY_50,2025-12-08,10,NEUTRAL,0.6461876244295304
NIFTY_50,2025-12-09,10,RISK_ON,0.5562617603223345
NIFTY_50,2025-12-10,10,RISK_ON,0.98269865449141
NIFTY_50,2025-12-11,10,NEUTRAL,0.637975144680258
NIFTY_50,2025-12-12,10,NEUTRAL,0.9972213606548836
NIFTY_50,2025-12-15,10,NEUTRAL,0.9968624631615657
NIFTY_50,2025-12-16,10,NEUTRAL,0.9905097511243782
NIFTY_50,2025-12-17,10,NEUTRAL,0.9893539769103327
NIFTY_50,2025-12-18,10,NEUTRAL,0.6250147766858695
NIFTY_50,2025-12-19,10,NEUTRAL,0.6678430396766412
NIFTY_50,2025-12-22,10,NEUTRAL,0.996432720391238
NIFTY_50,2025-12-23,10,NEUTRAL,0.9920629912024873
NIFTY_50,2025-12-24,10,NEUTRAL,0.6600920240846537
NIFTY_50,2025-12-26,10,NEUTRAL,0.9856205979087279
NIFTY_50,2025-12-29,10,NEUTRAL,0.6583718128036476
NIFTY_50,2025-12-30,10,NEUTRAL,0.974104778548911
NIFTY_50,2025-12-31,10,RISK_OFF,0.6375088223000656
NIFTY_50,2026-01-01,10,RISK_OFF,0.9914428462005317
NIFTY_50,2026-01-05,10,RISK_OFF,0.990580092290525
NIFTY_50,2026-01-06,10,RISK_OFF,0.9918128280778364
NIFTY_50,2026-01-07,10,RISK_OFF,0.9958138879088008
NIFTY_50,2026-01-08,10,RISK_OFF,0.9928224389854451
NIFTY_50,2026-01-09,10,RISK_OFF,0.9894900230049617
NIFTY_50,2026-01-12,10,RISK_OFF,0.9907449714131871
NIFTY_50,2026-01-13,10,RISK_OFF,0.9902755633543298
NIFTY_50,2026-01-14,10,RISK_OFF,0.9842389748980471
NIFTY_50,2026-01-16,10,RISK_OFF,0.9872254356870548
NIFTY_50,2026-01-19,10,NEUTRAL,0.5122317294543282
NIFTY_50,2026-01-20,10,NEUTRAL,0.9917672137792158
NIFTY_50,2026-01-21,10,NEUTRAL,0.7166329685064077
NIFTY_50,2026-01-22,10,NEUTRAL,0.99537264474961
NIFTY_50,2026-01-23,10,NEUTRAL,0.9903839775557146
NIFTY_50,2026-01-27,10,NEUTRAL,0.9974569903878129
NIFTY_50,2026-01-28,10,NEUTRAL,0.9956040402792412
NIFTY_50,2026-01-29,10,NEUTRAL,0.9945276169058284
NIFTY_50,2026-01-30,10,NEUTRAL,0.7207939145859559
NIFTY_50,2026-02-02,10,RISK_OFF,0.5199297286363495
NIFTY_50,2026-02-03,10,NEUTRAL,0.805560944304179
NIFTY_50,2026-02-04,10,NEUTRAL,0.9870819231940259
NIFTY_50,2026-02-05,10,NEUTRAL,0.5239442614732138
NIFTY_50,2026-02-06,10,NEUTRAL,0.6666386072565855
NIFTY_50,2026-02-09,10,NEUTRAL,0.9798678362731018
NIFTY_50,2026-02-10,10,RISK_OFF,0.5546124164209812
NIFTY_50,2026-02-11,10,RISK_OFF,0.9933074983997743
NIFTY_50,2026-02-12,10,RISK_OFF,0.9950636132950877
NIFTY_50,2026-02-13,10,RISK_OFF,0.9933990758496427
NIFTY_50,2026-02-16,10,RISK_OFF,0.9960364618556453
NIFTY_50,2026-02-17,10,RISK_OFF,0.9942602824359212
NIFTY_50,2026-02-18,10,RISK_OFF,0.9954999040648553
NIFTY_50,2026-02-19,10,RISK_OFF,0.9930118397084646
NIFTY_50,2026-02-20,10,RISK_OFF,0.994382086992179
NIFTY_50,2026-02-23,10,RISK_OFF,0.9944579909776783
NIFTY_50,2026-02-24,10,STRONG_RISK_OFF,0.8540782603321191
NIFTY_50,2026-02-25,10,STRONG_RISK_OFF,0.996532292077129
NIFTY_50,2026-02-26,10,STRONG_RISK_OFF,0.9970906600457784
NIFTY_50,2026-02-27,10,STRONG_RISK_OFF,0.9975508694294374
NIFTY_50,2026-03-02,10,STRONG_RISK_OFF,0.9987807588327431
NIFTY_50,2026-03-04,10,STRONG_RISK_OFF,0.9994080255654484
NIFTY_50,2026-03-05,10,STRONG_RISK_OFF,0.9994682245423424
NIFTY_50,2026-03-06,10,STRONG_RISK_OFF,0.999378034565002
NIFTY_50,2026-03-10,10,STRONG_RISK_OFF,0.9982771450559563
NIFTY_50,2026-03-11,10,STRONG_RISK_OFF,0.9984073198112151
NIFTY_50,2026-03-17,10,STRONG_RISK_OFF,0.9988989807250992
NIFTY_50,2026-03-18,10,STRONG_RISK_OFF,0.9978128406613025
NIFTY_50,2026-03-19,10,STRONG_RISK_OFF,0.9965460659135243
NIFTY_50,2026-03-20,10,STRONG_RISK_OFF,0.995715397782701
NIFTY_50,2026-03-24,10,STRONG_RISK_OFF,0.9934531412978422
NIFTY_50,2026-03-25,10,RISK_OFF,0.8450139646979392
NIFTY_50,2026-03-27,10,RISK_OFF,0.995851536713407
NIFTY_50,2026-04-01,10,RISK_OFF,0.9982032613166582
NIFTY_50,2026-04-02,10,RISK_OFF,0.9973869407203305
NIFTY_50,2026-04-06,10,RISK_OFF,0.9967760073765336
NIFTY_50,2026-04-07,10,RISK_OFF,0.9958444419070361
NIFTY_50,2026-04-08,10,RISK_OFF,0.9930204939842959
NIFTY_50,2026-04-09,10,STRONG_RISK_OFF,0.7671237779125146
NIFTY_50,2026-04-10,10,STRONG_RISK_OFF,0.9942367812657493
NIFTY_50,2026-04-13,10,STRONG_RISK_OFF,0.9956452981094459
NIFTY_50,2026-04-15,10,RISK_OFF,0.7301190196093328
NIFTY_50,2026-04-16,10,STRONG_RISK_OFF,0.7939352840990488
NIFTY_50,2026-04-17,10,STRONG_RISK_OFF,0.9971216178257628
NIFTY_50,2026-04-20,10,STRONG_RISK_OFF,0.9941611615965512
NIFTY_50,2026-04-21,10,RISK_OFF,0.9908268506608892
NIFTY_50,2026-04-22,10,RISK_OFF,0.996693961892785
NIFTY_50,2026-04-23,10,RISK_OFF,0.9884749674204656
NIFTY_50,2026-04-24,10,STRONG_RISK_OFF,0.7524888156558087
NIFTY_50,2026-04-27,10,STRONG_RISK_OFF,0.9950581153079525
NIFTY_50,2026-04-28,10,STRONG_RISK_OFF,0.9976681793231403
NIFTY_50,2026-04-29,10,STRONG_RISK_OFF,0.9968620941619578
NIFTY_50,2026-04-30,10,STRONG_RISK_OFF,0.9978656491833153
NIFTY_50,2026-05-04,10,STRONG_RISK_OFF,0.9978416880778211
NIFTY_50,2026-05-05,10,STRONG_RISK_OFF,0.9987884847894265
NIFTY_50,2026-05-06,10,STRONG_RISK_OFF,0.9985847036906824
NIFTY_50,2026-05-07,10,STRONG_RISK_OFF,0.9980453736937637
NIFTY_50,2026-05-08,10,STRONG_RISK_OFF,0.9977896768886552
NIFTY_50,2026-05-11,10,RISK_OFF,0.7295928384057927
NIFTY_50,2026-05-12,10,RISK_OFF,0.9948214397333991
NIFTY_50,2026-05-13,10,RISK_OFF,0.9959248744582164
NIFTY_50,2026-05-14,10,STRONG_RISK_OFF,0.7707790910499277
NIFTY_50,2026-05-15,10,STRONG_RISK_OFF,0.9967143675205046
NIFTY_50,2026-05-18,10,STRONG_RISK_OFF,0.9988772336589808
NIFTY_50,2026-05-19,10,STRONG_RISK_OFF,0.9981607303931145
NIFTY_50,2026-05-20,10,STRONG_RISK_OFF,0.9989907120522054
NIFTY_50,2026-05-21,10,STRONG_RISK_OFF,0.9985068258322333
NIFTY_50,2026-05-22,10,STRONG_RISK_OFF,0.9958430997430884
NIFTY_50,2026-05-25,10,STRONG_RISK_OFF,0.9987669926787685
NIFTY_50,2026-05-26,10,STRONG_RISK_OFF,0.9986541325143029
NIFTY_50,2026-05-27,10,STRONG_RISK_OFF,0.9985365268693099
NIFTY_50,2026-05-29,10,STRONG_RISK_OFF,0.9940935822866895
NIFTY_50,2026-06-01,10,RISK_OFF,0.9420281957750989
NIFTY_50,2026-06-02,10,RISK_OFF,0.9920711431905856
NIFTY_50,2026-06-03,10,RISK_OFF,0.9966498453657063
NIFTY_50,2026-06-04,10,RISK_OFF,0.9963079936536042
NIFTY_50,2026-06-05,10,RISK_OFF,0.9951704113998758
NIFTY_MIDCAP_100,2021-07-16,5,RISK_ON,0.8324939683442877
NIFTY_MIDCAP_100,2021-07-19,5,RISK_ON,0.9941100152643212
NIFTY_MIDCAP_100,2021-07-20,5,RISK_ON,0.9950298747059007
NIFTY_MIDCAP_100,2021-07-22,5,RISK_ON,0.993504286809822
NIFTY_MIDCAP_100,2021-07-23,5,RISK_ON,0.9964262739885487
NIFTY_MIDCAP_100,2021-07-26,5,RISK_ON,0.5202858962775132
NIFTY_MIDCAP_100,2021-07-27,5,RISK_ON,0.9963396464236431
NIFTY_MIDCAP_100,2021-07-28,5,RISK_ON,0.9963383044330567
NIFTY_MIDCAP_100,2021-07-29,5,RISK_ON,0.9937507749563573
NIFTY_MIDCAP_100,2021-07-30,5,RISK_ON,0.9927610563547974
NIFTY_MIDCAP_100,2021-08-03,5,RISK_ON,0.5138580641996521
NIFTY_MIDCAP_100,2021-08-04,5,RISK_ON,0.5410708087549893
NIFTY_MIDCAP_100,2021-08-05,5,RISK_ON,0.9651941342384733
NIFTY_MIDCAP_100,2021-08-06,5,RISK_ON,0.9814800656861086
NIFTY_MIDCAP_100,2021-08-09,5,NEUTRAL,0.770016637704001
NIFTY_MIDCAP_100,2021-08-10,5,NEUTRAL,0.993859125513763
NIFTY_MIDCAP_100,2021-08-11,5,NEUTRAL,0.5488879900653048
NIFTY_MIDCAP_100,2021-08-12,5,NEUTRAL,0.7239158146701624
NIFTY_MIDCAP_100,2021-08-13,5,NEUTRAL,0.9930855082304154
NIFTY_MIDCAP_100,2021-08-16,5,NEUTRAL,0.9951789326199082
NIFTY_MIDCAP_100,2021-08-17,5,NEUTRAL,0.9967686496828546
NIFTY_MIDCAP_100,2021-08-18,5,NEUTRAL,0.9886938310450104
NIFTY_MIDCAP_100,2021-08-20,5,NEUTRAL,0.9944461082259888
NIFTY_MIDCAP_100,2021-08-23,5,RISK_ON,0.7441058894613275
NIFTY_MIDCAP_100,2021-08-24,5,RISK_ON,0.998082498523944
NIFTY_MIDCAP_100,2021-08-25,5,RISK_ON,0.9983774550630694
NIFTY_MIDCAP_100,2021-08-26,5,RISK_ON,0.9941745333347242
NIFTY_MIDCAP_100,2021-08-27,5,RISK_ON,0.9928351603305932
NIFTY_MIDCAP_100,2021-08-30,5,RISK_ON,0.9799925084373092
NIFTY_MIDCAP_100,2021-08-31,5,NEUTRAL,0.6274844323926628
NIFTY_MIDCAP_100,2021-09-01,5,NEUTRAL,0.990122661550375
NIFTY_MIDCAP_100,2021-09-02,5,RISK_ON,0.6053542820521852
NIFTY_MIDCAP_100,2021-09-03,5,RISK_ON,0.9933669709029791
NIFTY_MIDCAP_100,2021-09-06,5,RISK_ON,0.9956289482823193
NIFTY_MIDCAP_100,2021-09-07,5,RISK_ON,0.997030686526987
NIFTY_MIDCAP_100,2021-09-08,5,RISK_ON,0.996697104323557
NIFTY_MIDCAP_100,2021-09-09,5,RISK_ON,0.9983152714194282
NIFTY_MIDCAP_100,2021-09-13,5,RISK_ON,0.9984492359655476
NIFTY_MIDCAP_100,2021-09-14,5,RISK_ON,0.9979912020000256
NIFTY_MIDCAP_100,2021-09-15,5,RISK_ON,0.9977400323633885
NIFTY_MIDCAP_100,2021-09-16,5,RISK_ON,0.9968832860838291
NIFTY_MIDCAP_100,2021-09-17,5,RISK_ON,0.9970936708053577
NIFTY_MIDCAP_100,2021-09-20,5,RISK_ON,0.9969406313351429
NIFTY_MIDCAP_100,2021-09-21,5,RISK_ON,0.9959921970299375
NIFTY_MIDCAP_100,2021-09-22,5,RISK_ON,0.9933379296973416
NIFTY_MIDCAP_100,2021-09-23,5,STRONG_RISK_ON,0.5774397455022223
NIFTY_MIDCAP_100,2021-09-24,5,STRONG_RISK_ON,0.9832260804556328
NIFTY_MIDCAP_100,2021-09-27,5,RISK_ON,0.883489733158117
NIFTY_MIDCAP_100,2021-09-28,5,RISK_ON,0.9648138677508249
NIFTY_MIDCAP_100,2021-09-29,5,RISK_ON,0.6373955012315501
NIFTY_MIDCAP_100,2021-10-19,5,STRONG_RISK_ON,0.7219351440413001
NIFTY_MIDCAP_100,2021-10-20,5,STRONG_RISK_ON,0.9868057398415406
NIFTY_MIDCAP_100,2021-10-21,5,RISK_ON,0.839958589823674
NIFTY_MIDCAP_100,2021-10-22,5,RISK_ON,0.5755089020400186
NIFTY_MIDCAP_100,2021-10-25,5,RISK_ON,0.9712904119220485
NIFTY_MIDCAP_100,2021-10-26,5,RISK_ON,0.9938512736301102
NIFTY_MIDCAP_100,2021-10-27,5,RISK_ON,0.9938439964617358
NIFTY_MIDCAP_100,2021-10-28,5,STRONG_RISK_ON,0.7012999829472165
NIFTY_MIDCAP_100,2021-10-29,5,STRONG_RISK_ON,0.9920717963063798
NIFTY_MIDCAP_100,2021-11-01,5,RISK_ON,0.9764724771466892
NIFTY_MIDCAP_100,2021-11-02,5,RISK_ON,0.9950115473786961
NIFTY_MIDCAP_100,2021-11-03,5,RISK_ON,0.9958110014921505
NIFTY_MIDCAP_100,2021-11-04,5,RISK_ON,0.9972964064017503
NIFTY_MIDCAP_100,2021-11-08,5,RISK_ON,0.9973260337922589
NIFTY_MIDCAP_100,2021-11-09,5,RISK_ON,0.9961251557213711
NIFTY_MIDCAP_100,2021-11-10,5,RISK_ON,0.9971798886986898
NIFTY_MIDCAP_100,2021-11-11,5,RISK_ON,0.9969555666486316
NIFTY_MIDCAP_100,2021-11-12,5,RISK_ON,0.9794287129933232
NIFTY_MIDCAP_100,2021-11-15,5,NEUTRAL,0.6128828174934836
NIFTY_MIDCAP_100,2021-11-16,5,NEUTRAL,0.9946925837500343
NIFTY_MIDCAP_100,2021-11-17,5,NEUTRAL,0.996769559228424
NIFTY_MIDCAP_100,2021-11-18,5,NEUTRAL,0.9916168164353457
NIFTY_MIDCAP_100,2021-11-22,5,RISK_OFF,0.49608991304335787
NIFTY_MIDCAP_100,2021-11-23,5,RISK_OFF,0.9896777249603426
NIFTY_MIDCAP_100,2021-11-24,5,RISK_OFF,0.9834861929353382
NIFTY_MIDCAP_100,2021-11-25,5,NEUTRAL,0.5985020133695148
NIFTY_MIDCAP_100,2021-11-26,5,NEUTRAL,0.9961474551600409
NIFTY_MIDCAP_100,2021-11-29,5,NEUTRAL,0.9977313274472274
NIFTY_MIDCAP_100,2021-11-30,5,NEUTRAL,0.9985864848847199
NIFTY_MIDCAP_100,2021-12-01,5,NEUTRAL,0.9991402817781188
NIFTY_MIDCAP_100,2021-12-02,5,NEUTRAL,0.9983375139074219
NIFTY_MIDCAP_100,2021-12-03,5,NEUTRAL,0.9971974877357175
NIFTY_MIDCAP_100,2021-12-06,5,NEUTRAL,0.9992618241503888
NIFTY_MIDCAP_100,2021-12-07,5,NEUTRAL,0.9992175406789067
NIFTY_MIDCAP_100,2021-12-08,5,NEUTRAL,0.9982288932372815
NIFTY_MIDCAP_100,2021-12-09,5,NEUTRAL,0.9959352919029741
NIFTY_MIDCAP_100,2021-12-10,5,NEUTRAL,0.9910757808972243
NIFTY_MIDCAP_100,2021-12-13,5,RISK_OFF,0.5082279050598629
NIFTY_MIDCAP_100,2021-12-14,5,RISK_OFF,0.9925905313136351
NIFTY_MIDCAP_100,2021-12-15,5,RISK_OFF,0.9890726819087838
NIFTY_MIDCAP_100,2021-12-16,5,RISK_OFF,0.9861001005550349
NIFTY_MIDCAP_100,2021-12-17,5,RISK_OFF,0.987528302418141
NIFTY_MIDCAP_100,2021-12-20,5,RISK_OFF,0.967933719089608
NIFTY_MIDCAP_100,2021-12-21,5,NEUTRAL,0.8051635752462344
NIFTY_MIDCAP_100,2021-12-22,5,NEUTRAL,0.998788646476575
NIFTY_MIDCAP_100,2021-12-23,5,NEUTRAL,0.9991133595812927
NIFTY_MIDCAP_100,2021-12-24,5,NEUTRAL,0.9978979519784693
NIFTY_MIDCAP_100,2021-12-27,5,NEUTRAL,0.998460857832858
NIFTY_MIDCAP_100,2021-12-28,5,NEUTRAL,0.9971948467251532
NIFTY_MIDCAP_100,2021-12-29,5,NEUTRAL,0.9968828709342474
NIFTY_MIDCAP_100,2021-12-30,5,NEUTRAL,0.9978516130076294
NIFTY_MIDCAP_100,2021-12-31,5,NEUTRAL,0.9983132842861598
NIFTY_MIDCAP_100,2022-01-03,5,NEUTRAL,0.9982689868883869
NIFTY_MIDCAP_100,2022-01-04,5,NEUTRAL,0.9964916963616502
NIFTY_MIDCAP_100,2022-01-05,5,NEUTRAL,0.994842208612702
NIFTY_MIDCAP_100,2022-01-06,5,NEUTRAL,0.9910240086073648
NIFTY_MIDCAP_100,2022-01-07,5,NEUTRAL,0.5156173255995854
NIFTY_MIDCAP_100,2022-01-10,5,NEUTRAL,0.5252798171078759
NIFTY_MIDCAP_100,2022-01-11,5,NEUTRAL,0.9947114927131568
NIFTY_MIDCAP_100,2022-01-12,5,NEUTRAL,0.9949286609895773
NIFTY_MIDCAP_100,2022-01-13,5,NEUTRAL,0.9977400730428672
NIFTY_MIDCAP_100,2022-01-14,5,NEUTRAL,0.9957997216078676
NIFTY_MIDCAP_100,2022-01-17,5,NEUTRAL,0.549805229732471
NIFTY_MIDCAP_100,2022-01-18,5,NEUTRAL,0.994034920223598
NIFTY_MIDCAP_100,2022-01-19,5,NEUTRAL,0.6103180870566279
NIFTY_MIDCAP_100,2022-01-20,5,RISK_OFF,0.5922702871122711
NIFTY_MIDCAP_100,2022-01-21,5,NEUTRAL,0.6611337637130658
NIFTY_MIDCAP_100,2022-01-24,5,NEUTRAL,0.9931432774916892
NIFTY_MIDCAP_100,2022-01-25,5,NEUTRAL,0.9953849738793988
NIFTY_MIDCAP_100,2022-01-27,5,NEUTRAL,0.9966343859182519
NIFTY_MIDCAP_100,2022-01-28,5,NEUTRAL,0.9944485239431374
NIFTY_MIDCAP_100,2022-01-31,5,NEUTRAL,0.6404965799418995
NIFTY_MIDCAP_100,2022-02-01,5,NEUTRAL,0.723515210259949
NIFTY_MIDCAP_100,2022-02-02,5,NEUTRAL,0.9952071587162571
NIFTY_MIDCAP_100,2022-02-03,5,NEUTRAL,0.9825963333664497
NIFTY_MIDCAP_100,2022-02-04,5,RISK_OFF,0.5707523644196852
NIFTY_MIDCAP_100,2022-02-07,5,RISK_OFF,0.9915892255111076
NIFTY_MIDCAP_100,2022-02-08,5,RISK_OFF,0.9931401083734125
NIFTY_MIDCAP_100,2022-02-09,5,RISK_OFF,0.993543353236991
NIFTY_MIDCAP_100,2022-02-10,5,RISK_OFF,0.994779896994187
NIFTY_MIDCAP_100,2022-02-11,5,RISK_OFF,0.9946239732162148
NIFTY_MIDCAP_100,2022-02-14,5,RISK_OFF,0.9965701644130722
NIFTY_MIDCAP_100,2022-02-15,5,RISK_OFF,0.9891582831693704
NIFTY_MIDCAP_100,2022-02-16,5,STRONG_RISK_OFF,0.7540776737734332
NIFTY_MIDCAP_100,2022-02-17,5,STRONG_RISK_OFF,0.9914249513451533
NIFTY_MIDCAP_100,2022-02-18,5,RISK_OFF,0.8108431827348853
NIFTY_MIDCAP_100,2022-02-21,5,STRONG_RISK_OFF,0.5755884475782899
NIFTY_MIDCAP_100,2022-02-22,5,RISK_OFF,0.8405683161437418
NIFTY_MIDCAP_100,2022-02-23,5,RISK_OFF,0.9931353964779759
NIFTY_MIDCAP_100,2022-02-24,5,STRONG_RISK_OFF,0.618057873726768
NIFTY_MIDCAP_100,2022-02-25,5,RISK_OFF,0.7539945992389196
NIFTY_MIDCAP_100,2022-02-28,5,STRONG_RISK_OFF,0.7559310974674338
NIFTY_MIDCAP_100,2022-03-02,5,STRONG_RISK_OFF,0.9813340627569827
NIFTY_MIDCAP_100,2022-03-03,5,RISK_OFF,0.805698789124835
NIFTY_MIDCAP_100,2022-03-04,5,STRONG_RISK_OFF,0.7477895934081071
NIFTY_MIDCAP_100,2022-03-07,5,RISK_OFF,0.9405712760379731
NIFTY_MIDCAP_100,2022-03-08,5,RISK_OFF,0.9967165124671548
NIFTY_MIDCAP_100,2022-03-09,5,RISK_OFF,0.997761795105549
NIFTY_MIDCAP_100,2022-03-10,5,RISK_OFF,0.9966123404457414
NIFTY_MIDCAP_100,2022-03-11,5,RISK_OFF,0.9944190280375167
NIFTY_MIDCAP_100,2022-03-14,5,RISK_OFF,0.996650555235639
NIFTY_MIDCAP_100,2022-03-15,5,RISK_OFF,0.9956162741932172
NIFTY_MIDCAP_100,2022-03-16,5,NEUTRAL,0.8217809706662865
NIFTY_MIDCAP_100,2022-03-17,5,NEUTRAL,0.9986712291593562
NIFTY_MIDCAP_100,2022-03-21,5,NEUTRAL,0.9991071847952007
NIFTY_MIDCAP_100,2022-03-22,5,NEUTRAL,0.9985940580677325
NIFTY_MIDCAP_100,2022-03-23,5,NEUTRAL,0.9990919345472241
NIFTY_MIDCAP_100,2022-03-24,5,NEUTRAL,0.9982347948995327
NIFTY_MIDCAP_100,2022-03-25,5,NEUTRAL,0.9988421693300683
NIFTY_MIDCAP_100,2022-03-28,5,NEUTRAL,0.9991199732510977
NIFTY_MIDCAP_100,2022-03-29,5,NEUTRAL,0.9991226280748517
NIFTY_MIDCAP_100,2022-03-30,5,NEUTRAL,0.9987357142569399
NIFTY_MIDCAP_100,2022-03-31,5,NEUTRAL,0.999389431337676
NIFTY_MIDCAP_100,2022-04-01,5,NEUTRAL,0.9996107761816113
NIFTY_MIDCAP_100,2022-04-04,5,NEUTRAL,0.9994965671926515
NIFTY_MIDCAP_100,2022-04-05,5,NEUTRAL,0.999414597030061
NIFTY_MIDCAP_100,2022-04-06,5,NEUTRAL,0.9995666350374443
NIFTY_MIDCAP_100,2022-04-07,5,NEUTRAL,0.9997806840499748
NIFTY_MIDCAP_100,2022-04-08,5,NEUTRAL,0.9994063107393473
NIFTY_MIDCAP_100,2022-04-11,5,NEUTRAL,0.9986372295507363
NIFTY_MIDCAP_100,2022-04-12,5,NEUTRAL,0.9994955893280374
NIFTY_MIDCAP_100,2022-04-13,5,NEUTRAL,0.9993147176542461
NIFTY_MIDCAP_100,2022-04-18,5,NEUTRAL,0.9990688464568797
NIFTY_MIDCAP_100,2022-04-19,5,NEUTRAL,0.9993468276202684
NIFTY_MIDCAP_100,2022-04-20,5,NEUTRAL,0.9987558279446831
NIFTY_MIDCAP_100,2022-04-21,5,NEUTRAL,0.9960728480218516
NIFTY_MIDCAP_100,2022-04-22,5,NEUTRAL,0.9948519871959928
NIFTY_MIDCAP_100,2022-04-25,5,NEUTRAL,0.9904425193712543
NIFTY_MIDCAP_100,2022-04-26,5,NEUTRAL,0.5648274075535527
NIFTY_MIDCAP_100,2022-04-27,5,RISK_OFF,0.5337061064999391
NIFTY_MIDCAP_100,2022-04-28,5,RISK_OFF,0.9890194244939785
NIFTY_MIDCAP_100,2022-04-29,5,RISK_OFF,0.9861186348306236
NIFTY_MIDCAP_100,2022-05-02,5,STRONG_RISK_OFF,0.7647094285747459
NIFTY_MIDCAP_100,2022-05-04,5,STRONG_RISK_OFF,0.9985598634140501
NIFTY_MIDCAP_100,2022-05-05,5,STRONG_RISK_OFF,0.9983208616656323
NIFTY_MIDCAP_100,2022-05-06,5,STRONG_RISK_OFF,0.9977079475909002
NIFTY_MIDCAP_100,2022-05-09,5,STRONG_RISK_OFF,0.996403032691001
NIFTY_MIDCAP_100,2022-05-10,5,RISK_OFF,0.8596778158464158
NIFTY_MIDCAP_100,2022-05-11,5,RISK_OFF,0.9921522397623027
NIFTY_MIDCAP_100,2022-05-12,5,STRONG_RISK_OFF,0.6395667674556618
NIFTY_MIDCAP_100,2022-05-13,5,RISK_OFF,0.7861489948492087
NIFTY_MIDCAP_100,2022-05-16,5,RISK_OFF,0.9906521403097825
NIFTY_MIDCAP_100,2022-05-17,5,STRONG_RISK_OFF,0.8362566400430604
NIFTY_MIDCAP_100,2022-05-18,5,STRONG_RISK_OFF,0.998538718151365
NIFTY_MIDCAP_100,2022-05-19,5,STRONG_RISK_OFF,0.9966605756519091
NIFTY_MIDCAP_100,2022-05-20,5,STRONG_RISK_OFF,0.9986548244411082
NIFTY_MIDCAP_100,2022-05-23,5,STRONG_RISK_OFF,0.9988188403241405
NIFTY_MIDCAP_100,2022-05-24,5,STRONG_RISK_OFF,0.9989422738359693
NIFTY_MIDCAP_100,2022-05-25,5,STRONG_RISK_OFF,0.9975197256154881
NIFTY_MIDCAP_100,2022-05-26,5,STRONG_RISK_OFF,0.9982664691884078
NIFTY_MIDCAP_100,2022-05-27,5,STRONG_RISK_OFF,0.9987854247573504
NIFTY_MIDCAP_100,2022-05-30,5,STRONG_RISK_OFF,0.9971830177952822
NIFTY_MIDCAP_100,2022-05-31,5,STRONG_RISK_OFF,0.998291499127171
NIFTY_MIDCAP_100,2022-06-01,5,STRONG_RISK_OFF,0.9991219887056143
NIFTY_MIDCAP_100,2022-06-02,5,STRONG_RISK_OFF,0.9988259916723938
NIFTY_MIDCAP_100,2022-06-03,5,STRONG_RISK_OFF,0.999252366521255
NIFTY_MIDCAP_100,2022-06-06,5,STRONG_RISK_OFF,0.9994867080256592
NIFTY_MIDCAP_100,2022-06-07,5,STRONG_RISK_OFF,0.9994473905097254
NIFTY_MIDCAP_100,2022-06-08,5,STRONG_RISK_OFF,0.9993999837564275
NIFTY_MIDCAP_100,2022-06-09,5,STRONG_RISK_OFF,0.99973051038079
NIFTY_MIDCAP_100,2022-06-10,5,STRONG_RISK_OFF,0.9993724026645393
NIFTY_MIDCAP_100,2022-06-13,5,STRONG_RISK_OFF,0.9993947895121873
NIFTY_MIDCAP_100,2022-06-14,5,STRONG_RISK_OFF,0.9992220792356871
NIFTY_MIDCAP_100,2022-06-15,5,STRONG_RISK_OFF,0.9984285694816789
NIFTY_MIDCAP_100,2022-06-21,5,STRONG_RISK_OFF,0.9996763290846291
NIFTY_MIDCAP_100,2022-06-22,5,STRONG_RISK_OFF,0.9996745010880046
NIFTY_MIDCAP_100,2022-06-23,5,STRONG_RISK_OFF,0.9997096732561177
NIFTY_MIDCAP_100,2022-06-24,5,STRONG_RISK_OFF,0.9993104469193483
NIFTY_MIDCAP_100,2022-06-27,5,STRONG_RISK_OFF,0.9990207111414858
NIFTY_MIDCAP_100,2022-06-28,5,STRONG_RISK_OFF,0.995958482241468
NIFTY_MIDCAP_100,2022-06-29,5,STRONG_RISK_OFF,0.9953035836903881
NIFTY_MIDCAP_100,2022-06-30,5,RISK_OFF,0.8697590366553404
NIFTY_MIDCAP_100,2022-07-01,5,RISK_OFF,0.9961709334980448
NIFTY_MIDCAP_100,2022-07-04,5,RISK_OFF,0.9984987835233482
NIFTY_MIDCAP_100,2022-07-05,5,RISK_OFF,0.9982997988083068
NIFTY_MIDCAP_100,2022-07-06,5,RISK_OFF,0.9965854420874043
NIFTY_MIDCAP_100,2022-07-07,5,RISK_OFF,0.9968048675230248
NIFTY_MIDCAP_100,2022-07-08,5,RISK_OFF,0.9966110593653975
NIFTY_MIDCAP_100,2022-07-11,5,RISK_OFF,0.9903554891636166
NIFTY_MIDCAP_100,2022-07-12,5,NEUTRAL,0.7468977625463364
NIFTY_MIDCAP_100,2022-07-13,5,NEUTRAL,0.9992480525710343
NIFTY_MIDCAP_100,2022-07-14,5,NEUTRAL,0.9988622270650986
NIFTY_MIDCAP_100,2022-07-15,5,NEUTRAL,0.9981787822767775
NIFTY_MIDCAP_100,2022-07-18,5,NEUTRAL,0.9983480104352626
NIFTY_MIDCAP_100,2022-07-19,5,NEUTRAL,0.9986206367273479
NIFTY_MIDCAP_100,2022-07-20,5,NEUTRAL,0.9993203835589424
NIFTY_MIDCAP_100,2022-07-21,5,NEUTRAL,0.9996980605834442
NIFTY_MIDCAP_100,2022-07-22,5,NEUTRAL,0.9995393673797219
NIFTY_MIDCAP_100,2022-07-25,5,NEUTRAL,0.9992203706153491
NIFTY_MIDCAP_100,2022-07-26,5,NEUTRAL,0.9992619544385998
NIFTY_MIDCAP_100,2022-07-27,5,NEUTRAL,0.9992515884935042
NIFTY_MIDCAP_100,2022-07-28,5,NEUTRAL,0.9994332151357377
NIFTY_MIDCAP_100,2022-07-29,5,NEUTRAL,0.998927975840232
NIFTY_MIDCAP_100,2022-08-01,5,NEUTRAL,0.9980812656560752
NIFTY_MIDCAP_100,2022-08-02,5,NEUTRAL,0.9972656164378877
NIFTY_MIDCAP_100,2022-08-03,5,NEUTRAL,0.9935319311675088
NIFTY_MIDCAP_100,2022-08-04,5,NEUTRAL,0.5977125183068172
NIFTY_MIDCAP_100,2022-08-05,5,RISK_ON,0.5655005864172338
NIFTY_MIDCAP_100,2022-08-08,5,RISK_ON,0.9921894608694608
NIFTY_MIDCAP_100,2022-08-10,5,RISK_ON,0.9895261269101417
NIFTY_MIDCAP_100,2022-08-11,5,RISK_ON,0.97355694893343
NIFTY_MIDCAP_100,2022-08-12,5,RISK_ON,0.5849042249208398
NIFTY_MIDCAP_100,2022-08-16,5,NEUTRAL,0.5915760129824146
NIFTY_MIDCAP_100,2022-08-17,5,RISK_ON,0.6359810107280489
NIFTY_MIDCAP_100,2022-08-18,5,RISK_ON,0.9939634367350532
NIFTY_MIDCAP_100,2022-08-19,5,RISK_ON,0.9822395410575037
NIFTY_MIDCAP_100,2022-08-22,5,NEUTRAL,0.6102930694881509
NIFTY_MIDCAP_100,2022-08-23,5,RISK_ON,0.6451502819241077
NIFTY_MIDCAP_100,2022-08-24,5,RISK_ON,0.9954752438907131
NIFTY_MIDCAP_100,2022-08-25,5,RISK_ON,0.9956912708764717
NIFTY_MIDCAP_100,2022-08-26,5,RISK_ON,0.9936104661213602
NIFTY_MIDCAP_100,2022-08-29,5,STRONG_RISK_ON,0.6873362039524218
NIFTY_MIDCAP_100,2022-08-30,5,RISK_ON,0.953121171709629
NIFTY_MIDCAP_100,2022-09-01,5,RISK_ON,0.9912896265521598
NIFTY_MIDCAP_100,2022-09-02,5,STRONG_RISK_ON,0.5242913406780191
NIFTY_MIDCAP_100,2022-09-05,5,RISK_ON,0.9076041592648145
NIFTY_MIDCAP_100,2022-09-07,5,RISK_ON,0.9890671057771369
NIFTY_MIDCAP_100,2022-09-08,5,RISK_ON,0.9889506888743653
NIFTY_MIDCAP_100,2022-09-09,5,NEUTRAL,0.6734891349538291
NIFTY_MIDCAP_100,2022-09-12,5,NEUTRAL,0.9905436432429712
NIFTY_MIDCAP_100,2022-09-13,5,NEUTRAL,0.7542923639445605
NIFTY_MIDCAP_100,2022-09-14,5,NEUTRAL,0.9929592449529178
NIFTY_MIDCAP_100,2022-09-15,5,NEUTRAL,0.9972933808737279
NIFTY_MIDCAP_100,2022-09-16,5,NEUTRAL,0.9804238404945318
NIFTY_MIDCAP_100,2022-09-19,5,NEUTRAL,0.605200361940929
NIFTY_MIDCAP_100,2022-09-20,5,NEUTRAL,0.9902035083869364
NIFTY_MIDCAP_100,2022-09-21,5,RISK_OFF,0.49486124394588854
NIFTY_MIDCAP_100,2022-09-22,5,RISK_OFF,0.9864000494758585
NIFTY_MIDCAP_100,2022-09-23,5,NEUTRAL,0.8018822666078578
NIFTY_MIDCAP_100,2022-09-26,5,NEUTRAL,0.9976419670636723
NIFTY_MIDCAP_100,2022-09-27,5,NEUTRAL,0.9991926571224792
NIFTY_MIDCAP_100,2022-09-28,5,NEUTRAL,0.9995907527514938
NIFTY_MIDCAP_100,2022-09-29,5,NEUTRAL,0.9993076157452443
NIFTY_MIDCAP_100,2022-09-30,5,NEUTRAL,0.9995654152414858
NIFTY_MIDCAP_100,2022-10-03,5,NEUTRAL,0.998700269975818
NIFTY_MIDCAP_100,2022-10-04,5,NEUTRAL,0.9996661207133027
NIFTY_MIDCAP_100,2022-10-06,5,NEUTRAL,0.9987902446306502
NIFTY_MIDCAP_100,2022-10-07,5,NEUTRAL,0.9992716977997181
NIFTY_MIDCAP_100,2022-10-10,5,NEUTRAL,0.9996276258862641
NIFTY_MIDCAP_100,2022-10-11,5,NEUTRAL,0.9997312404587598
NIFTY_MIDCAP_100,2022-10-12,5,NEUTRAL,0.9996283834455851
NIFTY_MIDCAP_100,2022-10-13,5,NEUTRAL,0.9993751259120045
NIFTY_MIDCAP_100,2022-10-14,5,NEUTRAL,0.9992961321794996
NIFTY_MIDCAP_100,2022-10-17,5,NEUTRAL,0.9990385491582995
NIFTY_MIDCAP_100,2022-10-18,5,NEUTRAL,0.9996279381538699
NIFTY_MIDCAP_100,2022-10-19,5,NEUTRAL,0.9990445940236085
NIFTY_MIDCAP_100,2022-10-20,5,NEUTRAL,0.9987783389377312
NIFTY_MIDCAP_100,2022-10-21,5,NEUTRAL,0.9963573870839886
NIFTY_MIDCAP_100,2022-10-24,5,NEUTRAL,0.998983962074534
NIFTY_MIDCAP_100,2022-10-25,5,NEUTRAL,0.9988306064207516
NIFTY_MIDCAP_100,2022-10-27,5,NEUTRAL,0.9986685080393815
NIFTY_MIDCAP_100,2022-10-28,5,NEUTRAL,0.9986861441609747
NIFTY_MIDCAP_100,2022-10-31,5,NEUTRAL,0.9985916105218027
NIFTY_MIDCAP_100,2022-11-01,5,NEUTRAL,0.9988831917465514
NIFTY_MIDCAP_100,2022-11-02,5,NEUTRAL,0.9986759537528402
NIFTY_MIDCAP_100,2022-11-03,5,NEUTRAL,0.9986209693112985
NIFTY_MIDCAP_100,2022-11-04,5,NEUTRAL,0.9988479714407181
NIFTY_MIDCAP_100,2022-11-07,5,NEUTRAL,0.9975856234369236
NIFTY_MIDCAP_100,2022-11-09,5,NEUTRAL,0.9986318562552778
NIFTY_MIDCAP_100,2022-11-10,5,NEUTRAL,0.9981278586352567
NIFTY_MIDCAP_100,2022-11-11,5,NEUTRAL,0.9987657799915214
NIFTY_MIDCAP_100,2022-11-14,5,NEUTRAL,0.9987123056169531
NIFTY_MIDCAP_100,2022-11-15,5,NEUTRAL,0.9984568737751452
NIFTY_MIDCAP_100,2022-11-16,5,NEUTRAL,0.9982733016513186
NIFTY_MIDCAP_100,2022-11-17,5,NEUTRAL,0.9987654616100298
NIFTY_MIDCAP_100,2022-11-18,5,NEUTRAL,0.9964714491141509
NIFTY_MIDCAP_100,2022-11-21,5,NEUTRAL,0.9968191663738172
NIFTY_MIDCAP_100,2022-11-22,5,NEUTRAL,0.9986755892093523
NIFTY_MIDCAP_100,2022-11-23,5,NEUTRAL,0.9973640741361627
NIFTY_MIDCAP_100,2022-11-24,5,NEUTRAL,0.9973361896833871
NIFTY_MIDCAP_100,2022-11-25,5,NEUTRAL,0.5069598250327101
NIFTY_MIDCAP_100,2022-11-28,5,NEUTRAL,0.7796206745345634
NIFTY_MIDCAP_100,2022-11-29,5,NEUTRAL,0.9933678565146518
NIFTY_MIDCAP_100,2022-11-30,5,NEUTRAL,0.9941970824178236
NIFTY_MIDCAP_100,2022-12-01,5,NEUTRAL,0.9966993490055238
NIFTY_MIDCAP_100,2022-12-02,5,NEUTRAL,0.9970407928999949
NIFTY_MIDCAP_100,2022-12-05,5,NEUTRAL,0.997701683637754
NIFTY_MIDCAP_100,2022-12-06,5,NEUTRAL,0.9929060598206263
NIFTY_MIDCAP_100,2022-12-07,5,NEUTRAL,0.801768831389062
NIFTY_MIDCAP_100,2022-12-08,5,NEUTRAL,0.9890686236983841
NIFTY_MIDCAP_100,2022-12-09,5,NEUTRAL,0.9926245083432123
NIFTY_MIDCAP_100,2022-12-12,5,NEUTRAL,0.9977299040623159
NIFTY_MIDCAP_100,2022-12-13,5,NEUTRAL,0.9979409704350962
NIFTY_MIDCAP_100,2022-12-14,5,NEUTRAL,0.9979068719555708
NIFTY_MIDCAP_100,2022-12-15,5,NEUTRAL,0.9933180626088234
NIFTY_MIDCAP_100,2022-12-16,5,RISK_OFF,0.5072485334173202
NIFTY_MIDCAP_100,2022-12-19,5,RISK_OFF,0.9909066680747414
NIFTY_MIDCAP_100,2022-12-20,5,RISK_OFF,0.9907681587477069
NIFTY_MIDCAP_100,2022-12-21,5,RISK_OFF,0.9896442045246574
NIFTY_MIDCAP_100,2022-12-22,5,RISK_OFF,0.987888206863904
NIFTY_MIDCAP_100,2022-12-23,5,RISK_OFF,0.9887956320836716
NIFTY_MIDCAP_100,2022-12-26,5,NEUTRAL,0.7031571611100138
NIFTY_MIDCAP_100,2022-12-27,5,NEUTRAL,0.9820713751632844
NIFTY_MIDCAP_100,2022-12-28,5,NEUTRAL,0.5105954816192991
NIFTY_MIDCAP_100,2022-12-29,5,RISK_OFF,0.558945582181921
NIFTY_MIDCAP_100,2022-12-30,5,RISK_OFF,0.9807150389848402
NIFTY_MIDCAP_100,2023-01-02,5,NEUTRAL,0.6231030363800031
NIFTY_MIDCAP_100,2023-01-03,5,RISK_OFF,0.5970883716413717
NIFTY_MIDCAP_100,2023-01-04,5,RISK_OFF,0.9940439696683697
NIFTY_MIDCAP_100,2023-01-05,5,RISK_OFF,0.9966534822435528
NIFTY_MIDCAP_100,2023-01-06,5,RISK_OFF,0.993970475282965
NIFTY_MIDCAP_100,2023-01-09,5,RISK_OFF,0.9961337034864013
NIFTY_MIDCAP_100,2023-01-10,5,RISK_OFF,0.9980636673083705
NIFTY_MIDCAP_100,2023-01-11,5,RISK_OFF,0.9978144297810263
NIFTY_MIDCAP_100,2023-01-12,5,RISK_OFF,0.9975787914848183
NIFTY_MIDCAP_100,2023-01-13,5,RISK_OFF,0.996197884742386
NIFTY_MIDCAP_100,2023-01-16,5,RISK_OFF,0.9967235650538503
NIFTY_MIDCAP_100,2023-01-17,5,RISK_OFF,0.99570080779815
NIFTY_MIDCAP_100,2023-01-18,5,RISK_OFF,0.9925603790873888
NIFTY_MIDCAP_100,2023-01-19,5,RISK_OFF,0.9905516617715391
NIFTY_MIDCAP_100,2023-01-20,5,STRONG_RISK_OFF,0.5272219702234912
NIFTY_MIDCAP_100,2023-01-23,5,RISK_OFF,0.9245262395065469
NIFTY_MIDCAP_100,2023-01-24,5,RISK_OFF,0.9918170399348115
NIFTY_MIDCAP_100,2023-01-25,5,STRONG_RISK_OFF,0.7469146286225277
NIFTY_MIDCAP_100,2023-01-27,5,STRONG_RISK_OFF,0.9944478941207451
NIFTY_MIDCAP_100,2023-01-30,5,RISK_OFF,0.9239518528279895
NIFTY_MIDCAP_100,2023-01-31,5,RISK_OFF,0.9881302762738279
NIFTY_MIDCAP_100,2023-02-01,5,RISK_OFF,0.9935014460627453
NIFTY_MIDCAP_100,2023-02-02,5,RISK_OFF,0.997250308474089
NIFTY_MIDCAP_100,2023-02-03,5,RISK_OFF,0.9923002411386024
NIFTY_MIDCAP_100,2023-02-06,5,RISK_OFF,0.9922014122891355
NIFTY_MIDCAP_100,2023-02-07,5,RISK_OFF,0.5245419740677869
NIFTY_MIDCAP_100,2023-02-08,5,RISK_OFF,0.9918850079588414
NIFTY_MIDCAP_100,2023-02-09,5,RISK_OFF,0.9953866381760405
NIFTY_MIDCAP_100,2023-02-10,5,RISK_OFF,0.9959283338665731
NIFTY_MIDCAP_100,2023-02-13,5,RISK_OFF,0.9924894909477878
NIFTY_MIDCAP_100,2023-02-14,5,RISK_OFF,0.9956205515838092
NIFTY_MIDCAP_100,2023-02-15,5,STRONG_RISK_OFF,0.6556054274862293
NIFTY_MIDCAP_100,2023-02-16,5,STRONG_RISK_OFF,0.9944579350050012
NIFTY_MIDCAP_100,2023-02-17,5,STRONG_RISK_OFF,0.9954085161415432
NIFTY_MIDCAP_100,2023-02-20,5,STRONG_RISK_OFF,0.9951670513284699
NIFTY_MIDCAP_100,2023-02-21,5,STRONG_RISK_OFF,0.9952239875478288
NIFTY_MIDCAP_100,2023-02-22,5,RISK_OFF,0.8627766772237758
NIFTY_MIDCAP_100,2023-02-23,5,RISK_OFF,0.9955936719470935
NIFTY_MIDCAP_100,2023-02-24,5,RISK_OFF,0.9908917822154016
NIFTY_MIDCAP_100,2023-02-27,5,NEUTRAL,0.520857809912919
NIFTY_MIDCAP_100,2023-02-28,5,NEUTRAL,0.9857264908419475
NIFTY_MIDCAP_100,2023-03-01,5,NEUTRAL,0.9865419264540479
NIFTY_MIDCAP_100,2023-03-02,5,RISK_OFF,0.5958794819503596
NIFTY_MIDCAP_100,2023-03-03,5,RISK_OFF,0.9861488876905198
NIFTY_MIDCAP_100,2023-03-06,5,RISK_OFF,0.9894405908604104
NIFTY_MIDCAP_100,2023-03-08,5,RISK_OFF,0.9938723760418486
NIFTY_MIDCAP_100,2023-03-09,5,RISK_OFF,0.9939629643931838
NIFTY_MIDCAP_100,2023-03-10,5,RISK_OFF,0.9970729740698121
NIFTY_MIDCAP_100,2023-03-13,5,RISK_OFF,0.9954559905245434
NIFTY_MIDCAP_100,2023-03-14,5,RISK_OFF,0.9954677424135074
NIFTY_MIDCAP_100,2023-03-15,5,RISK_OFF,0.9961810109036504
NIFTY_MIDCAP_100,2023-03-16,5,RISK_OFF,0.996197588190647
NIFTY_MIDCAP_100,2023-03-17,5,STRONG_RISK_OFF,0.5451631576175557
NIFTY_MIDCAP_100,2023-03-20,5,STRONG_RISK_OFF,0.9976384521850484
NIFTY_MIDCAP_100,2023-03-21,5,STRONG_RISK_OFF,0.9956498040544495
NIFTY_MIDCAP_100,2023-03-22,5,RISK_OFF,0.7857339847505761
NIFTY_MIDCAP_100,2023-03-23,5,STRONG_RISK_OFF,0.7621408498858033
NIFTY_MIDCAP_100,2023-03-24,5,STRONG_RISK_OFF,0.9981197683643072
NIFTY_MIDCAP_100,2023-03-27,5,STRONG_RISK_OFF,0.9966401701413815
NIFTY_MIDCAP_100,2023-03-28,5,STRONG_RISK_OFF,0.9982968240118707
NIFTY_MIDCAP_100,2023-03-29,5,RISK_OFF,0.9125505711527165
NIFTY_MIDCAP_100,2023-03-31,5,RISK_OFF,0.9870727949224597
NIFTY_MIDCAP_100,2023-04-03,5,RISK_OFF,0.9872589690124185
NIFTY_MIDCAP_100,2023-04-05,5,NEUTRAL,0.6255592483845434
NIFTY_MIDCAP_100,2023-04-06,5,NEUTRAL,0.9923902925687113
NIFTY_MIDCAP_100,2023-04-10,5,NEUTRAL,0.9963776654527526
NIFTY_MIDCAP_100,2023-04-11,5,NEUTRAL,0.9990773137220924
NIFTY_MIDCAP_100,2023-04-12,5,NEUTRAL,0.9992787749759497
NIFTY_MIDCAP_100,2023-04-13,5,NEUTRAL,0.998889837043805
NIFTY_MIDCAP_100,2023-04-17,5,NEUTRAL,0.9993423148466233
NIFTY_MIDCAP_100,2023-04-18,5,NEUTRAL,0.9992810626575686
NIFTY_MIDCAP_100,2023-04-19,5,NEUTRAL,0.9991325878410977
NIFTY_MIDCAP_100,2023-04-20,5,NEUTRAL,0.9989978318866994
NIFTY_MIDCAP_100,2023-04-21,5,NEUTRAL,0.9985713289637469
NIFTY_MIDCAP_100,2023-04-24,5,NEUTRAL,0.9988855900173345
NIFTY_MIDCAP_100,2023-04-25,5,NEUTRAL,0.9974968501471471
NIFTY_MIDCAP_100,2023-04-26,5,NEUTRAL,0.9985595048367687
NIFTY_MIDCAP_100,2023-04-27,5,NEUTRAL,0.9993057786294096
NIFTY_MIDCAP_100,2023-04-28,5,NEUTRAL,0.9982029048790176
NIFTY_MIDCAP_100,2023-05-02,5,NEUTRAL,0.9994749713750394
NIFTY_MIDCAP_100,2023-05-03,5,NEUTRAL,0.9993537192892272
NIFTY_MIDCAP_100,2023-05-04,5,NEUTRAL,0.9991389957738792
NIFTY_MIDCAP_100,2023-05-05,5,NEUTRAL,0.9990180114941526
NIFTY_MIDCAP_100,2023-05-08,5,NEUTRAL,0.9957372958198979
NIFTY_MIDCAP_100,2023-05-09,5,NEUTRAL,0.998178652464418
NIFTY_MIDCAP_100,2023-05-10,5,NEUTRAL,0.998000411619796
NIFTY_MIDCAP_100,2023-05-11,5,NEUTRAL,0.9979027445410057
NIFTY_MIDCAP_100,2023-05-12,5,NEUTRAL,0.9952510240284421
NIFTY_MIDCAP_100,2023-05-15,5,NEUTRAL,0.9973379401027079
NIFTY_MIDCAP_100,2023-05-16,5,NEUTRAL,0.9952178173248627
NIFTY_MIDCAP_100,2023-05-17,5,NEUTRAL,0.9938400645319654
NIFTY_MIDCAP_100,2023-05-18,5,NEUTRAL,0.9893297003404731
NIFTY_MIDCAP_100,2023-05-19,5,NEUTRAL,0.7375292410762216
NIFTY_MIDCAP_100,2023-05-22,5,RISK_ON,0.5405364174069393
NIFTY_MIDCAP_100,2023-05-23,5,RISK_ON,0.9878482929283995
NIFTY_MIDCAP_100,2023-05-24,5,RISK_ON,0.9899863362473278
NIFTY_MIDCAP_100,2023-05-25,5,RISK_ON,0.9914505277624868
NIFTY_MIDCAP_100,2023-05-26,5,RISK_ON,0.9965409747628743
NIFTY_MIDCAP_100,2023-05-29,5,RISK_ON,0.9977220387688804
NIFTY_MIDCAP_100,2023-05-30,5,RISK_ON,0.9974165027203579
NIFTY_MIDCAP_100,2023-05-31,5,RISK_ON,0.9983710800601637
NIFTY_MIDCAP_100,2023-06-01,5,RISK_ON,0.9983056432197812
NIFTY_MIDCAP_100,2023-06-02,5,RISK_ON,0.9991200227100634
NIFTY_MIDCAP_100,2023-06-05,5,RISK_ON,0.9986049363996714
NIFTY_MIDCAP_100,2023-06-06,5,RISK_ON,0.9981213076166167
NIFTY_MIDCAP_100,2023-06-07,5,RISK_ON,0.9948722151063053
NIFTY_MIDCAP_100,2023-06-08,5,RISK_ON,0.9941029806509969
NIFTY_MIDCAP_100,2023-06-09,5,STRONG_RISK_ON,0.6444999070066492
NIFTY_MIDCAP_100,2023-06-12,5,STRONG_RISK_ON,0.9892988428820225
NIFTY_MIDCAP_100,2023-06-13,5,STRONG_RISK_ON,0.9798053630083485
NIFTY_MIDCAP_100,2023-06-14,5,RISK_ON,0.8705530320758595
NIFTY_MIDCAP_100,2023-06-15,5,RISK_ON,0.9968763058031526
NIFTY_MIDCAP_100,2023-06-19,5,RISK_ON,0.9979558113172922
NIFTY_MIDCAP_100,2023-06-20,5,RISK_ON,0.9981826602203686
NIFTY_MIDCAP_100,2023-06-21,5,RISK_ON,0.9986033650793972
NIFTY_MIDCAP_100,2023-06-22,5,RISK_ON,0.9965388488316228
NIFTY_MIDCAP_100,2023-06-23,5,RISK_ON,0.9948495248573395
NIFTY_MIDCAP_100,2023-06-26,5,RISK_ON,0.9961275510937093
NIFTY_MIDCAP_100,2023-06-27,5,RISK_ON,0.9963295991278476
NIFTY_MIDCAP_100,2023-06-28,5,RISK_ON,0.9949084022070523
NIFTY_MIDCAP_100,2023-06-30,5,STRONG_RISK_ON,0.6069514732843407
NIFTY_MIDCAP_100,2023-07-04,5,RISK_ON,0.7910844473653467
NIFTY_MIDCAP_100,2023-07-07,5,STRONG_RISK_ON,0.7839779401835355
NIFTY_MIDCAP_100,2023-07-10,5,STRONG_RISK_ON,0.9924022984430201
NIFTY_MIDCAP_100,2023-07-11,5,STRONG_RISK_ON,0.9964729394102265
NIFTY_MIDCAP_100,2023-07-12,5,STRONG_RISK_ON,0.9948772563865558
NIFTY_MIDCAP_100,2023-07-13,5,STRONG_RISK_ON,0.9947897705237376
NIFTY_MIDCAP_100,2023-07-14,5,STRONG_RISK_ON,0.9896050483519488
NIFTY_MIDCAP_100,2023-07-17,5,RISK_ON,0.765680092373336
NIFTY_MIDCAP_100,2023-07-18,5,RISK_ON,0.9962356043155504
NIFTY_MIDCAP_100,2023-07-19,5,RISK_ON,0.9943511082757559
NIFTY_MIDCAP_100,2023-07-20,5,RISK_ON,0.9959525785672174
NIFTY_MIDCAP_100,2023-07-21,5,RISK_ON,0.9962018817941161
NIFTY_MIDCAP_100,2023-07-24,5,RISK_ON,0.9890695244771079
NIFTY_MIDCAP_100,2023-07-25,5,STRONG_RISK_ON,0.5406831434112799
NIFTY_MIDCAP_100,2023-07-26,5,RISK_ON,0.8054695805554716
NIFTY_MIDCAP_100,2023-07-27,5,RISK_ON,0.9942192119777646
NIFTY_MIDCAP_100,2023-07-28,5,STRONG_RISK_ON,0.6530079596086521
NIFTY_MIDCAP_100,2023-07-31,5,STRONG_RISK_ON,0.9903679430050636
NIFTY_MIDCAP_100,2023-08-01,5,STRONG_RISK_ON,0.9928418972922776
NIFTY_MIDCAP_100,2023-08-02,5,STRONG_RISK_ON,0.9840332093021039
NIFTY_MIDCAP_100,2023-08-03,5,RISK_ON,0.7805553503923308
NIFTY_MIDCAP_100,2023-08-04,5,STRONG_RISK_ON,0.9067248863959502
NIFTY_MIDCAP_100,2023-08-07,5,STRONG_RISK_ON,0.99690160990515
NIFTY_MIDCAP_100,2023-08-08,5,STRONG_RISK_ON,0.9981636483518319
NIFTY_MIDCAP_100,2023-08-09,5,STRONG_RISK_ON,0.9953715944945721
NIFTY_MIDCAP_100,2023-08-10,5,RISK_ON,0.8315789532258223
NIFTY_MIDCAP_100,2023-08-11,5,STRONG_RISK_ON,0.8918524205174353
NIFTY_MIDCAP_100,2023-08-14,5,STRONG_RISK_ON,0.9964188248965178
NIFTY_MIDCAP_100,2023-08-16,5,STRONG_RISK_ON,0.9984508436599885
NIFTY_MIDCAP_100,2023-08-17,5,STRONG_RISK_ON,0.9979107506904017
NIFTY_MIDCAP_100,2023-08-18,5,STRONG_RISK_ON,0.9935499395375857
NIFTY_MIDCAP_100,2023-08-21,5,STRONG_RISK_ON,0.9922894235652708
NIFTY_MIDCAP_100,2023-08-22,5,RISK_ON,0.7818222399024004
NIFTY_MIDCAP_100,2023-08-23,5,RISK_ON,0.9950995059929898
NIFTY_MIDCAP_100,2023-08-24,5,RISK_ON,0.9958561458110554
NIFTY_MIDCAP_100,2023-08-25,5,RISK_ON,0.9921512016930449
NIFTY_MIDCAP_100,2023-08-28,5,STRONG_RISK_ON,0.5921158739153931
NIFTY_MIDCAP_100,2023-08-29,5,STRONG_RISK_ON,0.9953078668284226
NIFTY_MIDCAP_100,2023-08-30,5,STRONG_RISK_ON,0.9925552775677426
NIFTY_MIDCAP_100,2023-08-31,5,STRONG_RISK_ON,0.9900194373168026
NIFTY_MIDCAP_100,2023-09-01,5,RISK_ON,0.8524816610328039
NIFTY_MIDCAP_100,2023-09-04,5,RISK_ON,0.99737518435248
NIFTY_MIDCAP_100,2023-09-13,5,RISK_ON,0.9968102521902799
NIFTY_MIDCAP_100,2023-09-14,5,RISK_ON,0.9962253349001149
NIFTY_MIDCAP_100,2023-09-15,5,RISK_ON,0.9980494691377411
NIFTY_MIDCAP_100,2023-09-18,5,RISK_ON,0.998461944156191
NIFTY_MIDCAP_100,2023-09-20,5,RISK_ON,0.9968786359669414
NIFTY_MIDCAP_100,2023-09-21,5,NEUTRAL,0.5882902220101601
NIFTY_MIDCAP_100,2023-09-22,5,NEUTRAL,0.6714791498237567
NIFTY_MIDCAP_100,2023-09-25,5,NEUTRAL,0.6994191668307724
NIFTY_MIDCAP_100,2023-09-26,5,NEUTRAL,0.9912725858388894
NIFTY_MIDCAP_100,2023-09-27,5,NEUTRAL,0.9941004911233596
NIFTY_MIDCAP_100,2023-09-28,5,NEUTRAL,0.9969077793955955
NIFTY_MIDCAP_100,2023-09-29,5,NEUTRAL,0.9966220742464966
NIFTY_MIDCAP_100,2023-10-03,5,NEUTRAL,0.997784876953221
NIFTY_MIDCAP_100,2023-10-04,5,NEUTRAL,0.995146335897002
NIFTY_MIDCAP_100,2023-10-05,5,NEUTRAL,0.9957536879527684
NIFTY_MIDCAP_100,2023-10-06,5,NEUTRAL,0.9951978933751093
NIFTY_MIDCAP_100,2023-10-09,5,NEUTRAL,0.9924925466655381
NIFTY_MIDCAP_100,2023-10-10,5,NEUTRAL,0.6524649733831637
NIFTY_MIDCAP_100,2023-10-11,5,NEUTRAL,0.9974280391863237
NIFTY_MIDCAP_100,2023-10-12,5,NEUTRAL,0.9873972317452233
NIFTY_MIDCAP_100,2023-10-13,5,NEUTRAL,0.9869849146006762
NIFTY_MIDCAP_100,2023-10-16,5,NEUTRAL,0.7116278929604654
NIFTY_MIDCAP_100,2023-10-17,5,NEUTRAL,0.994246214803013
NIFTY_MIDCAP_100,2023-10-18,5,RISK_OFF,0.6222224085879837
NIFTY_MIDCAP_100,2023-10-19,5,RISK_OFF,0.9910634512278687
NIFTY_MIDCAP_100,2023-10-20,5,RISK_OFF,0.990064118917534
NIFTY_MIDCAP_100,2023-10-23,5,RISK_OFF,0.9897462722692105
NIFTY_MIDCAP_100,2023-10-25,5,RISK_OFF,0.9729172802547478
NIFTY_MIDCAP_100,2023-10-26,5,NEUTRAL,0.728515053225084
NIFTY_MIDCAP_100,2023-10-27,5,NEUTRAL,0.9985027898678195
NIFTY_MIDCAP_100,2023-10-30,5,NEUTRAL,0.9977352985025443
NIFTY_MIDCAP_100,2023-10-31,5,NEUTRAL,0.9982948517253981
NIFTY_MIDCAP_100,2023-11-01,5,NEUTRAL,0.9965721744807496
NIFTY_MIDCAP_100,2023-11-02,5,NEUTRAL,0.9969206256108578
NIFTY_MIDCAP_100,2023-11-03,5,NEUTRAL,0.9977762370995189
NIFTY_MIDCAP_100,2023-11-06,5,NEUTRAL,0.9977568911816094
NIFTY_MIDCAP_100,2023-11-07,5,NEUTRAL,0.9917305242309497
NIFTY_MIDCAP_100,2023-11-08,5,RISK_ON,0.6444336948585013
NIFTY_MIDCAP_100,2023-11-09,5,RISK_ON,0.9864790220021535
NIFTY_MIDCAP_100,2023-11-10,5,RISK_ON,0.9921962239911957
NIFTY_MIDCAP_100,2023-11-13,5,RISK_ON,0.9840898854672939
NIFTY_MIDCAP_100,2023-11-15,5,RISK_ON,0.9906018768900506
NIFTY_MIDCAP_100,2023-11-16,5,RISK_ON,0.990749573894451
NIFTY_MIDCAP_100,2023-11-17,5,RISK_ON,0.992861524164157
NIFTY_MIDCAP_100,2023-11-20,5,RISK_ON,0.9944116591400622
NIFTY_MIDCAP_100,2023-11-21,5,RISK_ON,0.9883540585071706
NIFTY_MIDCAP_100,2023-11-22,5,STRONG_RISK_ON,0.7389949989105757
NIFTY_MIDCAP_100,2023-11-23,5,STRONG_RISK_ON,0.9976288083808312
NIFTY_MIDCAP_100,2023-11-24,5,STRONG_RISK_ON,0.9972522781108802
NIFTY_MIDCAP_100,2023-11-28,5,STRONG_RISK_ON,0.9981404568350835
NIFTY_MIDCAP_100,2023-11-29,5,STRONG_RISK_ON,0.9979598327317104
NIFTY_MIDCAP_100,2023-12-05,5,STRONG_RISK_ON,0.9982053947921097
NIFTY_MIDCAP_100,2023-12-06,5,STRONG_RISK_ON,0.9983733880416082
NIFTY_MIDCAP_100,2023-12-07,5,STRONG_RISK_ON,0.9982145134481141
NIFTY_MIDCAP_100,2023-12-08,5,STRONG_RISK_ON,0.9988492394825811
NIFTY_MIDCAP_100,2023-12-11,5,STRONG_RISK_ON,0.9989690265263361
NIFTY_MIDCAP_100,2023-12-12,5,STRONG_RISK_ON,0.9982755223263601
NIFTY_MIDCAP_100,2023-12-13,5,STRONG_RISK_ON,0.9981919481424082
NIFTY_MIDCAP_100,2023-12-14,5,STRONG_RISK_ON,0.998244508059749
NIFTY_MIDCAP_100,2023-12-18,5,STRONG_RISK_ON,0.9989634012599422
NIFTY_MIDCAP_100,2023-12-19,5,STRONG_RISK_ON,0.9988352028306677
NIFTY_MIDCAP_100,2023-12-20,5,STRONG_RISK_ON,0.9984281900624625
NIFTY_MIDCAP_100,2023-12-21,5,STRONG_RISK_ON,0.998013584509084
NIFTY_MIDCAP_100,2023-12-22,5,STRONG_RISK_ON,0.9980230744730441
NIFTY_MIDCAP_100,2023-12-26,5,STRONG_RISK_ON,0.9982436619320927
NIFTY_MIDCAP_100,2023-12-27,5,STRONG_RISK_ON,0.9976521641426196
NIFTY_MIDCAP_100,2023-12-28,5,STRONG_RISK_ON,0.997164540784561
NIFTY_MIDCAP_100,2023-12-29,5,STRONG_RISK_ON,0.997970643442503
NIFTY_MIDCAP_100,2024-01-01,5,STRONG_RISK_ON,0.9966529936905523
NIFTY_MIDCAP_100,2024-01-02,5,STRONG_RISK_ON,0.9924674385127069
NIFTY_MIDCAP_100,2024-01-03,5,STRONG_RISK_ON,0.9970725577829974
NIFTY_MIDCAP_100,2024-01-04,5,STRONG_RISK_ON,0.9974085295778765
NIFTY_MIDCAP_100,2024-01-05,5,STRONG_RISK_ON,0.9961439701626295
NIFTY_MIDCAP_100,2024-01-08,5,STRONG_RISK_ON,0.9978732407284888
NIFTY_MIDCAP_100,2024-01-09,5,STRONG_RISK_ON,0.9956738166963026
NIFTY_MIDCAP_100,2024-01-10,5,STRONG_RISK_ON,0.9957657571787746
NIFTY_MIDCAP_100,2024-01-11,5,RISK_ON,0.6824781359335503
NIFTY_MIDCAP_100,2024-01-12,5,RISK_ON,0.5432323212814864
NIFTY_MIDCAP_100,2024-01-15,5,RISK_ON,0.9951805653885777
NIFTY_MIDCAP_100,2024-01-16,5,RISK_ON,0.9952972672127535
NIFTY_MIDCAP_100,2024-01-17,5,RISK_ON,0.995303556240001
NIFTY_MIDCAP_100,2024-01-18,5,STRONG_RISK_ON,0.685183792753872
NIFTY_MIDCAP_100,2024-01-19,5,RISK_ON,0.7895867793852265
NIFTY_MIDCAP_100,2024-01-23,5,STRONG_RISK_ON,0.8324839788471002
NIFTY_MIDCAP_100,2024-01-24,5,STRONG_RISK_ON,0.9973070659903319
NIFTY_MIDCAP_100,2024-01-25,5,STRONG_RISK_ON,0.9961878441107054
NIFTY_MIDCAP_100,2024-01-29,5,STRONG_RISK_ON,0.9930261945705114
NIFTY_MIDCAP_100,2024-01-30,5,STRONG_RISK_ON,0.9977280824763385
NIFTY_MIDCAP_100,2024-01-31,5,RISK_ON,0.8672367353892229
NIFTY_MIDCAP_100,2024-02-01,5,STRONG_RISK_ON,0.5700606589051405
NIFTY_MIDCAP_100,2024-02-02,5,RISK_ON,0.9188258360663549
NIFTY_MIDCAP_100,2024-02-05,5,RISK_ON,0.9941939683806396
NIFTY_MIDCAP_100,2024-02-06,5,RISK_ON,0.997819732892511
NIFTY_MIDCAP_100,2024-02-07,5,RISK_ON,0.9972401278516937
NIFTY_MIDCAP_100,2024-02-08,5,RISK_ON,0.9972304352807166
NIFTY_MIDCAP_100,2024-02-09,5,RISK_ON,0.9970481122180842
NIFTY_MIDCAP_100,2024-02-12,5,RISK_ON,0.9947132756591403
NIFTY_MIDCAP_100,2024-02-13,5,RISK_ON,0.987718035683833
NIFTY_MIDCAP_100,2024-02-14,5,RISK_ON,0.9955745328869705
NIFTY_MIDCAP_100,2024-02-15,5,RISK_ON,0.9952617251933652
NIFTY_MIDCAP_100,2024-02-16,5,RISK_ON,0.9968875904977078
NIFTY_MIDCAP_100,2024-02-19,5,RISK_ON,0.99732937749086
NIFTY_MIDCAP_100,2024-02-20,5,RISK_ON,0.995837197034571
NIFTY_MIDCAP_100,2024-02-21,5,NEUTRAL,0.5833312360286315
NIFTY_MIDCAP_100,2024-02-22,5,NEUTRAL,0.9833108825032864
NIFTY_MIDCAP_100,2024-02-23,5,RISK_ON,0.6252441772479214
NIFTY_MIDCAP_100,2024-02-26,5,RISK_ON,0.9793755513082566
NIFTY_MIDCAP_100,2024-02-27,5,RISK_ON,0.9687346458322114
NIFTY_MIDCAP_100,2024-02-28,5,NEUTRAL,0.8318814765413323
NIFTY_MIDCAP_100,2024-02-29,5,NEUTRAL,0.9960073370024618
NIFTY_MIDCAP_100,2024-03-01,5,NEUTRAL,0.9934245105415758
NIFTY_MIDCAP_100,2024-03-04,5,NEUTRAL,0.9939160786972612
NIFTY_MIDCAP_100,2024-03-05,5,NEUTRAL,0.7712210290898153
NIFTY_MIDCAP_100,2024-03-06,5,NEUTRAL,0.9936391401133673
NIFTY_MIDCAP_100,2024-03-07,5,NEUTRAL,0.9962627569508709
NIFTY_MIDCAP_100,2024-03-11,5,NEUTRAL,0.994873045579446
NIFTY_MIDCAP_100,2024-03-12,5,NEUTRAL,0.5299692944889498
NIFTY_MIDCAP_100,2024-03-13,5,NEUTRAL,0.6246974525715892
NIFTY_MIDCAP_100,2024-03-14,5,NEUTRAL,0.9946599583817362
NIFTY_MIDCAP_100,2024-03-15,5,NEUTRAL,0.9967454995282642
NIFTY_MIDCAP_100,2024-03-18,5,NEUTRAL,0.9990843384634587
NIFTY_MIDCAP_100,2024-03-19,5,NEUTRAL,0.9983076851497721
NIFTY_MIDCAP_100,2024-03-20,5,NEUTRAL,0.9986365281845336
NIFTY_MIDCAP_100,2024-03-21,5,NEUTRAL,0.9989355126368825
NIFTY_MIDCAP_100,2024-03-22,5,NEUTRAL,0.9987884547783031
NIFTY_MIDCAP_100,2024-03-26,5,NEUTRAL,0.9977081071105657
NIFTY_MIDCAP_100,2024-03-27,5,NEUTRAL,0.9952966978498031
NIFTY_MIDCAP_100,2024-03-28,5,NEUTRAL,0.5439878559049272
NIFTY_MIDCAP_100,2024-04-01,5,RISK_ON,0.6814211053169337
NIFTY_MIDCAP_100,2024-04-02,5,RISK_ON,0.9954541194553501
NIFTY_MIDCAP_100,2024-04-03,5,RISK_ON,0.9939605018662824
NIFTY_MIDCAP_100,2024-04-04,5,RISK_ON,0.9923228350717752
NIFTY_MIDCAP_100,2024-04-05,5,NEUTRAL,0.654209148958475
NIFTY_MIDCAP_100,2024-04-08,5,NEUTRAL,0.9949546978812233
NIFTY_MIDCAP_100,2024-04-09,5,NEUTRAL,0.9934324689845652
NIFTY_MIDCAP_100,2024-04-10,5,NEUTRAL,0.9961006485663165
NIFTY_MIDCAP_100,2024-04-12,5,NEUTRAL,0.9964468514127538
NIFTY_MIDCAP_100,2024-04-15,5,RISK_ON,0.7243349670817814
NIFTY_MIDCAP_100,2024-04-16,5,RISK_ON,0.9954928563631678
NIFTY_MIDCAP_100,2024-04-18,5,RISK_ON,0.9968460033157517
NIFTY_MIDCAP_100,2024-04-19,5,RISK_ON,0.9882195836156522
NIFTY_MIDCAP_100,2024-04-22,5,RISK_ON,0.9936270559976857
NIFTY_MIDCAP_100,2024-04-23,5,RISK_ON,0.9946504368107966
NIFTY_MIDCAP_100,2024-04-24,5,RISK_ON,0.9956120036668051
NIFTY_MIDCAP_100,2024-04-25,5,RISK_ON,0.9901555528122985
NIFTY_MIDCAP_100,2024-04-26,5,RISK_ON,0.9810832864513038
NIFTY_MIDCAP_100,2024-04-29,5,NEUTRAL,0.7023799726660935
NIFTY_MIDCAP_100,2024-04-30,5,NEUTRAL,0.9971857085602948
NIFTY_MIDCAP_100,2024-05-02,5,NEUTRAL,0.9967922406870664
NIFTY_MIDCAP_100,2024-05-03,5,NEUTRAL,0.993183970270478
NIFTY_MIDCAP_100,2024-05-06,5,NEUTRAL,0.9922814042474308
NIFTY_MIDCAP_100,2024-05-07,5,RISK_ON,0.6506322444516384
NIFTY_MIDCAP_100,2024-05-08,5,RISK_ON,0.9919372632536492
NIFTY_MIDCAP_100,2024-05-09,5,RISK_ON,0.982623426329921
NIFTY_MIDCAP_100,2024-05-10,5,STRONG_RISK_ON,0.7885115020073886
NIFTY_MIDCAP_100,2024-05-13,5,STRONG_RISK_ON,0.9945718764266904
NIFTY_MIDCAP_100,2024-05-14,5,STRONG_RISK_ON,0.9903224434291961
NIFTY_MIDCAP_100,2024-05-15,5,STRONG_RISK_ON,0.9964259747006246
NIFTY_MIDCAP_100,2024-05-16,5,STRONG_RISK_ON,0.9938092505237858
NIFTY_MIDCAP_100,2024-05-17,5,RISK_ON,0.8733622505123635
NIFTY_MIDCAP_100,2024-05-21,5,RISK_ON,0.9836381918703412
NIFTY_MIDCAP_100,2024-05-22,5,RISK_ON,0.9902930759947951
NIFTY_MIDCAP_100,2024-05-23,5,RISK_ON,0.5803648351513333
NIFTY_MIDCAP_100,2024-05-24,5,RISK_ON,0.980193313028635
NIFTY_MIDCAP_100,2024-05-27,5,STRONG_RISK_ON,0.6350365581093927
NIFTY_MIDCAP_100,2024-05-28,5,RISK_ON,0.9075478132904642
NIFTY_MIDCAP_100,2024-05-29,5,RISK_ON,0.5736153794488766
NIFTY_MIDCAP_100,2024-05-30,5,RISK_ON,0.9916290993158065
NIFTY_MIDCAP_100,2024-05-31,5,RISK_ON,0.9843612685734505
NIFTY_MIDCAP_100,2024-06-03,5,RISK_ON,0.9933224647673057
NIFTY_MIDCAP_100,2024-06-04,5,RISK_ON,0.9806080263935566
NIFTY_MIDCAP_100,2024-06-05,5,STRONG_RISK_ON,0.8349602742139622
NIFTY_MIDCAP_100,2024-06-06,5,STRONG_RISK_ON,0.9946671574826447
NIFTY_MIDCAP_100,2024-06-07,5,STRONG_RISK_ON,0.9959895703802893
NIFTY_MIDCAP_100,2024-06-10,5,STRONG_RISK_ON,0.997289884010446
NIFTY_MIDCAP_100,2024-06-11,5,STRONG_RISK_ON,0.9929556913394316
NIFTY_MIDCAP_100,2024-06-12,5,STRONG_RISK_ON,0.9826916659964823
NIFTY_MIDCAP_100,2024-06-13,5,RISK_ON,0.7683200210152289
NIFTY_MIDCAP_100,2024-06-20,5,RISK_ON,0.993634120247744
NIFTY_MIDCAP_100,2024-06-21,5,RISK_ON,0.9887117971131956
NIFTY_MIDCAP_100,2024-06-24,5,RISK_ON,0.5198020293669078
NIFTY_MIDCAP_100,2024-06-25,5,RISK_ON,0.9809347986626334
NIFTY_MIDCAP_100,2024-06-26,5,STRONG_RISK_ON,0.8433675496795423
NIFTY_MIDCAP_100,2024-06-27,5,STRONG_RISK_ON,0.9889497328070711
NIFTY_MIDCAP_100,2024-06-28,5,STRONG_RISK_ON,0.9975914136218553
NIFTY_MIDCAP_100,2024-07-01,5,STRONG_RISK_ON,0.9970513703784367
NIFTY_MIDCAP_100,2024-07-02,5,STRONG_RISK_ON,0.9980450690889914
NIFTY_MIDCAP_100,2024-07-03,5,STRONG_RISK_ON,0.9980744559651825
NIFTY_MIDCAP_100,2024-07-04,5,STRONG_RISK_ON,0.9973601771580969
NIFTY_MIDCAP_100,2024-07-05,5,STRONG_RISK_ON,0.993837118482165
NIFTY_MIDCAP_100,2024-07-08,5,STRONG_RISK_ON,0.9977209042746695
NIFTY_MIDCAP_100,2024-07-09,5,STRONG_RISK_ON,0.9970581603470893
NIFTY_MIDCAP_100,2024-07-10,5,STRONG_RISK_ON,0.9897688948929262
NIFTY_MIDCAP_100,2024-07-11,5,RISK_ON,0.7793173635195604
NIFTY_MIDCAP_100,2024-07-12,5,RISK_ON,0.9951061902001149
NIFTY_MIDCAP_100,2024-07-15,5,RISK_ON,0.9907590826208984
NIFTY_MIDCAP_100,2024-07-16,5,STRONG_RISK_ON,0.5725649856609066
NIFTY_MIDCAP_100,2024-07-18,5,RISK_ON,0.8569001996050224
NIFTY_MIDCAP_100,2024-07-19,5,STRONG_RISK_ON,0.7475286475089389
NIFTY_MIDCAP_100,2024-07-22,5,STRONG_RISK_ON,0.9931340609755794
NIFTY_MIDCAP_100,2024-07-23,5,STRONG_RISK_ON,0.9950382062731153
NIFTY_MIDCAP_100,2024-07-24,5,STRONG_RISK_ON,0.9953509992811045
NIFTY_MIDCAP_100,2024-07-25,5,STRONG_RISK_ON,0.9956421553413143
NIFTY_MIDCAP_100,2024-07-26,5,STRONG_RISK_ON,0.9890374261610438
NIFTY_MIDCAP_100,2024-07-29,5,RISK_ON,0.9059049881945801
NIFTY_MIDCAP_100,2024-07-30,5,RISK_ON,0.7502766700231605
NIFTY_MIDCAP_100,2024-07-31,5,RISK_ON,0.9937942889418079
NIFTY_MIDCAP_100,2024-08-01,5,RISK_ON,0.9955671767384384
NIFTY_MIDCAP_100,2024-08-02,5,RISK_ON,0.9951984950139743
NIFTY_MIDCAP_100,2024-08-05,5,RISK_ON,0.9959357007543838
NIFTY_MIDCAP_100,2024-08-06,5,RISK_ON,0.9863560229149262
NIFTY_MIDCAP_100,2024-08-07,5,RISK_ON,0.9949005924625021
NIFTY_MIDCAP_100,2024-08-08,5,RISK_ON,0.9937888341273715
NIFTY_MIDCAP_100,2024-08-09,5,RISK_ON,0.9945028417466086
NIFTY_MIDCAP_100,2024-08-12,5,RISK_ON,0.9887659607899635
NIFTY_MIDCAP_100,2024-08-13,5,STRONG_RISK_ON,0.6827281521662737
NIFTY_MIDCAP_100,2024-08-14,5,STRONG_RISK_ON,0.9975796298665608
NIFTY_MIDCAP_100,2024-08-16,5,STRONG_RISK_ON,0.9927325099579296
NIFTY_MIDCAP_100,2024-08-19,5,STRONG_RISK_ON,0.9940185331744575
NIFTY_MIDCAP_100,2024-08-20,5,STRONG_RISK_ON,0.9959711722369369
NIFTY_MIDCAP_100,2024-08-21,5,STRONG_RISK_ON,0.9903761752643335
NIFTY_MIDCAP_100,2024-08-22,5,STRONG_RISK_ON,0.9818454253785066
NIFTY_MIDCAP_100,2024-08-23,5,RISK_ON,0.8821363219743286
NIFTY_MIDCAP_100,2024-08-26,5,RISK_ON,0.988946108409952
NIFTY_MIDCAP_100,2024-08-27,5,RISK_ON,0.9912297060243085
NIFTY_MIDCAP_100,2024-08-28,5,RISK_ON,0.9915651526151534
NIFTY_MIDCAP_100,2024-08-29,5,RISK_ON,0.9921896459767433
NIFTY_MIDCAP_100,2024-08-30,5,RISK_ON,0.5908762138788508
NIFTY_MIDCAP_100,2024-09-02,5,RISK_ON,0.9648956922229924
NIFTY_MIDCAP_100,2024-09-03,5,RISK_ON,0.967778746027237
NIFTY_MIDCAP_100,2024-09-04,5,RISK_ON,0.6753589707939278
NIFTY_MIDCAP_100,2024-09-05,5,RISK_ON,0.9880492914938023
NIFTY_MIDCAP_100,2024-09-06,5,RISK_ON,0.9885165808148261
NIFTY_MIDCAP_100,2024-09-09,5,RISK_ON,0.9882194371332675
NIFTY_MIDCAP_100,2024-09-10,5,RISK_ON,0.9880214662800592
NIFTY_MIDCAP_100,2024-09-11,5,RISK_ON,0.9829737722888192
NIFTY_MIDCAP_100,2024-09-12,5,RISK_ON,0.9905692881482459
NIFTY_MIDCAP_100,2024-09-13,5,RISK_ON,0.9891815496290204
NIFTY_MIDCAP_100,2024-09-16,5,RISK_ON,0.986238639854953
NIFTY_MIDCAP_100,2024-09-17,5,RISK_ON,0.9793111037361905
NIFTY_MIDCAP_100,2024-09-18,5,RISK_ON,0.9774496110044202
NIFTY_MIDCAP_100,2024-09-19,5,NEUTRAL,0.693561265373221
NIFTY_MIDCAP_100,2024-09-20,5,NEUTRAL,0.994293965714557
NIFTY_MIDCAP_100,2024-09-25,5,NEUTRAL,0.9973179493435186
NIFTY_MIDCAP_100,2024-09-26,5,NEUTRAL,0.9986678890706296
NIFTY_MIDCAP_100,2024-09-27,5,NEUTRAL,0.9985914327879241
NIFTY_MIDCAP_100,2024-09-30,5,NEUTRAL,0.9950544508390702
NIFTY_MIDCAP_100,2024-10-01,5,NEUTRAL,0.9975067398907933
NIFTY_MIDCAP_100,2024-10-03,5,NEUTRAL,0.9963786969722424
NIFTY_MIDCAP_100,2024-10-04,5,NEUTRAL,0.9951313883169866
NIFTY_MIDCAP_100,2024-10-07,5,NEUTRAL,0.9924865177422144
NIFTY_MIDCAP_100,2024-10-08,5,NEUTRAL,0.9957837099103588
NIFTY_MIDCAP_100,2024-10-09,5,NEUTRAL,0.998118674618687
NIFTY_MIDCAP_100,2024-10-10,5,NEUTRAL,0.9968880358029903
NIFTY_MIDCAP_100,2024-10-11,5,NEUTRAL,0.9933524573657969
NIFTY_MIDCAP_100,2024-10-14,5,NEUTRAL,0.9883344397877867
NIFTY_MIDCAP_100,2024-10-15,5,RISK_OFF,0.5293353583625877
NIFTY_MIDCAP_100,2024-10-16,5,RISK_OFF,0.9912414737745134
NIFTY_MIDCAP_100,2024-10-17,5,RISK_OFF,0.9879596444584292
NIFTY_MIDCAP_100,2024-10-18,5,RISK_OFF,0.9841647564798311
NIFTY_MIDCAP_100,2024-10-21,5,RISK_OFF,0.9899777782252176
NIFTY_MIDCAP_100,2024-10-22,5,RISK_OFF,0.9806598263648082
NIFTY_MIDCAP_100,2024-10-23,5,RISK_OFF,0.5594772796862438
NIFTY_MIDCAP_100,2024-10-24,5,RISK_OFF,0.9829493448039843
NIFTY_MIDCAP_100,2024-10-25,5,RISK_OFF,0.9919891907679451
NIFTY_MIDCAP_100,2024-10-28,5,RISK_OFF,0.9976029654516063
NIFTY_MIDCAP_100,2024-10-29,5,RISK_OFF,0.9959886820536827
NIFTY_MIDCAP_100,2024-10-30,5,RISK_OFF,0.9974312643116785
NIFTY_MIDCAP_100,2024-10-31,5,RISK_OFF,0.9978165192043423
NIFTY_MIDCAP_100,2024-11-01,5,RISK_OFF,0.9971089687917796
NIFTY_MIDCAP_100,2024-11-04,5,RISK_OFF,0.9975679407181964
NIFTY_MIDCAP_100,2024-11-05,5,RISK_OFF,0.9981238149562893
NIFTY_MIDCAP_100,2024-11-06,5,RISK_OFF,0.9855763951329608
NIFTY_MIDCAP_100,2024-11-07,5,RISK_OFF,0.9863927865538262
NIFTY_MIDCAP_100,2024-11-08,5,RISK_OFF,0.9967788150302158
NIFTY_MIDCAP_100,2024-11-11,5,RISK_OFF,0.997244604461918
NIFTY_MIDCAP_100,2024-11-12,5,RISK_OFF,0.9969522310459574
NIFTY_MIDCAP_100,2024-11-13,5,RISK_OFF,0.9952810039092964
NIFTY_MIDCAP_100,2024-11-14,5,RISK_OFF,0.9969094023796559
NIFTY_MIDCAP_100,2024-11-18,5,RISK_OFF,0.9970067382912673
NIFTY_MIDCAP_100,2024-11-19,5,RISK_OFF,0.9851807159386524
NIFTY_MIDCAP_100,2024-11-21,5,RISK_OFF,0.5126190237232652
NIFTY_MIDCAP_100,2024-11-22,5,RISK_OFF,0.9780500716707151
NIFTY_MIDCAP_100,2024-11-25,5,NEUTRAL,0.8217987328744374
NIFTY_MIDCAP_100,2024-11-26,5,NEUTRAL,0.9970563766487484
NIFTY_MIDCAP_100,2024-11-27,5,NEUTRAL,0.996992435198007
NIFTY_MIDCAP_100,2024-11-28,5,NEUTRAL,0.9980379989812641
NIFTY_MIDCAP_100,2024-11-29,5,NEUTRAL,0.9966332600336975
NIFTY_MIDCAP_100,2024-12-02,5,NEUTRAL,0.9911103238382877
NIFTY_MIDCAP_100,2024-12-03,5,RISK_ON,0.5603549514267683
NIFTY_MIDCAP_100,2024-12-04,5,RISK_ON,0.9956081770711519
NIFTY_MIDCAP_100,2024-12-05,5,RISK_ON,0.993683846199207
NIFTY_MIDCAP_100,2024-12-06,5,RISK_ON,0.995418990891363
NIFTY_MIDCAP_100,2024-12-09,5,RISK_ON,0.9858832176476068
NIFTY_MIDCAP_100,2024-12-10,5,RISK_ON,0.987195253503379
NIFTY_MIDCAP_100,2024-12-11,5,NEUTRAL,0.7400303628933114
NIFTY_MIDCAP_100,2024-12-12,5,NEUTRAL,0.9963582765760804
NIFTY_MIDCAP_100,2024-12-13,5,NEUTRAL,0.9981211673427729
NIFTY_MIDCAP_100,2024-12-16,5,NEUTRAL,0.9972995898779138
NIFTY_MIDCAP_100,2024-12-17,5,NEUTRAL,0.9979618524043115
NIFTY_MIDCAP_100,2024-12-18,5,NEUTRAL,0.9974145855387911
NIFTY_MIDCAP_100,2024-12-19,5,NEUTRAL,0.9971973486636948
NIFTY_MIDCAP_100,2024-12-20,5,NEUTRAL,0.996961595091044
NIFTY_MIDCAP_100,2024-12-23,5,NEUTRAL,0.9968591723932847
NIFTY_MIDCAP_100,2024-12-24,5,NEUTRAL,0.9982668672964718
NIFTY_MIDCAP_100,2024-12-26,5,NEUTRAL,0.997498240816759
NIFTY_MIDCAP_100,2024-12-27,5,NEUTRAL,0.9972566212951209
NIFTY_MIDCAP_100,2024-12-30,5,NEUTRAL,0.9964581590475402
NIFTY_MIDCAP_100,2024-12-31,5,NEUTRAL,0.9970410989381145
NIFTY_MIDCAP_100,2025-01-01,5,NEUTRAL,0.9952501540778769
NIFTY_MIDCAP_100,2025-01-02,5,NEUTRAL,0.6336192479802569
NIFTY_MIDCAP_100,2025-01-03,5,NEUTRAL,0.5415071216893622
NIFTY_MIDCAP_100,2025-01-06,5,NEUTRAL,0.7847932107866893
NIFTY_MIDCAP_100,2025-01-07,5,NEUTRAL,0.9526925973606283
NIFTY_MIDCAP_100,2025-01-08,5,RISK_OFF,0.5003365639589522
NIFTY_MIDCAP_100,2025-01-09,5,RISK_OFF,0.9877057672483991
NIFTY_MIDCAP_100,2025-01-10,5,RISK_OFF,0.9846666053589432
NIFTY_MIDCAP_100,2025-01-14,5,STRONG_RISK_OFF,0.9170068429281821
NIFTY_MIDCAP_100,2025-01-15,5,STRONG_RISK_OFF,0.9990239988173681
NIFTY_MIDCAP_100,2025-01-16,5,STRONG_RISK_OFF,0.9994087557997572
NIFTY_MIDCAP_100,2025-01-17,5,STRONG_RISK_OFF,0.9978694096292943
NIFTY_MIDCAP_100,2025-01-20,5,STRONG_RISK_OFF,0.9965323663309431
NIFTY_MIDCAP_100,2025-01-21,5,STRONG_RISK_OFF,0.9986730859732966
NIFTY_MIDCAP_100,2025-01-22,5,STRONG_RISK_OFF,0.9986481630002377
NIFTY_MIDCAP_100,2025-01-23,5,STRONG_RISK_OFF,0.999339894959497
NIFTY_MIDCAP_100,2025-01-24,5,STRONG_RISK_OFF,0.9982206455690668
NIFTY_MIDCAP_100,2025-01-29,5,STRONG_RISK_OFF,0.9985716212619137
NIFTY_MIDCAP_100,2025-01-30,5,STRONG_RISK_OFF,0.9985844180032089
NIFTY_MIDCAP_100,2025-01-31,5,STRONG_RISK_OFF,0.9991896461182906
NIFTY_MIDCAP_100,2025-02-01,5,STRONG_RISK_OFF,0.998551009298073
NIFTY_MIDCAP_100,2025-02-03,5,STRONG_RISK_OFF,0.9969700118020735
NIFTY_MIDCAP_100,2025-02-04,5,STRONG_RISK_OFF,0.998695745976022
NIFTY_MIDCAP_100,2025-02-05,5,STRONG_RISK_OFF,0.9975270727680022
NIFTY_MIDCAP_100,2025-02-06,5,STRONG_RISK_OFF,0.9988712086879804
NIFTY_MIDCAP_100,2025-02-07,5,STRONG_RISK_OFF,0.9988017686207746
NIFTY_MIDCAP_100,2025-02-10,5,STRONG_RISK_OFF,0.9981423602399889
NIFTY_MIDCAP_100,2025-02-11,5,STRONG_RISK_OFF,0.9980333423342201
NIFTY_MIDCAP_100,2025-02-13,5,STRONG_RISK_OFF,0.9986289884153059
NIFTY_MIDCAP_100,2025-02-18,5,STRONG_RISK_OFF,0.9991120900773327
NIFTY_MIDCAP_100,2025-02-19,5,STRONG_RISK_OFF,0.9993535318817774
NIFTY_MIDCAP_100,2025-02-20,5,STRONG_RISK_OFF,0.9992446327754497
NIFTY_MIDCAP_100,2025-02-21,5,STRONG_RISK_OFF,0.9995260558309615
NIFTY_MIDCAP_100,2025-02-24,5,STRONG_RISK_OFF,0.9983691502253744
NIFTY_MIDCAP_100,2025-02-25,5,STRONG_RISK_OFF,0.999102119296151
NIFTY_MIDCAP_100,2025-02-27,5,STRONG_RISK_OFF,0.999260679348239
NIFTY_MIDCAP_100,2025-03-04,5,STRONG_RISK_OFF,0.9984152132896704
NIFTY_MIDCAP_100,2025-03-05,5,STRONG_RISK_OFF,0.9995722348598325
NIFTY_MIDCAP_100,2025-03-06,5,STRONG_RISK_OFF,0.9996455752397597
NIFTY_MIDCAP_100,2025-03-07,5,STRONG_RISK_OFF,0.9991619639229381
NIFTY_MIDCAP_100,2025-03-10,5,STRONG_RISK_OFF,0.9987014108950705
NIFTY_MIDCAP_100,2025-03-11,5,STRONG_RISK_OFF,0.9952987060741109
NIFTY_MIDCAP_100,2025-03-12,5,STRONG_RISK_OFF,0.9920096797403245
NIFTY_MIDCAP_100,2025-03-13,5,RISK_OFF,0.7706764485448655
NIFTY_MIDCAP_100,2025-03-17,5,RISK_OFF,0.9959593445296084
NIFTY_MIDCAP_100,2025-03-18,5,RISK_OFF,0.9981814316303593
NIFTY_MIDCAP_100,2025-03-19,5,RISK_OFF,0.9966635248909963
NIFTY_MIDCAP_100,2025-03-20,5,RISK_OFF,0.9963434421758195
NIFTY_MIDCAP_100,2025-03-21,5,RISK_OFF,0.9953931331821148
NIFTY_MIDCAP_100,2025-03-24,5,STRONG_RISK_OFF,0.6997736937094642
NIFTY_MIDCAP_100,2025-03-25,5,RISK_OFF,0.8762475903066088
NIFTY_MIDCAP_100,2025-03-26,5,RISK_OFF,0.9925629365275138
NIFTY_MIDCAP_100,2025-03-27,5,STRONG_RISK_OFF,0.8925107365401292
NIFTY_MIDCAP_100,2025-03-28,5,STRONG_RISK_OFF,0.9956579537398451
NIFTY_MIDCAP_100,2025-04-01,5,STRONG_RISK_OFF,0.9957707736943103
NIFTY_MIDCAP_100,2025-04-02,5,STRONG_RISK_OFF,0.9995713727469278
NIFTY_MIDCAP_100,2025-04-03,5,STRONG_RISK_OFF,0.9989822307977027
NIFTY_MIDCAP_100,2025-04-04,5,RISK_OFF,0.9546386997144838
NIFTY_MIDCAP_100,2025-04-07,5,RISK_OFF,0.990503618182453
NIFTY_MIDCAP_100,2025-04-08,5,RISK_OFF,0.9881029107998609
NIFTY_MIDCAP_100,2025-04-09,5,RISK_OFF,0.9936193236638743
NIFTY_MIDCAP_100,2025-04-11,5,RISK_OFF,0.9870506223658289
NIFTY_MIDCAP_100,2025-04-15,5,NEUTRAL,0.8264122445993337
NIFTY_MIDCAP_100,2025-04-16,5,NEUTRAL,0.9976933108899796
NIFTY_MIDCAP_100,2025-04-17,5,NEUTRAL,0.998912460037817
NIFTY_MIDCAP_100,2025-04-21,5,NEUTRAL,0.9979328448758779
NIFTY_MIDCAP_100,2025-04-22,5,NEUTRAL,0.9983092075454422
NIFTY_MIDCAP_100,2025-04-23,5,NEUTRAL,0.6159183938116825
NIFTY_MIDCAP_100,2025-04-24,5,RISK_OFF,0.6662558544058712
NIFTY_MIDCAP_100,2025-04-25,5,NEUTRAL,0.6512296094309082
NIFTY_MIDCAP_100,2025-04-28,5,NEUTRAL,0.9935263062015186
NIFTY_MIDCAP_100,2025-04-29,5,NEUTRAL,0.5846212826774932
NIFTY_MIDCAP_100,2025-04-30,5,NEUTRAL,0.5942737387759899
NIFTY_MIDCAP_100,2025-05-02,5,NEUTRAL,0.517129204083557
NIFTY_MIDCAP_100,2025-05-05,5,NEUTRAL,0.998820396202744
NIFTY_MIDCAP_100,2025-05-06,5,NEUTRAL,0.9957403516784262
NIFTY_MIDCAP_100,2025-05-07,5,NEUTRAL,0.9976105574055644
NIFTY_MIDCAP_100,2025-05-08,5,NEUTRAL,0.9973462268087631
NIFTY_MIDCAP_100,2025-05-09,5,NEUTRAL,0.9970670235076349
NIFTY_MIDCAP_100,2025-05-12,5,NEUTRAL,0.9985124981842033
NIFTY_MIDCAP_100,2025-05-13,5,NEUTRAL,0.9988683313123765
NIFTY_MIDCAP_100,2025-05-14,5,NEUTRAL,0.9990848273085712
NIFTY_MIDCAP_100,2025-05-15,5,NEUTRAL,0.9987181378359166
NIFTY_MIDCAP_100,2025-05-16,5,NEUTRAL,0.9993325203973605
NIFTY_MIDCAP_100,2025-05-19,5,NEUTRAL,0.9993955882185435
NIFTY_MIDCAP_100,2025-05-20,5,NEUTRAL,0.9992494647329163
NIFTY_MIDCAP_100,2025-05-21,5,NEUTRAL,0.9985320608863412
NIFTY_MIDCAP_100,2025-05-22,5,NEUTRAL,0.9987009355986693
NIFTY_MIDCAP_100,2025-05-23,5,NEUTRAL,0.9954621672535799
NIFTY_MIDCAP_100,2025-05-26,5,NEUTRAL,0.9988244290713448
NIFTY_MIDCAP_100,2025-05-27,5,NEUTRAL,0.9989200166105108
NIFTY_MIDCAP_100,2025-05-28,5,NEUTRAL,0.9990123633754725
NIFTY_MIDCAP_100,2025-05-29,5,NEUTRAL,0.9901586130076624
NIFTY_MIDCAP_100,2025-05-30,5,NEUTRAL,0.990099968148791
NIFTY_MIDCAP_100,2025-06-02,5,NEUTRAL,0.6802130051394667
NIFTY_MIDCAP_100,2025-06-03,5,NEUTRAL,0.567835728904463
NIFTY_MIDCAP_100,2025-06-04,5,NEUTRAL,0.5691008454316161
NIFTY_MIDCAP_100,2025-06-05,5,NEUTRAL,0.9972061092502187
NIFTY_MIDCAP_100,2025-06-06,5,NEUTRAL,0.9973078864336633
NIFTY_MIDCAP_100,2025-06-09,5,NEUTRAL,0.9984901380079555
NIFTY_MIDCAP_100,2025-06-10,5,NEUTRAL,0.9982735211231888
NIFTY_MIDCAP_100,2025-06-11,5,NEUTRAL,0.9984746934399459
NIFTY_MIDCAP_100,2025-06-12,5,NEUTRAL,0.9982292202971156
NIFTY_MIDCAP_100,2025-06-13,5,NEUTRAL,0.9984978044624372
NIFTY_MIDCAP_100,2025-06-16,5,NEUTRAL,0.9982984010739647
NIFTY_MIDCAP_100,2025-06-17,5,NEUTRAL,0.9983780212845874
NIFTY_MIDCAP_100,2025-06-18,5,NEUTRAL,0.9955919829668111
NIFTY_MIDCAP_100,2025-06-19,5,NEUTRAL,0.9949183247671682
NIFTY_MIDCAP_100,2025-06-20,5,NEUTRAL,0.9881281720481332
NIFTY_MIDCAP_100,2025-06-23,5,NEUTRAL,0.6141009706933004
NIFTY_MIDCAP_100,2025-06-24,5,NEUTRAL,0.5535564539765935
NIFTY_MIDCAP_100,2025-06-25,5,RISK_ON,0.5066008460682787
NIFTY_MIDCAP_100,2025-06-26,5,RISK_ON,0.9786322174172999
NIFTY_MIDCAP_100,2025-06-27,5,RISK_ON,0.9700909612619167
NIFTY_MIDCAP_100,2025-06-30,5,NEUTRAL,0.5531740502165082
NIFTY_MIDCAP_100,2025-07-01,5,NEUTRAL,0.9969802506177917
NIFTY_MIDCAP_100,2025-07-02,5,NEUTRAL,0.9960585152780439
NIFTY_MIDCAP_100,2025-07-03,5,NEUTRAL,0.9967300930869104
NIFTY_MIDCAP_100,2025-07-04,5,NEUTRAL,0.997521989401043
NIFTY_MIDCAP_100,2025-07-07,5,NEUTRAL,0.9978049457181593
NIFTY_MIDCAP_100,2025-07-08,5,NEUTRAL,0.9979503622275414
NIFTY_MIDCAP_100,2025-07-09,5,NEUTRAL,0.9984933561439927
NIFTY_MIDCAP_100,2025-07-10,5,NEUTRAL,0.997981432164791
NIFTY_MIDCAP_100,2025-07-11,5,NEUTRAL,0.9972722294699754
NIFTY_MIDCAP_100,2025-07-14,5,NEUTRAL,0.994827545783696
NIFTY_MIDCAP_100,2025-07-15,5,NEUTRAL,0.9969028696097217
NIFTY_MIDCAP_100,2025-07-16,5,NEUTRAL,0.9967031985909844
NIFTY_MIDCAP_100,2025-07-17,5,NEUTRAL,0.9957714760638599
NIFTY_MIDCAP_100,2025-07-18,5,RISK_OFF,0.6092746645482804
NIFTY_MIDCAP_100,2025-07-21,5,RISK_OFF,0.9807429489181481
NIFTY_MIDCAP_100,2025-07-22,5,RISK_OFF,0.9964198852032561
NIFTY_MIDCAP_100,2025-07-23,5,RISK_OFF,0.9935275965579388
NIFTY_MIDCAP_100,2025-07-24,5,RISK_OFF,0.9954624659760859
NIFTY_MIDCAP_100,2025-07-25,5,RISK_OFF,0.9961615067148436
NIFTY_MIDCAP_100,2025-07-28,5,RISK_OFF,0.9835941861855761
NIFTY_MIDCAP_100,2025-07-29,5,RISK_OFF,0.9917240719406386
NIFTY_MIDCAP_100,2025-07-30,5,RISK_OFF,0.9935254287519181
NIFTY_MIDCAP_100,2025-07-31,5,RISK_OFF,0.992567919826875
NIFTY_MIDCAP_100,2025-08-01,5,RISK_OFF,0.9907706665132626
NIFTY_MIDCAP_100,2025-08-04,5,RISK_OFF,0.9823751582967358
NIFTY_MIDCAP_100,2025-08-05,5,RISK_OFF,0.99469214946019
NIFTY_MIDCAP_100,2025-08-06,5,RISK_OFF,0.9920701105481204
NIFTY_MIDCAP_100,2025-08-07,5,RISK_OFF,0.9908251676602513
NIFTY_MIDCAP_100,2025-08-08,5,RISK_OFF,0.9910653572557071
NIFTY_MIDCAP_100,2025-08-11,5,NEUTRAL,0.7584842831386698
NIFTY_MIDCAP_100,2025-08-12,5,NEUTRAL,0.9929599508635578
NIFTY_MIDCAP_100,2025-08-13,5,NEUTRAL,0.9969167981188001
NIFTY_MIDCAP_100,2025-08-14,5,NEUTRAL,0.9951303259748466
NIFTY_MIDCAP_100,2025-08-18,5,NEUTRAL,0.9881172475739087
NIFTY_MIDCAP_100,2025-08-19,5,NEUTRAL,0.5307334721463616
NIFTY_MIDCAP_100,2025-08-20,5,NEUTRAL,0.5730753073441646
NIFTY_MIDCAP_100,2025-08-21,5,RISK_OFF,0.5790879381308667
NIFTY_MIDCAP_100,2025-08-22,5,RISK_OFF,0.9906451226651478
NIFTY_MIDCAP_100,2025-08-25,5,RISK_OFF,0.9870200728295054
NIFTY_MIDCAP_100,2025-08-26,5,RISK_OFF,0.5362140902179083
NIFTY_MIDCAP_100,2025-08-28,5,RISK_OFF,0.9871465067640551
NIFTY_MIDCAP_100,2025-08-29,5,RISK_OFF,0.9922056402510007
NIFTY_MIDCAP_100,2025-09-01,5,RISK_OFF,0.9810884918161202
NIFTY_MIDCAP_100,2025-09-02,5,RISK_OFF,0.967576539998877
NIFTY_MIDCAP_100,2025-09-03,5,NEUTRAL,0.7178804544024209
NIFTY_MIDCAP_100,2025-09-04,5,NEUTRAL,0.9879994716973006
NIFTY_MIDCAP_100,2025-09-05,5,NEUTRAL,0.992859863393598
NIFTY_MIDCAP_100,2025-09-08,5,NEUTRAL,0.9944751336411016
NIFTY_MIDCAP_100,2025-09-09,5,NEUTRAL,0.9959566667070596
NIFTY_MIDCAP_100,2025-09-10,5,NEUTRAL,0.9964621305046414
NIFTY_MIDCAP_100,2025-09-11,5,NEUTRAL,0.9970845579375451
NIFTY_MIDCAP_100,2025-09-12,5,NEUTRAL,0.9980014078156371
NIFTY_MIDCAP_100,2025-09-15,5,NEUTRAL,0.9983360117835133
NIFTY_MIDCAP_100,2025-09-16,5,NEUTRAL,0.9981533521675778
NIFTY_MIDCAP_100,2025-09-17,5,NEUTRAL,0.9964633004719727
NIFTY_MIDCAP_100,2025-09-18,5,NEUTRAL,0.9949159004432605
NIFTY_MIDCAP_100,2025-09-19,5,NEUTRAL,0.6011525930887923
NIFTY_MIDCAP_100,2025-09-22,5,NEUTRAL,0.5214975299018548
NIFTY_MIDCAP_100,2025-09-23,5,RISK_OFF,0.5432784418637272
NIFTY_MIDCAP_100,2025-09-24,5,RISK_OFF,0.9833242848828144
NIFTY_MIDCAP_100,2025-09-25,5,NEUTRAL,0.7617226728560615
NIFTY_MIDCAP_100,2025-09-26,5,NEUTRAL,0.9945726919882433
NIFTY_MIDCAP_100,2025-09-29,5,NEUTRAL,0.9950755494333248
NIFTY_MIDCAP_100,2025-09-30,5,NEUTRAL,0.9949315968632148
NIFTY_MIDCAP_100,2025-10-01,5,NEUTRAL,0.9973257044734917
NIFTY_MIDCAP_100,2025-10-03,5,NEUTRAL,0.9969952905275388
NIFTY_MIDCAP_100,2025-10-06,5,NEUTRAL,0.9978306509969324
NIFTY_MIDCAP_100,2025-10-07,5,NEUTRAL,0.9974608355517492
NIFTY_MIDCAP_100,2025-10-08,5,NEUTRAL,0.9962844302931503
NIFTY_MIDCAP_100,2025-10-09,5,NEUTRAL,0.9984043592089309
NIFTY_MIDCAP_100,2025-10-10,5,NEUTRAL,0.9986868029826144
NIFTY_MIDCAP_100,2025-10-13,5,NEUTRAL,0.9986942120267632
NIFTY_MIDCAP_100,2025-10-14,5,NEUTRAL,0.9949629699882387
NIFTY_MIDCAP_100,2025-10-15,5,NEUTRAL,0.9987076974348943
NIFTY_MIDCAP_100,2025-10-16,5,NEUTRAL,0.9987839754413171
NIFTY_MIDCAP_100,2025-10-17,5,NEUTRAL,0.9953328913629392
NIFTY_MIDCAP_100,2025-10-20,5,NEUTRAL,0.9986613588193279
NIFTY_MIDCAP_100,2025-10-21,5,NEUTRAL,0.9984984998792416
NIFTY_MIDCAP_100,2025-10-23,5,NEUTRAL,0.9981408182956106
NIFTY_MIDCAP_100,2025-10-27,5,NEUTRAL,0.9984311075221389
NIFTY_MIDCAP_100,2025-10-28,5,NEUTRAL,0.9985159024037241
NIFTY_MIDCAP_100,2025-10-29,5,NEUTRAL,0.9988447062789584
NIFTY_MIDCAP_100,2025-10-30,5,NEUTRAL,0.9987057760407234
NIFTY_MIDCAP_100,2025-10-31,5,NEUTRAL,0.9987998429688497
NIFTY_MIDCAP_100,2025-11-03,5,NEUTRAL,0.9981570424168098
NIFTY_MIDCAP_100,2025-11-04,5,NEUTRAL,0.9921542945000177
NIFTY_MIDCAP_100,2025-11-06,5,NEUTRAL,0.9970241460916499
NIFTY_MIDCAP_100,2025-11-07,5,NEUTRAL,0.9973759988949327
NIFTY_MIDCAP_100,2025-11-10,5,NEUTRAL,0.8576735897237051
NIFTY_MIDCAP_100,2025-11-11,5,NEUTRAL,0.9918701734016493
NIFTY_MIDCAP_100,2025-11-12,5,NEUTRAL,0.9970027965690609
NIFTY_MIDCAP_100,2025-11-13,5,NEUTRAL,0.9975986200141849
NIFTY_MIDCAP_100,2025-11-14,5,NEUTRAL,0.9963066013266385
NIFTY_MIDCAP_100,2025-11-17,5,NEUTRAL,0.9973501990326458
NIFTY_MIDCAP_100,2025-11-18,5,NEUTRAL,0.9988829971166235
NIFTY_MIDCAP_100,2025-11-19,5,NEUTRAL,0.9986492525461885
NIFTY_MIDCAP_100,2025-11-20,5,NEUTRAL,0.9991651986429629
NIFTY_MIDCAP_100,2025-11-21,5,NEUTRAL,0.9972908013717967
NIFTY_MIDCAP_100,2025-11-24,5,NEUTRAL,0.9953692639797731
NIFTY_MIDCAP_100,2025-11-25,5,NEUTRAL,0.9974200846337823
NIFTY_MIDCAP_100,2025-11-26,5,NEUTRAL,0.9986315909166542
NIFTY_MIDCAP_100,2025-11-27,5,NEUTRAL,0.998291579597358
NIFTY_MIDCAP_100,2025-11-28,5,NEUTRAL,0.9975287433938523
NIFTY_MIDCAP_100,2025-12-01,5,NEUTRAL,0.9983186436780963
NIFTY_MIDCAP_100,2025-12-02,5,NEUTRAL,0.9977374622364207
NIFTY_MIDCAP_100,2025-12-03,5,NEUTRAL,0.8201869144916416
NIFTY_MIDCAP_100,2025-12-04,5,NEUTRAL,0.994404314778117
NIFTY_MIDCAP_100,2025-12-05,5,NEUTRAL,0.9948552632293146
NIFTY_MIDCAP_100,2025-12-08,5,NEUTRAL,0.9948920330538374
NIFTY_MIDCAP_100,2025-12-09,5,NEUTRAL,0.9980998852849358
NIFTY_MIDCAP_100,2025-12-10,5,NEUTRAL,0.9931112668708281
NIFTY_MIDCAP_100,2025-12-11,5,NEUTRAL,0.9981955807795828
NIFTY_MIDCAP_100,2025-12-12,5,NEUTRAL,0.9981053315321453
NIFTY_MIDCAP_100,2025-12-15,5,NEUTRAL,0.9981675785211629
NIFTY_MIDCAP_100,2025-12-16,5,NEUTRAL,0.9974545384930209
NIFTY_MIDCAP_100,2025-12-17,5,NEUTRAL,0.9980555143266049
NIFTY_MIDCAP_100,2025-12-18,5,NEUTRAL,0.9989672399472593
NIFTY_MIDCAP_100,2025-12-19,5,NEUTRAL,0.9985286717249422
NIFTY_MIDCAP_100,2025-12-22,5,NEUTRAL,0.9984843325998372
NIFTY_MIDCAP_100,2025-12-23,5,NEUTRAL,0.99623893796678
NIFTY_MIDCAP_100,2025-12-24,5,NEUTRAL,0.9956767602680798
NIFTY_MIDCAP_100,2025-12-26,5,NEUTRAL,0.9960478565020918
NIFTY_MIDCAP_100,2025-12-29,5,NEUTRAL,0.9947287036068645
NIFTY_MIDCAP_100,2025-12-30,5,NEUTRAL,0.9952978692532778
NIFTY_MIDCAP_100,2025-12-31,5,NEUTRAL,0.9951274412664151
NIFTY_MIDCAP_100,2026-01-01,5,NEUTRAL,0.9918436003772186
NIFTY_MIDCAP_100,2026-01-02,5,NEUTRAL,0.5551715594450332
NIFTY_MIDCAP_100,2026-01-05,5,RISK_OFF,0.5778386455685265
NIFTY_MIDCAP_100,2026-01-06,5,RISK_OFF,0.9913211666560252
NIFTY_MIDCAP_100,2026-01-07,5,RISK_OFF,0.9846817564924368
NIFTY_MIDCAP_100,2026-01-08,5,RISK_OFF,0.986243952702172
NIFTY_MIDCAP_100,2026-01-09,5,RISK_OFF,0.9948834841518561
NIFTY_MIDCAP_100,2026-01-12,5,RISK_OFF,0.9942213321157025
NIFTY_MIDCAP_100,2026-01-13,5,RISK_OFF,0.9961930738809205
NIFTY_MIDCAP_100,2026-01-14,5,RISK_OFF,0.995406354226924
NIFTY_MIDCAP_100,2026-01-15,5,RISK_OFF,0.9959959371999945
NIFTY_MIDCAP_100,2026-01-16,5,STRONG_RISK_OFF,0.5331673809891851
NIFTY_MIDCAP_100,2026-01-19,5,RISK_OFF,0.9592804012886589
NIFTY_MIDCAP_100,2026-01-20,5,RISK_OFF,0.9889621391634053
NIFTY_MIDCAP_100,2026-01-21,5,RISK_OFF,0.9902781610832683
NIFTY_MIDCAP_100,2026-01-22,5,RISK_OFF,0.9800638030153715
NIFTY_MIDCAP_100,2026-01-23,5,RISK_OFF,0.9830291077455854
NIFTY_MIDCAP_100,2026-01-27,5,NEUTRAL,0.5582722939212295
NIFTY_MIDCAP_100,2026-01-28,5,NEUTRAL,0.9953537755063496
NIFTY_MIDCAP_100,2026-01-29,5,NEUTRAL,0.9967751526233009
NIFTY_MIDCAP_100,2026-01-30,5,NEUTRAL,0.9916430802387615
NIFTY_MIDCAP_100,2026-02-02,5,NEUTRAL,0.9949252341758565
NIFTY_MIDCAP_100,2026-02-03,5,NEUTRAL,0.9966147681031273
NIFTY_MIDCAP_100,2026-02-04,5,NEUTRAL,0.9967199829699426
NIFTY_MIDCAP_100,2026-02-05,5,NEUTRAL,0.983424763092932
NIFTY_MIDCAP_100,2026-02-06,5,NEUTRAL,0.65925099270429
NIFTY_MIDCAP_100,2026-02-09,5,NEUTRAL,0.9967404892259433
NIFTY_MIDCAP_100,2026-02-10,5,NEUTRAL,0.9973281709414069
NIFTY_MIDCAP_100,2026-02-11,5,NEUTRAL,0.9948149326377502
NIFTY_MIDCAP_100,2026-02-12,5,NEUTRAL,0.5397181757063789
NIFTY_MIDCAP_100,2026-02-13,5,RISK_OFF,0.59212248132889
NIFTY_MIDCAP_100,2026-02-16,5,RISK_OFF,0.9927872967832527
NIFTY_MIDCAP_100,2026-02-17,5,RISK_OFF,0.9919093329352446
NIFTY_MIDCAP_100,2026-02-18,5,RISK_OFF,0.9777214778690491
NIFTY_MIDCAP_100,2026-02-19,5,RISK_OFF,0.5400837418940998
NIFTY_MIDCAP_100,2026-02-20,5,RISK_OFF,0.9771271745436027
NIFTY_MIDCAP_100,2026-02-23,5,RISK_OFF,0.9810293927295644
NIFTY_MIDCAP_100,2026-02-24,5,STRONG_RISK_OFF,0.7031909065019201
NIFTY_MIDCAP_100,2026-02-25,5,RISK_OFF,0.9593996571968292
NIFTY_MIDCAP_100,2026-02-26,5,RISK_OFF,0.9904266852526957
NIFTY_MIDCAP_100,2026-02-27,5,STRONG_RISK_OFF,0.698521704425958
NIFTY_MIDCAP_100,2026-03-02,5,RISK_OFF,0.8818505987269932
NIFTY_MIDCAP_100,2026-03-04,5,STRONG_RISK_OFF,0.8075089841486528
NIFTY_MIDCAP_100,2026-03-05,5,STRONG_RISK_OFF,0.997542524586964
NIFTY_MIDCAP_100,2026-03-06,5,STRONG_RISK_OFF,0.9967583509167297
NIFTY_MIDCAP_100,2026-03-09,5,STRONG_RISK_OFF,0.9973116311520535
NIFTY_MIDCAP_100,2026-03-10,5,STRONG_RISK_OFF,0.9980528907050161
NIFTY_MIDCAP_100,2026-03-11,5,STRONG_RISK_OFF,0.9991576731029974
NIFTY_MIDCAP_100,2026-03-12,5,STRONG_RISK_OFF,0.9992892392808472
NIFTY_MIDCAP_100,2026-03-18,5,STRONG_RISK_OFF,0.9983718718660419
NIFTY_MIDCAP_100,2026-03-19,5,STRONG_RISK_OFF,0.995836404492885
NIFTY_MIDCAP_100,2026-03-20,5,STRONG_RISK_OFF,0.9991987875857933
NIFTY_MIDCAP_100,2026-03-24,5,STRONG_RISK_OFF,0.9964802466729115
NIFTY_MIDCAP_100,2026-03-25,5,STRONG_RISK_OFF,0.9985875548223203
NIFTY_MIDCAP_100,2026-03-27,5,STRONG_RISK_OFF,0.9959981236806593
NIFTY_MIDCAP_100,2026-03-30,5,RISK_OFF,0.8301199147181618
NIFTY_MIDCAP_100,2026-04-01,5,RISK_OFF,0.9971034352354382
NIFTY_MIDCAP_100,2026-04-02,5,RISK_OFF,0.9961138726350346
NIFTY_MIDCAP_100,2026-04-06,5,RISK_OFF,0.995284811711259
NIFTY_MIDCAP_100,2026-04-07,5,RISK_OFF,0.9966255791991329
NIFTY_MIDCAP_100,2026-04-08,5,RISK_OFF,0.9974931565097233
NIFTY_MIDCAP_100,2026-04-09,5,RISK_OFF,0.998169129728846
NIFTY_MIDCAP_100,2026-04-10,5,RISK_OFF,0.9978371346442126
NIFTY_MIDCAP_100,2026-04-13,5,RISK_OFF,0.9957452898041537
NIFTY_MIDCAP_100,2026-04-15,5,RISK_OFF,0.9967106028881091
NIFTY_MIDCAP_100,2026-04-16,5,RISK_OFF,0.9952634320296497
NIFTY_MIDCAP_100,2026-04-17,5,RISK_OFF,0.9943343544850531
NIFTY_MIDCAP_100,2026-04-20,5,RISK_OFF,0.9904942117110135
NIFTY_MIDCAP_100,2026-04-21,5,NEUTRAL,0.7634751040824832
NIFTY_MIDCAP_100,2026-04-22,5,NEUTRAL,0.9980647572493959
NIFTY_MIDCAP_100,2026-04-23,5,NEUTRAL,0.9983051240430064
NIFTY_MIDCAP_100,2026-04-24,5,NEUTRAL,0.9967936481270697
NIFTY_MIDCAP_100,2026-04-27,5,NEUTRAL,0.9994440989225011
NIFTY_MIDCAP_100,2026-04-28,5,NEUTRAL,0.9991730834208051
NIFTY_MIDCAP_100,2026-04-29,5,NEUTRAL,0.9983974899350664
NIFTY_MIDCAP_100,2026-04-30,5,NEUTRAL,0.9985451531215176
NIFTY_MIDCAP_100,2026-05-01,5,NEUTRAL,0.9985226632377505
NIFTY_MIDCAP_100,2026-05-04,5,NEUTRAL,0.9990859042439547
NIFTY_MIDCAP_100,2026-05-05,5,NEUTRAL,0.9975465312744781
NIFTY_MIDCAP_100,2026-05-06,5,NEUTRAL,0.999280666288692
NIFTY_MIDCAP_100,2026-05-07,5,NEUTRAL,0.9972929854353442
NIFTY_MIDCAP_100,2026-05-08,5,NEUTRAL,0.9980178818069626
NIFTY_MIDCAP_100,2026-05-11,5,NEUTRAL,0.9973158576146632
NIFTY_MIDCAP_100,2026-05-12,5,NEUTRAL,0.9952400461910648
NIFTY_MIDCAP_100,2026-05-13,5,NEUTRAL,0.9965707840271223
NIFTY_MIDCAP_100,2026-05-14,5,NEUTRAL,0.9946742169876264
NIFTY_MIDCAP_100,2026-05-15,5,NEUTRAL,0.9901367649356279
NIFTY_MIDCAP_100,2026-05-18,5,NEUTRAL,0.9915587455309062
NIFTY_MIDCAP_100,2026-05-19,5,NEUTRAL,0.6077952982882228
NIFTY_MIDCAP_100,2026-05-20,5,NEUTRAL,0.5208138975856577
NIFTY_MIDCAP_100,2026-05-21,5,NEUTRAL,0.5871996435444211
NIFTY_MIDCAP_100,2026-05-22,5,NEUTRAL,0.9906822158475134
NIFTY_MIDCAP_100,2026-05-25,5,NEUTRAL,0.9928541561282866
NIFTY_MIDCAP_100,2026-05-26,5,NEUTRAL,0.9973286548227681
NIFTY_MIDCAP_100,2026-05-27,5,NEUTRAL,0.9972777143041192
NIFTY_MIDCAP_100,2026-05-28,5,NEUTRAL,0.995737075507824
NIFTY_MIDCAP_100,2026-05-29,5,NEUTRAL,0.9933586285846837
NIFTY_MIDCAP_100,2026-06-01,5,NEUTRAL,0.6734146763188548
NIFTY_MIDCAP_100,2026-06-02,5,NEUTRAL,0.9826626017543402
NIFTY_MIDCAP_100,2026-06-03,5,NEUTRAL,0.6367428320134955
NIFTY_MIDCAP_100,2026-06-04,5,NEUTRAL,0.5926426532383803
NIFTY_MIDCAP_100,2026-06-05,5,NEUTRAL,0.9840984778960471
NIFTY_MIDCAP_100,2021-07-16,10,RISK_ON,0.5757313155852434
NIFTY_MIDCAP_100,2021-07-19,10,RISK_ON,0.9861951455415382
NIFTY_MIDCAP_100,2021-07-20,10,RISK_ON,0.9852368481373196
NIFTY_MIDCAP_100,2021-07-22,10,RISK_ON,0.9717102399542485
NIFTY_MIDCAP_100,2021-07-23,10,RISK_ON,0.9616816470190427
NIFTY_MIDCAP_100,2021-07-26,10,RISK_ON,0.6244570306732903
NIFTY_MIDCAP_100,2021-07-27,10,NEUTRAL,0.5127444067035302
NIFTY_MIDCAP_100,2021-07-28,10,NEUTRAL,0.6942450470610587
NIFTY_MIDCAP_100,2021-07-29,10,NEUTRAL,0.6805076145803062
NIFTY_MIDCAP_100,2021-07-30,10,NEUTRAL,0.9851688871591817
NIFTY_MIDCAP_100,2021-08-03,10,NEUTRAL,0.9810524649564789
NIFTY_MIDCAP_100,2021-08-04,10,NEUTRAL,0.6426443815023668
NIFTY_MIDCAP_100,2021-08-05,10,NEUTRAL,0.750935470805582
NIFTY_MIDCAP_100,2021-08-06,10,NEUTRAL,0.9816431959667344
NIFTY_MIDCAP_100,2021-08-09,10,NEUTRAL,0.9871260334624845
NIFTY_MIDCAP_100,2021-08-10,10,NEUTRAL,0.9919670079820537
NIFTY_MIDCAP_100,2021-08-11,10,NEUTRAL,0.9918693227383955
NIFTY_MIDCAP_100,2021-08-12,10,NEUTRAL,0.9784197453035368
NIFTY_MIDCAP_100,2021-08-13,10,NEUTRAL,0.6525807951982786
NIFTY_MIDCAP_100,2021-08-16,10,RISK_ON,0.7163405984497222
NIFTY_MIDCAP_100,2021-08-17,10,RISK_ON,0.9816399035738971
NIFTY_MIDCAP_100,2021-08-18,10,RISK_ON,0.9814531399009699
NIFTY_MIDCAP_100,2021-08-20,10,RISK_ON,0.9878960473735742
NIFTY_MIDCAP_100,2021-08-23,10,RISK_ON,0.9791171096519014
NIFTY_MIDCAP_100,2021-08-24,10,NEUTRAL,0.6001167341591472
NIFTY_MIDCAP_100,2021-08-25,10,NEUTRAL,0.9876836453924388
NIFTY_MIDCAP_100,2021-08-26,10,RISK_ON,0.6161422868355937
NIFTY_MIDCAP_100,2021-08-27,10,RISK_ON,0.9850771313003702
NIFTY_MIDCAP_100,2021-08-30,10,RISK_ON,0.9955781959535008
NIFTY_MIDCAP_100,2021-08-31,10,RISK_ON,0.9921478222137146
NIFTY_MIDCAP_100,2021-09-01,10,RISK_ON,0.9960595428354625
NIFTY_MIDCAP_100,2021-09-02,10,RISK_ON,0.9959157922563974
NIFTY_MIDCAP_100,2021-09-03,10,RISK_ON,0.9963693936211897
NIFTY_MIDCAP_100,2021-09-06,10,RISK_ON,0.9956014321091847
NIFTY_MIDCAP_100,2021-09-07,10,RISK_ON,0.9979252425758749
NIFTY_MIDCAP_100,2021-09-08,10,RISK_ON,0.998297323927206
NIFTY_MIDCAP_100,2021-09-09,10,RISK_ON,0.9972824707827651
NIFTY_MIDCAP_100,2021-09-13,10,RISK_ON,0.9971770769713306
NIFTY_MIDCAP_100,2021-09-14,10,RISK_ON,0.9949604117559157
NIFTY_MIDCAP_100,2021-09-15,10,RISK_ON,0.9876474664457123
NIFTY_MIDCAP_100,2021-09-16,10,RISK_ON,0.5056439552283342
NIFTY_MIDCAP_100,2021-09-17,10,STRONG_RISK_ON,0.4940137583515332
NIFTY_MIDCAP_100,2021-09-20,10,RISK_ON,0.7773992962643353
NIFTY_MIDCAP_100,2021-09-21,10,RISK_ON,0.9713504889527587
NIFTY_MIDCAP_100,2021-09-22,10,RISK_ON,0.633370935888625
NIFTY_MIDCAP_100,2021-09-23,10,STRONG_RISK_ON,0.7310923800109431
NIFTY_MIDCAP_100,2021-09-24,10,STRONG_RISK_ON,0.9902475126552294
NIFTY_MIDCAP_100,2021-09-27,10,RISK_ON,0.7958272233971483
NIFTY_MIDCAP_100,2021-09-28,10,RISK_ON,0.5277179750216654
NIFTY_MIDCAP_100,2021-09-29,10,RISK_ON,0.9692870939069109
NIFTY_MIDCAP_100,2021-10-19,10,RISK_ON,0.9918838584686092
NIFTY_MIDCAP_100,2021-10-20,10,RISK_ON,0.9959999014614714
NIFTY_MIDCAP_100,2021-10-21,10,STRONG_RISK_ON,0.7213614408879999
NIFTY_MIDCAP_100,2021-10-22,10,STRONG_RISK_ON,0.9880901962755569
NIFTY_MIDCAP_100,2021-10-25,10,RISK_ON,0.8820113886904547
NIFTY_MIDCAP_100,2021-10-26,10,RISK_ON,0.9954145483805146
NIFTY_MIDCAP_100,2021-10-27,10,RISK_ON,0.9959457866164213
NIFTY_MIDCAP_100,2021-10-28,10,RISK_ON,0.9929629259533809
NIFTY_MIDCAP_100,2021-10-29,10,RISK_ON,0.9922717408911814
NIFTY_MIDCAP_100,2021-11-01,10,RISK_ON,0.9953162456230158
NIFTY_MIDCAP_100,2021-11-02,10,RISK_ON,0.9935805942657
NIFTY_MIDCAP_100,2021-11-03,10,RISK_ON,0.9932444250000094
NIFTY_MIDCAP_100,2021-11-04,10,RISK_ON,0.9840432914191072
NIFTY_MIDCAP_100,2021-11-08,10,NEUTRAL,0.6957058360819378
NIFTY_MIDCAP_100,2021-11-09,10,NEUTRAL,0.9948209203177659
NIFTY_MIDCAP_100,2021-11-10,10,NEUTRAL,0.996114163219795
NIFTY_MIDCAP_100,2021-11-11,10,NEUTRAL,0.9921271592461477
NIFTY_MIDCAP_100,2021-11-12,10,RISK_OFF,0.5188715836069344
NIFTY_MIDCAP_100,2021-11-15,10,RISK_OFF,0.9876515401639377
NIFTY_MIDCAP_100,2021-11-16,10,RISK_OFF,0.9854672511902194
NIFTY_MIDCAP_100,2021-11-17,10,NEUTRAL,0.7303636644093677
NIFTY_MIDCAP_100,2021-11-18,10,NEUTRAL,0.9954221011235099
NIFTY_MIDCAP_100,2021-11-22,10,NEUTRAL,0.9952890279050657
NIFTY_MIDCAP_100,2021-11-23,10,NEUTRAL,0.9968776639904534
NIFTY_MIDCAP_100,2021-11-24,10,NEUTRAL,0.9984864596654393
NIFTY_MIDCAP_100,2021-11-25,10,NEUTRAL,0.998251255357573
NIFTY_MIDCAP_100,2021-11-26,10,NEUTRAL,0.9981324331047114
NIFTY_MIDCAP_100,2021-11-29,10,NEUTRAL,0.9988524983533577
NIFTY_MIDCAP_100,2021-11-30,10,NEUTRAL,0.9990059836650679
NIFTY_MIDCAP_100,2021-12-01,10,NEUTRAL,0.9987557588447373
NIFTY_MIDCAP_100,2021-12-02,10,NEUTRAL,0.9975852062484075
NIFTY_MIDCAP_100,2021-12-03,10,NEUTRAL,0.9887120265853094
NIFTY_MIDCAP_100,2021-12-06,10,NEUTRAL,0.6069486576981771
NIFTY_MIDCAP_100,2021-12-07,10,NEUTRAL,0.644791865026583
NIFTY_MIDCAP_100,2021-12-08,10,RISK_OFF,0.6891922176476311
NIFTY_MIDCAP_100,2021-12-09,10,RISK_OFF,0.9896823692314418
NIFTY_MIDCAP_100,2021-12-10,10,RISK_OFF,0.9848515949451995
NIFTY_MIDCAP_100,2021-12-13,10,RISK_OFF,0.9694513880478676
NIFTY_MIDCAP_100,2021-12-14,10,NEUTRAL,0.7284345566417095
NIFTY_MIDCAP_100,2021-12-15,10,NEUTRAL,0.996612521149169
NIFTY_MIDCAP_100,2021-12-16,10,NEUTRAL,0.9953720701056695
NIFTY_MIDCAP_100,2021-12-17,10,NEUTRAL,0.9927360622667843
NIFTY_MIDCAP_100,2021-12-20,10,NEUTRAL,0.9981915246665297
NIFTY_MIDCAP_100,2021-12-21,10,NEUTRAL,0.9979888285403213
NIFTY_MIDCAP_100,2021-12-22,10,NEUTRAL,0.998095457870121
NIFTY_MIDCAP_100,2021-12-23,10,NEUTRAL,0.9979272295219671
NIFTY_MIDCAP_100,2021-12-24,10,NEUTRAL,0.9982750658444748
NIFTY_MIDCAP_100,2021-12-27,10,NEUTRAL,0.9971843953023107
NIFTY_MIDCAP_100,2021-12-28,10,NEUTRAL,0.9955136218641131
NIFTY_MIDCAP_100,2021-12-29,10,NEUTRAL,0.9958087379889387
NIFTY_MIDCAP_100,2021-12-30,10,NEUTRAL,0.9933139402053571
NIFTY_MIDCAP_100,2021-12-31,10,NEUTRAL,0.6152439161029004
NIFTY_MIDCAP_100,2022-01-03,10,NEUTRAL,0.5641011646130787
NIFTY_MIDCAP_100,2022-01-04,10,NEUTRAL,0.9875253506283611
NIFTY_MIDCAP_100,2022-01-05,10,NEUTRAL,0.9933586068572837
NIFTY_MIDCAP_100,2022-01-06,10,NEUTRAL,0.9914790027753622
NIFTY_MIDCAP_100,2022-01-07,10,NEUTRAL,0.9904314645622416
NIFTY_MIDCAP_100,2022-01-10,10,NEUTRAL,0.7400720912924702
NIFTY_MIDCAP_100,2022-01-11,10,NEUTRAL,0.9852609994011629
NIFTY_MIDCAP_100,2022-01-12,10,NEUTRAL,0.5037226950978575
NIFTY_MIDCAP_100,2022-01-13,10,NEUTRAL,0.5849169614061779
NIFTY_MIDCAP_100,2022-01-14,10,NEUTRAL,0.9945668693427651
NIFTY_MIDCAP_100,2022-01-17,10,NEUTRAL,0.9984363921815019
NIFTY_MIDCAP_100,2022-01-18,10,NEUTRAL,0.9948744754839131
NIFTY_MIDCAP_100,2022-01-19,10,NEUTRAL,0.9934182063281624
NIFTY_MIDCAP_100,2022-01-20,10,NEUTRAL,0.9946464099685317
NIFTY_MIDCAP_100,2022-01-21,10,NEUTRAL,0.6761197629546916
NIFTY_MIDCAP_100,2022-01-24,10,NEUTRAL,0.6501413382833338
NIFTY_MIDCAP_100,2022-01-25,10,NEUTRAL,0.9819621960233275
NIFTY_MIDCAP_100,2022-01-27,10,NEUTRAL,0.98475046035336
NIFTY_MIDCAP_100,2022-01-28,10,NEUTRAL,0.6712368103650599
NIFTY_MIDCAP_100,2022-01-31,10,RISK_OFF,0.6281713204698026
NIFTY_MIDCAP_100,2022-02-01,10,RISK_OFF,0.9961841061385786
NIFTY_MIDCAP_100,2022-02-02,10,RISK_OFF,0.9937624735335823
NIFTY_MIDCAP_100,2022-02-03,10,RISK_OFF,0.996305850576883
NIFTY_MIDCAP_100,2022-02-04,10,RISK_OFF,0.9930730511180057
NIFTY_MIDCAP_100,2022-02-07,10,RISK_OFF,0.9921736145920849
NIFTY_MIDCAP_100,2022-02-08,10,RISK_OFF,0.9942464126297089
NIFTY_MIDCAP_100,2022-02-09,10,STRONG_RISK_OFF,0.6788876023447414
NIFTY_MIDCAP_100,2022-02-10,10,STRONG_RISK_OFF,0.9926914697065967
NIFTY_MIDCAP_100,2022-02-11,10,RISK_OFF,0.8040258059851207
NIFTY_MIDCAP_100,2022-02-14,10,STRONG_RISK_OFF,0.7350659812472317
NIFTY_MIDCAP_100,2022-02-15,10,RISK_OFF,0.9088368738609556
NIFTY_MIDCAP_100,2022-02-16,10,RISK_OFF,0.9910091132115029
NIFTY_MIDCAP_100,2022-02-17,10,RISK_OFF,0.516392528203226
NIFTY_MIDCAP_100,2022-02-18,10,RISK_OFF,0.9879022179640519
NIFTY_MIDCAP_100,2022-02-21,10,STRONG_RISK_OFF,0.7180007639970172
NIFTY_MIDCAP_100,2022-02-22,10,STRONG_RISK_OFF,0.9919807532659156
NIFTY_MIDCAP_100,2022-02-23,10,RISK_OFF,0.787002851962954
NIFTY_MIDCAP_100,2022-02-24,10,STRONG_RISK_OFF,0.7234806737003989
NIFTY_MIDCAP_100,2022-02-25,10,RISK_OFF,0.9095557659663553
NIFTY_MIDCAP_100,2022-02-28,10,RISK_OFF,0.9962568114976066
NIFTY_MIDCAP_100,2022-03-02,10,RISK_OFF,0.9953910212384383
NIFTY_MIDCAP_100,2022-03-03,10,RISK_OFF,0.9932512552291884
NIFTY_MIDCAP_100,2022-03-04,10,RISK_OFF,0.9954507756855827
NIFTY_MIDCAP_100,2022-03-07,10,RISK_OFF,0.9900250467422989
NIFTY_MIDCAP_100,2022-03-08,10,RISK_OFF,0.9952727193623692
NIFTY_MIDCAP_100,2022-03-09,10,NEUTRAL,0.7468203710684139
NIFTY_MIDCAP_100,2022-03-10,10,NEUTRAL,0.9961913834503335
NIFTY_MIDCAP_100,2022-03-11,10,NEUTRAL,0.9968575893366308
NIFTY_MIDCAP_100,2022-03-14,10,NEUTRAL,0.9989346083593065
NIFTY_MIDCAP_100,2022-03-15,10,NEUTRAL,0.9989901810601984
NIFTY_MIDCAP_100,2022-03-16,10,NEUTRAL,0.9988415429660334
NIFTY_MIDCAP_100,2022-03-17,10,NEUTRAL,0.999207618000378
NIFTY_MIDCAP_100,2022-03-21,10,NEUTRAL,0.999436330557053
NIFTY_MIDCAP_100,2022-03-22,10,NEUTRAL,0.9991489967380387
NIFTY_MIDCAP_100,2022-03-23,10,NEUTRAL,0.9993118436996411
NIFTY_MIDCAP_100,2022-03-24,10,NEUTRAL,0.9994557340304321
NIFTY_MIDCAP_100,2022-03-25,10,NEUTRAL,0.9993348064440165
NIFTY_MIDCAP_100,2022-03-28,10,NEUTRAL,0.9994781072151374
NIFTY_MIDCAP_100,2022-03-29,10,NEUTRAL,0.9994059588148446
NIFTY_MIDCAP_100,2022-03-30,10,NEUTRAL,0.9990607924662368
NIFTY_MIDCAP_100,2022-03-31,10,NEUTRAL,0.9993006709948147
NIFTY_MIDCAP_100,2022-04-01,10,NEUTRAL,0.9975492509863031
NIFTY_MIDCAP_100,2022-04-04,10,NEUTRAL,0.9985991456100802
NIFTY_MIDCAP_100,2022-04-05,10,NEUTRAL,0.9989592890253189
NIFTY_MIDCAP_100,2022-04-06,10,NEUTRAL,0.9995406201608088
NIFTY_MIDCAP_100,2022-04-07,10,NEUTRAL,0.9993237374458025
NIFTY_MIDCAP_100,2022-04-08,10,NEUTRAL,0.9990612550984482
NIFTY_MIDCAP_100,2022-04-11,10,NEUTRAL,0.9990355539643071
NIFTY_MIDCAP_100,2022-04-12,10,NEUTRAL,0.9977212049853472
NIFTY_MIDCAP_100,2022-04-13,10,NEUTRAL,0.9962401490233636
NIFTY_MIDCAP_100,2022-04-18,10,NEUTRAL,0.9904752114943223
NIFTY_MIDCAP_100,2022-04-19,10,RISK_OFF,0.6170558558966753
NIFTY_MIDCAP_100,2022-04-20,10,RISK_OFF,0.9906252554934623
NIFTY_MIDCAP_100,2022-04-21,10,RISK_OFF,0.9862381985700867
NIFTY_MIDCAP_100,2022-04-22,10,RISK_OFF,0.9894810394286949
NIFTY_MIDCAP_100,2022-04-25,10,STRONG_RISK_OFF,0.8184032878013273
NIFTY_MIDCAP_100,2022-04-26,10,STRONG_RISK_OFF,0.9961154318998826
NIFTY_MIDCAP_100,2022-04-27,10,STRONG_RISK_OFF,0.9951856006272466
NIFTY_MIDCAP_100,2022-04-28,10,STRONG_RISK_OFF,0.9988096686919625
NIFTY_MIDCAP_100,2022-04-29,10,STRONG_RISK_OFF,0.9968577205950181
NIFTY_MIDCAP_100,2022-05-02,10,RISK_OFF,0.8628363329850811
NIFTY_MIDCAP_100,2022-05-04,10,RISK_OFF,0.9855073243330482
NIFTY_MIDCAP_100,2022-05-05,10,STRONG_RISK_OFF,0.7869002372968557
NIFTY_MIDCAP_100,2022-05-06,10,RISK_OFF,0.8781282914073233
NIFTY_MIDCAP_100,2022-05-09,10,RISK_OFF,0.9897297435094179
NIFTY_MIDCAP_100,2022-05-10,10,STRONG_RISK_OFF,0.7907242225555087
NIFTY_MIDCAP_100,2022-05-11,10,STRONG_RISK_OFF,0.9953699007169949
NIFTY_MIDCAP_100,2022-05-12,10,STRONG_RISK_OFF,0.9978766659238762
NIFTY_MIDCAP_100,2022-05-13,10,STRONG_RISK_OFF,0.9990784567747879
NIFTY_MIDCAP_100,2022-05-16,10,STRONG_RISK_OFF,0.99958699052146
NIFTY_MIDCAP_100,2022-05-17,10,STRONG_RISK_OFF,0.9994370154579976
NIFTY_MIDCAP_100,2022-05-18,10,STRONG_RISK_OFF,0.9994233119586654
NIFTY_MIDCAP_100,2022-05-19,10,STRONG_RISK_OFF,0.9997441759979052
NIFTY_MIDCAP_100,2022-05-20,10,STRONG_RISK_OFF,0.9996604118934386
NIFTY_MIDCAP_100,2022-05-23,10,STRONG_RISK_OFF,0.9998103263333831
NIFTY_MIDCAP_100,2022-05-24,10,STRONG_RISK_OFF,0.9996578067084765
NIFTY_MIDCAP_100,2022-05-25,10,STRONG_RISK_OFF,0.9995821737301528
NIFTY_MIDCAP_100,2022-05-26,10,STRONG_RISK_OFF,0.9993954186442854
NIFTY_MIDCAP_100,2022-05-27,10,STRONG_RISK_OFF,0.999619866072284
NIFTY_MIDCAP_100,2022-05-30,10,STRONG_RISK_OFF,0.9994933175938207
NIFTY_MIDCAP_100,2022-05-31,10,STRONG_RISK_OFF,0.9994341795278436
NIFTY_MIDCAP_100,2022-06-01,10,STRONG_RISK_OFF,0.9996124763995482
NIFTY_MIDCAP_100,2022-06-02,10,STRONG_RISK_OFF,0.9996878002180961
NIFTY_MIDCAP_100,2022-06-03,10,STRONG_RISK_OFF,0.9997687491177796
NIFTY_MIDCAP_100,2022-06-06,10,STRONG_RISK_OFF,0.9996888971412473
NIFTY_MIDCAP_100,2022-06-07,10,STRONG_RISK_OFF,0.9998206695488118
NIFTY_MIDCAP_100,2022-06-08,10,STRONG_RISK_OFF,0.9995584392266977
NIFTY_MIDCAP_100,2022-06-09,10,STRONG_RISK_OFF,0.9998755396341591
NIFTY_MIDCAP_100,2022-06-10,10,STRONG_RISK_OFF,0.9997976920333137
NIFTY_MIDCAP_100,2022-06-13,10,STRONG_RISK_OFF,0.9997324500090546
NIFTY_MIDCAP_100,2022-06-14,10,STRONG_RISK_OFF,0.9997356932980003
NIFTY_MIDCAP_100,2022-06-15,10,STRONG_RISK_OFF,0.9988789196741105
NIFTY_MIDCAP_100,2022-06-21,10,STRONG_RISK_OFF,0.9940087504685129
NIFTY_MIDCAP_100,2022-06-22,10,STRONG_RISK_OFF,0.9963222005002433
NIFTY_MIDCAP_100,2022-06-23,10,RISK_OFF,0.8374877755049986
NIFTY_MIDCAP_100,2022-06-24,10,RISK_OFF,0.9965706553545408
NIFTY_MIDCAP_100,2022-06-27,10,RISK_OFF,0.9953831158307276
NIFTY_MIDCAP_100,2022-06-28,10,RISK_OFF,0.9949498668148604
NIFTY_MIDCAP_100,2022-06-29,10,RISK_OFF,0.997080705722754
NIFTY_MIDCAP_100,2022-06-30,10,RISK_OFF,0.9957418483661143
NIFTY_MIDCAP_100,2022-07-01,10,RISK_OFF,0.9923077148929014
NIFTY_MIDCAP_100,2022-07-04,10,RISK_OFF,0.9847164749012634
NIFTY_MIDCAP_100,2022-07-05,10,NEUTRAL,0.5222606429056326
NIFTY_MIDCAP_100,2022-07-06,10,NEUTRAL,0.9939890297413875
NIFTY_MIDCAP_100,2022-07-07,10,NEUTRAL,0.9991458795622176
NIFTY_MIDCAP_100,2022-07-08,10,NEUTRAL,0.9989706057306864
NIFTY_MIDCAP_100,2022-07-11,10,NEUTRAL,0.9992259647125437
NIFTY_MIDCAP_100,2022-07-12,10,NEUTRAL,0.9992764729703953
NIFTY_MIDCAP_100,2022-07-13,10,NEUTRAL,0.9992649463725138
NIFTY_MIDCAP_100,2022-07-14,10,NEUTRAL,0.9990389892558996
NIFTY_MIDCAP_100,2022-07-15,10,NEUTRAL,0.9988637073514651
NIFTY_MIDCAP_100,2022-07-18,10,NEUTRAL,0.9994047454229684
NIFTY_MIDCAP_100,2022-07-19,10,NEUTRAL,0.9996581091431537
NIFTY_MIDCAP_100,2022-07-20,10,NEUTRAL,0.9993625120345857
NIFTY_MIDCAP_100,2022-07-21,10,NEUTRAL,0.9993352284706997
NIFTY_MIDCAP_100,2022-07-22,10,NEUTRAL,0.9996603037056734
NIFTY_MIDCAP_100,2022-07-25,10,NEUTRAL,0.999575341838274
NIFTY_MIDCAP_100,2022-07-26,10,NEUTRAL,0.9952966211754173
NIFTY_MIDCAP_100,2022-07-27,10,NEUTRAL,0.9896960018603851
NIFTY_MIDCAP_100,2022-07-28,10,NEUTRAL,0.6397487851230909
NIFTY_MIDCAP_100,2022-07-29,10,RISK_ON,0.7112412347976594
NIFTY_MIDCAP_100,2022-08-01,10,RISK_ON,0.9918117888357539
NIFTY_MIDCAP_100,2022-08-02,10,RISK_ON,0.9876271881282966
NIFTY_MIDCAP_100,2022-08-03,10,RISK_ON,0.9848703729104162
NIFTY_MIDCAP_100,2022-08-04,10,NEUTRAL,0.7043769813921393
NIFTY_MIDCAP_100,2022-08-05,10,NEUTRAL,0.988751794863029
NIFTY_MIDCAP_100,2022-08-08,10,RISK_ON,0.8405495253086301
NIFTY_MIDCAP_100,2022-08-10,10,RISK_ON,0.992583563518542
NIFTY_MIDCAP_100,2022-08-11,10,RISK_ON,0.9858059249404156
NIFTY_MIDCAP_100,2022-08-12,10,RISK_ON,0.5904643129325013
NIFTY_MIDCAP_100,2022-08-16,10,RISK_ON,0.9916058726739674
NIFTY_MIDCAP_100,2022-08-17,10,RISK_ON,0.9952230027152374
NIFTY_MIDCAP_100,2022-08-18,10,RISK_ON,0.996657506079539
NIFTY_MIDCAP_100,2022-08-19,10,RISK_ON,0.9922349716996014
NIFTY_MIDCAP_100,2022-08-22,10,STRONG_RISK_ON,0.678211714679302
NIFTY_MIDCAP_100,2022-08-23,10,RISK_ON,0.8769040901383792
NIFTY_MIDCAP_100,2022-08-24,10,RISK_ON,0.9873145558290253
NIFTY_MIDCAP_100,2022-08-25,10,STRONG_RISK_ON,0.5413273746971575
NIFTY_MIDCAP_100,2022-08-26,10,RISK_ON,0.9677864223698823
NIFTY_MIDCAP_100,2022-08-29,10,RISK_ON,0.9867613007830802
NIFTY_MIDCAP_100,2022-08-30,10,RISK_ON,0.9787528680085252
NIFTY_MIDCAP_100,2022-09-01,10,NEUTRAL,0.5188534851102536
NIFTY_MIDCAP_100,2022-09-02,10,NEUTRAL,0.9819524319304803
NIFTY_MIDCAP_100,2022-09-05,10,NEUTRAL,0.7953908511175646
NIFTY_MIDCAP_100,2022-09-07,10,NEUTRAL,0.998675330472754
NIFTY_MIDCAP_100,2022-09-08,10,NEUTRAL,0.9989897895812402
NIFTY_MIDCAP_100,2022-09-09,10,NEUTRAL,0.9916007384217793
NIFTY_MIDCAP_100,2022-09-12,10,NEUTRAL,0.5514290248360537
NIFTY_MIDCAP_100,2022-09-13,10,NEUTRAL,0.9882736603465396
NIFTY_MIDCAP_100,2022-09-14,10,RISK_OFF,0.5984364753559692
NIFTY_MIDCAP_100,2022-09-15,10,RISK_OFF,0.9869392282348018
NIFTY_MIDCAP_100,2022-09-16,10,NEUTRAL,0.8617835674470238
NIFTY_MIDCAP_100,2022-09-19,10,NEUTRAL,0.9979955032376101
NIFTY_MIDCAP_100,2022-09-20,10,NEUTRAL,0.9984028561570749
NIFTY_MIDCAP_100,2022-09-21,10,NEUTRAL,0.9976937168054849
NIFTY_MIDCAP_100,2022-09-22,10,NEUTRAL,0.9986631442988845
NIFTY_MIDCAP_100,2022-09-23,10,NEUTRAL,0.9955078774758847
NIFTY_MIDCAP_100,2022-09-26,10,NEUTRAL,0.9990838206483736
NIFTY_MIDCAP_100,2022-09-27,10,NEUTRAL,0.9986393885543381
NIFTY_MIDCAP_100,2022-09-28,10,NEUTRAL,0.9988413137300028
NIFTY_MIDCAP_100,2022-09-29,10,NEUTRAL,0.9987314639939108
NIFTY_MIDCAP_100,2022-09-30,10,NEUTRAL,0.9984823033308806
NIFTY_MIDCAP_100,2022-10-03,10,NEUTRAL,0.997737045315648
NIFTY_MIDCAP_100,2022-10-04,10,NEUTRAL,0.9983834369351605
NIFTY_MIDCAP_100,2022-10-06,10,NEUTRAL,0.9967261490505858
NIFTY_MIDCAP_100,2022-10-07,10,NEUTRAL,0.9966414574150166
NIFTY_MIDCAP_100,2022-10-10,10,NEUTRAL,0.9972064232650779
NIFTY_MIDCAP_100,2022-10-11,10,NEUTRAL,0.9986535053749133
NIFTY_MIDCAP_100,2022-10-12,10,NEUTRAL,0.9992664363811985
NIFTY_MIDCAP_100,2022-10-13,10,NEUTRAL,0.9989036816638789
NIFTY_MIDCAP_100,2022-10-14,10,NEUTRAL,0.9988879869341398
NIFTY_MIDCAP_100,2022-10-17,10,NEUTRAL,0.9981316541146261
NIFTY_MIDCAP_100,2022-10-18,10,NEUTRAL,0.9986334599894331
NIFTY_MIDCAP_100,2022-10-19,10,NEUTRAL,0.9982524024700303
NIFTY_MIDCAP_100,2022-10-20,10,NEUTRAL,0.9973664599011608
NIFTY_MIDCAP_100,2022-10-21,10,NEUTRAL,0.9972756507862325
NIFTY_MIDCAP_100,2022-10-24,10,NEUTRAL,0.998699204588072
NIFTY_MIDCAP_100,2022-10-25,10,NEUTRAL,0.9986313642377764
NIFTY_MIDCAP_100,2022-10-27,10,NEUTRAL,0.9990441767261113
NIFTY_MIDCAP_100,2022-10-28,10,NEUTRAL,0.9986345687672588
NIFTY_MIDCAP_100,2022-10-31,10,NEUTRAL,0.9971343071292075
NIFTY_MIDCAP_100,2022-11-01,10,NEUTRAL,0.9974974213588613
NIFTY_MIDCAP_100,2022-11-02,10,NEUTRAL,0.9981086778651426
NIFTY_MIDCAP_100,2022-11-03,10,NEUTRAL,0.9982846376096309
NIFTY_MIDCAP_100,2022-11-04,10,NEUTRAL,0.9979735501511674
NIFTY_MIDCAP_100,2022-11-07,10,NEUTRAL,0.9984120248621855
NIFTY_MIDCAP_100,2022-11-09,10,NEUTRAL,0.9988079366172933
NIFTY_MIDCAP_100,2022-11-10,10,NEUTRAL,0.9976003971181566
NIFTY_MIDCAP_100,2022-11-11,10,NEUTRAL,0.9986093235208636
NIFTY_MIDCAP_100,2022-11-14,10,NEUTRAL,0.9987458695038248
NIFTY_MIDCAP_100,2022-11-15,10,NEUTRAL,0.9985065532172914
NIFTY_MIDCAP_100,2022-11-16,10,NEUTRAL,0.997691408157458
NIFTY_MIDCAP_100,2022-11-17,10,NEUTRAL,0.9967228134608819
NIFTY_MIDCAP_100,2022-11-18,10,NEUTRAL,0.5322405588129663
NIFTY_MIDCAP_100,2022-11-21,10,RISK_ON,0.5461899587728248
NIFTY_MIDCAP_100,2022-11-22,10,NEUTRAL,0.9004479140702424
NIFTY_MIDCAP_100,2022-11-23,10,NEUTRAL,0.9964883810682749
NIFTY_MIDCAP_100,2022-11-24,10,NEUTRAL,0.9965911242246558
NIFTY_MIDCAP_100,2022-11-25,10,NEUTRAL,0.9967792884886287
NIFTY_MIDCAP_100,2022-11-28,10,NEUTRAL,0.997763279956246
NIFTY_MIDCAP_100,2022-11-29,10,NEUTRAL,0.9967337685368615
NIFTY_MIDCAP_100,2022-11-30,10,NEUTRAL,0.789527802702168
NIFTY_MIDCAP_100,2022-12-01,10,NEUTRAL,0.9936761078214434
NIFTY_MIDCAP_100,2022-12-02,10,NEUTRAL,0.9964731574300737
NIFTY_MIDCAP_100,2022-12-05,10,NEUTRAL,0.9983541112315397
NIFTY_MIDCAP_100,2022-12-06,10,NEUTRAL,0.9972049559431913
NIFTY_MIDCAP_100,2022-12-07,10,NEUTRAL,0.9952356164373539
NIFTY_MIDCAP_100,2022-12-08,10,NEUTRAL,0.9915599547539905
NIFTY_MIDCAP_100,2022-12-09,10,NEUTRAL,0.5428150933888398
NIFTY_MIDCAP_100,2022-12-12,10,RISK_OFF,0.6761224190824873
NIFTY_MIDCAP_100,2022-12-13,10,RISK_OFF,0.995924539615843
NIFTY_MIDCAP_100,2022-12-14,10,RISK_OFF,0.9868454296928354
NIFTY_MIDCAP_100,2022-12-15,10,RISK_OFF,0.9918249541816117
NIFTY_MIDCAP_100,2022-12-16,10,RISK_OFF,0.9818337847622909
NIFTY_MIDCAP_100,2022-12-19,10,NEUTRAL,0.6183374075199937
NIFTY_MIDCAP_100,2022-12-20,10,NEUTRAL,0.9896167176479235
NIFTY_MIDCAP_100,2022-12-21,10,NEUTRAL,0.5551611495001826
NIFTY_MIDCAP_100,2022-12-22,10,RISK_OFF,0.6001157391850606
NIFTY_MIDCAP_100,2022-12-23,10,RISK_OFF,0.9869173257360693
NIFTY_MIDCAP_100,2022-12-26,10,RISK_OFF,0.5961105837478469
NIFTY_MIDCAP_100,2022-12-27,10,RISK_OFF,0.9932920173498792
NIFTY_MIDCAP_100,2022-12-28,10,RISK_OFF,0.9917878730841367
NIFTY_MIDCAP_100,2022-12-29,10,RISK_OFF,0.9948617247635622
NIFTY_MIDCAP_100,2022-12-30,10,RISK_OFF,0.9913820405377495
NIFTY_MIDCAP_100,2023-01-02,10,RISK_OFF,0.9900175607895085
NIFTY_MIDCAP_100,2023-01-03,10,RISK_OFF,0.9936504143709507
NIFTY_MIDCAP_100,2023-01-04,10,RISK_OFF,0.9959022833208131
NIFTY_MIDCAP_100,2023-01-05,10,RISK_OFF,0.994650749681539
NIFTY_MIDCAP_100,2023-01-06,10,RISK_OFF,0.9947548001144588
NIFTY_MIDCAP_100,2023-01-09,10,RISK_OFF,0.9916628082604514
NIFTY_MIDCAP_100,2023-01-10,10,RISK_OFF,0.9925955168952937
NIFTY_MIDCAP_100,2023-01-11,10,RISK_OFF,0.9960069379585059
NIFTY_MIDCAP_100,2023-01-12,10,RISK_OFF,0.9942677378767499
NIFTY_MIDCAP_100,2023-01-13,10,STRONG_RISK_OFF,0.4968004902725247
NIFTY_MIDCAP_100,2023-01-16,10,RISK_OFF,0.848242446527012
NIFTY_MIDCAP_100,2023-01-17,10,RISK_OFF,0.9908472080180054
NIFTY_MIDCAP_100,2023-01-18,10,STRONG_RISK_OFF,0.7102440704202417
NIFTY_MIDCAP_100,2023-01-19,10,STRONG_RISK_OFF,0.9894526492633419
NIFTY_MIDCAP_100,2023-01-20,10,RISK_OFF,0.9362797284801965
NIFTY_MIDCAP_100,2023-01-23,10,RISK_OFF,0.9926071754326565
NIFTY_MIDCAP_100,2023-01-24,10,RISK_OFF,0.9910964090790803
NIFTY_MIDCAP_100,2023-01-25,10,RISK_OFF,0.9919539303991332
NIFTY_MIDCAP_100,2023-01-27,10,RISK_OFF,0.9938095736488352
NIFTY_MIDCAP_100,2023-01-30,10,RISK_OFF,0.9868510708426163
NIFTY_MIDCAP_100,2023-01-31,10,STRONG_RISK_OFF,0.536666954378324
NIFTY_MIDCAP_100,2023-02-01,10,RISK_OFF,0.8762301898219977
NIFTY_MIDCAP_100,2023-02-02,10,RISK_OFF,0.993630046958643
NIFTY_MIDCAP_100,2023-02-03,10,RISK_OFF,0.9917692595373833
NIFTY_MIDCAP_100,2023-02-06,10,RISK_OFF,0.9898805316232685
NIFTY_MIDCAP_100,2023-02-07,10,RISK_OFF,0.9872818962742158
NIFTY_MIDCAP_100,2023-02-08,10,STRONG_RISK_OFF,0.6805726923755113
NIFTY_MIDCAP_100,2023-02-09,10,STRONG_RISK_OFF,0.9964608174707594
NIFTY_MIDCAP_100,2023-02-10,10,STRONG_RISK_OFF,0.9965999830388179
NIFTY_MIDCAP_100,2023-02-13,10,STRONG_RISK_OFF,0.9931696980255733
NIFTY_MIDCAP_100,2023-02-14,10,STRONG_RISK_OFF,0.9919533725032659
NIFTY_MIDCAP_100,2023-02-15,10,RISK_OFF,0.8240113998398029
NIFTY_MIDCAP_100,2023-02-16,10,RISK_OFF,0.9801676603189075
NIFTY_MIDCAP_100,2023-02-17,10,RISK_OFF,0.9761966425261598
NIFTY_MIDCAP_100,2023-02-20,10,RISK_OFF,0.5886923330395023
NIFTY_MIDCAP_100,2023-02-21,10,RISK_OFF,0.5561818181176176
NIFTY_MIDCAP_100,2023-02-22,10,RISK_OFF,0.5322180951295086
NIFTY_MIDCAP_100,2023-02-23,10,RISK_OFF,0.9815285679734441
NIFTY_MIDCAP_100,2023-02-24,10,RISK_OFF,0.9874194191938476
NIFTY_MIDCAP_100,2023-02-27,10,RISK_OFF,0.9957015694685354
NIFTY_MIDCAP_100,2023-02-28,10,RISK_OFF,0.9918800865009004
NIFTY_MIDCAP_100,2023-03-01,10,RISK_OFF,0.9941203041236439
NIFTY_MIDCAP_100,2023-03-02,10,RISK_OFF,0.9932793310480533
NIFTY_MIDCAP_100,2023-03-03,10,RISK_OFF,0.9932646554938102
NIFTY_MIDCAP_100,2023-03-06,10,RISK_OFF,0.9917659632460527
NIFTY_MIDCAP_100,2023-03-08,10,RISK_OFF,0.9908974238665836
NIFTY_MIDCAP_100,2023-03-09,10,RISK_OFF,0.9870309218912909
NIFTY_MIDCAP_100,2023-03-10,10,STRONG_RISK_OFF,0.7286690352821882
NIFTY_MIDCAP_100,2023-03-13,10,STRONG_RISK_OFF,0.995165209368657
NIFTY_MIDCAP_100,2023-03-14,10,STRONG_RISK_OFF,0.9928421053414775
NIFTY_MIDCAP_100,2023-03-15,10,RISK_OFF,0.7243762953704761
NIFTY_MIDCAP_100,2023-03-16,10,STRONG_RISK_OFF,0.6941070133419365
NIFTY_MIDCAP_100,2023-03-17,10,STRONG_RISK_OFF,0.9879533771902178
NIFTY_MIDCAP_100,2023-03-20,10,STRONG_RISK_OFF,0.9976992916241167
NIFTY_MIDCAP_100,2023-03-21,10,STRONG_RISK_OFF,0.9911089883026046
NIFTY_MIDCAP_100,2023-03-22,10,RISK_OFF,0.8516708681196019
NIFTY_MIDCAP_100,2023-03-23,10,RISK_OFF,0.9853259226990283
NIFTY_MIDCAP_100,2023-03-24,10,RISK_OFF,0.9865386221537961
NIFTY_MIDCAP_100,2023-03-27,10,NEUTRAL,0.6634728874149641
NIFTY_MIDCAP_100,2023-03-28,10,NEUTRAL,0.9903866418436179
NIFTY_MIDCAP_100,2023-03-29,10,NEUTRAL,0.9928727962369579
NIFTY_MIDCAP_100,2023-03-31,10,NEUTRAL,0.9969553798722829
NIFTY_MIDCAP_100,2023-04-03,10,NEUTRAL,0.9954706513728564
NIFTY_MIDCAP_100,2023-04-05,10,NEUTRAL,0.9968934873919284
NIFTY_MIDCAP_100,2023-04-06,10,NEUTRAL,0.9969447585455397
NIFTY_MIDCAP_100,2023-04-10,10,NEUTRAL,0.9971763410221346
NIFTY_MIDCAP_100,2023-04-11,10,NEUTRAL,0.9984197779672959
NIFTY_MIDCAP_100,2023-04-12,10,NEUTRAL,0.998427952999552
NIFTY_MIDCAP_100,2023-04-13,10,NEUTRAL,0.9986022609651849
NIFTY_MIDCAP_100,2023-04-17,10,NEUTRAL,0.9985606791168549
NIFTY_MIDCAP_100,2023-04-18,10,NEUTRAL,0.9986401724369063
NIFTY_MIDCAP_100,2023-04-19,10,NEUTRAL,0.9987262586446128
NIFTY_MIDCAP_100,2023-04-20,10,NEUTRAL,0.998351673656433
NIFTY_MIDCAP_100,2023-04-21,10,NEUTRAL,0.9976871825028434
NIFTY_MIDCAP_100,2023-04-24,10,NEUTRAL,0.9989453697421671
NIFTY_MIDCAP_100,2023-04-25,10,NEUTRAL,0.9984737792526585
NIFTY_MIDCAP_100,2023-04-26,10,NEUTRAL,0.9991349660331509
NIFTY_MIDCAP_100,2023-04-27,10,NEUTRAL,0.998709454286685
NIFTY_MIDCAP_100,2023-04-28,10,NEUTRAL,0.998811897772699
NIFTY_MIDCAP_100,2023-05-02,10,NEUTRAL,0.9979541169807223
NIFTY_MIDCAP_100,2023-05-03,10,NEUTRAL,0.9988923651884558
NIFTY_MIDCAP_100,2023-05-04,10,NEUTRAL,0.9986323032191866
NIFTY_MIDCAP_100,2023-05-05,10,NEUTRAL,0.9988058347964403
NIFTY_MIDCAP_100,2023-05-08,10,NEUTRAL,0.9959968978639285
NIFTY_MIDCAP_100,2023-05-09,10,NEUTRAL,0.9982352930321464
NIFTY_MIDCAP_100,2023-05-10,10,NEUTRAL,0.9966646578746662
NIFTY_MIDCAP_100,2023-05-11,10,NEUTRAL,0.9952053716390682
NIFTY_MIDCAP_100,2023-05-12,10,RISK_ON,0.6861068930988307
NIFTY_MIDCAP_100,2023-05-15,10,RISK_ON,0.9935684082068571
NIFTY_MIDCAP_100,2023-05-16,10,RISK_ON,0.9969404049909997
NIFTY_MIDCAP_100,2023-05-17,10,RISK_ON,0.9955594174059927
NIFTY_MIDCAP_100,2023-05-18,10,RISK_ON,0.9952597478110218
NIFTY_MIDCAP_100,2023-05-19,10,RISK_ON,0.995024281994665
NIFTY_MIDCAP_100,2023-05-22,10,RISK_ON,0.9962570060163395
NIFTY_MIDCAP_100,2023-05-23,10,RISK_ON,0.9965078521587886
NIFTY_MIDCAP_100,2023-05-24,10,RISK_ON,0.9942884598072349
NIFTY_MIDCAP_100,2023-05-25,10,RISK_ON,0.9974525708855532
NIFTY_MIDCAP_100,2023-05-26,10,RISK_ON,0.9984688052080256
NIFTY_MIDCAP_100,2023-05-29,10,RISK_ON,0.9978595748089056
NIFTY_MIDCAP_100,2023-05-30,10,RISK_ON,0.997528015336114
NIFTY_MIDCAP_100,2023-05-31,10,RISK_ON,0.9963539035762605
NIFTY_MIDCAP_100,2023-06-01,10,RISK_ON,0.9957916519310536
NIFTY_MIDCAP_100,2023-06-02,10,STRONG_RISK_ON,0.7518961370423893
NIFTY_MIDCAP_100,2023-06-05,10,STRONG_RISK_ON,0.9928430644749981
NIFTY_MIDCAP_100,2023-06-06,10,STRONG_RISK_ON,0.9856638523421328
NIFTY_MIDCAP_100,2023-06-07,10,RISK_ON,0.979113033355172
NIFTY_MIDCAP_100,2023-06-08,10,RISK_ON,0.9955139705389743
NIFTY_MIDCAP_100,2023-06-09,10,RISK_ON,0.9964860488946388
NIFTY_MIDCAP_100,2023-06-12,10,RISK_ON,0.997363752258673
NIFTY_MIDCAP_100,2023-06-13,10,RISK_ON,0.9981460079753102
NIFTY_MIDCAP_100,2023-06-14,10,RISK_ON,0.9984235782307866
NIFTY_MIDCAP_100,2023-06-15,10,RISK_ON,0.9980818946116898
NIFTY_MIDCAP_100,2023-06-19,10,RISK_ON,0.9956588111162991
NIFTY_MIDCAP_100,2023-06-20,10,RISK_ON,0.9958178644689802
NIFTY_MIDCAP_100,2023-06-21,10,RISK_ON,0.9939111140694887
NIFTY_MIDCAP_100,2023-06-22,10,STRONG_RISK_ON,0.5907380232223105
NIFTY_MIDCAP_100,2023-06-23,10,RISK_ON,0.7816459566901158
NIFTY_MIDCAP_100,2023-06-26,10,STRONG_RISK_ON,0.7285288218381205
NIFTY_MIDCAP_100,2023-06-27,10,STRONG_RISK_ON,0.995273783913474
NIFTY_MIDCAP_100,2023-06-28,10,STRONG_RISK_ON,0.9935898450124404
NIFTY_MIDCAP_100,2023-06-30,10,STRONG_RISK_ON,0.9827118254801281
NIFTY_MIDCAP_100,2023-07-04,10,STRONG_RISK_ON,0.9966180748763267
NIFTY_MIDCAP_100,2023-07-07,10,STRONG_RISK_ON,0.9892438671856081
NIFTY_MIDCAP_100,2023-07-10,10,RISK_ON,0.7766169173865208
NIFTY_MIDCAP_100,2023-07-11,10,RISK_ON,0.9970673550144761
NIFTY_MIDCAP_100,2023-07-12,10,RISK_ON,0.9955544247174469
NIFTY_MIDCAP_100,2023-07-13,10,RISK_ON,0.997578186123207
NIFTY_MIDCAP_100,2023-07-14,10,RISK_ON,0.9946903243152552
NIFTY_MIDCAP_100,2023-07-17,10,RISK_ON,0.9919505037962455
NIFTY_MIDCAP_100,2023-07-18,10,RISK_ON,0.5849256047784482
NIFTY_MIDCAP_100,2023-07-19,10,RISK_ON,0.9897377132889
NIFTY_MIDCAP_100,2023-07-20,10,RISK_ON,0.9859964171821343
NIFTY_MIDCAP_100,2023-07-21,10,STRONG_RISK_ON,0.6898431545138135
NIFTY_MIDCAP_100,2023-07-24,10,STRONG_RISK_ON,0.9946942648192075
NIFTY_MIDCAP_100,2023-07-25,10,STRONG_RISK_ON,0.9951764449945122
NIFTY_MIDCAP_100,2023-07-26,10,STRONG_RISK_ON,0.9926134689638271
NIFTY_MIDCAP_100,2023-07-27,10,RISK_ON,0.6608601284269642
NIFTY_MIDCAP_100,2023-07-28,10,STRONG_RISK_ON,0.7789986566841971
NIFTY_MIDCAP_100,2023-07-31,10,STRONG_RISK_ON,0.9902873938604525
NIFTY_MIDCAP_100,2023-08-01,10,STRONG_RISK_ON,0.9921179964654365
NIFTY_MIDCAP_100,2023-08-02,10,STRONG_RISK_ON,0.988825086998318
NIFTY_MIDCAP_100,2023-08-03,10,RISK_ON,0.7053338090997858
NIFTY_MIDCAP_100,2023-08-04,10,STRONG_RISK_ON,0.8215139832906095
NIFTY_MIDCAP_100,2023-08-07,10,STRONG_RISK_ON,0.9955388027282058
NIFTY_MIDCAP_100,2023-08-08,10,STRONG_RISK_ON,0.9959936298018444
NIFTY_MIDCAP_100,2023-08-09,10,STRONG_RISK_ON,0.99329105377326
NIFTY_MIDCAP_100,2023-08-10,10,STRONG_RISK_ON,0.9851896191474893
NIFTY_MIDCAP_100,2023-08-11,10,STRONG_RISK_ON,0.9916582066565743
NIFTY_MIDCAP_100,2023-08-14,10,RISK_ON,0.8474750078229749
NIFTY_MIDCAP_100,2023-08-16,10,RISK_ON,0.9941654960575713
NIFTY_MIDCAP_100,2023-08-17,10,RISK_ON,0.9941038532307365
NIFTY_MIDCAP_100,2023-08-18,10,RISK_ON,0.9923602711229195
NIFTY_MIDCAP_100,2023-08-21,10,STRONG_RISK_ON,0.6867622126985019
NIFTY_MIDCAP_100,2023-08-22,10,STRONG_RISK_ON,0.993602345333664
NIFTY_MIDCAP_100,2023-08-23,10,STRONG_RISK_ON,0.9922899108648506
NIFTY_MIDCAP_100,2023-08-24,10,STRONG_RISK_ON,0.9923954839578415
NIFTY_MIDCAP_100,2023-08-25,10,RISK_ON,0.8533461532789217
NIFTY_MIDCAP_100,2023-08-28,10,RISK_ON,0.9945484109440549
NIFTY_MIDCAP_100,2023-08-29,10,RISK_ON,0.9946306634044028
NIFTY_MIDCAP_100,2023-08-30,10,RISK_ON,0.9938375708696585
NIFTY_MIDCAP_100,2023-08-31,10,RISK_ON,0.9953561627835927
NIFTY_MIDCAP_100,2023-09-01,10,RISK_ON,0.9964830320059624
NIFTY_MIDCAP_100,2023-09-04,10,RISK_ON,0.9955366567607548
NIFTY_MIDCAP_100,2023-09-13,10,NEUTRAL,0.629844730460239
NIFTY_MIDCAP_100,2023-09-14,10,RISK_ON,0.6152378451506835
NIFTY_MIDCAP_100,2023-09-15,10,RISK_ON,0.9913731214487062
NIFTY_MIDCAP_100,2023-09-18,10,NEUTRAL,0.7166834598832794
NIFTY_MIDCAP_100,2023-09-20,10,NEUTRAL,0.9965649283189387
NIFTY_MIDCAP_100,2023-09-21,10,NEUTRAL,0.9974463122146879
NIFTY_MIDCAP_100,2023-09-22,10,NEUTRAL,0.9966615210423408
NIFTY_MIDCAP_100,2023-09-25,10,NEUTRAL,0.9971974699483025
NIFTY_MIDCAP_100,2023-09-26,10,NEUTRAL,0.9959693744757389
NIFTY_MIDCAP_100,2023-09-27,10,NEUTRAL,0.9920361875350403
NIFTY_MIDCAP_100,2023-09-28,10,NEUTRAL,0.9978421025185352
NIFTY_MIDCAP_100,2023-09-29,10,NEUTRAL,0.9909718432500119
NIFTY_MIDCAP_100,2023-10-03,10,NEUTRAL,0.7824859199167797
NIFTY_MIDCAP_100,2023-10-04,10,NEUTRAL,0.9982341927123047
NIFTY_MIDCAP_100,2023-10-05,10,NEUTRAL,0.9974275706119546
NIFTY_MIDCAP_100,2023-10-06,10,NEUTRAL,0.9955655912270203
NIFTY_MIDCAP_100,2023-10-09,10,NEUTRAL,0.6933940879451197
NIFTY_MIDCAP_100,2023-10-10,10,NEUTRAL,0.9879603209250526
NIFTY_MIDCAP_100,2023-10-11,10,RISK_OFF,0.5629986725806448
NIFTY_MIDCAP_100,2023-10-12,10,RISK_OFF,0.9885305115711291
NIFTY_MIDCAP_100,2023-10-13,10,RISK_OFF,0.9743763856576798
NIFTY_MIDCAP_100,2023-10-16,10,RISK_OFF,0.9920040574756549
NIFTY_MIDCAP_100,2023-10-17,10,RISK_OFF,0.9863647705581381
NIFTY_MIDCAP_100,2023-10-18,10,NEUTRAL,0.820932623291237
NIFTY_MIDCAP_100,2023-10-19,10,NEUTRAL,0.9953741426744425
NIFTY_MIDCAP_100,2023-10-20,10,NEUTRAL,0.9936845621953905
NIFTY_MIDCAP_100,2023-10-23,10,NEUTRAL,0.9958425085198115
NIFTY_MIDCAP_100,2023-10-25,10,NEUTRAL,0.995676539415886
NIFTY_MIDCAP_100,2023-10-26,10,NEUTRAL,0.9980542888722568
NIFTY_MIDCAP_100,2023-10-27,10,NEUTRAL,0.99547059573939
NIFTY_MIDCAP_100,2023-10-30,10,NEUTRAL,0.996450799733469
NIFTY_MIDCAP_100,2023-10-31,10,NEUTRAL,0.993507521678287
NIFTY_MIDCAP_100,2023-11-01,10,NEUTRAL,0.5505142736911216
NIFTY_MIDCAP_100,2023-11-02,10,RISK_ON,0.5902479111719419
NIFTY_MIDCAP_100,2023-11-03,10,RISK_ON,0.9960372700473626
NIFTY_MIDCAP_100,2023-11-06,10,RISK_ON,0.9900693443734985
NIFTY_MIDCAP_100,2023-11-07,10,RISK_ON,0.9861433444412275
NIFTY_MIDCAP_100,2023-11-08,10,RISK_ON,0.9878890783619245
NIFTY_MIDCAP_100,2023-11-09,10,RISK_ON,0.992443734980127
NIFTY_MIDCAP_100,2023-11-10,10,RISK_ON,0.9945895441972256
NIFTY_MIDCAP_100,2023-11-13,10,RISK_ON,0.9873202573226564
NIFTY_MIDCAP_100,2023-11-15,10,STRONG_RISK_ON,0.7294548304052426
NIFTY_MIDCAP_100,2023-11-16,10,STRONG_RISK_ON,0.9961510444155528
NIFTY_MIDCAP_100,2023-11-17,10,STRONG_RISK_ON,0.9979922409925535
NIFTY_MIDCAP_100,2023-11-20,10,STRONG_RISK_ON,0.9978468116631443
NIFTY_MIDCAP_100,2023-11-21,10,STRONG_RISK_ON,0.9977405006376122
NIFTY_MIDCAP_100,2023-11-22,10,STRONG_RISK_ON,0.9985528800901857
NIFTY_MIDCAP_100,2023-11-23,10,STRONG_RISK_ON,0.9980963492209496
NIFTY_MIDCAP_100,2023-11-24,10,STRONG_RISK_ON,0.998251977545148
NIFTY_MIDCAP_100,2023-11-28,10,STRONG_RISK_ON,0.9988382415908595
NIFTY_MIDCAP_100,2023-11-29,10,STRONG_RISK_ON,0.9974944466409266
NIFTY_MIDCAP_100,2023-12-05,10,STRONG_RISK_ON,0.9984864488564295
NIFTY_MIDCAP_100,2023-12-06,10,STRONG_RISK_ON,0.9967598943413642
NIFTY_MIDCAP_100,2023-12-07,10,STRONG_RISK_ON,0.9991467363037286
NIFTY_MIDCAP_100,2023-12-08,10,STRONG_RISK_ON,0.9987862264301782
NIFTY_MIDCAP_100,2023-12-11,10,STRONG_RISK_ON,0.9975675714614892
NIFTY_MIDCAP_100,2023-12-12,10,STRONG_RISK_ON,0.9981922242573901
NIFTY_MIDCAP_100,2023-12-13,10,STRONG_RISK_ON,0.9982564946359856
NIFTY_MIDCAP_100,2023-12-14,10,STRONG_RISK_ON,0.9967925715268974
NIFTY_MIDCAP_100,2023-12-18,10,STRONG_RISK_ON,0.9962777689686146
NIFTY_MIDCAP_100,2023-12-19,10,STRONG_RISK_ON,0.9987903406407231
NIFTY_MIDCAP_100,2023-12-20,10,STRONG_RISK_ON,0.9985639241425166
NIFTY_MIDCAP_100,2023-12-21,10,STRONG_RISK_ON,0.9975574969009389
NIFTY_MIDCAP_100,2023-12-22,10,STRONG_RISK_ON,0.9964488789348621
NIFTY_MIDCAP_100,2023-12-26,10,STRONG_RISK_ON,0.9962392753426003
NIFTY_MIDCAP_100,2023-12-27,10,STRONG_RISK_ON,0.9989172102125317
NIFTY_MIDCAP_100,2023-12-28,10,STRONG_RISK_ON,0.9969858145965418
NIFTY_MIDCAP_100,2023-12-29,10,STRONG_RISK_ON,0.9972475716057717
NIFTY_MIDCAP_100,2024-01-01,10,STRONG_RISK_ON,0.9980597670577522
NIFTY_MIDCAP_100,2024-01-02,10,STRONG_RISK_ON,0.9953059080563529
NIFTY_MIDCAP_100,2024-01-03,10,STRONG_RISK_ON,0.9972038751347728
NIFTY_MIDCAP_100,2024-01-04,10,RISK_ON,0.7312497591063838
NIFTY_MIDCAP_100,2024-01-05,10,STRONG_RISK_ON,0.5037334415835683
NIFTY_MIDCAP_100,2024-01-08,10,RISK_ON,0.7693784913559157
NIFTY_MIDCAP_100,2024-01-09,10,RISK_ON,0.9941350527900025
NIFTY_MIDCAP_100,2024-01-10,10,RISK_ON,0.9935225857296744
NIFTY_MIDCAP_100,2024-01-11,10,STRONG_RISK_ON,0.5836830393442691
NIFTY_MIDCAP_100,2024-01-12,10,RISK_ON,0.7178111468219686
NIFTY_MIDCAP_100,2024-01-15,10,STRONG_RISK_ON,0.7401352468160455
NIFTY_MIDCAP_100,2024-01-16,10,STRONG_RISK_ON,0.9914804383039685
NIFTY_MIDCAP_100,2024-01-17,10,STRONG_RISK_ON,0.994887509131672
NIFTY_MIDCAP_100,2024-01-18,10,STRONG_RISK_ON,0.9922340219221409
NIFTY_MIDCAP_100,2024-01-19,10,STRONG_RISK_ON,0.9908426334936795
NIFTY_MIDCAP_100,2024-01-23,10,RISK_ON,0.7653336829978087
NIFTY_MIDCAP_100,2024-01-24,10,STRONG_RISK_ON,0.5505870916440677
NIFTY_MIDCAP_100,2024-01-25,10,RISK_ON,0.9367037455410535
NIFTY_MIDCAP_100,2024-01-29,10,RISK_ON,0.9976746077188853
NIFTY_MIDCAP_100,2024-01-30,10,RISK_ON,0.9891802459653971
NIFTY_MIDCAP_100,2024-01-31,10,RISK_ON,0.9987464938066081
NIFTY_MIDCAP_100,2024-02-01,10,RISK_ON,0.9985097925813294
NIFTY_MIDCAP_100,2024-02-02,10,RISK_ON,0.997995088947773
NIFTY_MIDCAP_100,2024-02-05,10,RISK_ON,0.9985851063389157
NIFTY_MIDCAP_100,2024-02-06,10,RISK_ON,0.9982372949284087
NIFTY_MIDCAP_100,2024-02-07,10,RISK_ON,0.995498530597314
NIFTY_MIDCAP_100,2024-02-08,10,RISK_ON,0.9973151534232427
NIFTY_MIDCAP_100,2024-02-09,10,RISK_ON,0.9968462446841289
NIFTY_MIDCAP_100,2024-02-12,10,RISK_ON,0.9934939722608852
NIFTY_MIDCAP_100,2024-02-13,10,RISK_ON,0.9834376647634858
NIFTY_MIDCAP_100,2024-02-14,10,NEUTRAL,0.7134389336011318
NIFTY_MIDCAP_100,2024-02-15,10,NEUTRAL,0.9894616678204864
NIFTY_MIDCAP_100,2024-02-16,10,NEUTRAL,0.5136434001504978
NIFTY_MIDCAP_100,2024-02-19,10,RISK_ON,0.7303470610864815
NIFTY_MIDCAP_100,2024-02-20,10,RISK_ON,0.9915183128603826
NIFTY_MIDCAP_100,2024-02-21,10,NEUTRAL,0.6993760856335247
NIFTY_MIDCAP_100,2024-02-22,10,NEUTRAL,0.9938132857385911
NIFTY_MIDCAP_100,2024-02-23,10,NEUTRAL,0.9923073133407954
NIFTY_MIDCAP_100,2024-02-26,10,NEUTRAL,0.991504182128165
NIFTY_MIDCAP_100,2024-02-27,10,NEUTRAL,0.6630123379536853
NIFTY_MIDCAP_100,2024-02-28,10,NEUTRAL,0.9955230507398033
NIFTY_MIDCAP_100,2024-02-29,10,NEUTRAL,0.9957268078052096
NIFTY_MIDCAP_100,2024-03-01,10,NEUTRAL,0.9938724315173274
NIFTY_MIDCAP_100,2024-03-04,10,NEUTRAL,0.6367627739767414
NIFTY_MIDCAP_100,2024-03-05,10,NEUTRAL,0.5553008484197283
NIFTY_MIDCAP_100,2024-03-06,10,NEUTRAL,0.9939954317083344
NIFTY_MIDCAP_100,2024-03-07,10,NEUTRAL,0.9930551845189782
NIFTY_MIDCAP_100,2024-03-11,10,NEUTRAL,0.9924743613538856
NIFTY_MIDCAP_100,2024-03-12,10,NEUTRAL,0.9942655780832204
NIFTY_MIDCAP_100,2024-03-13,10,NEUTRAL,0.9977640262592842
NIFTY_MIDCAP_100,2024-03-14,10,NEUTRAL,0.9984737576783309
NIFTY_MIDCAP_100,2024-03-15,10,NEUTRAL,0.9977338054442545
NIFTY_MIDCAP_100,2024-03-18,10,NEUTRAL,0.9966217912152957
NIFTY_MIDCAP_100,2024-03-19,10,NEUTRAL,0.9973976324817634
NIFTY_MIDCAP_100,2024-03-20,10,NEUTRAL,0.5288184079368783
NIFTY_MIDCAP_100,2024-03-21,10,RISK_ON,0.5312734511629442
NIFTY_MIDCAP_100,2024-03-22,10,RISK_ON,0.9927532224783855
NIFTY_MIDCAP_100,2024-03-26,10,RISK_ON,0.9914493113998778
NIFTY_MIDCAP_100,2024-03-27,10,RISK_ON,0.9843662104347027
NIFTY_MIDCAP_100,2024-03-28,10,NEUTRAL,0.6403662030380467
NIFTY_MIDCAP_100,2024-04-01,10,NEUTRAL,0.9920088320281311
NIFTY_MIDCAP_100,2024-04-02,10,NEUTRAL,0.9940597543950734
NIFTY_MIDCAP_100,2024-04-03,10,NEUTRAL,0.9926927551541206
NIFTY_MIDCAP_100,2024-04-04,10,NEUTRAL,0.9901285166258539
NIFTY_MIDCAP_100,2024-04-05,10,RISK_ON,0.5977023637071034
NIFTY_MIDCAP_100,2024-04-08,10,RISK_ON,0.991243883774282
NIFTY_MIDCAP_100,2024-04-09,10,RISK_ON,0.9893738050071754
NIFTY_MIDCAP_100,2024-04-10,10,RISK_ON,0.9941619754355816
NIFTY_MIDCAP_100,2024-04-12,10,RISK_ON,0.9906359098989256
NIFTY_MIDCAP_100,2024-04-15,10,RISK_ON,0.9901759410270949
NIFTY_MIDCAP_100,2024-04-16,10,RISK_ON,0.9768436732429941
NIFTY_MIDCAP_100,2024-04-18,10,RISK_ON,0.9709006228608672
NIFTY_MIDCAP_100,2024-04-19,10,RISK_ON,0.979056865361724
NIFTY_MIDCAP_100,2024-04-22,10,NEUTRAL,0.5095394924974681
NIFTY_MIDCAP_100,2024-04-23,10,NEUTRAL,0.9938590746030886
NIFTY_MIDCAP_100,2024-04-24,10,NEUTRAL,0.9954293441426584
NIFTY_MIDCAP_100,2024-04-25,10,NEUTRAL,0.9925653010554527
NIFTY_MIDCAP_100,2024-04-26,10,NEUTRAL,0.9916980962685419
NIFTY_MIDCAP_100,2024-04-29,10,NEUTRAL,0.5785123197167916
NIFTY_MIDCAP_100,2024-04-30,10,NEUTRAL,0.5317587041568436
NIFTY_MIDCAP_100,2024-05-02,10,RISK_ON,0.5496883553306212
NIFTY_MIDCAP_100,2024-05-03,10,STRONG_RISK_ON,0.61979014041659
NIFTY_MIDCAP_100,2024-05-06,10,STRONG_RISK_ON,0.9936156597801469
NIFTY_MIDCAP_100,2024-05-07,10,STRONG_RISK_ON,0.994262270422603
NIFTY_MIDCAP_100,2024-05-08,10,STRONG_RISK_ON,0.9923994732509912
NIFTY_MIDCAP_100,2024-05-09,10,STRONG_RISK_ON,0.9935210906979356
NIFTY_MIDCAP_100,2024-05-10,10,RISK_ON,0.9333029934806384
NIFTY_MIDCAP_100,2024-05-13,10,RISK_ON,0.9902478671175585
NIFTY_MIDCAP_100,2024-05-14,10,RISK_ON,0.9868428287847693
NIFTY_MIDCAP_100,2024-05-15,10,STRONG_RISK_ON,0.6182966723655496
NIFTY_MIDCAP_100,2024-05-16,10,RISK_ON,0.7562783030020244
NIFTY_MIDCAP_100,2024-05-17,10,STRONG_RISK_ON,0.5735452320161103
NIFTY_MIDCAP_100,2024-05-21,10,RISK_ON,0.9119200785400126
NIFTY_MIDCAP_100,2024-05-22,10,RISK_ON,0.6889763734981509
NIFTY_MIDCAP_100,2024-05-23,10,RISK_ON,0.9899813093490644
NIFTY_MIDCAP_100,2024-05-24,10,RISK_ON,0.9895493678340304
NIFTY_MIDCAP_100,2024-05-27,10,RISK_ON,0.9927465797187159
NIFTY_MIDCAP_100,2024-05-28,10,RISK_ON,0.9878131226760128
NIFTY_MIDCAP_100,2024-05-29,10,STRONG_RISK_ON,0.6705838235098421
NIFTY_MIDCAP_100,2024-05-30,10,STRONG_RISK_ON,0.9953304230195598
NIFTY_MIDCAP_100,2024-05-31,10,STRONG_RISK_ON,0.992236570144938
NIFTY_MIDCAP_100,2024-06-03,10,STRONG_RISK_ON,0.9891486658950505
NIFTY_MIDCAP_100,2024-06-04,10,STRONG_RISK_ON,0.985411217412359
NIFTY_MIDCAP_100,2024-06-05,10,STRONG_RISK_ON,0.9897487885667815
NIFTY_MIDCAP_100,2024-06-06,10,RISK_ON,0.7872438059910725
NIFTY_MIDCAP_100,2024-06-07,10,RISK_ON,0.9926592347211631
NIFTY_MIDCAP_100,2024-06-10,10,RISK_ON,0.9882798263337201
NIFTY_MIDCAP_100,2024-06-11,10,STRONG_RISK_ON,0.6112068836820272
NIFTY_MIDCAP_100,2024-06-12,10,RISK_ON,0.7872280833717292
NIFTY_MIDCAP_100,2024-06-13,10,STRONG_RISK_ON,0.684365779375463
NIFTY_MIDCAP_100,2024-06-20,10,STRONG_RISK_ON,0.9980329908385646
NIFTY_MIDCAP_100,2024-06-21,10,STRONG_RISK_ON,0.9989117287395107
NIFTY_MIDCAP_100,2024-06-24,10,STRONG_RISK_ON,0.9984096826612343
NIFTY_MIDCAP_100,2024-06-25,10,STRONG_RISK_ON,0.9979016928633863
NIFTY_MIDCAP_100,2024-06-26,10,STRONG_RISK_ON,0.9973143058623649
NIFTY_MIDCAP_100,2024-06-27,10,STRONG_RISK_ON,0.9990212691170833
NIFTY_MIDCAP_100,2024-06-28,10,STRONG_RISK_ON,0.9991171528924833
NIFTY_MIDCAP_100,2024-07-01,10,STRONG_RISK_ON,0.9957421155338658
NIFTY_MIDCAP_100,2024-07-02,10,STRONG_RISK_ON,0.9982520780557161
NIFTY_MIDCAP_100,2024-07-03,10,STRONG_RISK_ON,0.9884096510943791
NIFTY_MIDCAP_100,2024-07-04,10,RISK_ON,0.8239119359341938
NIFTY_MIDCAP_100,2024-07-05,10,RISK_ON,0.9932699934496854
NIFTY_MIDCAP_100,2024-07-08,10,RISK_ON,0.9912500265087137
NIFTY_MIDCAP_100,2024-07-09,10,STRONG_RISK_ON,0.5372922809141133
NIFTY_MIDCAP_100,2024-07-10,10,RISK_ON,0.7902900645125022
NIFTY_MIDCAP_100,2024-07-11,10,STRONG_RISK_ON,0.8151981991428167
NIFTY_MIDCAP_100,2024-07-12,10,STRONG_RISK_ON,0.9962777113896465
NIFTY_MIDCAP_100,2024-07-15,10,STRONG_RISK_ON,0.9954832296491009
NIFTY_MIDCAP_100,2024-07-16,10,STRONG_RISK_ON,0.9937136944716264
NIFTY_MIDCAP_100,2024-07-18,10,STRONG_RISK_ON,0.9882869566244952
NIFTY_MIDCAP_100,2024-07-19,10,STRONG_RISK_ON,0.9862710364743037
NIFTY_MIDCAP_100,2024-07-22,10,RISK_ON,0.826529585110302
NIFTY_MIDCAP_100,2024-07-23,10,RISK_ON,0.6104028054566472
NIFTY_MIDCAP_100,2024-07-24,10,RISK_ON,0.9930915077510053
NIFTY_MIDCAP_100,2024-07-25,10,RISK_ON,0.9887458743543475
NIFTY_MIDCAP_100,2024-07-26,10,RISK_ON,0.9943105849576946
NIFTY_MIDCAP_100,2024-07-29,10,RISK_ON,0.9972790179307146
NIFTY_MIDCAP_100,2024-07-30,10,RISK_ON,0.9968400377622596
NIFTY_MIDCAP_100,2024-07-31,10,RISK_ON,0.9964821403684744
NIFTY_MIDCAP_100,2024-08-01,10,RISK_ON,0.9970843756755718
NIFTY_MIDCAP_100,2024-08-02,10,RISK_ON,0.9923668920138533
NIFTY_MIDCAP_100,2024-08-05,10,RISK_ON,0.9777743077722891
NIFTY_MIDCAP_100,2024-08-06,10,STRONG_RISK_ON,0.7484611863200042
NIFTY_MIDCAP_100,2024-08-07,10,STRONG_RISK_ON,0.9937044287348825
NIFTY_MIDCAP_100,2024-08-08,10,STRONG_RISK_ON,0.9946271044124501
NIFTY_MIDCAP_100,2024-08-09,10,STRONG_RISK_ON,0.9965508962491058
NIFTY_MIDCAP_100,2024-08-12,10,STRONG_RISK_ON,0.9950611878995737
NIFTY_MIDCAP_100,2024-08-13,10,STRONG_RISK_ON,0.9973006049214465
NIFTY_MIDCAP_100,2024-08-14,10,STRONG_RISK_ON,0.9966928176706545
NIFTY_MIDCAP_100,2024-08-16,10,RISK_ON,0.8521480712878341
NIFTY_MIDCAP_100,2024-08-19,10,RISK_ON,0.9939195669539587
NIFTY_MIDCAP_100,2024-08-20,10,RISK_ON,0.9955582748454146
NIFTY_MIDCAP_100,2024-08-21,10,RISK_ON,0.991331314872353
NIFTY_MIDCAP_100,2024-08-22,10,RISK_ON,0.9930951143077705
NIFTY_MIDCAP_100,2024-08-23,10,NEUTRAL,0.5202795324423244
NIFTY_MIDCAP_100,2024-08-26,10,RISK_ON,0.6592901565973055
NIFTY_MIDCAP_100,2024-08-27,10,RISK_ON,0.9847289720974557
NIFTY_MIDCAP_100,2024-08-28,10,RISK_ON,0.5856181979498817
NIFTY_MIDCAP_100,2024-08-29,10,RISK_ON,0.9868204581100608
NIFTY_MIDCAP_100,2024-08-30,10,RISK_ON,0.9942160367905628
NIFTY_MIDCAP_100,2024-09-02,10,RISK_ON,0.9958258615373158
NIFTY_MIDCAP_100,2024-09-03,10,RISK_ON,0.9945250062638058
NIFTY_MIDCAP_100,2024-09-04,10,RISK_ON,0.9941461546288443
NIFTY_MIDCAP_100,2024-09-05,10,RISK_ON,0.9922130799297398
NIFTY_MIDCAP_100,2024-09-06,10,RISK_ON,0.9909008726828155
NIFTY_MIDCAP_100,2024-09-09,10,RISK_ON,0.9857708789962373
NIFTY_MIDCAP_100,2024-09-10,10,RISK_ON,0.9879096520607791
NIFTY_MIDCAP_100,2024-09-11,10,RISK_ON,0.9811041885732305
NIFTY_MIDCAP_100,2024-09-12,10,NEUTRAL,0.8201059040496578
NIFTY_MIDCAP_100,2024-09-13,10,NEUTRAL,0.9938728414881998
NIFTY_MIDCAP_100,2024-09-16,10,NEUTRAL,0.9983823463228316
NIFTY_MIDCAP_100,2024-09-17,10,NEUTRAL,0.9981374531227719
NIFTY_MIDCAP_100,2024-09-18,10,NEUTRAL,0.9989960008922967
NIFTY_MIDCAP_100,2024-09-19,10,NEUTRAL,0.9982221980134248
NIFTY_MIDCAP_100,2024-09-20,10,NEUTRAL,0.9984147823460253
NIFTY_MIDCAP_100,2024-09-25,10,NEUTRAL,0.9982725589219265
NIFTY_MIDCAP_100,2024-09-26,10,NEUTRAL,0.9987085516924216
NIFTY_MIDCAP_100,2024-09-27,10,NEUTRAL,0.9989624920159016
NIFTY_MIDCAP_100,2024-09-30,10,NEUTRAL,0.9985181761807584
NIFTY_MIDCAP_100,2024-10-01,10,NEUTRAL,0.9982644653014786
NIFTY_MIDCAP_100,2024-10-03,10,NEUTRAL,0.9967393972728819
NIFTY_MIDCAP_100,2024-10-04,10,NEUTRAL,0.9968495294929683
NIFTY_MIDCAP_100,2024-10-07,10,NEUTRAL,0.9947392258435168
NIFTY_MIDCAP_100,2024-10-08,10,RISK_OFF,0.6011149499803712
NIFTY_MIDCAP_100,2024-10-09,10,RISK_OFF,0.9904426178131738
NIFTY_MIDCAP_100,2024-10-10,10,RISK_OFF,0.9915615458992607
NIFTY_MIDCAP_100,2024-10-11,10,RISK_OFF,0.9940305400227336
NIFTY_MIDCAP_100,2024-10-14,10,RISK_OFF,0.9846813667576211
NIFTY_MIDCAP_100,2024-10-15,10,RISK_OFF,0.9916576055380292
NIFTY_MIDCAP_100,2024-10-16,10,RISK_OFF,0.5225951933122724
NIFTY_MIDCAP_100,2024-10-17,10,RISK_OFF,0.9962034272053955
NIFTY_MIDCAP_100,2024-10-18,10,RISK_OFF,0.9913025294962946
NIFTY_MIDCAP_100,2024-10-21,10,RISK_OFF,0.991008884252665
NIFTY_MIDCAP_100,2024-10-22,10,RISK_OFF,0.9928933706897068
NIFTY_MIDCAP_100,2024-10-23,10,RISK_OFF,0.9936935868975498
NIFTY_MIDCAP_100,2024-10-24,10,RISK_OFF,0.9910096959611369
NIFTY_MIDCAP_100,2024-10-25,10,RISK_OFF,0.9934131489710972
NIFTY_MIDCAP_100,2024-10-28,10,RISK_OFF,0.9936861456067153
NIFTY_MIDCAP_100,2024-10-29,10,RISK_OFF,0.9964874822055837
NIFTY_MIDCAP_100,2024-10-30,10,RISK_OFF,0.9954103367542806
NIFTY_MIDCAP_100,2024-10-31,10,RISK_OFF,0.9974276637993271
NIFTY_MIDCAP_100,2024-11-01,10,RISK_OFF,0.9974030097294541
NIFTY_MIDCAP_100,2024-11-04,10,RISK_OFF,0.9964965737618132
NIFTY_MIDCAP_100,2024-11-05,10,RISK_OFF,0.9961326231744994
NIFTY_MIDCAP_100,2024-11-06,10,RISK_OFF,0.9934197271870959
NIFTY_MIDCAP_100,2024-11-07,10,RISK_OFF,0.9942946985577843
NIFTY_MIDCAP_100,2024-11-08,10,RISK_OFF,0.9952183504620599
NIFTY_MIDCAP_100,2024-11-11,10,RISK_OFF,0.9912810324968312
NIFTY_MIDCAP_100,2024-11-12,10,NEUTRAL,0.53817054966568
NIFTY_MIDCAP_100,2024-11-13,10,NEUTRAL,0.6292569819490293
NIFTY_MIDCAP_100,2024-11-14,10,NEUTRAL,0.9928980295981479
NIFTY_MIDCAP_100,2024-11-18,10,NEUTRAL,0.9945874398956028
NIFTY_MIDCAP_100,2024-11-19,10,NEUTRAL,0.9942838360053663
NIFTY_MIDCAP_100,2024-11-21,10,NEUTRAL,0.9934769567929403
NIFTY_MIDCAP_100,2024-11-22,10,NEUTRAL,0.9915489957441871
NIFTY_MIDCAP_100,2024-11-25,10,NEUTRAL,0.9866077606481598
NIFTY_MIDCAP_100,2024-11-26,10,RISK_ON,0.5075303747991623
NIFTY_MIDCAP_100,2024-11-27,10,RISK_ON,0.9894956759312494
NIFTY_MIDCAP_100,2024-11-28,10,RISK_ON,0.9941220699829963
NIFTY_MIDCAP_100,2024-11-29,10,RISK_ON,0.9965799021709861
NIFTY_MIDCAP_100,2024-12-02,10,RISK_ON,0.9910972691786755
NIFTY_MIDCAP_100,2024-12-03,10,RISK_ON,0.9889417739317281
NIFTY_MIDCAP_100,2024-12-04,10,NEUTRAL,0.8275132795618624
NIFTY_MIDCAP_100,2024-12-05,10,NEUTRAL,0.9976886743119785
NIFTY_MIDCAP_100,2024-12-06,10,NEUTRAL,0.9969204265772663
NIFTY_MIDCAP_100,2024-12-09,10,NEUTRAL,0.9990259911235025
NIFTY_MIDCAP_100,2024-12-10,10,NEUTRAL,0.9993752658301593
NIFTY_MIDCAP_100,2024-12-11,10,NEUTRAL,0.9992701676668315
NIFTY_MIDCAP_100,2024-12-12,10,NEUTRAL,0.998944289572358
NIFTY_MIDCAP_100,2024-12-13,10,NEUTRAL,0.9984413203068914
NIFTY_MIDCAP_100,2024-12-16,10,NEUTRAL,0.9990364012402372
NIFTY_MIDCAP_100,2024-12-17,10,NEUTRAL,0.9985419163228186
NIFTY_MIDCAP_100,2024-12-18,10,NEUTRAL,0.9969011172089834
NIFTY_MIDCAP_100,2024-12-19,10,NEUTRAL,0.9970611809644128
NIFTY_MIDCAP_100,2024-12-20,10,NEUTRAL,0.9953553172713335
NIFTY_MIDCAP_100,2024-12-23,10,NEUTRAL,0.9920391770762544
NIFTY_MIDCAP_100,2024-12-24,10,NEUTRAL,0.9902195260592535
NIFTY_MIDCAP_100,2024-12-26,10,NEUTRAL,0.5693798819212451
NIFTY_MIDCAP_100,2024-12-27,10,NEUTRAL,0.5848006299689406
NIFTY_MIDCAP_100,2024-12-30,10,NEUTRAL,0.6511452670054905
NIFTY_MIDCAP_100,2024-12-31,10,NEUTRAL,0.7918513915981087
NIFTY_MIDCAP_100,2025-01-01,10,RISK_OFF,0.6098917779348204
NIFTY_MIDCAP_100,2025-01-02,10,RISK_OFF,0.9835631711600261
NIFTY_MIDCAP_100,2025-01-03,10,RISK_OFF,0.9850279214490715
NIFTY_MIDCAP_100,2025-01-06,10,STRONG_RISK_OFF,0.9093221004938027
NIFTY_MIDCAP_100,2025-01-07,10,STRONG_RISK_OFF,0.9960154981506429
NIFTY_MIDCAP_100,2025-01-08,10,STRONG_RISK_OFF,0.9989666519874363
NIFTY_MIDCAP_100,2025-01-09,10,STRONG_RISK_OFF,0.9984851717943009
NIFTY_MIDCAP_100,2025-01-10,10,STRONG_RISK_OFF,0.9993237678669116
NIFTY_MIDCAP_100,2025-01-14,10,STRONG_RISK_OFF,0.9995381273516651
NIFTY_MIDCAP_100,2025-01-15,10,STRONG_RISK_OFF,0.9996084067957222
NIFTY_MIDCAP_100,2025-01-16,10,STRONG_RISK_OFF,0.9995815986063604
NIFTY_MIDCAP_100,2025-01-17,10,STRONG_RISK_OFF,0.9994523286475421
NIFTY_MIDCAP_100,2025-01-20,10,STRONG_RISK_OFF,0.9982055462704937
NIFTY_MIDCAP_100,2025-01-21,10,STRONG_RISK_OFF,0.9995094885855523
NIFTY_MIDCAP_100,2025-01-22,10,STRONG_RISK_OFF,0.9994097333017893
NIFTY_MIDCAP_100,2025-01-23,10,STRONG_RISK_OFF,0.9993418392818636
NIFTY_MIDCAP_100,2025-01-24,10,STRONG_RISK_OFF,0.9992031442202896
NIFTY_MIDCAP_100,2025-01-29,10,STRONG_RISK_OFF,0.9967449926467066
NIFTY_MIDCAP_100,2025-01-30,10,STRONG_RISK_OFF,0.997548510397725
NIFTY_MIDCAP_100,2025-01-31,10,STRONG_RISK_OFF,0.9989456549186608
NIFTY_MIDCAP_100,2025-02-01,10,STRONG_RISK_OFF,0.9991289506991184
NIFTY_MIDCAP_100,2025-02-03,10,STRONG_RISK_OFF,0.9981982626212433
NIFTY_MIDCAP_100,2025-02-04,10,STRONG_RISK_OFF,0.9994423232405487
NIFTY_MIDCAP_100,2025-02-05,10,STRONG_RISK_OFF,0.9989275402230566
NIFTY_MIDCAP_100,2025-02-06,10,STRONG_RISK_OFF,0.9994846659753648
NIFTY_MIDCAP_100,2025-02-07,10,STRONG_RISK_OFF,0.9976602190127724
NIFTY_MIDCAP_100,2025-02-10,10,STRONG_RISK_OFF,0.9992025777378594
NIFTY_MIDCAP_100,2025-02-11,10,STRONG_RISK_OFF,0.9986349020029676
NIFTY_MIDCAP_100,2025-02-13,10,STRONG_RISK_OFF,0.9989801238079705
NIFTY_MIDCAP_100,2025-02-18,10,STRONG_RISK_OFF,0.9992666482389019
NIFTY_MIDCAP_100,2025-02-19,10,STRONG_RISK_OFF,0.998621261862805
NIFTY_MIDCAP_100,2025-02-20,10,STRONG_RISK_OFF,0.9969541268420037
NIFTY_MIDCAP_100,2025-02-21,10,STRONG_RISK_OFF,0.9981903336340178
NIFTY_MIDCAP_100,2025-02-24,10,STRONG_RISK_OFF,0.9983682028611671
NIFTY_MIDCAP_100,2025-02-25,10,STRONG_RISK_OFF,0.995769996968427
NIFTY_MIDCAP_100,2025-02-27,10,STRONG_RISK_OFF,0.9983145439928899
NIFTY_MIDCAP_100,2025-03-04,10,STRONG_RISK_OFF,0.9975390964032368
NIFTY_MIDCAP_100,2025-03-05,10,STRONG_RISK_OFF,0.9925555500137423
NIFTY_MIDCAP_100,2025-03-06,10,RISK_OFF,0.8470134052827272
NIFTY_MIDCAP_100,2025-03-07,10,RISK_OFF,0.9939996100714515
NIFTY_MIDCAP_100,2025-03-10,10,RISK_OFF,0.993992345374202
NIFTY_MIDCAP_100,2025-03-11,10,RISK_OFF,0.9960743408966442
NIFTY_MIDCAP_100,2025-03-12,10,RISK_OFF,0.9934120075743581
NIFTY_MIDCAP_100,2025-03-13,10,RISK_OFF,0.9913840619839508
NIFTY_MIDCAP_100,2025-03-17,10,RISK_OFF,0.5717286695350564
NIFTY_MIDCAP_100,2025-03-18,10,RISK_OFF,0.9925586153562209
NIFTY_MIDCAP_100,2025-03-19,10,RISK_OFF,0.9872339058317066
NIFTY_MIDCAP_100,2025-03-20,10,STRONG_RISK_OFF,0.6983248479825377
NIFTY_MIDCAP_100,2025-03-21,10,STRONG_RISK_OFF,0.9957339926563621
NIFTY_MIDCAP_100,2025-03-24,10,STRONG_RISK_OFF,0.9975665275366388
NIFTY_MIDCAP_100,2025-03-25,10,STRONG_RISK_OFF,0.9958026240513228
NIFTY_MIDCAP_100,2025-03-26,10,STRONG_RISK_OFF,0.9929109116085921
NIFTY_MIDCAP_100,2025-03-27,10,RISK_OFF,0.9904654186383175
NIFTY_MIDCAP_100,2025-03-28,10,RISK_OFF,0.9869074588374548
NIFTY_MIDCAP_100,2025-04-01,10,RISK_OFF,0.987305670469169
NIFTY_MIDCAP_100,2025-04-02,10,RISK_OFF,0.9892216063921521
NIFTY_MIDCAP_100,2025-04-03,10,RISK_OFF,0.9784735348147011
NIFTY_MIDCAP_100,2025-04-04,10,NEUTRAL,0.6868227535821806
NIFTY_MIDCAP_100,2025-04-07,10,NEUTRAL,0.9950742775260745
NIFTY_MIDCAP_100,2025-04-08,10,NEUTRAL,0.9973410387288043
NIFTY_MIDCAP_100,2025-04-09,10,NEUTRAL,0.9973637729446557
NIFTY_MIDCAP_100,2025-04-11,10,NEUTRAL,0.9913447286346447
NIFTY_MIDCAP_100,2025-04-15,10,NEUTRAL,0.5191920006451949
NIFTY_MIDCAP_100,2025-04-16,10,NEUTRAL,0.5854411865944807
NIFTY_MIDCAP_100,2025-04-17,10,NEUTRAL,0.9912566512561374
NIFTY_MIDCAP_100,2025-04-21,10,NEUTRAL,0.9899952770582774
NIFTY_MIDCAP_100,2025-04-22,10,RISK_OFF,0.5461304529968363
NIFTY_MIDCAP_100,2025-04-23,10,RISK_OFF,0.990487166016273
NIFTY_MIDCAP_100,2025-04-24,10,RISK_OFF,0.9846565735652602
NIFTY_MIDCAP_100,2025-04-25,10,NEUTRAL,0.9024989606694785
NIFTY_MIDCAP_100,2025-04-28,10,NEUTRAL,0.9969238927576249
NIFTY_MIDCAP_100,2025-04-29,10,NEUTRAL,0.9981370810507157
NIFTY_MIDCAP_100,2025-04-30,10,NEUTRAL,0.9979845019774536
NIFTY_MIDCAP_100,2025-05-02,10,NEUTRAL,0.9980654950273502
NIFTY_MIDCAP_100,2025-05-05,10,NEUTRAL,0.9988912341219669
NIFTY_MIDCAP_100,2025-05-06,10,NEUTRAL,0.9976738777619174
NIFTY_MIDCAP_100,2025-05-07,10,NEUTRAL,0.9989123008883869
NIFTY_MIDCAP_100,2025-05-08,10,NEUTRAL,0.9984091595373654
NIFTY_MIDCAP_100,2025-05-09,10,NEUTRAL,0.9990095969575986
NIFTY_MIDCAP_100,2025-05-12,10,NEUTRAL,0.9983976462962187
NIFTY_MIDCAP_100,2025-05-13,10,NEUTRAL,0.9982623303890502
NIFTY_MIDCAP_100,2025-05-14,10,NEUTRAL,0.9982936291013647
NIFTY_MIDCAP_100,2025-05-15,10,NEUTRAL,0.998399235487092
NIFTY_MIDCAP_100,2025-05-16,10,NEUTRAL,0.996880423996142
NIFTY_MIDCAP_100,2025-05-19,10,NEUTRAL,0.9985180722528894
NIFTY_MIDCAP_100,2025-05-20,10,NEUTRAL,0.9984053915673934
NIFTY_MIDCAP_100,2025-05-21,10,NEUTRAL,0.9974655517834453
NIFTY_MIDCAP_100,2025-05-22,10,NEUTRAL,0.9966144879457989
NIFTY_MIDCAP_100,2025-05-23,10,NEUTRAL,0.9928223738768436
NIFTY_MIDCAP_100,2025-05-26,10,NEUTRAL,0.5059459198616857
NIFTY_MIDCAP_100,2025-05-27,10,RISK_ON,0.5718186403196535
NIFTY_MIDCAP_100,2025-05-28,10,RISK_ON,0.9802108418878015
NIFTY_MIDCAP_100,2025-05-29,10,NEUTRAL,0.8244743274454857
NIFTY_MIDCAP_100,2025-05-30,10,NEUTRAL,0.9976068164512766
NIFTY_MIDCAP_100,2025-06-02,10,NEUTRAL,0.9986190704725305
NIFTY_MIDCAP_100,2025-06-03,10,NEUTRAL,0.99821854005579
NIFTY_MIDCAP_100,2025-06-04,10,NEUTRAL,0.9984568853430418
NIFTY_MIDCAP_100,2025-06-05,10,NEUTRAL,0.9987011355517723
NIFTY_MIDCAP_100,2025-06-06,10,NEUTRAL,0.9958924205686859
NIFTY_MIDCAP_100,2025-06-09,10,NEUTRAL,0.9977058336430268
NIFTY_MIDCAP_100,2025-06-10,10,NEUTRAL,0.9985384772421001
NIFTY_MIDCAP_100,2025-06-11,10,NEUTRAL,0.9970433148945961
NIFTY_MIDCAP_100,2025-06-12,10,NEUTRAL,0.9931218899272993
NIFTY_MIDCAP_100,2025-06-13,10,NEUTRAL,0.9914129088194377
NIFTY_MIDCAP_100,2025-06-16,10,NEUTRAL,0.5734599383813831
NIFTY_MIDCAP_100,2025-06-17,10,NEUTRAL,0.5164508225510488
NIFTY_MIDCAP_100,2025-06-18,10,RISK_ON,0.5628322684521057
NIFTY_MIDCAP_100,2025-06-19,10,RISK_ON,0.9811816521810153
NIFTY_MIDCAP_100,2025-06-20,10,RISK_ON,0.9699659048623916
NIFTY_MIDCAP_100,2025-06-23,10,NEUTRAL,0.7019475691693896
NIFTY_MIDCAP_100,2025-06-24,10,NEUTRAL,0.9922386781913375
NIFTY_MIDCAP_100,2025-06-25,10,NEUTRAL,0.9967533618393664
NIFTY_MIDCAP_100,2025-06-26,10,NEUTRAL,0.9987871842668863
NIFTY_MIDCAP_100,2025-06-27,10,NEUTRAL,0.9986102759166537
NIFTY_MIDCAP_100,2025-06-30,10,NEUTRAL,0.9993943605844923
NIFTY_MIDCAP_100,2025-07-01,10,NEUTRAL,0.9992791608104438
NIFTY_MIDCAP_100,2025-07-02,10,NEUTRAL,0.9990063349431922
NIFTY_MIDCAP_100,2025-07-03,10,NEUTRAL,0.9987336447172311
NIFTY_MIDCAP_100,2025-07-04,10,NEUTRAL,0.9984721896129388
NIFTY_MIDCAP_100,2025-07-07,10,NEUTRAL,0.9977060653084133
NIFTY_MIDCAP_100,2025-07-08,10,NEUTRAL,0.9968069252464579
NIFTY_MIDCAP_100,2025-07-09,10,NEUTRAL,0.9977202572662243
NIFTY_MIDCAP_100,2025-07-10,10,NEUTRAL,0.9952449613354777
NIFTY_MIDCAP_100,2025-07-11,10,RISK_OFF,0.6218901513793806
NIFTY_MIDCAP_100,2025-07-14,10,RISK_OFF,0.9835004694130055
NIFTY_MIDCAP_100,2025-07-15,10,RISK_OFF,0.9960466059208609
NIFTY_MIDCAP_100,2025-07-16,10,RISK_OFF,0.996290887037772
NIFTY_MIDCAP_100,2025-07-17,10,RISK_OFF,0.9936071473911036
NIFTY_MIDCAP_100,2025-07-18,10,RISK_OFF,0.9948370253391811
NIFTY_MIDCAP_100,2025-07-21,10,RISK_OFF,0.9959534735892888
NIFTY_MIDCAP_100,2025-07-22,10,RISK_OFF,0.9931350132561699
NIFTY_MIDCAP_100,2025-07-23,10,RISK_OFF,0.990727315480111
NIFTY_MIDCAP_100,2025-07-24,10,RISK_OFF,0.9965005757069852
NIFTY_MIDCAP_100,2025-07-25,10,RISK_OFF,0.9868526265932773
NIFTY_MIDCAP_100,2025-07-28,10,RISK_OFF,0.9843396430957936
NIFTY_MIDCAP_100,2025-07-29,10,RISK_OFF,0.9916451002136466
NIFTY_MIDCAP_100,2025-07-30,10,RISK_OFF,0.9884259376105524
NIFTY_MIDCAP_100,2025-07-31,10,RISK_OFF,0.9806409577349104
NIFTY_MIDCAP_100,2025-08-01,10,RISK_OFF,0.9765036110940455
NIFTY_MIDCAP_100,2025-08-04,10,NEUTRAL,0.7007293849986699
NIFTY_MIDCAP_100,2025-08-05,10,NEUTRAL,0.9916692906836183
NIFTY_MIDCAP_100,2025-08-06,10,NEUTRAL,0.9889349132765817
NIFTY_MIDCAP_100,2025-08-07,10,NEUTRAL,0.9937656266682713
NIFTY_MIDCAP_100,2025-08-08,10,NEUTRAL,0.9922073346110766
NIFTY_MIDCAP_100,2025-08-11,10,NEUTRAL,0.5652004887125386
NIFTY_MIDCAP_100,2025-08-12,10,RISK_OFF,0.6434818292116882
NIFTY_MIDCAP_100,2025-08-13,10,RISK_OFF,0.9936568280036319
NIFTY_MIDCAP_100,2025-08-14,10,RISK_OFF,0.9931574101920781
NIFTY_MIDCAP_100,2025-08-18,10,RISK_OFF,0.9816199926123417
NIFTY_MIDCAP_100,2025-08-19,10,NEUTRAL,0.5707990803334189
NIFTY_MIDCAP_100,2025-08-20,10,NEUTRAL,0.5849101272502898
NIFTY_MIDCAP_100,2025-08-21,10,NEUTRAL,0.519885630116401
NIFTY_MIDCAP_100,2025-08-22,10,RISK_OFF,0.5043720295808999
NIFTY_MIDCAP_100,2025-08-25,10,RISK_OFF,0.9821496062940174
NIFTY_MIDCAP_100,2025-08-26,10,NEUTRAL,0.6437106749542535
NIFTY_MIDCAP_100,2025-08-28,10,NEUTRAL,0.9974693059217589
NIFTY_MIDCAP_100,2025-08-29,10,NEUTRAL,0.9959230762858078
NIFTY_MIDCAP_100,2025-09-01,10,NEUTRAL,0.9970148219681618
NIFTY_MIDCAP_100,2025-09-02,10,NEUTRAL,0.9971480123938493
NIFTY_MIDCAP_100,2025-09-03,10,NEUTRAL,0.995890857266433
NIFTY_MIDCAP_100,2025-09-04,10,NEUTRAL,0.996674192678497
NIFTY_MIDCAP_100,2025-09-05,10,NEUTRAL,0.9973161250259962
NIFTY_MIDCAP_100,2025-09-08,10,NEUTRAL,0.9963702057242864
NIFTY_MIDCAP_100,2025-09-09,10,NEUTRAL,0.9947089695749353
NIFTY_MIDCAP_100,2025-09-10,10,NEUTRAL,0.9911526795175483
NIFTY_MIDCAP_100,2025-09-11,10,NEUTRAL,0.9923090329014349
NIFTY_MIDCAP_100,2025-09-12,10,NEUTRAL,0.6738015837163763
NIFTY_MIDCAP_100,2025-09-15,10,NEUTRAL,0.548268300069217
NIFTY_MIDCAP_100,2025-09-16,10,NEUTRAL,0.5144902406305744
NIFTY_MIDCAP_100,2025-09-17,10,RISK_OFF,0.5202288874198943
NIFTY_MIDCAP_100,2025-09-18,10,NEUTRAL,0.9194106287450354
NIFTY_MIDCAP_100,2025-09-19,10,NEUTRAL,0.9970640664146402
NIFTY_MIDCAP_100,2025-09-22,10,NEUTRAL,0.9984296041054266
NIFTY_MIDCAP_100,2025-09-23,10,NEUTRAL,0.9967936988755267
NIFTY_MIDCAP_100,2025-09-24,10,NEUTRAL,0.9973574239661662
NIFTY_MIDCAP_100,2025-09-25,10,NEUTRAL,0.9964237339940205
NIFTY_MIDCAP_100,2025-09-26,10,NEUTRAL,0.9969453557532155
NIFTY_MIDCAP_100,2025-09-29,10,NEUTRAL,0.9975649161306444
NIFTY_MIDCAP_100,2025-09-30,10,NEUTRAL,0.9925992361325752
NIFTY_MIDCAP_100,2025-10-01,10,NEUTRAL,0.9968982789614628
NIFTY_MIDCAP_100,2025-10-03,10,NEUTRAL,0.9989875253117834
NIFTY_MIDCAP_100,2025-10-06,10,NEUTRAL,0.9955959284766925
NIFTY_MIDCAP_100,2025-10-07,10,NEUTRAL,0.9973396875301183
NIFTY_MIDCAP_100,2025-10-08,10,NEUTRAL,0.9960827636971803
NIFTY_MIDCAP_100,2025-10-09,10,NEUTRAL,0.9959912762475753
NIFTY_MIDCAP_100,2025-10-10,10,NEUTRAL,0.996550247566187
NIFTY_MIDCAP_100,2025-10-13,10,NEUTRAL,0.9971259804979152
NIFTY_MIDCAP_100,2025-10-14,10,NEUTRAL,0.9971808189983061
NIFTY_MIDCAP_100,2025-10-15,10,NEUTRAL,0.9981315877207443
NIFTY_MIDCAP_100,2025-10-16,10,NEUTRAL,0.9989104191834548
NIFTY_MIDCAP_100,2025-10-17,10,NEUTRAL,0.9987209583908521
NIFTY_MIDCAP_100,2025-10-20,10,NEUTRAL,0.9989971219345511
NIFTY_MIDCAP_100,2025-10-21,10,NEUTRAL,0.9989943857850869
NIFTY_MIDCAP_100,2025-10-23,10,NEUTRAL,0.998882411034873
NIFTY_MIDCAP_100,2025-10-27,10,NEUTRAL,0.9996341136850692
NIFTY_MIDCAP_100,2025-10-28,10,NEUTRAL,0.9993993867512095
NIFTY_MIDCAP_100,2025-10-29,10,NEUTRAL,0.9985616896403172
NIFTY_MIDCAP_100,2025-10-30,10,NEUTRAL,0.9980760776972691
NIFTY_MIDCAP_100,2025-10-31,10,NEUTRAL,0.7433349458288656
NIFTY_MIDCAP_100,2025-11-03,10,NEUTRAL,0.9952432908025897
NIFTY_MIDCAP_100,2025-11-04,10,NEUTRAL,0.9970694742978979
NIFTY_MIDCAP_100,2025-11-06,10,NEUTRAL,0.9986824190185092
NIFTY_MIDCAP_100,2025-11-07,10,NEUTRAL,0.9981785514167851
NIFTY_MIDCAP_100,2025-11-10,10,NEUTRAL,0.9982528112274622
NIFTY_MIDCAP_100,2025-11-11,10,NEUTRAL,0.9986442636833679
NIFTY_MIDCAP_100,2025-11-12,10,NEUTRAL,0.9982501796620786
NIFTY_MIDCAP_100,2025-11-13,10,NEUTRAL,0.9981444500493283
NIFTY_MIDCAP_100,2025-11-14,10,NEUTRAL,0.9985474526386922
NIFTY_MIDCAP_100,2025-11-17,10,NEUTRAL,0.9983166292000372
NIFTY_MIDCAP_100,2025-11-18,10,NEUTRAL,0.9983029678601345
NIFTY_MIDCAP_100,2025-11-19,10,NEUTRAL,0.9985501701864249
NIFTY_MIDCAP_100,2025-11-20,10,NEUTRAL,0.9985479563441811
NIFTY_MIDCAP_100,2025-11-21,10,NEUTRAL,0.9981720320824129
NIFTY_MIDCAP_100,2025-11-24,10,NEUTRAL,0.998915997737576
NIFTY_MIDCAP_100,2025-11-25,10,NEUTRAL,0.9979484014296583
NIFTY_MIDCAP_100,2025-11-26,10,NEUTRAL,0.7349479305153674
NIFTY_MIDCAP_100,2025-11-27,10,NEUTRAL,0.9915727722525739
NIFTY_MIDCAP_100,2025-11-28,10,NEUTRAL,0.9962279562979394
NIFTY_MIDCAP_100,2025-12-01,10,NEUTRAL,0.9954464378349827
NIFTY_MIDCAP_100,2025-12-02,10,NEUTRAL,0.996878329823856
NIFTY_MIDCAP_100,2025-12-03,10,NEUTRAL,0.9978188840331934
NIFTY_MIDCAP_100,2025-12-04,10,NEUTRAL,0.9984407032523662
NIFTY_MIDCAP_100,2025-12-05,10,NEUTRAL,0.9957144935627266
NIFTY_MIDCAP_100,2025-12-08,10,NEUTRAL,0.9983958094498406
NIFTY_MIDCAP_100,2025-12-09,10,NEUTRAL,0.9977029631164208
NIFTY_MIDCAP_100,2025-12-10,10,NEUTRAL,0.9970701337362452
NIFTY_MIDCAP_100,2025-12-11,10,NEUTRAL,0.9991439859961574
NIFTY_MIDCAP_100,2025-12-12,10,NEUTRAL,0.9961917305487052
NIFTY_MIDCAP_100,2025-12-15,10,NEUTRAL,0.9957218496257654
NIFTY_MIDCAP_100,2025-12-16,10,NEUTRAL,0.9967839874708652
NIFTY_MIDCAP_100,2025-12-17,10,NEUTRAL,0.9974458009361014
NIFTY_MIDCAP_100,2025-12-18,10,NEUTRAL,0.9953270992173773
NIFTY_MIDCAP_100,2025-12-19,10,NEUTRAL,0.9897944428656195
NIFTY_MIDCAP_100,2025-12-22,10,NEUTRAL,0.9930820691306219
NIFTY_MIDCAP_100,2025-12-23,10,NEUTRAL,0.994901720120329
NIFTY_MIDCAP_100,2025-12-24,10,NEUTRAL,0.9892203929652164
NIFTY_MIDCAP_100,2025-12-26,10,NEUTRAL,0.6568445323945772
NIFTY_MIDCAP_100,2025-12-29,10,RISK_OFF,0.5889357976589259
NIFTY_MIDCAP_100,2025-12-30,10,RISK_OFF,0.9917176291912186
NIFTY_MIDCAP_100,2025-12-31,10,RISK_OFF,0.9953765151516462
NIFTY_MIDCAP_100,2026-01-01,10,RISK_OFF,0.989764240780448
NIFTY_MIDCAP_100,2026-01-02,10,RISK_OFF,0.9943267977104187
NIFTY_MIDCAP_100,2026-01-05,10,RISK_OFF,0.9963780611015788
NIFTY_MIDCAP_100,2026-01-06,10,RISK_OFF,0.9974661510793514
NIFTY_MIDCAP_100,2026-01-07,10,RISK_OFF,0.992755272808236
NIFTY_MIDCAP_100,2026-01-08,10,RISK_OFF,0.9926226493854157
NIFTY_MIDCAP_100,2026-01-09,10,STRONG_RISK_OFF,0.5785581767075085
NIFTY_MIDCAP_100,2026-01-12,10,RISK_OFF,0.9709903012738457
NIFTY_MIDCAP_100,2026-01-13,10,RISK_OFF,0.9902321862666666
NIFTY_MIDCAP_100,2026-01-14,10,RISK_OFF,0.9873750498102026
NIFTY_MIDCAP_100,2026-01-15,10,RISK_OFF,0.986031296816187
NIFTY_MIDCAP_100,2026-01-16,10,RISK_OFF,0.9661625283856917
NIFTY_MIDCAP_100,2026-01-19,10,RISK_OFF,0.5630433998404112
NIFTY_MIDCAP_100,2026-01-20,10,NEUTRAL,0.6489392131869461
NIFTY_MIDCAP_100,2026-01-21,10,NEUTRAL,0.9988484735835635
NIFTY_MIDCAP_100,2026-01-22,10,NEUTRAL,0.9949274806817047
NIFTY_MIDCAP_100,2026-01-23,10,NEUTRAL,0.9958601248643169
NIFTY_MIDCAP_100,2026-01-27,10,NEUTRAL,0.9983226848164859
NIFTY_MIDCAP_100,2026-01-28,10,NEUTRAL,0.9932568859928709
NIFTY_MIDCAP_100,2026-01-29,10,NEUTRAL,0.9951333921245088
NIFTY_MIDCAP_100,2026-01-30,10,NEUTRAL,0.684062756573118
NIFTY_MIDCAP_100,2026-02-02,10,NEUTRAL,0.9871174435006828
NIFTY_MIDCAP_100,2026-02-03,10,NEUTRAL,0.98904308607585
NIFTY_MIDCAP_100,2026-02-04,10,NEUTRAL,0.9961496094766423
NIFTY_MIDCAP_100,2026-02-05,10,RISK_OFF,0.5767185605890516
NIFTY_MIDCAP_100,2026-02-06,10,RISK_OFF,0.9888223899932558
NIFTY_MIDCAP_100,2026-02-09,10,RISK_OFF,0.9834782416932514
NIFTY_MIDCAP_100,2026-02-10,10,RISK_OFF,0.9917309448175713
NIFTY_MIDCAP_100,2026-02-11,10,RISK_OFF,0.9842891407264999
NIFTY_MIDCAP_100,2026-02-12,10,RISK_OFF,0.5243098630070394
NIFTY_MIDCAP_100,2026-02-13,10,RISK_OFF,0.9858622129792975
NIFTY_MIDCAP_100,2026-02-16,10,RISK_OFF,0.9886352023459207
NIFTY_MIDCAP_100,2026-02-17,10,STRONG_RISK_OFF,0.6742526876719663
NIFTY_MIDCAP_100,2026-02-18,10,RISK_OFF,0.9866001403226351
NIFTY_MIDCAP_100,2026-02-19,10,RISK_OFF,0.9902951359329815
NIFTY_MIDCAP_100,2026-02-20,10,STRONG_RISK_OFF,0.7134494117127738
NIFTY_MIDCAP_100,2026-02-23,10,RISK_OFF,0.7591506517872426
NIFTY_MIDCAP_100,2026-02-24,10,STRONG_RISK_OFF,0.8342066114903343
NIFTY_MIDCAP_100,2026-02-25,10,STRONG_RISK_OFF,0.9971381104786053
NIFTY_MIDCAP_100,2026-02-26,10,STRONG_RISK_OFF,0.9984094550582114
NIFTY_MIDCAP_100,2026-02-27,10,STRONG_RISK_OFF,0.9975467583279607
NIFTY_MIDCAP_100,2026-03-02,10,STRONG_RISK_OFF,0.9994882091886335
NIFTY_MIDCAP_100,2026-03-04,10,STRONG_RISK_OFF,0.9996913120610451
NIFTY_MIDCAP_100,2026-03-05,10,STRONG_RISK_OFF,0.9994989612498021
NIFTY_MIDCAP_100,2026-03-06,10,STRONG_RISK_OFF,0.9996739364341587
NIFTY_MIDCAP_100,2026-03-09,10,STRONG_RISK_OFF,0.9996861141994311
NIFTY_MIDCAP_100,2026-03-10,10,STRONG_RISK_OFF,0.9988701720082271
NIFTY_MIDCAP_100,2026-03-11,10,STRONG_RISK_OFF,0.998386366871408
NIFTY_MIDCAP_100,2026-03-12,10,STRONG_RISK_OFF,0.9984573068659842
NIFTY_MIDCAP_100,2026-03-18,10,STRONG_RISK_OFF,0.9946382616704514
NIFTY_MIDCAP_100,2026-03-19,10,RISK_OFF,0.9177489381592863
NIFTY_MIDCAP_100,2026-03-20,10,RISK_OFF,0.9941767855167583
NIFTY_MIDCAP_100,2026-03-24,10,RISK_OFF,0.9965077647969884
NIFTY_MIDCAP_100,2026-03-25,10,RISK_OFF,0.9941875510156001
NIFTY_MIDCAP_100,2026-03-27,10,RISK_OFF,0.9969972979664091
NIFTY_MIDCAP_100,2026-03-30,10,RISK_OFF,0.9920822068063707
NIFTY_MIDCAP_100,2026-04-01,10,RISK_OFF,0.997294743737672
NIFTY_MIDCAP_100,2026-04-02,10,RISK_OFF,0.9971806232018943
NIFTY_MIDCAP_100,2026-04-06,10,RISK_OFF,0.9961437769141377
NIFTY_MIDCAP_100,2026-04-07,10,RISK_OFF,0.9963327397889798
NIFTY_MIDCAP_100,2026-04-08,10,RISK_OFF,0.9914476395871662
NIFTY_MIDCAP_100,2026-04-09,10,RISK_OFF,0.9867537508386566
NIFTY_MIDCAP_100,2026-04-10,10,RISK_OFF,0.9773533085992304
NIFTY_MIDCAP_100,2026-04-13,10,NEUTRAL,0.6679584777223018
NIFTY_MIDCAP_100,2026-04-15,10,NEUTRAL,0.9964779578923141
NIFTY_MIDCAP_100,2026-04-16,10,NEUTRAL,0.9972259571768024
NIFTY_MIDCAP_100,2026-04-17,10,NEUTRAL,0.9989087967043444
NIFTY_MIDCAP_100,2026-04-20,10,NEUTRAL,0.9993556474989783
NIFTY_MIDCAP_100,2026-04-21,10,NEUTRAL,0.9995237224134258
NIFTY_MIDCAP_100,2026-04-22,10,NEUTRAL,0.9995796868339768
NIFTY_MIDCAP_100,2026-04-23,10,NEUTRAL,0.9994831466870555
NIFTY_MIDCAP_100,2026-04-24,10,NEUTRAL,0.9990248621134998
NIFTY_MIDCAP_100,2026-04-27,10,NEUTRAL,0.9996128894854073
NIFTY_MIDCAP_100,2026-04-28,10,NEUTRAL,0.9995869828911571
NIFTY_MIDCAP_100,2026-04-29,10,NEUTRAL,0.9992245922689433
NIFTY_MIDCAP_100,2026-04-30,10,NEUTRAL,0.9966696736862386
NIFTY_MIDCAP_100,2026-05-01,10,NEUTRAL,0.9970385536694014
NIFTY_MIDCAP_100,2026-05-04,10,NEUTRAL,0.9952634149090017
NIFTY_MIDCAP_100,2026-05-05,10,NEUTRAL,0.9955595370810637
NIFTY_MIDCAP_100,2026-05-06,10,NEUTRAL,0.9974434796925794
NIFTY_MIDCAP_100,2026-05-07,10,NEUTRAL,0.996289297423522
NIFTY_MIDCAP_100,2026-05-08,10,NEUTRAL,0.9980491113236585
NIFTY_MIDCAP_100,2026-05-11,10,NEUTRAL,0.9975430161299805
NIFTY_MIDCAP_100,2026-05-12,10,RISK_ON,0.5681051343942692
NIFTY_MIDCAP_100,2026-05-13,10,RISK_ON,0.9849348335039397
NIFTY_MIDCAP_100,2026-05-14,10,RISK_ON,0.9701354724787745
NIFTY_MIDCAP_100,2026-05-15,10,NEUTRAL,0.7949865543103133
NIFTY_MIDCAP_100,2026-05-18,10,NEUTRAL,0.9949923225119104
NIFTY_MIDCAP_100,2026-05-19,10,NEUTRAL,0.997331064152401
NIFTY_MIDCAP_100,2026-05-20,10,NEUTRAL,0.9974097354545474
NIFTY_MIDCAP_100,2026-05-21,10,NEUTRAL,0.9982446004456127
NIFTY_MIDCAP_100,2026-05-22,10,NEUTRAL,0.9983917841916601
NIFTY_MIDCAP_100,2026-05-25,10,NEUTRAL,0.6050706457351264
NIFTY_MIDCAP_100,2026-05-26,10,NEUTRAL,0.9897109226516716
NIFTY_MIDCAP_100,2026-05-27,10,RISK_OFF,0.6467514053930931
NIFTY_MIDCAP_100,2026-05-28,10,RISK_OFF,0.9930942331683087
NIFTY_MIDCAP_100,2026-05-29,10,NEUTRAL,0.9647896607216966
NIFTY_MIDCAP_100,2026-06-01,10,NEUTRAL,0.99928771018262
NIFTY_MIDCAP_100,2026-06-02,10,NEUTRAL,0.9985555073287489
NIFTY_MIDCAP_100,2026-06-03,10,NEUTRAL,0.9984539771066576
NIFTY_MIDCAP_100,2026-06-04,10,NEUTRAL,0.9984710510841475
NIFTY_MIDCAP_100,2026-06-05,10,NEUTRAL,0.9968244813917286
NIFTY_SMALLCAP_250,2024-10-23,5,NEUTRAL,0.9944482220802682
NIFTY_SMALLCAP_250,2024-10-24,5,RISK_ON,0.5439984091056528
NIFTY_SMALLCAP_250,2024-10-25,5,RISK_ON,0.9908300222673304
NIFTY_SMALLCAP_250,2024-10-28,5,RISK_ON,0.9957881429425648
NIFTY_SMALLCAP_250,2024-10-29,5,RISK_ON,0.9983533215070294
NIFTY_SMALLCAP_250,2024-10-30,5,RISK_ON,0.9968627124633804
NIFTY_SMALLCAP_250,2024-10-31,5,RISK_ON,0.9811475794424945
NIFTY_SMALLCAP_250,2024-11-01,5,NEUTRAL,0.7991983906955192
NIFTY_SMALLCAP_250,2024-11-04,5,NEUTRAL,0.9975358699633416
NIFTY_SMALLCAP_250,2024-11-05,5,NEUTRAL,0.9974681665585037
NIFTY_SMALLCAP_250,2024-11-06,5,NEUTRAL,0.9976270205469219
NIFTY_SMALLCAP_250,2024-11-07,5,NEUTRAL,0.9975182147456452
NIFTY_SMALLCAP_250,2024-11-08,5,NEUTRAL,0.9973522536360397
NIFTY_SMALLCAP_250,2024-11-11,5,NEUTRAL,0.9950326125251887
NIFTY_SMALLCAP_250,2024-11-12,5,NEUTRAL,0.9910589279338652
NIFTY_SMALLCAP_250,2024-11-13,5,NEUTRAL,0.9967900725759176
NIFTY_SMALLCAP_250,2024-11-14,5,NEUTRAL,0.9956924964381437
NIFTY_SMALLCAP_250,2024-11-18,5,NEUTRAL,0.9972579365000441
NIFTY_SMALLCAP_250,2024-11-19,5,NEUTRAL,0.995373926903888
NIFTY_SMALLCAP_250,2024-11-21,5,RISK_ON,0.6758478247195983
NIFTY_SMALLCAP_250,2024-11-22,5,RISK_ON,0.9965948019547353
NIFTY_SMALLCAP_250,2024-11-25,5,STRONG_RISK_ON,0.9715284425161714
NIFTY_SMALLCAP_250,2024-11-26,5,STRONG_RISK_ON,0.9999302215434769
NIFTY_SMALLCAP_250,2024-11-27,5,STRONG_RISK_ON,0.9999208002420252
NIFTY_SMALLCAP_250,2024-11-28,5,STRONG_RISK_ON,0.9998681619494726
NIFTY_SMALLCAP_250,2024-11-29,5,STRONG_RISK_ON,0.9997520669185147
NIFTY_SMALLCAP_250,2024-12-02,5,STRONG_RISK_ON,0.9994957096654516
NIFTY_SMALLCAP_250,2024-12-03,5,STRONG_RISK_ON,0.99951573016452
NIFTY_SMALLCAP_250,2024-12-04,5,STRONG_RISK_ON,0.9983610825460348
NIFTY_SMALLCAP_250,2024-12-05,5,STRONG_RISK_ON,0.9992918753165767
NIFTY_SMALLCAP_250,2024-12-06,5,STRONG_RISK_ON,0.9983462421156649
NIFTY_SMALLCAP_250,2024-12-09,5,STRONG_RISK_ON,0.9992500809084836
NIFTY_SMALLCAP_250,2024-12-10,5,STRONG_RISK_ON,0.999486515058579
NIFTY_SMALLCAP_250,2024-12-11,5,STRONG_RISK_ON,0.9964555438654537
NIFTY_SMALLCAP_250,2024-12-12,5,STRONG_RISK_ON,0.9982245787307514
NIFTY_SMALLCAP_250,2024-12-13,5,RISK_ON,0.9075510966640324
NIFTY_SMALLCAP_250,2024-12-16,5,NEUTRAL,0.7491420516656762
NIFTY_SMALLCAP_250,2024-12-17,5,NEUTRAL,0.9959279459504123
NIFTY_SMALLCAP_250,2024-12-18,5,NEUTRAL,0.9982096914582499
NIFTY_SMALLCAP_250,2024-12-19,5,NEUTRAL,0.9959213474315488
NIFTY_SMALLCAP_250,2024-12-20,5,NEUTRAL,0.9915254790698369
NIFTY_SMALLCAP_250,2024-12-23,5,NEUTRAL,0.9894739324234696
NIFTY_SMALLCAP_250,2024-12-24,5,NEUTRAL,0.5266051537219939
NIFTY_SMALLCAP_250,2024-12-26,5,RISK_ON,0.5953744533624278
NIFTY_SMALLCAP_250,2024-12-27,5,RISK_ON,0.9848366355815071
NIFTY_SMALLCAP_250,2024-12-30,5,NEUTRAL,0.964395981146856
NIFTY_SMALLCAP_250,2024-12-31,5,NEUTRAL,0.9965975622097563
NIFTY_SMALLCAP_250,2025-01-01,5,NEUTRAL,0.9971091024762269
NIFTY_SMALLCAP_250,2025-01-02,5,NEUTRAL,0.9974831403644423
NIFTY_SMALLCAP_250,2025-01-03,5,NEUTRAL,0.9973012856946081
NIFTY_SMALLCAP_250,2025-01-06,5,NEUTRAL,0.9980214091205414
NIFTY_SMALLCAP_250,2025-01-07,5,NEUTRAL,0.9967923761340487
NIFTY_SMALLCAP_250,2025-01-08,5,NEUTRAL,0.999020718167543
NIFTY_SMALLCAP_250,2025-01-09,5,NEUTRAL,0.9979030757711328
NIFTY_SMALLCAP_250,2025-01-10,5,NEUTRAL,0.9979041005284902
NIFTY_SMALLCAP_250,2025-01-14,5,NEUTRAL,0.9984922062194292
NIFTY_SMALLCAP_250,2025-01-15,5,NEUTRAL,0.9975098219587736
NIFTY_SMALLCAP_250,2025-01-16,5,NEUTRAL,0.9960692745056209
NIFTY_SMALLCAP_250,2025-01-17,5,NEUTRAL,0.8598248348112302
NIFTY_SMALLCAP_250,2025-01-20,5,NEUTRAL,0.8009332493952106
NIFTY_SMALLCAP_250,2025-01-21,5,RISK_OFF,0.5215397883768341
NIFTY_SMALLCAP_250,2025-01-22,5,STRONG_RISK_OFF,0.507346989697349
NIFTY_SMALLCAP_250,2025-01-23,5,RISK_OFF,0.7841101345113238
NIFTY_SMALLCAP_250,2025-01-29,5,RISK_OFF,0.9951060939716101
NIFTY_SMALLCAP_250,2025-01-30,5,RISK_OFF,0.9908779234591526
NIFTY_SMALLCAP_250,2025-01-31,5,RISK_OFF,0.9957643075696979
NIFTY_SMALLCAP_250,2025-02-01,5,RISK_OFF,0.9940278659818985
NIFTY_SMALLCAP_250,2025-02-03,5,RISK_OFF,0.9950818486966846
NIFTY_SMALLCAP_250,2025-02-04,5,STRONG_RISK_OFF,0.80332363449098
NIFTY_SMALLCAP_250,2025-02-05,5,STRONG_RISK_OFF,0.9978047002288764
NIFTY_SMALLCAP_250,2025-02-06,5,STRONG_RISK_OFF,0.9988621255424271
NIFTY_SMALLCAP_250,2025-02-07,5,STRONG_RISK_OFF,0.9988821046211297
NIFTY_SMALLCAP_250,2025-02-10,5,STRONG_RISK_OFF,0.9984185730835023
NIFTY_SMALLCAP_250,2025-02-11,5,STRONG_RISK_OFF,0.9986392049474014
NIFTY_SMALLCAP_250,2025-02-12,5,STRONG_RISK_OFF,0.9976999482630242
NIFTY_SMALLCAP_250,2025-02-13,5,STRONG_RISK_OFF,0.9992015095840516
NIFTY_SMALLCAP_250,2025-02-19,5,STRONG_RISK_OFF,0.9992560851757487
NIFTY_SMALLCAP_250,2025-02-20,5,STRONG_RISK_OFF,0.9997649379607445
NIFTY_SMALLCAP_250,2025-02-21,5,STRONG_RISK_OFF,0.9996535810012066
NIFTY_SMALLCAP_250,2025-02-24,5,STRONG_RISK_OFF,0.9995038482841967
NIFTY_SMALLCAP_250,2025-02-25,5,STRONG_RISK_OFF,0.9995798767020561
NIFTY_SMALLCAP_250,2025-02-27,5,STRONG_RISK_OFF,0.9995571369076415
NIFTY_SMALLCAP_250,2025-03-04,5,STRONG_RISK_OFF,0.9972318862100382
NIFTY_SMALLCAP_250,2025-03-05,5,STRONG_RISK_OFF,0.9982664353960305
NIFTY_SMALLCAP_250,2025-03-06,5,STRONG_RISK_OFF,0.9994196280666329
NIFTY_SMALLCAP_250,2025-03-07,5,STRONG_RISK_OFF,0.9989064929112211
NIFTY_SMALLCAP_250,2025-03-10,5,STRONG_RISK_OFF,0.9986598354224402
NIFTY_SMALLCAP_250,2025-03-11,5,STRONG_RISK_OFF,0.9947354809213685
NIFTY_SMALLCAP_250,2025-03-12,5,RISK_OFF,0.8113638705675137
NIFTY_SMALLCAP_250,2025-03-13,5,RISK_OFF,0.9855800006431138
NIFTY_SMALLCAP_250,2025-03-17,5,RISK_OFF,0.5498275014340658
NIFTY_SMALLCAP_250,2025-03-18,5,RISK_OFF,0.9862727408609345
NIFTY_SMALLCAP_250,2025-03-19,5,RISK_OFF,0.991108665970496
NIFTY_SMALLCAP_250,2025-03-20,5,RISK_OFF,0.9918318271893733
NIFTY_SMALLCAP_250,2025-03-21,5,RISK_OFF,0.9913758397808407
NIFTY_SMALLCAP_250,2025-03-24,5,RISK_OFF,0.9973245901769587
NIFTY_SMALLCAP_250,2025-03-25,5,RISK_OFF,0.9883383173749257
NIFTY_SMALLCAP_250,2025-03-26,5,NEUTRAL,0.5160352715736445
NIFTY_SMALLCAP_250,2025-03-27,5,RISK_OFF,0.7316988208440579
NIFTY_SMALLCAP_250,2025-03-28,5,STRONG_RISK_OFF,0.5755621402856989
NIFTY_SMALLCAP_250,2025-04-01,5,RISK_OFF,0.8095507079733709
NIFTY_SMALLCAP_250,2025-04-02,5,STRONG_RISK_OFF,0.7304357910520979
NIFTY_SMALLCAP_250,2025-04-03,5,RISK_OFF,0.942522077419987
NIFTY_SMALLCAP_250,2025-04-04,5,RISK_OFF,0.9791044875137466
NIFTY_SMALLCAP_250,2025-04-07,5,NEUTRAL,0.8601861305531698
NIFTY_SMALLCAP_250,2025-04-08,5,NEUTRAL,0.995501640758176
NIFTY_SMALLCAP_250,2025-04-09,5,NEUTRAL,0.9970736154307354
NIFTY_SMALLCAP_250,2025-04-11,5,NEUTRAL,0.9952278753842754
NIFTY_SMALLCAP_250,2025-04-15,5,NEUTRAL,0.9970437154894674
NIFTY_SMALLCAP_250,2025-04-16,5,NEUTRAL,0.996064525508843
NIFTY_SMALLCAP_250,2025-04-17,5,NEUTRAL,0.9951486250190426
NIFTY_SMALLCAP_250,2025-04-21,5,NEUTRAL,0.9951959225404978
NIFTY_SMALLCAP_250,2025-04-22,5,NEUTRAL,0.9963210423243597
NIFTY_SMALLCAP_250,2025-04-23,5,RISK_OFF,0.5752025294022641
NIFTY_SMALLCAP_250,2025-04-24,5,RISK_OFF,0.9932173703882807
NIFTY_SMALLCAP_250,2025-04-25,5,NEUTRAL,0.559329037162824
NIFTY_SMALLCAP_250,2025-04-28,5,RISK_OFF,0.5269809206798353
NIFTY_SMALLCAP_250,2025-04-29,5,RISK_OFF,0.9913427603042669
NIFTY_SMALLCAP_250,2025-04-30,5,RISK_OFF,0.9827257734412574
NIFTY_SMALLCAP_250,2025-05-02,5,RISK_OFF,0.9774271629688968
NIFTY_SMALLCAP_250,2025-05-05,5,NEUTRAL,0.7701694325542446
NIFTY_SMALLCAP_250,2025-05-06,5,NEUTRAL,0.9967896312261755
NIFTY_SMALLCAP_250,2025-05-07,5,NEUTRAL,0.9953158633845026
NIFTY_SMALLCAP_250,2025-05-08,5,NEUTRAL,0.997457530267896
NIFTY_SMALLCAP_250,2025-05-09,5,NEUTRAL,0.9972327295171759
NIFTY_SMALLCAP_250,2025-05-12,5,NEUTRAL,0.9993386258043606
NIFTY_SMALLCAP_250,2025-05-13,5,NEUTRAL,0.9987682608814632
NIFTY_SMALLCAP_250,2025-05-14,5,NEUTRAL,0.99812999580532
NIFTY_SMALLCAP_250,2025-05-15,5,NEUTRAL,0.9987312710198436
NIFTY_SMALLCAP_250,2025-05-16,5,NEUTRAL,0.9979495054313545
NIFTY_SMALLCAP_250,2025-05-19,5,NEUTRAL,0.9960139465439783
NIFTY_SMALLCAP_250,2025-05-20,5,NEUTRAL,0.9928118506195216
NIFTY_SMALLCAP_250,2025-05-21,5,RISK_ON,0.5943006627625695
NIFTY_SMALLCAP_250,2025-05-22,5,RISK_ON,0.9932678846602566
NIFTY_SMALLCAP_250,2025-05-23,5,RISK_ON,0.9962218723595536
NIFTY_SMALLCAP_250,2025-05-26,5,RISK_ON,0.9961702316973855
NIFTY_SMALLCAP_250,2025-05-27,5,RISK_ON,0.9985769611141433
NIFTY_SMALLCAP_250,2025-05-28,5,RISK_ON,0.9964322561082533
NIFTY_SMALLCAP_250,2025-05-29,5,RISK_ON,0.9969099421090488
NIFTY_SMALLCAP_250,2025-05-30,5,RISK_ON,0.9954199098980715
NIFTY_SMALLCAP_250,2025-06-02,5,RISK_ON,0.9916071947004466
NIFTY_SMALLCAP_250,2025-06-03,5,STRONG_RISK_ON,0.6024288438662874
NIFTY_SMALLCAP_250,2025-06-04,5,STRONG_RISK_ON,0.9853937101379806
NIFTY_SMALLCAP_250,2025-06-05,5,RISK_ON,0.8301769042995265
NIFTY_SMALLCAP_250,2025-06-06,5,STRONG_RISK_ON,0.6280062330444214
NIFTY_SMALLCAP_250,2025-06-09,5,RISK_ON,0.9226482679753274
NIFTY_SMALLCAP_250,2025-06-10,5,RISK_ON,0.9962990271400848
NIFTY_SMALLCAP_250,2025-06-11,5,RISK_ON,0.9967172268912672
NIFTY_SMALLCAP_250,2025-06-12,5,RISK_ON,0.9980660724799295
NIFTY_SMALLCAP_250,2025-06-13,5,RISK_ON,0.9987347638313646
NIFTY_SMALLCAP_250,2025-06-16,5,RISK_ON,0.9976551189753352
NIFTY_SMALLCAP_250,2025-06-17,5,RISK_ON,0.9970796536748411
NIFTY_SMALLCAP_250,2025-06-18,5,RISK_ON,0.9981859846776387
NIFTY_SMALLCAP_250,2025-06-19,5,RISK_ON,0.9902281654877819
NIFTY_SMALLCAP_250,2025-06-20,5,RISK_ON,0.993578059462383
NIFTY_SMALLCAP_250,2025-06-23,5,RISK_ON,0.9930436053591327
NIFTY_SMALLCAP_250,2025-06-24,5,STRONG_RISK_ON,0.7528273587213901
NIFTY_SMALLCAP_250,2025-06-25,5,STRONG_RISK_ON,0.9988404471917911
NIFTY_SMALLCAP_250,2025-06-26,5,STRONG_RISK_ON,0.9985182525423809
NIFTY_SMALLCAP_250,2025-06-27,5,STRONG_RISK_ON,0.9980350738151752
NIFTY_SMALLCAP_250,2025-06-30,5,STRONG_RISK_ON,0.9964016167197577
NIFTY_SMALLCAP_250,2025-07-01,5,STRONG_RISK_ON,0.9981182736941746
NIFTY_SMALLCAP_250,2025-07-02,5,STRONG_RISK_ON,0.9983546438697053
NIFTY_SMALLCAP_250,2025-07-03,5,STRONG_RISK_ON,0.9988287111174387
NIFTY_SMALLCAP_250,2025-07-04,5,STRONG_RISK_ON,0.9992176071178108
NIFTY_SMALLCAP_250,2025-07-07,5,STRONG_RISK_ON,0.9990798818332655
NIFTY_SMALLCAP_250,2025-07-08,5,STRONG_RISK_ON,0.9990335737347729
NIFTY_SMALLCAP_250,2025-07-09,5,STRONG_RISK_ON,0.9992063561028574
NIFTY_SMALLCAP_250,2025-07-10,5,STRONG_RISK_ON,0.9995092457358978
NIFTY_SMALLCAP_250,2025-07-11,5,STRONG_RISK_ON,0.9988053395518981
NIFTY_SMALLCAP_250,2025-07-14,5,STRONG_RISK_ON,0.9994008400980054
NIFTY_SMALLCAP_250,2025-07-15,5,STRONG_RISK_ON,0.9989609647396652
NIFTY_SMALLCAP_250,2025-07-16,5,STRONG_RISK_ON,0.99888210654173
NIFTY_SMALLCAP_250,2025-07-17,5,STRONG_RISK_ON,0.9975213486762416
NIFTY_SMALLCAP_250,2025-07-18,5,STRONG_RISK_ON,0.8760378775172916
NIFTY_SMALLCAP_250,2025-07-21,5,STRONG_RISK_ON,0.49143141927999323
NIFTY_SMALLCAP_250,2025-07-22,5,STRONG_RISK_ON,0.5000905800029445
NIFTY_SMALLCAP_250,2025-07-23,5,RISK_ON,0.44930687542551756
NIFTY_SMALLCAP_250,2025-07-24,5,NEUTRAL,0.8822135359790696
NIFTY_SMALLCAP_250,2025-07-25,5,NEUTRAL,0.996794695182172
NIFTY_SMALLCAP_250,2025-07-28,5,NEUTRAL,0.9981879102782953
NIFTY_SMALLCAP_250,2025-07-29,5,NEUTRAL,0.9987473861942392
NIFTY_SMALLCAP_250,2025-07-30,5,NEUTRAL,0.998899369587945
NIFTY_SMALLCAP_250,2025-07-31,5,NEUTRAL,0.9994780674542323
NIFTY_SMALLCAP_250,2025-08-01,5,NEUTRAL,0.9995892432922028
NIFTY_SMALLCAP_250,2025-08-04,5,NEUTRAL,0.9991695815362719
NIFTY_SMALLCAP_250,2025-08-05,5,NEUTRAL,0.9994405153956014
NIFTY_SMALLCAP_250,2025-08-06,5,NEUTRAL,0.9993155018481744
NIFTY_SMALLCAP_250,2025-08-07,5,NEUTRAL,0.9987796180623886
NIFTY_SMALLCAP_250,2025-08-08,5,NEUTRAL,0.9989846896367731
NIFTY_SMALLCAP_250,2025-08-11,5,NEUTRAL,0.9989236821493892
NIFTY_SMALLCAP_250,2025-08-12,5,NEUTRAL,0.998686521740682
NIFTY_SMALLCAP_250,2025-08-13,5,NEUTRAL,0.9966587094346664
NIFTY_SMALLCAP_250,2025-08-14,5,NEUTRAL,0.9943072903115086
NIFTY_SMALLCAP_250,2025-08-18,5,NEUTRAL,0.9926746537837897
NIFTY_SMALLCAP_250,2025-08-19,5,NEUTRAL,0.6303069331781773
NIFTY_SMALLCAP_250,2025-08-20,5,RISK_OFF,0.6629798816028589
NIFTY_SMALLCAP_250,2025-08-21,5,RISK_OFF,0.9879638914394698
NIFTY_SMALLCAP_250,2025-08-22,5,RISK_OFF,0.993409245968989
NIFTY_SMALLCAP_250,2025-08-25,5,RISK_OFF,0.9883707311738292
NIFTY_SMALLCAP_250,2025-08-26,5,NEUTRAL,0.5010553702812247
NIFTY_SMALLCAP_250,2025-08-28,5,RISK_OFF,0.5819450312271938
NIFTY_SMALLCAP_250,2025-08-29,5,RISK_OFF,0.9887599534300867
NIFTY_SMALLCAP_250,2025-09-01,5,RISK_OFF,0.9763079864151041
NIFTY_SMALLCAP_250,2025-09-02,5,NEUTRAL,0.7899697089232766
NIFTY_SMALLCAP_250,2025-09-03,5,NEUTRAL,0.9950517120360999
NIFTY_SMALLCAP_250,2025-09-04,5,NEUTRAL,0.9931033401871275
NIFTY_SMALLCAP_250,2025-09-05,5,NEUTRAL,0.9979245375268394
NIFTY_SMALLCAP_250,2025-09-08,5,NEUTRAL,0.9963485922232306
NIFTY_SMALLCAP_250,2025-09-09,5,NEUTRAL,0.9962730680019494
NIFTY_SMALLCAP_250,2025-09-10,5,RISK_ON,0.6364900170803024
NIFTY_SMALLCAP_250,2025-09-11,5,RISK_ON,0.9880804255118127
NIFTY_SMALLCAP_250,2025-09-12,5,RISK_ON,0.9897779588147366
NIFTY_SMALLCAP_250,2025-09-15,5,RISK_ON,0.9851762660769721
NIFTY_SMALLCAP_250,2025-09-16,5,NEUTRAL,0.9506497744009778
NIFTY_SMALLCAP_250,2025-09-17,5,NEUTRAL,0.9991852037230416
NIFTY_SMALLCAP_250,2025-09-18,5,NEUTRAL,0.9990345048927093
NIFTY_SMALLCAP_250,2025-09-19,5,NEUTRAL,0.9996278199779345
NIFTY_SMALLCAP_250,2025-09-22,5,NEUTRAL,0.9989517046809905
NIFTY_SMALLCAP_250,2025-09-23,5,NEUTRAL,0.9925319760360813
NIFTY_SMALLCAP_250,2025-09-24,5,NEUTRAL,0.9951308174231601
NIFTY_SMALLCAP_250,2025-09-25,5,NEUTRAL,0.9983175495035279
NIFTY_SMALLCAP_250,2025-09-26,5,NEUTRAL,0.9982885647502521
NIFTY_SMALLCAP_250,2025-09-29,5,NEUTRAL,0.9981147686539211
NIFTY_SMALLCAP_250,2025-09-30,5,NEUTRAL,0.9981827410581495
NIFTY_SMALLCAP_250,2025-10-01,5,NEUTRAL,0.9984066782649652
NIFTY_SMALLCAP_250,2025-10-03,5,NEUTRAL,0.9986958289565777
NIFTY_SMALLCAP_250,2025-10-06,5,NEUTRAL,0.9984714391859434
NIFTY_SMALLCAP_250,2025-10-07,5,NEUTRAL,0.9989174194643242
NIFTY_SMALLCAP_250,2025-10-08,5,NEUTRAL,0.9985212476945967
NIFTY_SMALLCAP_250,2025-10-09,5,NEUTRAL,0.9987460000102283
NIFTY_SMALLCAP_250,2025-10-10,5,NEUTRAL,0.9982046313822595
NIFTY_SMALLCAP_250,2025-10-13,5,NEUTRAL,0.9993621013257036
NIFTY_SMALLCAP_250,2025-10-14,5,NEUTRAL,0.9995042202841632
NIFTY_SMALLCAP_250,2025-10-15,5,NEUTRAL,0.9986805022092275
NIFTY_SMALLCAP_250,2025-10-16,5,NEUTRAL,0.9994845011891688
NIFTY_SMALLCAP_250,2025-10-17,5,NEUTRAL,0.9994926730923341
NIFTY_SMALLCAP_250,2025-10-20,5,NEUTRAL,0.9995263127915269
NIFTY_SMALLCAP_250,2025-10-21,5,NEUTRAL,0.9990555113375715
NIFTY_SMALLCAP_250,2025-10-23,5,NEUTRAL,0.997511748828024
NIFTY_SMALLCAP_250,2025-10-27,5,NEUTRAL,0.9985314866069059
NIFTY_SMALLCAP_250,2025-10-28,5,NEUTRAL,0.9982234737144097
NIFTY_SMALLCAP_250,2025-10-29,5,NEUTRAL,0.9986844335507765
NIFTY_SMALLCAP_250,2025-10-30,5,NEUTRAL,0.9978006129157679
NIFTY_SMALLCAP_250,2025-10-31,5,NEUTRAL,0.9986606745687562
NIFTY_SMALLCAP_250,2025-11-03,5,NEUTRAL,0.9984521881387176
NIFTY_SMALLCAP_250,2025-11-04,5,NEUTRAL,0.9989084735626093
NIFTY_SMALLCAP_250,2025-11-06,5,NEUTRAL,0.9992112621749384
NIFTY_SMALLCAP_250,2025-11-07,5,NEUTRAL,0.9992247210160548
NIFTY_SMALLCAP_250,2025-11-10,5,NEUTRAL,0.999537696249336
NIFTY_SMALLCAP_250,2025-11-11,5,NEUTRAL,0.9991403987716995
NIFTY_SMALLCAP_250,2025-11-12,5,NEUTRAL,0.9993854305434986
NIFTY_SMALLCAP_250,2025-11-13,5,NEUTRAL,0.9994450492110611
NIFTY_SMALLCAP_250,2025-11-14,5,NEUTRAL,0.9991329837111267
NIFTY_SMALLCAP_250,2025-11-17,5,NEUTRAL,0.9985800489778699
NIFTY_SMALLCAP_250,2025-11-18,5,NEUTRAL,0.999335513469169
NIFTY_SMALLCAP_250,2025-11-19,5,NEUTRAL,0.9989246880092557
NIFTY_SMALLCAP_250,2025-11-20,5,NEUTRAL,0.9988633334238987
NIFTY_SMALLCAP_250,2025-11-21,5,NEUTRAL,0.9991249596046307
NIFTY_SMALLCAP_250,2025-11-24,5,NEUTRAL,0.9981159246707869
NIFTY_SMALLCAP_250,2025-11-25,5,NEUTRAL,0.9958294055490765
NIFTY_SMALLCAP_250,2025-11-26,5,NEUTRAL,0.9968026285211827
NIFTY_SMALLCAP_250,2025-11-27,5,NEUTRAL,0.9917751262428034
NIFTY_SMALLCAP_250,2025-11-28,5,RISK_OFF,0.5622867628150624
NIFTY_SMALLCAP_250,2025-12-01,5,RISK_OFF,0.9888597608761962
NIFTY_SMALLCAP_250,2025-12-02,5,RISK_OFF,0.9948440806758935
NIFTY_SMALLCAP_250,2025-12-03,5,RISK_OFF,0.9943183955341743
NIFTY_SMALLCAP_250,2025-12-04,5,RISK_OFF,0.9961027604476761
NIFTY_SMALLCAP_250,2025-12-05,5,RISK_OFF,0.9946018727993975
NIFTY_SMALLCAP_250,2025-12-10,5,RISK_OFF,0.9910601392370816
NIFTY_SMALLCAP_250,2025-12-11,5,RISK_OFF,0.9864776819940262
NIFTY_SMALLCAP_250,2025-12-12,5,NEUTRAL,0.653379453331849
NIFTY_SMALLCAP_250,2025-12-15,5,NEUTRAL,0.9930180680592842
NIFTY_SMALLCAP_250,2025-12-16,5,NEUTRAL,0.9927752200723082
NIFTY_SMALLCAP_250,2025-12-17,5,NEUTRAL,0.9844979814981989
NIFTY_SMALLCAP_250,2025-12-18,5,NEUTRAL,0.5532979528604532
NIFTY_SMALLCAP_250,2025-12-22,5,RISK_OFF,0.533221550321529
NIFTY_SMALLCAP_250,2025-12-23,5,RISK_OFF,0.9958113452036184
NIFTY_SMALLCAP_250,2025-12-24,5,RISK_OFF,0.9885589578612449
NIFTY_SMALLCAP_250,2025-12-26,5,RISK_OFF,0.9927994453299357
NIFTY_SMALLCAP_250,2025-12-29,5,RISK_OFF,0.9870849168361582
NIFTY_SMALLCAP_250,2025-12-30,5,RISK_OFF,0.9902082249746226
NIFTY_SMALLCAP_250,2025-12-31,5,RISK_OFF,0.532742146215929
NIFTY_SMALLCAP_250,2026-01-01,5,RISK_OFF,0.9900292375426668
NIFTY_SMALLCAP_250,2026-01-02,5,RISK_OFF,0.9881270812922955
NIFTY_SMALLCAP_250,2026-01-05,5,RISK_OFF,0.9934608612606763
NIFTY_SMALLCAP_250,2026-01-06,5,RISK_OFF,0.9942909851268219
NIFTY_SMALLCAP_250,2026-01-07,5,RISK_OFF,0.9937921733929921
NIFTY_SMALLCAP_250,2026-01-08,5,RISK_OFF,0.9949355898513959
NIFTY_SMALLCAP_250,2026-01-09,5,RISK_OFF,0.9921334886438192
NIFTY_SMALLCAP_250,2026-01-12,5,RISK_OFF,0.9944074432199573
NIFTY_SMALLCAP_250,2026-01-13,5,RISK_OFF,0.9946376332078142
NIFTY_SMALLCAP_250,2026-01-14,5,STRONG_RISK_OFF,0.560410527876119
NIFTY_SMALLCAP_250,2026-01-15,5,STRONG_RISK_OFF,0.996120433341261
NIFTY_SMALLCAP_250,2026-01-16,5,RISK_OFF,0.9349072305770023
NIFTY_SMALLCAP_250,2026-01-19,5,RISK_OFF,0.9966623374273391
NIFTY_SMALLCAP_250,2026-01-22,5,RISK_OFF,0.9896484512959752
NIFTY_SMALLCAP_250,2026-01-23,5,RISK_OFF,0.9686735254728487
NIFTY_SMALLCAP_250,2026-01-27,5,NEUTRAL,0.5977657964482155
NIFTY_SMALLCAP_250,2026-01-28,5,NEUTRAL,0.9926769963273147
NIFTY_SMALLCAP_250,2026-01-29,5,NEUTRAL,0.5348696120507336
NIFTY_SMALLCAP_250,2026-01-30,5,RISK_OFF,0.5753018192575163
NIFTY_SMALLCAP_250,2026-02-02,5,NEUTRAL,0.569838938228689
NIFTY_SMALLCAP_250,2026-02-03,5,NEUTRAL,0.9968708932876122
NIFTY_SMALLCAP_250,2026-02-04,5,NEUTRAL,0.9950866349877429
NIFTY_SMALLCAP_250,2026-02-05,5,NEUTRAL,0.9918266075460407
NIFTY_SMALLCAP_250,2026-02-06,5,RISK_OFF,0.5937777398446088
NIFTY_SMALLCAP_250,2026-02-09,5,RISK_OFF,0.9834332803195307
NIFTY_SMALLCAP_250,2026-02-10,5,RISK_OFF,0.9899329586538163
NIFTY_SMALLCAP_250,2026-02-11,5,NEUTRAL,0.5514749131657428
NIFTY_SMALLCAP_250,2026-02-12,5,RISK_OFF,0.5414036044948849
NIFTY_SMALLCAP_250,2026-02-13,5,RISK_OFF,0.9961552435615117
NIFTY_SMALLCAP_250,2026-02-16,5,RISK_OFF,0.9971042215046175
NIFTY_SMALLCAP_250,2026-02-17,5,RISK_OFF,0.9923540999595688
NIFTY_SMALLCAP_250,2026-02-18,5,RISK_OFF,0.9949542231876383
NIFTY_SMALLCAP_250,2026-02-19,5,RISK_OFF,0.9970913831321623
NIFTY_SMALLCAP_250,2026-02-20,5,RISK_OFF,0.9969511411118989
NIFTY_SMALLCAP_250,2026-02-23,5,RISK_OFF,0.9933876411543227
NIFTY_SMALLCAP_250,2026-02-24,5,RISK_OFF,0.9966829347944852
NIFTY_SMALLCAP_250,2026-02-25,5,RISK_OFF,0.9949068507016194
NIFTY_SMALLCAP_250,2026-02-26,5,RISK_OFF,0.9960987712685556
NIFTY_SMALLCAP_250,2026-02-27,5,RISK_OFF,0.9968919159779404
NIFTY_SMALLCAP_250,2026-03-02,5,STRONG_RISK_OFF,0.8302939981662737
NIFTY_SMALLCAP_250,2026-03-05,5,STRONG_RISK_OFF,0.9977821030543401
NIFTY_SMALLCAP_250,2026-03-10,5,STRONG_RISK_OFF,0.9987250436968113
NIFTY_SMALLCAP_250,2026-03-11,5,STRONG_RISK_OFF,0.9986774940778982
NIFTY_SMALLCAP_250,2026-03-12,5,STRONG_RISK_OFF,0.9988312578459387
NIFTY_SMALLCAP_250,2026-03-17,5,STRONG_RISK_OFF,0.9993813149574633
NIFTY_SMALLCAP_250,2026-03-18,5,STRONG_RISK_OFF,0.9994944866272618
NIFTY_SMALLCAP_250,2026-03-19,5,STRONG_RISK_OFF,0.9995718816241211
NIFTY_SMALLCAP_250,2026-03-20,5,STRONG_RISK_OFF,0.9994161810805975
NIFTY_SMALLCAP_250,2026-03-24,5,STRONG_RISK_OFF,0.9997501957907236
NIFTY_SMALLCAP_250,2026-03-25,5,STRONG_RISK_OFF,0.9994967383149963
NIFTY_SMALLCAP_250,2026-03-27,5,STRONG_RISK_OFF,0.9995491968501774
NIFTY_SMALLCAP_250,2026-03-30,5,STRONG_RISK_OFF,0.9035667329296183
NIFTY_SMALLCAP_250,2026-04-01,5,STRONG_RISK_OFF,0.8815845972700604
NIFTY_SMALLCAP_250,2026-04-02,5,STRONG_RISK_OFF,0.6905329825104183
NIFTY_SMALLCAP_250,2026-04-06,5,STRONG_RISK_OFF,0.5556869238327482
NIFTY_SMALLCAP_250,2026-04-07,5,STRONG_RISK_OFF,0.49059432888065874
NIFTY_SMALLCAP_250,2026-04-08,5,RISK_OFF,0.5959184633434288
NIFTY_SMALLCAP_250,2026-04-09,5,RISK_OFF,0.7597491290080673
NIFTY_SMALLCAP_250,2026-04-10,5,RISK_OFF,0.7675810690432839
NIFTY_SMALLCAP_250,2026-04-13,5,RISK_OFF,0.6778433353123771
NIFTY_SMALLCAP_250,2026-04-15,5,RISK_OFF,0.5393973131819334
NIFTY_SMALLCAP_250,2026-04-16,5,NEUTRAL,0.7287184421341774
NIFTY_SMALLCAP_250,2026-04-17,5,NEUTRAL,0.9865190246734556
NIFTY_SMALLCAP_250,2026-04-20,5,RISK_ON,0.7110462866192705
NIFTY_SMALLCAP_250,2026-04-21,5,RISK_ON,0.997317375704026
NIFTY_SMALLCAP_250,2026-04-22,5,RISK_ON,0.9980230839262996
NIFTY_SMALLCAP_250,2026-04-23,5,RISK_ON,0.999007374255973
NIFTY_SMALLCAP_250,2026-04-24,5,RISK_ON,0.9968802815500025
NIFTY_SMALLCAP_250,2026-04-27,5,RISK_ON,0.9969778434843609
NIFTY_SMALLCAP_250,2026-04-28,5,RISK_ON,0.9988305292337886
NIFTY_SMALLCAP_250,2026-04-29,5,RISK_ON,0.9946653554401562
NIFTY_SMALLCAP_250,2026-04-30,5,RISK_ON,0.9984132600591881
NIFTY_SMALLCAP_250,2026-05-01,5,RISK_ON,0.9946905922158645
NIFTY_SMALLCAP_250,2026-05-04,5,RISK_ON,0.9982667082598009
NIFTY_SMALLCAP_250,2026-05-05,5,RISK_ON,0.9985505471315215
NIFTY_SMALLCAP_250,2026-05-06,5,RISK_ON,0.9957269569323289
NIFTY_SMALLCAP_250,2026-05-07,5,RISK_ON,0.9937285950039796
NIFTY_SMALLCAP_250,2026-05-08,5,RISK_ON,0.9972154969543718
NIFTY_SMALLCAP_250,2026-05-11,5,RISK_ON,0.9965759600223167
NIFTY_SMALLCAP_250,2026-05-12,5,RISK_ON,0.9964129178408618
NIFTY_SMALLCAP_250,2026-05-13,5,RISK_ON,0.9973010945670009
NIFTY_SMALLCAP_250,2026-05-14,5,RISK_ON,0.9987331144687922
NIFTY_SMALLCAP_250,2026-05-15,5,RISK_ON,0.998748742498618
NIFTY_SMALLCAP_250,2026-05-18,5,RISK_ON,0.9977861473566452
NIFTY_SMALLCAP_250,2026-05-19,5,RISK_ON,0.99658060899979
NIFTY_SMALLCAP_250,2026-05-20,5,RISK_ON,0.9955060758814401
NIFTY_SMALLCAP_250,2026-05-21,5,RISK_ON,0.9948356926367872
NIFTY_SMALLCAP_250,2026-05-22,5,STRONG_RISK_ON,0.744742817186089
NIFTY_SMALLCAP_250,2026-05-25,5,STRONG_RISK_ON,0.9976860598882373
NIFTY_SMALLCAP_250,2026-05-26,5,STRONG_RISK_ON,0.9971765651658103
NIFTY_SMALLCAP_250,2026-05-27,5,STRONG_RISK_ON,0.9954083531997002
NIFTY_SMALLCAP_250,2026-05-28,5,STRONG_RISK_ON,0.9956877010741654
NIFTY_SMALLCAP_250,2026-05-29,5,RISK_ON,0.9741350771619605
NIFTY_SMALLCAP_250,2026-06-01,5,RISK_ON,0.9957545909262416
NIFTY_SMALLCAP_250,2026-06-02,5,RISK_ON,0.9842345982095416
NIFTY_SMALLCAP_250,2026-06-03,5,RISK_ON,0.9867764534830851
NIFTY_SMALLCAP_250,2026-06-04,5,RISK_ON,0.5870251008627282
NIFTY_SMALLCAP_250,2026-06-05,5,RISK_ON,0.9867769091080428
NIFTY_SMALLCAP_250,2024-10-23,10,NEUTRAL,0.5496916188839055
NIFTY_SMALLCAP_250,2024-10-24,10,NEUTRAL,0.5318231216463949
NIFTY_SMALLCAP_250,2024-10-25,10,NEUTRAL,0.9960969195924066
NIFTY_SMALLCAP_250,2024-10-28,10,NEUTRAL,0.9974074864777831
NIFTY_SMALLCAP_250,2024-10-29,10,NEUTRAL,0.9977124473273734
NIFTY_SMALLCAP_250,2024-10-30,10,NEUTRAL,0.9960914539211673
NIFTY_SMALLCAP_250,2024-10-31,10,NEUTRAL,0.9988298900602001
NIFTY_SMALLCAP_250,2024-11-01,10,NEUTRAL,0.9961738700896188
NIFTY_SMALLCAP_250,2024-11-04,10,NEUTRAL,0.9969590652968658
NIFTY_SMALLCAP_250,2024-11-05,10,NEUTRAL,0.9982514723170108
NIFTY_SMALLCAP_250,2024-11-06,10,NEUTRAL,0.9968120466280594
NIFTY_SMALLCAP_250,2024-11-07,10,NEUTRAL,0.9968366601331182
NIFTY_SMALLCAP_250,2024-11-08,10,NEUTRAL,0.997691991009265
NIFTY_SMALLCAP_250,2024-11-11,10,NEUTRAL,0.9926947094809491
NIFTY_SMALLCAP_250,2024-11-12,10,NEUTRAL,0.5679456618407768
NIFTY_SMALLCAP_250,2024-11-13,10,RISK_ON,0.6714391123543255
NIFTY_SMALLCAP_250,2024-11-14,10,STRONG_RISK_ON,0.9705282990370963
NIFTY_SMALLCAP_250,2024-11-18,10,STRONG_RISK_ON,0.9996181093831306
NIFTY_SMALLCAP_250,2024-11-19,10,STRONG_RISK_ON,0.99993399330321
NIFTY_SMALLCAP_250,2024-11-21,10,STRONG_RISK_ON,0.9999350425600382
NIFTY_SMALLCAP_250,2024-11-22,10,STRONG_RISK_ON,0.9997634075348304
NIFTY_SMALLCAP_250,2024-11-25,10,STRONG_RISK_ON,0.9996673207996297
NIFTY_SMALLCAP_250,2024-11-26,10,STRONG_RISK_ON,0.9999217397076599
NIFTY_SMALLCAP_250,2024-11-27,10,STRONG_RISK_ON,0.9998465757228772
NIFTY_SMALLCAP_250,2024-11-28,10,STRONG_RISK_ON,0.9998461903241951
NIFTY_SMALLCAP_250,2024-11-29,10,STRONG_RISK_ON,0.9997851788382572
NIFTY_SMALLCAP_250,2024-12-02,10,STRONG_RISK_ON,0.9989776621684975
NIFTY_SMALLCAP_250,2024-12-03,10,STRONG_RISK_ON,0.9989683397725843
NIFTY_SMALLCAP_250,2024-12-04,10,STRONG_RISK_ON,0.9987628259062621
NIFTY_SMALLCAP_250,2024-12-05,10,STRONG_RISK_ON,0.9972937162823745
NIFTY_SMALLCAP_250,2024-12-06,10,RISK_ON,0.9491867117746683
NIFTY_SMALLCAP_250,2024-12-09,10,NEUTRAL,0.8844898334008499
NIFTY_SMALLCAP_250,2024-12-10,10,NEUTRAL,0.9982542278975416
NIFTY_SMALLCAP_250,2024-12-11,10,NEUTRAL,0.9975231685532078
NIFTY_SMALLCAP_250,2024-12-12,10,NEUTRAL,0.9977574606329803
NIFTY_SMALLCAP_250,2024-12-13,10,NEUTRAL,0.9949514988655356
NIFTY_SMALLCAP_250,2024-12-16,10,NEUTRAL,0.9965642206787217
NIFTY_SMALLCAP_250,2024-12-17,10,NEUTRAL,0.5876334230547791
NIFTY_SMALLCAP_250,2024-12-18,10,RISK_ON,0.6362443141877232
NIFTY_SMALLCAP_250,2024-12-19,10,RISK_ON,0.9815506790318972
NIFTY_SMALLCAP_250,2024-12-20,10,NEUTRAL,0.9568771397545176
NIFTY_SMALLCAP_250,2024-12-23,10,NEUTRAL,0.99907198111267
NIFTY_SMALLCAP_250,2024-12-24,10,NEUTRAL,0.9993213287079242
NIFTY_SMALLCAP_250,2024-12-26,10,NEUTRAL,0.9993976524154021
NIFTY_SMALLCAP_250,2024-12-27,10,NEUTRAL,0.9981769653631293
NIFTY_SMALLCAP_250,2024-12-30,10,NEUTRAL,0.9981743143258214
NIFTY_SMALLCAP_250,2024-12-31,10,NEUTRAL,0.9980082414997751
NIFTY_SMALLCAP_250,2025-01-01,10,NEUTRAL,0.9981580908713795
NIFTY_SMALLCAP_250,2025-01-02,10,NEUTRAL,0.9985466119570143
NIFTY_SMALLCAP_250,2025-01-03,10,NEUTRAL,0.9978670505674545
NIFTY_SMALLCAP_250,2025-01-06,10,NEUTRAL,0.9978321951025455
NIFTY_SMALLCAP_250,2025-01-07,10,NEUTRAL,0.9968958954433675
NIFTY_SMALLCAP_250,2025-01-08,10,NEUTRAL,0.9963297959734604
NIFTY_SMALLCAP_250,2025-01-09,10,NEUTRAL,0.9717918707669143
NIFTY_SMALLCAP_250,2025-01-10,10,NEUTRAL,0.8322063662107961
NIFTY_SMALLCAP_250,2025-01-14,10,RISK_OFF,0.6931869434173423
NIFTY_SMALLCAP_250,2025-01-15,10,STRONG_RISK_OFF,0.6160806518369405
NIFTY_SMALLCAP_250,2025-01-16,10,RISK_OFF,0.899601306557413
NIFTY_SMALLCAP_250,2025-01-17,10,RISK_OFF,0.9919134327417043
NIFTY_SMALLCAP_250,2025-01-20,10,RISK_OFF,0.9931193429992932
NIFTY_SMALLCAP_250,2025-01-21,10,RISK_OFF,0.9965264007163288
NIFTY_SMALLCAP_250,2025-01-22,10,RISK_OFF,0.995357676241374
NIFTY_SMALLCAP_250,2025-01-23,10,RISK_OFF,0.9963821190528162
NIFTY_SMALLCAP_250,2025-01-29,10,STRONG_RISK_OFF,0.9150242754982848
NIFTY_SMALLCAP_250,2025-01-30,10,STRONG_RISK_OFF,0.9992902428220327
NIFTY_SMALLCAP_250,2025-01-31,10,STRONG_RISK_OFF,0.9990746835631261
NIFTY_SMALLCAP_250,2025-02-01,10,STRONG_RISK_OFF,0.9985025927448572
NIFTY_SMALLCAP_250,2025-02-03,10,STRONG_RISK_OFF,0.9988395168124677
NIFTY_SMALLCAP_250,2025-02-04,10,STRONG_RISK_OFF,0.9979493353224146
NIFTY_SMALLCAP_250,2025-02-05,10,STRONG_RISK_OFF,0.9984938626774861
NIFTY_SMALLCAP_250,2025-02-06,10,STRONG_RISK_OFF,0.9985682198457919
NIFTY_SMALLCAP_250,2025-02-07,10,STRONG_RISK_OFF,0.9982142814847205
NIFTY_SMALLCAP_250,2025-02-10,10,STRONG_RISK_OFF,0.9958943157138567
NIFTY_SMALLCAP_250,2025-02-11,10,STRONG_RISK_OFF,0.9994825976942935
NIFTY_SMALLCAP_250,2025-02-12,10,STRONG_RISK_OFF,0.9995098215935093
NIFTY_SMALLCAP_250,2025-02-13,10,STRONG_RISK_OFF,0.9997745750002115
NIFTY_SMALLCAP_250,2025-02-19,10,STRONG_RISK_OFF,0.9995608701282944
NIFTY_SMALLCAP_250,2025-02-20,10,STRONG_RISK_OFF,0.9987274421925121
NIFTY_SMALLCAP_250,2025-02-21,10,STRONG_RISK_OFF,0.9980742900327007
NIFTY_SMALLCAP_250,2025-02-24,10,STRONG_RISK_OFF,0.9971737794154707
NIFTY_SMALLCAP_250,2025-02-25,10,STRONG_RISK_OFF,0.9981864839085681
NIFTY_SMALLCAP_250,2025-02-27,10,STRONG_RISK_OFF,0.9981797039725565
NIFTY_SMALLCAP_250,2025-03-04,10,STRONG_RISK_OFF,0.9965597080143458
NIFTY_SMALLCAP_250,2025-03-05,10,RISK_OFF,0.7825619170992525
NIFTY_SMALLCAP_250,2025-03-06,10,RISK_OFF,0.987018375173057
NIFTY_SMALLCAP_250,2025-03-07,10,RISK_OFF,0.5482672190822626
NIFTY_SMALLCAP_250,2025-03-10,10,RISK_OFF,0.99341979191515
NIFTY_SMALLCAP_250,2025-03-11,10,RISK_OFF,0.9962654079375464
NIFTY_SMALLCAP_250,2025-03-12,10,RISK_OFF,0.995708663401635
NIFTY_SMALLCAP_250,2025-03-13,10,RISK_OFF,0.9928899517357616
NIFTY_SMALLCAP_250,2025-03-17,10,RISK_OFF,0.9928839041668002
NIFTY_SMALLCAP_250,2025-03-18,10,RISK_OFF,0.9946286979132735
NIFTY_SMALLCAP_250,2025-03-19,10,NEUTRAL,0.5081032665585087
NIFTY_SMALLCAP_250,2025-03-20,10,NEUTRAL,0.5407222066217346
NIFTY_SMALLCAP_250,2025-03-21,10,NEUTRAL,0.6972790841116874
NIFTY_SMALLCAP_250,2025-03-24,10,RISK_OFF,0.6496552198152357
NIFTY_SMALLCAP_250,2025-03-25,10,STRONG_RISK_OFF,0.6393538241694221
NIFTY_SMALLCAP_250,2025-03-26,10,RISK_OFF,0.9373969948440013
NIFTY_SMALLCAP_250,2025-03-27,10,RISK_OFF,0.9773717534619561
NIFTY_SMALLCAP_250,2025-03-28,10,NEUTRAL,0.617890725254347
NIFTY_SMALLCAP_250,2025-04-01,10,NEUTRAL,0.9950460156260265
NIFTY_SMALLCAP_250,2025-04-02,10,NEUTRAL,0.9955274200152957
NIFTY_SMALLCAP_250,2025-04-03,10,NEUTRAL,0.993902176514003
NIFTY_SMALLCAP_250,2025-04-04,10,NEUTRAL,0.9974265240250522
NIFTY_SMALLCAP_250,2025-04-07,10,NEUTRAL,0.9949895673945024
NIFTY_SMALLCAP_250,2025-04-08,10,NEUTRAL,0.9977769442469624
NIFTY_SMALLCAP_250,2025-04-09,10,NEUTRAL,0.998430932191597
NIFTY_SMALLCAP_250,2025-04-11,10,NEUTRAL,0.9969061611887514
NIFTY_SMALLCAP_250,2025-04-15,10,NEUTRAL,0.5711870295579795
NIFTY_SMALLCAP_250,2025-04-16,10,NEUTRAL,0.5951957147845306
NIFTY_SMALLCAP_250,2025-04-17,10,NEUTRAL,0.9881701155636539
NIFTY_SMALLCAP_250,2025-04-21,10,RISK_OFF,0.7578709512548233
NIFTY_SMALLCAP_250,2025-04-22,10,RISK_OFF,0.994707694265232
NIFTY_SMALLCAP_250,2025-04-23,10,RISK_OFF,0.991459631698598
NIFTY_SMALLCAP_250,2025-04-24,10,RISK_OFF,0.9949923855978805
NIFTY_SMALLCAP_250,2025-04-25,10,NEUTRAL,0.9065911705925258
NIFTY_SMALLCAP_250,2025-04-28,10,NEUTRAL,0.9986027012814317
NIFTY_SMALLCAP_250,2025-04-29,10,NEUTRAL,0.9959397811795824
NIFTY_SMALLCAP_250,2025-04-30,10,NEUTRAL,0.9977897685743716
NIFTY_SMALLCAP_250,2025-05-02,10,NEUTRAL,0.9990564297174811
NIFTY_SMALLCAP_250,2025-05-05,10,NEUTRAL,0.9974822697076828
NIFTY_SMALLCAP_250,2025-05-06,10,NEUTRAL,0.9993031230456142
NIFTY_SMALLCAP_250,2025-05-07,10,NEUTRAL,0.9994232411158969
NIFTY_SMALLCAP_250,2025-05-08,10,NEUTRAL,0.9996346725360694
NIFTY_SMALLCAP_250,2025-05-09,10,NEUTRAL,0.9987635271378067
NIFTY_SMALLCAP_250,2025-05-12,10,NEUTRAL,0.9968508449922103
NIFTY_SMALLCAP_250,2025-05-13,10,NEUTRAL,0.995621707616484
NIFTY_SMALLCAP_250,2025-05-14,10,RISK_ON,0.5650218424185883
NIFTY_SMALLCAP_250,2025-05-15,10,RISK_ON,0.9958179741834796
NIFTY_SMALLCAP_250,2025-05-16,10,RISK_ON,0.9981769405337879
NIFTY_SMALLCAP_250,2025-05-19,10,RISK_ON,0.9975859786848666
NIFTY_SMALLCAP_250,2025-05-20,10,RISK_ON,0.9971954417222211
NIFTY_SMALLCAP_250,2025-05-21,10,RISK_ON,0.9978707741408467
NIFTY_SMALLCAP_250,2025-05-22,10,RISK_ON,0.9966583697170232
NIFTY_SMALLCAP_250,2025-05-23,10,RISK_ON,0.9944053215503764
NIFTY_SMALLCAP_250,2025-05-26,10,RISK_ON,0.9943258853512057
NIFTY_SMALLCAP_250,2025-05-27,10,STRONG_RISK_ON,0.6926168185507824
NIFTY_SMALLCAP_250,2025-05-28,10,STRONG_RISK_ON,0.9924011588868615
NIFTY_SMALLCAP_250,2025-05-29,10,RISK_ON,0.7423766956587352
NIFTY_SMALLCAP_250,2025-05-30,10,RISK_ON,0.5084145170371857
NIFTY_SMALLCAP_250,2025-06-02,10,RISK_ON,0.9979948663820588
NIFTY_SMALLCAP_250,2025-06-03,10,RISK_ON,0.9963678073922689
NIFTY_SMALLCAP_250,2025-06-04,10,RISK_ON,0.9981297332864678
NIFTY_SMALLCAP_250,2025-06-05,10,RISK_ON,0.998984814131291
NIFTY_SMALLCAP_250,2025-06-06,10,RISK_ON,0.9979451962469107
NIFTY_SMALLCAP_250,2025-06-09,10,RISK_ON,0.9992086055939258
NIFTY_SMALLCAP_250,2025-06-10,10,RISK_ON,0.998958321699081
NIFTY_SMALLCAP_250,2025-06-11,10,RISK_ON,0.995378708152657
NIFTY_SMALLCAP_250,2025-06-12,10,RISK_ON,0.9965680233329436
NIFTY_SMALLCAP_250,2025-06-13,10,RISK_ON,0.992515043069808
NIFTY_SMALLCAP_250,2025-06-16,10,RISK_ON,0.9891848754317922
NIFTY_SMALLCAP_250,2025-06-17,10,STRONG_RISK_ON,0.7212944617409618
NIFTY_SMALLCAP_250,2025-06-18,10,STRONG_RISK_ON,0.9882386388338217
NIFTY_SMALLCAP_250,2025-06-19,10,STRONG_RISK_ON,0.9978460813628878
NIFTY_SMALLCAP_250,2025-06-20,10,STRONG_RISK_ON,0.9983965213454215
NIFTY_SMALLCAP_250,2025-06-23,10,STRONG_RISK_ON,0.9981310419749516
NIFTY_SMALLCAP_250,2025-06-24,10,STRONG_RISK_ON,0.9979741870740656
NIFTY_SMALLCAP_250,2025-06-25,10,STRONG_RISK_ON,0.9977896069681055
NIFTY_SMALLCAP_250,2025-06-26,10,STRONG_RISK_ON,0.9986561114499425
NIFTY_SMALLCAP_250,2025-06-27,10,STRONG_RISK_ON,0.9991888030385182
NIFTY_SMALLCAP_250,2025-06-30,10,STRONG_RISK_ON,0.9983716376821513
NIFTY_SMALLCAP_250,2025-07-01,10,STRONG_RISK_ON,0.9994200350769872
NIFTY_SMALLCAP_250,2025-07-02,10,STRONG_RISK_ON,0.9994244603403145
NIFTY_SMALLCAP_250,2025-07-03,10,STRONG_RISK_ON,0.9990859285806312
NIFTY_SMALLCAP_250,2025-07-04,10,STRONG_RISK_ON,0.9988342208950262
NIFTY_SMALLCAP_250,2025-07-07,10,STRONG_RISK_ON,0.9988437103967035
NIFTY_SMALLCAP_250,2025-07-08,10,STRONG_RISK_ON,0.9982108564793171
NIFTY_SMALLCAP_250,2025-07-09,10,STRONG_RISK_ON,0.9983654014908117
NIFTY_SMALLCAP_250,2025-07-10,10,STRONG_RISK_ON,0.9990880029139152
NIFTY_SMALLCAP_250,2025-07-11,10,STRONG_RISK_ON,0.8247184748387364
NIFTY_SMALLCAP_250,2025-07-14,10,STRONG_RISK_ON,0.5661781426114165
NIFTY_SMALLCAP_250,2025-07-15,10,STRONG_RISK_ON,0.8124900564912192
NIFTY_SMALLCAP_250,2025-07-16,10,STRONG_RISK_ON,0.6789385909325093
NIFTY_SMALLCAP_250,2025-07-17,10,STRONG_RISK_ON,0.6097251679459876
NIFTY_SMALLCAP_250,2025-07-18,10,STRONG_RISK_ON,0.42518512481266035
NIFTY_SMALLCAP_250,2025-07-21,10,RISK_ON,0.5455612574405361
NIFTY_SMALLCAP_250,2025-07-22,10,NEUTRAL,0.8943170774690343
NIFTY_SMALLCAP_250,2025-07-23,10,NEUTRAL,0.9967074013896767
NIFTY_SMALLCAP_250,2025-07-24,10,NEUTRAL,0.9979761664799089
NIFTY_SMALLCAP_250,2025-07-25,10,NEUTRAL,0.9991506784810961
NIFTY_SMALLCAP_250,2025-07-28,10,NEUTRAL,0.9987233132320489
NIFTY_SMALLCAP_250,2025-07-29,10,NEUTRAL,0.998657650372491
NIFTY_SMALLCAP_250,2025-07-30,10,NEUTRAL,0.9982209118762688
NIFTY_SMALLCAP_250,2025-07-31,10,NEUTRAL,0.9973128171400736
NIFTY_SMALLCAP_250,2025-08-01,10,NEUTRAL,0.9982794382118142
NIFTY_SMALLCAP_250,2025-08-04,10,NEUTRAL,0.9982624541709175
NIFTY_SMALLCAP_250,2025-08-05,10,NEUTRAL,0.9965222728569613
NIFTY_SMALLCAP_250,2025-08-06,10,NEUTRAL,0.9946611461024328
NIFTY_SMALLCAP_250,2025-08-07,10,NEUTRAL,0.9966742869406044
NIFTY_SMALLCAP_250,2025-08-08,10,NEUTRAL,0.9920511373698984
NIFTY_SMALLCAP_250,2025-08-11,10,RISK_OFF,0.5193883956286299
NIFTY_SMALLCAP_250,2025-08-12,10,RISK_OFF,0.9900722805291577
NIFTY_SMALLCAP_250,2025-08-13,10,RISK_OFF,0.9947434330183244
NIFTY_SMALLCAP_250,2025-08-14,10,RISK_OFF,0.9818671933568865
NIFTY_SMALLCAP_250,2025-08-18,10,RISK_OFF,0.9783429382002742
NIFTY_SMALLCAP_250,2025-08-19,10,RISK_OFF,0.6110261823069294
NIFTY_SMALLCAP_250,2025-08-20,10,RISK_OFF,0.9714808549408569
NIFTY_SMALLCAP_250,2025-08-21,10,RISK_OFF,0.9819346376953466
NIFTY_SMALLCAP_250,2025-08-22,10,RISK_OFF,0.9712014324915713
NIFTY_SMALLCAP_250,2025-08-25,10,NEUTRAL,0.59412643933486
NIFTY_SMALLCAP_250,2025-08-26,10,NEUTRAL,0.9952311122454527
NIFTY_SMALLCAP_250,2025-08-28,10,NEUTRAL,0.9967565326678505
NIFTY_SMALLCAP_250,2025-08-29,10,NEUTRAL,0.9976979301444703
NIFTY_SMALLCAP_250,2025-09-01,10,NEUTRAL,0.9938119853912034
NIFTY_SMALLCAP_250,2025-09-02,10,NEUTRAL,0.9920868320088079
NIFTY_SMALLCAP_250,2025-09-03,10,NEUTRAL,0.5301622957391855
NIFTY_SMALLCAP_250,2025-09-04,10,RISK_ON,0.6984800491646507
NIFTY_SMALLCAP_250,2025-09-05,10,RISK_ON,0.989067001930728
NIFTY_SMALLCAP_250,2025-09-08,10,RISK_ON,0.9859525578400921
NIFTY_SMALLCAP_250,2025-09-09,10,NEUTRAL,0.9378168879608354
NIFTY_SMALLCAP_250,2025-09-10,10,NEUTRAL,0.996563830472261
NIFTY_SMALLCAP_250,2025-09-11,10,NEUTRAL,0.9965807375871959
NIFTY_SMALLCAP_250,2025-09-12,10,NEUTRAL,0.9976557286179017
NIFTY_SMALLCAP_250,2025-09-15,10,NEUTRAL,0.9977740237854466
NIFTY_SMALLCAP_250,2025-09-16,10,NEUTRAL,0.9959208584393858
NIFTY_SMALLCAP_250,2025-09-17,10,NEUTRAL,0.9985727219116254
NIFTY_SMALLCAP_250,2025-09-18,10,NEUTRAL,0.9990372370733509
NIFTY_SMALLCAP_250,2025-09-19,10,NEUTRAL,0.9991027160382998
NIFTY_SMALLCAP_250,2025-09-22,10,NEUTRAL,0.9991365053741222
NIFTY_SMALLCAP_250,2025-09-23,10,NEUTRAL,0.9989727466566405
NIFTY_SMALLCAP_250,2025-09-24,10,NEUTRAL,0.9988022801109855
NIFTY_SMALLCAP_250,2025-09-25,10,NEUTRAL,0.9976779729345051
NIFTY_SMALLCAP_250,2025-09-26,10,NEUTRAL,0.9989618965693324
NIFTY_SMALLCAP_250,2025-09-29,10,NEUTRAL,0.9977408416683775
NIFTY_SMALLCAP_250,2025-09-30,10,NEUTRAL,0.9984346782520382
NIFTY_SMALLCAP_250,2025-10-01,10,NEUTRAL,0.9988307235581865
NIFTY_SMALLCAP_250,2025-10-03,10,NEUTRAL,0.9979864846325314
NIFTY_SMALLCAP_250,2025-10-06,10,NEUTRAL,0.9977385419083609
NIFTY_SMALLCAP_250,2025-10-07,10,NEUTRAL,0.9967024139038791
NIFTY_SMALLCAP_250,2025-10-08,10,NEUTRAL,0.9980120456026201
NIFTY_SMALLCAP_250,2025-10-09,10,NEUTRAL,0.9977658879901334
NIFTY_SMALLCAP_250,2025-10-10,10,NEUTRAL,0.9988648647753884
NIFTY_SMALLCAP_250,2025-10-13,10,NEUTRAL,0.9990543142173285
NIFTY_SMALLCAP_250,2025-10-14,10,NEUTRAL,0.9981191778096663
NIFTY_SMALLCAP_250,2025-10-15,10,NEUTRAL,0.9994190834419994
NIFTY_SMALLCAP_250,2025-10-16,10,NEUTRAL,0.999556079933941
NIFTY_SMALLCAP_250,2025-10-17,10,NEUTRAL,0.9993710664668768
NIFTY_SMALLCAP_250,2025-10-20,10,NEUTRAL,0.9993499365148361
NIFTY_SMALLCAP_250,2025-10-21,10,NEUTRAL,0.9995773282559757
NIFTY_SMALLCAP_250,2025-10-23,10,NEUTRAL,0.9990394688790782
NIFTY_SMALLCAP_250,2025-10-27,10,NEUTRAL,0.9992788908530416
NIFTY_SMALLCAP_250,2025-10-28,10,NEUTRAL,0.9991978377799153
NIFTY_SMALLCAP_250,2025-10-29,10,NEUTRAL,0.9992829766655199
NIFTY_SMALLCAP_250,2025-10-30,10,NEUTRAL,0.9989320886288027
NIFTY_SMALLCAP_250,2025-10-31,10,NEUTRAL,0.9994481003132998
NIFTY_SMALLCAP_250,2025-11-03,10,NEUTRAL,0.999001540524846
NIFTY_SMALLCAP_250,2025-11-04,10,NEUTRAL,0.9984176350003351
NIFTY_SMALLCAP_250,2025-11-06,10,NEUTRAL,0.9989925490279741
NIFTY_SMALLCAP_250,2025-11-07,10,NEUTRAL,0.9974883583111404
NIFTY_SMALLCAP_250,2025-11-10,10,NEUTRAL,0.9991344984167554
NIFTY_SMALLCAP_250,2025-11-11,10,NEUTRAL,0.9984664468746935
NIFTY_SMALLCAP_250,2025-11-12,10,NEUTRAL,0.9991044616721795
NIFTY_SMALLCAP_250,2025-11-13,10,NEUTRAL,0.9985040477082034
NIFTY_SMALLCAP_250,2025-11-14,10,NEUTRAL,0.9982542936193225
NIFTY_SMALLCAP_250,2025-11-17,10,NEUTRAL,0.9978267862739376
NIFTY_SMALLCAP_250,2025-11-18,10,NEUTRAL,0.9975985557757369
NIFTY_SMALLCAP_250,2025-11-19,10,NEUTRAL,0.9978479754722188
NIFTY_SMALLCAP_250,2025-11-20,10,NEUTRAL,0.9978095143956667
NIFTY_SMALLCAP_250,2025-11-21,10,RISK_OFF,0.5757088352420844
NIFTY_SMALLCAP_250,2025-11-24,10,RISK_OFF,0.9874806406783607
NIFTY_SMALLCAP_250,2025-11-25,10,RISK_OFF,0.9922957463265781
NIFTY_SMALLCAP_250,2025-11-26,10,RISK_OFF,0.9881023273973256
NIFTY_SMALLCAP_250,2025-11-27,10,RISK_OFF,0.9904353536648647
NIFTY_SMALLCAP_250,2025-11-28,10,RISK_OFF,0.9931859311436984
NIFTY_SMALLCAP_250,2025-12-01,10,RISK_OFF,0.9914079367545132
NIFTY_SMALLCAP_250,2025-12-02,10,RISK_OFF,0.9891836699327087
NIFTY_SMALLCAP_250,2025-12-03,10,NEUTRAL,0.5917365854905251
NIFTY_SMALLCAP_250,2025-12-04,10,NEUTRAL,0.9920746084570756
NIFTY_SMALLCAP_250,2025-12-05,10,NEUTRAL,0.9899468524102909
NIFTY_SMALLCAP_250,2025-12-10,10,NEUTRAL,0.9878581207267946
NIFTY_SMALLCAP_250,2025-12-11,10,RISK_OFF,0.5446059947735103
NIFTY_SMALLCAP_250,2025-12-12,10,RISK_OFF,0.9862245499896822
NIFTY_SMALLCAP_250,2025-12-15,10,RISK_OFF,0.9855157982848886
NIFTY_SMALLCAP_250,2025-12-16,10,RISK_OFF,0.9932295898383025
NIFTY_SMALLCAP_250,2025-12-17,10,RISK_OFF,0.9944268456236562
NIFTY_SMALLCAP_250,2025-12-18,10,RISK_OFF,0.9914384767602876
NIFTY_SMALLCAP_250,2025-12-22,10,RISK_OFF,0.9812879963269582
NIFTY_SMALLCAP_250,2025-12-23,10,RISK_OFF,0.661657806916099
NIFTY_SMALLCAP_250,2025-12-24,10,RISK_OFF,0.985195023330996
NIFTY_SMALLCAP_250,2025-12-26,10,RISK_OFF,0.9929604005345404
NIFTY_SMALLCAP_250,2025-12-29,10,RISK_OFF,0.993650764445017
NIFTY_SMALLCAP_250,2025-12-30,10,RISK_OFF,0.9926132102175051
NIFTY_SMALLCAP_250,2025-12-31,10,RISK_OFF,0.9914483699774462
NIFTY_SMALLCAP_250,2026-01-01,10,RISK_OFF,0.9955322718199308
NIFTY_SMALLCAP_250,2026-01-02,10,RISK_OFF,0.9945327302142065
NIFTY_SMALLCAP_250,2026-01-05,10,RISK_OFF,0.9933130708298623
NIFTY_SMALLCAP_250,2026-01-06,10,RISK_OFF,0.9913370032984725
NIFTY_SMALLCAP_250,2026-01-07,10,STRONG_RISK_OFF,0.8498828734879872
NIFTY_SMALLCAP_250,2026-01-08,10,STRONG_RISK_OFF,0.9945280789669536
NIFTY_SMALLCAP_250,2026-01-09,10,RISK_OFF,0.917972347108521
NIFTY_SMALLCAP_250,2026-01-12,10,RISK_OFF,0.9908724709987481
NIFTY_SMALLCAP_250,2026-01-13,10,RISK_OFF,0.9890009284105843
NIFTY_SMALLCAP_250,2026-01-14,10,RISK_OFF,0.9723746196238844
NIFTY_SMALLCAP_250,2026-01-15,10,NEUTRAL,0.5108178673018275
NIFTY_SMALLCAP_250,2026-01-16,10,NEUTRAL,0.9820936195928336
NIFTY_SMALLCAP_250,2026-01-19,10,NEUTRAL,0.6234523662248166
NIFTY_SMALLCAP_250,2026-01-22,10,RISK_OFF,0.5186092294498198
NIFTY_SMALLCAP_250,2026-01-23,10,NEUTRAL,0.7466156948513863
NIFTY_SMALLCAP_250,2026-01-27,10,NEUTRAL,0.9938248017643322
NIFTY_SMALLCAP_250,2026-01-28,10,NEUTRAL,0.9830114547294785
NIFTY_SMALLCAP_250,2026-01-29,10,NEUTRAL,0.9799659591575135
NIFTY_SMALLCAP_250,2026-01-30,10,NEUTRAL,0.6877391487256387
NIFTY_SMALLCAP_250,2026-02-02,10,NEUTRAL,0.5535998524241994
NIFTY_SMALLCAP_250,2026-02-03,10,NEUTRAL,0.5035696005416272
NIFTY_SMALLCAP_250,2026-02-04,10,NEUTRAL,0.9751594882322193
NIFTY_SMALLCAP_250,2026-02-05,10,RISK_OFF,0.6202718192549033
NIFTY_SMALLCAP_250,2026-02-06,10,RISK_OFF,0.986852648377225
NIFTY_SMALLCAP_250,2026-02-09,10,RISK_OFF,0.9889225383109497
NIFTY_SMALLCAP_250,2026-02-10,10,RISK_OFF,0.9924391195645743
NIFTY_SMALLCAP_250,2026-02-11,10,RISK_OFF,0.9875999827753867
NIFTY_SMALLCAP_250,2026-02-12,10,RISK_OFF,0.9928772440596565
NIFTY_SMALLCAP_250,2026-02-13,10,RISK_OFF,0.9905475098686677
NIFTY_SMALLCAP_250,2026-02-16,10,RISK_OFF,0.9921943341754035
NIFTY_SMALLCAP_250,2026-02-17,10,RISK_OFF,0.9939347770258846
NIFTY_SMALLCAP_250,2026-02-18,10,RISK_OFF,0.9931140931038074
NIFTY_SMALLCAP_250,2026-02-19,10,RISK_OFF,0.9939103435825544
NIFTY_SMALLCAP_250,2026-02-20,10,RISK_OFF,0.990420913612724
NIFTY_SMALLCAP_250,2026-02-23,10,STRONG_RISK_OFF,0.7900870473549155
NIFTY_SMALLCAP_250,2026-02-24,10,STRONG_RISK_OFF,0.9988200716712676
NIFTY_SMALLCAP_250,2026-02-25,10,STRONG_RISK_OFF,0.9990985649438673
NIFTY_SMALLCAP_250,2026-02-26,10,STRONG_RISK_OFF,0.9993943225743273
NIFTY_SMALLCAP_250,2026-02-27,10,STRONG_RISK_OFF,0.9991183275421588
NIFTY_SMALLCAP_250,2026-03-02,10,STRONG_RISK_OFF,0.9984617854505926
NIFTY_SMALLCAP_250,2026-03-05,10,STRONG_RISK_OFF,0.9995952902428167
NIFTY_SMALLCAP_250,2026-03-10,10,STRONG_RISK_OFF,0.9991933371281169
NIFTY_SMALLCAP_250,2026-03-11,10,STRONG_RISK_OFF,0.9987016404174823
NIFTY_SMALLCAP_250,2026-03-12,10,STRONG_RISK_OFF,0.9990890695901992
NIFTY_SMALLCAP_250,2026-03-17,10,STRONG_RISK_OFF,0.9995197140167256
NIFTY_SMALLCAP_250,2026-03-18,10,STRONG_RISK_OFF,0.9985885810609767
NIFTY_SMALLCAP_250,2026-03-19,10,STRONG_RISK_OFF,0.8744339571485666
NIFTY_SMALLCAP_250,2026-03-20,10,STRONG_RISK_OFF,0.8370005380788191
NIFTY_SMALLCAP_250,2026-03-24,10,STRONG_RISK_OFF,0.777233976458065
NIFTY_SMALLCAP_250,2026-03-25,10,STRONG_RISK_OFF,0.7624215638264638
NIFTY_SMALLCAP_250,2026-03-27,10,STRONG_RISK_OFF,0.7285199215715948
NIFTY_SMALLCAP_250,2026-03-30,10,STRONG_RISK_OFF,0.7250734395422072
NIFTY_SMALLCAP_250,2026-04-01,10,STRONG_RISK_OFF,0.5862903277264705
NIFTY_SMALLCAP_250,2026-04-02,10,STRONG_RISK_OFF,0.7481233466050463
NIFTY_SMALLCAP_250,2026-04-06,10,STRONG_RISK_OFF,0.7029711954527667
NIFTY_SMALLCAP_250,2026-04-07,10,STRONG_RISK_OFF,0.5978555642709494
NIFTY_SMALLCAP_250,2026-04-08,10,STRONG_RISK_OFF,0.5051493274999307
NIFTY_SMALLCAP_250,2026-04-09,10,STRONG_RISK_OFF,0.48875853196607577
NIFTY_SMALLCAP_250,2026-04-10,10,STRONG_RISK_OFF,0.7727112701863886
NIFTY_SMALLCAP_250,2026-04-13,10,RISK_OFF,0.5153886387901077
NIFTY_SMALLCAP_250,2026-04-15,10,RISK_OFF,0.6831131979462484
NIFTY_SMALLCAP_250,2026-04-16,10,RISK_OFF,0.5856113753724668
NIFTY_SMALLCAP_250,2026-04-17,10,RISK_OFF,0.5567791303508408
NIFTY_SMALLCAP_250,2026-04-20,10,RISK_OFF,0.5392238247435094
NIFTY_SMALLCAP_250,2026-04-21,10,RISK_OFF,0.5766239452263165
NIFTY_SMALLCAP_250,2026-04-22,10,NEUTRAL,0.49258347858243595
NIFTY_SMALLCAP_250,2026-04-23,10,RISK_ON,0.817869391606752
NIFTY_SMALLCAP_250,2026-04-24,10,RISK_ON,0.9921727709836797
NIFTY_SMALLCAP_250,2026-04-27,10,RISK_ON,0.9973593842523043
NIFTY_SMALLCAP_250,2026-04-28,10,RISK_ON,0.9979923665216774
NIFTY_SMALLCAP_250,2026-04-29,10,RISK_ON,0.9984918297857973
NIFTY_SMALLCAP_250,2026-04-30,10,RISK_ON,0.9981378093544677
NIFTY_SMALLCAP_250,2026-05-01,10,RISK_ON,0.9931893934028844
NIFTY_SMALLCAP_250,2026-05-04,10,RISK_ON,0.9988219036055784
NIFTY_SMALLCAP_250,2026-05-05,10,RISK_ON,0.9989596830290082
NIFTY_SMALLCAP_250,2026-05-06,10,RISK_ON,0.999126326865633
NIFTY_SMALLCAP_250,2026-05-07,10,RISK_ON,0.9983117571400912
NIFTY_SMALLCAP_250,2026-05-08,10,RISK_ON,0.9980449313431993
NIFTY_SMALLCAP_250,2026-05-11,10,RISK_ON,0.9958109782568149
NIFTY_SMALLCAP_250,2026-05-12,10,RISK_ON,0.9983516791088793
NIFTY_SMALLCAP_250,2026-05-13,10,RISK_ON,0.9965255810148784
NIFTY_SMALLCAP_250,2026-05-14,10,RISK_ON,0.9950892672924799
NIFTY_SMALLCAP_250,2026-05-15,10,STRONG_RISK_ON,0.691083611642251
NIFTY_SMALLCAP_250,2026-05-18,10,STRONG_RISK_ON,0.9963746486389319
NIFTY_SMALLCAP_250,2026-05-19,10,STRONG_RISK_ON,0.9932352606816696
NIFTY_SMALLCAP_250,2026-05-20,10,STRONG_RISK_ON,0.9957123708767549
NIFTY_SMALLCAP_250,2026-05-21,10,STRONG_RISK_ON,0.991400127612975
NIFTY_SMALLCAP_250,2026-05-22,10,RISK_ON,0.9765188346565161
NIFTY_SMALLCAP_250,2026-05-25,10,RISK_ON,0.9935212823148916
NIFTY_SMALLCAP_250,2026-05-26,10,RISK_ON,0.9877791041972082
NIFTY_SMALLCAP_250,2026-05-27,10,RISK_ON,0.9872215895054287
NIFTY_SMALLCAP_250,2026-05-28,10,NEUTRAL,0.6282612975421075
NIFTY_SMALLCAP_250,2026-05-29,10,RISK_ON,0.78758132552332
NIFTY_SMALLCAP_250,2026-06-01,10,RISK_ON,0.9946391147407964
NIFTY_SMALLCAP_250,2026-06-02,10,RISK_ON,0.9928347972511385
NIFTY_SMALLCAP_250,2026-06-03,10,RISK_ON,0.9931495567298968
NIFTY_SMALLCAP_250,2026-06-04,10,RISK_ON,0.9945090739008361
NIFTY_SMALLCAP_250,2026-06-05,10,RISK_ON,0.9909521889477253
