symbol,Date,horizon,P_STRONG_RISK_OFF,P_RISK_OFF,P_NEUTRAL,P_RISK_ON,P_STRONG_RISK_ON
NIFTY_50,2021-08-26,5,6.405377633749234e-05,0.00018942974557275722,0.012633874022624787,0.013211878842832975,0.973900763612632
NIFTY_50,2021-09-08,5,0.0001016211483310803,0.0002292820129893652,0.0010560315008779134,0.035695407308331206,0.9629176580294704
NIFTY_50,2021-09-09,5,2.6067146148936492e-05,6.332987249272488e-05,0.0003247371691777277,0.005887951843837231,0.9936979139683434
NIFTY_50,2021-09-13,5,2.2970104751085087e-05,5.580564119751567e-05,0.00027247120207332415,0.007036321404076701,0.9926124316479015
NIFTY_50,2021-09-14,5,2.5605967482391357e-05,6.094695281834375e-05,0.0002973395246417568,0.007794025117393001,0.9918220824376646
NIFTY_50,2021-09-20,5,2.02819801338221e-05,4.687877805877269e-05,0.0002884442270879856,0.002189713043286907,0.9974546819714324
NIFTY_50,2021-09-21,5,2.2751360380664173e-05,5.279675823939843e-05,0.00021445932624660727,0.0032688600502009473,0.9964411325049324
NIFTY_50,2021-09-22,5,2.3612918646819483e-05,5.585010076263881e-05,0.00022976843070858432,0.003527550125581401,0.9961632184243004
NIFTY_50,2021-09-27,5,3.168298088824455e-05,7.148450647195192e-05,0.00028255257495923906,0.005465462686859438,0.9941488172508212
NIFTY_50,2021-09-28,5,3.451386809870774e-05,7.856919017906523e-05,0.00028066655107582066,0.004749619997088926,0.9948566303935574
NIFTY_50,2021-09-29,5,2.8567472672452356e-05,7.125643317559282e-05,0.00031406391289641916,0.005471895908163635,0.9941142162730919
NIFTY_50,2021-09-30,5,1.9216022229662555e-05,4.527293590094463e-05,0.0005166061325393718,0.003247694008786573,0.9961712109005435
NIFTY_50,2021-10-01,5,4.301864971989608e-05,0.00010597788805345024,0.002064695202618056,0.011077430752626025,0.9867088775069826
NIFTY_50,2021-10-04,5,2.4652601442989732e-05,6.156958933794462e-05,0.0008796263087803157,0.008380481230296923,0.9906536702701417
NIFTY_50,2021-10-05,5,4.702807102098889e-05,0.0001115171491077682,0.0009227367158727828,0.010269698189010341,0.9886490198749881
NIFTY_50,2021-10-06,5,5.134693850994599e-05,0.00012761961558009974,0.004359408063144623,0.01207163196416477,0.9833899934186004
NIFTY_50,2021-10-07,5,3.20163459966565e-05,8.83886747651212e-05,0.0012162198614836348,0.0067757453266855325,0.991887629791069
NIFTY_50,2021-10-08,5,4.892777040441209e-05,0.00013113613020019198,0.002045602945641442,0.00901163392910128,0.9887626992246527
NIFTY_50,2021-10-11,5,6.942904242255172e-05,0.000168712518709237,0.0012837233316420435,0.017600574607676757,0.9808775604995493
NIFTY_50,2021-10-20,5,5.207062200416064e-05,0.0001328994231643267,0.00047001476530330753,0.023825960082239986,0.9755190551072882
NIFTY_50,2021-10-21,5,5.041365508054852e-05,0.0001286703600213358,0.0011020494403566337,0.022909778174813683,0.9758090883697277
NIFTY_50,2021-10-22,5,0.0004311500001063665,0.0011291138851609488,0.011565799066948658,0.8827602874303435,0.10411364961744067
NIFTY_50,2021-10-25,5,7.424208955297902e-05,0.0001841139343830074,0.004367818216354014,0.038124604013860974,0.957249221745849
NIFTY_50,2021-10-26,5,3.6567872520686734e-05,8.854509740507896e-05,0.002074403386053104,0.01891293530624656,0.9788875483377745
NIFTY_50,2021-10-27,5,5.211737752366213e-05,0.0001314654289253999,0.0038609683793817216,0.022930079373548917,0.9730253694406202
NIFTY_50,2021-10-28,5,8.199665637457303e-05,0.0009005201032180438,0.007687019980960685,0.051039754097165144,0.9402907091622815
NIFTY_50,2021-10-29,5,0.00029975578652523754,0.0032946662386135646,0.03536486494226254,0.952785833483922,0.008254879548676626
NIFTY_50,2021-11-01,5,0.00014510489855232606,0.0018105398205161165,0.01904984509594311,0.9620708542873805,0.016923655897607824
NIFTY_50,2021-11-02,5,0.00014228901188636996,0.001207751160904669,0.01592094678643572,0.9642116539888933,0.018517359051879904
NIFTY_50,2021-11-03,5,0.00016263237260076238,0.0017725514097543626,0.023179964423400656,0.968826263989191,0.006058587805053218
NIFTY_50,2021-11-04,5,0.0001638372594804961,0.003362838318260899,0.022892478352651947,0.9695370564687078,0.004043789600899006
NIFTY_50,2021-11-08,5,0.00012620384896880205,0.0010441841153042632,0.02222756773084563,0.9659542094616551,0.010647834843226274
NIFTY_50,2021-11-09,5,0.00017996652120732824,0.001998906398873379,0.03985013340211246,0.9536423376133981,0.004328656064408725
NIFTY_50,2021-11-10,5,0.0001845339959795198,0.002360186060298636,0.0555503418370276,0.9403769260337886,0.00152801207290558
NIFTY_50,2021-11-11,5,0.0005264496953845774,0.008960338526342836,0.1237965508787959,0.8614842808451045,0.005232380054371967
NIFTY_50,2021-11-12,5,0.0006378025917532476,0.011114190061393336,0.8591093631492865,0.12368066153122297,0.005457982666343932
NIFTY_50,2021-11-15,5,0.00040782915836477666,0.0072679269233091245,0.9108054728754041,0.07796888970813452,0.003549881334787372
NIFTY_50,2021-11-16,5,0.0005582749997789203,0.0096695982993303,0.8809664716657194,0.10191273515399711,0.006892919881174291
NIFTY_50,2021-11-17,5,0.0005664999774196896,0.013441114801720264,0.9379476916475582,0.044588158073988256,0.0034565354993135937
NIFTY_50,2021-11-18,5,0.0002963936989013243,0.007251483867821122,0.9775478436650306,0.013512000606131773,0.0013922781621154689
NIFTY_50,2021-11-22,5,0.0004444067547475854,0.03639813837723408,0.9589642480765115,0.003499207484659186,0.0006939993068478103
NIFTY_50,2021-11-23,5,0.00029152597326584525,0.010148991682126032,0.9879022283544315,0.001286106059846518,0.0003711479303301617
NIFTY_50,2021-11-24,5,0.00021764595902716086,0.00903743235684702,0.9895208826791214,0.0009727017714951289,0.0002513372335093637
NIFTY_50,2021-11-25,5,0.00018742272635892396,0.0046592078251672785,0.9932683778880794,0.0015406192005074442,0.0003443723598867995
NIFTY_50,2021-11-26,5,0.0011981732022444615,0.0807353193835722,0.9162595874160737,0.001373997498190734,0.00043292249991874114
NIFTY_50,2021-11-29,5,0.000710855925953776,0.7240143459322084,0.27291179739561977,0.001830015229893229,0.000532985516324995
NIFTY_50,2021-11-30,5,0.0007494303405030064,0.0774276745404091,0.9182955157237637,0.0030893880189201447,0.000437991376403972
NIFTY_50,2021-12-01,5,0.00019793766675883158,0.016928287230695387,0.9818653979263022,0.0006513711500516012,0.000357006026191845
NIFTY_50,2021-12-02,5,0.000244169921400554,0.00917004027969248,0.9893796138065644,0.0007782278159275366,0.0004279481764149205
NIFTY_50,2021-12-03,5,0.0002827691991052966,0.03434857162769018,0.9638778108713191,0.000969370966542439,0.0005214773353430688
NIFTY_50,2021-12-06,5,0.0008411239991976818,0.02277079727506236,0.9749414182391609,0.0010710259684534222,0.0003756345181256371
NIFTY_50,2021-12-07,5,0.0003323970968164847,0.010227274162579505,0.9876885587341464,0.0013250249541292298,0.000426745052328347
NIFTY_50,2021-12-08,5,0.000328684434782408,0.021509201195802824,0.9760454001339857,0.001584555322187674,0.0005321589132411562
NIFTY_50,2021-12-09,5,0.0003965490365697603,0.06567488228648667,0.9276805295331552,0.005679630993614889,0.0005684081501734396
NIFTY_50,2021-12-10,5,0.00027745853833082145,0.8495672271693131,0.14629079362494543,0.003512539919034366,0.0003519807483762671
NIFTY_50,2021-12-13,5,0.00018749005063774092,0.9330255231111312,0.06590863560826281,0.0006524327361096976,0.0002259184938585
NIFTY_50,2021-12-14,5,0.0002494673943199279,0.9317526913789275,0.06649086962774986,0.001201288538436561,0.0003056830605662969
NIFTY_50,2021-12-15,5,0.0016754528948926528,0.9186407391315184,0.07718940963012545,0.0021459380889244234,0.00034846025453900606
NIFTY_50,2021-12-16,5,0.0007268927953450982,0.9198831073101065,0.076953751639609,0.0020661342090227096,0.00037011404591680107
NIFTY_50,2021-12-17,5,0.001523781508633099,0.9316426137529746,0.06543605614463402,0.0011585017828712003,0.00023904681088697885
NIFTY_50,2021-12-20,5,0.0022969486895527123,0.9517208924241144,0.043421271495615366,0.0021469282045167735,0.0004139591862006749
NIFTY_50,2021-12-21,5,0.0029423907699015184,0.08806552072705114,0.9050044380121495,0.003344774527967791,0.0006428759629302
NIFTY_50,2021-12-22,5,0.001426006372309449,0.04563473678539781,0.9479242047680851,0.004280291267864946,0.0007347608063426954
NIFTY_50,2021-12-23,5,0.0008930406964586383,0.01907229141817434,0.9774119084875238,0.0022057858793811357,0.00041697351846223664
NIFTY_50,2021-12-24,5,0.0015320791172498268,0.09176991693446475,0.8957252219586206,0.01027999988248207,0.0006927821071827817
NIFTY_50,2021-12-27,5,0.0017322883971910715,0.018853845815723063,0.9658681608498024,0.012984796270403453,0.0005609086668800445
NIFTY_50,2021-12-28,5,0.0008697546691414285,0.022633761191337583,0.04719566354032909,0.9291375875455147,0.00016323305367736834
NIFTY_50,2021-12-29,5,0.000253982372461739,0.01150311952187308,0.020645240424569725,0.96752000901338,7.764866771529175e-05
NIFTY_50,2021-12-30,5,0.0002474660178441648,0.012828238726103332,0.02928036305300785,0.9575663752486591,7.75569543856122e-05
NIFTY_50,2021-12-31,5,0.00013128299093708402,0.012672972249755592,0.041402510071693564,0.9451473585783084,0.0006458761093054852
NIFTY_50,2022-01-03,5,0.0001294803949551858,0.0027880474136828047,0.021088961362624916,0.9747618775172822,0.001231633311454918
NIFTY_50,2022-01-04,5,9.219300658449516e-05,0.0012957578453035297,0.009240206061781194,0.9884574668631383,0.0009143762231925281
NIFTY_50,2022-01-05,5,0.00010265157284520426,0.0015080770857728708,0.010279185004671738,0.9802120719345051,0.007898014402205123
NIFTY_50,2022-01-06,5,0.00015782603309256928,0.006734467579578474,0.03704955593223126,0.9525668392805,0.0034913111745975994
NIFTY_50,2022-01-07,5,0.00010327986214265195,0.00186719625606055,0.02467330066988335,0.9703419860064876,0.003014237205425898
NIFTY_50,2022-01-10,5,0.00014221455059858053,0.002163387322676454,0.033118923720163986,0.04900540490685457,0.9155700694997065
NIFTY_50,2022-01-11,5,0.00024748374266380546,0.003221270776170001,0.0906946532712376,0.8873471238828293,0.01848946832709923
NIFTY_50,2022-01-12,5,0.0002953810278723545,0.001487743828888986,0.06711879866969413,0.9221925940935456,0.00890548237999903
NIFTY_50,2022-01-13,5,0.00021819680013408937,0.0034715237892575454,0.10076814955437864,0.8880574707573413,0.007484659098888368
NIFTY_50,2022-01-14,5,0.00030385332357810727,0.0048145884624536195,0.9260446537296227,0.05988199140074107,0.008954913083604452
NIFTY_50,2022-01-17,5,0.0003058355401341509,0.0014707846908329808,0.9591023039190252,0.02708231739118546,0.012038758458822267
NIFTY_50,2022-01-18,5,0.00038512923771772154,0.0063584925779922976,0.9465219180848266,0.035315824536841824,0.011418635562621737
NIFTY_50,2022-01-19,5,0.00034146078636814435,0.012186042078973525,0.962419697579847,0.016916427368241536,0.008136372186569636
NIFTY_50,2022-01-20,5,0.00023278686725991546,0.015063222954536147,0.9614079208787188,0.019451912683218886,0.0038441566162661614
NIFTY_50,2022-01-21,5,0.001516179787416673,0.026977665981809756,0.9380768593083009,0.031494166019919535,0.0019351289025532343
NIFTY_50,2022-01-24,5,0.003718878718855336,0.01706275371913519,0.9074736680941098,0.07143892213940875,0.0003057773284909561
NIFTY_50,2022-01-25,5,0.00030822324357085494,0.00471387009413936,0.10724503615627948,0.8875119594315436,0.00022091107446689694
NIFTY_50,2022-01-27,5,0.0002076316620662649,0.005752418729009699,0.08129038434618795,0.9125492666835534,0.0002002985791826602
NIFTY_50,2022-01-28,5,0.0012361911796085485,0.02588056261095068,0.9253472648496318,0.0466349688091086,0.0009010125507005851
NIFTY_50,2022-01-31,5,0.0023078977665397394,0.01702107630891959,0.9535170154122012,0.025480991031419816,0.001673019480919667
NIFTY_50,2022-02-01,5,0.0004931853994324055,0.013750740221688859,0.971183024693878,0.012757642000287233,0.001815407684713527
NIFTY_50,2022-02-02,5,0.00037979921512963936,0.0052019289019487585,0.9559878245416328,0.03270741746021186,0.0057230298810769225
NIFTY_50,2022-02-03,5,0.0004477710036148804,0.026743042885900358,0.9596659050703151,0.011472306698188202,0.0016709743419814317
NIFTY_50,2022-02-04,5,0.0018327597297659833,0.05800482279692254,0.9303793745745783,0.007195396346492211,0.0025876465522410284
NIFTY_50,2022-02-07,5,0.0016217801150537527,0.7739799729734848,0.21496505328589016,0.006922560252136238,0.002510633373435116
NIFTY_50,2022-02-08,5,0.003433026886536982,0.09996700820053198,0.8880159833383662,0.005950426601346581,0.0026335549732181807
NIFTY_50,2022-02-09,5,0.0011604413654899947,0.025233440139964362,0.9668066796162289,0.004918869300672942,0.0018805695776439508
NIFTY_50,2022-02-10,5,0.0005042464486798373,0.03207928984019963,0.9558576254239974,0.009284659245617416,0.0022741790415055515
NIFTY_50,2022-02-11,5,0.004775406535604708,0.04734647202741756,0.9439564247600294,0.0031685522987166892,0.0007531443782316583
NIFTY_50,2022-02-14,5,0.002289869185600142,0.08747500735977334,0.9068726644179713,0.002848995906720886,0.0005134631299344957
NIFTY_50,2022-02-15,5,0.001647279500870791,0.022928426805656883,0.970940723942575,0.0018442690064429939,0.002639300744454505
NIFTY_50,2022-02-16,5,0.003040854377016557,0.0875391962347769,0.9021072350783058,0.002979393921711598,0.004333320388189133
NIFTY_50,2022-02-17,5,0.0008410087104243027,0.9028436941179924,0.09418873459804455,0.0017248398471639856,0.0004017227263749064
NIFTY_50,2022-02-18,5,0.0012161763984475308,0.9226296614747334,0.07226305959363145,0.0034516763327804957,0.00043942620040728715
NIFTY_50,2022-02-21,5,0.0007266075441700292,0.9541851332413622,0.04367236757863677,0.0011919953907956757,0.00022389624503529727
NIFTY_50,2022-02-22,5,0.0006630125253009609,0.960285606327723,0.038173048605497105,0.0007298161984476425,0.00014851634303155196
NIFTY_50,2022-02-23,5,0.0007528349078705287,0.9504837250158557,0.047787935796448695,0.0008099091086472936,0.0001655951711778523
NIFTY_50,2022-02-25,5,0.00822745178973984,0.9510714974500455,0.039219012928624605,0.0010343326963541356,0.0004477051352359982
NIFTY_50,2022-02-28,5,0.004813455863269133,0.9481894138963781,0.044167839620341355,0.0023787638447298177,0.00045052677528156424
NIFTY_50,2022-03-02,5,0.008037461007343186,0.9553820915428459,0.035309316649729604,0.0009064939369190776,0.0003646368631620763
NIFTY_50,2022-03-03,5,0.004118085706188241,0.9778294224988423,0.017159227200969608,0.0006204020913793612,0.0002728625026203829
NIFTY_50,2022-03-04,5,0.016014221433700595,0.9683917023327628,0.014566023547808843,0.0007245368540696117,0.0003035158316581805
NIFTY_50,2022-03-09,5,0.0234994061623928,0.8652084915526692,0.10577703425135161,0.00371848998870928,0.0017965780448770685
NIFTY_50,2022-03-10,5,0.006114260950444153,0.09204010101982087,0.9000653287400554,0.0012166465035761877,0.0005636627861036802
NIFTY_50,2022-03-11,5,0.003985175428342777,0.06771299935093367,0.9260431037537807,0.0018546265901103582,0.0004040948768323519
NIFTY_50,2022-03-14,5,0.0031467016237195014,0.011073063959848466,0.9831554618769888,0.001524986756211662,0.001099785783231649
NIFTY_50,2022-03-15,5,0.008693932762285212,0.07176500959686159,0.917975350254134,0.0011075496524234072,0.00045815773429588023
NIFTY_50,2022-03-16,5,0.0018935149294497112,0.007119816867187163,0.9896575898540534,0.0008073613116020284,0.0005217170377076194
NIFTY_50,2022-03-17,5,0.00018546090349497556,0.013995033544898932,0.9824932060378903,0.0029325387528052996,0.00039376076091054925
NIFTY_50,2022-03-21,5,0.0003472476661485955,0.03012765637655408,0.9655632761969302,0.003550878692591557,0.00041094106777572623
NIFTY_50,2022-03-22,5,0.0005466158428628949,0.031101517139391174,0.9513610273821942,0.015962297986931696,0.001028541648620046
NIFTY_50,2022-03-23,5,0.0007578950132226221,0.04922775588861591,0.937107791473644,0.010790499918688702,0.002116057705828789
NIFTY_50,2022-03-24,5,0.0003663262667656937,0.014115667014638065,0.9796463953536627,0.004969452836757097,0.0009021585281764546
NIFTY_50,2022-03-25,5,0.0009203526923440538,0.02845098707467539,0.9551707000680989,0.014337616299734084,0.0011203438651475248
NIFTY_50,2022-03-28,5,0.0008013658323405829,0.04900636806297047,0.9323215501487492,0.016686621641127424,0.001184094314812309
NIFTY_50,2022-03-29,5,0.000677601186451915,0.021968661679870077,0.18701624420450835,0.7884226898366938,0.0019148030924758903
NIFTY_50,2022-03-30,5,0.0003853114069787978,0.02186460239351661,0.963564827728161,0.01281262529321394,0.0013726331781292826
NIFTY_50,2022-03-31,5,0.0006619062812464241,0.04951892974556335,0.9202397116299785,0.02716451714773152,0.0024149351954801143
NIFTY_50,2022-04-01,5,0.00041485782056023307,0.010073263372060689,0.9726706623641856,0.015628901274045075,0.0012123151691480897
NIFTY_50,2022-04-04,5,0.0004791286715516607,0.006032004880199438,0.9603193641898362,0.028233238981957988,0.004936263276454438
NIFTY_50,2022-04-05,5,0.0004031211594583181,0.012359931423261798,0.9431008731300958,0.042034076963465665,0.002101997323718419
NIFTY_50,2022-04-06,5,0.0007634957244262352,0.023763364194312908,0.95167095177367,0.021354093903815298,0.0024480944037753916
NIFTY_50,2022-04-07,5,0.0003047940553897581,0.9297340463681408,0.0646796839799822,0.0046597350166259115,0.0006217405798613008
NIFTY_50,2022-04-08,5,0.0003567179020060702,0.868908851860848,0.11807209794914925,0.011228946937847067,0.001433385350149852
NIFTY_50,2022-04-11,5,0.0002567393764030667,0.909773195331619,0.07410253486472887,0.015106720454399493,0.0007608099728493949
NIFTY_50,2022-04-12,5,0.000815074924253855,0.14078640082117527,0.8091833349599091,0.04649220539595046,0.002722983898711397
NIFTY_50,2022-04-13,5,0.00036884746945277873,0.8901933568077406,0.07894008132409498,0.02902212704776444,0.0014755873509470835
NIFTY_50,2022-04-18,5,0.001584632281910817,0.9788268347545874,0.017647851692849822,0.001681590195427708,0.00025909107522438047
NIFTY_50,2022-04-19,5,0.0011917917315879668,0.9848345982402573,0.01237666914813636,0.001448945313230298,0.00014799556678812446
NIFTY_50,2022-04-20,5,0.0013503762044103195,0.9868187313085617,0.010041486223101843,0.0016868658756388712,0.00010254038828726094
NIFTY_50,2022-04-21,5,0.0002971710893245675,0.9320166605797302,0.06289909239016872,0.004457698728456949,0.00032937721231959723
NIFTY_50,2022-04-22,5,0.0009425454008329151,0.987519215015848,0.009810329723158323,0.0016509182130593524,7.699164710118883e-05
NIFTY_50,2022-04-25,5,0.002191993396729295,0.9889949248210608,0.007542017178119769,0.0011851054867451577,8.595911734508396e-05
NIFTY_50,2022-04-26,5,0.001211044140706319,0.9740744060688682,0.02285760397738548,0.001715844873754537,0.0001411009392854352
NIFTY_50,2022-04-27,5,0.002153192609067727,0.9836119654675067,0.013182256038940035,0.0009679944057440176,8.459147874112228e-05
NIFTY_50,2022-04-28,5,0.0018026131971011058,0.9614183072048285,0.03570242231690419,0.0009426397501534943,0.00013401753101270034
NIFTY_50,2022-04-29,5,0.002884166077793277,0.9824259347207541,0.013296635255429916,0.0012985347542771397,9.472919174559582e-05
NIFTY_50,2022-05-02,5,0.0026928358913467314,0.9620856809492593,0.03317993325682441,0.0018482328377526327,0.00019331706481715978
NIFTY_50,2022-05-04,5,0.006074290786406721,0.9590651547939457,0.03370340272640007,0.0009217357301915084,0.00023541596305582432
NIFTY_50,2022-05-05,5,0.009497586644877128,0.9512639908614011,0.0381434227049737,0.0008459712201949626,0.00024902856855319155
NIFTY_50,2022-05-06,5,0.02774054654635786,0.9535471851559405,0.017530831907022922,0.0009938331427568313,0.00018760324792190412
NIFTY_50,2022-05-09,5,0.010357237313916662,0.9786680139504926,0.010489557781564194,0.0003274922635547751,0.0001576986904718731
NIFTY_50,2022-05-10,5,0.02763407872677904,0.9639501833456009,0.007862825783466927,0.0003636235317161205,0.00018928861243708831
NIFTY_50,2022-05-11,5,0.9714166663911458,0.0263257686172266,0.002126301379404743,8.662672337339627e-05,4.4636888849485575e-05
NIFTY_50,2022-05-12,5,0.9877494904887856,0.010380504245235374,0.0016981165709804105,0.00012083613074768248,5.1052564250942165e-05
NIFTY_50,2022-05-13,5,0.9849092883666418,0.012810992519990794,0.00209350806299077,0.00013227893978578033,5.393211059094592e-05
NIFTY_50,2022-05-16,5,0.997228399264792,0.00131778136696671,0.001364113492521046,6.397719122084085e-05,2.5728684499388033e-05
NIFTY_50,2022-05-17,5,0.9864417189794554,0.010303646483498612,0.0031251068045997665,8.997738037717629e-05,3.955035206901631e-05
NIFTY_50,2022-05-18,5,0.9863896327879403,0.011327949725287886,0.002200472672653963,5.409381157863966e-05,2.7851002539150593e-05
NIFTY_50,2022-05-19,5,0.9926409957438214,0.006160903778810991,0.0011144656254405542,5.546274577416309e-05,2.8172106152982706e-05
NIFTY_50,2022-05-20,5,0.948891361843315,0.028196286512034,0.022520617633341115,0.00025993975034825347,0.00013179426096180947
NIFTY_50,2022-05-23,5,0.08241340780241531,0.8403645151465057,0.07496811017409262,0.0015002568301160572,0.0007537100468703369
NIFTY_50,2022-05-24,5,0.9914145536119452,0.004957754648895147,0.003525061661196512,6.795405190924846e-05,3.467602605393614e-05
NIFTY_50,2022-05-25,5,0.9958649583461274,0.0032578158508367733,0.0008159017681646446,4.065711574119412e-05,2.0666919130081275e-05
NIFTY_50,2022-05-26,5,0.981817703571063,0.016682466757226615,0.0013509552822272889,9.941215738616719e-05,4.946223209692106e-05
NIFTY_50,2022-05-27,5,0.9903145141005937,0.008409550599824244,0.001197363976992806,5.2967253411696815e-05,2.5604069177688603e-05
NIFTY_50,2022-05-30,5,0.9901178946977071,0.007831087536501835,0.0019452176428807605,6.803276826358157e-05,3.7767354646645024e-05
NIFTY_50,2022-05-31,5,0.9782615524860312,0.017380792251611907,0.004071094083165507,0.00018286445398322387,0.00010369672520833263
NIFTY_50,2022-06-01,5,0.9898810573330051,0.00884730491810834,0.0011798719484790267,6.0789437797027746e-05,3.097636261033831e-05
NIFTY_50,2022-06-02,5,0.9939150901724646,0.003977637466375659,0.0019607801810063792,0.0001062242761904063,4.026790396278546e-05
NIFTY_50,2022-06-03,5,0.9899145167231037,0.004582987048454627,0.005397830025934417,7.580811759827968e-05,2.885808490911944e-05
NIFTY_50,2022-06-06,5,0.990605899493823,0.0049656671921788085,0.004344245345884273,5.577563975995887e-05,2.8412328353853515e-05
NIFTY_50,2022-06-07,5,0.9897343781884334,0.006589442550628534,0.003575079791446567,7.120029312174648e-05,2.9899176369695e-05
NIFTY_50,2022-06-08,5,0.9923247396362207,0.004003903258046197,0.0035925143455969454,6.0077471700058985e-05,1.8765288436021294e-05
NIFTY_50,2022-06-09,5,0.9904772291439946,0.00437129837916141,0.005051979266306612,7.012154799279582e-05,2.937166254458206e-05
NIFTY_50,2022-06-10,5,0.9923358375601137,0.004774869209224217,0.0028236546341037804,4.706551402875686e-05,1.8573082529445287e-05
NIFTY_50,2022-06-13,5,0.9860446649878056,0.012610192352834315,0.001259257944780546,6.45056722046762e-05,2.1379042374794245e-05
NIFTY_50,2022-06-14,5,0.9849879059813662,0.014142404388933555,0.0007965058727684493,5.538403267054073e-05,1.7799724261346745e-05
NIFTY_50,2022-06-15,5,0.9923552995135404,0.006716708011777048,0.0008624819036341955,4.920320737724008e-05,1.630736367115241e-05
NIFTY_50,2022-06-20,5,0.9940997974208727,0.004787882437189612,0.0009819434166915763,0.00010270012079121015,2.767660445484694e-05
NIFTY_50,2022-06-21,5,0.9928803496183486,0.005809047685725474,0.0012374632226486812,5.5187001088076025e-05,1.7952472189284814e-05
NIFTY_50,2022-06-22,5,0.9952477019167227,0.0032246248264771495,0.0013952936138280486,0.00010250355153138547,2.9876091440844205e-05
NIFTY_50,2022-06-23,5,0.9951864175618979,0.004349720880711765,0.0003812268074239802,6.493668436093205e-05,1.7698065605571644e-05
NIFTY_50,2022-06-24,5,0.9946979694449243,0.0030860397178767013,0.0021125704284231106,7.50854375524098e-05,2.833497122341085e-05
NIFTY_50,2022-06-27,5,0.9908287668938679,0.006303102810993147,0.002732866840450778,9.769758889067014e-05,3.756586579751633e-05
NIFTY_50,2022-06-28,5,0.9786841908224139,0.016963141586536185,0.004146339299206232,0.00014683981652209723,5.948847532168927e-05
NIFTY_50,2022-06-29,5,0.9609478193574038,0.03209475657081582,0.006584458991054738,0.0002557944710486471,0.00011717060967711315
NIFTY_50,2022-06-30,5,0.9530762027865324,0.042698896688169265,0.003952490361584833,0.0001990345196377399,7.33756440757738e-05
NIFTY_50,2022-07-01,5,0.05404578588091486,0.9261912294465371,0.018261225093886255,0.0010676275620523687,0.00043413201660949026
NIFTY_50,2022-07-04,5,0.05716966315473235,0.9206481554001746,0.020001193756030603,0.0015617008806905353,0.0006192868083720059
NIFTY_50,2022-07-05,5,0.9518284734473553,0.04522320440491664,0.0026384684220141378,0.0002187102282954483,9.114349741844364e-05
NIFTY_50,2022-07-06,5,0.9694619860991266,0.024469924512509417,0.005728891373667721,0.0002520775250346981,8.712048966168488e-05
NIFTY_50,2022-07-07,5,0.9854813239898099,0.010737848309670603,0.0035650984791477146,0.00017106289222483282,4.466632914689105e-05
NIFTY_50,2022-07-08,5,0.9402558779960523,0.0359686577279742,0.022161082911597543,0.0015076743781367251,0.00010670698623919574
NIFTY_50,2022-07-11,5,0.01803374430752282,0.9069277991354686,0.0696253172723408,0.005079006059076566,0.00033413322559103014
NIFTY_50,2022-07-12,5,0.009472654329316226,0.9116022715847855,0.07761045092641453,0.001014016061844464,0.0003006070976393304
NIFTY_50,2022-07-13,5,0.00698656238395098,0.9325192887757917,0.05904287959173277,0.001120207246413053,0.0003310620021113702
NIFTY_50,2022-07-14,5,0.02217003256298167,0.2383823329753292,0.7361083616088654,0.002554373490069828,0.0007848993627538269
NIFTY_50,2022-07-15,5,0.012861496790246387,0.10043636787964814,0.883401759314792,0.0026118570010065993,0.0006885190143068517
NIFTY_50,2022-07-18,5,0.007195016080733677,0.0495576533260867,0.9367314526925882,0.0060370807202110134,0.00047879718038045676
NIFTY_50,2022-07-19,5,0.004063838748565748,0.8139094066921876,0.17719673335309435,0.004531188060779995,0.0002988331453722951
NIFTY_50,2022-07-20,5,0.0056341114422314076,0.01953548723529216,0.9690304417859943,0.00545864460843287,0.0003413149280493402
NIFTY_50,2022-07-21,5,0.0025623389363136854,0.025957327914234555,0.9593579738802935,0.011844995130323123,0.0002773641388351497
NIFTY_50,2022-07-22,5,0.0005388247217108053,0.015131093282684553,0.9757776624921101,0.008203767945928765,0.0003486515575658461
NIFTY_50,2022-07-25,5,0.0016012561295657458,0.022312888787659954,0.9703842256477949,0.0053083739396567985,0.00039325549532263877
NIFTY_50,2022-07-26,5,0.003105979865789444,0.07072143769640525,0.9221657651579176,0.0035167307453164293,0.0004900865345713601
NIFTY_50,2022-07-27,5,0.0020608474306201257,0.016486542473929697,0.9729750679087622,0.008086207345966722,0.0003913348407214955
NIFTY_50,2022-07-28,5,0.0013888148042509108,0.02347334044468186,0.9693834959716257,0.005358978441944758,0.00039537033749696546
NIFTY_50,2022-07-29,5,0.0007639869253202066,0.0036592689200552657,0.986735106861765,0.008310222594213578,0.0005314146986458157
NIFTY_50,2022-08-01,5,0.0006656424294795297,0.0022732291433830406,0.9803413923761567,0.015018484259970013,0.0017012517910107976
NIFTY_50,2022-08-02,5,0.0006145073185923396,0.0012962484087678965,0.9673735921698366,0.028718985670493243,0.001996666432309857
NIFTY_50,2022-08-03,5,0.0008890913995610683,0.0029648296741362212,0.8865739361484337,0.10300452443087917,0.00656761834698985
NIFTY_50,2022-08-04,5,0.00047251251430002256,0.0012849427643687604,0.09498387521455112,0.8963234117100355,0.006935257796744647
NIFTY_50,2022-08-05,5,0.0003510345485489539,0.0015732225332468603,0.056282016812453574,0.9293816737087591,0.012412052396991623
NIFTY_50,2022-08-08,5,7.599213314861561e-05,0.00020143197156307987,0.008544602267153015,0.04596910295050806,0.9452088706776272
NIFTY_50,2022-08-10,5,7.796445561915157e-05,0.00020731010321759042,0.006630503973916223,0.053078881804140686,0.9400053396631064
NIFTY_50,2022-08-11,5,0.0002774226258266528,0.0006982833313905924,0.021419997639161307,0.9503871937272848,0.027217102676336653
NIFTY_50,2022-08-12,5,0.00020265315271158878,0.00045731077091543717,0.013014552182635633,0.9808515172406681,0.005473966653069175
NIFTY_50,2022-08-16,5,0.00012075251221665444,0.00028333994362374844,0.00210847006377271,0.9949113152403531,0.002576122240033534
NIFTY_50,2022-08-17,5,0.00029299084262940204,0.000698075056599118,0.004489267207590369,0.9875510157605738,0.006968651132607171
NIFTY_50,2022-08-18,5,0.00032681748485189987,0.0007375022492690767,0.005039169897815696,0.9844926718946219,0.009403838473441261
NIFTY_50,2022-08-19,5,0.00018437347736465387,0.00042688237628269116,0.012660900828128468,0.9823622903331352,0.004365552985088947
NIFTY_50,2022-08-22,5,0.00011029141742498835,0.0004371006193833759,0.008124418679893223,0.990589887927833,0.0007383013554654434
NIFTY_50,2022-08-23,5,0.0001817437022152209,0.00044150740149925095,0.020095735210721204,0.9776370108649224,0.0016440028206418634
NIFTY_50,2022-08-24,5,0.00024051183094245487,0.000559918227483079,0.02872793631314865,0.9680265943777174,0.002445039250708429
NIFTY_50,2022-08-25,5,0.00013606527154806295,0.0006472476240579964,0.012548830114161273,0.9859623271525694,0.0007055298376630819
NIFTY_50,2022-08-26,5,0.00018225563371449961,0.0026544545434119588,0.016695703004051286,0.9790940639486703,0.0013735228701518068
NIFTY_50,2022-08-29,5,0.00020167799189275276,0.007422177305699185,0.020442826694917458,0.968927408669092,0.003005909338398638
NIFTY_50,2022-08-30,5,0.0006293519961435249,0.0014781073078922503,0.8050482195132797,0.18481579912644436,0.00802852205624021
NIFTY_50,2022-09-01,5,0.00014557096008152687,0.017961441570826173,0.017919699840744218,0.9632517527098413,0.0007215349185070081
NIFTY_50,2022-09-02,5,0.0001251829770759874,0.01273949157180352,0.015947443786072445,0.9707951607151086,0.000392720949939341
NIFTY_50,2022-09-05,5,0.00023337334702358282,0.001474355434352027,0.05689857772622595,0.9399750732955573,0.0014186201968410216
NIFTY_50,2022-09-06,5,0.0002920774876211169,0.003353420554227751,0.06104572831706064,0.9336368754413634,0.001671898199727053
NIFTY_50,2022-09-07,5,0.00017649262795279378,0.019227218684039253,0.03945026735281531,0.9406053335688893,0.0005406877663033066
NIFTY_50,2022-09-08,5,0.0004057572081652425,0.005887615944322598,0.13315402534393797,0.8584322494400679,0.0021203520635063072
NIFTY_50,2022-09-09,5,0.0008778854973131767,0.002684722892020555,0.864822859698053,0.12717793875362798,0.004436593158985193
NIFTY_50,2022-09-12,5,0.0005203479942613243,0.0017377989502534068,0.8886512243680675,0.10603079115956836,0.003059837527849568
NIFTY_50,2022-09-13,5,0.00048592861653959526,0.0012768540459171388,0.9223804746422618,0.07159899595058004,0.004257746744701396
NIFTY_50,2022-09-14,5,0.0005604093203847433,0.002143277142258238,0.9328082870405325,0.06167797808220128,0.0028100484146233147
NIFTY_50,2022-09-15,5,0.0006376035777437984,0.004320519475022323,0.8998164233844658,0.09252875427337431,0.0026966992893939236
NIFTY_50,2022-09-16,5,0.00016957936921701267,0.9645654364199394,0.021192589491891817,0.013593084778676656,0.0004793099402751658
NIFTY_50,2022-09-19,5,0.00012778423903648666,0.9521055372275338,0.03411041054348762,0.013438080474770913,0.00021818751517108185
NIFTY_50,2022-09-20,5,0.0003384933124526379,0.8554548949996869,0.0884592622447869,0.05505584292418211,0.000691506518891455
NIFTY_50,2022-09-21,5,0.00025381600636739616,0.913782014437855,0.05162895495125775,0.03364698424548145,0.0006882303590384159
NIFTY_50,2022-09-22,5,0.00016675231826295017,0.9209263510327195,0.0689333872186043,0.009732166191846704,0.00024134323856661756
NIFTY_50,2022-09-23,5,0.0020848905096252893,0.934128789135065,0.05349312234150206,0.010060880684475144,0.00023231732933250862
NIFTY_50,2022-09-26,5,0.001035457338055844,0.8959900587393902,0.10047447392623682,0.002011893133157753,0.0004881168631593004
NIFTY_50,2022-09-27,5,0.0020341034788765814,0.07340973138799667,0.9231927935481586,0.0010862569583677917,0.00027711462660012657
NIFTY_50,2022-09-28,5,0.0008980904918983166,0.07917076632568464,0.9183917896015686,0.0012496129915778801,0.0002897405892704586
NIFTY_50,2022-09-29,5,0.00154896544773734,0.09142846844198935,0.9056320369449788,0.0009953789239073743,0.00039515024138710235
NIFTY_50,2022-09-30,5,0.0006511395295679148,0.8766160172243402,0.12198737791243991,0.000538707134102244,0.00020675819954972966
NIFTY_50,2022-10-03,5,0.0011339434735525965,0.8959631200881744,0.10190005381575297,0.0008082907240586094,0.00019459189846132986
NIFTY_50,2022-10-04,5,0.00028086404466279015,0.9013241963703016,0.09691275100530847,0.0012362341037502043,0.00024595447597706245
NIFTY_50,2022-10-06,5,0.0001704708892205123,0.9148638993711414,0.08413776436017535,0.000666188454615938,0.00016167692484692352
NIFTY_50,2022-10-07,5,0.00034657890909878914,0.8490714936738607,0.14838255900198535,0.0018855481728396767,0.00031382024221559716
NIFTY_50,2022-10-10,5,0.0016844408493616393,0.10484747685801545,0.8914765227199822,0.0015706541130338146,0.0004209054596070738
NIFTY_50,2022-10-11,5,0.0011257472369125237,0.09052524127424989,0.9069778354203603,0.0010516516149199104,0.0003195244535575148
NIFTY_50,2022-10-12,5,0.0024252900539992136,0.04759172522284917,0.9486116801693502,0.0010514494471834434,0.00031985510661800465
NIFTY_50,2022-10-13,5,0.0013481346513555155,0.064405522692007,0.9329713884102137,0.0009815806527711335,0.0002933735936528329
NIFTY_50,2022-10-14,5,0.0011340883879353836,0.04407833579900823,0.9534966968910707,0.0009810301992948564,0.00030984872269064327
NIFTY_50,2022-10-17,5,0.000760121727903836,0.07324920550473828,0.9213931568618059,0.0038685145133052143,0.0007290013922467275
NIFTY_50,2022-10-18,5,0.0005559481992478051,0.03363087286477182,0.9622246205856546,0.003098949788322416,0.0004896085620031675
NIFTY_50,2022-10-19,5,0.0004093424003122319,0.036073894172637636,0.9584886292690505,0.004688249573017312,0.0003398845849819894
NIFTY_50,2022-10-20,5,0.0003754374716735139,0.0305020342030707,0.9619345557239223,0.006857566100828295,0.00033040650050513435
NIFTY_50,2022-10-21,5,0.0005191146230861482,0.03938130832871979,0.9530746252888898,0.006593097290337731,0.00043185446896669996
NIFTY_50,2022-10-24,5,0.0004314680466317959,0.006597826522982696,0.9680216108290921,0.02373594661963915,0.0012131479816542385
NIFTY_50,2022-10-25,5,0.0003951917768800493,0.01978759109725614,0.9691031662546177,0.009662432988513924,0.0010516178827320115
NIFTY_50,2022-10-27,5,0.00045475300395091415,0.009699713228535162,0.9755219730971784,0.012978787549085852,0.0013447731212498613
NIFTY_50,2022-10-28,5,0.0005240802874361385,0.013371196076561839,0.9731290717474237,0.011555768936891999,0.001419882951686118
NIFTY_50,2022-10-31,5,0.0002885946209926984,0.004474830132714328,0.9454896509444113,0.04800506662302299,0.0017418576788586846
NIFTY_50,2022-11-02,5,0.00019160208659297934,0.0016296560090305753,0.11738960203240754,0.8797963037334507,0.0009928361385182168
NIFTY_50,2022-11-03,5,0.00011976392136329219,0.0009988440449492822,0.08207886823085268,0.916468096041428,0.0003344277614068681
NIFTY_50,2022-11-04,5,0.00019398188812435173,0.00357829765003822,0.15077154333881712,0.8448220411828976,0.0006341359401227522
NIFTY_50,2022-11-09,5,0.0004927064879068644,0.008654294748692256,0.824727808268755,0.1629099025470148,0.0032152879476309995
NIFTY_50,2022-11-10,5,0.00014965838188967437,0.00632095673335355,0.07234574241731988,0.9204789956621859,0.0007046468052509017
NIFTY_50,2022-11-17,5,0.00023132064452978645,0.0008812518408314667,0.04786372974194252,0.9193913342240717,0.03163236354862454
NIFTY_50,2022-11-18,5,0.0001017360153412331,0.0019338324458371687,0.027819389852429776,0.06212695613582317,0.9080180855505686
NIFTY_50,2022-11-21,5,0.0002294953622934564,0.012985862351087856,0.09366903378202233,0.8891029835037816,0.004012625000814708
NIFTY_50,2022-11-22,5,0.00018763627032664996,0.0024006964063647824,0.056073102146146324,0.9322971891904157,0.009041375986746621
NIFTY_50,2022-11-23,5,0.00019863389091466347,0.002159611146217819,0.053817841824165165,0.9356928263718015,0.00813108676690079
NIFTY_50,2022-12-02,5,0.0001886408445835845,0.000687373137815803,0.053174867545809766,0.9427566645051614,0.003192453966629393
NIFTY_50,2022-12-05,5,0.0001977231456105774,0.0007204674009871367,0.06525444091458883,0.9302008787937978,0.003626489745015736
NIFTY_50,2022-12-06,5,0.00021604584437127152,0.0007879134088257458,0.09697877925858409,0.8979781829661495,0.004039078522069464
NIFTY_50,2022-12-07,5,0.0002735652004434892,0.005468627303418361,0.1345543434078783,0.8547851750159496,0.0049182890723101814
NIFTY_50,2022-12-08,5,0.0006364929352703853,0.0018360043891600922,0.8202645969238962,0.1672544622264309,0.010008443525242565
NIFTY_50,2022-12-09,5,0.0005613624597201762,0.017992596194448627,0.8747059600283732,0.10052378574152693,0.006216295575931003
NIFTY_50,2022-12-12,5,0.0004246854525003046,0.0063118478825687,0.9308813034341501,0.05782885950052074,0.004553303730260249
NIFTY_50,2022-12-13,5,0.0005512467179718271,0.007042073275317836,0.9447386874804419,0.04074267560712745,0.0069253169191408346
NIFTY_50,2022-12-14,5,0.0004819934044640794,0.0013636690125353192,0.9510937955374589,0.04296970050850021,0.004090841537041512
NIFTY_50,2022-12-15,5,0.0006104418448805863,0.027205802378249554,0.9331480910816986,0.03613181810426599,0.002903846590905332
NIFTY_50,2022-12-16,5,0.0004433203577627399,0.7856597408031278,0.1870832038179067,0.025552614118285785,0.001261120902916938
NIFTY_50,2022-12-19,5,0.00044490057490424826,0.019386455526903667,0.9348023406506636,0.04302542419501702,0.0023408790525114966
NIFTY_50,2022-12-20,5,0.00039201539275067644,0.015983484934994192,0.9427227312624139,0.039612940498751845,0.0012888279110896096
NIFTY_50,2022-12-21,5,0.00033080556056017986,0.027065882242577242,0.9538255096707826,0.0182083703608707,0.0005694321652089875
NIFTY_50,2022-12-22,5,0.0006123920483729109,0.01606457134543293,0.9731508217357809,0.009688925777397626,0.00048328909301549453
NIFTY_50,2022-12-23,5,0.0017216648809203494,0.05176021739099416,0.9405464183372432,0.005444455866761691,0.0005272435240807834
NIFTY_50,2022-12-26,5,0.00044679126678725373,0.012295558674972519,0.9851819090984446,0.0017792805567173598,0.00029646040307840785
NIFTY_50,2022-12-27,5,0.0005744681314004242,0.015587947119442511,0.9783140076359849,0.005174349860426866,0.00034922725274543067
NIFTY_50,2022-12-28,5,0.0005611032438790377,0.00771121472986348,0.9845338517128128,0.006862087729968684,0.0003317425834758114
NIFTY_50,2022-12-29,5,0.0002992847211114134,0.008752699955197505,0.9859491571339433,0.004089124676618911,0.000909733513128863
NIFTY_50,2022-12-30,5,0.00044741105264826486,0.019569129995800846,0.9764823479508679,0.003174754076026091,0.0003263569246571044
NIFTY_50,2023-01-02,5,0.0003322612930108242,0.009383887900832341,0.982556790937624,0.006900048769728302,0.0008270110988046627
NIFTY_50,2023-01-03,5,0.00033077111704500216,0.02552788629337612,0.964485777531314,0.008740743493431166,0.0009148215648337602
NIFTY_50,2023-01-04,5,0.000504595232070792,0.009545836254747093,0.9871502230858644,0.002572776746857886,0.0002265686804595952
NIFTY_50,2023-01-05,5,0.0005980725358498082,0.005886024864324683,0.9916637038552534,0.0016669116087967024,0.00018528713577537287
NIFTY_50,2023-01-06,5,0.00025977489436838864,0.012818378706965434,0.9858995404749512,0.0008189211200255245,0.00020338480368930527
NIFTY_50,2023-01-09,5,0.0004890271329507393,0.0132801459249399,0.9843138840322728,0.0017006928699237831,0.00021625003991291843
NIFTY_50,2023-01-10,5,0.000622723497997437,0.010901908414044632,0.9876150264024979,0.0006729426514354781,0.0001873990340246561
NIFTY_50,2023-01-11,5,0.0008176700376490819,0.008893927895306875,0.9895458696164521,0.000556808218999916,0.0001857242315920786
NIFTY_50,2023-01-12,5,0.0005710029326408399,0.00672352821877368,0.9920160929785181,0.0005166971578271989,0.00017267871224007042
NIFTY_50,2023-01-13,5,0.0005649292201181949,0.007758529376831366,0.990796512825857,0.0006737713532311147,0.00020625722396210635
NIFTY_50,2023-01-16,5,0.000508515591441928,0.01049019141183952,0.9881978988409,0.0006074579325276795,0.00019593622329090667
NIFTY_50,2023-01-17,5,0.0007138287698003052,0.021604036800209305,0.9750584762125755,0.002166331008787155,0.0004573272086277532
NIFTY_50,2023-01-18,5,0.0004409638388667048,0.031162259521143147,0.9599870783659289,0.007806900640124586,0.000602797633936696
NIFTY_50,2023-01-19,5,0.0002205150513130554,0.7601251259303361,0.23478969324469995,0.004604419220397931,0.0002602465532528863
NIFTY_50,2023-01-20,5,0.000689077355777084,0.03916342054055196,0.9582966044940593,0.0014770136351248196,0.0003738839744869706
NIFTY_50,2023-01-23,5,0.0006580997133978957,0.15634148526784192,0.8270674166659748,0.015191670801305273,0.0007413275514799816
NIFTY_50,2023-01-24,5,0.00021452026908869536,0.8319034237263547,0.16315049262438477,0.004471036870317826,0.0002605265098540512
NIFTY_50,2023-01-25,5,0.0004888542302000977,0.06597771178902032,0.9315084859539996,0.0017279826337089391,0.00029696539307080984
NIFTY_50,2023-01-27,5,0.0011012023849485853,0.08141960454675953,0.915575349587222,0.0014810910871567288,0.00042275239391296836
NIFTY_50,2023-01-30,5,0.0007449609917767224,0.040474444687551285,0.9576018996191888,0.0008757164254804963,0.00030297827600277903
NIFTY_50,2023-01-31,5,0.00030323902258589053,0.02028611307243119,0.9787448755038173,0.0004924070977475602,0.00017336530341809548
NIFTY_50,2023-02-01,5,0.0031385195780876288,0.023673508355524977,0.972387009073635,0.0005946798601303917,0.00020628313262199637
NIFTY_50,2023-02-02,5,0.00046554242133711336,0.0434588910891575,0.9550406936485889,0.0007747980372176037,0.00026007480369902156
NIFTY_50,2023-02-03,5,0.0006409529636906853,0.043669952717410636,0.9543866327777484,0.0009611675397105442,0.00034129400143990355
NIFTY_50,2023-02-06,5,0.001579442442862089,0.7817406074024044,0.21561927119859375,0.0008622761929881402,0.00019840276315170383
NIFTY_50,2023-02-07,5,0.0015031713899771664,0.04838629574381258,0.9486489942200685,0.0010971619555522143,0.0003643766905893881
NIFTY_50,2023-02-08,5,0.0009234313136578016,0.04833652813610021,0.9483839990634146,0.0019560658873010272,0.00039997559952654907
NIFTY_50,2023-02-09,5,0.000667232773407699,0.06097494601498586,0.9363262002321859,0.0016259400878434651,0.000405680891577086
NIFTY_50,2023-02-10,5,0.0013297115600320291,0.07238308630995671,0.9244769607447434,0.0014907842257909146,0.000319457159477056
NIFTY_50,2023-02-13,5,0.002476057325206162,0.09155561913785798,0.9044422473647358,0.001125367421852897,0.0004007087503473668
NIFTY_50,2023-02-14,5,0.0006666267304361554,0.9154724153073939,0.08122709760830427,0.0024238119082257265,0.00021004844564007032
NIFTY_50,2023-02-15,5,0.00024231429604188871,0.9338314406835061,0.05940706647017193,0.006313676703653584,0.00020550184662639366
NIFTY_50,2023-02-16,5,0.00020972056019840504,0.933866745739074,0.06036491217863889,0.005392165878041955,0.00016645564404672215
NIFTY_50,2023-02-17,5,0.00016200871155025494,0.9757389266627717,0.022941512684263164,0.0010755673616714653,8.198457974337873e-05
NIFTY_50,2023-02-20,5,0.0003045176276913295,0.9724443660310879,0.02602217998896221,0.0011272489813907464,0.00010168737086794026
NIFTY_50,2023-02-21,5,0.0004747871841080101,0.9499156720244186,0.04823201997496207,0.0012396166237573238,0.00013790419275386829
NIFTY_50,2023-02-22,5,0.001165781046116923,0.9824892788938364,0.01588961128079402,0.0003539145676738326,0.0001014142115786887
NIFTY_50,2023-02-23,5,0.0014892274973406106,0.9719182629565771,0.02606951035756889,0.0003829100148381704,0.00014008917367535609
NIFTY_50,2023-02-24,5,0.001758297432757093,0.9677633479810622,0.03003819059506296,0.00030520005662770707,0.0001349639344900604
NIFTY_50,2023-02-27,5,0.002668832774283417,0.9813080650631032,0.015569768799549149,0.00031725885815107185,0.0001360745049132441
NIFTY_50,2023-02-28,5,0.0015649814208300024,0.9911074618916136,0.006989116005803176,0.0002435769469080101,9.48637348451603e-05
NIFTY_50,2023-03-01,5,0.0015056066694893713,0.9473816673315262,0.04987593204242485,0.0009822528992853826,0.00025454105727423494
NIFTY_50,2023-03-02,5,0.0015842206204506573,0.9781499113238441,0.019369367544733063,0.0007159492236914975,0.0001805512872806229
NIFTY_50,2023-03-03,5,0.0012829994722541088,0.9515288310632484,0.046208250542882086,0.0007628923001905051,0.00021702662142491054
NIFTY_50,2023-03-06,5,0.001275608650225246,0.9353119729150782,0.062320923281760365,0.0008774867157918772,0.00021400843714418003
NIFTY_50,2023-03-08,5,0.00043160343882390925,0.939385321853466,0.05917372888120966,0.0007843585059381612,0.00022498732056244476
NIFTY_50,2023-03-09,5,0.0017453134209362718,0.9710761545709394,0.026256532011345365,0.0007079376668443768,0.00021406232993456133
NIFTY_50,2023-03-10,5,0.0028364380961578227,0.9805288551704125,0.015967891851173328,0.000515821032647084,0.00015099384960888645
NIFTY_50,2023-03-13,5,0.011464551761758804,0.9680645089889564,0.019199898142170446,0.0008971853957457281,0.0003738557113685759
NIFTY_50,2023-03-14,5,0.005276215362322156,0.9845058672562086,0.009412521256161797,0.000565474516327757,0.00023992160897952285
NIFTY_50,2023-03-15,5,0.018520472596330658,0.9579360413688223,0.022383673276585712,0.0008190411986146816,0.00034077155964666226
NIFTY_50,2023-03-16,5,0.018455836685611748,0.9661917497407325,0.014544518689092597,0.0005741942288546455,0.00023370065570849137
NIFTY_50,2023-03-17,5,0.01844794203779699,0.9531248834600601,0.02661458536018816,0.0014641889993414505,0.00034840014261333787
NIFTY_50,2023-03-20,5,0.9353051231339479,0.059481314376446486,0.004985340791823932,0.00016898269554673016,5.923900223483236e-05
NIFTY_50,2023-03-21,5,0.9628685478722967,0.032852559758830585,0.003829257794708199,0.00037788784822153,7.174672594310882e-05
NIFTY_50,2023-03-22,5,0.977677011926511,0.014392357945741723,0.007599468077848455,0.0002716268840726609,5.953516582600519e-05
NIFTY_50,2023-03-23,5,0.022610979455012555,0.9575001233316582,0.018530477618528548,0.001035040798766063,0.00032337879603442754
NIFTY_50,2023-03-24,5,0.02624270883087266,0.9512540912455054,0.021442596306991104,0.0008067007369155115,0.0002539028797154655
NIFTY_50,2023-03-27,5,0.007512718841708793,0.9616024177468134,0.029919505622783768,0.0006877750100792972,0.00027758277861504284
NIFTY_50,2023-03-28,5,0.023687164216542014,0.9491717450779567,0.026158639207234657,0.0007028844606810435,0.000279567037585534
NIFTY_50,2023-03-29,5,0.006300228933790455,0.9362683220549506,0.05590768919345259,0.0010904460247709049,0.0004333137930352096
NIFTY_50,2023-03-31,5,0.010800441580021872,0.07965929234141407,0.9082696464753098,0.0009002957086802659,0.00037032389457398226
NIFTY_50,2023-04-03,5,0.0057875606142225285,0.07228856755776211,0.9206727251780777,0.000851216474921157,0.00039993017501651
NIFTY_50,2023-04-05,5,0.005137047480597567,0.027019072259561742,0.9651869945622595,0.0022986947164681175,0.0003581909811131423
NIFTY_50,2023-04-06,5,0.005075706057068875,0.016726750973811478,0.9752681938490806,0.002603189632603655,0.0003261594874353646
NIFTY_50,2023-04-10,5,0.0016858460790857984,0.015486693198595441,0.9789993467898287,0.003452488479987864,0.0003756254525021529
NIFTY_50,2023-04-11,5,0.0016975979401299933,0.010336946130763707,0.9842786444591635,0.003420379317755267,0.0002664321521876176
NIFTY_50,2023-04-12,5,0.0005506512379408635,0.015794501592677788,0.9687934000800824,0.014330143047437334,0.000531304041861766
NIFTY_50,2023-04-13,5,0.00048416795889929165,0.015901585521938676,0.9684892841647846,0.01447215884085367,0.0006528035135235852
NIFTY_50,2023-04-17,5,0.0011989641635168971,0.009249266573269287,0.9820911104433012,0.007034043333548239,0.0004266154863645252
NIFTY_50,2023-04-18,5,0.0013428439357655664,0.014217264787863056,0.9744360220251217,0.009445622685011562,0.0005582465662379819
NIFTY_50,2023-04-19,5,0.0006386052978429026,0.03828824300471355,0.9533619377861009,0.006975587643116936,0.0007356262682256462
NIFTY_50,2023-04-20,5,0.0005443598386152173,0.019855822855528765,0.9723329630895104,0.0066748564968604415,0.0005919977194852855
NIFTY_50,2023-04-21,5,0.0005196968344486366,0.019353616682647262,0.9722062119656437,0.0074906344198881645,0.0004298400973723739
NIFTY_50,2023-04-24,5,0.0008251275063438418,0.016683743368734672,0.9358327186655505,0.04532905693562514,0.0013293535237459133
NIFTY_50,2023-04-25,5,0.00023221612651159492,0.00589065718433236,0.07490631286483138,0.9185389400021747,0.00043187382214999754
NIFTY_50,2023-04-26,5,0.00010068080940137536,0.00246529551610971,0.022336313790207375,0.9748693391201035,0.00022837076417810262
NIFTY_50,2023-04-27,5,9.933290439307572e-05,0.002377528121062218,0.027351739653453055,0.969953097083417,0.00021830223767467172
NIFTY_50,2023-04-28,5,0.00015813527920510324,0.0018140475536035099,0.057866088563565274,0.9395987998542807,0.0005629287493453512
NIFTY_50,2023-05-02,5,7.365503331297587e-05,0.00034351503503144196,0.02006313140889464,0.9792341360010282,0.000285562521732809
NIFTY_50,2023-05-03,5,4.5822025544250826e-05,0.0011356975949965956,0.008801177141169916,0.9899508011364643,6.650210182492735e-05
NIFTY_50,2023-05-04,5,7.981371045954662e-05,0.00025699931695417444,0.01515842180002712,0.9842416217012141,0.00026314347134488166
NIFTY_50,2023-05-05,5,0.00013350664012256471,0.002526806405728312,0.020555739536100032,0.9766359459270876,0.00014800149096152424
NIFTY_50,2023-05-08,5,6.32935194101788e-05,0.00026668288804991346,0.025576034472351978,0.9739017656369077,0.00019222348328007375
NIFTY_50,2023-05-09,5,7.261207007557094e-05,0.00019726517269094533,0.018779022074918827,0.9807557909844847,0.00019530969782975414
NIFTY_50,2023-05-10,5,5.206254672364939e-05,0.00013456583629798687,0.011609029352571132,0.9880715314697819,0.00013281079462550255
NIFTY_50,2023-05-11,5,7.764939173454908e-05,0.00019719828748997325,0.018280093303892846,0.9811872956229285,0.00025776339395415477
NIFTY_50,2023-05-12,5,5.411775107949614e-05,0.00013743736553878166,0.01116119102421193,0.9884732831709703,0.00017397068819945997
NIFTY_50,2023-05-15,5,6.06142964010492e-05,0.0001561569751211017,0.01726133715908313,0.982173112026489,0.00034877954290566646
NIFTY_50,2023-05-16,5,5.480455417347153e-05,0.0002456048078138005,0.013539555542433353,0.9858686806942387,0.00029135440134072787
NIFTY_50,2023-05-17,5,5.2851191361431556e-05,0.0005446805432996183,0.015999424799959236,0.9831446074764721,0.00025843598890744275
NIFTY_50,2023-05-18,5,8.20860323389273e-05,0.0028533953170550345,0.02606003653863773,0.970684385996704,0.0003200961152643455
NIFTY_50,2023-05-19,5,4.796260238774946e-05,0.0006957870819451829,0.011207371095292722,0.9877180758243199,0.0003308033960544709
NIFTY_50,2023-05-22,5,7.299841447267937e-05,0.00047366409130433236,0.012871497841415057,0.9861787396024859,0.00040310005032211647
NIFTY_50,2023-05-23,5,5.692166648772327e-05,0.0003914583322522708,0.018524841753913477,0.9806160923323368,0.0004106859150096645
NIFTY_50,2023-05-24,5,5.4655229638891064e-05,0.0012699359966847248,0.008202237520164087,0.9903360254170239,0.00013714583648825077
NIFTY_50,2023-05-25,5,5.847400326926506e-05,0.0011044552786160203,0.008045458274942659,0.9906481320636039,0.00014348037956817466
NIFTY_50,2023-05-26,5,7.742710075308589e-05,0.00022891970330979217,0.015944310639486464,0.983398114194607,0.000351228361843674
NIFTY_50,2023-05-29,5,0.00012273001777573584,0.00038327787382251235,0.0336383590584157,0.9651124612155321,0.0007431718344540027
NIFTY_50,2023-05-30,5,0.0001482419063223412,0.0004728484702444152,0.0340505070435239,0.9641132075179207,0.0012151950619886604
NIFTY_50,2023-05-31,5,0.00013902966662879558,0.00042077889972629283,0.01800372384963895,0.9804317558995731,0.0010047116844329749
NIFTY_50,2023-06-01,5,0.0001252221255368679,0.0018701342285941983,0.015999944077991417,0.9814785932791267,0.0005261062887509476
NIFTY_50,2023-06-02,5,7.400680063437571e-05,0.00021581385986779047,0.01094752643898688,0.9884146668167962,0.0003479860837146015
NIFTY_50,2023-06-05,5,9.285022450409582e-05,0.0002673520352974185,0.010357945061523996,0.9881048213377267,0.0011770313409477657
NIFTY_50,2023-06-06,5,0.00010671668951114452,0.0003191339734836094,0.011237741445465629,0.9866320332035862,0.0017043746879534093
NIFTY_50,2023-06-08,5,0.00023173721766740345,0.0006564643138903066,0.03445359055657475,0.9611379991741832,0.0035202087376845393
NIFTY_50,2023-06-09,5,0.00014364163157924183,0.0007102313023107771,0.01716997453483253,0.9805784566864648,0.0013976958448125064
NIFTY_50,2023-06-12,5,0.00017017542971950483,0.003117025315582294,0.023570358470399018,0.9721962019218336,0.000946238862465561
NIFTY_50,2023-06-13,5,0.0003797091798229209,0.0010333188495999254,0.06144463995581284,0.9311361010954511,0.006006230919313347
NIFTY_50,2023-06-14,5,0.0002564835553694007,0.0007697031607332143,0.03617859730500013,0.9573975413512301,0.005397674627667097
NIFTY_50,2023-06-15,5,0.0008804888282387386,0.0026596084983838628,0.8214693080250145,0.1455432577653313,0.02944733688303172
NIFTY_50,2023-06-19,5,0.000636262308711434,0.0017076384492730945,0.7491146946582873,0.23396440112959915,0.014577003454129074
NIFTY_50,2023-06-20,5,0.00027503395587582375,0.0007967441078273177,0.033518657534422874,0.9612814180501208,0.004128146351753265
NIFTY_50,2023-06-21,5,0.0003095101646186111,0.0008443113981720352,0.04020924999200574,0.9477795769740593,0.010857351471144156
NIFTY_50,2023-06-22,5,0.00010221080940281429,0.00034246693021275533,0.04975465249313037,0.022976945561345285,0.9268237242059087
NIFTY_50,2023-06-23,5,0.00020213848176350188,0.0034815516238020008,0.09707477529619186,0.8965846865796134,0.002656848018629185
NIFTY_50,2023-06-26,5,0.0001644501024598258,0.004885001047739284,0.09973409839738141,0.8924595428090194,0.0027569076433999174
NIFTY_50,2023-06-27,5,8.05326796517209e-05,0.00025756614573206713,0.04711259891271005,0.01734998129245765,0.9351993209694486
NIFTY_50,2023-07-10,5,1.909303009918888e-05,5.4936669251905126e-05,0.0018456603777877087,0.0032166276962858563,0.9948636822265753
NIFTY_50,2023-07-11,5,2.1930915398960197e-05,5.8616521537506306e-05,0.0018158733071692427,0.003631670988552199,0.9944719082673421
NIFTY_50,2023-07-12,5,2.4642057147171038e-05,7.302018872329466e-05,0.002082929636095216,0.011074003803281258,0.986745404314753
NIFTY_50,2023-07-13,5,2.6453986254142972e-05,7.844939948043654e-05,0.0021829686230525557,0.01642355596473538,0.9812885720264775
NIFTY_50,2023-07-21,5,4.918913856384555e-05,0.0001324481167687387,0.003590078361649162,0.009844467065240023,0.9863838173177782
NIFTY_50,2023-07-24,5,4.907962828505808e-05,0.00012685722199612864,0.003758976119530533,0.014653535980693123,0.9814115510494952
NIFTY_50,2023-07-25,5,5.462552234036831e-05,0.00015036176281799766,0.004227205932542395,0.02112693377568972,0.9744408730066094
NIFTY_50,2023-07-26,5,0.00044950057281455504,0.001206222681002582,0.03015558058401052,0.9229922962546183,0.045196399907554134
NIFTY_50,2023-07-27,5,0.0006840923939753552,0.001815418649876882,0.03931573498727948,0.9311118464718755,0.027072907496992888
NIFTY_50,2023-07-28,5,0.00027426990252405245,0.0007143384443286471,0.018879798178848318,0.9758509100595266,0.004280683414772117
NIFTY_50,2023-07-31,5,0.0003684025642541494,0.0009404108427113521,0.021032464375040204,0.9638524611914521,0.013806261026542192
NIFTY_50,2023-08-01,5,0.0005021463923545431,0.001286893122487063,0.03522512628303477,0.9519764654962508,0.011009368705872965
NIFTY_50,2023-08-02,5,0.0003211012609383836,0.002720323936731547,0.03547705040795461,0.9545431664474998,0.006938357946875583
NIFTY_50,2023-08-03,5,0.00030502962713648354,0.003870609508133373,0.04320081392890902,0.9493919457541738,0.0032316011816472404
NIFTY_50,2023-08-04,5,0.00031001176379234703,0.003421939296847125,0.0644650807880283,0.9280252861204253,0.0037776820309069386
NIFTY_50,2023-08-07,5,0.00013916649921234377,0.0015374491208256446,0.03801459517532892,0.9591414089353438,0.0011673802692892606
NIFTY_50,2023-08-08,5,0.00021384849671178874,0.0013975809291139653,0.06778706834944294,0.928030064865025,0.002571437359706251
NIFTY_50,2023-08-09,5,0.0004971113574906024,0.003639819552703426,0.7831258367268911,0.2070597944064115,0.005677437956503401
NIFTY_50,2023-08-10,5,0.00041713078918006324,0.002976881113836465,0.8616230089406244,0.13055704948564625,0.004425929670712911
NIFTY_50,2023-08-11,5,0.00015593921024642236,0.001521715298273366,0.10061097289506307,0.8946634799426616,0.0030478926537555262
NIFTY_50,2023-08-14,5,0.00016604823403662273,0.001512007158941983,0.09877612065732615,0.8965149293365772,0.0030308946131182278
NIFTY_50,2023-08-16,5,0.00010128085446198362,0.0019566576593495508,0.10224407489858349,0.8941083762520071,0.0015896103355978832
NIFTY_50,2023-08-17,5,0.00032278947420897014,0.004424031685953727,0.9709522294967473,0.022781820178677997,0.0015191291644123177
NIFTY_50,2023-08-18,5,0.00023852860710186412,0.0031386114762792885,0.97153365210691,0.02475320080762623,0.00033600700208252007
NIFTY_50,2023-08-21,5,0.00024654431775271283,0.002612130819723831,0.9662042630724265,0.029820935294529102,0.001116126495567941
NIFTY_50,2023-08-22,5,0.0002845666650433703,0.0035461175868227238,0.9597282198230503,0.03590437321354498,0.0005367227115386184
NIFTY_50,2023-08-23,5,0.0002473712361806622,0.0026268473749032025,0.9443768020986572,0.05224341499795462,0.0005055642923045905
NIFTY_50,2023-08-24,5,0.000289861894334757,0.004464472186538953,0.9765969670309385,0.018294474109948444,0.00035422477823924235
NIFTY_50,2023-08-25,5,0.00045178196074444836,0.006012028199585743,0.9759773121035731,0.017312360457746975,0.0002465172783498865
NIFTY_50,2023-08-28,5,0.0002803105981440511,0.005861687875519775,0.9850035412364994,0.008540221341279436,0.00031423894855750207
NIFTY_50,2023-08-29,5,0.0002956642792262736,0.005148854911916394,0.9711751596844265,0.022964570084077193,0.0004157510403538756
NIFTY_50,2023-08-30,5,0.0003285616386474958,0.009670905330420596,0.9644193058327615,0.02521177363953822,0.00036945355863232464
NIFTY_50,2023-08-31,5,0.0024074077644981582,0.018864548288418923,0.9712547249342436,0.007125885300296603,0.0003474337125428537
NIFTY_50,2023-09-01,5,0.00025499241292581306,0.008994252112117894,0.1445515468581122,0.8459156323404091,0.00028357627643501275
NIFTY_50,2023-09-04,5,0.0002504482598462362,0.017746579869215406,0.12653015386604427,0.8551571421666447,0.0003156758382493922
NIFTY_50,2023-09-05,5,0.00015935803432044095,0.005346756302228882,0.1762473867955912,0.8178253120004689,0.00042118686739067593
NIFTY_50,2023-09-06,5,0.0005685015287107606,0.016765169264476486,0.8527594819434807,0.12787274068314475,0.0020341065801872155
NIFTY_50,2023-09-07,5,0.00044511076997076854,0.0035052821950379773,0.9657264445273135,0.02817332513892102,0.0021498373687566952
NIFTY_50,2023-09-08,5,0.00036106321389646424,0.0015953094174233173,0.9747169535010864,0.0220305935339124,0.0012960803336814965
NIFTY_50,2023-09-18,5,0.0003069782090438702,0.000823984800554023,0.9088675625845807,0.06134852958906696,0.028652944816754452
NIFTY_50,2023-09-20,5,0.0002859992087465372,0.001636465668942689,0.946590026568024,0.04091453141301568,0.010572977141271058
NIFTY_50,2023-09-21,5,0.00026850853437234123,0.005119532871712604,0.9774317075324355,0.014841462635806197,0.0023387884256731123
NIFTY_50,2023-09-22,5,0.00020481699224905562,0.004444781445304868,0.9842195960915856,0.009635536615586004,0.0014952688552744167
NIFTY_50,2023-09-25,5,0.00020690830902797146,0.004264428815262358,0.9849687567162773,0.008904051136222217,0.0016558550232101878
NIFTY_50,2023-09-26,5,0.0002548033967361786,0.005272073499484459,0.9760466548805181,0.015548879602040148,0.0028775886212211847
NIFTY_50,2023-09-27,5,0.0003278149888429432,0.0068487601333842366,0.9717605576444702,0.017926532644893595,0.003136334588408864
NIFTY_50,2023-09-28,5,0.0004526644577515848,0.01836485743616004,0.974990865388856,0.005904193327929124,0.0002874193893031034
NIFTY_50,2023-09-29,5,0.000250820387756155,0.0070384959874754205,0.9874832455409945,0.004762783089730283,0.0004646549940434785
NIFTY_50,2023-10-03,5,0.00047239153739303145,0.014606699296969557,0.9720697125085354,0.012475884958065491,0.00037531169903645407
NIFTY_50,2023-10-04,5,0.0004257290611238428,0.019514035186237656,0.9775579396064729,0.0022277017260137477,0.00027459442015170555
NIFTY_50,2023-10-05,5,0.0003914916531367988,0.0062277408627914605,0.9857470102858643,0.007355413421002905,0.00027834377720449804
NIFTY_50,2023-10-06,5,0.0003351065993128198,0.01679937765706337,0.9717695694190263,0.010611609513473987,0.0004843368111234963
NIFTY_50,2023-10-09,5,0.0007244494704712984,0.02628869902929893,0.9692952932417263,0.003297861994041739,0.00039369626446180697
NIFTY_50,2023-10-10,5,0.0002829498931403912,0.012998451505854079,0.9704498854756194,0.0158306630252333,0.00043805010015270665
NIFTY_50,2023-10-11,5,0.0002976694718911512,0.005329361306336789,0.9443518795202849,0.0494024801065482,0.000618609594938773
NIFTY_50,2023-10-12,5,0.00032298985914926544,0.013289898391840329,0.9307031141832189,0.05484561861795656,0.0008383789478348761
NIFTY_50,2023-10-13,5,0.0004583259894941904,0.06986645050397532,0.9086078274413455,0.020306289315311248,0.0007611067498733984
NIFTY_50,2023-10-16,5,0.0002008062053816894,0.8983983860049267,0.09275851480204202,0.008331931381074964,0.0003103616065746177
NIFTY_50,2023-10-17,5,0.0001936687866500813,0.9030699785062534,0.07444068619700751,0.021916313838583404,0.00037935267150541254
NIFTY_50,2023-10-18,5,0.0001309926214995436,0.9376876611153561,0.05162844338917178,0.010357288252934752,0.00019561462103783966
NIFTY_50,2023-10-19,5,0.00012679511092815506,0.9268845767115119,0.06836536143087703,0.004498936655821857,0.0001243300908610716
NIFTY_50,2023-10-20,5,0.00024549294880428496,0.9264580238912661,0.07087385774624158,0.0022712684420567847,0.00015135697163143572
NIFTY_50,2023-10-23,5,0.0004323073448187962,0.9024890075488194,0.0944794201950442,0.002243026248693593,0.00035623866262406086
NIFTY_50,2023-10-25,5,0.0006475534483842894,0.861001153398365,0.13628466405914075,0.0017153944950447698,0.00035123459906521146
NIFTY_50,2023-10-26,5,0.0006103057630575949,0.09894520687180819,0.8986515712450505,0.0013782166349561892,0.00041469948512763705
NIFTY_50,2023-10-27,5,0.0002904870257212506,0.011416108198021545,0.9861146065103858,0.001932945161584564,0.00024585310428684905
NIFTY_50,2023-10-30,5,0.00020058978504699335,0.00501701318039739,0.9936370637064565,0.0009855731660125824,0.00015976016208669783
NIFTY_50,2023-10-31,5,0.0001610979875558889,0.005807374723654015,0.9935287994764413,0.00037655703502126873,0.00012617077732747175
NIFTY_50,2023-11-01,5,0.00019582522739672512,0.016207129863620114,0.982156184641041,0.0012863137275679903,0.00015454654037418895
NIFTY_50,2023-11-02,5,0.00041199429759594376,0.01666492837059325,0.981734949425948,0.000934725501055451,0.0002534024048070948
NIFTY_50,2023-11-03,5,0.0005912079569573269,0.01822224940493499,0.9800358508928321,0.0008756645730113279,0.00027502717226427636
NIFTY_50,2023-11-06,5,0.0002366514362968111,0.01442296870445515,0.9831963796192125,0.001903937012580154,0.00024006322745568026
NIFTY_50,2023-11-07,5,0.00022703381377859295,0.018584250563948794,0.9789417687354806,0.00199806744413205,0.00024887944266012755
NIFTY_50,2023-11-08,5,0.00021233320300066818,0.012597567992251141,0.9798001386600034,0.007157052320568391,0.00023290782417645706
NIFTY_50,2023-11-09,5,0.00042117396014075786,0.0161968469841078,0.9814495165513145,0.0016183372491984523,0.00031412525523846204
NIFTY_50,2023-11-10,5,0.0004985061152091289,0.016248030123531498,0.9790559356717923,0.0037834332719755806,0.0004140948174913593
NIFTY_50,2023-11-13,5,0.0005882182187200272,0.038338291427418125,0.9412751009390079,0.019379659051261756,0.0004187303635922228
NIFTY_50,2023-11-15,5,0.0003705529354750809,0.005739453028228052,0.9444279907503537,0.04666598078572675,0.0027960225002165314
NIFTY_50,2023-11-16,5,0.00029353830678396394,0.004034651472459272,0.951024612818113,0.04344723689090708,0.0011999605117367868
NIFTY_50,2023-11-17,5,0.00044404860258116444,0.014120714729938793,0.9413050892705918,0.04072931874903412,0.003400828647854074
NIFTY_50,2023-11-20,5,0.0004910880853475948,0.024296854812085246,0.8977502931384704,0.07363651821558256,0.003825245748514126
NIFTY_50,2023-11-21,5,0.000183265421111185,0.0037440485652023925,0.10835115900225728,0.8757811174293736,0.011940409582055493
NIFTY_50,2023-11-22,5,0.0002761334509617644,0.006326831610069706,0.1100892375436796,0.8629849184240601,0.020322878971228635
NIFTY_50,2023-11-23,5,5.3215778807485676e-05,0.0014565753138894926,0.02093270051449592,0.03406658647116389,0.9434909219216432
NIFTY_50,2023-11-24,5,3.544113822880612e-05,0.001035456788412739,0.011833761990002249,0.0280750997080107,0.9590202403753455
NIFTY_50,2023-11-28,5,4.6004059737707025e-05,0.0012408008470583835,0.01761953744219328,0.014164575946454556,0.966929081704556
NIFTY_50,2023-11-29,5,3.297551584577448e-05,0.00021314450697887651,0.012566017323905297,0.006640324401316289,0.9805475382519536
NIFTY_50,2023-11-30,5,4.633652929988181e-05,0.0002946516713160669,0.007180639306862642,0.013122518524148755,0.9793558539683725
NIFTY_50,2023-12-21,5,3.852535328400948e-05,0.00011535317663907625,0.000871793284328792,0.004824692513849142,0.994149635671899
NIFTY_50,2023-12-22,5,3.527343535517272e-05,8.374415890960268e-05,0.0009617331623531257,0.00458456594039329,0.9943346833029889
NIFTY_50,2023-12-26,5,3.535580944907204e-05,8.393972673961639e-05,0.0008037082668973045,0.012913308423972066,0.9861636877729419
NIFTY_50,2024-01-02,5,4.262881989965571e-05,0.00010223332009408571,0.00044271238289632614,0.007817570061721487,0.9915948554153884
NIFTY_50,2024-01-03,5,2.3176778498890457e-05,5.687882096272254e-05,0.000999698297507432,0.004339468102708801,0.9945807780003222
NIFTY_50,2024-01-04,5,2.171743666631919e-05,5.2973375602777365e-05,0.0004592387080380498,0.002935854846487714,0.9965302156332051
NIFTY_50,2024-01-05,5,2.1287219337837926e-05,5.1717087811890923e-05,0.00045968823593201533,0.0033056742992116114,0.9961616331577068
NIFTY_50,2024-01-08,5,3.780378712260219e-05,8.938440769157055e-05,0.002387168452136753,0.01929631123710417,0.9781893321159449
NIFTY_50,2024-01-09,5,6.358269039395785e-05,0.0001481909009129359,0.0033818254492528396,0.030511700708338484,0.9658947002511019
NIFTY_50,2024-01-10,5,0.0007634663233114951,0.0017646387625724462,0.0427027986215333,0.849316566234256,0.10545253005832665
NIFTY_50,2024-01-11,5,0.00010580415065469088,0.000246692294475704,0.006295755252962855,0.044031560477039364,0.9493201878248674
NIFTY_50,2024-01-17,5,4.071716425609589e-05,0.0003274226489057991,0.0028212245958666184,0.007223323011219471,0.9895873125797521
NIFTY_50,2024-01-18,5,3.0080640961224123e-05,0.0002801071909867389,0.0026988063282741624,0.004510628820936575,0.9924803770188414
NIFTY_50,2024-01-19,5,4.538226269525396e-05,0.00032997255624261104,0.004546892087009381,0.007537098790103342,0.9875406543039494
NIFTY_50,2024-01-23,5,4.4692884785659755e-05,0.0006578004469409551,0.0026656959812944693,0.017691561397634288,0.9789402492893446
NIFTY_50,2024-01-24,5,2.8439258007989214e-05,0.00022265676831328827,0.001770584014573406,0.014272466251647705,0.9837058537074577
NIFTY_50,2024-01-25,5,2.3901863470492465e-05,0.0002355178811004435,0.0016233679671762708,0.013197980225597554,0.9849192320626553
NIFTY_50,2024-01-29,5,5.71640349664408e-05,0.000598567211529051,0.0055463925121463226,0.01760092064584526,0.976196955595513
NIFTY_50,2024-01-30,5,3.985352680343768e-05,0.00036245609237572815,0.0024617841238599135,0.029249062110113647,0.9678868441468472
NIFTY_50,2024-01-31,5,7.099119693373208e-05,0.0014830893025619381,0.0046356465506364655,0.03931619002470429,0.9544940829251635
NIFTY_50,2024-02-01,5,0.00030623821333761484,0.002759871675132397,0.018316955956164012,0.9382865279250099,0.04033040623035602
NIFTY_50,2024-02-02,5,0.0003761142735567437,0.002676830002827299,0.021833434360210586,0.9516947161470378,0.023418905216367657
NIFTY_50,2024-02-05,5,0.00043486425067363786,0.003700022113336777,0.03611578595636975,0.9353482492548071,0.024401078424812674
NIFTY_50,2024-02-06,5,0.00038404557771713125,0.0024152172079348385,0.021719613584671584,0.949102964649524,0.026378158980152347
NIFTY_50,2024-02-07,5,0.00030345876241353426,0.0014678863599219825,0.024121864425428487,0.9443276193528519,0.029779171099383994
NIFTY_50,2024-02-08,5,0.0004532820195683464,0.0033380560837128906,0.046958560787654736,0.9072411791603887,0.042008921948675115
NIFTY_50,2024-02-09,5,5.9192124237920026e-05,0.000539067328337378,0.006194255038536935,0.05913779169309134,0.9340696938157965
NIFTY_50,2024-02-12,5,5.615763727249862e-05,0.0006992265449818778,0.004900403033081268,0.06190560823686721,0.9324386045477971
NIFTY_50,2024-02-13,5,4.591535838786166e-05,0.00056176426489217,0.008258080644982655,0.03114222142448775,0.9599920183072497
NIFTY_50,2024-02-14,5,0.0003042901193724235,0.003124204909099379,0.04506899614920742,0.9153931771607976,0.03610933166152287
NIFTY_50,2024-02-15,5,0.00025429582308846417,0.003005824736599303,0.034105868202285304,0.9572696607297799,0.0053643505082470256
NIFTY_50,2024-02-16,5,0.0003676168655613454,0.0018199025252972447,0.04932901118898601,0.9442074749817851,0.004275994438370188
NIFTY_50,2024-02-19,5,0.0001512761566981484,0.0004173769936327732,0.018455475478060937,0.975161659059362,0.00581421231224626
NIFTY_50,2024-02-21,5,0.0003125078014344351,0.0012599288198147601,0.07200773175372252,0.9160851587375657,0.010334672887462473
NIFTY_50,2024-02-26,5,0.0002861487199207189,0.0016683489659949657,0.06426927427613302,0.9314102742206037,0.0023659538173474008
NIFTY_50,2024-02-27,5,0.0004063188615476551,0.004725977927924936,0.09217752543601791,0.9007222716953102,0.001967906079199262
NIFTY_50,2024-02-28,5,0.00013691143528815391,0.0013942951032442144,0.03398547148189362,0.9639398749366558,0.0005434470429180506
NIFTY_50,2024-02-29,5,0.00030780632455515455,0.003220847522205265,0.08973394350973586,0.9054998657541149,0.0012375368893888087
NIFTY_50,2024-03-12,5,0.0003898078379451383,0.0019180857200548878,0.9293969431321818,0.06516550353026658,0.0031296597795517347
NIFTY_50,2024-03-13,5,0.0004591926625869892,0.008840680775611471,0.9077730275484558,0.08033758285768071,0.0025895161556653084
NIFTY_50,2024-03-14,5,0.0007351810717767488,0.006660694499594593,0.8326372988294027,0.156994566101506,0.002972259497719946
NIFTY_50,2024-03-15,5,0.00030524883947768093,0.003851803640179035,0.14533410904376748,0.8491180623008263,0.0013907761757494938
NIFTY_50,2024-03-18,5,0.0007881025971671385,0.006797460295717356,0.8497992642354636,0.14055348914119184,0.002061683730459997
NIFTY_50,2024-03-19,5,0.0003905315422949585,0.013950500268780964,0.08736874776342472,0.8978007401005078,0.0004894803249914761
NIFTY_50,2024-03-20,5,0.001149628003658248,0.017135884399355032,0.8946024903834667,0.08638888843537167,0.0007231087781482325
NIFTY_50,2024-03-21,5,9.775392131363713e-05,0.0010519335877080056,0.05242353385445978,0.9461625631608122,0.0002642154757064785
NIFTY_50,2024-03-22,5,0.00013421739294527715,0.0015751312421949546,0.05098988375942079,0.9469267816391826,0.00037398596625616456
NIFTY_50,2024-03-26,5,0.000175150442768615,0.002098355105211619,0.09210413360163709,0.9051399137468704,0.0004824471035123051
NIFTY_50,2024-03-27,5,0.00018718104709726028,0.002294830832408626,0.09844751462430493,0.8987647471520632,0.00030572634412586765
NIFTY_50,2024-03-28,5,0.00015547120135116137,0.0012748150429634998,0.06637321764681058,0.9316677060032768,0.0005287901055978287
NIFTY_50,2024-04-01,5,0.0002232708073799208,0.0014426529342607022,0.10761739539177628,0.8901010724419599,0.0006156084246231521
NIFTY_50,2024-04-02,5,0.0003785532244161963,0.002238108775993683,0.9336270817088892,0.06240965137476341,0.0013466049159374634
NIFTY_50,2024-04-03,5,0.00034764529326754767,0.0024324623330954005,0.9699203017506299,0.026029921176695767,0.0012696694463112705
NIFTY_50,2024-04-04,5,0.0003045790273329247,0.00207554021470343,0.9835701465407636,0.013039810635697811,0.001009923581502224
NIFTY_50,2024-04-05,5,0.000331220291859092,0.0016905361225427102,0.9722772329204439,0.02439432935510834,0.0013066813100459204
NIFTY_50,2024-04-12,5,0.00029977159009815464,0.005714343892593389,0.973969966862039,0.01637346571004447,0.0036424519452251114
NIFTY_50,2024-04-15,5,0.0003042116820897911,0.014162194264401844,0.971558518172866,0.011739592879769669,0.0022354830008727367
NIFTY_50,2024-04-16,5,0.0003717255756983402,0.008805448793673185,0.9751776846562676,0.014113420577175517,0.001531720397185398
NIFTY_50,2024-04-18,5,0.0007246526007598272,0.01741665333439503,0.9693301710167046,0.010953724785092787,0.0015747982630477315
NIFTY_50,2024-04-19,5,0.00044308397318906014,0.0063500880639789726,0.9597218575127344,0.03250357844961128,0.0009813920004862569
NIFTY_50,2024-04-22,5,8.278473306269168e-05,0.0009405069328878529,0.06697526303992311,0.9318525173526448,0.00014892794148145083
NIFTY_50,2024-04-23,5,7.927909120363817e-05,0.0013988571420728495,0.0722333486392601,0.9261614016556147,0.00012711347184888824
NIFTY_50,2024-04-24,5,7.97510284135745e-05,0.0019805016059315506,0.08914039348100077,0.9086889131013274,0.00011044078332666314
NIFTY_50,2024-04-25,5,0.00037121730420877305,0.004309049865821306,0.9432230665507294,0.050871631266012525,0.001225035013227757
NIFTY_50,2024-04-26,5,0.00037129963043935454,0.007516326125597505,0.9454858096922663,0.045634261374329486,0.0009923031773672476
NIFTY_50,2024-04-29,5,0.0003048121532106936,0.0028826573808327853,0.9767315319467498,0.019470694291791206,0.0006103042274153768
NIFTY_50,2024-04-30,5,0.0003236501447996925,0.003483695050703793,0.9834106766361587,0.012110157290723827,0.000671820877614
NIFTY_50,2024-05-02,5,0.00042736487672065875,0.005992128661268188,0.9720424022160147,0.020693034644288295,0.0008450696017082217
NIFTY_50,2024-05-03,5,0.0004600868874700696,0.01403139636151449,0.9626530945487894,0.021915887293425796,0.000939534908800122
NIFTY_50,2024-05-06,5,0.00040431445563416876,0.008880762548297796,0.9683818691794012,0.021574418825930655,0.0007586349907361153
NIFTY_50,2024-05-07,5,0.00041731127224723524,0.019096151291660462,0.9614878773229767,0.018239483043888723,0.0007591770692269254
NIFTY_50,2024-05-08,5,0.0004172221129697459,0.015784429806856327,0.9696120249130539,0.013295506157375311,0.0008908170097447797
NIFTY_50,2024-05-09,5,0.0006415614042877675,0.0809429936164819,0.911314891561549,0.006640335085377501,0.000460218332303952
NIFTY_50,2024-05-10,5,0.0006323153444544292,0.018487713503590728,0.9738933028462208,0.006578818485361076,0.00040784982037291793
NIFTY_50,2024-05-13,5,0.0009013361127408736,0.01634117272587213,0.9782546644389958,0.004056340220451137,0.0004464865019398816
NIFTY_50,2024-05-14,5,0.0009584039756466249,0.028474428176143665,0.9165604357018394,0.05178117540511037,0.0022255567412598214
NIFTY_50,2024-05-15,5,0.0004897932172554793,0.015183463638765117,0.12186531695226688,0.8621628025040962,0.00029862368761634486
NIFTY_50,2024-05-16,5,0.0001577613085684089,0.0022549434885826805,0.1047731797575014,0.8923314215918369,0.00048269385351077244
NIFTY_50,2024-05-17,5,0.0005675978372348857,0.01721291051855548,0.8993606688387747,0.08125289917221251,0.0016059236332223179
NIFTY_50,2024-05-21,5,0.0004968718568174182,0.016608952219402024,0.9400985324578203,0.040956195944061205,0.0018394475218990916
NIFTY_50,2024-05-22,5,0.0005405387472600871,0.00788880141925514,0.9427959220210544,0.042861631832405114,0.0059131059800251505
NIFTY_50,2024-05-28,5,0.0005028805184668353,0.004032891726795498,0.8604708006273143,0.10688115494242748,0.02811227218499611
NIFTY_50,2024-05-29,5,0.00038527484131848565,0.009205226618645332,0.1803911849091242,0.7792322503932,0.030786063237712068
NIFTY_50,2024-05-30,5,7.376144446303573e-05,0.002843752050670528,0.03878138183917624,0.00938306006952869,0.9489180445961615
NIFTY_50,2024-05-31,5,4.339881322045138e-05,0.002825709531010722,0.02095018201423078,0.0024161555303381307,0.9737645541111999
NIFTY_50,2024-06-04,5,0.0010400549928348574,0.021296854616200702,0.017795006413052403,0.0018274349201112066,0.958040649057801
NIFTY_50,2024-06-05,5,3.7762582211444734e-05,0.0006811028930754129,0.013946868884799811,0.0034937960670990333,0.9818404695728143
NIFTY_50,2024-06-06,5,4.192661981458674e-05,0.0013207596076261765,0.014241242446390879,0.006508093800739938,0.9778879775254284
NIFTY_50,2024-06-07,5,2.1686868473047525e-05,0.00018347734187171887,0.006693307309943049,0.003911629039831575,0.9891898994398807
NIFTY_50,2024-06-10,5,1.5695750673009198e-05,0.00012615118976934983,0.0039221307621485225,0.0032877962031143144,0.9926482260942949
NIFTY_50,2024-06-11,5,3.332556779430768e-05,0.00017525013253380354,0.00836410938993846,0.007639540219128112,0.9837877746906052
NIFTY_50,2024-06-12,5,4.252290593414934e-05,0.0003248370669880879,0.008806351778316339,0.012946515077961155,0.9778797731708002
NIFTY_50,2024-07-05,5,3.5414250722582287e-05,0.00010126692551619855,0.002992749562896416,0.011375925857492015,0.9854946434033727
NIFTY_50,2024-07-08,5,3.5566443101926005e-05,0.00010038495976754072,0.003473892875636944,0.004599510736802112,0.9917906449846914
NIFTY_50,2024-07-10,5,2.84415742754272e-05,7.960101769731509e-05,0.0031519638352624775,0.003300164843056598,0.9934398287297082
NIFTY_50,2024-07-11,5,1.7524518764863386e-05,4.9462300914230554e-05,0.0018254149356686938,0.0031758791431322035,0.9949317191015199
NIFTY_50,2024-07-22,5,3.575291768529672e-05,8.905908273545235e-05,0.004386387776415878,0.004801904518069362,0.990686895705094
NIFTY_50,2024-07-23,5,6.04947893889639e-05,0.00015148304252822576,0.005487861739851004,0.009073106510414878,0.985227053917817
NIFTY_50,2024-07-24,5,5.0103004437437855e-05,0.00012653084828983106,0.003954530275221998,0.007226538311639551,0.9886422975604111
NIFTY_50,2024-07-25,5,5.6028504102482664e-05,0.0001499552818337754,0.0044758537914746386,0.00664230584718828,0.9886758565754008
NIFTY_50,2024-07-26,5,0.00035224442419509115,0.0008171616106904334,0.02708992882858999,0.9530827120773403,0.01865795305918423
NIFTY_50,2024-07-29,5,0.0002605014059022611,0.0006246395638762441,0.014415467273289682,0.9717649994384404,0.012934392318491236
NIFTY_50,2024-07-30,5,0.00035706568709457877,0.0008634048853949835,0.019387901079111182,0.9566036343340379,0.0227879940143613
NIFTY_50,2024-07-31,5,0.00027406345778236145,0.0006724792836202875,0.009902775489295008,0.9741241037127235,0.01502657805657877
NIFTY_50,2024-08-02,5,8.382745561868896e-05,0.00021635150420251648,0.007834831716102606,0.0646907488296945,0.9271742404943816
NIFTY_50,2024-08-05,5,0.00031706373672694103,0.009404572254364314,0.028922849088116518,0.928596234392534,0.03275928052825828
NIFTY_50,2024-08-06,5,0.0001480745023870989,0.0039021755691441584,0.01304449538280732,0.9746307129356062,0.008274541610055192
NIFTY_50,2024-08-07,5,0.00036078830886899805,0.005463129726465871,0.029974571822972723,0.8967489626243358,0.06745254751735667
NIFTY_50,2024-08-08,5,7.421939436319614e-05,0.0017119370723104959,0.008284994045232663,0.03526863782682259,0.954660211661271
NIFTY_50,2024-08-09,5,5.8498183910641336e-05,0.0006511428410770205,0.007871529119335424,0.03214821472618353,0.9592706151294933
NIFTY_50,2024-08-12,5,3.0331018829226814e-05,0.000524978289612682,0.0022671490837175598,0.01217145926909518,0.9850060823387454
NIFTY_50,2024-08-13,5,2.675469189712932e-05,0.0009260339732277038,0.0026157588895573585,0.008469378133382336,0.9879620743119355
NIFTY_50,2024-08-14,5,1.8598330459737713e-05,0.0003765320010950812,0.002850916394437496,0.005552218533866722,0.991201734740141
NIFTY_50,2024-08-16,5,3.944542248346055e-05,0.0003838529025436832,0.005714880343135271,0.008918125007204517,0.9849436963246331
NIFTY_50,2024-08-19,5,2.4924224293185994e-05,0.00021856481466244745,0.004349411423767904,0.0043746721293076545,0.9910324274079688
NIFTY_50,2024-08-20,5,2.804341269761901e-05,0.00019692767002749562,0.0049451207558158135,0.01065896210685742,0.9841709460546016
NIFTY_50,2024-08-21,5,2.863533337142547e-05,0.00012233364959520916,0.006448710982298166,0.008143871852734361,0.9852564481820009
NIFTY_50,2024-08-22,5,2.5916459635735567e-05,0.00011030935484683131,0.0024309757980926043,0.009973181720423541,0.9874596166670012
NIFTY_50,2024-08-23,5,3.589557630341254e-05,0.00014592714156405162,0.0035539671383811753,0.01557994189810702,0.9806842682456444
NIFTY_50,2024-08-26,5,3.6849419044626255e-05,8.501999592641518e-05,0.0041605957578076305,0.015841605933702173,0.9798759288935192
NIFTY_50,2024-08-27,5,3.4016420181793955e-05,8.539973871470327e-05,0.0036172484286488113,0.016505996398621037,0.9797573390138337
NIFTY_50,2024-08-28,5,4.8890657246496954e-05,0.00012279115515264694,0.005283355206794903,0.01813686641548188,0.9764080965653241
NIFTY_50,2024-09-03,5,0.00025116306046602866,0.0006160599249014177,0.027866483799621023,0.9300474281582007,0.04121886505681075
NIFTY_50,2024-09-04,5,0.00026703721582262455,0.0006652216351433058,0.028432116206706434,0.9311109748412395,0.039524650101088216
NIFTY_50,2024-09-05,5,5.3091063626487715e-05,0.00013225618776885556,0.006633500809610674,0.028479396841858115,0.964701755097136
NIFTY_50,2024-09-06,5,5.286770894606602e-05,0.0003915373875378233,0.008453756186234054,0.031398082210798074,0.9597037565064841
NIFTY_50,2024-09-09,5,0.00040098701246545765,0.0024046111168592654,0.0657543040750272,0.9110138569253892,0.02042624087025908
NIFTY_50,2024-09-10,5,0.00045484923262482225,0.004154962557942906,0.9140448651209089,0.07724973204133721,0.004095591047186133
NIFTY_50,2024-09-11,5,0.00042033758185504533,0.0035197168830068,0.9435294657221696,0.048583840990081534,0.00394663882288721
NIFTY_50,2024-09-30,5,0.0004733400961529737,0.0015569735924670534,0.9550806990820688,0.03759330228369645,0.005295684945614542
NIFTY_50,2024-10-01,5,0.0003998753150474133,0.0011339532154128224,0.9377779177370937,0.05508928630510132,0.005598967427344926
NIFTY_50,2024-10-03,5,0.0005811580046338712,0.010033869219987475,0.9361996405531139,0.04713485194141308,0.00605048028085173
NIFTY_50,2024-10-04,5,0.00033902502027532413,0.013165937372307722,0.9128095317084737,0.07309425734284969,0.000591248556093663
NIFTY_50,2024-10-07,5,0.00025801628737735717,0.003994734712067378,0.10872001560741358,0.8866676386462682,0.00035959474687350177
NIFTY_50,2024-10-08,5,0.0002758105731120728,0.0026305641961725783,0.169628862286567,0.8270585297473826,0.00040623319676588016
NIFTY_50,2024-10-09,5,0.00035583006704263334,0.005538309480860261,0.9572720169915008,0.03630877394712019,0.0005250695134762275
NIFTY_50,2024-10-10,5,0.00020759331396388305,0.003407083054452879,0.9846366362464688,0.011279418017743566,0.0004692693673709097
NIFTY_50,2024-10-11,5,0.00018776601875400095,0.0023002080833282187,0.993049962324655,0.004244787771066175,0.0002172758021966143
NIFTY_50,2024-10-14,5,0.0003021178090709533,0.002612349788411716,0.981399219361763,0.015015515328619711,0.0006707977121346788
NIFTY_50,2024-10-15,5,0.00026234861533603666,0.005045443132402028,0.9825946489899877,0.011602750649915923,0.0004948086123582301
NIFTY_50,2024-10-16,5,0.00021954958215259694,0.0035425452185874266,0.9877972705792797,0.008183877844131592,0.00025675677584862164
NIFTY_50,2024-10-17,5,0.00023167695006757924,0.005775352665583952,0.9901111544545136,0.0036249706964229,0.00025684523341209235
NIFTY_50,2024-10-18,5,0.0002219694845272243,0.00458939342906872,0.9924230411712313,0.0025190987219938974,0.0002464971931789803
NIFTY_50,2024-10-21,5,0.00026115408571681964,0.004672952615966385,0.9918322524317453,0.0029759171571776114,0.0002577237093938144
NIFTY_50,2024-10-22,5,0.0003203914494532247,0.008485785541459935,0.9891291948055541,0.0017649919934637837,0.0002996362100688556
NIFTY_50,2024-10-23,5,0.0003252247500194803,0.011301767107676264,0.9857877105167062,0.0022645103027828864,0.00032078732281519027
NIFTY_50,2024-10-24,5,0.00036413580919222345,0.008092208804008981,0.9898161131363953,0.0014312571148847027,0.0002962851355184654
NIFTY_50,2024-10-25,5,0.0005320144905504944,0.01549461781235954,0.9820529687434468,0.001616075771263404,0.00030432318237952566
NIFTY_50,2024-10-28,5,0.00017189778281270697,0.003909583733777331,0.9951148266624712,0.0006459823310657861,0.00015770948987322902
NIFTY_50,2024-10-29,5,0.0002690417317650517,0.012982401579399842,0.9857107426633154,0.0008194238813295643,0.0002183901441904063
NIFTY_50,2024-10-30,5,0.00028641103025116944,0.009976682126278879,0.9888066579656972,0.0006781510590421543,0.0002520978187306861
NIFTY_50,2024-10-31,5,0.000480579278169474,0.0145137828580141,0.9836940592663582,0.0009171511891943258,0.0003944274082635668
NIFTY_50,2024-11-01,5,0.00037863779801885794,0.015108161726128269,0.9827092511735587,0.0014071277610825162,0.00039682154121171336
NIFTY_50,2024-11-04,5,0.0009199279595386465,0.061360959056541174,0.9358322344693374,0.00137412903451007,0.0005127494800729015
NIFTY_50,2024-11-05,5,0.0008077521623692797,0.13198186242619145,0.8651499098709131,0.001584488235035385,0.0004759873054907614
NIFTY_50,2024-11-06,5,0.00022908784414013892,0.9027247901409959,0.09591957316270679,0.0009006703987850569,0.00022587845337215877
NIFTY_50,2024-11-07,5,0.0006092241962333505,0.9516597535213597,0.04638574714682397,0.0010320667583395614,0.0003132083772433241
NIFTY_50,2024-11-08,5,0.0009027665407190603,0.9746573223901435,0.02372622615231054,0.0005505852617084427,0.00016309965511856946
NIFTY_50,2024-11-11,5,0.00036509690920486377,0.9655384235819159,0.03316270908672938,0.0007013267437234133,0.0002324436784266205
NIFTY_50,2024-11-12,5,0.00039244451442181606,0.9797699108755312,0.018617901779912002,0.001012526986716608,0.00020721584341835134
NIFTY_50,2024-11-13,5,0.001751975984668697,0.9756477996109424,0.02128217147460501,0.0011000404204028044,0.00021801250938102698
NIFTY_50,2024-11-14,5,0.0038383280653692675,0.9751433684676876,0.019777541756426827,0.001018257148606609,0.00022250456190983718
NIFTY_50,2024-11-18,5,0.00601302092049565,0.9854405355317081,0.007325045769846911,0.0010588652417814798,0.00016253253616796908
NIFTY_50,2024-11-19,5,0.0069649027213583,0.9802931549699498,0.011630523611527286,0.0009570285402246651,0.00015439015693990654
NIFTY_50,2024-11-21,5,0.0026882807523628868,0.9885068430358214,0.007353974861466201,0.0012418396054400635,0.00020906174490952347
NIFTY_50,2024-11-22,5,0.0012352692858618305,0.9333308406680694,0.05783916427395162,0.007116758997187529,0.00047796677492970956
NIFTY_50,2024-11-25,5,0.0004266107495543664,0.8780777991072982,0.11551135255448747,0.00503884397689037,0.0009453936117695505
NIFTY_50,2024-11-26,5,0.000558588605474934,0.09518784350514466,0.8980419775625791,0.005807124941959822,0.00040446538484154254
NIFTY_50,2024-11-27,5,0.00026674250270837226,0.03973191858309126,0.9557361718492914,0.004044248127140831,0.00022091893776821393
NIFTY_50,2024-11-28,5,0.0007504118638585684,0.06369202709828305,0.9347289367929076,0.0006289402026051292,0.00019968404234575057
NIFTY_50,2024-11-29,5,0.0003999153644883456,0.026975324609614888,0.97127634458296,0.0011637575742183778,0.00018465786871829293
NIFTY_50,2024-12-02,5,0.000571227973920908,0.01024870179083588,0.9877897605644516,0.0011517583078962932,0.00023855136289529865
NIFTY_50,2024-12-03,5,0.00017375417968713502,0.016790971462370293,0.9795754509070173,0.0030265441623530775,0.00043327928857211077
NIFTY_50,2024-12-04,5,0.00022090523260891168,0.015752254918546222,0.9808534202630277,0.0026932751632420984,0.00048014442257514057
NIFTY_50,2024-12-05,5,0.0006067806086826872,0.04077618162572621,0.9249162761670728,0.02811353605290665,0.005587225545611826
NIFTY_50,2024-12-06,5,0.00037231898100845834,0.011393270585708534,0.9777474614882231,0.007203941859297949,0.0032830070857616587
NIFTY_50,2024-12-09,5,0.0005907390923386124,0.035247187232064776,0.9535958546625378,0.009265027398605833,0.0013011916144528737
NIFTY_50,2024-12-10,5,0.0006149657843406434,0.07378187840781841,0.9153162739855053,0.00922044976224451,0.001066432060091118
NIFTY_50,2024-12-11,5,0.00034700955079367956,0.9039232889954546,0.08829508234691867,0.006542519738758412,0.0008920993680745389
NIFTY_50,2024-12-12,5,0.00018686939569345268,0.9462272897944263,0.050511260240709316,0.002635272263710743,0.00043930830546024316
NIFTY_50,2024-12-13,5,0.0003751817168505783,0.8819132051707118,0.10069266266840049,0.014107647221854357,0.002911303222182749
NIFTY_50,2024-12-16,5,0.00027167717834657254,0.9255218743003688,0.07025476800315801,0.003420763546323616,0.0005309169718029494
NIFTY_50,2024-12-17,5,0.0013209738809739362,0.9638707019573826,0.033511411343967935,0.0011470569877334554,0.00014985582994219955
NIFTY_50,2024-12-18,5,0.0010528302704051163,0.9633207266483268,0.03441244701562705,0.0010358557575982374,0.0001781403080425892
NIFTY_50,2024-12-19,5,0.001415439910308198,0.9744687441488153,0.022929054956567278,0.0010207931459341392,0.0001659678383753002
NIFTY_50,2024-12-20,5,0.002616640296967048,0.9605037077761067,0.0350596655766626,0.0015251384478880753,0.0002948479023757241
NIFTY_50,2024-12-23,5,0.00482681759970199,0.8736844202780972,0.11586109905691291,0.005029918997697252,0.0005977440675905307
NIFTY_50,2024-12-24,5,0.0030972699189030293,0.9313857321734627,0.06338093211641725,0.0018381233389034779,0.00029794245231366475
NIFTY_50,2024-12-26,5,0.004298678641057553,0.17955097338593162,0.8117586298416186,0.003807909547228597,0.0005838085841636977
NIFTY_50,2024-12-27,5,0.003938808998341204,0.13680154879231055,0.8549809267175726,0.0034790364936307947,0.0007996789981448766
NIFTY_50,2024-12-30,5,0.0010994846925258884,0.9630867560105818,0.034167317104456536,0.001399290102623908,0.00024715208981188476
NIFTY_50,2024-12-31,5,0.0010107736279961305,0.9701929935407863,0.02745912426182237,0.001155735726722352,0.00018137284267287027
NIFTY_50,2025-01-01,5,0.0013446167245512572,0.9404566720358727,0.05670287438446969,0.0011756926315746707,0.00032014422353161007
NIFTY_50,2025-01-02,5,0.0008172427226944778,0.9461982329719998,0.05207939675792465,0.0007108675270026593,0.00019426002037855114
NIFTY_50,2025-01-03,5,0.0004459648882627261,0.9558528036806417,0.04282706589964215,0.0007062792437726239,0.000167886287680868
NIFTY_50,2025-01-06,5,0.0011510927599167572,0.9739253815181121,0.02397795084651004,0.0007435175583009611,0.00020205731716009615
NIFTY_50,2025-01-07,5,0.0009566403304413899,0.9764117589846808,0.021683605541005485,0.0007285199181041005,0.00021947522576836763
NIFTY_50,2025-01-08,5,0.0013142858412461557,0.9802421851582083,0.017584080067429328,0.0006777239893945507,0.0001817249437215844
NIFTY_50,2025-01-09,5,0.0009920759611148566,0.9845096259462441,0.013731889607484438,0.0006037149662766263,0.00016269351887972968
NIFTY_50,2025-01-10,5,0.0014481653205867704,0.9738277774150972,0.023618236928207255,0.000872624763103146,0.00023319557300568989
NIFTY_50,2025-01-14,5,0.001985897714338135,0.9880088809986732,0.009252621649060062,0.0005947370491742736,0.0001578625887541322
NIFTY_50,2025-01-15,5,0.005491771256214885,0.9668036437348116,0.025630337487959724,0.0017031281646943223,0.0003711193563196962
NIFTY_50,2025-01-16,5,0.0034696385817625697,0.9830150448170538,0.012590854943856975,0.0007262214894289855,0.00019824016789734208
NIFTY_50,2025-01-17,5,0.005578127315692726,0.9795921935634709,0.013354346464711004,0.0011939232267762574,0.00028140942934922245
NIFTY_50,2025-01-20,5,0.00295380970496777,0.9710315397713032,0.024760806076384926,0.0009195741538655087,0.0003342702934788288
NIFTY_50,2025-01-22,5,0.00410364611007825,0.9694593302605128,0.024480189976564603,0.0015291200581862767,0.0004277135946579065
NIFTY_50,2025-01-23,5,0.0030734709167635045,0.9775163705964995,0.018200829801264126,0.0009244827358978933,0.0002848459495747041
NIFTY_50,2025-01-24,5,0.004460705988185932,0.9767999382658281,0.017373492639826547,0.0010554522143645638,0.0003104108917949942
NIFTY_50,2025-01-28,5,0.014811139039891532,0.9281174993001876,0.05601485517550918,0.0007268266746248707,0.00032967980978662197
NIFTY_50,2025-01-29,5,0.00961842324378173,0.06475130267404368,0.9235949152026728,0.001563769321299756,0.0004715895582022601
NIFTY_50,2025-01-30,5,0.007535786715935551,0.12453427483498689,0.8663104184188323,0.0012243358603040953,0.0003951841699410429
NIFTY_50,2025-01-31,5,0.006345173899860536,0.9425119160469377,0.04959089618853327,0.0011926369427567897,0.00035937692191158457
NIFTY_50,2025-02-01,5,0.010914193976628055,0.9660678156214626,0.02196005825459765,0.0008362991949156277,0.00022163295239625803
NIFTY_50,2025-02-03,5,0.028170674044739278,0.9127634156918363,0.05739537305858083,0.001298711156093096,0.0003718260487506333
NIFTY_50,2025-02-04,5,0.0006718017546026823,0.9372696259218795,0.05887928886162815,0.002739257370314137,0.0004400260915755254
NIFTY_50,2025-02-05,5,0.001291613048868113,0.9374918554413513,0.057648404709706697,0.0031520276261489863,0.0004160991739249316
NIFTY_50,2025-02-06,5,0.9674641229059043,0.028319469929923007,0.003984337340042153,0.0001939169559806342,3.815286814992872e-05
NIFTY_50,2025-02-07,5,0.9616431117864805,0.03061950185393506,0.007501258796523515,0.00019372784408408327,4.239971897696147e-05
NIFTY_50,2025-02-10,5,0.9895754705968283,0.005246631175198499,0.0048274894587185735,0.0003090208599551879,4.138790929931058e-05
NIFTY_50,2025-02-11,5,0.9831387575431998,0.014903917867601384,0.0018431250907229857,8.735799090254686e-05,2.6841507573165494e-05
NIFTY_50,2025-02-12,5,0.9837102694823707,0.013098926007806945,0.0030619672436137894,9.899191545251313e-05,2.984535075591546e-05
NIFTY_50,2025-02-13,5,0.9922735321309216,0.006121749655728235,0.0015503293007956948,3.750567846199377e-05,1.6883234092519702e-05
NIFTY_50,2025-02-14,5,0.9854888246024891,0.012608490886114343,0.0018283547721100954,5.275923076527001e-05,2.157050852120541e-05
NIFTY_50,2025-02-17,5,0.9889725908900235,0.008427053095995472,0.002507440099206258,6.835511936798668e-05,2.456079540666379e-05
NIFTY_50,2025-02-18,5,0.9917315983738341,0.006042093477878762,0.0021453698410239946,5.928266373820006e-05,2.1655643525008223e-05
NIFTY_50,2025-02-19,5,0.9913525390535892,0.006513124112849543,0.0020652919527486477,4.866154905864598e-05,2.0383331754094907e-05
NIFTY_50,2025-02-20,5,0.985684328049252,0.011439939035895167,0.0027771607276413316,6.917677563888796e-05,2.9395411572603617e-05
NIFTY_50,2025-02-21,5,0.9795400082623922,0.017349015294701824,0.003010054817560524,6.948034051520377e-05,3.144128483019342e-05
NIFTY_50,2025-03-05,5,0.9775950432195629,0.019643718953239072,0.0026257149505819664,9.336676501555827e-05,4.215611160049591e-05
NIFTY_50,2025-03-06,5,0.9736643365224844,0.021802816110512935,0.004401083689296849,9.06713610970574e-05,4.109231660866324e-05
NIFTY_50,2025-03-07,5,0.9899284082128234,0.007627643876173984,0.0023676095618185623,5.184687509631318e-05,2.449147408774285e-05
NIFTY_50,2025-03-10,5,0.9864673973633707,0.011304871571209872,0.0021313482121653967,6.546054253866201e-05,3.092231071548677e-05
NIFTY_50,2025-03-11,5,0.9534777432693319,0.03593901299534572,0.010277619756995511,0.0002091978090354866,9.642616929124982e-05
NIFTY_50,2025-03-12,5,0.03824667123368175,0.9291832139823264,0.031441739271734326,0.000772556779999051,0.00035581873225834666
NIFTY_50,2025-03-13,5,0.010545181797964539,0.9256982442235371,0.06193235511643379,0.0012392690914492612,0.000584949770615666
NIFTY_50,2025-03-17,5,0.010547497665979214,0.0845061970630514,0.9019245206972042,0.002095763646863905,0.000926020926901136
NIFTY_50,2025-03-18,5,0.011534518594809104,0.10905118967886072,0.876384918195184,0.00213700429016203,0.0008923692409843161
NIFTY_50,2025-03-19,5,0.005623073174404547,0.06612365992312966,0.9263889426894403,0.0012735335258518825,0.0005907906871737693
NIFTY_50,2025-03-20,5,0.0037482500888110404,0.027660556678988316,0.9649807220236667,0.003203794512826025,0.00040667669570791973
NIFTY_50,2025-03-21,5,0.0053050642389318595,0.023754051205091865,0.9623037555838535,0.008192646336566065,0.000444482635556648
NIFTY_50,2025-03-24,5,0.00042104486775616394,0.959593105040299,0.03585580188094693,0.0038284944678242555,0.0003015537431734315
NIFTY_50,2025-03-25,5,0.0005818482086587668,0.969657727978212,0.023132467611101718,0.006293248208349695,0.00033470799367788624
NIFTY_50,2025-03-26,5,0.014254193081348529,0.9241730507636203,0.0519375157627452,0.009238664233183442,0.0003965761591025946
NIFTY_50,2025-03-27,5,0.0013955350860555295,0.9544056043733441,0.0353563830732555,0.008532265761243435,0.000310211706101236
NIFTY_50,2025-03-28,5,0.9666012834841549,0.010077033702207154,0.017236073699141617,0.0059653689653743165,0.00012024014912192934
NIFTY_50,2025-04-01,5,0.954875246956617,0.03481086998860761,0.009581206807584189,0.0006907608561621325,4.191539102903842e-05
NIFTY_50,2025-04-02,5,0.9596047510806833,0.021964065010409307,0.016906731745957634,0.0014467568975760749,7.769526537370452e-05
NIFTY_50,2025-04-03,5,0.014305861463154277,0.8846253186580298,0.09532643129990945,0.005158761687489525,0.0005836268914169074
NIFTY_50,2025-04-04,5,0.017570285763082498,0.9114897033252704,0.06936667605614366,0.00118478028218899,0.0003885545733144533
NIFTY_50,2025-04-07,5,0.0186218880019788,0.9165999972390657,0.061892450987269046,0.002067435742049728,0.0008182280296365952
NIFTY_50,2025-04-08,5,0.012730693100818348,0.06934585505954247,0.9145569704567356,0.0023455865473880387,0.0010208948355156522
NIFTY_50,2025-04-09,5,0.018888156938245408,0.11560500849442004,0.8632286717198471,0.0016251376650588533,0.000653025182428692
NIFTY_50,2025-04-11,5,0.015815840720362847,0.06432185246204222,0.9174783956430635,0.0016948162885696207,0.0006890948859616721
NIFTY_50,2025-04-15,5,0.00671403206220601,0.01991133900905159,0.9691579415336463,0.0038188616045577257,0.00039782579053832754
NIFTY_50,2025-04-16,5,0.005981874438270308,0.010030980928268646,0.9784121860580014,0.0051802762857053935,0.00039468228975431433
NIFTY_50,2025-04-17,5,0.0006035859364496306,0.008645926936943079,0.9858602213407182,0.004373327095445933,0.0005169386904431842
NIFTY_50,2025-04-21,5,0.0008474724227109736,0.003499184675903427,0.9830176111478662,0.011982751353296213,0.0006529804002232216
NIFTY_50,2025-04-22,5,0.0006089353186433865,0.0033684701081735146,0.979909976541704,0.015523713389146779,0.0005889046423323426
NIFTY_50,2025-04-23,5,0.001542525325785102,0.0024761239381182317,0.8982012190892804,0.09564633276732216,0.002133798879494096
NIFTY_50,2025-04-24,5,0.0006287039144630296,0.004902950319212054,0.05560632689975491,0.9383283214609267,0.0005336974056432109
NIFTY_50,2025-04-25,5,0.0003530375826835619,0.0019502035109456068,0.0455804481488113,0.9516789027767772,0.00043740798078241704
NIFTY_50,2025-04-28,5,0.0004425649261616505,0.002021811799609885,0.060808677209134465,0.9362964873944435,0.0004304586706504794
NIFTY_50,2025-04-29,5,0.0003960443003468212,0.003409552545382399,0.08456607011252709,0.9109284330255728,0.0006999000161708629
NIFTY_50,2025-04-30,5,0.0009582442020491781,0.0024631226787269387,0.8630143777700584,0.13229970955608528,0.0012645457930802646
NIFTY_50,2025-05-02,5,0.0005068776090516811,0.002360178306996958,0.9143558559974009,0.08180668031942132,0.0009704077671292862
NIFTY_50,2025-05-05,5,0.00014906059652973597,0.0003790890858933729,0.04927466767435755,0.949813646926021,0.00038353571719833615
NIFTY_50,2025-05-06,5,0.00018484501347068195,0.0011930352585316066,0.03361677050584255,0.9642381498786361,0.0007671993435190425
NIFTY_50,2025-05-07,5,0.00023414019013193472,0.00133901866794844,0.03825773063697396,0.9592159298347785,0.0009531806701673167
NIFTY_50,2025-05-08,5,0.00024704826553319714,0.001987929851178238,0.033743966867227505,0.9635768731413284,0.00044418187473254116
NIFTY_50,2025-05-09,5,0.00016334450359900278,0.00503514239086303,0.02188965217707928,0.9726722291284633,0.00023963179999533606
NIFTY_50,2025-05-13,5,0.00039413629835729645,0.006033840856101075,0.09520228933702542,0.8978240115501667,0.0005457219583497588
NIFTY_50,2025-05-14,5,0.0006313630600615794,0.003155087807621974,0.7917018789964665,0.20325064932443226,0.0012610208114178503
NIFTY_50,2025-05-16,5,0.0003444932860044019,0.0009009490169101416,0.08136487377873619,0.9166775707952979,0.0007121131230514832
NIFTY_50,2025-05-19,5,0.00015163535474182254,0.00041941244404051234,0.040000848105358436,0.9591676155672261,0.00026048852863325996
NIFTY_50,2025-05-20,5,0.00014948901644138107,0.001599246882328603,0.030265869321198235,0.9677753584472532,0.0002100363327788405
NIFTY_50,2025-05-21,5,0.00014990309417465075,0.0009869082148405543,0.041191251892067814,0.9574402122173886,0.00023172458152828965
NIFTY_50,2025-05-22,5,0.0003962356374596127,0.008637343299075386,0.05229913781085528,0.938130189452939,0.0005370937996707059
NIFTY_50,2025-05-23,5,0.0001976275073195697,0.0019239777718456415,0.06448974089586239,0.9329975393960432,0.00039111442892895325
NIFTY_50,2025-05-26,5,0.0004659960078502209,0.002039652303849412,0.8693368681848288,0.12740171124943894,0.0007557722540325292
NIFTY_50,2025-05-27,5,0.00046485429484142407,0.006812281884207423,0.8983393841390809,0.09382872939546132,0.0005547502864090657
NIFTY_50,2025-05-28,5,0.0005630936996304668,0.009385540304399725,0.871641949825503,0.11760454306529476,0.0008048731051720324
NIFTY_50,2025-05-29,5,0.0005260541492368166,0.010871958375040375,0.8943641878979434,0.0935052607392961,0.0007325388384833226
NIFTY_50,2025-05-30,5,0.00023418807940403616,0.004203746345568084,0.19035423726943532,0.8040911728869731,0.0011166554186194274
NIFTY_50,2025-06-02,5,0.00017231889351458662,0.003260309702769572,0.08260730055707204,0.9132284433396645,0.0007316275069792628
NIFTY_50,2025-06-03,5,0.00017552661730798832,0.0050535354564129375,0.028830990459631285,0.9657435643466351,0.00019638312001275218
NIFTY_50,2025-06-04,5,0.00019422386206092654,0.007389766841505432,0.03807690355418987,0.9541129326229874,0.00022617311925636767
NIFTY_50,2025-06-05,5,0.0005348289389907322,0.013746620128896464,0.8574152010987879,0.12758604203680826,0.0007173077965164437
NIFTY_50,2025-06-06,5,0.0004225919268630889,0.004274598645385795,0.9535409836190715,0.040888349002949,0.0008734768057305159
NIFTY_50,2025-06-09,5,0.00025134846580010165,0.0026475688075117926,0.933639061108512,0.062232383541226066,0.0012296380769498867
NIFTY_50,2025-06-10,5,0.0003228189684639453,0.002316419428584401,0.9300541061523347,0.06656825883120258,0.0007383966194143449
NIFTY_50,2025-06-12,5,0.0004306054145977114,0.017711136031760007,0.9224428697076855,0.05895362986388866,0.00046175898206821624
NIFTY_50,2025-06-13,5,0.0003192945539584559,0.013716153982954693,0.05997811843407388,0.9256427884958692,0.0003436445331437364
NIFTY_50,2025-06-16,5,0.00035149996492743257,0.006782663360930842,0.9557874927833433,0.036313031054654596,0.0007653128361440028
NIFTY_50,2025-06-17,5,0.0003813306986328713,0.029622742437372274,0.8551058344193847,0.11441782587957641,0.0004722665650338448
NIFTY_50,2025-06-18,5,0.00018316874693934752,0.009158986346053161,0.09202340525189359,0.8984367945411722,0.000197645113941771
NIFTY_50,2025-06-19,5,0.00020840763792778937,0.005270578669581353,0.08008516235107585,0.9142104062165652,0.00022544512484973781
NIFTY_50,2025-06-20,5,0.0002904768313433587,0.004694800351451521,0.9592921167790424,0.035372613897887976,0.00034999214027479924
NIFTY_50,2025-06-23,5,0.0002643031878575261,0.006101897868153293,0.14476629851367182,0.848550609503212,0.0003168909271053016
NIFTY_50,2025-06-24,5,0.0005936334487753739,0.016310955881614828,0.9144678141050092,0.06794148449022011,0.000686112074380225
NIFTY_50,2025-07-01,5,0.0005342387114153961,0.0016415465415644008,0.18034293126202172,0.8162006925121537,0.0012805909728446693
NIFTY_50,2025-07-02,5,0.0002757213777955726,0.001582879102823886,0.959089223013503,0.038356495477038864,0.0006956810288387692
NIFTY_50,2025-07-03,5,0.00022689038567405532,0.0017041428027178703,0.9643237916851416,0.03314698259559619,0.0005981925308703423
NIFTY_50,2025-07-04,5,0.0002870087364448346,0.0016139137366294942,0.9260317466924396,0.07097061275891155,0.0010967180755746238
NIFTY_50,2025-07-07,5,0.00018808963257749343,0.0011381815630730917,0.9768241272583611,0.02061097599420421,0.0012386255517841315
NIFTY_50,2025-07-08,5,0.00017550307575106853,0.0017491962780301715,0.976770730660546,0.0202168519404507,0.0010877180452218752
NIFTY_50,2025-07-09,5,0.0001549631790842002,0.0007891700935882724,0.9846198273989895,0.013731865142821336,0.0007041741855169139
NIFTY_50,2025-07-10,5,0.00017119664991801142,0.0029596927507244118,0.9769082344516661,0.019696641517829974,0.00026423462986160506
NIFTY_50,2025-07-11,5,0.00034191271360361667,0.013209693889102491,0.9588954523354991,0.02712163513290534,0.0004313059288893928
NIFTY_50,2025-07-14,5,0.00015011363135115352,0.003508917580573609,0.9898299195980979,0.006337491488822616,0.00017355770115492787
NIFTY_50,2025-07-15,5,0.00016644032140746508,0.006100494770261864,0.9868677158436183,0.0066741208429846625,0.000191228221727837
NIFTY_50,2025-07-16,5,0.00021711810351219787,0.0066256701785392695,0.9772930266296221,0.015233194003488576,0.0006309910848378611
NIFTY_50,2025-07-17,5,0.0002484635851006193,0.007552803150786433,0.9861240233801395,0.005802141024847073,0.00027256885912640337
NIFTY_50,2025-07-18,5,0.00032247273179558954,0.010488097029512238,0.9745041151828362,0.014345090537199049,0.0003402245186566945
NIFTY_50,2025-07-21,5,0.000280639652834985,0.008031074110054612,0.9854839975807621,0.005905338747275767,0.0002989499090723828
NIFTY_50,2025-07-22,5,0.0003745565638561403,0.011458230630090754,0.9793450000849503,0.008419710739234202,0.00040250198186855645
NIFTY_50,2025-07-23,5,0.0003246016026764179,0.015980594611575315,0.9752530705655756,0.008080962949060452,0.000360770271112082
NIFTY_50,2025-07-24,5,0.0005230650208962731,0.022129083348335125,0.9579894342106661,0.018796326863233605,0.0005620905568690821
NIFTY_50,2025-07-25,5,0.0005177324329881412,0.8079482990655945,0.18937456770104028,0.0018712177919223895,0.0002881830084545384
NIFTY_50,2025-07-28,5,0.000750763488621386,0.08922355931397372,0.9064843416515288,0.0029402483165043287,0.0006010872293717851
NIFTY_50,2025-07-29,5,0.00043140509681003833,0.02676664943290735,0.9713011715170856,0.001232867041680884,0.00026790691151603425
NIFTY_50,2025-07-30,5,0.00043905848913808343,0.02800457186393563,0.9700004611250134,0.0012745183824676048,0.00028139013944509795
NIFTY_50,2025-07-31,5,0.0005543270839037905,0.05612820497261275,0.9418008978531967,0.0012507431837043587,0.00026582690658247325
NIFTY_50,2025-08-01,5,0.0004207956055610013,0.7686028123648168,0.22987091338509624,0.0008406744154226776,0.0002648042291034517
NIFTY_50,2025-08-04,5,0.00030672278655413443,0.00907858737824203,0.9897485517310189,0.0006674429999714075,0.00019869510421355763
NIFTY_50,2025-08-05,5,0.00034254354049491364,0.020235760610116442,0.9782212604624857,0.0009283936853764419,0.00027204170152652155
NIFTY_50,2025-08-06,5,0.0004266575119997685,0.025716232125364787,0.9726105854061949,0.00095543492631202,0.0002910900301286643
NIFTY_50,2025-08-07,5,0.00032803317392848656,0.013835860829484877,0.9848783149810559,0.0007026578515822813,0.000255133163948554
NIFTY_50,2025-08-08,5,0.0009522235330205385,0.06599646504138448,0.9311553251360661,0.0013645835887059817,0.0005314027008227598
NIFTY_50,2025-08-11,5,0.00032193687250496036,0.008250741321292871,0.9908934198143098,0.00036832917302890357,0.00016557281886341512
NIFTY_50,2025-08-12,5,0.0002922445987362799,0.021826683180592363,0.9772646268862156,0.00042990023353997467,0.00018654510091597887
NIFTY_50,2025-08-13,5,0.0002139619273032423,0.004365790008735317,0.9948754881232079,0.000391638227197208,0.0001531217135564781
NIFTY_50,2025-08-14,5,0.00020211032867572658,0.004206275677092302,0.9949675524149963,0.0004535308953125635,0.00017053068392305177
NIFTY_50,2025-08-18,5,0.0003375067898180799,0.02968364884033207,0.9656367704729991,0.003970952455703751,0.00037112144114698626
NIFTY_50,2025-08-19,5,0.0003809119166280464,0.04644695370282992,0.9448398804650353,0.007930556261908934,0.0004016976535979179
NIFTY_50,2025-08-20,5,0.00021642785960736274,0.7938367816489774,0.19856916134568264,0.007149695548209106,0.00022793359752350693
NIFTY_50,2025-08-21,5,0.000200273937850905,0.8462281354517164,0.14363210324604853,0.009737126912670225,0.00020236045171414735
NIFTY_50,2025-08-22,5,0.0003979762786291828,0.026478677244562068,0.9529500640300219,0.01977529534029382,0.0003979871064929846
NIFTY_50,2025-08-25,5,0.0002890780549784024,0.042374080384760794,0.9439182296954859,0.013129511028087286,0.0002891008366877907
NIFTY_50,2025-08-26,5,0.0009372842626808608,0.019798087947562177,0.9770396177403804,0.001921787974818075,0.0003032220745586231
NIFTY_50,2025-08-28,5,0.000964327205739172,0.02199977867360007,0.9746235171482619,0.002106342934523146,0.00030603403787563547
NIFTY_50,2025-08-29,5,0.0006506254217590997,0.014987518983522638,0.982648644208721,0.0014500224702641224,0.0002631889157330539
NIFTY_50,2025-09-01,5,0.0006533164116710963,0.004399274231221307,0.9927968888434908,0.0019232982570289328,0.0002272222565877588
NIFTY_50,2025-09-02,5,0.0006307161018883001,0.010288697458163857,0.9875955777797037,0.0012273091987987691,0.00025769946144525696
NIFTY_50,2025-09-03,5,0.0005470270191266978,0.006439979192610371,0.9910264343143889,0.0017788914636957358,0.00020766801017856276
NIFTY_50,2025-09-04,5,0.0008147114507636023,0.027422348304942196,0.9681383989901879,0.0033192292107773157,0.0003053120433288637
NIFTY_50,2025-09-05,5,0.0009085130656866881,0.017299636620288484,0.9784226792034286,0.003037179430904267,0.0003319916796918813
NIFTY_50,2025-09-08,5,0.0007763543656868894,0.02267825323395095,0.9700605309433269,0.006026295161833,0.000458566295202295
NIFTY_50,2025-09-09,5,0.00024020961131880533,0.00834816724821803,0.16471566694121503,0.8264659299951183,0.00023002620412992646
NIFTY_50,2025-09-10,5,0.0003938215495120027,0.025283230401111568,0.9426701944264556,0.031257856785143465,0.00039489683777722086
NIFTY_50,2025-09-11,5,0.0005957477722033195,0.02978488939418148,0.916097329065144,0.0529235450489324,0.0005984887195388323
NIFTY_50,2025-09-12,5,0.00033668880503595616,0.007799169253211064,0.901691420844536,0.08982083569725392,0.000351885399963058
NIFTY_50,2025-09-15,5,0.00018287114786852838,0.006152635920687004,0.1602139048195972,0.8332627242901947,0.00018786382165257435
NIFTY_50,2025-09-16,5,0.0003547428268269395,0.009138106748295153,0.9355631446434367,0.054462012422215725,0.00048199335922530765
NIFTY_50,2025-09-17,5,0.00034682666385641266,0.008703834843167462,0.9386966701076919,0.05180096089996271,0.00045170748532136163
NIFTY_50,2025-09-18,5,0.0002590871115989618,0.004172366337806788,0.958844258788729,0.035255777003857465,0.001468510758007533
NIFTY_50,2025-09-19,5,0.00027827533480792707,0.0187488527599578,0.9509869489704179,0.029619955653621223,0.00036596728119507875
NIFTY_50,2025-09-22,5,0.00021627550262415116,0.9147903792618557,0.06380083743954566,0.020882734829586518,0.00030977296638813086
NIFTY_50,2025-09-23,5,0.000180613993597953,0.8876984644542419,0.09038514393986785,0.02146749243570616,0.0002682851765861841
NIFTY_50,2025-09-24,5,0.0006180463253688866,0.0629418632932705,0.8990576392391988,0.03668060783965938,0.0007018433025025752
NIFTY_50,2025-09-25,5,0.0016825703983818054,0.03441577422062444,0.934353909180945,0.02887769822027525,0.0006700479797734883
NIFTY_50,2025-09-26,5,0.001574009210736668,0.0353572001732511,0.9498586024533802,0.012672334992264167,0.0005378531703678905
NIFTY_50,2025-09-29,5,0.001125597827886103,0.01952105947749726,0.9689020748184465,0.010010419993196903,0.0004408478829730274
NIFTY_50,2025-09-30,5,0.001042499951672868,0.018635105967972975,0.9689010709740776,0.011038417522750367,0.000382905583526115
NIFTY_50,2025-10-01,5,0.001008318159422718,0.01759899312735195,0.9695884006994007,0.011418827116133819,0.0003854608976905866
NIFTY_50,2025-10-03,5,0.00019901137587828257,0.008490708095284086,0.10837301387054833,0.8827170335191914,0.00022023313909776005
NIFTY_50,2025-10-06,5,0.00039184165841139613,0.010394503092025045,0.9150888299085796,0.07374950092216535,0.000375324418818559
NIFTY_50,2025-10-07,5,0.00030171720142409627,0.014532949747214124,0.9269066201749793,0.057946584066351406,0.0003121288100313054
NIFTY_50,2025-10-08,5,0.0004984958365115045,0.021907250895228995,0.8953429488153417,0.08173134032581963,0.0005199641270982628
NIFTY_50,2025-10-09,5,0.00015332515290661616,0.006873406701930508,0.0923826739652351,0.9004323088540639,0.00015828532586397448
NIFTY_50,2025-10-10,5,0.00015638794572924938,0.0028360608040135433,0.05660406391162921,0.9402210161320547,0.0001824712065734097
NIFTY_50,2025-10-13,5,0.00012341888386123187,0.007326989078872475,0.035785506626757495,0.9566123395427545,0.00015174586775416126
NIFTY_50,2025-10-14,5,0.00028515759005202945,0.014052288686840934,0.10507329585564128,0.8802835927759578,0.00030566509150811385
NIFTY_50,2025-10-15,5,0.00015039555165469014,0.006837227859373706,0.05407224932939556,0.938754734498582,0.00018539276099411605
NIFTY_50,2025-10-16,5,0.00028297124690923066,0.003784996113441695,0.16885904289216735,0.826503845307753,0.0005691444397285839
NIFTY_50,2025-10-24,5,0.00028607802140117916,0.0017398212010955921,0.959301443099641,0.03798061810392652,0.000692039573935816
NIFTY_50,2025-10-27,5,0.00026621374323051176,0.0011806442486787783,0.9721003745314373,0.025083851194803528,0.0013689162818496926
NIFTY_50,2025-10-28,5,0.0003629903386563203,0.001662164802149168,0.9733939953754345,0.022985443339986596,0.0015954061437736477
NIFTY_50,2025-10-29,5,0.00025270921214181783,0.0006504680701943807,0.9808838518463001,0.016377530844911427,0.001835440026452257
NIFTY_50,2025-10-30,5,0.00030194720985813434,0.0008843665002029284,0.9582051199317937,0.03969904431478415,0.0009095220433609524
NIFTY_50,2025-10-31,5,0.00025943827578680666,0.002672519029571523,0.9622464594318345,0.03379699055016142,0.0010245927126457648
NIFTY_50,2025-11-03,5,0.0003016593012575979,0.0035939869983975434,0.916205015322402,0.07863311237380388,0.0012662260041390136
NIFTY_50,2025-11-04,5,0.0002735396995418492,0.005383769123230558,0.9372927160002097,0.056406530386859825,0.0006434447901580472
NIFTY_50,2025-11-06,5,0.00036881704189513186,0.01145440357937633,0.9646618826616936,0.022757662945405144,0.000757233771629773
NIFTY_50,2025-11-07,5,0.0003088436126060148,0.006865178319094121,0.9591661800758999,0.03310622901630221,0.0005535689760976865
NIFTY_50,2025-11-10,5,0.00012014252649555854,0.0020634456317644083,0.1644956515153778,0.8331091572377343,0.00021160308862809706
NIFTY_50,2025-11-11,5,0.000418340382609144,0.0075879282577062755,0.9121393838198495,0.07911703437705683,0.0007373131627781798
NIFTY_50,2025-11-12,5,0.0001328768690597366,0.0009833278290808723,0.10087028202974789,0.8975150166036384,0.0004984966684731303
NIFTY_50,2025-11-13,5,0.0001703720283760105,0.0011616017103691617,0.14701862843804842,0.8509237004299203,0.0007256973932861023
NIFTY_50,2025-11-14,5,0.0004976809445145569,0.0046151682063687105,0.8331833883090526,0.1604919953178322,0.0012117672222319085
NIFTY_50,2025-11-17,5,0.00045189825084958926,0.001384329123658841,0.7829921695530757,0.21441593532242254,0.0007556677499934533
NIFTY_50,2025-11-18,5,0.00016027345756449031,0.001987890680575529,0.0698152121366744,0.9277901128417858,0.0002465108833998593
NIFTY_50,2025-11-19,5,0.0002655793152208904,0.0007733435693792325,0.12849157087671895,0.8700886284872462,0.00038087775143476414
NIFTY_50,2025-11-21,5,0.0002472347193805343,0.0029660957092429194,0.10603520482183479,0.8902349414633914,0.000516523286150324
NIFTY_50,2025-11-24,5,0.000257967373537624,0.006489423853249845,0.12685616378985715,0.8660205598957851,0.00037588508757024295
NIFTY_50,2025-11-25,5,0.0002674975536471368,0.003663608989820795,0.12907652396169744,0.8666296866317811,0.0003626828630534846
NIFTY_50,2025-11-26,5,0.00045390853373894924,0.0011207079831368296,0.8254746569368134,0.17182058818746024,0.0011301383588504343
NIFTY_50,2025-11-27,5,0.0002264319758399729,0.0006208365374038646,0.12308508558408807,0.8755808514547108,0.00048679444795738633
NIFTY_50,2025-11-28,5,0.00023481142934161713,0.0006209629635436568,0.13546464028938449,0.8628019188870955,0.000877666430634692
NIFTY_50,2025-12-01,5,0.00036789178838489547,0.002125781212208178,0.7910390217110222,0.20472840583399018,0.0017388994543947305
NIFTY_50,2025-12-02,5,0.00046171692368750613,0.006755618158963362,0.9345037134521507,0.05765977838535371,0.000619173079844612
NIFTY_50,2025-12-03,5,0.0005112648526284024,0.005746776496330869,0.9228905501697915,0.07014579554803167,0.0007056129332175287
NIFTY_50,2025-12-04,5,0.0005027511620846872,0.0054279126966382185,0.9166142737432367,0.07674917247037029,0.0007058899276703108
NIFTY_50,2025-12-05,5,0.000331273700827784,0.0015853865283667866,0.2316201132478897,0.7659022428079366,0.0005609837149790236
NIFTY_50,2025-12-08,5,0.00043448658086788606,0.018247783582432963,0.905960163829541,0.07483232497495809,0.0005252410321999218
NIFTY_50,2025-12-09,5,0.0004125477709812076,0.012473398742608463,0.954557685665278,0.0321131388109725,0.00044322901015974046
NIFTY_50,2025-12-10,5,0.00035799111203554777,0.038123580665104254,0.938415710498693,0.022729611997195916,0.00037310572697125017
NIFTY_50,2025-12-11,5,0.00035252765234212346,0.006645834718474464,0.9622699206990151,0.030352952200769244,0.00037876472939894843
NIFTY_50,2025-12-12,5,0.0004494060836804599,0.00590342241514028,0.8832904322238818,0.1098538016697535,0.000502937607543922
NIFTY_50,2025-12-15,5,0.00016494979407959853,0.005338450035478942,0.08794148075743155,0.9063819265737573,0.00017319283925258772
NIFTY_50,2025-12-16,5,0.00016806618081956977,0.003687260691347722,0.1078861794197469,0.8880874642961335,0.00017102941195218266
NIFTY_50,2025-12-17,5,0.00018178170893448149,0.006825239371621965,0.15790549101279908,0.8349134017196203,0.00017408618702432482
NIFTY_50,2025-12-18,5,0.0005032951849843922,0.017742801610262437,0.8330980099067717,0.14815130277558933,0.0005045905223921417
NIFTY_50,2025-12-19,5,0.0005571644660119543,0.01738900978998941,0.917775542140936,0.06374045997993591,0.0005378236231268785
NIFTY_50,2025-12-22,5,0.0005560042610845392,0.010668554169917665,0.9538376842970961,0.03437763047338552,0.00056012679851615
NIFTY_50,2025-12-23,5,0.00047056718978073856,0.009643656546842804,0.9605056696440973,0.028900486863495858,0.0004796197557831726
NIFTY_50,2025-12-24,5,0.0005181894990503675,0.023121659363773604,0.9250486008532756,0.050777205712024556,0.0005343445718760571
NIFTY_50,2025-12-26,5,0.00016350421776721789,0.006060767845411701,0.09308273805769775,0.9005273219232452,0.00016566795587821077
NIFTY_50,2025-12-29,5,0.0003172775858430819,0.01774930460400559,0.17395992427861343,0.8076501808435618,0.00032331268797602025
NIFTY_50,2025-12-30,5,0.0007464416726426542,0.03970759165446469,0.8710895067504695,0.08767091410131014,0.0007855458211129964
NIFTY_50,2025-12-31,5,0.0007158630944741702,0.05824636972279579,0.8944946704974206,0.04581043472530898,0.0007326619600005724
NIFTY_50,2026-01-01,5,0.0002100222519059088,0.811675302046254,0.17852189976659188,0.00937007118824871,0.0002227047469996586
NIFTY_50,2026-01-05,5,0.0006309604175442114,0.06646063831892948,0.9131004865882227,0.019016451626550312,0.0007914630487533218
NIFTY_50,2026-01-06,5,0.00020423164560054598,0.835048485579336,0.16012391576293328,0.004424566385963963,0.0001988006261662282
NIFTY_50,2026-01-07,5,0.0005772091999488893,0.13909845934157167,0.8274476209778099,0.032264645674802805,0.0006120648058667741
NIFTY_50,2026-01-08,5,0.0003703509632716553,0.9413198180165379,0.05534942438860281,0.0027652890109382293,0.00019511762064949273
NIFTY_50,2026-01-09,5,0.0005029462279986198,0.9569577334888147,0.04118925465731938,0.0012030406290744803,0.0001470249967928661
NIFTY_50,2026-01-12,5,0.0002729818740596508,0.9511848771773528,0.047407968909386096,0.0010092164426379977,0.00012495559656371916
NIFTY_50,2026-01-13,5,0.0003495159758004775,0.9746398940827499,0.02409613874492302,0.0008186284515538839,9.582274497246413e-05
NIFTY_50,2026-01-14,5,0.00014150012314218156,0.9789437427494267,0.020318474296144,0.00051650439059445,7.977844069262369e-05
NIFTY_50,2026-01-16,5,0.00040036103259882865,0.9826717112374304,0.01638383123236683,0.0004729433739540867,7.11531236500065e-05
NIFTY_50,2026-01-19,5,0.0002756386263613127,0.9772223989787788,0.02183768742209811,0.0005619762628884444,0.00010229870987357671
NIFTY_50,2026-01-20,5,0.00023300264660263285,0.974807897742872,0.02464041054904066,0.00023702136738417304,8.166769410045157e-05
NIFTY_50,2026-01-21,5,0.00041380633887963894,0.9546840634846053,0.04440705948863208,0.0003604908182849867,0.00013457986959806466
NIFTY_50,2026-01-22,5,0.0008322195281993098,0.9023670127251,0.09616727044276283,0.0004540071389150914,0.00017949016502288216
NIFTY_50,2026-01-23,5,0.0006975606870334999,0.9416189023226069,0.05693034421965783,0.0005137060788250878,0.00023948669187666083
NIFTY_50,2026-01-27,5,0.001105758961416172,0.15797756567067328,0.8393563096552976,0.0010820967578423959,0.0004782689547707214
NIFTY_50,2026-01-28,5,0.0008782123217327647,0.06379598375520625,0.9341324621550738,0.0008744061007936082,0.00031893566719347273
NIFTY_50,2026-01-29,5,0.0005170733050816133,0.745690409824646,0.2529581059443985,0.0005991900369945921,0.00023522088887944259
NIFTY_50,2026-01-30,5,0.0010806406494955107,0.06962398349716603,0.9282644194502491,0.000781317052013088,0.0002496393510762731
NIFTY_50,2026-02-02,5,0.0016609016988145314,0.09410882482868634,0.902218454142913,0.0014589380810676124,0.0005528812485185613
NIFTY_50,2026-02-03,5,0.00042542262671075106,0.07652257200507392,0.9197800141266048,0.001828162393471708,0.0014438288481386742
NIFTY_50,2026-02-04,5,0.0005682898027362445,0.05543672562779808,0.9406747007204599,0.002600935968131019,0.000719347880874785
NIFTY_50,2026-02-05,5,0.0027769650566313157,0.06731594035552882,0.9260693958918484,0.002958375220235989,0.0008793234757554396
NIFTY_50,2026-02-06,5,0.00041058303008451464,0.9038306945447991,0.0935885429548687,0.0018834036095009994,0.0002867758607465598
NIFTY_50,2026-02-09,5,0.00019315041971684218,0.8610630698430242,0.13687079350673217,0.0016988473534380103,0.0001741388770888662
NIFTY_50,2026-02-10,5,0.00042038035919898586,0.08410804787309598,0.9098571849325596,0.00515178991414276,0.0004625969210028268
NIFTY_50,2026-02-11,5,0.0005492232351191927,0.10293096825748448,0.883237067369321,0.012761526786611282,0.0005212143514641493
NIFTY_50,2026-02-12,5,0.0002026168859442535,0.9057822614964439,0.09100751394717754,0.0027295200330927434,0.0002780876373414172
NIFTY_50,2026-02-13,5,0.0012996053900817008,0.915048417516897,0.08265158628383223,0.0008304418586531784,0.00016994895053603295
NIFTY_50,2026-02-16,5,0.0029158718666055686,0.17619413202627993,0.8170583743839198,0.0032403074625123587,0.0005913142606821766
NIFTY_50,2026-02-17,5,0.00012709342400271483,0.9711433180771376,0.027405410191189892,0.0012075897107854568,0.00011658859688444465
NIFTY_50,2026-02-18,5,0.00014468765194503304,0.9708435210762638,0.02656633732721059,0.002305475330790755,0.0001399786137895711
NIFTY_50,2026-02-19,5,0.001482824374890169,0.9672346023508643,0.02972550194645346,0.0013904691595533186,0.00016660216823877509
NIFTY_50,2026-02-20,5,0.0008215430140278968,0.9760837693771833,0.022267891623564687,0.0007234783907614014,0.00010331759446257835
NIFTY_50,2026-02-23,5,0.00015587121572874642,0.967846223963051,0.028172074069977616,0.0036900617119811955,0.00013576903926159457
NIFTY_50,2026-02-24,5,0.0005797145662676302,0.9821147549951645,0.016223994065347233,0.0009842557128566711,9.728066036408472e-05
NIFTY_50,2026-02-25,5,0.0011268084676163942,0.9839517201391144,0.014165632423198384,0.0006800695202377816,7.576944983340743e-05
NIFTY_50,2026-02-26,5,0.0012408774892625142,0.9665621543368716,0.03134819208569364,0.0007413520547548353,0.00010742403341745361
NIFTY_50,2026-02-27,5,0.0009767288550571267,0.9832217794025183,0.015108095268841697,0.0005651883314820449,0.000128208142100542
NIFTY_50,2026-03-02,5,0.022969955971492106,0.9512423300136151,0.024194987174581635,0.0012885063233088944,0.00030422051700231337
NIFTY_50,2026-03-04,5,0.9599188498388882,0.035667164130285,0.004108491613238145,0.00022517859040985247,8.031582717864709e-05
NIFTY_50,2026-03-05,5,0.9627569887298139,0.0266400173027237,0.01002853765349758,0.0004702782579449224,0.00010417805602006155
NIFTY_50,2026-03-06,5,0.9746360378806639,0.021905102086405802,0.0031268825750555267,0.0002552789233039836,7.669853457085734e-05
NIFTY_50,2026-03-10,5,0.9845996841950005,0.011079260180731364,0.003957192882314544,0.0003042136475378864,5.964909441564646e-05
NIFTY_50,2026-03-11,5,0.9912791181349613,0.007172694299067691,0.0014350584570466626,7.417431690174e-05,3.89547920225756e-05
NIFTY_50,2026-03-17,5,0.9937239081657668,0.005332857946252677,0.0008511179082096868,5.441197550338919e-05,3.7704004267349186e-05
NIFTY_50,2026-03-18,5,0.9953538950174948,0.0038682408739600877,0.0007116376645694099,4.4567918940265586e-05,2.165852503530326e-05
NIFTY_50,2026-03-19,5,0.9950342689844485,0.004604936454239967,0.0002530690544059189,5.809097259069876e-05,4.963453431498172e-05
NIFTY_50,2026-03-20,5,0.9904628070518574,0.009066031760273522,0.00035984310707880046,6.4081870471386e-05,4.723621031885736e-05
NIFTY_50,2026-03-24,5,0.9900494248634631,0.009436967410130174,0.00039715907372730894,6.436909197020411e-05,5.207956070932892e-05
NIFTY_50,2026-03-25,5,0.9937249004649727,0.005644981912081968,0.0005130219553279672,6.230692983265607e-05,5.4788737784559586e-05
NIFTY_50,2026-03-27,5,0.992297590423258,0.007271877556927806,0.0003272364074875168,5.638119832948443e-05,4.6914413997260185e-05
NIFTY_50,2026-04-01,5,0.9867401713723579,0.012353051145651994,0.0006767542889668185,0.00012957546539795953,0.00010044772762542035
NIFTY_50,2026-04-02,5,0.980636388274636,0.017542724383954607,0.0013382963429416426,0.00031907724984042045,0.00016351374862762344
NIFTY_50,2026-04-06,5,0.9805881886291977,0.01599417449224277,0.002756087718227555,0.00032958002863276017,0.00033196913169914784
NIFTY_50,2026-04-07,5,0.03072611040542432,0.963374101770087,0.004187796880326828,0.0009025152747406641,0.0008094756694212856
NIFTY_50,2026-04-08,5,0.010293716800348296,0.984253921356334,0.00455790973589824,0.00046703114385240337,0.00042742096356679035
NIFTY_50,2026-04-09,5,0.007694684491031086,0.9844803663956523,0.006501501438776124,0.0006004966137444924,0.000722951060796058
NIFTY_50,2026-04-10,5,0.009130806457931597,0.9819625969828005,0.00800212004488344,0.0004427040829612123,0.00046177243142319594
NIFTY_50,2026-04-13,5,0.004955949491923485,0.9849932097706555,0.009067305067078538,0.00048543361768892313,0.0004981020526533642
NIFTY_50,2026-04-15,5,0.007819439822228177,0.9807880783392162,0.007453889930880632,0.0030895086407527125,0.000849083266922389
NIFTY_50,2026-04-16,5,0.02076175074196867,0.9711710099144334,0.005687720104155119,0.0019172067715166902,0.00046231246792599416
NIFTY_50,2026-04-17,5,0.9764618872626231,0.022044050159788522,0.000918171001622009,0.0004921726233308264,8.371895263560301e-05
NIFTY_50,2026-04-20,5,0.9840607625850243,0.015051039576532305,0.0005605186806604605,0.000273841862453249,5.383729532976802e-05
NIFTY_50,2026-04-21,5,0.9726222947815268,0.01994349248865628,0.002691608859053192,0.004496488697095433,0.000246115173668219
NIFTY_50,2026-04-22,5,0.056596662508074644,0.9129048775354485,0.024473915578924726,0.005307089973937591,0.0007174544036144878
NIFTY_50,2026-04-23,5,0.968343067461572,0.02960559841060718,0.001869739931641229,0.00011646009463868534,6.51341015408442e-05
NIFTY_50,2026-04-24,5,0.9696028749098285,0.02805313086602943,0.00217764430342575,0.00010766925205303615,5.86806686633813e-05
NIFTY_50,2026-04-27,5,0.9605254544907368,0.03493139196792171,0.004219795207231733,0.00022437340418001852,9.898492992976852e-05
NIFTY_50,2026-04-28,5,0.023154351778661507,0.956058879264294,0.019310986058972614,0.0010941603709535208,0.0003816225271182535
NIFTY_50,2026-04-29,5,0.04406546030754894,0.9317445098722696,0.021407906168875765,0.0021907388219134165,0.0005913848293922783
NIFTY_50,2026-04-30,5,0.01762968911498292,0.9617472777232693,0.01906594210080111,0.0011873370546380186,0.00036975400630861994
NIFTY_50,2026-05-04,5,0.9816232871499502,0.013574759681824481,0.00437907415222586,0.00033015433494964835,9.272468104967048e-05
NIFTY_50,2026-05-05,5,0.9699489285316044,0.02434575857586084,0.005276945249294331,0.0003508498609052887,7.751778233511299e-05
NIFTY_50,2026-05-06,5,0.9852323525859529,0.00834384462136883,0.005610026050817627,0.0007572230489479862,5.655369291264993e-05
NIFTY_50,2026-05-07,5,0.9872168276797262,0.009637240853301171,0.00246179779795588,0.0006437418898764196,4.039177914040584e-05
NIFTY_50,2026-05-08,5,0.9945750610359826,0.0032297943938544705,0.0020180745710280832,0.00014964770235854826,2.742229677628092e-05
NIFTY_50,2026-05-11,5,0.9891357560741671,0.00922789346924403,0.00145366730558741,0.00014758817353604552,3.509497746553471e-05
NIFTY_50,2026-05-12,5,0.9818233361388637,0.01539326241175908,0.0025670743003862796,0.00017712396620852536,3.920318278246356e-05
NIFTY_50,2026-05-13,5,0.9856832523325201,0.0118451463165881,0.002323537877176906,0.00011205236124524192,3.601111246969936e-05
NIFTY_50,2026-05-14,5,0.9721731464744963,0.022236049824708507,0.005274409726432783,0.00024395462893758962,7.243934542472737e-05
NIFTY_50,2026-05-15,5,0.9543133830524342,0.04097211736121993,0.004390386321822574,0.00024728185818856824,7.683140633471209e-05
NIFTY_50,2026-05-18,5,0.06127874732095685,0.9077803175145627,0.028693173398261097,0.0017386939664950532,0.0005090677997246268
NIFTY_50,2026-05-19,5,0.02783004889334121,0.9490760397560385,0.021561799070260974,0.0011529022045716015,0.00037921007578744343
NIFTY_50,2026-05-20,5,0.050449123779235994,0.9294550312445015,0.018646096559758445,0.0010655116050513596,0.00038423681145274537
NIFTY_50,2026-05-21,5,0.9468886042950707,0.049412478749964274,0.00344187771649254,0.0001871855899835545,6.985364848881469e-05
NIFTY_50,2026-05-22,5,0.9907222269114688,0.0077271883982929935,0.0014659107426134175,5.8973352518811043e-05,2.570059510605598e-05
NIFTY_50,2026-05-25,5,0.9912941223755456,0.005280767337832016,0.0032543636327935495,0.000145502122373296,2.5244531455500468e-05
NIFTY_50,2026-05-26,5,0.9934213481648972,0.004750459465180871,0.0017509691758537521,5.773499768367688e-05,1.9488196384411473e-05
NIFTY_50,2026-05-27,5,0.9851015010781569,0.010381806369244798,0.004358848596180268,0.00012202079666978545,3.582315974831199e-05
NIFTY_50,2026-05-29,5,0.9772055863817652,0.014589756227958736,0.00791528829196909,0.00021694963811683474,7.24194601900116e-05
NIFTY_50,2026-06-01,5,0.9852612574317334,0.013195799494242547,0.0014235023332995014,8.557993083546736e-05,3.386080988901912e-05
NIFTY_50,2026-06-02,5,0.9872303980000487,0.010818134708383949,0.0018647752672384626,6.0067893051624844e-05,2.6624131277218034e-05
NIFTY_50,2026-06-03,5,0.9901767112889802,0.008228711877310176,0.0015232106017137018,5.124766414084495e-05,2.0118567855052063e-05
NIFTY_50,2026-06-04,5,0.9912592907635092,0.0065758990472477765,0.0020813063286456777,5.997732507561151e-05,2.352653552177017e-05
NIFTY_50,2026-06-05,5,0.987233422572667,0.007442852927605505,0.005085766114595494,0.00017444073126464548,6.351765386726417e-05
NIFTY_MIDCAP_100,2021-07-16,5,0.00042458135545253404,0.0011587446834241202,0.016708869319945332,0.9719529429816592,0.009754861659518676
NIFTY_MIDCAP_100,2021-07-19,5,0.0004898254400657738,0.0013076419927693706,0.0204450922565712,0.9632957254866762,0.01446171482391757
NIFTY_MIDCAP_100,2021-07-20,5,0.0003103773590233494,0.004881486347026973,0.02063485755774597,0.967568643709925,0.006604635026278676
NIFTY_MIDCAP_100,2021-07-22,5,0.00034769141014105444,0.004649375558051754,0.021531326717210593,0.9561736557395897,0.01729795057500703
NIFTY_MIDCAP_100,2021-07-23,5,0.00021141741059253985,0.0006287865157934447,0.00789451116038544,0.9745633642724219,0.01670192064080656
NIFTY_MIDCAP_100,2021-07-26,5,0.00014455586835056462,0.0005759306508681874,0.005345126359163229,0.11222507785753827,0.8817093092640798
NIFTY_MIDCAP_100,2021-07-27,5,0.0002629170858744806,0.004918723061119373,0.015936255567988073,0.9750773016096257,0.003804802675392291
NIFTY_MIDCAP_100,2021-07-28,5,0.0003237624164331692,0.0008508634243276062,0.013711129364010092,0.9774415428275168,0.00767270196771249
NIFTY_MIDCAP_100,2021-07-29,5,0.00016103905253246796,0.003325856472389273,0.029664093323792794,0.9649196979626523,0.001929313188633144
NIFTY_MIDCAP_100,2021-07-30,5,0.0002459755529843682,0.0006034096152934287,0.03109490608995841,0.960491472601959,0.007564236139804789
NIFTY_MIDCAP_100,2021-08-03,5,0.0003690819612433461,0.0010011237964304817,0.8190486006098745,0.17151607578495187,0.008065117847499739
NIFTY_MIDCAP_100,2021-08-04,5,0.0004396217605857899,0.001300234306931582,0.8023444088468589,0.18747978883129837,0.008435946254325562
NIFTY_MIDCAP_100,2021-08-05,5,0.0002471944907983515,0.006707117970054504,0.15268102619216942,0.8388596384246039,0.0015050229223737353
NIFTY_MIDCAP_100,2021-08-06,5,0.0003641286965915537,0.0010070900929026075,0.08313640100451535,0.9088339935334797,0.006658386672510696
NIFTY_MIDCAP_100,2021-08-09,5,0.0003894921915179376,0.006303758583811904,0.9371585118790398,0.054997247955425155,0.001150989390205056
NIFTY_MIDCAP_100,2021-08-10,5,0.0003371023725224981,0.0072954120550089525,0.9320290240360067,0.05949386732907089,0.0008445942073907997
NIFTY_MIDCAP_100,2021-08-11,5,0.0004819258403392303,0.016137288133626613,0.09457282276525321,0.887510916379299,0.0012970468814818435
NIFTY_MIDCAP_100,2021-08-12,5,0.00029615991118960835,0.007025673541520794,0.18369147555164186,0.8076416344973242,0.0013450564983234737
NIFTY_MIDCAP_100,2021-08-13,5,0.00032673095601265127,0.009271770758032772,0.9242850510213445,0.06533587432595032,0.000780572938659773
NIFTY_MIDCAP_100,2021-08-16,5,0.0002618259712175365,0.004945101456696944,0.9458411740231071,0.048218673512445076,0.0007332250365333752
NIFTY_MIDCAP_100,2021-08-17,5,0.0001890121501218031,0.004122779979714399,0.9632136682496742,0.03208764034591384,0.0003868992745757456
NIFTY_MIDCAP_100,2021-08-18,5,0.0002977909978543101,0.0070140864491769804,0.8812655937895941,0.11001615055642003,0.0014063782069545269
NIFTY_MIDCAP_100,2021-08-20,5,0.0004317315077380034,0.010197897048148127,0.9377285073703513,0.05044553335135291,0.0011963307224098622
NIFTY_MIDCAP_100,2021-08-23,5,0.001100719079673333,0.018796279194469682,0.02651910816462002,0.9530656590906996,0.0005182344705374107
NIFTY_MIDCAP_100,2021-08-24,5,0.00012506092009881482,0.0060003401706725116,0.009492279798179303,0.9842134325506096,0.00016888656043981552
NIFTY_MIDCAP_100,2021-08-25,5,0.0001009303063344406,0.005961283868186524,0.007892357600002781,0.9856513517730527,0.00039407645242355835
NIFTY_MIDCAP_100,2021-08-26,5,0.00013336743853218936,0.0038154110490996973,0.02856225626753973,0.9671430931000506,0.0003458721447776742
NIFTY_MIDCAP_100,2021-08-27,5,0.0001510129096790621,0.002949906884484764,0.03503815885318133,0.9615442195509206,0.000316701801734451
NIFTY_MIDCAP_100,2021-08-30,5,0.00038976293066454287,0.0021015492986650665,0.09211126256879261,0.9029021075226402,0.0024953176792374306
NIFTY_MIDCAP_100,2021-08-31,5,0.0002498202568230964,0.0045897809347704615,0.8881248157362721,0.10343221118350235,0.003603371888631897
NIFTY_MIDCAP_100,2021-09-01,5,0.00023452801083055346,0.0005547813248070959,0.8940917846641354,0.10317095956523842,0.0019479464349884121
NIFTY_MIDCAP_100,2021-09-02,5,0.00032352161753727366,0.0007698361225788894,0.052770094075004985,0.9427452350997352,0.0033913130851435103
NIFTY_MIDCAP_100,2021-09-03,5,0.00023561205407980984,0.0005894156161636334,0.03133763566746273,0.9654782587628314,0.002359077899462388
NIFTY_MIDCAP_100,2021-09-06,5,0.00020313312158670268,0.00047075681169323434,0.020525729190527038,0.9766929607915003,0.0021074200846927355
NIFTY_MIDCAP_100,2021-09-07,5,0.00013032728409244937,0.00031671620709520127,0.014209945838715285,0.9842059921421875,0.0011370185279095417
NIFTY_MIDCAP_100,2021-09-08,5,0.00016652221728544715,0.0003830612059635332,0.01584230956959223,0.9824452981288994,0.0011628088782594053
NIFTY_MIDCAP_100,2021-09-09,5,0.00011853175557316062,0.0002865772688296639,0.007986354990437665,0.9907579721162039,0.0008505638689557956
NIFTY_MIDCAP_100,2021-09-13,5,0.00011445117052741862,0.0002746811516224282,0.007417268576599314,0.9915142236239752,0.0006793754772755115
NIFTY_MIDCAP_100,2021-09-14,5,0.00013467066562784994,0.00036718264391306915,0.008769089354409242,0.9884713033623559,0.0022577539736939336
NIFTY_MIDCAP_100,2021-09-15,5,0.00014248710198900657,0.00040820477745563227,0.008757522596831463,0.9863101967548399,0.004381588768884175
NIFTY_MIDCAP_100,2021-09-16,5,0.00018217678959267844,0.0006048980621836969,0.012005797612357238,0.9811588721586126,0.006048255377253678
NIFTY_MIDCAP_100,2021-09-17,5,0.00018188959604562073,0.0006333355981585077,0.01097194589000408,0.9821738783881535,0.006038950527638288
NIFTY_MIDCAP_100,2021-09-20,5,0.00017111363855028028,0.0007139359451904464,0.01178180745238706,0.9813866458095741,0.005946497154297926
NIFTY_MIDCAP_100,2021-09-21,5,0.00021384958232167643,0.0008579994997622929,0.013994905386536248,0.9748949371162178,0.01003830841516209
NIFTY_MIDCAP_100,2021-09-22,5,0.00039690091066907796,0.001414592785878393,0.020036982188560024,0.956884186077073,0.021267338037819394
NIFTY_MIDCAP_100,2021-09-23,5,9.437031822065808e-05,0.0003412764777045078,0.00627317103942343,0.076680760508456,0.9166104216561953
NIFTY_MIDCAP_100,2021-09-24,5,9.041534002424577e-05,0.00032697387648710207,0.006952998134850739,0.07013469952161544,0.9224949131270226
NIFTY_MIDCAP_100,2021-09-27,5,0.000642315088293034,0.0026810230835712864,0.049394445784203704,0.9201134777056642,0.02716873833826782
NIFTY_MIDCAP_100,2021-09-28,5,0.001221871696484539,0.005476819839373453,0.13370173541329922,0.8267611924802919,0.03283838057055092
NIFTY_MIDCAP_100,2021-09-29,5,0.0010919501035848644,0.004675394803191897,0.7178280238788723,0.25326674866159354,0.023137882552757512
NIFTY_MIDCAP_100,2021-10-19,5,0.00016188837841241035,0.0005450107457267836,0.003169749272193949,0.042061631777687195,0.9540617198259798
NIFTY_MIDCAP_100,2021-10-20,5,0.0001655232864742896,0.0004051253343575609,0.005530170452457976,0.05589129319989433,0.9380078877268158
NIFTY_MIDCAP_100,2021-10-21,5,0.0004597915298637099,0.0012867901980082698,0.08270469939054706,0.8780996631590982,0.037449055722482916
NIFTY_MIDCAP_100,2021-10-22,5,0.0005963769087528828,0.002497525013542372,0.7748485065510379,0.208979382563014,0.013078208963653026
NIFTY_MIDCAP_100,2021-10-25,5,0.0003238842788665614,0.015063936724022111,0.10334258060119758,0.8422255376403555,0.039044060755558226
NIFTY_MIDCAP_100,2021-10-26,5,0.00017801553049998095,0.0006410148995254549,0.006168548429382159,0.9527314422469334,0.04028097889365907
NIFTY_MIDCAP_100,2021-10-27,5,0.0002678140693715162,0.0013284158173333133,0.01784900900757712,0.959652014612682,0.020902746493036167
NIFTY_MIDCAP_100,2021-10-28,5,8.582475564194277e-05,0.003139924347536667,0.009860195232717766,0.04467518092424135,0.9422388747398623
NIFTY_MIDCAP_100,2021-10-29,5,6.433210383518716e-05,0.004644000550451002,0.007236230427896906,0.033953775028491756,0.9541016618893251
NIFTY_MIDCAP_100,2021-11-01,5,0.00011069105135221385,0.00738688917236983,0.014674937347819786,0.9725884899134523,0.005238992515006036
NIFTY_MIDCAP_100,2021-11-02,5,0.00017553552324150518,0.0074270191598436825,0.015135715179429562,0.9614476902749729,0.015814039862512307
NIFTY_MIDCAP_100,2021-11-03,5,0.00017536858101927267,0.002932797268748979,0.017679003145275048,0.9739276864446974,0.005285144560259552
NIFTY_MIDCAP_100,2021-11-04,5,0.00017679287156170567,0.0005093392113256102,0.011207903032010129,0.9841446758023917,0.003961289082710786
NIFTY_MIDCAP_100,2021-11-08,5,0.0001884856978981512,0.0030374473283993502,0.010431128764056363,0.9813860676289666,0.004956870580679529
NIFTY_MIDCAP_100,2021-11-09,5,0.0002093527453017926,0.0005638747589000713,0.01704879761127808,0.9783271357478296,0.0038508391366905074
NIFTY_MIDCAP_100,2021-11-10,5,0.0002003031968650403,0.0005601177386314958,0.012809556893527793,0.9841909781725839,0.002239043998391764
NIFTY_MIDCAP_100,2021-11-11,5,0.0001827463207189136,0.0005015896170643739,0.0134678881213641,0.9828483760168251,0.0029993999240275483
NIFTY_MIDCAP_100,2021-11-12,5,0.00041755391029793125,0.010647211467974885,0.09311637851304423,0.8923828426790258,0.0034360134296569462
NIFTY_MIDCAP_100,2021-11-15,5,0.0003021490360369941,0.011278185798379378,0.8773850595935442,0.10890779128140257,0.002126814290636853
NIFTY_MIDCAP_100,2021-11-16,5,0.0002669031831878648,0.008463719699982905,0.9400057114963238,0.04964819559529971,0.0016154700252056624
NIFTY_MIDCAP_100,2021-11-17,5,0.00024273061358815338,0.002359038861536826,0.9618114711745923,0.0338309369814527,0.0017558223688298696
NIFTY_MIDCAP_100,2021-11-18,5,0.00040514826655887705,0.0363063361686863,0.9070787440902569,0.051922579178688234,0.004287192295809821
NIFTY_MIDCAP_100,2021-11-22,5,0.00031126408287835534,0.8824182637168754,0.07671357025353838,0.027581045639477192,0.012975856307230775
NIFTY_MIDCAP_100,2021-11-23,5,0.0002358023171065864,0.9404209957933899,0.05120248878102852,0.007019388458497435,0.0011213246499776586
NIFTY_MIDCAP_100,2021-11-24,5,0.00026063140855561587,0.9122130296464539,0.08002073341631782,0.005939078461141097,0.0015665270675317429
NIFTY_MIDCAP_100,2021-11-25,5,0.0006265598376770137,0.11181813333469832,0.8728997965423178,0.012168316353784216,0.0024871939315227187
NIFTY_MIDCAP_100,2021-11-26,5,0.00072921061950518,0.03903991678967871,0.9564440929313681,0.002953750003923271,0.0008330296555246952
NIFTY_MIDCAP_100,2021-11-29,5,0.00026235221993112066,0.0231595173409906,0.9741332561526226,0.001993259115969803,0.0004516151704857959
NIFTY_MIDCAP_100,2021-11-30,5,0.00015426999350513342,0.014562095080167595,0.9838209622688758,0.0012520345740346685,0.00021063808341655066
NIFTY_MIDCAP_100,2021-12-01,5,0.00015002372682117722,0.00840172487728483,0.9899623628789824,0.0012842750466567172,0.0002016134702549492
NIFTY_MIDCAP_100,2021-12-02,5,0.0003289022428679589,0.017319211168241724,0.9802333646627635,0.0012084287975946796,0.0009100931285320757
NIFTY_MIDCAP_100,2021-12-03,5,0.00026492898367388664,0.029426894981155756,0.9683686624164758,0.0014519827277820329,0.00048753089091246795
NIFTY_MIDCAP_100,2021-12-06,5,0.0002019997794511417,0.006344516163390876,0.9910047126094168,0.00200201713234301,0.0004467543153982203
NIFTY_MIDCAP_100,2021-12-07,5,0.0002855633160832255,0.008010648041349109,0.9904685832232771,0.0007981925898032865,0.0004370128294872412
NIFTY_MIDCAP_100,2021-12-08,5,0.0004920594029406458,0.014105089873027879,0.9786970091747323,0.005717510198346525,0.0009883313509526418
NIFTY_MIDCAP_100,2021-12-09,5,0.00037397314523456476,0.04102801754608851,0.954760391086903,0.003213993533201037,0.0006236246885731537
NIFTY_MIDCAP_100,2021-12-10,5,0.0008849097213583254,0.0713900442606403,0.904064011190162,0.02141239154115232,0.0022486432866872068
NIFTY_MIDCAP_100,2021-12-13,5,0.0003124375187467899,0.9064686993466343,0.0759879102435467,0.016337841633991188,0.0008931112570810389
NIFTY_MIDCAP_100,2021-12-14,5,0.00018750245807910878,0.9526736248793375,0.03710948807199117,0.009487338222311577,0.0005420463682806918
NIFTY_MIDCAP_100,2021-12-15,5,0.00019566436188565975,0.9412553116010441,0.05431895308629852,0.003717738142353061,0.0005123328084186073
NIFTY_MIDCAP_100,2021-12-16,5,0.00019196904279658578,0.9279223332661917,0.06835248874589543,0.002814561509737225,0.0007186474353789083
NIFTY_MIDCAP_100,2021-12-17,5,0.00027984008877128113,0.9364780831587445,0.06175231034021128,0.0012009747211082307,0.00028879169116467074
NIFTY_MIDCAP_100,2021-12-20,5,0.0003598814024063067,0.8505098834521376,0.14727825941112002,0.001424752746327679,0.00042722298800835265
NIFTY_MIDCAP_100,2021-12-21,5,0.0010347053133973937,0.044024637570746365,0.9544150965044159,0.00038174691510823493,0.0001438136963321461
NIFTY_MIDCAP_100,2021-12-22,5,0.00024283973078170556,0.012846894626483819,0.9859774917589558,0.0007230649150301559,0.00020970896874858587
NIFTY_MIDCAP_100,2021-12-23,5,0.0003280728547092521,0.009141597621137398,0.9892789920448751,0.0008273708845660956,0.0004239665947122059
NIFTY_MIDCAP_100,2021-12-24,5,0.0003016222007899515,0.022566009043131673,0.9759055848753375,0.0007493869904030825,0.00047739689033759244
NIFTY_MIDCAP_100,2021-12-27,5,0.00032370184843908653,0.016209320055921652,0.98201164128606,0.0009697041118599853,0.00048563269771919086
NIFTY_MIDCAP_100,2021-12-28,5,0.00029382873774143857,0.028855458566620452,0.9683915461349664,0.0020693016188140087,0.00038986494185763487
NIFTY_MIDCAP_100,2021-12-29,5,0.0004255193973919255,0.03280443968699862,0.9647735457889669,0.0014189463982353062,0.0005775487284072953
NIFTY_MIDCAP_100,2021-12-30,5,0.0003580123555861636,0.022599871619909652,0.974866177988594,0.0012154352999659416,0.0009605027359443216
NIFTY_MIDCAP_100,2021-12-31,5,0.0004603201654274122,0.017520261401213114,0.9801755624741256,0.0012786992323123793,0.0005651567269216047
NIFTY_MIDCAP_100,2022-01-03,5,0.0004101812989440277,0.015549958400386553,0.9793980701378711,0.0037913165926456013,0.000850473570152696
NIFTY_MIDCAP_100,2022-01-04,5,0.0002886034945110235,0.00983837219919422,0.9601836344079707,0.029220998515220382,0.00046839138310365353
NIFTY_MIDCAP_100,2022-01-05,5,0.00032285755994954145,0.03361866383597135,0.9431925326434317,0.0223730481948581,0.0004928977657892039
NIFTY_MIDCAP_100,2022-01-06,5,0.00042055984846922634,0.047782202144552297,0.9048225284064968,0.04628101595348472,0.0006936936469968895
NIFTY_MIDCAP_100,2022-01-07,5,0.00012808959115912714,0.0032859516406042915,0.08380400998871518,0.9123500491561689,0.000431899623352295
NIFTY_MIDCAP_100,2022-01-10,5,0.00017717085601797115,0.0022330678871325914,0.08680217479762456,0.9101711761130044,0.0006164103462205627
NIFTY_MIDCAP_100,2022-01-11,5,0.0008697599074580251,0.015704009758648316,0.9377377028180742,0.04186075386267068,0.0038277736531487513
NIFTY_MIDCAP_100,2022-01-12,5,0.0005486936548965113,0.005551997531760679,0.9427231969777673,0.05019036343800974,0.0009857483975658982
NIFTY_MIDCAP_100,2022-01-13,5,0.0004703056956858446,0.008465285769933549,0.9718116312867144,0.016907941847119412,0.002344835400546663
NIFTY_MIDCAP_100,2022-01-14,5,0.0008549038879016121,0.011080114071316573,0.950562083935034,0.03525656612602946,0.0022463319797183467
NIFTY_MIDCAP_100,2022-01-17,5,0.0005836159670998605,0.8735624458476824,0.0969617944391087,0.02692960199689598,0.0019625417492129403
NIFTY_MIDCAP_100,2022-01-18,5,0.00046457688053200936,0.054492571680446994,0.9342045322208983,0.00927523311379984,0.0015630861043228843
NIFTY_MIDCAP_100,2022-01-19,5,0.0001690414643143188,0.875296602590209,0.12131869949049959,0.002658310542102235,0.0005573459128749281
NIFTY_MIDCAP_100,2022-01-20,5,0.00011552525773122386,0.939745168957894,0.056833429968701964,0.002898560578357646,0.0004073152373151118
NIFTY_MIDCAP_100,2022-01-21,5,0.00034826497511040864,0.08853515290637493,0.9044171365218615,0.0058708033971568855,0.0008286421994964587
NIFTY_MIDCAP_100,2022-01-24,5,0.0017397038286375928,0.0710079304039648,0.9254576426246429,0.001436924950057206,0.0003577981926974873
NIFTY_MIDCAP_100,2022-01-25,5,0.0007320558844836876,0.0484055185455415,0.9490328333283037,0.0014981729984750922,0.00033141924319616964
NIFTY_MIDCAP_100,2022-01-27,5,0.002368616735025546,0.034585653962013824,0.9604315439234413,0.0022223053167216454,0.00039188006279766127
NIFTY_MIDCAP_100,2022-01-28,5,0.0011698241703320964,0.056504460342032055,0.9389220627723924,0.002971301498136471,0.00043235121710691056
NIFTY_MIDCAP_100,2022-01-31,5,0.0009172558569052686,0.860884356863912,0.13562586651153352,0.0019135094918129045,0.0006590112758362816
NIFTY_MIDCAP_100,2022-02-01,5,0.00024835788469501033,0.8097430101683679,0.18731627194290856,0.0015468847249434528,0.001145475279085064
NIFTY_MIDCAP_100,2022-02-02,5,0.0006385573712277417,0.037488883609148725,0.9460984845422922,0.01451697968253838,0.001257094794792892
NIFTY_MIDCAP_100,2022-02-03,5,0.000316888744619859,0.16078239168377012,0.8302277371814899,0.006020190189053744,0.002652792201066396
NIFTY_MIDCAP_100,2022-02-04,5,0.0001709541128806448,0.9360018659576299,0.06196766782715593,0.0016841059385328328,0.00017540616380066278
NIFTY_MIDCAP_100,2022-02-07,5,0.002254081680846286,0.9542887731306957,0.04119023766776079,0.002031779823539581,0.00023512769715757986
NIFTY_MIDCAP_100,2022-02-08,5,0.0007577437453942324,0.9634572212593979,0.034434614376676505,0.0011496485006723788,0.00020077211785882393
NIFTY_MIDCAP_100,2022-02-09,5,0.0007287281352163203,0.9652563950733942,0.032449886046614744,0.0013488618577037182,0.0002161288870709324
NIFTY_MIDCAP_100,2022-02-10,5,0.0007549603795340721,0.9719356723019874,0.026299903098473524,0.0008390435249782801,0.00017042069502686057
NIFTY_MIDCAP_100,2022-02-11,5,0.0014470951990189728,0.9710285856573019,0.026716591961203094,0.0006450740878652207,0.00016265309461085747
NIFTY_MIDCAP_100,2022-02-14,5,0.017206262274594434,0.9727590916046626,0.008581850243774428,0.0011534859012112561,0.0002993099757573813
NIFTY_MIDCAP_100,2022-02-15,5,0.020126671304436683,0.9344440280043348,0.0431459521207856,0.0017981012067491593,0.00048524736369387586
NIFTY_MIDCAP_100,2022-02-16,5,0.9635695347715055,0.030045641209722238,0.005990488143332066,0.0003298681937385334,6.446768170148685e-05
NIFTY_MIDCAP_100,2022-02-17,5,0.9408016400112413,0.044683987459520166,0.013723373172529982,0.0006202886641399893,0.00017071069256851385
NIFTY_MIDCAP_100,2022-02-18,5,0.040166122408362794,0.9472315875236091,0.011553495195073368,0.0008081534120098709,0.0002406414609448545
NIFTY_MIDCAP_100,2022-02-21,5,0.9291155428494896,0.0675133425557217,0.0025385011581912373,0.0007316337509366465,0.00010097968566072928
NIFTY_MIDCAP_100,2022-02-22,5,0.03297386022112824,0.956418836676149,0.008981209455072093,0.0012535249520642241,0.0003725686955864648
NIFTY_MIDCAP_100,2022-02-23,5,0.037972784191368444,0.94300626020564,0.014382109122784445,0.004004283556927553,0.0006345629232794259
NIFTY_MIDCAP_100,2022-02-24,5,0.9398997623870695,0.057166493724860726,0.0025339242103564565,0.0002881796100273544,0.00011164006768590031
NIFTY_MIDCAP_100,2022-02-25,5,0.05502233627248416,0.9277733069838553,0.015289282746016784,0.0014015005576137392,0.0005135734400300139
NIFTY_MIDCAP_100,2022-02-28,5,0.9676229326634559,0.030783643455325336,0.0011802622601608324,0.0003669144954590608,4.6247125598924496e-05
NIFTY_MIDCAP_100,2022-03-02,5,0.9022530461009447,0.09437506773917656,0.002426098529315714,0.0008591845735972674,8.66030569658012e-05
NIFTY_MIDCAP_100,2022-03-03,5,0.041349826203325994,0.9433268979959605,0.011625538559986371,0.003308216818541333,0.00038952042218602954
NIFTY_MIDCAP_100,2022-03-04,5,0.9668422546666953,0.03222341347881834,0.0007480208339185331,0.00011225133740081048,7.405968316703336e-05
NIFTY_MIDCAP_100,2022-03-07,5,0.01086511903252006,0.9489304204730256,0.039287746955811,0.0005703201359767697,0.0003463934026664747
NIFTY_MIDCAP_100,2022-03-08,5,0.02554594526320631,0.9698218802809426,0.0034491418600503306,0.0006759164829440068,0.0005071161128567912
NIFTY_MIDCAP_100,2022-03-09,5,0.01267908700450961,0.9811316865397703,0.004930822102098259,0.0008158579250844491,0.00044254642853746706
NIFTY_MIDCAP_100,2022-03-10,5,0.006113589869055378,0.9789367681796132,0.01423894733929052,0.0004613703159018825,0.000249324296138971
NIFTY_MIDCAP_100,2022-03-11,5,0.014206224957248667,0.9638685369505975,0.020930981383828005,0.0006524417905724229,0.00034181491775341457
NIFTY_MIDCAP_100,2022-03-14,5,0.011222323500222248,0.9755420666701659,0.01132667349195946,0.0012882538836184473,0.0006206824540339898
NIFTY_MIDCAP_100,2022-03-15,5,0.015089322795732435,0.9683575649988342,0.01447392557053716,0.0009127135054873946,0.0011664731294087297
NIFTY_MIDCAP_100,2022-03-16,5,0.0036581191602460925,0.03926493270087568,0.9563583871077906,0.00038152545497940324,0.0003370355761083367
NIFTY_MIDCAP_100,2022-03-17,5,0.002523468742633407,0.014507017836904912,0.9824802557963478,0.000309231178293353,0.0001800264458205564
NIFTY_MIDCAP_100,2022-03-21,5,0.0016978406527002816,0.00974062961075218,0.9881637694702798,0.0002693353211494922,0.00012842494511824013
NIFTY_MIDCAP_100,2022-03-22,5,0.004440202790503193,0.015291996923269853,0.9797006725865461,0.00033721223055647434,0.00022991546912425452
NIFTY_MIDCAP_100,2022-03-23,5,0.00272220521761174,0.009805953148404937,0.986601245815763,0.00035766744752623405,0.0005129283706940387
NIFTY_MIDCAP_100,2022-03-24,5,0.00043313216190188987,0.018456203063403398,0.9783615908776071,0.001176190272325732,0.001572883624761845
NIFTY_MIDCAP_100,2022-03-25,5,0.00018036909068269523,0.012512039431948957,0.9865758573049829,0.0004595173957117894,0.0002722167766735471
NIFTY_MIDCAP_100,2022-03-28,5,0.0001845767324524426,0.009444019246701452,0.9897737408678703,0.0004469188725803084,0.00015074428039553713
NIFTY_MIDCAP_100,2022-03-29,5,0.0001772095455994291,0.009478417310487996,0.989732980159758,0.00038038964721261875,0.00023100333694222447
NIFTY_MIDCAP_100,2022-03-30,5,0.0002102785292756962,0.012916859961346654,0.985367894903673,0.0012508087203285919,0.0002541578853759912
NIFTY_MIDCAP_100,2022-03-31,5,0.0001312286273913705,0.0041368437497299754,0.9926726562165261,0.0028074306044992502,0.00025184080185342483
NIFTY_MIDCAP_100,2022-04-01,5,0.00010990896960846304,0.0033078702954826523,0.9953478891977641,0.0011124512563489017,0.0001218802807960248
NIFTY_MIDCAP_100,2022-04-04,5,0.00012920443248226257,0.004115578810754017,0.9936230043409886,0.0015956717121114624,0.0005365407036636924
NIFTY_MIDCAP_100,2022-04-05,5,0.0003022963395353583,0.003256978889912821,0.9922766929643566,0.003415073935643387,0.0007489578705517478
NIFTY_MIDCAP_100,2022-04-06,5,0.00014362781666863773,0.0026394609519273344,0.9946504699867821,0.00230594308557119,0.0002604981590507373
NIFTY_MIDCAP_100,2022-04-07,5,0.00011695539986241183,0.0013803554989436416,0.9971899422880394,0.001126902895036768,0.00018584391811775043
NIFTY_MIDCAP_100,2022-04-08,5,0.00014095136341432776,0.001638129524951624,0.9925638250332108,0.005175387583659284,0.0004817064947639164
NIFTY_MIDCAP_100,2022-04-11,5,0.0002578727495248392,0.007902070871522624,0.9835391750639871,0.00749871393811071,0.0008021673768546537
NIFTY_MIDCAP_100,2022-04-12,5,0.00014220563725185123,0.003494518697251689,0.9934573563704191,0.002243049467254719,0.000662869827822667
NIFTY_MIDCAP_100,2022-04-13,5,0.00016424666737644938,0.002480606800351805,0.9913607039082624,0.0053594823527276314,0.0006349602712815947
NIFTY_MIDCAP_100,2022-04-18,5,0.00011944068447473094,0.008864624810435899,0.9888778259103498,0.0016207260519732118,0.000517382542766387
NIFTY_MIDCAP_100,2022-04-19,5,0.0001544526837661474,0.006113010201201712,0.9919350109342299,0.001265392870933745,0.0005321333098685517
NIFTY_MIDCAP_100,2022-04-20,5,0.00020053968192402537,0.012232232216227554,0.9851821203420603,0.0017185915655393666,0.0006665161942485094
NIFTY_MIDCAP_100,2022-04-21,5,0.00025954841210317365,0.03879374021823625,0.9560478814046949,0.004025861948114226,0.0008729680168516046
NIFTY_MIDCAP_100,2022-04-22,5,0.00019728032141278762,0.053523213347043935,0.9438495371812538,0.001876015971564741,0.000553953178724834
NIFTY_MIDCAP_100,2022-04-25,5,0.017962169909677545,0.0947739180613725,0.8838305396317241,0.0018830022273664975,0.0015503701698595653
NIFTY_MIDCAP_100,2022-04-26,5,0.00028142802051371336,0.8928131727367722,0.10264226128840069,0.003525601226608943,0.0007375367277044755
NIFTY_MIDCAP_100,2022-04-27,5,0.00030248754671215715,0.9260535354342174,0.07125710980418952,0.001540032880908693,0.0008468343339721223
NIFTY_MIDCAP_100,2022-04-28,5,0.00022841566344811658,0.9408085469657984,0.054543939614278135,0.003797967975321482,0.0006211297811540693
NIFTY_MIDCAP_100,2022-04-29,5,0.01098055694563758,0.9230442069886065,0.06229587808741417,0.0024416539539234955,0.0012377040244182793
NIFTY_MIDCAP_100,2022-05-02,5,0.9633399712600142,0.02784397698257952,0.008247775663911357,0.0003008359226056599,0.00026744017088909034
NIFTY_MIDCAP_100,2022-05-04,5,0.9738860089832052,0.0076331797892576474,0.01826083322762382,0.0001784969556838296,4.1481044229487035e-05
NIFTY_MIDCAP_100,2022-05-05,5,0.983745363262578,0.00906497481862496,0.006990771791766119,0.00015811727883678162,4.0772848194318596e-05
NIFTY_MIDCAP_100,2022-05-06,5,0.9790702290868436,0.012328596686080988,0.008278566448789378,0.00027093572684219036,5.16720514439627e-05
NIFTY_MIDCAP_100,2022-05-09,5,0.9748585052535931,0.019327373144806422,0.005460329509245113,0.0002897819466323885,6.401014572314917e-05
NIFTY_MIDCAP_100,2022-05-10,5,0.028053582208820968,0.9460347582345533,0.0233770479190679,0.00156251879588677,0.0009720928416711829
NIFTY_MIDCAP_100,2022-05-11,5,0.038220808006249274,0.940521460273592,0.01907812401299283,0.0017526246327809292,0.00042698307438498865
NIFTY_MIDCAP_100,2022-05-12,5,0.9437599169460117,0.052108466033774344,0.003568643337744377,0.0004689496270896243,9.402405537990905e-05
NIFTY_MIDCAP_100,2022-05-13,5,0.046276568311476404,0.9359602730358717,0.015064217884974048,0.0022671148156016515,0.00043182595207618996
NIFTY_MIDCAP_100,2022-05-16,5,0.04815839628857421,0.9281791605039538,0.020818168783760846,0.0023647870743223175,0.0004794873493887478
NIFTY_MIDCAP_100,2022-05-17,5,0.9778703260025366,0.018304702534384838,0.003663255679153323,0.00012109059973953608,4.062518418564173e-05
NIFTY_MIDCAP_100,2022-05-18,5,0.9898363174395381,0.007956172660677234,0.002125898785507132,5.54061428566307e-05,2.6204971420835866e-05
NIFTY_MIDCAP_100,2022-05-19,5,0.9804677035423094,0.01806129230121462,0.00138231932010467,5.842173923625983e-05,3.0263097135129806e-05
NIFTY_MIDCAP_100,2022-05-20,5,0.9891447448308488,0.007310490214297652,0.0034634706331818778,5.4983142296753325e-05,2.631117937492375e-05
NIFTY_MIDCAP_100,2022-05-23,5,0.9915556466802508,0.006439241370736692,0.0019535261444505224,3.422103278293684e-05,1.736477177887539e-05
NIFTY_MIDCAP_100,2022-05-24,5,0.9927905106961707,0.00577461330212837,0.0013870686644148877,3.181387523648077e-05,1.599346204951172e-05
NIFTY_MIDCAP_100,2022-05-25,5,0.9860423102004049,0.013482363923380248,0.00039932377294515795,5.0222669562604506e-05,2.5779433707031147e-05
NIFTY_MIDCAP_100,2022-05-26,5,0.9900938758876917,0.009454261136992189,0.0003889695136971005,4.15603964186792e-05,2.133306520032212e-05
NIFTY_MIDCAP_100,2022-05-27,5,0.9926445282855556,0.006635619216890909,0.0006691627137415242,3.344653372052969e-05,1.7243250091471706e-05
NIFTY_MIDCAP_100,2022-05-30,5,0.9807331031898755,0.01521820218141968,0.0037972349202044383,0.0001044373360882355,0.0001470223724122005
NIFTY_MIDCAP_100,2022-05-31,5,0.9878028002080677,0.009283886400383709,0.0027426828811933862,0.00011436749249232264,5.626301786294698e-05
NIFTY_MIDCAP_100,2022-06-01,5,0.9921940104882343,0.004780988051813066,0.002810610498093155,9.585729195031717e-05,0.0001185336699091423
NIFTY_MIDCAP_100,2022-06-02,5,0.9880581753017199,0.006360329863855423,0.005260877869968245,0.00014932863126990563,0.00017128833318659056
NIFTY_MIDCAP_100,2022-06-03,5,0.9937881447358579,0.004079041563649159,0.0020499723701918227,5.543019787181081e-05,2.7411132429217534e-05
NIFTY_MIDCAP_100,2022-06-06,5,0.9959286807597606,0.002806879740119893,0.0012060695514830712,3.905608216248223e-05,1.9313866473975577e-05
NIFTY_MIDCAP_100,2022-06-07,5,0.9960574062622146,0.0030245737264962096,0.0008697468149781072,3.205639571091045e-05,1.6216800600087952e-05
NIFTY_MIDCAP_100,2022-06-08,5,0.9958021762638452,0.003283766287900054,0.0008630774618218049,3.3214034376432545e-05,1.7765952056493013e-05
NIFTY_MIDCAP_100,2022-06-09,5,0.9958852765876304,0.0014633499015876564,0.0026054622818151314,3.0316910006497178e-05,1.5594318960368924e-05
NIFTY_MIDCAP_100,2022-06-10,5,0.9938662721463579,0.0034193546366466667,0.0026507436484826913,4.091936444199341e-05,2.2710204070952815e-05
NIFTY_MIDCAP_100,2022-06-13,5,0.995904453013129,0.0033133146457024177,0.0007049141339811413,4.767978010899216e-05,2.963842707861038e-05
NIFTY_MIDCAP_100,2022-06-14,5,0.9950944353247727,0.004257799753482157,0.0005883597490158151,3.882148735962043e-05,2.058368536966551e-05
NIFTY_MIDCAP_100,2022-06-15,5,0.9902704752049417,0.008566750312634014,0.0010361185096280823,8.331651017783945e-05,4.333946261821087e-05
NIFTY_MIDCAP_100,2022-06-21,5,0.9978147939464684,0.0017750631515781243,0.0003146265798948797,6.61509015063576e-05,2.9365420552263947e-05
NIFTY_MIDCAP_100,2022-06-22,5,0.9967539811658862,0.001778343254885845,0.0012005705679420165,0.00022150476248533905,4.560024880066294e-05
NIFTY_MIDCAP_100,2022-06-23,5,0.9981333665899133,0.001593123966756081,0.00018863124469852178,6.690758967425855e-05,1.7970608957858967e-05
NIFTY_MIDCAP_100,2022-06-24,5,0.995829246557544,0.003777663031976526,0.00027379080830973625,9.154788783001435e-05,2.7751714339672926e-05
NIFTY_MIDCAP_100,2022-06-27,5,0.994208680862169,0.005358353605052543,0.00028370992650270967,7.869365486670152e-05,7.05619514089509e-05
NIFTY_MIDCAP_100,2022-06-28,5,0.9767784561517218,0.02179404926216052,0.0010637324522189777,0.00025442340394684314,0.00010933872995195846
NIFTY_MIDCAP_100,2022-06-29,5,0.9734663465261483,0.02525812452652642,0.0009010484501439904,0.00020103109502275603,0.00017344940215855857
NIFTY_MIDCAP_100,2022-06-30,5,0.02622094221498085,0.9633788469870211,0.007504137317870102,0.00210250609337508,0.0007935673867528063
NIFTY_MIDCAP_100,2022-07-01,5,0.016636932567828458,0.9697409402750565,0.010862588176732002,0.001982495402196486,0.0007770435781866288
NIFTY_MIDCAP_100,2022-07-04,5,0.004830826871284503,0.9884543770453322,0.005266577132440447,0.0010419647615839992,0.0004062541893586745
NIFTY_MIDCAP_100,2022-07-05,5,0.004448057070018521,0.987527828292195,0.006489766781025308,0.0011059964359231198,0.00042835142083824955
NIFTY_MIDCAP_100,2022-07-06,5,0.010404986979739045,0.9753565031076459,0.012082327442359072,0.0017689226706562563,0.00038725979959961605
NIFTY_MIDCAP_100,2022-07-07,5,0.006894752616560001,0.9712825796148375,0.012700873854053328,0.008677375788745566,0.00044441812580357527
NIFTY_MIDCAP_100,2022-07-08,5,0.006291767056618962,0.9719713826953803,0.014019932510134527,0.0074219604897107555,0.0002949572481553415
NIFTY_MIDCAP_100,2022-07-11,5,0.005595179741090176,0.943922834562073,0.04519705346851381,0.004519025348801394,0.0007659068795216425
NIFTY_MIDCAP_100,2022-07-12,5,0.0029340558778663543,0.060235838773762734,0.9348299909399452,0.0016730884566026536,0.000327025951823077
NIFTY_MIDCAP_100,2022-07-13,5,0.0012166923136837596,0.007706468642487198,0.9901909126581261,0.0007542406726743557,0.00013168571302850225
NIFTY_MIDCAP_100,2022-07-14,5,0.001183954396403136,0.012068307563631902,0.9859463999923157,0.0006736253642460482,0.00012771268340311252
NIFTY_MIDCAP_100,2022-07-15,5,0.0021075194619781805,0.019011866138325485,0.9773656147733354,0.0012234429268002211,0.0002915566995609253
NIFTY_MIDCAP_100,2022-07-18,5,0.0005700123751639211,0.017566206538229868,0.9807165793118625,0.0008451240248988586,0.0003020777498449238
NIFTY_MIDCAP_100,2022-07-19,5,0.0007882519971601845,0.013119548817865942,0.9831027927574364,0.0023262383078312843,0.0006631681197060204
NIFTY_MIDCAP_100,2022-07-20,5,0.0003704584108411593,0.00683984260831501,0.9917140706546509,0.0008233661946516847,0.0002522621315413041
NIFTY_MIDCAP_100,2022-07-21,5,0.0004092752642226863,0.0025067755748226185,0.9959119769424566,0.0009242590273294635,0.0002477131911686371
NIFTY_MIDCAP_100,2022-07-22,5,0.00025935731905559926,0.0023077627066023323,0.9939835730155486,0.002957633965125729,0.0004916729936676854
NIFTY_MIDCAP_100,2022-07-25,5,0.00037496179280089014,0.00109068302677315,0.9903068790741737,0.007866104338561806,0.00036137176769044575
NIFTY_MIDCAP_100,2022-07-26,5,0.0005441911361098647,0.0033266497755294207,0.9908619034943205,0.005096395676282136,0.00017085991775806072
NIFTY_MIDCAP_100,2022-07-27,5,0.0001723522283198579,0.001434063147065112,0.9911064634581589,0.007161664053600733,0.00012545711285535022
NIFTY_MIDCAP_100,2022-07-28,5,0.0002115644218964672,0.0013699907241179784,0.9930658077894972,0.005143450951023295,0.00020918611346511823
NIFTY_MIDCAP_100,2022-07-29,5,0.00017859380106661737,0.00043897877272075633,0.9873438876507022,0.011873297093016174,0.00016524268249398625
NIFTY_MIDCAP_100,2022-08-01,5,0.00020173979381681964,0.0007220151326949164,0.9773699234939388,0.02111167623974385,0.0005946453398054625
NIFTY_MIDCAP_100,2022-08-02,5,0.000351846042314544,0.001450734736575261,0.9672797724894994,0.029354927318749363,0.0015627194128613959
NIFTY_MIDCAP_100,2022-08-03,5,0.0004683553430931743,0.0015696972467709417,0.9274736590327153,0.06861451193819015,0.0018737764392303242
NIFTY_MIDCAP_100,2022-08-04,5,0.0003899451625940783,0.0013990828286381597,0.11295699536929323,0.8828493053442293,0.002404671295245311
NIFTY_MIDCAP_100,2022-08-05,5,0.00023054222064689074,0.0007510347945804618,0.06177372725561602,0.9361685773139737,0.0010761184151828341
NIFTY_MIDCAP_100,2022-08-08,5,0.0002714162931945985,0.0007392994555663059,0.03751926697349607,0.9600324954944165,0.0014375217833266615
NIFTY_MIDCAP_100,2022-08-10,5,0.00017789458348963112,0.00045507195100100324,0.05019366308991738,0.9479113273086991,0.0012620430668928723
NIFTY_MIDCAP_100,2022-08-11,5,0.00023142973173443212,0.0006166163339069438,0.12068391071617016,0.8778468767551835,0.0006211664630048903
NIFTY_MIDCAP_100,2022-08-12,5,0.00027309750917691204,0.0006996527977580406,0.781350247146671,0.21697614349063424,0.0007008590557597887
NIFTY_MIDCAP_100,2022-08-16,5,0.00021704935751757552,0.0005419308689324867,0.8791146908796013,0.1194728094582102,0.0006535194357384357
NIFTY_MIDCAP_100,2022-08-17,5,0.0002901801784388937,0.0007901287093890339,0.04672166407755792,0.9508850390132673,0.0013129880213471484
NIFTY_MIDCAP_100,2022-08-18,5,0.00020434268677722476,0.00046844540272489846,0.02904520515495,0.9688785978319161,0.0014034089236316621
NIFTY_MIDCAP_100,2022-08-19,5,0.000381870076559423,0.0009747194524022217,0.0828418324482766,0.9140027436662285,0.0017988343565333482
NIFTY_MIDCAP_100,2022-08-22,5,0.00041009274769779656,0.010854442396625972,0.8736981030535252,0.10921093744720073,0.0058264243549501545
NIFTY_MIDCAP_100,2022-08-23,5,0.00019094911551471058,0.0011797054317446327,0.04488198007558024,0.9513467336068836,0.00240063177027698
NIFTY_MIDCAP_100,2022-08-24,5,0.00025687126179947705,0.0006203992947251072,0.01840248496889767,0.9738214160803287,0.006898828394248935
NIFTY_MIDCAP_100,2022-08-25,5,0.0002506422118274211,0.0005793108912349125,0.01701030984185631,0.9746947567039478,0.0074649803511336816
NIFTY_MIDCAP_100,2022-08-26,5,0.0004082846281536747,0.000946360877193547,0.02571099177418757,0.9632115178376547,0.009722844882810614
NIFTY_MIDCAP_100,2022-08-29,5,0.00014902135634578458,0.0007027296249443334,0.012466178147110608,0.04718812452970387,0.9394939463418953
NIFTY_MIDCAP_100,2022-08-30,5,0.00021184447528440167,0.0004941449811983435,0.0116240383573377,0.9769039159539384,0.010766056232241004
NIFTY_MIDCAP_100,2022-09-01,5,0.0004273624874422383,0.0010307273948090947,0.018825237500998595,0.9404980157298979,0.039218656886852096
NIFTY_MIDCAP_100,2022-09-02,5,8.898896550806549e-05,0.0002066538115723181,0.0041906956925259085,0.09417362653370606,0.9013400349966877
NIFTY_MIDCAP_100,2022-09-05,5,0.0005283282951904912,0.0012531579825758908,0.02809002316169119,0.9484975127940435,0.02163097776649908
NIFTY_MIDCAP_100,2022-09-07,5,0.000295311939179172,0.0006908227798714582,0.050272597414279536,0.9441450033332034,0.00459626453346638
NIFTY_MIDCAP_100,2022-09-08,5,0.0004010210068334706,0.0009258355080754488,0.05217599723417051,0.9441602883440542,0.0023368579068663454
NIFTY_MIDCAP_100,2022-09-09,5,0.0002816762918169703,0.0006981951611903382,0.909901647706604,0.08659482266264745,0.0025236581777411454
NIFTY_MIDCAP_100,2022-09-12,5,0.00024492421446772465,0.0006170960449765976,0.8976022916975883,0.09903135757455703,0.0025043304684105694
NIFTY_MIDCAP_100,2022-09-13,5,0.0010086455892958184,0.0028996149482351506,0.20678677319602826,0.7805007288451309,0.008804237421309669
NIFTY_MIDCAP_100,2022-09-14,5,0.0006456349102201314,0.0017770443069080293,0.9178142061059354,0.07385640007888611,0.005906714598050314
NIFTY_MIDCAP_100,2022-09-15,5,0.00022748375718830213,0.0006054238137883639,0.9668029789916378,0.02989128020019535,0.0024728332371901727
NIFTY_MIDCAP_100,2022-09-16,5,0.0004219256714930305,0.1373299572601891,0.8106305825603791,0.04731112450259914,0.004306410005339732
NIFTY_MIDCAP_100,2022-09-19,5,0.000253509922757509,0.8571137121518557,0.11873328430133794,0.021248189964946134,0.00265130365910273
NIFTY_MIDCAP_100,2022-09-20,5,0.0007283342853938452,0.013407925247346257,0.8856686081120507,0.08812476052503745,0.012070371830171671
NIFTY_MIDCAP_100,2022-09-21,5,0.00020882917605337788,0.8990220322571949,0.07917462476808666,0.02091493493550021,0.0006795788631647439
NIFTY_MIDCAP_100,2022-09-22,5,0.0001836796904991958,0.9174970435538761,0.06609040309713607,0.015412862597439157,0.0008160110610496797
NIFTY_MIDCAP_100,2022-09-23,5,0.0006366780547685514,0.04365368925781404,0.9262397380034334,0.024807986013507043,0.004661908670476906
NIFTY_MIDCAP_100,2022-09-26,5,0.0018617637652406879,0.012138204946221873,0.9693783977560618,0.014181659047203502,0.0024399744852720007
NIFTY_MIDCAP_100,2022-09-27,5,0.0001523662315737061,0.005170546408332659,0.9904698312742859,0.0040011362283892595,0.0002061198574183493
NIFTY_MIDCAP_100,2022-09-28,5,0.0003852296044848485,0.0032376257574275543,0.9948240932940867,0.0014132841718759108,0.00013976717212500783
NIFTY_MIDCAP_100,2022-09-29,5,0.0005277799244113704,0.0066578931901820375,0.991508401494433,0.0011557825440241247,0.0001501428469494344
NIFTY_MIDCAP_100,2022-09-30,5,0.0001578370458032421,0.004011658402725829,0.9946762522373288,0.0009119004294725258,0.0002423518846693434
NIFTY_MIDCAP_100,2022-10-03,5,0.0005728286271997357,0.01380990172678566,0.9847233515048169,0.0007310794048855072,0.00016283873631216922
NIFTY_MIDCAP_100,2022-10-04,5,0.00011867030686198228,0.0029269990902929624,0.9958665463280895,0.0008638555837727937,0.0002239286909827567
NIFTY_MIDCAP_100,2022-10-06,5,0.000118228370442781,0.008413953439712196,0.9860262095240984,0.005255365635852928,0.0001862430298935348
NIFTY_MIDCAP_100,2022-10-07,5,0.00011209281193919429,0.002548840587215284,0.9913663116018399,0.0057875891979432504,0.00018516580106244952
NIFTY_MIDCAP_100,2022-10-10,5,9.675313258242114e-05,0.0024518905547145915,0.9954359466301653,0.0017958904368943357,0.00021951924564319597
NIFTY_MIDCAP_100,2022-10-11,5,9.125676759830318e-05,0.002333918791743465,0.9966711188680102,0.0007204689523083389,0.00018323662033978549
NIFTY_MIDCAP_100,2022-10-12,5,9.66775265354685e-05,0.0037387712031557788,0.9955345051222347,0.0004669414187871192,0.00016310472928701458
NIFTY_MIDCAP_100,2022-10-13,5,0.00011457264590840317,0.006677247544499581,0.9927169446221654,0.00036625356227877945,0.00012498162514794478
NIFTY_MIDCAP_100,2022-10-14,5,0.00011109246495852246,0.007616450657740657,0.9918424527724143,0.0003085315818162065,0.00012147252306999353
NIFTY_MIDCAP_100,2022-10-17,5,0.00020367783444818357,0.01045449275207697,0.9888584797828215,0.00033870853175918346,0.00014464109889407106
NIFTY_MIDCAP_100,2022-10-18,5,0.0001873692759287829,0.003541514433382286,0.9954210246680715,0.0006737846162102006,0.00017630700640743093
NIFTY_MIDCAP_100,2022-10-19,5,0.00016178176094912934,0.010100052002835124,0.9889607308469273,0.0006340662397160485,0.00014336914957247633
NIFTY_MIDCAP_100,2022-10-20,5,0.00016522210256216563,0.01297404478425665,0.9859840520340657,0.0007114833151717734,0.00016519776394372028
NIFTY_MIDCAP_100,2022-10-21,5,0.0002097657641857188,0.039219363814408825,0.9598311372220802,0.0005636209222041847,0.00017611227712078392
NIFTY_MIDCAP_100,2022-10-24,5,0.00016190824604501167,0.010718328451693383,0.9882547155383703,0.0006899201357056379,0.0001751276281855537
NIFTY_MIDCAP_100,2022-10-25,5,0.00022916534250936132,0.011780072439593876,0.9863823544024543,0.0013409945714497437,0.00026741324399271957
NIFTY_MIDCAP_100,2022-10-27,5,0.000291412323848875,0.012428190052398588,0.9843858308518119,0.002508828401342441,0.00038573837059813025
NIFTY_MIDCAP_100,2022-10-28,5,0.00023126088703898394,0.01251480355612787,0.9847975720437875,0.0022243308155852916,0.0002320326974604547
NIFTY_MIDCAP_100,2022-10-31,5,0.00026736890095320547,0.011423968612917302,0.9836346748938294,0.004410429861336132,0.00026355773096406346
NIFTY_MIDCAP_100,2022-11-01,5,0.00026839322102476226,0.0050772664507385545,0.9867019739635822,0.00761936813272937,0.00033299823192510904
NIFTY_MIDCAP_100,2022-11-02,5,0.00018264492910051954,0.01160476134179469,0.9846156450354241,0.0032724376688395562,0.00032451102484117446
NIFTY_MIDCAP_100,2022-11-03,5,0.00023109657775445072,0.005881915184344135,0.9837097568003773,0.009762391388079808,0.0004148400494442511
NIFTY_MIDCAP_100,2022-11-04,5,0.0002281259746014984,0.007439620237122356,0.9863285610816555,0.00559488280046623,0.00040880990615427406
NIFTY_MIDCAP_100,2022-11-07,5,0.00016923451878552795,0.0035647107256485703,0.9721755639781458,0.02370772201754785,0.0003827687598721547
NIFTY_MIDCAP_100,2022-11-09,5,0.0002610181485210531,0.007487404247230965,0.9835957879463363,0.00798717750589422,0.0006686121520175618
NIFTY_MIDCAP_100,2022-11-10,5,0.00017402955310045028,0.018997855401896732,0.9786205061410835,0.0018511770782060173,0.00035643182571334616
NIFTY_MIDCAP_100,2022-11-11,5,0.00014088498405397153,0.012378869126870284,0.9857457695922341,0.0014630683414966895,0.0002714079553449615
NIFTY_MIDCAP_100,2022-11-14,5,0.00013076416092046132,0.013000034023490628,0.9851806798236066,0.0014318221382202526,0.0002566998537621914
NIFTY_MIDCAP_100,2022-11-15,5,0.0001479876773241443,0.015512167645714345,0.9822931885016947,0.0017368368863552293,0.0003098192889116193
NIFTY_MIDCAP_100,2022-11-16,5,0.0001558949279631445,0.017523951409106318,0.9801448173632912,0.001732818979666573,0.0004425173199728599
NIFTY_MIDCAP_100,2022-11-17,5,0.00013284542372640464,0.012198548350083898,0.9856079095286462,0.0016494650559574677,0.00041123164158602066
NIFTY_MIDCAP_100,2022-11-18,5,0.0003335576538642235,0.033318020386829655,0.9606829090506165,0.005372101212531911,0.0002934116961579396
NIFTY_MIDCAP_100,2022-11-21,5,0.002445799535048714,0.02845896878103824,0.9623228969841048,0.0065027129146242625,0.000269621785184067
NIFTY_MIDCAP_100,2022-11-22,5,0.00022465977724875973,0.012372671956408397,0.9844917982933723,0.0024862204672872665,0.0004246495056834244
NIFTY_MIDCAP_100,2022-11-23,5,0.0002420765502482956,0.02494928309713452,0.9702259253979963,0.0042182864162452136,0.0003644285383754827
NIFTY_MIDCAP_100,2022-11-24,5,0.00028131528863142245,0.023606800846107202,0.9697016966626246,0.005895670339085063,0.0005145168635515318
NIFTY_MIDCAP_100,2022-11-25,5,0.00010053458401950543,0.005819794999503149,0.08119825349518568,0.9125575855953175,0.0003238313259741085
NIFTY_MIDCAP_100,2022-11-28,5,0.0002577610950531064,0.005492898583515344,0.2330862631718624,0.7607384465119942,0.0004246306375749117
NIFTY_MIDCAP_100,2022-11-29,5,0.000623606686087626,0.026618526939996674,0.9268815901526629,0.04465528557717947,0.0012209906440733011
NIFTY_MIDCAP_100,2022-11-30,5,0.00037614781596358247,0.01211618754562607,0.9355723632044627,0.051078721032375596,0.0008565804015719485
NIFTY_MIDCAP_100,2022-12-01,5,0.000214290500033848,0.0025340442091556035,0.9621849267877518,0.034459432668453145,0.0006073058346056159
NIFTY_MIDCAP_100,2022-12-02,5,0.00022848244887452459,0.0009243447041123021,0.9653150267019139,0.032372679034557934,0.001159467110541275
NIFTY_MIDCAP_100,2022-12-05,5,0.00022179889155035117,0.0010559673808897786,0.9725714403695671,0.024972251521063086,0.001178541836929633
NIFTY_MIDCAP_100,2022-12-06,5,0.00028669702615795,0.0010407998073218966,0.9220897464273692,0.07555701605165485,0.0010257406874962687
NIFTY_MIDCAP_100,2022-12-07,5,0.00034834569855947075,0.01238388812005543,0.25778769376846355,0.728637656926059,0.00084241548686252
NIFTY_MIDCAP_100,2022-12-08,5,0.0005118749160001072,0.005193341594910857,0.8848063995031585,0.10841160510424969,0.0010767788816809217
NIFTY_MIDCAP_100,2022-12-09,5,0.0003858898001976351,0.011637571254316852,0.91970570076396,0.0675397666104801,0.0007310715710454553
NIFTY_MIDCAP_100,2022-12-12,5,0.0002787896919037008,0.00266729098490683,0.9733612793003501,0.023019900560626694,0.000672739462212533
NIFTY_MIDCAP_100,2022-12-13,5,0.0002432224423110953,0.000759610942598615,0.975039789031011,0.02261638567594681,0.0013409919081325114
NIFTY_MIDCAP_100,2022-12-14,5,0.00022178478721751298,0.0006903284601546586,0.9744560672987868,0.02306103194211149,0.001570787511729742
NIFTY_MIDCAP_100,2022-12-15,5,0.00042970323715896616,0.02925866402602961,0.9266258264309158,0.0424702360262385,0.0012155702796569972
NIFTY_MIDCAP_100,2022-12-16,5,0.00013630929848360712,0.9177426981394315,0.07836345940138065,0.0034828288419028837,0.0002747043188013467
NIFTY_MIDCAP_100,2022-12-19,5,7.584551043889847e-05,0.9520515553144956,0.045683954114272486,0.001969564133079884,0.00021908092771324097
NIFTY_MIDCAP_100,2022-12-20,5,7.312644241790872e-05,0.9516925029324649,0.04637126909569443,0.0016268986070459646,0.0002362029223765577
NIFTY_MIDCAP_100,2022-12-21,5,0.00010917184079520844,0.9471614258897129,0.05181525985340177,0.0007607960537911822,0.0001533463622990175
NIFTY_MIDCAP_100,2022-12-22,5,0.0034699684987437585,0.9373546027167877,0.05834401926543948,0.0006948983597711601,0.00013651115925786554
NIFTY_MIDCAP_100,2022-12-23,5,0.004317130185595017,0.9404019812322696,0.05352608768574559,0.0014117083562685097,0.0003430925401213614
NIFTY_MIDCAP_100,2022-12-26,5,0.0014930618992759503,0.07431013684942003,0.9231133194774561,0.0008040155267640492,0.0002794662470837688
NIFTY_MIDCAP_100,2022-12-27,5,0.0005088950518443335,0.1701215147539603,0.8277359725920972,0.0011648523540767604,0.00046876524802136034
NIFTY_MIDCAP_100,2022-12-28,5,0.00018270173123084054,0.9149723888498903,0.08426816857971656,0.0004408746098526147,0.00013586622930972898
NIFTY_MIDCAP_100,2022-12-29,5,0.00015455714067483294,0.9343900708870361,0.06502929577198104,0.000320109611481079,0.00010596658882690089
NIFTY_MIDCAP_100,2022-12-30,5,0.00017865348703000736,0.9045200179763428,0.09299535645876765,0.0006425834330176358,0.0016633886448419969
NIFTY_MIDCAP_100,2023-01-02,5,0.0005400098368183623,0.10319105527564747,0.8933510861616584,0.002382098925921254,0.000535749799954451
NIFTY_MIDCAP_100,2023-01-03,5,0.00016584011274486975,0.9422050585723849,0.05597097299339657,0.0014940543401178743,0.00016407398135585876
NIFTY_MIDCAP_100,2023-01-04,5,9.842086181525274e-05,0.9690648468288097,0.03033736770653215,0.0003908921669424998,0.00010847243590050109
NIFTY_MIDCAP_100,2023-01-05,5,8.511234732272739e-05,0.9822233501651736,0.017216469610831894,0.00037636225986963285,9.870561680204696e-05
NIFTY_MIDCAP_100,2023-01-06,5,0.00018140803810314586,0.9684374518383488,0.030651300573278212,0.0005020266700570173,0.00022781288021265678
NIFTY_MIDCAP_100,2023-01-09,5,0.00015734263994570102,0.9781874961310598,0.019786572736791505,0.0015284398050040924,0.0003401486871987397
NIFTY_MIDCAP_100,2023-01-10,5,8.361501344174525e-05,0.9893971560890562,0.010002205298223862,0.0003370721938036472,0.00017995140547439419
NIFTY_MIDCAP_100,2023-01-11,5,9.033752604856682e-05,0.9880321217400988,0.011278914987783481,0.00034995458258784914,0.0002486711634811694
NIFTY_MIDCAP_100,2023-01-12,5,0.0005745457129744348,0.9866325914746813,0.012233800671393189,0.00035234467507866136,0.00020671746587239866
NIFTY_MIDCAP_100,2023-01-13,5,0.0009349365929188802,0.9785806616619254,0.019059941294901413,0.0009159867445305167,0.000508473705723821
NIFTY_MIDCAP_100,2023-01-16,5,0.0008730303030894214,0.9817800036070835,0.01643629369812675,0.0006315570657391496,0.0002791153259610024
NIFTY_MIDCAP_100,2023-01-17,5,0.0004900176842539835,0.9770377359820032,0.02182381987659877,0.00043571604634158454,0.00021271041080254052
NIFTY_MIDCAP_100,2023-01-18,5,0.000785184208454382,0.9602070437914599,0.03725788446177128,0.0007748858879753691,0.0009750016503390408
NIFTY_MIDCAP_100,2023-01-19,5,0.029169295606169078,0.9380065381859887,0.03167285598292298,0.0006422658502961283,0.0005090443746233416
NIFTY_MIDCAP_100,2023-01-20,5,0.9111030160296519,0.0793325266092558,0.009216238150534095,0.00019512060792307228,0.0001530986026350646
NIFTY_MIDCAP_100,2023-01-23,5,0.013784295918842778,0.9319501385841099,0.05220780661904596,0.0012423916867138115,0.0008153671912875867
NIFTY_MIDCAP_100,2023-01-24,5,0.01142976673220177,0.9520345552295361,0.03517053659426328,0.0007124347723058947,0.0006527066716930586
NIFTY_MIDCAP_100,2023-01-25,5,0.9620992140809564,0.031097564481426972,0.006592344318104785,0.00014507796870821897,6.579915080364638e-05
NIFTY_MIDCAP_100,2023-01-27,5,0.9635486312600654,0.029554362672346533,0.006460512901275711,0.00022618277728978756,0.00021031038902247418
NIFTY_MIDCAP_100,2023-01-30,5,0.01452931181006149,0.9716794670262097,0.012317495442991324,0.0012025547269807757,0.00027117099375649083
NIFTY_MIDCAP_100,2023-01-31,5,0.012971876264165695,0.934050486124493,0.05198345608192929,0.0006826147282180631,0.00031156680119364056
NIFTY_MIDCAP_100,2023-02-01,5,0.01039494885528784,0.9612802567576791,0.027507805071177314,0.0005668116648714758,0.000250177650984016
NIFTY_MIDCAP_100,2023-02-02,5,0.00981837544108688,0.9803126216147904,0.009045291673016672,0.0006065622028070761,0.00021714906829893232
NIFTY_MIDCAP_100,2023-02-03,5,0.036913144031950645,0.9430735200277923,0.019122754256098475,0.0006484013146512932,0.0002421803695072706
NIFTY_MIDCAP_100,2023-02-06,5,0.028855062950576747,0.9461081624570814,0.023928774459964695,0.0007769818599964155,0.0003310182723808411
NIFTY_MIDCAP_100,2023-02-07,5,0.8940850973313204,0.09924898722131059,0.006378741447795377,0.00019763730614315596,8.953669343047765e-05
NIFTY_MIDCAP_100,2023-02-08,5,0.010051717283174548,0.9524553629362772,0.03555943324840584,0.0013507073921554087,0.0005827791399869316
NIFTY_MIDCAP_100,2023-02-09,5,0.0044753827265464575,0.9733263687961491,0.021284076376852226,0.0005945612099135492,0.0003196108905388321
NIFTY_MIDCAP_100,2023-02-10,5,0.001582590597073423,0.977733593561485,0.020097945073701495,0.000421769034137812,0.00016410173360237985
NIFTY_MIDCAP_100,2023-02-13,5,0.04010242693685867,0.9425340031728074,0.016496170158185268,0.000573944042399915,0.00029345568974876107
NIFTY_MIDCAP_100,2023-02-14,5,0.017264913123443696,0.9684044592171178,0.013324352042799102,0.0007600407284905148,0.0002462348881485893
NIFTY_MIDCAP_100,2023-02-15,5,0.9480955131284334,0.048900836109912096,0.0027872201555133296,0.000150269951110642,6.6160655030416e-05
NIFTY_MIDCAP_100,2023-02-16,5,0.9638618836668212,0.02951104408388065,0.006375657991475612,0.00018063825961989264,7.077599820240204e-05
NIFTY_MIDCAP_100,2023-02-17,5,0.9702378456394515,0.024589438781324136,0.004887865043897289,0.00020633369408075872,7.85168412464499e-05
NIFTY_MIDCAP_100,2023-02-20,5,0.9676406590510788,0.025813738841267135,0.006350580806338595,0.00013959863721922392,5.542266409641171e-05
NIFTY_MIDCAP_100,2023-02-21,5,0.9680884034275381,0.025520367193296974,0.006201264870705411,0.00014039525781927458,4.956925064012933e-05
NIFTY_MIDCAP_100,2023-02-22,5,0.027242583215225595,0.9429805924070696,0.028393669594901527,0.001013298285806329,0.00036985649699673983
NIFTY_MIDCAP_100,2023-02-23,5,0.005347814173866739,0.9739854138669778,0.019781928082152452,0.0006451193182389108,0.00023972455876412766
NIFTY_MIDCAP_100,2023-02-24,5,0.008126574088391427,0.949249783362659,0.04144382087868385,0.0008569021368352753,0.0003229195334306463
NIFTY_MIDCAP_100,2023-02-27,5,0.02051114669336628,0.14424277264014784,0.8322468257304789,0.0021885733941678963,0.0008106815418388844
NIFTY_MIDCAP_100,2023-02-28,5,0.019095531723380535,0.13667105796145973,0.8421645571180123,0.0015243218959452708,0.0005445313012019988
NIFTY_MIDCAP_100,2023-03-01,5,0.0027962309827362333,0.1315968887468519,0.862980811002739,0.0018633666810451356,0.0007627025866276573
NIFTY_MIDCAP_100,2023-03-02,5,0.0025417186859135487,0.9395574423406294,0.05612863025996446,0.0010954165240212661,0.0006767921894712997
NIFTY_MIDCAP_100,2023-03-03,5,0.002193044132559698,0.9290147925811542,0.06715208561229487,0.0009588402320930004,0.0006812374418980796
NIFTY_MIDCAP_100,2023-03-06,5,0.00030509069808586304,0.9430150151721203,0.052508459457342664,0.001646670742068866,0.0025247639303823907
NIFTY_MIDCAP_100,2023-03-08,5,0.00017607441416178378,0.9670239958507353,0.031110539094113657,0.000929494215316529,0.000759896425672744
NIFTY_MIDCAP_100,2023-03-09,5,0.00019040780445336674,0.9658496826697252,0.030599481202489846,0.0028516487107787584,0.0005087796125528123
NIFTY_MIDCAP_100,2023-03-10,5,0.0011644196307438164,0.9829619510893435,0.014495880306499625,0.0010345239422927424,0.0003432250311202059
NIFTY_MIDCAP_100,2023-03-13,5,0.006571784954978808,0.9725403211998744,0.019819506909407016,0.0008912004721755628,0.00017718646356427068
NIFTY_MIDCAP_100,2023-03-14,5,0.006913677492117975,0.9724630447776565,0.01957972692220787,0.0008684592260007118,0.0001750915820168224
NIFTY_MIDCAP_100,2023-03-15,5,0.005266040235875998,0.9767833304765723,0.016861475077790906,0.0008971065777991507,0.0001920476319614532
NIFTY_MIDCAP_100,2023-03-16,5,0.008276748285361547,0.9754507146522541,0.015185455128549153,0.0008656777769857345,0.00022140415684943608
NIFTY_MIDCAP_100,2023-03-17,5,0.9176214260119877,0.07454179557472992,0.007571144900564381,0.00020223260988552313,6.340090283235657e-05
NIFTY_MIDCAP_100,2023-03-20,5,0.9845614163713657,0.012805281244901144,0.00255806824163452,5.64936599649626e-05,1.8740482133721883e-05
NIFTY_MIDCAP_100,2023-03-21,5,0.973899289190118,0.02339018932949273,0.002573522323521893,0.00010420813507144702,3.2791021795927264e-05
NIFTY_MIDCAP_100,2023-03-22,5,0.045997647458986525,0.9281862594344172,0.024195575538413065,0.0011933619969808323,0.0004271555712022937
NIFTY_MIDCAP_100,2023-03-23,5,0.9647082470717735,0.028700689792024173,0.006191509024026369,0.0003212194192422546,7.83346929336038e-05
NIFTY_MIDCAP_100,2023-03-24,5,0.9859845464954805,0.010196908956427551,0.0036354490131010418,0.00015046962274155095,3.262591224922289e-05
NIFTY_MIDCAP_100,2023-03-27,5,0.9771075988973751,0.018093225301817686,0.0046722180762059015,9.145623591732172e-05,3.550148868399039e-05
NIFTY_MIDCAP_100,2023-03-28,5,0.9808179683291554,0.00915374769865647,0.009855025898352236,0.00012494398399910626,4.8314089836744345e-05
NIFTY_MIDCAP_100,2023-03-29,5,0.016477642470110052,0.9475505230871109,0.034599942105939155,0.0010641399012482197,0.0003077524355915019
NIFTY_MIDCAP_100,2023-03-31,5,0.00981281758216458,0.9303183470363441,0.05866866333871618,0.0008750441863572343,0.00032512785641798024
NIFTY_MIDCAP_100,2023-04-03,5,0.010616314320655509,0.9308654245952218,0.057358047930397754,0.0008306668272178882,0.00032954632650708407
NIFTY_MIDCAP_100,2023-04-05,5,0.005689734083829905,0.10141443965745482,0.8916870188218552,0.0009168368677452756,0.00029197056911476406
NIFTY_MIDCAP_100,2023-04-06,5,0.009651261820602462,0.078256431418502,0.9108499154876819,0.0008980778649362317,0.00034431340827743086
NIFTY_MIDCAP_100,2023-04-10,5,0.006638138672888599,0.03622059678402037,0.953708792803964,0.003137130336013892,0.00029534140311306015
NIFTY_MIDCAP_100,2023-04-11,5,0.00516022323032381,0.007531811312704625,0.9842288687580807,0.002828537396564138,0.0002505593023268344
NIFTY_MIDCAP_100,2023-04-12,5,0.002108455966812059,0.00512611500935368,0.9895292550858489,0.00304006076314303,0.00019611317484248376
NIFTY_MIDCAP_100,2023-04-13,5,0.0002540913305852174,0.008680996381921567,0.9869252153684822,0.0038473962931851458,0.00029230062582577304
NIFTY_MIDCAP_100,2023-04-17,5,0.00018469613774812685,0.004978061074166547,0.992106121599785,0.0024843258917247256,0.00024679529657576743
NIFTY_MIDCAP_100,2023-04-18,5,0.00024945498982907046,0.004331738634394097,0.9913011350376241,0.003848500727245314,0.00026917061090751983
NIFTY_MIDCAP_100,2023-04-19,5,0.0002729441111836404,0.004453344938988036,0.9895661146798976,0.005420758157070103,0.0002868381128606727
NIFTY_MIDCAP_100,2023-04-20,5,0.00031665026132847034,0.00422234111348896,0.9879262061852265,0.007192418706710003,0.00034238373324592126
NIFTY_MIDCAP_100,2023-04-21,5,0.00021865402949300064,0.007680782831467954,0.983168247416848,0.008476686825122724,0.0004556288970680972
NIFTY_MIDCAP_100,2023-04-24,5,0.00023809484286062,0.004137558791612057,0.9868148567204331,0.0085579777339338,0.00025151191116068894
NIFTY_MIDCAP_100,2023-04-25,5,0.00040152652928694124,0.009050490774755763,0.9710009969851506,0.0190511840060986,0.0004958017047080442
NIFTY_MIDCAP_100,2023-04-26,5,0.0003698234207942868,0.0055398924757757975,0.9829000117345831,0.010804809540084462,0.00038546282876235073
NIFTY_MIDCAP_100,2023-04-27,5,0.00016724246551842593,0.0017521742342320734,0.9916290343814962,0.006213508127114995,0.00023804079163828923
NIFTY_MIDCAP_100,2023-04-28,5,0.00021165210213500675,0.0009685754662232046,0.9790281917414023,0.01950614971758371,0.0002854309726559076
NIFTY_MIDCAP_100,2023-05-02,5,0.0001570125414944626,0.0006263612051126561,0.9933506971675161,0.005425074120954281,0.00044085496492228586
NIFTY_MIDCAP_100,2023-05-03,5,0.000156374832329519,0.0006051588715580797,0.9919920723291186,0.00683932301263333,0.0004070709543604513
NIFTY_MIDCAP_100,2023-05-04,5,0.0001251529348632361,0.00042659449046290925,0.9895613664475108,0.009479615785501744,0.0004072703416613857
NIFTY_MIDCAP_100,2023-05-05,5,0.00013671484911232038,0.00040960627728334274,0.9882069914491713,0.010876752471441436,0.00036993495299165714
NIFTY_MIDCAP_100,2023-05-08,5,0.00022838716956006933,0.0007005451349662579,0.9506431259709779,0.04661219051560242,0.001815751208893266
NIFTY_MIDCAP_100,2023-05-09,5,0.00016741539044441074,0.00041188834293734065,0.9782957664823184,0.02033791802391496,0.0007870117603849484
NIFTY_MIDCAP_100,2023-05-10,5,0.00015582787566842849,0.0003910037494526084,0.9765905929522593,0.022356379425202216,0.000506195997417538
NIFTY_MIDCAP_100,2023-05-11,5,0.00023576742252212998,0.0006107355049887286,0.9743366186588119,0.023186584734951332,0.0016302936787261073
NIFTY_MIDCAP_100,2023-05-12,5,0.00029107530376398674,0.0008153133287351192,0.9463411965311826,0.051683691025502555,0.000868723810815765
NIFTY_MIDCAP_100,2023-05-15,5,0.0002295005974974871,0.0006144773604530017,0.9686167689768195,0.029438115425955143,0.001101137639275114
NIFTY_MIDCAP_100,2023-05-16,5,0.00023266015986216627,0.0006209271712381074,0.9446966959041173,0.05215671420276289,0.002293002562019469
NIFTY_MIDCAP_100,2023-05-17,5,0.00037467542570043924,0.0010092095538129526,0.9307053445615965,0.06605651615343704,0.0018542543054531075
NIFTY_MIDCAP_100,2023-05-18,5,0.000536917501496222,0.0014340315697187688,0.8854363245113255,0.1095978380941407,0.0029948883233186416
NIFTY_MIDCAP_100,2023-05-19,5,0.0006402325624896905,0.002025716043205047,0.1936177254225697,0.7993745416310003,0.004341784340735124
NIFTY_MIDCAP_100,2023-05-22,5,0.00034176356090695253,0.0009913718446078214,0.06774310696353271,0.9282020245224961,0.0027217331084561816
NIFTY_MIDCAP_100,2023-05-23,5,0.0002984663681406277,0.0008439207017595702,0.05656096118143321,0.9387914820502073,0.0035051696984593228
NIFTY_MIDCAP_100,2023-05-24,5,0.0003824848320092559,0.001078137174839862,0.04688670290144958,0.9485619027405446,0.0030907723511566735
NIFTY_MIDCAP_100,2023-05-25,5,0.0002535067371591858,0.0006855010007327468,0.04087966072662274,0.956496078940275,0.0016852525952102688
NIFTY_MIDCAP_100,2023-05-26,5,0.0003308522292202505,0.000800543451289893,0.013819653759208565,0.9792244757914756,0.005824474768805689
NIFTY_MIDCAP_100,2023-05-29,5,0.0002682117336050191,0.0006153656565354223,0.010087745790991406,0.9867414546849559,0.002287222133912217
NIFTY_MIDCAP_100,2023-05-30,5,0.00033608254040279253,0.0007683900317397237,0.00838231969015306,0.9828141705499885,0.0076990371877157324
NIFTY_MIDCAP_100,2023-05-31,5,0.0002943401545669915,0.0006833457352609835,0.0059606302078524685,0.9892758384120847,0.0037858454902348036
NIFTY_MIDCAP_100,2023-06-01,5,0.0003087968370772111,0.0007081985771734845,0.004791554456769568,0.9878845313013119,0.0063069188276677155
NIFTY_MIDCAP_100,2023-06-02,5,0.0001607614547730142,0.00037414643255068684,0.0025838919881270286,0.9937291625605575,0.003152037563991614
NIFTY_MIDCAP_100,2023-06-05,5,0.00024644812073444465,0.0005754163524598585,0.003658402091704725,0.9898208609003579,0.0056988725347430795
NIFTY_MIDCAP_100,2023-06-06,5,0.0003272530566563383,0.0007720348581293238,0.005160523509177678,0.9865081150290597,0.007232073546976915
NIFTY_MIDCAP_100,2023-06-07,5,0.0003918929398621705,0.0011006874816804268,0.006256869861831417,0.9602557014888553,0.031994848227770545
NIFTY_MIDCAP_100,2023-06-08,5,0.0003264587025197089,0.0008569056397803974,0.005421096870806117,0.9538788769060169,0.0395166618808767
NIFTY_MIDCAP_100,2023-06-09,5,5.216871445466977e-05,0.00013554185743020175,0.0008507385387093457,0.05999537843617091,0.9389661724532349
NIFTY_MIDCAP_100,2023-06-12,5,3.984760050507575e-05,0.0001283135668956334,0.0006565307224276716,0.04596581645799557,0.9532094916521759
NIFTY_MIDCAP_100,2023-06-13,5,5.8157126903703094e-05,0.00015697332295927112,0.0008115415412754834,0.08406701294416888,0.9149063150646926
NIFTY_MIDCAP_100,2023-06-14,5,0.00031847464540383374,0.0008652607208940699,0.003813351517842459,0.9628924752807291,0.03211043783513049
NIFTY_MIDCAP_100,2023-06-15,5,0.0002739339721012961,0.0007462827750056544,0.0032293069131329876,0.9749295605689711,0.020820915770788956
NIFTY_MIDCAP_100,2023-06-19,5,0.00028473502045015144,0.0006937006091536347,0.0031045083634033683,0.9838345630758134,0.012082492931179363
NIFTY_MIDCAP_100,2023-06-20,5,0.0003161013797761083,0.0007701185451593588,0.0033060270239904832,0.9857656776948307,0.00984207535624334
NIFTY_MIDCAP_100,2023-06-21,5,0.00029327108416587826,0.0006975842790601576,0.003303728770591204,0.9893971824304375,0.006308233435745431
NIFTY_MIDCAP_100,2023-06-22,5,0.0003310711147689006,0.0008278896287327158,0.004000735015229383,0.9725479958486969,0.022292308392572117
NIFTY_MIDCAP_100,2023-06-23,5,0.00026161050930458766,0.0006736622984724214,0.019482896509042398,0.9694147926054735,0.010167038077707195
NIFTY_MIDCAP_100,2023-06-26,5,0.000624493640048002,0.0015927065552420988,0.012769642252904974,0.9740722259412683,0.010940931610536596
NIFTY_MIDCAP_100,2023-06-27,5,0.000519933859535141,0.0012924604654793413,0.0071345607697879945,0.9723188263770962,0.018734218528101247
NIFTY_MIDCAP_100,2023-06-28,5,0.0007087944205372575,0.0018358829582647077,0.010874099610641405,0.9626161097655044,0.023965113245052256
NIFTY_MIDCAP_100,2023-06-30,5,6.350613337867471e-05,0.0001783188774287203,0.0008162078292079106,0.06973740154716668,0.929204565612818
NIFTY_MIDCAP_100,2023-07-04,5,0.00040475415783493583,0.0010276175141638055,0.005963025941658039,0.9371019919864132,0.05550261039993011
NIFTY_MIDCAP_100,2023-07-07,5,7.429686637748991e-05,0.00017973680162482674,0.0012596267410486268,0.030727728744732435,0.9677586108462166
NIFTY_MIDCAP_100,2023-07-10,5,8.705669223261947e-05,0.000217497870657661,0.002021223251650766,0.03292032323787591,0.964753898947583
NIFTY_MIDCAP_100,2023-07-11,5,4.102198766558267e-05,0.00010548464873428334,0.000763881432023604,0.015517738838544029,0.9835718730930326
NIFTY_MIDCAP_100,2023-07-12,5,4.43895783315551e-05,0.00011940131254437304,0.0009192307053769737,0.022412942437205166,0.9765040359665419
NIFTY_MIDCAP_100,2023-07-13,5,6.463042605819878e-05,0.00016365400339765038,0.0012582314660563065,0.02277828579747289,0.975735198307015
NIFTY_MIDCAP_100,2023-07-14,5,9.067097312774144e-05,0.00023020166243811857,0.0013046039183362468,0.04465738943445368,0.9537171340116443
NIFTY_MIDCAP_100,2023-07-17,5,0.0005053767424080917,0.0012428852503948127,0.006161704100609906,0.9283714306027533,0.06371860330383389
NIFTY_MIDCAP_100,2023-07-18,5,0.0002673612084110321,0.0007649409898016161,0.0029342974703416773,0.9694751462293099,0.026558254102135873
NIFTY_MIDCAP_100,2023-07-19,5,0.0003656107123118827,0.0010414947757280176,0.004870920092526567,0.9552663055959798,0.038455668823453755
NIFTY_MIDCAP_100,2023-07-20,5,0.00030389920327327045,0.0008189810229616487,0.004051021926007059,0.9678382140063577,0.02698788384140019
NIFTY_MIDCAP_100,2023-07-21,5,0.0005456136000062007,0.0014889792897361885,0.007840180482299532,0.9715365774262185,0.018588649201739454
NIFTY_MIDCAP_100,2023-07-24,5,0.0009432090046341428,0.0024371381342580462,0.013308944501078423,0.9185018586531826,0.06480884970684674
NIFTY_MIDCAP_100,2023-07-25,5,0.00019058207242761687,0.0005232875281919152,0.0029155936263728847,0.0889685908471165,0.9074019459258911
NIFTY_MIDCAP_100,2023-07-26,5,0.0006066177691526065,0.0016821278551477708,0.00823066721412068,0.9386422762648983,0.050838310896680734
NIFTY_MIDCAP_100,2023-07-27,5,0.00044807172413566324,0.001516594027889498,0.006272078275613427,0.9546198668397868,0.03714338913257459
NIFTY_MIDCAP_100,2023-07-28,5,0.00012460418161981262,0.00032536531369871825,0.0016810263731106086,0.057700991115719594,0.9401680130158512
NIFTY_MIDCAP_100,2023-07-31,5,7.415685206153344e-05,0.0001858533312725734,0.0008420737437463519,0.04150888590697908,0.9573890301659405
NIFTY_MIDCAP_100,2023-08-01,5,6.617045078941498e-05,0.00016978101325170603,0.000783007581244285,0.031106907657057224,0.9678741332976574
NIFTY_MIDCAP_100,2023-08-02,5,0.00012439200068201624,0.00039180429639722473,0.0022082821899318057,0.0672668466162276,0.9300086748967613
NIFTY_MIDCAP_100,2023-08-03,5,0.0006189317691771808,0.001601679443043309,0.01224580747051016,0.9270847977621299,0.05844878355513932
NIFTY_MIDCAP_100,2023-08-04,5,3.3138098041457216e-05,8.792927953936974e-05,0.0006705498212300035,0.011668584203072527,0.9875397985981167
NIFTY_MIDCAP_100,2023-08-07,5,5.5713669133317724e-05,0.00013178688413565485,0.0007025257672902444,0.01365177142657896,0.9854582022528617
NIFTY_MIDCAP_100,2023-08-08,5,3.367037662361989e-05,8.597302635837498e-05,0.0004257449140920208,0.008128958447281589,0.9913256532356445
NIFTY_MIDCAP_100,2023-08-09,5,4.837387381567533e-05,0.00012658298596845516,0.000544719436313406,0.02029268580088564,0.9789876379030168
NIFTY_MIDCAP_100,2023-08-10,5,0.0008400403788891251,0.003455765834123003,0.0704143902679506,0.8851474443226486,0.040142359196388505
NIFTY_MIDCAP_100,2023-08-11,5,3.920312152372186e-05,9.589853804867164e-05,0.0005867898571418794,0.013766266553387155,0.9855118419298987
NIFTY_MIDCAP_100,2023-08-14,5,4.1364207755486e-05,0.00010922389851262964,0.0025595686721971533,0.015717206511340235,0.9815726367101945
NIFTY_MIDCAP_100,2023-08-16,5,2.4891078043381598e-05,6.318967843392985e-05,0.0014027151238175158,0.0068536218542016945,0.9916555822655035
NIFTY_MIDCAP_100,2023-08-17,5,3.0114577465390545e-05,7.689374523916444e-05,0.00135304908035201,0.009228443177860793,0.9893114994190827
NIFTY_MIDCAP_100,2023-08-18,5,0.00011029212689491251,0.00028302440044185084,0.007219199635296616,0.027884896679523437,0.9645025871578431
NIFTY_MIDCAP_100,2023-08-21,5,9.474734943887818e-05,0.00023668907408529882,0.0023799857652454432,0.033382418888855,0.9639061589223754
NIFTY_MIDCAP_100,2023-08-22,5,0.0005231136457440467,0.0014103977062708292,0.014386345762706672,0.9257485576880036,0.057931585197274794
NIFTY_MIDCAP_100,2023-08-23,5,0.00042002205901259487,0.001109308154681446,0.011603821334501125,0.9656095709739861,0.021257277477818696
NIFTY_MIDCAP_100,2023-08-24,5,0.0003437641411963477,0.0008671201511047396,0.006215465715514826,0.9684249988598524,0.024148651132331778
NIFTY_MIDCAP_100,2023-08-25,5,0.00044171541499483447,0.0011784494017375343,0.007437032231962261,0.9395699411078863,0.051372861843419104
NIFTY_MIDCAP_100,2023-08-28,5,7.506892607384428e-05,0.00020917947703487564,0.0011677102449584194,0.07376969909885962,0.9247783422530732
NIFTY_MIDCAP_100,2023-08-29,5,7.964674405423964e-05,0.00020478102339607332,0.0012139318839882146,0.020548682640738565,0.9779529577078229
NIFTY_MIDCAP_100,2023-08-30,5,5.8429699209910714e-05,0.00015878966503216652,0.0009231647494541121,0.032316895069988,0.9665427208163158
NIFTY_MIDCAP_100,2023-08-31,5,7.711092832314015e-05,0.00020634641897817444,0.0010430760210395306,0.042950284692833615,0.9557231819388254
NIFTY_MIDCAP_100,2023-09-01,5,0.00039076170058242974,0.00100556408882142,0.0060621235910441745,0.955462542848313,0.037079007771238896
NIFTY_MIDCAP_100,2023-09-04,5,0.0002594755730843815,0.0006970956109588948,0.0031065850779132655,0.9790260837591861,0.01691075997885725
NIFTY_MIDCAP_100,2023-09-13,5,0.00034785647113955994,0.000878068634606576,0.005305481193778436,0.9755924377895252,0.01787615591095036
NIFTY_MIDCAP_100,2023-09-14,5,0.00043449392542699376,0.0010404461803298207,0.01079837405406129,0.9742616485917944,0.013465037248387568
NIFTY_MIDCAP_100,2023-09-15,5,0.00033104891594000116,0.0008629884135702457,0.004129539534583236,0.9851074952127575,0.009568927923148993
NIFTY_MIDCAP_100,2023-09-18,5,0.00031840958161762946,0.000847845828119416,0.004192237189295213,0.9886421845192983,0.005999322881669687
NIFTY_MIDCAP_100,2023-09-20,5,0.0005161835291433199,0.001359149177412618,0.00944760327708915,0.9783300930301964,0.010346970986158745
NIFTY_MIDCAP_100,2023-09-21,5,0.00034300362748532193,0.0009051851302757437,0.8725300449003801,0.11949431959267061,0.006727446749188399
NIFTY_MIDCAP_100,2023-09-22,5,0.00030300618340227826,0.0007935561207900641,0.14892393884461902,0.8466641082032851,0.00331539064790345
NIFTY_MIDCAP_100,2023-09-25,5,0.0002938135590657372,0.0007734503118272076,0.1655750124393343,0.826858337161802,0.00649938652797067
NIFTY_MIDCAP_100,2023-09-26,5,0.00039817069817727765,0.00108769576008259,0.9012897286092122,0.09116538819343044,0.006059016739097384
NIFTY_MIDCAP_100,2023-09-27,5,0.0003170093788375612,0.0009767373407333362,0.9278768215048484,0.06302551499148801,0.007803916784092717
NIFTY_MIDCAP_100,2023-09-28,5,0.00022711121330475618,0.0019309404378651048,0.9618478300248617,0.03271149032755596,0.003282627996412263
NIFTY_MIDCAP_100,2023-09-29,5,0.00019573456912666374,0.0006008886487739375,0.9590576679195327,0.037184670358140326,0.0029610385044264247
NIFTY_MIDCAP_100,2023-10-03,5,0.00021496001264547716,0.0006128268607528723,0.9711193177315345,0.02443777204271158,0.0036151233523557726
NIFTY_MIDCAP_100,2023-10-04,5,0.0002735367160146673,0.015825255700861234,0.9453071101755159,0.0373827240958566,0.001211373311751458
NIFTY_MIDCAP_100,2023-10-05,5,0.00028665579918630955,0.015087882009038255,0.9510600215419693,0.031683783670137744,0.0018816569796683683
NIFTY_MIDCAP_100,2023-10-06,5,0.0002541875777710616,0.0031183456480100955,0.9460682330670183,0.049895828395131216,0.0006634053120694533
NIFTY_MIDCAP_100,2023-10-09,5,0.0006021081576814384,0.02135514333480188,0.9157571725559487,0.05864375641491834,0.0036418195366496485
NIFTY_MIDCAP_100,2023-10-10,5,0.0002935881843821442,0.015583790806625926,0.13880406582008714,0.8439696858932638,0.0013488692956409275
NIFTY_MIDCAP_100,2023-10-11,5,0.0003914766135888807,0.005033480927535701,0.9695702603298,0.023910573279417816,0.0010942088496577696
NIFTY_MIDCAP_100,2023-10-12,5,0.0007477639477538931,0.09822394994303872,0.8686076352486517,0.028132414608882297,0.004288236251673333
NIFTY_MIDCAP_100,2023-10-13,5,0.0010783805380703288,0.059217724877831085,0.8615142613553334,0.07134408035249395,0.0068455528762712305
NIFTY_MIDCAP_100,2023-10-16,5,0.000412797227678858,0.8020349750651601,0.17835202031286093,0.01750673828510941,0.001693469109190622
NIFTY_MIDCAP_100,2023-10-17,5,0.001014145059858804,0.006949011442169903,0.9318354103906327,0.055577837531018505,0.004623595576320199
NIFTY_MIDCAP_100,2023-10-18,5,0.0001655838480986697,0.9407964613701831,0.04967212908339513,0.008460800862119451,0.0009050248362034209
NIFTY_MIDCAP_100,2023-10-19,5,0.00014343567984733015,0.9448865715823533,0.04450445246171382,0.009668831929842038,0.0007967083462431415
NIFTY_MIDCAP_100,2023-10-20,5,0.00014896292681120495,0.9367607442535625,0.04910683141425818,0.012866432839623833,0.0011170285657442708
NIFTY_MIDCAP_100,2023-10-23,5,0.00016341787796368018,0.945702934116131,0.051188797374800706,0.0027452412609208503,0.00019960937018392345
NIFTY_MIDCAP_100,2023-10-25,5,0.00021773252746323712,0.8695864470126257,0.12657250916787932,0.003005825892109759,0.0006174853999219553
NIFTY_MIDCAP_100,2023-10-26,5,0.0007104640151445117,0.06625394485826722,0.9315010069900727,0.001108471817693876,0.00042611231882169466
NIFTY_MIDCAP_100,2023-10-27,5,0.00018880091751276342,0.01598068784395971,0.9828333773866242,0.0007392193206008603,0.0002579145313023522
NIFTY_MIDCAP_100,2023-10-30,5,0.00021643737802628447,0.024169202157960385,0.9740335601248622,0.000908712582259438,0.0006720877568916422
NIFTY_MIDCAP_100,2023-10-31,5,0.000279521409152652,0.01843134550763928,0.9803531785906089,0.0005590031162279308,0.00037695137637114697
NIFTY_MIDCAP_100,2023-11-01,5,0.0004109132412691513,0.036673472348856484,0.961459306976994,0.000824915142310199,0.0006313922905702461
NIFTY_MIDCAP_100,2023-11-02,5,0.0004452447762375625,0.02996219518755884,0.9650287192915115,0.00391861032515635,0.0006452304195357861
NIFTY_MIDCAP_100,2023-11-03,5,0.00044193403852400755,0.01605710440083045,0.9743245527716354,0.008776047146848726,0.0004003616421613925
NIFTY_MIDCAP_100,2023-11-06,5,0.0004976817165914453,0.016826043593799796,0.9735540500257395,0.008185394570732524,0.0009368300931366689
NIFTY_MIDCAP_100,2023-11-07,5,0.0004883686190728542,0.02331800359169352,0.9107697164017188,0.06439912636897438,0.001024785018540551
NIFTY_MIDCAP_100,2023-11-08,5,0.00011508147297323233,0.002568613038389123,0.04493791212030932,0.9521269136762774,0.0002514796920508452
NIFTY_MIDCAP_100,2023-11-09,5,0.0001657392231868198,0.008396907987133504,0.06426366960356635,0.9268043588277511,0.0003693243583623198
NIFTY_MIDCAP_100,2023-11-10,5,0.00013995743033555545,0.007339020662669467,0.0376595470421044,0.9541321624670853,0.0007293123978052963
NIFTY_MIDCAP_100,2023-11-13,5,0.0002741315029073467,0.004334584566123795,0.07461378168331079,0.9193514802441055,0.001426022003552396
NIFTY_MIDCAP_100,2023-11-15,5,0.00019375355486773502,0.0006551556191133381,0.04547951862349541,0.9529596409314602,0.0007119312710633264
NIFTY_MIDCAP_100,2023-11-16,5,0.00018682313638210783,0.0006598411245306926,0.039296786430288666,0.9501234035291587,0.009733145779639818
NIFTY_MIDCAP_100,2023-11-17,5,0.0002214405239496351,0.000827308993017013,0.02739473974914925,0.9586738161095392,0.012882694624344977
NIFTY_MIDCAP_100,2023-11-20,5,0.00017851155105820098,0.0005240457210832642,0.02064543550638148,0.9668844181007809,0.0117675891206962
NIFTY_MIDCAP_100,2023-11-21,5,0.00031558627169506626,0.0009264478087499208,0.037375901085656374,0.930385158980781,0.03099690585311771
NIFTY_MIDCAP_100,2023-11-22,5,9.5311200194429e-05,0.0002561380324760708,0.01317599478196655,0.03638394422344407,0.9500886117619189
NIFTY_MIDCAP_100,2023-11-23,5,4.4272731437206896e-05,0.0001190254199815744,0.005898555389822328,0.010397358737430711,0.9835407877213281
NIFTY_MIDCAP_100,2023-11-24,5,5.0997506158333515e-05,0.00014678093493398705,0.009165860136849276,0.01198318535278405,0.9786531760692743
NIFTY_MIDCAP_100,2023-11-28,5,4.312839643935122e-05,0.00011052482546194305,0.00899549614323693,0.008124632674844885,0.982726217960017
NIFTY_MIDCAP_100,2023-11-29,5,4.783934960730041e-05,0.0001452258353438432,0.0021561167241367636,0.009001500493648115,0.9886493175972639
NIFTY_MIDCAP_100,2023-12-05,5,4.8067391272970945e-05,0.00012088678120136786,0.0006737621074468581,0.007941762725386574,0.9912155209946922
NIFTY_MIDCAP_100,2023-12-06,5,3.687911444220217e-05,0.00010281898616716933,0.00044698403115184216,0.007205042735092652,0.992208275133146
NIFTY_MIDCAP_100,2023-12-07,5,3.456262228162983e-05,9.996808611556455e-05,0.00034809857418189455,0.007905907289603312,0.9916114634278175
NIFTY_MIDCAP_100,2023-12-08,5,3.246807722314606e-05,8.629404865745012e-05,0.00032710938282221605,0.005106256479998831,0.9944478720112983
NIFTY_MIDCAP_100,2023-12-11,5,2.1165016421789192e-05,5.6434711386413795e-05,0.000221678341064426,0.004577642233606116,0.9951230796975213
NIFTY_MIDCAP_100,2023-12-12,5,2.2546995041487632e-05,6.263771967236583e-05,0.00029165979058084975,0.0076384543310130375,0.9919847011636922
NIFTY_MIDCAP_100,2023-12-13,5,2.4161152909274077e-05,6.98831296712518e-05,0.00027710958563872864,0.008006494547209073,0.9916223515845716
NIFTY_MIDCAP_100,2023-12-14,5,2.7863969148434743e-05,7.429689756125035e-05,0.0003262322959468487,0.007774446749447097,0.9917971600878965
NIFTY_MIDCAP_100,2023-12-18,5,2.1417972322982645e-05,5.8062950776550305e-05,0.00027086405296653155,0.0046020926915183126,0.9950475623324158
NIFTY_MIDCAP_100,2023-12-19,5,2.0142353949131507e-05,5.235505827101205e-05,0.00036344227984825515,0.0051683074787996506,0.994395752829132
NIFTY_MIDCAP_100,2023-12-20,5,2.957565045743846e-05,9.078606085074748e-05,0.0016283554783619932,0.006950591404525902,0.9913006914058038
NIFTY_MIDCAP_100,2023-12-21,5,2.311697628258688e-05,6.0766781506653276e-05,0.0008922909456344731,0.008783234319695656,0.9902405909768808
NIFTY_MIDCAP_100,2023-12-22,5,2.7602075601792382e-05,8.196364169177939e-05,0.0014847348466630512,0.008733628503019676,0.9896720709330237
NIFTY_MIDCAP_100,2023-12-26,5,2.7305552242852444e-05,8.116121427933157e-05,0.0009035536605893483,0.0077712298485605865,0.9912167497243278
NIFTY_MIDCAP_100,2023-12-27,5,4.4380465517668174e-05,0.00011111440930852787,0.00035844837916535036,0.01037599307810967,0.9891100636678989
NIFTY_MIDCAP_100,2023-12-28,5,3.7988777122066015e-05,0.00010055111818273834,0.0004350385449257403,0.012509409354136289,0.9869170122056332
NIFTY_MIDCAP_100,2023-12-29,5,4.016258845704164e-05,0.00010776181916555955,0.00031308410689100943,0.00897875296154968,0.9905602385239367
NIFTY_MIDCAP_100,2024-01-01,5,5.5462999462029345e-05,0.00014327187027060703,0.00039264370276683873,0.01474057888266493,0.9846680425448355
NIFTY_MIDCAP_100,2024-01-02,5,0.00014357742992426504,0.00034721945963538727,0.0011182311405132015,0.032671889256111426,0.9657190827138157
NIFTY_MIDCAP_100,2024-01-03,5,4.621058282580492e-05,0.00011785578278337518,0.000387146565344851,0.012911651386530679,0.9865371356825153
NIFTY_MIDCAP_100,2024-01-04,5,3.7254065040683444e-05,8.885888452881848e-05,0.000429466880037783,0.01144262242331963,0.9880017977470731
NIFTY_MIDCAP_100,2024-01-05,5,6.115262022932494e-05,0.00014380137811800803,0.0005815548571709513,0.016949082560633856,0.9822644085838479
NIFTY_MIDCAP_100,2024-01-08,5,2.9623104894829707e-05,7.301758977986871e-05,0.00033378264936023363,0.009406874527535601,0.9901567021284294
NIFTY_MIDCAP_100,2024-01-09,5,3.831098185247167e-05,9.16835901566754e-05,0.0004610501139542797,0.018989870292963344,0.9804190850210732
NIFTY_MIDCAP_100,2024-01-10,5,3.813558304809289e-05,9.126383604657314e-05,0.0004931523628408213,0.018591357925196877,0.9807860902928676
NIFTY_MIDCAP_100,2024-01-11,5,0.0006286646510255182,0.001577824743911651,0.005663071024123399,0.8983858983198434,0.09374454126109619
NIFTY_MIDCAP_100,2024-01-12,5,0.00018800956319493188,0.0004718670604702786,0.0017794669694140915,0.12145201254165261,0.8761086438652681
NIFTY_MIDCAP_100,2024-01-15,5,0.0003330914971900254,0.0008545998465985722,0.0032003096866595683,0.9609780490079631,0.03463394996158861
NIFTY_MIDCAP_100,2024-01-16,5,0.00034483937908101554,0.0008624688002132008,0.0031515682330518755,0.9618632671570617,0.03377785643059212
NIFTY_MIDCAP_100,2024-01-17,5,0.0003745871331998981,0.0009273432867895438,0.003216347134457915,0.9618663572058823,0.03361536523967039
NIFTY_MIDCAP_100,2024-01-18,5,8.088454845694932e-05,0.00021812409310188245,0.0008017771961889439,0.05046189826711444,0.9484373158951378
NIFTY_MIDCAP_100,2024-01-19,5,0.00048739667892905124,0.001257724463555736,0.004292100931938324,0.9379066810054547,0.05605609692012228
NIFTY_MIDCAP_100,2024-01-23,5,6.32029269804709e-05,0.000392847482836262,0.00794205813269702,0.021120107301896767,0.9704817841555894
NIFTY_MIDCAP_100,2024-01-24,5,3.123609621109394e-05,0.00010064131534222713,0.0013870488255090033,0.011871166497030568,0.9866099072659071
NIFTY_MIDCAP_100,2024-01-25,5,4.180622355736689e-05,0.00015494573026187024,0.0012806282656526709,0.01674427675798564,0.9817783430225425
NIFTY_MIDCAP_100,2024-01-29,5,5.672348983369657e-05,0.00015744122784375897,0.0014937215606784066,0.030301032341091817,0.9679910813805523
NIFTY_MIDCAP_100,2024-01-30,5,5.486867761036645e-05,0.00019284154167308157,0.0037966347571266055,0.009993185394909183,0.9859624696286807
NIFTY_MIDCAP_100,2024-01-31,5,0.0006000975372523081,0.0017070363540909908,0.010885440073058177,0.9540587566448827,0.03274866939071566
NIFTY_MIDCAP_100,2024-02-01,5,0.00011605425990085076,0.00033927173997905284,0.00288557308718289,0.07976012416842057,0.9168989767445166
NIFTY_MIDCAP_100,2024-02-02,5,0.0004117971746173383,0.001238019539915276,0.009562166013133207,0.9695846089103185,0.019203408362015725
NIFTY_MIDCAP_100,2024-02-05,5,0.0004699307027343854,0.0011878718469703114,0.01038073550675727,0.9574329558783172,0.03052850606522077
NIFTY_MIDCAP_100,2024-02-06,5,0.0005586021423891455,0.0014750024482953251,0.0044055458958794725,0.9825534507487479,0.011007398764688195
NIFTY_MIDCAP_100,2024-02-07,5,0.000505604865100636,0.0012671566534215996,0.004636677519994339,0.9781524646830274,0.015438096278455897
NIFTY_MIDCAP_100,2024-02-08,5,0.000382010085779758,0.000993948285159491,0.0036992213694474274,0.9778220899844091,0.01710273027520436
NIFTY_MIDCAP_100,2024-02-09,5,0.00026487364931721214,0.0007013769626427596,0.007776237418032274,0.9794812323862576,0.011776279583749947
NIFTY_MIDCAP_100,2024-02-12,5,0.0002478972752726232,0.005595178639348996,0.021113384168921147,0.9647178007716104,0.0083257391448467
NIFTY_MIDCAP_100,2024-02-13,5,0.0002615831280564128,0.004597370044719164,0.05457892902513872,0.9332215247121998,0.007340593089885778
NIFTY_MIDCAP_100,2024-02-14,5,0.00013973507768319613,0.0008205815057213333,0.020446136746630535,0.9759197958794296,0.00267375079053522
NIFTY_MIDCAP_100,2024-02-15,5,0.0002373204330099484,0.0007333385030256256,0.021089313633393385,0.973791845935044,0.004148181495527152
NIFTY_MIDCAP_100,2024-02-16,5,0.00030209994860917505,0.0008524564741657899,0.011336188167402252,0.9803837911475289,0.007125464262293808
NIFTY_MIDCAP_100,2024-02-19,5,0.0002834739117250974,0.0009863964727636245,0.010814845924053853,0.9835825780425786,0.004332705648879037
NIFTY_MIDCAP_100,2024-02-20,5,0.00033432788445758935,0.0009803365715689643,0.019119170742126698,0.9768359628547127,0.002730201947134139
NIFTY_MIDCAP_100,2024-02-21,5,0.0005496224355256124,0.004648095253102931,0.8678787125273256,0.12147044517307037,0.005453124610975359
NIFTY_MIDCAP_100,2024-02-22,5,0.0003696130188950092,0.0013401996970343023,0.8323125677205749,0.16292691431289827,0.003050705250597358
NIFTY_MIDCAP_100,2024-02-23,5,0.00038935813571362347,0.0011979597813648443,0.04871007642002201,0.9473396204609454,0.0023629852019541654
NIFTY_MIDCAP_100,2024-02-26,5,0.0003042851357050353,0.0010936653238299136,0.09425430038602657,0.9008580262693316,0.0034897228851066713
NIFTY_MIDCAP_100,2024-02-27,5,0.0004112687723915048,0.0013867837698756883,0.13790999960079872,0.8562438507859023,0.004048097071032036
NIFTY_MIDCAP_100,2024-02-28,5,0.00033361459031910006,0.010811020521349319,0.9501546081871501,0.037703649070323544,0.000997107630857888
NIFTY_MIDCAP_100,2024-02-29,5,0.0003839655659394388,0.016065919430951085,0.9544902230629367,0.02801267747928985,0.0010472144608828008
NIFTY_MIDCAP_100,2024-03-01,5,0.0005387685261843552,0.018725546546088902,0.9255209471441747,0.05202732886690653,0.0031874089166453613
NIFTY_MIDCAP_100,2024-03-04,5,0.0005712614138841983,0.0021465288344024182,0.9304631109216567,0.06403599341486667,0.002783105415189996
NIFTY_MIDCAP_100,2024-03-05,5,0.0005588182133609355,0.7507988321435881,0.2287534446577218,0.018741451731378124,0.0011474532539509426
NIFTY_MIDCAP_100,2024-03-06,5,0.0005444493888226789,0.037815977499815745,0.9296350713424836,0.030404291836525623,0.001600209932352409
NIFTY_MIDCAP_100,2024-03-07,5,0.00040508848202956514,0.019645745852676682,0.9576460825951704,0.021619467987084074,0.0006836150830396037
NIFTY_MIDCAP_100,2024-03-11,5,0.00057060468807205,0.030735378668648373,0.9424109150089898,0.024940656844455275,0.001342444789834568
NIFTY_MIDCAP_100,2024-03-12,5,0.0003585251993228703,0.8799943970742468,0.09026498271210731,0.028023031761321298,0.0013590632530016884
NIFTY_MIDCAP_100,2024-03-13,5,0.0007165191638392729,0.864014477863764,0.12771685621868295,0.005721961313660681,0.0018301854400530877
NIFTY_MIDCAP_100,2024-03-14,5,0.00029601865419153395,0.05625290443152907,0.9418720457753319,0.0010813582143014892,0.0004976729246459929
NIFTY_MIDCAP_100,2024-03-15,5,0.000136021722606425,0.035242373266195316,0.9639834068720002,0.0004400378306057713,0.00019816030859217578
NIFTY_MIDCAP_100,2024-03-18,5,0.00011523408022858268,0.010039324760850937,0.9894701404459759,0.00024393225678855674,0.00013136845615600466
NIFTY_MIDCAP_100,2024-03-19,5,0.0001592791659424849,0.01796883775872422,0.980742894923869,0.0008952209397483597,0.0002337672117159079
NIFTY_MIDCAP_100,2024-03-20,5,0.0002229649544020349,0.014337161246940672,0.9843009652436987,0.0009160390152802233,0.0002228695396781702
NIFTY_MIDCAP_100,2024-03-21,5,0.00027506618954733727,0.011153799461654408,0.9874159519859737,0.000789879745556725,0.0003653026172680831
NIFTY_MIDCAP_100,2024-03-22,5,0.0003248953711736283,0.006993080255041148,0.9853514232060305,0.0067230345514227435,0.0006075666163320262
NIFTY_MIDCAP_100,2024-03-26,5,0.00042312626558474925,0.012369956353994441,0.9731584411571648,0.013303821900141505,0.0007446543231145172
NIFTY_MIDCAP_100,2024-03-27,5,0.0006304528847275753,0.02457737699444878,0.9470769672285853,0.02682827276862925,0.0008869301236091381
NIFTY_MIDCAP_100,2024-03-28,5,0.00045985090288606115,0.009408370206615425,0.09292894802814693,0.8964424306590502,0.0007604002033014256
NIFTY_MIDCAP_100,2024-04-01,5,0.00019577470973110859,0.002790693004135687,0.03819117036368851,0.9563090610461592,0.0025133008762853845
NIFTY_MIDCAP_100,2024-04-02,5,0.00010235706618482769,0.0015355242994212967,0.021712166009001686,0.9751345135274438,0.0015154390979484037
NIFTY_MIDCAP_100,2024-04-03,5,0.00014571222605777318,0.0015839984081404564,0.029113795400521857,0.9678981935895291,0.0012583003757508026
NIFTY_MIDCAP_100,2024-04-04,5,0.0001673390174388602,0.004033558962683566,0.037089180512568265,0.9578171631337838,0.000892758373525642
NIFTY_MIDCAP_100,2024-04-05,5,0.0002621988829310202,0.0008871336345816089,0.9025993974023032,0.09367036516015982,0.002580904920024279
NIFTY_MIDCAP_100,2024-04-08,5,0.0002619998638265766,0.0008942294244012091,0.9408507871714695,0.05456618149591918,0.0034268020443835923
NIFTY_MIDCAP_100,2024-04-09,5,0.0003300935654068927,0.007115878982243212,0.9247580491161698,0.0637954477065745,0.004000530629605641
NIFTY_MIDCAP_100,2024-04-10,5,0.0002737680692158138,0.0008739411561180431,0.9492949563616688,0.042307664663884734,0.007249669749112585
NIFTY_MIDCAP_100,2024-04-12,5,0.00029950380869930463,0.0008897339153554525,0.9559552609785124,0.0387244878672112,0.004131013430221765
NIFTY_MIDCAP_100,2024-04-15,5,0.0001580246604156294,0.007258215026985946,0.030772952434047998,0.9601011644900094,0.0017096433885410492
NIFTY_MIDCAP_100,2024-04-16,5,0.00018619809240099457,0.015297045615666801,0.020988415938902695,0.9616687628644264,0.0018595774886031027
NIFTY_MIDCAP_100,2024-04-18,5,0.00012825161508103267,0.013868956863897948,0.015045624991472472,0.9700770687725672,0.0008800977569813932
NIFTY_MIDCAP_100,2024-04-19,5,0.000200310853713234,0.026762671717585368,0.05438316530514915,0.916838698248746,0.0018151538748064089
NIFTY_MIDCAP_100,2024-04-22,5,0.0002245351300587,0.011720615507848394,0.02861798968274647,0.9552454728291518,0.004191386850194656
NIFTY_MIDCAP_100,2024-04-23,5,0.00021707633666816946,0.001174474295815449,0.022815824121567744,0.9695908603881179,0.00620176485783075
NIFTY_MIDCAP_100,2024-04-24,5,0.00018075387556380895,0.002736207077911259,0.021282979838823966,0.9749056353486932,0.0008944238590076526
NIFTY_MIDCAP_100,2024-04-25,5,0.00027067580643867236,0.0016645649811008506,0.041288759816294325,0.9458369783773185,0.01093902101884761
NIFTY_MIDCAP_100,2024-04-26,5,0.00028844303383120177,0.0023531191326711903,0.0874663421740393,0.9075652301586074,0.002326865500851059
NIFTY_MIDCAP_100,2024-04-29,5,0.0004424638592360558,0.0011731997715548595,0.9168339528167124,0.07585943407336303,0.005690949479133486
NIFTY_MIDCAP_100,2024-04-30,5,0.0002507178163699632,0.0006876486928475132,0.9662124882189134,0.03100664079257433,0.0018425044792950804
NIFTY_MIDCAP_100,2024-05-02,5,0.000275452361741802,0.0007921830484605999,0.9563177341785114,0.03496239689714003,0.007652233514146242
NIFTY_MIDCAP_100,2024-05-03,5,0.00040198357111472487,0.0011382328261266164,0.9189754616965464,0.0721689778986245,0.007315344007587654
NIFTY_MIDCAP_100,2024-05-06,5,0.0005030944285134836,0.005994583536155676,0.9097290624888165,0.07613654385485719,0.007636715691657306
NIFTY_MIDCAP_100,2024-05-07,5,0.00024053777593748446,0.017348890663312022,0.04152410426427223,0.9326811098342058,0.008205357462272373
NIFTY_MIDCAP_100,2024-05-08,5,0.00021141973495849623,0.01207690152793399,0.03190995704645658,0.9438890911899975,0.011912630500653582
NIFTY_MIDCAP_100,2024-05-09,5,0.0004406358925456837,0.023343305609007162,0.05615560572428581,0.881185322935806,0.03887512983835542
NIFTY_MIDCAP_100,2024-05-10,5,9.930607100101148e-05,0.006650840037300672,0.03323626410423244,0.022656047974453346,0.9373575418130126
NIFTY_MIDCAP_100,2024-05-13,5,5.2779057134807374e-05,0.0038027384447993314,0.007075329233322042,0.02345818123735972,0.965610972027384
NIFTY_MIDCAP_100,2024-05-14,5,6.070047902173276e-05,0.002020633993560421,0.005910752122924045,0.041387111538051205,0.9506208018664426
NIFTY_MIDCAP_100,2024-05-15,5,3.20370804210813e-05,0.0006676269982751272,0.004128496768722563,0.015645291772448798,0.9795265473801325
NIFTY_MIDCAP_100,2024-05-16,5,7.23099421388916e-05,0.00042641121828722073,0.007663281977117333,0.026769263516533064,0.9650687333459235
NIFTY_MIDCAP_100,2024-05-17,5,0.00039759961685551605,0.0009767556784514725,0.05597669624999991,0.9130077685824979,0.029641179872195434
NIFTY_MIDCAP_100,2024-05-21,5,0.0003923869740938282,0.000992533576556831,0.06221760573524106,0.91139156150665,0.025005912207458254
NIFTY_MIDCAP_100,2024-05-22,5,0.0003833628965105812,0.000999604387317626,0.03342124024036599,0.9423511308770314,0.022844661598774546
NIFTY_MIDCAP_100,2024-05-23,5,0.0001237599842685715,0.0003246332668465106,0.015006245129958955,0.13979989770649798,0.8447454639124281
NIFTY_MIDCAP_100,2024-05-24,5,0.000398291315896948,0.0010608862436056535,0.04331628453949135,0.8762489808659736,0.07897555703503258
NIFTY_MIDCAP_100,2024-05-27,5,9.599460742898484e-05,0.00024980755698697445,0.017575349979429368,0.05821483049646405,0.9238640173596907
NIFTY_MIDCAP_100,2024-05-28,5,0.0006409234693978696,0.0016351939996395093,0.1027697194410903,0.8750567362783019,0.019897426811570418
NIFTY_MIDCAP_100,2024-05-29,5,0.000671789540115779,0.0017030422322432048,0.7747906098040767,0.20767627754073661,0.01515828088282775
NIFTY_MIDCAP_100,2024-05-30,5,0.0003089855203943195,0.008275896957110196,0.036335099103077015,0.9478307017461453,0.0072493166732733655
NIFTY_MIDCAP_100,2024-05-31,5,0.0004927813019799651,0.0013568993597140968,0.06456487687866959,0.9175742782918498,0.016011164167786467
NIFTY_MIDCAP_100,2024-06-03,5,0.00029052515510785416,0.0007884611303097161,0.01705251611049636,0.9554904961550896,0.02637800144899651
NIFTY_MIDCAP_100,2024-06-04,5,0.00047876933419835934,0.0013187098737427428,0.048876609186643966,0.8820470575516532,0.06727885405376174
NIFTY_MIDCAP_100,2024-06-05,5,8.056133645077356e-05,0.00728739713994369,0.0071843024804844,0.020733572383000397,0.9647141666601209
NIFTY_MIDCAP_100,2024-06-06,5,6.981436257745542e-05,0.007927571001284852,0.005165639616543811,0.023000458160817104,0.9638365168587768
NIFTY_MIDCAP_100,2024-06-07,5,4.548882848296818e-05,0.0001292401568885586,0.005782081162152078,0.01750616726621746,0.976537022586259
NIFTY_MIDCAP_100,2024-06-10,5,3.3467394639483916e-05,9.57959869153524e-05,0.0031456946570681894,0.01191798916733811,0.9848070527940389
NIFTY_MIDCAP_100,2024-06-11,5,4.9582274051485803e-05,0.00012653046564782566,0.0047254369028011676,0.03048925760543204,0.9646091927520676
NIFTY_MIDCAP_100,2024-06-12,5,0.0001270177364968022,0.0003200287968158337,0.009486628466484702,0.07204740579378055,0.9180189192064222
NIFTY_MIDCAP_100,2024-06-13,5,0.0003445254546109553,0.0007884543804693508,0.013288769514798017,0.923153386033148,0.06242486461697358
NIFTY_MIDCAP_100,2024-06-20,5,0.00030381589177949343,0.0007547199993575362,0.008049496326010087,0.9520357682381677,0.03885619954468498
NIFTY_MIDCAP_100,2024-06-21,5,0.0006446651559441214,0.0015871740267606046,0.013471255479455045,0.9170144735530144,0.06728243178482582
NIFTY_MIDCAP_100,2024-06-24,5,0.00018053272974313505,0.0004444739365645697,0.0039408275097259846,0.11193353239344048,0.8835006334305258
NIFTY_MIDCAP_100,2024-06-25,5,0.0010609012929829898,0.0026606664389801486,0.03780451533633912,0.8760138066450487,0.08246011028664915
NIFTY_MIDCAP_100,2024-06-26,5,8.241236454696858e-05,0.00026200303305288873,0.003164216376226572,0.02043396680317542,0.9760574014229982
NIFTY_MIDCAP_100,2024-06-27,5,0.00011854395118630232,0.0003011547307639468,0.0041192817705729525,0.04721979118149492,0.948241228365982
NIFTY_MIDCAP_100,2024-06-28,5,3.785222994924154e-05,0.00010419350542408234,0.0013365316654655242,0.010628024672453855,0.9878933979267073
NIFTY_MIDCAP_100,2024-07-01,5,2.9746954638079236e-05,8.69111288396568e-05,0.0007415835781210036,0.012998814778286134,0.986142943560115
NIFTY_MIDCAP_100,2024-07-02,5,3.7683624881576806e-05,0.00011664894152550301,0.0010988206391852758,0.00864149766784463,0.9901053491265631
NIFTY_MIDCAP_100,2024-07-03,5,3.704847606714051e-05,9.268172324238256e-05,0.0013950943182565517,0.008508893323488509,0.9899662821589456
NIFTY_MIDCAP_100,2024-07-04,5,3.0746723121021016e-05,7.799235705621316e-05,0.0012803840857385379,0.0116410389421173,0.986969837891967
NIFTY_MIDCAP_100,2024-07-05,5,7.179738336363876e-05,0.00018994774907645098,0.0011234790869140557,0.026860440584838743,0.9717543351958072
NIFTY_MIDCAP_100,2024-07-08,5,3.163800590597443e-05,7.891276479525399e-05,0.0005013958737388058,0.010073041860441237,0.9893150114951188
NIFTY_MIDCAP_100,2024-07-09,5,3.414539750359859e-05,8.882652161480077e-05,0.0003626583438615867,0.012975558789055791,0.9865388109479644
NIFTY_MIDCAP_100,2024-07-10,5,0.00011646647408146456,0.00033525428511369665,0.0021828817236290415,0.04392923980472406,0.9534361577124517
NIFTY_MIDCAP_100,2024-07-11,5,0.0006198532714647393,0.001540573918806758,0.0051493980861853006,0.9334097948320075,0.05928037989153569
NIFTY_MIDCAP_100,2024-07-12,5,0.00047254357044397663,0.0012167701407715691,0.005173958021773465,0.9612189807531747,0.03191774751383644
NIFTY_MIDCAP_100,2024-07-15,5,0.0005309255050035578,0.0013414974259011762,0.004454425118056846,0.9268126619103811,0.06686049004065701
NIFTY_MIDCAP_100,2024-07-16,5,0.00010140205491330497,0.0002984575622540269,0.0009660660049970994,0.07951365929932401,0.9191204150785116
NIFTY_MIDCAP_100,2024-07-18,5,0.00042458455442128285,0.0010298733531688977,0.010071275515985804,0.9527952396915895,0.035679026884834646
NIFTY_MIDCAP_100,2024-07-19,5,6.205121866130512e-05,0.0005021930909419941,0.0035848436548041158,0.03691527473785374,0.9589356372977388
NIFTY_MIDCAP_100,2024-07-22,5,5.698484038111328e-05,0.0002780447275881163,0.002961408371381796,0.02978944934844444,0.9669141127122044
NIFTY_MIDCAP_100,2024-07-23,5,4.652259280673481e-05,0.0008938478072410126,0.004616116339033706,0.02160656703993891,0.9728369462209795
NIFTY_MIDCAP_100,2024-07-24,5,3.390437489239722e-05,8.717070783044502e-05,0.0037579310251273476,0.02030411382651586,0.975816880065634
NIFTY_MIDCAP_100,2024-07-25,5,3.246019096200977e-05,0.0001547078707625799,0.0038934924228580135,0.019045863737807003,0.9768734757776103
NIFTY_MIDCAP_100,2024-07-26,5,6.150975377826672e-05,0.00017018689370047228,0.004537539353376815,0.04684648151510583,0.9483842824840385
NIFTY_MIDCAP_100,2024-07-29,5,0.0004707629515272569,0.001082279417317684,0.04686354215468169,0.9299620437379849,0.02162137173848857
NIFTY_MIDCAP_100,2024-07-30,5,0.0008750461476217278,0.0019845244366760106,0.6046830059820636,0.3667978587905173,0.025659564643121486
NIFTY_MIDCAP_100,2024-07-31,5,0.0005258593131910964,0.0013577476821750693,0.005585740379411842,0.9508895581555473,0.04164109446967473
NIFTY_MIDCAP_100,2024-08-01,5,0.0003134673485711593,0.0008054579429601623,0.011563090276302493,0.9697559337414691,0.017562050690697155
NIFTY_MIDCAP_100,2024-08-02,5,0.0003495383992190891,0.0008160087286940638,0.011795221352109095,0.9668836933575553,0.020155538162422416
NIFTY_MIDCAP_100,2024-08-05,5,0.00019133303064694838,0.005302116693863755,0.016683279757957276,0.9719776111509892,0.005845659366542582
NIFTY_MIDCAP_100,2024-08-06,5,0.000492167337121374,0.022770625167889816,0.0588331593737443,0.9094200106660578,0.008484037455186623
NIFTY_MIDCAP_100,2024-08-07,5,0.00019399686947757362,0.003258131113447751,0.014379010616328831,0.9640214387927923,0.018147422607953583
NIFTY_MIDCAP_100,2024-08-08,5,0.000184504067809362,0.00286427406331603,0.021997271936350045,0.9605771897857531,0.014376760146771366
NIFTY_MIDCAP_100,2024-08-09,5,0.00017079121789315894,0.005584298493246427,0.01924303151232475,0.9618731955977234,0.013128683178812387
NIFTY_MIDCAP_100,2024-08-12,5,0.0002652597528234353,0.012412928872261472,0.03452363356828251,0.9212582638761534,0.03153991393047929
NIFTY_MIDCAP_100,2024-08-13,5,5.714950936371842e-05,0.0009050784725308482,0.004938615327055489,0.04999151333058642,0.9441076433604636
NIFTY_MIDCAP_100,2024-08-14,5,0.00010122498145464195,0.0034748063425865346,0.01159222145518929,0.010483769126546699,0.9743479780942229
NIFTY_MIDCAP_100,2024-08-16,5,6.489091687594317e-05,0.0015858821935292769,0.0056195333391608,0.03135071973383329,0.9613789738166005
NIFTY_MIDCAP_100,2024-08-19,5,5.126718944738833e-05,0.00047824284462240466,0.003931960453273426,0.025993320132961174,0.9695452093796956
NIFTY_MIDCAP_100,2024-08-20,5,4.704267207861738e-05,0.0002599077719713418,0.003885998707750019,0.017624221825269234,0.9781828290229307
NIFTY_MIDCAP_100,2024-08-21,5,7.364773343855435e-05,0.0009003238147914087,0.006723709745064901,0.04117575703201234,0.9511265616746929
NIFTY_MIDCAP_100,2024-08-22,5,0.00010686249130391276,0.0003002594742925198,0.008332847384496847,0.07545914677423045,0.9158008838756763
NIFTY_MIDCAP_100,2024-08-23,5,0.0002522634373500317,0.0044673034029282625,0.022178017146706495,0.944810359648105,0.02829205636491024
NIFTY_MIDCAP_100,2024-08-26,5,0.0003261083459417947,0.0008004938107181262,0.0394151504926436,0.9362099382440585,0.023248309106638037
NIFTY_MIDCAP_100,2024-08-27,5,0.0002626013504282056,0.0006215771718280244,0.03352531806880821,0.9500737153997684,0.015516788009167016
NIFTY_MIDCAP_100,2024-08-28,5,0.00022066255810745087,0.0005223080862802536,0.034315210152886404,0.9533179326502585,0.011623886552467488
NIFTY_MIDCAP_100,2024-08-29,5,0.0002039353809137786,0.0004971229537402586,0.03440993399616894,0.9582975876949638,0.006591419974213258
NIFTY_MIDCAP_100,2024-08-30,5,0.0006052088868372197,0.0016036326019041752,0.7683344531497676,0.2201351290828595,0.009321576278631545
NIFTY_MIDCAP_100,2024-09-02,5,0.0004622592795902418,0.0012392628915989543,0.15312285806340734,0.8413227741548595,0.0038528456105438374
NIFTY_MIDCAP_100,2024-09-03,5,0.0003418348080762036,0.0009252684701523214,0.1423459123391333,0.8532126499778317,0.0031743344048065438
NIFTY_MIDCAP_100,2024-09-04,5,0.000696135179839461,0.0020419400725846825,0.7035206587390097,0.28934031546136935,0.004400950547196836
NIFTY_MIDCAP_100,2024-09-05,5,0.0002501800225623835,0.0007100465242809913,0.05638302813367419,0.9403513435327396,0.0023054017867427854
NIFTY_MIDCAP_100,2024-09-06,5,0.00018937017178985387,0.0043866497447995235,0.053819166848686484,0.9389709331407892,0.0026338800939351295
NIFTY_MIDCAP_100,2024-09-09,5,0.00026550966497165406,0.005867352446697537,0.04919588017243614,0.9324152715908318,0.012255986125063064
NIFTY_MIDCAP_100,2024-09-10,5,0.00022515201101898109,0.003793260770449886,0.05676345364827036,0.9376188952908427,0.0015992382794181303
NIFTY_MIDCAP_100,2024-09-11,5,0.00026774260344302023,0.0076733637573061534,0.07935192781200529,0.9113794841483903,0.0013274816788552103
NIFTY_MIDCAP_100,2024-09-12,5,0.00029243416421635823,0.0008548104582202705,0.045328729312075156,0.9523357363409521,0.0011882897245358327
NIFTY_MIDCAP_100,2024-09-13,5,0.0002539508080421543,0.0008812583280946198,0.05194758069334233,0.9459429322892301,0.0009742778812908183
NIFTY_MIDCAP_100,2024-09-16,5,0.00031899677005929237,0.000920970954804798,0.06519387632247492,0.9321453365986895,0.0014208193539716827
NIFTY_MIDCAP_100,2024-09-17,5,0.00046858844818740736,0.0012697995578021435,0.09552875846039133,0.9008798315627246,0.0018530219708945677
NIFTY_MIDCAP_100,2024-09-18,5,0.00041756109057820634,0.004558879677136629,0.10364653785944164,0.8903129335033682,0.0010640878694754999
NIFTY_MIDCAP_100,2024-09-19,5,0.0003181220662232743,0.0027275750010221714,0.9157179700524175,0.0794892518573378,0.0017470810229990356
NIFTY_MIDCAP_100,2024-09-20,5,0.0004848781070179481,0.0015183250872370247,0.9340564703182782,0.06078140089706386,0.003158925590402979
NIFTY_MIDCAP_100,2024-09-25,5,0.00033034579348798523,0.0009934270376541253,0.9682867830446802,0.02926497974989489,0.001124464374282529
NIFTY_MIDCAP_100,2024-09-26,5,0.0001356881451191253,0.00044631249890727506,0.9840675835305498,0.014808184905903493,0.0005422309195204649
NIFTY_MIDCAP_100,2024-09-27,5,0.00017553600373421263,0.0005313912953130622,0.9832094968175359,0.015584338756220327,0.0004992371271962659
NIFTY_MIDCAP_100,2024-09-30,5,0.0002472625467008868,0.0036535435411007835,0.9441977655797601,0.05083134151426653,0.0010700868181716355
NIFTY_MIDCAP_100,2024-10-01,5,0.00025263278835620446,0.004912771267142391,0.9699719621366875,0.02315281307146005,0.0017098207363535614
NIFTY_MIDCAP_100,2024-10-03,5,0.0002591117736008097,0.028423044316392903,0.95730880695258,0.011290955723366079,0.0027180812340600936
NIFTY_MIDCAP_100,2024-10-04,5,0.0003755100733147451,0.038921968883827915,0.9457450966161655,0.013869147084293904,0.0010882773423979562
NIFTY_MIDCAP_100,2024-10-07,5,0.0006589214834698302,0.06748022458735677,0.919061861582972,0.011667503011316308,0.0011314893348849384
NIFTY_MIDCAP_100,2024-10-08,5,0.0003001530160747418,0.022670201375409427,0.9528122548027295,0.023656726159984584,0.000560664645801686
NIFTY_MIDCAP_100,2024-10-09,5,0.00023214974838505124,0.006147342629970219,0.9778445295741505,0.015126859784519105,0.0006491182629754331
NIFTY_MIDCAP_100,2024-10-10,5,0.00029547427547388307,0.019776543030988237,0.9644314378909445,0.0147187536977623,0.0007777911048310674
NIFTY_MIDCAP_100,2024-10-11,5,0.00035457132342000283,0.043656350496048,0.9263070878402473,0.02729025326981205,0.0023917370704726985
NIFTY_MIDCAP_100,2024-10-14,5,0.00034620988138546585,0.07208396014902785,0.8770258779327418,0.046414597240848635,0.004129354795996355
NIFTY_MIDCAP_100,2024-10-15,5,0.00025577638442448995,0.896758204426101,0.06752245316403672,0.0329460963541664,0.002517469671271411
NIFTY_MIDCAP_100,2024-10-16,5,0.00014170819485799985,0.9382140562313528,0.043290368803298826,0.01731135881113508,0.0010425079593552307
NIFTY_MIDCAP_100,2024-10-17,5,0.00018818279161824625,0.9375897224108993,0.05970256195550092,0.0018242617438073245,0.000695271098174294
NIFTY_MIDCAP_100,2024-10-18,5,0.00016679811563978354,0.9186530607774971,0.07726939925335573,0.0035183227741891507,0.000392419079318407
NIFTY_MIDCAP_100,2024-10-21,5,0.00014834756028612414,0.9482886546438103,0.050166190276549796,0.0011718377650575876,0.00022496975429607256
NIFTY_MIDCAP_100,2024-10-22,5,0.0009984183422888598,0.9053121751451774,0.09292504680673286,0.0005195883673969636,0.00024477133840401923
NIFTY_MIDCAP_100,2024-10-23,5,0.001985540091755193,0.19457985954876333,0.8008242645692064,0.002034641312127613,0.0005756944781474923
NIFTY_MIDCAP_100,2024-10-24,5,0.0007053149116492835,0.914865827145893,0.0826893802931504,0.0013731265085529492,0.00036635114075423585
NIFTY_MIDCAP_100,2024-10-25,5,0.0011618114178787477,0.9563309501053918,0.039812559285276786,0.0023231982163469935,0.0003714809751057411
NIFTY_MIDCAP_100,2024-10-28,5,0.001064626398836605,0.9836164002671347,0.011812020995084284,0.003178457619601216,0.00032849471934320276
NIFTY_MIDCAP_100,2024-10-29,5,0.0012762669514632594,0.9766201027279158,0.01992020151588509,0.001699537428366513,0.00048389137636937357
NIFTY_MIDCAP_100,2024-10-30,5,0.0008627439451517367,0.9847740759284053,0.012823380168156021,0.0011145520447874615,0.00042524791349946175
NIFTY_MIDCAP_100,2024-10-31,5,0.00043461161578015045,0.9872688201650762,0.011079674352964915,0.0009515053635056224,0.0002653885026729074
NIFTY_MIDCAP_100,2024-11-01,5,0.00030945907599042396,0.9832251449998527,0.014757320298715423,0.0013961642824204701,0.00031191134302075574
NIFTY_MIDCAP_100,2024-11-04,5,0.0004672698941347154,0.9852544752672148,0.012326439188834429,0.001694779534615755,0.00025703611520014693
NIFTY_MIDCAP_100,2024-11-05,5,0.0007454631469366281,0.9880763846606953,0.009331015132180894,0.0015328550247066812,0.0003142820354806276
NIFTY_MIDCAP_100,2024-11-06,5,0.0003768259953786176,0.9238998304967887,0.07056323247414979,0.004378271121272354,0.0007818399124105473
NIFTY_MIDCAP_100,2024-11-07,5,0.00024311945921750075,0.9293014671829032,0.0669641849803146,0.0031192847774875986,0.0003719436000771795
NIFTY_MIDCAP_100,2024-11-08,5,0.0010292146762431805,0.9816654631622876,0.016067045679706727,0.000987115931111464,0.0002511605506507587
NIFTY_MIDCAP_100,2024-11-11,5,0.0005545636850332351,0.9842291012594262,0.013943141164580673,0.0010128822955071141,0.0002603115954528138
NIFTY_MIDCAP_100,2024-11-12,5,0.002132963043714166,0.9820457283513404,0.01460319036057141,0.0009404757780077768,0.00027764246636625896
NIFTY_MIDCAP_100,2024-11-13,5,0.0028467546267709563,0.9725005579664117,0.022651387834491766,0.0017849781117336965,0.0002163214605919192
NIFTY_MIDCAP_100,2024-11-14,5,0.0021799960311870824,0.9817209149108551,0.014794863688399123,0.0010846688832320533,0.00021955648632677677
NIFTY_MIDCAP_100,2024-11-18,5,0.0022439380806403165,0.982477910978905,0.014270749212836586,0.0008362086984697287,0.00017119302914836684
NIFTY_MIDCAP_100,2024-11-19,5,0.001973814795566654,0.9247669074203639,0.07177716623377609,0.001194758055020529,0.0002873534952730548
NIFTY_MIDCAP_100,2024-11-21,5,0.010541414465023524,0.1657508645234924,0.8193093504431926,0.003753794961873603,0.0006445756064179278
NIFTY_MIDCAP_100,2024-11-22,5,0.010204313997840391,0.882648504889804,0.0983626692873677,0.008144875365217618,0.0006396364597701993
NIFTY_MIDCAP_100,2024-11-25,5,0.0013140756223835228,0.03933324576408315,0.952544161525245,0.002366796317325635,0.004441720770962763
NIFTY_MIDCAP_100,2024-11-26,5,0.001042270033736671,0.02991337453969219,0.9646167582782917,0.002416404548134184,0.0020111926001452405
NIFTY_MIDCAP_100,2024-11-27,5,0.0013680438179361324,0.02980673758416535,0.9642428839034776,0.003235332466872575,0.0013470022275481998
NIFTY_MIDCAP_100,2024-11-28,5,0.0009239228317284056,0.01870685017314845,0.9767905728396424,0.0031325844509976788,0.0004460697044829983
NIFTY_MIDCAP_100,2024-11-29,5,0.00728931839203937,0.02989825491734195,0.9551338052895247,0.006823388209754853,0.0008552331913390082
NIFTY_MIDCAP_100,2024-12-02,5,0.0005768683261384368,0.033337519141524004,0.8993857652464521,0.059596458713133765,0.007103388572751777
NIFTY_MIDCAP_100,2024-12-03,5,0.00031778737125400604,0.0051337328254746194,0.06224558122928355,0.9295271906102095,0.002775707963778185
NIFTY_MIDCAP_100,2024-12-04,5,0.00014684205945198674,0.00229528212239423,0.021190295890959897,0.9752687748111474,0.0010988051160463182
NIFTY_MIDCAP_100,2024-12-05,5,0.00015755682517407276,0.0021578568209489365,0.029147374364568414,0.965153380197877,0.003383831791431526
NIFTY_MIDCAP_100,2024-12-06,5,0.00015347228301170715,0.0017393223375340963,0.021705460663347213,0.9745991003496097,0.0018026443664972227
NIFTY_MIDCAP_100,2024-12-09,5,0.00022156611179934363,0.002135596744128395,0.06644386026747061,0.9293156243248246,0.0018833525517769672
NIFTY_MIDCAP_100,2024-12-10,5,0.0003601543937195413,0.0027679873470993353,0.05909376896531949,0.9337257157687675,0.004052373525094044
NIFTY_MIDCAP_100,2024-12-11,5,0.00039140678276043363,0.0034454777699540477,0.9239136185705182,0.06283534593652178,0.00941415094024548
NIFTY_MIDCAP_100,2024-12-12,5,0.0003117500797742104,0.003869719797721415,0.9563156920999689,0.036676818580789285,0.0028260194417462285
NIFTY_MIDCAP_100,2024-12-13,5,0.00023097918259176845,0.00341036840883841,0.9772270909927641,0.017892332183616994,0.0012392292321889782
NIFTY_MIDCAP_100,2024-12-16,5,0.00043797295426084635,0.004040650003773088,0.9642308652152382,0.026207018218077797,0.005083493608650138
NIFTY_MIDCAP_100,2024-12-17,5,0.00025144106625981483,0.0050423206416647486,0.9756118993840098,0.017997383315230816,0.0010969555928347211
NIFTY_MIDCAP_100,2024-12-18,5,0.00024652437998035623,0.004817964753269794,0.9692009892037616,0.0242725517606995,0.0014619699022887021
NIFTY_MIDCAP_100,2024-12-19,5,0.00028131530218326444,0.007390089038031942,0.9657373362980266,0.023978624021445655,0.002612635340312803
NIFTY_MIDCAP_100,2024-12-20,5,0.00047572462839541417,0.01952253740846622,0.9651997639244797,0.014176329749701894,0.0006256442889568315
NIFTY_MIDCAP_100,2024-12-23,5,0.0005234601491691752,0.013840864142969051,0.9638280089206801,0.021113961378977492,0.0006937054082039461
NIFTY_MIDCAP_100,2024-12-24,5,0.0004008011067277527,0.015042934759737038,0.9797571903394624,0.004344231017781103,0.00045484277629171223
NIFTY_MIDCAP_100,2024-12-26,5,0.0005676561689327708,0.017340765653535536,0.9711347298247021,0.010530605661605635,0.0004262426912241004
NIFTY_MIDCAP_100,2024-12-27,5,0.0006334362645663024,0.023486512694398724,0.9684355863200782,0.006879890344685466,0.0005645743762714173
NIFTY_MIDCAP_100,2024-12-30,5,0.0009807077947721263,0.031533767583417444,0.9588546517902001,0.007272778655360893,0.0013580941762493632
NIFTY_MIDCAP_100,2024-12-31,5,0.0010185428600205137,0.024932631967506752,0.9651733505567832,0.00772218472790752,0.0011532898877819055
NIFTY_MIDCAP_100,2025-01-01,5,0.0008350104733869914,0.03787080027961147,0.9452582147855215,0.013597045343016374,0.0024389291184637382
NIFTY_MIDCAP_100,2025-01-02,5,0.000480325481378392,0.8592548787520177,0.13221548195939178,0.007382998573689713,0.0006663152335225335
NIFTY_MIDCAP_100,2025-01-03,5,0.0004635337624539476,0.89119973821947,0.09422786258066246,0.013341101865987356,0.0007677635714262313
NIFTY_MIDCAP_100,2025-01-06,5,0.9244162744672919,0.05561663678695702,0.018927764462185144,0.0008590584194332631,0.0001802658641327376
NIFTY_MIDCAP_100,2025-01-07,5,0.9501733584470897,0.01591034362698317,0.033341435442045035,0.0004275915676067083,0.00014727091627521886
NIFTY_MIDCAP_100,2025-01-08,5,0.028134337824077153,0.8899925856120499,0.07818269224039616,0.0027198332055018925,0.0009705511179749607
NIFTY_MIDCAP_100,2025-01-09,5,0.00778203561996786,0.9333873635928027,0.0567612067717309,0.001571628513375354,0.0004977655021231079
NIFTY_MIDCAP_100,2025-01-10,5,0.017178495375035234,0.9147448257181199,0.06562562487115663,0.0019880363485193604,0.00046301768716899535
NIFTY_MIDCAP_100,2025-01-14,5,0.9821065655817575,0.006843003787294448,0.010358428809923803,0.000592878325447489,9.91234955767325e-05
NIFTY_MIDCAP_100,2025-01-15,5,0.9867337186943045,0.005262956008737925,0.0076013699788126275,0.0003334257807816751,6.8529537363266e-05
NIFTY_MIDCAP_100,2025-01-16,5,0.9894914637378006,0.0031838202156858927,0.006977015664372347,0.0002983725534744727,4.932782866662364e-05
NIFTY_MIDCAP_100,2025-01-17,5,0.9837041001205651,0.011528587409770303,0.004557733754406464,0.000165538155720835,4.404055953731271e-05
NIFTY_MIDCAP_100,2025-01-20,5,0.9612180636856892,0.01829742502724605,0.01899655660043911,0.000430929733698746,0.001057024952926911
NIFTY_MIDCAP_100,2025-01-21,5,0.9793967116401174,0.007090299210536918,0.013231617060664676,0.00019181690489486944,8.955518378615979e-05
NIFTY_MIDCAP_100,2025-01-22,5,0.9863474464207502,0.0073122336323753,0.006175265248083047,0.00011039723060364506,5.4657468187794085e-05
NIFTY_MIDCAP_100,2025-01-23,5,0.9922276876669089,0.0035840035943572393,0.004105951638792264,5.6764780211786325e-05,2.5592319729931023e-05
NIFTY_MIDCAP_100,2025-01-24,5,0.9865915507734097,0.009653967452420514,0.003634120362445813,8.030213019456289e-05,4.0059281529488914e-05
NIFTY_MIDCAP_100,2025-01-29,5,0.9910961229249562,0.0077920439372424375,0.0009789590119468063,8.48024416601619e-05,4.8071684194303705e-05
NIFTY_MIDCAP_100,2025-01-30,5,0.9913224612232553,0.007724570028279968,0.0008515834059265325,6.180682559929033e-05,3.957851693891409e-05
NIFTY_MIDCAP_100,2025-01-31,5,0.993637230197145,0.004422868748320467,0.001784383451489713,0.00010758193896352374,4.793566408120431e-05
NIFTY_MIDCAP_100,2025-02-01,5,0.9904158529836716,0.007896381523630345,0.001568453079887822,8.370430810724441e-05,3.5608104703003295e-05
NIFTY_MIDCAP_100,2025-02-03,5,0.9820463672281922,0.01640813772018354,0.0013904838531500284,0.00010301012334074314,5.200107513360224e-05
NIFTY_MIDCAP_100,2025-02-04,5,0.9897301097631839,0.007093556218618078,0.003000807076720086,0.00012156796193551851,5.3958979542607055e-05
NIFTY_MIDCAP_100,2025-02-05,5,0.9803892184610496,0.013336833798744861,0.005963835541792519,0.00021660211690929823,9.351008150372318e-05
NIFTY_MIDCAP_100,2025-02-06,5,0.9926132817283858,0.006163512393385438,0.0011545954484364685,4.820912685065599e-05,2.040130294166371e-05
NIFTY_MIDCAP_100,2025-02-07,5,0.9906047766793183,0.0065221011006379144,0.002761384667432217,7.716452633353232e-05,3.457302627804268e-05
NIFTY_MIDCAP_100,2025-02-10,5,0.9888692373314173,0.010117356011116753,0.0008836620640726763,8.600633963648299e-05,4.373825375686498e-05
NIFTY_MIDCAP_100,2025-02-11,5,0.9877412925649891,0.010697647692691353,0.001408915067565905,0.00010569288249673708,4.645179225684429e-05
NIFTY_MIDCAP_100,2025-02-13,5,0.9912307946402397,0.007478489209635292,0.0011938301005787683,6.539557142410513e-05,3.149047812206778e-05
NIFTY_MIDCAP_100,2025-02-18,5,0.9944148235128029,0.004857321700889942,0.0005614912330971485,0.00011051902042512482,5.5844532784779744e-05
NIFTY_MIDCAP_100,2025-02-19,5,0.9957627008621612,0.0035395948314587765,0.0005839324613098763,9.515661209012645e-05,1.8615232980154805e-05
NIFTY_MIDCAP_100,2025-02-20,5,0.9952463485005247,0.004135038416381634,0.0005245112633616986,7.222388508141167e-05,2.187793465058594e-05
NIFTY_MIDCAP_100,2025-02-21,5,0.9965104291471574,0.002594566802153173,0.0008096309291458784,6.62520575142564e-05,1.9121064029149315e-05
NIFTY_MIDCAP_100,2025-02-24,5,0.9901969323265062,0.00889212795323847,0.0007386357645330916,0.00013090448273383722,4.139947298854593e-05
NIFTY_MIDCAP_100,2025-02-25,5,0.9941779385779191,0.0049097292174819646,0.0007978687407605746,7.944304084420011e-05,3.502042299409294e-05
NIFTY_MIDCAP_100,2025-02-27,5,0.9955178792955127,0.0040490504093322775,0.0003600111414180528,4.9202800590973826e-05,2.3856353146176686e-05
NIFTY_MIDCAP_100,2025-03-04,5,0.9907673274376214,0.008647069556269123,0.0004104231556507699,0.00013955605410367363,3.562379635498395e-05
NIFTY_MIDCAP_100,2025-03-05,5,0.9972619178857367,0.0023454388403301605,0.0003399977760423958,3.5552498174072816e-05,1.7092999716708036e-05
NIFTY_MIDCAP_100,2025-03-06,5,0.9975167368521517,0.0019426640720731517,0.0004677274179398409,5.050478810873745e-05,2.2366869726660366e-05
NIFTY_MIDCAP_100,2025-03-07,5,0.9948176565378392,0.004586470277836871,0.00047915742834526705,9.124599524173562e-05,2.5469760736872652e-05
NIFTY_MIDCAP_100,2025-03-10,5,0.9923807247019383,0.0070947084793371255,0.00040704917423534326,9.288606881118477e-05,2.463157567819173e-05
NIFTY_MIDCAP_100,2025-03-11,5,0.97253221528153,0.025255453319096746,0.0018704110040902264,0.00024376184610522627,9.815854917790717e-05
NIFTY_MIDCAP_100,2025-03-12,5,0.9548573702249962,0.04228748950381537,0.002503729836540753,0.00024789624558167495,0.00010351418906596105
NIFTY_MIDCAP_100,2025-03-13,5,0.05096739479428348,0.942162915464825,0.005382590566054322,0.001046881806766326,0.00044021736807065546
NIFTY_MIDCAP_100,2025-03-17,5,0.023103299143189843,0.9667488712765077,0.008523778374974962,0.0011038769506198376,0.0005201742547076232
NIFTY_MIDCAP_100,2025-03-18,5,0.008391149912471224,0.9856972826426895,0.005038749146112648,0.0005964863541799212,0.00027633194454663946
NIFTY_MIDCAP_100,2025-03-19,5,0.007850346445015637,0.9776342357286825,0.013048916018570908,0.001000924574577652,0.00046557723315345716
NIFTY_MIDCAP_100,2025-03-20,5,0.008134999697861554,0.9759737300033672,0.014518554830627313,0.0009250817511608994,0.00044763371698292633
NIFTY_MIDCAP_100,2025-03-21,5,0.003412241769542608,0.9720108864604152,0.02176863902960037,0.0023553746793965984,0.00045285806104505025
NIFTY_MIDCAP_100,2025-03-24,5,0.9547780951023074,0.039854456171761976,0.004205281714873647,0.0009467288483994449,0.00021543816265755554
NIFTY_MIDCAP_100,2025-03-25,5,0.024416602919729514,0.9515950733025536,0.016977850243514492,0.0052850445961212245,0.0017254289380811728
NIFTY_MIDCAP_100,2025-03-26,5,0.03545938958537027,0.9430428998920494,0.018557618267916104,0.0021220409017777184,0.0008180513528866363
NIFTY_MIDCAP_100,2025-03-27,5,0.986584976414723,0.011552833904048376,0.0012585744232762326,0.0004923427586949792,0.00011127249925740514
NIFTY_MIDCAP_100,2025-03-28,5,0.9739146088527586,0.023347983810995076,0.0019617095382684054,0.0006349039496476082,0.00014079384833023598
NIFTY_MIDCAP_100,2025-04-01,5,0.9659227949888368,0.022506265384647527,0.011326788461863378,0.0001809655934889061,6.318557116324089e-05
NIFTY_MIDCAP_100,2025-04-02,5,0.9931651069928701,0.0023202775352724764,0.004310756535372635,0.0001719769615344697,3.188197495024756e-05
NIFTY_MIDCAP_100,2025-04-03,5,0.9719359993103159,0.005333663172717094,0.02227593338221814,0.00040754497769122076,4.685915705746812e-05
NIFTY_MIDCAP_100,2025-04-04,5,0.008152089134306716,0.9481347782663017,0.042592879054817186,0.000855629352619363,0.00026462419195488843
NIFTY_MIDCAP_100,2025-04-07,5,0.011570843072158055,0.9452521592704706,0.0414180868458551,0.001274719851884268,0.00048419095963194873
NIFTY_MIDCAP_100,2025-04-08,5,0.009158400275707754,0.9344615396430874,0.05412576512057223,0.0017626353429225328,0.0004916596177099922
NIFTY_MIDCAP_100,2025-04-09,5,0.0056162833814514665,0.9637926572132134,0.029473510249971194,0.0008359348926389966,0.0002816142627248568
NIFTY_MIDCAP_100,2025-04-11,5,0.005658178295628058,0.9318467068988756,0.06104233997532565,0.0011338346952786587,0.00031894013489195755
NIFTY_MIDCAP_100,2025-04-15,5,0.002227267750260455,0.03816082384801713,0.9563733278772655,0.0027817584355126173,0.00045682208894432387
NIFTY_MIDCAP_100,2025-04-16,5,0.0028444688043589485,0.021871579921390296,0.9711304880079915,0.0036601651867294678,0.0004932980795298351
NIFTY_MIDCAP_100,2025-04-17,5,0.0017611981535971195,0.00954049693796142,0.9857014369783994,0.002685491302333745,0.00031137662770856886
NIFTY_MIDCAP_100,2025-04-21,5,0.0011424457705357814,0.01955283087967143,0.9752265222934726,0.003425085752338171,0.000653115303982011
NIFTY_MIDCAP_100,2025-04-22,5,0.000890367690881355,0.016090253019130522,0.9796919870424762,0.002782370571175998,0.0005450216763360027
NIFTY_MIDCAP_100,2025-04-23,5,0.0007927096653668615,0.8712113010138602,0.12376031698818753,0.0035358254166405743,0.0006998469159449804
NIFTY_MIDCAP_100,2025-04-24,5,0.0008719557372291705,0.9538815807255734,0.04191178678344636,0.002893611304848536,0.00044106544890253107
NIFTY_MIDCAP_100,2025-04-25,5,0.0036532568415032327,0.0906450255966381,0.8894180652231982,0.01510645789417554,0.0011771944444848958
NIFTY_MIDCAP_100,2025-04-28,5,0.0017998525886283707,0.06253288392324606,0.9268642182765118,0.006056515809626671,0.002746529401987045
NIFTY_MIDCAP_100,2025-04-29,5,0.002989142403642678,0.8774321706687381,0.10984446976547979,0.007255407777499779,0.0024788093846397504
NIFTY_MIDCAP_100,2025-04-30,5,0.000980688980388604,0.8812714838787046,0.11425709559844444,0.002869552307003756,0.0006211792354588235
NIFTY_MIDCAP_100,2025-05-02,5,0.00223317644311422,0.9091824986970377,0.08612115865151497,0.0022486908560504226,0.00021447535228259494
NIFTY_MIDCAP_100,2025-05-05,5,0.000982346103929821,0.008540609341884952,0.9853743988336121,0.004767118621173458,0.00033552709939973087
NIFTY_MIDCAP_100,2025-05-06,5,0.0032264493357856187,0.030422399336670895,0.9498654316653576,0.016031097803686823,0.0004546218584988243
NIFTY_MIDCAP_100,2025-05-07,5,0.001443905877955967,0.021280111020689413,0.9717907559343404,0.00522907411349426,0.0002561530535200515
NIFTY_MIDCAP_100,2025-05-08,5,0.004984144272780553,0.014287131342870766,0.9653341806297502,0.015200072549417252,0.00019447120518117092
NIFTY_MIDCAP_100,2025-05-09,5,0.011944993095228404,0.016106733624805563,0.9556319023664901,0.01613491746036463,0.0001814534531113406
NIFTY_MIDCAP_100,2025-05-12,5,0.0005276012185427597,0.009068158446781766,0.982372306833632,0.007713300154579205,0.0003186333464644366
NIFTY_MIDCAP_100,2025-05-13,5,0.0004356276610966938,0.005283077631415537,0.986285428188992,0.0075729106787804715,0.00042295583971494686
NIFTY_MIDCAP_100,2025-05-14,5,0.0007609542251814634,0.00476641927921054,0.9883032367963412,0.005634768517082902,0.0005346211821840759
NIFTY_MIDCAP_100,2025-05-15,5,0.0004654598914557388,0.0014181339858225796,0.9836719931932776,0.01322556810325376,0.001218844826190254
NIFTY_MIDCAP_100,2025-05-16,5,0.00043899517767247723,0.0006024476756252906,0.9911574950078335,0.007078972650139813,0.0007220894887290002
NIFTY_MIDCAP_100,2025-05-19,5,0.0003222799182961771,0.0004245832383291361,0.9923410804309173,0.006543062688594584,0.0003689937238627843
NIFTY_MIDCAP_100,2025-05-20,5,0.00013362325777913412,0.0013404125922421178,0.9910174120248024,0.007281355017972853,0.00022719710720331976
NIFTY_MIDCAP_100,2025-05-21,5,0.00019212746604243907,0.0016864966288449457,0.9823231375718985,0.015063968375955784,0.0007342699572585327
NIFTY_MIDCAP_100,2025-05-22,5,0.00017150258748384765,0.0025046024935295574,0.9846814646488282,0.01232626157216287,0.0003161686979954998
NIFTY_MIDCAP_100,2025-05-23,5,0.000277214998594722,0.0017735326976866539,0.9487959195139838,0.04848509355062965,0.0006682392391051024
NIFTY_MIDCAP_100,2025-05-26,5,0.00023098789511744072,0.0015527469870751359,0.9855050749552143,0.011895041874133514,0.000816148288459398
NIFTY_MIDCAP_100,2025-05-27,5,0.00020682375088473554,0.0014046101453399297,0.986663548391361,0.010963659504252871,0.0007613582081614548
NIFTY_MIDCAP_100,2025-05-28,5,0.00014040781338036802,0.0007936252861716909,0.9881962517922915,0.010547670350150506,0.00032204475800553134
NIFTY_MIDCAP_100,2025-05-29,5,0.0002490718605881483,0.000610727472565092,0.8953626785281531,0.10288183090678145,0.000895691231912172
NIFTY_MIDCAP_100,2025-05-30,5,0.0002861741917015149,0.0007252506494591262,0.8948918969584712,0.10333278307254853,0.0007638951278194899
NIFTY_MIDCAP_100,2025-06-02,5,0.00021107491384725718,0.0005175584602428745,0.1544624914777745,0.8441179821729822,0.000690892975153303
NIFTY_MIDCAP_100,2025-06-03,5,0.00021418060098572824,0.0005308078543265318,0.1014154680052428,0.8972311760912843,0.0006083674481606419
NIFTY_MIDCAP_100,2025-06-04,5,0.00021503090576522842,0.0005272586043693347,0.10186810635932832,0.8966026256959694,0.000786978434567799
NIFTY_MIDCAP_100,2025-06-05,5,0.00017856964059252475,0.0004270965036098863,0.9677996631850243,0.0310989411698027,0.0004957295009705743
NIFTY_MIDCAP_100,2025-06-06,5,0.00010757056324575123,0.00025337083946694224,0.9689845648746558,0.03016261818858825,0.0004918755340430931
NIFTY_MIDCAP_100,2025-06-09,5,0.00012870148743460193,0.00029222827302922716,0.9816148027534116,0.01696237109320168,0.001001896392922882
NIFTY_MIDCAP_100,2025-06-10,5,0.00017504328112819806,0.00041112261699217814,0.9786519891019704,0.01926060775617909,0.001501237243730131
NIFTY_MIDCAP_100,2025-06-11,5,0.00013506630757781926,0.00030604830473077263,0.9818247434063458,0.017129825646214528,0.0006043163351311633
NIFTY_MIDCAP_100,2025-06-12,5,0.00013425687239939727,0.0003692276994561573,0.9790763289410825,0.01982089810373179,0.000599288383330143
NIFTY_MIDCAP_100,2025-06-13,5,0.00011413784661996574,0.0005717102178722551,0.9822851115730487,0.016601014975432933,0.00042802538702630354
NIFTY_MIDCAP_100,2025-06-16,5,0.00011391988671176409,0.000298611265192044,0.9798047642024169,0.019117106243879987,0.0006655984017993517
NIFTY_MIDCAP_100,2025-06-17,5,0.00017769318400084774,0.0013148057941854924,0.9807392347040962,0.017181438594747668,0.0005868277229699834
NIFTY_MIDCAP_100,2025-06-18,5,0.00028465228368293634,0.005766433150304344,0.9498944050754606,0.04299709593318301,0.0010574135573690362
NIFTY_MIDCAP_100,2025-06-19,5,0.0004674559468451145,0.010932582001507797,0.9410257253529415,0.044677021746486405,0.002897214952218999
NIFTY_MIDCAP_100,2025-06-20,5,0.0004029532551894792,0.008628256649817614,0.8753188156301723,0.1134611806612503,0.0021887938035701116
NIFTY_MIDCAP_100,2025-06-23,5,0.00033462444958810486,0.006237611079736499,0.11937290925194707,0.8661023850826597,0.007952470136068516
NIFTY_MIDCAP_100,2025-06-24,5,0.0002675012817916624,0.0013091319088090667,0.09497173219009755,0.8895369497133764,0.01391468490592517
NIFTY_MIDCAP_100,2025-06-25,5,0.00033553832826503297,0.0014052394337597605,0.07624257783781581,0.9120585297813427,0.009958114618816738
NIFTY_MIDCAP_100,2025-06-26,5,0.0003224142602064531,0.0008044649859311502,0.0940237780541163,0.8958877534340692,0.008961589265676976
NIFTY_MIDCAP_100,2025-06-27,5,0.00045527674291372106,0.0011543201789150001,0.13331806951792038,0.862275152591594,0.002797180968656804
NIFTY_MIDCAP_100,2025-06-30,5,0.00044517299842952615,0.001143478808601099,0.8595334435616948,0.136473957676646,0.0024039469546288
NIFTY_MIDCAP_100,2025-07-01,5,0.00021464839685174226,0.0005654050563741822,0.964140290625384,0.03338215780874324,0.0016974981126466736
NIFTY_MIDCAP_100,2025-07-02,5,0.0002255225694336969,0.0006433267344758748,0.9545389692453318,0.04327033777145095,0.001321843679307858
NIFTY_MIDCAP_100,2025-07-03,5,0.00022034375062982497,0.0006359962478064117,0.9619046519192523,0.03604883302768071,0.001190175054630711
NIFTY_MIDCAP_100,2025-07-04,5,0.00022333027196622284,0.0006587771616354718,0.9702260873606102,0.027353718187246346,0.001538087018541688
NIFTY_MIDCAP_100,2025-07-07,5,0.00026509754865908507,0.0008377271817727044,0.9732823287772424,0.02403984464276102,0.0015750018495648609
NIFTY_MIDCAP_100,2025-07-08,5,0.0002655222002180679,0.0008825051635704026,0.9753378213005263,0.022390937979640098,0.0011232133560450822
NIFTY_MIDCAP_100,2025-07-09,5,0.00022968307033678078,0.003038413764974045,0.9798406891730008,0.014070873917614204,0.0028203400740740574
NIFTY_MIDCAP_100,2025-07-10,5,0.00027021807713432943,0.009172422704409159,0.9741241988162403,0.013495607291193226,0.0029375531110229845
NIFTY_MIDCAP_100,2025-07-11,5,0.00025345721784044984,0.02598359998565997,0.9689808784518092,0.004158500287187299,0.0006235640575028177
NIFTY_MIDCAP_100,2025-07-14,5,0.00029091341121670203,0.0487980929345266,0.9430393463224348,0.0069463804497320375,0.0009252668820898668
NIFTY_MIDCAP_100,2025-07-15,5,0.00041194312833548033,0.012657426158742102,0.9628278205485165,0.021795493551169953,0.0023073166132360446
NIFTY_MIDCAP_100,2025-07-16,5,0.00045177123705957494,0.01465322544371195,0.9608115453225758,0.021920398130410215,0.002163059866242481
NIFTY_MIDCAP_100,2025-07-17,5,0.0007317914236652558,0.028209514705300476,0.9513515079104531,0.018032158396447853,0.0016750275641332112
NIFTY_MIDCAP_100,2025-07-18,5,0.0001339643308964781,0.9444448873176561,0.053281662552009,0.0018563059534592928,0.00028317984597912675
NIFTY_MIDCAP_100,2025-07-21,5,0.00029267090194346845,0.8996969268949137,0.09229608321332217,0.007077120136883938,0.0006371988529368122
NIFTY_MIDCAP_100,2025-07-22,5,4.67142104958777e-05,0.9808200139044367,0.01841893653186007,0.000608375517591246,0.0001059598356158838
NIFTY_MIDCAP_100,2025-07-23,5,7.804896806557873e-05,0.9654864477222747,0.03287639346941617,0.00140813559973225,0.00015097424051162172
NIFTY_MIDCAP_100,2025-07-24,5,5.8593965362465225e-05,0.9757549581601465,0.023246578353382626,0.0007421379684088061,0.00019773155269956706
NIFTY_MIDCAP_100,2025-07-25,5,0.00019002447472037391,0.9783931878329062,0.019630405524514817,0.0016730679911223004,0.00011331417673637367
NIFTY_MIDCAP_100,2025-07-28,5,0.0007098373850525498,0.917027533245123,0.07968106836068731,0.002307070034871044,0.0002744909742663058
NIFTY_MIDCAP_100,2025-07-29,5,0.0001878504887379706,0.9569764419109067,0.04169758196709744,0.001013492167834711,0.00012463346542283924
NIFTY_MIDCAP_100,2025-07-30,5,0.00014252491567863051,0.9657723679222209,0.0328641880425196,0.001099900785961904,0.00012101833361886405
NIFTY_MIDCAP_100,2025-07-31,5,0.0002306718247215792,0.9616866807267008,0.03756706546094051,0.0003802391838045386,0.00013534280383235871
NIFTY_MIDCAP_100,2025-08-01,5,0.0004224725441365998,0.9526899975029578,0.04622725986072334,0.0004981145675713203,0.00016215552461079888
NIFTY_MIDCAP_100,2025-08-04,5,0.0004208727743371597,0.9132468278819197,0.08553352967172424,0.0005535332167888648,0.0002452364552299013
NIFTY_MIDCAP_100,2025-08-05,5,0.00021146639668960537,0.9723261982888959,0.027045011548486677,0.0002727194814665939,0.000144604284461199
NIFTY_MIDCAP_100,2025-08-06,5,0.0005418045098135819,0.9590262693999292,0.039838573259146706,0.0004365809328732251,0.00015677189823730823
NIFTY_MIDCAP_100,2025-08-07,5,0.0006388760189335391,0.9530127143858683,0.045853875217487114,0.00030737136616990746,0.0001871630115410793
NIFTY_MIDCAP_100,2025-08-08,5,0.002032775678631629,0.9532911687247888,0.04392255097948302,0.0005538865170449106,0.00019961810005159736
NIFTY_MIDCAP_100,2025-08-11,5,0.0008656059906085796,0.05712382864365377,0.9403481001037153,0.0010142434371952168,0.0006482218248269694
NIFTY_MIDCAP_100,2025-08-12,5,0.0013387504397632999,0.0731113115733829,0.9239963477000463,0.0011597811549955706,0.000393809131811833
NIFTY_MIDCAP_100,2025-08-13,5,0.0006759187331325483,0.03268805744332795,0.9650457723888338,0.0011648285676811487,0.00042542286702445094
NIFTY_MIDCAP_100,2025-08-14,5,0.0005306083065818774,0.05174686341733759,0.9465832416104706,0.0007677407757747534,0.00037154588983514294
NIFTY_MIDCAP_100,2025-08-18,5,0.0008335251376311006,0.11851913916736614,0.8788633648826808,0.0012914814053081368,0.0004924894070138077
NIFTY_MIDCAP_100,2025-08-19,5,0.00026319213517327414,0.9075297893158495,0.09068871105773936,0.0012715253490079234,0.00024678214222987455
NIFTY_MIDCAP_100,2025-08-20,5,0.0002202641918655423,0.8918597569733968,0.10583369936675067,0.0017382079020520661,0.0003480715659349911
NIFTY_MIDCAP_100,2025-08-21,5,0.0001464646824025714,0.9387553480416606,0.06013564926117016,0.0008204975960586612,0.00014204041870812648
NIFTY_MIDCAP_100,2025-08-22,5,0.00013797008164930354,0.9521075282793201,0.04698390119566407,0.0006482001579362106,0.00012240028543025858
NIFTY_MIDCAP_100,2025-08-25,5,0.0001955407488314702,0.9337981520756368,0.06416681606869247,0.0016810161808160531,0.00015847492602327133
NIFTY_MIDCAP_100,2025-08-26,5,0.0013501800871014605,0.18060488591848606,0.8168636803750057,0.0008627401384627081,0.00031851348094407437
NIFTY_MIDCAP_100,2025-08-28,5,0.0014564480162992106,0.9344298690534872,0.06292149444754987,0.0009016304528597237,0.00029055802980379
NIFTY_MIDCAP_100,2025-08-29,5,0.004613678119817524,0.957393795158795,0.0369645406929067,0.0007875655473864,0.0002404204810945189
NIFTY_MIDCAP_100,2025-09-01,5,0.0019366810533005578,0.9066898560147276,0.0904653605382934,0.0006832870952129673,0.00022481529846522718
NIFTY_MIDCAP_100,2025-09-02,5,0.003446251280741258,0.8480254781525839,0.14693721830272974,0.001295173561885264,0.00029587870205975084
NIFTY_MIDCAP_100,2025-09-03,5,0.0005444729380848379,0.06922838659853577,0.9227160184816119,0.0070155002723772345,0.0004956217093901008
NIFTY_MIDCAP_100,2025-09-04,5,0.0038056646429485107,0.11895499975835035,0.8753907941929162,0.0015795611006882758,0.0002689803050967219
NIFTY_MIDCAP_100,2025-09-05,5,0.003066584126681709,0.07312005653588115,0.9214758885780823,0.0020267566669468903,0.00031071409240816675
NIFTY_MIDCAP_100,2025-09-08,5,0.0011890809894577435,0.05706644696100877,0.9394001792935588,0.0021320960785173584,0.00021219667745755373
NIFTY_MIDCAP_100,2025-09-09,5,0.0014037305233193323,0.04186963075601111,0.9544044648328123,0.002092440440011076,0.00022973344784613987
NIFTY_MIDCAP_100,2025-09-10,5,0.00028033551742483767,0.035654865651490106,0.9607246162425723,0.0030805797267200196,0.0002596028617926418
NIFTY_MIDCAP_100,2025-09-11,5,0.00021834508041122206,0.029222982886141852,0.9674211234008371,0.0029091463308579413,0.00022840230175196497
NIFTY_MIDCAP_100,2025-09-12,5,0.00020720361686615,0.019817487146323903,0.9773329230532269,0.0024252280949654307,0.00021715808861749427
NIFTY_MIDCAP_100,2025-09-15,5,0.0003117122502255812,0.01365958263566287,0.9805331612988096,0.004988465146547352,0.0005070786687544567
NIFTY_MIDCAP_100,2025-09-16,5,0.00026893516200832124,0.014921595692112538,0.9772051898844016,0.005708677606981865,0.0018956016544955704
NIFTY_MIDCAP_100,2025-09-17,5,0.00022583820908468404,0.03463436202459614,0.9583136967209974,0.00400865290553465,0.0028174501397871935
NIFTY_MIDCAP_100,2025-09-18,5,0.00021813768332610656,0.04467223172655826,0.9413786459917978,0.010095985610382564,0.0036349989879352258
NIFTY_MIDCAP_100,2025-09-19,5,0.0001607140043693355,0.8771747316056013,0.11709521225455245,0.0033847311680424348,0.002184610967434382
NIFTY_MIDCAP_100,2025-09-22,5,0.0002778907821579855,0.9053362979928063,0.0875508286837127,0.005229873915554604,0.0016051086257683085
NIFTY_MIDCAP_100,2025-09-23,5,0.00020028313047341267,0.9285211275803139,0.06869552310337826,0.0020886412172318822,0.0004944249686023496
NIFTY_MIDCAP_100,2025-09-24,5,0.00013975459400364566,0.9166804676348095,0.08128663906083566,0.001348598199789586,0.000544540510561578
NIFTY_MIDCAP_100,2025-09-25,5,0.0017068487703443495,0.055991336785709146,0.9396507785547752,0.002071047826321472,0.0005799880628495587
NIFTY_MIDCAP_100,2025-09-26,5,0.001693903590113173,0.05655508924074879,0.9398492522606394,0.0016061032916185,0.00029565161688012073
NIFTY_MIDCAP_100,2025-09-29,5,0.0025372762490073033,0.05081311527363564,0.9440023622800674,0.002181023648514655,0.00046622254877502317
NIFTY_MIDCAP_100,2025-09-30,5,0.0019019427467495327,0.052410170720057776,0.9433052759482766,0.0020993364493781873,0.00028327413553789766
NIFTY_MIDCAP_100,2025-10-01,5,0.0021501479930408876,0.02612974794171383,0.9679582423867784,0.003366245239159874,0.00039561643930678296
NIFTY_MIDCAP_100,2025-10-03,5,0.002866277236772696,0.03079955921052136,0.9637643973590643,0.002165932148758515,0.00040383404488311675
NIFTY_MIDCAP_100,2025-10-06,5,0.0002864054378880106,0.018364399600612008,0.9750085679508117,0.005805999754914724,0.00053462725577347
NIFTY_MIDCAP_100,2025-10-07,5,0.000367719062825309,0.02172120687973295,0.9708829091610948,0.0064522270675729295,0.000575937828774067
NIFTY_MIDCAP_100,2025-10-08,5,0.0004770726741416215,0.03463700572106577,0.9583955501297006,0.006023365792123362,0.0004670056829688659
NIFTY_MIDCAP_100,2025-10-09,5,0.0002787459900477038,0.012534644950464852,0.9814656762603987,0.005378802544824438,0.00034213025426443
NIFTY_MIDCAP_100,2025-10-10,5,0.00027343455081561396,0.006924865642288737,0.9841796273083238,0.00794306738797222,0.0006790051105996899
NIFTY_MIDCAP_100,2025-10-13,5,0.00026625700376796006,0.00810107123978016,0.9845522840163963,0.006657230567067019,0.00042315717298884966
NIFTY_MIDCAP_100,2025-10-14,5,0.0003971546681101092,0.048252861782705714,0.9446675539378333,0.006101708367903972,0.0005807212434465669
NIFTY_MIDCAP_100,2025-10-15,5,0.0002545946207687932,0.007571204978197492,0.9844356811851962,0.007043766127633102,0.0006947530882043686
NIFTY_MIDCAP_100,2025-10-16,5,0.0002706001218959441,0.007572128405714565,0.9851616497465112,0.006177111982506038,0.000818509743372368
NIFTY_MIDCAP_100,2025-10-17,5,0.000423699501625676,0.044487991942940244,0.9484022701023257,0.006064749710386991,0.0006212887427216456
NIFTY_MIDCAP_100,2025-10-20,5,0.0003119838568287036,0.00876692054242067,0.9841673850926879,0.006345003964987937,0.00040870654307482936
NIFTY_MIDCAP_100,2025-10-21,5,0.00025103316302853426,0.006554064613514975,0.9823341308339406,0.010453813367277156,0.0004069580222388117
NIFTY_MIDCAP_100,2025-10-23,5,0.00034865190494974427,0.011582779125797535,0.9783006363085548,0.009305648185765047,0.0004622844749329855
NIFTY_MIDCAP_100,2025-10-27,5,0.00020265799812701167,0.005904575412401313,0.9816280746281454,0.011880077003089564,0.00038461495823669434
NIFTY_MIDCAP_100,2025-10-28,5,0.0002568333810879049,0.009151369439078266,0.9825023795736819,0.007591374216503218,0.0004980433896487266
NIFTY_MIDCAP_100,2025-10-29,5,0.0003300891599641317,0.0037592550404155984,0.985710347166054,0.009400030450587517,0.0008002781829786403
NIFTY_MIDCAP_100,2025-10-30,5,0.00032344132719851464,0.0038223260566105626,0.9842249018604743,0.01090993459598787,0.000719396159728744
NIFTY_MIDCAP_100,2025-10-31,5,0.00024826054592406635,0.005007349046226601,0.9856078841453965,0.008634247466834461,0.000502258795618367
NIFTY_MIDCAP_100,2025-11-03,5,0.00034613823262135275,0.004196420376377841,0.9779642006342943,0.01669297406936905,0.0008002666873373561
NIFTY_MIDCAP_100,2025-11-04,5,0.00040217029981156054,0.008767564956029544,0.914967742047801,0.07515715071746996,0.000705371978887919
NIFTY_MIDCAP_100,2025-11-06,5,0.0003020644187643357,0.017246189501677122,0.9656571307619343,0.0158215126501785,0.0009731026674454714
NIFTY_MIDCAP_100,2025-11-07,5,0.0003210122356577323,0.005006820778073934,0.9694219563882641,0.024524504553682006,0.0007257060443221066
NIFTY_MIDCAP_100,2025-11-10,5,0.00033033736788655693,0.005461136366108588,0.34094593072959883,0.6524857990159875,0.0007767965204185568
NIFTY_MIDCAP_100,2025-11-11,5,0.00033410324541299844,0.002377368432369137,0.9120659224285307,0.08451167737055892,0.0007109285231281618
NIFTY_MIDCAP_100,2025-11-12,5,0.000299160628087826,0.0010276128353170094,0.9649450303151398,0.03268305111960272,0.0010451451018528974
NIFTY_MIDCAP_100,2025-11-13,5,0.00025323015200608715,0.000768692679193421,0.9714383596615683,0.026406808567174925,0.001132908940057064
NIFTY_MIDCAP_100,2025-11-14,5,0.00038384828218460365,0.0011106399058639456,0.9570227902814226,0.04012170821467255,0.0013610133158563412
NIFTY_MIDCAP_100,2025-11-17,5,0.00034851897834458067,0.0009593935922014131,0.9650280936151805,0.028824216625226055,0.004839777189047293
NIFTY_MIDCAP_100,2025-11-18,5,0.00020656439881771446,0.000619021113108927,0.9860638834104665,0.012187484745219886,0.0009230463323869656
NIFTY_MIDCAP_100,2025-11-19,5,0.00020070229803122462,0.0005881686598375499,0.9827778537517421,0.014853294863467535,0.001579980426921542
NIFTY_MIDCAP_100,2025-11-20,5,0.0001586142651888494,0.00044504230156144144,0.9887955724789631,0.009148290429089061,0.00145248052519764
NIFTY_MIDCAP_100,2025-11-21,5,0.0002754842711154533,0.014354246230145262,0.9684464174859908,0.01586533677181379,0.0010585152409343923
NIFTY_MIDCAP_100,2025-11-24,5,0.00031985852769687503,0.03499723031964497,0.948201923471013,0.01538846163594146,0.0010925260457040268
NIFTY_MIDCAP_100,2025-11-25,5,0.00024540712130082453,0.017680512779815732,0.970235260025184,0.01104207172046552,0.0007967483532337166
NIFTY_MIDCAP_100,2025-11-26,5,0.0001908531070031622,0.003316683904762615,0.9830308617395089,0.012260476831520936,0.001201124417204242
NIFTY_MIDCAP_100,2025-11-27,5,0.000280238318973567,0.0008392027388623807,0.9783866239494468,0.01860841965391721,0.001885515338800208
NIFTY_MIDCAP_100,2025-11-28,5,0.00031147841075677307,0.002450723983828782,0.9696862373968094,0.02542066744754602,0.002130892761059001
NIFTY_MIDCAP_100,2025-12-01,5,0.00029620871421118456,0.0038057199469764416,0.9785936561454657,0.015258386649172914,0.0020460285441737365
NIFTY_MIDCAP_100,2025-12-02,5,0.0002855818754581133,0.008598722768705172,0.9719919767187998,0.01680595329621304,0.0023177653408236517
NIFTY_MIDCAP_100,2025-12-03,5,0.00018154143346456485,0.7044221361161266,0.2867101190234808,0.008161082390240465,0.0005251210366875523
NIFTY_MIDCAP_100,2025-12-04,5,0.00027172088743642587,0.05013912396268877,0.9388521291727229,0.009989345083408228,0.0007476808937437535
NIFTY_MIDCAP_100,2025-12-05,5,0.0003215366830229101,0.029909610663702554,0.942690994286945,0.026003306031396233,0.0010745523349331432
NIFTY_MIDCAP_100,2025-12-08,5,0.0011587402254678732,0.04891202512293499,0.9434512056281452,0.006138612053684532,0.0003394169697676854
NIFTY_MIDCAP_100,2025-12-09,5,0.0006103493696546651,0.015930500318444,0.9776782411903514,0.005296524603154081,0.0004843845183957841
NIFTY_MIDCAP_100,2025-12-10,5,0.001501456366195472,0.07004169215037134,0.9253954712116749,0.00277375107956102,0.0002876291921970356
NIFTY_MIDCAP_100,2025-12-11,5,0.0016297532692447745,0.018042022619180944,0.978035570595777,0.0020425969633333972,0.00025005655246388716
NIFTY_MIDCAP_100,2025-12-12,5,0.00021196289621135646,0.01715639474642714,0.9783255157818398,0.003991987798683152,0.0003141387768384895
NIFTY_MIDCAP_100,2025-12-15,5,0.00025439294213776276,0.014148484006643128,0.9789031329450024,0.006380292282861177,0.00031369782335541584
NIFTY_MIDCAP_100,2025-12-16,5,0.002549142191520637,0.019359792386079572,0.9688965553610064,0.008883253490099701,0.0003112565712937133
NIFTY_MIDCAP_100,2025-12-17,5,0.0014346072747940441,0.019377708008203313,0.976701922190698,0.0022414682626780416,0.00024429426362668726
NIFTY_MIDCAP_100,2025-12-18,5,0.0012764265783166803,0.009948247303163653,0.9869151963020387,0.0016537582857119816,0.00020637153076901924
NIFTY_MIDCAP_100,2025-12-19,5,0.00026283629370168696,0.011588442642864885,0.9829212310232908,0.004951554204676631,0.00027593583546614087
NIFTY_MIDCAP_100,2025-12-22,5,0.00026459426827782226,0.012028387605403808,0.9818307413978733,0.004987604083849729,0.0008886726445951286
NIFTY_MIDCAP_100,2025-12-23,5,0.0004904555374327409,0.0254703718907814,0.9542114174180988,0.015748897774016644,0.004078857379670496
NIFTY_MIDCAP_100,2025-12-24,5,0.0003668608496415978,0.0417127813561432,0.9521779825722531,0.005276545113267733,0.0004658301086941568
NIFTY_MIDCAP_100,2025-12-26,5,0.00035021599555540734,0.040213214500362346,0.9561876402326845,0.002856626683880159,0.00039230258751735185
NIFTY_MIDCAP_100,2025-12-29,5,0.0005130724880726968,0.050389668119536636,0.9422486590515329,0.006360366377858653,0.00048823396299903633
NIFTY_MIDCAP_100,2025-12-30,5,0.0006181677975967326,0.04415134028170958,0.9478885361369465,0.006771641305971314,0.0005703144777761371
NIFTY_MIDCAP_100,2025-12-31,5,0.0007746686715024991,0.04402131746934366,0.9458345250687787,0.008684554983865328,0.0006849338065096725
NIFTY_MIDCAP_100,2026-01-01,5,0.0006242408371379985,0.07195829445268273,0.9130040811917826,0.01347460287953577,0.0009387806388607402
NIFTY_MIDCAP_100,2026-01-02,5,0.00020825021960343154,0.8943435001186272,0.09907206119677421,0.005444448624857151,0.0009317398401382103
NIFTY_MIDCAP_100,2026-01-05,5,0.00017127646855231952,0.9350956702434461,0.059890986026895965,0.004518751500770561,0.0003233157603352728
NIFTY_MIDCAP_100,2026-01-06,5,0.00016942583553207017,0.9520007066223335,0.043527695023046584,0.0038960130817015104,0.00040615943738638634
NIFTY_MIDCAP_100,2026-01-07,5,0.00019003549567648276,0.9188376504396827,0.074704264123062,0.005481731209324738,0.0007863187322542215
NIFTY_MIDCAP_100,2026-01-08,5,0.00022115995914096786,0.9288854472698658,0.06768970863752281,0.0030122213908152316,0.00019146274265521919
NIFTY_MIDCAP_100,2026-01-09,5,0.004493794171789655,0.968126505505832,0.023719254897083968,0.003455721174636572,0.00020472425065776198
NIFTY_MIDCAP_100,2026-01-12,5,0.006944334119333344,0.9650925243244066,0.02574777559249979,0.001990425162949501,0.00022494080081083388
NIFTY_MIDCAP_100,2026-01-13,5,0.0008815908217521248,0.9782403267176383,0.019105222146045438,0.0016377573823453937,0.0001351029322187083
NIFTY_MIDCAP_100,2026-01-14,5,0.002292654978923751,0.9732498464288645,0.02231314712170956,0.0019641918459031406,0.00018015962459900587
NIFTY_MIDCAP_100,2026-01-15,5,0.0027255886622541,0.9766018107673841,0.0191303719718311,0.0014110834658384727,0.00013114513269230877
NIFTY_MIDCAP_100,2026-01-16,5,0.9040799667230063,0.07466619930819933,0.020433033234401255,0.0007405004551301001,8.03002792631082e-05
NIFTY_MIDCAP_100,2026-01-19,5,0.007193151459335118,0.9382856020329645,0.05190956960927652,0.002359281340670683,0.00025239555775305927
NIFTY_MIDCAP_100,2026-01-20,5,0.006933330441987669,0.9407032131870924,0.05134751991233152,0.0007846048189135724,0.00023133163967478868
NIFTY_MIDCAP_100,2026-01-21,5,0.006439872894632605,0.9476281252709848,0.04534426387313518,0.00042121862478066677,0.00016651933646662473
NIFTY_MIDCAP_100,2026-01-22,5,0.00814839736272711,0.8992132830834071,0.09149932168491896,0.0008009283476760637,0.0003380695212710664
NIFTY_MIDCAP_100,2026-01-23,5,0.009593906522844881,0.9116605001412127,0.07738755469216184,0.0009418329484912916,0.0004162056952893771
NIFTY_MIDCAP_100,2026-01-27,5,0.00659488938965073,0.1297191972448972,0.8623768410075853,0.0009355667947709266,0.0003735055630959606
NIFTY_MIDCAP_100,2026-01-28,5,0.009860550720884627,0.04890945514054663,0.9399682392523083,0.0008120802951891564,0.00044967459107098193
NIFTY_MIDCAP_100,2026-01-29,5,0.0064953823658454105,0.03445830473383699,0.9580746570779577,0.0006707248966170665,0.0003009309257430284
NIFTY_MIDCAP_100,2026-01-30,5,0.004463363064981024,0.08513579728747286,0.9080846699426037,0.001623716119552159,0.0006924535853902697
NIFTY_MIDCAP_100,2026-02-02,5,0.010069781331908629,0.053108521350934544,0.9354786858114278,0.0009670549517087336,0.00037595655402034456
NIFTY_MIDCAP_100,2026-02-03,5,0.0003561350357842706,0.03458366743072821,0.9615212000412856,0.0024916109192471268,0.0010473865729548899
NIFTY_MIDCAP_100,2026-02-04,5,0.0003433877428840855,0.033832601547372304,0.9632076426859237,0.00214393414950657,0.00047243387431337384
NIFTY_MIDCAP_100,2026-02-05,5,0.0005220237234904493,0.15593730554766635,0.8386097329756415,0.004362025831201333,0.0005689119220005135
NIFTY_MIDCAP_100,2026-02-06,5,0.00025100112281295874,0.8505838660271374,0.1457208502402261,0.0031116395768301833,0.0003326430329934578
NIFTY_MIDCAP_100,2026-02-09,5,0.0002914224166024223,0.03071717002198275,0.9626279011234906,0.005086063012280671,0.0012774434256434342
NIFTY_MIDCAP_100,2026-02-10,5,0.00042125464350038175,0.025021018670123442,0.969272223449571,0.004520755951691934,0.0007647472851131499
NIFTY_MIDCAP_100,2026-02-11,5,0.0005347711732915187,0.045999659408056025,0.9426348069530197,0.009933161166474502,0.0008976012991584608
NIFTY_MIDCAP_100,2026-02-12,5,0.00021135156841299652,0.9028960674645166,0.09371217935213683,0.0029324066371349453,0.00024799497779861337
NIFTY_MIDCAP_100,2026-02-13,5,0.0014525395471253317,0.9396346118841028,0.05697505208210037,0.0015762045354078486,0.00036159195126381655
NIFTY_MIDCAP_100,2026-02-16,5,0.0001888571480476703,0.9619192174485074,0.03647593254361136,0.001199598100031004,0.00021639475980259323
NIFTY_MIDCAP_100,2026-02-17,5,0.00028509412585985856,0.9569344771723183,0.040700780026002414,0.001899592201382779,0.0001800564744366479
NIFTY_MIDCAP_100,2026-02-18,5,0.00024632814336451923,0.8904515881067286,0.10606081965691745,0.002980816025205724,0.00026044806778363
NIFTY_MIDCAP_100,2026-02-19,5,0.02027855528120313,0.18030426097593322,0.7930537971865829,0.005503716863594953,0.0008596696926860226
NIFTY_MIDCAP_100,2026-02-20,5,0.004647905093922163,0.8848819528621553,0.10598944480265231,0.004086661028676921,0.0003940362125934598
NIFTY_MIDCAP_100,2026-02-23,5,0.019138237262688727,0.8965701021147083,0.08079330887518749,0.003084145908504604,0.00041420583891074237
NIFTY_MIDCAP_100,2026-02-24,5,0.9489350751380969,0.03719584179049567,0.01339516598803416,0.0004231439291441337,5.077315422919927e-05
NIFTY_MIDCAP_100,2026-02-25,5,0.007138242837955709,0.9344864410626156,0.05591170726054134,0.0021805245994134166,0.00028308423947385694
NIFTY_MIDCAP_100,2026-02-26,5,0.0002450118203322193,0.9496627714516718,0.04791218415631038,0.0020449284252089905,0.00013510414647642662
NIFTY_MIDCAP_100,2026-02-27,5,0.9519580212962069,0.039163213185701526,0.008462162750092678,0.0003814719533944783,3.5130814604519274e-05
NIFTY_MIDCAP_100,2026-03-02,5,0.022355915866987614,0.9198452655088682,0.0551407318525058,0.0019183243791814437,0.0007397623924569111
NIFTY_MIDCAP_100,2026-03-04,5,0.970738249437643,0.02153420346523546,0.007503036570594601,0.00017495226379812148,4.9558262728781814e-05
NIFTY_MIDCAP_100,2026-03-05,5,0.9644257026904054,0.012954857023370219,0.02239827186766428,0.0001693686680245501,5.179975053566567e-05
NIFTY_MIDCAP_100,2026-03-06,5,0.9697122994846185,0.017280813886657538,0.012785874238010126,0.00017117083094112927,4.984155977267913e-05
NIFTY_MIDCAP_100,2026-03-09,5,0.9799928224985793,0.014502518071285525,0.005192903646509807,0.0002138062763020125,9.79495073233068e-05
NIFTY_MIDCAP_100,2026-03-10,5,0.9752049455981358,0.010392769109844472,0.014067197893795567,0.00025767525925673654,7.74121389675552e-05
NIFTY_MIDCAP_100,2026-03-11,5,0.9942512139470484,0.004604701003991303,0.0009947681184158826,0.00011826622517585875,3.105070536858421e-05
NIFTY_MIDCAP_100,2026-03-12,5,0.9947822010173155,0.0038852001206909396,0.001208385656270249,9.395035483633408e-05,3.0262850886972185e-05
NIFTY_MIDCAP_100,2026-03-18,5,0.9881287331618491,0.008848090839996155,0.0028728366718210768,0.0001010823144298144,4.925701190385133e-05
NIFTY_MIDCAP_100,2026-03-19,5,0.9704353175622844,0.022280043241303595,0.006963705728006918,0.00021022139719021262,0.00011071207121480518
NIFTY_MIDCAP_100,2026-03-20,5,0.994681227359893,0.004382219524385562,0.0008736075131710394,4.122916950422385e-05,2.1716433046233516e-05
NIFTY_MIDCAP_100,2026-03-24,5,0.9798132711516807,0.019029433194480635,0.0010108686125487635,9.619175790831476e-05,5.023528338160524e-05
NIFTY_MIDCAP_100,2026-03-25,5,0.9917362927248293,0.00771262777527851,0.00045761789827141526,6.151164208183983e-05,3.194995953887828e-05
NIFTY_MIDCAP_100,2026-03-27,5,0.9774746124541123,0.021596623819200342,0.0008109873786298834,7.712335307090006e-05,4.0652994986689004e-05
NIFTY_MIDCAP_100,2026-03-30,5,0.035585183662104766,0.956558413135401,0.006788157166210752,0.0007110463655144358,0.0003571996707690073
NIFTY_MIDCAP_100,2026-04-01,5,0.017779441078089316,0.9754571979890534,0.005593240929684309,0.0007792399755099984,0.0003908800276629375
NIFTY_MIDCAP_100,2026-04-02,5,0.024565519143612907,0.9679012323059368,0.0070010244923604265,0.0003534331016886405,0.00017879095640126736
NIFTY_MIDCAP_100,2026-04-06,5,0.03480353683743302,0.958678541164297,0.005689701855266227,0.000551834308365073,0.00027638583463878813
NIFTY_MIDCAP_100,2026-04-07,5,0.022214632194783743,0.9712590979482068,0.005670236757161179,0.0005603251038201082,0.000295707996028471
NIFTY_MIDCAP_100,2026-04-08,5,0.0017634300299650355,0.9854372114413945,0.012044610745693794,0.0005702751327295661,0.00018447265021718308
NIFTY_MIDCAP_100,2026-04-09,5,0.01173217176044076,0.9842058979725541,0.0033527453507222558,0.000558970923163119,0.00015021399311998749
NIFTY_MIDCAP_100,2026-04-10,5,0.005804600604068741,0.9830194153189526,0.00813250301126492,0.002685242628908356,0.0003582384368055177
NIFTY_MIDCAP_100,2026-04-13,5,0.003991234663961115,0.9739331851657076,0.019703919008340124,0.0020529394936017256,0.00031872166838928397
NIFTY_MIDCAP_100,2026-04-15,5,0.006866670555922881,0.9734706359433685,0.01323907338580302,0.005691737113522677,0.000731883001382988
NIFTY_MIDCAP_100,2026-04-16,5,0.0017231548420893021,0.971238658319083,0.02329166782188521,0.0028459727247824537,0.0009005462921602354
NIFTY_MIDCAP_100,2026-04-17,5,0.003328000623665581,0.9661020193685186,0.027077362776913225,0.0026990514678644738,0.0007935657630383169
NIFTY_MIDCAP_100,2026-04-20,5,0.004410390636026213,0.9448157985174429,0.045158309090951435,0.0030995799713425284,0.0025159217842371227
NIFTY_MIDCAP_100,2026-04-21,5,0.0031427782950385797,0.05449413625886695,0.9259622588758112,0.007510440581161478,0.008890385989121695
NIFTY_MIDCAP_100,2026-04-22,5,0.00240590996713537,0.011735697839204421,0.9693787002531116,0.009794499738356048,0.006685192202192533
NIFTY_MIDCAP_100,2026-04-23,5,0.0019845180449654717,0.012942101313410281,0.975568520583361,0.005967878024145547,0.003536982034117582
NIFTY_MIDCAP_100,2026-04-24,5,0.0013039577205544684,0.02028031052186591,0.9612156017801072,0.015140932574612017,0.0020591974028605436
NIFTY_MIDCAP_100,2026-04-27,5,0.00038293385374345713,0.0032206111724048764,0.991341024194605,0.0031020713491612993,0.0019533594300853593
NIFTY_MIDCAP_100,2026-04-28,5,0.00037084753299842523,0.003392214376528555,0.9890622696196407,0.006035558942896252,0.0011391095279361992
NIFTY_MIDCAP_100,2026-04-29,5,0.00016645083129935204,0.004014127768173001,0.9771707223474672,0.014111284910338532,0.00453741414272176
NIFTY_MIDCAP_100,2026-04-30,5,0.0002482562787929778,0.00933874974068361,0.9815044274527097,0.007043312006422063,0.001865254521391657
NIFTY_MIDCAP_100,2026-05-01,5,0.0001981082864356596,0.006587336264078827,0.9817523090159198,0.010130441783100118,0.0013318046504655536
NIFTY_MIDCAP_100,2026-05-04,5,0.00013881118409807914,0.002856794107045498,0.9888798396081231,0.007590018073572536,0.0005345370271607338
NIFTY_MIDCAP_100,2026-05-05,5,0.00016920204698632347,0.003030948620149841,0.9714985594002694,0.024679745966443956,0.0006215439661503195
NIFTY_MIDCAP_100,2026-05-06,5,0.00011494334890858784,0.0009072258866434348,0.9907892671437736,0.007362311200926859,0.0008262524197474294
NIFTY_MIDCAP_100,2026-05-07,5,0.0002236760737712777,0.0007426430686196623,0.9628013820191303,0.029617691879043423,0.006614606959435238
NIFTY_MIDCAP_100,2026-05-08,5,0.0001869650720750605,0.003686128845216884,0.97512171941001,0.01873664698191894,0.002268539690779081
NIFTY_MIDCAP_100,2026-05-11,5,0.0002766746030819026,0.004594957789267588,0.9684352828317312,0.025597222597817174,0.0010958621781021842
NIFTY_MIDCAP_100,2026-05-12,5,0.0002868495118618465,0.02569255392921636,0.9471205696365739,0.026317903705239464,0.0005821232171084912
NIFTY_MIDCAP_100,2026-05-13,5,0.000276771957402973,0.023474671060593717,0.9613650732225741,0.01438363785329887,0.000499845906130159
NIFTY_MIDCAP_100,2026-05-14,5,0.0002890940604800388,0.010358958653759692,0.9407336576217894,0.04795383200392685,0.000664457660043841
NIFTY_MIDCAP_100,2026-05-15,5,0.0003630641971121696,0.04092627137749092,0.8962652716003908,0.06184249065785217,0.0006029021671539409
NIFTY_MIDCAP_100,2026-05-18,5,0.0004906315037893054,0.0426080583399083,0.9094767296001103,0.046323765140620705,0.0011008154155716697
NIFTY_MIDCAP_100,2026-05-19,5,0.0002635017030418523,0.005269073932213597,0.11749076426564116,0.8764465573344515,0.0005301027646517194
NIFTY_MIDCAP_100,2026-05-20,5,0.00025376373354490256,0.003972604663590449,0.08538669529866895,0.909719110406569,0.0006678258976266098
NIFTY_MIDCAP_100,2026-05-21,5,0.00024736740617328947,0.0046494758308771025,0.10886773972395787,0.8854347780302603,0.0008006390087314538
NIFTY_MIDCAP_100,2026-05-22,5,0.0005823048370520795,0.010230676462334854,0.8992088671432876,0.08786637168340516,0.002111779873920336
NIFTY_MIDCAP_100,2026-05-25,5,0.0003144901140618434,0.0049199239384372226,0.9214560502022607,0.07208686635735906,0.0012226693878810697
NIFTY_MIDCAP_100,2026-05-26,5,0.0002701540839115428,0.002891815126181001,0.9668537058953751,0.02714641490339343,0.002837909991138954
NIFTY_MIDCAP_100,2026-05-27,5,0.00024068830154458257,0.005342725645880943,0.9655811616133506,0.025164468916528755,0.0036709555226953974
NIFTY_MIDCAP_100,2026-05-28,5,0.00022355006391777657,0.0031969092873878778,0.9498281130526066,0.044009580148914935,0.0027418474471727194
NIFTY_MIDCAP_100,2026-05-29,5,0.00047490177441599017,0.014368425100204668,0.9259149819200275,0.05725177801548376,0.001989913189867957
NIFTY_MIDCAP_100,2026-06-01,5,0.000209800240559662,0.8393919414867217,0.15379405305575625,0.006062400474890383,0.0005418047420720071
NIFTY_MIDCAP_100,2026-06-02,5,0.0006539185401401125,0.14123745153254305,0.8309330337322783,0.02556329267255967,0.0016123035224788903
NIFTY_MIDCAP_100,2026-06-03,5,0.00022470814393497907,0.8595682772394446,0.13384432523787532,0.005964863326381866,0.00039782605236311156
NIFTY_MIDCAP_100,2026-06-04,5,0.00016804378849745991,0.871562929971414,0.11363524936008397,0.014018930048719347,0.0006148468312853196
NIFTY_MIDCAP_100,2026-06-05,5,0.000637898884167944,0.13011032275994733,0.8426777154773475,0.024839470861452,0.0017345920170851205
NIFTY_SMALLCAP_250,2024-10-23,5,0.0008064371385389063,0.0234388909859662,0.9383535069983799,0.036874138154378414,0.0005270267227363263
NIFTY_SMALLCAP_250,2024-10-24,5,0.0003260400083219423,0.009131247240857114,0.06582496360855765,0.9245805542188472,0.0001371949234161634
NIFTY_SMALLCAP_250,2024-10-25,5,0.0009949403978460343,0.006732480643937746,0.04447253794867643,0.9477199218831451,8.011912639467174e-05
NIFTY_SMALLCAP_250,2024-10-28,5,0.0002488570329406679,0.005456797647650152,0.020804504011383073,0.9733382947399147,0.00015154656811130614
NIFTY_SMALLCAP_250,2024-10-29,5,0.0007892904728834136,0.008919333619986472,0.008060589478390702,0.9819766290952363,0.00025415733350318473
NIFTY_SMALLCAP_250,2024-10-30,5,0.0004656556397833843,0.007650479186066109,0.015429230184899478,0.9761870963630055,0.0002675386262454607
NIFTY_SMALLCAP_250,2024-10-31,5,0.0001367914471856422,0.005055803408555353,0.08823239498552095,0.9062860794104441,0.0002889307482937797
NIFTY_SMALLCAP_250,2024-11-01,5,0.0004101991000375571,0.021425998120513295,0.9284961612824193,0.04545594710264618,0.004211694394383782
NIFTY_SMALLCAP_250,2024-11-04,5,0.0006584246701578379,0.012892578897532422,0.9712271147240557,0.014670765832672742,0.0005511158755814017
NIFTY_SMALLCAP_250,2024-11-05,5,0.00053393356960207,0.017475068198190745,0.9708462000367426,0.010725788246556602,0.00041900994890789147
NIFTY_SMALLCAP_250,2024-11-06,5,0.00033977729849654886,0.011253652338802518,0.960965175059149,0.015003743119127999,0.012437652184423933
NIFTY_SMALLCAP_250,2024-11-07,5,0.0002625665018772044,0.01733184069610687,0.9708086170993685,0.010302094393672134,0.0012948813089750178
NIFTY_SMALLCAP_250,2024-11-08,5,0.001109029997029999,0.01870183112565332,0.9683404905135604,0.010701688531283882,0.001146959832472369
NIFTY_SMALLCAP_250,2024-11-11,5,0.002467815685089223,0.04155444014564402,0.9430216050312179,0.012101715579060163,0.0008544235589886962
NIFTY_SMALLCAP_250,2024-11-12,5,0.0037030999999924275,0.07389198913242827,0.9028564032256654,0.018895094500340274,0.0006534131415734885
NIFTY_SMALLCAP_250,2024-11-13,5,0.003530424359435147,0.022243506553575123,0.9608733617123509,0.013152521326530765,0.00020018604810822198
NIFTY_SMALLCAP_250,2024-11-14,5,0.0025306400137549514,0.030770480476312746,0.9502089163959307,0.016226759978667557,0.0002632031353339441
NIFTY_SMALLCAP_250,2024-11-18,5,0.002378953658243856,0.018264192871937555,0.9670161893422738,0.012175805937043729,0.00016485819050079587
NIFTY_SMALLCAP_250,2024-11-19,5,0.004729976636059559,0.019339374827060257,0.9443142462449635,0.03118643434484917,0.0004299679470673972
NIFTY_SMALLCAP_250,2024-11-21,5,0.004677960491693151,0.020390837405788623,0.03686588419761432,0.9377137813055427,0.0003515365993612219
NIFTY_SMALLCAP_250,2024-11-22,5,0.005710609661061304,0.02175242509761706,0.01632605791086395,0.955838438620677,0.00037246870978079733
NIFTY_SMALLCAP_250,2024-11-25,5,0.002320627601948759,0.009602820101914593,0.008786679664114033,0.0015945748967838588,0.9776952977352388
NIFTY_SMALLCAP_250,2024-11-26,5,0.0009363403756467824,0.0036567093863225557,0.019917471742299252,0.00021086775611901836,0.9752786107396123
NIFTY_SMALLCAP_250,2024-11-27,5,0.00011900037981157148,0.0012338571452355364,0.023281654978904442,0.00024451608565674696,0.9751209714103918
NIFTY_SMALLCAP_250,2024-11-28,5,4.144066613108863e-05,0.0019187269083514031,0.0312214981091406,0.0004339211122764682,0.9663844132041005
NIFTY_SMALLCAP_250,2024-11-29,5,4.788338171383557e-05,0.0020813156834512637,0.01269887902690744,0.0010307604146176422,0.9841411614933098
NIFTY_SMALLCAP_250,2024-12-02,5,3.463976845221354e-05,0.0013459362653079887,0.007288652697337129,0.002191752184096238,0.9891390190848065
NIFTY_SMALLCAP_250,2024-12-03,5,4.258827759093582e-05,0.0018579670245257973,0.009704664557629502,0.0020861124140169754,0.9863086677262368
NIFTY_SMALLCAP_250,2024-12-04,5,4.354892534029556e-05,0.0009572543013019639,0.009053144063098813,0.007153093346051055,0.9827929593642077
NIFTY_SMALLCAP_250,2024-12-05,5,4.4613444267703403e-05,0.0012765827668853357,0.005123459422104259,0.0031050225819067093,0.9904503217848359
NIFTY_SMALLCAP_250,2024-12-06,5,3.313031495956948e-05,0.0007909294504698408,0.007658342613727584,0.007235510508614969,0.984282087112228
NIFTY_SMALLCAP_250,2024-12-09,5,4.878446956034841e-05,0.0010303594980081174,0.006968512203476856,0.0032767245243540185,0.9886756193046008
NIFTY_SMALLCAP_250,2024-12-10,5,4.4064227429051385e-05,0.000735859345899203,0.007767264540198726,0.002231785863132955,0.98922102602334
NIFTY_SMALLCAP_250,2024-12-11,5,6.008352225699154e-05,0.0005438445340001512,0.014984116991714388,0.015304965769651867,0.9691069891823767
NIFTY_SMALLCAP_250,2024-12-12,5,3.892766511914541e-05,0.0007038454197482418,0.0446639343073979,0.007323724995174538,0.9472695676125601
NIFTY_SMALLCAP_250,2024-12-13,5,0.00030309555605630975,0.006062895565428633,0.1555212454803586,0.8195358998008371,0.018576863597319446
NIFTY_SMALLCAP_250,2024-12-16,5,0.00038582972447205794,0.008936945708562651,0.9137696032532104,0.058080461233396906,0.018827160080357893
NIFTY_SMALLCAP_250,2024-12-17,5,0.0003007799502118017,0.014429474212568568,0.9424492564962071,0.029977287870268293,0.012843201470744157
NIFTY_SMALLCAP_250,2024-12-18,5,0.0002530271269547707,0.008127322453135478,0.9749711393673103,0.011985187811026667,0.004663323241572787
NIFTY_SMALLCAP_250,2024-12-19,5,0.00034986082358332005,0.01943660764867939,0.9509967315852944,0.025341949720806767,0.0038748502216360077
NIFTY_SMALLCAP_250,2024-12-20,5,0.0014357347363021702,0.022197678142834167,0.9072797047062608,0.0674067763502294,0.0016801060643732236
NIFTY_SMALLCAP_250,2024-12-23,5,0.003316059797490125,0.028038503725546,0.8859909012581373,0.08084021997000901,0.0018143152488175108
NIFTY_SMALLCAP_250,2024-12-24,5,0.0013558654164135273,0.00993273813784519,0.08713663758821821,0.9009254449643482,0.0006493138931747319
NIFTY_SMALLCAP_250,2024-12-26,5,0.0006586126976423727,0.00736357340405147,0.05412101768278778,0.9374027252790486,0.00045407093646980843
NIFTY_SMALLCAP_250,2024-12-27,5,0.0005886679897968258,0.016355637354537107,0.07065623774632605,0.9114368069814164,0.0009626499279238096
NIFTY_SMALLCAP_250,2024-12-30,5,0.002794767615306338,0.045267250241846864,0.944416436153374,0.0067679492902507155,0.0007535966992219245
NIFTY_SMALLCAP_250,2024-12-31,5,0.002207900806766221,0.03187527294594715,0.9587951670965228,0.005349990534804523,0.0017716686159591404
NIFTY_SMALLCAP_250,2025-01-01,5,0.0019594460474666106,0.025937593329647075,0.9627376158767305,0.005831970131376828,0.003533374614778893
NIFTY_SMALLCAP_250,2025-01-02,5,0.002349981974724908,0.022096044132036904,0.9657650331335963,0.0056495631616425845,0.004139377597999419
NIFTY_SMALLCAP_250,2025-01-03,5,0.0023119812305643136,0.023153081703808375,0.9669152463101143,0.006662924983257063,0.0009567657722559554
NIFTY_SMALLCAP_250,2025-01-06,5,0.0056759828092272655,0.021070245280951864,0.9722295384055007,0.0007790742497992824,0.0002451592545206913
NIFTY_SMALLCAP_250,2025-01-07,5,0.00925815673932581,0.033095419428527034,0.9531811431242468,0.0016793243436791943,0.0027859563642211056
NIFTY_SMALLCAP_250,2025-01-08,5,0.0037048510874896777,0.01049497732724424,0.985176796861266,0.00045138573307607337,0.0001719889909240912
NIFTY_SMALLCAP_250,2025-01-09,5,0.0028501613018800174,0.022194504483160616,0.9736212283452592,0.0010101244454596302,0.00032398142424040744
NIFTY_SMALLCAP_250,2025-01-10,5,0.00677491832229372,0.02137458484478952,0.9697592390439685,0.001735206565874873,0.0003560512230733904
NIFTY_SMALLCAP_250,2025-01-14,5,0.014505338468844609,0.01544343814556722,0.9686622612337714,0.0011253641109971709,0.0002635980408195494
NIFTY_SMALLCAP_250,2025-01-15,5,0.01770647688172252,0.023948824376948286,0.9546829174306778,0.0030939904572385257,0.0005677908534129744
NIFTY_SMALLCAP_250,2025-01-16,5,0.01945707841871555,0.040128820809374285,0.938169952829519,0.0018257627347781455,0.0004183852076129805
NIFTY_SMALLCAP_250,2025-01-17,5,0.9772404707292305,0.013116238331375147,0.008824967767697244,0.0007011094269659599,0.00011721374473122148
NIFTY_SMALLCAP_250,2025-01-20,5,0.9621977628566981,0.026096976363725728,0.010302170500587437,0.00046478637427027755,0.0009383039047183921
NIFTY_SMALLCAP_250,2025-01-21,5,0.06786489770714496,0.8568367646714532,0.06889031310657451,0.005262511337419444,0.001145513177407985
NIFTY_SMALLCAP_250,2025-01-22,5,0.9005813323909546,0.0840695579640188,0.014283057934806175,0.0007791644259586606,0.00028688728426175085
NIFTY_SMALLCAP_250,2025-01-23,5,0.045545662409940985,0.9105848603691171,0.040586968965845294,0.0024202412265687226,0.0008622670285278828
NIFTY_SMALLCAP_250,2025-01-29,5,0.016454764147776663,0.9657413079718246,0.01630785203897247,0.0010678254384824165,0.0004282504029439052
NIFTY_SMALLCAP_250,2025-01-30,5,0.02454167386638877,0.9411752759074725,0.03259691508454735,0.0012055461758243126,0.0004805889657669053
NIFTY_SMALLCAP_250,2025-01-31,5,0.015926971071357716,0.9688726096707277,0.013293708767736024,0.0013543936462503744,0.0005523168439280847
NIFTY_SMALLCAP_250,2025-02-01,5,0.026065276428486064,0.9554425535414769,0.016500465828909697,0.0014807189730327804,0.0005109852280945946
NIFTY_SMALLCAP_250,2025-02-03,5,0.02327624128416737,0.9603296337435453,0.012745202434925804,0.001383648643985461,0.002265273893376183
NIFTY_SMALLCAP_250,2025-02-04,5,0.9746668313838669,0.02336811895607872,0.0016579033735797753,0.0002361139338760476,7.103235259870937e-05
NIFTY_SMALLCAP_250,2025-02-05,5,0.9864905772662727,0.0119299245573906,0.001346591445927087,0.00013491632179234386,9.799040861748542e-05
NIFTY_SMALLCAP_250,2025-02-06,5,0.9921863967471475,0.006208967509592139,0.0014016189969453421,0.00015072843482998252,5.2288311485080314e-05
NIFTY_SMALLCAP_250,2025-02-07,5,0.9914809248834466,0.006091292862458122,0.002202297127543819,0.00015984324910400216,6.564187744746765e-05
NIFTY_SMALLCAP_250,2025-02-10,5,0.9903097342985951,0.00862229770373897,0.0008957022527895001,0.00012099430195520886,5.127144292129163e-05
NIFTY_SMALLCAP_250,2025-02-11,5,0.9914852958031688,0.007425734265265373,0.0009202466312805292,0.00011468548805272802,5.403781223248266e-05
NIFTY_SMALLCAP_250,2025-02-12,5,0.9851463508923194,0.012480097699810568,0.0020321162879556555,0.00026517013354944213,7.62649863647742e-05
NIFTY_SMALLCAP_250,2025-02-13,5,0.9939043998105497,0.004360288845586228,0.0015153083107505804,0.00018355455327019553,3.644847984326713e-05
NIFTY_SMALLCAP_250,2025-02-19,5,0.9949074438081134,0.004069215144468273,0.000780874790685768,0.0002163094154989877,2.6156841233601474e-05
NIFTY_SMALLCAP_250,2025-02-20,5,0.9982629592456291,0.001289047402466048,0.00029262140656702865,0.00013924424957486176,1.6127695762843474e-05
NIFTY_SMALLCAP_250,2025-02-21,5,0.9976524231672812,0.0018996504818824917,0.0002880237206517882,0.00014396107192010408,1.594155826444254e-05
NIFTY_SMALLCAP_250,2025-02-24,5,0.9968102172580832,0.0027193865932407233,0.00036709257646296803,8.516358675863588e-05,1.8139985454408055e-05
NIFTY_SMALLCAP_250,2025-02-25,5,0.9970647433543655,0.002301853240725094,0.0005709132683665886,4.900865389574704e-05,1.3481482647187003e-05
NIFTY_SMALLCAP_250,2025-02-27,5,0.9964869307165143,0.0024230082702742925,0.0010128105258848678,6.058463953046617e-05,1.6665847796055022e-05
NIFTY_SMALLCAP_250,2025-03-04,5,0.9787091665089356,0.014910807722261745,0.006033520812139998,0.00026919344256176933,7.731151410079918e-05
NIFTY_SMALLCAP_250,2025-03-05,5,0.9856412034324497,0.009389794562306186,0.004721043053577624,0.0001746526141345909,7.330633753189839e-05
NIFTY_SMALLCAP_250,2025-03-06,5,0.9949970856090762,0.0031690270749381555,0.0017234740427524823,7.875278886006928e-05,3.1660484373053235e-05
NIFTY_SMALLCAP_250,2025-03-07,5,0.9928050411580516,0.0059717286855930805,0.0011064648241378423,5.437400556607263e-05,6.239132665152791e-05
NIFTY_SMALLCAP_250,2025-03-10,5,0.9893111855416888,0.007285678438028454,0.003087365878167158,0.00019031221873752052,0.0001254579233779951
NIFTY_SMALLCAP_250,2025-03-11,5,0.9600658515239257,0.027886385890849345,0.011673106865775976,0.0002685039155434747,0.0001061518039054417
NIFTY_SMALLCAP_250,2025-03-12,5,0.038570027936068986,0.9134516089472983,0.04627113210843434,0.001223518517514681,0.0004837124906838308
NIFTY_SMALLCAP_250,2025-03-13,5,0.01576287646946303,0.9201014106920793,0.06226593938065975,0.0013400075550334361,0.0005297659027646033
NIFTY_SMALLCAP_250,2025-03-17,5,0.00681517712750145,0.18839204081654093,0.8037479199061526,0.0007488196866138947,0.000296042463191201
NIFTY_SMALLCAP_250,2025-03-18,5,0.007291462850405375,0.9283899904197136,0.06384038916024692,0.0003379460962328942,0.00014021147340105854
NIFTY_SMALLCAP_250,2025-03-19,5,0.004384265023250182,0.9520114135054064,0.04242036690218809,0.000730411705465696,0.0004535428636894216
NIFTY_SMALLCAP_250,2025-03-20,5,0.0019496111807338345,0.9567687972763458,0.040224849773785945,0.0006854940504475939,0.0003712477186869518
NIFTY_SMALLCAP_250,2025-03-21,5,0.00611757282435425,0.9517305077343734,0.04015124853138354,0.001433826608690448,0.0005668443011981988
NIFTY_SMALLCAP_250,2025-03-24,5,0.005208597998134379,0.9821230799160922,0.011081213522422806,0.000984833432031057,0.0006022751313196789
NIFTY_SMALLCAP_250,2025-03-25,5,0.016286211785993425,0.9318130597309667,0.04907978799428918,0.0015473783300480341,0.001273562158702667
NIFTY_SMALLCAP_250,2025-03-26,5,0.011315202863328464,0.14881065095297424,0.8367229080298405,0.002418006841745704,0.0007332313121110893
NIFTY_SMALLCAP_250,2025-03-27,5,0.023875163923452885,0.9435250763327315,0.030374905762221405,0.0017064430428484197,0.0005184109387458809
NIFTY_SMALLCAP_250,2025-03-28,5,0.9262102942202303,0.06653165490104197,0.006602034775474697,0.000496630208426511,0.00015938589482647844
NIFTY_SMALLCAP_250,2025-04-01,5,0.03918362057468402,0.9169771090493268,0.040868677776564034,0.002299061213772784,0.0006715313856522032
NIFTY_SMALLCAP_250,2025-04-02,5,0.9612948974692092,0.034489130030743005,0.0037832255737549445,0.0003236837335312768,0.00010906319276172323
NIFTY_SMALLCAP_250,2025-04-03,5,0.010289286114279435,0.9325702200425076,0.054841022369286035,0.001720423416251316,0.0005790480576757765
NIFTY_SMALLCAP_250,2025-04-04,5,0.008757210029129861,0.894417933178103,0.09535195048374259,0.001047138635297045,0.000425767673727487
NIFTY_SMALLCAP_250,2025-04-07,5,0.003110208272468574,0.029706671375147795,0.9665019804744911,0.0004789011785292997,0.00020223869936318494
NIFTY_SMALLCAP_250,2025-04-08,5,0.007157480984855265,0.047488740902228765,0.9441432973532917,0.0008654662530399791,0.00034501450658436987
NIFTY_SMALLCAP_250,2025-04-09,5,0.0073508651782224176,0.031124408135734246,0.9604796306269481,0.0008258210365480642,0.0002192750225470731
NIFTY_SMALLCAP_250,2025-04-11,5,0.003768732982882014,0.05067938441054633,0.9446087746212685,0.0006604256401167125,0.00028268234518648066
NIFTY_SMALLCAP_250,2025-04-15,5,0.0005146431766318463,0.032045025279062764,0.9667565096365015,0.00045142373263639627,0.00023239817516734426
NIFTY_SMALLCAP_250,2025-04-16,5,0.0003854399113883837,0.04226389725288145,0.9563268277530491,0.0005712606562537962,0.00045257442642740735
NIFTY_SMALLCAP_250,2025-04-17,5,0.0003858235446987493,0.051741885528398104,0.9470228360640521,0.0005950155864121315,0.00025443927643878665
NIFTY_SMALLCAP_250,2025-04-21,5,0.00048702353166160466,0.05086085642159236,0.947393264508729,0.000993667267141735,0.00026518827087513224
NIFTY_SMALLCAP_250,2025-04-22,5,0.0009666753567926423,0.03834053049552639,0.958374111518037,0.0018088849624482036,0.0005097976671958157
NIFTY_SMALLCAP_250,2025-04-23,5,0.0004730463409080315,0.9369478854061933,0.06094109673660611,0.0013189844771481331,0.000318987039144341
NIFTY_SMALLCAP_250,2025-04-24,5,0.001393526754175642,0.9628160986333383,0.03368547880648145,0.001695891739270968,0.0004090040667335557
NIFTY_SMALLCAP_250,2025-04-25,5,0.0012472892640186062,0.130368865314605,0.8668712600741921,0.0011174094834836637,0.0003951758637003824
NIFTY_SMALLCAP_250,2025-04-28,5,0.0016118762083369754,0.9201998718334305,0.07241188942547395,0.005439558814779001,0.00033680371797952576
NIFTY_SMALLCAP_250,2025-04-29,5,0.0005023538247145809,0.9535272530845943,0.0433171775633397,0.00251821417891846,0.0001350013484330698
NIFTY_SMALLCAP_250,2025-04-30,5,0.0005184775353119619,0.9149102771176639,0.08390013148741099,0.0005043883258077984,0.00016672553380569298
NIFTY_SMALLCAP_250,2025-05-02,5,0.0010203399565204719,0.8907797573074677,0.10713651187364022,0.0007879388339251207,0.00027545202844649834
NIFTY_SMALLCAP_250,2025-05-05,5,0.0004218788358612481,0.053743215117916375,0.9433215078572837,0.0023358165035936504,0.0001775816853448371
NIFTY_SMALLCAP_250,2025-05-06,5,0.0011700286307876255,0.034191252045752504,0.9633503209377902,0.0009940815505842804,0.0002943168350854505
NIFTY_SMALLCAP_250,2025-05-07,5,0.001746110992406954,0.048855575746945774,0.94658748777602,0.0016676459773343746,0.0011431795072931457
NIFTY_SMALLCAP_250,2025-05-08,5,0.0009817332957047157,0.027141230169356444,0.9707282753330939,0.0009218061498065349,0.00022695505203843716
NIFTY_SMALLCAP_250,2025-05-09,5,0.005488389522433875,0.02926646098252514,0.9639277239060233,0.0010609889728673734,0.000256436616149971
NIFTY_SMALLCAP_250,2025-05-12,5,0.0002680913597336185,0.004836511540665624,0.9921123801811439,0.0026724144056188255,0.00011060251283798038
NIFTY_SMALLCAP_250,2025-05-13,5,0.0003220332605393551,0.011492382864359002,0.9856549983840156,0.0023428088643359956,0.00018777662675012862
NIFTY_SMALLCAP_250,2025-05-14,5,0.0006185308223418067,0.01185144305017659,0.9781222965370312,0.00914946611159382,0.0002582634788565256
NIFTY_SMALLCAP_250,2025-05-15,5,0.00031681823078524217,0.005049753483169862,0.9851173846809215,0.009372307866707414,0.0001437357384157604
NIFTY_SMALLCAP_250,2025-05-16,5,0.00030069704269799824,0.0049870074560036904,0.9762848250732489,0.018213114634702127,0.00021435579334724774
NIFTY_SMALLCAP_250,2025-05-19,5,0.0006068475391608973,0.012789498988928484,0.9550212631322642,0.03132756830520047,0.0002548220344459777
NIFTY_SMALLCAP_250,2025-05-20,5,0.0007615198683256751,0.003030042176101182,0.9212841041208372,0.07447285446303978,0.0004514793716961534
NIFTY_SMALLCAP_250,2025-05-21,5,0.00044485009663027333,0.0017967804106007175,0.055147397499952164,0.9423529447228701,0.00025802726994652084
NIFTY_SMALLCAP_250,2025-05-22,5,0.0006464059745831613,0.001685660451793305,0.03296376669955543,0.9643375980838025,0.00036656879026582745
NIFTY_SMALLCAP_250,2025-05-23,5,0.0007032862048187181,0.0020268048917699583,0.018646842444577177,0.9783076739121593,0.0003153925466748766
NIFTY_SMALLCAP_250,2025-05-26,5,0.00046788299620213156,0.0016980627822817257,0.01892194024783276,0.9786135973549926,0.00029851661869064854
NIFTY_SMALLCAP_250,2025-05-27,5,0.00014012132947170304,0.0009121232060530775,0.007087761133698099,0.9917143411158668,0.00014565321491022122
NIFTY_SMALLCAP_250,2025-05-28,5,0.0003979921301209763,0.0023122030879288054,0.017032472681884517,0.9789690311512729,0.0012883009487927347
NIFTY_SMALLCAP_250,2025-05-29,5,0.00017134902669267365,0.0012458261753252964,0.013800468859585675,0.9819831672565016,0.0027991886818945692
NIFTY_SMALLCAP_250,2025-05-30,5,0.00036913118796399173,0.001577801746818503,0.018750165446286375,0.9725770954538291,0.0067258061651019364
NIFTY_SMALLCAP_250,2025-06-02,5,0.0008626778080982711,0.000560465886509936,0.017595419896216272,0.9421711741016894,0.03881026230748603
NIFTY_SMALLCAP_250,2025-06-03,5,6.642879937323982e-05,0.00012798895222977503,0.0034254991770351732,0.07031765782935628,0.9260624252420057
NIFTY_SMALLCAP_250,2025-06-04,5,6.737055411629378e-05,0.00012944026906679798,0.004392674145270825,0.06168641195597727,0.9337241030755689
NIFTY_SMALLCAP_250,2025-06-05,5,0.00031865586682836326,0.000536282833084053,0.011942725054979073,0.943904548809123,0.04329778743598541
NIFTY_SMALLCAP_250,2025-06-06,5,5.458608648645724e-05,0.00015558246706219925,0.004454868832400447,0.06325626727093805,0.9320786953431128
NIFTY_SMALLCAP_250,2025-06-09,5,0.0002233492758411186,0.0006053616985152949,0.019295834472062935,0.9618075835115341,0.018067871042046855
NIFTY_SMALLCAP_250,2025-06-10,5,0.00022436469657962304,0.0005202961469404176,0.010943911364023744,0.9756692813666415,0.012642146425814588
NIFTY_SMALLCAP_250,2025-06-11,5,0.00015689825118294577,0.00041812971565275553,0.010815098723324963,0.9791864333190111,0.009423439990828173
NIFTY_SMALLCAP_250,2025-06-12,5,0.00010919378537305969,0.0002903631164411248,0.0076302539256910135,0.9884215990410531,0.0035485901314417398
NIFTY_SMALLCAP_250,2025-06-13,5,8.586212779232787e-05,0.0002088126303921744,0.005142784165762628,0.9924599537419736,0.0021025873340793973
NIFTY_SMALLCAP_250,2025-06-16,5,0.00016081548222628936,0.00045163866406459994,0.009014511904433432,0.9857150677600475,0.0046579661892282255
NIFTY_SMALLCAP_250,2025-06-17,5,0.00015880378584919735,0.0004824419935528281,0.00871198499030224,0.9806934486948296,0.009953320535465944
NIFTY_SMALLCAP_250,2025-06-18,5,0.0001128789052092727,0.000548138830476664,0.006316584568347995,0.9882733394447981,0.0047490582511677095
NIFTY_SMALLCAP_250,2025-06-19,5,0.0020377808941816444,0.0046339074380521315,0.04211922841025132,0.9425691686186092,0.008639914638905715
NIFTY_SMALLCAP_250,2025-06-20,5,0.0005319042455933916,0.0031479733588444846,0.027292692769812128,0.9617981072627688,0.007229322362981397
NIFTY_SMALLCAP_250,2025-06-23,5,0.0006147199422474801,0.002077243933633687,0.02279668709069297,0.9555481329277692,0.01896321610565671
NIFTY_SMALLCAP_250,2025-06-24,5,3.8117197673283694e-05,0.0002296125718305347,0.007828515086271656,0.03495488630777212,0.9569488688364524
NIFTY_SMALLCAP_250,2025-06-25,5,2.1788216942301023e-05,5.666387325054463e-05,0.0034849332624316627,0.0051160683807418535,0.9913205462666336
NIFTY_SMALLCAP_250,2025-06-26,5,2.9391383715415335e-05,7.814102340472627e-05,0.0043863877819896695,0.006524529313674268,0.9889815504972159
NIFTY_SMALLCAP_250,2025-06-27,5,3.129738601332341e-05,9.757515188319462e-05,0.0033662960287762214,0.008656585865123747,0.9878482455682036
NIFTY_SMALLCAP_250,2025-06-30,5,5.50076484388939e-05,0.00020115583738345357,0.004883945660125755,0.015743602297355525,0.9791162885566965
NIFTY_SMALLCAP_250,2025-07-01,5,3.3985122689737934e-05,9.312440442648794e-05,0.0031063156025692928,0.008295072477242984,0.9884715023930716
NIFTY_SMALLCAP_250,2025-07-02,5,2.9384288048641145e-05,0.00043412742662997644,0.002998893302335563,0.007255423819674123,0.9892821711633117
NIFTY_SMALLCAP_250,2025-07-03,5,3.193427330033889e-05,8.721597987235276e-05,0.004206671804830423,0.005160746957610893,0.9905134309843859
NIFTY_SMALLCAP_250,2025-07-04,5,2.3749840821880043e-05,6.451996391486481e-05,0.004227221654692446,0.0034460075890634543,0.9922385009515073
NIFTY_SMALLCAP_250,2025-07-07,5,1.9471489976151886e-05,0.00022963547304403697,0.0031020858051600798,0.004062088420862238,0.9925867188109574
NIFTY_SMALLCAP_250,2025-07-08,5,2.6131150267790738e-05,0.0008226859279332686,0.005905550011381947,0.004239031095648116,0.9890066018147688
NIFTY_SMALLCAP_250,2025-07-09,5,2.7727015039915836e-05,0.0001676836833629588,0.004455624413963247,0.003493326916155915,0.9918556379714779
NIFTY_SMALLCAP_250,2025-07-10,5,3.3914927891111054e-05,0.00022371260260256416,0.006480128534222117,0.002142045040162227,0.991120198895122
NIFTY_SMALLCAP_250,2025-07-11,5,3.829415101799364e-05,0.000841665626707083,0.010134914362790957,0.005202025370618349,0.9837831004888656
NIFTY_SMALLCAP_250,2025-07-14,5,2.2425138440294984e-05,0.00022866289112687547,0.005567577061114975,0.002626561817723605,0.9915547730915941
NIFTY_SMALLCAP_250,2025-07-15,5,3.425344875486084e-05,0.00010106100775030145,0.007650396560963132,0.004547832269310776,0.987666456713221
NIFTY_SMALLCAP_250,2025-07-16,5,3.342011206839322e-05,0.00011237999737486065,0.006530055596151676,0.004904228051245969,0.9884199162431591
NIFTY_SMALLCAP_250,2025-07-17,5,0.00011849169340986391,0.0003780237371028625,0.04197406592491828,0.01031739510142476,0.9472120235431443
NIFTY_SMALLCAP_250,2025-07-18,5,0.0006149381917088148,0.004634220720300778,0.9058612193539756,0.03206407465160314,0.05682554708241182
NIFTY_SMALLCAP_250,2025-07-21,5,0.0005937469585339246,0.005434813835042332,0.9645041830607377,0.02350007542773845,0.005967180717947557
NIFTY_SMALLCAP_250,2025-07-22,5,0.0004598153402111941,0.017808333469867852,0.963220161783914,0.014376756242540596,0.0041349331634665115
NIFTY_SMALLCAP_250,2025-07-23,5,0.0003888417484006533,0.020932058923954493,0.9672059424875978,0.009716002729258539,0.0017571541107884575
NIFTY_SMALLCAP_250,2025-07-24,5,0.0003212302479918363,0.01538314973885899,0.9585015603101356,0.02512488031600594,0.0006691793870076261
NIFTY_SMALLCAP_250,2025-07-25,5,0.0030799263191949515,0.03139150602171238,0.9610915914774535,0.0037197748737176285,0.0007172013079216719
NIFTY_SMALLCAP_250,2025-07-28,5,0.0012994168092085633,0.018819874961327653,0.9780960858589108,0.0013334695623175197,0.00045115280823554703
NIFTY_SMALLCAP_250,2025-07-29,5,0.0006838958439818908,0.013213211213016456,0.9850775233360568,0.0008071570997402202,0.0002182125072044101
NIFTY_SMALLCAP_250,2025-07-30,5,0.0019466335531433709,0.01123572259225459,0.9854928668193133,0.001093117586097173,0.00023165944919167027
NIFTY_SMALLCAP_250,2025-07-31,5,0.00042508438417606525,0.005472067894855846,0.9935624879294872,0.00041745621281930436,0.00012290357866147009
NIFTY_SMALLCAP_250,2025-08-01,5,0.0010029261114599532,0.0038687322946006747,0.9942470670981263,0.0007787649287911214,0.00010250956702176731
NIFTY_SMALLCAP_250,2025-08-04,5,0.0002869044532624936,0.00892599843989824,0.9902796134704955,0.00041123622951854435,9.624740682526583e-05
NIFTY_SMALLCAP_250,2025-08-05,5,0.00028897233064517885,0.005829733537047536,0.9932897049489084,0.0004834467586183524,0.00010814242478061236
NIFTY_SMALLCAP_250,2025-08-06,5,0.0002275302255721952,0.0068219303037058135,0.9919667379269449,0.0009009733506084669,8.28281931685382e-05
NIFTY_SMALLCAP_250,2025-08-07,5,0.0002454777735055169,0.013223575485878,0.9859997402625699,0.0004408892404596162,9.031723758712281e-05
NIFTY_SMALLCAP_250,2025-08-08,5,0.000578544970886346,0.01115273776437848,0.9878083679301143,0.00022917821614010895,0.00023117111848085145
NIFTY_SMALLCAP_250,2025-08-11,5,0.0006669466444441739,0.011769347613888474,0.9871793476335026,0.000291019024002437,9.333908416255392e-05
NIFTY_SMALLCAP_250,2025-08-12,5,0.004378772045934434,0.014199065258019065,0.9808644070968519,0.00042057583903930523,0.00013717976015545095
NIFTY_SMALLCAP_250,2025-08-13,5,0.011906025154704255,0.035169108897374304,0.9516243779557227,0.0009815986530594487,0.0003188893391391097
NIFTY_SMALLCAP_250,2025-08-14,5,0.002523934675057211,0.05905846902554228,0.9361585348165959,0.0017221320849439298,0.0005369293978606778
NIFTY_SMALLCAP_250,2025-08-18,5,0.001661598603274805,0.0757505348702434,0.9207913022520271,0.0012856122793037628,0.0005109519951511347
NIFTY_SMALLCAP_250,2025-08-19,5,0.007971340872591872,0.8583337845952658,0.12961341288638722,0.0033111242648099313,0.000770337380945182
NIFTY_SMALLCAP_250,2025-08-20,5,0.0009916582705934288,0.9547527503879084,0.04271767011987395,0.0012351011635638716,0.0003028200580603889
NIFTY_SMALLCAP_250,2025-08-21,5,0.0018275666499503302,0.9366952733526577,0.058772310343029814,0.002212456683027567,0.0004923929713347344
NIFTY_SMALLCAP_250,2025-08-22,5,0.0017381999671098943,0.9638317582995021,0.032562050385561245,0.0015061562884862627,0.0003618350593405993
NIFTY_SMALLCAP_250,2025-08-25,5,0.0038847582021405585,0.9385538483976926,0.05577672625700212,0.001309565666343952,0.0004751014768208974
NIFTY_SMALLCAP_250,2025-08-26,5,0.004096037782714613,0.15857728923735864,0.8356065750164601,0.0012582471341934143,0.0004618508292732252
NIFTY_SMALLCAP_250,2025-08-28,5,0.002844225067361666,0.9367237505863243,0.0593033632409279,0.0008276306098201463,0.00030103049556597734
NIFTY_SMALLCAP_250,2025-08-29,5,0.00517452151219794,0.9405220900812146,0.05326838392406599,0.0007305188722956543,0.00030448561022573405
NIFTY_SMALLCAP_250,2025-09-01,5,0.0012725333050073822,0.8854708205063999,0.11179850716731242,0.0010395049609050115,0.0004186340603752293
NIFTY_SMALLCAP_250,2025-09-02,5,0.002826115157076721,0.04780689938329366,0.9466301205784208,0.0019936630655948413,0.0007432018156140959
NIFTY_SMALLCAP_250,2025-09-03,5,0.001535154372184036,0.05181642022288856,0.9447104059800862,0.0014592187547392377,0.00047880067010178985
NIFTY_SMALLCAP_250,2025-09-04,5,0.0011688668736646822,0.07155546354866817,0.9254961269875513,0.0013151941429904214,0.00046434844712546887
NIFTY_SMALLCAP_250,2025-09-05,5,0.004215975513767535,0.021988541593284613,0.9722449893547566,0.0009397995615822875,0.000610693976608768
NIFTY_SMALLCAP_250,2025-09-08,5,0.000684393523724991,0.03901157732954957,0.9588623530395256,0.0008320981583728159,0.0006095779488269184
NIFTY_SMALLCAP_250,2025-09-09,5,0.0020870858465242086,0.038649094921305825,0.9566470969919004,0.0019524710486742052,0.000664251191595199
NIFTY_SMALLCAP_250,2025-09-10,5,0.0004087314658696913,0.01483874241700731,0.044828635311031255,0.9396659933444772,0.00025789746161448626
NIFTY_SMALLCAP_250,2025-09-11,5,0.0005004421647719966,0.015415299657921343,0.05663521606759754,0.9272250956782121,0.00022394643149706883
NIFTY_SMALLCAP_250,2025-09-12,5,0.0009484389889774695,0.008824850961929158,0.04920747860785577,0.940832417976837,0.00018681346440050617
NIFTY_SMALLCAP_250,2025-09-15,5,0.0006590866838697977,0.008058295918744376,0.07022737458161002,0.9208719258729198,0.00018331694285606055
NIFTY_SMALLCAP_250,2025-09-16,5,0.0007282711872887821,0.010410254413848439,0.9775050854791255,0.009813002482807708,0.0015433864369295495
NIFTY_SMALLCAP_250,2025-09-17,5,0.000850739554769892,0.004398785959331479,0.9891380546395492,0.004863315451241602,0.0007491043951077973
NIFTY_SMALLCAP_250,2025-09-18,5,0.001145219227141826,0.004683519001619941,0.9867269389543419,0.0062790323690486835,0.001165290447847514
NIFTY_SMALLCAP_250,2025-09-19,5,0.00022120687015746528,0.0023839911933847394,0.9949585524996356,0.0018599939427403958,0.00057625549408176
NIFTY_SMALLCAP_250,2025-09-22,5,0.0004695839321498584,0.0072768270959409406,0.9871809927408284,0.004578797213252699,0.0004937990178278787
NIFTY_SMALLCAP_250,2025-09-23,5,0.0006037130147567213,0.022607673139866655,0.9192346122091767,0.057245021207242376,0.0003089804289577354
NIFTY_SMALLCAP_250,2025-09-24,5,0.000943560055796975,0.04326656233513388,0.9459357088845629,0.009427658971190018,0.000426509753316295
NIFTY_SMALLCAP_250,2025-09-25,5,0.0005794549451467343,0.017854710876084534,0.9803501513243236,0.0008903966173786622,0.00032528623706651837
NIFTY_SMALLCAP_250,2025-09-26,5,0.0010467508066782536,0.018456633038968325,0.979714667963152,0.0005907237195574894,0.00019122447164391084
NIFTY_SMALLCAP_250,2025-09-29,5,0.0009716848165152025,0.020304092900269348,0.9779037906703224,0.0006427536516716548,0.0001776779612212003
NIFTY_SMALLCAP_250,2025-09-30,5,0.0011764433719486625,0.019556425224469147,0.9784173073667223,0.0006443319122175528,0.00020549212464237765
NIFTY_SMALLCAP_250,2025-10-01,5,0.0022161335359000035,0.017165337767430545,0.9798498624086325,0.0005649629013129265,0.0002037033867240138
NIFTY_SMALLCAP_250,2025-10-03,5,0.0008641437645521727,0.013986878887617028,0.9843393613185027,0.000593705743427719,0.00021591028590020776
NIFTY_SMALLCAP_250,2025-10-06,5,0.00048637597755566846,0.016552267788753624,0.9822542633411236,0.0005011241230002115,0.00020596876956675315
NIFTY_SMALLCAP_250,2025-10-07,5,0.0008046421693078358,0.01151690181027367,0.9868324864601806,0.0006170831233360392,0.00022888643690174891
NIFTY_SMALLCAP_250,2025-10-08,5,0.0005421539978175805,0.01587942609328513,0.9827292600161046,0.0006288840719242751,0.00022027582086838897
NIFTY_SMALLCAP_250,2025-10-09,5,0.0006426698958176778,0.012877400343336653,0.9850337972224272,0.001167037573388269,0.00027909496502990524
NIFTY_SMALLCAP_250,2025-10-10,5,0.0002063467868103919,0.008662826748588575,0.9794152004411733,0.011598239123499741,0.00011738689992778995
NIFTY_SMALLCAP_250,2025-10-13,5,0.0002463726212663648,0.0066581056856261445,0.9924525326272152,0.0005342150745409206,0.00010877399135138782
NIFTY_SMALLCAP_250,2025-10-14,5,0.0014313327175128167,0.005209302880029403,0.9928409249386797,0.00037772986266383494,0.00014070960111440924
NIFTY_SMALLCAP_250,2025-10-15,5,0.00022579910295067603,0.014157698492589433,0.9848641955999832,0.0006042587396393573,0.00014804806483750764
NIFTY_SMALLCAP_250,2025-10-16,5,0.00038278649890870474,0.005347195495912379,0.993708230300441,0.00047225825205640995,8.952945268158952e-05
NIFTY_SMALLCAP_250,2025-10-17,5,0.0010492677173057823,0.005269182559396472,0.9931139037902974,0.00045244301738249547,0.0001152029156180305
NIFTY_SMALLCAP_250,2025-10-20,5,0.00030146868948398927,0.004974015204063024,0.9942692808471658,0.000374836351735447,8.039890755176505e-05
NIFTY_SMALLCAP_250,2025-10-21,5,0.0012013349910836473,0.0076311762137410265,0.9880157312815028,0.003029016875972082,0.00012274063770049653
NIFTY_SMALLCAP_250,2025-10-23,5,0.0010211518909265947,0.020656234397769157,0.9711284913883085,0.006973706516323835,0.00022041580667218766
NIFTY_SMALLCAP_250,2025-10-27,5,0.0007778587347132275,0.008705502450160184,0.9811734579998377,0.007843610832916634,0.0014995699823722472
NIFTY_SMALLCAP_250,2025-10-28,5,0.0006874228109072498,0.014055170857770598,0.9784078655495119,0.0058240597268005,0.001025481055009932
NIFTY_SMALLCAP_250,2025-10-29,5,0.000526041507976532,0.005631871178947079,0.9833628459664072,0.009282742157753437,0.0011964991889158538
NIFTY_SMALLCAP_250,2025-10-30,5,0.0010381768172786816,0.011783298698229687,0.9724563902060878,0.012831457706416787,0.0018906765719870697
NIFTY_SMALLCAP_250,2025-10-31,5,0.0004092799174658162,0.011832665139656856,0.9822703292297204,0.003171567287094275,0.00231615842606267
NIFTY_SMALLCAP_250,2025-11-03,5,0.0005476205129252796,0.01055656059990534,0.9762113421725547,0.0067510419222614505,0.005933434792353389
NIFTY_SMALLCAP_250,2025-11-04,5,0.0008542883380875764,0.011534493375011615,0.9866353673926916,0.0006991752499966688,0.00027667564421213274
NIFTY_SMALLCAP_250,2025-11-06,5,0.0012568377289144084,0.008315507768261877,0.9897277584539864,0.0005491523331495781,0.00015074371568771135
NIFTY_SMALLCAP_250,2025-11-07,5,0.0007268466059532414,0.008415276475068659,0.9904458656312378,0.00029955221848820433,0.00011245906925218924
NIFTY_SMALLCAP_250,2025-11-10,5,0.00046138317036939074,0.004827421021658614,0.9942042080814327,0.00039265596598510056,0.00011433176055426895
NIFTY_SMALLCAP_250,2025-11-11,5,0.0008248749728530948,0.009162444764026632,0.9893549891629301,0.0004944336856581885,0.00016325741453212725
NIFTY_SMALLCAP_250,2025-11-12,5,0.00046865166037070153,0.003730337484848695,0.9924061083052234,0.0032684209918562796,0.00012648155770074047
NIFTY_SMALLCAP_250,2025-11-13,5,0.001284192124867064,0.005691467535955012,0.9923053769729103,0.0005638113231500948,0.0001551520431175227
NIFTY_SMALLCAP_250,2025-11-14,5,0.00039444511003730847,0.009137123378439438,0.98970617262164,0.0006106076202370972,0.00015165126964602696
NIFTY_SMALLCAP_250,2025-11-17,5,0.0011546205612641706,0.011622206859436013,0.9826311666260701,0.0043206748470937025,0.00027133110613596133
NIFTY_SMALLCAP_250,2025-11-18,5,0.0004448668533246042,0.006907108624940199,0.9919171345230108,0.0005812133331313012,0.00014967666559348181
NIFTY_SMALLCAP_250,2025-11-19,5,0.00029050769143984425,0.01141391565963929,0.9874718777723395,0.0006486682523926583,0.00017503062418867472
NIFTY_SMALLCAP_250,2025-11-20,5,0.00036949789194217907,0.01213339223018245,0.9867367684703516,0.0006066476558088686,0.00015369375171499374
NIFTY_SMALLCAP_250,2025-11-21,5,0.0007037786010600542,0.009467521758069725,0.989345144981328,0.00035962908142409255,0.00012392557811791646
NIFTY_SMALLCAP_250,2025-11-24,5,0.002310098219347629,0.02015760890915426,0.976544073430931,0.00074634838269619,0.0002418710578710612
NIFTY_SMALLCAP_250,2025-11-25,5,0.003965294112644263,0.0438421124663068,0.950445711963973,0.0012923045685868577,0.0004545768884890714
NIFTY_SMALLCAP_250,2025-11-26,5,0.0010896960097405305,0.034125329635017014,0.9635866150068053,0.0009242432850452946,0.0002741160633918324
NIFTY_SMALLCAP_250,2025-11-27,5,0.0010655968345399968,0.08476301974999334,0.9127845400736564,0.0010513933991081366,0.0003354499427020928
NIFTY_SMALLCAP_250,2025-11-28,5,0.00032078364560317595,0.9349243824049588,0.06418109512890662,0.00041746168468284253,0.0001562771358486857
NIFTY_SMALLCAP_250,2025-12-01,5,0.0007028515799072123,0.9434576402713699,0.05526252864706187,0.00042572669816494277,0.00015125280349638303
NIFTY_SMALLCAP_250,2025-12-02,5,0.0003113904380358446,0.9730464508174997,0.026231326837077868,0.0002804168757897903,0.00013041503159677778
NIFTY_SMALLCAP_250,2025-12-03,5,0.0008637200194522455,0.9698781583345801,0.028555679337836294,0.0004726840913389148,0.0002297582167922825
NIFTY_SMALLCAP_250,2025-12-04,5,0.0008683942815314802,0.9790840376878761,0.0195970486241567,0.00030708349675667127,0.00014343590967883527
NIFTY_SMALLCAP_250,2025-12-05,5,0.003260461138007945,0.9699970169754963,0.025858719583221283,0.0006128396681441535,0.0002709626351304206
NIFTY_SMALLCAP_250,2025-12-10,5,0.005071633614689953,0.9517329292445045,0.04229667441297511,0.0006176401151357975,0.0002811226126946161
NIFTY_SMALLCAP_250,2025-12-11,5,0.0046228073743056755,0.9300400278897203,0.06432087894798438,0.000712007821903553,0.00030427796608594945
NIFTY_SMALLCAP_250,2025-12-12,5,0.003255311787976124,0.09130769889818262,0.9040005423454411,0.001018276875001018,0.0004181700933988874
NIFTY_SMALLCAP_250,2025-12-15,5,0.00522106230142576,0.07236524278485984,0.9203968900159422,0.0009857512976996414,0.0010310536000725798
NIFTY_SMALLCAP_250,2025-12-16,5,0.0024764581588149343,0.07501652226194781,0.9211446384012121,0.0009740930695882487,0.00038828810843695205
NIFTY_SMALLCAP_250,2025-12-17,5,0.0037263383841115703,0.14984173940610088,0.8450623488277277,0.0009792354454652825,0.0003903379365945523
NIFTY_SMALLCAP_250,2025-12-18,5,0.004616763068106721,0.8947363743498147,0.09799742709852167,0.001967548169923696,0.0006818873136331462
NIFTY_SMALLCAP_250,2025-12-22,5,0.0011475090281061425,0.9262437954102454,0.07147421668718122,0.0008030763686208237,0.00033140250584640465
NIFTY_SMALLCAP_250,2025-12-23,5,0.0005201094345397814,0.9777050111115092,0.021252970874928254,0.0003668848668949035,0.00015502371212810148
NIFTY_SMALLCAP_250,2025-12-24,5,0.001138195030350216,0.9407634431466507,0.05639114669126732,0.0008177117878187194,0.0008895033439130498
NIFTY_SMALLCAP_250,2025-12-26,5,0.000729985715140443,0.9619631392295755,0.036134758226124726,0.000894171543547097,0.0002779452856122936
NIFTY_SMALLCAP_250,2025-12-29,5,0.0009652349423877954,0.9343861566153921,0.06348283633110123,0.0008804448232770943,0.0002853272878418132
NIFTY_SMALLCAP_250,2025-12-30,5,0.0019608660138912114,0.9489320818329585,0.04809167956950912,0.0006765033940738775,0.000338869189567369
NIFTY_SMALLCAP_250,2025-12-31,5,0.0027224194275221845,0.17839555511871785,0.8174972192449975,0.0009277181618742362,0.0004570880468883588
NIFTY_SMALLCAP_250,2026-01-01,5,0.002897787875858006,0.9479332343638783,0.04845948532529463,0.0004820467164037086,0.00022744571856526448
NIFTY_SMALLCAP_250,2026-01-02,5,0.003125313318388824,0.9380724383019801,0.057366904737702853,0.001113511199680502,0.00032183244224764403
NIFTY_SMALLCAP_250,2026-01-05,5,0.0016907162737776844,0.9647060107749176,0.032353813758570625,0.0010100649587416353,0.0002393942339924539
NIFTY_SMALLCAP_250,2026-01-06,5,0.000946184936513155,0.9695674728849349,0.028644059245081715,0.0006543451972782042,0.00018793773619196823
NIFTY_SMALLCAP_250,2026-01-07,5,0.0010590508247884484,0.9634551647895984,0.030942440626899506,0.004353432078142585,0.0001899116805713216
NIFTY_SMALLCAP_250,2026-01-08,5,0.0026220964684215524,0.9719412093806273,0.024530043276046336,0.0006837416048196892,0.00022290927008479736
NIFTY_SMALLCAP_250,2026-01-09,5,0.010770045759912566,0.9540441872611409,0.03399447843145562,0.0008428284128660493,0.0003484601346248207
NIFTY_SMALLCAP_250,2026-01-12,5,0.008866282124962575,0.9665849286152266,0.023844410442529856,0.000518776925720533,0.00018560189156045036
NIFTY_SMALLCAP_250,2026-01-13,5,0.014369220359625828,0.9647459127325652,0.019755932860386405,0.0008433655244584246,0.0002855685229641522
NIFTY_SMALLCAP_250,2026-01-14,5,0.9157884294059618,0.06843010785155149,0.01502070126074377,0.0005805802718350239,0.00018018120990793531
NIFTY_SMALLCAP_250,2026-01-15,5,0.975665277268035,0.020882647685808903,0.0032698337193205816,0.00013746886810897733,4.477245872664821e-05
NIFTY_SMALLCAP_250,2026-01-16,5,0.012198117421950856,0.9651609566499216,0.021172889729129094,0.0011203417574787494,0.0003476944415194752
NIFTY_SMALLCAP_250,2026-01-19,5,0.0048228384633471795,0.97926400062622,0.014656601714485821,0.0010200564645103645,0.0002365027314366676
NIFTY_SMALLCAP_250,2026-01-22,5,0.00993600221804945,0.9419965329995289,0.046405198016192264,0.0013144197539220607,0.00034784701230739336
NIFTY_SMALLCAP_250,2026-01-23,5,0.0073048422087093525,0.8507048224822816,0.14019127461445505,0.0013909423463854583,0.0004081183481684177
NIFTY_SMALLCAP_250,2026-01-27,5,0.02627320792974414,0.10828082143010972,0.862494017702592,0.0023077077938533754,0.0006442451437007766
NIFTY_SMALLCAP_250,2026-01-28,5,0.015033912609362514,0.0743963573236414,0.9083953347217008,0.001550824529074231,0.000623570816220957
NIFTY_SMALLCAP_250,2026-01-29,5,0.007813428505778278,0.8986575101635758,0.09133789395601365,0.0015532603379444093,0.0006379070366877417
NIFTY_SMALLCAP_250,2026-01-30,5,0.0020977599997165372,0.9355153097819805,0.060841812018106484,0.0010952932421259365,0.0004498249580706614
NIFTY_SMALLCAP_250,2026-02-02,5,0.009591519160525443,0.12370950377628073,0.8643105516689841,0.0018457963214405335,0.0005426290727692794
NIFTY_SMALLCAP_250,2026-02-03,5,0.0013827549257446616,0.033852865748871405,0.9640570726774212,0.0004503506116817224,0.0002569560362811244
NIFTY_SMALLCAP_250,2026-02-04,5,0.0007345010679094325,0.05233064589584343,0.9460478091615695,0.0006233816913443958,0.0002636621833332855
NIFTY_SMALLCAP_250,2026-02-05,5,0.0008872761790749329,0.08451740431950128,0.9134370545680016,0.0008107975153241233,0.0003474674180981343
NIFTY_SMALLCAP_250,2026-02-06,5,0.0006494710744694136,0.9415849536208675,0.05677784143848866,0.0007016396177122426,0.0002860942484621734
NIFTY_SMALLCAP_250,2026-02-09,5,0.0017132801736761123,0.9168488525244619,0.07994383446758783,0.001004453784868573,0.0004895790494057891
NIFTY_SMALLCAP_250,2026-02-10,5,0.001183028476475999,0.9452809131170479,0.04969241285026328,0.0035368190715859477,0.0003068264846267343
NIFTY_SMALLCAP_250,2026-02-11,5,0.0034100304732130613,0.1309083441185849,0.8446161696065579,0.020280906742573507,0.0007845490590708422
NIFTY_SMALLCAP_250,2026-02-12,5,0.0008280513201115413,0.9287244388568398,0.06933744701066273,0.0008720741332532698,0.00023798867913289506
NIFTY_SMALLCAP_250,2026-02-13,5,0.000936585017005319,0.9791003109301639,0.019290631998950876,0.0005136222930332033,0.00015884976084693233
NIFTY_SMALLCAP_250,2026-02-16,5,0.0012540224605758143,0.9838304657128922,0.014301831477645572,0.0004758602032871409,0.0001378201455993188
NIFTY_SMALLCAP_250,2026-02-17,5,0.0025158712168927184,0.9584723772331895,0.037341451728442804,0.0013253912185867236,0.00034490860288832303
NIFTY_SMALLCAP_250,2026-02-18,5,0.0011112114174108888,0.9727974745402448,0.025241968549885238,0.0006801180776520482,0.00016922741480733354
NIFTY_SMALLCAP_250,2026-02-19,5,0.0014217663221356494,0.9837091574166,0.014279362815072914,0.0004490735520293093,0.0001406398941620263
NIFTY_SMALLCAP_250,2026-02-20,5,0.0011416707256976832,0.9829944130943455,0.015139609545379044,0.0005769778566912502,0.0001473287778864093
NIFTY_SMALLCAP_250,2026-02-23,5,0.0007843570319869611,0.9646805652541465,0.03319825184343575,0.0011173409041543305,0.0002194849662763309
NIFTY_SMALLCAP_250,2026-02-24,5,0.0019057014898834468,0.9808653988466092,0.016093776780602663,0.0009217275240302493,0.00021339535887454015
NIFTY_SMALLCAP_250,2026-02-25,5,0.002637431748833699,0.9708267017410273,0.024638619530428844,0.0016355715111559188,0.000261675468554178
NIFTY_SMALLCAP_250,2026-02-26,5,0.0011085781608137716,0.9784670476723747,0.019479590851639993,0.0007639944760507764,0.0001807888391208679
NIFTY_SMALLCAP_250,2026-02-27,5,0.0061027546013941334,0.9802971744641511,0.012824928350379223,0.0005889882513517045,0.00018615433272377278
NIFTY_SMALLCAP_250,2026-03-02,5,0.9734583864254227,0.018193292147766903,0.008140162957850583,0.00014569731219965038,6.246115676019228e-05
NIFTY_SMALLCAP_250,2026-03-05,5,0.9829779171107836,0.01199262815657889,0.004896847519421465,9.219000498914817e-05,4.04172082269676e-05
NIFTY_SMALLCAP_250,2026-03-10,5,0.9789529241687717,0.006802675585064153,0.014059540288436477,0.00013478153818225578,5.007841954526892e-05
NIFTY_SMALLCAP_250,2026-03-11,5,0.9871438037902011,0.007161530505914605,0.005604299734062692,6.313436816440129e-05,2.7231601657434978e-05
NIFTY_SMALLCAP_250,2026-03-12,5,0.9836167089379697,0.006279997008163741,0.009964720491839473,9.838847619217375e-05,4.0185085835024685e-05
NIFTY_SMALLCAP_250,2026-03-17,5,0.9867085961114314,0.003310127105568308,0.009815368793796906,0.00011872529028534333,4.718269891793796e-05
NIFTY_SMALLCAP_250,2026-03-18,5,0.9844783184705628,0.002674634993526016,0.012720007390694864,8.69921592256863e-05,4.004698599054643e-05
NIFTY_SMALLCAP_250,2026-03-19,5,0.9811543182000553,0.0022285320743055978,0.016476243682281105,9.975781274653076e-05,4.114823061160692e-05
NIFTY_SMALLCAP_250,2026-03-20,5,0.9826237774613938,0.0030859653241543015,0.014144446078702215,0.00010310963290730796,4.270150284234721e-05
NIFTY_SMALLCAP_250,2026-03-24,5,0.9860668632152619,0.0012921598900873343,0.01254250953345993,6.9290233362273e-05,2.9177127828486425e-05
NIFTY_SMALLCAP_250,2026-03-25,5,0.9795150550574033,0.0026237403825960653,0.017683975739331958,0.00012943768352737054,4.77911371412231e-05
NIFTY_SMALLCAP_250,2026-03-27,5,0.9823806502875603,0.0023608926403213527,0.015116540323067232,0.00010013028868240614,4.178646036879951e-05
NIFTY_SMALLCAP_250,2026-03-30,5,0.065067987357487,0.03369332265650121,0.899087369698926,0.0014708597136561413,0.0006804605734297574
NIFTY_SMALLCAP_250,2026-04-01,5,0.017912240526638437,0.008367111320569491,0.9726164435302321,0.0005242886374469168,0.000579915985113038
NIFTY_SMALLCAP_250,2026-04-02,5,0.010824273038451869,0.021846063948754952,0.966381024393398,0.0006776112617117004,0.00027102735768346246
NIFTY_SMALLCAP_250,2026-04-06,5,0.005874167441555496,0.020969102224900848,0.9722378474654804,0.0006582044933631396,0.0002606783746999117
NIFTY_SMALLCAP_250,2026-04-07,5,0.004752052487638272,0.022276381730302414,0.9718590132453354,0.0008150243794708495,0.0002975281572532213
NIFTY_SMALLCAP_250,2026-04-08,5,0.002561989573164811,0.027900553797826636,0.9616299340041882,0.007510418364485407,0.000397104260334724
NIFTY_SMALLCAP_250,2026-04-09,5,0.0016876131291838432,0.011034519542654577,0.016124675825853432,0.9708925164160894,0.0002606750862187341
NIFTY_SMALLCAP_250,2026-04-10,5,0.006084593426424784,0.01798421460864642,0.024103569382528056,0.9514953982099124,0.00033222437248825703
NIFTY_SMALLCAP_250,2026-04-13,5,0.002023072918868991,0.011565613528330807,0.02647111384807182,0.9594294718589812,0.0005107278457472504
NIFTY_SMALLCAP_250,2026-04-15,5,0.00440434898155438,0.004517832020915819,0.016637717912885208,0.9742604657881029,0.00017963529654168502
NIFTY_SMALLCAP_250,2026-04-16,5,0.0010642545019935914,0.00388578352635837,0.05937940981078856,0.9355263537017079,0.00014419845915188576
NIFTY_SMALLCAP_250,2026-04-17,5,0.0009450515861858756,0.012484806099877448,0.8610777136340501,0.12404676336892881,0.0014456653109580512
NIFTY_SMALLCAP_250,2026-04-20,5,0.0005802004117736088,0.011520749527847329,0.03234060117056429,0.9547750515197075,0.0007833973701073489
NIFTY_SMALLCAP_250,2026-04-21,5,0.0003114770125668624,0.005688376667100185,0.012991992402000193,0.9803500957152105,0.0006580582031223935
NIFTY_SMALLCAP_250,2026-04-22,5,0.00024400471270470672,0.001986353963416966,0.008912813484946736,0.9871415944899025,0.001715233349029217
NIFTY_SMALLCAP_250,2026-04-23,5,9.162897171577367e-05,0.0015141400116619765,0.0046144838726152005,0.9931130033309152,0.0006667438130919428
NIFTY_SMALLCAP_250,2026-04-24,5,0.0003004239212415175,0.0017821865601059643,0.015508346896071978,0.9822478346635626,0.00016120795901802208
NIFTY_SMALLCAP_250,2026-04-27,5,0.00018794674221520624,0.002184225751373502,0.014610896774719788,0.9821667661472793,0.000850164584412045
NIFTY_SMALLCAP_250,2026-04-28,5,0.00012509841881703192,0.0019598204401611924,0.005543131297365718,0.9917791606136378,0.0005927892300184424
NIFTY_SMALLCAP_250,2026-04-29,5,0.0002446664339763238,0.0010325600038189387,0.025558405967836734,0.9716438948488214,0.0015204727455466643
NIFTY_SMALLCAP_250,2026-04-30,5,9.538259256553636e-05,0.0008717942780312476,0.007856285153358063,0.99094261570192,0.00023392227412519315
NIFTY_SMALLCAP_250,2026-05-01,5,0.0009432268954109817,0.00523833292412195,0.025293945223054566,0.966993309797763,0.0015311851596494363
NIFTY_SMALLCAP_250,2026-05-04,5,0.00017299684757941363,0.000791263455225294,0.008140675856714028,0.9899045256648801,0.0009905381756012226
NIFTY_SMALLCAP_250,2026-05-05,5,0.00014904232019608024,0.0004082711966664383,0.006829936505925924,0.9918015945904909,0.0008111553867207206
NIFTY_SMALLCAP_250,2026-05-06,5,0.00025504358671229115,0.00037108496958287535,0.019835679969043653,0.9770776056788336,0.002460585795827725
NIFTY_SMALLCAP_250,2026-05-07,5,0.00016688872765422178,0.00044740268424297105,0.027520283330180213,0.966046900168129,0.00581852508979375
NIFTY_SMALLCAP_250,2026-05-08,5,0.0001462718653242088,0.00038749483114155586,0.009440194813735515,0.9824192175304823,0.007606820959316258
NIFTY_SMALLCAP_250,2026-05-11,5,0.00016293117636868133,0.0003099448922446388,0.013677371142443292,0.9800549809326041,0.005794771856339448
NIFTY_SMALLCAP_250,2026-05-12,5,0.00023190229315626798,0.0020780749491713033,0.015673246317114545,0.9782800347505831,0.003736741689974559
NIFTY_SMALLCAP_250,2026-05-13,5,0.0002110436073182437,0.005152917731043548,0.010437510441683543,0.9790985834670053,0.005099944752949325
NIFTY_SMALLCAP_250,2026-05-14,5,9.028834491587262e-05,0.0009592411992789993,0.0048308376431507455,0.9914862391457394,0.0026333936669148766
NIFTY_SMALLCAP_250,2026-05-15,5,0.00015506070285845782,0.00211605378446961,0.004851811091022327,0.9904270516564361,0.0024500227652136997
NIFTY_SMALLCAP_250,2026-05-18,5,0.0011486050992679717,0.004002188399132876,0.009625682953203011,0.9827846854931352,0.0024388380552610406
NIFTY_SMALLCAP_250,2026-05-19,5,0.00026983015805956135,0.002065860486477897,0.013769054124235045,0.9783498538124268,0.005545401418800713
NIFTY_SMALLCAP_250,2026-05-20,5,0.0003027827805502228,0.001015454406100432,0.018930629397010807,0.9740025938445486,0.005748539571789963
NIFTY_SMALLCAP_250,2026-05-21,5,0.00030580125193543537,0.0016035110305116492,0.01569690363604826,0.9658517298713855,0.016542054210119124
NIFTY_SMALLCAP_250,2026-05-22,5,0.00041489090763839083,0.000542855084147205,0.00451938074234473,0.03722336644599419,0.9572995068198754
NIFTY_SMALLCAP_250,2026-05-25,5,0.00014609334318412944,0.0003256745763880063,0.011844955122640905,0.010058540541796834,0.9776247364159901
NIFTY_SMALLCAP_250,2026-05-26,5,7.371446976555703e-05,0.0002848002752989593,0.0031605964660061485,0.0124084778747747,0.9840724109141546
NIFTY_SMALLCAP_250,2026-05-27,5,9.459037718157359e-05,0.0003071063573099908,0.004494486311113026,0.020033270486614435,0.9750705464677809
NIFTY_SMALLCAP_250,2026-05-28,5,0.0002066008394641568,0.0005158498411052171,0.004980636360342158,0.018813289134915874,0.9754836238241725
NIFTY_SMALLCAP_250,2026-05-29,5,0.00031345210172824164,0.007866360631746783,0.04048825975482101,0.9457412114794376,0.005590716032266349
NIFTY_SMALLCAP_250,2026-06-01,5,0.00014625219715678762,0.0032082645633465337,0.020361760438538157,0.9750306789704585,0.0012530438304998543
NIFTY_SMALLCAP_250,2026-06-02,5,0.0002995364448694159,0.006031239804229844,0.0732666908620697,0.9180570293111109,0.0023455035777202094
NIFTY_SMALLCAP_250,2026-06-03,5,0.0002682715295961649,0.004312068550728757,0.06203378763107381,0.9311619273186857,0.0022239449699154312
NIFTY_SMALLCAP_250,2026-06-04,5,0.0006897351300892366,0.029495387523881082,0.7539184268719372,0.2117759268498045,0.004120523624288131
NIFTY_SMALLCAP_250,2026-06-05,5,0.00025097592393439065,0.008383712357351152,0.0621445081089227,0.9276072326387875,0.0016135709710042932
NIFTY_50,2021-08-26,10,0.00015644636143791443,0.0010761808876056393,0.014499999697526599,0.019006737780784856,0.965260635272645
NIFTY_50,2021-09-08,10,4.609373758750068e-05,0.00016582358447476205,0.0005876493248174111,0.011694536593299155,0.9875058967598213
NIFTY_50,2021-09-09,10,2.280154471512998e-05,7.50481101855285e-05,0.00026102282711905225,0.005671456468638021,0.9939696710493423
NIFTY_50,2021-09-13,10,2.6547974289270746e-05,9.239591142697455e-05,0.00026286531464226036,0.006943462570370683,0.9926747282292708
NIFTY_50,2021-09-14,10,2.165294311590734e-05,7.483055981541641e-05,0.0002693815353513989,0.0028617190159139264,0.9967724159458033
NIFTY_50,2021-09-20,10,3.3576281800570846e-05,0.00010724329418133451,0.000312759863100415,0.011147185647785622,0.988399234913132
NIFTY_50,2021-09-21,10,2.5629923735280197e-05,8.025386032159754e-05,0.0002364248298832954,0.009187736630719449,0.9904699547553404
NIFTY_50,2021-09-22,10,2.158357028947256e-05,6.694448661380714e-05,0.0002117534783197362,0.006603512212031003,0.993096206252746
NIFTY_50,2021-09-27,10,9.040118598751817e-05,0.00028381329988077874,0.0008053584560082233,0.015474619289383321,0.9833458077687403
NIFTY_50,2021-09-28,10,3.896500331219964e-05,0.0001276683909005475,0.000413205116110824,0.010841309972680216,0.9885788515169962
NIFTY_50,2021-09-29,10,4.745192894532659e-05,0.0001592108614807091,0.0004422295106947764,0.018682390894972714,0.9806687168039065
NIFTY_50,2021-09-30,10,3.529127923567278e-05,0.00015151183800064398,0.0006956174929448854,0.01537313180583149,0.9837444475839874
NIFTY_50,2021-10-01,10,6.012096016684443e-05,0.00030978418275421314,0.0022035588697120927,0.022999986578937554,0.9744265494084293
NIFTY_50,2021-10-04,10,5.8558937719873746e-05,0.0004708965864015751,0.0012617493305065455,0.021873701057005618,0.9763350940883664
NIFTY_50,2021-10-05,10,6.184865563067084e-05,0.0004995244082310771,0.0005549542616619684,0.01813634379172128,0.980747328882755
NIFTY_50,2021-10-06,10,8.288324393643502e-05,0.0006446402245084277,0.008820818205027123,0.04613446142032547,0.9443171969062025
NIFTY_50,2021-10-07,10,0.000687663896148877,0.0032056556126864263,0.01556839248951768,0.8903233895482604,0.09021489845338652
NIFTY_50,2021-10-08,10,6.198592933298983e-05,0.00026610049940224315,0.0015951353115472612,0.02771401363031453,0.970362764629403
NIFTY_50,2021-10-11,10,4.4181722964976455e-05,0.00019245354648826928,0.0018222249345601017,0.026120780408364633,0.971820359387622
NIFTY_50,2021-10-20,10,3.9735668372164504e-05,0.00011593044207647827,0.001598352559267405,0.013802663011922518,0.9844433183183614
NIFTY_50,2021-10-21,10,8.012481789251249e-05,0.0002689472451880357,0.003713161739658019,0.04984811794622876,0.9460896482510327
NIFTY_50,2021-10-22,10,0.0003286986963455472,0.003017699606483656,0.011579336129079406,0.9598371135617597,0.0252371520063317
NIFTY_50,2021-10-25,10,0.00031593292325107184,0.0034158331109222307,0.012601981388312417,0.9682261263173515,0.015440126260162819
NIFTY_50,2021-10-26,10,0.000275365124700524,0.0008213812301767339,0.01650488688716061,0.9515023463283143,0.030896020429647866
NIFTY_50,2021-10-27,10,0.0003512286313262089,0.002145298453454007,0.029348665147036143,0.9515814946057423,0.016573313162441237
NIFTY_50,2021-10-28,10,0.00015915611437744117,0.003085852084841851,0.018864593174888433,0.9755283254196906,0.0023620732062016973
NIFTY_50,2021-10-29,10,0.00021702000524795656,0.004650733516291054,0.07100646854085667,0.9222696130406368,0.001856164896967514
NIFTY_50,2021-11-01,10,0.00020099246158870407,0.002643861001574925,0.03307856532546599,0.962426858372744,0.0016497228386263114
NIFTY_50,2021-11-02,10,0.00019792959029326388,0.00272351986844809,0.04668638425644907,0.9490381660900146,0.001354000194795044
NIFTY_50,2021-11-03,10,0.0003125002248472808,0.006154589946730482,0.1212291123163973,0.870516578422579,0.0017872190894460288
NIFTY_50,2021-11-04,10,0.0005938339947300939,0.011229667409950265,0.900375488547599,0.08439038026658015,0.003410629781140399
NIFTY_50,2021-11-08,10,0.00047552152377147814,0.009961611278939773,0.9441194772931183,0.04333585076695902,0.0021075391372113693
NIFTY_50,2021-11-09,10,0.0002739259297662082,0.004523592361365003,0.9705421625952559,0.023644250692535302,0.001016068421077661
NIFTY_50,2021-11-10,10,0.0004290048427311162,0.005186205300174937,0.9656360240069631,0.027158460295829003,0.0015903055543018726
NIFTY_50,2021-11-11,10,0.0004014742916097083,0.00535890018705063,0.9807122669795366,0.011185526016801176,0.0023418325250017685
NIFTY_50,2021-11-12,10,0.0003123575957810946,0.003937623790743606,0.9751845386955881,0.019190948316868933,0.0013745316010185457
NIFTY_50,2021-11-15,10,0.00040605499695248285,0.005657566020188721,0.9685205859744449,0.023621829995440397,0.001793963012973406
NIFTY_50,2021-11-16,10,0.0002602593756113556,0.0031373656660111603,0.9747815243393985,0.020936528606965918,0.000884322012013114
NIFTY_50,2021-11-17,10,0.00032966703690259417,0.006090923078467067,0.9673089501435446,0.024635060563542775,0.0016353991775430684
NIFTY_50,2021-11-18,10,0.00040920465830697055,0.0065100844621940905,0.9689826995184528,0.023017128319670815,0.0010808830413753913
NIFTY_50,2021-11-22,10,0.0003890839349072732,0.8378399871926675,0.15879125030964333,0.0025575929941283214,0.0004220855686534623
NIFTY_50,2021-11-23,10,0.0005885128678949541,0.043468390662643054,0.9399173863863355,0.015321129469441115,0.0007045806136853244
NIFTY_50,2021-11-24,10,0.0005515757712438414,0.05075832334339367,0.9438996786807865,0.004091378944487314,0.0006990432600886021
NIFTY_50,2021-11-25,10,0.0006670715875185673,0.051176402944031155,0.9334194149384514,0.013922618692980443,0.0008144918370183822
NIFTY_50,2021-11-26,10,0.0005881314479248976,0.03135668590625757,0.9645837860781221,0.0027883422537887392,0.0006830543139068027
NIFTY_50,2021-11-29,10,0.0005049006067169434,0.024193020990778063,0.9725749225606128,0.0021972904732251775,0.0005298653686670765
NIFTY_50,2021-11-30,10,0.0005016538744371976,0.042230754604121075,0.9538654784235344,0.0018429505800325917,0.001559162517874364
NIFTY_50,2021-12-01,10,0.0005133522933376867,0.05956041845081865,0.9342021135589503,0.0050643722572779135,0.0006597434396155591
NIFTY_50,2021-12-02,10,0.00047787667155571465,0.07634784114751315,0.9156933355091693,0.006751728852701985,0.0007292178190599096
NIFTY_50,2021-12-03,10,0.00042770690495716294,0.8766091101411517,0.11629945342089132,0.006143182420240871,0.000520547112759044
NIFTY_50,2021-12-06,10,0.000673297439211882,0.9143237768491946,0.0813644072859131,0.0031382109578407978,0.0005003074678395873
NIFTY_50,2021-12-07,10,0.0004951065555033903,0.916796175224507,0.07601831353374475,0.006264231539006315,0.0004261731472387942
NIFTY_50,2021-12-08,10,0.0006879643162291131,0.9101766787641806,0.08048073701907814,0.008219832035516047,0.00043478786499603634
NIFTY_50,2021-12-09,10,0.00039366544662861877,0.9300023807016623,0.05997749376703064,0.009287883499768033,0.0003385765849105436
NIFTY_50,2021-12-10,10,0.0006341095484074896,0.914010184111928,0.07506190235880886,0.009944851779465745,0.0003489522013900603
NIFTY_50,2021-12-13,10,0.001090063263088319,0.8722193346681307,0.1186310331771062,0.007656898756686354,0.00040267013498830606
NIFTY_50,2021-12-14,10,0.0017743415583318497,0.10046523140415634,0.8736866613868142,0.023245968970635147,0.0008277966800625962
NIFTY_50,2021-12-15,10,0.001815213048896083,0.0548628963101408,0.9299720698480849,0.012828377255335826,0.000521443537542457
NIFTY_50,2021-12-16,10,0.0013111006139663055,0.03485948097653653,0.9300491904685702,0.03312366211908077,0.000656565821846304
NIFTY_50,2021-12-17,10,0.00108328851054547,0.05185729188732415,0.8541578924598775,0.09237518713043966,0.0005263400118133354
NIFTY_50,2021-12-20,10,0.0015496588082105896,0.06443615534617747,0.9150314073779539,0.017515680365543018,0.001467098102114928
NIFTY_50,2021-12-21,10,0.0006824419292792812,0.034821223489516204,0.07452188989737346,0.889373637201826,0.0006008074820050775
NIFTY_50,2021-12-22,10,0.00031743239699984086,0.0182281626333529,0.023920592019441276,0.9572864967604534,0.00024731618975248643
NIFTY_50,2021-12-23,10,0.00028590952298444225,0.012209570434717341,0.01624790818545457,0.9710441563516741,0.0002124555051694298
NIFTY_50,2021-12-24,10,0.00020077278641925174,0.009198343364984549,0.013472372203571175,0.9769660482220214,0.00016246342300354913
NIFTY_50,2021-12-27,10,0.0002015804375697171,0.010730235965840485,0.012268417703722063,0.9766191162032707,0.00018064968959708702
NIFTY_50,2021-12-28,10,0.0005450692962733581,0.01050241859683603,0.019977025625089784,0.9686812096266026,0.0002942768551979598
NIFTY_50,2021-12-29,10,0.00039173241286643586,0.007925327456926526,0.02790222810882392,0.9632833290896583,0.000497382931724708
NIFTY_50,2021-12-30,10,0.0002018548133619046,0.0025611362028622082,0.0167596995837859,0.9802042269280303,0.0002730824719595343
NIFTY_50,2021-12-31,10,0.0006099780444363144,0.031952923905445595,0.07524795383251023,0.888884864390397,0.00330427982721074
NIFTY_50,2022-01-03,10,0.00018770085418851068,0.007140064969274335,0.030661749087132487,0.04838930077579702,0.9136211843136076
NIFTY_50,2022-01-04,10,0.0005747792514464734,0.009288652054204257,0.10433710625827053,0.8718271620503023,0.013972300385776475
NIFTY_50,2022-01-05,10,0.0007379414715254761,0.01573740949769033,0.10802532683943543,0.8718409856176712,0.0036583365736774605
NIFTY_50,2022-01-06,10,0.0002825027878599437,0.018058117895946132,0.10886357240938757,0.8702133077542437,0.002582499152562846
NIFTY_50,2022-01-07,10,0.00033063694721073973,0.01803683698842031,0.8955739436631618,0.08351232695668877,0.0025462554445186297
NIFTY_50,2022-01-10,10,0.00028798545278026883,0.007434432353219345,0.9432260131738385,0.045915269546993195,0.0031362994731688413
NIFTY_50,2022-01-11,10,0.0003050854900860436,0.006718032374342223,0.9635915133455752,0.026283724754068784,0.003101644035927698
NIFTY_50,2022-01-12,10,0.00026742086905042877,0.003023495991567058,0.9745380225482323,0.01920587923011926,0.0029651813610308956
NIFTY_50,2022-01-13,10,0.00023431029739046588,0.0026020242860630245,0.9652059506704356,0.02649279033847014,0.0054649244076409005
NIFTY_50,2022-01-14,10,0.0002226458048874521,0.0014148919887113011,0.9683495094836448,0.02829050804763586,0.0017224446751205505
NIFTY_50,2022-01-17,10,0.0001929960101872648,0.0010965381222997786,0.9380116270800088,0.05859737154455913,0.002101467242945013
NIFTY_50,2022-01-18,10,0.0001744156806694399,0.001479330204512949,0.1179909990460933,0.8790931789349831,0.001262076133741128
NIFTY_50,2022-01-19,10,0.00011074365068700506,0.00148095393766901,0.06125580620396693,0.9364221797134834,0.0007303164941935234
NIFTY_50,2022-01-20,10,0.0003398203003386127,0.005087418973047914,0.8910039972904125,0.10168297511957493,0.0018857883166263547
NIFTY_50,2022-01-21,10,0.002249908270189441,0.012560164681814324,0.9358022224382891,0.04737532492945164,0.002012379680255441
NIFTY_50,2022-01-24,10,0.0010081563341521787,0.014887464285586832,0.9752929579080114,0.007920021886094235,0.0008913995861554048
NIFTY_50,2022-01-25,10,0.0005775281031325322,0.011501821837583432,0.9814422396710764,0.005552631021998415,0.0009257793662093465
NIFTY_50,2022-01-27,10,0.0007030472065856294,0.017728383218496162,0.9774215836251614,0.0034977222082805876,0.0006492637414760031
NIFTY_50,2022-01-28,10,0.0008306645444635234,0.027597103323840265,0.9689882243075982,0.0018028327702827248,0.000781175053815105
NIFTY_50,2022-01-31,10,0.001401019063492286,0.7164934502054632,0.2754645156017723,0.005344532714165891,0.001296482415106329
NIFTY_50,2022-02-01,10,0.0009675550931683936,0.03889190853636525,0.938853145286295,0.019023700211435117,0.002263690872736157
NIFTY_50,2022-02-02,10,0.001349446227009864,0.04502152969610926,0.9140932209075049,0.021662724006689338,0.0178730791626867
NIFTY_50,2022-02-03,10,0.0012404748123673798,0.05954606564554412,0.9158189576656277,0.013044253544172697,0.010350248332287829
NIFTY_50,2022-02-04,10,0.00193592197565229,0.07494373552771912,0.9114146415995784,0.00977941046070593,0.001926290436344001
NIFTY_50,2022-02-07,10,0.0013281220173239864,0.06677768252786768,0.927346631853286,0.003330665404542107,0.0012168981969801894
NIFTY_50,2022-02-08,10,0.0017793888205822003,0.08875650247078322,0.9050050316661378,0.0032522217272025916,0.0012068553152943993
NIFTY_50,2022-02-09,10,0.002858827319895264,0.11033029116247603,0.8715055243862506,0.013815125570650824,0.0014902315607272932
NIFTY_50,2022-02-10,10,0.0005166102893306909,0.8777149418598427,0.11471693656996097,0.0061081893496240745,0.0009433219312414397
NIFTY_50,2022-02-11,10,0.0008082958252847878,0.9227711643757587,0.0723973163965868,0.0033604055568139377,0.0006628178455557378
NIFTY_50,2022-02-14,10,0.0018954918369590537,0.9238359000972624,0.07203493072786632,0.0017196105839237894,0.0005140667539885166
NIFTY_50,2022-02-15,10,0.00029537167421973956,0.9649973463531324,0.02874638177051149,0.005641823883828696,0.0003190763183075689
NIFTY_50,2022-02-16,10,0.0003578567101294439,0.9680090184076598,0.029394842073082184,0.0018938430630912719,0.0003444397460370506
NIFTY_50,2022-02-17,10,0.0006310791557777579,0.9654319634508429,0.03170252983972169,0.0018271491349452747,0.000407278418712252
NIFTY_50,2022-02-18,10,0.0009462941988685503,0.9656842292702095,0.031060561803446723,0.0020484983684357326,0.00026041635903938895
NIFTY_50,2022-02-21,10,0.0013950249133121116,0.9609002789929311,0.03523600430314456,0.0021021765568830695,0.0003665152337292648
NIFTY_50,2022-02-22,10,0.0007893725094572634,0.963685055525904,0.03435946526873404,0.0009297417385145978,0.00023636495738994283
NIFTY_50,2022-02-23,10,0.0007707961527731214,0.9822777562919736,0.015883035065196383,0.0008912386446022657,0.00017717384545482917
NIFTY_50,2022-02-25,10,0.006085458381392585,0.7933715777169104,0.19746452110348597,0.002112757947340288,0.0009656848508707326
NIFTY_50,2022-02-28,10,0.004119838376087035,0.06629721667748609,0.9279499733274452,0.001150524565808178,0.0004824470531735196
NIFTY_50,2022-03-02,10,0.0032617329159288695,0.038914233686821016,0.9558043900793979,0.0012193904645322149,0.0008002528533200162
NIFTY_50,2022-03-03,10,0.00954667347951304,0.06672961077875539,0.919868578401211,0.002417314570728904,0.0014378227697917961
NIFTY_50,2022-03-04,10,0.01878347938642803,0.035918196714719415,0.9426795876850923,0.0017867670099239498,0.0008319692038363061
NIFTY_50,2022-03-09,10,0.009199898609724958,0.08110179623929521,0.906764968859667,0.0015578631428244407,0.001375473148488596
NIFTY_50,2022-03-10,10,0.005970480963309557,0.030360100916467053,0.9622769474406693,0.0007700089164729591,0.0006224617630810669
NIFTY_50,2022-03-11,10,0.006473275371226445,0.022711037857791386,0.9694053986376653,0.0009316368703270178,0.00047865126298978107
NIFTY_50,2022-03-14,10,0.007842237316176356,0.032629146569519867,0.9505331796895288,0.007082004551262817,0.0019134318735123212
NIFTY_50,2022-03-15,10,0.01261395092197976,0.015396200587227874,0.9703817274107884,0.0010386200334535853,0.0005695010465505384
NIFTY_50,2022-03-16,10,0.0037357741221732787,0.020682304948880435,0.9691887699919353,0.005405756984442557,0.0009873939525687529
NIFTY_50,2022-03-17,10,0.0018150157890945244,0.01959302082419821,0.9317706298737252,0.041200833257509305,0.005620500255472513
NIFTY_50,2022-03-21,10,0.005439953368003084,0.023497643157008308,0.963454604143512,0.006589380696987201,0.0010184186344892124
NIFTY_50,2022-03-22,10,0.0023627300937499322,0.017063363122695515,0.15974798760773928,0.8190660773772847,0.0017598417985306657
NIFTY_50,2022-03-23,10,0.007753497025309715,0.0356757898586253,0.9377475096558751,0.016653435966789528,0.002169767493400204
NIFTY_50,2022-03-24,10,0.00045874444613474294,0.02786262849646176,0.9638234110420548,0.006389329531209113,0.001465886484139403
NIFTY_50,2022-03-25,10,0.00041553284601703174,0.033510569290690045,0.9578004319745668,0.007036147063468423,0.001237318825257849
NIFTY_50,2022-03-28,10,0.0004925552347402303,0.019454372402800478,0.9678945038095335,0.010288015968112477,0.0018705525848135274
NIFTY_50,2022-03-29,10,0.0005221114970743128,0.06063027540570873,0.9012659503427206,0.03579723195421842,0.0017844308002779616
NIFTY_50,2022-03-30,10,0.0003886117944561206,0.09997768948735192,0.8479330082536409,0.04447988130130306,0.007220809163247911
NIFTY_50,2022-03-31,10,0.00017225804882037526,0.9334875670517246,0.057661250637400074,0.008283995832629976,0.0003949284294248756
NIFTY_50,2022-04-01,10,0.00012588276440716974,0.9393466850531313,0.04732509368049165,0.01292870728270273,0.00027363121926716745
NIFTY_50,2022-04-04,10,0.0001745859209917343,0.9187872180797113,0.05429750485272348,0.024759174646987472,0.001981516499585911
NIFTY_50,2022-04-05,10,0.0004327781095691906,0.08821633935514485,0.8740033567111882,0.035923455500110696,0.0014240703239870088
NIFTY_50,2022-04-06,10,0.00012982547962560532,0.9409050393130703,0.03907906248233529,0.019233788227249794,0.0006522844977190126
NIFTY_50,2022-04-07,10,0.00010187035501720373,0.9712992456122378,0.018590380115482575,0.009582743046768679,0.00042576087049365585
NIFTY_50,2022-04-08,10,0.0001772988191249779,0.9399249646470669,0.05183422092890069,0.007406379444855346,0.0006571361600520053
NIFTY_50,2022-04-11,10,0.00013042031859103137,0.9513192323627525,0.029634025362601412,0.017702985698818518,0.0012133362572364311
NIFTY_50,2022-04-12,10,0.00015496082137480974,0.9661772885199005,0.02039272478715878,0.012484718532273162,0.0007903073392927536
NIFTY_50,2022-04-13,10,0.00019458996920706191,0.9379366829301533,0.04137287857941854,0.01934881037128255,0.001147038149938796
NIFTY_50,2022-04-18,10,0.004013319827452031,0.9508264287393071,0.03782956200122857,0.006785261069307821,0.0005454283627044985
NIFTY_50,2022-04-19,10,0.004431082103940438,0.948756795235307,0.044940348504078555,0.0012338308518652207,0.0006379433048086215
NIFTY_50,2022-04-20,10,0.0023852755013914376,0.9703118485011123,0.02462568946584547,0.0022605148506816453,0.00041667168096938816
NIFTY_50,2022-04-21,10,0.001400424425321328,0.9630150520995708,0.02644013658803519,0.008690479096123254,0.0004539077909494261
NIFTY_50,2022-04-22,10,0.002634950511170953,0.9677291918712605,0.02557697773472767,0.0037206621481351383,0.0003382177347059045
NIFTY_50,2022-04-25,10,0.0027808940243422703,0.9637824593634183,0.03150290595734082,0.0015675648799129288,0.0003661757749855591
NIFTY_50,2022-04-26,10,0.0037928860024271714,0.9487721444884755,0.041081968562597236,0.005890158274919335,0.0004628426715805866
NIFTY_50,2022-04-27,10,0.00305037344467197,0.9714048622418584,0.02330156344860097,0.0019227196275522537,0.0003204812373163629
NIFTY_50,2022-04-28,10,0.0031508643287990567,0.9493249309770632,0.042462467635051925,0.004753473463939414,0.00030826359514650817
NIFTY_50,2022-04-29,10,0.00719665630328629,0.9684096329176214,0.021294113192212468,0.002858019893449721,0.00024157769343036427
NIFTY_50,2022-05-02,10,0.008020319782460851,0.9520737994619723,0.03549054730418432,0.004070743638053152,0.0003445898133293501
NIFTY_50,2022-05-04,10,0.9870157244656701,0.008603343654608945,0.004272369028633582,8.174950821431508e-05,2.6813342873042098e-05
NIFTY_50,2022-05-05,10,0.9792166640512314,0.014389319492807376,0.00624617864299371,0.00011362567862051861,3.4212134347079e-05
NIFTY_50,2022-05-06,10,0.9894203619575996,0.0050402890131566805,0.005421258506816056,8.987449404291686e-05,2.8216028384722204e-05
NIFTY_50,2022-05-09,10,0.9927321847325129,0.0035510023548371993,0.0036212905572096405,7.117873562993166e-05,2.434361981018989e-05
NIFTY_50,2022-05-10,10,0.9947735163240331,0.003075375006718655,0.0020800433532325185,5.292270784679914e-05,1.8142608168907318e-05
NIFTY_50,2022-05-11,10,0.9861480876727065,0.00918527888270694,0.004490086006182997,0.00013393874475218565,4.260869365134663e-05
NIFTY_50,2022-05-12,10,0.9840774222181723,0.014351229709722144,0.0014348593932342272,9.393806719585369e-05,4.255061167549907e-05
NIFTY_50,2022-05-13,10,0.9759576272618316,0.020954155084758785,0.0028074228873117557,0.00019532900938075976,8.546575671703643e-05
NIFTY_50,2022-05-16,10,0.06571201597916276,0.9200328897999587,0.013089657038138065,0.0007976302055059392,0.00036780697723454213
NIFTY_50,2022-05-17,10,0.9757204027835313,0.019743292823141807,0.004322047322157378,0.00016519408530234637,4.906298586708674e-05
NIFTY_50,2022-05-18,10,0.9952435881444485,0.0019677905054115074,0.002654990306867459,0.00010534519330066572,2.828584997198216e-05
NIFTY_50,2022-05-19,10,0.9837329414926951,0.00727140791490749,0.008801522850630655,0.00013722485792935785,5.690288383736919e-05
NIFTY_50,2022-05-20,10,0.981519773469892,0.0070626198237839005,0.011166577365092686,0.00020241711445975007,4.8612226771682366e-05
NIFTY_50,2022-05-23,10,0.9945497137999031,0.0014993177838041778,0.0038312011457960512,9.804711207323685e-05,2.172015842358086e-05
NIFTY_50,2022-05-24,10,0.9838731535058873,0.008461216962792792,0.007417489322450605,0.00020949535576734186,3.8644853101877414e-05
NIFTY_50,2022-05-25,10,0.9861732925438608,0.010555730208203518,0.00305177485193634,0.00018449119713886673,3.4711198860555044e-05
NIFTY_50,2022-05-26,10,0.9954241489512823,0.0014186083095128663,0.002968942867632259,0.0001632590026246897,2.5040868947763263e-05
NIFTY_50,2022-05-27,10,0.9879079382971295,0.004471951208716894,0.007348015644050866,0.00022522450634932388,4.6870343753334334e-05
NIFTY_50,2022-05-30,10,0.9903175894268103,0.002213844740174266,0.007168711929579605,0.00026361871350335945,3.623518993251992e-05
NIFTY_50,2022-05-31,10,0.9835241819820755,0.0025082291883824033,0.012448360877245965,0.0014581809659680656,6.104698632796743e-05
NIFTY_50,2022-06-01,10,0.9931931545856657,0.0022735093325090385,0.004108450456939872,0.0003963675447561944,2.8518080129195705e-05
NIFTY_50,2022-06-02,10,0.989957236414548,0.0033820732876476043,0.0060026242638065875,0.0006232647152446597,3.480131875292047e-05
NIFTY_50,2022-06-03,10,0.9949836173367854,0.0016761015546520957,0.003051668932366327,0.000267920704380941,2.069147181503603e-05
NIFTY_50,2022-06-06,10,0.9931773356124749,0.0018704368224328966,0.004594983004966682,0.00033078615739276745,2.6458402732793752e-05
NIFTY_50,2022-06-07,10,0.993077560708027,0.0038518454613878537,0.0029130758780900566,0.00012907952327580164,2.8438429219318593e-05
NIFTY_50,2022-06-08,10,0.9806993977884446,0.014481809700540324,0.004510894327221025,0.0002501681348677499,5.7730048926257466e-05
NIFTY_50,2022-06-09,10,0.9897603694941485,0.005399448434571817,0.00416467682124438,0.0006417248510084769,3.3780399026829237e-05
NIFTY_50,2022-06-10,10,0.9939265237402304,0.004240349916257752,0.0016223065994646335,0.00018355096734370185,2.7268776703462523e-05
NIFTY_50,2022-06-13,10,0.9969149825704882,0.0020625843846944275,0.0009129448709963099,9.240903310850334e-05,1.707914071261957e-05
NIFTY_50,2022-06-14,10,0.9971490160892967,0.002002112866335484,0.0007353141658980135,9.69283395745297e-05,1.6628538895228982e-05
NIFTY_50,2022-06-15,10,0.9838239271400824,0.014202445793085943,0.0017700109526283848,0.00016072123566462262,4.289487853871593e-05
NIFTY_50,2022-06-20,10,0.9907788862421051,0.00676556750191086,0.002295018973310024,0.00010541148179570068,5.511580087840237e-05
NIFTY_50,2022-06-21,10,0.9842101338035543,0.012240408122302947,0.0033288502702222876,0.00016901603712077837,5.159176679990555e-05
NIFTY_50,2022-06-22,10,0.9807964670844593,0.015508774726549726,0.0033125216001251307,0.00031757361037648344,6.466297848930461e-05
NIFTY_50,2022-06-23,10,0.9760663647507287,0.019068402557888206,0.004574399169265848,0.0002221272920131168,6.870623010422092e-05
NIFTY_50,2022-06-24,10,0.026446747232418112,0.9572869627815291,0.014573979873257788,0.0014024889798013552,0.0002898211329935651
NIFTY_50,2022-06-27,10,0.037121432019182776,0.9468871198432617,0.014418684996526134,0.001296688766013298,0.00027607437501600145
NIFTY_50,2022-06-28,10,0.9359213957876015,0.059327303205478306,0.004317111086705065,0.00035633776200541523,7.785215820961167e-05
NIFTY_50,2022-06-29,10,0.9703471479447692,0.025607394663027774,0.0037320754014269785,0.000254422846638675,5.895914413735148e-05
NIFTY_50,2022-06-30,10,0.9808827445077904,0.01343278364092588,0.005354621795774045,0.00024593411994310174,8.391593556665126e-05
NIFTY_50,2022-07-01,10,0.9734594469899891,0.02110697296975047,0.005138909567817781,0.000231141914998413,6.352855744421506e-05
NIFTY_50,2022-07-04,10,0.027790339033614227,0.9346671853288778,0.034919179310754146,0.00212743267375004,0.0004958636530039342
NIFTY_50,2022-07-05,10,0.01908570044701099,0.9544692917880682,0.02494785403204066,0.0011984717065984978,0.0002986820262817535
NIFTY_50,2022-07-06,10,0.016817831262361953,0.8554095465855907,0.11805334140095285,0.009001849065543063,0.0007174316855515328
NIFTY_50,2022-07-07,10,0.008395818818097383,0.1367762513100979,0.8399463505709018,0.014150419156442245,0.0007311601444604594
NIFTY_50,2022-07-08,10,0.003954893256335486,0.0537660875024934,0.9388541977319608,0.0028854197562168684,0.0005394017529934459
NIFTY_50,2022-07-11,10,0.0035244233803849168,0.03996196426936608,0.9535915340588952,0.002519901423713987,0.00040217686763983386
NIFTY_50,2022-07-12,10,0.003639917223446534,0.8089654979501804,0.1847351402865428,0.0021959237803823107,0.0004635207594480153
NIFTY_50,2022-07-13,10,0.002709131890318356,0.09253013152384311,0.9028738373540587,0.0015121343452245953,0.00037476488655554906
NIFTY_50,2022-07-14,10,0.0028946074522330743,0.0904684408801066,0.9051165392729745,0.0012159616324814908,0.0003044507622042391
NIFTY_50,2022-07-15,10,0.0034111859315126346,0.051919200557603434,0.9428907247392587,0.0014416840462831545,0.0003372047253419479
NIFTY_50,2022-07-18,10,0.002400817602782178,0.018147802154528006,0.9756457758101128,0.0035408022046637716,0.00026480222791329193
NIFTY_50,2022-07-19,10,0.00128537019288663,0.02268494562605519,0.9734924502104648,0.0023303038171298834,0.00020693015346341786
NIFTY_50,2022-07-20,10,0.001198672259826178,0.015876765657313982,0.9751328542472462,0.007338469503903162,0.00045323833171051595
NIFTY_50,2022-07-21,10,0.002092589029312813,0.003812375299078868,0.9879895385738969,0.00580309470901192,0.0003024023886994734
NIFTY_50,2022-07-22,10,0.0004905478450247262,0.009900275519910537,0.9690915212277443,0.019394592945306623,0.0011230624620136172
NIFTY_50,2022-07-25,10,0.00031627019017699514,0.017564091207377383,0.9636916000054259,0.017357328224635486,0.0010707103723841798
NIFTY_50,2022-07-26,10,0.0005300684023876559,0.02779518209846976,0.9568823722120381,0.014138194332474345,0.0006541829546301297
NIFTY_50,2022-07-27,10,0.00034557285438140063,0.01901796654617897,0.9615813452100118,0.017200064155019394,0.0018550512344084856
NIFTY_50,2022-07-28,10,0.0002619214148358185,0.008142536714867978,0.03217528843777453,0.9550050321270578,0.0044152213054639835
NIFTY_50,2022-07-29,10,0.0002196768859889415,0.0040910219437396665,0.012744017573068363,0.9773154173394767,0.005629866257726106
NIFTY_50,2022-08-01,10,7.09900293321914e-05,0.0006582507092458791,0.006677840548116017,0.05625004349802879,0.9363428752152771
NIFTY_50,2022-08-02,10,6.49204915441889e-05,0.00036942732148767803,0.004277754258524814,0.07219538054420321,0.92309251738424
NIFTY_50,2022-08-03,10,0.00016162356250595445,0.0006232851934677454,0.014437918110387318,0.9559739892138429,0.028803183919796266
NIFTY_50,2022-08-04,10,0.00023704371920548476,0.0008690089976426991,0.013318722197325144,0.9692842504530362,0.016290974632790476
NIFTY_50,2022-08-05,10,0.00012247972430428445,0.00046362655763879687,0.00874556875315048,0.9854645041584738,0.005203820806432508
NIFTY_50,2022-08-08,10,0.0001502704000730949,0.0005852016330835376,0.025502452510074627,0.9715836723035826,0.0021784031531863987
NIFTY_50,2022-08-10,10,0.00011754720571522052,0.0004464622687017286,0.014818612738034864,0.9807161051395935,0.0039012726479547327
NIFTY_50,2022-08-11,10,0.0001918674921662776,0.0016727256256111,0.00807921730762906,0.9842807619178382,0.005775427656755264
NIFTY_50,2022-08-12,10,0.0002506626186552166,0.0008582239893727516,0.01055873241119935,0.9853066435667268,0.0030257374140457093
NIFTY_50,2022-08-16,10,0.0002579958336777991,0.001031749473421334,0.009723656241878332,0.9858925356056167,0.0030940628454058767
NIFTY_50,2022-08-17,10,0.0002584605044623716,0.0011247819856209337,0.004574602837510686,0.9903922555538475,0.003649899118558709
NIFTY_50,2022-08-18,10,0.00023672007756974424,0.0011127663453956106,0.003801652139928853,0.9897415148938429,0.005107346543262994
NIFTY_50,2022-08-19,10,0.00019495054317128152,0.0010051365060452927,0.016967291846527906,0.979359744423181,0.002472876681074442
NIFTY_50,2022-08-22,10,0.00015126939113497618,0.0018358826645201783,0.04540965532472054,0.9495890818856152,0.0030141107340090475
NIFTY_50,2022-08-23,10,0.00038135168211965616,0.0024086842983448123,0.807752535606598,0.18524332657268217,0.004214101840255328
NIFTY_50,2022-08-24,10,0.00017656605401600048,0.0012841325306896252,0.024573598622860945,0.9691010835627295,0.004864619229703801
NIFTY_50,2022-08-25,10,0.00012148578502394127,0.0017793628379656873,0.02564931237082586,0.9688849637900716,0.003564875216112894
NIFTY_50,2022-08-26,10,0.00013046399235386194,0.0011828856469209103,0.038319171657765404,0.9583795482368634,0.0019879304660963167
NIFTY_50,2022-08-29,10,0.00019267896282223454,0.007396092076442696,0.03338699222155938,0.9519333877812576,0.007090848957918129
NIFTY_50,2022-08-30,10,0.00020463003769853684,0.006307158614488221,0.024984723643327943,0.9661108147491378,0.0023926729553473245
NIFTY_50,2022-09-01,10,0.0003394711123338169,0.010538313117807797,0.09662388650889829,0.8913068888897413,0.0011914403712189043
NIFTY_50,2022-09-02,10,0.0008144995623621232,0.020961349451502853,0.889719548987007,0.0854028996131407,0.0031017023859872725
NIFTY_50,2022-09-05,10,0.000572809396303992,0.032964302641260546,0.9171366377185675,0.04560858459989665,0.0037176656439714476
NIFTY_50,2022-09-06,10,0.0006518220189734138,0.03634997561666441,0.9218730682601701,0.03747911194880837,0.0036460221553838218
NIFTY_50,2022-09-07,10,0.0009222670938369,0.055743581022753196,0.878363294050489,0.06283641643429415,0.0021344413986267427
NIFTY_50,2022-09-08,10,0.0008831978514044448,0.061575482882836506,0.9002026178915267,0.033197105902288075,0.004141595471944162
NIFTY_50,2022-09-09,10,0.00023651631907622487,0.9081264139990236,0.06941158410496959,0.021095911093330946,0.0011295744835998762
NIFTY_50,2022-09-12,10,0.00034509662620470927,0.8934257878350458,0.07812196035109756,0.026414806552822055,0.0016923486348296335
NIFTY_50,2022-09-13,10,0.0002115846453249199,0.9483078284577499,0.02936221075386358,0.020930298956485734,0.0011880771865758685
NIFTY_50,2022-09-14,10,0.00025437581734208105,0.9310978212987177,0.04605192960783159,0.020231936990841862,0.002363936285266926
NIFTY_50,2022-09-15,10,0.0001998847753250172,0.8861441549660375,0.09284183829163048,0.019900278507047103,0.0009138434599599422
NIFTY_50,2022-09-16,10,9.769359433140332e-05,0.9380703628094988,0.055166967440998194,0.006169312860898323,0.0004956632942733203
NIFTY_50,2022-09-19,10,0.0001778694429994541,0.8331726289849909,0.1578049266521671,0.008282441653612808,0.0005621332662297763
NIFTY_50,2022-09-20,10,0.0004481147131008612,0.0549393204606055,0.9127276849996883,0.03017778099763315,0.001707098828972075
NIFTY_50,2022-09-21,10,0.0003363980298368695,0.040996242175753074,0.944822149039988,0.011721395058840713,0.0021238156955811966
NIFTY_50,2022-09-22,10,0.0004153115846311349,0.054534981837045075,0.9065921252480174,0.03756292511099647,0.0008946562193099025
NIFTY_50,2022-09-23,10,0.0003227149151818627,0.9038536263995923,0.08813809369787128,0.0074940617349317845,0.00019150325242264988
NIFTY_50,2022-09-26,10,0.0004177285470723399,0.9580226482481532,0.04062120763410932,0.0007701028223605066,0.0001683127483046268
NIFTY_50,2022-09-27,10,0.000503022057993319,0.9459447770178883,0.052645684113446466,0.0007264731729054164,0.00018004363776653214
NIFTY_50,2022-09-28,10,0.001614906143759946,0.8828411424303011,0.11388408870894458,0.001286471172001393,0.00037339154499315904
NIFTY_50,2022-09-29,10,0.004377152093559972,0.8841615360894534,0.10962223095799739,0.0014099861210469002,0.00042909473794243853
NIFTY_50,2022-09-30,10,0.0013354368458636727,0.06390377884229287,0.9313936853284772,0.002911122747708093,0.0004559762356580569
NIFTY_50,2022-10-03,10,0.0031614620078632928,0.07799814258040168,0.9168736249764299,0.0015296967354024565,0.00043707369990258376
NIFTY_50,2022-10-04,10,0.0007247398791818791,0.028128291054228743,0.9680305720125211,0.0028273321736180797,0.0002890648804502933
NIFTY_50,2022-10-06,10,0.001060717391842789,0.040368597684191924,0.9543792114399979,0.0034945352709003785,0.0006969382130667022
NIFTY_50,2022-10-07,10,0.0007873233709474582,0.02873520482184774,0.9677368109329408,0.0021371551685866724,0.0006035057056772605
NIFTY_50,2022-10-10,10,0.0007499648324673203,0.013857302345802706,0.9838478063324978,0.0012437373434519517,0.00030118914578018143
NIFTY_50,2022-10-11,10,0.0012123279447736244,0.03058853425063436,0.9667934706583592,0.0010820048519991573,0.00032366229423356536
NIFTY_50,2022-10-12,10,0.0012733009769367338,0.020733351402961932,0.9760838924103731,0.0015922227506694484,0.00031723245905878954
NIFTY_50,2022-10-13,10,0.002936577012376217,0.03266746401106683,0.9622412156127401,0.0017037245428018245,0.00045101882101501045
NIFTY_50,2022-10-14,10,0.0019049222619297384,0.02324232322821836,0.9717988686934815,0.0026974767921799474,0.00035640902419065384
NIFTY_50,2022-10-17,10,0.0011201092568741426,0.027872943433181845,0.9680672815710945,0.002600827038282862,0.00033883870056671987
NIFTY_50,2022-10-18,10,0.0017258142107276235,0.014177935694273561,0.9762258581599064,0.007275099262815998,0.0005952926722766879
NIFTY_50,2022-10-19,10,0.0008033908235292941,0.0338565741978176,0.9542558316412026,0.010622038629791287,0.0004621647076588099
NIFTY_50,2022-10-20,10,0.0014742192181083841,0.036855469749423116,0.9374638502160586,0.023359752618793323,0.0008467081976165654
NIFTY_50,2022-10-21,10,0.00048311825085507184,0.021466097901323585,0.9363262640340952,0.04049713544556747,0.0012273843681586184
NIFTY_50,2022-10-24,10,0.0002241520195591467,0.02014439774386539,0.0750189312151221,0.902328330554047,0.0022841884674064915
NIFTY_50,2022-10-25,10,0.00028020246621816153,0.015973610107280604,0.1160119158674643,0.865780726959139,0.001953544599897982
NIFTY_50,2022-10-27,10,0.00024118095542048079,0.011548675750736221,0.09501983927336437,0.8910989539442857,0.002091350076193207
NIFTY_50,2022-10-28,10,0.0004696888894280664,0.027847206125234534,0.8543288187698376,0.11344180547419265,0.0039124807413071306
NIFTY_50,2022-10-31,10,0.0004096471017512907,0.019861186691965658,0.07669364230007748,0.8862435263937043,0.01679199751250132
NIFTY_50,2022-11-02,10,0.00031831119316412163,0.01363247204467147,0.035347366451259334,0.932351655497367,0.018350194813537998
NIFTY_50,2022-11-03,10,0.00014959214391591175,0.008933911250050108,0.016265758086885095,0.07636663065135614,0.8982841078677927
NIFTY_50,2022-11-04,10,0.0003051043841949944,0.011252292220585155,0.029715405747297047,0.9463083668901702,0.012418830757752719
NIFTY_50,2022-11-09,10,0.0002675482984938281,0.010081430674690708,0.021380373453498917,0.9642694704813602,0.004001177091956193
NIFTY_50,2022-11-10,10,0.0002507782191114975,0.01581912905742954,0.026936774631997933,0.9520725576314734,0.004920760459987707
NIFTY_50,2022-11-17,10,0.00032641251585663426,0.00434476135438478,0.07016119367865385,0.9210187730091215,0.0041488594419831154
NIFTY_50,2022-11-18,10,0.00023280462942902014,0.005381945561409629,0.039514294955215024,0.9522644721313215,0.002606482722624907
NIFTY_50,2022-11-21,10,0.0002027240223440651,0.017711605110205364,0.038719988494845856,0.9421312565975709,0.0012344257750337726
NIFTY_50,2022-11-22,10,0.000304766429723747,0.012736586723813566,0.11714887517108782,0.8646354913615288,0.005174280313845938
NIFTY_50,2022-11-23,10,0.00048396645916276804,0.017836975649215502,0.8290016795380283,0.14749502562823605,0.005182352725357503
NIFTY_50,2022-12-02,10,0.00043584820908240543,0.01052941349425438,0.9356311337920665,0.04738714765993125,0.006016456844665379
NIFTY_50,2022-12-05,10,0.0003622913668494677,0.008358270312600039,0.9421379534461257,0.04414200155626275,0.004999483318162261
NIFTY_50,2022-12-06,10,0.0003775520122734359,0.006909050201488376,0.9546868479432299,0.03198100812435324,0.006045541718654993
NIFTY_50,2022-12-07,10,0.00046078442040285814,0.009342624979521076,0.9513756463275609,0.03471714544851349,0.004103798824001757
NIFTY_50,2022-12-08,10,0.0004266054895155637,0.014694243900899403,0.9556929599343066,0.022887138061264713,0.006299052614013874
NIFTY_50,2022-12-09,10,0.000583382038826206,0.7367938818083313,0.22391722271855463,0.0337693342869132,0.004936179147374736
NIFTY_50,2022-12-12,10,0.0005207228373379731,0.027601725108569022,0.9431661248601776,0.023191995515008272,0.005519431678907146
NIFTY_50,2022-12-13,10,0.0003929648457155062,0.01056065672052577,0.9519938952836403,0.02899049857316355,0.008061984576954838
NIFTY_50,2022-12-14,10,0.00033865137862447545,0.008410501850546407,0.9235298477681727,0.06370468401876621,0.004016314983890377
NIFTY_50,2022-12-15,10,0.0003511058597467121,0.006462684628349657,0.9580824491176938,0.030606529064494077,0.004497231329715544
NIFTY_50,2022-12-16,10,0.00044939133453872826,0.009508493305638336,0.9592044767834198,0.02821335014798608,0.002624288428416723
NIFTY_50,2022-12-19,10,0.00030097813809293393,0.00560103878946552,0.9742590369033305,0.014300823594329604,0.005538122574781232
NIFTY_50,2022-12-20,10,0.000331319363083684,0.006458910042206005,0.9638904835521507,0.021520638787151387,0.0077986482554084765
NIFTY_50,2022-12-21,10,0.00042255892713684583,0.016893301758985915,0.9559431564632717,0.024117662000415156,0.0026233208501903168
NIFTY_50,2022-12-22,10,0.0009601693040371255,0.01892329704688726,0.9723146396019717,0.0072884508275439545,0.0005134432195601096
NIFTY_50,2022-12-23,10,0.0026865526012307813,0.03356141057100517,0.9620883588150576,0.0013220395971522512,0.00034163841555428007
NIFTY_50,2022-12-26,10,0.001993583085310623,0.025464017921909127,0.968120914893758,0.003986917208829389,0.00043456689019290946
NIFTY_50,2022-12-27,10,0.001549345512441613,0.014170765279562856,0.9782511063678829,0.005715367788818027,0.00031341505129461324
NIFTY_50,2022-12-28,10,0.000885995528508018,0.007379657129430089,0.9861756732580944,0.00525841941895395,0.0003002546650136689
NIFTY_50,2022-12-29,10,0.0007603901216908659,0.0117804036985242,0.9793785961318251,0.007630059927312904,0.0004505501206468916
NIFTY_50,2022-12-30,10,0.0006262692893962836,0.007945854608057867,0.9880027125320655,0.003124033822580264,0.0003011297478999423
NIFTY_50,2023-01-02,10,0.0004408238633196437,0.00938767527990124,0.980604373097555,0.009100164979630305,0.00046696277959391033
NIFTY_50,2023-01-03,10,0.000370036036723618,0.011328614054172613,0.9814803361581013,0.005885325523043835,0.0009356882279589752
NIFTY_50,2023-01-04,10,0.0004988054038298505,0.012964574760142818,0.9830409085434408,0.0031898780768063674,0.0003058332157802784
NIFTY_50,2023-01-05,10,0.00033422677703513217,0.006542199122442595,0.9891385580832,0.0036931912362742772,0.0002918247810480207
NIFTY_50,2023-01-06,10,0.0003829395783260589,0.007889710257912394,0.9901258382591533,0.001369119616967555,0.00023239228764069758
NIFTY_50,2023-01-09,10,0.0004283216148798223,0.015222444521490797,0.9798366866499628,0.004265733286457794,0.00024681392720868995
NIFTY_50,2023-01-10,10,0.0004736556459704871,0.02426080820302796,0.9721700145940407,0.0027688520193573664,0.0003266695376033353
NIFTY_50,2023-01-11,10,0.00039455290018846365,0.025668690779563658,0.971619805475604,0.0020389956585552846,0.00027795518608855974
NIFTY_50,2023-01-12,10,0.00043457520666546196,0.8055404648925247,0.192701022350261,0.0010549468567831969,0.0002689906937657106
NIFTY_50,2023-01-13,10,0.0004357242160910742,0.10207094943233155,0.8939704119506027,0.0031812741925453555,0.0003416402084294031
NIFTY_50,2023-01-16,10,0.00043692121394520763,0.08141509805555631,0.9155247940593627,0.0023151902456844653,0.0003079964254512859
NIFTY_50,2023-01-17,10,0.000288838377072044,0.8381822030635546,0.1582376266661063,0.0030486610780585516,0.00024267081520829042
NIFTY_50,2023-01-18,10,0.0004231362639002071,0.05111140746517658,0.9401284093589782,0.007959943998638598,0.0003771029133067247
NIFTY_50,2023-01-19,10,0.00023772815805353615,0.042763191701045186,0.9530909567573359,0.0036139701485637145,0.0002941532350015118
NIFTY_50,2023-01-20,10,0.00037439358758043927,0.032602587736230156,0.9605213263055078,0.006138502050402013,0.00036319032027953076
NIFTY_50,2023-01-23,10,0.0006985773702824049,0.04124600732889052,0.9514859897894532,0.0062133997202470405,0.00035602579112671
NIFTY_50,2023-01-24,10,0.0007407421242552252,0.03061931788112892,0.9624286638551972,0.005713988543567899,0.0004972875958510067
NIFTY_50,2023-01-25,10,0.00046048562761338266,0.028649525297019415,0.968084375747948,0.002556618644387363,0.00024899468303145745
NIFTY_50,2023-01-27,10,0.0008283499244133207,0.048226161137473945,0.948638658227484,0.0018115049442393517,0.0004953257663892956
NIFTY_50,2023-01-30,10,0.0009913836715150762,0.6391617923441052,0.35732073144814763,0.002103395999201515,0.0004226965370306551
NIFTY_50,2023-01-31,10,0.0011191597204221358,0.1533912818660031,0.8421354082162297,0.002777405405319967,0.0005767447920251795
NIFTY_50,2023-02-01,10,0.0007402624738424914,0.056896967268498556,0.940695965092734,0.0012515945465615317,0.00041521061836340535
NIFTY_50,2023-02-02,10,0.0008572977801811474,0.05830739407597489,0.9393220851754618,0.0011502756346285165,0.0003629473337536515
NIFTY_50,2023-02-03,10,0.0008376143126940642,0.10944502706137399,0.8810793750435735,0.008055459929185674,0.0005825236531728324
NIFTY_50,2023-02-06,10,0.0016781214437163357,0.07558741935742457,0.9178716396916389,0.004270172752086083,0.0005926467551340254
NIFTY_50,2023-02-07,10,0.0005398392544741752,0.8928784341779242,0.10488843645649745,0.0014279626892301277,0.0002653274218742276
NIFTY_50,2023-02-08,10,0.00038283201857885227,0.9198800792280883,0.07665152607024471,0.002908523169605447,0.00017703951348267658
NIFTY_50,2023-02-09,10,0.00050400463624881,0.9441185055290829,0.0520006796068858,0.003193395155323711,0.00018341507245843224
NIFTY_50,2023-02-10,10,0.0002747013100952002,0.9694452558022719,0.026202265253409157,0.003951045366334492,0.00012673226788922253
NIFTY_50,2023-02-13,10,0.00028640376704164425,0.9505601883540874,0.046864014435421236,0.002156350280443909,0.00013304316300580827
NIFTY_50,2023-02-14,10,0.0001936332470075339,0.9795821529456208,0.01631068724401434,0.003751239355504111,0.00016228720785329856
NIFTY_50,2023-02-15,10,0.000417692185483855,0.9469207420817308,0.04602535374621642,0.006293808828463741,0.0003424031581049917
NIFTY_50,2023-02-16,10,0.0003068734953134634,0.9591181249863109,0.03210266677151936,0.006799644430574998,0.0016726903162813068
NIFTY_50,2023-02-17,10,0.00020259113226203472,0.9580281825246503,0.03796102096692771,0.003571521522562195,0.00023668385359784576
NIFTY_50,2023-02-20,10,0.0002303015762219863,0.9811966529480457,0.016274436857927118,0.0020994646543655566,0.00019914396343975851
NIFTY_50,2023-02-21,10,0.0003422557818975046,0.9684700796745177,0.02644459856813416,0.004443794597145342,0.00029927137830542506
NIFTY_50,2023-02-22,10,0.001475738231352802,0.9750922312572493,0.022572128114464452,0.0005851167293568746,0.0002747856675765902
NIFTY_50,2023-02-23,10,0.002409059176045018,0.962048310765871,0.034596464174273624,0.0006320767040156834,0.00031408917979479226
NIFTY_50,2023-02-24,10,0.0023497188932072336,0.9811035320026886,0.015893726405064357,0.00044403217215286935,0.00020899052688693248
NIFTY_50,2023-02-27,10,0.0023170794436241184,0.9837908420909424,0.013127747042784061,0.0005235713052866718,0.00024076011736251014
NIFTY_50,2023-02-28,10,0.005192976345102805,0.9654661553275109,0.02841094761137234,0.0005428654841053278,0.00038705523190870836
NIFTY_50,2023-03-01,10,0.00136762230182272,0.9676809142447214,0.03020122233341466,0.0004776618873473916,0.000272579232693897
NIFTY_50,2023-03-02,10,0.00578680312145635,0.9654663504597815,0.02758981526413234,0.0007139086108698612,0.0004431225437599015
NIFTY_50,2023-03-03,10,0.005340881851110435,0.9545368015221022,0.038273706910210654,0.0012396952693302396,0.0006089144472463226
NIFTY_50,2023-03-06,10,0.0033198042454383125,0.9731244918301237,0.02153485540932203,0.0016288188284699781,0.00039202968664615927
NIFTY_50,2023-03-08,10,0.0028381765915035592,0.9687016206342912,0.024757584614021912,0.003267280499444988,0.000435337660738315
NIFTY_50,2023-03-09,10,0.005980912834950865,0.9737274591992421,0.0188616717853938,0.000988950976221104,0.00044100520419217
NIFTY_50,2023-03-10,10,0.007840708928363327,0.9789723237880522,0.012365903115938246,0.0005431364489935531,0.00027792771865261623
NIFTY_50,2023-03-13,10,0.9579397108231585,0.03707503290430373,0.004626234767312506,0.00023089419764567453,0.00012812730757949238
NIFTY_50,2023-03-14,10,0.9611525866873999,0.03539310669417994,0.003190553382536783,0.00019945821954223732,6.429501634126458e-05
NIFTY_50,2023-03-15,10,0.9436046978473699,0.047351386835187734,0.00856456876937291,0.00038283681992512406,9.650972814419715e-05
NIFTY_50,2023-03-16,10,0.0388881070045091,0.9157044925818599,0.042422749070624405,0.0022347486623000936,0.0007499026807064332
NIFTY_50,2023-03-17,10,0.010634568293058522,0.9482792300016953,0.03867275082470329,0.001815949590393956,0.000597501290148911
NIFTY_50,2023-03-20,10,0.012598506898326572,0.9380752252073786,0.04765030974756283,0.0012204887470078122,0.0004554693997242385
NIFTY_50,2023-03-21,10,0.0035151719229594884,0.9185863014418582,0.07566780203619355,0.001697800749697811,0.0005329238492910325
NIFTY_50,2023-03-22,10,0.002342596506556658,0.9038945104642394,0.09117571648635814,0.001839087906847252,0.0007480886359986248
NIFTY_50,2023-03-23,10,0.0025802267641941595,0.07324569118902267,0.9218138899728956,0.001760295570589741,0.0005998965032982194
NIFTY_50,2023-03-24,10,0.005077895734901429,0.07587443947106208,0.9163424022912634,0.0021289016253342482,0.0005763608774387754
NIFTY_50,2023-03-27,10,0.004573504085760434,0.02615821420830181,0.9664907545558745,0.002174803405718914,0.0006027237443442455
NIFTY_50,2023-03-28,10,0.01006728223901944,0.05059744331624768,0.9344953255546804,0.004093121722301847,0.0007468271677508137
NIFTY_50,2023-03-29,10,0.006211015102212998,0.06695033532059605,0.9219827230710826,0.004094670142238563,0.0007612563638698079
NIFTY_50,2023-03-31,10,0.007422512242261153,0.015850122043153076,0.9639237076142938,0.0121327111230009,0.000670946977291454
NIFTY_50,2023-04-03,10,0.002838680441720094,0.022749556824470437,0.9632321343754245,0.010618100661924618,0.0005615276964603511
NIFTY_50,2023-04-05,10,0.002602362066570733,0.028176237974799675,0.9474462460205761,0.020875606330325775,0.0008995476077275996
NIFTY_50,2023-04-06,10,0.0025473372909230203,0.021603199082634163,0.9641682109943789,0.010250915374637062,0.0014303372574270327
NIFTY_50,2023-04-10,10,0.00432824968047548,0.03367547424238653,0.9407629752548919,0.018312641004819052,0.002920659817427118
NIFTY_50,2023-04-11,10,0.003216596921929224,0.021434446472729237,0.9502595983316575,0.023444312583472775,0.0016450456902113227
NIFTY_50,2023-04-12,10,0.00042101503546879983,0.015980752313536607,0.9590590856905327,0.02348547091946678,0.0010536760409951852
NIFTY_50,2023-04-13,10,0.0005389987285532369,0.020031523907500216,0.937288809807993,0.04017249315195854,0.0019681744039947283
NIFTY_50,2023-04-17,10,0.0005913522745048094,0.018398541631820805,0.9445035868921584,0.03475238865729885,0.0017541305442171557
NIFTY_50,2023-04-18,10,0.00035531358406170867,0.016520824227172642,0.07919686821501914,0.9029581752567547,0.0009688187169918625
NIFTY_50,2023-04-19,10,0.00013831564610342713,0.005008280412141854,0.024532917933940055,0.9698928924410944,0.00042759356672033227
NIFTY_50,2023-04-20,10,0.0001829276564389557,0.006516700147197457,0.028067195546388,0.9647506753163365,0.00048250133363900025
NIFTY_50,2023-04-21,10,0.00016283743639719994,0.006582747619641468,0.03136711705757186,0.961477673760305,0.00040962412608433225
NIFTY_50,2023-04-24,10,0.00015047076845969468,0.006817466199705812,0.02582462139502444,0.966673821158259,0.0005336204785511736
NIFTY_50,2023-04-25,10,0.00018818103490896536,0.007053305489147006,0.02548622817747279,0.9662615550888566,0.001010730209614702
NIFTY_50,2023-04-26,10,0.00017679882357865627,0.00702776091538052,0.024818784227199287,0.9664943877357645,0.0014822682980770027
NIFTY_50,2023-04-27,10,0.0001459039126342753,0.0025971223881530014,0.018373910462727835,0.9771188804806352,0.0017641827558495748
NIFTY_50,2023-04-28,10,0.0001273891203558749,0.0011968366388395656,0.019173440869532953,0.978278982717709,0.0012233506535626738
NIFTY_50,2023-05-02,10,9.286435484024638e-05,0.0008821836698215435,0.013575742886479199,0.9836953864898835,0.0017538225989755178
NIFTY_50,2023-05-03,10,0.00011659056289843935,0.0016869513427082829,0.022524594731274956,0.9748162835500664,0.0008555798130518771
NIFTY_50,2023-05-04,10,0.000113660808354809,0.0009547339006552509,0.01727771794062827,0.9803738694004288,0.0012800179499328412
NIFTY_50,2023-05-05,10,8.326297736900644e-05,0.0020438782706234714,0.012554812366685713,0.9850140322430173,0.0003040141423046478
NIFTY_50,2023-05-08,10,9.634070840551284e-05,0.0014353268263671978,0.014152187336321693,0.9838116115524117,0.0005045335764939579
NIFTY_50,2023-05-09,10,0.00010021855077839154,0.001040190326738232,0.015418693491818711,0.9828544299912216,0.0005864676394430659
NIFTY_50,2023-05-10,10,0.00012208605457745967,0.0009664268669612578,0.0123458631115361,0.9857397529065921,0.0008258710603330864
NIFTY_50,2023-05-11,10,0.00012021215233270592,0.0010238357041021536,0.015200384632361208,0.9830462264841481,0.0006093410270558704
NIFTY_50,2023-05-12,10,0.00011019640180315554,0.000761085452705334,0.018376693717340003,0.9801227547094624,0.0006292697186890908
NIFTY_50,2023-05-15,10,0.00019284222214744368,0.00389390723957872,0.01978519057409658,0.9712625791906037,0.004865480773573774
NIFTY_50,2023-05-16,10,0.00017009123772967151,0.0018135804062381854,0.02204868365457311,0.975122478839061,0.0008451658623981636
NIFTY_50,2023-05-17,10,0.00017119226038320807,0.0019501042383104064,0.031479724009895266,0.9657010995452256,0.0006978799461855612
NIFTY_50,2023-05-18,10,0.00019976696172065983,0.0023960541864680956,0.03262976742526261,0.9641859774085113,0.0005884340180374204
NIFTY_50,2023-05-19,10,8.489510817191574e-05,0.0012396931116949253,0.010329828860206294,0.9879950121701925,0.00035057074973426173
NIFTY_50,2023-05-22,10,0.00011560484984388424,0.0015045627005314853,0.012598347800003332,0.9853737989249954,0.0004076857246257567
NIFTY_50,2023-05-23,10,0.0002061816832405762,0.003234456090859543,0.02527933209197775,0.970516011495509,0.0007640186384132563
NIFTY_50,2023-05-24,10,0.00021144454581274784,0.0025382335702416395,0.031893010775294946,0.9647120646014934,0.0006452465071570252
NIFTY_50,2023-05-25,10,0.0001406601184537219,0.0012594927888245708,0.04710740502853481,0.951150930222038,0.00034151184214879397
NIFTY_50,2023-05-26,10,0.00015500963389982614,0.0022086388819382015,0.03078160697374276,0.9644513181099182,0.002403426400500911
NIFTY_50,2023-05-29,10,0.00018686281698150148,0.00123847110711986,0.031486716444830455,0.9636545527929096,0.003433396838158723
NIFTY_50,2023-05-30,10,0.0002105324170312402,0.0017147973454702838,0.04961246817750092,0.9443274054158919,0.004134796644105675
NIFTY_50,2023-05-31,10,0.00018104359528426213,0.0010747089979138871,0.05292545126731589,0.9448934242163941,0.0009253719230917846
NIFTY_50,2023-06-01,10,0.00011751827595113648,0.0016513405717455518,0.03086549591072222,0.9668733314899678,0.0004923137516132547
NIFTY_50,2023-06-02,10,0.00011783375092852507,0.0017657391194634416,0.026548247812081052,0.9692040109761526,0.002364168341374635
NIFTY_50,2023-06-05,10,0.0001538967106030862,0.0011632177755957424,0.033936788776901976,0.9623529017624913,0.002393194974407926
NIFTY_50,2023-06-06,10,0.00016955961566651273,0.0015062550391010923,0.047497190516409805,0.9477519681367556,0.0030750266920670545
NIFTY_50,2023-06-08,10,0.0006492993600127954,0.005653873537514651,0.6975791190971095,0.28344376299631135,0.012673945009051746
NIFTY_50,2023-06-09,10,0.0006907176779279717,0.010245393241609781,0.8199730931168736,0.15678256082855987,0.012308235135028656
NIFTY_50,2023-06-12,10,0.00024341505684333394,0.003088590294920742,0.07679984597082916,0.913407530163597,0.006460618513809728
NIFTY_50,2023-06-13,10,0.00038393230232418025,0.003187988817102981,0.09129446907738978,0.8636889104705123,0.04144469933267072
NIFTY_50,2023-06-14,10,9.769985714019698e-05,0.0012450844758656455,0.0177010585828794,0.06368678758919064,0.9172693694949241
NIFTY_50,2023-06-15,10,0.00021276653564595479,0.0033074680062138333,0.08341153612525329,0.8681180532096099,0.04495017612327708
NIFTY_50,2023-06-19,10,0.000404322415544242,0.004603845181598324,0.0624077740855217,0.8739159745458885,0.05866808377144729
NIFTY_50,2023-06-20,10,7.18928729421665e-05,0.0010586077856493043,0.009898288718595844,0.050698913154193975,0.9382722974686187
NIFTY_50,2023-06-21,10,4.3212431320443146e-05,0.0003945289102295036,0.005529580157968737,0.03468329142260842,0.959349387077873
NIFTY_50,2023-06-22,10,6.588483685465519e-05,0.0008625653596311588,0.013889238614865317,0.02239303536978425,0.9627892758188646
NIFTY_50,2023-06-23,10,5.201143696749073e-05,0.001648670864211768,0.02102821692847321,0.008641141473857215,0.9686299592964903
NIFTY_50,2023-06-26,10,6.085666943814372e-05,0.001413979843122662,0.019623107703833957,0.010468018514291508,0.9684340372693137
NIFTY_50,2023-06-27,10,6.598838497392213e-05,0.003072862445338169,0.019354307903955984,0.012755721413773402,0.9647511198519585
NIFTY_50,2023-07-10,10,8.690853812507095e-05,0.0003649333406175352,0.004811466012818478,0.03186347296656596,0.9628732191418728
NIFTY_50,2023-07-11,10,8.488949339843312e-05,0.0003900587571706737,0.005762252996685831,0.023893494864085096,0.96986930388866
NIFTY_50,2023-07-12,10,0.00041960048912580833,0.0021807387545830534,0.022512000234768112,0.9339745401847015,0.04091312033682151
NIFTY_50,2023-07-13,10,0.0002899215775838275,0.0015761266690159479,0.01326527758342281,0.964070595836124,0.02079807833385364
NIFTY_50,2023-07-21,10,0.0004087954033585076,0.002145116777593696,0.013055016480238598,0.9693681810353968,0.0150228903034124
NIFTY_50,2023-07-24,10,0.0003843357116160999,0.0023335988524245247,0.021909710006990973,0.9539371832721838,0.021435172156784598
NIFTY_50,2023-07-25,10,0.00019575186324793527,0.001138132664330472,0.004721642083108949,0.9895422761258811,0.004402197263431491
NIFTY_50,2023-07-26,10,0.00046838342277161183,0.003351200307319112,0.011558886992816512,0.9675055028787315,0.01711602639836128
NIFTY_50,2023-07-27,10,0.0002078275446512258,0.0017657047089891832,0.016729061507284603,0.9757077960483105,0.00558961019076442
NIFTY_50,2023-07-28,10,0.0003039721033585919,0.004596426699949618,0.026679026737987065,0.9617215515301928,0.006699022928512046
NIFTY_50,2023-07-31,10,0.0002989377952249907,0.009891291566426326,0.011032870345624552,0.9680255705299153,0.010751329762808874
NIFTY_50,2023-08-01,10,0.00022826378241710526,0.004145980057976993,0.027281012287110617,0.9625119930296779,0.005832750842817364
NIFTY_50,2023-08-02,10,0.0003577898218209689,0.0038703443129299423,0.8311748085701268,0.15750028860303933,0.007096768692082717
NIFTY_50,2023-08-03,10,0.0004133980324425393,0.004179103037137909,0.9478921193594013,0.04013520886730166,0.007380170703716454
NIFTY_50,2023-08-04,10,0.0002852763218962785,0.004114366742868826,0.1156930280780319,0.876670780710326,0.0032365481468769456
NIFTY_50,2023-08-07,10,0.00023688617742973338,0.0017533607605382528,0.15450915274149193,0.8400190299920475,0.0034815703284925073
NIFTY_50,2023-08-08,10,0.00016468654013776388,0.0013638558329395862,0.10497397667562247,0.8905226833196709,0.0029747976316292987
NIFTY_50,2023-08-09,10,0.00039011631563334604,0.006571858764933336,0.9110316502480064,0.07635326219802661,0.005653112473400447
NIFTY_50,2023-08-10,10,0.0003031037698813486,0.0069076713852231466,0.9485501212671444,0.04164730088383474,0.0025918026939163136
NIFTY_50,2023-08-11,10,0.00024060702862480863,0.0024301396263081212,0.9827232075225322,0.012086815352141147,0.0025192304703938444
NIFTY_50,2023-08-14,10,0.00026255957856054446,0.002568840024730957,0.9818746294357763,0.013061221949894073,0.0022327490110381435
NIFTY_50,2023-08-16,10,0.00030190136102394884,0.0043080612723772355,0.9791114294074718,0.012930373685785168,0.0033482342733417315
NIFTY_50,2023-08-17,10,0.0002570223607265484,0.007920573475902894,0.9738606629570762,0.01699017342846771,0.0009715677778266436
NIFTY_50,2023-08-18,10,0.00040659650457067074,0.005141626542465316,0.9078745166082463,0.08520740292992283,0.0013698574147948345
NIFTY_50,2023-08-21,10,0.0003160442767534521,0.008266726620851473,0.9764298631163488,0.012764325621601586,0.0022230403644446376
NIFTY_50,2023-08-22,10,0.00029999805723295817,0.004631423496166905,0.986337697734243,0.006549297277041924,0.002181583435315047
NIFTY_50,2023-08-23,10,0.00032949252468136267,0.005368382689472635,0.9800314288258836,0.012327868107265836,0.0019428278526966718
NIFTY_50,2023-08-24,10,0.0003119304494120071,0.006490097099399017,0.9674273956130809,0.025120349754818607,0.0006502270832894635
NIFTY_50,2023-08-25,10,0.00018463002732505357,0.003373347590891098,0.11699672367395539,0.8792404484983745,0.0002048502094541187
NIFTY_50,2023-08-28,10,0.00016093041883745982,0.002577512815396711,0.12601198649007864,0.8710007620515865,0.00024880822410057457
NIFTY_50,2023-08-29,10,0.00011112078814851204,0.0019796252452374493,0.1327439492566501,0.864894985669649,0.0002703190403151969
NIFTY_50,2023-08-30,10,0.000400739484090657,0.00829607086256956,0.9032522509377142,0.0871258176306467,0.0009251210849788982
NIFTY_50,2023-08-31,10,0.0005383335152854834,0.013292036555838101,0.8994384800281858,0.08446621700037002,0.002264932900320423
NIFTY_50,2023-09-01,10,0.0003607633735604584,0.012394947442723514,0.9511672852423042,0.034907510102286314,0.0011694938391257114
NIFTY_50,2023-09-04,10,0.00031114434176108445,0.014866423631016154,0.9649535358207004,0.018440935369639495,0.0014279608368829258
NIFTY_50,2023-09-05,10,0.00040654679264894245,0.01580798571945131,0.9521890756228684,0.028034000400394932,0.003562391464636312
NIFTY_50,2023-09-06,10,0.0002933421268782423,0.01040300911625816,0.9642104760944644,0.022859941579226505,0.0022332310831727443
NIFTY_50,2023-09-07,10,0.00033580741306881074,0.00957272820029837,0.9573662488210661,0.025570902160459097,0.007154313405107696
NIFTY_50,2023-09-08,10,0.00043026104109810916,0.009356478185948876,0.951477418932968,0.026224368011330986,0.012511473828654009
NIFTY_50,2023-09-18,10,0.0006664417350579268,0.0062671271039287015,0.9191418067665498,0.049604853623846826,0.024319770770616658
NIFTY_50,2023-09-20,10,0.0003240228845443045,0.004402076987571051,0.9233361537146701,0.06619282078106536,0.005744925632149143
NIFTY_50,2023-09-21,10,0.0002983756844904111,0.003676734171663517,0.9775788779780246,0.015248635216175407,0.003197376949646049
NIFTY_50,2023-09-22,10,0.00024123378388711642,0.0024512381501011937,0.9849928319907229,0.011425120835969797,0.0008895752393187769
NIFTY_50,2023-09-25,10,0.00026552259761600635,0.002996653292255791,0.9818195101394651,0.013889059158608304,0.0010292548120546864
NIFTY_50,2023-09-26,10,0.0002423684746009394,0.004038565592028782,0.9790190900601374,0.015702653959668914,0.000997321913564009
NIFTY_50,2023-09-27,10,0.0002873891608829289,0.006001400688626353,0.9793533590689909,0.012306923523035807,0.0020509275584638977
NIFTY_50,2023-09-28,10,0.0006053135554612934,0.02263217270839772,0.9670595810459854,0.009180737985453309,0.0005221947047020307
NIFTY_50,2023-09-29,10,0.00045534679357576714,0.020315369940372047,0.9684919391817127,0.01005909072296183,0.000678253361377452
NIFTY_50,2023-10-03,10,0.0003216652800263282,0.019509473936807836,0.9764718028885151,0.0033059069858214,0.000391150908829435
NIFTY_50,2023-10-04,10,0.00028517376652967096,0.009736296722489164,0.9859402219236847,0.0037437476918527287,0.00029455989544362014
NIFTY_50,2023-10-05,10,0.0004905206603722397,0.023892555503809414,0.9682304174267798,0.006855758950129582,0.0005307474589087786
NIFTY_50,2023-10-06,10,0.00045766505216245556,0.061023060886587606,0.9315247850609709,0.006280583380234582,0.0007139056200443638
NIFTY_50,2023-10-09,10,0.00025868687938854375,0.8838880204293735,0.11219047459545288,0.0033864318584833704,0.0002763862373015122
NIFTY_50,2023-10-10,10,0.000252250478640435,0.8644853671175701,0.12900322357706723,0.0058269656080401164,0.00043219321868208507
NIFTY_50,2023-10-11,10,0.0002796487034511927,0.879262228368691,0.1122290952893099,0.005383126960092301,0.0028459006784557475
NIFTY_50,2023-10-12,10,0.0001756561861715502,0.9155115346357515,0.0795618293820131,0.0035280196780279275,0.001222960118035984
NIFTY_50,2023-10-13,10,0.0001905363223129338,0.9125137483692489,0.07753197172092725,0.00867779713848222,0.0010859464490285409
NIFTY_50,2023-10-16,10,0.0001863627348320815,0.9099879619964218,0.08516236849289631,0.004139608645186945,0.0005236981306627553
NIFTY_50,2023-10-17,10,0.00016595060665451988,0.9203676362853873,0.07355301506937485,0.003509341890625179,0.0024040561479580537
NIFTY_50,2023-10-18,10,0.00041294754970535306,0.05763355097194955,0.9120221246651846,0.028730616806993858,0.0012007600061664182
NIFTY_50,2023-10-19,10,0.000465965736703631,0.06001142698299277,0.916975591153853,0.021338102037860823,0.0012089140885899684
NIFTY_50,2023-10-20,10,0.0003926607199732481,0.048449995396214744,0.9352101365233713,0.01537890309384769,0.0005683042665932216
NIFTY_50,2023-10-23,10,0.0005235710548128482,0.01831677005988645,0.9750154266632347,0.00528482676791413,0.0008594054541518102
NIFTY_50,2023-10-25,10,0.0005291483540663599,0.023115610606457036,0.9729051094362063,0.0029428208799185543,0.0005073107233517749
NIFTY_50,2023-10-26,10,0.000505739135516508,0.012081339874494805,0.9855515481481997,0.0014190777338826805,0.000442295107906308
NIFTY_50,2023-10-27,10,0.0006294299093987084,0.01932792533050727,0.9762577580178989,0.0030899071679971785,0.0006949795741977538
NIFTY_50,2023-10-30,10,0.0005048742881341968,0.04259392991132476,0.9517125685904165,0.0045316933858474155,0.0006569338242770966
NIFTY_50,2023-10-31,10,0.0005241250391913467,0.028019902542026017,0.9651666016458249,0.005649406902732965,0.0006399638702250286
NIFTY_50,2023-11-01,10,0.0006084917469216299,0.018917089580757433,0.9761208598311814,0.003554639755392221,0.0007989190857473628
NIFTY_50,2023-11-02,10,0.00048171521135871066,0.016355137831923043,0.9785081068910286,0.003952395418764426,0.0007026446469253106
NIFTY_50,2023-11-03,10,0.0005071318757637501,0.015624448743863322,0.976034996260445,0.0072132453665575596,0.0006201777533703961
NIFTY_50,2023-11-06,10,0.0005910009795175115,0.025927216723966973,0.9492051993723147,0.023375459474116313,0.0009011234500842222
NIFTY_50,2023-11-07,10,0.0004813553246369428,0.015424164029237538,0.9644214903125768,0.018854491893453805,0.0008184984400949236
NIFTY_50,2023-11-08,10,0.0005416473342786063,0.01631681416657822,0.9576425899610604,0.024540459398204643,0.0009584891398780164
NIFTY_50,2023-11-09,10,0.0010011650068405663,0.03125260904350452,0.9176621769780022,0.04888838797359742,0.0011956609980553177
NIFTY_50,2023-11-10,10,0.0009403189551698525,0.06021720144726487,0.8822474487105992,0.05510882577256572,0.0014862051144002983
NIFTY_50,2023-11-13,10,0.0005418655661962368,0.015506710124182452,0.20255937785685302,0.7806065871577301,0.0007854592950381373
NIFTY_50,2023-11-15,10,0.0003845030510314403,0.013489605547546293,0.0883072405532096,0.8705326607802895,0.027285990067923305
NIFTY_50,2023-11-16,10,0.00010061673122693164,0.004875859525277964,0.012416868058069127,0.013736615152622159,0.9688700405328039
NIFTY_50,2023-11-17,10,8.46979229076194e-05,0.00409118405298011,0.011868008427211888,0.006433917217181487,0.9775221923797188
NIFTY_50,2023-11-20,10,0.00014173229333066595,0.013495564798506008,0.012955594679831666,0.005646276669343228,0.9677608315589884
NIFTY_50,2023-11-21,10,3.1580022025273165e-05,0.0014832524320991102,0.007195028747568736,0.0030307168919338047,0.9882594219063732
NIFTY_50,2023-11-22,10,3.0783419723765e-05,0.0017461896624988357,0.00665657243331002,0.001954890054716373,0.989611564429751
NIFTY_50,2023-11-23,10,2.32770206138599e-05,0.0008596406142940829,0.0067942171876563305,0.0013489069359732707,0.9909739582414625
NIFTY_50,2023-11-24,10,3.122725704079156e-05,0.001448862646556659,0.010069017361034032,0.001695947590390815,0.9867549451449776
NIFTY_50,2023-11-28,10,3.2495729676257363e-05,0.0010501400823044096,0.011947707623097869,0.004500257294651767,0.9824693992702698
NIFTY_50,2023-11-29,10,3.8958014523551255e-05,0.00037261330845225185,0.018518927165437227,0.0034920771475855537,0.9775774243640014
NIFTY_50,2023-11-30,10,4.3399507586850815e-05,0.0003628140281414661,0.01319249301597652,0.0030379607575874166,0.9833633326907076
NIFTY_50,2023-12-21,10,6.948815965934909e-05,0.0006433516216526085,0.0018909354875348394,0.012390125311817237,0.9850060994193359
NIFTY_50,2023-12-22,10,4.7628414284140154e-05,0.00038611465844404984,0.0004914912515552429,0.013299337562004456,0.985775428113712
NIFTY_50,2023-12-26,10,4.283240862645558e-05,0.0002768113994932228,0.00056831093303749,0.007543506935135802,0.9915685383237071
NIFTY_50,2024-01-02,10,4.007435650823397e-05,0.00012061062905646435,0.0005889404356167963,0.01623565117636464,0.9830147234024539
NIFTY_50,2024-01-03,10,0.0004051711584452636,0.0013143323545663364,0.009166999379906903,0.9159841087485864,0.07312938835849511
NIFTY_50,2024-01-04,10,3.202246935408087e-05,9.944639306305768e-05,0.000549076582965271,0.030800921744171424,0.9685185328104463
NIFTY_50,2024-01-05,10,2.9540043032860622e-05,9.392784588701249e-05,0.0002821578086664207,0.028438034257856248,0.9711563400445574
NIFTY_50,2024-01-08,10,3.801580986588552e-05,0.00013168298929346748,0.0031889372494191205,0.011443280252726238,0.9851980836986953
NIFTY_50,2024-01-09,10,3.6622052158938026e-05,0.00013475390086198916,0.003265556022073585,0.00813759526484845,0.988425472760057
NIFTY_50,2024-01-10,10,3.261073251167626e-05,0.0001448208366440709,0.0011820808186690848,0.00975776143925987,0.9888827261729154
NIFTY_50,2024-01-11,10,3.879234946321093e-05,0.00017431118011123183,0.0013480648208749621,0.008648755207049675,0.9897900764425009
NIFTY_50,2024-01-17,10,2.7539120961276763e-05,0.00014380080756734906,0.002169700190349877,0.014720909719127857,0.9829380501619936
NIFTY_50,2024-01-18,10,4.903828483903508e-05,0.00035675506560197665,0.004771746560764379,0.03706529997215797,0.9577571601166367
NIFTY_50,2024-01-19,10,7.448614801598332e-05,0.0003843436094845561,0.00602617149746286,0.04149767636432205,0.9520173223807145
NIFTY_50,2024-01-23,10,9.040933576286809e-05,0.0011320155626001259,0.0089178090781651,0.052333609702995144,0.9375261563204769
NIFTY_50,2024-01-24,10,0.00019163350594523083,0.0017226810606438148,0.020294507878463142,0.9376427980234546,0.040148379531493215
NIFTY_50,2024-01-25,10,0.00029277921547425824,0.001345068317343763,0.026328931661090703,0.9365257405217251,0.035507480284366205
NIFTY_50,2024-01-29,10,0.00015826801715144187,0.0007672316418427499,0.015414959304162503,0.9613244185394202,0.022335122497423077
NIFTY_50,2024-01-30,10,0.00013711304906102378,0.0012910344389155505,0.010623301175430358,0.9680369432102879,0.0199116081263052
NIFTY_50,2024-01-31,10,0.00015796907768095316,0.000851816780007249,0.017802488914459,0.9569414743059537,0.02424625092189923
NIFTY_50,2024-02-01,10,0.00015594594473002446,0.0007703766814913402,0.017963638379863426,0.9584065442765412,0.022703494717373842
NIFTY_50,2024-02-02,10,6.941607622396417e-05,0.00046262563737853557,0.005501664231581085,0.038779936319330494,0.955186357735486
NIFTY_50,2024-02-05,10,6.371716532828554e-05,0.0008943050459487312,0.008646061130001666,0.044888527375493606,0.9455073892832278
NIFTY_50,2024-02-06,10,7.194850505502517e-05,0.0003893162511430665,0.005739822287629873,0.09683559165631715,0.8969633212998548
NIFTY_50,2024-02-07,10,0.00032107112240327163,0.003948496258577275,0.0392184126764747,0.9024341249642893,0.054077894978255485
NIFTY_50,2024-02-08,10,0.0003742211061216539,0.004006654090034235,0.045364702376697784,0.9247246888040546,0.025529733623091706
NIFTY_50,2024-02-09,10,0.0001648529906410649,0.0020777989362655612,0.03152383689896193,0.9611289257624424,0.005104585411688902
NIFTY_50,2024-02-12,10,0.00022065321282357448,0.002100540807559244,0.05638401679443073,0.937575477151309,0.0037193120338774484
NIFTY_50,2024-02-13,10,0.00017110405499596868,0.001461412493021168,0.038352037092640553,0.9569149893422176,0.003100457017124697
NIFTY_50,2024-02-14,10,0.00011913256608530786,0.0016787192600473016,0.01796786247899455,0.9793177609488692,0.0009165247460035527
NIFTY_50,2024-02-15,10,0.0001847362973251639,0.0017006841147253217,0.0397584538339809,0.9569507714895582,0.0014053542644105665
NIFTY_50,2024-02-16,10,0.00023378657412130485,0.0017875979553921468,0.09251787040044511,0.9034230495606792,0.002037695509362415
NIFTY_50,2024-02-19,10,0.000355348012390179,0.0015648510736969094,0.1047654821189053,0.889123893303989,0.004190425491018723
NIFTY_50,2024-02-21,10,0.0005429277874486736,0.005424002712774334,0.8272453538922802,0.15070911614684632,0.016078599460650593
NIFTY_50,2024-02-26,10,0.0002988238862528755,0.0026094453401015985,0.8938888863082334,0.10138809768869488,0.0018147467767172028
NIFTY_50,2024-02-27,10,0.0002917583801307886,0.0026536346123552435,0.908081909848041,0.08752680497457273,0.001445892184900341
NIFTY_50,2024-02-28,10,0.00027097210211698275,0.004411740398958384,0.17339151752008583,0.8209819774961942,0.0009437924826448506
NIFTY_50,2024-02-29,10,0.00043907252357992035,0.007115439070270971,0.80303937805813,0.18681454780482154,0.00259156254319744
NIFTY_50,2024-03-12,10,0.00019084735767293333,0.0022666714560091753,0.12334237229299297,0.8732732821382557,0.000926826755069177
NIFTY_50,2024-03-13,10,0.0006155181507482174,0.015286459540630886,0.8258362876836821,0.15304585774514531,0.005215876879793515
NIFTY_50,2024-03-14,10,0.00021903783390830945,0.0018609635374266561,0.10144416251068077,0.8956503147906947,0.000825521327289387
NIFTY_50,2024-03-15,10,0.00022082311197396066,0.004341486953024903,0.09032948293182003,0.9031661714349912,0.0019420355681896537
NIFTY_50,2024-03-18,10,0.0002368467372372121,0.002497526511891495,0.1491479570094768,0.8473428676742492,0.0007748020671451527
NIFTY_50,2024-03-19,10,0.0003988993456670613,0.009881721731240568,0.06979601783825125,0.9197046839676684,0.0002186771171727458
NIFTY_50,2024-03-20,10,0.0002310686969929501,0.004290431419444715,0.06821997450155808,0.9270815546003288,0.00017697078167531465
NIFTY_50,2024-03-21,10,0.00033441552520310796,0.009596102287793177,0.139654361542628,0.8500163911379899,0.0003987295063859197
NIFTY_50,2024-03-22,10,0.0008238389184264685,0.009417720133607517,0.8867429742375589,0.10082034678743425,0.0021951199229727964
NIFTY_50,2024-03-26,10,0.0010365790827464778,0.018349844312904404,0.9066385026183749,0.07285870989959506,0.0011163640863791453
NIFTY_50,2024-03-27,10,0.0005008588214291906,0.007388984121407623,0.961979932514576,0.02911069989629074,0.0010195246462964963
NIFTY_50,2024-03-28,10,0.0003014592050649071,0.005253376267046266,0.9540362300042761,0.039780326258817805,0.0006286082647947982
NIFTY_50,2024-04-01,10,0.0003815943877246819,0.009225821624440848,0.9533245043825106,0.03330182322433848,0.003766256380985405
NIFTY_50,2024-04-02,10,0.00028039746664884304,0.0025535886387239425,0.9753192906155097,0.019673242471893046,0.002173480807224492
NIFTY_50,2024-04-03,10,0.0003585994472270069,0.0043596039825366745,0.9563583699587733,0.035907138183678806,0.0030162884277839717
NIFTY_50,2024-04-04,10,0.00028079647545319465,0.003233486279909581,0.9550836927685079,0.03672726172234636,0.004674762753782752
NIFTY_50,2024-04-05,10,0.00033551786532637665,0.003088350214557521,0.9614386687503946,0.0313187472983408,0.003818715871380732
NIFTY_50,2024-04-12,10,0.0003900109236072474,0.008296835534818648,0.24546231331883023,0.742111195494792,0.0037396447279517825
NIFTY_50,2024-04-15,10,0.00013656660045675473,0.001213920974028206,0.10772157694650601,0.8903169761517173,0.0006109593272919313
NIFTY_50,2024-04-16,10,0.00016572215337111915,0.002453336132729116,0.1265632718570224,0.8700502619328246,0.0007674079240526549
NIFTY_50,2024-04-18,10,0.0006070181193396911,0.01097286601229567,0.9548147486510792,0.0327654896570078,0.0008398775602774822
NIFTY_50,2024-04-19,10,0.0012706072156483685,0.020043948368019867,0.8805828587556197,0.09690761792244407,0.0011949677382678445
NIFTY_50,2024-04-22,10,0.0006746398658349027,0.006359255146662561,0.9536141178646913,0.03693010398313914,0.00242188313967192
NIFTY_50,2024-04-23,10,0.000443740929618399,0.004991210524267297,0.9815396842622041,0.011607597184510656,0.0014177670993996544
NIFTY_50,2024-04-24,10,0.000344497327719162,0.008552843367172755,0.9630102969085829,0.02557824012730565,0.0025141222692195413
NIFTY_50,2024-04-25,10,0.00031514414937473074,0.0049203839983442245,0.9632714920027313,0.027787110605166844,0.003705869244382955
NIFTY_50,2024-04-26,10,0.00030632545164758243,0.007425250986725298,0.9721689223885184,0.018764031935449486,0.0013354692376591592
NIFTY_50,2024-04-29,10,0.00021992090890026166,0.002376319432145578,0.9867929940728083,0.009093096747106837,0.0015176688390388937
NIFTY_50,2024-04-30,10,0.00021512232698565382,0.002461420095073024,0.9838903139922947,0.012204496664099177,0.0012286469215474043
NIFTY_50,2024-05-02,10,0.00027076064534682084,0.0032954623980717052,0.9762270308754986,0.015810494211892036,0.004396251869190743
NIFTY_50,2024-05-03,10,0.00030042756661576774,0.0032745158284421504,0.9600579727941725,0.03236027742850614,0.004006806382263356
NIFTY_50,2024-05-06,10,0.0003678835408273624,0.003914299493220301,0.9573098331268081,0.03486193493225425,0.003546048906889784
NIFTY_50,2024-05-07,10,0.0004900344515602231,0.006142829992241151,0.8598196984050342,0.13103559127956946,0.0025118458715948557
NIFTY_50,2024-05-08,10,0.00035890237554379867,0.004366614970236898,0.15095283979514584,0.8424905140709706,0.001831128788102928
NIFTY_50,2024-05-09,10,0.004042575584238354,0.014344162871183024,0.1070603594596227,0.874060371227917,0.0004925308570388636
NIFTY_50,2024-05-10,10,0.0035505661530332755,0.03370982290451684,0.9327708693211599,0.028305619109135975,0.0016631225121539655
NIFTY_50,2024-05-13,10,0.00119733509659691,0.017393025974035185,0.95422228216347,0.026458968899978362,0.0007283878659193676
NIFTY_50,2024-05-14,10,0.0010429050090490317,0.02651954609922841,0.9476609146992033,0.02316779193204173,0.0016088422604773624
NIFTY_50,2024-05-15,10,0.0007754447182748653,0.023780318216486948,0.9612054600442745,0.013221345458226392,0.0010174315627374127
NIFTY_50,2024-05-16,10,0.0008114810493566354,0.014212482178355636,0.14753585494460508,0.8313022519616943,0.006137929865988363
NIFTY_50,2024-05-17,10,0.00016655427593078264,0.007120087179086798,0.031179505818217962,0.0054901623657576245,0.9560436903610069
NIFTY_50,2024-05-21,10,6.908280206241548e-05,0.005260614590454413,0.008701766242531654,0.0033945276436283985,0.9825740087213231
NIFTY_50,2024-05-22,10,0.00018878180095679411,0.006810863875137629,0.017471597721320703,0.0033488432203732923,0.9721799133822115
NIFTY_50,2024-05-28,10,4.384140158321111e-05,0.00034810609336354806,0.00980360535208406,0.003944251116236387,0.9858601960367328
NIFTY_50,2024-05-29,10,3.5147607809021166e-05,0.00041612178721540347,0.007937599151109125,0.003569439468045788,0.9880416919858207
NIFTY_50,2024-05-30,10,7.391267222269414e-05,0.0007636903898351197,0.01131858157216214,0.012735726797942987,0.9751080885678372
NIFTY_50,2024-05-31,10,1.4941973626093991e-05,0.00011913261138443812,0.00218354149072241,0.0029905779704270854,0.9946918059538399
NIFTY_50,2024-06-04,10,0.001893665508223007,0.008914612713902374,0.026607431138873674,0.0033181903378095754,0.9592661003011914
NIFTY_50,2024-06-05,10,3.94725732504956e-05,0.001775364330133498,0.0016805981646284803,0.0017655933610518262,0.9947389715709357
NIFTY_50,2024-06-06,10,5.464590761330805e-05,0.00352920916172807,0.0023734103365949523,0.00662754586049117,0.9874151887335726
NIFTY_50,2024-06-07,10,0.0004012778933369227,0.0011796985002977432,0.006524650162723022,0.008822308720577944,0.9830720647230643
NIFTY_50,2024-06-10,10,0.00016698730889063074,0.0004846891028450201,0.0035695302094217005,0.0022405391924110517,0.9935382541864316
NIFTY_50,2024-06-11,10,2.5859326293124797e-05,0.0006963480938049183,0.00279747889485543,0.0027378500000965647,0.9937424636849499
NIFTY_50,2024-06-12,10,3.328903466337847e-05,0.000914593070706438,0.0064755386490250675,0.006623196710643528,0.9859533825349617
NIFTY_50,2024-07-05,10,6.845917602709594e-05,0.0002660659605105937,0.0018965137293157966,0.03250942132848623,0.9652595398056603
NIFTY_50,2024-07-08,10,4.291762713277791e-05,0.00018838633737611706,0.0012724316312299191,0.019768242733918435,0.9787280216703428
NIFTY_50,2024-07-10,10,0.00011661579391685539,0.00047162572927475857,0.005342060583556262,0.041196643173812865,0.9528730547194392
NIFTY_50,2024-07-11,10,0.0003384662184394776,0.0013542259370923025,0.018283250326076746,0.9051029725415383,0.0749210849768533
NIFTY_50,2024-07-22,10,0.0003129315137063877,0.001555848830271935,0.014286201957165588,0.9475816037817041,0.03626341391715211
NIFTY_50,2024-07-23,10,0.00019820338877560975,0.0012542736315161538,0.008293665627572945,0.9584187585311092,0.031835098821025934
NIFTY_50,2024-07-24,10,0.00026131726645410694,0.0020595135464523393,0.01615293334953064,0.9227298124216112,0.058796423415951746
NIFTY_50,2024-07-25,10,0.00010333560127710519,0.0010260738503066753,0.0067496598180493295,0.07194046862257132,0.9201804621077956
NIFTY_50,2024-07-26,10,0.00022957800957283726,0.0017103601756053158,0.005235215109857967,0.9680039558547697,0.024820890850194156
NIFTY_50,2024-07-29,10,0.0002224250173302484,0.001271988069189059,0.004598203374238772,0.9743387514014363,0.019568632137805516
NIFTY_50,2024-07-30,10,0.00048485846934880967,0.0029681985084370846,0.00937832405765622,0.939244541034588,0.04792407792996981
NIFTY_50,2024-07-31,10,0.00013532090664972947,0.002615411888412566,0.0034661000453134845,0.03865407159080371,0.9551290955688205
NIFTY_50,2024-08-02,10,9.376978336753573e-05,0.0010261418665641244,0.006032891749727892,0.03833409554743718,0.9545131010529033
NIFTY_50,2024-08-05,10,2.6405708715156618e-05,0.000747001626114075,0.0014987238798595747,0.0037106124377584994,0.9940172563475526
NIFTY_50,2024-08-06,10,3.487370144542313e-05,0.0007108467651614644,0.002278982168325037,0.004008607720736775,0.9929666896443312
NIFTY_50,2024-08-07,10,4.1580336365723555e-05,0.0007450952711545285,0.002604398348548975,0.007094622634826921,0.9895143034091038
NIFTY_50,2024-08-08,10,2.5890972905246727e-05,0.0006487589020246681,0.0012644269554800693,0.002547732372987006,0.9955131907966029
NIFTY_50,2024-08-09,10,3.391705301381523e-05,0.000915025135587474,0.0028617847188209576,0.01118865463662193,0.9850006184559559
NIFTY_50,2024-08-12,10,3.8512399045292835e-05,0.0010577086349058947,0.003033306273224664,0.004023336159997126,0.991847136532827
NIFTY_50,2024-08-13,10,4.388591811827539e-05,0.0012237757557873007,0.0048333662188402345,0.006248271545693459,0.9876507005615608
NIFTY_50,2024-08-14,10,3.895736086574098e-05,0.0006696717013081699,0.005048343776676483,0.009217576225422465,0.985025450935727
NIFTY_50,2024-08-16,10,2.974353731685737e-05,0.00017117101477991803,0.0022933051454867522,0.012655562478049769,0.9848502178243667
NIFTY_50,2024-08-19,10,4.6269791149380946e-05,0.0002510964974627317,0.00432109637662392,0.013093835486059706,0.9822877018487043
NIFTY_50,2024-08-20,10,4.6984841408548395e-05,0.00036538985987616396,0.005799690049896165,0.013008845889132868,0.9807790893596862
NIFTY_50,2024-08-21,10,7.228643434469902e-05,0.0005915736904472013,0.009850896170276456,0.04165533030787447,0.9478299133970571
NIFTY_50,2024-08-22,10,0.00045689750519422906,0.003820687277419868,0.04933752971936174,0.8961416559164334,0.05024322958159069
NIFTY_50,2024-08-23,10,0.0004071044148090283,0.003201211384549264,0.05133394315364625,0.9016413861913201,0.043416354855675604
NIFTY_50,2024-08-26,10,7.338454694351985e-05,0.000574239567827271,0.008540395891091896,0.04339488147677436,0.9474170985173629
NIFTY_50,2024-08-27,10,9.181733696157963e-05,0.0007461570518740816,0.014686069655408064,0.04288545494813779,0.9415905010076184
NIFTY_50,2024-08-28,10,0.0004901306836505574,0.004526799222559498,0.09129776075789742,0.8681100109965486,0.03557529833934384
NIFTY_50,2024-09-03,10,0.00021173041244492154,0.0019103052313443015,0.9433431785646857,0.04124623693065016,0.013288548860874844
NIFTY_50,2024-09-04,10,0.000228851650361017,0.0017720682448831863,0.9564374756443281,0.03674251426779424,0.004819090192633458
NIFTY_50,2024-09-05,10,0.0001979660802932797,0.0017585772435879177,0.9567889239814676,0.03374584407156482,0.007508688623086308
NIFTY_50,2024-09-06,10,0.0002807443869467662,0.002225622033190109,0.9417858878034093,0.050898316933540806,0.004809428842912958
NIFTY_50,2024-09-09,10,0.0002106777409399259,0.001204480165654769,0.9615088137678349,0.036295397795503954,0.0007806305300662817
NIFTY_50,2024-09-10,10,0.0002235385104917731,0.0016182122500620828,0.868812882099806,0.12854424314497817,0.000801123994661907
NIFTY_50,2024-09-11,10,0.0002935474070813435,0.0017983089033466117,0.15226723574677925,0.8447323409173327,0.0009085670254601086
NIFTY_50,2024-09-30,10,0.00045251075997440723,0.0038939616396476045,0.13932165247450592,0.8546721423775643,0.0016597327483077872
NIFTY_50,2024-10-01,10,0.0005662750102503481,0.007822300278109508,0.901721953067419,0.08784687520986109,0.002042596434360012
NIFTY_50,2024-10-03,10,0.00017594904817561685,0.0016664341547059152,0.9748661811703005,0.022657455927124894,0.000633979699693078
NIFTY_50,2024-10-04,10,0.00033941817136821586,0.002976100563955111,0.9874164002688743,0.008871957742933794,0.0003961232528685749
NIFTY_50,2024-10-07,10,0.00033362580693463006,0.0077674676796799765,0.9876287454592095,0.003817669531904689,0.00045249152227116535
NIFTY_50,2024-10-08,10,0.0002632699946706528,0.00514789368565767,0.987619628307498,0.00664895427277291,0.0003202537394007618
NIFTY_50,2024-10-09,10,0.00022532295090263804,0.0053559737105877735,0.990766124193387,0.0033170093061038264,0.0003355698390185046
NIFTY_50,2024-10-10,10,0.00020074830112121954,0.005835031303915128,0.9906650460951768,0.0029517512993503755,0.0003474230004361813
NIFTY_50,2024-10-11,10,0.0002177130361348905,0.005622389390118195,0.9904300599672736,0.003464342637742012,0.0002654949687312667
NIFTY_50,2024-10-14,10,0.00030409832637967853,0.005203289218189435,0.9886158044884436,0.005453873978971429,0.00042293398801583485
NIFTY_50,2024-10-15,10,0.000229073645468764,0.002853253981711016,0.9908036139173785,0.005684598419310435,0.0004294600361312664
NIFTY_50,2024-10-16,10,0.00022848197650494046,0.004822888025155286,0.9916047022073314,0.003125682698893421,0.00021824509211487911
NIFTY_50,2024-10-17,10,0.00018579302769628143,0.004848157108922883,0.9921370714019996,0.0026507402715531428,0.00017823818982792646
NIFTY_50,2024-10-18,10,0.00014421781691464306,0.003896554996639118,0.9944923025564639,0.0012751130355240102,0.0001918115944582362
NIFTY_50,2024-10-21,10,0.0002130709079167095,0.00760777241692987,0.989635448402048,0.002274926992131709,0.0002687812809738875
NIFTY_50,2024-10-22,10,0.00014991268552070068,0.006440388419499521,0.9925214336238352,0.0006956823535489614,0.0001925829175955902
NIFTY_50,2024-10-23,10,0.0001412535912367105,0.0065292979654581074,0.9924506502755509,0.0007523144545147189,0.00012648371323978488
NIFTY_50,2024-10-24,10,0.0001835155900959449,0.00949252916078778,0.9891921205908245,0.0009639409330477847,0.00016789372524385115
NIFTY_50,2024-10-25,10,0.0007252846162027619,0.014335191131225328,0.9833492820700802,0.001375792466245009,0.00021444971624676285
NIFTY_50,2024-10-28,10,0.0006313288201835909,0.06531179702697855,0.9327655672761194,0.0010299305425157783,0.0002613763342027265
NIFTY_50,2024-10-29,10,0.0005781942486660534,0.07104636768014008,0.9272837412700882,0.000890148874102922,0.00020154792700268468
NIFTY_50,2024-10-30,10,0.0006251066559889187,0.9329644098606767,0.06528658597593448,0.0008977254090262336,0.00022617209837359994
NIFTY_50,2024-10-31,10,0.0003407796777279925,0.9691165458218077,0.02950447852965629,0.0008900098444166856,0.00014818612639145543
NIFTY_50,2024-11-01,10,0.0001330146492287406,0.9822788425873149,0.016669212218962264,0.0007864703861221891,0.0001324601583717201
NIFTY_50,2024-11-04,10,0.00024791267684025987,0.9849987447016606,0.013893556279368571,0.0007396120701587597,0.00012017427197163089
NIFTY_50,2024-11-05,10,0.000220080001219744,0.9853130071042611,0.01369765692384886,0.0006448874128441343,0.00012436855782598918
NIFTY_50,2024-11-06,10,0.0005013054123972407,0.9518251644434771,0.04646585917702713,0.0010053875282305593,0.0002022834388681396
NIFTY_50,2024-11-07,10,0.00019950490538245668,0.9906446743588699,0.008451523513026804,0.0006077878737804691,9.650934894033672e-05
NIFTY_50,2024-11-08,10,0.0004695702314290885,0.9872158411749087,0.010314239833615272,0.0018722592849721,0.00012808947507495468
NIFTY_50,2024-11-11,10,0.0002593812015399251,0.9885330044883816,0.009514910559592603,0.001589537107876586,0.00010316664260947024
NIFTY_50,2024-11-12,10,0.0002783915516891542,0.9869728273599183,0.011859808252686909,0.0007836581074052085,0.00010531472830036938
NIFTY_50,2024-11-13,10,0.0007508149900079942,0.9487438000381122,0.04433599384766175,0.005882565986540801,0.0002868251376773257
NIFTY_50,2024-11-14,10,0.0013302601730416504,0.8942222603756568,0.08755948451283077,0.01635647354406192,0.0005315213944090336
NIFTY_50,2024-11-18,10,0.002883430874556235,0.07531669094842039,0.9186144895435744,0.00264483193070104,0.0005405567027477953
NIFTY_50,2024-11-19,10,0.00159194920481512,0.07447688866503671,0.9211364755308954,0.0020687436302533634,0.0007259429689994919
NIFTY_50,2024-11-21,10,0.005776745160052584,0.03219738997387677,0.9597807088008373,0.0016442822617480824,0.0006008738034852967
NIFTY_50,2024-11-22,10,0.002421028526828467,0.02093467899617506,0.9740210890274505,0.0020205617620803495,0.0006026416874654267
NIFTY_50,2024-11-25,10,0.0017058163027148807,0.01351233077575418,0.9773877762936956,0.0057616567020056944,0.0016324199258296469
NIFTY_50,2024-11-26,10,0.0021375505078944554,0.022923400825932888,0.9645815645051902,0.009831654102438902,0.0005258300585436056
NIFTY_50,2024-11-27,10,0.002703908829262872,0.034707364466911084,0.9519111004348784,0.009913286053514322,0.0007643402154333927
NIFTY_50,2024-11-28,10,0.00392661024033345,0.038277873729283075,0.9527427580359275,0.0042901996534193835,0.0007625583410367453
NIFTY_50,2024-11-29,10,0.0010403589235397715,0.019592018303215993,0.972008507344635,0.006608666941937024,0.0007504484866723661
NIFTY_50,2024-12-02,10,0.006800616497145276,0.09967247448468862,0.881087156118654,0.011273084219179847,0.0011666686803323504
NIFTY_50,2024-12-03,10,0.004076416264093404,0.10691114404104868,0.879874027537293,0.006814809335143662,0.002323602822421388
NIFTY_50,2024-12-04,10,0.0014507371709368661,0.9109823303785392,0.0844635377278325,0.0023785155433132333,0.000724879179378225
NIFTY_50,2024-12-05,10,0.0019855229535019354,0.9093516629052658,0.07588566704141358,0.010421022500859908,0.0023561245989587015
NIFTY_50,2024-12-06,10,0.0012672347576516579,0.9636096093123697,0.03224231606294946,0.0022344217748136944,0.0006464180922154878
NIFTY_50,2024-12-09,10,0.00015621304546742368,0.9815617922216737,0.015549653079684988,0.002378420894076165,0.0003539207590976837
NIFTY_50,2024-12-10,10,0.00013461845335758076,0.9748108367542544,0.022081971573485935,0.0026865350317305434,0.00028603818717158836
NIFTY_50,2024-12-11,10,0.00017013526555801855,0.9589592046369482,0.03632402121744009,0.0041600268781332135,0.0003866120019205393
NIFTY_50,2024-12-12,10,0.00017471202811014075,0.9251758285566867,0.05926784981719173,0.014999703723725522,0.0003819058742858245
NIFTY_50,2024-12-13,10,0.00010265229883250526,0.972060917176233,0.020645625547910277,0.006741186126665579,0.00044961885035889164
NIFTY_50,2024-12-16,10,0.00013060633256903103,0.9590642688004237,0.03650230108089196,0.004058813764053284,0.0002440100220621183
NIFTY_50,2024-12-17,10,0.0019300282950440173,0.9536697738072057,0.04064021614438003,0.003458284935347971,0.0003016968180222896
NIFTY_50,2024-12-18,10,0.003959013075108501,0.15822455368222368,0.8324650269563799,0.004488125295031864,0.0008632809912561919
NIFTY_50,2024-12-19,10,0.0028360547258080666,0.18296796913532767,0.811582393354282,0.002032301967175823,0.0005812808174064923
NIFTY_50,2024-12-20,10,0.004901934283992695,0.8996397045021144,0.09255396579590365,0.0023357281311700115,0.0005686672868191799
NIFTY_50,2024-12-23,10,0.0016954112263920424,0.9319108421732184,0.06433778290673162,0.0016661600940703198,0.0003898035995876613
NIFTY_50,2024-12-24,10,0.0008933793108441058,0.9599378559785471,0.037999956353014695,0.0009451704175699403,0.0002236379400242844
NIFTY_50,2024-12-26,10,0.0010553018080890198,0.976186936105473,0.02203704717349639,0.0005641401761551066,0.0001565747367863227
NIFTY_50,2024-12-27,10,0.001795155784598999,0.9750072480165818,0.022228987315927574,0.0007837438852812394,0.00018486499761039915
NIFTY_50,2024-12-30,10,0.0018844499814172715,0.9737926993347141,0.023273276734758614,0.0008452320527081622,0.00020434189640172444
NIFTY_50,2024-12-31,10,0.0012681103587710407,0.9804772333339361,0.01747818091952505,0.000604071044057533,0.00017240434371040042
NIFTY_50,2025-01-01,10,0.0011522483388565574,0.9819248189748172,0.016339573920811364,0.0004514017645123772,0.00013195700100243648
NIFTY_50,2025-01-02,10,0.004574038202749111,0.9303556327224979,0.060390064190302746,0.004257935449335554,0.00042232943511477504
NIFTY_50,2025-01-03,10,0.0021479321854825147,0.9586125126222166,0.03743857787964086,0.0015964734578078116,0.00020450385485214537
NIFTY_50,2025-01-06,10,0.004201880552439522,0.9700285441965306,0.02450646671092901,0.0009433853637193805,0.00031972317638151665
NIFTY_50,2025-01-07,10,0.005836468693770246,0.9500334468207997,0.041786313632153675,0.001995516335478942,0.00034825451779737945
NIFTY_50,2025-01-08,10,0.00568245430778377,0.9705340922056928,0.022469440181006082,0.0010515192606668567,0.0002624940448506063
NIFTY_50,2025-01-09,10,0.004661238057972832,0.9702100057011592,0.024113256409497307,0.0007699386432823554,0.00024556118808828403
NIFTY_50,2025-01-10,10,0.005012576089343756,0.9642414646210598,0.029781500812643087,0.0007584847512334549,0.000205973725719895
NIFTY_50,2025-01-14,10,0.0061029882641733466,0.9463297364199006,0.04642531936532293,0.0008611294272164342,0.0002808265233867027
NIFTY_50,2025-01-15,10,0.004857265056605126,0.9567359295449318,0.03750136499363395,0.0006991592785259978,0.00020628112630304146
NIFTY_50,2025-01-16,10,0.0027243191125833144,0.9319257114502868,0.06405339547888496,0.0009696876604297868,0.00032688629781516367
NIFTY_50,2025-01-17,10,0.007006002043058768,0.9093560807055362,0.08203789547430754,0.0012444496626530211,0.0003555721144445257
NIFTY_50,2025-01-20,10,0.005154201111784237,0.1757535441248092,0.8149688674243675,0.00315973520522185,0.0009636521338172581
NIFTY_50,2025-01-22,10,0.006297503277535672,0.24190572281752998,0.748556615970034,0.002373323168576393,0.0008668347663239175
NIFTY_50,2025-01-23,10,0.0020434267436483765,0.911978297364388,0.08473792580264312,0.0009811880933690194,0.0002591619959514694
NIFTY_50,2025-01-24,10,0.0019571766997124726,0.9163496632276239,0.08061491873076558,0.0008448820136884046,0.0002333593282095314
NIFTY_50,2025-01-28,10,0.005294772487467161,0.950404280553009,0.04317010184399628,0.0008955309133146362,0.0002353142022129569
NIFTY_50,2025-01-29,10,0.002977612136800031,0.9468579053110754,0.0490815317056693,0.0008435650599114303,0.00023938578654380377
NIFTY_50,2025-01-30,10,0.00506099683713228,0.9473768838126124,0.045196868495135524,0.0021323952676824244,0.00023285558743733778
NIFTY_50,2025-01-31,10,0.9676914406691497,0.025698471840733955,0.00515624067124379,0.0014061215972785025,4.772522159423379e-05
NIFTY_50,2025-02-01,10,0.9681463127757063,0.020536973503069895,0.00918470294482968,0.0020509338214286625,8.107695496527519e-05
NIFTY_50,2025-02-03,10,0.9776807269930099,0.016137460937187317,0.005163368955889058,0.0009694324870837894,4.901062682978277e-05
NIFTY_50,2025-02-04,10,0.9775683045292064,0.007560283003104447,0.013904923385406848,0.0008867159696586058,7.977311262372882e-05
NIFTY_50,2025-02-05,10,0.9851117959150295,0.006117899866519542,0.008331090635378331,0.0003822485830214685,5.6965000051066384e-05
NIFTY_50,2025-02-06,10,0.9912975763484284,0.002894287994680008,0.005654905634838336,0.00012884689325017801,2.4383128803068126e-05
NIFTY_50,2025-02-07,10,0.9928008352320172,0.0027215837518875007,0.004287161016986288,0.0001636133672911289,2.6806631818051667e-05
NIFTY_50,2025-02-10,10,0.9874367327450697,0.005810404565410783,0.006475112083009453,0.0002416812688566547,3.6069337653473625e-05
NIFTY_50,2025-02-11,10,0.9926585609716744,0.0032253742119891784,0.0040264134087259216,6.758594651174782e-05,2.206546109864146e-05
NIFTY_50,2025-02-12,10,0.9864938653595331,0.006702811932482647,0.006672387455884479,9.817741694990595e-05,3.2757835149769515e-05
NIFTY_50,2025-02-13,10,0.9841359976841314,0.006856736490927705,0.008874036323468247,9.766913560154322e-05,3.556036587113587e-05
NIFTY_50,2025-02-14,10,0.990025608789151,0.0037880172966748165,0.006089561865438365,7.282627892076052e-05,2.3985769814939382e-05
NIFTY_50,2025-02-17,10,0.9875265743365967,0.0061651558169414766,0.006192525653697177,8.754749894425463e-05,2.8196693820294094e-05
NIFTY_50,2025-02-18,10,0.987845920470553,0.006952602340117803,0.005105634016398285,6.971022767871928e-05,2.6132945252037227e-05
NIFTY_50,2025-02-19,10,0.9809013982184827,0.011419541821680416,0.007543712079657919,9.674901041459827e-05,3.859886976438371e-05
NIFTY_50,2025-02-20,10,0.9737201502935716,0.01320821314067017,0.012912521177944414,0.00011780422566900224,4.131116214473268e-05
NIFTY_50,2025-02-21,10,0.9669381236121083,0.00887686506088699,0.024032448568071997,0.00011150903229206349,4.1053726640731236e-05
NIFTY_50,2025-03-05,10,0.0157175918332169,0.896641884573972,0.08598636774588247,0.0012204960795131733,0.0004336597674154527
NIFTY_50,2025-03-06,10,0.00795100201953423,0.8802661952842953,0.1098563956540836,0.0014258376900171995,0.0005005693520696397
NIFTY_50,2025-03-07,10,0.005091365812749895,0.12853261214369235,0.8637161302403253,0.0019087254219372486,0.0007511663812951046
NIFTY_50,2025-03-10,10,0.003562493406752302,0.050543535135115676,0.9443186833357217,0.0011293044647605747,0.0004459836576497324
NIFTY_50,2025-03-11,10,0.002381928998495787,0.06098578638606724,0.934539317524124,0.0015335352515517694,0.0005594318397612428
NIFTY_50,2025-03-12,10,0.003594884070885654,0.07933120237534522,0.9149565689616875,0.0015399100587832947,0.0005774345332982381
NIFTY_50,2025-03-13,10,0.0037342482422622254,0.10770539565832701,0.8868785835793933,0.0011836931684989906,0.0004980793515184601
NIFTY_50,2025-03-17,10,0.004082914033188196,0.914688616316873,0.07991430406205281,0.0009947476852256328,0.0003194179026603615
NIFTY_50,2025-03-18,10,0.013874411571762927,0.9338501433089276,0.04786891669700252,0.004139787698398755,0.0002667407239081072
NIFTY_50,2025-03-19,10,0.008095319185570446,0.9461038034204976,0.04202637832661332,0.0035341996039310103,0.00024029946338759845
NIFTY_50,2025-03-20,10,0.01876378351514913,0.8967033970782073,0.07672263134978312,0.007224211726623774,0.0005859763302368449
NIFTY_50,2025-03-21,10,0.9682831037306172,0.010438342720678702,0.01786390038966712,0.0030577284410055238,0.00035692471803150524
NIFTY_50,2025-03-24,10,0.9841687060524148,0.005937344079459881,0.004375219282038575,0.0053064661858370134,0.0002122644002496124
NIFTY_50,2025-03-25,10,0.9830202710787043,0.005675265401036436,0.006959216476546893,0.004200223750204383,0.00014502329350797352
NIFTY_50,2025-03-26,10,0.00031819437480005904,0.9570220135472209,0.033254917507834235,0.008920453633904141,0.000484420936240568
NIFTY_50,2025-03-27,10,0.0006412421652224206,0.9298025133873277,0.049070304306729165,0.01967641811827923,0.0008095220224416004
NIFTY_50,2025-03-28,10,0.0007593343579536238,0.910825754220104,0.06599624605645918,0.02121563343814283,0.0012030319273403677
NIFTY_50,2025-04-01,10,0.0007587126065967759,0.05062136928114258,0.9368095069399869,0.011187757971162593,0.0006226532011111021
NIFTY_50,2025-04-02,10,0.0010096817794125084,0.05491201114969224,0.9242937993514859,0.019051286295019416,0.0007332214243899901
NIFTY_50,2025-04-03,10,0.0005713775973308824,0.032888872077882624,0.9529643979157987,0.013029527289824597,0.0005458251191631945
NIFTY_50,2025-04-04,10,0.015166131890303169,0.05268947294579594,0.9301800426159894,0.0016769562872217985,0.00028739626068973904
NIFTY_50,2025-04-07,10,0.015932194961750558,0.0229194564162425,0.9585023613181567,0.0022234691752110285,0.00042251812863921596
NIFTY_50,2025-04-08,10,0.008216816037281693,0.02119924255563511,0.9686492674347108,0.001392554295812317,0.0005421196765601095
NIFTY_50,2025-04-09,10,0.01232589011087961,0.015678897389037286,0.9701021784108246,0.0014435662554603897,0.00044946783379831896
NIFTY_50,2025-04-11,10,0.015716287837612784,0.04248209451085445,0.9384474580136494,0.002845160581326282,0.0005089990565572622
NIFTY_50,2025-04-15,10,0.005985647231952629,0.026964343428745048,0.9456216203495973,0.020560444203550035,0.0008679447861550052
NIFTY_50,2025-04-16,10,0.005147257402155821,0.02297943109031781,0.08785623039057344,0.8830671075743093,0.0009499735426436186
NIFTY_50,2025-04-17,10,0.005478147042523329,0.003427934563487412,0.01870374514663394,0.9720300686766896,0.0003601045706657218
NIFTY_50,2025-04-21,10,0.0029792289711339562,0.002156061111036108,0.03204657090529359,0.9624328864360727,0.0003852525764635189
NIFTY_50,2025-04-22,10,0.00020131663273066926,0.005510332590332049,0.05746699944886491,0.9362441871063651,0.0005771642217071174
NIFTY_50,2025-04-23,10,0.0006379745639148971,0.015114470572143945,0.7868637116309606,0.1927785982521964,0.0046052449807842556
NIFTY_50,2025-04-24,10,0.0005297913974756598,0.006785107539354294,0.9159546978541366,0.07362179427622796,0.0031086089328055
NIFTY_50,2025-04-25,10,0.00027051088163691734,0.0019557087940552404,0.07942656945377845,0.9172695837937938,0.0010776270767356411
NIFTY_50,2025-04-28,10,0.00019530505520671697,0.0012886849516803676,0.05443665149498201,0.9429828258358858,0.001096532662245366
NIFTY_50,2025-04-29,10,0.00021006534303751677,0.0021414685274663363,0.041205839869636204,0.9547617235424363,0.0016809027174237534
NIFTY_50,2025-04-30,10,0.00016548530310971817,0.001723641048520939,0.03178159502498659,0.9653957141631542,0.0009335644602287583
NIFTY_50,2025-05-02,10,0.00018072904767061753,0.002122000006504937,0.04462862396407107,0.9521117341428114,0.0009569128389420601
NIFTY_50,2025-05-05,10,0.00028973172435393664,0.0015528859007165811,0.08954088201976862,0.9074444458439308,0.0011720545112300156
NIFTY_50,2025-05-06,10,0.0006319429183542706,0.003236775801677749,0.7520736481197374,0.240931628150107,0.0031260050101235234
NIFTY_50,2025-05-07,10,0.00038871653757775667,0.0019681771034569875,0.0844296306067876,0.9111065485709454,0.0021069271812322065
NIFTY_50,2025-05-08,10,0.0001449104654414885,0.0017506469011967598,0.04836093632202712,0.9491691716117109,0.0005743346996237765
NIFTY_50,2025-05-09,10,0.000246450117449122,0.0063063243445888725,0.04619008145658234,0.9463710969690179,0.0008860471123618101
NIFTY_50,2025-05-13,10,0.0002477501455114767,0.0016647246324399242,0.03308025499294365,0.964093570147295,0.0009137000818099472
NIFTY_50,2025-05-14,10,0.0003172637156528272,0.0021617453226774807,0.090188132164259,0.9062539283557327,0.0010789304416779265
NIFTY_50,2025-05-16,10,0.00039492976119131216,0.0024497906899610578,0.07702805640678541,0.9182625235213633,0.0018646996206988357
NIFTY_50,2025-05-19,10,0.0008071484577411916,0.003640653485655302,0.8544467857022313,0.13760331934231088,0.0035020930120613575
NIFTY_50,2025-05-20,10,0.0006214932230042454,0.0025036835838267895,0.8554645056410208,0.13929379086404042,0.00211652668810798
NIFTY_50,2025-05-21,10,0.000631438829899947,0.0028118531266939245,0.8668443536089359,0.12641610677451082,0.003296247659959525
NIFTY_50,2025-05-22,10,0.0008414420278741899,0.007541052521184894,0.8170950931582499,0.17018137266855035,0.004341039624140884
NIFTY_50,2025-05-23,10,0.0004001348597841018,0.0026421120899270743,0.12052775393170748,0.8750332648727472,0.0013967342458339846
NIFTY_50,2025-05-26,10,0.0004496430659902743,0.0037221950523906584,0.10682576670528342,0.8874306183003469,0.0015717768759886239
NIFTY_50,2025-05-27,10,0.00033336464459915184,0.003786294866378742,0.10298207464470702,0.8921907662796463,0.0007074995646686748
NIFTY_50,2025-05-28,10,0.0002699967113906293,0.0026125968979115706,0.14089719718756372,0.8555666008283251,0.0006536083748088421
NIFTY_50,2025-05-29,10,0.000511159224277776,0.00459793275853287,0.8635798579882997,0.13011428348324747,0.0011967665456421432
NIFTY_50,2025-05-30,10,0.0005042943130191104,0.005963488800614768,0.8632578226872131,0.12912288322285398,0.0011515109762990625
NIFTY_50,2025-06-02,10,0.0005486956754444753,0.005735910026550497,0.9343118232609369,0.05838028855437269,0.0010232824826953907
NIFTY_50,2025-06-03,10,0.0007109574662355353,0.027942023554197146,0.9156287834017769,0.05430925455362785,0.0014089810241624783
NIFTY_50,2025-06-04,10,0.0005665554924661541,0.02959215063577541,0.9038225297861779,0.06495119239563267,0.0010675716899478443
NIFTY_50,2025-06-05,10,0.0002669268233576114,0.003200623026446037,0.15050716436595463,0.8456223810105618,0.00040290477368003827
NIFTY_50,2025-06-06,10,0.0006244273042456495,0.019328685946555235,0.8529417083313384,0.1264003148633591,0.0007048635545017256
NIFTY_50,2025-06-09,10,0.0004931688250862129,0.00458251895953361,0.8605828447491688,0.13342187405377912,0.0009195934124322882
NIFTY_50,2025-06-10,10,0.00025125076500698935,0.0022497863559039866,0.19639390296103645,0.8005953619934117,0.0005096979246408068
NIFTY_50,2025-06-12,10,0.00029478398256852444,0.004510398645726371,0.1520880941621889,0.8427339930752552,0.00037273013426096724
NIFTY_50,2025-06-13,10,0.0007415560642375468,0.020688612241976986,0.9288392180507309,0.048682582912140775,0.0010480307309139064
NIFTY_50,2025-06-16,10,0.0003087778126327105,0.007524753900830382,0.17981529502892651,0.8119284692722091,0.000422703985401165
NIFTY_50,2025-06-17,10,0.0004541417502108528,0.006408388990168924,0.9161226317498022,0.07639400594911509,0.0006208315607031227
NIFTY_50,2025-06-18,10,0.0003139035555398408,0.004510383200262996,0.18041810953074836,0.814383209260738,0.00037439445271086
NIFTY_50,2025-06-19,10,0.00045391086572874756,0.009081094221724028,0.9494717572918312,0.04046755051580269,0.0005256871049135366
NIFTY_50,2025-06-20,10,0.00028099129904828984,0.0021735767736563716,0.928791826262024,0.0683548429357274,0.0003987627295441651
NIFTY_50,2025-06-23,10,0.00028225386835243417,0.004261259125656275,0.9462415351440794,0.04890465181787229,0.0003103000440395496
NIFTY_50,2025-06-24,10,0.0005422353658628663,0.008260675195337106,0.9289124654289581,0.061665406090124726,0.0006192179197172744
NIFTY_50,2025-07-01,10,0.00045962907956201927,0.010717206821092217,0.9642045049597526,0.02375007753155027,0.0008685816080428497
NIFTY_50,2025-07-02,10,0.00034411878951197807,0.006641928452911077,0.96395689693674,0.028570055950901566,0.00048699986993533384
NIFTY_50,2025-07-03,10,0.0002540220066116176,0.004740894406128116,0.9773514051273657,0.01726342013421461,0.0003902583256798622
NIFTY_50,2025-07-04,10,0.00019742182859143654,0.002717940490554164,0.9868343106642782,0.00990702595208072,0.00034330106449568176
NIFTY_50,2025-07-07,10,0.00020754536528727458,0.0023120336524518957,0.9878960666248306,0.009180151003222019,0.0004042033542082651
NIFTY_50,2025-07-08,10,0.00025354756090671785,0.00295054423231072,0.9880099780003474,0.008274451635997689,0.0005114785704375257
NIFTY_50,2025-07-09,10,0.00019070922065612004,0.0027265223824503976,0.9927263844017945,0.004026796294514144,0.00032958770058491593
NIFTY_50,2025-07-10,10,0.00018324695323493727,0.0019677331775944393,0.9914629533816073,0.006034632353322442,0.0003514341342409427
NIFTY_50,2025-07-11,10,0.00033870146977313316,0.010200586987060905,0.9816096823150193,0.007499322864428753,0.0003517063637179218
NIFTY_50,2025-07-14,10,0.0002405970624506431,0.01673839801902271,0.9736877109598924,0.009008650107123838,0.000324643851510531
NIFTY_50,2025-07-15,10,0.00019645253647905227,0.007831483196903374,0.9881485760098113,0.0036066409990865053,0.00021684725771974102
NIFTY_50,2025-07-16,10,0.0002277161920743885,0.0176925064335299,0.9779061307150723,0.003919468655031449,0.0002541780042921151
NIFTY_50,2025-07-17,10,0.000216488266865244,0.027381834369124038,0.9669482524001515,0.005193670135515295,0.00025975482834392726
NIFTY_50,2025-07-18,10,0.0002607437875945564,0.8219449994177126,0.16574887228529703,0.011736442139677351,0.00030894236971856255
NIFTY_50,2025-07-21,10,0.00042730347926664343,0.02891715050206744,0.9621003958453341,0.008027025848362597,0.0005281243249690944
NIFTY_50,2025-07-22,10,0.00034658111017354026,0.028315499965096327,0.9599858055952124,0.010073613688549976,0.0012784996409677925
NIFTY_50,2025-07-23,10,0.0006730200934970311,0.04119120617192508,0.9463703960327666,0.01101428155085928,0.0007510961509518713
NIFTY_50,2025-07-24,10,0.0003367236488445485,0.03232883874376764,0.9574930659859545,0.009389302302783164,0.00045206931865004785
NIFTY_50,2025-07-25,10,0.0002536756667543111,0.8336326199627032,0.16149135365708794,0.0043645503468816346,0.00025780036657280524
NIFTY_50,2025-07-28,10,0.00022709550512152023,0.04351957028480595,0.9539239876754976,0.002102591977847906,0.00022675455672700208
NIFTY_50,2025-07-29,10,0.00030835548866191314,0.027754368862095508,0.9663083902486265,0.005344459638006496,0.0002844257626096089
NIFTY_50,2025-07-30,10,0.0002965311613012088,0.048450423043650624,0.9465407847700283,0.00442079591900886,0.0002914651060110283
NIFTY_50,2025-07-31,10,0.00042450123097308,0.03132313685747916,0.9643361423671434,0.003641228213215239,0.0002749913311890333
NIFTY_50,2025-08-01,10,0.00024768642285328033,0.010658612009507438,0.9879554913687905,0.0009287259173961533,0.00020948428145271423
NIFTY_50,2025-08-04,10,0.0003615997761966886,0.01370387711150926,0.9841582702952965,0.0015718281729982235,0.00020442464399929273
NIFTY_50,2025-08-05,10,0.00026568398000327055,0.009685752658457584,0.9869688740038065,0.0028524125547143746,0.00022727680301828706
NIFTY_50,2025-08-06,10,0.0003458975661212915,0.020287997699882453,0.9749479161934331,0.004113855854855569,0.0003043326857076763
NIFTY_50,2025-08-07,10,0.00037950319560866143,0.0042148308850692776,0.9932749965687144,0.0019370391635262654,0.0001936301870813491
NIFTY_50,2025-08-08,10,0.0005146953709386512,0.028607721233760486,0.9691860480673486,0.0012878867328546021,0.0004036485950978962
NIFTY_50,2025-08-11,10,0.000691758637785099,0.09658267937898724,0.8976136676444393,0.004533356037787371,0.000578538301001052
NIFTY_50,2025-08-12,10,0.0003554546052059247,0.8589641393306257,0.13863988639673167,0.0017844142501218694,0.0002561054173147482
NIFTY_50,2025-08-13,10,0.00037988914092410166,0.7386281287018623,0.2579755632355179,0.002749648203746036,0.0002667707179496205
NIFTY_50,2025-08-14,10,0.0006265356009266745,0.1216130745686713,0.8670428742333726,0.01023466121138045,0.00048285438564877947
NIFTY_50,2025-08-18,10,0.0006410911725812913,0.04949872264746217,0.9394314056483081,0.009823365393721688,0.0006054151379269206
NIFTY_50,2025-08-19,10,0.0004317671892591029,0.012183526563649036,0.9774247227363451,0.009358515169289683,0.000601468341457085
NIFTY_50,2025-08-20,10,0.00044882997720734806,0.007648227677482567,0.9657526887335363,0.02559210790245207,0.0005581457093217921
NIFTY_50,2025-08-21,10,0.0003388844662259597,0.014436937451478678,0.9785672864309947,0.005549370225803058,0.0011075214254976466
NIFTY_50,2025-08-22,10,0.0004115913822749359,0.026770905706792046,0.9627720948931722,0.009518130651152512,0.0005272773666082974
NIFTY_50,2025-08-25,10,0.00023290114296456503,0.021846721815599678,0.9702480719691292,0.007355145298900729,0.00031715977340555695
NIFTY_50,2025-08-26,10,0.0006561354717286566,0.005961790168163799,0.9750608753011145,0.01796491466223177,0.0003562843967612246
NIFTY_50,2025-08-28,10,0.00041285313168637483,0.008028098295222524,0.9834879476733367,0.0076524205743342955,0.0004186803254202583
NIFTY_50,2025-08-29,10,0.0008286253434507275,0.012934635065921851,0.9792542912470935,0.0064328976722587555,0.0005495506712752528
NIFTY_50,2025-09-01,10,0.0005801596076945359,0.007380434424283603,0.9372432833109882,0.05444869965896376,0.00034742299806972383
NIFTY_50,2025-09-02,10,0.00038453862727507576,0.008195413240107915,0.1976781078000016,0.7934708598718245,0.0002710804607908546
NIFTY_50,2025-09-03,10,0.0006841656939214272,0.010908508816826316,0.9340425340526515,0.054030050870888344,0.0003347405657123764
NIFTY_50,2025-09-04,10,0.0006921329988199092,0.01185422522370872,0.943175874896066,0.04394193100814052,0.0003358358732648417
NIFTY_50,2025-09-05,10,0.0005193619329177012,0.01974406551342994,0.9474436522346975,0.03196457608512246,0.0003283442338323384
NIFTY_50,2025-09-08,10,0.00038934154272495626,0.02094651674467559,0.13929704091276857,0.8391446873849635,0.00022241341486714915
NIFTY_50,2025-09-09,10,0.0006117887273791734,0.03653514109102966,0.9077243033353714,0.05460885549095115,0.0005199113552687135
NIFTY_50,2025-09-10,10,0.0005296780012098745,0.033013029517641755,0.918278558734035,0.04761498298880903,0.0005637507583043257
NIFTY_50,2025-09-11,10,0.0006031992237172793,0.01790501512520393,0.9399597771718248,0.0409325181216051,0.000599490357649058
NIFTY_50,2025-09-12,10,0.0010911409889643548,0.07919213709419035,0.895701382216132,0.023368837088231547,0.0006465026124814775
NIFTY_50,2025-09-15,10,0.0004883351953461465,0.8447951293439669,0.1207408754754012,0.033520967407030956,0.0004546925782548449
NIFTY_50,2025-09-16,10,0.0002898366586352004,0.7992591850543221,0.1884808521093808,0.01156739870909515,0.00040272746856664314
NIFTY_50,2025-09-17,10,0.0009045241017907315,0.026301229768808488,0.9364344172232233,0.03431311255194191,0.002046716354235427
NIFTY_50,2025-09-18,10,0.0006393246712526156,0.012562812845165638,0.94970762581727,0.02884539039717022,0.008244846269141471
NIFTY_50,2025-09-19,10,0.0007518378389401006,0.012671914383846617,0.9372960154355182,0.047529264255107576,0.0017509680865875957
NIFTY_50,2025-09-22,10,0.00020300791432441759,0.005823400660205692,0.9874506123858307,0.0062575376252678155,0.0002654414143715819
NIFTY_50,2025-09-23,10,0.00037099571613112163,0.007055289264343915,0.9566075025184325,0.0355055809733142,0.0004606315277780726
NIFTY_50,2025-09-24,10,0.00044565018813523164,0.009908217873783463,0.9370393353794452,0.05204747309500339,0.000559323463632781
NIFTY_50,2025-09-25,10,0.00043013771691256423,0.005193577977824955,0.11335305341157625,0.8808789581153126,0.00014427277837369092
NIFTY_50,2025-09-26,10,0.0017607196635753093,0.015182091788545597,0.9574979078518794,0.02492354908013192,0.0006357316158677705
NIFTY_50,2025-09-29,10,0.001530792744677182,0.01101022697709161,0.9667491176322631,0.020124496320610318,0.0005853663253577894
NIFTY_50,2025-09-30,10,0.0011633825810479174,0.00890730132609347,0.9710835475194927,0.018395064251132204,0.0004507043222335481
NIFTY_50,2025-10-01,10,0.00035028380397858104,0.00544556280614385,0.10285030954830081,0.8911551983709379,0.00019864547063867038
NIFTY_50,2025-10-03,10,0.0003361676903527931,0.0034576800308581206,0.038133039333929794,0.9579340395253821,0.0001390734194770051
NIFTY_50,2025-10-06,10,0.00023602240402448776,0.0063906972627670484,0.038553806576704264,0.9546524616164211,0.00016701214008303037
NIFTY_50,2025-10-07,10,0.00029496667526572216,0.008710792675217474,0.06019558039081031,0.9305926232877058,0.00020603697100071236
NIFTY_50,2025-10-08,10,0.00040736893484056007,0.0193314941590304,0.05556278586137169,0.9244370093489755,0.0002613416957817762
NIFTY_50,2025-10-09,10,0.00021441279312679306,0.012373378969445776,0.07795732559245168,0.9091925563508776,0.0002623262940981817
NIFTY_50,2025-10-10,10,0.0005770230398854593,0.027809864277524788,0.9270392940503395,0.04380742569033892,0.0007663929419113716
NIFTY_50,2025-10-13,10,0.0005560546821690591,0.03321441480325313,0.9408888456501838,0.024703237441073167,0.0006374474233206852
NIFTY_50,2025-10-14,10,0.00028049590158939355,0.01907797132821541,0.9340890172465173,0.04625335539146009,0.00029916013221785735
NIFTY_50,2025-10-15,10,0.00033590221460676276,0.011626487363738475,0.9561784507775092,0.03142104879178305,0.00043811085236281674
NIFTY_50,2025-10-16,10,0.00046493137061507414,0.009470556686186675,0.9562360848577762,0.03267523274030561,0.0011531943451161318
NIFTY_50,2025-10-24,10,0.00041088980681168653,0.005659052631259224,0.9581690720670331,0.034948949849890304,0.0008120356450058322
NIFTY_50,2025-10-27,10,0.0003121056482651733,0.003594292741503853,0.9721559554749803,0.023053594172751372,0.0008840519624994151
NIFTY_50,2025-10-28,10,0.00032830527874918024,0.0041045891056127794,0.9328416105543901,0.061958152959011616,0.0007673421022361828
NIFTY_50,2025-10-29,10,0.00025292819941367267,0.0027361686104908603,0.9676359568145894,0.02851651290423406,0.0008584334712719407
NIFTY_50,2025-10-30,10,0.000394602580120223,0.004746141090667781,0.9208347214883857,0.07328448617252876,0.0007400486682975001
NIFTY_50,2025-10-31,10,0.0001704449492065554,0.002112128763243961,0.09190515158174578,0.9054848439476345,0.0003274307581692176
NIFTY_50,2025-11-03,10,0.0002815863512107717,0.002689517664083423,0.8980708231665974,0.09839978929051864,0.0005582835275899142
NIFTY_50,2025-11-04,10,0.00019658663957550213,0.002237976854403639,0.12977040609196397,0.8675178851679621,0.0002771452460948358
NIFTY_50,2025-11-06,10,0.00017204432457712044,0.0018628723893446672,0.14170024974573214,0.8560076778826136,0.0002571556577326073
NIFTY_50,2025-11-07,10,0.0003102516590712968,0.0033927464203317827,0.8237541698664627,0.1720465185901542,0.0004963134639801236
NIFTY_50,2025-11-10,10,0.0003567447539077211,0.008886881112534498,0.9518908129129753,0.03832406241289123,0.0005414988076911315
NIFTY_50,2025-11-11,10,0.0001711687929262392,0.004727224349667804,0.07775703153655979,0.9170814659304373,0.0002631093904088802
NIFTY_50,2025-11-12,10,0.00016561064266330184,0.0016527575241065736,0.07379767606310784,0.9241191159386015,0.00026483983152076197
NIFTY_50,2025-11-13,10,0.00010999470678944463,0.0011344829633591288,0.04158177134015187,0.9569925826498983,0.00018116833980118602
NIFTY_50,2025-11-14,10,0.00015569221381234844,0.002141437148318314,0.0746731997602474,0.9223427296455862,0.0006869412320359955
NIFTY_50,2025-11-17,10,0.00021727540262517046,0.0025934675225538347,0.12217320768941112,0.8745474890003472,0.00046856038506276203
NIFTY_50,2025-11-18,10,0.0003037260128058987,0.0031829493980367707,0.8780355974041839,0.117930997456517,0.0005467297284562946
NIFTY_50,2025-11-19,10,0.00016320460741730527,0.0018840837126213883,0.1234164499700851,0.8742236946681667,0.0003125670417095664
NIFTY_50,2025-11-21,10,0.00017389827918520633,0.0015685244957753608,0.16998626577149162,0.8278484736929996,0.00042283776054823823
NIFTY_50,2025-11-24,10,0.0004624970100703333,0.0029837392992406826,0.8606804066562005,0.1350716008608967,0.0008017561735919426
NIFTY_50,2025-11-25,10,0.00024961663112118524,0.0018244831899080966,0.9712004127076551,0.026372574914901494,0.0003529125564141564
NIFTY_50,2025-11-26,10,0.00037728684703449095,0.0038477915373067435,0.8549290298848189,0.1400456165147426,0.0008002752160971518
NIFTY_50,2025-11-27,10,0.00032333329849853587,0.0038825074989660784,0.8702388160833421,0.12495001096999062,0.0006053321492027327
NIFTY_50,2025-11-28,10,0.00025133256671424015,0.0033761213473386636,0.2374595922453701,0.75852791371816,0.000385040122417214
NIFTY_50,2025-12-01,10,0.00041355996715546805,0.00560709805500125,0.8936924451956018,0.0996524932217537,0.000634403560487821
NIFTY_50,2025-12-02,10,0.0004968433767076276,0.006926904480381486,0.9503072154423055,0.041337644129310756,0.0009313925712946388
NIFTY_50,2025-12-03,10,0.000294114750340059,0.002688642268233262,0.9735717455596584,0.023028059051428833,0.0004174383703393123
NIFTY_50,2025-12-04,10,0.00030522973422844433,0.00367781443926858,0.9723364687013628,0.023239743617032325,0.0004407435081078408
NIFTY_50,2025-12-05,10,0.0003069346265299809,0.004336461832172927,0.9453636273880887,0.04931116912766536,0.0006818070255429457
NIFTY_50,2025-12-08,10,0.0002586373674643481,0.004409361602854665,0.1356394755686215,0.8593245853544812,0.00036794010657832985
NIFTY_50,2025-12-09,10,0.00014549866628363559,0.0025825410390574893,0.06377993087176818,0.9333068319129982,0.00018519750989258227
NIFTY_50,2025-12-10,10,0.0002606033640329665,0.005646957792817568,0.08138600779128587,0.912429856764835,0.0002765742870286223
NIFTY_50,2025-12-11,10,0.0005480708916017074,0.01737460962512787,0.8828445143787342,0.09859942998028724,0.0006333751242490098
NIFTY_50,2025-12-12,10,0.0003011421992454671,0.007997436125858433,0.9681150217016236,0.023166834349517534,0.0004195656237549168
NIFTY_50,2025-12-15,10,0.00038469766455079984,0.012626413717407641,0.9641213638560732,0.022334774295604997,0.0005327504663632999
NIFTY_50,2025-12-16,10,0.0004289780402261271,0.013355010569356836,0.8992478903775825,0.08650717271221858,0.0004609483006160182
NIFTY_50,2025-12-17,10,0.0004092312425632443,0.01282238227027919,0.8883078376733473,0.0980208189718839,0.000439729841926347
NIFTY_50,2025-12-18,10,0.00029368127091600714,0.011036894507447933,0.12529774885228143,0.863062338545014,0.00030933682434045815
NIFTY_50,2025-12-19,10,0.0002279972894543732,0.011660732545485658,0.1473554913283125,0.8404909939547118,0.00026478488203558347
NIFTY_50,2025-12-22,10,0.00041849072932001913,0.026694748042917466,0.9597746088057597,0.012566812637258994,0.0005453397847440018
NIFTY_50,2025-12-23,10,0.00043482924703226066,0.07173044489568904,0.9156522400807293,0.011588474999990293,0.0005940107765591473
NIFTY_50,2025-12-24,10,0.0002443716227202274,0.8464916176616478,0.14617655362400947,0.0067652910340436434,0.00032216605757897596
NIFTY_50,2025-12-26,10,0.00043293508341141505,0.12897786638559544,0.8569092291124661,0.013038592630721943,0.0006413767878050958
NIFTY_50,2025-12-29,10,0.00022969655451195796,0.8347142623988554,0.14518273151129438,0.01958449554621479,0.00028881398912334726
NIFTY_50,2025-12-30,10,0.0004631629756751395,0.16149427588304138,0.7662694006676118,0.07119079237109728,0.000582368102574273
NIFTY_50,2025-12-31,10,0.00011748779553664614,0.9502508340208896,0.0475060914012485,0.001965395241377215,0.0001601915409479786
NIFTY_50,2026-01-01,10,0.00010489392183206978,0.955260237173636,0.043095186812908574,0.001395979818262214,0.0001437022733612471
NIFTY_50,2026-01-05,10,0.00015982499092414545,0.9493072199502788,0.0471600199805089,0.0031109700203831832,0.0002619650579049501
NIFTY_50,2026-01-06,10,0.00020323841484183572,0.9527479984209379,0.04104863745680654,0.005676828401585397,0.0003232973058282843
NIFTY_50,2026-01-07,10,0.0001312565960598157,0.9747853225590313,0.0213734744173957,0.003511251780975109,0.00019869464653803935
NIFTY_50,2026-01-08,10,0.0003034879945329235,0.9447704131459655,0.03556471894035737,0.019102064061706486,0.0002593158574376112
NIFTY_50,2026-01-09,10,0.0002639341866503521,0.9423778528337651,0.05224399846915882,0.004898985573518168,0.00021522893690771561
NIFTY_50,2026-01-12,10,0.00024498637766698226,0.9452907264511281,0.046078189339500614,0.008195068866427208,0.00019102896527720549
NIFTY_50,2026-01-13,10,0.00027246989859084454,0.9446805669783818,0.04840189062513108,0.006351907741677256,0.0002931647562189437
NIFTY_50,2026-01-14,10,0.00024528982447492604,0.9200823673662387,0.07698160846940373,0.0023932468457741637,0.0002974874941084015
NIFTY_50,2026-01-16,10,0.0002547860059472865,0.9310202225433005,0.0629127237533689,0.0055278472887547074,0.00028442040862858563
NIFTY_50,2026-01-19,10,0.0007235807596316123,0.15320674658973124,0.8424637361249416,0.003123623732562819,0.0004823127931326033
NIFTY_50,2026-01-20,10,0.000438154935299648,0.08483989070508896,0.9133382568719333,0.0011131932867564157,0.000270504200921484
NIFTY_50,2026-01-21,10,0.0018335889485294314,0.8148548279043937,0.182026706986156,0.0008901739045341603,0.00039470225638664643
NIFTY_50,2026-01-22,10,0.00140881186546795,0.04913488913426148,0.9482567622550608,0.0008431616589727852,0.00035637508623670926
NIFTY_50,2026-01-23,10,0.00264926312687836,0.09755680225134453,0.8980259849718182,0.001286702087420764,0.0004812475625382885
NIFTY_50,2026-01-27,10,0.0030953537766840304,0.02711000784214576,0.968561690711035,0.0008898600429909527,0.0003430876271445443
NIFTY_50,2026-01-28,10,0.00450686099885902,0.046277187756216816,0.9475889065106651,0.0011579015588863795,0.00046914317537256347
NIFTY_50,2026-01-29,10,0.003634319572075354,0.05689903915409173,0.9374244315960618,0.0015905629304704945,0.0004516467473004382
NIFTY_50,2026-01-30,10,0.00623817147940596,0.8074365846035705,0.18425801832323088,0.0014897083466936473,0.0005775172470991048
NIFTY_50,2026-02-02,10,0.006658232240852551,0.9171539330220546,0.07461907189200757,0.0011711343814758575,0.00039762846360930353
NIFTY_50,2026-02-03,10,0.002516858923676488,0.0433021929154213,0.9444121093343837,0.008258970605822962,0.0015098682206955928
NIFTY_50,2026-02-04,10,0.0018469906010866182,0.12186374050953504,0.8684202118812219,0.007116940468859992,0.0007521165392964579
NIFTY_50,2026-02-05,10,0.004568078598282861,0.9049127501986606,0.08808040124902772,0.002134448523370514,0.0003043214306584519
NIFTY_50,2026-02-06,10,0.002009211569700596,0.8443864132658626,0.14959846792440604,0.0035294067405749197,0.000476500499455856
NIFTY_50,2026-02-09,10,0.0031968352664545115,0.17737634455667023,0.8076830450008109,0.010965520119485424,0.0007782550565787674
NIFTY_50,2026-02-10,10,0.0010034514623580872,0.9284219917159819,0.06535701421224265,0.004991468690902816,0.0002260739185143796
NIFTY_50,2026-02-11,10,0.0005366405078411993,0.9631026677054988,0.03367962015704183,0.0025211589137483885,0.00015991271586979065
NIFTY_50,2026-02-12,10,0.0001292062220782873,0.9720876069816018,0.025168828198032313,0.0024705996753867595,0.00014375892290086596
NIFTY_50,2026-02-13,10,0.004988142189921407,0.9628728233290847,0.030893213987673952,0.0010762460491627053,0.0001695744441572867
NIFTY_50,2026-02-16,10,0.0024644130516443363,0.976011564774489,0.019043742268272906,0.0023080790485326456,0.000172200857060793
NIFTY_50,2026-02-17,10,0.0016470060417206197,0.9662129862472267,0.02833239323890363,0.0035083304609413056,0.0002992840112077507
NIFTY_50,2026-02-18,10,0.0010159326216049127,0.9738240861336916,0.02250842297655183,0.0024816693625789657,0.00016988890557253554
NIFTY_50,2026-02-19,10,0.019216949737089935,0.9529133328398839,0.025111084162293223,0.0023948346345655986,0.0003637986261672797
NIFTY_50,2026-02-20,10,0.008438807224378014,0.9656905210058258,0.024168457030024328,0.0015034432953944382,0.00019877144437739663
NIFTY_50,2026-02-23,10,0.007515870508907342,0.9621568508825397,0.02415107571765525,0.005867994482059568,0.00030820840883838787
NIFTY_50,2026-02-24,10,0.9785561226540905,0.015613025201141106,0.005135675548909431,0.0006354772818694851,5.9699313989577555e-05
NIFTY_50,2026-02-25,10,0.9766854930970579,0.018670125402253514,0.0043256293313628305,0.0002752270323173509,4.3525137008360224e-05
NIFTY_50,2026-02-26,10,0.9774565278983368,0.015652543759273545,0.00660358273048217,0.00024799681778411007,3.934879412333714e-05
NIFTY_50,2026-02-27,10,0.9758481535584127,0.013122627328192764,0.010783883082639023,0.0001944259222713819,5.0910108484081126e-05
NIFTY_50,2026-03-02,10,0.9824361080625527,0.006541447024270069,0.010834038033856531,0.00014009224837679198,4.831463094412864e-05
NIFTY_50,2026-03-04,10,0.9936776060254616,0.0032221811657271024,0.002903680298874828,0.00016472492064968506,3.1807589286853095e-05
NIFTY_50,2026-03-05,10,0.990323579302624,0.002864302670337288,0.006668753127677547,0.00010709092318353665,3.627397617764171e-05
NIFTY_50,2026-03-06,10,0.9930527350212609,0.003381693862075753,0.003420395650291289,0.00011802275297217517,2.715271340007784e-05
NIFTY_50,2026-03-10,10,0.9864050547500764,0.009342184884398553,0.004077946133142094,0.00012887191545136718,4.5942316931431926e-05
NIFTY_50,2026-03-11,10,0.9827354099799399,0.00857952422419232,0.008401313212210803,0.00021056247542578584,7.319010823129588e-05
NIFTY_50,2026-03-17,10,0.9889807452849246,0.005970747461423589,0.0048440620441750175,0.00016827864746447917,3.61665620121968e-05
NIFTY_50,2026-03-18,10,0.9849508661776837,0.011858998198359788,0.0029368604729229004,0.0002118512061396388,4.142394489398399e-05
NIFTY_50,2026-03-19,10,0.9786399738572302,0.01864249433629876,0.0024059294345428715,0.00024402053905985113,6.758183286833989e-05
NIFTY_50,2026-03-20,10,0.9741242585792736,0.023040988518068,0.002498185701691198,0.00015163304072966723,0.00018493416023755704
NIFTY_50,2026-03-24,10,0.9623079944989663,0.034865505513568075,0.0025179285456746335,0.0001703976605501301,0.00013817378124091824
NIFTY_50,2026-03-25,10,0.03169880230139812,0.9510001226325681,0.015418019595030993,0.0010307889090707281,0.0008522665619321152
NIFTY_50,2026-03-27,10,0.021976125945710533,0.9665082418450591,0.009653741522598246,0.001019571531113221,0.0008423191555189715
NIFTY_50,2026-04-01,10,0.00790576592082104,0.985683167820181,0.005177269278640637,0.0006693217666900196,0.0005644752136673405
NIFTY_50,2026-04-02,10,0.008189098397371508,0.9813833389624189,0.00920103050322667,0.0006766038167424566,0.0005499283202405266
NIFTY_50,2026-04-06,10,0.013974103815447177,0.9750231669600345,0.009243828298556984,0.0009066808703815366,0.0008522200555796943
NIFTY_50,2026-04-07,10,0.011841825948570701,0.9700237070119601,0.015029665269731858,0.001837767395143016,0.0012670343745943245
NIFTY_50,2026-04-08,10,0.043996954890811645,0.9285673938511004,0.01128160057262188,0.015259112804080112,0.0008949378813858804
NIFTY_50,2026-04-09,10,0.9681864286678867,0.02868830660295878,0.002533382847654555,0.0004624592912893113,0.00012942259021063755
NIFTY_50,2026-04-10,10,0.9640141929624829,0.030713754577284143,0.002891444277898151,0.0022609360328142867,0.0001196721495206538
NIFTY_50,2026-04-13,10,0.973920913466818,0.023416134800262892,0.002189910396557878,0.0003759067936541376,9.71345427071588e-05
NIFTY_50,2026-04-15,10,0.06121539632722398,0.9111769293647972,0.021389637672625715,0.004996826564660845,0.0012212100706921263
NIFTY_50,2026-04-16,10,0.9700094868014676,0.02402728573757091,0.005032353743908141,0.0007522623508863329,0.00017861136616702673
NIFTY_50,2026-04-17,10,0.9809740580502679,0.015559074040872634,0.002795658812408002,0.0005404587560452045,0.00013075034040617553
NIFTY_50,2026-04-20,10,0.966057286134009,0.03119348539045105,0.002174090847806361,0.0004585958569941034,0.00011654177073943413
NIFTY_50,2026-04-21,10,0.001588537075612242,0.9618852205883953,0.030774413717726695,0.004951318702345575,0.000800509915920134
NIFTY_50,2026-04-22,10,0.0030572788134620448,0.9776102051243797,0.015378396481611661,0.0031712655895067584,0.0007828539910400113
NIFTY_50,2026-04-23,10,0.07978151308571536,0.9044051262528527,0.01374153234473459,0.0014404540530459963,0.0006313742636513368
NIFTY_50,2026-04-24,10,0.9658980657130338,0.031039624169444887,0.0025875747708737694,0.00019622119997414556,0.00027851414667327866
NIFTY_50,2026-04-27,10,0.968192095971818,0.026421276105717435,0.004707308530855137,0.0003202887121267812,0.00035903067948276615
NIFTY_50,2026-04-28,10,0.9835076757029951,0.012624405117416342,0.0035622742066909563,0.00024108578502576744,6.45591878719174e-05
NIFTY_50,2026-04-29,10,0.9796481312234532,0.016944096028907625,0.003137844785579563,0.00022149219965654257,4.8435762403028506e-05
NIFTY_50,2026-04-30,10,0.9829593011059988,0.011536821655675662,0.005195718655061442,0.0002533444611321137,5.4814122131897654e-05
NIFTY_50,2026-05-04,10,0.9845766072462175,0.011694950687964188,0.0034548725613068967,0.0002283645994087816,4.520490510262942e-05
NIFTY_50,2026-05-05,10,0.9898754712527433,0.006586834219482847,0.0032771118509512167,0.00022091364908932164,3.966902773324302e-05
NIFTY_50,2026-05-06,10,0.9887460692866261,0.007691116684601547,0.0029648923627482783,0.0005559131762925398,4.200848973152562e-05
NIFTY_50,2026-05-07,10,0.9855166248066324,0.01059721488744725,0.0034243962947459908,0.00041342173994135295,4.834227123300084e-05
NIFTY_50,2026-05-08,10,0.9758769187855846,0.011830059996717332,0.011602374973069658,0.00060414324760088,8.650299702763957e-05
NIFTY_50,2026-05-11,10,0.05982780390277847,0.8884977998867081,0.047840392276921426,0.002849276658333849,0.0009847272752580097
NIFTY_50,2026-05-12,10,0.019712951078973844,0.962501940799675,0.015980008183738147,0.0014085749422222407,0.00039652499539067075
NIFTY_50,2026-05-13,10,0.015100299817477405,0.9704202335318921,0.012935742743285907,0.0012236411663875903,0.0003200827409568158
NIFTY_50,2026-05-14,10,0.969804524652237,0.028300446340406377,0.001704586762907471,0.00015102069673401334,3.9421547715165066e-05
NIFTY_50,2026-05-15,10,0.9802679311680755,0.017763302240128148,0.0018286244599597223,0.00010677665530911681,3.336547652756867e-05
NIFTY_50,2026-05-18,10,0.9927158296146739,0.006131589230162583,0.0010613726489585684,7.16640675788178e-05,1.9544438626106957e-05
NIFTY_50,2026-05-19,10,0.9878426803441004,0.010001037266478718,0.0019941266434349647,0.0001271341519178756,3.502159406792663e-05
NIFTY_50,2026-05-20,10,0.9933786411765915,0.005514660938204275,0.0009885922121486747,9.575024279901463e-05,2.2355430256545566e-05
NIFTY_50,2026-05-21,10,0.9909222437058202,0.008145643577217974,0.0008411424499737439,7.309616967169994e-05,1.7874097316450727e-05
NIFTY_50,2026-05-22,10,0.9753547357683485,0.022381761442241216,0.0020605687339782523,0.00016911834597534026,3.38157094565988e-05
NIFTY_50,2026-05-25,10,0.9905133450549973,0.0067125425313066,0.0024083644362664068,0.00033244010988111195,3.330786754845712e-05
NIFTY_50,2026-05-26,10,0.9896973610154871,0.007321418539578702,0.0028039109245759177,0.00015308707949046526,2.4222440867701835e-05
NIFTY_50,2026-05-27,10,0.988744174277704,0.007954121892858514,0.003116359958287473,0.00016280606010653597,2.25378110436143e-05
NIFTY_50,2026-05-29,10,0.9599957388281155,0.03132994288926182,0.007763547104735249,0.0007775372629009764,0.0001332339149863158
NIFTY_50,2026-06-01,10,0.010890707331875315,0.9744774691273235,0.01329663126977178,0.0010562351694549436,0.000278957101574412
NIFTY_50,2026-06-02,10,0.02666123996547925,0.944957288618125,0.02567352516053794,0.0021444671464141496,0.0005634791094437918
NIFTY_50,2026-06-03,10,0.008226502687090404,0.977698971409688,0.012925525938176906,0.0008973311279982522,0.00025166883704642905
NIFTY_50,2026-06-04,10,0.009020359743659402,0.975447277682859,0.01423091939768844,0.0010433166534982862,0.000258126522294704
NIFTY_50,2026-06-05,10,0.014999174951163255,0.9668316080871059,0.01676353850834809,0.001091370634629283,0.00031430781875340145
NIFTY_MIDCAP_100,2021-07-16,10,0.00012108372450713039,0.00045581178322790466,0.0065576367446646845,0.1073034779836944,0.8855619897639058
NIFTY_MIDCAP_100,2021-07-19,10,0.00039485462385643535,0.0012369924994275379,0.019780861537391215,0.9032819881444507,0.07530530319487411
NIFTY_MIDCAP_100,2021-07-20,10,0.0002181850410859522,0.0011410005658882107,0.06883571318014912,0.9269559910832761,0.0028491101296006715
NIFTY_MIDCAP_100,2021-07-22,10,0.0001811155804265563,0.0005261585142334957,0.1278700981184854,0.8701606309514714,0.001261996835382962
NIFTY_MIDCAP_100,2021-07-23,10,0.0002167182085749004,0.0010809689727008264,0.16745424937152542,0.8303669071374769,0.0008811563097219333
NIFTY_MIDCAP_100,2021-07-26,10,0.0003615673933727709,0.0017009666615915868,0.7505497657808788,0.2460767059619601,0.0013109942021967372
NIFTY_MIDCAP_100,2021-07-27,10,0.00032691591597106917,0.001380634478645439,0.8400349421723924,0.1571015365257367,0.0011559709072544349
NIFTY_MIDCAP_100,2021-07-28,10,0.00029748420813210697,0.0019181511161139927,0.1629813967778968,0.8329313496333939,0.0018716182644631645
NIFTY_MIDCAP_100,2021-07-29,10,0.00027458141387572615,0.0012649284417201266,0.15456673294523612,0.8427754224683441,0.001118334730823917
NIFTY_MIDCAP_100,2021-07-30,10,0.0003869035911128456,0.002544628980303751,0.8478077467386205,0.14583483488944032,0.0034258858005227094
NIFTY_MIDCAP_100,2021-08-03,10,0.00037885707932710903,0.0013650541452769026,0.80908306418247,0.18033223118749384,0.008840793405432177
NIFTY_MIDCAP_100,2021-08-04,10,0.0003569899502055523,0.0015861746131733726,0.13353102610896392,0.8620404195453701,0.0024853897822870244
NIFTY_MIDCAP_100,2021-08-05,10,0.0003684454142688383,0.0030955561848684653,0.2054980995532299,0.7896038236830027,0.001434075164630025
NIFTY_MIDCAP_100,2021-08-06,10,0.0004195749818534777,0.0035266255702428445,0.8189920433443771,0.17451288733093037,0.0025488687725961703
NIFTY_MIDCAP_100,2021-08-09,10,0.000524235982077276,0.004178608949239746,0.8659900539061999,0.12707270015403904,0.0022344010084438693
NIFTY_MIDCAP_100,2021-08-10,10,0.00036681332696742494,0.001817173292017642,0.9120653838861521,0.08403974327525725,0.001710886219605699
NIFTY_MIDCAP_100,2021-08-11,10,0.00047711967710060944,0.002756109251726105,0.9112494335601714,0.08405193043464332,0.0014654070763585791
NIFTY_MIDCAP_100,2021-08-12,10,0.00046354902827040024,0.0021474076268837225,0.7945321764726602,0.20162792417501196,0.0012289426971737447
NIFTY_MIDCAP_100,2021-08-13,10,0.0002472400045486768,0.0011633057697609678,0.1389338106225212,0.859136215178291,0.0005194284248781152
NIFTY_MIDCAP_100,2021-08-16,10,0.00014497424077731448,0.0007133655234284897,0.03282420958578433,0.9660256268238206,0.0002918238261891966
NIFTY_MIDCAP_100,2021-08-17,10,0.0002529388921303112,0.001216616568814893,0.08629106273761382,0.9117576517382711,0.0004817300631697516
NIFTY_MIDCAP_100,2021-08-18,10,0.00026013292280951424,0.0014125987581667598,0.0869881661486078,0.9106917130921547,0.0006473890782612274
NIFTY_MIDCAP_100,2021-08-20,10,0.0002215563618471285,0.001166381967907678,0.05825574151571099,0.9399940726544647,0.0003622475000697085
NIFTY_MIDCAP_100,2021-08-23,10,0.0012783157995534227,0.003427085772958497,0.09680636583344607,0.8978037767112773,0.0006844558827647538
NIFTY_MIDCAP_100,2021-08-24,10,0.0024237136186856753,0.016963416974234823,0.86554681203902,0.1134044839292019,0.001661573438857625
NIFTY_MIDCAP_100,2021-08-25,10,0.002240817644684888,0.019759218321669818,0.8706130559666214,0.10598936585468258,0.0013975422123412519
NIFTY_MIDCAP_100,2021-08-26,10,0.0005657835494019798,0.0016886865082574338,0.05056069806708322,0.9467653736167995,0.0004194582584578482
NIFTY_MIDCAP_100,2021-08-27,10,0.0002797288372665654,0.0017195058186403698,0.07105698900333836,0.9265962652055885,0.00034751113516622327
NIFTY_MIDCAP_100,2021-08-30,10,0.0003807186326985453,0.001366559006282467,0.021071576000150857,0.9756124347147931,0.0015687116460750968
NIFTY_MIDCAP_100,2021-08-31,10,0.000210406038029691,0.002628533353535523,0.0378065287791203,0.9581844122032623,0.0011701196260522923
NIFTY_MIDCAP_100,2021-09-01,10,0.00021546673365513278,0.0015775951911171963,0.01812355891037328,0.9775274683649728,0.002555910799881533
NIFTY_MIDCAP_100,2021-09-02,10,0.0001650508576838589,0.0008836420538063902,0.019546599202448625,0.9780231978218918,0.001381510064169118
NIFTY_MIDCAP_100,2021-09-03,10,0.00014349244399522457,0.00041512714913381684,0.01685752138923744,0.9804152414280523,0.002168617589581312
NIFTY_MIDCAP_100,2021-09-06,10,0.00016279424096250932,0.0004669234969988072,0.019861144863469817,0.9760651936694682,0.0034439437291007894
NIFTY_MIDCAP_100,2021-09-07,10,8.593629249636716e-05,0.0002586782087590526,0.0096416056434861,0.9886680690889813,0.0013457107662771617
NIFTY_MIDCAP_100,2021-09-08,10,8.273868850250581e-05,0.00029657244054235514,0.007715573114086387,0.99044632339439,0.001458792362478716
NIFTY_MIDCAP_100,2021-09-09,10,0.00010525141227168624,0.0003788287420750208,0.01081841775647022,0.9839609441718541,0.004736557917328962
NIFTY_MIDCAP_100,2021-09-13,10,9.670619082780113e-05,0.00048337553171145224,0.009525665935777125,0.9821131592608484,0.007781093080834999
NIFTY_MIDCAP_100,2021-09-14,10,0.00013285665544966388,0.0006485049891839018,0.013898385285864952,0.9667352291458481,0.01858502392365354
NIFTY_MIDCAP_100,2021-09-15,10,0.0002150022963501738,0.0010535570713534302,0.026325908823406186,0.9181873830322587,0.05421814877663142
NIFTY_MIDCAP_100,2021-09-16,10,9.839517794903944e-05,0.0004812663728016193,0.01881839487593397,0.10752518165083998,0.8730767619224754
NIFTY_MIDCAP_100,2021-09-17,10,9.660169180265578e-05,0.0004959234134244805,0.01585997392119528,0.10178518143201813,0.8817623195415595
NIFTY_MIDCAP_100,2021-09-20,10,0.00040156836907453096,0.00191518957326194,0.08578853683256794,0.8569383696957213,0.05495633552937424
NIFTY_MIDCAP_100,2021-09-21,10,0.00035445424797160227,0.0017019405161991191,0.1075734565727197,0.855549748226674,0.034820400436435424
NIFTY_MIDCAP_100,2021-09-22,10,0.0010571531985478966,0.004701701485339463,0.6693366789480815,0.24399741791906,0.08090704844897104
NIFTY_MIDCAP_100,2021-09-23,10,0.00013724371710637482,0.000709571316861784,0.05170022835316655,0.029055952203168638,0.9183970044096967
NIFTY_MIDCAP_100,2021-09-24,10,0.00013194050577589758,0.0007619834433584829,0.04640761954482049,0.039884648833718735,0.9128138076723263
NIFTY_MIDCAP_100,2021-09-27,10,0.0005502823122741877,0.0038141851331740966,0.17097374983452812,0.7799419627994192,0.044719819920604406
NIFTY_MIDCAP_100,2021-09-28,10,0.0008576209348422826,0.006068924494767439,0.7751684800014488,0.17604225515854918,0.041862719410392366
NIFTY_MIDCAP_100,2021-09-29,10,0.0002515015825243699,0.0016060034535858244,0.13149295553738194,0.856097275387248,0.010552264039259858
NIFTY_MIDCAP_100,2021-10-19,10,0.00039558996879647025,0.002287738460270593,0.01004176492195205,0.9382189065445361,0.04905600010444485
NIFTY_MIDCAP_100,2021-10-20,10,0.00018184911450667084,0.0009475008237941231,0.003489488247972398,0.9678385915182649,0.02754257029546197
NIFTY_MIDCAP_100,2021-10-21,10,5.7171837253323304e-05,0.00030162976713883475,0.0021025457403658944,0.04244051843857096,0.9550981342166711
NIFTY_MIDCAP_100,2021-10-22,10,7.555867471859498e-05,0.000539933749775887,0.008434203202890383,0.050501312690854894,0.9404489916817602
NIFTY_MIDCAP_100,2021-10-25,10,0.0001658014238520726,0.0018143137281902652,0.02458919629640726,0.9450969772428348,0.028333711308715846
NIFTY_MIDCAP_100,2021-10-26,10,0.00017758824195842547,0.001617195991613647,0.009310868297297926,0.9663635496828847,0.022530797786245345
NIFTY_MIDCAP_100,2021-10-27,10,0.0001940710246098116,0.0011109017800019479,0.017644997084405496,0.9767440527205896,0.004305977390393144
NIFTY_MIDCAP_100,2021-10-28,10,0.00019323346997264244,0.003488836219203279,0.03085297571235991,0.9592647497208613,0.006200204877603112
NIFTY_MIDCAP_100,2021-10-29,10,9.933278459403092e-05,0.0016339640350926297,0.03727736517097981,0.9598463886674442,0.0011429493418894214
NIFTY_MIDCAP_100,2021-11-01,10,0.00014622392039810136,0.0022316489299944995,0.02287615360750636,0.9740804064356274,0.0006655671064735596
NIFTY_MIDCAP_100,2021-11-02,10,0.00019092407671945658,0.002938000019633225,0.029966815811733525,0.96410128048292,0.00280297960899386
NIFTY_MIDCAP_100,2021-11-03,10,0.00013119123968185012,0.0022239960540749344,0.033026587109268486,0.9641705984317583,0.00044762716521653737
NIFTY_MIDCAP_100,2021-11-04,10,0.0002168489591548375,0.002704642512293181,0.07533757706586046,0.9209364865339769,0.0008044449287147035
NIFTY_MIDCAP_100,2021-11-08,10,0.0009439286778238521,0.01033482175933937,0.9075289852521842,0.0777874449923205,0.0034048193183322684
NIFTY_MIDCAP_100,2021-11-09,10,0.0007702508380030233,0.025818554985553962,0.9392586391451184,0.03036634723465515,0.003786207796669403
NIFTY_MIDCAP_100,2021-11-10,10,0.000683385695739547,0.01899550571843595,0.9517879769837726,0.02367716358811376,0.004855968013938157
NIFTY_MIDCAP_100,2021-11-11,10,0.0007982257513263147,0.040868501322627294,0.9111431459971063,0.04213934508587999,0.005050781843060037
NIFTY_MIDCAP_100,2021-11-12,10,0.0002910966350409507,0.9167730438747619,0.07434453684863598,0.007709433217990949,0.000881889423570253
NIFTY_MIDCAP_100,2021-11-15,10,0.0002383902011623267,0.931989493065959,0.060853770918892124,0.006389890973643458,0.0005284548403431593
NIFTY_MIDCAP_100,2021-11-16,10,0.00027056145303451366,0.9205030721757118,0.0708955294623633,0.007567233982423342,0.0007636029264669053
NIFTY_MIDCAP_100,2021-11-17,10,0.0008051247808003861,0.06391715319917883,0.9073652216953758,0.02394843859849583,0.003964061726148942
NIFTY_MIDCAP_100,2021-11-18,10,0.0006948324743267834,0.027129972511449805,0.9443147374114712,0.02265485538036424,0.005205602222388112
NIFTY_MIDCAP_100,2021-11-22,10,0.0004964818457826275,0.026480439532364432,0.94276955527977,0.024711378503113814,0.005542144838969155
NIFTY_MIDCAP_100,2021-11-23,10,0.0002945069934759405,0.017039953675395268,0.9636141704931681,0.01761292662606138,0.001438442211899373
NIFTY_MIDCAP_100,2021-11-24,10,0.00024079973417347569,0.011072589455688875,0.9821606708727845,0.005950894581345414,0.0005750453560077958
NIFTY_MIDCAP_100,2021-11-25,10,0.00022050385928597602,0.011452408149958671,0.9794892132423201,0.008202320378703713,0.0006355543697316556
NIFTY_MIDCAP_100,2021-11-26,10,0.0008369471086075462,0.018141359967303598,0.9777490456715319,0.0026565520692774076,0.000616095183279473
NIFTY_MIDCAP_100,2021-11-29,10,0.00037815241075420016,0.011228563443700918,0.9862290026434484,0.0016521786704787593,0.0005121028316179065
NIFTY_MIDCAP_100,2021-11-30,10,0.0004146556151782377,0.009707870361685949,0.9881030584259777,0.0014705632022128509,0.0003038523949452214
NIFTY_MIDCAP_100,2021-12-01,10,0.00034912529769368957,0.012105520028203953,0.9854676814882178,0.0018543452900570117,0.000223327895827787
NIFTY_MIDCAP_100,2021-12-02,10,0.0004544340968760416,0.02350056878895784,0.9724994778790732,0.003260603572127388,0.0002849156629657023
NIFTY_MIDCAP_100,2021-12-03,10,0.0007101245103355889,0.10718606386674881,0.8840790305746661,0.007391831544410038,0.0006329495038396882
NIFTY_MIDCAP_100,2021-12-06,10,0.0004741198551594398,0.8722265327242263,0.11977588252220286,0.007022886285195203,0.0005005786132161631
NIFTY_MIDCAP_100,2021-12-07,10,0.0006808574642481172,0.8565559289587508,0.1378371273328843,0.004117875134876289,0.0008082111092403017
NIFTY_MIDCAP_100,2021-12-08,10,0.000333609442663757,0.9587894383095454,0.03792399885423497,0.002650123357684641,0.0003028300358713677
NIFTY_MIDCAP_100,2021-12-09,10,0.00032927102067711764,0.944578709078386,0.05136318269837409,0.0031748752731946615,0.0005539619293679626
NIFTY_MIDCAP_100,2021-12-10,10,0.00032268074522708105,0.8982373561264159,0.07210480696388205,0.02866968625977177,0.0006654699047033155
NIFTY_MIDCAP_100,2021-12-13,10,0.00048202403892542734,0.8381140843701088,0.13794295356496153,0.022563753124538254,0.000897184901465925
NIFTY_MIDCAP_100,2021-12-14,10,0.0006638204438476413,0.06360817095283677,0.8940533138362279,0.040123674154345354,0.0015510206127424585
NIFTY_MIDCAP_100,2021-12-15,10,0.0003242675318375594,0.03067837509381922,0.9616882769239015,0.00653237680761746,0.0007767036428243901
NIFTY_MIDCAP_100,2021-12-16,10,0.0003137358575700253,0.044972486006649944,0.948777042673579,0.0051513888319633305,0.0007853466302377688
NIFTY_MIDCAP_100,2021-12-17,10,0.0010201726719192676,0.07320128674698798,0.9218545829255866,0.003326499238629491,0.0005974584168767068
NIFTY_MIDCAP_100,2021-12-20,10,0.0012924829489038923,0.01810291468777985,0.9778594836525227,0.0020223451600339805,0.0007227735507594765
NIFTY_MIDCAP_100,2021-12-21,10,0.0015740704661938113,0.019710144992354257,0.9755773707461067,0.002633465496190111,0.0005049482991549618
NIFTY_MIDCAP_100,2021-12-22,10,0.0015794080115623728,0.018826791046892496,0.9766849960310277,0.0023497643096192043,0.0005590406008985059
NIFTY_MIDCAP_100,2021-12-23,10,0.0010610283186479005,0.021342921756030517,0.975589543517718,0.001661645010820079,0.00034486139678380136
NIFTY_MIDCAP_100,2021-12-24,10,0.0007614287442652109,0.01782110054277728,0.9797153944873905,0.001397807211572296,0.00030426901399449195
NIFTY_MIDCAP_100,2021-12-27,10,0.0008667853075813118,0.02664240989715725,0.9676992282855938,0.004434818893201163,0.0003567576164665404
NIFTY_MIDCAP_100,2021-12-28,10,0.0010867507281697886,0.035647560382015046,0.9496107995216805,0.01318774586282424,0.0004671435053103449
NIFTY_MIDCAP_100,2021-12-29,10,0.0008063300349245101,0.035038468797727866,0.9531138434798962,0.01069725467364249,0.0003441030138089905
NIFTY_MIDCAP_100,2021-12-30,10,0.000929117246395333,0.0605436294951714,0.9274738759468224,0.010473769326078125,0.0005796079855327541
NIFTY_MIDCAP_100,2021-12-31,10,0.0004843260940660224,0.02710921208365665,0.12085951041959218,0.8513147547730641,0.00023219662962104768
NIFTY_MIDCAP_100,2022-01-03,10,0.0002825414781677602,0.00855781563452312,0.10009690662441319,0.8908957444272655,0.00016699183563045612
NIFTY_MIDCAP_100,2022-01-04,10,0.000788304395473785,0.04902315683040463,0.871668653093382,0.07775940389237751,0.0007604817883621143
NIFTY_MIDCAP_100,2022-01-05,10,0.0003556818464726981,0.04745093740171104,0.9282591777483121,0.02348557977817309,0.00044862322533078527
NIFTY_MIDCAP_100,2022-01-06,10,0.00038821902737333545,0.06705345839286006,0.9099911611199262,0.0221466133383032,0.00042054812153751315
NIFTY_MIDCAP_100,2022-01-07,10,0.00035678882457953955,0.05817392093575803,0.899167535126731,0.041333326214235855,0.0009684288986956736
NIFTY_MIDCAP_100,2022-01-10,10,0.00030202062719326126,0.7906907270704652,0.20052798811161834,0.007703712280250348,0.0007755519104729444
NIFTY_MIDCAP_100,2022-01-11,10,0.0006239470804180819,0.14041737783590383,0.8535037338908152,0.004394755301764925,0.001060185891097819
NIFTY_MIDCAP_100,2022-01-12,10,0.00034093863924657624,0.9139274705315202,0.08208020440821151,0.0026291010504135145,0.0010222853706081721
NIFTY_MIDCAP_100,2022-01-13,10,0.0005052945700161039,0.8845448096723825,0.11037880566005924,0.0032710326481844524,0.0013000574493578282
NIFTY_MIDCAP_100,2022-01-14,10,0.0007557653179278558,0.05274858142303707,0.9387696485727791,0.005505937404463864,0.002220067281792052
NIFTY_MIDCAP_100,2022-01-17,10,0.000373710441704951,0.014784179739711056,0.9803649372143045,0.002679091057079994,0.001798081547199511
NIFTY_MIDCAP_100,2022-01-18,10,0.0005420011858445578,0.05030451015474028,0.9429027987735924,0.004870163284061755,0.0013805266017610043
NIFTY_MIDCAP_100,2022-01-19,10,0.00043275177074975074,0.06278987115958569,0.9288071893640857,0.007131896579430347,0.0008382911261486293
NIFTY_MIDCAP_100,2022-01-20,10,0.00035078900392111984,0.05259665193165053,0.9410595819194362,0.004931363845121432,0.0010616132998705454
NIFTY_MIDCAP_100,2022-01-21,10,0.0005042633618975796,0.8351851154910871,0.15531742237401924,0.008238544026014835,0.0007546547469811964
NIFTY_MIDCAP_100,2022-01-24,10,0.001096779649403328,0.8503860376221595,0.14057954585277066,0.00715544084217255,0.0007821960334940282
NIFTY_MIDCAP_100,2022-01-25,10,0.0013959833787797742,0.16649954788285157,0.8257513441948222,0.005544881080155365,0.0008082434633912041
NIFTY_MIDCAP_100,2022-01-27,10,0.0015843735597217425,0.1425720950345756,0.8486153562860953,0.006525146840575018,0.0007030282790323706
NIFTY_MIDCAP_100,2022-01-28,10,0.0016357788971194489,0.8234266229256558,0.15218396317591257,0.021889462374766612,0.0008641726265453736
NIFTY_MIDCAP_100,2022-01-31,10,0.0015703577559115236,0.9319058757524128,0.04705118024124983,0.018846881383073444,0.000625704867352317
NIFTY_MIDCAP_100,2022-02-01,10,0.001499764135935763,0.9574122724257538,0.01838561699996788,0.0223731132947069,0.0003292331436355569
NIFTY_MIDCAP_100,2022-02-02,10,0.0014129143978488215,0.9445948304808285,0.030265770643670312,0.022737464118111974,0.0009890203595404013
NIFTY_MIDCAP_100,2022-02-03,10,0.0013709914050914391,0.9643519279395114,0.017980849324490983,0.015892783921513807,0.0004034474093921917
NIFTY_MIDCAP_100,2022-02-04,10,0.007066760157395268,0.9475853671531095,0.030903613238989047,0.014019758502998775,0.0004245009475075906
NIFTY_MIDCAP_100,2022-02-07,10,0.007921112212024373,0.9473502486072101,0.03498343821730627,0.009320765150005551,0.0004244358134536002
NIFTY_MIDCAP_100,2022-02-08,10,0.015643120345452337,0.9581782686786476,0.020887360488631095,0.0047442207050702725,0.0005470297821988432
NIFTY_MIDCAP_100,2022-02-09,10,0.9505831830926614,0.043783603226270874,0.004416096858716035,0.0011422516646616197,7.486515768991163e-05
NIFTY_MIDCAP_100,2022-02-10,10,0.9555366535790323,0.038666047509354456,0.004748437104199499,0.0009696575761003136,7.92042313133793e-05
NIFTY_MIDCAP_100,2022-02-11,10,0.04092906271499045,0.9242389354609426,0.03126336284833942,0.0029636356728230885,0.0006050033029043251
NIFTY_MIDCAP_100,2022-02-14,10,0.9580358302898158,0.03309713605074614,0.006149006456384571,0.002378850835511866,0.00033917636754149817
NIFTY_MIDCAP_100,2022-02-15,10,0.017246681632540763,0.9473268683457008,0.0314579784654532,0.003409052695007466,0.0005594188612979686
NIFTY_MIDCAP_100,2022-02-16,10,0.0175571126780787,0.9440943733569926,0.035704529937629605,0.002134939345012964,0.0005090446822858834
NIFTY_MIDCAP_100,2022-02-17,10,0.8946720460813561,0.09646870522533234,0.008073860826383053,0.0006493812189287306,0.00013600664799974155
NIFTY_MIDCAP_100,2022-02-18,10,0.05574534319459524,0.9096863788787214,0.029338515366354602,0.003456608571827783,0.0017731539885010976
NIFTY_MIDCAP_100,2022-02-21,10,0.9538227694882253,0.035169417707463915,0.01053856056044174,0.0004040895221380528,6.516272173085077e-05
NIFTY_MIDCAP_100,2022-02-22,10,0.9442205186352821,0.04191497611842779,0.013073768895516808,0.000686626717358806,0.00010410963341437651
NIFTY_MIDCAP_100,2022-02-23,10,0.04486665735343552,0.9125378197865848,0.03970301849408937,0.001466277259489977,0.001426227106400274
NIFTY_MIDCAP_100,2022-02-24,10,0.9605367373541001,0.03584594453453392,0.0031036992706198587,0.00033316059576351495,0.0001804582449824872
NIFTY_MIDCAP_100,2022-02-25,10,0.01729126987716659,0.9576233660992607,0.023709287873544895,0.0005508399762565353,0.0008252361737714824
NIFTY_MIDCAP_100,2022-02-28,10,0.010645029126093464,0.9746848978589379,0.013635542122613269,0.00034138553333973597,0.0006931453590155228
NIFTY_MIDCAP_100,2022-03-02,10,0.005944830412840536,0.9723742429637411,0.02047473847676204,0.00040187248729015213,0.0008043156593660644
NIFTY_MIDCAP_100,2022-03-03,10,0.0059539558286383475,0.9614455866057279,0.03109538137346016,0.0003784184097612354,0.0011266577824124192
NIFTY_MIDCAP_100,2022-03-04,10,0.008972862024260704,0.9650585165530361,0.01841160146238449,0.005847545354731586,0.0017094746055870392
NIFTY_MIDCAP_100,2022-03-07,10,0.00578422596153573,0.9454437945431271,0.046848398295420465,0.0006146998092098609,0.0013088813907066478
NIFTY_MIDCAP_100,2022-03-08,10,0.007544406305334551,0.9697862409189117,0.02018551561239476,0.0016690305520719816,0.0008148066112866709
NIFTY_MIDCAP_100,2022-03-09,10,0.008517171857046747,0.05936369168237179,0.9295403398417981,0.0015251692616802112,0.001053627357103011
NIFTY_MIDCAP_100,2022-03-10,10,0.005814654415757421,0.04026141173351861,0.9524936423025329,0.0010196985720274073,0.0004105929761638337
NIFTY_MIDCAP_100,2022-03-11,10,0.010667382471757574,0.03305217073013164,0.9547965510260384,0.001057812047207816,0.0004260837248643857
NIFTY_MIDCAP_100,2022-03-14,10,0.003241915863122198,0.011171348425557278,0.9846058035937286,0.0007399355345559036,0.00024099658303591877
NIFTY_MIDCAP_100,2022-03-15,10,0.005744482337940014,0.010147680374870741,0.9826333095344346,0.0011227026472573126,0.00035182510549744097
NIFTY_MIDCAP_100,2022-03-16,10,0.004541562603864627,0.01195150243219877,0.9822519648338723,0.0009721745226094755,0.00028279560745471003
NIFTY_MIDCAP_100,2022-03-17,10,0.008622737773243325,0.00740449099903981,0.9822059750951339,0.0014369257448078176,0.00032987038777505844
NIFTY_MIDCAP_100,2022-03-21,10,0.0020338689685825994,0.005559387405745481,0.9913072082391822,0.0007911872651086751,0.0003083481213811045
NIFTY_MIDCAP_100,2022-03-22,10,0.0015992863585609246,0.00869427983855216,0.9884631667046314,0.0008643652878771303,0.00037890181037851235
NIFTY_MIDCAP_100,2022-03-23,10,0.0024203594165127457,0.006797426244271698,0.9894080630071015,0.00094120188508243,0.0004329494470315863
NIFTY_MIDCAP_100,2022-03-24,10,0.0018877280965328386,0.005774997426694201,0.9908946496239932,0.0003416094995695124,0.0011010153532103263
NIFTY_MIDCAP_100,2022-03-25,10,0.0017553520748559278,0.007092336206536792,0.9906559218936163,0.00038616991947035045,0.00011021990552042759
NIFTY_MIDCAP_100,2022-03-28,10,0.0013676879047211357,0.005415122670851285,0.9926146849577697,0.00046717017981617366,0.00013533428684177112
NIFTY_MIDCAP_100,2022-03-29,10,0.0014148055385001315,0.006267750694154374,0.991765708227364,0.0004200529991604613,0.00013168254082108157
NIFTY_MIDCAP_100,2022-03-30,10,0.0005072302412880042,0.0073165883007848915,0.9886720285415074,0.00329986566756662,0.00020428724885332466
NIFTY_MIDCAP_100,2022-03-31,10,0.000527404472555634,0.0069501512012227215,0.9914141652921854,0.000935211166946755,0.00017306786708959782
NIFTY_MIDCAP_100,2022-04-01,10,0.000662360585954389,0.02549948616811408,0.9714016288828373,0.0015843723784281709,0.0008521519846659701
NIFTY_MIDCAP_100,2022-04-04,10,0.000698035221930952,0.013962792071888525,0.9806264773675659,0.0016607860477874463,0.0030519092908273906
NIFTY_MIDCAP_100,2022-04-05,10,0.00033987212851187406,0.009855100377385977,0.9866914064799127,0.0018377559979955195,0.0012758650161938374
NIFTY_MIDCAP_100,2022-04-06,10,0.0002835713085158044,0.0033349575429966493,0.9939694624536402,0.001888687762183531,0.000523320932663982
NIFTY_MIDCAP_100,2022-04-07,10,0.0002486644246745439,0.006426704677495881,0.9917216101560477,0.001208641774243797,0.0003943789675380934
NIFTY_MIDCAP_100,2022-04-08,10,0.0002995837685557984,0.008984412252952016,0.9885582891103478,0.0015811450702446017,0.000576569797899815
NIFTY_MIDCAP_100,2022-04-11,10,0.0002524612820287679,0.008372705589994294,0.9883951298508555,0.0025035931328416384,0.0004761101442798045
NIFTY_MIDCAP_100,2022-04-12,10,0.00037993086000644405,0.022012116708526985,0.9732549417692001,0.0032607434110147153,0.0010922672512516322
NIFTY_MIDCAP_100,2022-04-13,10,0.0007091193747375859,0.0351930690228781,0.9571831527709909,0.005894724791175056,0.0010199340402181445
NIFTY_MIDCAP_100,2022-04-18,10,0.001573443322467123,0.0875675801388404,0.8952739691579451,0.01024954560723094,0.005335461773516611
NIFTY_MIDCAP_100,2022-04-19,10,0.0007261531045989095,0.9431407142584227,0.05136076637220536,0.003302386599850628,0.0014699796649221956
NIFTY_MIDCAP_100,2022-04-20,10,0.0010276496718925065,0.9461404767084631,0.04631960878542095,0.004596974539329478,0.0019152902948939181
NIFTY_MIDCAP_100,2022-04-21,10,0.0012169446198047789,0.9256838532690951,0.06696355433979878,0.004764681636349401,0.0013709661349519096
NIFTY_MIDCAP_100,2022-04-22,10,0.0018339084789709313,0.9418566301955614,0.05144500677363678,0.003520410419513318,0.0013440441323173573
NIFTY_MIDCAP_100,2022-04-25,10,0.9729419631302271,0.020219476942058005,0.006324681472527376,0.0004218972853604502,9.198116982691337e-05
NIFTY_MIDCAP_100,2022-04-26,10,0.9714707773447098,0.02079891587386003,0.007317381606085991,0.0003375359703042878,7.538920503995524e-05
NIFTY_MIDCAP_100,2022-04-27,10,0.9712806945091268,0.025829353953942195,0.0026291342660215745,0.00021513510128381733,4.5682169625662475e-05
NIFTY_MIDCAP_100,2022-04-28,10,0.9878224804381691,0.006447019894227833,0.00538366357451926,0.00027184716781556226,7.49889252680639e-05
NIFTY_MIDCAP_100,2022-04-29,10,0.9746737985636948,0.016857278781832918,0.007793064660945064,0.0005699946754081442,0.00010586331811893488
NIFTY_MIDCAP_100,2022-05-02,10,0.025961785193898225,0.9003087269518629,0.058579727169774956,0.01465023912954761,0.0004995215549163625
NIFTY_MIDCAP_100,2022-05-04,10,0.035947225904699606,0.9059083246364307,0.051041693847786694,0.00668776021822166,0.0004149953928613554
NIFTY_MIDCAP_100,2022-05-05,10,0.9552648189246651,0.021297846673580867,0.0229180903666633,0.0004486570146019669,7.058702048868529e-05
NIFTY_MIDCAP_100,2022-05-06,10,0.0230487506706222,0.9155806550029453,0.059203372886893375,0.0017925833845472,0.0003746380549918714
NIFTY_MIDCAP_100,2022-05-09,10,0.03635443490354038,0.9288470803085171,0.03155595858879616,0.0029735605300110933,0.0002689656691351386
NIFTY_MIDCAP_100,2022-05-10,10,0.9720603413448128,0.02504733838397513,0.0025537840786927567,0.0002872864459013527,5.124974661808159e-05
NIFTY_MIDCAP_100,2022-05-11,10,0.972354152623938,0.02486335541320635,0.002559782404354804,0.00014737066794780633,7.533889055303057e-05
NIFTY_MIDCAP_100,2022-05-12,10,0.9849216641600221,0.011509615847345438,0.0032739842407001197,0.00019031216928074466,0.00010442358265150788
NIFTY_MIDCAP_100,2022-05-13,10,0.9940577959576874,0.0050387174696803734,0.0008163689908329204,5.7215719177466325e-05,2.990186262185546e-05
NIFTY_MIDCAP_100,2022-05-16,10,0.9951740824553378,0.002248842280466923,0.0024955483350790997,5.5226345648011585e-05,2.630058346820415e-05
NIFTY_MIDCAP_100,2022-05-17,10,0.9926726257240803,0.0030546120998061073,0.0040655278010379384,0.00016776407341972816,3.947030165592112e-05
NIFTY_MIDCAP_100,2022-05-18,10,0.992145337719917,0.003125567606793906,0.004518559969158882,0.00016563488781376102,4.489981631665186e-05
NIFTY_MIDCAP_100,2022-05-19,10,0.9970135274442753,0.0013954048087724122,0.0015225761195737145,4.547588553459073e-05,2.3015741843993118e-05
NIFTY_MIDCAP_100,2022-05-20,10,0.9926811493105959,0.0018276917038141036,0.00531005860957439,0.00014700519496631321,3.409518104928389e-05
NIFTY_MIDCAP_100,2022-05-23,10,0.9926478769274591,0.0010042916589825964,0.006228242864059526,9.549429987207603e-05,2.409424962657129e-05
NIFTY_MIDCAP_100,2022-05-24,10,0.9941430339234395,0.0018518921684695208,0.0039102187464223935,6.359664795758622e-05,3.125851371098005e-05
NIFTY_MIDCAP_100,2022-05-25,10,0.99614499968366,0.0022824399037286365,0.0015084395375425414,4.223653088400034e-05,2.1884344184914042e-05
NIFTY_MIDCAP_100,2022-05-26,10,0.9940836979988572,0.003294669293147571,0.0025203506570823145,6.869923134056011e-05,3.2582819572332744e-05
NIFTY_MIDCAP_100,2022-05-27,10,0.9930648597034466,0.0020528716494002614,0.004779711214720782,7.05016193667174e-05,3.205581306576217e-05
NIFTY_MIDCAP_100,2022-05-30,10,0.9843909600959624,0.0026809049248960885,0.012568037089430526,0.00031881256901157345,4.128532069941673e-05
NIFTY_MIDCAP_100,2022-05-31,10,0.9889725022701326,0.0030400335540896597,0.007774031658742864,0.00017714583920775025,3.6286677827118474e-05
NIFTY_MIDCAP_100,2022-06-01,10,0.9922230346841863,0.002087476679694198,0.005569435450991623,8.946077228981e-05,3.059241283810807e-05
NIFTY_MIDCAP_100,2022-06-02,10,0.982386973704123,0.001608106185966805,0.01570552331563753,0.00025380710051899416,4.558969375372289e-05
NIFTY_MIDCAP_100,2022-06-03,10,0.9917327283131954,0.001226716872872067,0.006935350089503523,7.79039058897281e-05,2.73008185391333e-05
NIFTY_MIDCAP_100,2022-06-06,10,0.9883026228893722,0.0016418727506044338,0.009826194020171245,0.00017793492779885845,5.1375412053223805e-05
NIFTY_MIDCAP_100,2022-06-07,10,0.9933983178219069,0.0009529557067295028,0.005161737871134143,0.0004616188983954743,2.5369701833923447e-05
NIFTY_MIDCAP_100,2022-06-08,10,0.9929918604170407,0.0023908413675588418,0.0040980421099361605,0.0004986961126011407,2.0559992863086073e-05
NIFTY_MIDCAP_100,2022-06-09,10,0.9939691852622357,0.0006543056784353953,0.0050965876526349735,0.0002630521480613319,1.6869258632720584e-05
NIFTY_MIDCAP_100,2022-06-10,10,0.9932124106545458,0.0010778122492436921,0.005311296090457848,0.00037355340919622475,2.492759655645166e-05
NIFTY_MIDCAP_100,2022-06-13,10,0.9953018080831937,0.0014490520549170875,0.003131400259764924,9.464600831183846e-05,2.3093593812502615e-05
NIFTY_MIDCAP_100,2022-06-14,10,0.996412493843415,0.0014383009435958464,0.00207229432484683,5.315999409322225e-05,2.3750894049192784e-05
NIFTY_MIDCAP_100,2022-06-15,10,0.990132631132197,0.006093502915096925,0.0036058318598076976,0.00011992571914516693,4.810837375334436e-05
NIFTY_MIDCAP_100,2022-06-21,10,0.963858683343477,0.03193221853605093,0.0038567144955932962,0.0002584216525134131,9.396197236528576e-05
NIFTY_MIDCAP_100,2022-06-22,10,0.9768557759672889,0.01981690760152662,0.0029811947538717592,0.00023012215845172402,0.00011599951886097855
NIFTY_MIDCAP_100,2022-06-23,10,0.033253465971211954,0.9430950698368111,0.020736463526540478,0.0021436892904920513,0.0007713113749445532
NIFTY_MIDCAP_100,2022-06-24,10,0.010839397250323662,0.975718394666559,0.011940029244915155,0.0009573197480550119,0.0005448590901472311
NIFTY_MIDCAP_100,2022-06-27,10,0.0021933701942974935,0.9738816330253292,0.02250046426974286,0.000969448631577503,0.0004550838790527647
NIFTY_MIDCAP_100,2022-06-28,10,0.001498455483536385,0.970574801852551,0.025001466300368945,0.002727708877910463,0.00019756748563324347
NIFTY_MIDCAP_100,2022-06-29,10,0.0026050970398754625,0.9825916987660079,0.013702152415806055,0.0008588099965618974,0.0002422417817487583
NIFTY_MIDCAP_100,2022-06-30,10,0.004018097904650352,0.975039033304899,0.019733917069711553,0.0009455572070690594,0.00026339451367005334
NIFTY_MIDCAP_100,2022-07-01,10,0.0020131675327158738,0.9533916627161916,0.03762587888034015,0.0066402313811231,0.0003290594896291558
NIFTY_MIDCAP_100,2022-07-04,10,0.0013184444206068588,0.9185142192594526,0.07391964200741157,0.005932435797442403,0.0003152585150866188
NIFTY_MIDCAP_100,2022-07-05,10,0.0026631906281882577,0.14776190078912446,0.8469372208035867,0.0020993351438092864,0.0005383526352913077
NIFTY_MIDCAP_100,2022-07-06,10,0.010396056294982992,0.061211791289427685,0.9256077607011028,0.0022557673774070944,0.000528624337079497
NIFTY_MIDCAP_100,2022-07-07,10,0.0016007957184258387,0.008924678262396062,0.9883366084421276,0.0006622873919909462,0.00047563018505962414
NIFTY_MIDCAP_100,2022-07-08,10,0.001275003472901387,0.010900263020458384,0.9869639067821271,0.0006385182510600076,0.00022230847345306882
NIFTY_MIDCAP_100,2022-07-11,10,0.004449583477732426,0.007859158239156352,0.9865141203080239,0.0008100623415937066,0.0003670756334934758
NIFTY_MIDCAP_100,2022-07-12,10,0.0018186572262157564,0.007590392510881018,0.9898154788213906,0.0005405387764362742,0.00023493266507621042
NIFTY_MIDCAP_100,2022-07-13,10,0.0002659442811034994,0.00789397298726043,0.991276856649295,0.0003785923663124131,0.00018463371602871334
NIFTY_MIDCAP_100,2022-07-14,10,0.00029213241987285406,0.010327495608206567,0.9886906543771367,0.0004616458653901439,0.00022807172939367907
NIFTY_MIDCAP_100,2022-07-15,10,0.00036950977218533777,0.011850516463204189,0.9864687659388052,0.0008884116874969914,0.0004227961383082474
NIFTY_MIDCAP_100,2022-07-18,10,0.0002924836997239926,0.00547333252338288,0.9919325412433965,0.0012510821978669625,0.0010505603356297626
NIFTY_MIDCAP_100,2022-07-19,10,0.00019593308873172024,0.003162294527843856,0.9953167837515979,0.0007118182827444354,0.000613170349082296
NIFTY_MIDCAP_100,2022-07-20,10,0.00034732111419967065,0.006144121446174845,0.9918679111800186,0.0010511094778441232,0.0005895367817627729
NIFTY_MIDCAP_100,2022-07-21,10,0.0003947450262907001,0.004464501505662083,0.990793593022881,0.003079889625440301,0.0012672708197259523
NIFTY_MIDCAP_100,2022-07-22,10,0.0003033410682211682,0.001643087013550301,0.9951588605731604,0.002244576808534691,0.0006501345365333492
NIFTY_MIDCAP_100,2022-07-25,10,0.0003584881383154654,0.0016992983893257053,0.9938916211911417,0.0031640654583529127,0.0008865268228640888
NIFTY_MIDCAP_100,2022-07-26,10,0.00041400192518310645,0.003196359415344826,0.9464980094555355,0.048740853491922656,0.0011507757120139783
NIFTY_MIDCAP_100,2022-07-27,10,0.00040195704322164766,0.003974702737593019,0.8912269390788847,0.10384539795116998,0.0005510031891303036
NIFTY_MIDCAP_100,2022-07-28,10,0.0002653120290940333,0.0020893704039830073,0.13231470707145418,0.864500839197865,0.000829771297603765
NIFTY_MIDCAP_100,2022-07-29,10,0.00020996484580126717,0.0017343001340413367,0.03350016645402958,0.9641585824290443,0.00039698613708349966
NIFTY_MIDCAP_100,2022-08-01,10,0.00015243906942365105,0.00814274642117288,0.039645531585462426,0.9516657779011969,0.00039350502274419655
NIFTY_MIDCAP_100,2022-08-02,10,0.00020819165699180486,0.0044879472362288194,0.059269095132483546,0.9356379199556317,0.0003968460186641427
NIFTY_MIDCAP_100,2022-08-03,10,0.0002201749741908437,0.0014091531169453133,0.07190539098224731,0.9259420999755991,0.0005231809510174696
NIFTY_MIDCAP_100,2022-08-04,10,0.00032616007854157784,0.0016746899903952893,0.920699137493657,0.07595471674121514,0.0013452956961910005
NIFTY_MIDCAP_100,2022-08-05,10,0.0004575240478460346,0.0016153619526780695,0.8813424901838007,0.11495833309033035,0.0016262907253447624
NIFTY_MIDCAP_100,2022-08-08,10,0.00025476472580355044,0.0012912355061998925,0.015884221406910898,0.980973785546005,0.0015959928150805747
NIFTY_MIDCAP_100,2022-08-10,10,0.00027370309671053913,0.001400959315907575,0.03522869835188668,0.9610202949459751,0.002076344289520172
NIFTY_MIDCAP_100,2022-08-11,10,0.0002516689114189615,0.0015384572057652742,0.06709986177099922,0.929658976308638,0.0014510358031785192
NIFTY_MIDCAP_100,2022-08-12,10,0.0004409886957688931,0.0022800525788681907,0.7724416452084992,0.22015073185625736,0.004686581660606291
NIFTY_MIDCAP_100,2022-08-16,10,0.0005240547208651292,0.0018819549476401167,0.03907488181200356,0.9551741897013474,0.0033449188181436866
NIFTY_MIDCAP_100,2022-08-17,10,0.00048474840145497984,0.0017736268303152197,0.0221707008855453,0.9729656146943982,0.002605309188286269
NIFTY_MIDCAP_100,2022-08-18,10,0.00034613124820463443,0.0011691749415430413,0.013315705013784174,0.9794727165149754,0.005696272281492692
NIFTY_MIDCAP_100,2022-08-19,10,0.0002322285153140934,0.0009458885522770927,0.034725022051812084,0.9584128111551862,0.00568404972541063
NIFTY_MIDCAP_100,2022-08-22,10,9.957880799176956e-05,0.0005255103069912098,0.014542150875205693,0.048728595960715514,0.9361041640490959
NIFTY_MIDCAP_100,2022-08-23,10,0.00032224512802285716,0.001162331432422347,0.049071424391967745,0.9205073591117534,0.02893663993583372
NIFTY_MIDCAP_100,2022-08-24,10,0.0003037646907587872,0.0010763790011789269,0.03697252646623186,0.922326015227251,0.03932131461457948
NIFTY_MIDCAP_100,2022-08-25,10,0.00010173919248673092,0.0004235322272181022,0.018601592657700155,0.08455594747116693,0.8963171884514279
NIFTY_MIDCAP_100,2022-08-26,10,0.00029989799260613377,0.0012937527026234603,0.031998115847190665,0.9592769392213191,0.007131294236260824
NIFTY_MIDCAP_100,2022-08-29,10,0.0003447043391400603,0.00354789005533166,0.051642248213436416,0.9251848684718962,0.019280288920195728
NIFTY_MIDCAP_100,2022-08-30,10,0.00029510761897033063,0.0014120114517393442,0.09565265081930259,0.8971731538147452,0.005467076295242557
NIFTY_MIDCAP_100,2022-09-01,10,0.0006487527104330678,0.003461573492071069,0.8353416265001686,0.1515310145928969,0.009017032704430356
NIFTY_MIDCAP_100,2022-09-02,10,0.0008141889877799094,0.003725493665911268,0.8153584505765873,0.17045620582935267,0.009645660940369042
NIFTY_MIDCAP_100,2022-09-05,10,0.0008363345990279136,0.00454942395797969,0.24804203770933497,0.737483323518941,0.00908888021471638
NIFTY_MIDCAP_100,2022-09-07,10,0.0002558689043250842,0.005345458300956617,0.98199812136613,0.009656672606700632,0.002743878821887823
NIFTY_MIDCAP_100,2022-09-08,10,0.0001593277307908873,0.004843188569378313,0.9877843142999998,0.006645988156815063,0.0005671812430159945
NIFTY_MIDCAP_100,2022-09-09,10,0.0005203495047137244,0.0737155686418917,0.9102009017849337,0.014015926891294609,0.0015472531771660364
NIFTY_MIDCAP_100,2022-09-12,10,0.0005881532426380168,0.8760926398389303,0.09754985231910514,0.023856623437341695,0.0019127311619848914
NIFTY_MIDCAP_100,2022-09-13,10,0.0009755739403966264,0.08735049277826872,0.8742707251212342,0.030993190413870317,0.00641001774623029
NIFTY_MIDCAP_100,2022-09-14,10,0.0005659446749372759,0.9223246544888335,0.0530036822612815,0.01865381269499225,0.0054519058799555415
NIFTY_MIDCAP_100,2022-09-15,10,0.0003244535719977716,0.9272619441359056,0.06404426330074535,0.007051435436966297,0.001317903554384804
NIFTY_MIDCAP_100,2022-09-16,10,0.0003652696125807404,0.02887812828069122,0.9437725550031509,0.020649579233615156,0.0063344678699616885
NIFTY_MIDCAP_100,2022-09-19,10,0.00019298816791427496,0.009470623450644798,0.9765468701998044,0.013092179765628898,0.0006973384160078893
NIFTY_MIDCAP_100,2022-09-20,10,0.00021149721287851467,0.008313253984784474,0.980906286536837,0.009716923022958974,0.0008520392425410406
NIFTY_MIDCAP_100,2022-09-21,10,0.00023212081025139277,0.00871063483051615,0.9729993838998459,0.017219060325036263,0.0008388001343505644
NIFTY_MIDCAP_100,2022-09-22,10,0.00018308859063629734,0.0046793441442490626,0.9839030082696485,0.010515059058820752,0.0007194999366454416
NIFTY_MIDCAP_100,2022-09-23,10,0.00026141451621252906,0.034691227294651066,0.9496723813323183,0.01423690717652944,0.0011380696802887021
NIFTY_MIDCAP_100,2022-09-26,10,0.0025095898806104058,0.008249548936888298,0.984482973770744,0.002020423842121126,0.0027374635696362946
NIFTY_MIDCAP_100,2022-09-27,10,0.0012842136912748993,0.013696299776820256,0.9831616246546052,0.0015197757684119965,0.00033808610888759813
NIFTY_MIDCAP_100,2022-09-28,10,0.0011352476259211051,0.012319873337468647,0.9856840080537981,0.0006522023447790194,0.0002086686380330499
NIFTY_MIDCAP_100,2022-09-29,10,0.0005780330155928684,0.013647134837536061,0.9850196227526404,0.0005441539444669838,0.00021105544976352227
NIFTY_MIDCAP_100,2022-09-30,10,0.0003426359448854355,0.014700614821471558,0.9822900258579351,0.00227752951209826,0.00038919386360949406
NIFTY_MIDCAP_100,2022-10-03,10,0.0014150881568223688,0.024212951317865713,0.9732797599837856,0.0008219484028577241,0.00027025213866848697
NIFTY_MIDCAP_100,2022-10-04,10,0.000357529460854833,0.01447354309167469,0.9812104285865669,0.003623502643652923,0.0003349962172508385
NIFTY_MIDCAP_100,2022-10-06,10,0.00038348587351072624,0.02650535963910731,0.9631526506499637,0.009592534431052301,0.00036596940636587796
NIFTY_MIDCAP_100,2022-10-07,10,0.0005191419637200529,0.02989445222669376,0.962269010005146,0.0070346046820347705,0.000282791122405327
NIFTY_MIDCAP_100,2022-10-10,10,0.0005710953579785354,0.024548057798304775,0.968258436090053,0.006354177731082957,0.00026823302258053303
NIFTY_MIDCAP_100,2022-10-11,10,0.0005765980731895883,0.014357938088871917,0.9841436290073222,0.000696411349282524,0.00022542348133380906
NIFTY_MIDCAP_100,2022-10-12,10,0.0008070874128338514,0.00776341336823363,0.9908005259704139,0.0004900113862485615,0.00013896186227015494
NIFTY_MIDCAP_100,2022-10-13,10,0.0012734451556854582,0.011778419702106642,0.9862735994878962,0.000498486226374437,0.00017604942793723673
NIFTY_MIDCAP_100,2022-10-14,10,0.0009999762387354915,0.011912893902127027,0.9864013959174768,0.0005433833253770773,0.0001423506162836194
NIFTY_MIDCAP_100,2022-10-17,10,0.0014127351754736602,0.02007037636249071,0.9776294944741016,0.0006826288348209985,0.0002047651531130994
NIFTY_MIDCAP_100,2022-10-18,10,0.000714850868538084,0.014446810331640322,0.9838334878112054,0.0008301197239694196,0.0001747312646466655
NIFTY_MIDCAP_100,2022-10-19,10,0.0003137481054267686,0.01883281808991204,0.9800311757158872,0.0006265222190648052,0.0001957358697092371
NIFTY_MIDCAP_100,2022-10-20,10,0.0004643992954844261,0.028260703123259533,0.9702682258575457,0.0007937702175302594,0.0002129015061801039
NIFTY_MIDCAP_100,2022-10-21,10,0.0006849190989072699,0.029113831804121706,0.9690732864562279,0.0009099901402612993,0.00021797250048183214
NIFTY_MIDCAP_100,2022-10-24,10,0.00031118563515646536,0.014029781338794976,0.9849687030257108,0.0005220393798681058,0.00016829062046950485
NIFTY_MIDCAP_100,2022-10-25,10,0.000491455371060519,0.014117772288153736,0.9839568861278891,0.0011942494043637967,0.00023963680853258625
NIFTY_MIDCAP_100,2022-10-27,10,0.0004374920017466153,0.009454260829916494,0.9886401725375551,0.0012972963766226223,0.00017077825415921444
NIFTY_MIDCAP_100,2022-10-28,10,0.0006548114300459514,0.012289109682258267,0.9836407424248882,0.003028413101208659,0.00038692336159904325
NIFTY_MIDCAP_100,2022-10-31,10,0.0002082191124572484,0.017856074892078473,0.9674612929837124,0.014012879503713044,0.000461533508038779
NIFTY_MIDCAP_100,2022-11-01,10,0.00020341484976036848,0.007344901341340392,0.9712777981664046,0.02080410411689382,0.00036978152560086433
NIFTY_MIDCAP_100,2022-11-02,10,0.0001885655303010862,0.01089455476631097,0.9782082649477671,0.010377822415535967,0.0003307923400846713
NIFTY_MIDCAP_100,2022-11-03,10,0.0001645788052515443,0.008913537518086084,0.9802003134520993,0.010441653856162289,0.0002799163684007913
NIFTY_MIDCAP_100,2022-11-04,10,0.00019692508607021132,0.01567431919241932,0.9766485007544952,0.006978502118855211,0.0005017528481599241
NIFTY_MIDCAP_100,2022-11-07,10,0.00015521244568386577,0.0070436848401617186,0.9813012875846611,0.010923137937215123,0.0005766771922783409
NIFTY_MIDCAP_100,2022-11-09,10,0.00016231721636807614,0.005903545674057018,0.9856570000642387,0.007621962933186985,0.0006551741121492821
NIFTY_MIDCAP_100,2022-11-10,10,0.0002866808003800018,0.018217190320820434,0.9721078706438795,0.008498245999044361,0.0008900122358756618
NIFTY_MIDCAP_100,2022-11-11,10,0.00022369742743279467,0.010326943574894594,0.9833155949008842,0.005326613001244699,0.0008071510955435098
NIFTY_MIDCAP_100,2022-11-14,10,0.000208719124751982,0.007511142330850934,0.985010934187371,0.006675993357153842,0.0005932109998724848
NIFTY_MIDCAP_100,2022-11-15,10,0.00020174210466043807,0.006605351252467509,0.9824004832792474,0.01030996802628345,0.00048245533734116207
NIFTY_MIDCAP_100,2022-11-16,10,0.0001955354533204131,0.00861950636655579,0.9733929824447108,0.01735057171615836,0.0004414040192545365
NIFTY_MIDCAP_100,2022-11-17,10,0.00028103735635653086,0.01675118931827006,0.9622640552925827,0.01960536669375519,0.0010983513390354644
NIFTY_MIDCAP_100,2022-11-18,10,0.0005601541110365958,0.016835398007314227,0.08907648868593224,0.8932958116235644,0.00023214757215273858
NIFTY_MIDCAP_100,2022-11-21,10,0.0008074384280475822,0.01460729032464134,0.06442164333801878,0.9199088315124136,0.00025479639687854083
NIFTY_MIDCAP_100,2022-11-22,10,0.0008238635325032479,0.013458229293800748,0.9641279793521287,0.020913275430277396,0.0006766523912898615
NIFTY_MIDCAP_100,2022-11-23,10,0.0003871987237392943,0.022414022535866433,0.9603042035635481,0.016356196449979588,0.0005383787268663009
NIFTY_MIDCAP_100,2022-11-24,10,0.00047716521491354284,0.01983242360096898,0.9612484547075286,0.0178874114698578,0.0005545450067309292
NIFTY_MIDCAP_100,2022-11-25,10,0.001785006820180284,0.009576680267786348,0.960373953793637,0.026255055165618074,0.002009303952778222
NIFTY_MIDCAP_100,2022-11-28,10,0.00020115266353531145,0.010762227293687398,0.9735492464168085,0.014336204531344203,0.0011511690946243891
NIFTY_MIDCAP_100,2022-11-29,10,0.00026743227864828127,0.02470037934880693,0.9623085586316752,0.011324505413357272,0.0013991243275121657
NIFTY_MIDCAP_100,2022-11-30,10,0.00032349633542178046,0.012050696527192994,0.2433280019810584,0.7421235668094226,0.0021742383469041705
NIFTY_MIDCAP_100,2022-12-01,10,0.0003643714211798911,0.018077807699089253,0.9295502498536914,0.050250814565614435,0.0017567564604247835
NIFTY_MIDCAP_100,2022-12-02,10,0.00026333835695689623,0.013338917562560927,0.9582649439431574,0.02575289671416572,0.0023799034231592074
NIFTY_MIDCAP_100,2022-12-05,10,0.00017742421833900638,0.009973179688537386,0.9765365181018324,0.008477089883347605,0.004835788107943625
NIFTY_MIDCAP_100,2022-12-06,10,0.0004221061570616487,0.017182550031766237,0.9666498034412391,0.013873860922623977,0.0018716794473090177
NIFTY_MIDCAP_100,2022-12-07,10,0.00037853607286902175,0.03559982649925752,0.9462661631264723,0.016148668598228427,0.0016068057031727
NIFTY_MIDCAP_100,2022-12-08,10,0.0005355389165131273,0.066813448571598,0.9100343964828261,0.02152349511154386,0.0010931209175189108
NIFTY_MIDCAP_100,2022-12-09,10,0.00012677747788069423,0.8971954579285353,0.09477374536160658,0.007660617217546021,0.0002434020144313537
NIFTY_MIDCAP_100,2022-12-12,10,8.285801294071939e-05,0.9553059805919529,0.03999891915252695,0.004403763038042583,0.00020847920453684682
NIFTY_MIDCAP_100,2022-12-13,10,9.693118734707596e-05,0.9745121068954553,0.02081511409276024,0.004099899591291917,0.00047594823314546676
NIFTY_MIDCAP_100,2022-12-14,10,0.00019178129610515496,0.927474260778881,0.0645962000313984,0.006878651290268346,0.0008591066033471742
NIFTY_MIDCAP_100,2022-12-15,10,0.0001301261454248107,0.9538739708041468,0.041075124890041316,0.004346258122971474,0.0005745200374156922
NIFTY_MIDCAP_100,2022-12-16,10,0.00018427649484359398,0.9033208162983829,0.08736719049325031,0.008212103399924627,0.0009156133135985487
NIFTY_MIDCAP_100,2022-12-19,10,0.00030277240467394966,0.10458179589996239,0.8870527049733781,0.0072066302762133355,0.0008560964457724823
NIFTY_MIDCAP_100,2022-12-20,10,0.00042912632975920095,0.0964332224941432,0.8920878804495708,0.009896332838773692,0.0011534378877531561
NIFTY_MIDCAP_100,2022-12-21,10,0.003630862941227448,0.8954949842899542,0.09878674285964098,0.0016346313944167782,0.0004527785147605532
NIFTY_MIDCAP_100,2022-12-22,10,0.0015487944437400476,0.941966087776564,0.05530282803711711,0.0009284089861781382,0.0002538807564004924
NIFTY_MIDCAP_100,2022-12-23,10,0.012621799203237626,0.9260279442529263,0.05768565653855833,0.0028513866730757683,0.0008132133322019148
NIFTY_MIDCAP_100,2022-12-26,10,0.006687118983162941,0.21874412479664707,0.7722098321864186,0.0016009705510225151,0.0007579534827486876
NIFTY_MIDCAP_100,2022-12-27,10,0.0015312145584405927,0.9643053053462952,0.033286900090412075,0.0006229981894971016,0.0002535818153552743
NIFTY_MIDCAP_100,2022-12-28,10,0.0020952512796599087,0.9564791030231781,0.04036037770671593,0.0008007474281295016,0.00026452056231659235
NIFTY_MIDCAP_100,2022-12-29,10,0.0019966876095107162,0.9719854901977708,0.025235898380545033,0.000583494713248528,0.0001984290989248032
NIFTY_MIDCAP_100,2022-12-30,10,0.003609159900258384,0.9535780570230971,0.04150785438799746,0.0007943360152178127,0.0005105926734291754
NIFTY_MIDCAP_100,2023-01-02,10,0.0014337100183039542,0.9477971981383698,0.049270946916494134,0.0012445320187563246,0.00025361290807568345
NIFTY_MIDCAP_100,2023-01-03,10,0.0009310880049243631,0.9661915856357375,0.03182885341479891,0.0007608804789203648,0.0002875924656188991
NIFTY_MIDCAP_100,2023-01-04,10,0.001793223864248866,0.9772450641513961,0.020112064628355943,0.0006826323860106657,0.00016701496998841153
NIFTY_MIDCAP_100,2023-01-05,10,0.0017816515182763764,0.9709326889146082,0.026402446209672584,0.0006878772134532135,0.0001953361439896892
NIFTY_MIDCAP_100,2023-01-06,10,0.002929353157748965,0.9705829091235446,0.025261746663748166,0.0009593244857038572,0.0002666665692543412
NIFTY_MIDCAP_100,2023-01-09,10,0.0020744907522570397,0.9559424824806767,0.040984200564245836,0.0007091841846218131,0.00028964201819859953
NIFTY_MIDCAP_100,2023-01-10,10,0.004350019357767089,0.9593330201584127,0.03519347581049533,0.0008028123033573039,0.0003206723699677293
NIFTY_MIDCAP_100,2023-01-11,10,0.007748261924411366,0.9748958847918603,0.016429515644363693,0.00066073719553179,0.0002656004438329737
NIFTY_MIDCAP_100,2023-01-12,10,0.020005797856538273,0.9605455455019287,0.018590039486962567,0.0006726234549559419,0.00018599369961446347
NIFTY_MIDCAP_100,2023-01-13,10,0.9022000821611099,0.08912341763892903,0.008260448052070147,0.0002955788931210256,0.0001204732547699713
NIFTY_MIDCAP_100,2023-01-16,10,0.03048167635154254,0.9379338402280909,0.030360276997515468,0.0009220443294592013,0.00030216209339187146
NIFTY_MIDCAP_100,2023-01-17,10,0.031413411246079805,0.9380918291822974,0.029032503882080764,0.0010551460320774619,0.0004071096574648291
NIFTY_MIDCAP_100,2023-01-18,10,0.9515344519526443,0.03641793924768962,0.011055143471831022,0.0006163358929850963,0.000376129434850048
NIFTY_MIDCAP_100,2023-01-19,10,0.9363317472709858,0.05485272748803083,0.008499042170677346,0.00021426773576555344,0.00010221533454041358
NIFTY_MIDCAP_100,2023-01-20,10,0.011299545258705003,0.9182337614067146,0.06738150242842268,0.002193920120331237,0.0008912707858264873
NIFTY_MIDCAP_100,2023-01-23,10,0.005502038607602423,0.9578508662886608,0.03447647671958964,0.0016844130986157257,0.0004862052855315358
NIFTY_MIDCAP_100,2023-01-24,10,0.005363042879297815,0.950864412483097,0.04191928470493484,0.0013629407489358862,0.0004903191837345193
NIFTY_MIDCAP_100,2023-01-25,10,0.010287577235862416,0.9510884574250744,0.03502752591963456,0.0028654217132301775,0.0007310177061984352
NIFTY_MIDCAP_100,2023-01-27,10,0.014059991672538165,0.9597563696709268,0.023982323272889492,0.0016931334449243939,0.0005081819387211445
NIFTY_MIDCAP_100,2023-01-30,10,0.02075731811481886,0.9236388111933682,0.05362469856844243,0.0015334834059319402,0.00044568871743851226
NIFTY_MIDCAP_100,2023-01-31,10,0.9157021201159816,0.07720888020822915,0.0065940270426596325,0.0004038645441304448,9.11080889990201e-05
NIFTY_MIDCAP_100,2023-02-01,10,0.02407056663384512,0.9385274564023519,0.03513635315707426,0.0018487349748493884,0.00041688883187924715
NIFTY_MIDCAP_100,2023-02-02,10,0.016643467438564093,0.9582562081684644,0.02350393146559685,0.0011896754559689664,0.0004067174714058181
NIFTY_MIDCAP_100,2023-02-03,10,0.016179995340425222,0.9494068125468862,0.03283049910514767,0.0012233303787122366,0.0003593626288286336
NIFTY_MIDCAP_100,2023-02-06,10,0.019891635587431455,0.9386149261353903,0.039884591490278246,0.001269459365291302,0.0003393874216088946
NIFTY_MIDCAP_100,2023-02-07,10,0.016340620431414078,0.9281482913161773,0.05408624768363582,0.0010856235968912523,0.0003392169718817195
NIFTY_MIDCAP_100,2023-02-08,10,0.9508340252480176,0.043180734442240555,0.005832928945442288,0.00011095141342108154,4.135995087850017e-05
NIFTY_MIDCAP_100,2023-02-09,10,0.9761264793163429,0.019044448672696737,0.004703428413954299,9.0775744521131e-05,3.486785248487716e-05
NIFTY_MIDCAP_100,2023-02-10,10,0.9755885246766205,0.01827543588428076,0.006024237064036172,7.99122359944503e-05,3.189013906808997e-05
NIFTY_MIDCAP_100,2023-02-13,10,0.9588184751214793,0.0362430154390246,0.004785420519338941,0.00010994236638769445,4.314655376948515e-05
NIFTY_MIDCAP_100,2023-02-14,10,0.9490505369348113,0.04229956094536285,0.008454397582581095,0.00014368485910112692,5.181967814350778e-05
NIFTY_MIDCAP_100,2023-02-15,10,0.034368049888249895,0.8868655012226898,0.07660089220335098,0.001521959565110741,0.0006435971205984428
NIFTY_MIDCAP_100,2023-02-16,10,0.01327951225090028,0.8963709115230309,0.08802244850830211,0.0014513035341836293,0.000875824183583088
NIFTY_MIDCAP_100,2023-02-17,10,0.01499664308157678,0.878792045420905,0.1043576631106282,0.0012516284547090992,0.0006020199321807347
NIFTY_MIDCAP_100,2023-02-20,10,0.006335618988909077,0.2136387663222399,0.7779250602512852,0.0013103200373024704,0.000790234400263408
NIFTY_MIDCAP_100,2023-02-21,10,0.003219020172471191,0.19253927094075812,0.802447455906679,0.0011985322296915455,0.0005957207504000641
NIFTY_MIDCAP_100,2023-02-22,10,0.00532687429782069,0.17765133310675876,0.8144449052375313,0.001736273895478515,0.0008406134624107893
NIFTY_MIDCAP_100,2023-02-23,10,0.00919877292139201,0.9049932242618659,0.08435637890489979,0.0010653132632015181,0.00038631064864081327
NIFTY_MIDCAP_100,2023-02-24,10,0.008156186255430185,0.9324869596003833,0.05794195544422084,0.0010579628420224897,0.000356935857943156
NIFTY_MIDCAP_100,2023-02-27,10,0.008104920189790194,0.9730364060030547,0.01777312365382932,0.0008187283360088828,0.0002668218173167778
NIFTY_MIDCAP_100,2023-02-28,10,0.010968605036206813,0.9526821573903038,0.03511869429974794,0.0009309388168297447,0.0002996044569117335
NIFTY_MIDCAP_100,2023-03-01,10,0.002904632950803327,0.9674573173262742,0.028437142211961034,0.0008847928151280258,0.000316114695833556
NIFTY_MIDCAP_100,2023-03-02,10,0.0050933040354644065,0.9620428271530053,0.03142050376723026,0.0010941649746077648,0.000349200069692252
NIFTY_MIDCAP_100,2023-03-03,10,0.013372234404848395,0.9581498033997774,0.02705652219597216,0.001015740156689995,0.00040569984271194675
NIFTY_MIDCAP_100,2023-03-06,10,0.0074454077045617625,0.9530594980518241,0.03754283897679323,0.0014213271470588412,0.0005309281197619293
NIFTY_MIDCAP_100,2023-03-08,10,0.00850759532990639,0.9485048600643239,0.041180712694983475,0.0013069040002625858,0.0004999279105238575
NIFTY_MIDCAP_100,2023-03-09,10,0.008676609084666484,0.9297323821797603,0.05942661989209776,0.0016137055460780224,0.0005506832973976018
NIFTY_MIDCAP_100,2023-03-10,10,0.9548674304031147,0.03303283650167877,0.011819656745518452,0.00020986637408825951,7.020997559976104e-05
NIFTY_MIDCAP_100,2023-03-13,10,0.9625900650661159,0.025662733184404613,0.011528778260427969,0.0001547975603382568,6.362592871337438e-05
NIFTY_MIDCAP_100,2023-03-14,10,0.9538641584115884,0.0377820946432346,0.007951369229563417,0.00032073098492956654,8.164673068388565e-05
NIFTY_MIDCAP_100,2023-03-15,10,0.059942748704644354,0.8673912201908776,0.06952368344754521,0.0023000389206956156,0.0008423087362374063
NIFTY_MIDCAP_100,2023-03-16,10,0.9500035426375566,0.0396641518444348,0.009895675455247777,0.00033987213973573645,9.675792302500732e-05
NIFTY_MIDCAP_100,2023-03-17,10,0.9290094366132495,0.06226083704978052,0.00829142214859471,0.00036239707899337925,7.590710938183573e-05
NIFTY_MIDCAP_100,2023-03-20,10,0.9822470313410702,0.01243186541453426,0.005098280484425922,0.00018579416620714516,3.7028593762511874e-05
NIFTY_MIDCAP_100,2023-03-21,10,0.9453541327002936,0.04660401814849998,0.007572703261035633,0.0004029134920871866,6.623239808375942e-05
NIFTY_MIDCAP_100,2023-03-22,10,0.029062251223211794,0.9192190992612961,0.04872907084701794,0.002563553074026114,0.00042602559444803237
NIFTY_MIDCAP_100,2023-03-23,10,0.03155696580796235,0.9108923268589407,0.054601945808883806,0.0024854437490578573,0.0004633177751555305
NIFTY_MIDCAP_100,2023-03-24,10,0.013138774601826879,0.9250661370978905,0.05923498198089416,0.0020796240418124515,0.0004804822775760844
NIFTY_MIDCAP_100,2023-03-27,10,0.009124084643671232,0.08646717532614816,0.9015652446397826,0.002256492546386953,0.0005870028440110006
NIFTY_MIDCAP_100,2023-03-28,10,0.012172268964622663,0.09518507597906987,0.8893035894263387,0.002682154063949489,0.0006569115660194833
NIFTY_MIDCAP_100,2023-03-29,10,0.012724094437957868,0.0712938521392259,0.9124047360384778,0.0029768234266000356,0.0006004939577385982
NIFTY_MIDCAP_100,2023-03-31,10,0.0034719091355870034,0.030586259573075546,0.9628137944374959,0.0027998042227684616,0.000328232631072914
NIFTY_MIDCAP_100,2023-04-03,10,0.014064769585949469,0.044602282538136445,0.9369889611025358,0.0037738993031397106,0.0005700874702384076
NIFTY_MIDCAP_100,2023-04-05,10,0.009313424948126765,0.03163028841611601,0.9565476042859022,0.002183229950950009,0.00032545239890480014
NIFTY_MIDCAP_100,2023-04-06,10,0.007634357155850909,0.02990405241820214,0.9586326591823539,0.003459538144822401,0.000369393098770663
NIFTY_MIDCAP_100,2023-04-10,10,0.010219225808264147,0.026331362355337243,0.9585338487338436,0.004518629259731835,0.0003969338428232366
NIFTY_MIDCAP_100,2023-04-11,10,0.005678362987491344,0.01475306620264917,0.9764669972685492,0.002819345554342286,0.00028222798696818754
NIFTY_MIDCAP_100,2023-04-12,10,0.00667768765900376,0.013646819777616016,0.9755587855059359,0.003842317200443968,0.0002743898570002192
NIFTY_MIDCAP_100,2023-04-13,10,0.005573876770158507,0.012549671378021477,0.9785140533227428,0.0030354080046799876,0.0003269905243973508
NIFTY_MIDCAP_100,2023-04-17,10,0.0004122633236382173,0.011582182970894936,0.9830286999705318,0.004592095205857996,0.0003847585290770257
NIFTY_MIDCAP_100,2023-04-18,10,0.00031534201174951676,0.006954165755694873,0.9835279088459502,0.008437573231837907,0.0007650101547674492
NIFTY_MIDCAP_100,2023-04-19,10,0.0002838479621368495,0.004440929211782679,0.9848599829994286,0.010050420823180747,0.00036481900347120526
NIFTY_MIDCAP_100,2023-04-20,10,0.0002873099779149132,0.003995849110575037,0.9803001769926024,0.014722385604700444,0.0006942783142070743
NIFTY_MIDCAP_100,2023-04-21,10,0.000290514255274038,0.008726905928958832,0.9726094331010933,0.01726527951065391,0.0011078672040196291
NIFTY_MIDCAP_100,2023-04-24,10,0.0002020308046618482,0.0053414673720517175,0.9875592061258538,0.006643962774514764,0.00025333292291798714
NIFTY_MIDCAP_100,2023-04-25,10,0.00023900034825923724,0.004449883844897045,0.9819891989306676,0.012890519384702627,0.00043139749147319057
NIFTY_MIDCAP_100,2023-04-26,10,0.00026856357179213587,0.002144567347668595,0.9893361545339192,0.007760031361059637,0.0004906831855605135
NIFTY_MIDCAP_100,2023-04-27,10,0.0003464158662872103,0.001910677291873103,0.9825794331128086,0.012800554255656744,0.002362919473374535
NIFTY_MIDCAP_100,2023-04-28,10,0.0002463626852608366,0.0011198868832592154,0.9857816155504118,0.012488255115581168,0.00036387976548712584
NIFTY_MIDCAP_100,2023-05-02,10,0.00014358227769661113,0.0016216869081105475,0.9755795843511577,0.021595786395019672,0.0010593600680156167
NIFTY_MIDCAP_100,2023-05-03,10,0.00014563227921759203,0.001474520115918244,0.9853947930932659,0.01119102474353551,0.0017940297680628598
NIFTY_MIDCAP_100,2023-05-04,10,8.409332296906235e-05,0.00048679522084710047,0.9837225554545612,0.015169717257866287,0.0005368387437563011
NIFTY_MIDCAP_100,2023-05-05,10,6.85705262881504e-05,0.00046300830003679765,0.9857311661020456,0.01323149809650783,0.000505756975121683
NIFTY_MIDCAP_100,2023-05-08,10,0.00011264404327333851,0.0007964852524644978,0.9547345781519663,0.04381423570547243,0.0005420568468233392
NIFTY_MIDCAP_100,2023-05-09,10,7.713924422065773e-05,0.0005739962499606029,0.9792839822433655,0.01954596992914941,0.0005189123333039184
NIFTY_MIDCAP_100,2023-05-10,10,0.000164689044327677,0.001096285669536507,0.9616233862202489,0.03630360378862156,0.000812035277265268
NIFTY_MIDCAP_100,2023-05-11,10,0.00021903671261290812,0.0009426671778870691,0.9456882764378362,0.052023254491559166,0.0011267651801047714
NIFTY_MIDCAP_100,2023-05-12,10,0.00019275321758057166,0.0017866757058731999,0.037545661720705545,0.9585914725149793,0.001883436840861501
NIFTY_MIDCAP_100,2023-05-15,10,0.00022965121674334778,0.0009208934601449995,0.030954026990267544,0.9665246191863247,0.0013708091465196783
NIFTY_MIDCAP_100,2023-05-16,10,0.00019085642820880217,0.0007531615036157668,0.014239190093701401,0.9829929273279203,0.0018238646465537287
NIFTY_MIDCAP_100,2023-05-17,10,0.0001738037345430933,0.0007639290573468048,0.02116420270902365,0.9762991631384287,0.0015989013606575314
NIFTY_MIDCAP_100,2023-05-18,10,0.00016002871256133233,0.0011245088219996374,0.02223742185010771,0.9742421361765478,0.0022359044387837324
NIFTY_MIDCAP_100,2023-05-19,10,0.00020891686391655515,0.003306763281025185,0.02337983259061289,0.9709577821314874,0.0021467051329579234
NIFTY_MIDCAP_100,2023-05-22,10,0.00017070077290391036,0.0009378448782431963,0.0178286028332145,0.9796124164200416,0.0014504350955968858
NIFTY_MIDCAP_100,2023-05-23,10,0.00015792914020662605,0.0006184957475589246,0.01664449869944298,0.9812029285966128,0.0013761478161787158
NIFTY_MIDCAP_100,2023-05-24,10,0.00023273227749324982,0.0009441616259632583,0.027133696327940618,0.9697460248291492,0.001943384939453605
NIFTY_MIDCAP_100,2023-05-25,10,0.00017272239447432518,0.0006884708113247669,0.011945754332373732,0.9857774174865134,0.0014156349753137317
NIFTY_MIDCAP_100,2023-05-26,10,0.0003088296232702894,0.004039219427826942,0.0058384157377910795,0.9866967324838092,0.0031168027273025785
NIFTY_MIDCAP_100,2023-05-29,10,0.0003962335278716538,0.001433067531340475,0.005778830624942649,0.9840239485527273,0.00836791976311805
NIFTY_MIDCAP_100,2023-05-30,10,0.0003905242207616234,0.0018292729432948774,0.0051450467318273465,0.9804480008571032,0.0121871552470131
NIFTY_MIDCAP_100,2023-05-31,10,0.0003123891755822887,0.001145388041299338,0.004837002222098315,0.9713110533888538,0.022394167172166076
NIFTY_MIDCAP_100,2023-06-01,10,0.00048289574757716093,0.0026320175570448525,0.00627356008597712,0.9661076351055576,0.024503891503843158
NIFTY_MIDCAP_100,2023-06-02,10,8.697651729768818e-05,0.0004082512327370911,0.000906288177554745,0.036691226306197144,0.9619072577662134
NIFTY_MIDCAP_100,2023-06-05,10,6.311418108336622e-05,0.00030466403429195085,0.0007532748215272168,0.031098632361884752,0.9677803146012127
NIFTY_MIDCAP_100,2023-06-06,10,9.365169942267324e-05,0.00043476997724690454,0.0010716280735024546,0.060793480333221156,0.9376064699166068
NIFTY_MIDCAP_100,2023-06-07,10,0.0002672224438254621,0.0008633133457697232,0.004158823075263857,0.9899781409645243,0.004732500170616706
NIFTY_MIDCAP_100,2023-06-08,10,0.0002164562953009296,0.0008020590497911995,0.003752419681842909,0.9641903491583027,0.03103871581476235
NIFTY_MIDCAP_100,2023-06-09,10,0.00023661401338262715,0.0007368422823901342,0.003627883960447483,0.9720438661337724,0.023354793610007394
NIFTY_MIDCAP_100,2023-06-12,10,0.0002847312378263062,0.0011927372999935542,0.004232226298648581,0.9791888105857911,0.015101494577740427
NIFTY_MIDCAP_100,2023-06-13,10,0.0003451392786306507,0.001188300153357239,0.0047448181560425995,0.9860043307312256,0.007717411680743966
NIFTY_MIDCAP_100,2023-06-14,10,0.0003035534324885707,0.0009968885680244953,0.004031956503011851,0.9880769245903591,0.006590676906116077
NIFTY_MIDCAP_100,2023-06-15,10,0.000379970917662663,0.0013110223198230548,0.0049033151720585515,0.9854207663873392,0.007984925203116536
NIFTY_MIDCAP_100,2023-06-19,10,0.00041206517134209837,0.0012762129403390819,0.006737562212238315,0.9667167557246558,0.0248574039514249
NIFTY_MIDCAP_100,2023-06-20,10,0.000350513358353909,0.0010172340874779373,0.0061872253429080416,0.9679443865577496,0.024500640653510354
NIFTY_MIDCAP_100,2023-06-21,10,0.0005640916661057854,0.002199769957153572,0.006890404368701697,0.9518370291847749,0.03850870482326422
NIFTY_MIDCAP_100,2023-06-22,10,6.977986615116946e-05,0.00023079056847300882,0.0010620043461467704,0.07418726148887203,0.9244501637303569
NIFTY_MIDCAP_100,2023-06-23,10,0.00044363580316339826,0.001901050009597522,0.025859864775366722,0.9145185352532745,0.057276914158597765
NIFTY_MIDCAP_100,2023-06-26,10,6.009521325534225e-05,0.0004221545903588505,0.0030808996651884523,0.0407597293961739,0.9556771211350235
NIFTY_MIDCAP_100,2023-06-27,10,4.8149968608914764e-05,0.00019970698362615344,0.0006912578493857961,0.020709386613948163,0.9783514985844309
NIFTY_MIDCAP_100,2023-06-28,10,5.323468144654652e-05,0.00022988463207285144,0.0008961886270679974,0.02792162912632338,0.9708990629330894
NIFTY_MIDCAP_100,2023-06-30,10,9.014485891147966e-05,0.0003465021715333536,0.0011416720169345627,0.07260811144472368,0.9258135695078968
NIFTY_MIDCAP_100,2023-07-04,10,2.3953380879049863e-05,9.598148010822596e-05,0.0003082345098568103,0.014895548968037658,0.9846762816611183
NIFTY_MIDCAP_100,2023-07-07,10,4.903404508509243e-05,0.00025127099251714383,0.0012760008768221993,0.046156030692833486,0.9522676633927419
NIFTY_MIDCAP_100,2023-07-10,10,0.00038283353772248,0.0036097384273994595,0.011859942796412755,0.9245140131887689,0.05963347204969651
NIFTY_MIDCAP_100,2023-07-11,10,0.00023638632165507453,0.0015573575587144763,0.005445659001610299,0.9772538791480712,0.015506717969949247
NIFTY_MIDCAP_100,2023-07-12,10,0.0003283460817192576,0.0020572964420147053,0.006657746022636289,0.965149235596171,0.025807375857458785
NIFTY_MIDCAP_100,2023-07-13,10,0.0002535131550971854,0.0015882201074299714,0.006297907976075364,0.982019921700118,0.009840437061279546
NIFTY_MIDCAP_100,2023-07-14,10,0.0003990247271614596,0.0020664363492815824,0.00835669016807202,0.9592714818328507,0.02990636692263415
NIFTY_MIDCAP_100,2023-07-17,10,0.000373077809550747,0.0021975704974444123,0.007241043283334587,0.9370142598685813,0.05317404854108884
NIFTY_MIDCAP_100,2023-07-18,10,0.0001472140952638704,0.0010177493756221136,0.002356101639959353,0.1407358790481363,0.8557430558410184
NIFTY_MIDCAP_100,2023-07-19,10,0.0004005430979565941,0.0027178156565736728,0.005703850484874021,0.9188398243721491,0.0723379663884465
NIFTY_MIDCAP_100,2023-07-20,10,0.0004912093759833387,0.0030472548346776067,0.004335002899932197,0.8905963615129925,0.10153017137641437
NIFTY_MIDCAP_100,2023-07-21,10,0.00010694959971812317,0.0006277201349555418,0.0012363547462394277,0.049305128157511646,0.9487238473615752
NIFTY_MIDCAP_100,2023-07-24,10,5.380722097008966e-05,0.000418431638629416,0.0007713162325875473,0.023195529872985097,0.9755609150348278
NIFTY_MIDCAP_100,2023-07-25,10,5.6654651974897007e-05,0.0005234722606993478,0.0009689522899088168,0.021114265696886785,0.9773366551005301
NIFTY_MIDCAP_100,2023-07-26,10,7.373719120855747e-05,0.00041677130844832425,0.000923615631435828,0.032061207505594026,0.9665246683633133
NIFTY_MIDCAP_100,2023-07-27,10,0.0007427875280258259,0.004310054362845559,0.008613967348591024,0.8845292582179562,0.10180393254258137
NIFTY_MIDCAP_100,2023-07-28,10,6.839408599313744e-05,0.0005269786048455623,0.0007447826885632392,0.031718662532100296,0.9669411820884977
NIFTY_MIDCAP_100,2023-07-31,10,7.415676040608399e-05,0.0005996783333705719,0.0006788460199254792,0.0418340874835506,0.9568132314027472
NIFTY_MIDCAP_100,2023-08-01,10,5.2306097448516166e-05,0.000317960036686327,0.00045162553656023834,0.034177455636898835,0.9650006526924061
NIFTY_MIDCAP_100,2023-08-02,10,0.000105480836021999,0.0010316338093180795,0.0009392132168458804,0.04786212216605276,0.9500615499717612
NIFTY_MIDCAP_100,2023-08-03,10,0.0006513420230044615,0.004511430515028028,0.007740759772081477,0.9025340972793972,0.08456237041048889
NIFTY_MIDCAP_100,2023-08-04,10,4.0010076801212496e-05,0.0001621391214076551,0.0004087920348534152,0.024522927769403135,0.9748661309975346
NIFTY_MIDCAP_100,2023-08-07,10,3.2473781062407946e-05,0.0001249587755653763,0.00033186103429964946,0.019576044362669277,0.9799346620464033
NIFTY_MIDCAP_100,2023-08-08,10,3.12467908438554e-05,0.0001368081801768298,0.0002863341561010284,0.017608113812284075,0.9819374970605941
NIFTY_MIDCAP_100,2023-08-09,10,3.829670535538992e-05,0.00014973036555790658,0.0003823365122414618,0.02921387349087256,0.9702157629259728
NIFTY_MIDCAP_100,2023-08-10,10,8.307514722509728e-05,0.0008632702514077053,0.0055984721121311205,0.0623776058404163,0.9310775766488197
NIFTY_MIDCAP_100,2023-08-11,10,6.995961466523042e-05,0.0003034422715191263,0.001752550043702444,0.036063045263219004,0.9618110028068942
NIFTY_MIDCAP_100,2023-08-14,10,0.0004572010307940686,0.002109341827626838,0.012829061796869727,0.946412425624745,0.0381919697199643
NIFTY_MIDCAP_100,2023-08-16,10,0.00040179427769262803,0.0016988704802197749,0.021095999088030067,0.9638819056597592,0.012921430494298272
NIFTY_MIDCAP_100,2023-08-17,10,0.00040612046508262323,0.002151805101460893,0.018666453413901034,0.9613473798325508,0.017428241187004704
NIFTY_MIDCAP_100,2023-08-18,10,0.0005371347200374224,0.004631679865443852,0.024708811169689582,0.9491282373417956,0.020994136903033523
NIFTY_MIDCAP_100,2023-08-21,10,0.0001238809426012458,0.001006899794697274,0.006265718401131157,0.048771881139903495,0.943831619721667
NIFTY_MIDCAP_100,2023-08-22,10,9.932649382687587e-05,0.0010624798543381296,0.0012526503994634418,0.027830659344215997,0.9697548839081556
NIFTY_MIDCAP_100,2023-08-23,10,8.95205056222573e-05,0.0003693719655481704,0.000944466815415997,0.03342968349496565,0.9651669572184479
NIFTY_MIDCAP_100,2023-08-24,10,6.599864482967253e-05,0.0002665465916755838,0.0006391878347945525,0.03299934354121227,0.966028923387488
NIFTY_MIDCAP_100,2023-08-25,10,0.0005671296513203905,0.002815273847564214,0.005809618765632902,0.9540392063545974,0.0367687713808851
NIFTY_MIDCAP_100,2023-08-28,10,0.000603694258626063,0.002866356256267612,0.0077914595368451375,0.956807498191169,0.03193099175709207
NIFTY_MIDCAP_100,2023-08-29,10,0.0005781955982974705,0.0022607160286243146,0.008188077008945083,0.9583274312475275,0.0306455801166055
NIFTY_MIDCAP_100,2023-08-30,10,0.0005955976520273322,0.002814789461693675,0.010969155031034496,0.9533390539504178,0.03228140390482662
NIFTY_MIDCAP_100,2023-08-31,10,0.00047380729283044026,0.002147607820914517,0.007775701505543904,0.9640725574816227,0.02553032589908871
NIFTY_MIDCAP_100,2023-09-01,10,0.0004403605767086956,0.001826270844784196,0.005556004861187594,0.9720686275656695,0.020108736151649913
NIFTY_MIDCAP_100,2023-09-04,10,0.0004090963283015583,0.0014451127214061747,0.006927955106057932,0.96569737709647,0.02552045874776431
NIFTY_MIDCAP_100,2023-09-13,10,0.00021468288920919792,0.0017322870388702064,0.8915909952292796,0.10278035250955928,0.0036816823330815198
NIFTY_MIDCAP_100,2023-09-14,10,0.0008080646273237058,0.006995857045816164,0.04954559797036812,0.9330228190054567,0.009627661351035209
NIFTY_MIDCAP_100,2023-09-15,10,0.0006031622231661147,0.003857471885312528,0.037006667260512854,0.9501172381414428,0.008415460489565586
NIFTY_MIDCAP_100,2023-09-18,10,0.0004609030287576273,0.004763037914147944,0.9182684967329231,0.07084178785156155,0.005665774472609818
NIFTY_MIDCAP_100,2023-09-20,10,0.00029479551093059735,0.0019574515788312228,0.9574982434381767,0.03636905472073455,0.0038804547513270568
NIFTY_MIDCAP_100,2023-09-21,10,0.0002535577062559125,0.0025646655671164127,0.9696297405599446,0.026238778396238442,0.0013132577704447722
NIFTY_MIDCAP_100,2023-09-22,10,0.0003160449020815261,0.008650664695488502,0.9557413703901251,0.02834001664215008,0.006951903370154653
NIFTY_MIDCAP_100,2023-09-25,10,0.0002213288594857422,0.006227311476311683,0.9673108054933452,0.02522643126128209,0.0010141229095750371
NIFTY_MIDCAP_100,2023-09-26,10,0.0002808346098556473,0.0034389568338147347,0.9541512581003042,0.041381904694796134,0.0007470457612294689
NIFTY_MIDCAP_100,2023-09-27,10,0.00046374730529693,0.00759246437908438,0.9133512881980772,0.07748809161030279,0.0011044085072387214
NIFTY_MIDCAP_100,2023-09-28,10,0.00017028355588617178,0.0027579455543115102,0.9746269775130901,0.021682824490208086,0.00076196888650412
NIFTY_MIDCAP_100,2023-09-29,10,0.0005794798795928752,0.02217400373880731,0.9018253473745247,0.07279904948118811,0.002622119525887064
NIFTY_MIDCAP_100,2023-10-03,10,0.0009133445942957443,0.02035095430018363,0.23516313466906136,0.7394593817413438,0.004113184695115316
NIFTY_MIDCAP_100,2023-10-04,10,0.00019030214687964714,0.0030459605247294733,0.9793065051771848,0.01702191726938838,0.00043531488181765813
NIFTY_MIDCAP_100,2023-10-05,10,0.00022182940868455678,0.008534020821745642,0.9701752097576689,0.020342788252390248,0.0007261517595107463
NIFTY_MIDCAP_100,2023-10-06,10,0.000314396134975308,0.02832571361548275,0.9501262887095685,0.020150209123157993,0.0010833924168155169
NIFTY_MIDCAP_100,2023-10-09,10,0.00018800367634595744,0.8255405741368957,0.16618646363124417,0.007473911312676477,0.0006110472428377377
NIFTY_MIDCAP_100,2023-10-10,10,0.0003704042871477548,0.11248723445312818,0.8773926478189332,0.008917244018742979,0.0008324694220480537
NIFTY_MIDCAP_100,2023-10-11,10,0.00011218320702891465,0.9331462822647402,0.06368199982284709,0.0026482891080331036,0.0004112455973508254
NIFTY_MIDCAP_100,2023-10-12,10,0.00014704602791542219,0.9361231303319054,0.05676073910915932,0.0063361643343520955,0.0006329201966677333
NIFTY_MIDCAP_100,2023-10-13,10,0.00017790524834994435,0.8729606898280777,0.12004842169509151,0.006179194692193947,0.000633788536286968
NIFTY_MIDCAP_100,2023-10-16,10,0.00012383753063521878,0.9532036049959938,0.040139233836170116,0.005860956412738532,0.0006723672244623415
NIFTY_MIDCAP_100,2023-10-17,10,0.00019949755173039,0.9218519421574661,0.06657769050806552,0.009835545675913921,0.0015353241068242658
NIFTY_MIDCAP_100,2023-10-18,10,0.0004029224821175203,0.03918002826547053,0.9411656655037095,0.017086317966015955,0.0021650657826864255
NIFTY_MIDCAP_100,2023-10-19,10,0.0003893839440222006,0.031567535382970836,0.9472315943909114,0.018799046634242294,0.00201243964785336
NIFTY_MIDCAP_100,2023-10-20,10,0.0004154932719423341,0.04404170049099296,0.9294790757661442,0.023503574870978972,0.002560155599941616
NIFTY_MIDCAP_100,2023-10-23,10,0.003286533984839875,0.03013042782084554,0.9498408156929581,0.015188272629053276,0.0015539498723033287
NIFTY_MIDCAP_100,2023-10-25,10,0.002228725700589721,0.02045636198472014,0.9492551486824431,0.026940568532276266,0.0011191950999705621
NIFTY_MIDCAP_100,2023-10-26,10,0.0010975100220011076,0.016142848316092126,0.976250322534281,0.005564234561204715,0.0009450845664211034
NIFTY_MIDCAP_100,2023-10-27,10,0.0016725588030392887,0.01826041040433837,0.9477548252562821,0.03141110127932374,0.000901104257016301
NIFTY_MIDCAP_100,2023-10-30,10,0.0009443183342551933,0.02670894326878733,0.9591801311815962,0.012322167590021187,0.0008444396253402667
NIFTY_MIDCAP_100,2023-10-31,10,0.0019838790664857405,0.031240436163972075,0.92742623888566,0.038424644228527344,0.000924801655354482
NIFTY_MIDCAP_100,2023-11-01,10,0.0016588487005762655,0.015134022492260297,0.09509701897725781,0.8875974650545059,0.0005126447753997658
NIFTY_MIDCAP_100,2023-11-02,10,0.0008547217909005074,0.015786952494190088,0.054048560378802485,0.9289435013158266,0.00036626402028015623
NIFTY_MIDCAP_100,2023-11-03,10,0.0003586327755721655,0.00717159523356008,0.01954020513636509,0.9727625435482712,0.00016702330623151137
NIFTY_MIDCAP_100,2023-11-06,10,0.0004719697257557669,0.007185568693728692,0.04788150134986446,0.9441435624796447,0.0003173977510062609
NIFTY_MIDCAP_100,2023-11-07,10,0.0006362505664449329,0.008411803730506522,0.06572825786450172,0.9248251744766727,0.000398513361874102
NIFTY_MIDCAP_100,2023-11-08,10,0.0006174182661753349,0.02072876947394486,0.056929682723392216,0.921093651378135,0.0006304781583524796
NIFTY_MIDCAP_100,2023-11-09,10,0.00019859703040350053,0.012018627133873024,0.03633307132410421,0.9507666480796397,0.000683056431979457
NIFTY_MIDCAP_100,2023-11-10,10,0.0001668283913710312,0.014719169502805298,0.025921581691111785,0.9583011959945428,0.0008912244201692863
NIFTY_MIDCAP_100,2023-11-13,10,0.0002727614382224725,0.02370832303346075,0.05844381530959777,0.9155106847517982,0.002064415466920983
NIFTY_MIDCAP_100,2023-11-15,10,0.00010843215488676552,0.004955858865917675,0.030634564351108888,0.03404278480937049,0.9302583598187162
NIFTY_MIDCAP_100,2023-11-16,10,7.975869459048848e-05,0.0021611807488416,0.027310836850895994,0.016317609606999184,0.9541306140986728
NIFTY_MIDCAP_100,2023-11-17,10,3.2406104493250405e-05,0.0004085009698514637,0.00859501589747888,0.008772804678387942,0.9821912723497884
NIFTY_MIDCAP_100,2023-11-20,10,3.558673516441764e-05,0.0006123460416595189,0.006495868821118955,0.009432460399694122,0.983423738002363
NIFTY_MIDCAP_100,2023-11-21,10,3.448523870071971e-05,0.00044563001443751035,0.008467261958211906,0.009870144177570145,0.9811824786110797
NIFTY_MIDCAP_100,2023-11-22,10,2.9143946218633576e-05,0.000343223246486327,0.0020455099544245256,0.006394854307615354,0.9911872685452552
NIFTY_MIDCAP_100,2023-11-23,10,3.346183627729664e-05,0.00041665319938829636,0.002212861031220769,0.008399075130225624,0.9889379488028881
NIFTY_MIDCAP_100,2023-11-24,10,3.1484030113110666e-05,0.00021878190698175354,0.0029643793489516515,0.0077087623718525965,0.9890765923421009
NIFTY_MIDCAP_100,2023-11-28,10,2.4953636786891852e-05,0.00014563885074938564,0.0019343484318045667,0.00513954886508041,0.9927555102155788
NIFTY_MIDCAP_100,2023-11-29,10,9.005520666094609e-05,0.0004241779984791413,0.004177639387195242,0.011004395697918628,0.984303731709746
NIFTY_MIDCAP_100,2023-12-05,10,4.4947401761664575e-05,0.00022083945139144296,0.0005449075186478375,0.0067045311628309975,0.9924847744653681
NIFTY_MIDCAP_100,2023-12-06,10,8.362932183772408e-05,0.0003322550529117162,0.0018038949664911043,0.014245424620865806,0.9835347960378936
NIFTY_MIDCAP_100,2023-12-07,10,3.278236514063235e-05,0.00012456453232096248,0.0005025785328903558,0.003788025745102403,0.9955520488245457
NIFTY_MIDCAP_100,2023-12-08,10,3.789616798659905e-05,0.00014610957690705463,0.0005905860954767385,0.0053817841072659744,0.9938436240523637
NIFTY_MIDCAP_100,2023-12-11,10,5.7571726112840056e-05,0.0002228437400024448,0.0008124377971827012,0.010738432708670106,0.9881687140280319
NIFTY_MIDCAP_100,2023-12-12,10,4.695173012766593e-05,0.00018173676295074696,0.0006091502404282511,0.007999890595792085,0.9911622706707013
NIFTY_MIDCAP_100,2023-12-13,10,4.368406716624504e-05,0.0001548612576428273,0.0005585810313851194,0.0077179701151438886,0.9915249035286621
NIFTY_MIDCAP_100,2023-12-14,10,6.297681299919657e-05,0.00022702679812659684,0.0008436895242861993,0.014122812102555629,0.9847434947620323
NIFTY_MIDCAP_100,2023-12-18,10,0.00012634272440006025,0.00047598677833106677,0.0020011182116532805,0.016331948932076894,0.9810646033535387
NIFTY_MIDCAP_100,2023-12-19,10,4.2533021024234546e-05,0.0001695594993976535,0.0006080377562576585,0.00536323329841503,0.9938166364249054
NIFTY_MIDCAP_100,2023-12-20,10,5.025039492941079e-05,0.0003139585620402162,0.00978269277201434,0.0062649644132516,0.9835881338577644
NIFTY_MIDCAP_100,2023-12-21,10,5.978062952035082e-05,0.0002401912772718937,0.0018164285620427445,0.010767321617054872,0.98711627791411
NIFTY_MIDCAP_100,2023-12-22,10,3.258760037576333e-05,0.00012485314502251008,0.0006567396674059809,0.015624256831455973,0.9835615627557398
NIFTY_MIDCAP_100,2023-12-26,10,4.524540795350084e-05,0.0001780750455179609,0.0009738535109764697,0.016527037641330396,0.9822757883942216
NIFTY_MIDCAP_100,2023-12-27,10,2.2070320320728022e-05,8.281979467606063e-05,0.00025331574010153615,0.004806437545317933,0.9948353565995837
NIFTY_MIDCAP_100,2023-12-28,10,3.656123508522994e-05,0.00021962824653850137,0.00044292502332716777,0.013287961825952658,0.9860129236690963
NIFTY_MIDCAP_100,2023-12-29,10,3.791644701595411e-05,0.00017926621930739435,0.0006668029824758345,0.012141600094151064,0.9869744142570498
NIFTY_MIDCAP_100,2024-01-01,10,3.316853089139349e-05,0.00016345714368654903,0.0006865509479733133,0.008581718527893542,0.9905351048495552
NIFTY_MIDCAP_100,2024-01-02,10,3.9371361148345644e-05,0.00020687268029537248,0.0008573978430950561,0.020566787661145832,0.9783295704543153
NIFTY_MIDCAP_100,2024-01-03,10,3.955200635644712e-05,0.00018017855959378038,0.00088031070234529,0.012329008643723497,0.986570950087981
NIFTY_MIDCAP_100,2024-01-04,10,0.00042218977419727937,0.002039412092626219,0.00404112624347223,0.9178402233980234,0.07565704849168083
NIFTY_MIDCAP_100,2024-01-05,10,0.000144513462818147,0.00046753594478428356,0.0012388230278222632,0.1022789836575337,0.8958701439070416
NIFTY_MIDCAP_100,2024-01-08,10,0.0006343867139837462,0.0020058528690876988,0.008289227533671383,0.9267693496237158,0.062301183259541384
NIFTY_MIDCAP_100,2024-01-09,10,0.000530366587184349,0.0019790565017487717,0.006278536281630963,0.9534409139984087,0.03777112663102738
NIFTY_MIDCAP_100,2024-01-10,10,0.00053535488289154,0.0025848516367099725,0.00631339868699233,0.9480676075987022,0.042498787194704006
NIFTY_MIDCAP_100,2024-01-11,10,0.0001579116978203387,0.0008426154972597911,0.0021735768322628524,0.07587538399249283,0.9209505119801641
NIFTY_MIDCAP_100,2024-01-12,10,0.0009330533191230328,0.004066258401219545,0.012132625457065975,0.9032367045839,0.07963135823869134
NIFTY_MIDCAP_100,2024-01-15,10,0.00013443463683060123,0.0006461179476773491,0.001925761097161912,0.038715941907190604,0.9585777444111395
NIFTY_MIDCAP_100,2024-01-16,10,0.00011281588162467794,0.0007008835943769222,0.001739211114129853,0.036793158200458316,0.9606539312094102
NIFTY_MIDCAP_100,2024-01-17,10,7.161805052729955e-05,0.00040398335390402323,0.0008499304006994996,0.022363071610120838,0.9763113965847483
NIFTY_MIDCAP_100,2024-01-18,10,6.0964286066740054e-05,0.00035127849717859745,0.0011452258984323857,0.033659794729013696,0.9647827365893086
NIFTY_MIDCAP_100,2024-01-19,10,9.392461916810912e-05,0.0003688184102013651,0.0008509324358815032,0.03951701778376059,0.9591693067509883
NIFTY_MIDCAP_100,2024-01-23,10,0.0003479791969438242,0.0031230907307535265,0.05096396733471301,0.8847649539774859,0.060800008760103726
NIFTY_MIDCAP_100,2024-01-24,10,0.00020427366242590348,0.002688452642785444,0.005371263482483497,0.08492188683045357,0.9068141233818515
NIFTY_MIDCAP_100,2024-01-25,10,0.00037291971556785924,0.003454258741414157,0.010569198537270723,0.970899702298621,0.014703920707126332
NIFTY_MIDCAP_100,2024-01-29,10,0.0003162854760133021,0.0021265193911783075,0.0060797050333400455,0.9820860593636795,0.00939143073578877
NIFTY_MIDCAP_100,2024-01-30,10,0.0003785706276550115,0.007440513593443739,0.04865628083813518,0.9377450712502884,0.005779563690477572
NIFTY_MIDCAP_100,2024-01-31,10,0.00020415005898133512,0.0027017534021193893,0.003795479321275626,0.9890544128722629,0.004244204345360802
NIFTY_MIDCAP_100,2024-02-01,10,0.00024001135053707993,0.00272697620489308,0.004896159990560943,0.9877549220069739,0.004381930447035078
NIFTY_MIDCAP_100,2024-02-02,10,0.00027643118880198104,0.0037044870334800783,0.006846910139092613,0.9837770268504274,0.005395144788197829
NIFTY_MIDCAP_100,2024-02-05,10,0.00024370976861004713,0.0029876375520567168,0.004688436463558889,0.9879860924895602,0.004094123726214329
NIFTY_MIDCAP_100,2024-02-06,10,0.00024847089709139177,0.0010180229919016738,0.0034930584310209774,0.9861749853997015,0.009065462280284403
NIFTY_MIDCAP_100,2024-02-07,10,0.00046652414830154054,0.002451665632848188,0.004522982066401619,0.9627573139697017,0.029801514182747055
NIFTY_MIDCAP_100,2024-02-08,10,0.0003242548156077783,0.0015370534932297821,0.0031503659727255707,0.9776764028347619,0.017311922883674884
NIFTY_MIDCAP_100,2024-02-09,10,0.00032527108629558247,0.0018820728911886466,0.00781892115331586,0.9766373851198534,0.01333634974934647
NIFTY_MIDCAP_100,2024-02-12,10,0.0001991692707150507,0.003175965207725265,0.028265332205465444,0.9620587940396833,0.006300739276410941
NIFTY_MIDCAP_100,2024-02-13,10,0.0003158797456370616,0.0049416335644799,0.07517530861177844,0.9144688677042536,0.005098310373850995
NIFTY_MIDCAP_100,2024-02-14,10,0.0003392092840370052,0.003787656181548986,0.9198375007068766,0.07234313669029857,0.003692497137239067
NIFTY_MIDCAP_100,2024-02-15,10,0.00039320155464431515,0.004396617966254307,0.8822115337978657,0.10475593385560585,0.008242712825629982
NIFTY_MIDCAP_100,2024-02-16,10,0.00037638810818466523,0.007963833495721252,0.08274017908139633,0.9030826701382118,0.005836929176485717
NIFTY_MIDCAP_100,2024-02-19,10,0.0004428368666990764,0.004069511587894127,0.03016440595443821,0.9616347593316645,0.003688486259304038
NIFTY_MIDCAP_100,2024-02-20,10,0.0005322567203481925,0.0046693191454302615,0.036887292022281144,0.9504765447693142,0.007434587342626466
NIFTY_MIDCAP_100,2024-02-21,10,0.00040177070912428823,0.00872343604448445,0.9103619341887169,0.07662311418024816,0.003889744877426105
NIFTY_MIDCAP_100,2024-02-22,10,0.00031422575667982287,0.006193316157985041,0.931490953966173,0.06108901691089896,0.0009124872082632708
NIFTY_MIDCAP_100,2024-02-23,10,0.0002850230486409197,0.0072468673280868005,0.9159856005126589,0.07515420943515787,0.0013282996754556142
NIFTY_MIDCAP_100,2024-02-26,10,0.00044696408261650456,0.020695654073992802,0.9076834669380801,0.0692190597710051,0.001954855134305608
NIFTY_MIDCAP_100,2024-02-27,10,0.0002484022373171083,0.8293894561331087,0.14766340839920547,0.02176069512076405,0.0009380381096047273
NIFTY_MIDCAP_100,2024-02-28,10,0.0002712800610613288,0.0160699275585295,0.9494020088137917,0.033165074268477604,0.00109170929813981
NIFTY_MIDCAP_100,2024-02-29,10,0.00032267887514549336,0.019504295887862583,0.951417140369396,0.027470355402039695,0.0012855294655564106
NIFTY_MIDCAP_100,2024-03-01,10,0.00033196565334744487,0.03345340922894929,0.9319161719434124,0.03249085205166891,0.0018076011226218533
NIFTY_MIDCAP_100,2024-03-04,10,0.0002501870405934246,0.839438307862621,0.1337173577335526,0.025704185885845072,0.0008899614773878426
NIFTY_MIDCAP_100,2024-03-05,10,0.00021801491943644074,0.8851564826515742,0.09914101029247868,0.01503344396108278,0.0004510481754279051
NIFTY_MIDCAP_100,2024-03-06,10,0.0003427985160390349,0.030581733984576313,0.9327086889182612,0.03414305621331308,0.002223722367810393
NIFTY_MIDCAP_100,2024-03-07,10,0.00041010920999043224,0.042746485906292195,0.9246717705652949,0.03134192691028131,0.0008297074081410971
NIFTY_MIDCAP_100,2024-03-11,10,0.0004323205392416451,0.035696123405851606,0.9182885902614258,0.044352091228213736,0.0012308745652674072
NIFTY_MIDCAP_100,2024-03-12,10,0.0003931600603351981,0.024927362421016102,0.9355951307786214,0.03717506516361664,0.0019092815764106894
NIFTY_MIDCAP_100,2024-03-13,10,0.0008090731485004743,0.012966963613076254,0.9736979104122788,0.01206906193449714,0.0004569908916474029
NIFTY_MIDCAP_100,2024-03-14,10,0.00035628983005157503,0.00959373805633657,0.9821337382638202,0.0076141492794851735,0.00030208457030636267
NIFTY_MIDCAP_100,2024-03-15,10,0.0006113990881906459,0.013621332263267904,0.9734904378546728,0.011736107999262146,0.0005407227946062983
NIFTY_MIDCAP_100,2024-03-18,10,0.0011495448336045736,0.02365079500587168,0.9608795432749656,0.013606602033172665,0.0007135148523853966
NIFTY_MIDCAP_100,2024-03-19,10,0.0011259110494707804,0.01701881831348633,0.9689898344596082,0.011935413423034742,0.0009300227543998286
NIFTY_MIDCAP_100,2024-03-20,10,0.0003239364563968676,0.007788974389030726,0.08796681518101945,0.9036779811053487,0.00024229286820424194
NIFTY_MIDCAP_100,2024-03-21,10,0.0006647156469798477,0.018307958240427975,0.06764408439478126,0.9130990370010351,0.00028420471677565823
NIFTY_MIDCAP_100,2024-03-22,10,0.0002270379733833965,0.01047026485305354,0.0352074452396054,0.9538758659475413,0.00021938598641627923
NIFTY_MIDCAP_100,2024-03-26,10,0.0002858275262993616,0.03388085788832113,0.04013640107837059,0.9251413328779998,0.0005555806290088924
NIFTY_MIDCAP_100,2024-03-27,10,0.00039147107295582785,0.027446761959718378,0.07219094593629269,0.899463745989538,0.0005070750414952466
NIFTY_MIDCAP_100,2024-03-28,10,0.0011659935097376646,0.028997083330465984,0.8699208112151414,0.09573710882882033,0.004179003115834748
NIFTY_MIDCAP_100,2024-04-01,10,0.00047734059590715205,0.03932847388342715,0.9069841861503256,0.04459584680968452,0.008614152560655529
NIFTY_MIDCAP_100,2024-04-02,10,0.0005475506542605757,0.02715659014484957,0.9218842088204919,0.03616754385504531,0.01424410652535262
NIFTY_MIDCAP_100,2024-04-03,10,0.00040367523732126755,0.013831392352999829,0.9142219770533383,0.06405996162824047,0.007482993728100112
NIFTY_MIDCAP_100,2024-04-04,10,0.0004384838822394202,0.01412352839842217,0.8860061326889682,0.0882204561461141,0.011211398884256096
NIFTY_MIDCAP_100,2024-04-05,10,0.0001370474794102891,0.001486059017573515,0.054038969965904585,0.9361616019179527,0.00817632161915887
NIFTY_MIDCAP_100,2024-04-08,10,0.00014055241657029286,0.0014358572371213235,0.038349134076045184,0.9526600296866489,0.007414426583614282
NIFTY_MIDCAP_100,2024-04-09,10,0.00017782861539689535,0.002424491756968598,0.04651500780727352,0.9426079077241036,0.008274764096257515
NIFTY_MIDCAP_100,2024-04-10,10,0.00018277703418140967,0.0015290212105408703,0.02259475708785837,0.9652155634938918,0.01047788117352728
NIFTY_MIDCAP_100,2024-04-12,10,0.00015870450749054375,0.0013427162761303925,0.03952577901084066,0.9487905823550604,0.01018221785047803
NIFTY_MIDCAP_100,2024-04-15,10,0.00015962726487927755,0.005199491177183063,0.04321654860622315,0.9440809248498724,0.007343408101841983
NIFTY_MIDCAP_100,2024-04-16,10,0.00022872965711596743,0.007438700330075663,0.10327071284615372,0.8838261688642096,0.005235688302444955
NIFTY_MIDCAP_100,2024-04-18,10,0.00028556623020096626,0.012595899605109376,0.12683990383786561,0.854824724249641,0.005453906077183061
NIFTY_MIDCAP_100,2024-04-19,10,0.00018800028425918947,0.007120923662510622,0.09651817153715138,0.8950304176810574,0.0011424868350213971
NIFTY_MIDCAP_100,2024-04-22,10,0.00041140653894440057,0.016517462363164464,0.8238066932604897,0.15578015874749018,0.0034842790899112307
NIFTY_MIDCAP_100,2024-04-23,10,0.00039657585020088894,0.0038094948822607914,0.9273742555143594,0.06272461880148061,0.005695054951698217
NIFTY_MIDCAP_100,2024-04-24,10,0.0003117426758304565,0.0024397033335449023,0.9441107927629294,0.0479046226224628,0.005233138605232597
NIFTY_MIDCAP_100,2024-04-25,10,0.00044860745693460935,0.0036513859341829606,0.9152782114031853,0.07598278373591946,0.004639011469777784
NIFTY_MIDCAP_100,2024-04-26,10,0.0003792664578048603,0.004494048078706448,0.9087146596452942,0.08386391733760061,0.0025481084805937973
NIFTY_MIDCAP_100,2024-04-29,10,0.0005843517662306979,0.008228334198649573,0.10484864585822473,0.8800705267907022,0.006268141386192745
NIFTY_MIDCAP_100,2024-04-30,10,0.0004433903810624588,0.0068861233198678,0.08807646058088696,0.8950040770043806,0.009589948713802194
NIFTY_MIDCAP_100,2024-05-02,10,0.00038768191615284756,0.003090931558210367,0.06121932876236333,0.87329454757906,0.062007510184213493
NIFTY_MIDCAP_100,2024-05-03,10,8.085913446714457e-05,0.0005349490107680674,0.007407317152804074,0.06462336017528611,0.9273535145266747
NIFTY_MIDCAP_100,2024-05-06,10,4.157635465793958e-05,0.0003807522258839561,0.005941304494728196,0.027646501818420655,0.9659898651063092
NIFTY_MIDCAP_100,2024-05-07,10,4.179455141182476e-05,0.0007611817549875381,0.004354618310434276,0.02493430180175026,0.9699081035814161
NIFTY_MIDCAP_100,2024-05-08,10,5.873800589399016e-05,0.001767488923729134,0.012751764376105946,0.032481413357150456,0.9529405953371205
NIFTY_MIDCAP_100,2024-05-09,10,6.173868204061634e-05,0.00229370649502931,0.010994724112892313,0.02782565787029585,0.958824172839742
NIFTY_MIDCAP_100,2024-05-10,10,0.00038861973344414167,0.015260891069292664,0.05535764255452136,0.9143949004996207,0.014597946143121071
NIFTY_MIDCAP_100,2024-05-13,10,0.00034991666082678704,0.01366431649212008,0.038269569827228435,0.9334967534626293,0.014219443557195434
NIFTY_MIDCAP_100,2024-05-14,10,0.0002779313171890269,0.011060780598242934,0.04159562521158387,0.912848707003016,0.03421695586996822
NIFTY_MIDCAP_100,2024-05-15,10,8.607320197405476e-05,0.0019109875170078027,0.010373270431325063,0.06417876385317725,0.9234509049965159
NIFTY_MIDCAP_100,2024-05-16,10,0.0004976051022929172,0.005468483263678932,0.0769791385742552,0.8553049487648632,0.06174982429490969
NIFTY_MIDCAP_100,2024-05-17,10,0.0001381609236810379,0.0014903860118710417,0.021687174983762304,0.07371797478710557,0.9029663032935802
NIFTY_MIDCAP_100,2024-05-21,10,0.00041072124354861364,0.00459230546780386,0.06117935339084932,0.9140742223271745,0.019743397570623763
NIFTY_MIDCAP_100,2024-05-22,10,0.0004286553308309192,0.0026795173899740563,0.6759129905224875,0.3002528640433881,0.020725972713319364
NIFTY_MIDCAP_100,2024-05-23,10,0.0003722565108399493,0.0029422656295497395,0.04191416660371135,0.9436398094406909,0.011131501815208273
NIFTY_MIDCAP_100,2024-05-24,10,0.0003559339387777556,0.0028530376053475894,0.033669613709349074,0.9351956771485046,0.02792573759802105
NIFTY_MIDCAP_100,2024-05-27,10,0.0003268951616446004,0.0014241793988816066,0.009374778137799465,0.9453152021412566,0.04355894516041736
NIFTY_MIDCAP_100,2024-05-28,10,0.0003275132998964774,0.0026040741169767656,0.025429682188338396,0.9173369738699056,0.05430175652488262
NIFTY_MIDCAP_100,2024-05-29,10,6.059561630705204e-05,0.0006115243762681753,0.005480873873431044,0.0526289756679559,0.9412180304660378
NIFTY_MIDCAP_100,2024-05-30,10,5.831640083502438e-05,0.0003117983245420684,0.006460810370811849,0.02032060259981873,0.9728484723039923
NIFTY_MIDCAP_100,2024-05-31,10,5.040829452281908e-05,0.0006197413183397436,0.005003765458548613,0.03349422955571326,0.9608318553728755
NIFTY_MIDCAP_100,2024-06-03,10,7.818937332876517e-05,0.0003895374464068453,0.00392830460868419,0.046407477344293784,0.9491964912272866
NIFTY_MIDCAP_100,2024-06-04,10,9.148189435422085e-05,0.0015147719393618915,0.008553031059055463,0.061252118374069034,0.9285885967331594
NIFTY_MIDCAP_100,2024-06-05,10,9.297134806859807e-05,0.004435631694276108,0.014722741941185847,0.043221133322377404,0.937527521694092
NIFTY_MIDCAP_100,2024-06-06,10,0.00042042916244510093,0.005045093229174397,0.04266439706119937,0.897507543240253,0.05436253730692808
NIFTY_MIDCAP_100,2024-06-07,10,0.00035038248353801426,0.00672494854754673,0.023558710522793118,0.9489188905904364,0.020447067855685706
NIFTY_MIDCAP_100,2024-06-10,10,0.0004567099905509601,0.007503071235359078,0.0308661667215964,0.919641636712175,0.04153241534031859
NIFTY_MIDCAP_100,2024-06-11,10,0.00012719497976540492,0.0011765367824810437,0.011238247893554354,0.06588244206133813,0.9215755782828611
NIFTY_MIDCAP_100,2024-06-12,10,0.0004987897124589869,0.003942610268334806,0.021587868458716714,0.9183211185095856,0.05564961305090401
NIFTY_MIDCAP_100,2024-06-13,10,9.908671048576177e-05,0.0011347322472848745,0.00795489240827107,0.04889551888713341,0.9419157697468249
NIFTY_MIDCAP_100,2024-06-20,10,4.5367310571663216e-05,0.0005501842259533138,0.003981352788416127,0.008652789107557842,0.9867703065675012
NIFTY_MIDCAP_100,2024-06-21,10,3.140751225953578e-05,0.0002772164251631956,0.00248586367282442,0.004809228732592309,0.9923962836571605
NIFTY_MIDCAP_100,2024-06-24,10,4.138436081655271e-05,0.0006970205210683352,0.0026672971803479864,0.007014805491989191,0.9895794924457779
NIFTY_MIDCAP_100,2024-06-25,10,4.7915519965685984e-05,0.0005028785189778712,0.002591786984528972,0.009246533605073815,0.9876108853714538
NIFTY_MIDCAP_100,2024-06-26,10,6.302995528776696e-05,0.0008283871307734824,0.004413665359621846,0.011780586723232392,0.9829143308310845
NIFTY_MIDCAP_100,2024-06-27,10,2.5537941033259674e-05,0.00025358015485283286,0.0014500229915935833,0.004334674711665976,0.9939361842008544
NIFTY_MIDCAP_100,2024-06-28,10,2.0804726136502275e-05,0.0003830362406926099,0.0011028977107164276,0.003912717950819036,0.9945805433716354
NIFTY_MIDCAP_100,2024-07-01,10,4.3032269800641535e-05,0.00023940512098919158,0.0011058579958293732,0.018676524849758076,0.9799351797636229
NIFTY_MIDCAP_100,2024-07-02,10,2.450918537485269e-05,0.0001266837920046645,0.001161522957121039,0.0077307119015708635,0.9909565721639286
NIFTY_MIDCAP_100,2024-07-03,10,6.41372140189658e-05,0.00025720412230305627,0.0016290058196046218,0.049578228279874556,0.9484714245641989
NIFTY_MIDCAP_100,2024-07-04,10,0.00044313987312127634,0.0014470460521539665,0.010018315239526319,0.9429012888505913,0.04519020998460717
NIFTY_MIDCAP_100,2024-07-05,10,0.0005232451623146952,0.0017086249565019967,0.004925709915616036,0.9460190887847827,0.046823331180784536
NIFTY_MIDCAP_100,2024-07-08,10,0.0006290321686926099,0.002088228277776346,0.011092431187280778,0.9340276356474586,0.052162672718791624
NIFTY_MIDCAP_100,2024-07-09,10,0.00019662148382195007,0.0006385592496288238,0.003128235766952779,0.09001855652858547,0.9060180269710109
NIFTY_MIDCAP_100,2024-07-10,10,0.0006340810156118244,0.0019940627839655748,0.016355249140294834,0.9259225855339223,0.05509402152620547
NIFTY_MIDCAP_100,2024-07-11,10,3.578456276871884e-05,0.00011203896628284554,0.0007422664999327748,0.025492342596763386,0.9736175673742523
NIFTY_MIDCAP_100,2024-07-12,10,2.7685023111223262e-05,0.00012338972359545865,0.0013273509111296226,0.016354317271159154,0.9821672570710044
NIFTY_MIDCAP_100,2024-07-15,10,3.154561521866012e-05,0.00012789233766475626,0.0005488756353181772,0.01981094025781304,0.9794807461539854
NIFTY_MIDCAP_100,2024-07-16,10,4.1373536465585996e-05,0.00013583890113760274,0.0007100102616056741,0.027402538117773437,0.9717102391830177
NIFTY_MIDCAP_100,2024-07-18,10,6.31874568506887e-05,0.00018388126137425055,0.0013197323765983579,0.05010332336825612,0.9483298755369206
NIFTY_MIDCAP_100,2024-07-19,10,0.00010690196151139517,0.0006951013586783641,0.005887598194246114,0.05801832263126582,0.9352920758542983
NIFTY_MIDCAP_100,2024-07-22,10,0.00038584133909548514,0.004917664487986643,0.023037221579546418,0.927997386651745,0.04366188594162642
NIFTY_MIDCAP_100,2024-07-23,10,0.0006640896331358484,0.004010885161547242,0.7181053197441585,0.2301735362139517,0.047046169247206684
NIFTY_MIDCAP_100,2024-07-24,10,0.00035263661283490444,0.0038243323997672963,0.02943849877130816,0.9588863957317952,0.0074981364842944655
NIFTY_MIDCAP_100,2024-07-25,10,0.0004991432378320043,0.005497112849579448,0.05001386279832658,0.9369964161978034,0.006993464916458679
NIFTY_MIDCAP_100,2024-07-26,10,0.00033049483720372244,0.004661553016137668,0.017463419887679705,0.9598846066833863,0.017659925575592657
NIFTY_MIDCAP_100,2024-07-29,10,0.0002864403089562656,0.003163323793683023,0.007028034607851078,0.9784646095713879,0.011057591718121621
NIFTY_MIDCAP_100,2024-07-30,10,0.00036392786837597285,0.0014190396216089455,0.010438433146991792,0.9787723307032362,0.009006268659786902
NIFTY_MIDCAP_100,2024-07-31,10,0.00039681004902387474,0.0019985254199779987,0.0068448091812725745,0.9728068143256623,0.01795304102406338
NIFTY_MIDCAP_100,2024-08-01,10,0.0005194267220356687,0.002619147828828764,0.009515239615266142,0.9788469168161122,0.008499269017757315
NIFTY_MIDCAP_100,2024-08-02,10,0.000415145348284805,0.0019780310920361178,0.029441069476246105,0.9548649176136107,0.01330083646982215
NIFTY_MIDCAP_100,2024-08-05,10,0.0003612190524305781,0.00283772338171791,0.050518332898614966,0.8630639039225727,0.08321882074466395
NIFTY_MIDCAP_100,2024-08-06,10,6.942555104095032e-05,0.0008398346216926423,0.020931126694870093,0.03278348469748058,0.9453761284349158
NIFTY_MIDCAP_100,2024-08-07,10,5.316089824834319e-05,0.0013436913392344916,0.00639721441282085,0.02722682674887397,0.9649791066008223
NIFTY_MIDCAP_100,2024-08-08,10,6.762035407764114e-05,0.001480702550459075,0.005653605823517666,0.023321658980012958,0.9694764122919326
NIFTY_MIDCAP_100,2024-08-09,10,6.079574055392543e-05,0.0014622894520327455,0.00812783819118942,0.015012862502475398,0.9753362141137486
NIFTY_MIDCAP_100,2024-08-12,10,7.174411080110681e-05,0.0021676330385011853,0.009597047921082588,0.021349168322450558,0.9668144066071647
NIFTY_MIDCAP_100,2024-08-13,10,4.7951974831785e-05,0.0012303356959561295,0.007287866347297567,0.011788718534681903,0.9796451274472328
NIFTY_MIDCAP_100,2024-08-14,10,6.996112227985393e-05,0.0016532221518763286,0.008157659535083102,0.01439671686361806,0.9757224403271425
NIFTY_MIDCAP_100,2024-08-16,10,0.0003743234928221097,0.0028087546507838137,0.041167739744212575,0.919889789926231,0.03575939218595036
NIFTY_MIDCAP_100,2024-08-19,10,0.0003237749780477743,0.0029571068126164023,0.02642168255464188,0.9643207693618681,0.005976666292825879
NIFTY_MIDCAP_100,2024-08-20,10,0.0002625659006107974,0.0031048458543548323,0.019646000961930674,0.9729380315738057,0.004048555709298277
NIFTY_MIDCAP_100,2024-08-21,10,0.0004047966171308734,0.0032794424738444884,0.04020627773320843,0.9525841188400994,0.003525364335717025
NIFTY_MIDCAP_100,2024-08-22,10,0.00023204444545292538,0.004935590483021247,0.032728627628234384,0.9601417177897631,0.0019620196535283774
NIFTY_MIDCAP_100,2024-08-23,10,0.0005171065203281764,0.0029757065830495087,0.8401788803378843,0.1520963346149002,0.004231971943837766
NIFTY_MIDCAP_100,2024-08-26,10,0.00019912660848530947,0.0019672415287890215,0.04220997627856917,0.9539646607744421,0.001658994809714288
NIFTY_MIDCAP_100,2024-08-27,10,0.0002590308082253022,0.0028790572307615557,0.07167710283572655,0.9234485192330035,0.0017362898922832308
NIFTY_MIDCAP_100,2024-08-28,10,0.0005869774961522184,0.0057836382810913176,0.7729065913485821,0.2159373555318843,0.004785437342290274
NIFTY_MIDCAP_100,2024-08-29,10,0.0003192099013625261,0.0021181631347311288,0.06156718281400708,0.9331135065918124,0.002881937558086795
NIFTY_MIDCAP_100,2024-08-30,10,0.00019689041832936485,0.003435146379871892,0.02757414725413755,0.9671224003805189,0.0016714155671422011
NIFTY_MIDCAP_100,2024-09-02,10,0.00018220981241829945,0.001620539383851297,0.020044724178770658,0.9768945646971755,0.0012579619277841591
NIFTY_MIDCAP_100,2024-09-03,10,0.00018261989707643936,0.002892428949251845,0.026596814500578048,0.9694877780618357,0.0008403585912579891
NIFTY_MIDCAP_100,2024-09-04,10,0.00019101428328293816,0.0032692084819433164,0.028453269570259104,0.9673073815255117,0.0007791261390028865
NIFTY_MIDCAP_100,2024-09-05,10,0.0001815209275161273,0.002120741411147679,0.037885192395237334,0.9592494972205095,0.0005630480455895073
NIFTY_MIDCAP_100,2024-09-06,10,0.00021370875368462096,0.0028184426910598842,0.04362185859980401,0.9520589524050797,0.0012870375503719728
NIFTY_MIDCAP_100,2024-09-09,10,0.0003257457119224298,0.0032544722205225685,0.06666066190475026,0.9275417178066646,0.0022174023561399034
NIFTY_MIDCAP_100,2024-09-10,10,0.00030372227228054477,0.006218037426246433,0.05721858891991406,0.9348089962722798,0.0014506551092793426
NIFTY_MIDCAP_100,2024-09-11,10,0.0003604893308702333,0.007827441089835704,0.08758066080898162,0.9030317618850459,0.0011996468852665206
NIFTY_MIDCAP_100,2024-09-12,10,0.00041487397615513617,0.020607819408964525,0.9367932217646672,0.04024471583068842,0.001939369019524785
NIFTY_MIDCAP_100,2024-09-13,10,0.00040014635363502083,0.013147498421057705,0.9317804532757419,0.05331791221755058,0.0013539897320147968
NIFTY_MIDCAP_100,2024-09-16,10,0.00015637525881455629,0.006235194710458291,0.980698023123795,0.012080707737611766,0.0008296991693203746
NIFTY_MIDCAP_100,2024-09-17,10,0.000164758921874953,0.007000511026535166,0.9783307078116564,0.01404809145809477,0.0004559307818386364
NIFTY_MIDCAP_100,2024-09-18,10,0.00012818946619360438,0.006190211676362221,0.9881297616178849,0.0051966864468821735,0.000355150792677007
NIFTY_MIDCAP_100,2024-09-19,10,0.00024210786815306423,0.005273602083441464,0.9788752287975298,0.014862880712723854,0.0007461805381517232
NIFTY_MIDCAP_100,2024-09-20,10,0.00016072133487043624,0.006139206754413174,0.98098399644121,0.011813110979359016,0.0009029644901473749
NIFTY_MIDCAP_100,2024-09-25,10,0.00023008836917022465,0.002616898493058778,0.9786234690923615,0.01700700110673938,0.0015225429386700965
NIFTY_MIDCAP_100,2024-09-26,10,0.00019829608539600693,0.003086519378459312,0.9839768936789044,0.011628818897978666,0.0011094719592615913
NIFTY_MIDCAP_100,2024-09-27,10,0.000230468532482755,0.002706564466557193,0.9867158460460836,0.009138334411246365,0.0012087865436302416
NIFTY_MIDCAP_100,2024-09-30,10,0.00020191353344934038,0.0062392846715455304,0.9823819608255904,0.010551762317045101,0.000625078652369671
NIFTY_MIDCAP_100,2024-10-01,10,0.00023139238392930948,0.008257424509168958,0.9787131302952383,0.011312396007197419,0.001485656804466171
NIFTY_MIDCAP_100,2024-10-03,10,0.0002623418347510091,0.019208821762894207,0.9624519689326436,0.016903224583962206,0.0011736428857488722
NIFTY_MIDCAP_100,2024-10-04,10,0.0003350911020640634,0.02414866200260971,0.963489230757836,0.010629884896955905,0.001397131240534404
NIFTY_MIDCAP_100,2024-10-07,10,0.006918158321452592,0.04993691035233167,0.9345014838976795,0.00620995260927605,0.0024334948192600314
NIFTY_MIDCAP_100,2024-10-08,10,0.0012192528395692384,0.93130198823062,0.05336897760147205,0.0134815530849959,0.0006282282433429025
NIFTY_MIDCAP_100,2024-10-09,10,0.0003580307063459,0.9386409943956767,0.04720101395172494,0.012967463034590971,0.0008324979116615117
NIFTY_MIDCAP_100,2024-10-10,10,0.00039930696472757245,0.94821320567129,0.04201452362999282,0.008825225568142381,0.0005477381658472935
NIFTY_MIDCAP_100,2024-10-11,10,0.00031496079021274445,0.9595176838845022,0.02998116104495642,0.008080479849124493,0.0021057144312042818
NIFTY_MIDCAP_100,2024-10-14,10,0.0003350307949006209,0.9118583944709394,0.07405289242142037,0.01164026204789069,0.00211342026484891
NIFTY_MIDCAP_100,2024-10-15,10,0.00020481919018912578,0.947190042385008,0.04158354660420975,0.009025988746862829,0.001995603073730313
NIFTY_MIDCAP_100,2024-10-16,10,0.001095975508405915,0.16381985075332106,0.782615803336725,0.04431177342519634,0.008156596976351594
NIFTY_MIDCAP_100,2024-10-17,10,0.0005189599961112529,0.975147591077515,0.019174102597461808,0.004769100777392343,0.00039024555151980015
NIFTY_MIDCAP_100,2024-10-18,10,0.0013200779985406584,0.9397212545954658,0.042444718214268276,0.016002427537204173,0.0005115216545211629
NIFTY_MIDCAP_100,2024-10-21,10,0.0010823190602676019,0.9500896718723773,0.04454657243231714,0.0036449692166626133,0.0006364674183756211
NIFTY_MIDCAP_100,2024-10-22,10,0.0021952002664843823,0.9575269695481518,0.03472200882300665,0.004742680310147659,0.0008131410522095576
NIFTY_MIDCAP_100,2024-10-23,10,0.0025928462884805092,0.9560168056278826,0.030393614256819444,0.010405392856791313,0.0005913409700262182
NIFTY_MIDCAP_100,2024-10-24,10,0.0018186591378543497,0.9472435599088739,0.04402139284148552,0.0062114962170932726,0.0007048918946929057
NIFTY_MIDCAP_100,2024-10-25,10,0.003534108068695092,0.9607726225460997,0.031499980608539244,0.0029789190529265048,0.0012143697237393762
NIFTY_MIDCAP_100,2024-10-28,10,0.001992359222658277,0.9639082969944565,0.031015973243655494,0.002044742110723335,0.0010386284285066115
NIFTY_MIDCAP_100,2024-10-29,10,0.0017146000530634186,0.9774136494632745,0.017136260856861783,0.0028110118646375603,0.000924477762162977
NIFTY_MIDCAP_100,2024-10-30,10,0.003137905147299996,0.972303338575011,0.02182998239305488,0.0020587308040406604,0.0006700430805934484
NIFTY_MIDCAP_100,2024-10-31,10,0.0007824216303381914,0.98368607041058,0.012867613674360612,0.002183548739542613,0.00048034554517879504
NIFTY_MIDCAP_100,2024-11-01,10,0.0005817088738673023,0.9823934014555605,0.01308018818001902,0.003497560609353232,0.0004471408812001376
NIFTY_MIDCAP_100,2024-11-04,10,0.000605754465396711,0.9783090290339761,0.01768235564981358,0.0027393635328659925,0.0006634973179475004
NIFTY_MIDCAP_100,2024-11-05,10,0.0005798010027104256,0.9764901830536178,0.019536218245109503,0.0029826870983220713,0.00041111060024018477
NIFTY_MIDCAP_100,2024-11-06,10,0.0018710634968271906,0.947701040904239,0.03185854938591872,0.01809107879590201,0.00047826741711295886
NIFTY_MIDCAP_100,2024-11-07,10,0.0005635764233897193,0.9626547008760326,0.028606631796741812,0.007777572934036623,0.0003975179697994656
NIFTY_MIDCAP_100,2024-11-08,10,0.0012136399552733982,0.971855070648523,0.0238040126847276,0.002618777881268851,0.0005084988302074331
NIFTY_MIDCAP_100,2024-11-11,10,0.0012893073828065711,0.9510703794296944,0.04310630562164324,0.003971614102286492,0.0005623934635694437
NIFTY_MIDCAP_100,2024-11-12,10,0.0026453422890146336,0.13958707812727722,0.852938481856457,0.0041102974634977295,0.0007188002637533758
NIFTY_MIDCAP_100,2024-11-13,10,0.006635121011067875,0.8570706794704153,0.1292113687383514,0.005845491837673056,0.0012373389424921817
NIFTY_MIDCAP_100,2024-11-14,10,0.004142904667660266,0.0706102984645925,0.9190798260656794,0.0039804820650305205,0.0021864887370374175
NIFTY_MIDCAP_100,2024-11-18,10,0.008138688610297009,0.053049596695183554,0.9310708317965584,0.00446037848840077,0.0032805044095601736
NIFTY_MIDCAP_100,2024-11-19,10,0.0034472419903052802,0.05301965712653839,0.9331958503814235,0.00797283856986214,0.00236441193187072
NIFTY_MIDCAP_100,2024-11-21,10,0.0027443148009759486,0.06161558294038741,0.9242020744311045,0.007327583198343107,0.004110444629189071
NIFTY_MIDCAP_100,2024-11-22,10,0.003976004348549475,0.045712776082962495,0.9055836238764958,0.042845071112635615,0.0018825245793565744
NIFTY_MIDCAP_100,2024-11-25,10,0.004488124055008922,0.024001616674407478,0.857772125606131,0.11077853427692794,0.0029595993875245756
NIFTY_MIDCAP_100,2024-11-26,10,0.0016051862591041064,0.007689771704959708,0.07559139112793446,0.9142765658889694,0.0008370850190323528
NIFTY_MIDCAP_100,2024-11-27,10,0.001366001199537632,0.005545772373274162,0.04981979221360065,0.9416999497261099,0.001568484487477683
NIFTY_MIDCAP_100,2024-11-28,10,0.0010338384843944738,0.00899027121665966,0.02867814909509406,0.9610307526267661,0.0002669885770858325
NIFTY_MIDCAP_100,2024-11-29,10,0.0016781805833343685,0.0065305843384112555,0.016833158909554245,0.9747222759746094,0.0002358001940905302
NIFTY_MIDCAP_100,2024-12-02,10,0.001616047012037209,0.028242131065646905,0.041307759229733364,0.927239725278029,0.0015943374145534963
NIFTY_MIDCAP_100,2024-12-03,10,0.0009365301123696077,0.028612622006489473,0.05077418701652454,0.917514996441105,0.0021616644235112627
NIFTY_MIDCAP_100,2024-12-04,10,0.0013026102123581086,0.03266466161899885,0.9195023001299594,0.03658786694484674,0.009942561093836884
NIFTY_MIDCAP_100,2024-12-05,10,0.0005596614409940551,0.008440338573595014,0.9649517799218867,0.01731531070774666,0.008732909355777854
NIFTY_MIDCAP_100,2024-12-06,10,0.00025517434001479366,0.011191702039153071,0.9612818043160452,0.023041749242218298,0.004229570062568537
NIFTY_MIDCAP_100,2024-12-09,10,0.00014504235084481616,0.004685172586848396,0.9880693315640188,0.006394302678264149,0.0007061508200239144
NIFTY_MIDCAP_100,2024-12-10,10,0.00012734039662245651,0.0022089304297997045,0.9920147116838656,0.004943873924003216,0.0007051435657091797
NIFTY_MIDCAP_100,2024-12-11,10,0.0001395444102574801,0.0026681296999210356,0.9907941331720839,0.0056764858339850705,0.0007217068837525291
NIFTY_MIDCAP_100,2024-12-12,10,0.000210206904185416,0.006010093630005836,0.9868405113558651,0.00595940727092041,0.0009797808390230416
NIFTY_MIDCAP_100,2024-12-13,10,0.00023189446475192427,0.006362544517951057,0.9811140345751664,0.011282026706074708,0.0010094997360559049
NIFTY_MIDCAP_100,2024-12-16,10,0.00024745444607160975,0.0017164007387410773,0.9874685416462284,0.0093128731006229,0.001254730068336116
NIFTY_MIDCAP_100,2024-12-17,10,0.00019456431629693506,0.005640753612592462,0.9823499005360055,0.010892667686082998,0.0009221138490221837
NIFTY_MIDCAP_100,2024-12-18,10,0.00027925498697049377,0.010745375110958886,0.964063498916894,0.02382585087257653,0.0010860201126001907
NIFTY_MIDCAP_100,2024-12-19,10,0.00038685537221044033,0.015161819195721913,0.9651040101284669,0.01752085150177025,0.0018264638018307383
NIFTY_MIDCAP_100,2024-12-20,10,0.0038517673865193012,0.03711259667819618,0.9447121150407344,0.01317382229823348,0.0011496985963166263
NIFTY_MIDCAP_100,2024-12-23,10,0.007423634811803984,0.07368624239533288,0.9088219319917775,0.009182220952823662,0.0008859698482617579
NIFTY_MIDCAP_100,2024-12-24,10,0.007764414987702712,0.08530836539621259,0.8903340421576399,0.01470819612601358,0.001884981332431262
NIFTY_MIDCAP_100,2024-12-26,10,0.0075093214601173845,0.8802474583749196,0.1035345199260822,0.007350165419895779,0.0013585348189851646
NIFTY_MIDCAP_100,2024-12-27,10,0.024994179366148526,0.8567090037515731,0.10757789429512987,0.009080059927867852,0.0016388626592806906
NIFTY_MIDCAP_100,2024-12-30,10,0.9420993394486459,0.04822538169310627,0.008502453698059355,0.0010104957420560428,0.00016232941813250901
NIFTY_MIDCAP_100,2024-12-31,10,0.9645195554092795,0.024514906473088644,0.00948135737691051,0.0012906316936017624,0.00019354904711956509
NIFTY_MIDCAP_100,2025-01-01,10,0.017378878770921317,0.9241518484640897,0.05165745831502832,0.005769519447308472,0.001042295002652288
NIFTY_MIDCAP_100,2025-01-02,10,0.013218181644647175,0.9001587871517936,0.07184584694611096,0.012662792572141802,0.0021143916853063457
NIFTY_MIDCAP_100,2025-01-03,10,0.012498013702752653,0.9132060220949659,0.06614376394635223,0.0064740910107814,0.0016781092451477412
NIFTY_MIDCAP_100,2025-01-06,10,0.9804424653302539,0.0075006530177576455,0.011532288356636852,0.0003400917952330025,0.00018450150011866556
NIFTY_MIDCAP_100,2025-01-07,10,0.9687535774828777,0.021267359933156118,0.009049644379533874,0.0007732908072991996,0.00015612739713321926
NIFTY_MIDCAP_100,2025-01-08,10,0.9883733618266906,0.005593935377664872,0.005651440778804563,0.00024691946118863986,0.00013434255565156482
NIFTY_MIDCAP_100,2025-01-09,10,0.9757684626343964,0.008063054831028912,0.015410575801514503,0.0005671365859260212,0.0001907701471342519
NIFTY_MIDCAP_100,2025-01-10,10,0.9742643065607155,0.0035160479128709824,0.021765425754119824,0.00034343998766349143,0.00011077978463007098
NIFTY_MIDCAP_100,2025-01-14,10,0.992099142152999,0.0024950317018338918,0.005138926247177672,0.00010649583043057775,0.00016040406755873856
NIFTY_MIDCAP_100,2025-01-15,10,0.9917615493668932,0.0021070593077120578,0.005787179455299943,0.0002270419574381371,0.00011716991265674891
NIFTY_MIDCAP_100,2025-01-16,10,0.9910661627150258,0.0022486756921020904,0.006486032101105156,0.00010684661570944571,9.228287605761981e-05
NIFTY_MIDCAP_100,2025-01-17,10,0.9861477403201587,0.002918151182055342,0.01064321774725666,0.00013452265527530685,0.00015636809525383755
NIFTY_MIDCAP_100,2025-01-20,10,0.9738528051805398,0.009549867376724098,0.014941390832458152,0.00047515146238087474,0.001180785147896954
NIFTY_MIDCAP_100,2025-01-21,10,0.990552274216558,0.002640196769189978,0.0065681765495887445,0.00011694812768749882,0.00012240433697572012
NIFTY_MIDCAP_100,2025-01-22,10,0.9904027992451412,0.0031858505943299404,0.006131955067063507,0.0001248354987662973,0.00015455959469898935
NIFTY_MIDCAP_100,2025-01-23,10,0.9907437277454395,0.0035607816868664104,0.005487548928406514,0.00013658912507062698,7.13525142169216e-05
NIFTY_MIDCAP_100,2025-01-24,10,0.9913374408127635,0.004326866081693133,0.004200364102854057,8.147971502456875e-05,5.384928766470888e-05
NIFTY_MIDCAP_100,2025-01-29,10,0.977240689278322,0.017526675190186428,0.004986720105232293,0.00015017585079381507,9.573957546545464e-05
NIFTY_MIDCAP_100,2025-01-30,10,0.9806451278173897,0.013224643730490905,0.005900739389386978,0.0001426247105664309,8.68643521660258e-05
NIFTY_MIDCAP_100,2025-01-31,10,0.9867771901394209,0.005691110515016848,0.007328008621830897,0.00010479850830492165,9.889221542646738e-05
NIFTY_MIDCAP_100,2025-02-01,10,0.9915842469242616,0.004736605345470432,0.003516591742102965,0.0001063927133859835,5.616327477891514e-05
NIFTY_MIDCAP_100,2025-02-03,10,0.987137172487912,0.009784706877467662,0.0029380283366757685,8.466478131961221e-05,5.5427516624862156e-05
NIFTY_MIDCAP_100,2025-02-04,10,0.993238654191675,0.003029745591523966,0.003643574487835766,5.28896338533117e-05,3.5136095112095836e-05
NIFTY_MIDCAP_100,2025-02-05,10,0.9845322112116284,0.005765610866506446,0.009464015129405966,0.0001657477052158765,7.241508724348581e-05
NIFTY_MIDCAP_100,2025-02-06,10,0.9945770138305662,0.0028075844637801407,0.002518821905942027,6.819268801845182e-05,2.8387111693338285e-05
NIFTY_MIDCAP_100,2025-02-07,10,0.9826246862574938,0.012651671518444974,0.004548730578707753,0.00012449484251178305,5.041680284153643e-05
NIFTY_MIDCAP_100,2025-02-10,10,0.9876940563074025,0.004295750203959367,0.007812856421476489,0.00014395640893241196,5.3380658229287937e-05
NIFTY_MIDCAP_100,2025-02-11,10,0.9835113750639369,0.007349377832300555,0.008843915086491556,0.00019812639035469165,9.720562691626857e-05
NIFTY_MIDCAP_100,2025-02-13,10,0.9907467721806431,0.005544852553187094,0.0035859676381820465,8.670469785740793e-05,3.570293013017171e-05
NIFTY_MIDCAP_100,2025-02-18,10,0.9949765742313613,0.004011609380245079,0.0007917329918902411,0.0001213104853790317,9.877291112437452e-05
NIFTY_MIDCAP_100,2025-02-19,10,0.9910267874952631,0.007518550901587228,0.001281334313253693,7.710265299172281e-05,9.622463690449076e-05
NIFTY_MIDCAP_100,2025-02-20,10,0.9822148809154819,0.016498640694734903,0.0011099201396644195,9.189650161518365e-05,8.466174850352404e-05
NIFTY_MIDCAP_100,2025-02-21,10,0.9891102177597625,0.009857974442990363,0.0008285248267000091,0.00011050714349506078,9.277582705200115e-05
NIFTY_MIDCAP_100,2025-02-24,10,0.9898162385723048,0.008892047152532473,0.0010917943147054636,9.822620833137048e-05,0.00010169375212595551
NIFTY_MIDCAP_100,2025-02-25,10,0.9758135262387628,0.022792174626664993,0.0012385576260209319,9.646243794876941e-05,5.92790706024613e-05
NIFTY_MIDCAP_100,2025-02-27,10,0.9893053149423627,0.009179388767550768,0.0012697622173412147,0.00016578882127908767,7.974525146628954e-05
NIFTY_MIDCAP_100,2025-03-04,10,0.9851638633412131,0.01336042623958645,0.0011770586846639208,0.000199904569452257,9.874716508426961e-05
NIFTY_MIDCAP_100,2025-03-05,10,0.9579858079389096,0.0395066765301636,0.002189385711754926,0.00021463566143439428,0.00010349415773747205
NIFTY_MIDCAP_100,2025-03-06,10,0.03136641596386368,0.95547537505577,0.011475442293386925,0.0011322129184863988,0.0005505537684930081
NIFTY_MIDCAP_100,2025-03-07,10,0.032085529667349094,0.9522556719007448,0.013415049627178528,0.0015475070611215892,0.0006962417436060088
NIFTY_MIDCAP_100,2025-03-10,10,0.02416059415308112,0.9562046836655065,0.017693855616675375,0.0012995867684195625,0.0006412797963173926
NIFTY_MIDCAP_100,2025-03-11,10,0.01583769953522441,0.9709996095534088,0.01179962006494892,0.0009505053186141127,0.00041256552780388647
NIFTY_MIDCAP_100,2025-03-12,10,0.028438886459000917,0.9516683850763556,0.018255572884491054,0.0010405246493695541,0.0005966309307828572
NIFTY_MIDCAP_100,2025-03-13,10,0.0276175285253795,0.9413710936214627,0.0284688601744834,0.0017607538265486079,0.0007817638521258658
NIFTY_MIDCAP_100,2025-03-17,10,0.8751041681396755,0.11765886991212443,0.006683325160858527,0.0003854383115477924,0.00016819847579371887
NIFTY_MIDCAP_100,2025-03-18,10,0.03579381816350495,0.9445328455852002,0.018466251724992087,0.0008827160897001314,0.0003243684366026957
NIFTY_MIDCAP_100,2025-03-19,10,0.038135380213825266,0.9166839416447576,0.042225594605139055,0.0023441501606175415,0.0006109333756605589
NIFTY_MIDCAP_100,2025-03-20,10,0.9542019320744075,0.03986956379954168,0.005468370656602197,0.00037934859838151984,8.078487106712447e-05
NIFTY_MIDCAP_100,2025-03-21,10,0.9729317998210729,0.022905497883507604,0.003933939878754875,0.00014793859213739092,8.082382452734414e-05
NIFTY_MIDCAP_100,2025-03-24,10,0.9741766633808732,0.013007554894949296,0.012275315982653384,0.0002743569165294497,0.00026610882499466284
NIFTY_MIDCAP_100,2025-03-25,10,0.9702348068818998,0.022457637618536717,0.006770280805085293,0.000267950945234639,0.00026932374924373565
NIFTY_MIDCAP_100,2025-03-26,10,0.9470420120649281,0.03711047552964143,0.015478096852874094,0.00025822738243244523,0.0001111881701239111
NIFTY_MIDCAP_100,2025-03-27,10,0.0015747530728039724,0.9330734880823469,0.06303376346844206,0.0013138344368873274,0.0010041609395198185
NIFTY_MIDCAP_100,2025-03-28,10,0.0014084945591696936,0.9324095694136973,0.06400487070978082,0.0012368629142488828,0.000940202403103193
NIFTY_MIDCAP_100,2025-04-01,10,0.020759733145942722,0.925714860066046,0.051507600865777936,0.0012676436392629862,0.0007501622829704529
NIFTY_MIDCAP_100,2025-04-02,10,0.010241671838984901,0.9397347574418787,0.048266913023936035,0.000967700523594651,0.0007889571716059665
NIFTY_MIDCAP_100,2025-04-03,10,0.019451797067893118,0.8855605152424288,0.09185729742564117,0.0017203310517006885,0.00141005921233627
NIFTY_MIDCAP_100,2025-04-04,10,0.010916483726477822,0.07810088539528885,0.9088899738313853,0.0015114476481435158,0.0005812093987046609
NIFTY_MIDCAP_100,2025-04-07,10,0.008158983652078886,0.05135124160752816,0.9387342432103338,0.0013248146570030695,0.00043071687305611995
NIFTY_MIDCAP_100,2025-04-08,10,0.005449246960626053,0.028368108754079198,0.9649422750768689,0.0007930650160804895,0.00044730419234524253
NIFTY_MIDCAP_100,2025-04-09,10,0.011612285472776547,0.027916185446803247,0.9592581194966489,0.0008094991353171086,0.0004039104484542089
NIFTY_MIDCAP_100,2025-04-11,10,0.00751199000169197,0.08834804197781639,0.902668378211578,0.0009750177231920342,0.0004965720857217104
NIFTY_MIDCAP_100,2025-04-15,10,0.00557431338411045,0.9063492196469147,0.08645793790246799,0.00107832236835478,0.0005402066981521595
NIFTY_MIDCAP_100,2025-04-16,10,0.007854196522490007,0.8795216089363539,0.10982170455803182,0.0018539952581881004,0.0009484947249359729
NIFTY_MIDCAP_100,2025-04-17,10,0.00451395337611222,0.08944414465583193,0.904433211241448,0.0009797430606487258,0.0006289476659591386
NIFTY_MIDCAP_100,2025-04-21,10,0.0035817568162810048,0.09987786398076373,0.8926376048149418,0.0024070564401071325,0.0014957179479060407
NIFTY_MIDCAP_100,2025-04-22,10,0.00039855313642839804,0.9231307114571771,0.0669462305986661,0.008676346673520945,0.0008481581342076033
NIFTY_MIDCAP_100,2025-04-23,10,0.0003388005091578969,0.937269050670425,0.04691678284011622,0.014545474777777557,0.0009298912025233403
NIFTY_MIDCAP_100,2025-04-24,10,0.00047223139433391105,0.9102952664224728,0.07397422167210004,0.014156504795257176,0.0011017757158358872
NIFTY_MIDCAP_100,2025-04-25,10,0.00041435080498145277,0.019978295610882293,0.9699631559114651,0.008082955531713445,0.0015612421409577249
NIFTY_MIDCAP_100,2025-04-28,10,0.0003951293948568061,0.009999174326414262,0.9642200774806475,0.024340130062985743,0.001045488735095693
NIFTY_MIDCAP_100,2025-04-29,10,0.0002690273504869838,0.006484941044054555,0.9755215707237325,0.014512969102502488,0.003211491779223486
NIFTY_MIDCAP_100,2025-04-30,10,0.00036551185705491234,0.00928056198221588,0.9746244995957767,0.013362702533133888,0.0023667240318184777
NIFTY_MIDCAP_100,2025-05-02,10,0.00042715900124772494,0.012740988539218241,0.9768764901785344,0.008943577627752336,0.0010117846532472163
NIFTY_MIDCAP_100,2025-05-05,10,0.00030943872155691414,0.0016590996674004303,0.9865870595356891,0.011033181828856872,0.0004112202464967031
NIFTY_MIDCAP_100,2025-05-06,10,0.0008895879230791767,0.005768961915704585,0.9717429034969559,0.020427037253227226,0.001171509411033
NIFTY_MIDCAP_100,2025-05-07,10,0.0004586112636189078,0.0026272564932516727,0.9864738926265685,0.00979482007922188,0.0006454195373390593
NIFTY_MIDCAP_100,2025-05-08,10,0.0010169825274839249,0.00734258843702955,0.9799060410484743,0.010619635159748413,0.0011147528272637923
NIFTY_MIDCAP_100,2025-05-09,10,0.0006421239433614605,0.005209383998929388,0.9871257297581504,0.006032144144052649,0.0009906181555062565
NIFTY_MIDCAP_100,2025-05-12,10,0.00027888907152845513,0.0024464614278927707,0.980071730321303,0.015780479606318454,0.001422439572957158
NIFTY_MIDCAP_100,2025-05-13,10,0.00041292063039881117,0.004137237363932169,0.9791884547550717,0.015576651447367864,0.0006847358032294952
NIFTY_MIDCAP_100,2025-05-14,10,0.00039294166053766174,0.002648767633283324,0.9796172995540932,0.016755423319914312,0.000585567832171417
NIFTY_MIDCAP_100,2025-05-15,10,0.0005801765707103418,0.0022344869960400234,0.9801105271171469,0.015980652286469863,0.0010941570296331097
NIFTY_MIDCAP_100,2025-05-16,10,0.0006702620214603238,0.010003958496702334,0.963118870556409,0.024783973934448675,0.0014229349909796777
NIFTY_MIDCAP_100,2025-05-19,10,0.0002774883594276021,0.002961958667323307,0.9823600254884742,0.013916317980704036,0.00048420950407072503
NIFTY_MIDCAP_100,2025-05-20,10,0.0002791703541462848,0.0015774813601265925,0.9804894463734668,0.01659245956422994,0.001061442348030622
NIFTY_MIDCAP_100,2025-05-21,10,0.00035295510131732737,0.001520878965170408,0.9700176992489704,0.027103951505525845,0.0010045151790159792
NIFTY_MIDCAP_100,2025-05-22,10,0.00035538585741159994,0.0015126841221666275,0.9606156293795151,0.03640007721880448,0.0011162234221023355
NIFTY_MIDCAP_100,2025-05-23,10,0.00034299221472373345,0.0012719744534942787,0.9211146332824837,0.07614786694516695,0.0011225331041316237
NIFTY_MIDCAP_100,2025-05-26,10,0.000242543360358062,0.0009331676192115333,0.08086776075289996,0.9175518276926086,0.0004047005749220547
NIFTY_MIDCAP_100,2025-05-27,10,0.00022568285643172778,0.0007788151827819108,0.060323816518887845,0.9381100068944414,0.0005616785474570241
NIFTY_MIDCAP_100,2025-05-28,10,0.00020057050742786908,0.0007982041506080083,0.09248914535908608,0.9058999315982682,0.000612148384609912
NIFTY_MIDCAP_100,2025-05-29,10,0.00020534881497058703,0.0008372365167048526,0.9583082069770547,0.04012412750628196,0.0005250801849878946
NIFTY_MIDCAP_100,2025-05-30,10,0.00025206290820297837,0.0009520530741541956,0.9715576769551496,0.02612895741802418,0.0011092496444690498
NIFTY_MIDCAP_100,2025-06-02,10,0.00017209989861724788,0.0007324575096899645,0.9834862661752745,0.015065369003425573,0.000543807412992821
NIFTY_MIDCAP_100,2025-06-03,10,0.00025722866360022845,0.0010353932523620918,0.9764572931402551,0.019198119430910283,0.0030519655128720294
NIFTY_MIDCAP_100,2025-06-04,10,0.0001937353975057738,0.0008520844061702225,0.9814876102680603,0.01676695147723282,0.0006996184510310554
NIFTY_MIDCAP_100,2025-06-05,10,0.00016238211708750642,0.00047587982541216913,0.9842960767111633,0.014399348189914517,0.000666313156422688
NIFTY_MIDCAP_100,2025-06-06,10,0.00034344555381463684,0.001198096132084953,0.9519671468695922,0.04443439112996802,0.0020569203145402487
NIFTY_MIDCAP_100,2025-06-09,10,0.00034363566420397986,0.001022955513043825,0.9707887472128409,0.024906336880332836,0.002938324729578513
NIFTY_MIDCAP_100,2025-06-10,10,0.00030881055761847935,0.0013887886661967867,0.9810133427178215,0.015269995477636219,0.0020190625807269807
NIFTY_MIDCAP_100,2025-06-11,10,0.0002598329746456203,0.0016683333900919224,0.9658690822837892,0.0316011226059167,0.0006016287455563955
NIFTY_MIDCAP_100,2025-06-12,10,0.00026072239064497607,0.003550541444802784,0.9243018809609785,0.07081183002294078,0.0010750251806328675
NIFTY_MIDCAP_100,2025-06-13,10,0.0002872249227187987,0.0021568393175932037,0.9074948995585084,0.08921038652628561,0.000850649674894136
NIFTY_MIDCAP_100,2025-06-16,10,0.0003209675604930956,0.002385825404994359,0.1034614041846627,0.8926520316656712,0.001179771184178612
NIFTY_MIDCAP_100,2025-06-17,10,0.0003492608683911657,0.004867735205166299,0.0840001600058931,0.9098097558390441,0.000973088081505323
NIFTY_MIDCAP_100,2025-06-18,10,0.00028400217845307355,0.003672408472508784,0.061862344077589206,0.9312577677792142,0.0029234774922346192
NIFTY_MIDCAP_100,2025-06-19,10,0.00021588530622262714,0.002027978871701304,0.08692342921697319,0.9082669021157628,0.002565804489340085
NIFTY_MIDCAP_100,2025-06-20,10,0.0002295662984165679,0.002452152142068994,0.13379586575061517,0.8609140145554849,0.002608401253414234
NIFTY_MIDCAP_100,2025-06-23,10,0.00030927479479059023,0.004757692158870102,0.905369579557108,0.07389966025385303,0.01566379323537821
NIFTY_MIDCAP_100,2025-06-24,10,0.00030025588710161523,0.009994204338861001,0.9115893622443108,0.07266640375491167,0.005449773774814924
NIFTY_MIDCAP_100,2025-06-25,10,0.0003075484368242006,0.013026453195172661,0.9580464060538535,0.022911971775219992,0.005707620538929841
NIFTY_MIDCAP_100,2025-06-26,10,0.0002033243955445183,0.003211064628939801,0.9838488128209041,0.010594231289889514,0.002142566864722025
NIFTY_MIDCAP_100,2025-06-27,10,0.00015408642793007842,0.002421577674347451,0.9832181132052586,0.013427772217980773,0.0007784504744831318
NIFTY_MIDCAP_100,2025-06-30,10,0.00011916266469441279,0.0018973083240445543,0.9921636376874371,0.005043981727077443,0.0007759095967467739
NIFTY_MIDCAP_100,2025-07-01,10,0.00018388550756899978,0.0023769856357273413,0.9907194311333888,0.005870420395703212,0.0008492773276118085
NIFTY_MIDCAP_100,2025-07-02,10,0.00019805637065520594,0.0018913145059632258,0.9874827344662211,0.009480472172997198,0.000947422484163123
NIFTY_MIDCAP_100,2025-07-03,10,0.00018190250323853383,0.0014737426127341348,0.9846727793776444,0.01300758499993728,0.000663990506445787
NIFTY_MIDCAP_100,2025-07-04,10,0.00018953187575231466,0.0017528428906955183,0.9810449700672125,0.015657641869991135,0.0013550132963485698
NIFTY_MIDCAP_100,2025-07-07,10,0.00021810163039254768,0.002716540622459744,0.9729134421911355,0.023228008862147393,0.0009239066938650636
NIFTY_MIDCAP_100,2025-07-08,10,0.0002484216918107971,0.017442113608132855,0.9633202314768027,0.017988400396390193,0.0010008328268635818
NIFTY_MIDCAP_100,2025-07-09,10,0.0002723011138882937,0.016132907151551697,0.9722255669503473,0.00927573686523099,0.002093487918981599
NIFTY_MIDCAP_100,2025-07-10,10,0.0002702831143810037,0.045872392876004024,0.947293733716725,0.005560909812680657,0.0010026804802094268
NIFTY_MIDCAP_100,2025-07-11,10,9.72371401756321e-05,0.9408060149000725,0.049697710951627026,0.008999786689330144,0.0003992503187947644
NIFTY_MIDCAP_100,2025-07-14,10,0.00011975430039826318,0.914747459586031,0.08024938586580647,0.004470665437801451,0.00041273480996290794
NIFTY_MIDCAP_100,2025-07-15,10,6.10648504191555e-05,0.9759907517080132,0.020237974405386456,0.0035536744368949934,0.0001565345992865175
NIFTY_MIDCAP_100,2025-07-16,10,6.013837622944338e-05,0.9790269731078353,0.019042574816170832,0.001696994659018694,0.000173319040745965
NIFTY_MIDCAP_100,2025-07-17,10,6.5794373433209e-05,0.9651740668793397,0.03246408066576454,0.002110231055882439,0.00018582702558019886
NIFTY_MIDCAP_100,2025-07-18,10,9.286545224902161e-05,0.9715239498898094,0.02633767347106186,0.0017891423910890267,0.0002563687957907201
NIFTY_MIDCAP_100,2025-07-21,10,6.8799861638734e-05,0.97661692536609,0.020728290310991764,0.00245147347407963,0.0001345109871998757
NIFTY_MIDCAP_100,2025-07-22,10,0.00013357277804472727,0.9615681623473237,0.03471366340736126,0.0031368982991553706,0.0004477031681150757
NIFTY_MIDCAP_100,2025-07-23,10,0.00011727233142122908,0.9483594653096272,0.04638807201295547,0.004901581566516916,0.0002336087794792443
NIFTY_MIDCAP_100,2025-07-24,10,7.002811354765593e-05,0.9792733560893127,0.017958659174475013,0.0024800763768484026,0.0002178802458163616
NIFTY_MIDCAP_100,2025-07-25,10,0.00046967595092019536,0.9306454729754075,0.06464162427108966,0.003922424126892262,0.000320802675690327
NIFTY_MIDCAP_100,2025-07-28,10,0.0006929112611577882,0.9176530955615763,0.07604264156589154,0.005286886025418028,0.0003244655859563422
NIFTY_MIDCAP_100,2025-07-29,10,0.0003246216702783125,0.9561671246894448,0.041992552142654835,0.0013725413180481615,0.00014316017957399468
NIFTY_MIDCAP_100,2025-07-30,10,0.0003234837481219385,0.9407723011518565,0.05748558571598852,0.00124099887684928,0.00017763050718382377
NIFTY_MIDCAP_100,2025-07-31,10,0.0004910282178631509,0.904547827221589,0.09320132628196888,0.001560435617385995,0.00019938266119305046
NIFTY_MIDCAP_100,2025-08-01,10,0.0009224190030300683,0.886640116823108,0.11117695856875229,0.0009535490918104216,0.00030695651329926615
NIFTY_MIDCAP_100,2025-08-04,10,0.001450918135281058,0.07499437028249938,0.9208022279453222,0.0024246917185063153,0.00032779191839107735
NIFTY_MIDCAP_100,2025-08-05,10,0.0012788521552135703,0.08203920152195092,0.9113994162378712,0.0048532438407228335,0.00042928624424143363
NIFTY_MIDCAP_100,2025-08-06,10,0.0028106641262100767,0.10996656391477551,0.8843482046544284,0.0022235153050505813,0.000651051999535418
NIFTY_MIDCAP_100,2025-08-07,10,0.0013955117983995092,0.06429258912485653,0.9317799571133446,0.002002914423392254,0.0005290275400071742
NIFTY_MIDCAP_100,2025-08-08,10,0.0022508332427136233,0.0801380535915645,0.9157701568465644,0.001404223679827637,0.0004367326393298606
NIFTY_MIDCAP_100,2025-08-11,10,0.0011892511722204418,0.894697672333035,0.10273765013009324,0.00104849569738226,0.00032693066726916854
NIFTY_MIDCAP_100,2025-08-12,10,0.0007925769283463031,0.951558369743662,0.0464422857688173,0.0008803711648635621,0.00032639639431068947
NIFTY_MIDCAP_100,2025-08-13,10,0.0004669867835245654,0.9667163627022247,0.03205500237629653,0.0005758872267701542,0.0001857609111840968
NIFTY_MIDCAP_100,2025-08-14,10,0.0007658219389893952,0.963939555984814,0.034359897950824496,0.0007033470903736794,0.0002313770349984971
NIFTY_MIDCAP_100,2025-08-18,10,0.001694230621994363,0.9054362508664465,0.08784417188978104,0.0045730192175298685,0.00045232740424822326
NIFTY_MIDCAP_100,2025-08-19,10,0.0019156128733312404,0.124023439395363,0.8645979707547568,0.008689070667460433,0.0007739063090887183
NIFTY_MIDCAP_100,2025-08-20,10,0.0007172711280895583,0.8836608223462804,0.11042564961101609,0.004591876255517041,0.0006043806590968946
NIFTY_MIDCAP_100,2025-08-21,10,0.0009580630255592279,0.9078061230585823,0.08708286222571233,0.003724054804281964,0.0004288968858639512
NIFTY_MIDCAP_100,2025-08-22,10,0.0027689980431511033,0.9138189154772437,0.07889068486314929,0.003975476484877284,0.000545925131578888
NIFTY_MIDCAP_100,2025-08-25,10,0.00038227364246817423,0.9085519374965326,0.086219095844193,0.004296336839055912,0.0005503561777501039
NIFTY_MIDCAP_100,2025-08-26,10,0.0035391305063377262,0.0944914267599358,0.8968338463590305,0.004387348148213593,0.0007482482264824303
NIFTY_MIDCAP_100,2025-08-28,10,0.0016482937148803662,0.02473526687209182,0.9699134786907226,0.0032310030223913553,0.000471957699913868
NIFTY_MIDCAP_100,2025-08-29,10,0.002340165341026111,0.03935809508167945,0.9527699763728594,0.004964832593997387,0.0005669306104375623
NIFTY_MIDCAP_100,2025-09-01,10,0.0035898977251141995,0.02844184777649473,0.9630389702884782,0.004337759662267722,0.0005915245476451965
NIFTY_MIDCAP_100,2025-09-02,10,0.0037104113474341247,0.022301812997857374,0.9643786387169612,0.009183359990187092,0.0004257769475602067
NIFTY_MIDCAP_100,2025-09-03,10,0.0023121002100442395,0.04055393511209814,0.9526449603644855,0.004092043518219027,0.0003969607951531739
NIFTY_MIDCAP_100,2025-09-04,10,0.005086029389527949,0.032021889540953634,0.9580952160638466,0.0043077639784381925,0.0004891010272337218
NIFTY_MIDCAP_100,2025-09-05,10,0.0036810079759245803,0.026205618383723046,0.9664138666443878,0.003344549122785128,0.0003549578731794096
NIFTY_MIDCAP_100,2025-09-08,10,0.002376070576656108,0.032552500123494775,0.9576065281003376,0.007161468565983792,0.0003034326335279242
NIFTY_MIDCAP_100,2025-09-09,10,0.002737193431670011,0.04956948879073162,0.9401056364124478,0.007282753638616124,0.00030492772653432156
NIFTY_MIDCAP_100,2025-09-10,10,0.0017907913986920426,0.0817184108283962,0.9058797067392869,0.010179935994721619,0.0004311550389032343
NIFTY_MIDCAP_100,2025-09-11,10,0.0006796209952343053,0.07619358312420924,0.9181266106294059,0.004568837573944981,0.00043134767720574125
NIFTY_MIDCAP_100,2025-09-12,10,0.0015823176662127405,0.8394722975667581,0.15381417490402075,0.004564204461794709,0.0005670054012136047
NIFTY_MIDCAP_100,2025-09-15,10,0.0007505701958046164,0.89449512757642,0.09653623683900858,0.0071198564333214455,0.0010982089554453023
NIFTY_MIDCAP_100,2025-09-16,10,0.00016390583677534004,0.9109986789739726,0.0854463754434642,0.0029186656132102187,0.00047237413257773483
NIFTY_MIDCAP_100,2025-09-17,10,0.00014958553342440657,0.9222794756270115,0.07485516156475087,0.0022522353330920587,0.0004635419417211417
NIFTY_MIDCAP_100,2025-09-18,10,0.0003838190901435832,0.016230871589707416,0.9715925598924572,0.01074804775059831,0.0010447016770934571
NIFTY_MIDCAP_100,2025-09-19,10,0.0005643218093298568,0.020306349135468454,0.965048590376835,0.012205864367482621,0.001874874310884041
NIFTY_MIDCAP_100,2025-09-22,10,0.00018892633054735233,0.012420499790316042,0.9817404347028268,0.005211851294321642,0.0004382878819880693
NIFTY_MIDCAP_100,2025-09-23,10,0.00031213851909767023,0.017751491439475683,0.9630600942667067,0.01780996178897535,0.0010663139857445228
NIFTY_MIDCAP_100,2025-09-24,10,0.0002447410248424473,0.018319613820000344,0.9696871167580224,0.011080455791579834,0.000668072605555028
NIFTY_MIDCAP_100,2025-09-25,10,0.002946317923915912,0.031232896204837275,0.9575186406478345,0.00790985228123608,0.0003922929421762708
NIFTY_MIDCAP_100,2025-09-26,10,0.001639018908062679,0.031370002290087684,0.9643890417278836,0.0021690737120886924,0.00043286336187741537
NIFTY_MIDCAP_100,2025-09-29,10,0.0015713721563531118,0.025080757302348704,0.9709050664266016,0.001820366485499023,0.000622437629197714
NIFTY_MIDCAP_100,2025-09-30,10,0.0013845177116969909,0.07523012735321745,0.920245292273707,0.0025927658483552466,0.0005472968130233072
NIFTY_MIDCAP_100,2025-10-01,10,0.0009302186622489655,0.025027031495505943,0.9642599267900048,0.009207125258848438,0.0005756977933916879
NIFTY_MIDCAP_100,2025-10-03,10,0.0011217239647201996,0.00794843489746034,0.9870844167527619,0.0034748267056957283,0.00037059767936172694
NIFTY_MIDCAP_100,2025-10-06,10,0.0008331795949224711,0.02816002986431537,0.9501877022341875,0.019984448049054686,0.0008346402575202049
NIFTY_MIDCAP_100,2025-10-07,10,0.0006600671565399988,0.017943313611584116,0.968351507180113,0.01162325737868656,0.0014218546730763915
NIFTY_MIDCAP_100,2025-10-08,10,0.0017087223731773263,0.028091679707263697,0.953057712488844,0.01475384035765107,0.0023880450730639226
NIFTY_MIDCAP_100,2025-10-09,10,0.0005282184628411031,0.020246808146867388,0.9538690556927811,0.023870898917424686,0.0014850187800857688
NIFTY_MIDCAP_100,2025-10-10,10,0.0003037394195206564,0.023569914107369413,0.9563475352350497,0.014301919505554987,0.005476891732505224
NIFTY_MIDCAP_100,2025-10-13,10,0.00024963921969599416,0.019064768367159098,0.9633756244019969,0.012718667012488132,0.0045913009986600405
NIFTY_MIDCAP_100,2025-10-14,10,0.00021269792142041683,0.014196794147044976,0.9669747520160895,0.017223605766261432,0.0013921501491837753
NIFTY_MIDCAP_100,2025-10-15,10,0.00019136692294322868,0.01152953931188989,0.9782776753065632,0.009465438095947092,0.0005359803626564353
NIFTY_MIDCAP_100,2025-10-16,10,0.00015877953309307137,0.007038096733064835,0.9870867367204984,0.005298707058819693,0.00041767995452411807
NIFTY_MIDCAP_100,2025-10-17,10,0.00016289527480247389,0.006643690418892046,0.9850820359688358,0.007854474500818213,0.0002569038366512477
NIFTY_MIDCAP_100,2025-10-20,10,0.00017651283954006202,0.004032173305227539,0.9878370079735425,0.007394520600535315,0.0005597852811546369
NIFTY_MIDCAP_100,2025-10-21,10,0.0002277835796338464,0.004206128651891481,0.9878734883402637,0.007248084920595861,0.0004445145076152079
NIFTY_MIDCAP_100,2025-10-23,10,0.00018994298963213914,0.004010468863044562,0.9867414996917995,0.008723937343350887,0.0003341511121728696
NIFTY_MIDCAP_100,2025-10-27,10,0.00011129085709129288,0.0010812748838385329,0.9954381269901175,0.0031273124070185145,0.0002419948619340354
NIFTY_MIDCAP_100,2025-10-28,10,0.0001672370106278802,0.0016627345962773946,0.992572647824636,0.005230463171887798,0.00036691739657095974
NIFTY_MIDCAP_100,2025-10-29,10,0.000255005773744546,0.008468986924676585,0.9829561130356425,0.007774404382134546,0.0005454898838020648
NIFTY_MIDCAP_100,2025-10-30,10,0.0002733308028628533,0.008782281730741066,0.9774952881041562,0.01290124880737831,0.0005478505548616618
NIFTY_MIDCAP_100,2025-10-31,10,0.00033141937431512816,0.00708481125913924,0.19915680740552313,0.7925894294955531,0.0008375324654694229
NIFTY_MIDCAP_100,2025-11-03,10,0.00036041393752231745,0.00902529106159511,0.9465373578770612,0.04335470737842305,0.0007222297453982525
NIFTY_MIDCAP_100,2025-11-04,10,0.00032353194031456265,0.004362472371893359,0.9661045138714042,0.028548181393098084,0.0006613004232898984
NIFTY_MIDCAP_100,2025-11-06,10,0.00022865866561186632,0.003670429749527671,0.9844741037357083,0.011339130933191924,0.0002876769159603979
NIFTY_MIDCAP_100,2025-11-07,10,0.0002528226194108277,0.005300043369863725,0.9787115430079787,0.015331890178955048,0.00040370082379171247
NIFTY_MIDCAP_100,2025-11-10,10,0.00022531654408185467,0.008544744901926634,0.979622696369241,0.011171944707778405,0.0004352974769721624
NIFTY_MIDCAP_100,2025-11-11,10,0.00019533572302764813,0.007940016514512057,0.9841041789526818,0.007389299860409383,0.00037116894936902004
NIFTY_MIDCAP_100,2025-11-12,10,0.00027044516798346646,0.0038522152878372783,0.9778850891612886,0.01597835181889057,0.0020138985640001526
NIFTY_MIDCAP_100,2025-11-13,10,0.0003965540598383726,0.005495447116708605,0.9771829492262545,0.01548482537224868,0.0014402242249497293
NIFTY_MIDCAP_100,2025-11-14,10,0.0002909634779913856,0.007782748483600939,0.9817949416541402,0.008619665426859902,0.0015116809574075027
NIFTY_MIDCAP_100,2025-11-17,10,0.0003790091245243277,0.005733508607053486,0.9714556511779441,0.013143598037575286,0.00928823305290287
NIFTY_MIDCAP_100,2025-11-18,10,0.00029041626691743617,0.007161880057845446,0.9788633911908542,0.011999240800511396,0.0016850716838715224
NIFTY_MIDCAP_100,2025-11-19,10,0.00024637407565714737,0.006536564275055572,0.9810750337514227,0.009853434584773918,0.0022885933130905862
NIFTY_MIDCAP_100,2025-11-20,10,0.00021943373649052872,0.007183013122924545,0.9814369892974012,0.009222425855502215,0.0019381379876812822
NIFTY_MIDCAP_100,2025-11-21,10,0.00023180542796421918,0.013558324215760968,0.9784788396323016,0.006924812803189604,0.0008062179207837382
NIFTY_MIDCAP_100,2025-11-24,10,0.00018644088305049583,0.00585149560252519,0.9867079827731108,0.006446465907304592,0.0008076148340091696
NIFTY_MIDCAP_100,2025-11-25,10,0.0002540869385982035,0.010233943218789348,0.9755113503680897,0.01281977358505215,0.0011808458894707406
NIFTY_MIDCAP_100,2025-11-26,10,0.00018772863484392414,0.7921443933682978,0.19619558649100985,0.010010475632330571,0.0014618158735177941
NIFTY_MIDCAP_100,2025-11-27,10,0.00027217121829614443,0.06768222090737391,0.9087697681551047,0.02036476171517875,0.002911078004046524
NIFTY_MIDCAP_100,2025-11-28,10,0.00027254350856891835,0.01916630127745334,0.9554444650753062,0.022400136805846314,0.002716553332825216
NIFTY_MIDCAP_100,2025-12-01,10,0.0002127727113868787,0.03318998369700664,0.9484811289883351,0.016397729477287792,0.0017183851259834717
NIFTY_MIDCAP_100,2025-12-02,10,0.0002793883931418021,0.018688835112105097,0.962362080130233,0.01586397984558103,0.002805716518939067
NIFTY_MIDCAP_100,2025-12-03,10,0.0003352541489196901,0.012636981880943813,0.9742018077127347,0.011796225728662908,0.0010297305287389363
NIFTY_MIDCAP_100,2025-12-04,10,0.00027506180548687626,0.011196328173103426,0.9811337276927893,0.006328195636516096,0.0010666866921043518
NIFTY_MIDCAP_100,2025-12-05,10,0.0003012747716843725,0.0368748228137468,0.9517558488763456,0.00979720989109285,0.0012708436471305304
NIFTY_MIDCAP_100,2025-12-08,10,0.0006338755896102676,0.01293728906694011,0.9810999625898269,0.005055892116149612,0.00027298063747303387
NIFTY_MIDCAP_100,2025-12-09,10,0.0003138512202641128,0.02137129894615342,0.9739554800366168,0.00414712986377948,0.00021223993318626196
NIFTY_MIDCAP_100,2025-12-10,10,0.0008143907854869502,0.028015065104596087,0.9666039243294984,0.004282468238915363,0.0002841515415031977
NIFTY_MIDCAP_100,2025-12-11,10,0.0016983385436594568,0.0077517190763063655,0.9884713544020909,0.001889760313685077,0.00018882766425837053
NIFTY_MIDCAP_100,2025-12-12,10,0.00044244975829474837,0.034806291653605534,0.9575269106938716,0.006852545855848826,0.00037180203837929813
NIFTY_MIDCAP_100,2025-12-15,10,0.0005289540040403184,0.041825625727632224,0.9524592892445484,0.004670529143291524,0.0005156018804876298
NIFTY_MIDCAP_100,2025-12-16,10,0.0022714726630021936,0.03224179598827914,0.962197937438076,0.003012389301878387,0.00027640460876404905
NIFTY_MIDCAP_100,2025-12-17,10,0.000990092025870579,0.026386820506643822,0.9705804009368109,0.001824780675850531,0.000217905854824406
NIFTY_MIDCAP_100,2025-12-18,10,0.0013998145946591814,0.046001950568875974,0.9476156493952327,0.004530366730090511,0.0004522187111416324
NIFTY_MIDCAP_100,2025-12-19,10,0.000771811639720576,0.09359328033666513,0.8934352765279717,0.011089106019372151,0.001110525476270453
NIFTY_MIDCAP_100,2025-12-22,10,0.0017211451428995935,0.0564563143069095,0.9231311300440608,0.01684715502001323,0.0018442554861167152
NIFTY_MIDCAP_100,2025-12-23,10,0.002702859062994296,0.04141917032746388,0.9396037638944512,0.013481403480207474,0.0027928032348830917
NIFTY_MIDCAP_100,2025-12-24,10,0.001501433359717027,0.10031975617057232,0.8871914050224049,0.009484001741527278,0.001503403705778526
NIFTY_MIDCAP_100,2025-12-26,10,0.00016218900033836017,0.853398686216197,0.14441542855608563,0.0017098399624731698,0.0003138562649058827
NIFTY_MIDCAP_100,2025-12-29,10,0.00016625711069590741,0.9393620267043381,0.057626439121853106,0.0026205314356999893,0.00022474562741295893
NIFTY_MIDCAP_100,2025-12-30,10,0.00013092046380965545,0.9549756981447756,0.04166980521584254,0.0030135435272346423,0.00021003264833741392
NIFTY_MIDCAP_100,2025-12-31,10,9.079232237258794e-05,0.9742924339150923,0.023635934037379406,0.00169151900373206,0.0002893207214235052
NIFTY_MIDCAP_100,2026-01-01,10,0.00014769203832311204,0.9464914839911277,0.05114981301838164,0.0014178562797545404,0.0007931546724131786
NIFTY_MIDCAP_100,2026-01-02,10,0.00013298930345037808,0.9679350745910908,0.028831002285969704,0.002506337583910882,0.0005945962355780046
NIFTY_MIDCAP_100,2026-01-05,10,8.150594504101322e-05,0.9798845198703305,0.0185983819470029,0.0010410338358982226,0.0003945584017271969
NIFTY_MIDCAP_100,2026-01-06,10,7.472297460159393e-05,0.9835282677597712,0.013033079254427857,0.00311993478902291,0.0002439952221763718
NIFTY_MIDCAP_100,2026-01-07,10,0.00024272243020479457,0.9487494924062513,0.03609099356889088,0.014254508599123554,0.0006622829955295524
NIFTY_MIDCAP_100,2026-01-08,10,0.0002693134496404027,0.9568597686073737,0.037072780318666086,0.005350290541897115,0.0004478470824228238
NIFTY_MIDCAP_100,2026-01-09,10,0.9122251166098791,0.061248979210732704,0.024627622243511522,0.0017142022606872638,0.0001840796751893883
NIFTY_MIDCAP_100,2026-01-12,10,0.005107035335210482,0.9477748951911089,0.0438465411015426,0.002945473652298903,0.0003260547198393451
NIFTY_MIDCAP_100,2026-01-13,10,0.001971742872832801,0.9476408916793628,0.047896086819497447,0.002157181016921636,0.0003340976113854686
NIFTY_MIDCAP_100,2026-01-14,10,0.0028566198769447533,0.9329871269316307,0.0609482240009955,0.0028607654125179485,0.0003472637779110277
NIFTY_MIDCAP_100,2026-01-15,10,0.004502179338821205,0.9234222929919648,0.06612027698845313,0.005598529446518071,0.0003567212342428969
NIFTY_MIDCAP_100,2026-01-16,10,0.011754779954909537,0.836417036008517,0.14720270481671818,0.004180115703736867,0.0004453635161182237
NIFTY_MIDCAP_100,2026-01-19,10,0.004315958183665815,0.19631186794263875,0.7951176748409933,0.0036667779253028213,0.0005877211073994219
NIFTY_MIDCAP_100,2026-01-20,10,0.0054514566088473436,0.09231722733869863,0.8983824961690474,0.003291048533647633,0.0005577713497588202
NIFTY_MIDCAP_100,2026-01-21,10,0.00387244224044858,0.012218215098825844,0.9830127749844993,0.0006310850840753038,0.0002654825921509054
NIFTY_MIDCAP_100,2026-01-22,10,0.002871314392516508,0.0529897375988636,0.9421135076401942,0.0014762172418914758,0.0005492231265341745
NIFTY_MIDCAP_100,2026-01-23,10,0.013661402114305833,0.042607481365548976,0.9413597962828512,0.001751692385618221,0.0006196278516757589
NIFTY_MIDCAP_100,2026-01-27,10,0.011308322098119607,0.017526142211257045,0.9698577150204131,0.000935449223011735,0.00037237144719861297
NIFTY_MIDCAP_100,2026-01-28,10,0.0030533855018176443,0.06918731057988645,0.9251054571804656,0.0020337524514198848,0.000620094286410435
NIFTY_MIDCAP_100,2026-01-29,10,0.004370734005918082,0.04925454994348716,0.9424843036059143,0.003047043457242091,0.0008433689874385685
NIFTY_MIDCAP_100,2026-01-30,10,0.0032585942312056697,0.8341050165877605,0.15977392147761807,0.0022550997647360457,0.0006073679386796376
NIFTY_MIDCAP_100,2026-02-02,10,0.01591135320470837,0.1236944426308468,0.8563015696535619,0.002992290179318214,0.0011003443315648607
NIFTY_MIDCAP_100,2026-02-03,10,0.0052188047957638,0.10105606222975506,0.8829493979599097,0.010044087263625408,0.0007316477509457874
NIFTY_MIDCAP_100,2026-02-04,10,0.006590500095558493,0.03706101888979794,0.950814669804812,0.00469202978627234,0.000841781423559237
NIFTY_MIDCAP_100,2026-02-05,10,0.004711600283024795,0.9322559585640001,0.060167639478903516,0.002375052750939699,0.0004897489231317177
NIFTY_MIDCAP_100,2026-02-06,10,0.0068543727156064466,0.9383494635691917,0.0519504951022362,0.0024188165487331573,0.00042685206423275423
NIFTY_MIDCAP_100,2026-02-09,10,0.00036254788669941773,0.9057060485816808,0.0794258287868615,0.013128638563328854,0.0013769361814295878
NIFTY_MIDCAP_100,2026-02-10,10,0.0001398410260749983,0.9555068623710038,0.04162132069039364,0.001995902404000987,0.0007360735085267425
NIFTY_MIDCAP_100,2026-02-11,10,0.0002781109985756035,0.9169925218392342,0.07645241770598903,0.004730293101321698,0.0015466563548793633
NIFTY_MIDCAP_100,2026-02-12,10,0.0008838197564080464,0.1712014952732119,0.8124598668927882,0.013114656815773021,0.0023401612618189375
NIFTY_MIDCAP_100,2026-02-13,10,0.01039976878544171,0.9180562074065474,0.06349175890784141,0.007360550171924787,0.0006917147282446501
NIFTY_MIDCAP_100,2026-02-16,10,0.008284218614629218,0.9354187838412392,0.05196984774604786,0.004026633135062795,0.00030051666302080755
NIFTY_MIDCAP_100,2026-02-17,10,0.9453901983766633,0.043380514026281985,0.010222866592756664,0.0008982839232957971,0.00010813708100230144
NIFTY_MIDCAP_100,2026-02-18,10,0.0022856719282841696,0.9443868312125283,0.04880412085784814,0.004138011176403619,0.00038536482493590135
NIFTY_MIDCAP_100,2026-02-19,10,0.01782453902119754,0.9406715911127727,0.03898498847925377,0.0022090126361452972,0.0003098687506305413
NIFTY_MIDCAP_100,2026-02-20,10,0.9513963747626679,0.03554503574713232,0.01246865048791297,0.0005227032843173378,6.723571796950912e-05
NIFTY_MIDCAP_100,2026-02-23,10,0.05059685991045944,0.8782398344476363,0.06845389091705685,0.0023112947731101304,0.0003981199517372141
NIFTY_MIDCAP_100,2026-02-24,10,0.9703366504179959,0.01678080474301706,0.012353485061351867,0.00045686341918301155,7.21963584520483e-05
NIFTY_MIDCAP_100,2026-02-25,10,0.9607992787287948,0.015048228225894493,0.023261510413191376,0.0007802979420567602,0.00011068469006260765
NIFTY_MIDCAP_100,2026-02-26,10,0.9760219726128624,0.008476312959847462,0.014708921238978453,0.0007282888463718856,6.450434193981069e-05
NIFTY_MIDCAP_100,2026-02-27,10,0.9731761084411737,0.013095840398350883,0.013212389082387688,0.00043840886901368615,7.725320907408526e-05
NIFTY_MIDCAP_100,2026-03-02,10,0.9836973007049377,0.002703008968876761,0.013347790924620306,0.0002071211995878301,4.4778201977282044e-05
NIFTY_MIDCAP_100,2026-03-04,10,0.9790566988825582,0.0015663660590720394,0.019172536289101635,0.00015283661960453787,5.1562149663535944e-05
NIFTY_MIDCAP_100,2026-03-05,10,0.9829136360788427,0.0026382228416652834,0.01425704891893214,0.00015144963559271453,3.9642524967059784e-05
NIFTY_MIDCAP_100,2026-03-06,10,0.9884443620950132,0.0017243079659343384,0.009727279987898166,7.985823824303448e-05,2.4191712911378696e-05
NIFTY_MIDCAP_100,2026-03-09,10,0.990438309883845,0.0016720172201596891,0.007464135354254094,0.00035198816905676454,7.354937268435428e-05
NIFTY_MIDCAP_100,2026-03-10,10,0.9781145185998721,0.006006238145884269,0.01559802568618149,0.0001925568467385793,8.86607213235643e-05
NIFTY_MIDCAP_100,2026-03-11,10,0.9857155330388455,0.008735184886408471,0.005315575596970603,0.00016379172029319354,6.991475748226692e-05
NIFTY_MIDCAP_100,2026-03-12,10,0.9843403551374704,0.008328668289406049,0.007140701067625602,0.00014192478734376262,4.8350718154234996e-05
NIFTY_MIDCAP_100,2026-03-18,10,0.9598169062132828,0.028398995940277873,0.011481071678403985,0.00021179096508817496,9.123520294732678e-05
NIFTY_MIDCAP_100,2026-03-19,10,0.015672161926466453,0.96292575542519,0.019812256850929605,0.0010696580090723167,0.0005201677883416837
NIFTY_MIDCAP_100,2026-03-20,10,0.02580984229557805,0.9570556209975849,0.015930087646855422,0.0008238259031215745,0.0003806231568602583
NIFTY_MIDCAP_100,2026-03-24,10,0.011184637807099863,0.9759630613498913,0.012089527965993383,0.0004793961626023589,0.0002833767144132119
NIFTY_MIDCAP_100,2026-03-25,10,0.017104680608103814,0.9611366799060476,0.020522526757694302,0.0008353442587284336,0.00040076846942557125
NIFTY_MIDCAP_100,2026-03-27,10,0.01294356293602556,0.9776212520877159,0.008685117419628748,0.0004394004152642786,0.0003106671413655653
NIFTY_MIDCAP_100,2026-03-30,10,0.0355927253286471,0.942411659376896,0.02087392542836227,0.0006608794196249197,0.00046081044646958805
NIFTY_MIDCAP_100,2026-04-01,10,0.010870032749954812,0.9801118720290297,0.008266986452716903,0.00048251331994588837,0.00026859544835259973
NIFTY_MIDCAP_100,2026-04-02,10,0.005688515519557329,0.9818288069862473,0.011572532829621777,0.0005766456276432243,0.00033349903693044813
NIFTY_MIDCAP_100,2026-04-06,10,0.003837559824736625,0.9772661286242941,0.01780514113305837,0.0007008868500103101,0.0003902835679008977
NIFTY_MIDCAP_100,2026-04-07,10,0.012510431156498303,0.9744572916317337,0.01227225669110572,0.000511933520902288,0.0002480869997601969
NIFTY_MIDCAP_100,2026-04-08,10,0.012017106549655154,0.9495684790405371,0.036625353357327674,0.001256019067266655,0.0005330419852134344
NIFTY_MIDCAP_100,2026-04-09,10,0.012922199320662723,0.9267535027178174,0.05839691430345898,0.0012483651917729814,0.0006790184662880069
NIFTY_MIDCAP_100,2026-04-10,10,0.012790511630662825,0.8760137345371676,0.09957812965180186,0.009618306733407538,0.001999317446960305
NIFTY_MIDCAP_100,2026-04-13,10,0.012558754901125398,0.08420886707423525,0.8997363747611064,0.002401931561559173,0.0010940717019738927
NIFTY_MIDCAP_100,2026-04-15,10,0.000424144328072146,0.029426258390281942,0.9538158479222087,0.008991928261626658,0.00734182109781044
NIFTY_MIDCAP_100,2026-04-16,10,0.0002894068572141553,0.02648076946892569,0.9665916718174857,0.004090188743441608,0.0025479631129330747
NIFTY_MIDCAP_100,2026-04-17,10,0.00027210417289097065,0.006464181371373531,0.9826563279958708,0.005838351259935792,0.0047690351999292386
NIFTY_MIDCAP_100,2026-04-20,10,0.00018312590093511941,0.004726935426053583,0.9913021927509064,0.002579448633745343,0.001208297288359628
NIFTY_MIDCAP_100,2026-04-21,10,0.00016386427150675922,0.00282888291973476,0.9926885512644197,0.0025936784488765877,0.0017250230954621636
NIFTY_MIDCAP_100,2026-04-22,10,0.00016463125018468402,0.002178705981329172,0.9940047831129699,0.002622456536102735,0.0010294231194134633
NIFTY_MIDCAP_100,2026-04-23,10,0.00019053281161299758,0.002509795553321558,0.9933435189937331,0.003397075226153941,0.0005590774151785044
NIFTY_MIDCAP_100,2026-04-24,10,0.00019741406461020873,0.002980110113739499,0.9882542088545494,0.008159981070560561,0.00040828589654024475
NIFTY_MIDCAP_100,2026-04-27,10,0.00011046971004394741,0.0012445277005732167,0.9951749303786983,0.0032044477949934743,0.0002656244156910862
NIFTY_MIDCAP_100,2026-04-28,10,0.0001222262713100195,0.0013834404505445805,0.9948673698754413,0.0033604888497869405,0.0002664745529172277
NIFTY_MIDCAP_100,2026-04-29,10,0.0001622107686645966,0.0019928731614985646,0.9904883538868392,0.006893398156975516,0.00046316402602213606
NIFTY_MIDCAP_100,2026-04-30,10,0.00022006362260597385,0.0038047020088108926,0.9619350219451756,0.03348006394046306,0.0005601484829444185
NIFTY_MIDCAP_100,2026-05-01,10,0.0001504585527163583,0.00317625168343599,0.9655688133036804,0.030096174361444003,0.0010083020987234073
NIFTY_MIDCAP_100,2026-05-04,10,0.00026521604025251126,0.013167385161188126,0.9469688681728844,0.038904142072736854,0.0006943885529381729
NIFTY_MIDCAP_100,2026-05-05,10,0.0003372212063921276,0.019490056265310186,0.9499836281358987,0.029278883195113348,0.0009102111972853181
NIFTY_MIDCAP_100,2026-05-06,10,0.00010180114460640313,0.002197381435610147,0.97049357988492,0.026676048601179524,0.0005311889336836736
NIFTY_MIDCAP_100,2026-05-07,10,0.00016778932937990354,0.004588312160741669,0.953582095060538,0.036588314848750886,0.00507348860058956
NIFTY_MIDCAP_100,2026-05-08,10,0.0002033632470715353,0.003622976946371488,0.9757006074169637,0.018459641941968013,0.0020134104476252196
NIFTY_MIDCAP_100,2026-05-11,10,0.00016333690441888127,0.0014507330169804481,0.9715363244048403,0.026342862784686942,0.0005067428890731545
NIFTY_MIDCAP_100,2026-05-12,10,0.0003352160880333863,0.009652720324465087,0.05985662196237874,0.9288387475616297,0.0013166940634930177
NIFTY_MIDCAP_100,2026-05-13,10,0.00042822307024506333,0.014584570642551344,0.06974763271665269,0.9132832360242137,0.0019563375463372236
NIFTY_MIDCAP_100,2026-05-14,10,0.0002946796220497673,0.00715458793851503,0.13355050449790784,0.8580742335515409,0.0009259943899864085
NIFTY_MIDCAP_100,2026-05-15,10,0.00034105992990654017,0.012730376932720186,0.938244660235511,0.04751971378926339,0.001164189112598921
NIFTY_MIDCAP_100,2026-05-18,10,0.00041888597562869586,0.012171362145076395,0.9437895584714142,0.04275472743744634,0.0008654659704344651
NIFTY_MIDCAP_100,2026-05-19,10,0.00034257340663369247,0.008379177780024604,0.9684160848012265,0.02153983727453154,0.0013223267375836328
NIFTY_MIDCAP_100,2026-05-20,10,0.00026605731081207274,0.012170147458789133,0.9694220391951817,0.016788763955009698,0.0013529920802075675
NIFTY_MIDCAP_100,2026-05-21,10,0.000242702578716943,0.008861885953406081,0.979043144338141,0.010927155755518805,0.0009251113742172732
NIFTY_MIDCAP_100,2026-05-22,10,0.00022298767651553544,0.01139513186062106,0.9807705394889448,0.006677886583322147,0.0009334543905963935
NIFTY_MIDCAP_100,2026-05-25,10,0.0005178600470452763,0.8401956167623835,0.11799882334010194,0.03351055533902003,0.007777144511449333
NIFTY_MIDCAP_100,2026-05-26,10,0.0011679002855100684,0.04684921704481256,0.8794793594208803,0.05822601381081343,0.014277509437983645
NIFTY_MIDCAP_100,2026-05-27,10,0.00019032719455599955,0.9375650538202276,0.04440573409669839,0.009031367147071603,0.008807517741446525
NIFTY_MIDCAP_100,2026-05-28,10,0.0001833988126773072,0.949822339759656,0.03445285452952428,0.009049950344154501,0.006491456553987906
NIFTY_MIDCAP_100,2026-05-29,10,0.00029144337306748127,0.006825088257261238,0.9832703931159,0.00862801875572636,0.0009850564980447424
NIFTY_MIDCAP_100,2026-06-01,10,0.00019413734290395703,0.0012963781818076858,0.9907859649029385,0.006881347079054173,0.0008421724932957472
NIFTY_MIDCAP_100,2026-06-02,10,0.0003042653751512381,0.006488256413018464,0.9826547977578375,0.009872594237014705,0.0006800862169781162
NIFTY_MIDCAP_100,2026-06-03,10,0.00029686100738224346,0.009319328578800683,0.9816911239526195,0.008113901034214704,0.0005787854269826866
NIFTY_MIDCAP_100,2026-06-04,10,0.0002570214176421797,0.006312656839046878,0.9815487694814511,0.011000908561060672,0.0008806437007992161
NIFTY_MIDCAP_100,2026-06-05,10,0.0003045308631698519,0.026710936932994537,0.9640606961503672,0.00830598372241963,0.000617852331048919
NIFTY_SMALLCAP_250,2024-10-23,10,0.0006881451300419203,0.0072990176978604306,0.09488579934765178,0.8966356494279403,0.0004913883965055292
NIFTY_SMALLCAP_250,2024-10-24,10,0.0004726715317157808,0.006712973065745815,0.08890710030302962,0.9034778443535584,0.0004294107459504527
NIFTY_SMALLCAP_250,2024-10-25,10,0.003788029758419339,0.026337481865267746,0.950238717979748,0.016259487284975067,0.0033762831115900205
NIFTY_SMALLCAP_250,2024-10-28,10,0.0036125472879411946,0.01649854951641365,0.9659584882027569,0.012257584604987642,0.0016728303879005764
NIFTY_SMALLCAP_250,2024-10-29,10,0.00222123859413069,0.014439624257574274,0.9707772510041546,0.011060106852881921,0.0015017792912583655
NIFTY_SMALLCAP_250,2024-10-30,10,0.0023202819013837567,0.030660678713136394,0.9533990437792969,0.012036227546246489,0.0015837680599363995
NIFTY_SMALLCAP_250,2024-10-31,10,0.0017759835077650339,0.009415596684721859,0.9837487919704063,0.0037331887166976714,0.0013264391204091067
NIFTY_SMALLCAP_250,2024-11-01,10,0.0026539123445490516,0.034764191465107196,0.9514760642182711,0.0068097356138679625,0.0042960963582043465
NIFTY_SMALLCAP_250,2024-11-04,10,0.0016824494551020224,0.011751581618779303,0.9626909190539831,0.022085109078498567,0.0017899407936372293
NIFTY_SMALLCAP_250,2024-11-05,10,0.0018640444974969052,0.01475405061692065,0.9760084279388673,0.0047307883661284215,0.002642688580586745
NIFTY_SMALLCAP_250,2024-11-06,10,0.0011793981887454313,0.017518132499608947,0.9546994330258183,0.017508188768973268,0.009094847516854087
NIFTY_SMALLCAP_250,2024-11-07,10,0.0031374908167411545,0.022426651183368517,0.9569347039834204,0.01228298551500048,0.005218168501469481
NIFTY_SMALLCAP_250,2024-11-08,10,0.002130764470039116,0.018688624326342152,0.9686749607524318,0.006869395060032748,0.003636255391154066
NIFTY_SMALLCAP_250,2024-11-11,10,0.003362285128331532,0.023443181141955847,0.9134618596960073,0.05410617763328671,0.005626496400418575
NIFTY_SMALLCAP_250,2024-11-12,10,0.0036246622239926953,0.013618612845213552,0.10090686585882322,0.8788812902539593,0.0029685688180110595
NIFTY_SMALLCAP_250,2024-11-13,10,0.008191986855858542,0.038843000957773315,0.03422185918357443,0.8950928611479754,0.023650291854818442
NIFTY_SMALLCAP_250,2024-11-14,10,0.0019993916926706714,0.007245240744734781,0.008954380266231365,0.0016912024611229095,0.9801097848352402
NIFTY_SMALLCAP_250,2024-11-18,10,0.0026021711773485004,0.006598230903972969,0.010547002948868832,0.0016037664706028435,0.9786488284992069
NIFTY_SMALLCAP_250,2024-11-19,10,0.0012418117345540146,0.004157806171302001,0.011313081938063223,0.0002309257400184348,0.9830563744160623
NIFTY_SMALLCAP_250,2024-11-21,10,0.0008153758822579721,0.004401373611120256,0.009836005436187623,0.0002333419781667939,0.9847139030922674
NIFTY_SMALLCAP_250,2024-11-22,10,0.0009359400750823113,0.0060921047576889984,0.009029984811361982,0.000984809816922256,0.9829571605389446
NIFTY_SMALLCAP_250,2024-11-25,10,0.0017293054296058084,0.0033497597445548643,0.01953162318069119,0.0013532028883101626,0.9740361087568381
NIFTY_SMALLCAP_250,2024-11-26,10,0.0005853422642742028,0.004875657479390283,0.012500044701373256,0.000279112495767549,0.9817598430591946
NIFTY_SMALLCAP_250,2024-11-27,10,0.0006470771489384125,0.0033723181273925466,0.01642821905960506,0.000592902606147088,0.9789594830579169
NIFTY_SMALLCAP_250,2024-11-28,10,0.00022963071296667868,0.002800848896964563,0.011545309813371223,0.0006209987670871451,0.9848032118096104
NIFTY_SMALLCAP_250,2024-11-29,10,0.0003232972747555535,0.003235703650306388,0.01280187955054577,0.0008806778309182776,0.9827584416934739
NIFTY_SMALLCAP_250,2024-12-02,10,0.00034347893960056275,0.0026586433075250736,0.01137695036090515,0.004423142209327469,0.9811977851826418
NIFTY_SMALLCAP_250,2024-12-03,10,0.00019218160197271742,0.0035396446094985603,0.01331752021204146,0.00444201957783367,0.9785086339986535
NIFTY_SMALLCAP_250,2024-12-04,10,5.156446713842334e-05,0.0018639534922734403,0.018213988858294908,0.005302236094209247,0.974568257088084
NIFTY_SMALLCAP_250,2024-12-05,10,0.0001247392547327582,0.00747963698045506,0.04016040278277463,0.011201687340994679,0.9410335336410429
NIFTY_SMALLCAP_250,2024-12-06,10,0.0002623020657203114,0.00444552435454859,0.10837936670840116,0.876491807958641,0.01042099891268911
NIFTY_SMALLCAP_250,2024-12-09,10,0.00023185643081016555,0.004374376033136691,0.9641067237959223,0.02394611477187057,0.007340928968260021
NIFTY_SMALLCAP_250,2024-12-10,10,0.0001533911758886637,0.0026565293683707292,0.9761806693058452,0.017119997589196394,0.003889412560698954
NIFTY_SMALLCAP_250,2024-12-11,10,0.00011860181598103055,0.0011233402259088468,0.9691966771820749,0.026830964061151992,0.002730416714883188
NIFTY_SMALLCAP_250,2024-12-12,10,0.00015911520932373847,0.002161369601676638,0.9700943962990617,0.023130692312183995,0.004454426577753933
NIFTY_SMALLCAP_250,2024-12-13,10,0.00016918753496643227,0.004187462545313335,0.9401700614891715,0.051179435192441836,0.004293853238107032
NIFTY_SMALLCAP_250,2024-12-16,10,0.00016374659358304902,0.0020067353519534034,0.956494529802514,0.03628342233362976,0.0050515659183199765
NIFTY_SMALLCAP_250,2024-12-17,10,0.00021430400045045495,0.010482855462746193,0.10854950962825242,0.8752461860816686,0.005507144826882329
NIFTY_SMALLCAP_250,2024-12-18,10,0.00013255284383196063,0.005888676466198009,0.04573694655601175,0.9411120329100722,0.0071297912238861404
NIFTY_SMALLCAP_250,2024-12-19,10,0.00028571024246010343,0.0062503793413656895,0.08407763177496946,0.9054553007955898,0.003930977845614891
NIFTY_SMALLCAP_250,2024-12-20,10,0.001450164600662459,0.01157627706488227,0.9766610142014008,0.008449848716117942,0.0018626954169365141
NIFTY_SMALLCAP_250,2024-12-23,10,0.0015473804516812548,0.007697538763084439,0.9865736774525888,0.002751347955458464,0.0014300553771870923
NIFTY_SMALLCAP_250,2024-12-24,10,0.0011601011505439289,0.005735883775713941,0.9902714529453075,0.0019302748838590168,0.0009022872445756753
NIFTY_SMALLCAP_250,2024-12-26,10,0.0007619109834787085,0.005110198814077118,0.991530111614112,0.001702058358611279,0.0008957202297208788
NIFTY_SMALLCAP_250,2024-12-27,10,0.0012630427096333577,0.017693740816835286,0.9770824356251128,0.002590353924065587,0.0013704269243528687
NIFTY_SMALLCAP_250,2024-12-30,10,0.001830239529927889,0.01899782306637924,0.9766655741703812,0.0012721904673877603,0.0012341727659238094
NIFTY_SMALLCAP_250,2024-12-31,10,0.0014973268192083166,0.0209730404196534,0.9754885901313017,0.0011131910075432557,0.000927851622293247
NIFTY_SMALLCAP_250,2025-01-01,10,0.0017740396707389167,0.01870495881844063,0.9769050451624409,0.001764034343201871,0.0008519220051777548
NIFTY_SMALLCAP_250,2025-01-02,10,0.0013412416672814184,0.014330420928163048,0.9818147115651514,0.0019092727254193674,0.0006043531139847059
NIFTY_SMALLCAP_250,2025-01-03,10,0.0014643225254145557,0.020763329270136167,0.9742763235015263,0.002907909070541727,0.0005881156323812071
NIFTY_SMALLCAP_250,2025-01-06,10,0.009874297659289617,0.021655793587360108,0.9655295294927411,0.002144951639150744,0.0007954276214585578
NIFTY_SMALLCAP_250,2025-01-07,10,0.007232647398218261,0.031770148132607444,0.9573562364865533,0.002044147292498561,0.0015968206901225052
NIFTY_SMALLCAP_250,2025-01-08,10,0.022597935439190007,0.034120535856761745,0.9365453212029218,0.0050462908922829924,0.0016899166088433582
NIFTY_SMALLCAP_250,2025-01-09,10,0.9627336500504632,0.006977175115573721,0.029744218594970954,0.0003476959980725708,0.00019726024091966014
NIFTY_SMALLCAP_250,2025-01-10,10,0.9730898442068078,0.017665955957390494,0.008909148314490974,0.00020192754928042601,0.00013312397203036496
NIFTY_SMALLCAP_250,2025-01-14,10,0.05272355732047644,0.9075141177396809,0.035177229404222514,0.0029375386399995767,0.0016475568956204308
NIFTY_SMALLCAP_250,2025-01-15,10,0.9386068237999057,0.057377625043617084,0.0035456282659794974,0.0002667028133726589,0.0002032200771251618
NIFTY_SMALLCAP_250,2025-01-16,10,0.019082259396315648,0.9420798029822979,0.03596905493614538,0.0018930477260878454,0.0009758349591532075
NIFTY_SMALLCAP_250,2025-01-17,10,0.009855042106491197,0.9523363474786056,0.03551203304002169,0.0015413323510166759,0.0007552450238646703
NIFTY_SMALLCAP_250,2025-01-20,10,0.010017180651167022,0.958402802594916,0.02954651395212268,0.001090632379464657,0.0009428704223298481
NIFTY_SMALLCAP_250,2025-01-21,10,0.010097692834616276,0.9751426093448571,0.012541458527126207,0.0013682519085738772,0.0008499873848265761
NIFTY_SMALLCAP_250,2025-01-22,10,0.029925717295168977,0.9606217399354935,0.00790108562311929,0.0008981117622319358,0.0006533453839862805
NIFTY_SMALLCAP_250,2025-01-23,10,0.014716061903594486,0.9728927877819297,0.010842034987176563,0.0009027170594701184,0.0006463982678291103
NIFTY_SMALLCAP_250,2025-01-29,10,0.9859961049521243,0.008062367341192572,0.005369817119447468,0.00045495172312663316,0.00011675886410913477
NIFTY_SMALLCAP_250,2025-01-30,10,0.9927407875686718,0.003861747685018876,0.0031352387782133547,0.00018599607602703863,7.622989206879072e-05
NIFTY_SMALLCAP_250,2025-01-31,10,0.9919327043570663,0.005038849568834428,0.0025755223195945407,0.0003595165017042009,9.340725280053995e-05
NIFTY_SMALLCAP_250,2025-02-01,10,0.9886819967589915,0.00813959874719638,0.0028775915542318072,0.00019823436134488816,0.00010257857823547578
NIFTY_SMALLCAP_250,2025-02-03,10,0.9893300116313684,0.006300767332386456,0.004080285264474272,0.00017601563181866118,0.00011292013995227233
NIFTY_SMALLCAP_250,2025-02-04,10,0.9858258697262261,0.011128301352772693,0.0022889721144168,0.0005172579720371877,0.00023959883454734322
NIFTY_SMALLCAP_250,2025-02-05,10,0.9865011316054162,0.008159066144449906,0.004737968720716984,0.0002782254199650257,0.0003236081094517701
NIFTY_SMALLCAP_250,2025-02-06,10,0.9872435000571493,0.007761645577927598,0.004540186242756736,0.00022094430721623565,0.0002337238149501576
NIFTY_SMALLCAP_250,2025-02-07,10,0.9854019432188061,0.00967238361637923,0.004277264940712304,0.0003922171865243039,0.0002561910375779828
NIFTY_SMALLCAP_250,2025-02-10,10,0.9745592701035461,0.02208213336205802,0.0027901090602361735,0.00033520633672802416,0.00023328113743169846
NIFTY_SMALLCAP_250,2025-02-11,10,0.9944351192409987,0.0028183758161282406,0.00243979752491238,0.00023291727937381027,7.379013858687877e-05
NIFTY_SMALLCAP_250,2025-02-12,10,0.994946514665921,0.0026722360660822522,0.002193369270431859,0.00012390154508306144,6.39784524818877e-05
NIFTY_SMALLCAP_250,2025-02-13,10,0.9970648886228898,0.0012282791650066972,0.0015723700068534783,8.214208826673951e-05,5.2320116983129435e-05
NIFTY_SMALLCAP_250,2025-02-19,10,0.9959023066319452,0.002398200709186615,0.0015699026973407923,8.27356370125321e-05,4.685432451460187e-05
NIFTY_SMALLCAP_250,2025-02-20,10,0.9893911260523206,0.006915958073727947,0.003379521955806685,0.0002014866920189698,0.00011190722612578707
NIFTY_SMALLCAP_250,2025-02-21,10,0.9852616272317044,0.010435003665555491,0.003870720935798627,0.0002524113364625163,0.00018023683047887449
NIFTY_SMALLCAP_250,2025-02-24,10,0.9802541299656182,0.015259191674381186,0.004022718358501956,0.0002776168507507128,0.00018634315074790946
NIFTY_SMALLCAP_250,2025-02-25,10,0.9854389582545409,0.009824371393506686,0.004298517368530776,0.00026310489964071203,0.0001750480837808136
NIFTY_SMALLCAP_250,2025-02-27,10,0.9858695947490819,0.009867845469228032,0.0038629184435190153,0.000232072966612048,0.00016756837155893273
NIFTY_SMALLCAP_250,2025-03-04,10,0.9751698010668194,0.01848507573600046,0.005815514487400695,0.00032120051358167193,0.00020840819619787846
NIFTY_SMALLCAP_250,2025-03-05,10,0.04604625728972786,0.9121857905464916,0.03831207876372819,0.002067411496430485,0.0013884619036218448
NIFTY_SMALLCAP_250,2025-03-06,10,0.02122588404716003,0.9240654112143167,0.05258013675286255,0.0014470629920828619,0.0006815049935778638
NIFTY_SMALLCAP_250,2025-03-07,10,0.01270632740883644,0.18678064633535438,0.7988414570769529,0.001103089422205693,0.0005684797566506465
NIFTY_SMALLCAP_250,2025-03-10,10,0.014588274186944973,0.9585132390191708,0.02564920512282528,0.0007927799779116779,0.00045650169314711154
NIFTY_SMALLCAP_250,2025-03-11,10,0.006174832402285277,0.9771638829078485,0.015962611693705647,0.00048678581305037686,0.0002118871831102956
NIFTY_SMALLCAP_250,2025-03-12,10,0.00423655293445035,0.9750715147183353,0.019792372652028323,0.0006328760385248379,0.00026668365666119686
NIFTY_SMALLCAP_250,2025-03-13,10,0.00903539287058203,0.9585860584167537,0.03123146123465656,0.0008091699910665465,0.0003379174869410268
NIFTY_SMALLCAP_250,2025-03-17,10,0.009225227045105953,0.9586369038578563,0.03116575760705546,0.0006665997679497004,0.0003055117220328289
NIFTY_SMALLCAP_250,2025-03-18,10,0.002870201134039684,0.9703578676778375,0.02593404813425415,0.0005705116290955571,0.0002673714247732438
NIFTY_SMALLCAP_250,2025-03-19,10,0.009073347949291113,0.15352473028473917,0.8348580295823739,0.001728617861443607,0.0008152743221523626
NIFTY_SMALLCAP_250,2025-03-20,10,0.046160342866278924,0.8603162474183028,0.08966090042263011,0.002734367308723403,0.0011281419840648951
NIFTY_SMALLCAP_250,2025-03-21,10,0.9090393429871452,0.0741617816261085,0.01570127208003739,0.0007818887553576677,0.00031571455135142917
NIFTY_SMALLCAP_250,2025-03-24,10,0.05538409522640738,0.8971033145560681,0.04235326258928436,0.003734549834363178,0.001424777793876914
NIFTY_SMALLCAP_250,2025-03-25,10,0.9344785171976966,0.04940688780153376,0.015243270355681418,0.0005327585572208416,0.0003385660878673749
NIFTY_SMALLCAP_250,2025-03-26,10,0.01096944995689228,0.9092408088776184,0.0764707173042566,0.002066267479925445,0.0012527563813075023
NIFTY_SMALLCAP_250,2025-03-27,10,0.01190611742748161,0.8846111032294462,0.10100266028702895,0.0015988112286156836,0.0008813078274273974
NIFTY_SMALLCAP_250,2025-03-28,10,0.013032346920055594,0.10291031511548217,0.8819102628763237,0.0013249724709037509,0.0008221026172347602
NIFTY_SMALLCAP_250,2025-04-01,10,0.003041747190563069,0.05243294926091549,0.9432535878353087,0.0008013784663544736,0.00047033724685839937
NIFTY_SMALLCAP_250,2025-04-02,10,0.001670273993871188,0.047700814737502664,0.9496247601864741,0.0006630444881273787,0.0003411065940248628
NIFTY_SMALLCAP_250,2025-04-03,10,0.0017853121693037052,0.06368479575702837,0.9328362596689873,0.0012027992714230993,0.0004908331332576061
NIFTY_SMALLCAP_250,2025-04-04,10,0.0025423563538105294,0.027776567978501514,0.968836484044455,0.0005606103724306867,0.0002839812508023005
NIFTY_SMALLCAP_250,2025-04-07,10,0.00361096191461214,0.05259280293728883,0.9420812416424003,0.001192556584199497,0.0005224369214993194
NIFTY_SMALLCAP_250,2025-04-08,10,0.0008354766990124724,0.024296335833996523,0.9742406102861115,0.00030894807879261644,0.0003186291020868681
NIFTY_SMALLCAP_250,2025-04-09,10,0.0010111328326409107,0.017068286152979947,0.9812666781755077,0.00041624565038911185,0.000237657188482374
NIFTY_SMALLCAP_250,2025-04-11,10,0.0010529371069606613,0.0335375560611771,0.9647022329904006,0.00040003309195738165,0.000307240749504409
NIFTY_SMALLCAP_250,2025-04-15,10,0.0007668641666940296,0.8928990462212835,0.10503121973051383,0.0007634509516955717,0.0005394189298129594
NIFTY_SMALLCAP_250,2025-04-16,10,0.0035247326423640357,0.8806094995544558,0.11437877580116027,0.001041181955278197,0.0004458100467419916
NIFTY_SMALLCAP_250,2025-04-17,10,0.0028482319115567226,0.11716742217021718,0.8774756893203981,0.0019265080804533328,0.000582148517374715
NIFTY_SMALLCAP_250,2025-04-21,10,0.0036386739529798754,0.9665762036317451,0.027040670209969513,0.0023977577454801975,0.00034669445982526823
NIFTY_SMALLCAP_250,2025-04-22,10,0.0028874899386381334,0.9695952084317907,0.025496788426553285,0.0017353156527012683,0.00028519755031655567
NIFTY_SMALLCAP_250,2025-04-23,10,0.0002631413142594033,0.9535156711583912,0.04284657214377704,0.003054467220122339,0.00032014816345005
NIFTY_SMALLCAP_250,2025-04-24,10,0.0002570575053952374,0.9722917425505674,0.025474631575519643,0.001673162618511628,0.0003034057500061521
NIFTY_SMALLCAP_250,2025-04-25,10,0.0007864306018880449,0.019148580665937033,0.9766975686170815,0.0024857776306318594,0.0008816424844615722
NIFTY_SMALLCAP_250,2025-04-28,10,0.0009503737792491285,0.013009810889208261,0.982531529913011,0.002634248076419585,0.0008740373421119302
NIFTY_SMALLCAP_250,2025-04-29,10,0.0014240445736433175,0.034046134274347176,0.953143276970054,0.010248548588646385,0.0011379955933090516
NIFTY_SMALLCAP_250,2025-04-30,10,0.004242099643902123,0.022532554405037666,0.971091443759038,0.0018832481307819182,0.00025065406124009015
NIFTY_SMALLCAP_250,2025-05-02,10,0.0019203651276410816,0.009307539725841618,0.9872199168326562,0.0012869547682445384,0.00026522354561652254
NIFTY_SMALLCAP_250,2025-05-05,10,0.0038608685840088655,0.020458235882468503,0.9678892134676514,0.007408574386497235,0.0003831076793740192
NIFTY_SMALLCAP_250,2025-05-06,10,0.0037055704164364414,0.006573054307454955,0.9882101782654225,0.0012593559830300736,0.0002518410276560202
NIFTY_SMALLCAP_250,2025-05-07,10,0.00207281741973794,0.00461366365648802,0.9909881253548019,0.0019103730810378016,0.00041502048793447564
NIFTY_SMALLCAP_250,2025-05-08,10,0.0015000634206271803,0.00314947288825041,0.9940953069572502,0.0009887857492271639,0.00026637098464518016
NIFTY_SMALLCAP_250,2025-05-09,10,0.002496000509068807,0.012609993970633315,0.9834170976376665,0.001212042744155188,0.00026486513847591176
NIFTY_SMALLCAP_250,2025-05-12,10,0.0022354714553228404,0.00503774097716696,0.9621488834100573,0.030177258694619423,0.00040064546283324085
NIFTY_SMALLCAP_250,2025-05-13,10,0.0023430807956485067,0.004323504635699886,0.9486401007847125,0.044078259660203255,0.0006150541237358325
NIFTY_SMALLCAP_250,2025-05-14,10,0.0013238325181716725,0.0038691744732476684,0.061360541673506776,0.9322647539298243,0.0011816974052496646
NIFTY_SMALLCAP_250,2025-05-15,10,0.0006463974201789605,0.001538026622467376,0.02068918214269233,0.9768951290210937,0.00023126479356758083
NIFTY_SMALLCAP_250,2025-05-16,10,0.0001646583353856535,0.0017318984862330438,0.008955151454240015,0.9887906516084114,0.0003576401157299449
NIFTY_SMALLCAP_250,2025-05-19,10,0.0002087009176638231,0.003921962593657827,0.011615283678304816,0.983470980448172,0.000783072362201671
NIFTY_SMALLCAP_250,2025-05-20,10,0.00017965465325324846,0.000745121726124674,0.013134250703284733,0.9843807775353953,0.0015601953819420374
NIFTY_SMALLCAP_250,2025-05-21,10,0.00013695277623516192,0.00048091735814335214,0.009932372057875151,0.988141803048724,0.0013079547590222691
NIFTY_SMALLCAP_250,2025-05-22,10,0.00015711492968734775,0.0006180259069076719,0.013559180051228498,0.9803623012920389,0.005303377820137341
NIFTY_SMALLCAP_250,2025-05-23,10,0.00020711193478618176,0.0009642350389440569,0.015455712506469111,0.962943912733519,0.020429027786281473
NIFTY_SMALLCAP_250,2025-05-26,10,0.0002233854738714111,0.0010752650150249014,0.011726472046313469,0.9597152557622551,0.027259621702535018
NIFTY_SMALLCAP_250,2025-05-27,10,0.00011756501535685612,0.0005740062887027594,0.010088723718010265,0.046606707170949856,0.9426129978069804
NIFTY_SMALLCAP_250,2025-05-28,10,9.597875519791485e-05,0.000608683970874099,0.006257837051535182,0.03275419857704264,0.9602833016453501
NIFTY_SMALLCAP_250,2025-05-29,10,0.00024534582313212795,0.004729737447406739,0.018645480745704244,0.9058872823315448,0.07049215365221222
NIFTY_SMALLCAP_250,2025-05-30,10,7.236614928513793e-05,0.0015309525253530245,0.004078290670373971,0.10738580569271025,0.8869325849622776
NIFTY_SMALLCAP_250,2025-06-02,10,0.00016764414697543724,0.00183406749672187,0.005753171189663389,0.9849685672296756,0.007276549936963567
NIFTY_SMALLCAP_250,2025-06-03,10,0.00017162559917889173,0.0017856252265834632,0.008743083826436748,0.9735759717624044,0.01572369358539661
NIFTY_SMALLCAP_250,2025-06-04,10,0.00011822545987036087,0.0006337950167991544,0.0070938304889218195,0.9882433702366268,0.003910778797781899
NIFTY_SMALLCAP_250,2025-06-05,10,7.989237803800152e-05,0.00035280777612433473,0.003959044870626771,0.9936297799796457,0.0019784749955652015
NIFTY_SMALLCAP_250,2025-06-06,10,0.0001059771249929179,0.0004635273609971674,0.006702505688283302,0.9866061573833614,0.006121832442365008
NIFTY_SMALLCAP_250,2025-06-09,10,9.847251729869749e-05,0.0011381057290835016,0.0030112912637288622,0.9940829954895312,0.0016691350003580365
NIFTY_SMALLCAP_250,2025-06-10,10,0.0001296654202700662,0.0013938538136156339,0.003922010267563753,0.9923004231791132,0.002254047319437432
NIFTY_SMALLCAP_250,2025-06-11,10,0.00021998194224546113,0.0031497649564544796,0.018080854758883307,0.9704294417728584,0.00811995656955847
NIFTY_SMALLCAP_250,2025-06-12,10,8.327845047198502e-05,0.0005299558826814234,0.006459575526160808,0.9749769748703871,0.017950215270298497
NIFTY_SMALLCAP_250,2025-06-13,10,0.0002233977435355678,0.0014205399815230247,0.015084122146256122,0.9473494473209046,0.035922492807780586
NIFTY_SMALLCAP_250,2025-06-16,10,0.00039069403405510056,0.002148427891954983,0.027761442799058875,0.9293101248179545,0.04038931045697659
NIFTY_SMALLCAP_250,2025-06-17,10,9.259325433368978e-05,0.000635205675744983,0.007369032364541193,0.04121923978385822,0.950683928921522
NIFTY_SMALLCAP_250,2025-06-18,10,0.00013330727476911058,0.0010007959913075587,0.013670433791588837,0.04958432381332877,0.9356111391290058
NIFTY_SMALLCAP_250,2025-06-19,10,4.5718003951057334e-05,0.0007680934242745553,0.0073993029252937105,0.009421382253937158,0.9823655033925435
NIFTY_SMALLCAP_250,2025-06-20,10,6.80000301419805e-05,0.0006005856937201397,0.005030497577737985,0.007046706486333839,0.987254210212066
NIFTY_SMALLCAP_250,2025-06-23,10,5.641847472388697e-05,0.0006996808606530536,0.0070999690553148875,0.00818298691148312,0.983960944697825
NIFTY_SMALLCAP_250,2025-06-24,10,6.12844055450544e-05,0.001014320643771678,0.0095107321950516,0.008832472335569533,0.9805811904200622
NIFTY_SMALLCAP_250,2025-06-25,10,6.841113311801899e-05,0.0011608507753336967,0.009233158501899796,0.009636955936227905,0.9799006236534205
NIFTY_SMALLCAP_250,2025-06-26,10,4.63243796329815e-05,0.0014647427214947802,0.004398613251187374,0.00590719413835901,0.9881831255093257
NIFTY_SMALLCAP_250,2025-06-27,10,4.4074247845301376e-05,0.0006586459734683521,0.0028057013580808704,0.003580708908213912,0.9929108695123915
NIFTY_SMALLCAP_250,2025-06-30,10,4.9943138568308974e-05,0.0006707975482055064,0.004876447905774524,0.007157058685213523,0.9872457527222381
NIFTY_SMALLCAP_250,2025-07-01,10,3.060277055492447e-05,0.0008902499197542216,0.004089515534381184,0.002548662775096609,0.992440969000213
NIFTY_SMALLCAP_250,2025-07-02,10,3.3916025989840236e-05,0.0002856417769312256,0.008771886596484937,0.0025004487119076836,0.9884081068886862
NIFTY_SMALLCAP_250,2025-07-03,10,2.9800442895554872e-05,0.0002983574929952854,0.005156992497550521,0.004018029287293239,0.9904968202792654
NIFTY_SMALLCAP_250,2025-07-04,10,3.0130303759611094e-05,0.0003303364639585483,0.005137224338416588,0.005126061224663415,0.9893762476692017
NIFTY_SMALLCAP_250,2025-07-07,10,3.622327093004355e-05,0.00031744021773889283,0.01515289099378153,0.004991426384731646,0.9795020191328179
NIFTY_SMALLCAP_250,2025-07-08,10,4.026406383461347e-05,0.00026852303990243683,0.023657220107157838,0.00763912668939596,0.9683948660997092
NIFTY_SMALLCAP_250,2025-07-09,10,4.8397340955119604e-05,0.0006819758592736845,0.024743777671410862,0.006958155946481992,0.9675676931818784
NIFTY_SMALLCAP_250,2025-07-10,10,4.398702409656732e-05,0.00036364473302057684,0.03374316948818386,0.00377391064422119,0.9620752881104777
NIFTY_SMALLCAP_250,2025-07-11,10,0.0002720781113638446,0.0060652887150496534,0.9398395659346913,0.02416928930044449,0.029653777938450834
NIFTY_SMALLCAP_250,2025-07-14,10,0.0002878360705511845,0.009526928167484097,0.9623725451126411,0.020602028030158967,0.007210662619164646
NIFTY_SMALLCAP_250,2025-07-15,10,0.00021883663276283115,0.012997595447862238,0.947778548987902,0.017820461518471248,0.021184557413001667
NIFTY_SMALLCAP_250,2025-07-16,10,0.00019160890998217697,0.005946027575755046,0.9519908459103879,0.02712033698488395,0.014751180618991225
NIFTY_SMALLCAP_250,2025-07-17,10,0.0001744122929012129,0.0046041859920423955,0.9789413364919874,0.010994516141325772,0.005285549081743179
NIFTY_SMALLCAP_250,2025-07-18,10,0.00020253720863747514,0.007852712280005022,0.9793754698782101,0.01019755826528452,0.0023717223678629057
NIFTY_SMALLCAP_250,2025-07-21,10,0.0002918053565753521,0.006767217987567227,0.974308981608841,0.016468890216429933,0.0021631048305863826
NIFTY_SMALLCAP_250,2025-07-22,10,0.0003678193298715671,0.025699366112525688,0.9472380972577202,0.021429993837162382,0.005264723462720365
NIFTY_SMALLCAP_250,2025-07-23,10,0.00025122933753362996,0.01751823066651754,0.9607280033154552,0.018928954896227666,0.0025735817842661105
NIFTY_SMALLCAP_250,2025-07-24,10,0.0001777304991036818,0.012018009836480426,0.975093732981947,0.010660490030261692,0.0020500366522072364
NIFTY_SMALLCAP_250,2025-07-25,10,0.002200892733170678,0.005181285396706981,0.987887273565747,0.004443402614669134,0.000287145689706002
NIFTY_SMALLCAP_250,2025-07-28,10,0.0021169986583813682,0.012111118082655843,0.9831676801385033,0.002182074681497563,0.00042212843896193616
NIFTY_SMALLCAP_250,2025-07-29,10,0.003388883084510536,0.012571972037991392,0.9809270629286391,0.0024228892573644593,0.0006891926914946861
NIFTY_SMALLCAP_250,2025-07-30,10,0.003343024613981542,0.017427670230889092,0.9761792533212019,0.0023397098002357715,0.0007103420336917135
NIFTY_SMALLCAP_250,2025-07-31,10,0.002128655769126129,0.028574310856343293,0.9676769498862257,0.000993863659475872,0.0006262198288291106
NIFTY_SMALLCAP_250,2025-08-01,10,0.002867213417221705,0.018372317807580918,0.9775121229583517,0.0007318163400401575,0.0005165294768053862
NIFTY_SMALLCAP_250,2025-08-04,10,0.0006891663082017485,0.01875041005011257,0.9795152415301283,0.0005839841411317463,0.00046119797042558727
NIFTY_SMALLCAP_250,2025-08-05,10,0.0005217431139322302,0.03745066833780424,0.9608985232662729,0.0005663300781848773,0.0005627352038054938
NIFTY_SMALLCAP_250,2025-08-06,10,0.0011416716840440184,0.05626914297682853,0.9407352008272226,0.000977341337843203,0.0008766431740619284
NIFTY_SMALLCAP_250,2025-08-07,10,0.0021040045923864724,0.035739291569173846,0.9611906316380655,0.0006198419194154159,0.0003462302809587817
NIFTY_SMALLCAP_250,2025-08-08,10,0.0015848054822748146,0.08218098936943373,0.9148693090825954,0.0009155813637140831,0.0004493147019819284
NIFTY_SMALLCAP_250,2025-08-11,10,0.000964891548353326,0.9226712374495025,0.07527241875052973,0.0007133640817249468,0.0003780881698895153
NIFTY_SMALLCAP_250,2025-08-12,10,0.001783629616672454,0.9480598776016309,0.04882624792246233,0.000918000716726218,0.0004122441425079567
NIFTY_SMALLCAP_250,2025-08-13,10,0.0012326432165049987,0.9712564792908807,0.02622005300276263,0.0008646472205595556,0.0004261772692920882
NIFTY_SMALLCAP_250,2025-08-14,10,0.002081738385564874,0.9091696489344259,0.08679228991986015,0.001335636212323824,0.0006206865478254528
NIFTY_SMALLCAP_250,2025-08-18,10,0.001762351602546732,0.8931810225735592,0.10256263790902252,0.0014735176330401556,0.0010204702818315118
NIFTY_SMALLCAP_250,2025-08-19,10,0.002375525616422947,0.22839369860811765,0.7597086168421116,0.007616233767820046,0.0019059251655278852
NIFTY_SMALLCAP_250,2025-08-20,10,0.001762674786177751,0.8557505120604761,0.1305500483366379,0.010747806351382594,0.0011889584653254834
NIFTY_SMALLCAP_250,2025-08-21,10,0.000875586181721773,0.904138713481128,0.0865932121650397,0.007817994124276952,0.0005744940478336626
NIFTY_SMALLCAP_250,2025-08-22,10,0.0017309140672221305,0.8494009011223372,0.13089970468917184,0.01681153480436774,0.001156945316900945
NIFTY_SMALLCAP_250,2025-08-25,10,0.001582266141649861,0.11301259926670422,0.8670614373914474,0.017581524300731427,0.000762172899467014
NIFTY_SMALLCAP_250,2025-08-26,10,0.005124256426265687,0.03988317425996074,0.9427394121275613,0.011596098278976423,0.0006570589072356991
NIFTY_SMALLCAP_250,2025-08-28,10,0.002024128253922802,0.03413767336762358,0.9615794932835922,0.0013514688526121558,0.0009072362422493589
NIFTY_SMALLCAP_250,2025-08-29,10,0.0026011360990914187,0.023965539526087175,0.9710022417146151,0.0014546088822611535,0.0009764737779449726
NIFTY_SMALLCAP_250,2025-09-01,10,0.004074123626653802,0.05568231977429126,0.9281540344562789,0.010057420261163132,0.0020321018816129984
NIFTY_SMALLCAP_250,2025-09-02,10,0.0032684807535841433,0.04493097917298837,0.9121598576908931,0.038502299202855146,0.001138383179679192
NIFTY_SMALLCAP_250,2025-09-03,10,0.000971554289289552,0.022419877777903687,0.08837258554749469,0.8879382989625813,0.00029768342273082265
NIFTY_SMALLCAP_250,2025-09-04,10,0.0014532152686357609,0.011955728875338113,0.03427408438443954,0.9519476335943516,0.0003693378772349202
NIFTY_SMALLCAP_250,2025-09-05,10,0.001471595295203323,0.011581061640658901,0.05218682100588877,0.9343660420863359,0.00039447997191308174
NIFTY_SMALLCAP_250,2025-09-08,10,0.0014882997666425045,0.017361596720191157,0.06571246217409134,0.9147118404937569,0.000725800845317945
NIFTY_SMALLCAP_250,2025-09-09,10,0.007293830671793613,0.04092855997494136,0.9385119939368288,0.012110963429208229,0.001154651987227876
NIFTY_SMALLCAP_250,2025-09-10,10,0.0034588752832459663,0.03383748738264826,0.9583792820187761,0.0036979536178685466,0.0006264016974612241
NIFTY_SMALLCAP_250,2025-09-11,10,0.002083310691945253,0.03489875002887251,0.9594145379626033,0.002462573841305103,0.001140827475273716
NIFTY_SMALLCAP_250,2025-09-12,10,0.0013588122902592765,0.02482236880141189,0.9721020302433883,0.0010883342206465332,0.0006284544442938189
NIFTY_SMALLCAP_250,2025-09-15,10,0.00211289593597477,0.023174036660374965,0.9727834832739659,0.0014524333802233501,0.00047715074946086053
NIFTY_SMALLCAP_250,2025-09-16,10,0.0002817570054066197,0.04276939188717342,0.9543889764890737,0.0015699800751264577,0.0009898945432199539
NIFTY_SMALLCAP_250,2025-09-17,10,0.00021085839678995738,0.01452598840599109,0.9830775946624251,0.0014331014637898858,0.000752457071003694
NIFTY_SMALLCAP_250,2025-09-18,10,0.00024111074913345235,0.00799147737519215,0.9879648252171089,0.0028694701303515367,0.0009331165282138783
NIFTY_SMALLCAP_250,2025-09-19,10,0.00019371842156519283,0.009097601712159635,0.9890226016257876,0.0009921822118317458,0.0006938960286558711
NIFTY_SMALLCAP_250,2025-09-22,10,0.00021670039728012217,0.007791187852461294,0.9891921879824439,0.0019448010996315239,0.0008551226681832209
NIFTY_SMALLCAP_250,2025-09-23,10,0.00020017898144910812,0.009887788529893322,0.9878777796866485,0.0016663846056976471,0.0003678681963114778
NIFTY_SMALLCAP_250,2025-09-24,10,0.0002571083729431925,0.012095396060368545,0.9858636379274,0.0013353514009541523,0.00044850623833411806
NIFTY_SMALLCAP_250,2025-09-25,10,0.0013568691808310712,0.01883556064196769,0.9725982690523615,0.006994521643587606,0.00021477948125226936
NIFTY_SMALLCAP_250,2025-09-26,10,0.0013345132026875875,0.009479541223562827,0.986779072133613,0.002194450471809462,0.00021242296832713588
NIFTY_SMALLCAP_250,2025-09-29,10,0.0015554121943985421,0.022729619262403255,0.9731508219269167,0.002297386891019167,0.0002667597252623775
NIFTY_SMALLCAP_250,2025-09-30,10,0.0010155234021299504,0.015731644905062413,0.9812730032893541,0.0017452829766461282,0.00023454542680711372
NIFTY_SMALLCAP_250,2025-10-01,10,0.001755250141533651,0.011922104490465959,0.9849729835453597,0.0011709044077584294,0.00017875741488243278
NIFTY_SMALLCAP_250,2025-10-03,10,0.0007533277533590881,0.019261394529136815,0.9766096194861733,0.0031478436234209694,0.00022781460790977461
NIFTY_SMALLCAP_250,2025-10-06,10,0.0008162729185446251,0.02157979113808859,0.9738381835613978,0.0035237551935635436,0.00024199718840536778
NIFTY_SMALLCAP_250,2025-10-07,10,0.001428828539555228,0.033044994371371476,0.9621729463090064,0.0031083302963245203,0.00024490048374236614
NIFTY_SMALLCAP_250,2025-10-08,10,0.0013519437211948892,0.018760364440103292,0.9762980630927813,0.003361739221624021,0.0002278895242964428
NIFTY_SMALLCAP_250,2025-10-09,10,0.0011481650318555085,0.02175632103838446,0.9738553645276505,0.0030310866576255978,0.00020906274448401693
NIFTY_SMALLCAP_250,2025-10-10,10,0.001055477284947652,0.010571969874718569,0.9860084074267085,0.0021800312411953816,0.00018411417242988895
NIFTY_SMALLCAP_250,2025-10-13,10,0.0015805977167743727,0.008436957131105205,0.9875690941960091,0.0022096861679331207,0.00020366478817794665
NIFTY_SMALLCAP_250,2025-10-14,10,0.006345873934080362,0.01559575809211251,0.9721873346236816,0.005284136698019328,0.0005868966521061344
NIFTY_SMALLCAP_250,2025-10-15,10,0.0008758473342470633,0.004806618274291233,0.9923881786091816,0.001773618606348806,0.00015573717593144503
NIFTY_SMALLCAP_250,2025-10-16,10,0.0011535447927258752,0.0038248575044336113,0.9936453430450921,0.0012039569933559797,0.00017229766439227096
NIFTY_SMALLCAP_250,2025-10-17,10,0.0018836036925968342,0.005372166064219341,0.9908359671778036,0.001734058173833465,0.00017420489154695558
NIFTY_SMALLCAP_250,2025-10-20,10,0.002970460583617711,0.00566159567920477,0.9895306647558821,0.001668123151356257,0.0001691558299390684
NIFTY_SMALLCAP_250,2025-10-21,10,0.006960778746306069,0.002185529997185122,0.9879000147722585,0.0025966043965098507,0.0003570720877404956
NIFTY_SMALLCAP_250,2025-10-23,10,0.004298358603696894,0.008930313522984661,0.9841493113114406,0.0018272486890322291,0.0007947678728455759
NIFTY_SMALLCAP_250,2025-10-27,10,0.0007533794901106998,0.005396907959200455,0.989952625594158,0.002765463800033273,0.001131623156497671
NIFTY_SMALLCAP_250,2025-10-28,10,0.0009589495353816942,0.006258910885884994,0.9885066773114168,0.0028005562143425325,0.0014749060529738063
NIFTY_SMALLCAP_250,2025-10-29,10,0.00018125245453375817,0.005569668352802597,0.9908266858473762,0.0025505265522782574,0.0008718667930089193
NIFTY_SMALLCAP_250,2025-10-30,10,0.00020075746925203098,0.008733854678926987,0.9865720214263312,0.003300440223869549,0.0011929262016201897
NIFTY_SMALLCAP_250,2025-10-31,10,0.00014640709666729205,0.0037502401762721745,0.9928326425602729,0.0025256970781821052,0.0007450130886055138
NIFTY_SMALLCAP_250,2025-11-03,10,0.000188514410396191,0.007930835082636445,0.9877912547834163,0.003341331690590619,0.0007480640329606621
NIFTY_SMALLCAP_250,2025-11-04,10,0.0009056962125172309,0.014592386899438446,0.9810043819859342,0.003104582945943456,0.00039295195616647385
NIFTY_SMALLCAP_250,2025-11-06,10,0.0009272049259407745,0.009702012512813447,0.9874684244129345,0.0016225618586371974,0.0002797962896739398
NIFTY_SMALLCAP_250,2025-11-07,10,0.002394891802807245,0.026261337445117397,0.9693299455792647,0.0014293916679607368,0.0005844335048498685
NIFTY_SMALLCAP_250,2025-11-10,10,0.0005209326413643012,0.008913275672840002,0.9895139269262694,0.0008203988051364075,0.0002314659543899243
NIFTY_SMALLCAP_250,2025-11-11,10,0.000509913337107172,0.016321896373498228,0.9821472913011655,0.0007927396007956853,0.00022815938743342233
NIFTY_SMALLCAP_250,2025-11-12,10,0.000903261550259149,0.009125648577631923,0.9887919706393204,0.0009402052074039666,0.00023891402538455406
NIFTY_SMALLCAP_250,2025-11-13,10,0.00039213476704655863,0.016065655442892787,0.9827130555073299,0.0006351293541842424,0.00019402492854633506
NIFTY_SMALLCAP_250,2025-11-14,10,0.000719273051177694,0.01878083799043456,0.9796345105280791,0.0006490470441054793,0.0002163313862031759
NIFTY_SMALLCAP_250,2025-11-17,10,0.00207957825509046,0.023122556205948597,0.9735787203321977,0.0009263440854977193,0.0002928011212654007
NIFTY_SMALLCAP_250,2025-11-18,10,0.0006001348962549747,0.025729003209617157,0.9725950942326494,0.0008241718187838084,0.00025159584269457386
NIFTY_SMALLCAP_250,2025-11-19,10,0.000895467988082829,0.02304162945061792,0.9749711266782609,0.000806472242212163,0.00028530364082630846
NIFTY_SMALLCAP_250,2025-11-20,10,0.001056156102120248,0.023245361347346782,0.974356971136889,0.0010192428358278978,0.00032226857781614
NIFTY_SMALLCAP_250,2025-11-21,10,0.003228759561246972,0.9353281731294799,0.06078151812771335,0.0004728714797610015,0.0001886777017988024
NIFTY_SMALLCAP_250,2025-11-24,10,0.001946849832711742,0.9362050553329683,0.06110874344303707,0.0005255392900805932,0.0002138121012023556
NIFTY_SMALLCAP_250,2025-11-25,10,0.0018657085257301803,0.9594611028496067,0.03801796606533369,0.00046831627203478135,0.00018690628729460965
NIFTY_SMALLCAP_250,2025-11-26,10,0.0009389302383860391,0.9393060298198053,0.05870540354786538,0.0008077002163573741,0.00024193617758602235
NIFTY_SMALLCAP_250,2025-11-27,10,0.0008226484468614792,0.9509000993335112,0.04763272377935475,0.00047331694705104625,0.000171211493221657
NIFTY_SMALLCAP_250,2025-11-28,10,0.0005160870798573532,0.9646145015365604,0.03436855516619117,0.00035600659701912605,0.00014484962037170557
NIFTY_SMALLCAP_250,2025-12-01,10,0.0014019323743353683,0.955330908377269,0.04260330922193682,0.0004989496589460281,0.0001649003675126694
NIFTY_SMALLCAP_250,2025-12-02,10,0.0006808117111325195,0.9449168599760558,0.053722239408841056,0.0005184782976938786,0.00016161060627660582
NIFTY_SMALLCAP_250,2025-12-03,10,0.006505974522282348,0.11491449136071019,0.8766223930612111,0.0015152465796089193,0.0004418944761874201
NIFTY_SMALLCAP_250,2025-12-04,10,0.006453276001633497,0.08014979026135173,0.9105194916193868,0.0023291932991997663,0.00054824881842822
NIFTY_SMALLCAP_250,2025-12-05,10,0.004860305493948927,0.1005504154319975,0.8919556445711201,0.0021485683380857,0.0004850661648478726
NIFTY_SMALLCAP_250,2025-12-10,10,0.007919114356343399,0.11913791476600155,0.869987651936021,0.0020816028174383302,0.0008737161241957706
NIFTY_SMALLCAP_250,2025-12-11,10,0.002496489463426854,0.9274576792200478,0.06832696331422536,0.001180947183202846,0.0005379208190971434
NIFTY_SMALLCAP_250,2025-12-12,10,0.0020535841384271467,0.9295559305774405,0.06688600133312807,0.001026915988161091,0.0004775679628434082
NIFTY_SMALLCAP_250,2025-12-15,10,0.0022629922914839022,0.9257550169848463,0.0700319499195294,0.0014905680125992845,0.0004594727915411403
NIFTY_SMALLCAP_250,2025-12-16,10,0.0020347657243009864,0.963208949962185,0.03330481293994302,0.0010774802936220384,0.00037399107994891533
NIFTY_SMALLCAP_250,2025-12-17,10,0.0017091460387219897,0.9692522129987531,0.027540349468668446,0.00109782788591246,0.00040046360794398545
NIFTY_SMALLCAP_250,2025-12-18,10,0.0013668284487160804,0.9545964430252621,0.04243177514375289,0.0011611826362784457,0.0004437707459903777
NIFTY_SMALLCAP_250,2025-12-22,10,0.0016793868175649285,0.9007393512714825,0.08901181988844549,0.00807877665898943,0.0004906653635176981
NIFTY_SMALLCAP_250,2025-12-23,10,0.006562648084139525,0.2693292609333738,0.7173917380290447,0.005641978773964332,0.0010743741794776327
NIFTY_SMALLCAP_250,2025-12-24,10,0.0028904600599344,0.9236429259199099,0.07114014304093459,0.001941995389661091,0.0003844755895601014
NIFTY_SMALLCAP_250,2025-12-26,10,0.0017709983624282952,0.9612207325031074,0.034742982198350106,0.001943489027594165,0.00032179790851991964
NIFTY_SMALLCAP_250,2025-12-29,10,0.0028493878888837996,0.9642398060931835,0.03076384154777737,0.001835383376511991,0.000311581093643256
NIFTY_SMALLCAP_250,2025-12-30,10,0.00335057650035725,0.9592952769399676,0.03562023853671933,0.0013692100412982988,0.00036469798165748233
NIFTY_SMALLCAP_250,2025-12-31,10,0.002645600604254263,0.9534656882988952,0.0416653441141754,0.0019164851254538356,0.000306881857221216
NIFTY_SMALLCAP_250,2026-01-01,10,0.004803653714229817,0.9736027510585685,0.020370972334936906,0.0010268614976594026,0.00019576139460559478
NIFTY_SMALLCAP_250,2026-01-02,10,0.002994701149781926,0.9690512330437451,0.026323459048397113,0.001382578672542196,0.0002480280855336745
NIFTY_SMALLCAP_250,2026-01-05,10,0.0074113242786569885,0.9602917852624785,0.029981325212273223,0.0019889072069443686,0.0003266580396468831
NIFTY_SMALLCAP_250,2026-01-06,10,0.008919976585871722,0.9499315190140983,0.03880957378152587,0.001987171923838958,0.0003517586946653386
NIFTY_SMALLCAP_250,2026-01-07,10,0.9467039285107045,0.008077719025008067,0.044589247378234824,0.0004949369473584125,0.00013416813869414614
NIFTY_SMALLCAP_250,2026-01-08,10,0.9495494331283941,0.028626707661051888,0.02127708796658211,0.00043511749141351513,0.00011165375255818174
NIFTY_SMALLCAP_250,2026-01-09,10,0.015252215919902733,0.9411606249277158,0.04141697022810278,0.0017898828336177955,0.00038030609066097337
NIFTY_SMALLCAP_250,2026-01-12,10,0.007331126316265012,0.9489568942158362,0.041939865521391916,0.001357495494666838,0.0004146184518402153
NIFTY_SMALLCAP_250,2026-01-13,10,0.0025389559382581047,0.9426530211991729,0.0535482323376807,0.0009432672753036331,0.0003165232495845971
NIFTY_SMALLCAP_250,2026-01-14,10,0.0031058268146885253,0.8674868785311919,0.12737270696533,0.0015948711856512896,0.00043971650313842756
NIFTY_SMALLCAP_250,2026-01-15,10,0.0071399245214169346,0.15254714160968372,0.837584643184968,0.0020729920375364697,0.0006552986463949119
NIFTY_SMALLCAP_250,2026-01-16,10,0.014504752843477796,0.16583151269627874,0.8160266230321992,0.0028246771895146052,0.0008124342385297759
NIFTY_SMALLCAP_250,2026-01-19,10,0.0038560086899157124,0.8677600949160459,0.1269232017322996,0.001046824817503177,0.0004138698442356936
NIFTY_SMALLCAP_250,2026-01-22,10,0.008845983819898718,0.9137148991383307,0.0746467969997656,0.002175820475692968,0.0006164995663121249
NIFTY_SMALLCAP_250,2026-01-23,10,0.014041943247649305,0.058593985090712064,0.9251201875412255,0.00176506660125691,0.0004788175191562729
NIFTY_SMALLCAP_250,2026-01-27,10,0.007106424812771615,0.06387755659899902,0.9270491299498412,0.0014225083260203104,0.0005443803123677532
NIFTY_SMALLCAP_250,2026-01-28,10,0.004081591871063528,0.16065847412719353,0.8322186245755681,0.002392662270386552,0.0006486471557883627
NIFTY_SMALLCAP_250,2026-01-29,10,0.005900557276084123,0.18496583764510607,0.8064968022138477,0.00192729049288849,0.0007095123720736357
NIFTY_SMALLCAP_250,2026-01-30,10,0.0036447971946436245,0.8326420547346404,0.16203965185893207,0.0011989872070609893,0.0004745090047230012
NIFTY_SMALLCAP_250,2026-02-02,10,0.003769652090027071,0.8964003094179157,0.0982178287124062,0.0012065098555240372,0.0004056999241269732
NIFTY_SMALLCAP_250,2026-02-03,10,0.0012247180692561413,0.9146687822579075,0.08201140395163904,0.0016547910606830854,0.00044030466051426533
NIFTY_SMALLCAP_250,2026-02-04,10,0.0017211219193753625,0.21957667802449815,0.7740907127606669,0.003997649109920699,0.0006138381855386402
NIFTY_SMALLCAP_250,2026-02-05,10,0.002322198422926651,0.9452804783704153,0.05096436333229679,0.0011232499885072318,0.00030970988585401956
NIFTY_SMALLCAP_250,2026-02-06,10,0.00300793164093757,0.9321524541377938,0.06343170026841334,0.0010586169739895054,0.0003492969788660519
NIFTY_SMALLCAP_250,2026-02-09,10,0.0012141489561809675,0.9421699802381319,0.054602575205108445,0.0016580302390169035,0.00035526536156176627
NIFTY_SMALLCAP_250,2026-02-10,10,0.0006213279542654711,0.9601498412637589,0.03795998313124947,0.0009455630707365514,0.00032328457998965316
NIFTY_SMALLCAP_250,2026-02-11,10,0.0015298873662011486,0.9358712616531804,0.06070229906274424,0.0013936993440282312,0.0005028525738460354
NIFTY_SMALLCAP_250,2026-02-12,10,0.004684911336592259,0.9601087990948398,0.03361271681910055,0.0012847599047793616,0.00030881284468790415
NIFTY_SMALLCAP_250,2026-02-13,10,0.010695697380272103,0.9460015061852235,0.04168900596177589,0.0012008038077513847,0.0004129866649771071
NIFTY_SMALLCAP_250,2026-02-16,10,0.004324059086823623,0.9556613046168889,0.037098752452263795,0.0026072769772451394,0.00030860686677858685
NIFTY_SMALLCAP_250,2026-02-17,10,0.0036778569982361836,0.9656298277854352,0.02892709756814934,0.0015333640213141043,0.00023185362686532258
NIFTY_SMALLCAP_250,2026-02-18,10,0.004288032621496652,0.9601967430921385,0.03261336759343222,0.002682753802938134,0.00021910288999448682
NIFTY_SMALLCAP_250,2026-02-19,10,0.006454749738830536,0.9636466007436765,0.027545194001995905,0.002108147393668946,0.00024530812182839965
NIFTY_SMALLCAP_250,2026-02-20,10,0.008209901251282714,0.9454011726189702,0.043587295882144377,0.0024215530412315376,0.0003800772063713371
NIFTY_SMALLCAP_250,2026-02-23,10,0.9581936597511815,0.021568889138238283,0.0193596486053897,0.0006957044615797509,0.0001820980436107556
NIFTY_SMALLCAP_250,2026-02-24,10,0.985078834788696,0.006358706569930902,0.00808501446195917,0.0004091231605976409,6.832101881629119e-05
NIFTY_SMALLCAP_250,2026-02-25,10,0.9855179429734626,0.004843158964012836,0.009297832811333043,0.0002817416608061278,5.9323590385358976e-05
NIFTY_SMALLCAP_250,2026-02-26,10,0.9889871134995273,0.0032587700411818663,0.007352293700709037,0.00034739610522398836,5.442665335785325e-05
NIFTY_SMALLCAP_250,2026-02-27,10,0.9896670911647868,0.004776265454172241,0.0052680362188196874,0.0002374966143668065,5.111054785464279e-05
NIFTY_SMALLCAP_250,2026-03-02,10,0.981734778039517,0.008269868376009206,0.009436701752590882,0.0004632652715889712,9.53865602939225e-05
NIFTY_SMALLCAP_250,2026-03-05,10,0.9893557401885328,0.002161415416713401,0.008191862735184175,0.00024178074160011254,4.9200917969473455e-05
NIFTY_SMALLCAP_250,2026-03-10,10,0.976632341958928,0.0042421763311479,0.018591922942594655,0.0004429755299159552,9.058323741361192e-05
NIFTY_SMALLCAP_250,2026-03-11,10,0.9744059580394618,0.006875626380291396,0.01793392271865689,0.0006743876826533404,0.0001101051789366003
NIFTY_SMALLCAP_250,2026-03-12,10,0.9829783116862595,0.004870826849147328,0.011249148213402898,0.0008036573616929799,9.8055889497349e-05
NIFTY_SMALLCAP_250,2026-03-17,10,0.9676444385115833,0.002408114712298563,0.02973930185344253,0.00014001743015396948,6.812749252163716e-05
NIFTY_SMALLCAP_250,2026-03-18,10,0.9685888980165148,0.007412793186870778,0.02272175324713797,0.0011474457971104154,0.00012910975236592813
NIFTY_SMALLCAP_250,2026-03-19,10,0.015839914398716792,0.0076311703840668856,0.9750421482556947,0.0010893378798169126,0.000397429081704536
NIFTY_SMALLCAP_250,2026-03-20,10,0.011789898819160906,0.007732498472436081,0.9777070489949689,0.0024732178714601183,0.0002973358419742113
NIFTY_SMALLCAP_250,2026-03-24,10,0.0071459579840668,0.006337830194534611,0.9842389000599718,0.0020717288895200736,0.00020558287190663036
NIFTY_SMALLCAP_250,2026-03-25,10,0.017552383861376333,0.025446315194395063,0.8973817556406901,0.05864151790177406,0.0009780274017645765
NIFTY_SMALLCAP_250,2026-03-27,10,0.004587304755837637,0.00445713781714141,0.9869596112591192,0.0038062401899564688,0.00018970597794518038
NIFTY_SMALLCAP_250,2026-03-30,10,0.01749512827773764,0.03180377369058647,0.9217952128535227,0.02781925663884865,0.0010866285393046251
NIFTY_SMALLCAP_250,2026-04-01,10,0.0017932354107471184,0.004392475977976072,0.033026739225751146,0.9606641514607495,0.00012339792477620345
NIFTY_SMALLCAP_250,2026-04-02,10,0.00290487516143383,0.002836060541229259,0.022933190648740547,0.9712244112533132,0.00010146239528323335
NIFTY_SMALLCAP_250,2026-04-06,10,0.004072447256672295,0.006921444766475759,0.0280548931469209,0.9607027045298681,0.0002485103000629755
NIFTY_SMALLCAP_250,2026-04-07,10,0.0055548528261128455,0.018055734155808405,0.021491219910088767,0.9546490132241023,0.00024917988388752094
NIFTY_SMALLCAP_250,2026-04-08,10,0.005428974929583772,0.026698612843732136,0.05292601590218433,0.9141593558575385,0.0007870404669613535
NIFTY_SMALLCAP_250,2026-04-09,10,0.008526410459476452,0.0446361554899279,0.8196777925539213,0.12302144988656355,0.004138191610110871
NIFTY_SMALLCAP_250,2026-04-10,10,0.006411594334160338,0.007855750048882346,0.021024048524394157,0.9632661601139447,0.0014424469786184998
NIFTY_SMALLCAP_250,2026-04-13,10,0.004284194062494025,0.02777050027091944,0.05168348309060212,0.9159469531696073,0.0003148694063772098
NIFTY_SMALLCAP_250,2026-04-15,10,0.00016410213678685177,0.007362665723918595,0.01652289453606403,0.9746143721577241,0.0013359654455064047
NIFTY_SMALLCAP_250,2026-04-16,10,0.00015030078833879715,0.0036643781343174663,0.012215071799854727,0.9828378134240264,0.0011324358534625387
NIFTY_SMALLCAP_250,2026-04-17,10,0.00015517794118984776,0.0030707212070983122,0.011433300974862441,0.9844283777566811,0.0009124221201681777
NIFTY_SMALLCAP_250,2026-04-20,10,0.000151042432701158,0.004081271030402378,0.01690313438874344,0.9781260588294953,0.0007384933186578089
NIFTY_SMALLCAP_250,2026-04-21,10,0.000129603782001735,0.0039466537317653285,0.013823424858150373,0.9814417830546768,0.0006585345734059526
NIFTY_SMALLCAP_250,2026-04-22,10,0.00011427316007026169,0.0018837534596109562,0.01087305592918881,0.9863216927720934,0.0008072246790365886
NIFTY_SMALLCAP_250,2026-04-23,10,0.0001351769023166341,0.0021962900541175555,0.018522900289440817,0.977636444455165,0.0015091882989598689
NIFTY_SMALLCAP_250,2026-04-24,10,0.00010562622200106543,0.0006332603606824134,0.03698408329872819,0.9598066516926889,0.002470378425899414
NIFTY_SMALLCAP_250,2026-04-27,10,8.338230405804901e-05,0.0008235494959014604,0.012882519749162368,0.9855927262402847,0.0006178222105935189
NIFTY_SMALLCAP_250,2026-04-28,10,8.331816036442963e-05,0.0007199632247898113,0.00961129290074886,0.9887613378700738,0.0008240878440231467
NIFTY_SMALLCAP_250,2026-04-29,10,7.395128248119857e-05,0.0008495660326008847,0.0073021296451621425,0.991268775621828,0.0005055774179278534
NIFTY_SMALLCAP_250,2026-04-30,10,4.631765643857001e-05,0.00037289758036735017,0.009125590608578933,0.9900291334969746,0.0004260606576404945
NIFTY_SMALLCAP_250,2026-05-01,10,9.446054405677604e-05,0.0007365766914616876,0.03300277601783317,0.9651537939901338,0.0010123927565146404
NIFTY_SMALLCAP_250,2026-05-04,10,4.9087147885463566e-05,0.000429979211131099,0.0057170248897657205,0.9934120929019725,0.00039181584924523496
NIFTY_SMALLCAP_250,2026-05-05,10,4.301904127023373e-05,0.0004456754655924946,0.005052045248571718,0.9941144994960502,0.0003447607485154675
NIFTY_SMALLCAP_250,2026-05-06,10,5.358802855693619e-05,0.0008913970682977249,0.00412163943513357,0.9944384001394326,0.0004949753285792465
NIFTY_SMALLCAP_250,2026-05-07,10,8.252510183154962e-05,0.0015525114569105586,0.007526008040789732,0.989203038812365,0.0016359165881029605
NIFTY_SMALLCAP_250,2026-05-08,10,9.789999750295524e-05,0.0005157483049980559,0.008912798692690497,0.9889113275363164,0.0015622254684919238
NIFTY_SMALLCAP_250,2026-05-11,10,0.00010355191340777277,0.0005464198866731535,0.019554352722848993,0.9775536225412805,0.002242052935789717
NIFTY_SMALLCAP_250,2026-05-12,10,6.555661596989943e-05,0.00027614421781099795,0.004295131025843518,0.9885957307661912,0.006767437374184466
NIFTY_SMALLCAP_250,2026-05-13,10,0.00013758937378765035,0.0005855553736283769,0.009708334469392035,0.97671639835826,0.01285212242493209
NIFTY_SMALLCAP_250,2026-05-14,10,0.00014793250821230222,0.0007287232478584563,0.011283784162369153,0.9659382756088838,0.021901284472676457
NIFTY_SMALLCAP_250,2026-05-15,10,5.945937998400801e-05,0.0002815435899579582,0.0038741106312582124,0.04842794374111915,0.9473569426576807
NIFTY_SMALLCAP_250,2026-05-18,10,6.041829446148627e-05,0.00048260025860912394,0.0038236829835369274,0.015876391262834914,0.9797569072005576
NIFTY_SMALLCAP_250,2026-05-19,10,5.2712997901058443e-05,0.0006555855884475547,0.003186393605603164,0.029340925660734256,0.966764382147314
NIFTY_SMALLCAP_250,2026-05-20,10,5.544339890778787e-05,0.0006916403771984837,0.006713087320349185,0.018666879149903615,0.9738729497536409
NIFTY_SMALLCAP_250,2026-05-21,10,7.600720787132872e-05,0.0002843757329074407,0.004947759276720193,0.037015508435968174,0.9576763493465328
NIFTY_SMALLCAP_250,2026-05-22,10,0.00026246726447065437,0.001833843435092504,0.02081917117704954,0.9718632610293455,0.005221257094041909
NIFTY_SMALLCAP_250,2026-05-25,10,0.00026721520008614287,0.0013731308389978581,0.031146470742421935,0.9658125087907968,0.0014006744276973027
NIFTY_SMALLCAP_250,2026-05-26,10,0.00035554148680161103,0.002094243950357867,0.05727182407744717,0.9375415205428419,0.002736869942551484
NIFTY_SMALLCAP_250,2026-05-27,10,0.00023757690836012004,0.0010192464555030427,0.060501327201242835,0.9364821984726013,0.0017596509622928053
NIFTY_SMALLCAP_250,2026-05-28,10,0.000540188942243908,0.002931670907573174,0.8905595399651337,0.10350385041625482,0.002464749768794476
NIFTY_SMALLCAP_250,2026-05-29,10,0.00013666645746900354,0.0018140923860029943,0.022445454061026555,0.9748988717767768,0.0007049153187244954
NIFTY_SMALLCAP_250,2026-06-01,10,0.00016593374936214734,0.0036716255894900665,0.025816445478773445,0.9691619348625334,0.0011840603198407598
NIFTY_SMALLCAP_250,2026-06-02,10,0.00015046749980651185,0.002767379955265061,0.034873296078825514,0.9616053592802646,0.0006034971858384251
NIFTY_SMALLCAP_250,2026-06-03,10,0.00014588092622069832,0.0041065220581647365,0.033311844076299765,0.9618174240277172,0.0006183289115977282
NIFTY_SMALLCAP_250,2026-06-04,10,0.00012154320619879628,0.00195180936595252,0.027026584508373343,0.9705990075193265,0.00030105540014882065
NIFTY_SMALLCAP_250,2026-06-05,10,0.0002051946647506406,0.008412730907050803,0.043526066338685165,0.9472268187021949,0.0006291893873185914
